super_epoch,variant_order,variant_epochs_cumulative,optimizer_steps_cumulative,updates_per_super_epoch,mean_train_loss,validation_check,validation_checks_cumulative,mean_val_filtered_MRR,best_mean_val_filtered_MRR,cycle_seconds,batches_no_changes,train_loss_no_changes,batches_all_inverse_edges,train_loss_all_inverse_edges,batches_universal_edges,train_loss_universal_edges,val_raw_MRR_no_changes,val_filtered_MRR_no_changes,val_Hits@1_no_changes,val_Hits@3_no_changes,val_Hits@10_no_changes,val_accuracy_no_changes,val_precision_no_changes,val_recall_no_changes,val_macro_f1_no_changes,val_raw_MRR_all_inverse_edges,val_filtered_MRR_all_inverse_edges,val_Hits@1_all_inverse_edges,val_Hits@3_all_inverse_edges,val_Hits@10_all_inverse_edges,val_accuracy_all_inverse_edges,val_precision_all_inverse_edges,val_recall_all_inverse_edges,val_macro_f1_all_inverse_edges,val_raw_MRR_universal_edges,val_filtered_MRR_universal_edges,val_Hits@1_universal_edges,val_Hits@3_universal_edges,val_Hits@10_universal_edges,val_accuracy_universal_edges,val_precision_universal_edges,val_recall_universal_edges,val_macro_f1_universal_edges
1,"all_inverse_edges,no_changes,universal_edges",3,3,3,0.6931447585423788,0,0,,,4.748536583967507,1,0.6931420564651489,1,0.6931471824645996,1,0.6931450366973877,,,,,,,,,,,,,,,,,,,,,,,,,,,
2,"all_inverse_edges,no_changes,universal_edges",6,6,3,0.6931433280309042,0,0,,,4.678942626807839,1,0.6931405663490295,1,0.6931365728378296,1,0.6931528449058533,,,,,,,,,,,,,,,,,,,,,,,,,,,
3,"no_changes,all_inverse_edges,universal_edges",9,9,3,0.6931810180346171,0,0,,,4.674950184067711,1,0.6931877136230469,1,0.6931917667388916,1,0.6931635737419128,,,,,,,,,,,,,,,,,,,,,,,,,,,
4,"universal_edges,all_inverse_edges,no_changes",12,12,3,0.6931603749593099,0,0,,,4.682502602925524,1,0.6931780576705933,1,0.6931467056274414,1,0.693156361579895,,,,,,,,,,,,,,,,,,,,,,,,,,,
5,"universal_edges,all_inverse_edges,no_changes",15,15,3,0.6931366920471191,0,0,,,4.685775296995416,1,0.6931247115135193,1,0.6931456327438354,1,0.6931397318840027,,,,,,,,,,,,,,,,,,,,,,,,,,,
6,"no_changes,universal_edges,all_inverse_edges",18,18,3,0.6930922269821167,0,0,,,4.671559619950131,1,0.6930937170982361,1,0.6930446624755859,1,0.6931383013725281,,,,,,,,,,,,,,,,,,,,,,,,,,,
7,"all_inverse_edges,universal_edges,no_changes",21,21,3,0.6929370562235514,0,0,,,4.6791038969531655,1,0.6925707459449768,1,0.6931396722793579,1,0.6931007504463196,,,,,,,,,,,,,,,,,,,,,,,,,,,
8,"universal_edges,no_changes,all_inverse_edges",24,24,3,0.6899189750353495,0,0,,,4.704859225079417,1,0.6899121999740601,1,0.6870045065879822,1,0.6928402185440063,,,,,,,,,,,,,,,,,,,,,,,,,,,
9,"universal_edges,all_inverse_edges,no_changes",27,27,3,0.6632726192474365,0,0,,,4.681328953010961,1,0.6496232748031616,1,0.6522437334060669,1,0.687950849533081,,,,,,,,,,,,,,,,,,,,,,,,,,,
10,"universal_edges,all_inverse_edges,no_changes",30,30,3,0.6192270318667094,1,1,0.004641334836681684,0.004641334836681684,20.28418186493218,1,0.5965126156806946,1,0.6105302572250366,1,0.650638222694397,0.004253883846104145,0.00425999891012907,0.0011535926170072512,0.003131179960448253,0.011865524060646011,0.5649889487766102,0.5136086793120325,0.6749439683586025,0.39143052339756007,0.004521137103438377,0.004526393488049507,0.0011535926170072512,0.0032959789057350032,0.011865524060646011,0.5828066229787894,0.513628529869784,0.6735332893869479,0.3993183917821973,0.0051336875185370445,0.005137612111866474,0.0013183915622940012,0.0042847725774555045,0.013678312458800263,0.5880672638204919,0.5141487327013942,0.6796077785102176,0.4021238539570212
11,"universal_edges,no_changes,all_inverse_edges",33,33,3,0.5834697484970093,0,1,,0.004641334836681684,4.677694829879329,1,0.5721205472946167,1,0.5686166286468506,1,0.6096720695495605,,,,,,,,,,,,,,,,,,,,,,,,,,,
12,"no_changes,universal_edges,all_inverse_edges",36,36,3,0.5898774663607279,0,1,,0.004641334836681684,4.685491832904518,1,0.5611752271652222,1,0.5243020057678223,1,0.6841551661491394,,,,,,,,,,,,,,,,,,,,,,,,,,,
13,"universal_edges,no_changes,all_inverse_edges",39,39,3,0.5642090141773224,0,1,,0.004641334836681684,4.684326566988602,1,0.5289708971977234,1,0.49723920226097107,1,0.6664169430732727,,,,,,,,,,,,,,,,,,,,,,,,,,,
14,"no_changes,universal_edges,all_inverse_edges",42,42,3,0.5908581813176473,0,1,,0.004641334836681684,4.688574272906408,1,0.4968412518501282,1,0.6367848515510559,1,0.6389484405517578,,,,,,,,,,,,,,,,,,,,,,,,,,,
15,"no_changes,universal_edges,all_inverse_edges",45,45,3,0.6012609998385111,0,1,,0.004641334836681684,4.683711325051263,1,0.5337005257606506,1,0.5055451393127441,1,0.7645373344421387,,,,,,,,,,,,,,,,,,,,,,,,,,,
16,"all_inverse_edges,universal_edges,no_changes",48,48,3,0.5284228920936584,0,1,,0.004641334836681684,4.680541589856148,1,0.5387372374534607,1,0.4809138774871826,1,0.565617561340332,,,,,,,,,,,,,,,,,,,,,,,,,,,
17,"no_changes,universal_edges,all_inverse_edges",51,51,3,0.5518219868342081,0,1,,0.004641334836681684,4.683352803112939,1,0.4980478286743164,1,0.5015454292297363,1,0.6558727025985718,,,,,,,,,,,,,,,,,,,,,,,,,,,
18,"all_inverse_edges,universal_edges,no_changes",54,54,3,0.5113882422447205,0,1,,0.004641334836681684,4.680150833912194,1,0.4852374494075775,1,0.4849275052547455,1,0.5639997720718384,,,,,,,,,,,,,,,,,,,,,,,,,,,
19,"universal_edges,no_changes,all_inverse_edges",57,57,3,0.4958474536736806,0,1,,0.004641334836681684,4.686810221057385,1,0.4739021062850952,1,0.4759909212589264,1,0.5376493334770203,,,,,,,,,,,,,,,,,,,,,,,,,,,
20,"no_changes,universal_edges,all_inverse_edges",60,60,3,0.533033013343811,1,2,0.0035520795111854873,0.004641334836681684,20.23955095303245,1,0.6556454300880432,1,0.4256150722503662,1,0.5178385376930237,0.002976024057716131,0.0029851077124476433,0.0008239947264337508,0.0014831905075807514,0.003955174686882004,0.7588054338413018,0.5243212531871428,0.7369676994067238,0.482345216824706,0.004496502224355936,0.004509998485445976,0.0013183915622940012,0.0023071852340145024,0.0077455504284772575,0.7638463427559554,0.5258931622592525,0.749390243902439,0.48629153464672653,0.0031435403507202864,0.003161132335662842,0.0008239947264337508,0.0016479894528675016,0.005273566249176005,0.7535641811108095,0.5248045919809687,0.7455998681608438,0.4810591756958391
21,"all_inverse_edges,universal_edges,no_changes",63,63,3,0.44288602471351624,0,2,,0.004641334836681684,4.692234442802146,1,0.42216232419013977,1,0.4154788553714752,1,0.4910168945789337,,,,,,,,,,,,,,,,,,,,,,,,,,,
22,"universal_edges,no_changes,all_inverse_edges",66,66,3,0.4966519276301066,0,2,,0.004641334836681684,4.68460258981213,1,0.6193135976791382,1,0.39676663279533386,1,0.4738755524158478,,,,,,,,,,,,,,,,,,,,,,,,,,,
23,"universal_edges,no_changes,all_inverse_edges",69,69,3,0.46759238839149475,0,2,,0.004641334836681684,4.678737698821351,1,0.5695844888687134,1,0.38466235995292664,1,0.44853031635284424,,,,,,,,,,,,,,,,,,,,,,,,,,,
24,"no_changes,universal_edges,all_inverse_edges",72,72,3,0.4306374788284302,0,2,,0.004641334836681684,4.69189413683489,1,0.419023722410202,1,0.36237600445747375,1,0.5105127096176147,,,,,,,,,,,,,,,,,,,,,,,,,,,
25,"universal_edges,no_changes,all_inverse_edges",75,75,3,0.4728739857673645,0,2,,0.004641334836681684,4.674883313942701,1,0.5757164359092712,1,0.3861064612865448,1,0.45679906010627747,,,,,,,,,,,,,,,,,,,,,,,,,,,
26,"universal_edges,no_changes,all_inverse_edges",78,78,3,0.45660829544067383,0,2,,0.004641334836681684,4.672309644985944,1,0.5502809882164001,1,0.3417774736881256,1,0.4777664244174957,,,,,,,,,,,,,,,,,,,,,,,,,,,
27,"all_inverse_edges,no_changes,universal_edges",81,81,3,0.39191022515296936,0,2,,0.004641334836681684,4.672491280129179,1,0.3572666049003601,1,0.32951804995536804,1,0.48894602060317993,,,,,,,,,,,,,,,,,,,,,,,,,,,
28,"all_inverse_edges,no_changes,universal_edges",84,84,3,0.4498654901981354,0,2,,0.004641334836681684,4.678689291933551,1,0.5556661486625671,1,0.3439079225063324,1,0.4500223994255066,,,,,,,,,,,,,,,,,,,,,,,,,,,
29,"no_changes,universal_edges,all_inverse_edges",87,87,3,0.4330753684043884,0,2,,0.004641334836681684,4.679338878020644,1,0.3787578344345093,1,0.4891873002052307,1,0.4312809705734253,,,,,,,,,,,,,,,,,,,,,,,,,,,
30,"no_changes,universal_edges,all_inverse_edges",90,90,3,0.4306005934874217,1,3,0.0070563376260300474,0.0070563376260300474,20.256210027029738,1,0.5354140400886536,1,0.3433576822280884,1,0.41303005814552307,0.006200689822435379,0.006213719956576824,0.0011535926170072512,0.004119973632168754,0.01021753460777851,0.8772861814468701,0.5440593948498851,0.7554021094264998,0.5505143329764852,0.00892328005284071,0.008951330557465553,0.001977587343441002,0.005603164139749505,0.015161502966381015,0.885028500523479,0.5500786972041494,0.778085036255768,0.5617202412512546,0.0059632593765854836,0.006003962364047766,0.000988793671720501,0.003131179960448253,0.009393539881344759,0.8818682383962154,0.5481215236641642,0.7725972313777192,0.5579100373171012
31,"no_changes,all_inverse_edges,universal_edges",93,93,3,0.3999427656332652,0,3,,0.0070563376260300474,4.678982659941539,1,0.3513665795326233,1,0.44524478912353516,1,0.4032169282436371,,,,,,,,,,,,,,,,,,,,,,,,,,,
32,"all_inverse_edges,no_changes,universal_edges",96,96,3,0.3852251370747884,0,3,,0.0070563376260300474,4.680611026007682,1,0.32483047246932983,1,0.30842524766921997,1,0.5224196910858154,,,,,,,,,,,,,,,,,,,,,,,,,,,
33,"all_inverse_edges,no_changes,universal_edges",99,99,3,0.33893513679504395,0,3,,0.0070563376260300474,4.682837425032631,1,0.29038533568382263,1,0.32777947187423706,1,0.39864060282707214,,,,,,,,,,,,,,,,,,,,,,,,,,,
34,"no_changes,all_inverse_edges,universal_edges",102,102,3,0.30934955676396686,0,3,,0.0070563376260300474,4.678389659849927,1,0.28099772334098816,1,0.2751425504684448,1,0.37190839648246765,,,,,,,,,,,,,,,,,,,,,,,,,,,
35,"all_inverse_edges,no_changes,universal_edges",105,105,3,0.3936935067176819,0,3,,0.0070563376260300474,4.685381766874343,1,0.5729655027389526,1,0.2531053423881531,1,0.35500967502593994,,,,,,,,,,,,,,,,,,,,,,,,,,,
36,"all_inverse_edges,no_changes,universal_edges",108,108,3,0.3917069335778554,0,3,,0.0070563376260300474,4.680624249856919,1,0.2914186418056488,1,0.4172097146511078,1,0.4664924442768097,,,,,,,,,,,,,,,,,,,,,,,,,,,
37,"universal_edges,no_changes,all_inverse_edges",111,111,3,0.3659631808598836,0,3,,0.0070563376260300474,4.682976610027254,1,0.49541258811950684,1,0.2500203549861908,1,0.35245659947395325,,,,,,,,,,,,,,,,,,,,,,,,,,,
38,"all_inverse_edges,no_changes,universal_edges",114,114,3,0.30312180519104004,0,3,,0.0070563376260300474,4.673876073909923,1,0.2547580897808075,1,0.23392757773399353,1,0.4206797480583191,,,,,,,,,,,,,,,,,,,,,,,,,,,
39,"universal_edges,no_changes,all_inverse_edges",117,117,3,0.33532915512720746,0,3,,0.0070563376260300474,4.68201620108448,1,0.2895947992801666,1,0.3775114119052887,1,0.338881254196167,,,,,,,,,,,,,,,,,,,,,,,,,,,
40,"universal_edges,no_changes,all_inverse_edges",120,120,3,0.290741299589475,1,4,0.009227721796681484,0.009227721796681484,20.29851360898465,1,0.23369674384593964,1,0.2148539125919342,1,0.42367324233055115,0.008210900239646435,0.008231734856963158,0.001977587343441002,0.004779169413315755,0.013678312458800263,0.9252846820996032,0.5716897098013061,0.7716446934739618,0.6018731070585636,0.012658251449465752,0.012693153694272041,0.003790375741595254,0.00873434410019776,0.02109426499670402,0.9313014592785037,0.578849898982725,0.7790738299274884,0.6127876694155153,0.006732633803039789,0.006758276838809252,0.0008239947264337508,0.0028015820698747526,0.012195121951219513,0.9321609988754895,0.578873029120434,0.7748286090969018,0.6127417454875419
41,"all_inverse_edges,universal_edges,no_changes",123,123,3,0.3671013166507085,0,4,,0.009227721796681484,4.686451306100935,1,0.5191513895988464,1,0.20620061457157135,1,0.37595194578170776,,,,,,,,,,,,,,,,,,,,,,,,,,,
42,"all_inverse_edges,universal_edges,no_changes",126,126,3,0.27336009840170544,0,4,,0.009227721796681484,4.678957992931828,1,0.24531982839107513,1,0.22723722457885742,1,0.3475232422351837,,,,,,,,,,,,,,,,,,,,,,,,,,,
43,"all_inverse_edges,universal_edges,no_changes",129,129,3,0.2563300281763077,0,4,,0.009227721796681484,4.674939154181629,1,0.23221418261528015,1,0.19897045195102692,1,0.33780544996261597,,,,,,,,,,,,,,,,,,,,,,,,,,,
44,"universal_edges,all_inverse_edges,no_changes",132,132,3,0.23717792828877768,0,4,,0.009227721796681484,4.70479278289713,1,0.20152270793914795,1,0.18854740262031555,1,0.3214636743068695,,,,,,,,,,,,,,,,,,,,,,,,,,,
45,"universal_edges,all_inverse_edges,no_changes",135,135,3,0.22088201344013214,0,4,,0.009227721796681484,4.683135505998507,1,0.1833220273256302,1,0.17295587062835693,1,0.3063681423664093,,,,,,,,,,,,,,,,,,,,,,,,,,,
46,"no_changes,all_inverse_edges,universal_edges",138,138,3,0.21595953404903412,0,4,,0.009227721796681484,4.676532051991671,1,0.17821389436721802,1,0.15938423573970795,1,0.3102804720401764,,,,,,,,,,,,,,,,,,,,,,,,,,,
47,"no_changes,universal_edges,all_inverse_edges",141,141,3,0.2557720293601354,0,4,,0.009227721796681484,4.678528864867985,1,0.16928181052207947,1,0.14746908843517303,1,0.4505651891231537,,,,,,,,,,,,,,,,,,,,,,,,,,,
48,"all_inverse_edges,universal_edges,no_changes",144,144,3,0.32146311302979785,0,4,,0.009227721796681484,4.675501646939665,1,0.5119407773017883,1,0.14057664573192596,1,0.3118719160556793,,,,,,,,,,,,,,,,,,,,,,,,,,,
49,"all_inverse_edges,no_changes,universal_edges",147,147,3,0.26042088866233826,0,4,,0.009227721796681484,4.677863006014377,1,0.1893092691898346,1,0.1712106168270111,1,0.42074277997016907,,,,,,,,,,,,,,,,,,,,,,,,,,,
50,"universal_edges,all_inverse_edges,no_changes",150,150,3,0.36199748516082764,1,5,0.017086131187776726,0.017086131187776726,20.31590472906828,1,0.4567323327064514,1,0.3220885396003723,1,0.3071715831756592,0.014258310198783875,0.014366255141794682,0.0036255767963085037,0.00906394199077126,0.02801582069874753,0.9489123269611075,0.5943129730585199,0.7426730388925511,0.6309599357798528,0.01989276520907879,0.020023886114358902,0.005767963085036256,0.012689518787079763,0.042518127883981544,0.9552328512156346,0.6090987219027006,0.7500955833882663,0.6483017189856191,0.016566455364227295,0.01686825230717659,0.003955174686882004,0.011371127224785761,0.034772577455504286,0.9547481484353795,0.6065803820191185,0.7446802900461438,0.6448643740217423
51,"no_changes,universal_edges,all_inverse_edges",153,153,3,0.2987855275472005,0,5,,0.017086131187776726,4.691411807900295,1,0.25648510456085205,1,0.26626887917518616,1,0.37360259890556335,,,,,,,,,,,,,,,,,,,,,,,,,,,
52,"all_inverse_edges,universal_edges,no_changes",156,156,3,0.35516734917958576,0,5,,0.017086131187776726,4.689593385905027,1,0.4889015853404999,1,0.25264182686805725,1,0.3239586353302002,,,,,,,,,,,,,,,,,,,,,,,,,,,
53,"no_changes,universal_edges,all_inverse_edges",159,159,3,0.3328414857387543,0,5,,0.017086131187776726,4.675290687941015,1,0.2503487765789032,1,0.38245001435279846,1,0.36572566628456116,,,,,,,,,,,,,,,,,,,,,,,,,,,
54,"universal_edges,no_changes,all_inverse_edges",162,162,3,0.40369904041290283,0,5,,0.017086131187776726,4.6760461470112205,1,0.4119285047054291,1,0.3431190550327301,1,0.4560495615005493,,,,,,,,,,,,,,,,,,,,,,,,,,,
55,"all_inverse_edges,universal_edges,no_changes",165,165,3,0.29751157760620117,0,5,,0.017086131187776726,4.682601972017437,1,0.22905749082565308,1,0.31063997745513916,1,0.3528372645378113,,,,,,,,,,,,,,,,,,,,,,,,,,,
56,"universal_edges,all_inverse_edges,no_changes",168,168,3,0.4092933734258016,0,5,,0.017086131187776726,4.686825876124203,1,0.3747881054878235,1,0.5361252427101135,1,0.3169667720794678,,,,,,,,,,,,,,,,,,,,,,,,,,,
57,"universal_edges,all_inverse_edges,no_changes",171,171,3,0.3583017885684967,0,5,,0.017086131187776726,4.677889360114932,1,0.5245082974433899,1,0.2349034547805786,1,0.3154936134815216,,,,,,,,,,,,,,,,,,,,,,,,,,,
58,"no_changes,universal_edges,all_inverse_edges",174,174,3,0.26675382753213245,0,5,,0.017086131187776726,4.678897111909464,1,0.24100574851036072,1,0.2368900030851364,1,0.32236573100090027,,,,,,,,,,,,,,,,,,,,,,,,,,,
59,"all_inverse_edges,no_changes,universal_edges",177,177,3,0.34910086790720624,0,5,,0.017086131187776726,4.690286024939269,1,0.21433481574058533,1,0.3858650326728821,1,0.44710275530815125,,,,,,,,,,,,,,,,,,,,,,,,,,,
60,"universal_edges,all_inverse_edges,no_changes",180,180,3,0.30395597219467163,1,6,0.026543234164516132,0.026543234164516132,20.337792955804616,1,0.46121442317962646,1,0.16522058844566345,1,0.285432904958725,0.0228629969060421,0.02358262985944748,0.006921555702043507,0.01911667765326302,0.05009887936717205,0.9414737549601251,0.5867735924114607,0.759713249835201,0.6230325172297437,0.03210337832570076,0.03324031084775925,0.012689518787079763,0.02851021753460778,0.07036914963744233,0.9534039060581385,0.6090032288351102,0.7662821357943309,0.6503246305017927,0.022111529484391212,0.022806761786341667,0.0065919578114700065,0.015326301911667766,0.04976928147659855,0.9454030788320602,0.5957571775246663,0.773506921555702,0.635432516086952
61,"all_inverse_edges,no_changes,universal_edges",183,183,3,0.19565126299858093,0,6,,0.026543234164516132,4.674322836101055,1,0.16292613744735718,1,0.1478147804737091,1,0.2762128710746765,,,,,,,,,,,,,,,,,,,,,,,,,,,
62,"all_inverse_edges,no_changes,universal_edges",186,186,3,0.18002085387706757,0,6,,0.026543234164516132,4.6797249731607735,1,0.14950533211231232,1,0.13261404633522034,1,0.25794318318367004,,,,,,,,,,,,,,,,,,,,,,,,,,,
63,"no_changes,all_inverse_edges,universal_edges",189,189,3,0.16666429738203684,0,6,,0.026543234164516132,4.684701838064939,1,0.1390843391418457,1,0.11664485931396484,1,0.2442636936903,,,,,,,,,,,,,,,,,,,,,,,,,,,
64,"universal_edges,all_inverse_edges,no_changes",192,192,3,0.2764344314734141,0,6,,0.026543234164516132,4.678042168030515,1,0.48377275466918945,1,0.11137016117572784,1,0.234160378575325,,,,,,,,,,,,,,,,,,,,,,,,,,,
65,"no_changes,all_inverse_edges,universal_edges",195,195,3,0.2298417091369629,0,6,,0.026543234164516132,4.686781808966771,1,0.14151272177696228,1,0.28482040762901306,1,0.26319199800491333,,,,,,,,,,,,,,,,,,,,,,,,,,,
66,"all_inverse_edges,no_changes,universal_edges",198,198,3,0.1789162407318751,0,6,,0.026543234164516132,4.686634767102078,1,0.1441965252161026,1,0.13894394040107727,1,0.25360825657844543,,,,,,,,,,,,,,,,,,,,,,,,,,,
67,"all_inverse_edges,universal_edges,no_changes",201,201,3,0.15844215204318365,0,6,,0.026543234164516132,4.683057788060978,1,0.12910765409469604,1,0.11866004019975662,1,0.22755876183509827,,,,,,,,,,,,,,,,,,,,,,,,,,,
68,"no_changes,all_inverse_edges,universal_edges",204,204,3,0.21487270295619965,0,6,,0.026543234164516132,4.68033739621751,1,0.12064675986766815,1,0.2567184269428253,1,0.26725292205810547,,,,,,,,,,,,,,,,,,,,,,,,,,,
69,"universal_edges,no_changes,all_inverse_edges",207,207,3,0.19565700242916742,0,6,,0.026543234164516132,4.6896340739913285,1,0.1223745122551918,1,0.10320247709751129,1,0.3613940179347992,,,,,,,,,,,,,,,,,,,,,,,,,,,
70,"all_inverse_edges,no_changes,universal_edges",210,210,3,0.256439633667469,1,7,0.044963691383600235,0.044963691383600235,20.33151150192134,1,0.10906227678060532,1,0.2733213007450104,1,0.3869353234767914,0.036700546741485596,0.03792782127857208,0.013183915622940013,0.03411338167435728,0.08487145682267634,0.9424625486318456,0.5952090799353429,0.7915491100856955,0.6359422637815072,0.053434550762176514,0.05546402931213379,0.02241265655899802,0.052900461437046804,0.11832564271588662,0.9463983352075174,0.6040962058684439,0.8040540540540541,0.648177486200243,0.03957017511129379,0.04149922356009483,0.015161502966381015,0.03642056690837179,0.09047462096242584,0.9470898445073481,0.6046722676858869,0.8011766644693474,0.6486804096491744
71,"all_inverse_edges,no_changes,universal_edges",213,213,3,0.2942224194606145,0,7,,0.044963691383600235,4.681357863824815,1,0.4183087944984436,1,0.13480965793132782,1,0.32954880595207214,,,,,,,,,,,,,,,,,,,,,,,,,,,
72,"all_inverse_edges,universal_edges,no_changes",216,216,3,0.19054694225390753,0,7,,0.044963691383600235,4.6730311589781195,1,0.13811275362968445,1,0.11797500401735306,1,0.31555306911468506,,,,,,,,,,,,,,,,,,,,,,,,,,,
73,"all_inverse_edges,no_changes,universal_edges",219,219,3,0.16105874627828598,0,7,,0.044963691383600235,4.682002811925486,1,0.10276170074939728,1,0.11600338667631149,1,0.26441115140914917,,,,,,,,,,,,,,,,,,,,,,,,,,,
74,"universal_edges,no_changes,all_inverse_edges",222,222,3,0.16706539193789163,0,7,,0.044963691383600235,4.693402228876948,1,0.13926920294761658,1,0.11123120784759521,1,0.25069576501846313,,,,,,,,,,,,,,,,,,,,,,,,,,,
75,"no_changes,universal_edges,all_inverse_edges",225,225,3,0.16187524298826853,0,7,,0.044963691383600235,4.688077238854021,1,0.11215989291667938,1,0.1042042076587677,1,0.2692616283893585,,,,,,,,,,,,,,,,,,,,,,,,,,,
76,"all_inverse_edges,no_changes,universal_edges",228,228,3,0.26981183886528015,0,7,,0.044963691383600235,4.686722408048809,1,0.4700416624546051,1,0.0889022946357727,1,0.25049155950546265,,,,,,,,,,,,,,,,,,,,,,,,,,,
77,"all_inverse_edges,no_changes,universal_edges",231,231,3,0.1630824406941732,0,7,,0.044963691383600235,4.687270520022139,1,0.13777685165405273,1,0.12143121659755707,1,0.23003925383090973,,,,,,,,,,,,,,,,,,,,,,,,,,,
78,"universal_edges,all_inverse_edges,no_changes",234,234,3,0.20504813641309738,0,7,,0.044963691383600235,4.6792539360467345,1,0.12392599135637283,1,0.27377206087112427,1,0.21744635701179504,,,,,,,,,,,,,,,,,,,,,,,,,,,
79,"all_inverse_edges,no_changes,universal_edges",237,237,3,0.1884144569436709,0,7,,0.044963691383600235,4.666924478020519,1,0.0995766744017601,1,0.2436598539352417,1,0.22200684249401093,,,,,,,,,,,,,,,,,,,,,,,,,,,
80,"universal_edges,all_inverse_edges,no_changes",240,240,3,0.1360889251033465,1,8,0.06984188035130501,0.06984188035130501,20.26729103596881,1,0.1053813248872757,1,0.10089433938264847,1,0.20199111104011536,0.05844142287969589,0.062237974256277084,0.024225444957152273,0.06147000659195781,0.14139749505603164,0.9666653741259194,0.6541183380812446,0.7883882663150956,0.6988856785976554,0.07872379571199417,0.0846039205789566,0.037079762689518785,0.08882663150955834,0.17930125247198417,0.96923753021314,0.6678930926382584,0.800036255767963,0.713598111582969,0.05861202999949455,0.06268374621868134,0.022083058668424523,0.06377719182597232,0.1432102834541859,0.9691922912869828,0.6672286324074008,0.7977521423862888,0.7124904527131398
81,"no_changes,universal_edges,all_inverse_edges",243,243,3,0.1755694548288981,0,8,,0.06984188035130501,4.674515784950927,1,0.09302578866481781,1,0.21818134188652039,1,0.21550123393535614,,,,,,,,,,,,,,,,,,,,,,,,,,,
82,"no_changes,universal_edges,all_inverse_edges",246,246,3,0.13597741474707922,0,8,,0.06984188035130501,4.689197997096926,1,0.12459364533424377,1,0.08255138248205185,1,0.20078721642494202,,,,,,,,,,,,,,,,,,,,,,,,,,,
83,"universal_edges,all_inverse_edges,no_changes",249,249,3,0.23056494941314062,0,8,,0.06984188035130501,4.6775428301189095,1,0.395709365606308,1,0.10545387119054794,1,0.19053161144256592,,,,,,,,,,,,,,,,,,,,,,,,,,,
84,"no_changes,all_inverse_edges,universal_edges",252,252,3,0.25422009577353794,0,8,,0.06984188035130501,4.677846631966531,1,0.39044731855392456,1,0.09498362988233566,1,0.27722933888435364,,,,,,,,,,,,,,,,,,,,,,,,,,,
85,"all_inverse_edges,no_changes,universal_edges",255,255,3,0.24239046374956766,0,8,,0.06984188035130501,4.684032923076302,1,0.397146075963974,1,0.07989621162414551,1,0.2501291036605835,,,,,,,,,,,,,,,,,,,,,,,,,,,
86,"all_inverse_edges,no_changes,universal_edges",258,258,3,0.14308307568232217,0,8,,0.06984188035130501,4.679483965970576,1,0.08984169363975525,1,0.1009044200181961,1,0.2385031133890152,,,,,,,,,,,,,,,,,,,,,,,,,,,
87,"no_changes,all_inverse_edges,universal_edges",261,261,3,0.2555578649044037,0,8,,0.06984188035130501,4.67719716206193,1,0.4597988426685333,1,0.09333720803260803,1,0.2135375440120697,,,,,,,,,,,,,,,,,,,,,,,,,,,
88,"universal_edges,no_changes,all_inverse_edges",264,264,3,0.22654063751300177,0,8,,0.06984188035130501,4.6932887099683285,1,0.1819615215063095,1,0.12486439198255539,1,0.3727959990501404,,,,,,,,,,,,,,,,,,,,,,,,,,,
89,"no_changes,all_inverse_edges,universal_edges",267,267,3,0.1825971951087316,0,8,,0.06984188035130501,4.682265884941444,1,0.1265631467103958,1,0.07402965426445007,1,0.3471987843513489,,,,,,,,,,,,,,,,,,,,,,,,,,,
90,"universal_edges,all_inverse_edges,no_changes",270,270,3,0.17373843242724737,1,9,0.08899070819218953,0.08899070819218953,20.323382411850616,1,0.08968401700258255,1,0.14397627115249634,1,0.2875550091266632,0.0706329420208931,0.07692874222993851,0.03246539222148978,0.07959789057350034,0.17369808833223468,0.9510062429718097,0.6153728111001391,0.8170632827949901,0.6631022843867324,0.09783254563808441,0.10766380280256271,0.0512524719841793,0.11634805537244562,0.22709294660514173,0.9541018780617059,0.6249904883667147,0.8315622940013183,0.6758843795871008,0.07546219974756241,0.08237957954406738,0.03394858272907053,0.08882663150955834,0.1825972313777192,0.9504892266728708,0.6179068363588319,0.8345649307844429,0.6677286407938877
91,"no_changes,all_inverse_edges,universal_edges",273,273,3,0.22512973099946976,0,9,,0.08899070819218953,4.705951290903613,1,0.11140912026166916,1,0.1957956850528717,1,0.3681843876838684,,,,,,,,,,,,,,,,,,,,,,,,,,,
92,"universal_edges,no_changes,all_inverse_edges",276,276,3,0.17548232028881708,0,9,,0.08899070819218953,4.6774245977867395,1,0.10486500710248947,1,0.10247674584388733,1,0.31910520792007446,,,,,,,,,,,,,,,,,,,,,,,,,,,
93,"universal_edges,no_changes,all_inverse_edges",279,279,3,0.222088394065698,0,9,,0.08899070819218953,4.6758307290729135,1,0.20524299144744873,1,0.0836547240614891,1,0.37736746668815613,,,,,,,,,,,,,,,,,,,,,,,,,,,
94,"no_changes,universal_edges,all_inverse_edges",282,282,3,0.18759377797444662,0,9,,0.08899070819218953,4.678584849927574,1,0.08593182265758514,1,0.11378945410251617,1,0.3630600571632385,,,,,,,,,,,,,,,,,,,,,,,,,,,
95,"universal_edges,no_changes,all_inverse_edges",285,285,3,0.17615936944882074,0,9,,0.08899070819218953,4.811674139928073,1,0.19891946017742157,1,0.12190074473619461,1,0.20765790343284607,,,,,,,,,,,,,,,,,,,,,,,,,,,
96,"all_inverse_edges,universal_edges,no_changes",288,288,3,0.28116851300001144,0,9,,0.08899070819218953,4.678494528867304,1,0.11305472999811172,1,0.32751792669296265,1,0.40293288230895996,,,,,,,,,,,,,,,,,,,,,,,,,,,
97,"no_changes,all_inverse_edges,universal_edges",291,291,3,0.16757702082395554,0,9,,0.08899070819218953,4.679642871953547,1,0.09864415973424911,1,0.089815154671669,1,0.3142717480659485,,,,,,,,,,,,,,,,,,,,,,,,,,,
98,"universal_edges,no_changes,all_inverse_edges",294,294,3,0.19073228786389032,0,9,,0.08899070819218953,4.675189757021144,1,0.11138444393873215,1,0.08409786224365234,1,0.3767145574092865,,,,,,,,,,,,,,,,,,,,,,,,,,,
99,"no_changes,universal_edges,all_inverse_edges",297,297,3,0.16509628295898438,0,9,,0.08899070819218953,4.682539824862033,1,0.08262908458709717,1,0.0777502954006195,1,0.33490946888923645,,,,,,,,,,,,,,,,,,,,,,,,,,,
100,"no_changes,all_inverse_edges,universal_edges",300,300,3,0.11182050655285518,1,10,0.11625275512536366,0.11625275512536366,20.31979797501117,1,0.0704502984881401,1,0.06320896744728088,1,0.20180225372314453,0.09745444357395172,0.11046958714723587,0.05998681608437706,0.11783124588002637,0.21539222148978246,0.9769087595486448,0.7106559585413105,0.76728740936058,0.7353698833975495,0.1251232624053955,0.14141640067100525,0.08108108108108109,0.15754779169413316,0.2681278839815425,0.9799009913787532,0.7399373738597426,0.7696209624258405,0.7538577184141293,0.08667098730802536,0.09687227755784988,0.044166117336849046,0.10283454185893211,0.2129202373104812,0.9759393539881345,0.703566230112156,0.7730916282135794,0.732872783794341
101,"universal_edges,all_inverse_edges,no_changes",303,303,3,0.10528601457675298,0,10,,0.11625275512536366,4.675902863964438,1,0.06143948435783386,1,0.07415623217821121,1,0.18026232719421387,,,,,,,,,,,,,,,,,,,,,,,,,,,
102,"no_changes,all_inverse_edges,universal_edges",306,306,3,0.1589094984034697,0,10,,0.11625275512536366,4.677413575118408,1,0.05996916815638542,1,0.21007214486598969,1,0.20668718218803406,,,,,,,,,,,,,,,,,,,,,,,,,,,
103,"universal_edges,no_changes,all_inverse_edges",309,309,3,0.119447427491347,0,10,,0.11625275512536366,4.686410811031237,1,0.07946963608264923,1,0.09430814534425735,1,0.1845645010471344,,,,,,,,,,,,,,,,,,,,,,,,,,,
104,"no_changes,all_inverse_edges,universal_edges",312,312,3,0.203626266370217,0,10,,0.11625275512536366,4.678474028129131,1,0.0616794116795063,1,0.21264885365962982,1,0.3365505337715149,,,,,,,,,,,,,,,,,,,,,,,,,,,
105,"all_inverse_edges,no_changes,universal_edges",315,315,3,0.16321693609158197,0,10,,0.11625275512536366,4.6937302788719535,1,0.09211122244596481,1,0.19245392084121704,1,0.2050856649875641,,,,,,,,,,,,,,,,,,,,,,,,,,,
106,"all_inverse_edges,universal_edges,no_changes",318,318,3,0.20205380767583847,0,10,,0.11625275512536366,4.675907443044707,1,0.1059936061501503,1,0.2136571705341339,1,0.2865106463432312,,,,,,,,,,,,,,,,,,,,,,,,,,,
107,"universal_edges,no_changes,all_inverse_edges",321,321,3,0.1099708949526151,0,10,,0.11625275512536366,4.6810046578757465,1,0.07803601771593094,1,0.08279038965702057,1,0.1690862774848938,,,,,,,,,,,,,,,,,,,,,,,,,,,
108,"universal_edges,all_inverse_edges,no_changes",324,324,3,0.09174918383359909,0,10,,0.11625275512536366,4.676868006121367,1,0.062429845333099365,1,0.04796355217695236,1,0.16485415399074554,,,,,,,,,,,,,,,,,,,,,,,,,,,
109,"universal_edges,no_changes,all_inverse_edges",327,327,3,0.09360623856385548,0,10,,0.11625275512536366,4.685568858869374,1,0.05327483266592026,1,0.08322685211896896,1,0.14431703090667725,,,,,,,,,,,,,,,,,,,,,,,,,,,
110,"universal_edges,all_inverse_edges,no_changes",330,330,3,0.09475158154964447,1,11,0.14744587242603302,0.14744587242603302,20.31897056195885,1,0.05853242427110672,1,0.07036817818880081,1,0.15535414218902588,0.12271784245967865,0.14091409742832184,0.07926829268292683,0.1580421885299934,0.27043506921555704,0.9797782000077553,0.738808603864762,0.774564930784443,0.7553590218695951,0.1453634798526764,0.16959130764007568,0.09673698088332235,0.19726433750823993,0.31558998022412654,0.9822404901314514,0.7682908920959952,0.7793737640079104,0.7737134420011389,0.1130409836769104,0.13183221220970154,0.06114040870138431,0.15622940013183917,0.27933421226104155,0.9804503211963758,0.7463536665719241,0.780075807514832,0.7620646693633786
111,"no_changes,universal_edges,all_inverse_edges",333,333,3,0.15317890172203383,0,11,,0.14744587242603302,4.683923783013597,1,0.049455855041742325,1,0.2658686935901642,1,0.14421215653419495,,,,,,,,,,,,,,,,,,,,,,,,,,,
112,"all_inverse_edges,no_changes,universal_edges",336,336,3,0.09470015640060107,0,11,,0.14744587242603302,4.6875056670978665,1,0.07847567647695541,1,0.053846556693315506,1,0.1517782360315323,,,,,,,,,,,,,,,,,,,,,,,,,,,
113,"all_inverse_edges,universal_edges,no_changes",339,339,3,0.19935253510872522,0,11,,0.14744587242603302,4.682133079040796,1,0.37417665123939514,1,0.08384796231985092,1,0.14003299176692963,,,,,,,,,,,,,,,,,,,,,,,,,,,
114,"all_inverse_edges,universal_edges,no_changes",342,342,3,0.0905977413058281,0,11,,0.14744587242603302,4.676778194028884,1,0.06440038979053497,1,0.06508899480104446,1,0.14230383932590485,,,,,,,,,,,,,,,,,,,,,,,,,,,
115,"all_inverse_edges,universal_edges,no_changes",345,345,3,0.18305339043339094,0,11,,0.14744587242603302,4.681775044184178,1,0.36419832706451416,1,0.04963097348809242,1,0.13533087074756622,,,,,,,,,,,,,,,,,,,,,,,,,,,
116,"universal_edges,all_inverse_edges,no_changes",348,348,3,0.17032896478970846,0,11,,0.14744587242603302,4.687221762957051,1,0.05516785383224487,1,0.18232551217079163,1,0.27349352836608887,,,,,,,,,,,,,,,,,,,,,,,,,,,
117,"all_inverse_edges,no_changes,universal_edges",351,351,3,0.1793544888496399,0,11,,0.14744587242603302,4.688535860972479,1,0.3550575375556946,1,0.04597224295139313,1,0.13703368604183197,,,,,,,,,,,,,,,,,,,,,,,,,,,
118,"all_inverse_edges,no_changes,universal_edges",354,354,3,0.07014129435022672,0,11,,0.14744587242603302,4.683521893108264,1,0.04355829209089279,1,0.03681423142552376,1,0.1300513595342636,,,,,,,,,,,,,,,,,,,,,,,,,,,
119,"all_inverse_edges,universal_edges,no_changes",357,357,3,0.06561899681886037,0,11,,0.14744587242603302,4.677108807954937,1,0.04097691550850868,1,0.033398110419511795,1,0.12248196452856064,,,,,,,,,,,,,,,,,,,,,,,,,,,
120,"all_inverse_edges,no_changes,universal_edges",360,360,3,0.06669321532050769,1,12,0.196873406569163,0.196873406569163,20.302937562111765,1,0.03642094135284424,1,0.03278590366244316,1,0.13087280094623566,0.1520567387342453,0.18519003689289093,0.11783124588002637,0.21308503625576797,0.31740276862228084,0.9812387710522574,0.7556146966261006,0.7749868160843771,0.7649250133446572,0.18616382777690887,0.23356029391288757,0.1643045484508899,0.2692814765985498,0.36733684904416614,0.9835653443974821,0.7874716793803803,0.7782729070533949,0.7827932740317299,0.14251738786697388,0.1718698889017105,0.09789057350032959,0.20352669742913646,0.32284113381674356,0.9824602220585004,0.7712681601536076,0.7793243243243243,0.7752337921814163
121,"universal_edges,all_inverse_edges,no_changes",363,363,3,0.05997924320399761,0,12,,0.196873406569163,4.673042709007859,1,0.037051670253276825,1,0.02823627181351185,1,0.11464978754520416,,,,,,,,,,,,,,,,,,,,,,,,,,,
122,"no_changes,universal_edges,all_inverse_edges",366,366,3,0.0783939752727747,0,12,,0.196873406569163,4.68582707317546,1,0.03585490584373474,1,0.029295964166522026,1,0.17003105580806732,,,,,,,,,,,,,,,,,,,,,,,,,,,
123,"no_changes,universal_edges,all_inverse_edges",369,369,3,0.07494290793935458,0,12,,0.196873406569163,4.6733915659133345,1,0.03629753366112709,1,0.028446078300476074,1,0.16008511185646057,,,,,,,,,,,,,,,,,,,,,,,,,,,
124,"all_inverse_edges,universal_edges,no_changes",372,372,3,0.22904163971543312,0,12,,0.196873406569163,4.67662319005467,1,0.3761110007762909,1,0.02787179872393608,1,0.2831421196460724,,,,,,,,,,,,,,,,,,,,,,,,,,,
125,"all_inverse_edges,universal_edges,no_changes",375,375,3,0.09137217327952385,0,12,,0.196873406569163,4.688638895982876,1,0.069251149892807,1,0.03401826694607735,1,0.1708471029996872,,,,,,,,,,,,,,,,,,,,,,,,,,,
126,"all_inverse_edges,universal_edges,no_changes",378,378,3,0.15483813111980757,0,12,,0.196873406569163,4.68297580210492,1,0.0451347716152668,1,0.16656136512756348,1,0.2528182566165924,,,,,,,,,,,,,,,,,,,,,,,,,,,
127,"universal_edges,all_inverse_edges,no_changes",381,381,3,0.15773090223471323,0,12,,0.196873406569163,4.67958680097945,1,0.07130619883537292,1,0.15669208765029907,1,0.2451944202184677,,,,,,,,,,,,,,,,,,,,,,,,,,,
128,"no_changes,all_inverse_edges,universal_edges",384,384,3,0.08651416003704071,0,12,,0.196873406569163,4.679564413847402,1,0.041104063391685486,1,0.04418748617172241,1,0.17425093054771423,,,,,,,,,,,,,,,,,,,,,,,,,,,
129,"universal_edges,all_inverse_edges,no_changes",387,387,3,0.1986791988213857,0,12,,0.196873406569163,4.677539900876582,1,0.38257890939712524,1,0.08019185066223145,1,0.13326683640480042,,,,,,,,,,,,,,,,,,,,,,,,,,,
130,"all_inverse_edges,no_changes,universal_edges",390,390,3,0.11835917706290881,1,13,0.16164608796437582,0.196873406569163,20.199056659825146,1,0.04790031537413597,1,0.05101194977760315,1,0.2561652660369873,0.13618052005767822,0.159751296043396,0.09278180619644034,0.18111404087013844,0.3019116677653263,0.9855106182222395,0.8383113050421425,0.7375972313777192,0.7787309253522756,0.1594218909740448,0.18987278640270233,0.11750164798945287,0.21819380355965723,0.33586025049439683,0.9864477102640661,0.8833918552839103,0.7148187211601846,0.7743725596847048,0.11595725268125534,0.1353141814470291,0.06756756756756757,0.15425181278839814,0.28592617007251153,0.985349050628821,0.8373849878405694,0.7315392221489783,0.7741516123626784
131,"universal_edges,all_inverse_edges,no_changes",393,393,3,0.13602136820554733,0,13,,0.196873406569163,4.68614939507097,1,0.052180640399456024,1,0.17942233383655548,1,0.1764611303806305,,,,,,,,,,,,,,,,,,,,,,,,,,,
132,"universal_edges,no_changes,all_inverse_edges",396,396,3,0.31594378252824146,0,13,,0.196873406569163,4.680801050970331,1,0.24780969321727753,1,0.4586552381515503,1,0.2413664162158966,,,,,,,,,,,,,,,,,,,,,,,,,,,
133,"all_inverse_edges,no_changes,universal_edges",399,399,3,0.2913452088832855,0,13,,0.196873406569163,4.675461089937016,1,0.08974048495292664,1,0.2952984571456909,1,0.488996684551239,,,,,,,,,,,,,,,,,,,,,,,,,,,
134,"no_changes,universal_edges,all_inverse_edges",402,402,3,0.16518950959046683,0,13,,0.196873406569163,4.680141926975921,1,0.1605754792690277,1,0.11056801676750183,1,0.2244250327348709,,,,,,,,,,,,,,,,,,,,,,,,,,,
135,"no_changes,all_inverse_edges,universal_edges",405,405,3,0.20830292999744415,0,13,,0.196873406569163,4.674805598100647,1,0.1344679445028305,1,0.11512097716331482,1,0.37531986832618713,,,,,,,,,,,,,,,,,,,,,,,,,,,
136,"all_inverse_edges,no_changes,universal_edges",408,408,3,0.16715126484632492,0,13,,0.196873406569163,4.685214981902391,1,0.09707187861204147,1,0.10194568336009979,1,0.3024362325668335,,,,,,,,,,,,,,,,,,,,,,,,,,,
137,"universal_edges,all_inverse_edges,no_changes",411,411,3,0.34530940155188244,0,13,,0.196873406569163,4.679078045999631,1,0.5909042954444885,1,0.1775675266981125,1,0.26745638251304626,,,,,,,,,,,,,,,,,,,,,,,,,,,
138,"universal_edges,all_inverse_edges,no_changes",414,414,3,0.25592952221632004,0,13,,0.196873406569163,4.677917076041922,1,0.09140432626008987,1,0.4701373279094696,1,0.20624691247940063,,,,,,,,,,,,,,,,,,,,,,,,,,,
139,"all_inverse_edges,no_changes,universal_edges",417,417,3,0.3182620828350385,0,13,,0.196873406569163,4.691452434984967,1,0.4001138210296631,1,0.11514229327440262,1,0.4395301342010498,,,,,,,,,,,,,,,,,,,,,,,,,,,
140,"all_inverse_edges,no_changes,universal_edges",420,420,3,0.17645413676897684,1,14,0.13712947815656662,0.196873406569163,20.24251754814759,1,0.07579158246517181,1,0.09886665642261505,1,0.3547041714191437,0.10363984853029251,0.12058075517416,0.06361239288068557,0.13711272247857614,0.23698088332234674,0.9786343014463531,0.7263434040083857,0.765098879367172,0.7440876313353432,0.13756060600280762,0.1614743024110794,0.0952537903757416,0.18276203032300592,0.30174686882003954,0.9812387710522574,0.7554795822250233,0.7830619644034278,0.7685199846116917,0.11203677207231522,0.12933337688446045,0.06723796967699407,0.1468358602504944,0.258569545154911,0.980295216306694,0.7447338903282348,0.7845187870797627,0.7630332346861609
141,"universal_edges,no_changes,all_inverse_edges",423,423,3,0.11765036111076672,0,14,,0.196873406569163,4.689469076925889,1,0.09878532588481903,1,0.055276621133089066,1,0.1988891363143921,,,,,,,,,,,,,,,,,,,,,,,,,,,
142,"all_inverse_edges,universal_edges,no_changes",426,426,3,0.1071302630007267,0,14,,0.196873406569163,4.6798988960217685,1,0.06453878432512283,1,0.05479775741696358,1,0.2020542472600937,,,,,,,,,,,,,,,,,,,,,,,,,,,
143,"all_inverse_edges,no_changes,universal_edges",429,429,3,0.12533942610025406,0,14,,0.196873406569163,4.683905174024403,1,0.057057060301303864,1,0.043035492300987244,1,0.27592572569847107,,,,,,,,,,,,,,,,,,,,,,,,,,,
144,"all_inverse_edges,universal_edges,no_changes",432,432,3,0.08340834577878316,0,14,,0.196873406569163,4.674712077016011,1,0.04395667091012001,1,0.05355167016386986,1,0.15271669626235962,,,,,,,,,,,,,,,,,,,,,,,,,,,
145,"universal_edges,no_changes,all_inverse_edges",435,435,3,0.07715034112334251,0,14,,0.196873406569163,4.693324874155223,1,0.049070436507463455,1,0.04947039484977722,1,0.13291019201278687,,,,,,,,,,,,,,,,,,,,,,,,,,,
146,"universal_edges,no_changes,all_inverse_edges",438,438,3,0.12431808933615685,0,14,,0.196873406569163,4.6798778309021145,1,0.045290712267160416,1,0.20157413184642792,1,0.1260894238948822,,,,,,,,,,,,,,,,,,,,,,,,,,,
147,"universal_edges,all_inverse_edges,no_changes",441,441,3,0.07207132875919342,0,14,,0.196873406569163,4.673032110091299,1,0.048968490213155746,1,0.044234324246644974,1,0.12301117181777954,,,,,,,,,,,,,,,,,,,,,,,,,,,
148,"all_inverse_edges,universal_edges,no_changes",444,444,3,0.07002263392011325,0,14,,0.196873406569163,4.681152514182031,1,0.04306216910481453,1,0.043632350862026215,1,0.12337338179349899,,,,,,,,,,,,,,,,,,,,,,,,,,,
149,"all_inverse_edges,universal_edges,no_changes",447,447,3,0.06385792046785355,0,14,,0.196873406569163,4.687550637172535,1,0.04187220335006714,1,0.03296468406915665,1,0.11673687398433685,,,,,,,,,,,,,,,,,,,,,,,,,,,
150,"all_inverse_edges,no_changes,universal_edges",450,450,3,0.16912275676925978,1,15,0.22339604298273721,0.22339604298273721,20.29160515894182,1,0.35758525133132935,1,0.03046857938170433,1,0.11931443959474564,0.16232655942440033,0.20066428184509277,0.13315754779169414,0.23665128543177325,0.32976268951878707,0.9804567839001125,0.7467061568311877,0.7959063941990772,0.768929720159378,0.20281000435352325,0.25774121284484863,0.18671720500988795,0.2989452867501648,0.3867831245880026,0.9814843537942534,0.75777465250891,0.8132267633487146,0.7826363410852344,0.17250990867614746,0.21178263425827026,0.14189189189189189,0.242748846407383,0.34970336189848383,0.9809802629027881,0.7523834721192455,0.8173302570863545,0.780913806503166
151,"no_changes,universal_edges,all_inverse_edges",453,453,3,0.060721429685751595,0,15,,0.22339604298273721,4.693160792114213,1,0.03907322511076927,1,0.032035764306783676,1,0.11105529963970184,,,,,,,,,,,,,,,,,,,,,,,,,,,
152,"universal_edges,all_inverse_edges,no_changes",456,456,3,0.056411723916729294,0,15,,0.22339604298273721,4.673356796149164,1,0.03382359817624092,1,0.026453813537955284,1,0.10895776003599167,,,,,,,,,,,,,,,,,,,,,,,,,,,
153,"universal_edges,all_inverse_edges,no_changes",459,459,3,0.10072532979150613,0,15,,0.22339604298273721,4.686750571941957,1,0.031170492991805077,1,0.16500726342201233,1,0.10599823296070099,,,,,,,,,,,,,,,,,,,,,,,,,,,
154,"all_inverse_edges,universal_edges,no_changes",462,462,3,0.09930931652585666,0,15,,0.22339604298273721,4.6789121250621974,1,0.03260502591729164,1,0.1484687626361847,1,0.11685416102409363,,,,,,,,,,,,,,,,,,,,,,,,,,,
155,"universal_edges,all_inverse_edges,no_changes",465,465,3,0.05517838088174661,0,15,,0.22339604298273721,4.678490829188377,1,0.030114902183413506,1,0.030055902898311615,1,0.10536433756351471,,,,,,,,,,,,,,,,,,,,,,,,,,,
156,"all_inverse_edges,no_changes,universal_edges",468,468,3,0.0758172832429409,0,15,,0.22339604298273721,4.677817641058937,1,0.030571507290005684,1,0.023548977449536324,1,0.1733313649892807,,,,,,,,,,,,,,,,,,,,,,,,,,,
157,"universal_edges,all_inverse_edges,no_changes",471,471,3,0.05407715712984403,0,15,,0.22339604298273721,4.683383002877235,1,0.03409646078944206,1,0.026837415993213654,1,0.10129759460687637,,,,,,,,,,,,,,,,,,,,,,,,,,,
158,"no_changes,universal_edges,all_inverse_edges",474,474,3,0.12249127527077992,0,15,,0.22339604298273721,4.688115296885371,1,0.03514224290847778,1,0.023651108145713806,1,0.3086804747581482,,,,,,,,,,,,,,,,,,,,,,,,,,,
159,"universal_edges,all_inverse_edges,no_changes",477,477,3,0.09360155835747719,0,15,,0.22339604298273721,4.673338152002543,1,0.04053216800093651,1,0.03269419074058533,1,0.20757831633090973,,,,,,,,,,,,,,,,,,,,,,,,,,,
160,"no_changes,all_inverse_edges,universal_edges",480,480,3,0.0921624085555474,1,16,0.25272750357786816,0.25272750357786816,20.30435851821676,1,0.026803364977240562,1,0.024641219526529312,1,0.22504264116287231,0.18743622303009033,0.24091501533985138,0.17781806196440342,0.2742254449571523,0.3610744891232696,0.9762883399899182,0.7117022205755328,0.815583388266315,0.7526364457089777,0.22098340094089508,0.28836020827293396,0.22346736980883322,0.3286090969017798,0.3994726433750824,0.9775421045148448,0.7219789718021705,0.8242979564930785,0.7628569076901597,0.18259522318840027,0.2289072871208191,0.15820698747528017,0.26598549769281477,0.3666776532630191,0.9763852805459692,0.7141551009690186,0.8316216216216217,0.7592920148515794
161,"universal_edges,all_inverse_edges,no_changes",483,483,3,0.08371341476837794,0,16,,0.25272750357786816,4.684970886912197,1,0.07504280656576157,1,0.053347572684288025,1,0.12274986505508423,,,,,,,,,,,,,,,,,,,,,,,,,,,
162,"universal_edges,no_changes,all_inverse_edges",486,486,3,0.12719092021385828,0,16,,0.25272750357786816,4.674774547107518,1,0.05588049441576004,1,0.038683801889419556,1,0.28700846433639526,,,,,,,,,,,,,,,,,,,,,,,,,,,
163,"all_inverse_edges,no_changes,universal_edges",489,489,3,0.2475921083241701,0,16,,0.25272750357786816,4.701466816011816,1,0.38838499784469604,1,0.029536446556448936,1,0.32485488057136536,,,,,,,,,,,,,,,,,,,,,,,,,,,
164,"all_inverse_edges,universal_edges,no_changes",492,492,3,0.12405698870619138,0,16,,0.25272750357786816,4.676386490929872,1,0.043474819511175156,1,0.0345948189496994,1,0.2941013276576996,,,,,,,,,,,,,,,,,,,,,,,,,,,
165,"no_changes,universal_edges,all_inverse_edges",495,495,3,0.24130554497241974,0,16,,0.25272750357786816,4.681777955032885,1,0.3606514036655426,1,0.17681582272052765,1,0.18644940853118896,,,,,,,,,,,,,,,,,,,,,,,,,,,
166,"all_inverse_edges,universal_edges,no_changes",498,498,3,0.2146637961268425,0,16,,0.25272750357786816,4.682055150857195,1,0.34620946645736694,1,0.030626244843006134,1,0.2671556770801544,,,,,,,,,,,,,,,,,,,,,,,,,,,
167,"all_inverse_edges,universal_edges,no_changes",501,501,3,0.1704228644569715,0,16,,0.25272750357786816,4.680927057052031,1,0.33618810772895813,1,0.034004248678684235,1,0.1410762369632721,,,,,,,,,,,,,,,,,,,,,,,,,,,
168,"no_changes,universal_edges,all_inverse_edges",504,504,3,0.06226731215914091,0,16,,0.25272750357786816,4.677755046868697,1,0.034399956464767456,1,0.035482343286275864,1,0.1169196367263794,,,,,,,,,,,,,,,,,,,,,,,,,,,
169,"all_inverse_edges,no_changes,universal_edges",507,507,3,0.159366133933266,0,16,,0.25272750357786816,4.675945976050571,1,0.3311968743801117,1,0.029707835987210274,1,0.11719369143247604,,,,,,,,,,,,,,,,,,,,,,,,,,,
170,"no_changes,universal_edges,all_inverse_edges",510,510,3,0.05495488146940867,1,17,0.26452824970086414,0.26452824970086414,20.30707430210896,1,0.029678380116820335,1,0.027727926149964333,1,0.10745833814144135,0.19264741241931915,0.2526055872440338,0.18688200395517468,0.28823335530652605,0.3768951878707976,0.9851293187017721,0.8143722712918275,0.7768094924192486,0.7943350602150806,0.22444596886634827,0.2992734909057617,0.23632168754119973,0.3389914304548451,0.4070533948582729,0.9866997557097987,0.8450209228595411,0.7803559657218193,0.8091831926145647,0.19016866385936737,0.24170567095279694,0.17122610415293343,0.2821357943309163,0.3699736321687541,0.9847480191813047,0.8053597376558208,0.7850131839156229,0.7948168979524592
171,"universal_edges,no_changes,all_inverse_edges",513,513,3,0.04854299190143744,0,17,,0.26452824970086414,4.681883851066232,1,0.025745542719960213,1,0.021388225257396698,1,0.09849520772695541,,,,,,,,,,,,,,,,,,,,,,,,,,,
172,"universal_edges,all_inverse_edges,no_changes",516,516,3,0.04736508863667647,0,17,,0.26452824970086414,4.682711949106306,1,0.025178255513310432,1,0.020655769854784012,1,0.09626124054193497,,,,,,,,,,,,,,,,,,,,,,,,,,,
173,"no_changes,universal_edges,all_inverse_edges",519,519,3,0.14941243020196757,0,17,,0.26452824970086414,4.676731857005507,1,0.3287222981452942,1,0.019907278940081596,1,0.09960771352052689,,,,,,,,,,,,,,,,,,,,,,,,,,,
174,"all_inverse_edges,universal_edges,no_changes",522,522,3,0.04672222460309664,0,17,,0.26452824970086414,4.682136479998007,1,0.02597358264029026,1,0.019454510882496834,1,0.09473858028650284,,,,,,,,,,,,,,,,,,,,,,,,,,,
175,"no_changes,all_inverse_edges,universal_edges",525,525,3,0.09389984793961048,0,17,,0.26452824970086414,4.679541727062315,1,0.02519811876118183,1,0.02008189633488655,1,0.23641952872276306,,,,,,,,,,,,,,,,,,,,,,,,,,,
176,"no_changes,all_inverse_edges,universal_edges",528,528,3,0.04533730074763298,0,17,,0.26452824970086414,4.684982244158164,1,0.023244164884090424,1,0.016714174300432205,1,0.09605356305837631,,,,,,,,,,,,,,,,,,,,,,,,,,,
177,"all_inverse_edges,universal_edges,no_changes",531,531,3,0.18523402822514376,0,17,,0.26452824970086414,4.681762465042993,1,0.3268146216869354,1,0.018035942688584328,1,0.2108515202999115,,,,,,,,,,,,,,,,,,,,,,,,,,,
178,"no_changes,universal_edges,all_inverse_edges",534,534,3,0.043472650150458016,0,17,,0.26452824970086414,4.683308058185503,1,0.023351259529590607,1,0.01795240491628647,1,0.08911428600549698,,,,,,,,,,,,,,,,,,,,,,,,,,,
179,"no_changes,universal_edges,all_inverse_edges",537,537,3,0.04292597621679306,0,17,,0.26452824970086414,4.687843472929671,1,0.023276671767234802,1,0.01676981896162033,1,0.08873143792152405,,,,,,,,,,,,,,,,,,,,,,,,,,,
180,"all_inverse_edges,universal_edges,no_changes",540,540,3,0.17666662794848284,1,18,0.2834714651107788,0.2834714651107788,20.282481003087014,1,0.31783977150917053,1,0.015690239146351814,1,0.19646987318992615,0.2013268917798996,0.2681429982185364,0.2040210942649967,0.3032300593276203,0.3852999340804219,0.986596352450011,0.8466911300908396,0.7722280817402769,0.8047656119785898,0.23405764997005463,0.3177779018878937,0.25972313777191824,0.3538233355306526,0.41331575477916943,0.9875786834179947,0.8690125157713051,0.7753131179960449,0.8150397234775755,0.20330050587654114,0.26449349522590637,0.19891232696110744,0.2992748846407383,0.38266315095583386,0.9869130249331111,0.847914414575631,0.784179301252472,0.8126784737854971
181,"no_changes,all_inverse_edges,universal_edges",543,543,3,0.04450996778905392,0,18,,0.2834714651107788,4.6842717349063605,1,0.021074805408716202,1,0.017822740599513054,1,0.0946323573589325,,,,,,,,,,,,,,,,,,,,,,,,,,,
182,"no_changes,universal_edges,all_inverse_edges",546,546,3,0.042185574769973755,0,18,,0.2834714651107788,4.677232456160709,1,0.02206048183143139,1,0.016063692048192024,1,0.08843255043029785,,,,,,,,,,,,,,,,,,,,,,,,,,,
183,"universal_edges,no_changes,all_inverse_edges",549,549,3,0.0760850328952074,0,18,,0.2834714651107788,4.681391897145659,1,0.02161964774131775,1,0.01594827137887478,1,0.1906871795654297,,,,,,,,,,,,,,,,,,,,,,,,,,,
184,"no_changes,all_inverse_edges,universal_edges",552,552,3,0.0814932541300853,0,18,,0.2834714651107788,4.6823764180298895,1,0.01933153159916401,1,0.12732717394828796,1,0.09782105684280396,,,,,,,,,,,,,,,,,,,,,,,,,,,
185,"universal_edges,all_inverse_edges,no_changes",555,555,3,0.17402003953854242,0,18,,0.2834714651107788,4.678746472811326,1,0.31438905000686646,1,0.12259761244058609,1,0.08507345616817474,,,,,,,,,,,,,,,,,,,,,,,,,,,
186,"all_inverse_edges,universal_edges,no_changes",558,558,3,0.07275315560400486,0,18,,0.2834714651107788,4.676359978038818,1,0.022238891571760178,1,0.022009195759892464,1,0.17401137948036194,,,,,,,,,,,,,,,,,,,,,,,,,,,
187,"universal_edges,no_changes,all_inverse_edges",561,561,3,0.05822878455122312,0,18,,0.2834714651107788,4.685188323026523,1,0.021043499931693077,1,0.017506679520010948,1,0.13613617420196533,,,,,,,,,,,,,,,,,,,,,,,,,,,
188,"no_changes,universal_edges,all_inverse_edges",564,564,3,0.08148675474027793,0,18,,0.2834714651107788,4.68501148885116,1,0.019935645163059235,1,0.021064134314656258,1,0.2034604847431183,,,,,,,,,,,,,,,,,,,,,,,,,,,
189,"universal_edges,no_changes,all_inverse_edges",567,567,3,0.2230964700380961,0,18,,0.2834714651107788,4.685794431017712,1,0.31944626569747925,1,0.12574312090873718,1,0.2241000235080719,,,,,,,,,,,,,,,,,,,,,,,,,,,
190,"all_inverse_edges,universal_edges,no_changes",570,570,3,0.09532412886619568,1,19,0.27612994114557904,0.2834714651107788,20.230302026961,1,0.044295452535152435,1,0.03183384984731674,1,0.20984308421611786,0.19705544412136078,0.26069939136505127,0.19858272907053395,0.2963085036255768,0.3696440342781806,0.9813357116083085,0.7563268890785063,0.8010382333553066,0.7767752054559524,0.2322816252708435,0.31490910053253174,0.25477916941331574,0.35036255767963087,0.4154581410678972,0.9832874481368025,0.7791774721120228,0.8131773236651285,0.7951434702075342,0.1971818506717682,0.25278133153915405,0.18144363876071193,0.2910349373764008,0.3859591298615689,0.9807476055682656,0.7500522907695586,0.8227027027027027,0.7814663144966737
191,"universal_edges,all_inverse_edges,no_changes",573,573,3,0.15994378117223582,0,19,,0.2834714651107788,4.711662252899259,1,0.31638047099113464,1,0.022228380665183067,1,0.1412224918603897,,,,,,,,,,,,,,,,,,,,,,,,,,,
192,"universal_edges,all_inverse_edges,no_changes",576,576,3,0.07907713452974956,0,19,,0.2834714651107788,4.713903818046674,1,0.027570687234401703,1,0.02900899201631546,1,0.1806517243385315,,,,,,,,,,,,,,,,,,,,,,,,,,,
193,"no_changes,all_inverse_edges,universal_edges",579,579,3,0.2273085154592991,0,19,,0.2834714651107788,4.707308894023299,1,0.3159366548061371,1,0.03626177832484245,1,0.3297271132469177,,,,,,,,,,,,,,,,,,,,,,,,,,,
194,"all_inverse_edges,universal_edges,no_changes",582,582,3,0.10843427665531635,0,19,,0.2834714651107788,4.684020098065957,1,0.06349731981754303,1,0.027128880843520164,1,0.23467662930488586,,,,,,,,,,,,,,,,,,,,,,,,,,,
195,"all_inverse_edges,universal_edges,no_changes",585,585,3,0.0781420785933733,0,19,,0.2834714651107788,4.680170712061226,1,0.07472448796033859,1,0.028292668983340263,1,0.13140907883644104,,,,,,,,,,,,,,,,,,,,,,,,,,,
196,"all_inverse_edges,no_changes,universal_edges",588,588,3,0.1499489483733972,0,19,,0.2834714651107788,4.68007728504017,1,0.08329050987958908,1,0.053785014897584915,1,0.3127713203430176,,,,,,,,,,,,,,,,,,,,,,,,,,,
197,"no_changes,all_inverse_edges,universal_edges",591,591,3,0.12490011130770047,0,19,,0.2834714651107788,4.67817953415215,1,0.041818924248218536,1,0.03702499344944954,1,0.29585641622543335,,,,,,,,,,,,,,,,,,,,,,,,,,,
198,"all_inverse_edges,universal_edges,no_changes",594,594,3,0.10518059072395165,0,19,,0.2834714651107788,4.680478677852079,1,0.04411177337169647,1,0.025690166279673576,1,0.24573983252048492,,,,,,,,,,,,,,,,,,,,,,,,,,,
199,"no_changes,all_inverse_edges,universal_edges",597,597,3,0.07030963773528735,0,19,,0.2834714651107788,4.681472515920177,1,0.03360271453857422,1,0.041742872446775436,1,0.1355833262205124,,,,,,,,,,,,,,,,,,,,,,,,,,,
200,"no_changes,universal_edges,all_inverse_edges",600,600,3,0.0638049766421318,1,20,0.22170060873031616,0.2834714651107788,20.229540135944262,1,0.034239668399095535,1,0.040764931589365005,1,0.11641032993793488,0.16270262002944946,0.20035415887832642,0.13052076466710613,0.232201713909031,0.3355306526038233,0.9839918828441067,0.7945262957987811,0.7767139090309823,0.785327008060922,0.19240662455558777,0.2429025024175644,0.16578773895847065,0.285596572181938,0.38909030982201714,0.9852197965540863,0.8136108767567689,0.7850922874093607,0.7986364709541317,0.1774696409702301,0.22184516489505768,0.1474950560316414,0.25675675675675674,0.36552406064601184,0.9827445810229167,0.7734734107285204,0.7986882003955175,0.7854918448861534
201,"no_changes,all_inverse_edges,universal_edges",603,603,3,0.06249373840789,0,20,,0.2834714651107788,4.681439737090841,1,0.028869053348898888,1,0.035479165613651276,1,0.12313299626111984,,,,,,,,,,,,,,,,,,,,,,,,,,,
202,"no_changes,all_inverse_edges,universal_edges",606,606,3,0.05565600718061129,0,20,,0.2834714651107788,4.689511324977502,1,0.03186707943677902,1,0.0211130790412426,1,0.11398786306381226,,,,,,,,,,,,,,,,,,,,,,,,,,,
203,"no_changes,all_inverse_edges,universal_edges",609,609,3,0.09579114057123661,0,20,,0.2834714651107788,4.684657096862793,1,0.022659746930003166,1,0.15352196991443634,1,0.11119170486927032,,,,,,,,,,,,,,,,,,,,,,,,,,,
204,"universal_edges,all_inverse_edges,no_changes",612,612,3,0.08876374550163746,0,20,,0.2834714651107788,4.68798784702085,1,0.025071626529097557,1,0.13848932087421417,1,0.10273028910160065,,,,,,,,,,,,,,,,,,,,,,,,,,,
205,"universal_edges,all_inverse_edges,no_changes",615,615,3,0.0477410014718771,0,20,,0.2834714651107788,4.673512011067942,1,0.02290589176118374,1,0.019543472677469254,1,0.1007736399769783,,,,,,,,,,,,,,,,,,,,,,,,,,,
206,"universal_edges,no_changes,all_inverse_edges",618,618,3,0.08256494936843713,0,20,,0.2834714651107788,4.679182450054213,1,0.022771215066313744,1,0.13595156371593475,1,0.0889720693230629,,,,,,,,,,,,,,,,,,,,,,,,,,,
207,"all_inverse_edges,universal_edges,no_changes",621,621,3,0.04621160589158535,0,20,,0.2834714651107788,4.685644790995866,1,0.022479889914393425,1,0.01884554699063301,1,0.09730938076972961,,,,,,,,,,,,,,,,,,,,,,,,,,,
208,"all_inverse_edges,universal_edges,no_changes",624,624,3,0.12046088588734467,0,20,,0.2834714651107788,4.683892791159451,1,0.021960260346531868,1,0.12275931984186172,1,0.21666307747364044,,,,,,,,,,,,,,,,,,,,,,,,,,,
209,"no_changes,all_inverse_edges,universal_edges",627,627,3,0.09291553559402625,0,20,,0.2834714651107788,4.674514543032274,1,0.019444691017270088,1,0.12425181269645691,1,0.13505010306835175,,,,,,,,,,,,,,,,,,,,,,,,,,,
210,"all_inverse_edges,no_changes,universal_edges",630,630,3,0.1924566701054573,1,21,0.29178570707639057,0.29178570707639057,20.34468551306054,1,0.3209456205368042,1,0.021023504436016083,1,0.23540088534355164,0.20857177674770355,0.2805428206920624,0.2208305866842452,0.31493078444297956,0.3843111404087014,0.9803016790104307,0.745272907448906,0.8045484508899143,0.7715040365893353,0.2369794398546219,0.3189336955547333,0.2582399472643375,0.3582729070533949,0.41825972313777193,0.9813680251269922,0.7564150738123834,0.8205965721819379,0.7847064569035551,0.2117517590522766,0.2758806049823761,0.20781147000659195,0.3147659854976928,0.3984838497033619,0.9782853154445694,0.7281613229088684,0.8279070533948583,0.7684490117455628
211,"universal_edges,all_inverse_edges,no_changes",633,633,3,0.1009525495270888,0,21,,0.29178570707639057,4.682718231109902,1,0.03610280156135559,1,0.032095279544591904,1,0.2346595674753189,,,,,,,,,,,,,,,,,,,,,,,,,,,
212,"all_inverse_edges,no_changes,universal_edges",636,636,3,0.05738946422934532,0,21,,0.29178570707639057,4.675414360128343,1,0.025085324421525,1,0.024832407012581825,1,0.12225066125392914,,,,,,,,,,,,,,,,,,,,,,,,,,,
213,"universal_edges,no_changes,all_inverse_edges",639,639,3,0.207726892704765,0,21,,0.29178570707639057,4.681593817193061,1,0.4975398778915405,1,0.02659001015126705,1,0.09905079007148743,,,,,,,,,,,,,,,,,,,,,,,,,,,
214,"all_inverse_edges,universal_edges,no_changes",642,642,3,0.14150272061427435,0,21,,0.29178570707639057,4.681601014919579,1,0.22310128808021545,1,0.0645667091012001,1,0.13684016466140747,,,,,,,,,,,,,,,,,,,,,,,,,,,
215,"all_inverse_edges,universal_edges,no_changes",645,645,3,0.11743254711230595,0,21,,0.29178570707639057,4.670803546905518,1,0.10180424898862839,1,0.11354336142539978,1,0.1369500309228897,,,,,,,,,,,,,,,,,,,,,,,,,,,
216,"no_changes,all_inverse_edges,universal_edges",648,648,3,0.2545758932828903,0,21,,0.29178570707639057,4.683676021872088,1,0.4230354130268097,1,0.21143341064453125,1,0.12925885617733002,,,,,,,,,,,,,,,,,,,,,,,,,,,
217,"all_inverse_edges,no_changes,universal_edges",651,651,3,0.21210438013076782,0,21,,0.29178570707639057,4.678428914863616,1,0.18092437088489532,1,0.2545965015888214,1,0.20079226791858673,,,,,,,,,,,,,,,,,,,,,,,,,,,
218,"universal_edges,all_inverse_edges,no_changes",654,654,3,0.21766152481238046,0,21,,0.29178570707639057,4.681221786886454,1,0.09020166099071503,1,0.37057623267173767,1,0.19220668077468872,,,,,,,,,,,,,,,,,,,,,,,,,,,
219,"universal_edges,all_inverse_edges,no_changes",657,657,3,0.10734755794207256,0,21,,0.29178570707639057,4.678074463037774,1,0.07127695530653,1,0.11119862645864487,1,0.13956709206104279,,,,,,,,,,,,,,,,,,,,,,,,,,,
220,"no_changes,universal_edges,all_inverse_edges",660,660,3,0.17975901688138643,1,22,0.22528487940629324,0.29178570707639057,20.21478355093859,1,0.0588935948908329,1,0.3392248749732971,1,0.1411585807800293,0.16956423223018646,0.2102108895778656,0.1451878707976269,0.24159525379037575,0.33816743572841135,0.9570811844843409,0.6297844014033271,0.819838497033619,0.6799717452373621,0.1964886635541916,0.2457316666841507,0.17946605141727093,0.2814765985497693,0.3681608437705999,0.9602479093153412,0.6408186578622082,0.831305207646671,0.6934546363888714,0.17703180015087128,0.2199120819568634,0.14996704021094265,0.2574159525379038,0.3505273566249176,0.9625033929194617,0.6472411875079593,0.8285794330916282,0.699748435096828
221,"no_changes,all_inverse_edges,universal_edges",663,663,3,0.15778732299804688,0,22,,0.29178570707639057,4.678046361077577,1,0.09097577631473541,1,0.25121867656707764,1,0.13116751611232758,,,,,,,,,,,,,,,,,,,,,,,,,,,
222,"no_changes,universal_edges,all_inverse_edges",666,666,3,0.18161523590485254,0,22,,0.29178570707639057,4.681165153160691,1,0.0578286275267601,1,0.21637602150440216,1,0.2706410586833954,,,,,,,,,,,,,,,,,,,,,,,,,,,
223,"all_inverse_edges,no_changes,universal_edges",669,669,3,0.19811251883705458,0,22,,0.29178570707639057,4.674511232879013,1,0.3789384067058563,1,0.05929822102189064,1,0.15610092878341675,,,,,,,,,,,,,,,,,,,,,,,,,,,
224,"universal_edges,no_changes,all_inverse_edges",672,672,3,0.06803510710597038,0,22,,0.29178570707639057,4.677800633944571,1,0.058630939573049545,1,0.04298996180295944,1,0.10248441994190216,,,,,,,,,,,,,,,,,,,,,,,,,,,
225,"all_inverse_edges,no_changes,universal_edges",675,675,3,0.11574479813377063,0,22,,0.29178570707639057,4.669416571967304,1,0.0389215387403965,1,0.040273480117321014,1,0.26803937554359436,,,,,,,,,,,,,,,,,,,,,,,,,,,
226,"all_inverse_edges,no_changes,universal_edges",678,678,3,0.12091995154817899,0,22,,0.29178570707639057,4.679857134819031,1,0.0332254134118557,1,0.146047905087471,1,0.18348653614521027,,,,,,,,,,,,,,,,,,,,,,,,,,,
227,"no_changes,universal_edges,all_inverse_edges",681,681,3,0.17720568180084229,0,22,,0.29178570707639057,4.688527958001941,1,0.33538147807121277,1,0.032599180936813354,1,0.16363638639450073,,,,,,,,,,,,,,,,,,,,,,,,,,,
228,"no_changes,all_inverse_edges,universal_edges",684,684,3,0.0643490944057703,0,22,,0.29178570707639057,4.678828777978197,1,0.030962660908699036,1,0.023065222427248955,1,0.13901939988136292,,,,,,,,,,,,,,,,,,,,,,,,,,,
229,"universal_edges,all_inverse_edges,no_changes",687,687,3,0.15258201149602732,0,22,,0.29178570707639057,4.685714764986187,1,0.3272615969181061,1,0.02361946366727352,1,0.10686497390270233,,,,,,,,,,,,,,,,,,,,,,,,,,,
230,"universal_edges,no_changes,all_inverse_edges",690,690,3,0.17086512160797915,1,23,0.26526270310084027,0.29178570707639057,20.23710596305318,1,0.32229918241500854,1,0.028619522228837013,1,0.16167666018009186,0.1959591805934906,0.25288957357406616,0.18325642715886617,0.29482531311799604,0.37722478576137114,0.9833456124704332,0.7825617883942153,0.789950560316414,0.7862057293865865,0.22574952244758606,0.2992655634880066,0.23352010547132498,0.3422874093605801,0.4096901779828609,0.984838497033619,0.8035171634953049,0.7995945945945946,0.8015424219448006,0.1917405128479004,0.243632972240448,0.17205009887936717,0.28230059327620305,0.3764007910349374,0.9829513875424922,0.7757176195595504,0.8038002636783124,0.789037795472567
231,"no_changes,all_inverse_edges,universal_edges",693,693,3,0.06330851465463638,0,23,,0.29178570707639057,4.684532582061365,1,0.02962212637066841,1,0.024295125156641006,1,0.13600829243659973,,,,,,,,,,,,,,,,,,,,,,,,,,,
232,"all_inverse_edges,universal_edges,no_changes",696,696,3,0.15656064016123614,0,23,,0.29178570707639057,4.676131794927642,1,0.33709630370140076,1,0.019400054588913918,1,0.11318556219339371,,,,,,,,,,,,,,,,,,,,,,,,,,,
233,"all_inverse_edges,universal_edges,no_changes",699,699,3,0.14417223570247492,0,23,,0.29178570707639057,4.685805912129581,1,0.31638675928115845,1,0.017100220546126366,1,0.09902972728013992,,,,,,,,,,,,,,,,,,,,,,,,,,,
234,"all_inverse_edges,universal_edges,no_changes",702,702,3,0.04722982086241245,0,23,,0.29178570707639057,4.67641822504811,1,0.027026517316699028,1,0.018027424812316895,1,0.09663552045822144,,,,,,,,,,,,,,,,,,,,,,,,,,,
235,"all_inverse_edges,universal_edges,no_changes",705,705,3,0.09795935886601607,0,23,,0.29178570707639057,4.681106399046257,1,0.023770716041326523,1,0.016857506707310677,1,0.253249853849411,,,,,,,,,,,,,,,,,,,,,,,,,,,
236,"all_inverse_edges,no_changes,universal_edges",708,708,3,0.08664379703501861,0,23,,0.29178570707639057,4.686376448022202,1,0.022426536306738853,1,0.1433478742837906,1,0.09415698051452637,,,,,,,,,,,,,,,,,,,,,,,,,,,
237,"universal_edges,all_inverse_edges,no_changes",711,711,3,0.08323656022548676,0,23,,0.29178570707639057,4.67124447110109,1,0.021611424162983894,1,0.0181215088814497,1,0.20997674763202667,,,,,,,,,,,,,,,,,,,,,,,,,,,
238,"no_changes,universal_edges,all_inverse_edges",714,714,3,0.04067022974292437,0,23,,0.29178570707639057,4.686891204910353,1,0.022746248170733452,1,0.01628035120666027,1,0.0829840898513794,,,,,,,,,,,,,,,,,,,,,,,,,,,
239,"universal_edges,all_inverse_edges,no_changes",717,717,3,0.038032262586057186,0,23,,0.29178570707639057,4.667186931939796,1,0.021148543804883957,1,0.0146466800943017,1,0.0783015638589859,,,,,,,,,,,,,,,,,,,,,,,,,,,
240,"no_changes,universal_edges,all_inverse_edges",720,720,3,0.07301881350576878,1,24,0.29472850759824115,0.29472850759824115,20.30681831110269,1,0.019785217940807343,1,0.014812519773840904,1,0.18445870280265808,0.21051420271396637,0.2829172611236572,0.22000659195781147,0.3177323665128543,0.39551746868820037,0.9865123373014334,0.8439047197266063,0.7739617666446935,0.804783140630084,0.2401966005563736,0.3241495192050934,0.264502307185234,0.36090969017798286,0.4199077125906394,0.9875851461217315,0.864571207058613,0.7825840474620962,0.8181437523817492,0.21182066202163696,0.2771187424659729,0.2073170731707317,0.31641397495056034,0.4024390243902439,0.9872749363423682,0.8541839756501196,0.7879169413315754,0.817467878939961
241,"universal_edges,all_inverse_edges,no_changes",723,723,3,0.07117962216337521,0,24,,0.29472850759824115,4.674646981060505,1,0.0202337596565485,1,0.015025230124592781,1,0.17827987670898438,,,,,,,,,,,,,,,,,,,,,,,,,,,
242,"universal_edges,no_changes,all_inverse_edges",726,726,3,0.03659687377512455,0,24,,0.29472850759824115,4.68662624200806,1,0.01804780215024948,1,0.014297505840659142,1,0.07744531333446503,,,,,,,,,,,,,,,,,,,,,,,,,,,
243,"no_changes,universal_edges,all_inverse_edges",729,729,3,0.17373403906822205,0,24,,0.29472850759824115,4.6778910739813,1,0.3156895339488983,1,0.11950076371431351,1,0.08601181954145432,,,,,,,,,,,,,,,,,,,,,,,,,,,
244,"no_changes,all_inverse_edges,universal_edges",732,732,3,0.05215020105242729,0,24,,0.29472850759824115,4.683763426030055,1,0.023673120886087418,1,0.018118657171726227,1,0.11465882509946823,,,,,,,,,,,,,,,,,,,,,,,,,,,
245,"no_changes,universal_edges,all_inverse_edges",735,735,3,0.16872169139484564,0,24,,0.29472850759824115,4.674800598993897,1,0.3086695373058319,1,0.018460514023900032,1,0.179035022854805,,,,,,,,,,,,,,,,,,,,,,,,,,,
246,"universal_edges,all_inverse_edges,no_changes",738,738,3,0.038443380345900856,0,24,,0.29472850759824115,4.6749077250715345,1,0.01930156722664833,1,0.014917589724063873,1,0.08111098408699036,,,,,,,,,,,,,,,,,,,,,,,,,,,
247,"universal_edges,no_changes,all_inverse_edges",741,741,3,0.16707917302846909,0,24,,0.29472850759824115,4.678957872092724,1,0.3024749159812927,1,0.11559531092643738,1,0.08316729217767715,,,,,,,,,,,,,,,,,,,,,,,,,,,
248,"no_changes,all_inverse_edges,universal_edges",744,744,3,0.07476126340528329,0,24,,0.29472850759824115,4.684620349900797,1,0.019401956349611282,1,0.017373057082295418,1,0.18750877678394318,,,,,,,,,,,,,,,,,,,,,,,,,,,
249,"universal_edges,all_inverse_edges,no_changes",747,747,3,0.04152796448518833,0,24,,0.29472850759824115,4.677026884164661,1,0.019360674545168877,1,0.014925512485206127,1,0.09029770642518997,,,,,,,,,,,,,,,,,,,,,,,,,,,
250,"no_changes,all_inverse_edges,universal_edges",750,750,3,0.049177357306083046,1,25,0.29944951335589093,0.29944951335589093,20.282467532902956,1,0.016798853874206543,1,0.019980739802122116,1,0.11075247824192047,0.2163856476545334,0.2926349639892578,0.22791694133157547,0.3350362557679631,0.4047462096242584,0.9874558920469968,0.8620179293968346,0.7815491100856955,0.8165186569352872,0.24413925409317017,0.3293118178844452,0.26862228081740275,0.36585365853658536,0.4278180619644034,0.9883025062365091,0.8763366908954374,0.7923170731707316,0.8288082744390466,0.21030038595199585,0.2764017581939697,0.20319709953856296,0.3197099538562953,0.40540540540540543,0.987695012085256,0.8561965222177417,0.8021819380355966,0.8268670606974081
251,"all_inverse_edges,no_changes,universal_edges",753,753,3,0.04856111171344916,0,25,,0.29944951335589093,4.683417755179107,1,0.017686648294329643,1,0.022054079920053482,1,0.10594260692596436,,,,,,,,,,,,,,,,,,,,,,,,,,,
252,"universal_edges,no_changes,all_inverse_edges",756,756,3,0.18015163019299507,0,25,,0.29944951335589093,4.673486876068637,1,0.3107224106788635,1,0.045625459402799606,1,0.18410702049732208,,,,,,,,,,,,,,,,,,,,,,,,,,,
253,"universal_edges,all_inverse_edges,no_changes",759,759,3,0.04636994873483976,0,25,,0.29944951335589093,4.688742896076292,1,0.017948241904377937,1,0.024950014427304268,1,0.09621158987283707,,,,,,,,,,,,,,,,,,,,,,,,,,,
254,"all_inverse_edges,no_changes,universal_edges",762,762,3,0.10833999887108803,0,25,,0.29944951335589093,4.683330480009317,1,0.016812358051538467,1,0.11431754380464554,1,0.19389009475708008,,,,,,,,,,,,,,,,,,,,,,,,,,,
255,"universal_edges,no_changes,all_inverse_edges",765,765,3,0.050166636084516845,0,25,,0.29944951335589093,4.681271477835253,1,0.018029581755399704,1,0.026882024481892586,1,0.10558830201625824,,,,,,,,,,,,,,,,,,,,,,,,,,,
256,"no_changes,universal_edges,all_inverse_edges",768,768,3,0.1024279526124398,0,25,,0.29944951335589093,4.680512455990538,1,0.017221810296177864,1,0.11021151393651962,1,0.1798505336046219,,,,,,,,,,,,,,,,,,,,,,,,,,,
257,"universal_edges,no_changes,all_inverse_edges",771,771,3,0.04512706957757473,0,25,,0.29944951335589093,4.681886598933488,1,0.018401360139250755,1,0.021995801478624344,1,0.09498404711484909,,,,,,,,,,,,,,,,,,,,,,,,,,,
258,"all_inverse_edges,universal_edges,no_changes",774,774,3,0.04903534489373366,0,25,,0.29944951335589093,4.672936190851033,1,0.02246805466711521,1,0.02123509719967842,1,0.10340288281440735,,,,,,,,,,,,,,,,,,,,,,,,,,,
259,"all_inverse_edges,no_changes,universal_edges",777,777,3,0.04751326764623324,0,25,,0.29944951335589093,4.685190550982952,1,0.01613362319767475,1,0.018423641100525856,1,0.10798253864049911,,,,,,,,,,,,,,,,,,,,,,,,,,,
260,"universal_edges,no_changes,all_inverse_edges",780,780,3,0.044545490915576615,1,26,0.3150955339272817,0.3150955339272817,20.308230848051608,1,0.021489201113581657,1,0.015660084784030914,1,0.09648718684911728,0.2235414832830429,0.30984383821487427,0.2554383651944628,0.34311140408701385,0.40540540540540543,0.987061667119056,0.860395912697703,0.7679433091628214,0.8070541211198536,0.2438366413116455,0.3397328555583954,0.2877389584706658,0.3704680290046144,0.4204021094264997,0.9880956997169336,0.884896899756533,0.7728312458800264,0.8188990958065193,0.220302015542984,0.29570990800857544,0.23236651285431772,0.3300922874093606,0.4067237969676994,0.9876820866777826,0.8644796724779398,0.7866710613052077,0.820710461542573
261,"universal_edges,all_inverse_edges,no_changes",783,783,3,0.04062769499917825,0,26,,0.3150955339272817,4.6807751869782805,1,0.017031926661729813,1,0.012182282283902168,1,0.09266887605190277,,,,,,,,,,,,,,,,,,,,,,,,,,,
262,"universal_edges,no_changes,all_inverse_edges",786,786,3,0.040926285708944,0,26,,0.3150955339272817,4.6777057140134275,1,0.01620154082775116,1,0.015360141173005104,1,0.09121717512607574,,,,,,,,,,,,,,,,,,,,,,,,,,,
263,"universal_edges,no_changes,all_inverse_edges",789,789,3,0.03590441339959701,0,26,,0.3150955339272817,4.673771291971207,1,0.01490204781293869,1,0.011141250841319561,1,0.08166994154453278,,,,,,,,,,,,,,,,,,,,,,,,,,,
264,"no_changes,universal_edges,all_inverse_edges",792,792,3,0.03990205594648918,0,26,,0.3150955339272817,4.683153802063316,1,0.01415746845304966,1,0.011412319727241993,1,0.09413637965917587,,,,,,,,,,,,,,,,,,,,,,,,,,,
265,"all_inverse_edges,no_changes,universal_edges",795,795,3,0.14528392845143875,0,26,,0.3150955339272817,4.686983017018065,1,0.3231726586818695,1,0.011794897727668285,1,0.10088422894477844,,,,,,,,,,,,,,,,,,,,,,,,,,,
266,"no_changes,universal_edges,all_inverse_edges",798,798,3,0.04096038142840067,0,26,,0.3150955339272817,4.686022775014862,1,0.021148914471268654,1,0.015784194692969322,1,0.08594803512096405,,,,,,,,,,,,,,,,,,,,,,,,,,,
267,"universal_edges,all_inverse_edges,no_changes",801,801,3,0.03559455213447412,0,26,,0.3150955339272817,4.683646320831031,1,0.01821567490696907,1,0.013560721650719643,1,0.07500725984573364,,,,,,,,,,,,,,,,,,,,,,,,,,,
268,"universal_edges,all_inverse_edges,no_changes",804,804,3,0.04495128616690636,0,26,,0.3150955339272817,4.6847972348332405,1,0.016062550246715546,1,0.01251864805817604,1,0.10627266019582748,,,,,,,,,,,,,,,,,,,,,,,,,,,
269,"all_inverse_edges,universal_edges,no_changes",807,807,3,0.06713831362624963,0,26,,0.3150955339272817,4.692666732007638,1,0.016621233895421028,1,0.012628760188817978,1,0.1721649467945099,,,,,,,,,,,,,,,,,,,,,,,,,,,
270,"all_inverse_edges,no_changes,universal_edges",810,810,3,0.05689878358195225,1,27,0.3223954737186432,0.3223954737186432,20.30400558700785,1,0.014996695332229137,1,0.01207837462425232,1,0.1436212807893753,0.2260608971118927,0.31584829092025757,0.259228740936058,0.3515161502966381,0.4080421885299934,0.9883800586813499,0.9060092794440608,0.7590870138431114,0.8156514480645316,0.24746370315551758,0.3458046019077301,0.2953197099538563,0.3745880026367831,0.42748846407382995,0.9889810901288663,0.9263144378063822,0.7598780487804878,0.822113951432205,0.2261117547750473,0.3055335283279419,0.24423203691496376,0.34080421885299933,0.41034937376400793,0.9884705365336642,0.8946352507289361,0.7743144363876071,0.8231899059290765
271,"no_changes,universal_edges,all_inverse_edges",813,813,3,0.041599602128068604,0,27,,0.3223954737186432,4.678124614991248,1,0.014665847644209862,1,0.011482331901788712,1,0.09865062683820724,,,,,,,,,,,,,,,,,,,,,,,,,,,
272,"all_inverse_edges,no_changes,universal_edges",816,816,3,0.1883124072725574,0,27,,0.3223954737186432,4.680037634912878,1,0.3102099597454071,1,0.01151332538574934,1,0.2432139366865158,,,,,,,,,,,,,,,,,,,,,,,,,,,
273,"all_inverse_edges,no_changes,universal_edges",819,819,3,0.04427580504367749,0,27,,0.3223954737186432,4.678639682941139,1,0.020797312259674072,1,0.012227012775838375,1,0.09980309009552002,,,,,,,,,,,,,,,,,,,,,,,,,,,
274,"no_changes,universal_edges,all_inverse_edges",822,822,3,0.13628838180253902,0,27,,0.3223954737186432,4.6764558830764145,1,0.31140264868736267,1,0.0132296746596694,1,0.08423282206058502,,,,,,,,,,,,,,,,,,,,,,,,,,,
275,"all_inverse_edges,universal_edges,no_changes",825,825,3,0.04421244872113069,0,27,,0.3223954737186432,4.67535864491947,1,0.020620277151465416,1,0.012561578303575516,1,0.09945549070835114,,,,,,,,,,,,,,,,,,,,,,,,,,,
276,"universal_edges,all_inverse_edges,no_changes",828,828,3,0.0365631440654397,0,27,,0.3223954737186432,4.680226380936801,1,0.01594555377960205,1,0.011011171154677868,1,0.08273270726203918,,,,,,,,,,,,,,,,,,,,,,,,,,,
277,"all_inverse_edges,universal_edges,no_changes",831,831,3,0.04167465896656116,0,27,,0.3223954737186432,4.699563218047842,1,0.014938180334866047,1,0.011737305670976639,1,0.09834849089384079,,,,,,,,,,,,,,,,,,,,,,,,,,,
278,"all_inverse_edges,universal_edges,no_changes",834,834,3,0.13048433853934208,0,27,,0.3223954737186432,4.691648193867877,1,0.30463656783103943,1,0.01096158754080534,1,0.07585486024618149,,,,,,,,,,,,,,,,,,,,,,,,,,,
279,"universal_edges,no_changes,all_inverse_edges",837,837,3,0.03152935144801935,0,27,,0.3223954737186432,4.681210046866909,1,0.013904883526265621,1,0.010277955792844296,1,0.07040521502494812,,,,,,,,,,,,,,,,,,,,,,,,,,,
280,"all_inverse_edges,no_changes,universal_edges",840,840,3,0.05207662843167782,1,28,0.32163241505622864,0.3223954737186432,20.240953773027286,1,0.014218227006494999,1,0.00985096488147974,1,0.13216069340705872,0.226352721452713,0.312685489654541,0.2534607778510218,0.3521753460777851,0.41331575477916943,0.9876174596404151,0.8818532215503649,0.7591825972313777,0.8082700239923786,0.24633744359016418,0.3466261029243469,0.2926829268292683,0.3808503625576796,0.43342122610415296,0.9885416262747683,0.9083862691708278,0.762076466710613,0.8186107250120278,0.22661423683166504,0.305585652589798,0.2430784442979565,0.34063941990771257,0.41315095583388267,0.9877402510114132,0.8708034115057528,0.7789485827290705,0.8180880152920884
281,"universal_edges,all_inverse_edges,no_changes",843,843,3,0.030750798992812634,0,28,,0.3223954737186432,4.695012339856476,1,0.013988393358886242,1,0.010254478082060814,1,0.06800952553749084,,,,,,,,,,,,,,,,,,,,,,,,,,,
282,"all_inverse_edges,universal_edges,no_changes",846,846,3,0.06743410446991523,0,28,,0.3223954737186432,4.688279247842729,1,0.014194594696164131,1,0.00949572492390871,1,0.17861199378967285,,,,,,,,,,,,,,,,,,,,,,,,,,,
283,"universal_edges,no_changes,all_inverse_edges",849,849,3,0.06054300411293904,0,28,,0.3223954737186432,4.69261325802654,1,0.012930385768413544,1,0.010529610328376293,1,0.15816901624202728,,,,,,,,,,,,,,,,,,,,,,,,,,,
284,"all_inverse_edges,no_changes,universal_edges",852,852,3,0.05646960188945135,0,28,,0.3223954737186432,4.676299653016031,1,0.013028327375650406,1,0.009148288518190384,1,0.14723218977451324,,,,,,,,,,,,,,,,,,,,,,,,,,,
285,"universal_edges,no_changes,all_inverse_edges",855,855,3,0.1398012532542149,0,28,,0.3223954737186432,4.677579264855012,1,0.3067200481891632,1,0.013448609039187431,1,0.09923510253429413,,,,,,,,,,,,,,,,,,,,,,,,,,,
286,"no_changes,universal_edges,all_inverse_edges",858,858,3,0.056451255455613136,0,28,,0.3223954737186432,4.68494025291875,1,0.01714833453297615,1,0.01104537583887577,1,0.1411600559949875,,,,,,,,,,,,,,,,,,,,,,,,,,,
287,"no_changes,universal_edges,all_inverse_edges",861,861,3,0.04998460443069538,0,28,,0.3223954737186432,4.6923535850364715,1,0.012736057862639427,1,0.012648153118789196,1,0.1245696023106575,,,,,,,,,,,,,,,,,,,,,,,,,,,
288,"universal_edges,no_changes,all_inverse_edges",864,864,3,0.043440875286857285,0,28,,0.3223954737186432,4.670738524058834,1,0.016098391264677048,1,0.016481036320328712,1,0.0977431982755661,,,,,,,,,,,,,,,,,,,,,,,,,,,
289,"all_inverse_edges,universal_edges,no_changes",867,867,3,0.14044451620429754,0,28,,0.3223954737186432,4.677620741073042,1,0.30370479822158813,1,0.015221898443996906,1,0.10240685194730759,,,,,,,,,,,,,,,,,,,,,,,,,,,
290,"all_inverse_edges,universal_edges,no_changes",870,870,3,0.037383200911184154,1,29,0.32764442761739093,0.32764442761739093,20.311237883986905,1,0.017004026100039482,1,0.011872814036905766,1,0.08327276259660721,0.22550068795681,0.31813862919807434,0.2628543177323665,0.3488793671720501,0.4134805537244562,0.9875851461217315,0.8638871865880176,0.7837145682267633,0.8186078428917323,0.24752600491046906,0.35449573397636414,0.3075148319050758,0.3813447593935399,0.4312788398154252,0.9885804024971887,0.888261704642335,0.7859986816084377,0.8290341336582705,0.2269814908504486,0.3102989196777344,0.2516479894528675,0.3412986156888596,0.41018457481872117,0.9867062184135355,0.8377283082385725,0.7971555702043507,0.8160806116648571
291,"no_changes,universal_edges,all_inverse_edges",873,873,3,0.17515977223714194,0,29,,0.32764442761739093,4.6844129238743335,1,0.3024764657020569,1,0.14277106523513794,1,0.08023178577423096,,,,,,,,,,,,,,,,,,,,,,,,,,,
292,"no_changes,universal_edges,all_inverse_edges",876,876,3,0.11574997908125322,0,29,,0.32764442761739093,4.708711565937847,1,0.012873013503849506,1,0.12092228978872299,1,0.21345463395118713,,,,,,,,,,,,,,,,,,,,,,,,,,,
293,"all_inverse_edges,universal_edges,no_changes",879,879,3,0.07177151925861835,0,29,,0.32764442761739093,4.718943935120478,1,0.014687677845358849,1,0.1220826730132103,1,0.07854420691728592,,,,,,,,,,,,,,,,,,,,,,,,,,,
294,"no_changes,universal_edges,all_inverse_edges",882,882,3,0.06841180628786485,0,29,,0.32764442761739093,4.671901914058253,1,0.013648251071572304,1,0.012045654468238354,1,0.17954151332378387,,,,,,,,,,,,,,,,,,,,,,,,,,,
295,"no_changes,all_inverse_edges,universal_edges",885,885,3,0.034346994323035084,0,29,,0.32764442761739093,4.674012823030353,1,0.014393015764653683,1,0.010643718764185905,1,0.07800424844026566,,,,,,,,,,,,,,,,,,,,,,,,,,,
296,"no_changes,all_inverse_edges,universal_edges",888,888,3,0.06348388517896335,0,29,,0.32764442761739093,4.679523661034182,1,0.012743707746267319,1,0.10665715485811234,1,0.07105079293251038,,,,,,,,,,,,,,,,,,,,,,,,,,,
297,"all_inverse_edges,universal_edges,no_changes",891,891,3,0.1256752908229828,0,29,,0.32764442761739093,4.680684866849333,1,0.2984914481639862,1,0.012997649610042572,1,0.06553677469491959,,,,,,,,,,,,,,,,,,,,,,,,,,,
298,"all_inverse_edges,universal_edges,no_changes",894,894,3,0.03288123042633136,0,29,,0.32764442761739093,4.6737016218248755,1,0.014856991358101368,1,0.01412234827876091,1,0.0696643516421318,,,,,,,,,,,,,,,,,,,,,,,,,,,
299,"no_changes,all_inverse_edges,universal_edges",897,897,3,0.03405650549878677,0,29,,0.32764442761739093,4.673850944964215,1,0.012758932076394558,1,0.01168103888630867,1,0.07772954553365707,,,,,,,,,,,,,,,,,,,,,,,,,,,
300,"universal_edges,no_changes,all_inverse_edges",900,900,3,0.1278515961021185,1,30,0.3190607229868571,0.32764442761739093,20.20418989402242,1,0.301954984664917,1,0.012053282931447029,1,0.06954652070999146,0.221912682056427,0.30842459201812744,0.2483520105471325,0.34014502307185235,0.4151285431773237,0.9877273256039396,0.8655692739894704,0.7866941331575478,0.8211416100291905,0.2452096790075302,0.3471444845199585,0.2943309162821358,0.3778839815425181,0.4352340145023072,0.9888001344242378,0.8867116759691105,0.7959624258404746,0.8350366984935047,0.22599001228809357,0.30161309242248535,0.23747528015820699,0.3335530652603823,0.4205669083717864,0.9882895808290356,0.8700745732972617,0.8016776532630191,0.8322322473644006
301,"universal_edges,all_inverse_edges,no_changes",903,903,3,0.06969053236146767,0,30,,0.32764442761739093,4.68213923717849,1,0.024500207975506783,1,0.01582646742463112,1,0.16874492168426514,,,,,,,,,,,,,,,,,,,,,,,,,,,
302,"universal_edges,no_changes,all_inverse_edges",906,906,3,0.03971384589870771,0,30,,0.32764442761739093,4.674168169032782,1,0.02128257416188717,1,0.014755187556147575,1,0.08310377597808838,,,,,,,,,,,,,,,,,,,,,,,,,,,
303,"universal_edges,no_changes,all_inverse_edges",909,909,3,0.037370651649932064,0,30,,0.32764442761739093,4.686182003933936,1,0.020889898762106895,1,0.011212320066988468,1,0.08000973612070084,,,,,,,,,,,,,,,,,,,,,,,,,,,
304,"no_changes,all_inverse_edges,universal_edges",912,912,3,0.04626757993052403,0,30,,0.32764442761739093,4.680402756901458,1,0.01451337244361639,1,0.012225400656461716,1,0.11206396669149399,,,,,,,,,,,,,,,,,,,,,,,,,,,
305,"no_changes,all_inverse_edges,universal_edges",915,915,3,0.07128261867910624,0,30,,0.32764442761739093,4.684496897971258,1,0.017387764528393745,1,0.011694558896124363,1,0.1847655326128006,,,,,,,,,,,,,,,,,,,,,,,,,,,
306,"universal_edges,no_changes,all_inverse_edges",918,918,3,0.04360212044169506,0,30,,0.32764442761739093,4.675575722940266,1,0.015853768214583397,1,0.010078645311295986,1,0.10487394779920578,,,,,,,,,,,,,,,,,,,,,,,,,,,
307,"no_changes,all_inverse_edges,universal_edges",921,921,3,0.04550391994416714,0,30,,0.32764442761739093,4.68454340309836,1,0.014142325147986412,1,0.010618340224027634,1,0.11175109446048737,,,,,,,,,,,,,,,,,,,,,,,,,,,
308,"no_changes,universal_edges,all_inverse_edges",924,924,3,0.033912734438975654,0,30,,0.32764442761739093,4.679107735166326,1,0.013591383583843708,1,0.009472600184381008,1,0.07867421954870224,,,,,,,,,,,,,,,,,,,,,,,,,,,
309,"no_changes,all_inverse_edges,universal_edges",927,927,3,0.04209457244724035,0,30,,0.32764442761739093,4.685043205041438,1,0.013439767993986607,1,0.009984884411096573,1,0.10285906493663788,,,,,,,,,,,,,,,,,,,,,,,,,,,
310,"all_inverse_edges,no_changes,universal_edges",930,930,3,0.0715873430793484,1,31,0.3166995644569397,0.32764442761739093,20.248671456007287,1,0.012914334423840046,1,0.009457491338253021,1,0.19239020347595215,0.22260522842407227,0.3113807737827301,0.25115359261700726,0.34937376400791037,0.41232696110744893,0.9880827743094601,0.8927412980911393,0.7629729729729731,0.8144692704545075,0.24560712277889252,0.3451365530490875,0.2903757415952538,0.3785431773236651,0.4322676334871457,0.9889487766101827,0.9148307224026682,0.769067237969677,0.8257805464591637,0.2202673852443695,0.29358136653900146,0.22116018457481873,0.3399802241265656,0.41430454845088993,0.9882378791991417,0.8779912629584299,0.7874390243902439,0.8262762298693356
311,"universal_edges,no_changes,all_inverse_edges",933,933,3,0.039976646502812706,0,31,,0.32764442761739093,4.679798495024443,1,0.012293407693505287,1,0.009763998910784721,1,0.0978725329041481,,,,,,,,,,,,,,,,,,,,,,,,,,,
312,"all_inverse_edges,universal_edges,no_changes",936,936,3,0.13725939486175776,0,31,,0.32764442761739093,4.687387368874624,1,0.3280288279056549,1,0.00952108483761549,1,0.07422827184200287,,,,,,,,,,,,,,,,,,,,,,,,,,,
313,"universal_edges,no_changes,all_inverse_edges",939,939,3,0.16353710864981016,0,31,,0.32764442761739093,4.676531885983422,1,0.30429312586784363,1,0.019581731408834457,1,0.16673646867275238,,,,,,,,,,,,,,,,,,,,,,,,,,,
314,"universal_edges,all_inverse_edges,no_changes",942,942,3,0.07102934209009011,0,31,,0.32764442761739093,4.670790574979037,1,0.027240943163633347,1,0.020320797339081764,1,0.16552628576755524,,,,,,,,,,,,,,,,,,,,,,,,,,,
315,"no_changes,all_inverse_edges,universal_edges",945,945,3,0.04557677482565244,0,31,,0.32764442761739093,4.674973865039647,1,0.01789158396422863,1,0.01889277808368206,1,0.09994596242904663,,,,,,,,,,,,,,,,,,,,,,,,,,,
316,"universal_edges,no_changes,all_inverse_edges",948,948,3,0.04294914690156778,0,31,,0.32764442761739093,4.676368450978771,1,0.03510114923119545,1,0.027183154597878456,1,0.06656313687562943,,,,,,,,,,,,,,,,,,,,,,,,,,,
317,"no_changes,universal_edges,all_inverse_edges",951,951,3,0.09988921632369359,0,31,,0.32764442761739093,4.672409281134605,1,0.03156695514917374,1,0.12764300405979156,1,0.14045768976211548,,,,,,,,,,,,,,,,,,,,,,,,,,,
318,"no_changes,universal_edges,all_inverse_edges",954,954,3,0.09373053163290024,0,31,,0.32764442761739093,4.672720283037052,1,0.04924570769071579,1,0.12177462875843048,1,0.11017125844955444,,,,,,,,,,,,,,,,,,,,,,,,,,,
319,"all_inverse_edges,no_changes,universal_edges",957,957,3,0.1660658090064923,0,31,,0.32764442761739093,4.675666863098741,1,0.30361077189445496,1,0.013025438413023949,1,0.18156121671199799,,,,,,,,,,,,,,,,,,,,,,,,,,,
320,"universal_edges,no_changes,all_inverse_edges",960,960,3,0.14959865684310594,1,32,0.29509448011716205,0.32764442761739093,20.25464625400491,1,0.3046391010284424,1,0.03829817846417427,1,0.1058586910367012,0.2034464329481125,0.27635708451271057,0.2099538562953197,0.31756756756756754,0.39238628872775216,0.9841275996225781,0.7969467574113185,0.7758141067897166,0.785969150544668,0.23595109581947327,0.3246089816093445,0.26071193144363874,0.36437046802900463,0.4297956493078444,0.9854330657773986,0.8155955177583518,0.7914996704021093,0.8030441488121445,0.2160903662443161,0.28431737422943115,0.21341463414634146,0.32481872116018456,0.4070533948582729,0.9821112360567167,0.7650524446265122,0.8080553724456163,0.7848403914745266
321,"no_changes,universal_edges,all_inverse_edges",963,963,3,0.18489785678684711,0,32,,0.32764442761739093,4.676001382991672,1,0.023929335176944733,1,0.01664079539477825,1,0.5141234397888184,,,,,,,,,,,,,,,,,,,,,,,,,,,
322,"no_changes,universal_edges,all_inverse_edges",966,966,3,0.1511399776985248,0,32,,0.32764442761739093,4.689339180011302,1,0.021708602085709572,1,0.14743028581142426,1,0.28428104519844055,,,,,,,,,,,,,,,,,,,,,,,,,,,
323,"all_inverse_edges,universal_edges,no_changes",969,969,3,0.058601400504509606,0,32,,0.32764442761739093,4.674987582955509,1,0.020587153732776642,1,0.014575999230146408,1,0.14064104855060577,,,,,,,,,,,,,,,,,,,,,,,,,,,
324,"all_inverse_edges,universal_edges,no_changes",972,972,3,0.11483662016689777,0,32,,0.32764442761739093,4.680274598998949,1,0.022226950153708458,1,0.1608927696943283,1,0.16139014065265656,,,,,,,,,,,,,,,,,,,,,,,,,,,
325,"universal_edges,no_changes,all_inverse_edges",975,975,3,0.05050289444625378,0,32,,0.32764442761739093,4.6823194939643145,1,0.01960439421236515,1,0.029041558504104614,1,0.10286273062229156,,,,,,,,,,,,,,,,,,,,,,,,,,,
326,"no_changes,universal_edges,all_inverse_edges",978,978,3,0.06124808049450318,0,32,,0.32764442761739093,4.683320018928498,1,0.016693616285920143,1,0.014921213500201702,1,0.1521294116973877,,,,,,,,,,,,,,,,,,,,,,,,,,,
327,"universal_edges,all_inverse_edges,no_changes",981,981,3,0.10357273990909259,0,32,,0.32764442761739093,4.6849417358171195,1,0.02118343859910965,1,0.015408162027597427,1,0.2741266191005707,,,,,,,,,,,,,,,,,,,,,,,,,,,
328,"no_changes,all_inverse_edges,universal_edges",984,984,3,0.05045107721040646,0,32,,0.32764442761739093,4.680997683899477,1,0.014559670351445675,1,0.013278849422931671,1,0.12351471185684204,,,,,,,,,,,,,,,,,,,,,,,,,,,
329,"no_changes,universal_edges,all_inverse_edges",987,987,3,0.21418322871128717,0,32,,0.32764442761739093,4.682332456111908,1,0.31320515275001526,1,0.117716945707798,1,0.21162758767604828,,,,,,,,,,,,,,,,,,,,,,,,,,,
330,"universal_edges,all_inverse_edges,no_changes",990,990,3,0.04466730604569117,1,33,0.29057808717091876,0.32764442761739093,20.265403733123094,1,0.024722613394260406,1,0.02071826159954071,1,0.0885610431432724,0.20982980728149414,0.28217142820358276,0.21555702043506922,0.3202043506921556,0.4037574159525379,0.985374901443768,0.8232452358391712,0.7646605141727093,0.7908862804007724,0.23816120624542236,0.323262095451355,0.261865524060646,0.36255767963085034,0.42649967040210945,0.9859823955950211,0.83336900125217,0.771430454845089,0.7990710114282185,0.2127790004014969,0.2663007378578186,0.19759393539881345,0.30009887936717206,0.3974950560316414,0.9862796799669109,0.8367714925166045,0.7783651944627554,0.8046585703669964
331,"all_inverse_edges,no_changes,universal_edges",993,993,3,0.0444113751873374,0,33,,0.32764442761739093,4.678490363061428,1,0.0152354771271348,1,0.012968715280294418,1,0.10502993315458298,,,,,,,,,,,,,,,,,,,,,,,,,,,
332,"all_inverse_edges,universal_edges,no_changes",996,996,3,0.03809302641699711,0,33,,0.32764442761739093,4.682449572021142,1,0.017903177067637444,1,0.011417930014431477,1,0.08495797216892242,,,,,,,,,,,,,,,,,,,,,,,,,,,
333,"all_inverse_edges,no_changes,universal_edges",999,999,3,0.04835619901617368,0,33,,0.32764442761739093,4.686826003948227,1,0.01327162142843008,1,0.010265720076858997,1,0.12153125554323196,,,,,,,,,,,,,,,,,,,,,,,,,,,
334,"universal_edges,no_changes,all_inverse_edges",1002,1002,3,0.04342319971571366,0,33,,0.32764442761739093,4.68194002402015,1,0.01491035521030426,1,0.011117232032120228,1,0.10424201190471649,,,,,,,,,,,,,,,,,,,,,,,,,,,
335,"universal_edges,all_inverse_edges,no_changes",1005,1005,3,0.07443805069973071,0,33,,0.32764442761739093,4.673977469094098,1,0.013926775194704533,1,0.12244122475385666,1,0.08694615215063095,,,,,,,,,,,,,,,,,,,,,,,,,,,
336,"no_changes,all_inverse_edges,universal_edges",1008,1008,3,0.055168358609080315,0,33,,0.32764442761739093,4.692289513070136,1,0.015303319320082664,1,0.019099701195955276,1,0.131102055311203,,,,,,,,,,,,,,,,,,,,,,,,,,,
337,"no_changes,all_inverse_edges,universal_edges",1011,1011,3,0.04127361377080282,0,33,,0.32764442761739093,4.686454121954739,1,0.016194812953472137,1,0.01849353313446045,1,0.08913249522447586,,,,,,,,,,,,,,,,,,,,,,,,,,,
338,"all_inverse_edges,universal_edges,no_changes",1014,1014,3,0.13695500791072845,0,33,,0.32764442761739093,4.683717374922708,1,0.3122682273387909,1,0.01261109858751297,1,0.0859856978058815,,,,,,,,,,,,,,,,,,,,,,,,,,,
339,"all_inverse_edges,universal_edges,no_changes",1017,1017,3,0.036746321246027946,0,33,,0.32764442761739093,4.688961092848331,1,0.015586099587380886,1,0.014442126266658306,1,0.08021073788404465,,,,,,,,,,,,,,,,,,,,,,,,,,,
340,"all_inverse_edges,universal_edges,no_changes",1020,1020,3,0.03398501997192701,1,34,0.319060077269872,0.32764442761739093,20.230015033856034,1,0.015545454807579517,1,0.01359559502452612,1,0.07281401008367538,0.22337883710861206,0.312588632106781,0.25379037574159524,0.34805537244561635,0.4169413315754779,0.9876626985665723,0.8717286236847782,0.7745484508899143,0.8155018724294902,0.24690495431423187,0.34487953782081604,0.29087013843111403,0.3765655899802241,0.43309162821357944,0.988793671720501,0.8926067983798117,0.7880454845088991,0.8319442960686345,0.22407780587673187,0.29971206188201904,0.23681608437705998,0.33618984838497035,0.4044166117336849,0.9880181472720928,0.8678499841074283,0.7945945945945946,0.8269838016188285
341,"all_inverse_edges,no_changes,universal_edges",1023,1023,3,0.07676861683527629,0,34,,0.32764442761739093,4.676084141014144,1,0.01461793202906847,1,0.013753685168921947,1,0.20193423330783844,,,,,,,,,,,,,,,,,,,,,,,,,,,
342,"all_inverse_edges,no_changes,universal_edges",1026,1026,3,0.03221310954540968,0,34,,0.32764442761739093,4.685895785922185,1,0.015403925441205502,1,0.010488929226994514,1,0.07074647396802902,,,,,,,,,,,,,,,,,,,,,,,,,,,
343,"universal_edges,all_inverse_edges,no_changes",1029,1029,3,0.0671874126419425,0,34,,0.32764442761739093,4.685632169013843,1,0.014203677885234356,1,0.01128503866493702,1,0.17607352137565613,,,,,,,,,,,,,,,,,,,,,,,,,,,
344,"no_changes,universal_edges,all_inverse_edges",1032,1032,3,0.060580115454892315,0,34,,0.32764442761739093,4.676560485037044,1,0.012503082863986492,1,0.10676451027393341,1,0.06247275322675705,,,,,,,,,,,,,,,,,,,,,,,,,,,
345,"universal_edges,all_inverse_edges,no_changes",1035,1035,3,0.027367322705686092,0,34,,0.32764442761739093,4.684443979989737,1,0.012992250733077526,1,0.010198472067713737,1,0.058911245316267014,,,,,,,,,,,,,,,,,,,,,,,,,,,
346,"all_inverse_edges,universal_edges,no_changes",1038,1038,3,0.060358913304905094,0,34,,0.32764442761739093,4.685563809005544,1,0.012460959143936634,1,0.1023225411772728,1,0.06629323959350586,,,,,,,,,,,,,,,,,,,,,,,,,,,
347,"no_changes,universal_edges,all_inverse_edges",1041,1041,3,0.030320043365160625,0,34,,0.32764442761739093,4.677858863025904,1,0.011493876576423645,1,0.009347386658191681,1,0.07011886686086655,,,,,,,,,,,,,,,,,,,,,,,,,,,
348,"universal_edges,all_inverse_edges,no_changes",1044,1044,3,0.06113380131622156,0,34,,0.32764442761739093,4.682885681046173,1,0.011499162763357162,1,0.009497718885540962,1,0.16240452229976654,,,,,,,,,,,,,,,,,,,,,,,,,,,
349,"universal_edges,all_inverse_edges,no_changes",1047,1047,3,0.05824526399374008,0,34,,0.32764442761739093,4.681165589950979,1,0.012539491057395935,1,0.10198204219341278,1,0.06021425873041153,,,,,,,,,,,,,,,,,,,,,,,,,,,
350,"all_inverse_edges,universal_edges,no_changes",1050,1050,3,0.08876449366410573,1,35,0.3298466205596924,0.3298466205596924,20.28269121516496,1,0.012354381382465363,1,0.09498856216669083,1,0.158950537443161,0.2301318347454071,0.32436418533325195,0.26862228081740275,0.3572841133816744,0.42023731048121293,0.9884123722000336,0.8987709744924353,0.7676631509558338,0.8197759492659309,0.2545842230319977,0.3543672561645508,0.3033948582729071,0.38167435728411336,0.4368820039551747,0.9890974187961276,0.9090358429954342,0.7796407382992749,0.8316742640617594,0.23345839977264404,0.3108084201812744,0.24620962425840476,0.3439353988134476,0.4258404746209624,0.9888518360541316,0.8930538989639127,0.7895286750164798,0.8330978384609602
351,"all_inverse_edges,no_changes,universal_edges",1053,1053,3,0.08677035756409168,0,35,,0.3298466205596924,4.682848241878673,1,0.011428339406847954,1,0.09742509573698044,1,0.15145763754844666,,,,,,,,,,,,,,,,,,,,,,,,,,,
352,"all_inverse_edges,no_changes,universal_edges",1056,1056,3,0.05529221395651499,0,35,,0.3298466205596924,4.673180765938014,1,0.011124808341264725,1,0.09473773092031479,1,0.06001410260796547,,,,,,,,,,,,,,,,,,,,,,,,,,,
353,"universal_edges,no_changes,all_inverse_edges",1059,1059,3,0.025429851996401947,0,35,,0.3298466205596924,4.682009482057765,1,0.011897919699549675,1,0.010064356960356236,1,0.05432727932929993,,,,,,,,,,,,,,,,,,,,,,,,,,,
354,"universal_edges,all_inverse_edges,no_changes",1062,1062,3,0.026033884845674038,0,35,,0.3298466205596924,4.678241071058437,1,0.010599736124277115,1,0.009083275683224201,1,0.0584186427295208,,,,,,,,,,,,,,,,,,,,,,,,,,,
355,"no_changes,all_inverse_edges,universal_edges",1065,1065,3,0.06135332863777876,0,35,,0.3298466205596924,4.669912538956851,1,0.01050620898604393,1,0.010025140829384327,1,0.16352863609790802,,,,,,,,,,,,,,,,,,,,,,,,,,,
356,"no_changes,all_inverse_edges,universal_edges",1068,1068,3,0.0332607040181756,0,35,,0.3298466205596924,4.67656432883814,1,0.01176824327558279,1,0.00865739956498146,1,0.07935646921396255,,,,,,,,,,,,,,,,,,,,,,,,,,,
357,"universal_edges,no_changes,all_inverse_edges",1071,1071,3,0.0288363058740894,0,35,,0.3298466205596924,4.6749021739233285,1,0.012947582639753819,1,0.010641591623425484,1,0.0629197433590889,,,,,,,,,,,,,,,,,,,,,,,,,,,
358,"universal_edges,no_changes,all_inverse_edges",1074,1074,3,0.04670500196516514,0,35,,0.3298466205596924,4.669421768048778,1,0.011909701861441135,1,0.01122902799397707,1,0.11697627604007721,,,,,,,,,,,,,,,,,,,,,,,,,,,
359,"universal_edges,no_changes,all_inverse_edges",1077,1077,3,0.06275587466855843,0,35,,0.3298466205596924,4.67476787394844,1,0.013251114636659622,1,0.010965170338749886,1,0.1640513390302658,,,,,,,,,,,,,,,,,,,,,,,,,,,
360,"all_inverse_edges,universal_edges,no_changes",1080,1080,3,0.09010233264416456,1,36,0.31989574432373047,0.3298466205596924,20.267510792938992,1,0.014202193357050419,1,0.10404851287603378,1,0.15205629169940948,0.2288607805967331,0.3231957256793976,0.2663150955833883,0.35596572181938035,0.42073170731707316,0.9881280132356173,0.886974851713201,0.7713941990771259,0.8185976332979714,0.2523372769355774,0.3519500494003296,0.2976268951878708,0.3798615688859591,0.44100197758734344,0.9888324479429214,0.8952714926829971,0.7861272247857614,0.8315795478202153,0.21755671501159668,0.28454145789146423,0.20715227422544497,0.33025708635464734,0.41825972313777193,0.987475280158207,0.8507146307605575,0.8036849044166117,0.8254274569427613
361,"universal_edges,no_changes,all_inverse_edges",1083,1083,3,0.07758713327348232,0,36,,0.3298466205596924,4.676206771051511,1,0.012797856703400612,1,0.10993071645498276,1,0.1100328266620636,,,,,,,,,,,,,,,,,,,,,,,,,,,
362,"no_changes,all_inverse_edges,universal_edges",1086,1086,3,0.07929383187244336,0,36,,0.3298466205596924,4.684480025898665,1,0.011418337002396584,1,0.014137943275272846,1,0.21232521533966064,,,,,,,,,,,,,,,,,,,,,,,,,,,
363,"no_changes,all_inverse_edges,universal_edges",1089,1089,3,0.08194460750867923,0,36,,0.3298466205596924,4.67780572315678,1,0.01542746927589178,1,0.02168683148920536,1,0.20871952176094055,,,,,,,,,,,,,,,,,,,,,,,,,,,
364,"all_inverse_edges,universal_edges,no_changes",1092,1092,3,0.1968786927560965,0,36,,0.3298466205596924,4.679094491060823,1,0.30396148562431335,1,0.023653123527765274,1,0.26302146911621094,,,,,,,,,,,,,,,,,,,,,,,,,,,
365,"all_inverse_edges,universal_edges,no_changes",1095,1095,3,0.09373529441654682,0,36,,0.3298466205596924,4.679640656104311,1,0.020370669662952423,1,0.023329926654696465,1,0.23750528693199158,,,,,,,,,,,,,,,,,,,,,,,,,,,
366,"no_changes,all_inverse_edges,universal_edges",1098,1098,3,0.0882704673955838,0,36,,0.3298466205596924,4.668011828092858,1,0.01773115061223507,1,0.029311925172805786,1,0.2177683264017105,,,,,,,,,,,,,,,,,,,,,,,,,,,
367,"no_changes,all_inverse_edges,universal_edges",1101,1101,3,0.09899567750593026,0,36,,0.3298466205596924,4.6740175960585475,1,0.021540457382798195,1,0.02395237609744072,1,0.2514941990375519,,,,,,,,,,,,,,,,,,,,,,,,,,,
368,"all_inverse_edges,universal_edges,no_changes",1104,1104,3,0.07069841275612514,0,36,,0.3298466205596924,4.682629437884316,1,0.05203669145703316,1,0.0334232933819294,1,0.12663525342941284,,,,,,,,,,,,,,,,,,,,,,,,,,,
369,"no_changes,all_inverse_edges,universal_edges",1107,1107,3,0.1584447299440702,0,36,,0.3298466205596924,4.679865350946784,1,0.3082346022129059,1,0.06925845891237259,1,0.09784112870693207,,,,,,,,,,,,,,,,,,,,,,,,,,,
370,"universal_edges,no_changes,all_inverse_edges",1110,1110,3,0.14209619288643202,1,37,0.3241601188977559,0.3298466205596924,20.266466072993353,1,0.025341328233480453,1,0.301622211933136,1,0.0993250384926796,0.22169171273708344,0.31279781460762024,0.25774555042847724,0.3419578114700066,0.4106789716545814,0.9874300412320498,0.8674195724405005,0.7718457481872116,0.8121628879367541,0.24402734637260437,0.3467082679271698,0.2976268951878708,0.3731048121292024,0.4293012524719842,0.9880633861982498,0.8816367479600817,0.775883322346737,0.8198793663668897,0.23095759749412537,0.3129742741584778,0.2556031641397495,0.34640738299274887,0.41117336849044167,0.9876109969366784,0.8737270106673292,0.769676994067238,0.8129118788842287
371,"no_changes,all_inverse_edges,universal_edges",1113,1113,3,0.13129980427523455,0,37,,0.3298466205596924,4.67463912605308,1,0.017986314371228218,1,0.1356518715620041,1,0.2402612268924713,,,,,,,,,,,,,,,,,,,,,,,,,,,
372,"no_changes,universal_edges,all_inverse_edges",1116,1116,3,0.07903944452603658,0,37,,0.3298466205596924,4.681680772919208,1,0.08681964874267578,1,0.06061211973428726,1,0.0896865651011467,,,,,,,,,,,,,,,,,,,,,,,,,,,
373,"universal_edges,all_inverse_edges,no_changes",1119,1119,3,0.1986369863152504,0,37,,0.3298466205596924,4.677280072821304,1,0.27659663558006287,1,0.21618595719337463,1,0.10312836617231369,,,,,,,,,,,,,,,,,,,,,,,,,,,
374,"all_inverse_edges,universal_edges,no_changes",1122,1122,3,0.1105514441927274,0,37,,0.3298466205596924,4.679598830873147,1,0.06677647680044174,1,0.06303846836090088,1,0.2018393874168396,,,,,,,,,,,,,,,,,,,,,,,,,,,
375,"all_inverse_edges,no_changes,universal_edges",1125,1125,3,0.12016782661279042,0,37,,0.3298466205596924,4.674965295009315,1,0.0396050289273262,1,0.21284209191799164,1,0.10805635899305344,,,,,,,,,,,,,,,,,,,,,,,,,,,
376,"no_changes,all_inverse_edges,universal_edges",1128,1128,3,0.09699169546365738,0,37,,0.3298466205596924,4.675208118977025,1,0.0817180797457695,1,0.10420352965593338,1,0.10505347698926926,,,,,,,,,,,,,,,,,,,,,,,,,,,
377,"all_inverse_edges,no_changes,universal_edges",1131,1131,3,0.2055539513627688,0,37,,0.3298466205596924,4.688415627926588,1,0.3424241542816162,1,0.17538978159427643,1,0.09884791821241379,,,,,,,,,,,,,,,,,,,,,,,,,,,
378,"all_inverse_edges,no_changes,universal_edges",1134,1134,3,0.15579490487774214,0,37,,0.3298466205596924,4.6741889209952205,1,0.034318793565034866,1,0.1685284972190857,1,0.26453742384910583,,,,,,,,,,,,,,,,,,,,,,,,,,,
379,"all_inverse_edges,no_changes,universal_edges",1137,1137,3,0.19090544184048971,0,37,,0.3298466205596924,4.672599841840565,1,0.10939005017280579,1,0.34063372015953064,1,0.12269255518913269,,,,,,,,,,,,,,,,,,,,,,,,,,,
380,"universal_edges,no_changes,all_inverse_edges",1140,1140,3,0.08142301564415295,1,38,0.18581480284531912,0.3298466205596924,20.266020864015445,1,0.04826706275343895,1,0.08811856806278229,1,0.10788341611623764,0.1378847360610962,0.16705936193466187,0.10299934080421885,0.1852340145023072,0.30372445616348054,0.9858079025941293,0.8416153407057319,0.7455009887936718,0.7853186511338183,0.16353565454483032,0.198586106300354,0.13117996044825314,0.21918259723137773,0.3403098220171391,0.9858531415202865,0.8313710633406084,0.7695880026367832,0.7971457794634349,0.15779848396778107,0.19179894030094147,0.12096242584047462,0.21638101516150296,0.34410019775873435,0.9868096216733232,0.8550888010627047,0.7661997363216875,0.8039887588022334
381,"no_changes,universal_edges,all_inverse_edges",1143,1143,3,0.10112908979256947,0,38,,0.3298466205596924,4.678677990101278,1,0.06733250617980957,1,0.06931710243225098,1,0.1667376607656479,,,,,,,,,,,,,,,,,,,,,,,,,,,
382,"universal_edges,no_changes,all_inverse_edges",1146,1146,3,0.18811003118753433,0,38,,0.3298466205596924,4.683099551824853,1,0.36403074860572815,1,0.07635409384965897,1,0.12394525110721588,,,,,,,,,,,,,,,,,,,,,,,,,,,
383,"universal_edges,no_changes,all_inverse_edges",1149,1149,3,0.1672380492091179,0,38,,0.3298466205596924,4.679886257043108,1,0.07038693875074387,1,0.2611883878707886,1,0.17013882100582123,,,,,,,,,,,,,,,,,,,,,,,,,,,
384,"no_changes,all_inverse_edges,universal_edges",1152,1152,3,0.1091940887272358,0,38,,0.3298466205596924,4.677344972966239,1,0.0481804795563221,1,0.03858979791402817,1,0.24081198871135712,,,,,,,,,,,,,,,,,,,,,,,,,,,
385,"universal_edges,no_changes,all_inverse_edges",1155,1155,3,0.10085601856311162,0,38,,0.3298466205596924,4.681687881005928,1,0.04584873095154762,1,0.03198139742016792,1,0.22473792731761932,,,,,,,,,,,,,,,,,,,,,,,,,,,
386,"universal_edges,all_inverse_edges,no_changes",1158,1158,3,0.12569402158260345,0,38,,0.3298466205596924,4.690591798862442,1,0.034729525446891785,1,0.14899341762065887,1,0.1933591216802597,,,,,,,,,,,,,,,,,,,,,,,,,,,
387,"no_changes,all_inverse_edges,universal_edges",1161,1161,3,0.15210454786817232,0,38,,0.3298466205596924,4.690377297112718,1,0.31739768385887146,1,0.030431699007749557,1,0.10848426073789597,,,,,,,,,,,,,,,,,,,,,,,,,,,
388,"universal_edges,all_inverse_edges,no_changes",1164,1164,3,0.13704024565716585,0,38,,0.3298466205596924,4.688295264961198,1,0.3096851110458374,1,0.02166454680263996,1,0.07977107912302017,,,,,,,,,,,,,,,,,,,,,,,,,,,
389,"no_changes,all_inverse_edges,universal_edges",1167,1167,3,0.06332413417597611,0,38,,0.3298466205596924,4.680805474054068,1,0.0287683866918087,1,0.025192296132445335,1,0.13601171970367432,,,,,,,,,,,,,,,,,,,,,,,,,,,
390,"no_changes,all_inverse_edges,universal_edges",1170,1170,3,0.07497176652153333,1,39,0.25519169867038727,0.3298466205596924,20.26584063912742,1,0.02314584143459797,1,0.01951460726559162,1,0.1822548508644104,0.19020426273345947,0.2424824833869934,0.1662821357943309,0.281641397495056,0.3879367172050099,0.9874041904171029,0.8748653336783256,0.7602043506921556,0.8067258326530415,0.2149515300989151,0.27436569333076477,0.19957152274225445,0.3162491760052736,0.40919578114700067,0.9883606705701398,0.9026444217404259,0.7618226763348714,0.8166899566281702,0.19730477035045624,0.24872691929340363,0.17320369149637443,0.28394858272907053,0.3958470665787739,0.9884059094962969,0.8960959323377458,0.7704054054054055,0.8208943068121124
391,"all_inverse_edges,no_changes,universal_edges",1173,1173,3,0.044093831131855644,0,39,,0.3298466205596924,4.67634541192092,1,0.021987425163388252,1,0.019656362012028694,1,0.09063770622015,,,,,,,,,,,,,,,,,,,,,,,,,,,
392,"all_inverse_edges,no_changes,universal_edges",1176,1176,3,0.03582036650429169,0,39,,0.3298466205596924,4.707747377920896,1,0.017967654392123222,1,0.015378168784081936,1,0.07411527633666992,,,,,,,,,,,,,,,,,,,,,,,,,,,
393,"no_changes,all_inverse_edges,universal_edges",1179,1179,3,0.03471658192574978,0,39,,0.3298466205596924,4.7397872330620885,1,0.01877318136394024,1,0.01579202339053154,1,0.06958454102277756,,,,,,,,,,,,,,,,,,,,,,,,,,,
394,"no_changes,all_inverse_edges,universal_edges",1182,1182,3,0.03185071827222904,0,39,,0.3298466205596924,4.68536357791163,1,0.016933325678110123,1,0.013688859529793262,1,0.06492996960878372,,,,,,,,,,,,,,,,,,,,,,,,,,,
395,"all_inverse_edges,universal_edges,no_changes",1185,1185,3,0.16785649582743645,0,39,,0.3298466205596924,4.6838306749705225,1,0.3123743534088135,1,0.129303440451622,1,0.061891693621873856,,,,,,,,,,,,,,,,,,,,,,,,,,,
396,"all_inverse_edges,no_changes,universal_edges",1188,1188,3,0.03599496247867743,0,39,,0.3298466205596924,4.712062899954617,1,0.020184867084026337,1,0.0202228594571352,1,0.06757716089487076,,,,,,,,,,,,,,,,,,,,,,,,,,,
397,"all_inverse_edges,universal_edges,no_changes",1191,1191,3,0.03444987100859483,0,39,,0.3298466205596924,4.71595420781523,1,0.0168476402759552,1,0.02356543578207493,1,0.06293653696775436,,,,,,,,,,,,,,,,,,,,,,,,,,,
398,"all_inverse_edges,no_changes,universal_edges",1194,1194,3,0.16360275447368622,0,39,,0.3298466205596924,4.72815325204283,1,0.3038089871406555,1,0.11100882291793823,1,0.0759904533624649,,,,,,,,,,,,,,,,,,,,,,,,,,,
399,"no_changes,all_inverse_edges,universal_edges",1197,1197,3,0.037554728177686535,0,39,,0.3298466205596924,4.715779127087444,1,0.025917835533618927,1,0.013559377752244473,1,0.0731869712471962,,,,,,,,,,,,,,,,,,,,,,,,,,,
400,"universal_edges,all_inverse_edges,no_changes",1200,1200,3,0.035896324863036476,1,40,0.3198700547218323,0.3298466205596924,20.9260557719972,1,0.02192763425409794,1,0.014644043520092964,1,0.07111729681491852,0.23004484176635742,0.3152708411216736,0.2556031641397495,0.35069215557020433,0.4213909030982202,0.9868483978957436,0.8408498605104365,0.7965820698747528,0.8171025062345385,0.251791775226593,0.3432901203632355,0.2883981542518128,0.3734344100197759,0.43342122610415296,0.9881474013468274,0.8635727083128559,0.8072577455504285,0.8329394077872392,0.22675324976444244,0.30104920268058777,0.23384970336189848,0.3373434410019776,0.42221489782465393,0.9879341321235152,0.8563541720166885,0.8121555702043507,0.8327230370845972
401,"all_inverse_edges,no_changes,universal_edges",1203,1203,3,0.03781912693132957,0,40,,0.3298466205596924,4.734672910999507,1,0.015538198873400688,1,0.0149923050776124,1,0.08292687684297562,,,,,,,,,,,,,,,,,,,,,,,,,,,
402,"universal_edges,no_changes,all_inverse_edges",1206,1206,3,0.0967105661208431,0,40,,0.3298466205596924,4.72621096088551,1,0.013242709450423717,1,0.10971247404813766,1,0.1671765148639679,,,,,,,,,,,,,,,,,,,,,,,,,,,
403,"universal_edges,no_changes,all_inverse_edges",1209,1209,3,0.04550846852362156,0,40,,0.3298466205596924,4.726218699943274,1,0.012738645076751709,1,0.011790914461016655,1,0.11199584603309631,,,,,,,,,,,,,,,,,,,,,,,,,,,
404,"universal_edges,all_inverse_edges,no_changes",1212,1212,3,0.13148139044642448,0,40,,0.3298466205596924,4.7193434338551015,1,0.2989846169948578,1,0.011584702879190445,1,0.08387485146522522,,,,,,,,,,,,,,,,,,,,,,,,,,,
405,"universal_edges,all_inverse_edges,no_changes",1215,1215,3,0.028809189486006897,0,40,,0.3298466205596924,4.713758755940944,1,0.01182936504483223,1,0.0108509985730052,1,0.06374720484018326,,,,,,,,,,,,,,,,,,,,,,,,,,,
406,"all_inverse_edges,universal_edges,no_changes",1218,1218,3,0.07045990973711014,0,40,,0.3298466205596924,4.726246607955545,1,0.012389212846755981,1,0.10017663240432739,1,0.09881388396024704,,,,,,,,,,,,,,,,,,,,,,,,,,,
407,"no_changes,all_inverse_edges,universal_edges",1221,1221,3,0.07126122092207272,0,40,,0.3298466205596924,4.7133314330130816,1,0.012244697660207748,1,0.011109575629234314,1,0.19042938947677612,,,,,,,,,,,,,,,,,,,,,,,,,,,
408,"all_inverse_edges,universal_edges,no_changes",1224,1224,3,0.050658088798324265,0,40,,0.3298466205596924,4.727579665835947,1,0.012664753943681717,1,0.011163907125592232,1,0.12814560532569885,,,,,,,,,,,,,,,,,,,,,,,,,,,
409,"all_inverse_edges,no_changes,universal_edges",1227,1227,3,0.06756176613271236,0,40,,0.3298466205596924,4.7188228839077055,1,0.011394364759325981,1,0.009572986513376236,1,0.18171794712543488,,,,,,,,,,,,,,,,,,,,,,,,,,,
410,"all_inverse_edges,no_changes,universal_edges",1230,1230,3,0.029348741906384628,1,41,0.331019659837087,0.331019659837087,21.066760981921107,1,0.011118088848888874,1,0.008613897487521172,1,0.06831423938274384,0.23316994309425354,0.3244854211807251,0.265161502966381,0.35942649967040213,0.4283124588002637,0.9888259852391846,0.9072548811116692,0.7725576796308504,0.8260059185726027,0.25595682859420776,0.3562086522579193,0.3068556361239288,0.38167435728411336,0.4421555702043507,0.9895045691315418,0.9234710078461469,0.7785563612392881,0.8354509352343598,0.23239170014858246,0.3123649060726166,0.248681608437706,0.3459129861568886,0.42748846407382995,0.9891168069073377,0.9026265583125539,0.7872412656558998,0.834872629532189
411,"universal_edges,all_inverse_edges,no_changes",1233,1233,3,0.15242796887954077,0,41,,0.331019659837087,4.7294056341052055,1,0.29698488116264343,1,0.0994919165968895,1,0.060807108879089355,,,,,,,,,,,,,,,,,,,,,,,,,,,
412,"no_changes,all_inverse_edges,universal_edges",1236,1236,3,0.06799721252173185,0,41,,0.331019659837087,4.728287999983877,1,0.011730351485311985,1,0.09771715849637985,1,0.09454412758350372,,,,,,,,,,,,,,,,,,,,,,,,,,,
413,"all_inverse_edges,no_changes,universal_edges",1239,1239,3,0.033080886118113995,0,41,,0.331019659837087,4.709646914154291,1,0.011877252720296383,1,0.011795217171311378,1,0.07557018846273422,,,,,,,,,,,,,,,,,,,,,,,,,,,
414,"all_inverse_edges,no_changes,universal_edges",1242,1242,3,0.1313029183074832,0,41,,0.331019659837087,4.728810058906674,1,0.29686880111694336,1,0.008787834085524082,1,0.08825211971998215,,,,,,,,,,,,,,,,,,,,,,,,,,,
415,"universal_edges,all_inverse_edges,no_changes",1245,1245,3,0.03331987808148066,0,41,,0.331019659837087,4.712965155951679,1,0.012157357297837734,1,0.009325028397142887,1,0.07847724854946136,,,,,,,,,,,,,,,,,,,,,,,,,,,
416,"all_inverse_edges,universal_edges,no_changes",1248,1248,3,0.1251466746131579,0,41,,0.331019659837087,4.710830969037488,1,0.29445958137512207,1,0.009247995913028717,1,0.07173244655132294,,,,,,,,,,,,,,,,,,,,,,,,,,,
417,"universal_edges,no_changes,all_inverse_edges",1251,1251,3,0.027770373970270157,0,41,,0.331019659837087,4.702508211135864,1,0.011978277936577797,1,0.009181549772620201,1,0.06215129420161247,,,,,,,,,,,,,,,,,,,,,,,,,,,
418,"no_changes,universal_edges,all_inverse_edges",1254,1254,3,0.12355290322254102,0,41,,0.331019659837087,4.7241049241274595,1,0.2871491611003876,1,0.0085243945941329,1,0.07498515397310257,,,,,,,,,,,,,,,,,,,,,,,,,,,
419,"all_inverse_edges,no_changes,universal_edges",1257,1257,3,0.02900990191847086,0,41,,0.331019659837087,4.714680036064237,1,0.010878319852054119,1,0.008210204541683197,1,0.06794118136167526,,,,,,,,,,,,,,,,,,,,,,,,,,,
420,"universal_edges,no_changes,all_inverse_edges",1260,1260,3,0.0616275267675519,1,42,0.339077631632487,0.339077631632487,21.047537745907903,1,0.009718330577015877,1,0.010209363885223866,1,0.16495488584041595,0.2364376038312912,0.3342393934726715,0.27933421226104155,0.36552406064601184,0.42913645352669744,0.9886773430532397,0.9175268416283788,0.7579466051417271,0.8181291643025056,0.2552837133407593,0.3615873456001282,0.3147659854976928,0.38562953197099537,0.4418259723137772,0.9892395982783357,0.9328353733893299,0.7624324324324324,0.8259354384701371,0.23543117940425873,0.32140615582466125,0.2615359261700725,0.3521753460777851,0.42864205669083716,0.989207284759652,0.9186222250252438,0.7737211601845748,0.8303909686376707
421,"no_changes,universal_edges,all_inverse_edges",1263,1263,3,0.027629473867515724,0,42,,0.339077631632487,4.71380937891081,1,0.009036120027303696,1,0.011321128346025944,1,0.06253117322921753,,,,,,,,,,,,,,,,,,,,,,,,,,,
422,"no_changes,universal_edges,all_inverse_edges",1266,1266,3,0.05682272929698229,0,42,,0.339077631632487,4.708395594963804,1,0.010036139748990536,1,0.10262760519981384,1,0.05780444294214249,,,,,,,,,,,,,,,,,,,,,,,,,,,
423,"no_changes,all_inverse_edges,universal_edges",1269,1269,3,0.12159891426563263,0,42,,0.339077631632487,4.710696298861876,1,0.29067057371139526,1,0.013003427535295486,1,0.06112274155020714,,,,,,,,,,,,,,,,,,,,,,,,,,,
424,"no_changes,universal_edges,all_inverse_edges",1272,1272,3,0.025572598290940125,0,42,,0.339077631632487,4.714855781989172,1,0.011671861633658409,1,0.011251355521380901,1,0.05379457771778107,,,,,,,,,,,,,,,,,,,,,,,,,,,
425,"universal_edges,all_inverse_edges,no_changes",1275,1275,3,0.11802627580861251,0,42,,0.339077631632487,4.70398181094788,1,0.2936253845691681,1,0.009956089779734612,1,0.050497353076934814,,,,,,,,,,,,,,,,,,,,,,,,,,,
426,"all_inverse_edges,universal_edges,no_changes",1278,1278,3,0.056016658432781696,0,42,,0.339077631632487,4.71495170192793,1,0.01322664599865675,1,0.09580537676811218,1,0.05901795253157616,,,,,,,,,,,,,,,,,,,,,,,,,,,
427,"universal_edges,all_inverse_edges,no_changes",1281,1281,3,0.05208062039067348,0,42,,0.339077631632487,4.715227063978091,1,0.01111814845353365,1,0.0942966490983963,1,0.050827063620090485,,,,,,,,,,,,,,,,,,,,,,,,,,,
428,"universal_edges,no_changes,all_inverse_edges",1284,1284,3,0.057669403652350106,0,42,,0.339077631632487,4.711121521890163,1,0.010803768411278725,1,0.009062735363841057,1,0.15314170718193054,,,,,,,,,,,,,,,,,,,,,,,,,,,
429,"universal_edges,all_inverse_edges,no_changes",1287,1287,3,0.026330805694063503,0,42,,0.339077631632487,4.70365634188056,1,0.01204835344105959,1,0.008502245880663395,1,0.05844181776046753,,,,,,,,,,,,,,,,,,,,,,,,,,,
430,"all_inverse_edges,universal_edges,no_changes",1290,1290,3,0.02571983216330409,1,43,0.33920636773109436,0.33920636773109436,20.896046706009656,1,0.01004562247544527,1,0.007189781870692968,1,0.05992409214377403,0.23407773673534393,0.3354066014289856,0.2806526038233355,0.3660184574818721,0.42963085036255766,0.988670880349503,0.9210157467947204,0.754713249835201,0.8165870481037811,0.25541234016418457,0.36228007078170776,0.3150955833882663,0.38315754779169414,0.44297956493078444,0.989039254462497,0.9294320440836306,0.7591001977587344,0.8223708246928568,0.23331624269485474,0.3199324309825897,0.2582399472643375,0.35003295978905735,0.42617007251153594,0.9889810901288663,0.9201341114444683,0.7652076466710613,0.8244549377647414
431,"universal_edges,all_inverse_edges,no_changes",1293,1293,3,0.02337337750941515,0,43,,0.33920636773109436,4.711933685932308,1,0.010104361921548843,1,0.008284340612590313,1,0.05173142999410629,,,,,,,,,,,,,,,,,,,,,,,,,,,
432,"no_changes,all_inverse_edges,universal_edges",1296,1296,3,0.029660941877712805,0,43,,0.33920636773109436,4.698204308981076,1,0.010101986117661,1,0.007572770584374666,1,0.07130806893110275,,,,,,,,,,,,,,,,,,,,,,,,,,,
433,"all_inverse_edges,universal_edges,no_changes",1299,1299,3,0.15414182593425116,0,43,,0.33920636773109436,4.714683685218915,1,0.2956660985946655,1,0.10172902047634125,1,0.06503035873174667,,,,,,,,,,,,,,,,,,,,,,,,,,,
434,"all_inverse_edges,universal_edges,no_changes",1302,1302,3,0.0658325208351016,0,43,,0.33920636773109436,4.708685388788581,1,0.0167673509567976,1,0.013539153151214123,1,0.1671910583972931,,,,,,,,,,,,,,,,,,,,,,,,,,,
435,"universal_edges,no_changes,all_inverse_edges",1305,1305,3,0.033121274784207344,0,43,,0.33920636773109436,4.707849567988887,1,0.01283332984894514,1,0.01122505497187376,1,0.07530543953180313,,,,,,,,,,,,,,,,,,,,,,,,,,,
436,"no_changes,all_inverse_edges,universal_edges",1308,1308,3,0.036573062340418495,0,43,,0.33920636773109436,4.7012411679606885,1,0.011139045469462872,1,0.008819465525448322,1,0.0897606760263443,,,,,,,,,,,,,,,,,,,,,,,,,,,
437,"universal_edges,all_inverse_edges,no_changes",1311,1311,3,0.029842049504319828,0,43,,0.33920636773109436,4.716847459087148,1,0.014860467053949833,1,0.011664495803415775,1,0.06300118565559387,,,,,,,,,,,,,,,,,,,,,,,,,,,
438,"all_inverse_edges,no_changes,universal_edges",1314,1314,3,0.09769326914101839,0,43,,0.33920636773109436,4.702170027885586,1,0.012540592812001705,1,0.0943736582994461,1,0.18616555631160736,,,,,,,,,,,,,,,,,,,,,,,,,,,
439,"universal_edges,all_inverse_edges,no_changes",1317,1317,3,0.050496489430467285,0,43,,0.33920636773109436,4.704251209041104,1,0.024906234815716743,1,0.016852200031280518,1,0.1097310334444046,,,,,,,,,,,,,,,,,,,,,,,,,,,
440,"no_changes,universal_edges,all_inverse_edges",1320,1320,3,0.14660676351437965,1,44,0.3369733194510142,0.33920636773109436,20.733137271134183,1,0.02142951823771,1,0.011321715079247952,1,0.40706905722618103,0.23016393184661865,0.33003202080726624,0.2747198417930125,0.36090969017798286,0.4269940672379697,0.9884382230149805,0.9213478644240847,0.7471654581410678,0.8106710283205759,0.25488972663879395,0.36518609523773193,0.3172379696769941,0.39040870138431116,0.4467699406723797,0.9888841495728152,0.9266788644949986,0.7565985497692815,0.8196376237415061,0.2297694832086563,0.31570184230804443,0.2582399472643375,0.34772577455504283,0.41381015161502965,0.9873331006759988,0.8643225782524244,0.7727653263019116,0.8116629350862494
441,"all_inverse_edges,universal_edges,no_changes",1323,1323,3,0.09872103109955788,0,44,,0.33920636773109436,4.697558049112558,1,0.028385385870933533,1,0.010954167693853378,1,0.2568235397338867,,,,,,,,,,,,,,,,,,,,,,,,,,,
442,"all_inverse_edges,universal_edges,no_changes",1326,1326,3,0.0581202395260334,0,44,,0.33920636773109436,4.699436662020162,1,0.021030236035585403,1,0.008698053658008575,1,0.14463242888450623,,,,,,,,,,,,,,,,,,,,,,,,,,,
443,"all_inverse_edges,no_changes,universal_edges",1329,1329,3,0.09632934505740802,0,44,,0.33920636773109436,4.697923604864627,1,0.025343390181660652,1,0.013868624344468117,1,0.24977602064609528,,,,,,,,,,,,,,,,,,,,,,,,,,,
444,"all_inverse_edges,no_changes,universal_edges",1332,1332,3,0.0650638382260998,0,44,,0.33920636773109436,4.713617338100448,1,0.017995815724134445,1,0.01384179387241602,1,0.16335390508174896,,,,,,,,,,,,,,,,,,,,,,,,,,,
445,"all_inverse_edges,universal_edges,no_changes",1335,1335,3,0.03592369053512812,0,44,,0.33920636773109436,4.691398382885382,1,0.013234336860477924,1,0.00996442697942257,1,0.08457230776548386,,,,,,,,,,,,,,,,,,,,,,,,,,,
446,"universal_edges,all_inverse_edges,no_changes",1338,1338,3,0.11280698111901681,0,44,,0.33920636773109436,4.696399234002456,1,0.013195284642279148,1,0.11486350744962692,1,0.21036215126514435,,,,,,,,,,,,,,,,,,,,,,,,,,,
447,"universal_edges,no_changes,all_inverse_edges",1341,1341,3,0.041450644532839455,0,44,,0.33920636773109436,4.69665524805896,1,0.012854212895035744,1,0.012883154675364494,1,0.09861456602811813,,,,,,,,,,,,,,,,,,,,,,,,,,,
448,"all_inverse_edges,universal_edges,no_changes",1344,1344,3,0.04062039436151584,0,44,,0.33920636773109436,4.692252164939418,1,0.013368744403123856,1,0.01209211815148592,1,0.09640032052993774,,,,,,,,,,,,,,,,,,,,,,,,,,,
449,"all_inverse_edges,no_changes,universal_edges",1347,1347,3,0.06504638337840636,0,44,,0.33920636773109436,4.698078720131889,1,0.011678735725581646,1,0.10171450674533844,1,0.08174590766429901,,,,,,,,,,,,,,,,,,,,,,,,,,,
450,"universal_edges,all_inverse_edges,no_changes",1350,1350,3,0.06432188985248406,1,45,0.3322760959466298,0.33920636773109436,20.63238621992059,1,0.011726586148142815,1,0.009621605277061462,1,0.17161747813224792,0.23046065866947174,0.3240377902984619,0.26796308503625577,0.3553065260382334,0.4240276862228082,0.9883412824589295,0.897467166527307,0.7666578773895847,0.8186350117686939,0.25181305408477783,0.35676082968711853,0.3063612392880686,0.38348714568226766,0.4426499670402109,0.9889552393139194,0.906944636706339,0.7771456822676335,0.8292154663664787,0.23243401944637299,0.3160296678543091,0.25411997363216876,0.34706657877389585,0.42748846407382995,0.9887031938681867,0.8932130003477187,0.7841232696110745,0.8295017768109579
451,"universal_edges,all_inverse_edges,no_changes",1353,1353,3,0.027521980926394463,0,45,,0.33920636773109436,4.706090477993712,1,0.010583464056253433,1,0.009036166593432426,1,0.06294631212949753,,,,,,,,,,,,,,,,,,,,,,,,,,,
452,"all_inverse_edges,universal_edges,no_changes",1356,1356,3,0.02746376922974984,0,45,,0.33920636773109436,4.7005445798859,1,0.011993352323770523,1,0.00820759404450655,1,0.06219036132097244,,,,,,,,,,,,,,,,,,,,,,,,,,,
453,"all_inverse_edges,no_changes,universal_edges",1359,1359,3,0.029327476552377146,0,45,,0.33920636773109436,4.69497513002716,1,0.010263284668326378,1,0.007498883176594973,1,0.07022026181221008,,,,,,,,,,,,,,,,,,,,,,,,,,,
454,"all_inverse_edges,no_changes,universal_edges",1362,1362,3,0.06011018808931112,0,45,,0.33920636773109436,4.707017102045938,1,0.013361509889364243,1,0.009369113482534885,1,0.15759994089603424,,,,,,,,,,,,,,,,,,,,,,,,,,,
455,"universal_edges,no_changes,all_inverse_edges",1365,1365,3,0.1543494819973906,0,45,,0.33920636773109436,4.699844917980954,1,0.3003948926925659,1,0.008247467689216137,1,0.1544060856103897,,,,,,,,,,,,,,,,,,,,,,,,,,,
456,"no_changes,all_inverse_edges,universal_edges",1368,1368,3,0.027970654889941216,0,45,,0.33920636773109436,4.689239040017128,1,0.009936067275702953,1,0.008282988332211971,1,0.06569290906190872,,,,,,,,,,,,,,,,,,,,,,,,,,,
457,"all_inverse_edges,universal_edges,no_changes",1371,1371,3,0.02473368899275859,0,45,,0.33920636773109436,4.6905027609318495,1,0.009725292213261127,1,0.008518654853105545,1,0.0559571199119091,,,,,,,,,,,,,,,,,,,,,,,,,,,
458,"universal_edges,all_inverse_edges,no_changes",1374,1374,3,0.023963520924250286,0,45,,0.33920636773109436,4.698658886132762,1,0.00976917427033186,1,0.008120243437588215,1,0.05400114506483078,,,,,,,,,,,,,,,,,,,,,,,,,,,
459,"universal_edges,no_changes,all_inverse_edges",1377,1377,3,0.052244446240365505,0,45,,0.33920636773109436,4.689049084903672,1,0.009424113668501377,1,0.0959293320775032,1,0.051379892975091934,,,,,,,,,,,,,,,,,,,,,,,,,,,
460,"no_changes,all_inverse_edges,universal_edges",1380,1380,3,0.02614651930828889,1,46,0.33923061688741046,0.33923061688741046,20.646239049965516,1,0.009299183264374733,1,0.008377891033887863,1,0.06076248362660408,0.23621059954166412,0.33818304538726807,0.285596572181938,0.3691496374423204,0.4279828609096902,0.9889164630914989,0.9257097236616227,0.7583915622940014,0.8207808651688988,0.2568287253379822,0.3627788722515106,0.31443638760711934,0.38546473302570866,0.44429795649307846,0.9893947031680174,0.9361622836467245,0.7644495715227423,0.8284444771948918,0.23141984641551971,0.31672993302345276,0.2575807514831905,0.34541858932102837,0.4230388925510877,0.989207284759652,0.9181062722425186,0.7742056690837178,0.8305907547182205
461,"universal_edges,no_changes,all_inverse_edges",1383,1383,3,0.02421661000698805,0,46,,0.33923061688741046,4.7008448941633105,1,0.011746395379304886,1,0.00815638992935419,1,0.05274704471230507,,,,,,,,,,,,,,,,,,,,,,,,,,,
462,"no_changes,universal_edges,all_inverse_edges",1386,1386,3,0.02869361639022827,0,46,,0.33923061688741046,4.700732070021331,1,0.010199055075645447,1,0.009832441806793213,1,0.06604935228824615,,,,,,,,,,,,,,,,,,,,,,,,,,,
463,"no_changes,all_inverse_edges,universal_edges",1389,1389,3,0.1286574943612019,0,46,,0.33923061688741046,4.697749217040837,1,0.29096075892448425,1,0.009273318573832512,1,0.085738405585289,,,,,,,,,,,,,,,,,,,,,,,,,,,
464,"no_changes,universal_edges,all_inverse_edges",1392,1392,3,0.028600930391500395,0,46,,0.33923061688741046,4.694203168153763,1,0.010886035859584808,1,0.0077475435100495815,1,0.06716921180486679,,,,,,,,,,,,,,,,,,,,,,,,,,,
465,"universal_edges,no_changes,all_inverse_edges",1395,1395,3,0.05548927995065848,0,46,,0.33923061688741046,4.703896469902247,1,0.013060794211924076,1,0.006667145527899265,1,0.1467399001121521,,,,,,,,,,,,,,,,,,,,,,,,,,,
466,"all_inverse_edges,no_changes,universal_edges",1398,1398,3,0.12999829448138675,0,46,,0.33923061688741046,4.705717294011265,1,0.2914845943450928,1,0.007437573280185461,1,0.09107271581888199,,,,,,,,,,,,,,,,,,,,,,,,,,,
467,"all_inverse_edges,no_changes,universal_edges",1401,1401,3,0.04250685777515173,0,46,,0.33923061688741046,4.701949356822297,1,0.017990125343203545,1,0.011158867739140987,1,0.09837158024311066,,,,,,,,,,,,,,,,,,,,,,,,,,,
468,"no_changes,all_inverse_edges,universal_edges",1404,1404,3,0.04446597335239252,0,46,,0.33923061688741046,4.690163129940629,1,0.01566239260137081,1,0.009545773267745972,1,0.10818975418806076,,,,,,,,,,,,,,,,,,,,,,,,,,,
469,"no_changes,universal_edges,all_inverse_edges",1407,1407,3,0.0610685208812356,0,46,,0.33923061688741046,4.700441544875503,1,0.010557218454778194,1,0.009481284767389297,1,0.1631670594215393,,,,,,,,,,,,,,,,,,,,,,,,,,,
470,"all_inverse_edges,universal_edges,no_changes",1410,1410,3,0.030274500759939354,1,47,0.34695590535799664,0.34695590535799664,20.667699802899733,1,0.009806238114833832,1,0.008279957808554173,1,0.07273730635643005,0.24004559218883514,0.3473641872406006,0.29779169413315754,0.37425840474620964,0.4332564271588662,0.9891749712409684,0.9349287416401099,0.7588464073829928,0.8236757510051815,0.2571442127227783,0.3659326434135437,0.3187211601845748,0.3887607119314436,0.44627554383651946,0.9895239572427521,0.9443069407626401,0.7620929466051417,0.8288014909695924,0.23944216966629028,0.3275708854198456,0.26961107448912325,0.35860250494396834,0.4302900461437047,0.989233135574599,0.9194831691275778,0.7737343441001978,0.8306640802974368
471,"no_changes,all_inverse_edges,universal_edges",1413,1413,3,0.02696217813839515,0,47,,0.34695590535799664,4.695785871008411,1,0.009234994649887085,1,0.007422908209264278,1,0.06422863155603409,,,,,,,,,,,,,,,,,,,,,,,,,,,
472,"universal_edges,no_changes,all_inverse_edges",1416,1416,3,0.023862702306360006,0,47,,0.34695590535799664,4.692088283831254,1,0.009645500220358372,1,0.007488477509468794,1,0.05445412918925285,,,,,,,,,,,,,,,,,,,,,,,,,,,
473,"all_inverse_edges,no_changes,universal_edges",1419,1419,3,0.03633624625702699,0,47,,0.34695590535799664,4.696491381153464,1,0.00920058973133564,1,0.007281772792339325,1,0.092526376247406,,,,,,,,,,,,,,,,,,,,,,,,,,,
474,"all_inverse_edges,universal_edges,no_changes",1422,1422,3,0.15475146969159445,0,47,,0.34695590535799664,4.708611883921549,1,0.2920798659324646,1,0.1014690101146698,1,0.07070553302764893,,,,,,,,,,,,,,,,,,,,,,,,,,,
475,"all_inverse_edges,universal_edges,no_changes",1425,1425,3,0.13740303150067726,0,47,,0.34695590535799664,4.6852836781181395,1,0.2903073728084564,1,0.014924869872629642,1,0.10697685182094574,,,,,,,,,,,,,,,,,,,,,,,,,,,
476,"no_changes,all_inverse_edges,universal_edges",1428,1428,3,0.03274676793565353,0,47,,0.34695590535799664,4.698714502854273,1,0.011548378504812717,1,0.00963614322245121,1,0.07705578207969666,,,,,,,,,,,,,,,,,,,,,,,,,,,
477,"all_inverse_edges,universal_edges,no_changes",1431,1431,3,0.028503755417962868,0,47,,0.34695590535799664,4.687810922041535,1,0.01815858855843544,1,0.008921603672206402,1,0.058431074023246765,,,,,,,,,,,,,,,,,,,,,,,,,,,
478,"all_inverse_edges,universal_edges,no_changes",1434,1434,3,0.062029766074071326,0,47,,0.34695590535799664,4.7052327380515635,1,0.01709124632179737,1,0.007505629677325487,1,0.16149242222309113,,,,,,,,,,,,,,,,,,,,,,,,,,,
479,"no_changes,all_inverse_edges,universal_edges",1437,1437,3,0.12766129927088818,0,47,,0.34695590535799664,4.6928865551017225,1,0.29467469453811646,1,0.012612511403858662,1,0.07569669187068939,,,,,,,,,,,,,,,,,,,,,,,,,,,
480,"all_inverse_edges,universal_edges,no_changes",1440,1440,3,0.025220181172092754,1,48,0.3478846351305644,0.3478846351305644,20.490522499894723,1,0.011203504167497158,1,0.010025444440543652,1,0.05443159490823746,0.23830686509609222,0.3441995084285736,0.2923533289386948,0.37277521423862886,0.43045484508899146,0.9887872090167642,0.9311616201183519,0.7500889914304548,0.8156295032887898,0.257992684841156,0.36770567297935486,0.3211931443638761,0.3907382992748846,0.44627554383651946,0.9890844933886541,0.933573095793836,0.7571852340145023,0.8219841308998255,0.2404157519340515,0.33174872398376465,0.27504943968358603,0.36255767963085034,0.42946605141727096,0.9889164630914989,0.9158093489694192,0.7671127224785761,0.8246139652094501
481,"all_inverse_edges,universal_edges,no_changes",1443,1443,3,0.02887508925050497,0,48,,0.3478846351305644,4.687113233143464,1,0.010955670848488808,1,0.008207778446376324,1,0.06746181845664978,,,,,,,,,,,,,,,,,,,,,,,,,,,
482,"universal_edges,no_changes,all_inverse_edges",1446,1446,3,0.12473450321704149,0,48,,0.3478846351305644,4.684762296034023,1,0.3058110177516937,1,0.009197494946420193,1,0.05919499695301056,,,,,,,,,,,,,,,,,,,,,,,,,,,
483,"universal_edges,no_changes,all_inverse_edges",1449,1449,3,0.03252234992881616,0,48,,0.3478846351305644,4.6854653938207775,1,0.023006770759820938,1,0.016841178759932518,1,0.05771910026669502,,,,,,,,,,,,,,,,,,,,,,,,,,,
484,"universal_edges,all_inverse_edges,no_changes",1452,1452,3,0.02596247351417939,0,48,,0.3478846351305644,4.691555628087372,1,0.014672776684165001,1,0.01267541479319334,1,0.050539229065179825,,,,,,,,,,,,,,,,,,,,,,,,,,,
485,"no_changes,universal_edges,all_inverse_edges",1455,1455,3,0.1861655836304029,0,48,,0.3478846351305644,4.692451545037329,1,0.30424270033836365,1,0.101495660841465,1,0.15275838971138,,,,,,,,,,,,,,,,,,,,,,,,,,,
486,"all_inverse_edges,no_changes,universal_edges",1458,1458,3,0.0580174308270216,0,48,,0.3478846351305644,4.683669807156548,1,0.014483567327260971,1,0.013243777677416801,1,0.14632494747638702,,,,,,,,,,,,,,,,,,,,,,,,,,,
487,"universal_edges,no_changes,all_inverse_edges",1461,1461,3,0.13014903912941614,0,48,,0.3478846351305644,4.688017850043252,1,0.30544912815093994,1,0.02473081648349762,1,0.06026717275381088,,,,,,,,,,,,,,,,,,,,,,,,,,,
488,"all_inverse_edges,no_changes,universal_edges",1464,1464,3,0.033900490341087185,0,48,,0.3478846351305644,4.704550629016012,1,0.015042723156511784,1,0.02206411398947239,1,0.06459463387727737,,,,,,,,,,,,,,,,,,,,,,,,,,,
489,"no_changes,universal_edges,all_inverse_edges",1467,1467,3,0.030012281922002632,0,48,,0.3478846351305644,4.688059518113732,1,0.015206298790872097,1,0.011522740125656128,1,0.06330780684947968,,,,,,,,,,,,,,,,,,,,,,,,,,,
490,"no_changes,all_inverse_edges,universal_edges",1470,1470,3,0.03243004810065031,1,49,0.33437474568684894,0.3478846351305644,20.498246748000383,1,0.016276922076940536,1,0.014173519797623158,1,0.06683970242738724,0.23123812675476074,0.32791298627853394,0.271094264996704,0.3651944627554384,0.4205669083717864,0.9864606356715395,0.8503801211373055,0.7592386288727753,0.7976767353354755,0.25235503911972046,0.3583402931690216,0.30949241924851684,0.3867831245880026,0.43655240606460116,0.9883800586813499,0.8911779795635575,0.7752373104812129,0.8226858261368314,0.23251622915267944,0.31687095761299133,0.2564271588661833,0.3478905735003296,0.4228740936058009,0.9881861775692479,0.8807692262946525,0.7815985497692814,0.8234291433066969
491,"no_changes,all_inverse_edges,universal_edges",1473,1473,3,0.02892700769007206,0,49,,0.3478846351305644,4.754419510019943,1,0.014107960276305676,1,0.014480910263955593,1,0.05819215252995491,,,,,,,,,,,,,,,,,,,,,,,,,,,
492,"universal_edges,no_changes,all_inverse_edges",1476,1476,3,0.12173178015897672,0,49,,0.3478846351305644,4.694312697043642,1,0.3036905527114868,1,0.009860279969871044,1,0.05164450779557228,,,,,,,,,,,,,,,,,,,,,,,,,,,
493,"universal_edges,no_changes,all_inverse_edges",1479,1479,3,0.026752589580913384,0,49,,0.3478846351305644,4.686357592931017,1,0.014943286776542664,1,0.010650872252881527,1,0.054663609713315964,,,,,,,,,,,,,,,,,,,,,,,,,,,
494,"all_inverse_edges,universal_edges,no_changes",1482,1482,3,0.15493868043025336,0,49,,0.3478846351305644,4.689713996835053,1,0.2953062951564789,1,0.10186828672885895,1,0.06764145940542221,,,,,,,,,,,,,,,,,,,,,,,,,,,
495,"no_changes,all_inverse_edges,universal_edges",1485,1485,3,0.08610796555876732,0,49,,0.3478846351305644,4.687228974886239,1,0.011520091444253922,1,0.09551636874675751,1,0.15128743648529053,,,,,,,,,,,,,,,,,,,,,,,,,,,
496,"no_changes,universal_edges,all_inverse_edges",1488,1488,3,0.08328882542749245,0,49,,0.3478846351305644,4.688097856007516,1,0.011749101802706718,1,0.09547046571969986,1,0.1426469087600708,,,,,,,,,,,,,,,,,,,,,,,,,,,
497,"no_changes,all_inverse_edges,universal_edges",1491,1491,3,0.05361496564000845,0,49,,0.3478846351305644,4.690050380071625,1,0.009362132288515568,1,0.09198412299156189,1,0.05949864163994789,,,,,,,,,,,,,,,,,,,,,,,,,,,
498,"all_inverse_edges,universal_edges,no_changes",1494,1494,3,0.02284547407180071,0,49,,0.3478846351305644,4.6828757571056485,1,0.010957278311252594,1,0.008643916808068752,1,0.04893522709608078,,,,,,,,,,,,,,,,,,,,,,,,,,,
499,"universal_edges,no_changes,all_inverse_edges",1497,1497,3,0.02142644270012776,0,49,,0.3478846351305644,4.696195462020114,1,0.00916894432157278,1,0.00814034417271614,1,0.04697003960609436,,,,,,,,,,,,,,,,,,,,,,,,,,,
500,"universal_edges,no_changes,all_inverse_edges",1500,1500,3,0.17288515716791153,1,50,0.3430547018845876,0.3478846351305644,20.587317471858114,1,0.29717469215393066,1,0.08825347572565079,1,0.13322730362415314,0.23594018816947937,0.337935209274292,0.287574159525379,0.3676664469347396,0.4230388925510877,0.9888970749802888,0.9293624733827666,0.7548286090969017,0.8189645847718572,0.25471824407577515,0.36495256423950195,0.3192155570204351,0.38744232036914966,0.4406723796967699,0.9893106880194398,0.9384256507294738,0.7602076466710612,0.8257086281796577,0.23603425920009613,0.32627633213996887,0.2668094924192485,0.3590969017798286,0.42913645352669744,0.9892008220559153,0.9282562089044565,0.7649967040210943,0.8266421352276798
501,"no_changes,universal_edges,all_inverse_edges",1503,1503,3,0.04937421282132467,0,50,,0.3478846351305644,4.708820870844647,1,0.008615672588348389,1,0.009333804249763489,1,0.13017316162586212,,,,,,,,,,,,,,,,,,,,,,,,,,,
502,"universal_edges,no_changes,all_inverse_edges",1506,1506,3,0.022108483438690502,0,50,,0.3478846351305644,4.697820856934413,1,0.010131926275789738,1,0.007979155518114567,1,0.048214368522167206,,,,,,,,,,,,,,,,,,,,,,,,,,,
503,"all_inverse_edges,universal_edges,no_changes",1509,1509,3,0.025608184126516182,0,50,,0.3478846351305644,4.69986082194373,1,0.009290865622460842,1,0.00834047794342041,1,0.0591932088136673,,,,,,,,,,,,,,,,,,,,,,,,,,,
504,"no_changes,universal_edges,all_inverse_edges",1512,1512,3,0.031907248155524336,0,50,,0.3478846351305644,4.6921210282016546,1,0.00841708667576313,1,0.007350219879299402,1,0.07995443791151047,,,,,,,,,,,,,,,,,,,,,,,,,,,
505,"universal_edges,no_changes,all_inverse_edges",1515,1515,3,0.026911642402410507,0,50,,0.3478846351305644,4.6865189739037305,1,0.009274531155824661,1,0.008088178932666779,1,0.06337221711874008,,,,,,,,,,,,,,,,,,,,,,,,,,,
506,"no_changes,universal_edges,all_inverse_edges",1518,1518,3,0.15232529677450657,0,50,,0.3478846351305644,4.691699833841994,1,0.3003893196582794,1,0.009290097281336784,1,0.1472964733839035,,,,,,,,,,,,,,,,,,,,,,,,,,,
507,"no_changes,universal_edges,all_inverse_edges",1521,1521,3,0.02473918565859397,0,50,,0.3478846351305644,4.693781786132604,1,0.009481181390583515,1,0.008216897025704384,1,0.05651947855949402,,,,,,,,,,,,,,,,,,,,,,,,,,,
508,"no_changes,all_inverse_edges,universal_edges",1524,1524,3,0.026655177275339764,0,50,,0.3478846351305644,4.695302647072822,1,0.011106438934803009,1,0.008127793669700623,1,0.060731299221515656,,,,,,,,,,,,,,,,,,,,,,,,,,,
509,"universal_edges,all_inverse_edges,no_changes",1527,1527,3,0.05419301179548105,0,50,,0.3478846351305644,4.689304762054235,1,0.01392569299787283,1,0.00891727115958929,1,0.13973607122898102,,,,,,,,,,,,,,,,,,,,,,,,,,,
510,"all_inverse_edges,no_changes,universal_edges",1530,1530,3,0.24923821290334067,1,51,0.32071927189826965,0.3478846351305644,20.451581800123677,1,0.31904304027557373,1,0.09917956590652466,1,0.3294920325279236,0.22305983304977417,0.3072533905506134,0.24917600527356626,0.3365194462755438,0.4070533948582729,0.9828802978013882,0.7745440659040688,0.8068325642715887,0.78973772077837,0.24977435171604156,0.3494701683521271,0.29383651944627553,0.3788727752142386,0.44199077125906394,0.9835847325086924,0.7825344385398934,0.8178510217534607,0.7990925138867235,0.22886523604393005,0.3054342567920685,0.23862887277521425,0.33849703361898487,0.4293012524719842,0.9823762069099229,0.7670798118259629,0.8298319050758075,0.7949508811063035
511,"no_changes,all_inverse_edges,universal_edges",1533,1533,3,0.4127733148634434,0,51,,0.3478846351305644,4.693021197104827,1,0.031588468700647354,1,0.06358388811349869,1,1.143147587776184,,,,,,,,,,,,,,,,,,,,,,,,,,,
512,"no_changes,all_inverse_edges,universal_edges",1536,1536,3,0.32422269073625404,0,51,,0.3478846351305644,4.689762415131554,1,0.044547297060489655,1,0.02809576503932476,1,0.9000250101089478,,,,,,,,,,,,,,,,,,,,,,,,,,,
513,"universal_edges,all_inverse_edges,no_changes",1539,1539,3,0.32229095697402954,0,51,,0.3478846351305644,4.693867472931743,1,0.0725395530462265,1,0.2413969784975052,1,0.6529363393783569,,,,,,,,,,,,,,,,,,,,,,,,,,,
514,"no_changes,all_inverse_edges,universal_edges",1542,1542,3,0.6533668637275696,0,51,,0.3478846351305644,4.688658474013209,1,0.267275869846344,1,0.41412556171417236,1,1.2786991596221924,,,,,,,,,,,,,,,,,,,,,,,,,,,
515,"universal_edges,all_inverse_edges,no_changes",1545,1545,3,0.3723067045211792,0,51,,0.3478846351305644,4.698092818027362,1,0.41240230202674866,1,0.2914586663246155,1,0.41305914521217346,,,,,,,,,,,,,,,,,,,,,,,,,,,
516,"all_inverse_edges,universal_edges,no_changes",1548,1548,3,0.44712590674559277,0,51,,0.3478846351305644,4.690533040091395,1,0.22231267392635345,1,0.4056909680366516,1,0.7133740782737732,,,,,,,,,,,,,,,,,,,,,,,,,,,
517,"universal_edges,no_changes,all_inverse_edges",1551,1551,3,0.30133190502723056,0,51,,0.3478846351305644,4.692373184952885,1,0.2554098069667816,1,0.06601666659116745,1,0.5825692415237427,,,,,,,,,,,,,,,,,,,,,,,,,,,
518,"no_changes,universal_edges,all_inverse_edges",1554,1554,3,0.1914783095320066,0,51,,0.3478846351305644,4.6812713029794395,1,0.11858301609754562,1,0.1301591396331787,1,0.3256927728652954,,,,,,,,,,,,,,,,,,,,,,,,,,,
519,"no_changes,all_inverse_edges,universal_edges",1557,1557,3,0.39058295140663785,0,51,,0.3478846351305644,4.704174949089065,1,0.6619852781295776,1,0.10094917565584183,1,0.408814400434494,,,,,,,,,,,,,,,,,,,,,,,,,,,
520,"no_changes,all_inverse_edges,universal_edges",1560,1560,3,0.29745666186014813,1,52,0.2067118634780248,0.3478846351305644,20.34842034196481,1,0.4997940957546234,1,0.15063822269439697,1,0.24193766713142395,0.15317027270793915,0.18814663589000702,0.12903757415952538,0.2099538562953197,0.30899802241265656,0.9372019077901431,0.5913815515712041,0.807762030323006,0.6315279550011117,0.193538099527359,0.24475689232349396,0.17221489782465393,0.2821357943309163,0.3803559657218194,0.9519239469024261,0.6175239390974538,0.8183388266315095,0.6657863357109344,0.15291926264762878,0.18723206222057343,0.11519446275543836,0.21259063941990772,0.3393210283454186,0.9583801879354247,0.633584055464114,0.8216315095583389,0.6843608799652614
521,"no_changes,all_inverse_edges,universal_edges",1563,1563,3,0.20176861435174942,0,52,,0.3478846351305644,4.695136194815859,1,0.18570943176746368,1,0.07593772560358047,1,0.3436586856842041,,,,,,,,,,,,,,,,,,,,,,,,,,,
522,"all_inverse_edges,no_changes,universal_edges",1566,1566,3,0.0909328820804755,0,52,,0.3478846351305644,4.688496557995677,1,0.058612074702978134,1,0.061685822904109955,1,0.15250074863433838,,,,,,,,,,,,,,,,,,,,,,,,,,,
523,"no_changes,universal_edges,all_inverse_edges",1569,1569,3,0.0732092335820198,0,52,,0.3478846351305644,4.684592530829832,1,0.042873457074165344,1,0.046001024544239044,1,0.13075321912765503,,,,,,,,,,,,,,,,,,,,,,,,,,,
524,"universal_edges,all_inverse_edges,no_changes",1572,1572,3,0.11805156121651332,0,52,,0.3478846351305644,4.682793546933681,1,0.045696791261434555,1,0.03458024188876152,1,0.27387765049934387,,,,,,,,,,,,,,,,,,,,,,,,,,,
525,"all_inverse_edges,no_changes,universal_edges",1575,1575,3,0.061073947697877884,0,52,,0.3478846351305644,4.693500858033076,1,0.029507052153348923,1,0.02671743929386139,1,0.12699735164642334,,,,,,,,,,,,,,,,,,,,,,,,,,,
526,"all_inverse_edges,universal_edges,no_changes",1578,1578,3,0.05571471527218819,0,52,,0.3478846351305644,4.70047488482669,1,0.0321994386613369,1,0.02881857007741928,1,0.10612613707780838,,,,,,,,,,,,,,,,,,,,,,,,,,,
527,"universal_edges,all_inverse_edges,no_changes",1581,1581,3,0.04701525221268336,0,52,,0.3478846351305644,4.7010703820269555,1,0.022993825376033783,1,0.020572073757648468,1,0.09747985750436783,,,,,,,,,,,,,,,,,,,,,,,,,,,
528,"universal_edges,no_changes,all_inverse_edges",1584,1584,3,0.23456449309984842,0,52,,0.3478846351305644,4.687259608879685,1,0.43849942088127136,1,0.18071690201759338,1,0.08447715640068054,,,,,,,,,,,,,,,,,,,,,,,,,,,
529,"all_inverse_edges,no_changes,universal_edges",1587,1587,3,0.2507454827427864,0,52,,0.3478846351305644,4.687695723026991,1,0.47878456115722656,1,0.04356440156698227,1,0.2298874855041504,,,,,,,,,,,,,,,,,,,,,,,,,,,
530,"universal_edges,no_changes,all_inverse_edges",1590,1590,3,0.16568984960516295,1,53,0.28482601046562195,0.3478846351305644,20.335729754064232,1,0.3700065016746521,1,0.035817939788103104,1,0.09124510735273361,0.19409237802028656,0.25902166962623596,0.19396835860250494,0.2940013183915623,0.3760711931443639,0.9823826696136596,0.7698744961868833,0.783806855636124,0.7766548571509903,0.23208849132061005,0.3232456147670746,0.2628543177323665,0.3597560975609756,0.4235332893869479,0.985937156668864,0.8237402174832917,0.7948253131179961,0.808571930290054,0.2086920589208603,0.2722107470035553,0.1987475280158207,0.3111404087013843,0.40754779169413313,0.9873137125647886,0.8577059002537619,0.7830916282135795,0.8158501792077646
531,"all_inverse_edges,universal_edges,no_changes",1593,1593,3,0.10911094459394614,0,53,,0.3478846351305644,4.680872128810734,1,0.048620227724313736,1,0.029249107465147972,1,0.2494634985923767,,,,,,,,,,,,,,,,,,,,,,,,,,,
532,"universal_edges,no_changes,all_inverse_edges",1596,1596,3,0.045796201253930725,0,53,,0.3478846351305644,4.691818829858676,1,0.029257532209157944,1,0.023310286924242973,1,0.08482078462839127,,,,,,,,,,,,,,,,,,,,,,,,,,,
533,"all_inverse_edges,no_changes,universal_edges",1599,1599,3,0.05644889734685421,0,53,,0.3478846351305644,4.680709743173793,1,0.03463951125741005,1,0.02367687039077282,1,0.11103031039237976,,,,,,,,,,,,,,,,,,,,,,,,,,,
534,"no_changes,universal_edges,all_inverse_edges",1602,1602,3,0.19130848534405231,0,53,,0.3478846351305644,4.68359993211925,1,0.3335215449333191,1,0.019926806911826134,1,0.22047710418701172,,,,,,,,,,,,,,,,,,,,,,,,,,,
535,"universal_edges,all_inverse_edges,no_changes",1605,1605,3,0.042236583307385445,0,53,,0.3478846351305644,4.68975794618018,1,0.026599960401654243,1,0.019120436161756516,1,0.08098935335874557,,,,,,,,,,,,,,,,,,,,,,,,,,,
536,"no_changes,all_inverse_edges,universal_edges",1608,1608,3,0.0456854235380888,0,53,,0.3478846351305644,4.67581200087443,1,0.023182537406682968,1,0.01663815788924694,1,0.09723557531833649,,,,,,,,,,,,,,,,,,,,,,,,,,,
537,"universal_edges,all_inverse_edges,no_changes",1611,1611,3,0.04030610745151838,0,53,,0.3478846351305644,4.676381728844717,1,0.025855952873826027,1,0.017945105209946632,1,0.07711726427078247,,,,,,,,,,,,,,,,,,,,,,,,,,,
538,"universal_edges,all_inverse_edges,no_changes",1614,1614,3,0.07561560968557994,0,53,,0.3478846351305644,4.691121855983511,1,0.020741572603583336,1,0.01731693185865879,1,0.18878832459449768,,,,,,,,,,,,,,,,,,,,,,,,,,,
539,"universal_edges,all_inverse_edges,no_changes",1617,1617,3,0.0729147233068943,0,53,,0.3478846351305644,4.6805116650648415,1,0.020553167909383774,1,0.013746887445449829,1,0.1844441145658493,,,,,,,,,,,,,,,,,,,,,,,,,,,
540,"universal_edges,no_changes,all_inverse_edges",1620,1620,3,0.038721226466198765,1,54,0.28377877672513324,0.3478846351305644,20.27169782202691,1,0.017217619344592094,1,0.011534485034644604,1,0.08741157501935959,0.1985151320695877,0.2631058990955353,0.1845748187211602,0.30949241924851684,0.41051417270929463,0.9883348197551928,0.892027789046062,0.7726301911667766,0.8211428983146867,0.23498229682445526,0.3176784813404083,0.24983520105471324,0.35893210283454186,0.4327620303230059,0.9892008220559153,0.9117928640932972,0.7801779828609097,0.8329483182851926,0.20891283452510834,0.2705519497394562,0.19232036914963743,0.31262359920896504,0.4159525379037574,0.9887742836092908,0.8874649881300454,0.7940112063282795,0.8340458437985505
541,"all_inverse_edges,no_changes,universal_edges",1623,1623,3,0.033033366625507675,0,54,,0.3478846351305644,4.688677737023681,1,0.014858074486255646,1,0.010968329384922981,1,0.07327369600534439,,,,,,,,,,,,,,,,,,,,,,,,,,,
542,"no_changes,universal_edges,all_inverse_edges",1626,1626,3,0.030193989165127277,0,54,,0.3478846351305644,4.680549817858264,1,0.013469287194311619,1,0.009696019813418388,1,0.06741666048765182,,,,,,,,,,,,,,,,,,,,,,,,,,,
543,"no_changes,universal_edges,all_inverse_edges",1629,1629,3,0.06805734646817048,0,54,,0.3478846351305644,4.683979057939723,1,0.01273326575756073,1,0.010251129046082497,1,0.18118764460086823,,,,,,,,,,,,,,,,,,,,,,,,,,,
544,"universal_edges,no_changes,all_inverse_edges",1632,1632,3,0.02880934625864029,0,54,,0.3478846351305644,4.680861133150756,1,0.01360948383808136,1,0.010182641446590424,1,0.06263591349124908,,,,,,,,,,,,,,,,,,,,,,,,,,,
545,"all_inverse_edges,universal_edges,no_changes",1635,1635,3,0.029083337324361008,0,54,,0.3478846351305644,4.683087131008506,1,0.012516872026026249,1,0.009839849546551704,1,0.06489329040050507,,,,,,,,,,,,,,,,,,,,,,,,,,,
546,"all_inverse_edges,no_changes,universal_edges",1638,1638,3,0.03204443119466305,0,54,,0.3478846351305644,4.678311228053644,1,0.011760850436985493,1,0.008865457959473133,1,0.07550698518753052,,,,,,,,,,,,,,,,,,,,,,,,,,,
547,"universal_edges,no_changes,all_inverse_edges",1641,1641,3,0.14476010762155056,0,54,,0.3478846351305644,4.686681244987994,1,0.3595955967903137,1,0.010208914056420326,1,0.06447581201791763,,,,,,,,,,,,,,,,,,,,,,,,,,,
548,"no_changes,universal_edges,all_inverse_edges",1644,1644,3,0.03534343093633652,0,54,,0.3478846351305644,4.6887026380281895,1,0.01855485700070858,1,0.01725565828382969,1,0.07021977752447128,,,,,,,,,,,,,,,,,,,,,,,,,,,
549,"no_changes,all_inverse_edges,universal_edges",1647,1647,3,0.042014156778653465,0,54,,0.3478846351305644,4.671924002002925,1,0.02880238927900791,1,0.01732153259217739,1,0.07991854846477509,,,,,,,,,,,,,,,,,,,,,,,,,,,
550,"all_inverse_edges,no_changes,universal_edges",1650,1650,3,0.03602037144203981,1,55,0.3171845277150472,0.3478846351305644,20.280445721931756,1,0.020511005073785782,1,0.014418257400393486,1,0.07313185185194016,0.22511933743953705,0.31265056133270264,0.252636783124588,0.3462425840474621,0.4180949241924852,0.9883348197551928,0.8855196982151572,0.7807053394858273,0.8245044095245733,0.2506888210773468,0.3507970869541168,0.29581410678971654,0.38464073829927486,0.4416611733684904,0.9895562707614357,0.9239630132806054,0.7797132498352011,0.8364539240914797,0.21719487011432648,0.28810593485832214,0.21671061305207648,0.3261371127224786,0.4215557020435069,0.989233135574599,0.9034578855295238,0.7902076466710612,0.8371930683885851
551,"all_inverse_edges,universal_edges,no_changes",1653,1653,3,0.13016834699859223,0,55,,0.3478846351305644,4.685024044942111,1,0.31394150853157043,1,0.01208516489714384,1,0.06447836756706238,,,,,,,,,,,,,,,,,,,,,,,,,,,
552,"all_inverse_edges,universal_edges,no_changes",1656,1656,3,0.03162917743126551,0,55,,0.3478846351305644,4.697873846162111,1,0.02110152319073677,1,0.010711070150136948,1,0.06307493895292282,,,,,,,,,,,,,,,,,,,,,,,,,,,
553,"all_inverse_edges,no_changes,universal_edges",1659,1659,3,0.12546364963054657,0,55,,0.3478846351305644,4.696308352984488,1,0.3009496331214905,1,0.00988796353340149,1,0.06555335223674774,,,,,,,,,,,,,,,,,,,,,,,,,,,
554,"all_inverse_edges,universal_edges,no_changes",1662,1662,3,0.027004719401399296,0,55,,0.3478846351305644,4.681982281850651,1,0.011079640127718449,1,0.009707176126539707,1,0.06022734194993973,,,,,,,,,,,,,,,,,,,,,,,,,,,
555,"all_inverse_edges,universal_edges,no_changes",1665,1665,3,0.12276866349081199,0,55,,0.3478846351305644,4.669921830995008,1,0.3017122447490692,1,0.008999524638056755,1,0.05759422108530998,,,,,,,,,,,,,,,,,,,,,,,,,,,
556,"all_inverse_edges,no_changes,universal_edges",1668,1668,3,0.1000809445977211,0,55,,0.3478846351305644,4.685607923893258,1,0.012313485145568848,1,0.1242254301905632,1,0.16370391845703125,,,,,,,,,,,,,,,,,,,,,,,,,,,
557,"no_changes,universal_edges,all_inverse_edges",1671,1671,3,0.12489394160608451,0,55,,0.3478846351305644,4.683564309030771,1,0.2947663962841034,1,0.01989865116775036,1,0.060016777366399765,,,,,,,,,,,,,,,,,,,,,,,,,,,
558,"all_inverse_edges,no_changes,universal_edges",1674,1674,3,0.12217580464979012,0,55,,0.3478846351305644,4.67766173905693,1,0.2909094989299774,1,0.016910647973418236,1,0.05870726704597473,,,,,,,,,,,,,,,,,,,,,,,,,,,
559,"universal_edges,no_changes,all_inverse_edges",1677,1677,3,0.06206696821997563,0,55,,0.3478846351305644,4.675723931984976,1,0.015083408914506435,1,0.021208908408880234,1,0.14990858733654022,,,,,,,,,,,,,,,,,,,,,,,,,,,
560,"all_inverse_edges,universal_edges,no_changes",1680,1680,3,0.05891755844155947,1,56,0.3274018069108327,0.3478846351305644,20.294846179895103,1,0.01441903319209814,1,0.01077715028077364,1,0.15155649185180664,0.23452185094356537,0.3286266326904297,0.27191825972313777,0.36189848384970336,0.4288068556361239,0.9886644176457663,0.8913419976145609,0.7850725115359262,0.8294950452515677,0.2530854046344757,0.3560904562473297,0.3042188529993408,0.3820039551746869,0.44528675016479896,0.9893688523530705,0.9024570193872877,0.7959294660514173,0.8407191260524263,0.22418133914470673,0.29748833179473877,0.22857613711272248,0.3348714568226763,0.4258404746209624,0.9891038814998643,0.8945684967355372,0.7964403427818062,0.8382318820214397
561,"no_changes,all_inverse_edges,universal_edges",1683,1683,3,0.17064991345008215,0,56,,0.3478846351305644,4.674576587975025,1,0.2892313301563263,1,0.07504983991384506,1,0.14766857028007507,,,,,,,,,,,,,,,,,,,,,,,,,,,
562,"no_changes,all_inverse_edges,universal_edges",1686,1686,3,0.05808472571273645,0,56,,0.3478846351305644,4.687622204888612,1,0.011052640154957771,1,0.10584475845098495,1,0.05735677853226662,,,,,,,,,,,,,,,,,,,,,,,,,,,
563,"no_changes,all_inverse_edges,universal_edges",1689,1689,3,0.11958229014029105,0,56,,0.3478846351305644,4.6896226678509265,1,0.2918916940689087,1,0.012136596255004406,1,0.05471858009696007,,,,,,,,,,,,,,,,,,,,,,,,,,,
564,"no_changes,universal_edges,all_inverse_edges",1692,1692,3,0.025124940400322277,0,56,,0.3478846351305644,4.675537464907393,1,0.010861600749194622,1,0.013125772587954998,1,0.051387447863817215,,,,,,,,,,,,,,,,,,,,,,,,,,,
565,"all_inverse_edges,universal_edges,no_changes",1695,1695,3,0.025218344914416473,0,56,,0.3478846351305644,4.683464905014262,1,0.011750778183341026,1,0.011757158674299717,1,0.05214709788560867,,,,,,,,,,,,,,,,,,,,,,,,,,,
566,"all_inverse_edges,universal_edges,no_changes",1698,1698,3,0.17819170157114664,0,56,,0.3478846351305644,4.675410734955221,1,0.29045137763023376,1,0.10162532329559326,1,0.14249840378761292,,,,,,,,,,,,,,,,,,,,,,,,,,,
567,"no_changes,universal_edges,all_inverse_edges",1701,1701,3,0.02664359596868356,0,56,,0.3478846351305644,4.67399085778743,1,0.011483568698167801,1,0.01359441690146923,1,0.05485280230641365,,,,,,,,,,,,,,,,,,,,,,,,,,,
568,"no_changes,universal_edges,all_inverse_edges",1704,1704,3,0.053622947384913765,0,56,,0.3478846351305644,4.67985598789528,1,0.010829411447048187,1,0.01072293147444725,1,0.13931649923324585,,,,,,,,,,,,,,,,,,,,,,,,,,,
569,"universal_edges,no_changes,all_inverse_edges",1707,1707,3,0.05379090644419193,0,56,,0.3478846351305644,4.674294346943498,1,0.010861961171030998,1,0.10072625428438187,1,0.04978450387716293,,,,,,,,,,,,,,,,,,,,,,,,,,,
570,"all_inverse_edges,universal_edges,no_changes",1710,1710,3,0.023876957595348358,1,57,0.33005308111508685,0.3478846351305644,20.313424855004996,1,0.01072925329208374,1,0.008462324738502502,1,0.05243929475545883,0.2346506416797638,0.33022305369377136,0.2732366512854318,0.3640408701384311,0.4283124588002637,0.9888453733503949,0.9168948366290207,0.7638464073829927,0.8224697499612329,0.2537418603897095,0.3587259352207184,0.3083388266315096,0.38348714568226766,0.4434739617666447,0.9894076285754908,0.9244806730410694,0.7746308503625576,0.8328494090608102,0.22590824961662292,0.3012102544307709,0.2312129202373105,0.3373434410019776,0.4293012524719842,0.98933007613065,0.9190760360668524,0.777175346077785,0.8330752245134494
571,"no_changes,all_inverse_edges,universal_edges",1713,1713,3,0.05717450256148974,0,57,,0.3478846351305644,4.680877594044432,1,0.010096512734889984,1,0.10049980133771896,1,0.060927193611860275,,,,,,,,,,,,,,,,,,,,,,,,,,,
572,"no_changes,universal_edges,all_inverse_edges",1716,1716,3,0.05497099086642265,0,57,,0.3478846351305644,4.685172813013196,1,0.010148487985134125,1,0.09979691356420517,1,0.054967571049928665,,,,,,,,,,,,,,,,,,,,,,,,,,,
573,"universal_edges,all_inverse_edges,no_changes",1719,1719,3,0.024276652994255226,0,57,,0.3478846351305644,4.69238454895094,1,0.010642181150615215,1,0.011104559525847435,1,0.051083218306303024,,,,,,,,,,,,,,,,,,,,,,,,,,,
574,"all_inverse_edges,no_changes,universal_edges",1722,1722,3,0.03045976006736358,0,57,,0.3478846351305644,4.680858741980046,1,0.00971877109259367,1,0.008772514760494232,1,0.07288799434900284,,,,,,,,,,,,,,,,,,,,,,,,,,,
575,"no_changes,all_inverse_edges,universal_edges",1725,1725,3,0.0399276257182161,0,57,,0.3478846351305644,4.687245015986264,1,0.008734580129384995,1,0.0072581106796860695,1,0.10379018634557724,,,,,,,,,,,,,,,,,,,,,,,,,,,
576,"all_inverse_edges,universal_edges,no_changes",1728,1728,3,0.18252886335055032,0,57,,0.3478846351305644,4.684600460110232,1,0.2919831871986389,1,0.09807202219963074,1,0.15753138065338135,,,,,,,,,,,,,,,,,,,,,,,,,,,
577,"no_changes,all_inverse_edges,universal_edges",1731,1731,3,0.031474375165998936,0,57,,0.3478846351305644,4.671685376903042,1,0.010063134133815765,1,0.012437465600669384,1,0.07192252576351166,,,,,,,,,,,,,,,,,,,,,,,,,,,
578,"all_inverse_edges,universal_edges,no_changes",1734,1734,3,0.027397886229058106,0,57,,0.3478846351305644,4.696140155894682,1,0.009993059560656548,1,0.012146654538810253,1,0.06005394458770752,,,,,,,,,,,,,,,,,,,,,,,,,,,
579,"universal_edges,all_inverse_edges,no_changes",1737,1737,3,0.05484738014638424,0,57,,0.3478846351305644,4.6756043350324035,1,0.010337693616747856,1,0.0977085679769516,1,0.05649587884545326,,,,,,,,,,,,,,,,,,,,,,,,,,,
580,"no_changes,universal_edges,all_inverse_edges",1740,1740,3,0.026385430246591568,1,58,0.33470943570137024,0.3478846351305644,20.30692859715782,1,0.009591801092028618,1,0.008028494194149971,1,0.061535995453596115,0.2346508800983429,0.33307042717933655,0.27504943968358603,0.36684245220830586,0.4307844429795649,0.9889810901288663,0.9265087886580141,0.7597165458141067,0.8220420210572222,0.25546133518218994,0.3601338565349579,0.3085036255767963,0.3862887277521424,0.4470995385629532,0.9895433453539623,0.9333707748114903,0.7711470006591958,0.8328458584185668,0.23119071125984192,0.3109240233898163,0.2437376400791035,0.34607778510217535,0.4332564271588662,0.9895045691315418,0.9257932758121231,0.7764568226763349,0.8346076897520367
581,"no_changes,all_inverse_edges,universal_edges",1743,1743,3,0.1202044477686286,0,58,,0.3478846351305644,4.684470704989508,1,0.29094406962394714,1,0.008317836560308933,1,0.061351437121629715,,,,,,,,,,,,,,,,,,,,,,,,,,,
582,"all_inverse_edges,no_changes,universal_edges",1746,1746,3,0.11902931798249483,0,58,,0.3478846351305644,4.6821985670831054,1,0.2904490530490875,1,0.007602612487971783,1,0.059036288410425186,,,,,,,,,,,,,,,,,,,,,,,,,,,
583,"no_changes,all_inverse_edges,universal_edges",1749,1749,3,0.05438225312779347,0,58,,0.3478846351305644,4.6798377491068095,1,0.008808765560388565,1,0.007888845168054104,1,0.14644914865493774,,,,,,,,,,,,,,,,,,,,,,,,,,,
584,"all_inverse_edges,universal_edges,no_changes",1752,1752,3,0.0795148021231095,0,58,,0.3478846351305644,4.6815752889961,1,0.009646976366639137,1,0.09361013025045395,1,0.1352872997522354,,,,,,,,,,,,,,,,,,,,,,,,,,,
585,"universal_edges,all_inverse_edges,no_changes",1755,1755,3,0.05087703187018633,0,58,,0.3478846351305644,4.674117979826406,1,0.009845294058322906,1,0.01031553652137518,1,0.1324702650308609,,,,,,,,,,,,,,,,,,,,,,,,,,,
586,"universal_edges,no_changes,all_inverse_edges",1758,1758,3,0.04740429917971293,0,58,,0.3478846351305644,4.687056703027338,1,0.008474430069327354,1,0.00837729312479496,1,0.12536117434501648,,,,,,,,,,,,,,,,,,,,,,,,,,,
587,"no_changes,universal_edges,all_inverse_edges",1761,1761,3,0.022718604809294145,0,58,,0.3478846351305644,4.681777547113597,1,0.009651575237512589,1,0.007777240592986345,1,0.0507269985973835,,,,,,,,,,,,,,,,,,,,,,,,,,,
588,"all_inverse_edges,no_changes,universal_edges",1764,1764,3,0.1439850963652134,0,58,,0.3478846351305644,4.684965012129396,1,0.288674920797348,1,0.09022091329097748,1,0.05305945500731468,,,,,,,,,,,,,,,,,,,,,,,,,,,
589,"all_inverse_edges,no_changes,universal_edges",1767,1767,3,0.022948553475240867,0,58,,0.3478846351305644,4.672038072953001,1,0.009166594594717026,1,0.007867907173931599,1,0.051811158657073975,,,,,,,,,,,,,,,,,,,,,,,,,,,
590,"no_changes,all_inverse_edges,universal_edges",1770,1770,3,0.051503680646419525,1,59,0.3390941123167674,0.3478846351305644,20.286769235972315,1,0.010519158095121384,1,0.09260030090808868,1,0.05139158293604851,0.2388729304075241,0.3404449224472046,0.2851021753460778,0.3768951878707976,0.42963085036255766,0.9892525236858092,0.942486274494664,0.7554943968358603,0.8229889382973352,0.25646334886550903,0.3651520609855652,0.31542518127883984,0.39007910349373764,0.44891232696110744,0.9896532113174867,0.9451592141471992,0.7652274225444957,0.831534322310223,0.23155716061592102,0.31168535351753235,0.24522083058668426,0.34706657877389585,0.4327620303230059,0.9895368826502255,0.9387944543803031,0.7666216216216216,0.8308814276224948
591,"no_changes,universal_edges,all_inverse_edges",1773,1773,3,0.021335735451430082,0,59,,0.3478846351305644,4.6803298820741475,1,0.008327596820890903,1,0.007346694823354483,1,0.04833291471004486,,,,,,,,,,,,,,,,,,,,,,,,,,,
592,"no_changes,universal_edges,all_inverse_edges",1776,1776,3,0.11495128211875756,0,59,,0.3478846351305644,4.682550770929083,1,0.2848740220069885,1,0.0082292091101408,1,0.05175061523914337,,,,,,,,,,,,,,,,,,,,,,,,,,,
593,"no_changes,universal_edges,all_inverse_edges",1779,1779,3,0.04973451032613715,0,59,,0.3478846351305644,4.677533796057105,1,0.010337084531784058,1,0.007529623340815306,1,0.13133682310581207,,,,,,,,,,,,,,,,,,,,,,,,,,,
594,"all_inverse_edges,universal_edges,no_changes",1782,1782,3,0.025102136346201103,0,59,,0.3478846351305644,4.681798632955179,1,0.01113255973905325,1,0.007901450619101524,1,0.05627239868044853,,,,,,,,,,,,,,,,,,,,,,,,,,,
595,"all_inverse_edges,no_changes,universal_edges",1785,1785,3,0.026936016821612913,0,59,,0.3478846351305644,4.686693266965449,1,0.009951126761734486,1,0.007807726506143808,1,0.06304919719696045,,,,,,,,,,,,,,,,,,,,,,,,,,,
596,"all_inverse_edges,universal_edges,no_changes",1788,1788,3,0.1167581444606185,0,59,,0.3478846351305644,4.685227051144466,1,0.2878016233444214,1,0.0068059200420975685,1,0.05566688999533653,,,,,,,,,,,,,,,,,,,,,,,,,,,
597,"no_changes,universal_edges,all_inverse_edges",1791,1791,3,0.024622799828648567,0,59,,0.3478846351305644,4.67875905893743,1,0.01042436808347702,1,0.008407747372984886,1,0.055036284029483795,,,,,,,,,,,,,,,,,,,,,,,,,,,
598,"all_inverse_edges,universal_edges,no_changes",1794,1794,3,0.02478123301019271,0,59,,0.3478846351305644,4.683336752001196,1,0.010899212211370468,1,0.008117004297673702,1,0.055327482521533966,,,,,,,,,,,,,,,,,,,,,,,,,,,
599,"no_changes,universal_edges,all_inverse_edges",1797,1797,3,0.14521170842150846,0,59,,0.3478846351305644,4.6807148300576955,1,0.291409432888031,1,0.008427953347563744,1,0.13579773902893066,,,,,,,,,,,,,,,,,,,,,,,,,,,
600,"all_inverse_edges,no_changes,universal_edges",1800,1800,3,0.05573089110354582,1,60,0.34309121966362,0.3478846351305644,20.318057899829,1,0.011991037055850029,1,0.09159489721059799,1,0.06360673904418945,0.24154582619667053,0.3422532379627228,0.28724456163480555,0.37425840474620964,0.43309162821357944,0.9889358512027092,0.9166363140807019,0.7669611074489123,0.8247472917106786,0.25830167531967163,0.36872920393943787,0.3206987475280158,0.39337508239947266,0.4503955174686882,0.9896596740212236,0.9330471070919109,0.7749208965062624,0.8356260658504444,0.23726309835910797,0.31829121708869934,0.2523071852340145,0.35365853658536583,0.4357284113381674,0.9896596740212236,0.920647088103534,0.7860646011865524,0.8400153286849887
601,"no_changes,all_inverse_edges,universal_edges",1803,1803,3,0.051019602144757904,0,60,,0.3478846351305644,4.675860472023487,1,0.009243262000381947,1,0.010673877783119678,1,0.1331416666507721,,,,,,,,,,,,,,,,,,,,,,,,,,,
602,"all_inverse_edges,no_changes,universal_edges",1806,1806,3,0.02766237687319517,0,60,,0.3478846351305644,4.686758195050061,1,0.012087919749319553,1,0.008714646100997925,1,0.062184564769268036,,,,,,,,,,,,,,,,,,,,,,,,,,,
603,"no_changes,all_inverse_edges,universal_edges",1809,1809,3,0.0569439431031545,0,60,,0.3478846351305644,4.681651276070625,1,0.009406894445419312,1,0.09582341462373734,1,0.06560152024030685,,,,,,,,,,,,,,,,,,,,,,,,,,,
604,"no_changes,all_inverse_edges,universal_edges",1812,1812,3,0.025042112606267136,0,60,,0.3478846351305644,4.675649433163926,1,0.010719404555857182,1,0.00841953419148922,1,0.055987399071455,,,,,,,,,,,,,,,,,,,,,,,,,,,
605,"universal_edges,no_changes,all_inverse_edges",1815,1815,3,0.02057425258681178,0,60,,0.3478846351305644,4.671717752935365,1,0.008392526768147945,1,0.006794813554733992,1,0.046535417437553406,,,,,,,,,,,,,,,,,,,,,,,,,,,
606,"all_inverse_edges,universal_edges,no_changes",1818,1818,3,0.060098683927208185,0,60,,0.3478846351305644,4.6774541169870645,1,0.008856123313307762,1,0.007409436162561178,1,0.16403049230575562,,,,,,,,,,,,,,,,,,,,,,,,,,,
607,"universal_edges,all_inverse_edges,no_changes",1821,1821,3,0.1465129405260086,0,60,,0.3478846351305644,4.684661799110472,1,0.2880035936832428,1,0.09151560813188553,1,0.06001961976289749,,,,,,,,,,,,,,,,,,,,,,,,,,,
608,"universal_edges,all_inverse_edges,no_changes",1824,1824,3,0.06077503878623247,0,60,,0.3478846351305644,4.674904459854588,1,0.009843822568655014,1,0.009310509078204632,1,0.16317078471183777,,,,,,,,,,,,,,,,,,,,,,,,,,,
609,"universal_edges,all_inverse_edges,no_changes",1827,1827,3,0.1493761440118154,0,60,,0.3478846351305644,4.684301050845534,1,0.2856849431991577,1,0.09099790453910828,1,0.07144558429718018,,,,,,,,,,,,,,,,,,,,,,,,,,,
610,"no_changes,all_inverse_edges,universal_edges",1830,1830,3,0.17269738266865411,1,61,0.34286685784657794,0.3478846351305644,20.25408440292813,1,0.2832338809967041,1,0.08821605890989304,1,0.14664220809936523,0.2382226437330246,0.33879029750823975,0.28328938694792355,0.37228081740276864,0.43358602504943966,0.9890586425737071,0.9252680032676979,0.7631476598549769,0.8243597456256504,0.2576127052307129,0.3671586215496063,0.31740276862228084,0.3918918918918919,0.45220830586684246,0.9896402859100133,0.9339099394275987,0.7736189848384971,0.8348909242020293,0.2386939525604248,0.3226516544818878,0.259887936717205,0.3553065260382334,0.4382003955174687,0.9896208977988031,0.9243542234094559,0.7813612392880686,0.8377836392542275
611,"no_changes,all_inverse_edges,universal_edges",1833,1833,3,0.027720363189776737,0,61,,0.3478846351305644,4.6765555769670755,1,0.010117504745721817,1,0.009034790098667145,1,0.06400879472494125,,,,,,,,,,,,,,,,,,,,,,,,,,,
612,"no_changes,universal_edges,all_inverse_edges",1836,1836,3,0.025174863015611965,0,61,,0.3478846351305644,4.696875683031976,1,0.01036401093006134,1,0.009063581004738808,1,0.05609699711203575,,,,,,,,,,,,,,,,,,,,,,,,,,,
613,"universal_edges,no_changes,all_inverse_edges",1839,1839,3,0.05100425177564224,0,61,,0.3478846351305644,4.682134280912578,1,0.011589319445192814,1,0.009672151878476143,1,0.13175128400325775,,,,,,,,,,,,,,,,,,,,,,,,,,,
614,"no_changes,universal_edges,all_inverse_edges",1842,1842,3,0.03231295943260193,0,61,,0.3478846351305644,4.683078162139282,1,0.00917289312928915,1,0.009657726623117924,1,0.07810825854539871,,,,,,,,,,,,,,,,,,,,,,,,,,,
615,"no_changes,universal_edges,all_inverse_edges",1845,1845,3,0.03399777536590894,0,61,,0.3478846351305644,4.681791642215103,1,0.010387949645519257,1,0.007913295179605484,1,0.08369208127260208,,,,,,,,,,,,,,,,,,,,,,,,,,,
616,"universal_edges,no_changes,all_inverse_edges",1848,1848,3,0.053166016936302185,0,61,,0.3478846351305644,4.681839013937861,1,0.008426783606410027,1,0.006718086078763008,1,0.14435318112373352,,,,,,,,,,,,,,,,,,,,,,,,,,,
617,"universal_edges,all_inverse_edges,no_changes",1851,1851,3,0.05332112358883023,0,61,,0.3478846351305644,4.695536677958444,1,0.009409472346305847,1,0.0077529712580144405,1,0.1428009271621704,,,,,,,,,,,,,,,,,,,,,,,,,,,
618,"universal_edges,no_changes,all_inverse_edges",1854,1854,3,0.026392901316285133,0,61,,0.3478846351305644,4.685608305968344,1,0.009592220187187195,1,0.0075934771448373795,1,0.061993006616830826,,,,,,,,,,,,,,,,,,,,,,,,,,,
619,"no_changes,all_inverse_edges,universal_edges",1857,1857,3,0.028451273528238136,0,61,,0.3478846351305644,4.683821857906878,1,0.008409404195845127,1,0.007692543789744377,1,0.06925187259912491,,,,,,,,,,,,,,,,,,,,,,,,,,,
620,"universal_edges,all_inverse_edges,no_changes",1860,1860,3,0.12238766625523567,1,62,0.34237361947695416,0.3478846351305644,20.293844628846273,1,0.3075617253780365,1,0.007743727415800095,1,0.05185754597187042,0.23907124996185303,0.3367401659488678,0.27900461437046803,0.3731048121292024,0.4337508239947264,0.9891685085372316,0.9208228982757876,0.7704713249835201,0.8286362593587258,0.25772249698638916,0.3671428859233856,0.31789716545814106,0.39337508239947266,0.44990112063282794,0.9897953907996949,0.9347567051081046,0.7775741595253791,0.8381375990305711,0.23617862164974213,0.323237806558609,0.2603823335530653,0.3571193144363876,0.4337508239947264,0.9897501518735378,0.9190621133151672,0.79047132498352,0.8426324910533569
621,"no_changes,universal_edges,all_inverse_edges",1863,1863,3,0.1291371968885263,0,62,,0.3478846351305644,4.69222959689796,1,0.28701722621917725,1,0.011392515152692795,1,0.0890018492937088,,,,,,,,,,,,,,,,,,,,,,,,,,,
622,"universal_edges,all_inverse_edges,no_changes",1866,1866,3,0.1420972589403391,0,62,,0.3478846351305644,4.687550943810493,1,0.34333163499832153,1,0.01580587588250637,1,0.06715426594018936,,,,,,,,,,,,,,,,,,,,,,,,,,,
623,"all_inverse_edges,universal_edges,no_changes",1869,1869,3,0.057440584835906826,0,62,,0.3478846351305644,4.682316621998325,1,0.012174439616501331,1,0.009523769840598106,1,0.15062354505062103,,,,,,,,,,,,,,,,,,,,,,,,,,,
624,"no_changes,universal_edges,all_inverse_edges",1872,1872,3,0.12355422042310238,0,62,,0.3478846351305644,4.676803597947583,1,0.29114237427711487,1,0.010258959606289864,1,0.0692613273859024,,,,,,,,,,,,,,,,,,,,,,,,,,,
625,"all_inverse_edges,no_changes,universal_edges",1875,1875,3,0.08518734232832988,0,62,,0.3478846351305644,4.679091805126518,1,0.013983962126076221,1,0.09788844734430313,1,0.1436896175146103,,,,,,,,,,,,,,,,,,,,,,,,,,,
626,"no_changes,all_inverse_edges,universal_edges",1878,1878,3,0.08318216167390347,0,62,,0.3478846351305644,4.670728757046163,1,0.012638190761208534,1,0.09689722210168839,1,0.14001107215881348,,,,,,,,,,,,,,,,,,,,,,,,,,,
627,"all_inverse_edges,universal_edges,no_changes",1881,1881,3,0.056795778684318066,0,62,,0.3478846351305644,4.675342959119007,1,0.011540033854544163,1,0.0947158932685852,1,0.06413140892982483,,,,,,,,,,,,,,,,,,,,,,,,,,,
628,"universal_edges,all_inverse_edges,no_changes",1884,1884,3,0.12276126227031152,0,62,,0.3478846351305644,4.677852832013741,1,0.3097918629646301,1,0.01048064325004816,1,0.048011280596256256,,,,,,,,,,,,,,,,,,,,,,,,,,,
629,"no_changes,all_inverse_edges,universal_edges",1887,1887,3,0.14607167740662894,0,62,,0.3478846351305644,4.666475985897705,1,0.2949822247028351,1,0.010104209184646606,1,0.1331285983324051,,,,,,,,,,,,,,,,,,,,,,,,,,,
630,"universal_edges,all_inverse_edges,no_changes",1890,1890,3,0.02543902552376191,1,63,0.3378850519657135,0.3478846351305644,20.270631907042116,1,0.01603372022509575,1,0.011139330454170704,1,0.04914402589201927,0.23726139962673187,0.33775681257247925,0.28493737640079103,0.3691496374423204,0.4293012524719842,0.9888324479429214,0.8993979243276222,0.7812821357943309,0.8296540044080934,0.25481072068214417,0.36401286721229553,0.3167435728411338,0.38941990771259066,0.4411667765326302,0.9897501518735378,0.915717658705955,0.7938628872775214,0.8438903582938128,0.23024339973926544,0.3118854761123657,0.251977587343441,0.34311140408701385,0.41974291364535266,0.9886579549420296,0.8766187078202199,0.8054185893210284,0.8371315569567891
631,"all_inverse_edges,universal_edges,no_changes",1893,1893,3,0.10164280732472737,0,63,,0.3478846351305644,4.682035326957703,1,0.01514812558889389,1,0.09888642281293869,1,0.19089387357234955,,,,,,,,,,,,,,,,,,,,,,,,,,,
632,"all_inverse_edges,no_changes,universal_edges",1896,1896,3,0.07356748667856057,0,63,,0.3478846351305644,4.987354611977935,1,0.013369608670473099,1,0.010074155405163765,1,0.19725869596004486,,,,,,,,,,,,,,,,,,,,,,,,,,,
633,"no_changes,universal_edges,all_inverse_edges",1899,1899,3,0.07025591190904379,0,63,,0.3478846351305644,4.687252068193629,1,0.011112185195088387,1,0.009250405244529247,1,0.19040514528751373,,,,,,,,,,,,,,,,,,,,,,,,,,,
634,"universal_edges,all_inverse_edges,no_changes",1902,1902,3,0.1486227186396718,0,63,,0.3478846351305644,4.6746454478707165,1,0.30364790558815,1,0.00784952100366354,1,0.13437072932720184,,,,,,,,,,,,,,,,,,,,,,,,,,,
635,"all_inverse_edges,universal_edges,no_changes",1905,1905,3,0.04275382744769255,0,63,,0.3478846351305644,4.669723071157932,1,0.01702672801911831,1,0.008148878812789917,1,0.10308587551116943,,,,,,,,,,,,,,,,,,,,,,,,,,,
636,"all_inverse_edges,no_changes,universal_edges",1908,1908,3,0.09118131796518962,0,63,,0.3478846351305644,4.67930560419336,1,0.0174577534198761,1,0.0991465300321579,1,0.15693967044353485,,,,,,,,,,,,,,,,,,,,,,,,,,,
637,"all_inverse_edges,universal_edges,no_changes",1911,1911,3,0.03763956514497598,0,63,,0.3478846351305644,4.674600584898144,1,0.012270642444491386,1,0.011525794863700867,1,0.08912225812673569,,,,,,,,,,,,,,,,,,,,,,,,,,,
638,"no_changes,universal_edges,all_inverse_edges",1914,1914,3,0.06322658838083346,0,63,,0.3478846351305644,4.6911580339074135,1,0.011983134783804417,1,0.10486835986375809,1,0.0728282704949379,,,,,,,,,,,,,,,,,,,,,,,,,,,
639,"all_inverse_edges,no_changes,universal_edges",1917,1917,3,0.1555264238268137,0,63,,0.3478846351305644,4.681427957955748,1,0.29532554745674133,1,0.008242933079600334,1,0.16301079094409943,,,,,,,,,,,,,,,,,,,,,,,,,,,
640,"universal_edges,all_inverse_edges,no_changes",1920,1920,3,0.0325130590548118,1,64,0.34245625138282776,0.3478846351305644,20.290651060873643,1,0.01216145046055317,1,0.014995437115430832,1,0.07038228958845139,0.23172417283058167,0.3320981562137604,0.279663810151615,0.35860250494396834,0.42617007251153594,0.9887419700906072,0.8992833624218277,0.7783289386947924,0.8275507666185022,0.252481609582901,0.36778920888900757,0.32284113381674356,0.38843111404087016,0.44297956493078444,0.9895239572427521,0.9130154565389286,0.7893869479235333,0.8398663227300571,0.2363092601299286,0.32748138904571533,0.27059986816084375,0.35695451549110085,0.4279828609096902,0.9892460609820725,0.8980767243342096,0.7969973632168754,0.8398678979535303
641,"universal_edges,all_inverse_edges,no_changes",1923,1923,3,0.054337432918449245,0,64,,0.3478846351305644,4.685713127022609,1,0.010520813055336475,1,0.010314514860510826,1,0.14217697083950043,,,,,,,,,,,,,,,,,,,,,,,,,,,
642,"universal_edges,all_inverse_edges,no_changes",1926,1926,3,0.02725155558437109,0,64,,0.3478846351305644,4.685116474982351,1,0.010828607715666294,1,0.008205156773328781,1,0.0627209022641182,,,,,,,,,,,,,,,,,,,,,,,,,,,
643,"all_inverse_edges,universal_edges,no_changes",1929,1929,3,0.1446580576399962,0,64,,0.3478846351305644,4.684017072897404,1,0.2854889929294586,1,0.09304202347993851,1,0.05544315651059151,,,,,,,,,,,,,,,,,,,,,,,,,,,
644,"all_inverse_edges,no_changes,universal_edges",1932,1932,3,0.05064571835100651,0,64,,0.3478846351305644,4.683933211024851,1,0.009131839498877525,1,0.09143216162919998,1,0.05137315392494202,,,,,,,,,,,,,,,,,,,,,,,,,,,
645,"universal_edges,no_changes,all_inverse_edges",1935,1935,3,0.04787414272626241,0,64,,0.3478846351305644,4.679728406947106,1,0.008161146193742752,1,0.08945859968662262,1,0.04600268229842186,,,,,,,,,,,,,,,,,,,,,,,,,,,
646,"universal_edges,no_changes,all_inverse_edges",1938,1938,3,0.020763267297297716,0,64,,0.3478846351305644,4.67211695201695,1,0.008531918749213219,1,0.006743143778294325,1,0.047014739364385605,,,,,,,,,,,,,,,,,,,,,,,,,,,
647,"no_changes,all_inverse_edges,universal_edges",1941,1941,3,0.07726367143914104,0,64,,0.3478846351305644,4.68981958203949,1,0.007468531373888254,1,0.088894784450531,1,0.13542769849300385,,,,,,,,,,,,,,,,,,,,,,,,,,,
648,"no_changes,all_inverse_edges,universal_edges",1944,1944,3,0.0743795648838083,0,64,,0.3478846351305644,4.694364061113447,1,0.00926451850682497,1,0.08544158935546875,1,0.12843258678913116,,,,,,,,,,,,,,,,,,,,,,,,,,,
649,"universal_edges,all_inverse_edges,no_changes",1947,1947,3,0.11385299575825532,0,64,,0.3478846351305644,4.682251554913819,1,0.28590285778045654,1,0.007387122139334679,1,0.04826900735497475,,,,,,,,,,,,,,,,,,,,,,,,,,,
650,"no_changes,universal_edges,all_inverse_edges",1950,1950,3,0.11316211738934119,1,65,0.34734999140103656,0.3478846351305644,20.24788999906741,1,0.2814771831035614,1,0.007039750926196575,1,0.05096941813826561,0.2386789619922638,0.3438620865345001,0.291529334212261,0.3745880026367831,0.4329268292682927,0.9891878966484419,0.9301317498056221,0.7630520764667106,0.8256639687411373,0.2577912509441376,0.3707018792629242,0.32481872116018456,0.39337508239947266,0.4480883322346737,0.989743689169801,0.9382399023975905,0.7731872116018457,0.8358185226278438,0.23988036811351776,0.3274860084056854,0.2668094924192485,0.35893210283454186,0.43638760711931446,0.9896402859100133,0.928053386396811,0.7786255767963085,0.8369071222151792
651,"universal_edges,no_changes,all_inverse_edges",1953,1953,3,0.04613416983435551,0,65,,0.3478846351305644,4.6753500320483,1,0.009167849086225033,1,0.007828373461961746,1,0.12140628695487976,,,,,,,,,,,,,,,,,,,,,,,,,,,
652,"all_inverse_edges,universal_edges,no_changes",1956,1956,3,0.14244705950841308,0,65,,0.3478846351305644,4.679854222107679,1,0.29102620482444763,1,0.0066301231272518635,1,0.12968485057353973,,,,,,,,,,,,,,,,,,,,,,,,,,,
653,"universal_edges,no_changes,all_inverse_edges",1959,1959,3,0.024553965001056593,0,65,,0.3478846351305644,4.677574998931959,1,0.009595396928489208,1,0.00691430876031518,1,0.05715218931436539,,,,,,,,,,,,,,,,,,,,,,,,,,,
654,"no_changes,universal_edges,all_inverse_edges",1962,1962,3,0.02780736656859517,0,65,,0.3478846351305644,4.682271840982139,1,0.007176375016570091,1,0.007767632137984037,1,0.06847809255123138,,,,,,,,,,,,,,,,,,,,,,,,,,,
655,"no_changes,universal_edges,all_inverse_edges",1965,1965,3,0.0374508590127031,0,65,,0.3478846351305644,4.6833718731068075,1,0.008700205944478512,1,0.008946163579821587,1,0.0947062075138092,,,,,,,,,,,,,,,,,,,,,,,,,,,
656,"no_changes,universal_edges,all_inverse_edges",1968,1968,3,0.03458164989327391,0,65,,0.3478846351305644,4.673816544003785,1,0.009215536527335644,1,0.006678961683064699,1,0.08785045146942139,,,,,,,,,,,,,,,,,,,,,,,,,,,
657,"all_inverse_edges,no_changes,universal_edges",1971,1971,3,0.026705030351877213,0,65,,0.3478846351305644,4.69046742701903,1,0.009358834475278854,1,0.006745852530002594,1,0.06401040405035019,,,,,,,,,,,,,,,,,,,,,,,,,,,
658,"all_inverse_edges,universal_edges,no_changes",1974,1974,3,0.14984522045900425,0,65,,0.3478846351305644,4.673848338890821,1,0.30530059337615967,1,0.008866407908499241,1,0.13536866009235382,,,,,,,,,,,,,,,,,,,,,,,,,,,
659,"universal_edges,no_changes,all_inverse_edges",1977,1977,3,0.0339092363913854,0,65,,0.3478846351305644,4.69190923194401,1,0.013820227235555649,1,0.015208061784505844,1,0.0726994201540947,,,,,,,,,,,,,,,,,,,,,,,,,,,
660,"universal_edges,all_inverse_edges,no_changes",1980,1980,3,0.02951867350687583,1,66,0.3476063807805379,0.3478846351305644,20.21685464400798,1,0.011151842772960663,1,0.010866261087357998,1,0.06653791666030884,0.23610109090805054,0.34201937913894653,0.2887277521423863,0.3735992089650626,0.43045484508899146,0.9890780306849174,0.9308715548733917,0.7591199736321688,0.8227834791413635,0.25607913732528687,0.37167924642562866,0.3281147000659196,0.39007910349373764,0.4464403427818062,0.9893947031680174,0.9452343821311282,0.7576664469347396,0.8254746647999291,0.2370721399784088,0.3291205167770386,0.2707646671061305,0.35843770599868163,0.4327620303230059,0.9891685085372316,0.9222585442924078,0.7691793012524719,0.8280918365962461
661,"no_changes,universal_edges,all_inverse_edges",1983,1983,3,0.054687902641793094,0,66,,0.3478846351305644,4.70003148005344,1,0.009744931943714619,1,0.016031038016080856,1,0.1382877379655838,,,,,,,,,,,,,,,,,,,,,,,,,,,
662,"universal_edges,no_changes,all_inverse_edges",1986,1986,3,0.02733938427021106,0,66,,0.3478846351305644,4.679060774156824,1,0.009971817024052143,1,0.022197168320417404,1,0.049849167466163635,,,,,,,,,,,,,,,,,,,,,,,,,,,
663,"all_inverse_edges,no_changes,universal_edges",1989,1989,3,0.03363784775137901,0,66,,0.3478846351305644,4.682054894976318,1,0.009318176656961441,1,0.02616940438747406,1,0.06542596220970154,,,,,,,,,,,,,,,,,,,,,,,,,,,
664,"all_inverse_edges,no_changes,universal_edges",1992,1992,3,0.05412575230002403,0,66,,0.3478846351305644,4.67790687805973,1,0.010676523670554161,1,0.020173652097582817,1,0.13152708113193512,,,,,,,,,,,,,,,,,,,,,,,,,,,
665,"all_inverse_edges,no_changes,universal_edges",1995,1995,3,0.027078483253717422,0,66,,0.3478846351305644,4.683738584863022,1,0.009111249819397926,1,0.017333844676613808,1,0.05479035526514053,,,,,,,,,,,,,,,,,,,,,,,,,,,
666,"all_inverse_edges,universal_edges,no_changes",1998,1998,3,0.14352899541457495,0,66,,0.3478846351305644,4.684378172038123,1,0.287109375,1,0.018475867807865143,1,0.12500174343585968,,,,,,,,,,,,,,,,,,,,,,,,,,,
667,"universal_edges,all_inverse_edges,no_changes",2001,2001,3,0.05001988789687554,0,66,,0.3478846351305644,4.694486468099058,1,0.00871961284428835,1,0.09460538625717163,1,0.04673466458916664,,,,,,,,,,,,,,,,,,,,,,,,,,,
668,"all_inverse_edges,universal_edges,no_changes",2004,2004,3,0.05023385522266229,0,66,,0.3478846351305644,4.673746178857982,1,0.008960606530308723,1,0.09426456689834595,1,0.0474763922393322,,,,,,,,,,,,,,,,,,,,,,,,,,,
669,"all_inverse_edges,no_changes,universal_edges",2007,2007,3,0.022877758989731472,0,66,,0.3478846351305644,4.672808301169425,1,0.007506870664656162,1,0.008379406295716763,1,0.05274700000882149,,,,,,,,,,,,,,,,,,,,,,,,,,,
670,"all_inverse_edges,no_changes,universal_edges",2010,2010,3,0.021004623578240473,1,67,0.35169373949368793,0.35169373949368793,20.364260574104264,1,0.007932991720736027,1,0.006621557753533125,1,0.04845932126045227,0.24208104610443115,0.35050034523010254,0.2996044825313118,0.3778839815425181,0.4347396176664469,0.9892266728708623,0.9510294360427393,0.7488595912986157,0.8196602521032037,0.2582837641239166,0.37320905923843384,0.3284442979564931,0.3918918918918919,0.4527027027027027,0.9894270166867011,0.9551265391713696,0.7518688200395518,0.8231993634125032,0.23964448273181915,0.33137181401252747,0.27158866183256425,0.3642056690837179,0.43506921555702044,0.9895885842801194,0.9426641527709945,0.7651944627554383,0.8308269771757274
671,"no_changes,universal_edges,all_inverse_edges",2013,2013,3,0.020161657283703487,0,67,,0.35169373949368793,4.6984061759430915,1,0.008730967529118061,1,0.007186605595052242,1,0.044567398726940155,,,,,,,,,,,,,,,,,,,,,,,,,,,
672,"all_inverse_edges,no_changes,universal_edges",2016,2016,3,0.021165132833023865,0,67,,0.35169373949368793,4.690687783993781,1,0.007552242372184992,1,0.006646587047725916,1,0.04929656907916069,,,,,,,,,,,,,,,,,,,,,,,,,,,
673,"universal_edges,all_inverse_edges,no_changes",2019,2019,3,0.1390615237566332,0,67,,0.35169373949368793,4.690825749188662,1,0.28831106424331665,1,0.005961956921964884,1,0.12291155010461807,,,,,,,,,,,,,,,,,,,,,,,,,,,
674,"universal_edges,all_inverse_edges,no_changes",2022,2022,3,0.05130808427929878,0,67,,0.35169373949368793,4.687077298993245,1,0.010978534817695618,1,0.08718603104352951,1,0.05575968697667122,,,,,,,,,,,,,,,,,,,,,,,,,,,
675,"no_changes,universal_edges,all_inverse_edges",2025,2025,3,0.13845385269572338,0,67,,0.35169373949368793,4.688650138210505,1,0.2845679819583893,1,0.008429099805653095,1,0.12236447632312775,,,,,,,,,,,,,,,,,,,,,,,,,,,
676,"no_changes,all_inverse_edges,universal_edges",2028,2028,3,0.1369598206753532,0,67,,0.35169373949368793,4.680646969936788,1,0.2825889587402344,1,0.007183312438428402,1,0.12110719084739685,,,,,,,,,,,,,,,,,,,,,,,,,,,
677,"no_changes,universal_edges,all_inverse_edges",2031,2031,3,0.1371608649690946,0,67,,0.35169373949368793,4.689543182961643,1,0.27904951572418213,1,0.08882623165845871,1,0.043606847524642944,,,,,,,,,,,,,,,,,,,,,,,,,,,
678,"no_changes,all_inverse_edges,universal_edges",2034,2034,3,0.04650755443920692,0,67,,0.35169373949368793,4.6841541128233075,1,0.007903113029897213,1,0.08618151396512985,1,0.04543803632259369,,,,,,,,,,,,,,,,,,,,,,,,,,,
679,"no_changes,universal_edges,all_inverse_edges",2037,2037,3,0.019266055275996525,0,67,,0.35169373949368793,4.666965421056375,1,0.009341781958937645,1,0.00827060081064701,1,0.04018578305840492,,,,,,,,,,,,,,,,,,,,,,,,,,,
680,"no_changes,all_inverse_edges,universal_edges",2040,2040,3,0.025352755406250555,1,68,0.35334747036298114,0.35334747036298114,20.344949695048854,1,0.008026957511901855,1,0.006413137074559927,1,0.061618171632289886,0.24187001585960388,0.35069069266319275,0.30009887936717206,0.3785431773236651,0.4377059986816084,0.989039254462497,0.9453014918263614,0.7473104812129202,0.8169454102860185,0.2605489492416382,0.37660446763038635,0.3315754779169413,0.39667106130520763,0.45484508899143045,0.9893494642418602,0.9523205336812258,0.7515062623599209,0.8222006282354868,0.23989073932170868,0.3327472507953644,0.27340145023071855,0.36189848384970336,0.44232036914963746,0.9893430015381235,0.9364975378213625,0.7626466710613052,0.8271179371499232
681,"all_inverse_edges,universal_edges,no_changes",2043,2043,3,0.02525986374045412,0,68,,0.35334747036298114,4.686552585102618,1,0.00818953663110733,1,0.006370146293193102,1,0.06121990829706192,,,,,,,,,,,,,,,,,,,,,,,,,,,
682,"universal_edges,all_inverse_edges,no_changes",2046,2046,3,0.028511293698102236,0,68,,0.35334747036298114,4.682896557031199,1,0.007567983120679855,1,0.007107955869287252,1,0.0708579421043396,,,,,,,,,,,,,,,,,,,,,,,,,,,
683,"all_inverse_edges,universal_edges,no_changes",2049,2049,3,0.14287366842230162,0,68,,0.35334747036298114,4.680333842057735,1,0.2837424576282501,1,0.08551463484764099,1,0.05936391279101372,,,,,,,,,,,,,,,,,,,,,,,,,,,
684,"no_changes,universal_edges,all_inverse_edges",2052,2052,3,0.049739004112780094,0,68,,0.35334747036298114,4.681474595097825,1,0.008114887401461601,1,0.011769508011639118,1,0.12933261692523956,,,,,,,,,,,,,,,,,,,,,,,,,,,
685,"all_inverse_edges,no_changes,universal_edges",2055,2055,3,0.03128879082699617,0,68,,0.35334747036298114,4.68208766495809,1,0.008176054805517197,1,0.010658903047442436,1,0.07503141462802887,,,,,,,,,,,,,,,,,,,,,,,,,,,
686,"all_inverse_edges,no_changes,universal_edges",2058,2058,3,0.023898468508074682,0,68,,0.35334747036298114,4.685435094172135,1,0.007905999198555946,1,0.006877580191940069,1,0.05691182613372803,,,,,,,,,,,,,,,,,,,,,,,,,,,
687,"universal_edges,all_inverse_edges,no_changes",2061,2061,3,0.11505039719243844,0,68,,0.35334747036298114,4.6752344409469515,1,0.28485020995140076,1,0.008824819698929787,1,0.05147616192698479,,,,,,,,,,,,,,,,,,,,,,,,,,,
688,"all_inverse_edges,universal_edges,no_changes",2064,2064,3,0.027641483892997105,0,68,,0.35334747036298114,4.686392502859235,1,0.00758316507562995,1,0.007286625448614359,1,0.06805466115474701,,,,,,,,,,,,,,,,,,,,,,,,,,,
689,"no_changes,universal_edges,all_inverse_edges",2067,2067,3,0.07946182632197936,0,68,,0.35334747036298114,4.671700624981895,1,0.008458639495074749,1,0.09148234128952026,1,0.13844449818134308,,,,,,,,,,,,,,,,,,,,,,,,,,,
690,"no_changes,all_inverse_edges,universal_edges",2070,2070,3,0.1343246797720591,1,69,0.35238991181055707,0.35334747036298114,20.29430590593256,1,0.2829982340335846,1,0.01223708689212799,1,0.10773871839046478,0.24130180478096008,0.34936872124671936,0.29713249835201055,0.38167435728411336,0.43655240606460116,0.9889810901288663,0.9247750032596085,0.761170072511536,0.8226872735185224,0.2577749788761139,0.3763423562049866,0.3299274884640738,0.4001318391562294,0.45583388266315095,0.9896144350950664,0.9345521992580816,0.772313777191826,0.8340818340051023,0.23913581669330597,0.3314586579799652,0.269116677653263,0.36437046802900463,0.44330916282135796,0.989549808057699,0.9187945095773051,0.7843935398813449,0.8382216218500684
691,"universal_edges,all_inverse_edges,no_changes",2073,2073,3,0.03262592852115631,0,69,,0.35334747036298114,4.678315843921155,1,0.009370142593979836,1,0.009407615289092064,1,0.07910002768039703,,,,,,,,,,,,,,,,,,,,,,,,,,,
692,"all_inverse_edges,universal_edges,no_changes",2076,2076,3,0.05739352821062008,0,69,,0.35334747036298114,4.678777769906446,1,0.008491327986121178,1,0.015483261086046696,1,0.14820599555969238,,,,,,,,,,,,,,,,,,,,,,,,,,,
693,"all_inverse_edges,no_changes,universal_edges",2079,2079,3,0.07587485015392303,0,69,,0.35334747036298114,4.683816481148824,1,0.008645601570606232,1,0.09725447744131088,1,0.12172447144985199,,,,,,,,,,,,,,,,,,,,,,,,,,,
694,"all_inverse_edges,no_changes,universal_edges",2082,2082,3,0.06659465904037158,0,69,,0.35334747036298114,4.679389046039432,1,0.008683118969202042,1,0.04655957967042923,1,0.14454127848148346,,,,,,,,,,,,,,,,,,,,,,,,,,,
695,"no_changes,universal_edges,all_inverse_edges",2085,2085,3,0.036061422588924565,0,69,,0.35334747036298114,4.6792039959691465,1,0.008760719560086727,1,0.017799830064177513,1,0.08162371814250946,,,,,,,,,,,,,,,,,,,,,,,,,,,
696,"no_changes,universal_edges,all_inverse_edges",2088,2088,3,0.03998323312650124,0,69,,0.35334747036298114,4.701153511879966,1,0.010108035057783127,1,0.013647903688251972,1,0.09619376063346863,,,,,,,,,,,,,,,,,,,,,,,,,,,
697,"all_inverse_edges,no_changes,universal_edges",2091,2091,3,0.07712675848354895,0,69,,0.35334747036298114,4.675858388189226,1,0.010932615958154202,1,0.09812287986278534,1,0.12232477962970734,,,,,,,,,,,,,,,,,,,,,,,,,,,
698,"universal_edges,all_inverse_edges,no_changes",2094,2094,3,0.13506993961830935,0,69,,0.35334747036298114,4.6820006121415645,1,0.28117454051971436,1,0.02011399157345295,1,0.10392128676176071,,,,,,,,,,,,,,,,,,,,,,,,,,,
699,"universal_edges,all_inverse_edges,no_changes",2097,2097,3,0.033142002299427986,0,69,,0.35334747036298114,4.678108648164198,1,0.008110253140330315,1,0.012867502868175507,1,0.07844825088977814,,,,,,,,,,,,,,,,,,,,,,,,,,,
700,"universal_edges,all_inverse_edges,no_changes",2100,2100,3,0.12248893516759078,1,70,0.3530574341615041,0.35334747036298114,20.285957304993644,1,0.2832351326942444,1,0.007391287013888359,1,0.07684038579463959,0.23910757899284363,0.3464198112487793,0.29614370468029005,0.37425840474620964,0.43342122610415296,0.9889552393139194,0.9357904993745969,0.7516282135794331,0.8180926611846938,0.2571828067302704,0.3747512698173523,0.33075148319050757,0.39535266974291366,0.4507251153592617,0.9893042253157031,0.9432011663817831,0.7564897824653922,0.8239857222692766,0.23979119956493378,0.33800122141838074,0.2834541858932103,0.36750164798945284,0.43012524719841794,0.98901340364755,0.917684457192389,0.7684541858932104,0.8261823633113567
701,"all_inverse_edges,no_changes,universal_edges",2103,2103,3,0.036742339842021465,0,70,,0.35334747036298114,4.677912526065484,1,0.00878517422825098,1,0.00894550234079361,1,0.0924963429570198,,,,,,,,,,,,,,,,,,,,,,,,,,,
702,"universal_edges,no_changes,all_inverse_edges",2106,2106,3,0.03137331207593282,0,70,,0.35334747036298114,4.685006485087797,1,0.009686224162578583,1,0.011385127902030945,1,0.07304858416318893,,,,,,,,,,,,,,,,,,,,,,,,,,,
703,"all_inverse_edges,universal_edges,no_changes",2109,2109,3,0.03128881814579169,0,70,,0.35334747036298114,4.691521779168397,1,0.009008398279547691,1,0.009440485388040543,1,0.07541757076978683,,,,,,,,,,,,,,,,,,,,,,,,,,,
704,"all_inverse_edges,no_changes,universal_edges",2112,2112,3,0.0595854123433431,0,70,,0.35334747036298114,4.7051922008395195,1,0.00783655233681202,1,0.009271679446101189,1,0.1616480052471161,,,,,,,,,,,,,,,,,,,,,,,,,,,
705,"all_inverse_edges,no_changes,universal_edges",2115,2115,3,0.05994005377093951,0,70,,0.35334747036298114,4.680742899887264,1,0.008453509770333767,1,0.011542280204594135,1,0.15982437133789062,,,,,,,,,,,,,,,,,,,,,,,,,,,
706,"universal_edges,all_inverse_edges,no_changes",2118,2118,3,0.0409407812791566,0,70,,0.35334747036298114,4.683046536985785,1,0.007387808058410883,1,0.008695104159414768,1,0.10673943161964417,,,,,,,,,,,,,,,,,,,,,,,,,,,
707,"universal_edges,no_changes,all_inverse_edges",2121,2121,3,0.022910752799361944,0,70,,0.35334747036298114,4.683883556164801,1,0.007507181726396084,1,0.007046201732009649,1,0.0541788749396801,,,,,,,,,,,,,,,,,,,,,,,,,,,
708,"all_inverse_edges,no_changes,universal_edges",2124,2124,3,0.047353892431904875,0,70,,0.35334747036298114,4.70195989892818,1,0.007146595045924187,1,0.006308628711849451,1,0.12860645353794098,,,,,,,,,,,,,,,,,,,,,,,,,,,
709,"no_changes,all_inverse_edges,universal_edges",2127,2127,3,0.14408399428551397,0,70,,0.35334747036298114,4.668009195011109,1,0.28520333766937256,1,0.007297464180737734,1,0.13975118100643158,,,,,,,,,,,,,,,,,,,,,,,,,,,
710,"universal_edges,all_inverse_edges,no_changes",2130,2130,3,0.05854340891043345,1,71,0.35488833983739215,0.35488833983739215,20.336680865148082,1,0.00961252674460411,1,0.009334508329629898,1,0.15668319165706635,0.2410631775856018,0.3463261127471924,0.2940013183915623,0.3734344100197759,0.4368820039551747,0.9887161192756602,0.9278146033594896,0.7505372445616348,0.815107934556499,0.2582158148288727,0.3776131570339203,0.33470665787738957,0.39551746868820037,0.4530323005932762,0.9890780306849174,0.9395492115777595,0.7524983520105472,0.8197803839765755,0.2424810230731964,0.34072574973106384,0.2857613711272248,0.3696440342781806,0.43506921555702044,0.9883477451626662,0.8963508017895447,0.7681147000659196,0.8193328879170303
711,"all_inverse_edges,universal_edges,no_changes",2133,2133,3,0.06182747893035412,0,71,,0.35488833983739215,4.678773960098624,1,0.009825981222093105,1,0.00564438384026289,1,0.17001207172870636,,,,,,,,,,,,,,,,,,,,,,,,,,,
712,"no_changes,universal_edges,all_inverse_edges",2136,2136,3,0.032784103260686,0,71,,0.35488833983739215,4.683995730010793,1,0.007770771160721779,1,0.007641302887350321,1,0.0829402357339859,,,,,,,,,,,,,,,,,,,,,,,,,,,
713,"all_inverse_edges,universal_edges,no_changes",2139,2139,3,0.11594673354799549,0,71,,0.35488833983739215,4.69601741200313,1,0.283759742975235,1,0.006138868164271116,1,0.05794158950448036,,,,,,,,,,,,,,,,,,,,,,,,,,,
714,"universal_edges,no_changes,all_inverse_edges",2142,2142,3,0.14555743228023252,0,71,,0.35488833983739215,4.6906703191343695,1,0.2814904451370239,1,0.007315230090171099,1,0.1478666216135025,,,,,,,,,,,,,,,,,,,,,,,,,,,
715,"no_changes,all_inverse_edges,universal_edges",2145,2145,3,0.03296329422543446,0,71,,0.35488833983739215,4.690052862977609,1,0.010779418051242828,1,0.006950895301997662,1,0.0811595693230629,,,,,,,,,,,,,,,,,,,,,,,,,,,
716,"all_inverse_edges,no_changes,universal_edges",2148,2148,3,0.05090216904257735,0,71,,0.35488833983739215,4.688738902099431,1,0.009114043787121773,1,0.00691458722576499,1,0.13667787611484528,,,,,,,,,,,,,,,,,,,,,,,,,,,
717,"all_inverse_edges,no_changes,universal_edges",2151,2151,3,0.023218392704923946,0,71,,0.35488833983739215,4.684404541971162,1,0.008608289062976837,1,0.006340673193335533,1,0.05470621585845947,,,,,,,,,,,,,,,,,,,,,,,,,,,
718,"all_inverse_edges,no_changes,universal_edges",2154,2154,3,0.020945957396179438,0,71,,0.35488833983739215,4.680449985200539,1,0.009291330352425575,1,0.006133714225143194,1,0.04741282761096954,,,,,,,,,,,,,,,,,,,,,,,,,,,
719,"all_inverse_edges,universal_edges,no_changes",2157,2157,3,0.01845958534007271,0,71,,0.35488833983739215,4.682838238077238,1,0.007012145593762398,1,0.00544876279309392,1,0.042917847633361816,,,,,,,,,,,,,,,,,,,,,,,,,,,
720,"universal_edges,all_inverse_edges,no_changes",2160,2160,3,0.01698495913296938,1,72,0.35437678297360736,0.35488833983739215,20.233435322064906,1,0.00732717989012599,1,0.00527530862018466,1,0.03835238888859749,0.23953337967395782,0.3462846279144287,0.2949901120632828,0.3744232036914964,0.4352340145023072,0.9891297323148113,0.9432068665547909,0.7513941990771259,0.8198140013804384,0.2571655213832855,0.37749233841896057,0.33470665787738957,0.39551746868820037,0.45023071852340146,0.9892912999082296,0.948915041240671,0.7521226104152934,0.8218631671543232,0.2433789074420929,0.33935338258743286,0.28526697429136455,0.3666776532630191,0.4329268292682927,0.9892783745007562,0.9296914789945173,0.7661667765326302,0.8279562097787138
721,"no_changes,universal_edges,all_inverse_edges",2163,2163,3,0.020313143109281857,0,72,,0.35488833983739215,4.692604856099933,1,0.006955710705369711,1,0.004952058661729097,1,0.049031659960746765,,,,,,,,,,,,,,,,,,,,,,,,,,,
722,"all_inverse_edges,universal_edges,no_changes",2166,2166,3,0.019670581134657066,0,72,,0.35488833983739215,4.688915309030563,1,0.0070244972594082355,1,0.005332623142749071,1,0.04665462300181389,,,,,,,,,,,,,,,,,,,,,,,,,,,
723,"all_inverse_edges,no_changes,universal_edges",2169,2169,3,0.05372930970042944,0,72,,0.35488833983739215,4.681489940965548,1,0.007690747268497944,1,0.10117270797491074,1,0.05232447385787964,,,,,,,,,,,,,,,,,,,,,,,,,,,
724,"all_inverse_edges,no_changes,universal_edges",2172,2172,3,0.024485968984663486,0,72,,0.35488833983739215,4.680043758125976,1,0.01128845289349556,1,0.015337648801505566,1,0.046831805258989334,,,,,,,,,,,,,,,,,,,,,,,,,,,
725,"no_changes,all_inverse_edges,universal_edges",2175,2175,3,0.02033100090920925,0,72,,0.35488833983739215,4.6912953848950565,1,0.008686882443726063,1,0.010078978724777699,1,0.04222714155912399,,,,,,,,,,,,,,,,,,,,,,,,,,,
726,"all_inverse_edges,no_changes,universal_edges",2178,2178,3,0.11116757678488891,0,72,,0.35488833983739215,4.712072094203904,1,0.2858300507068634,1,0.007418034598231316,1,0.04025464504957199,,,,,,,,,,,,,,,,,,,,,,,,,,,
727,"no_changes,universal_edges,all_inverse_edges",2181,2181,3,0.019070979207754135,0,72,,0.35488833983739215,4.693469939986244,1,0.010044988244771957,1,0.009069986641407013,1,0.038097962737083435,,,,,,,,,,,,,,,,,,,,,,,,,,,
728,"universal_edges,all_inverse_edges,no_changes",2184,2184,3,0.04719224044432243,0,72,,0.35488833983739215,4.678283981047571,1,0.00988453533500433,1,0.09470923244953156,1,0.036982953548431396,,,,,,,,,,,,,,,,,,,,,,,,,,,
729,"universal_edges,no_changes,all_inverse_edges",2187,2187,3,0.10870044150700171,0,72,,0.35488833983739215,4.679475879995152,1,0.2811068594455719,1,0.007808341644704342,1,0.03718612343072891,,,,,,,,,,,,,,,,,,,,,,,,,,,
730,"universal_edges,no_changes,all_inverse_edges",2190,2190,3,0.018831873312592506,1,73,0.3555508255958557,0.3555508255958557,20.37738876300864,1,0.011320436373353004,1,0.006723947823047638,1,0.03845123574137688,0.23984016478061676,0.3516748249530792,0.3015820698747528,0.3818391562294001,0.4352340145023072,0.9873654141946825,0.8823287057308847,0.7493638760711931,0.8012503847047685,0.2570469081401825,0.3758961856365204,0.33075148319050757,0.39601186552406065,0.4520435069215557,0.9877079374927294,0.886832690248388,0.7564831905075807,0.8078857296771735,0.24064017832279205,0.33908146619796753,0.28427818061964405,0.3656888595912986,0.43836519446275546,0.9879276694197785,0.8847380721854505,0.7669314436387608,0.8147227345190006
731,"no_changes,all_inverse_edges,universal_edges",2193,2193,3,0.14229921344667673,0,73,,0.3555508255958557,4.715819606091827,1,0.28430721163749695,1,0.011201213113963604,1,0.13138921558856964,,,,,,,,,,,,,,,,,,,,,,,,,,,
732,"all_inverse_edges,no_changes,universal_edges",2196,2196,3,0.023294044968982536,0,73,,0.3555508255958557,4.71031598886475,1,0.016709955409169197,1,0.011492018587887287,1,0.04168016090989113,,,,,,,,,,,,,,,,,,,,,,,,,,,
733,"no_changes,universal_edges,all_inverse_edges",2199,2199,3,0.018388317277034123,0,73,,0.3555508255958557,4.696171539835632,1,0.009487872011959553,1,0.009416582994163036,1,0.03626049682497978,,,,,,,,,,,,,,,,,,,,,,,,,,,
734,"no_changes,universal_edges,all_inverse_edges",2202,2202,3,0.11019450208793084,0,73,,0.3555508255958557,4.683295784052461,1,0.28307846188545227,1,0.007989511825144291,1,0.03951553255319595,,,,,,,,,,,,,,,,,,,,,,,,,,,
735,"universal_edges,all_inverse_edges,no_changes",2205,2205,3,0.04964805611719688,0,73,,0.3555508255958557,4.682938881916925,1,0.016385307535529137,1,0.011998885311186314,1,0.12055997550487518,,,,,,,,,,,,,,,,,,,,,,,,,,,
736,"universal_edges,no_changes,all_inverse_edges",2208,2208,3,0.021919334928194683,0,73,,0.3555508255958557,4.684106957167387,1,0.011825816705822945,1,0.007815131917595863,1,0.04611705616116524,,,,,,,,,,,,,,,,,,,,,,,,,,,
737,"no_changes,all_inverse_edges,universal_edges",2211,2211,3,0.11491110362112522,0,73,,0.3555508255958557,4.684282261878252,1,0.2860517203807831,1,0.011808095499873161,1,0.04687349498271942,,,,,,,,,,,,,,,,,,,,,,,,,,,
738,"no_changes,universal_edges,all_inverse_edges",2214,2214,3,0.11315729810545842,0,73,,0.3555508255958557,4.6866236289497465,1,0.2839319109916687,1,0.014098375104367733,1,0.04144160822033882,,,,,,,,,,,,,,,,,,,,,,,,,,,
739,"no_changes,all_inverse_edges,universal_edges",2217,2217,3,0.023795594771703083,0,73,,0.3555508255958557,4.683674767846242,1,0.014997257851064205,1,0.009473753161728382,1,0.046915773302316666,,,,,,,,,,,,,,,,,,,,,,,,,,,
740,"universal_edges,no_changes,all_inverse_edges",2220,2220,3,0.04777190492798885,1,74,0.35311829050381977,0.3555508255958557,20.402909979922697,1,0.012392943724989891,1,0.008965997956693172,1,0.12195677310228348,0.2391129732131958,0.3476977050304413,0.29779169413315754,0.3790375741595254,0.4312788398154252,0.988328357051456,0.9238004542086415,0.7417798286090969,0.8069313411779174,0.25651320815086365,0.37590619921684265,0.3333882663150956,0.39551746868820037,0.44693473961766644,0.9888647614616051,0.9301846699027716,0.753197099538563,0.8178798816971624,0.23999041318893433,0.3357509672641754,0.2794990112063283,0.36354647330257084,0.4357284113381674,0.9887031938681867,0.915907617267668,0.7602208305866842,0.819415673989898
741,"universal_edges,no_changes,all_inverse_edges",2223,2223,3,0.022414331324398518,0,74,,0.3555508255958557,4.688054000027478,1,0.01047948282212019,1,0.007866017520427704,1,0.04889749363064766,,,,,,,,,,,,,,,,,,,,,,,,,,,
742,"universal_edges,all_inverse_edges,no_changes",2226,2226,3,0.04545046016573906,0,74,,0.3555508255958557,4.682683937018737,1,0.007366318255662918,1,0.006250791251659393,1,0.12273427098989487,,,,,,,,,,,,,,,,,,,,,,,,,,,
743,"all_inverse_edges,universal_edges,no_changes",2229,2229,3,0.02252684471507867,0,74,,0.3555508255958557,4.69136431789957,1,0.009061852470040321,1,0.005978833884000778,1,0.052539847791194916,,,,,,,,,,,,,,,,,,,,,,,,,,,
744,"all_inverse_edges,no_changes,universal_edges",2232,2232,3,0.02102970875178774,0,74,,0.3555508255958557,4.680850396165624,1,0.007028394844383001,1,0.008534248918294907,1,0.04752648249268532,,,,,,,,,,,,,,,,,,,,,,,,,,,
745,"universal_edges,no_changes,all_inverse_edges",2235,2235,3,0.04749212243283788,0,74,,0.3555508255958557,4.684531406033784,1,0.006559728179126978,1,0.017844419926404953,1,0.11807221919298172,,,,,,,,,,,,,,,,,,,,,,,,,,,
746,"no_changes,universal_edges,all_inverse_edges",2238,2238,3,0.04940842681874832,0,74,,0.3555508255958557,4.691528529860079,1,0.007210158742964268,1,0.017262758687138557,1,0.12375236302614212,,,,,,,,,,,,,,,,,,,,,,,,,,,
747,"no_changes,all_inverse_edges,universal_edges",2241,2241,3,0.1476518747707208,0,74,,0.3555508255958557,4.682614409131929,1,0.29492831230163574,1,0.0952814519405365,1,0.05274586006999016,,,,,,,,,,,,,,,,,,,,,,,,,,,
748,"universal_edges,all_inverse_edges,no_changes",2244,2244,3,0.04860935267060995,0,74,,0.3555508255958557,4.6819707420654595,1,0.01239109504967928,1,0.09073209762573242,1,0.04270486533641815,,,,,,,,,,,,,,,,,,,,,,,,,,,
749,"universal_edges,no_changes,all_inverse_edges",2247,2247,3,0.05579397020240625,0,74,,0.3555508255958557,4.682480353862047,1,0.011204449459910393,1,0.08951909095048904,1,0.0666583701968193,,,,,,,,,,,,,,,,,,,,,,,,,,,
750,"universal_edges,no_changes,all_inverse_edges",2250,2250,3,0.14018478135888776,1,75,0.35190391540527344,0.3555508255958557,20.300202223006636,1,0.2787681519985199,1,0.006885666865855455,1,0.1349005252122879,0.2408631294965744,0.3501778841018677,0.3004284772577456,0.3798615688859591,0.43243243243243246,0.9888712241653418,0.9506097003439009,0.7389881344759394,0.811134080907541,0.25605514645576477,0.37185075879096985,0.3264667106130521,0.39106789716545814,0.4485827290705339,0.989136195018548,0.9593673422238226,0.7410613052076467,0.8149614688955705,0.24056485295295715,0.3336831033229828,0.27587343441001977,0.36338167435728413,0.4372116018457482,0.9892266728708623,0.9439353748240927,0.7537046802900462,0.8219017284620125
751,"all_inverse_edges,no_changes,universal_edges",2253,2253,3,0.0825488247598211,0,75,,0.3555508255958557,4.685801038984209,1,0.008424581028521061,1,0.08618571609258652,1,0.1530361771583557,,,,,,,,,,,,,,,,,,,,,,,,,,,
752,"universal_edges,no_changes,all_inverse_edges",2256,2256,3,0.07861244616409142,0,75,,0.3555508255958557,4.687000883975998,1,0.007996512576937675,1,0.08548159897327423,1,0.14235922694206238,,,,,,,,,,,,,,,,,,,,,,,,,,,
753,"all_inverse_edges,universal_edges,no_changes",2259,2259,3,0.050940083960692085,0,75,,0.3555508255958557,4.6840570899657905,1,0.007636934518814087,1,0.08329189568758011,1,0.06189142167568207,,,,,,,,,,,,,,,,,,,,,,,,,,,
754,"all_inverse_edges,no_changes,universal_edges",2262,2262,3,0.05562336773922046,0,75,,0.3555508255958557,4.676783995004371,1,0.007946395315229893,1,0.08462489396333694,1,0.07429881393909454,,,,,,,,,,,,,,,,,,,,,,,,,,,
755,"all_inverse_edges,no_changes,universal_edges",2265,2265,3,0.074566716949145,0,75,,0.3555508255958557,4.686526408884674,1,0.007413260638713837,1,0.08358820527791977,1,0.1326986849308014,,,,,,,,,,,,,,,,,,,,,,,,,,,
756,"no_changes,all_inverse_edges,universal_edges",2268,2268,3,0.04479022494827708,0,75,,0.3555508255958557,4.677978819003329,1,0.007043045945465565,1,0.007373556960374117,1,0.11995407193899155,,,,,,,,,,,,,,,,,,,,,,,,,,,
757,"no_changes,universal_edges,all_inverse_edges",2271,2271,3,0.03123372420668602,0,75,,0.3555508255958557,4.691406026016921,1,0.00804225169122219,1,0.006060665473341942,1,0.07959825545549393,,,,,,,,,,,,,,,,,,,,,,,,,,,
758,"all_inverse_edges,universal_edges,no_changes",2274,2274,3,0.026710842736065388,0,75,,0.3555508255958557,4.690755856921896,1,0.008658737875521183,1,0.005854589864611626,1,0.06561920046806335,,,,,,,,,,,,,,,,,,,,,,,,,,,
759,"all_inverse_edges,universal_edges,no_changes",2277,2277,3,0.026110081157336634,0,75,,0.3555508255958557,4.677272410131991,1,0.007242660038173199,1,0.0056013683788478374,1,0.06548621505498886,,,,,,,,,,,,,,,,,,,,,,,,,,,
760,"no_changes,universal_edges,all_inverse_edges",2280,2280,3,0.027766830443094175,1,76,0.35696370402971905,0.35696370402971905,20.363138315966353,1,0.007330256514251232,1,0.005542124155908823,1,0.07042811065912247,0.24255065619945526,0.35392507910728455,0.3052076466710613,0.3833223467369809,0.43605800922874094,0.9889293884989724,0.9471502714210731,0.7428938694792353,0.8136673643210037,0.25844642519950867,0.37612929940223694,0.33272907053394857,0.39535266974291366,0.4530323005932762,0.9892912999082296,0.9482031678315326,0.7526071193144364,0.8220856784390984,0.2424934059381485,0.3408367335796356,0.28493737640079103,0.3719512195121951,0.43556361239288066,0.9892395982783357,0.9286840023430893,0.7658239947264338,0.8274033180820317
761,"universal_edges,no_changes,all_inverse_edges",2283,2283,3,0.021020133048295975,0,76,,0.35696370402971905,4.692340143024921,1,0.008015385828912258,1,0.004791331477463245,1,0.05025368183851242,,,,,,,,,,,,,,,,,,,,,,,,,,,
762,"universal_edges,all_inverse_edges,no_changes",2286,2286,3,0.0236943153043588,0,76,,0.35696370402971905,4.681595164118335,1,0.006183026358485222,1,0.004938771948218346,1,0.05996114760637283,,,,,,,,,,,,,,,,,,,,,,,,,,,
763,"no_changes,all_inverse_edges,universal_edges",2289,2289,3,0.03548034140840173,0,76,,0.35696370402971905,4.687478969106451,1,0.006838331464678049,1,0.005645089782774448,1,0.09395760297775269,,,,,,,,,,,,,,,,,,,,,,,,,,,
764,"all_inverse_edges,no_changes,universal_edges",2292,2292,3,0.026448394327114027,0,76,,0.35696370402971905,4.679779099067673,1,0.0071479156613349915,1,0.005115979816764593,1,0.06708128750324249,,,,,,,,,,,,,,,,,,,,,,,,,,,
765,"all_inverse_edges,no_changes,universal_edges",2295,2295,3,0.021823907271027565,0,76,,0.35696370402971905,4.690730980131775,1,0.0067351809702813625,1,0.005724780727177858,1,0.053011760115623474,,,,,,,,,,,,,,,,,,,,,,,,,,,
766,"universal_edges,no_changes,all_inverse_edges",2298,2298,3,0.01918056622768442,0,76,,0.35696370402971905,4.6747689640615135,1,0.006407251115888357,1,0.00471582543104887,1,0.04641862213611603,,,,,,,,,,,,,,,,,,,,,,,,,,,
767,"all_inverse_edges,universal_edges,no_changes",2301,2301,3,0.030095678598930437,0,76,,0.35696370402971905,4.6848332800436765,1,0.006520706228911877,1,0.004929203074425459,1,0.07883712649345398,,,,,,,,,,,,,,,,,,,,,,,,,,,
768,"all_inverse_edges,universal_edges,no_changes",2304,2304,3,0.06467761533955733,0,76,,0.35696370402971905,4.685654076980427,1,0.010095333680510521,1,0.0975101962685585,1,0.08642731606960297,,,,,,,,,,,,,,,,,,,,,,,,,,,
769,"no_changes,all_inverse_edges,universal_edges",2307,2307,3,0.050714304049809776,0,76,,0.35696370402971905,4.680550469085574,1,0.009633423760533333,1,0.027092954143881798,1,0.11541653424501419,,,,,,,,,,,,,,,,,,,,,,,,,,,
770,"universal_edges,all_inverse_edges,no_changes",2310,2310,3,0.0673794945081075,1,77,0.3570282260576884,0.3570282260576884,20.32364925206639,1,0.01050027459859848,1,0.09799577295780182,1,0.09364243596792221,0.2379741370677948,0.3500291705131531,0.2984508899143046,0.3808503625576796,0.43754119973632166,0.9891878966484419,0.9503598243946865,0.7481938035596573,0.8189351827266751,0.25667521357536316,0.37648898363113403,0.3309162821357943,0.39551746868820037,0.4569874752801582,0.9896273605025399,0.9454751023450394,0.7642452208305867,0.8308374956152871,0.24354496598243713,0.3445665240287781,0.287574159525379,0.37574159525379036,0.43754119973632166,0.9893688523530705,0.9285015880062741,0.7699274884640739,0.8304973130060077
771,"universal_edges,all_inverse_edges,no_changes",2313,2313,3,0.1237974762916565,0,77,,0.3570282260576884,4.687065511010587,1,0.29465019702911377,1,0.009575575590133667,1,0.06716665625572205,,,,,,,,,,,,,,,,,,,,,,,,,,,
772,"no_changes,universal_edges,all_inverse_edges",2316,2316,3,0.06405712695171435,0,77,,0.3570282260576884,4.683487524976954,1,0.012101585976779461,1,0.011282464489340782,1,0.16878733038902283,,,,,,,,,,,,,,,,,,,,,,,,,,,
773,"no_changes,universal_edges,all_inverse_edges",2319,2319,3,0.05605445678035418,0,77,,0.3570282260576884,4.684631743002683,1,0.008887236937880516,1,0.01106596551835537,1,0.14821016788482666,,,,,,,,,,,,,,,,,,,,,,,,,,,
774,"all_inverse_edges,universal_edges,no_changes",2322,2322,3,0.03774102125316858,0,77,,0.3570282260576884,4.679485649103299,1,0.011188456788659096,1,0.010573134757578373,1,0.09146147221326828,,,,,,,,,,,,,,,,,,,,,,,,,,,
775,"universal_edges,all_inverse_edges,no_changes",2325,2325,3,0.02381046488881111,0,77,,0.3570282260576884,4.673376277089119,1,0.010722385719418526,1,0.006685314700007439,1,0.05402369424700737,,,,,,,,,,,,,,,,,,,,,,,,,,,
776,"all_inverse_edges,no_changes,universal_edges",2328,2328,3,0.08813322552790244,0,77,,0.3570282260576884,4.681731849908829,1,0.009969198144972324,1,0.008878892287611961,1,0.24555158615112305,,,,,,,,,,,,,,,,,,,,,,,,,,,
777,"no_changes,all_inverse_edges,universal_edges",2331,2331,3,0.05975216316680113,0,77,,0.3570282260576884,4.683220316190273,1,0.009751648642122746,1,0.011361931450664997,1,0.15814290940761566,,,,,,,,,,,,,,,,,,,,,,,,,,,
778,"no_changes,all_inverse_edges,universal_edges",2334,2334,3,0.09697875007987022,0,77,,0.3570282260576884,4.68133847694844,1,0.010203171521425247,1,0.09618900716304779,1,0.18454407155513763,,,,,,,,,,,,,,,,,,,,,,,,,,,
779,"no_changes,universal_edges,all_inverse_edges",2337,2337,3,0.1371529046446085,0,77,,0.3570282260576884,4.6878740270622075,1,0.29041004180908203,1,0.02083236537873745,1,0.10021630674600601,,,,,,,,,,,,,,,,,,,,,,,,,,,
780,"universal_edges,no_changes,all_inverse_edges",2340,2340,3,0.031368984219928585,1,78,0.34777281681696576,0.3570282260576884,20.285754077136517,1,0.009791276417672634,1,0.022309284657239914,1,0.0620063915848732,0.23188470304012299,0.33564314246177673,0.28526697429136455,0.3577785102175346,0.42847725774555045,0.9885093127560847,0.9027054291904266,0.7667435728411338,0.8203403025699723,0.25346696376800537,0.37062662839889526,0.32531311799604484,0.3917270929466051,0.4466051417270929,0.9891814339447051,0.9129417525380348,0.7783915622940014,0.8320312388038266,0.2444140911102295,0.3370486795902252,0.28328938694792355,0.36585365853658536,0.4307844429795649,0.9884576111261908,0.883028300688411,0.788520105471325,0.8288274212755196
781,"all_inverse_edges,universal_edges,no_changes",2343,2343,3,0.14308599134286246,0,78,,0.3570282260576884,4.6798330950550735,1,0.3167586922645569,1,0.02266671508550644,1,0.08983256667852402,,,,,,,,,,,,,,,,,,,,,,,,,,,
782,"universal_edges,no_changes,all_inverse_edges",2346,2346,3,0.06284585346778233,0,78,,0.3570282260576884,4.680292439181358,1,0.009919006377458572,1,0.010701525956392288,1,0.16791702806949615,,,,,,,,,,,,,,,,,,,,,,,,,,,
783,"no_changes,universal_edges,all_inverse_edges",2349,2349,3,0.04247725196182728,0,78,,0.3570282260576884,4.67816926096566,1,0.011924088932573795,1,0.012139950878918171,1,0.10336771607398987,,,,,,,,,,,,,,,,,,,,,,,,,,,
784,"all_inverse_edges,universal_edges,no_changes",2352,2352,3,0.15818276535719633,0,78,,0.3570282260576884,4.6846684131305665,1,0.3019528388977051,1,0.007654846645891666,1,0.16494061052799225,,,,,,,,,,,,,,,,,,,,,,,,,,,
785,"no_changes,all_inverse_edges,universal_edges",2355,2355,3,0.032090880908071995,0,78,,0.3570282260576884,4.691008708905429,1,0.011534720659255981,1,0.013777482323348522,1,0.07096043974161148,,,,,,,,,,,,,,,,,,,,,,,,,,,
786,"universal_edges,all_inverse_edges,no_changes",2358,2358,3,0.02792867086827755,0,78,,0.3570282260576884,4.693181423936039,1,0.010830230079591274,1,0.013321160338819027,1,0.05963462218642235,,,,,,,,,,,,,,,,,,,,,,,,,,,
787,"no_changes,universal_edges,all_inverse_edges",2361,2361,3,0.12164918147027493,0,78,,0.3570282260576884,4.685045341029763,1,0.28825655579566956,1,0.010826462879776955,1,0.06586452573537827,,,,,,,,,,,,,,,,,,,,,,,,,,,
788,"all_inverse_edges,no_changes,universal_edges",2364,2364,3,0.03154898683230082,0,78,,0.3570282260576884,4.685639740899205,1,0.019283477216959,1,0.01165352389216423,1,0.06370995938777924,,,,,,,,,,,,,,,,,,,,,,,,,,,
789,"no_changes,universal_edges,all_inverse_edges",2367,2367,3,0.05709652819981178,0,78,,0.3570282260576884,4.683885117061436,1,0.01236772071570158,1,0.10456424206495285,1,0.0543576218187809,,,,,,,,,,,,,,,,,,,,,,,,,,,
790,"all_inverse_edges,universal_edges,no_changes",2370,2370,3,0.022980644678076107,1,79,0.3458387553691864,0.3570282260576884,20.35096608288586,1,0.01145090814679861,1,0.007848071865737438,1,0.049642954021692276,0.237873837351799,0.33712542057037354,0.279663810151615,0.37178642056690836,0.4342452208305867,0.9887096565719234,0.9228088891457242,0.7544100197758734,0.8168435634935816,0.25875434279441833,0.368715763092041,0.31987475280158206,0.39535266974291366,0.4523731048121292,0.9892525236858092,0.930319642386604,0.7648615688859591,0.8271247367210572,0.2425907999277115,0.33167508244514465,0.2720830586684245,0.3630520764667106,0.43506921555702044,0.9889875528326031,0.9157793316513769,0.7694100197758735,0.8263233453456859
791,"universal_edges,no_changes,all_inverse_edges",2373,2373,3,0.024152452126145363,0,79,,0.3570282260576884,4.680697310017422,1,0.009011583402752876,1,0.017739634960889816,1,0.045706138014793396,,,,,,,,,,,,,,,,,,,,,,,,,,,
792,"no_changes,universal_edges,all_inverse_edges",2376,2376,3,0.05430038459599018,0,79,,0.3570282260576884,4.679762477055192,1,0.008086293935775757,1,0.012898078188300133,1,0.14191678166389465,,,,,,,,,,,,,,,,,,,,,,,,,,,
793,"all_inverse_edges,universal_edges,no_changes",2379,2379,3,0.024019210909803707,0,79,,0.3570282260576884,4.692590991966426,1,0.011463391594588757,1,0.009369089268147945,1,0.05122515186667442,,,,,,,,,,,,,,,,,,,,,,,,,,,
794,"no_changes,universal_edges,all_inverse_edges",2382,2382,3,0.022326245127866667,0,79,,0.3570282260576884,4.684005958028138,1,0.007410489488393068,1,0.011938554234802723,1,0.047629691660404205,,,,,,,,,,,,,,,,,,,,,,,,,,,
795,"all_inverse_edges,no_changes,universal_edges",2385,2385,3,0.05362774680058161,0,79,,0.3570282260576884,4.692687611095607,1,0.013233774341642857,1,0.009338079951703548,1,0.13831138610839844,,,,,,,,,,,,,,,,,,,,,,,,,,,
796,"all_inverse_edges,no_changes,universal_edges",2388,2388,3,0.05139681324362755,0,79,,0.3570282260576884,4.685911539942026,1,0.008335260674357414,1,0.015201395377516747,1,0.13065378367900848,,,,,,,,,,,,,,,,,,,,,,,,,,,
797,"no_changes,universal_edges,all_inverse_edges",2391,2391,3,0.0770922622953852,0,79,,0.3570282260576884,4.6819671399425715,1,0.008677645586431026,1,0.09685986489057541,1,0.12573927640914917,,,,,,,,,,,,,,,,,,,,,,,,,,,
798,"no_changes,all_inverse_edges,universal_edges",2394,2394,3,0.043846818152815104,0,79,,0.3570282260576884,4.685068111168221,1,0.006912128999829292,1,0.007688281591981649,1,0.11694004386663437,,,,,,,,,,,,,,,,,,,,,,,,,,,
799,"all_inverse_edges,universal_edges,no_changes",2397,2397,3,0.11162469194581111,0,79,,0.3570282260576884,4.682784586912021,1,0.28458866477012634,1,0.008349933661520481,1,0.041935477405786514,,,,,,,,,,,,,,,,,,,,,,,,,,,
800,"no_changes,all_inverse_edges,universal_edges",2400,2400,3,0.022745166905224323,1,80,0.350977619489034,0.3570282260576884,20.284082998987287,1,0.008753756992518902,1,0.017016388475894928,1,0.04246535524725914,0.2420746088027954,0.35053154826164246,0.29878048780487804,0.3798615688859591,0.43737640079103496,0.9893042253157031,0.935040470676088,0.7626268951878707,0.8267000891326801,0.2611309587955475,0.37221693992614746,0.3246539222148978,0.39650626235992087,0.4520435069215557,0.9896338232062766,0.937255311183364,0.770708635464733,0.833626477229751,0.24150101840496063,0.33018437027931213,0.26944627554383654,0.3602504943968359,0.43638760711931446,0.9895174945390154,0.9218067106799953,0.7805009887936718,0.8363594269857919
801,"no_changes,universal_edges,all_inverse_edges",2403,2403,3,0.05737007005761067,0,80,,0.3570282260576884,4.684992169030011,1,0.00811877753585577,1,0.048576947301626205,1,0.11541448533535004,,,,,,,,,,,,,,,,,,,,,,,,,,,
802,"universal_edges,all_inverse_edges,no_changes",2406,2406,3,0.13966936866442362,0,80,,0.3570282260576884,4.681774310069159,1,0.28388285636901855,1,0.0188911110162735,1,0.11623413860797882,,,,,,,,,,,,,,,,,,,,,,,,,,,
803,"universal_edges,all_inverse_edges,no_changes",2409,2409,3,0.020016564677158993,0,80,,0.3570282260576884,4.68119523092173,1,0.009611946530640125,1,0.007517910562455654,1,0.042919836938381195,,,,,,,,,,,,,,,,,,,,,,,,,,,
804,"all_inverse_edges,no_changes,universal_edges",2412,2412,3,0.05440578733881315,0,80,,0.3570282260576884,4.692151312949136,1,0.01073550432920456,1,0.09628812968730927,1,0.05619372799992561,,,,,,,,,,,,,,,,,,,,,,,,,,,
805,"universal_edges,all_inverse_edges,no_changes",2415,2415,3,0.019120090020199616,0,80,,0.3570282260576884,4.695389265194535,1,0.008560449816286564,1,0.008512075990438461,1,0.040287744253873825,,,,,,,,,,,,,,,,,,,,,,,,,,,
806,"no_changes,all_inverse_edges,universal_edges",2418,2418,3,0.1274014242614309,0,80,,0.3570282260576884,4.685689896112308,1,0.28384146094322205,1,0.008564622141420841,1,0.08979818969964981,,,,,,,,,,,,,,,,,,,,,,,,,,,
807,"all_inverse_edges,universal_edges,no_changes",2421,2421,3,0.11775539598117273,0,80,,0.3570282260576884,4.686502257827669,1,0.27891242504119873,1,0.008785978890955448,1,0.06556778401136398,,,,,,,,,,,,,,,,,,,,,,,,,,,
808,"all_inverse_edges,no_changes,universal_edges",2424,2424,3,0.042976695112884045,0,80,,0.3570282260576884,4.675656713079661,1,0.00845339521765709,1,0.007672150619328022,1,0.11280453950166702,,,,,,,,,,,,,,,,,,,,,,,,,,,
809,"all_inverse_edges,no_changes,universal_edges",2427,2427,3,0.04220872993270556,0,80,,0.3570282260576884,4.697168458951637,1,0.009193530306220055,1,0.008357515558600426,1,0.1090751439332962,,,,,,,,,,,,,,,,,,,,,,,,,,,
810,"no_changes,universal_edges,all_inverse_edges",2430,2430,3,0.03690973545114199,1,81,0.3524313767751058,0.3570282260576884,20.288225604221225,1,0.008511424995958805,1,0.006375524215400219,1,0.09584225714206696,0.2441776841878891,0.3532920181751251,0.3024060646011866,0.3857943309162821,0.43457481872116016,0.9892654490932826,0.9546887795839618,0.747587343441002,0.8194760491789381,0.2611958384513855,0.3746848404407501,0.3315754779169413,0.39551746868820037,0.44726433750823996,0.9894270166867011,0.9519368525955872,0.753968358602505,0.824157439412563,0.2402433454990387,0.32931727170944214,0.2701054713249835,0.36156888595912984,0.4297956493078444,0.9892460609820725,0.9202644235329069,0.7734179301252473,0.8306674986605904
811,"all_inverse_edges,no_changes,universal_edges",2433,2433,3,0.027723166936387617,0,81,,0.3570282260576884,4.678603593027219,1,0.008525501936674118,1,0.007231987547129393,1,0.06741201132535934,,,,,,,,,,,,,,,,,,,,,,,,,,,
812,"no_changes,all_inverse_edges,universal_edges",2436,2436,3,0.1439351070051392,0,81,,0.3570282260576884,4.683876250172034,1,0.28359255194664,1,0.005985327996313572,1,0.142227441072464,,,,,,,,,,,,,,,,,,,,,,,,,,,
813,"all_inverse_edges,universal_edges,no_changes",2439,2439,3,0.0531486455971996,0,81,,0.3570282260576884,4.6842637930531055,1,0.008233371190726757,1,0.09132948517799377,1,0.059883080422878265,,,,,,,,,,,,,,,,,,,,,,,,,,,
814,"no_changes,all_inverse_edges,universal_edges",2442,2442,3,0.022195471295466025,0,81,,0.3570282260576884,4.683154057012871,1,0.008434699848294258,1,0.006101894658058882,1,0.05204981938004494,,,,,,,,,,,,,,,,,,,,,,,,,,,
815,"all_inverse_edges,no_changes,universal_edges",2445,2445,3,0.0200107052611808,0,81,,0.3570282260576884,4.679895846173167,1,0.009187743067741394,1,0.005865172948688269,1,0.04497919976711273,,,,,,,,,,,,,,,,,,,,,,,,,,,
816,"universal_edges,all_inverse_edges,no_changes",2448,2448,3,0.017677916524310906,0,81,,0.3570282260576884,4.678355552954599,1,0.0067843166179955006,1,0.005404046270996332,1,0.04084538668394089,,,,,,,,,,,,,,,,,,,,,,,,,,,
817,"no_changes,universal_edges,all_inverse_edges",2451,2451,3,0.018140697075674932,0,81,,0.3570282260576884,4.685971272177994,1,0.007148314267396927,1,0.005335289519280195,1,0.04193848744034767,,,,,,,,,,,,,,,,,,,,,,,,,,,
818,"universal_edges,all_inverse_edges,no_changes",2454,2454,3,0.04553087226425608,0,81,,0.3570282260576884,4.684317567851394,1,0.0063102818094193935,1,0.09250400960445404,1,0.037778325378894806,,,,,,,,,,,,,,,,,,,,,,,,,,,
819,"all_inverse_edges,no_changes,universal_edges",2457,2457,3,0.046534967608749866,0,81,,0.3570282260576884,4.685623185010627,1,0.007200832478702068,1,0.08424639701843262,1,0.048157673329114914,,,,,,,,,,,,,,,,,,,,,,,,,,,
820,"universal_edges,no_changes,all_inverse_edges",2460,2460,3,0.07523421912143628,1,82,0.35713321963946026,0.35713321963946026,20.34332576696761,1,0.006814322434365749,1,0.08963952213525772,1,0.12924881279468536,0.2405124306678772,0.3508158028125763,0.2996044825313118,0.38266315095583386,0.4358932102834542,0.9890909560923908,0.9434648021505079,0.7500823994726433,0.818794889789707,0.260431706905365,0.37624210119247437,0.33075148319050757,0.3981542518127884,0.45319709953856296,0.9895045691315418,0.9439898442991042,0.7617600527356625,0.8284495424538612,0.2471660077571869,0.3443417549133301,0.28889255108767303,0.37524719841793014,0.4391891891891892,0.9894722556128582,0.9278019178412931,0.7736947923533289,0.8331445758944813
821,"universal_edges,no_changes,all_inverse_edges",2463,2463,3,0.020250326332946617,0,82,,0.35713321963946026,4.7305281441658735,1,0.006216650828719139,1,0.006471012718975544,1,0.04806331545114517,,,,,,,,,,,,,,,,,,,,,,,,,,,
822,"no_changes,universal_edges,all_inverse_edges",2466,2466,3,0.018357744285215933,0,82,,0.35713321963946026,4.683556511998177,1,0.006332930643111467,1,0.0051772454753518105,1,0.043563056737184525,,,,,,,,,,,,,,,,,,,,,,,,,,,
823,"universal_edges,no_changes,all_inverse_edges",2469,2469,3,0.04298063227906823,0,82,,0.35713321963946026,4.682051860028878,1,0.006220497190952301,1,0.005218933802098036,1,0.11750246584415436,,,,,,,,,,,,,,,,,,,,,,,,,,,
824,"universal_edges,all_inverse_edges,no_changes",2472,2472,3,0.016835876274853945,0,82,,0.35713321963946026,4.692762609804049,1,0.0058278366923332214,1,0.004792818333953619,1,0.039886973798274994,,,,,,,,,,,,,,,,,,,,,,,,,,,
825,"no_changes,all_inverse_edges,universal_edges",2475,2475,3,0.13731318091352782,0,82,,0.35713321963946026,4.689569188980386,1,0.28496307134628296,1,0.08158572018146515,1,0.04539075121283531,,,,,,,,,,,,,,,,,,,,,,,,,,,
826,"universal_edges,no_changes,all_inverse_edges",2478,2478,3,0.016660841647535563,0,82,,0.35713321963946026,4.6900708600878716,1,0.006889601703733206,1,0.0059675294905900955,1,0.037125393748283386,,,,,,,,,,,,,,,,,,,,,,,,,,,
827,"universal_edges,no_changes,all_inverse_edges",2481,2481,3,0.04368152547006806,0,82,,0.35713321963946026,4.688003985909745,1,0.0069565302692353725,1,0.00550611037760973,1,0.11858193576335907,,,,,,,,,,,,,,,,,,,,,,,,,,,
828,"universal_edges,no_changes,all_inverse_edges",2484,2484,3,0.018607923295348883,0,82,,0.35713321963946026,4.678101419005543,1,0.006943899672478437,1,0.005795528180897236,1,0.043084342032670975,,,,,,,,,,,,,,,,,,,,,,,,,,,
829,"universal_edges,all_inverse_edges,no_changes",2487,2487,3,0.11029850117241342,0,82,,0.35713321963946026,4.68453021091409,1,0.285605251789093,1,0.0048669627867639065,1,0.04042328894138336,,,,,,,,,,,,,,,,,,,,,,,,,,,
830,"all_inverse_edges,universal_edges,no_changes",2490,2490,3,0.043919579281161227,1,83,0.3541999061902364,0.35713321963946026,20.322564233094454,1,0.009058868512511253,1,0.005467807408422232,1,0.1172320619225502,0.2417217493057251,0.34636542201042175,0.2943309162821358,0.3735992089650626,0.43737640079103496,0.988328357051456,0.9172800388247064,0.7471094264996704,0.8095359623439202,0.2624334692955017,0.37604713439941406,0.32976268951878707,0.39831905075807517,0.4553394858272907,0.9887872090167642,0.9278615656485476,0.7526730388925511,0.8168365928428507,0.24712032079696655,0.3401871621608734,0.28295978905735003,0.3681608437705999,0.4401779828609097,0.9886838057569765,0.9094356241197501,0.7657020435069215,0.821638527089215
831,"all_inverse_edges,universal_edges,no_changes",2493,2493,3,0.01860081839064757,0,83,,0.35713321963946026,4.718205919954926,1,0.008879616856575012,1,0.005915949121117592,1,0.04100688919425011,,,,,,,,,,,,,,,,,,,,,,,,,,,
832,"universal_edges,no_changes,all_inverse_edges",2496,2496,3,0.01614477081845204,0,83,,0.35713321963946026,4.7299313228577375,1,0.007518639788031578,1,0.006316718645393848,1,0.034598954021930695,,,,,,,,,,,,,,,,,,,,,,,,,,,
833,"universal_edges,all_inverse_edges,no_changes",2499,2499,3,0.04252498162289461,0,83,,0.35713321963946026,4.675817272160202,1,0.009355558082461357,1,0.0053665898740291595,1,0.1128527969121933,,,,,,,,,,,,,,,,,,,,,,,,,,,
834,"universal_edges,no_changes,all_inverse_edges",2502,2502,3,0.044273411544660725,0,83,,0.35713321963946026,4.683761124033481,1,0.007432674057781696,1,0.0864880383014679,1,0.03889952227473259,,,,,,,,,,,,,,,,,,,,,,,,,,,
835,"universal_edges,no_changes,all_inverse_edges",2505,2505,3,0.04173873970285058,0,83,,0.35713321963946026,4.695575498975813,1,0.007648734375834465,1,0.007600513752549887,1,0.10996697098016739,,,,,,,,,,,,,,,,,,,,,,,,,,,
836,"universal_edges,all_inverse_edges,no_changes",2508,2508,3,0.01994541163245837,0,83,,0.35713321963946026,4.689736034953967,1,0.007793285883963108,1,0.008218861185014248,1,0.04382408782839775,,,,,,,,,,,,,,,,,,,,,,,,,,,
837,"no_changes,universal_edges,all_inverse_edges",2511,2511,3,0.018259123743822176,0,83,,0.35713321963946026,4.683218530146405,1,0.006433193571865559,1,0.005423528607934713,1,0.04292064905166626,,,,,,,,,,,,,,,,,,,,,,,,,,,
838,"universal_edges,no_changes,all_inverse_edges",2514,2514,3,0.017472232071061928,0,83,,0.35713321963946026,4.6783099949825555,1,0.007194724399596453,1,0.005729640368372202,1,0.03949233144521713,,,,,,,,,,,,,,,,,,,,,,,,,,,
839,"universal_edges,all_inverse_edges,no_changes",2517,2517,3,0.017366790678352118,0,83,,0.35713321963946026,4.67664318298921,1,0.007063389290124178,1,0.004762332886457443,1,0.04027464985847473,,,,,,,,,,,,,,,,,,,,,,,,,,,
840,"no_changes,universal_edges,all_inverse_edges",2520,2520,3,0.01922809953490893,1,84,0.35423927505811054,0.35713321963946026,20.255462558940053,1,0.006065778434276581,1,0.005557965487241745,1,0.046060554683208466,0.2421821504831314,0.35164156556129456,0.29878048780487804,0.38414634146341464,0.43902439024390244,0.9890780306849174,0.9575261385784772,0.740547132498352,0.8140899065431675,0.26267752051353455,0.37580668926239014,0.3286090969017798,0.39733025708635467,0.4569874752801582,0.9894464047979112,0.9618900126183247,0.7481641397495056,0.8216921936383207,0.24347105622291565,0.335269570350647,0.2732366512854318,0.3681608437705999,0.4456163480553724,0.9893817777605439,0.9435958444600718,0.7584673698088332,0.825693125277157
841,"all_inverse_edges,no_changes,universal_edges",2523,2523,3,0.07075505424290895,0,84,,0.35713321963946026,4.677734886994585,1,0.006468801759183407,1,0.08621121197938919,1,0.11958514899015427,,,,,,,,,,,,,,,,,,,,,,,,,,,
842,"all_inverse_edges,no_changes,universal_edges",2526,2526,3,0.021234907830754917,0,84,,0.35713321963946026,4.687498016981408,1,0.0059219710528850555,1,0.006037993356585503,1,0.05174475908279419,,,,,,,,,,,,,,,,,,,,,,,,,,,
843,"no_changes,universal_edges,all_inverse_edges",2529,2529,3,0.04404138804723819,0,84,,0.35713321963946026,4.6849873589817435,1,0.006575697101652622,1,0.08524169027805328,1,0.04030677676200867,,,,,,,,,,,,,,,,,,,,,,,,,,,
844,"no_changes,all_inverse_edges,universal_edges",2532,2532,3,0.12052022355298202,0,84,,0.35713321963946026,4.692149998852983,1,0.292013555765152,1,0.005351876839995384,1,0.06419523805379868,,,,,,,,,,,,,,,,,,,,,,,,,,,
845,"all_inverse_edges,universal_edges,no_changes",2535,2535,3,0.049416190944612026,0,84,,0.35713321963946026,4.684021920198575,1,0.012442374601960182,1,0.009003828279674053,1,0.12680236995220184,,,,,,,,,,,,,,,,,,,,,,,,,,,
846,"all_inverse_edges,universal_edges,no_changes",2538,2538,3,0.04684766847640276,0,84,,0.35713321963946026,4.687116459943354,1,0.00886906124651432,1,0.008668606169521809,1,0.12300533801317215,,,,,,,,,,,,,,,,,,,,,,,,,,,
847,"universal_edges,no_changes,all_inverse_edges",2541,2541,3,0.14669587959845862,0,84,,0.35713321963946026,4.68999964511022,1,0.2798500955104828,1,0.09065103530883789,1,0.06958650797605515,,,,,,,,,,,,,,,,,,,,,,,,,,,
848,"universal_edges,no_changes,all_inverse_edges",2544,2544,3,0.07251596668114264,0,84,,0.35713321963946026,4.678905765991658,1,0.010204940102994442,1,0.12386928498744965,1,0.08347367495298386,,,,,,,,,,,,,,,,,,,,,,,,,,,
849,"universal_edges,all_inverse_edges,no_changes",2547,2547,3,0.05945006292313337,0,84,,0.35713321963946026,4.68067842698656,1,0.00978733878582716,1,0.01850501261651516,1,0.1500578373670578,,,,,,,,,,,,,,,,,,,,,,,,,,,
850,"no_changes,universal_edges,all_inverse_edges",2550,2550,3,0.06599096612383921,1,85,0.3639502028624217,0.3639502028624217,20.368265419034287,1,0.007900956086814404,1,0.026145266368985176,1,0.16392667591571808,0.24412694573402405,0.3581875264644623,0.3122940013183916,0.3820039551746869,0.4362228081740277,0.9889358512027092,0.9431142436605378,0.7458042188529993,0.8151410963341594,0.2625071704387665,0.38281354308128357,0.34047462096242587,0.40227422544495717,0.4569874752801582,0.9893430015381235,0.9532757060731917,0.7506954515491101,0.8217571129346706,0.24771957099437714,0.35084953904151917,0.2992748846407383,0.37574159525379036,0.4408371786420567,0.9892202101671255,0.9321172271827536,0.7624225444957152,0.8257276888557954
851,"universal_edges,all_inverse_edges,no_changes",2553,2553,3,0.04000709035123388,0,85,,0.3639502028624217,4.68430619710125,1,0.00725700194016099,1,0.019249327480793,1,0.09351494163274765,,,,,,,,,,,,,,,,,,,,,,,,,,,
852,"universal_edges,no_changes,all_inverse_edges",2556,2556,3,0.15520433336496353,0,85,,0.3639502028624217,4.6903778729029,1,0.29581668972969055,1,0.10560572892427444,1,0.0641905814409256,,,,,,,,,,,,,,,,,,,,,,,,,,,
853,"no_changes,all_inverse_edges,universal_edges",2559,2559,3,0.18456957302987576,0,85,,0.3639502028624217,4.685204240959138,1,0.2794686555862427,1,0.02751264162361622,1,0.24672742187976837,,,,,,,,,,,,,,,,,,,,,,,,,,,
854,"no_changes,universal_edges,all_inverse_edges",2562,2562,3,0.09670528179655473,0,85,,0.3639502028624217,4.683934633852914,1,0.014446881599724293,1,0.10046723484992981,1,0.17520172894001007,,,,,,,,,,,,,,,,,,,,,,,,,,,
855,"all_inverse_edges,universal_edges,no_changes",2565,2565,3,0.18216193995128074,0,85,,0.3639502028624217,4.681218120967969,1,0.01534577552229166,1,0.016588285565376282,1,0.5145517587661743,,,,,,,,,,,,,,,,,,,,,,,,,,,
856,"all_inverse_edges,universal_edges,no_changes",2568,2568,3,0.251309335231781,0,85,,0.3639502028624217,4.679650248028338,1,0.2998674809932709,1,0.043198853731155396,1,0.41086167097091675,,,,,,,,,,,,,,,,,,,,,,,,,,,
857,"universal_edges,no_changes,all_inverse_edges",2571,2571,3,0.15504740178585052,0,85,,0.3639502028624217,4.676869031973183,1,0.042159825563430786,1,0.16907282173633575,1,0.25390955805778503,,,,,,,,,,,,,,,,,,,,,,,,,,,
858,"universal_edges,no_changes,all_inverse_edges",2574,2574,3,0.1444388646632433,0,85,,0.3639502028624217,4.678272566059604,1,0.0197864081710577,1,0.12348662316799164,1,0.29004356265068054,,,,,,,,,,,,,,,,,,,,,,,,,,,
859,"all_inverse_edges,no_changes,universal_edges",2577,2577,3,0.06799775299926598,0,85,,0.3639502028624217,4.692273044027388,1,0.02290351502597332,1,0.054219961166381836,1,0.1268697828054428,,,,,,,,,,,,,,,,,,,,,,,,,,,
860,"all_inverse_edges,universal_edges,no_changes",2580,2580,3,0.08652563951909542,1,86,0.2856544653574626,0.3639502028624217,20.31214363500476,1,0.01840471662580967,1,0.12724417448043823,1,0.11392802745103836,0.2006668895483017,0.2697983384132385,0.20253790375741595,0.30899802241265656,0.39535266974291366,0.9861504258921763,0.8371214971774383,0.771193144363876,0.8004094899879687,0.2284812182188034,0.3075716495513916,0.24060646011865525,0.3501977587343441,0.4213909030982202,0.9877984153450438,0.8721877019889912,0.7791397495056032,0.8187160269163125,0.21204149723052979,0.27959340810775757,0.21061305207646672,0.3239947264337508,0.3971654581410679,0.9862409037444906,0.8301306023552953,0.7930421885299934,0.8104265695592447
861,"no_changes,all_inverse_edges,universal_edges",2583,2583,3,0.14256521686911583,0,86,,0.3639502028624217,4.681068196892738,1,0.3111945390701294,1,0.029657546430826187,1,0.0868435651063919,,,,,,,,,,,,,,,,,,,,,,,,,,,
862,"all_inverse_edges,no_changes,universal_edges",2586,2586,3,0.03504016467680534,0,86,,0.3639502028624217,4.689354227855802,1,0.015303987078368664,1,0.016423281282186508,1,0.07339322566986084,,,,,,,,,,,,,,,,,,,,,,,,,,,
863,"no_changes,universal_edges,all_inverse_edges",2589,2589,3,0.135382196555535,0,86,,0.3639502028624217,4.682211604900658,1,0.31350839138031006,1,0.02670585736632347,1,0.06593234091997147,,,,,,,,,,,,,,,,,,,,,,,,,,,
864,"all_inverse_edges,no_changes,universal_edges",2592,2592,3,0.029363625993331272,0,86,,0.3639502028624217,4.6822980211582035,1,0.012255771085619926,1,0.018136175349354744,1,0.05769893154501915,,,,,,,,,,,,,,,,,,,,,,,,,,,
865,"no_changes,universal_edges,all_inverse_edges",2595,2595,3,0.024662182355920475,0,86,,0.3639502028624217,4.67427280312404,1,0.011466600932180882,1,0.009776134975254536,1,0.052743811160326004,,,,,,,,,,,,,,,,,,,,,,,,,,,
866,"no_changes,all_inverse_edges,universal_edges",2598,2598,3,0.05806062122186025,0,86,,0.3639502028624217,4.696520358789712,1,0.009028241038322449,1,0.11434940993785858,1,0.05080421268939972,,,,,,,,,,,,,,,,,,,,,,,,,,,
867,"universal_edges,all_inverse_edges,no_changes",2601,2601,3,0.02217865859468778,0,86,,0.3639502028624217,4.6789258029311895,1,0.009168260730803013,1,0.009116417728364468,1,0.04825129732489586,,,,,,,,,,,,,,,,,,,,,,,,,,,
868,"all_inverse_edges,universal_edges,no_changes",2604,2604,3,0.02168724189201991,0,86,,0.3639502028624217,4.6927098128944635,1,0.008122485131025314,1,0.008511561900377274,1,0.048427678644657135,,,,,,,,,,,,,,,,,,,,,,,,,,,
869,"no_changes,all_inverse_edges,universal_edges",2607,2607,3,0.058143560929844774,0,86,,0.3639502028624217,4.688484237994999,1,0.00874111708253622,1,0.007004894781857729,1,0.15868467092514038,,,,,,,,,,,,,,,,,,,,,,,,,,,
870,"universal_edges,all_inverse_edges,no_changes",2610,2610,3,0.021826885330180328,1,87,0.33901230494181317,0.3639502028624217,20.298739006975666,1,0.00845842994749546,1,0.006147720851004124,1,0.0508745051920414,0.2344105839729309,0.33809542655944824,0.2846077785102175,0.3740936058009229,0.4260052735662492,0.9890457171662337,0.945098185307185,0.747636783124588,0.8171681444789232,0.25048449635505676,0.35950958728790283,0.30949241924851684,0.38760711931443637,0.44001318391562294,0.9892783745007562,0.946265997717763,0.753569545154911,0.8223885629295584,0.23179468512535095,0.3194319009780884,0.25906394199077126,0.3531641397495056,0.42073170731707316,0.9892395982783357,0.9294600399286228,0.7651779828609098,0.8271256653024817
871,"universal_edges,no_changes,all_inverse_edges",2613,2613,3,0.0479930656341215,0,87,,0.3639502028624217,4.684592395089567,1,0.007368841674178839,1,0.09300418943166733,1,0.043606165796518326,,,,,,,,,,,,,,,,,,,,,,,,,,,
872,"universal_edges,all_inverse_edges,no_changes",2616,2616,3,0.01927251818900307,0,87,,0.3639502028624217,4.67979188892059,1,0.007773073855787516,1,0.006759390234947205,1,0.04328509047627449,,,,,,,,,,,,,,,,,,,,,,,,,,,
873,"all_inverse_edges,universal_edges,no_changes",2619,2619,3,0.019641646804908913,0,87,,0.3639502028624217,4.681889268103987,1,0.007787739392369986,1,0.00615370599552989,1,0.04498349502682686,,,,,,,,,,,,,,,,,,,,,,,,,,,
874,"no_changes,all_inverse_edges,universal_edges",2622,2622,3,0.019961379158000152,0,87,,0.3639502028624217,4.683568910928443,1,0.006960793863981962,1,0.0058655026368796825,1,0.04705784097313881,,,,,,,,,,,,,,,,,,,,,,,,,,,
875,"all_inverse_edges,universal_edges,no_changes",2625,2625,3,0.047506697941571474,0,87,,0.3639502028624217,4.685043981065974,1,0.006974027957767248,1,0.09329330921173096,1,0.04225275665521622,,,,,,,,,,,,,,,,,,,,,,,,,,,
876,"all_inverse_edges,universal_edges,no_changes",2628,2628,3,0.019901185296475887,0,87,,0.3639502028624217,4.674510619137436,1,0.0063607776537537575,1,0.005964159965515137,1,0.04737861827015877,,,,,,,,,,,,,,,,,,,,,,,,,,,
877,"all_inverse_edges,no_changes,universal_edges",2631,2631,3,0.023103447010119755,0,87,,0.3639502028624217,4.688830529106781,1,0.006311709992587566,1,0.005925425328314304,1,0.0570732057094574,,,,,,,,,,,,,,,,,,,,,,,,,,,
878,"universal_edges,all_inverse_edges,no_changes",2634,2634,3,0.020666339434683323,0,87,,0.3639502028624217,4.687500593950972,1,0.007229683455079794,1,0.005395238753408194,1,0.04937409609556198,,,,,,,,,,,,,,,,,,,,,,,,,,,
879,"all_inverse_edges,universal_edges,no_changes",2637,2637,3,0.020444990290949743,0,87,,0.3639502028624217,4.678193785948679,1,0.0067259385250508785,1,0.0058872271329164505,1,0.0487218052148819,,,,,,,,,,,,,,,,,,,,,,,,,,,
880,"all_inverse_edges,universal_edges,no_changes",2640,2640,3,0.14636658815046152,1,88,0.3482027550538381,0.3639502028624217,20.28321277606301,1,0.28859925270080566,1,0.004904335364699364,1,0.14559617638587952,0.24445980787277222,0.35162606835365295,0.30009887936717206,0.38249835201054716,0.4378707976268952,0.9892719117970195,0.9419180238919083,0.7564733025708635,0.8236357345421955,0.260317325592041,0.3696766495704651,0.3190507580751483,0.39502307185234015,0.45418589321028346,0.9896079723913296,0.9404210159466116,0.7674653922214898,0.8319964770264502,0.23524045944213867,0.32330554723739624,0.2643375082399473,0.35003295978905735,0.4268292682926829,0.9892589863895459,0.916083533112036,0.7777851021753461,0.8325853377810362
881,"all_inverse_edges,no_changes,universal_edges",2643,2643,3,0.028264754296590883,0,88,,0.3639502028624217,4.684916523983702,1,0.006361427716910839,1,0.006382457446306944,1,0.07205037772655487,,,,,,,,,,,,,,,,,,,,,,,,,,,
882,"no_changes,universal_edges,all_inverse_edges",2646,2646,3,0.05037078044066826,0,88,,0.3639502028624217,4.678866843925789,1,0.0068541886284947395,1,0.09168066829442978,1,0.052577484399080276,,,,,,,,,,,,,,,,,,,,,,,,,,,
883,"no_changes,universal_edges,all_inverse_edges",2649,2649,3,0.02012902544811368,0,88,,0.3639502028624217,4.681558850919828,1,0.007131168153136969,1,0.00635204091668129,1,0.04690386727452278,,,,,,,,,,,,,,,,,,,,,,,,,,,
884,"all_inverse_edges,universal_edges,no_changes",2652,2652,3,0.019378543365746737,0,88,,0.3639502028624217,4.680677551077679,1,0.006724607199430466,1,0.006089755799621344,1,0.0453212670981884,,,,,,,,,,,,,,,,,,,,,,,,,,,
885,"all_inverse_edges,no_changes,universal_edges",2655,2655,3,0.07533869721616308,0,88,,0.3639502028624217,4.680638849968091,1,0.006585570517927408,1,0.08608143031597137,1,0.13334909081459045,,,,,,,,,,,,,,,,,,,,,,,,,,,
886,"all_inverse_edges,no_changes,universal_edges",2658,2658,3,0.01937913444514076,0,88,,0.3639502028624217,4.675014110980555,1,0.007224966771900654,1,0.0053386022336781025,1,0.04557383432984352,,,,,,,,,,,,,,,,,,,,,,,,,,,
887,"all_inverse_edges,no_changes,universal_edges",2661,2661,3,0.017412565648555756,0,88,,0.3639502028624217,4.685954105108976,1,0.005587183404713869,1,0.005578457843512297,1,0.0410720556974411,,,,,,,,,,,,,,,,,,,,,,,,,,,
888,"no_changes,universal_edges,all_inverse_edges",2664,2664,3,0.015726922856022913,0,88,,0.3639502028624217,4.6860760319978,1,0.005973170977085829,1,0.004515380598604679,1,0.036692216992378235,,,,,,,,,,,,,,,,,,,,,,,,,,,
889,"all_inverse_edges,no_changes,universal_edges",2667,2667,3,0.10935942766567071,0,88,,0.3639502028624217,4.6835000610444695,1,0.28273460268974304,1,0.005278831347823143,1,0.04006484895944595,,,,,,,,,,,,,,,,,,,,,,,,,,,
890,"all_inverse_edges,universal_edges,no_changes",2670,2670,3,0.016056774494548638,1,89,0.351514995098114,0.3639502028624217,20.263270531082526,1,0.006799256894737482,1,0.005159482825547457,1,0.03621158376336098,0.2438787817955017,0.35185500979423523,0.30174686882003954,0.3800263678312459,0.43457481872116016,0.9894334793904378,0.947943448623511,0.756878707976269,0.8255373267232211,0.26282453536987305,0.3726441264152527,0.32481872116018456,0.3946934739617666,0.4563282794990112,0.9896208977988031,0.9495074869775404,0.7611733684904416,0.8294431280347851,0.24207673966884613,0.3300458490848541,0.27043506921555704,0.3590969017798286,0.4378707976268952,0.9895562707614357,0.9376568532322092,0.768085036255768,0.8317055972687177
891,"universal_edges,no_changes,all_inverse_edges",2673,2673,3,0.1370022806028525,0,89,,0.3639502028624217,4.685693647013977,1,0.2851119935512543,1,0.08947428315877914,1,0.036420565098524094,,,,,,,,,,,,,,,,,,,,,,,,,,,
892,"all_inverse_edges,no_changes,universal_edges",2676,2676,3,0.10894820497681697,0,89,,0.3639502028624217,4.68625417095609,1,0.279569149017334,1,0.006135107018053532,1,0.0411403588950634,,,,,,,,,,,,,,,,,,,,,,,,,,,
893,"universal_edges,no_changes,all_inverse_edges",2679,2679,3,0.016564414526025455,0,89,,0.3639502028624217,4.6823155879974365,1,0.0063211857341229916,1,0.007268120069056749,1,0.03610393777489662,,,,,,,,,,,,,,,,,,,,,,,,,,,
894,"no_changes,universal_edges,all_inverse_edges",2682,2682,3,0.04708100575953722,0,89,,0.3639502028624217,4.685235980898142,1,0.006238515023142099,1,0.00467647286131978,1,0.13032802939414978,,,,,,,,,,,,,,,,,,,,,,,,,,,
895,"universal_edges,all_inverse_edges,no_changes",2685,2685,3,0.04445434625570973,0,89,,0.3639502028624217,4.683913460932672,1,0.007570032030344009,1,0.005729441065341234,1,0.12006356567144394,,,,,,,,,,,,,,,,,,,,,,,,,,,
896,"no_changes,universal_edges,all_inverse_edges",2688,2688,3,0.046292376394073166,0,89,,0.3639502028624217,4.677192927803844,1,0.005885886028409004,1,0.08428655564785004,1,0.048704687505960464,,,,,,,,,,,,,,,,,,,,,,,,,,,
897,"universal_edges,no_changes,all_inverse_edges",2691,2691,3,0.1075080285469691,0,89,,0.3639502028624217,4.689149302896112,1,0.2748456299304962,1,0.008666276931762695,1,0.039012178778648376,,,,,,,,,,,,,,,,,,,,,,,,,,,
898,"all_inverse_edges,no_changes,universal_edges",2694,2694,3,0.05867456691339612,0,89,,0.3639502028624217,4.679244874976575,1,0.006178320851176977,1,0.08501733839511871,1,0.08482804149389267,,,,,,,,,,,,,,,,,,,,,,,,,,,
899,"universal_edges,all_inverse_edges,no_changes",2697,2697,3,0.02066077183311184,0,89,,0.3639502028624217,4.674955869093537,1,0.006833349354565144,1,0.005898069124668837,1,0.04925089702010155,,,,,,,,,,,,,,,,,,,,,,,,,,,
900,"all_inverse_edges,no_changes,universal_edges",2700,2700,3,0.10482685469711821,1,90,0.3538467188676198,0.3639502028624217,20.30116817704402,1,0.007123252842575312,1,0.006356000900268555,1,0.30100131034851074,0.24631258845329285,0.3560981750488281,0.30767963085036254,0.3818391562294001,0.43803559657218194,0.9889810901288663,0.9536919362037215,0.7401746868820039,0.8128791541875654,0.26460814476013184,0.3750258684158325,0.32827949901120634,0.39765985497692813,0.4569874752801582,0.9890521798699704,0.9537526262056607,0.7421489782465392,0.8145995823430776,0.24382056295871735,0.33041611313819885,0.2727422544495715,0.3590969017798286,0.4352340145023072,0.9891038814998643,0.9338940620561201,0.7575181278839815,0.8223366064757575
901,"no_changes,universal_edges,all_inverse_edges",2703,2703,3,0.05576870900889238,0,90,,0.3639502028624217,4.685455164173618,1,0.007791358046233654,1,0.00806181039661169,1,0.1514529585838318,,,,,,,,,,,,,,,,,,,,,,,,,,,
902,"all_inverse_edges,universal_edges,no_changes",2706,2706,3,0.03926476013536254,0,90,,0.3639502028624217,4.699211040977389,1,0.006652992218732834,1,0.006881715264171362,1,0.10425957292318344,,,,,,,,,,,,,,,,,,,,,,,,,,,
903,"no_changes,universal_edges,all_inverse_edges",2709,2709,3,0.06956565876801808,0,90,,0.3639502028624217,4.680876968894154,1,0.007217124104499817,1,0.09713992476463318,1,0.10433992743492126,,,,,,,,,,,,,,,,,,,,,,,,,,,
904,"all_inverse_edges,universal_edges,no_changes",2712,2712,3,0.04219738549242417,0,90,,0.3639502028624217,4.678964154794812,1,0.009440993890166283,1,0.011347784660756588,1,0.10580337792634964,,,,,,,,,,,,,,,,,,,,,,,,,,,
905,"no_changes,all_inverse_edges,universal_edges",2715,2715,3,0.06445428791145484,0,90,,0.3639502028624217,4.688362353015691,1,0.0090726837515831,1,0.015693405643105507,1,0.1685967743396759,,,,,,,,,,,,,,,,,,,,,,,,,,,
906,"all_inverse_edges,universal_edges,no_changes",2718,2718,3,0.05905589399238428,0,90,,0.3639502028624217,4.682580306893215,1,0.011263356544077396,1,0.008936193771660328,1,0.1569681316614151,,,,,,,,,,,,,,,,,,,,,,,,,,,
907,"universal_edges,all_inverse_edges,no_changes",2721,2721,3,0.08141845433662336,0,90,,0.3639502028624217,4.683946803910658,1,0.010505369864404202,1,0.09136997908353806,1,0.1423800140619278,,,,,,,,,,,,,,,,,,,,,,,,,,,
908,"no_changes,all_inverse_edges,universal_edges",2724,2724,3,0.12734285493691763,0,90,,0.3639502028624217,4.685295262141153,1,0.2846580743789673,1,0.020977936685085297,1,0.07639255374670029,,,,,,,,,,,,,,,,,,,,,,,,,,,
909,"all_inverse_edges,universal_edges,no_changes",2727,2727,3,0.026059150385359924,0,90,,0.3639502028624217,4.681208512978628,1,0.008255635388195515,1,0.014521276578307152,1,0.0554005391895771,,,,,,,,,,,,,,,,,,,,,,,,,,,
910,"all_inverse_edges,no_changes,universal_edges",2730,2730,3,0.034767286852002144,1,91,0.35435458024342853,0.3639502028624217,20.299739214824513,1,0.008066078647971153,1,0.037034597247838974,1,0.059201184660196304,0.24247503280639648,0.35277506709098816,0.3058668424522083,0.38019116677653264,0.4319380355965722,0.9887484327943439,0.9574916808848195,0.7313348714568226,0.8059524857627669,0.2573636472225189,0.371237576007843,0.32679630850362557,0.3902439024390244,0.44924192485168096,0.9888389106466582,0.9517406844167626,0.7373566249176005,0.8099791252001005,0.24148404598236084,0.33905109763145447,0.28922214897824655,0.36453526697429134,0.42649967040210945,0.9887096565719234,0.9279777143132681,0.750210942649967,0.8148880700467647
911,"no_changes,universal_edges,all_inverse_edges",2733,2733,3,0.027257883921265602,0,91,,0.3639502028624217,4.692302527138963,1,0.008736759424209595,1,0.022305285558104515,1,0.0507316067814827,,,,,,,,,,,,,,,,,,,,,,,,,,,
912,"no_changes,all_inverse_edges,universal_edges",2736,2736,3,0.05208179044226805,0,91,,0.3639502028624217,4.681659253081307,1,0.007293799892067909,1,0.09652910381555557,1,0.05242246761918068,,,,,,,,,,,,,,,,,,,,,,,,,,,
913,"universal_edges,all_inverse_edges,no_changes",2739,2739,3,0.021999340504407883,0,91,,0.3639502028624217,4.689811612013727,1,0.008373296819627285,1,0.011933320201933384,1,0.04569140449166298,,,,,,,,,,,,,,,,,,,,,,,,,,,
914,"no_changes,all_inverse_edges,universal_edges",2742,2742,3,0.14261521585285664,0,91,,0.3639502028624217,4.68288412806578,1,0.28292569518089294,1,0.008853575214743614,1,0.13606637716293335,,,,,,,,,,,,,,,,,,,,,,,,,,,
915,"all_inverse_edges,universal_edges,no_changes",2745,2745,3,0.11356063187122345,0,91,,0.3639502028624217,4.6908297669142485,1,0.2860521376132965,1,0.007700923830270767,1,0.04692883417010307,,,,,,,,,,,,,,,,,,,,,,,,,,,
916,"all_inverse_edges,universal_edges,no_changes",2748,2748,3,0.11057026994725068,0,91,,0.3639502028624217,4.687684596050531,1,0.27995413541793823,1,0.008013108745217323,1,0.0437435656785965,,,,,,,,,,,,,,,,,,,,,,,,,,,
917,"all_inverse_edges,no_changes,universal_edges",2751,2751,3,0.047655541294564806,0,91,,0.3639502028624217,4.692097242921591,1,0.00683436868712306,1,0.08988665044307709,1,0.04624560475349426,,,,,,,,,,,,,,,,,,,,,,,,,,,
918,"universal_edges,no_changes,all_inverse_edges",2754,2754,3,0.046987522238244615,0,91,,0.3639502028624217,4.683049982879311,1,0.007665515411645174,1,0.00793678592890501,1,0.12536026537418365,,,,,,,,,,,,,,,,,,,,,,,,,,,
919,"no_changes,all_inverse_edges,universal_edges",2757,2757,3,0.048746612233420215,0,91,,0.3639502028624217,4.687579676974565,1,0.006619402207434177,1,0.0894397497177124,1,0.05018068477511406,,,,,,,,,,,,,,,,,,,,,,,,,,,
920,"all_inverse_edges,universal_edges,no_changes",2760,2760,3,0.018006790429353714,1,92,0.3559354543685913,0.3639502028624217,20.322238717926666,1,0.007287542801350355,1,0.006556313950568438,1,0.04017651453614235,0.24123001098632812,0.3533821403980255,0.3058668424522083,0.3800263678312459,0.4329268292682927,0.9890263290550234,0.9495948779245209,0.7440738299274885,0.8152600202682856,0.25915709137916565,0.3736421465873718,0.3274555042847726,0.39452867501647987,0.4520435069215557,0.9894593302053847,0.9540267779108862,0.7535003295978906,0.824292040957737,0.24547459185123444,0.3407820761203766,0.2854317732366513,0.3686552406064601,0.4398483849703362,0.9893171507231765,0.9386739557443518,0.760210942649967,0.8257784300635947
921,"universal_edges,no_changes,all_inverse_edges",2763,2763,3,0.04475564897681276,0,92,,0.3639502028624217,4.675447701010853,1,0.0062501137144863605,1,0.0891193374991417,1,0.038897495716810226,,,,,,,,,,,,,,,,,,,,,,,,,,,
922,"no_changes,universal_edges,all_inverse_edges",2766,2766,3,0.04581240207577745,0,92,,0.3639502028624217,4.727992439176887,1,0.006870821584016085,1,0.009137343615293503,1,0.12142904102802277,,,,,,,,,,,,,,,,,,,,,,,,,,,
923,"no_changes,all_inverse_edges,universal_edges",2769,2769,3,0.04516348040973147,0,92,,0.3639502028624217,4.692229636013508,1,0.006757885683327913,1,0.011713319458067417,1,0.11701923608779907,,,,,,,,,,,,,,,,,,,,,,,,,,,
924,"universal_edges,all_inverse_edges,no_changes",2772,2772,3,0.10979465488344431,0,92,,0.3639502028624217,4.671305021038279,1,0.28153589367866516,1,0.008210397325456142,1,0.039637673646211624,,,,,,,,,,,,,,,,,,,,,,,,,,,
925,"all_inverse_edges,no_changes,universal_edges",2775,2775,3,0.04355322321256002,0,92,,0.3639502028624217,4.674178518820554,1,0.007482926361262798,1,0.0062027620151638985,1,0.11697398126125336,,,,,,,,,,,,,,,,,,,,,,,,,,,
926,"universal_edges,no_changes,all_inverse_edges",2778,2778,3,0.04335249432673057,0,92,,0.3639502028624217,4.674675703980029,1,0.007209860719740391,1,0.012820227071642876,1,0.11002739518880844,,,,,,,,,,,,,,,,,,,,,,,,,,,
927,"universal_edges,no_changes,all_inverse_edges",2781,2781,3,0.13497758160034815,0,92,,0.3639502028624217,4.681873043067753,1,0.2801307439804077,1,0.08791322261095047,1,0.03688877820968628,,,,,,,,,,,,,,,,,,,,,,,,,,,
928,"no_changes,universal_edges,all_inverse_edges",2784,2784,3,0.023094703443348408,0,92,,0.3639502028624217,4.687106176977977,1,0.008607451803982258,1,0.019515061751008034,1,0.04116159677505493,,,,,,,,,,,,,,,,,,,,,,,,,,,
929,"universal_edges,no_changes,all_inverse_edges",2787,2787,3,0.019061890430748463,0,92,,0.3639502028624217,4.676045266911387,1,0.009250819683074951,1,0.011665659956634045,1,0.03626919165253639,,,,,,,,,,,,,,,,,,,,,,,,,,,
930,"universal_edges,no_changes,all_inverse_edges",2790,2790,3,0.11124242671454947,1,93,0.352550874153773,0.3639502028624217,20.31709688808769,1,0.2880071997642517,1,0.007750323507934809,1,0.03796975687146187,0.24008499085903168,0.3502223491668701,0.3009228740936058,0.3770599868160844,0.4299604482531312,0.9887484327943439,0.9113972962732502,0.7658965062623599,0.8223769894579358,0.2573709189891815,0.3719775378704071,0.3254779169413316,0.3937046802900461,0.4500659195781147,0.9895368826502255,0.9279988114200278,0.7755042847725775,0.8345624932245912,0.24185001850128174,0.33545273542404175,0.27636783124588005,0.3671720500988794,0.43737640079103496,0.9894851810203317,0.916087956319815,0.7850065919578115,0.8377861708875475
931,"all_inverse_edges,universal_edges,no_changes",2793,2793,3,0.020875478939463694,0,93,,0.3639502028624217,4.718100167112425,1,0.012879693880677223,1,0.007312721107155085,1,0.04243402183055878,,,,,,,,,,,,,,,,,,,,,,,,,,,
932,"universal_edges,all_inverse_edges,no_changes",2796,2796,3,0.11554741921524207,0,93,,0.3639502028624217,4.739399184007198,1,0.2951059937477112,1,0.013163512572646141,1,0.03837275132536888,,,,,,,,,,,,,,,,,,,,,,,,,,,
933,"all_inverse_edges,no_changes,universal_edges",2799,2799,3,0.11306861399983366,0,93,,0.3639502028624217,4.684668208006769,1,0.2793356478214264,1,0.006533015053719282,1,0.053337179124355316,,,,,,,,,,,,,,,,,,,,,,,,,,,
934,"universal_edges,no_changes,all_inverse_edges",2802,2802,3,0.046475841042896114,0,93,,0.3639502028624217,4.682095868047327,1,0.00930850114673376,1,0.09096159785985947,1,0.03915742412209511,,,,,,,,,,,,,,,,,,,,,,,,,,,
935,"all_inverse_edges,universal_edges,no_changes",2805,2805,3,0.1514767666036884,0,93,,0.3639502028624217,4.682025554124266,1,0.307205468416214,1,0.01092036347836256,1,0.13630446791648865,,,,,,,,,,,,,,,,,,,,,,,,,,,
936,"all_inverse_edges,no_changes,universal_edges",2808,2808,3,0.05521139564613501,0,93,,0.3639502028624217,4.6793392489198595,1,0.010742353275418282,1,0.08528868854045868,1,0.06960314512252808,,,,,,,,,,,,,,,,,,,,,,,,,,,
937,"all_inverse_edges,no_changes,universal_edges",2811,2811,3,0.07395215425640345,0,93,,0.3639502028624217,4.674809917807579,1,0.008792395703494549,1,0.09158064424991608,1,0.12148342281579971,,,,,,,,,,,,,,,,,,,,,,,,,,,
938,"no_changes,universal_edges,all_inverse_edges",2814,2814,3,0.020428590786953766,0,93,,0.3639502028624217,4.670592702925205,1,0.008151824586093426,1,0.009415896609425545,1,0.04371805116534233,,,,,,,,,,,,,,,,,,,,,,,,,,,
939,"all_inverse_edges,no_changes,universal_edges",2817,2817,3,0.021272731013596058,0,93,,0.3639502028624217,4.686992818955332,1,0.010661713778972626,1,0.009138702414929867,1,0.04401777684688568,,,,,,,,,,,,,,,,,,,,,,,,,,,
940,"all_inverse_edges,universal_edges,no_changes",2820,2820,3,0.04754672758281231,1,94,0.3501463333765666,0.3639502028624217,20.29341632500291,1,0.013364134356379509,1,0.09262848645448685,1,0.03664756193757057,0.239676833152771,0.34467676281929016,0.291529334212261,0.3764007910349374,0.4357284113381674,0.9882960435327723,0.9029296366495769,0.7593671720500988,0.8149429741999596,0.26031768321990967,0.37130752205848694,0.3244891232696111,0.3932102834541859,0.45286750164798945,0.989136195018548,0.9172938791041193,0.7727158866183257,0.829240219486458,0.24399630725383759,0.3344547152519226,0.2762030323005933,0.36354647330257084,0.4411667765326302,0.989136195018548,0.904495090149865,0.7857976268951878,0.834508037457278
941,"all_inverse_edges,no_changes,universal_edges",2823,2823,3,0.046394278295338154,0,94,,0.3639502028624217,4.694302599877119,1,0.00890329573303461,1,0.008743872866034508,1,0.12153566628694534,,,,,,,,,,,,,,,,,,,,,,,,,,,
942,"all_inverse_edges,no_changes,universal_edges",2826,2826,3,0.11329066148027778,0,94,,0.3639502028624217,4.67914809496142,1,0.2908751666545868,1,0.006563239265233278,1,0.04243357852101326,,,,,,,,,,,,,,,,,,,,,,,,,,,
943,"universal_edges,no_changes,all_inverse_edges",2829,2829,3,0.018465733155608177,0,94,,0.3639502028624217,4.677297530928627,1,0.010361045598983765,1,0.007352834567427635,1,0.03768331930041313,,,,,,,,,,,,,,,,,,,,,,,,,,,
944,"universal_edges,all_inverse_edges,no_changes",2832,2832,3,0.06813591935982306,0,94,,0.3639502028624217,4.682717005023733,1,0.00834860559552908,1,0.08589120954275131,1,0.11016794294118881,,,,,,,,,,,,,,,,,,,,,,,,,,,
945,"universal_edges,no_changes,all_inverse_edges",2835,2835,3,0.018758358123401802,0,94,,0.3639502028624217,4.686203277902678,1,0.007931585423648357,1,0.007822969928383827,1,0.04052051901817322,,,,,,,,,,,,,,,,,,,,,,,,,,,
946,"no_changes,all_inverse_edges,universal_edges",2838,2838,3,0.024770806543529034,0,94,,0.3639502028624217,4.67560226097703,1,0.007553011178970337,1,0.006901890970766544,1,0.05985751748085022,,,,,,,,,,,,,,,,,,,,,,,,,,,
947,"universal_edges,all_inverse_edges,no_changes",2841,2841,3,0.020679377485066652,0,94,,0.3639502028624217,4.6829108039382845,1,0.007816177792847157,1,0.0058171493001282215,1,0.04840480536222458,,,,,,,,,,,,,,,,,,,,,,,,,,,
948,"all_inverse_edges,no_changes,universal_edges",2844,2844,3,0.0632803129653136,0,94,,0.3639502028624217,4.672208442818373,1,0.006615612655878067,1,0.08343061059713364,1,0.09979471564292908,,,,,,,,,,,,,,,,,,,,,,,,,,,
949,"no_changes,all_inverse_edges,universal_edges",2847,2847,3,0.07021673442795873,0,94,,0.3639502028624217,4.679097156971693,1,0.006410048808902502,1,0.007135894149541855,1,0.19710426032543182,,,,,,,,,,,,,,,,,,,,,,,,,,,
950,"universal_edges,all_inverse_edges,no_changes",2850,2850,3,0.08989068989952405,1,95,0.36358238259951275,0.3639502028624217,20.315231170970947,1,0.007076118141412735,1,0.08207902312278748,1,0.18051692843437195,0.2458757609128952,0.36003097891807556,0.31394199077125906,0.3852999340804219,0.43737640079103496,0.9889358512027092,0.9599309517952257,0.7351450230718524,0.8098839698057074,0.26455992460250854,0.3807159662246704,0.33684904416611733,0.39864864864864863,0.4569874752801582,0.9891943593521786,0.9617602845923283,0.7412524719841793,0.8156765599293134,0.25197625160217285,0.35000020265579224,0.2966381015161503,0.3765655899802241,0.4428147659854977,0.9893365388343868,0.9465510747565458,0.7550527356624918,0.8236814498308808
951,"all_inverse_edges,universal_edges,no_changes",2853,2853,3,0.13581136924525103,0,95,,0.3639502028624217,4.68788722390309,1,0.2889849543571472,1,0.005235278978943825,1,0.11321387439966202,,,,,,,,,,,,,,,,,,,,,,,,,,,
952,"no_changes,universal_edges,all_inverse_edges",2856,2856,3,0.05134475138038397,0,95,,0.3639502028624217,4.671640574000776,1,0.006796590052545071,1,0.009077897295355797,1,0.13815976679325104,,,,,,,,,,,,,,,,,,,,,,,,,,,
953,"no_changes,universal_edges,all_inverse_edges",2859,2859,3,0.053848517748216786,0,95,,0.3639502028624217,4.685758271953091,1,0.016919473186135292,1,0.008646889589726925,1,0.13597919046878815,,,,,,,,,,,,,,,,,,,,,,,,,,,
954,"all_inverse_edges,universal_edges,no_changes",2862,2862,3,0.12197313318029046,0,95,,0.3639502028624217,4.679412142140791,1,0.27971774339675903,1,0.006262566428631544,1,0.0799390897154808,,,,,,,,,,,,,,,,,,,,,,,,,,,
955,"universal_edges,no_changes,all_inverse_edges",2865,2865,3,0.02654697373509407,0,95,,0.3639502028624217,4.682857011910528,1,0.01714104227721691,1,0.005293017253279686,1,0.057206861674785614,,,,,,,,,,,,,,,,,,,,,,,,,,,
956,"all_inverse_edges,universal_edges,no_changes",2868,2868,3,0.06212433877711495,0,95,,0.3639502028624217,4.685893277171999,1,0.026984689757227898,1,0.007298134732991457,1,0.1520901918411255,,,,,,,,,,,,,,,,,,,,,,,,,,,
957,"universal_edges,all_inverse_edges,no_changes",2871,2871,3,0.12535114865750074,0,95,,0.3639502028624217,4.6862580550368875,1,0.28612515330314636,1,0.01372940931469202,1,0.07619888335466385,,,,,,,,,,,,,,,,,,,,,,,,,,,
958,"no_changes,universal_edges,all_inverse_edges",2874,2874,3,0.10005768326421578,0,95,,0.3639502028624217,4.68331483611837,1,0.016512347385287285,1,0.10908520966768265,1,0.17457549273967743,,,,,,,,,,,,,,,,,,,,,,,,,,,
959,"no_changes,all_inverse_edges,universal_edges",2877,2877,3,0.05768247740343213,0,95,,0.3639502028624217,4.675144136883318,1,0.013106100261211395,1,0.006769181694835424,1,0.15317215025424957,,,,,,,,,,,,,,,,,,,,,,,,,,,
960,"no_changes,universal_edges,all_inverse_edges",2880,2880,3,0.0454405186076959,1,96,0.34833789865175885,0.3639502028624217,20.368981344159693,1,0.009852245450019836,1,0.011610370129346848,1,0.11485894024372101,0.2374662607908249,0.349884569644928,0.3053724456163481,0.37277521423862886,0.42567567567567566,0.9888906122765521,0.9243841899301551,0.7587013843111403,0.8206533035260765,0.2550632953643799,0.372958242893219,0.3320698747528016,0.3882663150955834,0.4457811470006592,0.9894399420941745,0.9270524614428525,0.7733553065260382,0.8326656155777624,0.23194225132465363,0.3221708834171295,0.26697429136453527,0.3488793671720501,0.4190837178642057,0.9882120283841949,0.8800524089463618,0.7835497692814766,0.8244705804490622
961,"all_inverse_edges,universal_edges,no_changes",2883,2883,3,0.161773802091678,0,96,,0.3639502028624217,4.681927795056254,1,0.2863212525844574,1,0.010960850864648819,1,0.18803930282592773,,,,,,,,,,,,,,,,,,,,,,,,,,,
962,"universal_edges,all_inverse_edges,no_changes",2886,2886,3,0.06212748462955157,0,96,,0.3639502028624217,4.693546206923202,1,0.012261602096259594,1,0.011358612217009068,1,0.16276223957538605,,,,,,,,,,,,,,,,,,,,,,,,,,,
963,"all_inverse_edges,universal_edges,no_changes",2889,2889,3,0.027458137056479853,0,96,,0.3639502028624217,4.700570826884359,1,0.013341504149138927,1,0.007045205216854811,1,0.061987701803445816,,,,,,,,,,,,,,,,,,,,,,,,,,,
964,"all_inverse_edges,universal_edges,no_changes",2892,2892,3,0.11488339739541213,0,96,,0.3639502028624217,4.696844940073788,1,0.2843032479286194,1,0.01020045392215252,1,0.05014649033546448,,,,,,,,,,,,,,,,,,,,,,,,,,,
965,"all_inverse_edges,universal_edges,no_changes",2895,2895,3,0.04978974008311828,0,96,,0.3639502028624217,4.689609458902851,1,0.012640594504773617,1,0.00815190002322197,1,0.12857672572135925,,,,,,,,,,,,,,,,,,,,,,,,,,,
966,"all_inverse_edges,universal_edges,no_changes",2898,2898,3,0.020235208018372457,0,96,,0.3639502028624217,4.693218043074012,1,0.00823579914867878,1,0.005501830484718084,1,0.046967994421720505,,,,,,,,,,,,,,,,,,,,,,,,,,,
967,"all_inverse_edges,no_changes,universal_edges",2901,2901,3,0.01918165773774187,0,96,,0.3639502028624217,4.683930366067216,1,0.008833177387714386,1,0.006111976224929094,1,0.04259981960058212,,,,,,,,,,,,,,,,,,,,,,,,,,,
968,"universal_edges,all_inverse_edges,no_changes",2904,2904,3,0.017761695043494303,0,96,,0.3639502028624217,4.698645503958687,1,0.008388256654143333,1,0.006020227912813425,1,0.038876600563526154,,,,,,,,,,,,,,,,,,,,,,,,,,,
969,"all_inverse_edges,no_changes,universal_edges",2907,2907,3,0.020776330027729273,0,96,,0.3639502028624217,4.682282369816676,1,0.006533643696457148,1,0.005513136275112629,1,0.05028221011161804,,,,,,,,,,,,,,,,,,,,,,,,,,,
970,"all_inverse_edges,no_changes,universal_edges",2910,2910,3,0.047958582950135074,1,97,0.35553515950838727,0.3639502028624217,20.353252813918516,1,0.007540506776422262,1,0.004727813880890608,1,0.13160742819309235,0.24069726467132568,0.3523765206336975,0.3038892551087673,0.3780487804878049,0.43243243243243246,0.9890909560923908,0.9479513176374683,0.7470138431114041,0.8173501051663317,0.25995030999183655,0.3748655915260315,0.3310810810810811,0.3922214897824654,0.4503955174686882,0.9893494642418602,0.9515891275517159,0.751990771259064,0.8224235320790241,0.24224354326725006,0.33936336636543274,0.281641397495056,0.36750164798945284,0.4398483849703362,0.9893171507231765,0.9336860095742877,0.7640870138431114,0.827469478479524
971,"universal_edges,no_changes,all_inverse_edges",2913,2913,3,0.02262429396311442,0,97,,0.3639502028624217,4.681395718827844,1,0.005826429929584265,1,0.005617807153612375,1,0.05642864480614662,,,,,,,,,,,,,,,,,,,,,,,,,,,
972,"all_inverse_edges,no_changes,universal_edges",2916,2916,3,0.1419336210625867,0,97,,0.3639502028624217,4.680343326181173,1,0.30064040422439575,1,0.005056488793343306,1,0.12010397017002106,,,,,,,,,,,,,,,,,,,,,,,,,,,
973,"universal_edges,all_inverse_edges,no_changes",2919,2919,3,0.07405772308508556,0,97,,0.3639502028624217,4.6857870179228485,1,0.015809111297130585,1,0.0908350944519043,1,0.11552896350622177,,,,,,,,,,,,,,,,,,,,,,,,,,,
974,"all_inverse_edges,no_changes,universal_edges",2922,2922,3,0.021541253353158634,0,97,,0.3639502028624217,4.688610176090151,1,0.011647997424006462,1,0.009934000670909882,1,0.043041761964559555,,,,,,,,,,,,,,,,,,,,,,,,,,,
975,"no_changes,all_inverse_edges,universal_edges",2925,2925,3,0.019295849061260622,0,97,,0.3639502028624217,4.677184781059623,1,0.008983229286968708,1,0.00777392415329814,1,0.041130393743515015,,,,,,,,,,,,,,,,,,,,,,,,,,,
976,"all_inverse_edges,no_changes,universal_edges",2928,2928,3,0.017185125189522903,0,97,,0.3639502028624217,4.6796519451308995,1,0.008677512407302856,1,0.005728217773139477,1,0.03714964538812637,,,,,,,,,,,,,,,,,,,,,,,,,,,
977,"universal_edges,no_changes,all_inverse_edges",2931,2931,3,0.015840685460716486,0,97,,0.3639502028624217,4.683401702903211,1,0.007030111271888018,1,0.0063500842079520226,1,0.03414186090230942,,,,,,,,,,,,,,,,,,,,,,,,,,,
978,"universal_edges,all_inverse_edges,no_changes",2934,2934,3,0.04409493583564957,0,97,,0.3639502028624217,4.677480552112684,1,0.0064158388413488865,1,0.08782075345516205,1,0.038048215210437775,,,,,,,,,,,,,,,,,,,,,,,,,,,
979,"all_inverse_edges,universal_edges,no_changes",2937,2937,3,0.019242431192348402,0,97,,0.3639502028624217,4.674282706109807,1,0.007267259061336517,1,0.005595130380243063,1,0.04486490413546562,,,,,,,,,,,,,,,,,,,,,,,,,,,
980,"all_inverse_edges,no_changes,universal_edges",2940,2940,3,0.022547573937724035,1,98,0.357333372036616,0.3639502028624217,20.276469164993614,1,0.0068773846141994,1,0.005436260253190994,1,0.05532907694578171,0.24142156541347504,0.35481828451156616,0.3078444297956493,0.3818391562294001,0.4297956493078444,0.9889100003877622,0.9470526630280424,0.7423994726433751,0.813222812160391,0.2606711685657501,0.3768029808998108,0.3323994726433751,0.3971654581410679,0.45319709953856296,0.9893494642418602,0.9560588073381269,0.7490837178642057,0.8210775263787012,0.24448466300964355,0.34037885069847107,0.285596572181938,0.36585365853658536,0.4396835860250494,0.9894722556128582,0.9418575030484188,0.7623895847066579,0.8283780628849415
981,"all_inverse_edges,universal_edges,no_changes",2943,2943,3,0.019130175312360127,0,98,,0.3639502028624217,4.6861450099386275,1,0.006243262905627489,1,0.004662069957703352,1,0.04648519307374954,,,,,,,,,,,,,,,,,,,,,,,,,,,
982,"no_changes,universal_edges,all_inverse_edges",2946,2946,3,0.11155314712474744,0,98,,0.3639502028624217,4.672055388102308,1,0.28615978360176086,1,0.005454721860587597,1,0.043044935911893845,,,,,,,,,,,,,,,,,,,,,,,,,,,
983,"all_inverse_edges,universal_edges,no_changes",2949,2949,3,0.018050316565980513,0,98,,0.3639502028624217,4.685143176000565,1,0.008775311522185802,1,0.005561732221394777,1,0.03981390595436096,,,,,,,,,,,,,,,,,,,,,,,,,,,
984,"universal_edges,all_inverse_edges,no_changes",2952,2952,3,0.01629742265989383,0,98,,0.3639502028624217,4.683834688970819,1,0.006741043645888567,1,0.005705528426915407,1,0.03644569590687752,,,,,,,,,,,,,,,,,,,,,,,,,,,
985,"universal_edges,no_changes,all_inverse_edges",2955,2955,3,0.015920299260566633,0,98,,0.3639502028624217,4.68942124187015,1,0.0062502543441951275,1,0.0055523831397295,1,0.03595826029777527,,,,,,,,,,,,,,,,,,,,,,,,,,,
986,"all_inverse_edges,no_changes,universal_edges",2958,2958,3,0.14049708594878516,0,98,,0.3639502028624217,4.6817579278722405,1,0.2823643088340759,1,0.09340698271989822,1,0.04571996629238129,,,,,,,,,,,,,,,,,,,,,,,,,,,
987,"all_inverse_edges,universal_edges,no_changes",2961,2961,3,0.019552468943099182,0,98,,0.3639502028624217,4.682952186092734,1,0.010930981487035751,1,0.008723135106265545,1,0.039003290235996246,,,,,,,,,,,,,,,,,,,,,,,,,,,
988,"all_inverse_edges,universal_edges,no_changes",2964,2964,3,0.14893547414491573,0,98,,0.3639502028624217,4.688298244960606,1,0.31310731172561646,1,0.009655146859586239,1,0.12404396384954453,,,,,,,,,,,,,,,,,,,,,,,,,,,
989,"universal_edges,all_inverse_edges,no_changes",2967,2967,3,0.10862043608600895,0,98,,0.3639502028624217,4.6812812311109155,1,0.28145164251327515,1,0.007153510581701994,1,0.0372561551630497,,,,,,,,,,,,,,,,,,,,,,,,,,,
990,"universal_edges,all_inverse_edges,no_changes",2970,2970,3,0.017609886048982542,1,99,0.3566472828388214,0.3639502028624217,20.27813879493624,1,0.008920280262827873,1,0.006354555021971464,1,0.037554822862148285,0.2411855161190033,0.35404348373413086,0.30669083717864204,0.3783783783783784,0.4309492419248517,0.9893688523530705,0.9194959297664423,0.7780026367831245,0.833811907183944,0.2613726854324341,0.37637004256248474,0.33322346736980885,0.39403427818061965,0.4513843111404087,0.9902025411351093,0.9344636825398495,0.7900560316413975,0.8472920409603194,0.24477125704288483,0.33952832221984863,0.2841133816743573,0.36486486486486486,0.43704680290046144,0.9899698838005868,0.920401871836819,0.7960744891232696,0.8470040595146765
991,"universal_edges,no_changes,all_inverse_edges",2973,2973,3,0.04758635628968477,0,99,,0.3639502028624217,4.679005617043003,1,0.010923477821052074,1,0.09488678723573685,1,0.036948803812265396,,,,,,,,,,,,,,,,,,,,,,,,,,,
992,"all_inverse_edges,no_changes,universal_edges",2976,2976,3,0.02404612737397353,0,99,,0.3639502028624217,4.68256864300929,1,0.007707140874117613,1,0.006420588586479425,1,0.05801065266132355,,,,,,,,,,,,,,,,,,,,,,,,,,,
993,"no_changes,all_inverse_edges,universal_edges",2979,2979,3,0.032001569556693234,0,99,,0.3639502028624217,4.684786312980577,1,0.008786093443632126,1,0.005998755805194378,1,0.0812198594212532,,,,,,,,,,,,,,,,,,,,,,,,,,,
994,"universal_edges,all_inverse_edges,no_changes",2982,2982,3,0.05612969553718964,0,99,,0.3639502028624217,4.68176716286689,1,0.006708052940666676,1,0.08837152272462845,1,0.0733095109462738,,,,,,,,,,,,,,,,,,,,,,,,,,,
995,"all_inverse_edges,no_changes,universal_edges",2985,2985,3,0.029122341113785904,0,99,,0.3639502028624217,4.681433194084093,1,0.0064400676637887955,1,0.005555980838835239,1,0.07537097483873367,,,,,,,,,,,,,,,,,,,,,,,,,,,
996,"universal_edges,all_inverse_edges,no_changes",2988,2988,3,0.017341452340284984,0,99,,0.3639502028624217,4.674927621847019,1,0.006591497454792261,1,0.005830278154462576,1,0.03960258141160011,,,,,,,,,,,,,,,,,,,,,,,,,,,
997,"all_inverse_edges,universal_edges,no_changes",2991,2991,3,0.04871083547671636,0,99,,0.3639502028624217,4.685761799104512,1,0.006381232291460037,1,0.005510929971933365,1,0.13424034416675568,,,,,,,,,,,,,,,,,,,,,,,,,,,
998,"all_inverse_edges,no_changes,universal_edges",2994,2994,3,0.05172189977020025,0,99,,0.3639502028624217,4.682790411170572,1,0.006552952341735363,1,0.004980633035302162,1,0.14363211393356323,,,,,,,,,,,,,,,,,,,,,,,,,,,
999,"universal_edges,all_inverse_edges,no_changes",2997,2997,3,0.026232522757103045,0,99,,0.3639502028624217,4.684059333987534,1,0.006570968311280012,1,0.005488592199981213,1,0.06663800776004791,,,,,,,,,,,,,,,,,,,,,,,,,,,
1000,"no_changes,all_inverse_edges,universal_edges",3000,3000,3,0.15181091194972396,1,100,0.345994234085083,0.3639502028624217,20.29493260802701,1,0.28627723455429077,1,0.00444037513807416,1,0.16471512615680695,0.23587960004806519,0.33596986532211304,0.28180619644034277,0.3686552406064601,0.42864205669083716,0.987255548231158,0.8540860769535219,0.7872610415293342,0.8170261645070783,0.2548854947090149,0.36671796441078186,0.31839156229400134,0.3907382992748846,0.4474291364535267,0.988476999237401,0.8775696575235584,0.7970896506262359,0.832311007434241,0.2428905963897705,0.3352948725223541,0.2781806196440343,0.36832564271588664,0.4297956493078444,0.9874558920469968,0.8480038539472592,0.808681608437706,0.827107428189988
1001,"no_changes,universal_edges,all_inverse_edges",3003,3003,3,0.12267274844149749,0,100,,0.3639502028624217,4.684986097970977,1,0.0165067370980978,1,0.016048669815063477,1,0.3354628384113312,,,,,,,,,,,,,,,,,,,,,,,,,,,
1002,"universal_edges,no_changes,all_inverse_edges",3006,3006,3,0.16562370272974172,0,100,,0.3639502028624217,4.684080848004669,1,0.014486616477370262,1,0.00892709568142891,1,0.473457396030426,,,,,,,,,,,,,,,,,,,,,,,,,,,
1003,"all_inverse_edges,no_changes,universal_edges",3009,3009,3,0.0975994374603033,0,100,,0.3639502028624217,4.6811268019955605,1,0.015521838329732418,1,0.010713773779571056,1,0.26656270027160645,,,,,,,,,,,,,,,,,,,,,,,,,,,
1004,"universal_edges,all_inverse_edges,no_changes",3012,3012,3,0.08746801254649957,0,100,,0.3639502028624217,4.678170844912529,1,0.01663360372185707,1,0.011303151026368141,1,0.2344672828912735,,,,,,,,,,,,,,,,,,,,,,,,,,,
1005,"all_inverse_edges,universal_edges,no_changes",3015,3015,3,0.20758914450804392,0,100,,0.3639502028624217,4.6879803200718015,1,0.28693777322769165,1,0.12285788357257843,1,0.2129717767238617,,,,,,,,,,,,,,,,,,,,,,,,,,,
1006,"all_inverse_edges,universal_edges,no_changes",3018,3018,3,0.08269917406141758,0,100,,0.3639502028624217,4.6885610308963805,1,0.010294688865542412,1,0.1083526462316513,1,0.12945018708705902,,,,,,,,,,,,,,,,,,,,,,,,,,,
1007,"all_inverse_edges,no_changes,universal_edges",3021,3021,3,0.03626008238643408,0,100,,0.3639502028624217,4.679284368874505,1,0.008778111077845097,1,0.010238166898488998,1,0.08976396918296814,,,,,,,,,,,,,,,,,,,,,,,,,,,
1008,"universal_edges,all_inverse_edges,no_changes",3024,3024,3,0.0314015286664168,0,100,,0.3639502028624217,4.6865617129951715,1,0.008793974295258522,1,0.011144855991005898,1,0.07426575571298599,,,,,,,,,,,,,,,,,,,,,,,,,,,
1009,"no_changes,universal_edges,all_inverse_edges",3027,3027,3,0.0548431488374869,0,100,,0.3639502028624217,4.679200422018766,1,0.006625812500715256,1,0.09176374226808548,1,0.06613989174365997,,,,,,,,,,,,,,,,,,,,,,,,,,,
1010,"all_inverse_edges,no_changes,universal_edges",3030,3030,3,0.05648034376402696,1,101,0.3432927429676056,0.3639502028624217,20.255531165981665,1,0.009879203513264656,1,0.0895281508564949,1,0.07003367692232132,0.23273617029190063,0.33416229486465454,0.2762030323005933,0.3691496374423204,0.43160843770599866,0.9887484327943439,0.9205991151626457,0.7574983520105472,0.8186511936627534,0.25152963399887085,0.3602137863636017,0.3068556361239288,0.38760711931443637,0.45220830586684246,0.9894076285754908,0.9322080441225276,0.768009228740936,0.8300985215233934,0.2463342845439911,0.33550214767456055,0.277686222808174,0.36783124588002636,0.43408042188529994,0.9886256414233459,0.8985364311329206,0.7752010547132497,0.8250992287519598
1011,"no_changes,universal_edges,all_inverse_edges",3033,3033,3,0.06564463923374812,0,101,,0.3639502028624217,4.690180730074644,1,0.009331544861197472,1,0.007114740088582039,1,0.18048763275146484,,,,,,,,,,,,,,,,,,,,,,,,,,,
1012,"all_inverse_edges,no_changes,universal_edges",3036,3036,3,0.025489753888299067,0,101,,0.3639502028624217,4.6706256358884275,1,0.009279673919081688,1,0.00751046696677804,1,0.059679120779037476,,,,,,,,,,,,,,,,,,,,,,,,,,,
1013,"no_changes,universal_edges,all_inverse_edges",3039,3039,3,0.02204692115386327,0,101,,0.3639502028624217,4.677750245900825,1,0.007578529417514801,1,0.005552846938371658,1,0.053009387105703354,,,,,,,,,,,,,,,,,,,,,,,,,,,
1014,"no_changes,all_inverse_edges,universal_edges",3042,3042,3,0.11509170026207964,0,101,,0.3639502028624217,4.695038818987086,1,0.2898845970630646,1,0.0065021817572414875,1,0.048888321965932846,,,,,,,,,,,,,,,,,,,,,,,,,,,
1015,"all_inverse_edges,no_changes,universal_edges",3045,3045,3,0.050700056832283735,0,101,,0.3639502028624217,4.684899356914684,1,0.010292417369782925,1,0.0068814936093986034,1,0.13492625951766968,,,,,,,,,,,,,,,,,,,,,,,,,,,
1016,"no_changes,universal_edges,all_inverse_edges",3048,3048,3,0.04813932146256169,0,101,,0.3639502028624217,4.692473240895197,1,0.009805530309677124,1,0.00687349634245038,1,0.12773893773555756,,,,,,,,,,,,,,,,,,,,,,,,,,,
1017,"universal_edges,all_inverse_edges,no_changes",3051,3051,3,0.02007408393546939,0,101,,0.3639502028624217,4.6840846359264106,1,0.008049700409173965,1,0.006460970733314753,1,0.04571158066391945,,,,,,,,,,,,,,,,,,,,,,,,,,,
1018,"no_changes,all_inverse_edges,universal_edges",3054,3054,3,0.04578931163996458,0,101,,0.3639502028624217,4.675220710923895,1,0.007892460562288761,1,0.006391502916812897,1,0.12308397144079208,,,,,,,,,,,,,,,,,,,,,,,,,,,
1019,"universal_edges,no_changes,all_inverse_edges",3057,3057,3,0.018538022103408974,0,101,,0.3639502028624217,4.680513817118481,1,0.00865193735808134,1,0.005833791568875313,1,0.041128337383270264,,,,,,,,,,,,,,,,,,,,,,,,,,,
1020,"universal_edges,all_inverse_edges,no_changes",3060,3060,3,0.04190742317587137,1,102,0.3517025907834371,0.3639502028624217,20.257842495804653,1,0.007084868848323822,1,0.005291077308356762,1,0.11334632337093353,0.24208679795265198,0.3499983549118042,0.2984508899143046,0.3808503625576796,0.4342452208305867,0.9890909560923908,0.9518943143816578,0.7444297956493078,0.8161151639762985,0.26214995980262756,0.3715013265609741,0.3244891232696111,0.39205669083717865,0.45319709953856296,0.9895885842801194,0.9634607877223849,0.75114370468029,0.8246144574181213,0.24541033804416656,0.33360809087753296,0.27504943968358603,0.36090969017798286,0.43754119973632166,0.989575658872646,0.94724161622607,0.7614733025708635,0.829086695469623
1021,"universal_edges,all_inverse_edges,no_changes",3063,3063,3,0.04402006898696224,0,102,,0.3639502028624217,4.699339965125546,1,0.006590526085346937,1,0.08688503503799438,1,0.038584645837545395,,,,,,,,,,,,,,,,,,,,,,,,,,,
1022,"all_inverse_edges,universal_edges,no_changes",3066,3066,3,0.017027052740255993,0,102,,0.3639502028624217,4.684284872142598,1,0.006512548308819532,1,0.005738683510571718,1,0.038829926401376724,,,,,,,,,,,,,,,,,,,,,,,,,,,
1023,"universal_edges,no_changes,all_inverse_edges",3069,3069,3,0.01606953035419186,0,102,,0.3639502028624217,4.687288669170812,1,0.005785658955574036,1,0.005735133308917284,1,0.03668779879808426,,,,,,,,,,,,,,,,,,,,,,,,,,,
1024,"all_inverse_edges,no_changes,universal_edges",3072,3072,3,0.10925509346028169,0,102,,0.3639502028624217,4.68432546290569,1,0.28021469712257385,1,0.005208594724535942,1,0.042341988533735275,,,,,,,,,,,,,,,,,,,,,,,,,,,
1025,"all_inverse_edges,universal_edges,no_changes",3075,3075,3,0.10766754594321053,0,102,,0.3639502028624217,4.681883763056248,1,0.2781795561313629,1,0.005543412175029516,1,0.039279669523239136,,,,,,,,,,,,,,,,,,,,,,,,,,,
1026,"all_inverse_edges,universal_edges,no_changes",3078,3078,3,0.044634362837920584,0,102,,0.3639502028624217,4.679428424919024,1,0.007171409670263529,1,0.08429840207099915,1,0.042433276772499084,,,,,,,,,,,,,,,,,,,,,,,,,,,
1027,"all_inverse_edges,no_changes,universal_edges",3081,3081,3,0.1337473390934368,0,102,,0.3639502028624217,4.679711640113965,1,0.275882750749588,1,0.005778468679636717,1,0.11958079785108566,,,,,,,,,,,,,,,,,,,,,,,,,,,
1028,"all_inverse_edges,no_changes,universal_edges",3084,3084,3,0.018564619900037844,0,102,,0.3639502028624217,4.679112378973514,1,0.006907518021762371,1,0.0060968282632529736,1,0.04268951341509819,,,,,,,,,,,,,,,,,,,,,,,,,,,
1029,"all_inverse_edges,universal_edges,no_changes",3087,3087,3,0.015375263057649136,0,102,,0.3639502028624217,4.689656353089958,1,0.006217363756150007,1,0.00519170006737113,1,0.03471672534942627,,,,,,,,,,,,,,,,,,,,,,,,,,,
1030,"no_changes,all_inverse_edges,universal_edges",3090,3090,3,0.11223549240579207,1,103,0.36104882756869,0.3639502028624217,20.345603896072134,1,0.28033164143562317,1,0.005566048435866833,1,0.05080878734588623,0.24351945519447327,0.35718199610710144,0.3101516150296638,0.3828279499011206,0.43408042188529994,0.9888841495728152,0.9435467193734836,0.7440013183915622,0.8137311935627713,0.26377785205841064,0.3807411789894104,0.3365194462755438,0.39700065919578115,0.4599538562953197,0.9894981064278051,0.9520117821375796,0.7559426499670403,0.8258116536211697,0.25040900707244873,0.3452233076095581,0.28889255108767303,0.3726104152933421,0.4447923533289387,0.9893171507231765,0.9367718670685619,0.7616644693473962,0.8264165073069382
1031,"all_inverse_edges,universal_edges,no_changes",3093,3093,3,0.01895453097919623,0,103,,0.3639502028624217,4.7306570678483695,1,0.00729842996224761,1,0.006583914626389742,1,0.04298124834895134,,,,,,,,,,,,,,,,,,,,,,,,,,,
1032,"universal_edges,no_changes,all_inverse_edges",3096,3096,3,0.07125634777670105,0,103,,0.3639502028624217,4.726205894025043,1,0.006986329797655344,1,0.08784052729606628,1,0.11894218623638153,,,,,,,,,,,,,,,,,,,,,,,,,,,
1033,"no_changes,universal_edges,all_inverse_edges",3099,3099,3,0.0221671302181979,0,103,,0.3639502028624217,4.683510880917311,1,0.0068085528910160065,1,0.0069644940085709095,1,0.05272834375500679,,,,,,,,,,,,,,,,,,,,,,,,,,,
1034,"universal_edges,no_changes,all_inverse_edges",3102,3102,3,0.01765879134957989,0,103,,0.3639502028624217,4.677409609081224,1,0.0071845087222754955,1,0.005388372577726841,1,0.040403492748737335,,,,,,,,,,,,,,,,,,,,,,,,,,,
1035,"universal_edges,all_inverse_edges,no_changes",3105,3105,3,0.11428540277605255,0,103,,0.3639502028624217,4.690400864928961,1,0.2958187162876129,1,0.005251301918178797,1,0.04178619012236595,,,,,,,,,,,,,,,,,,,,,,,,,,,
1036,"all_inverse_edges,no_changes,universal_edges",3108,3108,3,0.024358216828356188,0,103,,0.3639502028624217,4.695339663885534,1,0.00833413377404213,1,0.006103232968598604,1,0.058637283742427826,,,,,,,,,,,,,,,,,,,,,,,,,,,
1037,"all_inverse_edges,universal_edges,no_changes",3111,3111,3,0.04671758754799763,0,103,,0.3639502028624217,4.685391849838197,1,0.010209317319095135,1,0.08793472498655319,1,0.042008720338344574,,,,,,,,,,,,,,,,,,,,,,,,,,,
1038,"no_changes,universal_edges,all_inverse_edges",3114,3114,3,0.021724058936039608,0,103,,0.3639502028624217,4.7003372041508555,1,0.009056229144334793,1,0.008350338786840439,1,0.04776560887694359,,,,,,,,,,,,,,,,,,,,,,,,,,,
1039,"no_changes,universal_edges,all_inverse_edges",3117,3117,3,0.049437931117912136,0,103,,0.3639502028624217,4.682587204966694,1,0.010193168185651302,1,0.0902501791715622,1,0.0478704459965229,,,,,,,,,,,,,,,,,,,,,,,,,,,
1040,"universal_edges,no_changes,all_inverse_edges",3120,3120,3,0.018639210766802233,1,104,0.3602067728837331,0.3639502028624217,20.316251144977286,1,0.00939878262579441,1,0.006633932236582041,1,0.03988491743803024,0.2439209669828415,0.35805004835128784,0.3108108108108108,0.38365194462755436,0.43408042188529994,0.9893882404642806,0.9326898600724717,0.7670303230059328,0.8294794290226359,0.26429903507232666,0.378784716129303,0.3343770599868161,0.3971654581410679,0.45616348055372447,0.9899181821706929,0.9461985186929267,0.7721456822676335,0.837274976748227,0.24898108839988708,0.3437855541706085,0.2897165458141068,0.37178642056690836,0.4408371786420567,0.989478718316595,0.9240209077350592,0.777251153592617,0.834656584995286
1041,"no_changes,universal_edges,all_inverse_edges",3123,3123,3,0.11375028050194184,0,104,,0.3639502028624217,4.685105554992333,1,0.287964791059494,1,0.008999035693705082,1,0.04428701475262642,,,,,,,,,,,,,,,,,,,,,,,,,,,
1042,"universal_edges,all_inverse_edges,no_changes",3126,3126,3,0.017732173204421997,0,104,,0.3639502028624217,4.675647017080337,1,0.008656922727823257,1,0.006389465183019638,1,0.038150131702423096,,,,,,,,,,,,,,,,,,,,,,,,,,,
1043,"no_changes,universal_edges,all_inverse_edges",3129,3129,3,0.07551207859069109,0,104,,0.3639502028624217,4.681089092046022,1,0.008432581089437008,1,0.09410344064235687,1,0.12400021404027939,,,,,,,,,,,,,,,,,,,,,,,,,,,
1044,"all_inverse_edges,no_changes,universal_edges",3132,3132,3,0.12281965495397647,0,104,,0.3639502028624217,4.686532618943602,1,0.31008145213127136,1,0.013144061900675297,1,0.04523345082998276,,,,,,,,,,,,,,,,,,,,,,,,,,,
1045,"universal_edges,all_inverse_edges,no_changes",3135,3135,3,0.11005675823738177,0,104,,0.3639502028624217,4.680927131092176,1,0.2801629602909088,1,0.01092249620705843,1,0.039084818214178085,,,,,,,,,,,,,,,,,,,,,,,,,,,
1046,"universal_edges,no_changes,all_inverse_edges",3138,3138,3,0.05075762327760458,0,104,,0.3639502028624217,4.675225612008944,1,0.010622221976518631,1,0.010416240431368351,1,0.13123440742492676,,,,,,,,,,,,,,,,,,,,,,,,,,,
1047,"no_changes,all_inverse_edges,universal_edges",3141,3141,3,0.02075987122952938,0,104,,0.3639502028624217,4.685897379880771,1,0.00861318875104189,1,0.009944138117134571,1,0.04372228682041168,,,,,,,,,,,,,,,,,,,,,,,,,,,
1048,"all_inverse_edges,no_changes,universal_edges",3144,3144,3,0.019381782971322536,0,104,,0.3639502028624217,4.680129091022536,1,0.00820247270166874,1,0.01085572224110365,1,0.03908715397119522,,,,,,,,,,,,,,,,,,,,,,,,,,,
1049,"no_changes,all_inverse_edges,universal_edges",3147,3147,3,0.10997314068178336,0,104,,0.3639502028624217,4.679732898017392,1,0.283592164516449,1,0.008441602811217308,1,0.03788565471768379,,,,,,,,,,,,,,,,,,,,,,,,,,,
1050,"universal_edges,all_inverse_edges,no_changes",3150,3150,3,0.16334576656421027,1,105,0.35274072488149005,0.3639502028624217,20.277660977095366,1,0.2835138440132141,1,0.09295126050710678,1,0.11357219517230988,0.23776820302009583,0.3449166715145111,0.29284772577455503,0.3729400131839156,0.4319380355965722,0.9891878966484419,0.912663452990537,0.7788793671720501,0.832294341956455,0.2601415812969208,0.374109148979187,0.3274555042847726,0.39436387607119316,0.45517468688200396,0.9898470924295888,0.9234657877531759,0.7892287409360581,0.8431880039882417,0.2457815706729889,0.3391963541507721,0.28427818061964405,0.36437046802900463,0.4377059986816084,0.9897243010585909,0.9075342106601075,0.8019248516809492,0.8465326806458187
1051,"universal_edges,no_changes,all_inverse_edges",3153,3153,3,0.02163623335460822,0,105,,0.3639502028624217,4.680921613005921,1,0.010318277403712273,1,0.010039497166872025,1,0.044550925493240356,,,,,,,,,,,,,,,,,,,,,,,,,,,
1052,"no_changes,all_inverse_edges,universal_edges",3156,3156,3,0.028446828791250784,0,105,,0.3639502028624217,4.68078548903577,1,0.0070715537294745445,1,0.0076630436815321445,1,0.07060588896274567,,,,,,,,,,,,,,,,,,,,,,,,,,,
1053,"all_inverse_edges,no_changes,universal_edges",3159,3159,3,0.023421216445664566,0,105,,0.3639502028624217,4.685728361131623,1,0.009502219967544079,1,0.008958827704191208,1,0.05180260166525841,,,,,,,,,,,,,,,,,,,,,,,,,,,
1054,"universal_edges,all_inverse_edges,no_changes",3162,3162,3,0.021280013645688694,0,105,,0.3639502028624217,4.684488344937563,1,0.009187355637550354,1,0.010972531512379646,1,0.04368015378713608,,,,,,,,,,,,,,,,,,,,,,,,,,,
1055,"no_changes,universal_edges,all_inverse_edges",3165,3165,3,0.043038323211173214,0,105,,0.3639502028624217,4.674891143105924,1,0.009603544138371944,1,0.020414873957633972,1,0.09909655153751373,,,,,,,,,,,,,,,,,,,,,,,,,,,
1056,"all_inverse_edges,no_changes,universal_edges",3168,3168,3,0.12696665587524572,0,105,,0.3639502028624217,4.68885558610782,1,0.011756474152207375,1,0.09323228150606155,1,0.27591121196746826,,,,,,,,,,,,,,,,,,,,,,,,,,,
1057,"universal_edges,no_changes,all_inverse_edges",3171,3171,3,0.11085909605026245,0,105,,0.3639502028624217,4.68363004992716,1,0.010947056114673615,1,0.09894905239343643,1,0.2226811796426773,,,,,,,,,,,,,,,,,,,,,,,,,,,
1058,"universal_edges,no_changes,all_inverse_edges",3174,3174,3,0.15472097508609295,0,105,,0.3639502028624217,4.688994636991993,1,0.29054495692253113,1,0.014058748260140419,1,0.1595592200756073,,,,,,,,,,,,,,,,,,,,,,,,,,,
1059,"all_inverse_edges,no_changes,universal_edges",3177,3177,3,0.04233384194473425,0,105,,0.3639502028624217,4.6845660749822855,1,0.018454689532518387,1,0.015160372480750084,1,0.0933864638209343,,,,,,,,,,,,,,,,,,,,,,,,,,,
1060,"universal_edges,no_changes,all_inverse_edges",3180,3180,3,0.06912207355101903,1,106,0.34822821617126465,0.3639502028624217,20.24196183984168,1,0.014327578246593475,1,0.1235000267624855,1,0.06953861564397812,0.23506277799606323,0.3392578959465027,0.28724456163480555,0.37030323005932764,0.4268292682926829,0.9885416262747683,0.9222571276157615,0.7496407382992749,0.812901495430504,0.2547958791255951,0.36662402749061584,0.32185234014502306,0.38661832564271587,0.4436387607119314,0.9890263290550234,0.9299544235577413,0.7582860909690178,0.8218722076338743,0.24458815157413483,0.3388027250766754,0.28724456163480555,0.3670072511535926,0.42468688200395516,0.9887807463130275,0.9157424566044439,0.7628444297956494,0.8213700382227553
1061,"no_changes,universal_edges,all_inverse_edges",3183,3183,3,0.10662117165823777,0,106,,0.3639502028624217,4.690499793970957,1,0.009087087586522102,1,0.21333010494709015,1,0.09744632244110107,,,,,,,,,,,,,,,,,,,,,,,,,,,
1062,"all_inverse_edges,no_changes,universal_edges",3186,3186,3,0.14873901506265005,0,106,,0.3639502028624217,4.675690982025117,1,0.2877027094364166,1,0.08994269371032715,1,0.06857164204120636,,,,,,,,,,,,,,,,,,,,,,,,,,,
1063,"all_inverse_edges,no_changes,universal_edges",3189,3189,3,0.03211198809246222,0,106,,0.3639502028624217,4.683701951988041,1,0.009694489650428295,1,0.012532106600701809,1,0.07410936802625656,,,,,,,,,,,,,,,,,,,,,,,,,,,
1064,"all_inverse_edges,no_changes,universal_edges",3192,3192,3,0.03831601173927387,0,106,,0.3639502028624217,4.681500298902392,1,0.013941005803644657,1,0.03673543781042099,1,0.06427159160375595,,,,,,,,,,,,,,,,,,,,,,,,,,,
1065,"no_changes,universal_edges,all_inverse_edges",3195,3195,3,0.1650976041952769,0,106,,0.3639502028624217,4.703862924128771,1,0.2901000380516052,1,0.14648322761058807,1,0.05870954692363739,,,,,,,,,,,,,,,,,,,,,,,,,,,
1066,"no_changes,universal_edges,all_inverse_edges",3198,3198,3,0.07597711433966954,0,106,,0.3639502028624217,4.689627654151991,1,0.018438950181007385,1,0.03769546002149582,1,0.17179693281650543,,,,,,,,,,,,,,,,,,,,,,,,,,,
1067,"all_inverse_edges,universal_edges,no_changes",3201,3201,3,0.1238222848623991,0,106,,0.3639502028624217,4.679295260924846,1,0.29496443271636963,1,0.029393518343567848,1,0.04710890352725983,,,,,,,,,,,,,,,,,,,,,,,,,,,
1068,"no_changes,all_inverse_edges,universal_edges",3204,3204,3,0.12147437719007333,0,106,,0.3639502028624217,4.679174392018467,1,0.2848071753978729,1,0.03124646283686161,1,0.04836949333548546,,,,,,,,,,,,,,,,,,,,,,,,,,,
1069,"all_inverse_edges,universal_edges,no_changes",3207,3207,3,0.033422296245892845,0,106,,0.3639502028624217,4.686656943988055,1,0.02043393813073635,1,0.029327230527997017,1,0.05050572007894516,,,,,,,,,,,,,,,,,,,,,,,,,,,
1070,"all_inverse_edges,no_changes,universal_edges",3210,3210,3,0.03979456021140019,1,107,0.3414040704568227,0.3639502028624217,20.298319106921554,1,0.01315635722130537,1,0.056242436170578,1,0.0499848872423172,0.232439786195755,0.3318283259868622,0.279663810151615,0.3642056690837179,0.4161173368490442,0.9886644176457663,0.9340678602944114,0.7442122610415294,0.8115529640853409,0.24826321005821228,0.36034148931503296,0.31938035596572184,0.37920237310481214,0.42913645352669744,0.9889358512027092,0.9372071707376829,0.7500032959789057,0.8171319106599014,0.235794335603714,0.332042396068573,0.2801582069874753,0.3561305207646671,0.4200725115359262,0.9888453733503949,0.9208783564793281,0.7602933421226103,0.8209001757657741
1071,"no_changes,universal_edges,all_inverse_edges",3213,3213,3,0.15322511767347655,0,107,,0.3639502028624217,4.691681675845757,1,0.2947176396846771,1,0.11992243677377701,1,0.04503527656197548,,,,,,,,,,,,,,,,,,,,,,,,,,,
1072,"universal_edges,all_inverse_edges,no_changes",3216,3216,3,0.023212917459507782,0,107,,0.3639502028624217,4.681470731971785,1,0.010356727056205273,1,0.016661016270518303,1,0.042621009051799774,,,,,,,,,,,,,,,,,,,,,,,,,,,
1073,"all_inverse_edges,universal_edges,no_changes",3219,3219,3,0.18537789831558862,0,107,,0.3639502028624217,4.684065003879368,1,0.299568235874176,1,0.11010537296533585,1,0.14646008610725403,,,,,,,,,,,,,,,,,,,,,,,,,,,
1074,"universal_edges,no_changes,all_inverse_edges",3222,3222,3,0.1460023211936156,0,107,,0.3639502028624217,4.6852379569318146,1,0.28893381357192993,1,0.10682913661003113,1,0.04224401339888573,,,,,,,,,,,,,,,,,,,,,,,,,,,
1075,"all_inverse_edges,universal_edges,no_changes",3225,3225,3,0.031554594015081726,0,107,,0.3639502028624217,4.679459801875055,1,0.009886302053928375,1,0.024292198941111565,1,0.06048528105020523,,,,,,,,,,,,,,,,,,,,,,,,,,,
1076,"all_inverse_edges,universal_edges,no_changes",3228,3228,3,0.057907186448574066,0,107,,0.3639502028624217,4.674636407988146,1,0.013809986412525177,1,0.10425301641225815,1,0.05565855652093887,,,,,,,,,,,,,,,,,,,,,,,,,,,
1077,"no_changes,universal_edges,all_inverse_edges",3231,3231,3,0.028793991543352604,0,107,,0.3639502028624217,4.693261347012594,1,0.010316174477338791,1,0.012373617850244045,1,0.06369218230247498,,,,,,,,,,,,,,,,,,,,,,,,,,,
1078,"all_inverse_edges,no_changes,universal_edges",3234,3234,3,0.024898473483820755,0,107,,0.3639502028624217,4.683603320037946,1,0.011690665036439896,1,0.012248226441442966,1,0.05075652897357941,,,,,,,,,,,,,,,,,,,,,,,,,,,
1079,"all_inverse_edges,no_changes,universal_edges",3237,3237,3,0.02320078822473685,0,107,,0.3639502028624217,4.692353517981246,1,0.010190372355282307,1,0.009383761323988438,1,0.050028230994939804,,,,,,,,,,,,,,,,,,,,,,,,,,,
1080,"all_inverse_edges,universal_edges,no_changes",3240,3240,3,0.11290567306180795,1,108,0.3500063518683116,0.3639502028624217,21.525607238989323,1,0.28857919573783875,1,0.00789998285472393,1,0.042237840592861176,0.2385222166776657,0.34496209025382996,0.2920237310481213,0.3785431773236651,0.4297956493078444,0.988767820905554,0.9146035617127368,0.7634838497033618,0.8215198128844197,0.25624004006385803,0.36833223700523376,0.3216875411997363,0.39007910349373764,0.4487475280158207,0.989478718316595,0.9310584506728917,0.7711140408701385,0.8321485448779893,0.2440212517976761,0.33672472834587097,0.2794990112063283,0.36437046802900463,0.4367172050098879,0.9894270166867011,0.9176791620640975,0.7815853658536585,0.8358441497509321
1081,"no_changes,all_inverse_edges,universal_edges",3243,3243,3,0.019957923019925754,0,108,,0.3639502028624217,4.685483539011329,1,0.009314816445112228,1,0.008686540648341179,1,0.04187241196632385,,,,,,,,,,,,,,,,,,,,,,,,,,,
1082,"universal_edges,no_changes,all_inverse_edges",3246,3246,3,0.019884163824220497,0,108,,0.3639502028624217,4.682555168168619,1,0.013267429545521736,1,0.010362383909523487,1,0.03602267801761627,,,,,,,,,,,,,,,,,,,,,,,,,,,
1083,"all_inverse_edges,no_changes,universal_edges",3249,3249,3,0.11917123757302761,0,108,,0.3639502028624217,4.676998768001795,1,0.2908419072628021,1,0.008850699290633202,1,0.05782110616564751,,,,,,,,,,,,,,,,,,,,,,,,,,,
1084,"all_inverse_edges,no_changes,universal_edges",3252,3252,3,0.1442769110823671,0,108,,0.3639502028624217,4.687776581849903,1,0.2807420492172241,1,0.008832198567688465,1,0.14325648546218872,,,,,,,,,,,,,,,,,,,,,,,,,,,
1085,"universal_edges,all_inverse_edges,no_changes",3255,3255,3,0.02858750754967332,0,108,,0.3639502028624217,4.679521546931937,1,0.009992795065045357,1,0.0075733414851129055,1,0.0681963860988617,,,,,,,,,,,,,,,,,,,,,,,,,,,
1086,"universal_edges,no_changes,all_inverse_edges",3258,3258,3,0.1138064949773252,0,108,,0.3639502028624217,4.681053470121697,1,0.284385085105896,1,0.005823221523314714,1,0.05121117830276489,,,,,,,,,,,,,,,,,,,,,,,,,,,
1087,"no_changes,universal_edges,all_inverse_edges",3261,3261,3,0.01905595666418473,0,108,,0.3639502028624217,4.688283579889685,1,0.007421934045851231,1,0.006548680365085602,1,0.043197255581617355,,,,,,,,,,,,,,,,,,,,,,,,,,,
1088,"no_changes,universal_edges,all_inverse_edges",3264,3264,3,0.01922477533419927,0,108,,0.3639502028624217,4.6878700570669025,1,0.008242560550570488,1,0.005963088944554329,1,0.04346867650747299,,,,,,,,,,,,,,,,,,,,,,,,,,,
1089,"no_changes,all_inverse_edges,universal_edges",3267,3267,3,0.018290604775150616,0,108,,0.3639502028624217,4.6819244478829205,1,0.006061566062271595,1,0.006153483875095844,1,0.04265676438808441,,,,,,,,,,,,,,,,,,,,,,,,,,,
1090,"no_changes,all_inverse_edges,universal_edges",3270,3270,3,0.04742604509616891,1,109,0.35535940527915955,0.3639502028624217,21.53732019616291,1,0.007330859545618296,1,0.005867039784789085,1,0.12908023595809937,0.2382742017507553,0.35027146339416504,0.2984508899143046,0.3803559657218194,0.4362228081740277,0.9890844933886541,0.9429704892145663,0.7502406064601186,0.8188006814107129,0.2580212652683258,0.37411490082740784,0.32778510217534607,0.3928806855636124,0.4556690837178642,0.9895045691315418,0.9515622905733887,0.756430454845089,0.8260995455665459,0.24677523970603943,0.34169185161590576,0.28477257745550427,0.3691496374423204,0.4426499670402109,0.9896338232062766,0.9350534091271123,0.7724851680949242,0.8343584590934763
1091,"no_changes,universal_edges,all_inverse_edges",3273,3273,3,0.07394910821070273,0,109,,0.3639502028624217,4.686719682067633,1,0.006317547522485256,1,0.0933808982372284,1,0.12214887887239456,,,,,,,,,,,,,,,,,,,,,,,,,,,
1092,"all_inverse_edges,no_changes,universal_edges",3276,3276,3,0.04659614820654193,0,109,,0.3639502028624217,4.69528523623012,1,0.007449775468558073,1,0.08922137320041656,1,0.04311729595065117,,,,,,,,,,,,,,,,,,,,,,,,,,,
1093,"all_inverse_edges,no_changes,universal_edges",3279,3279,3,0.06896227613712351,0,109,,0.3639502028624217,4.691140357172117,1,0.00725312577560544,1,0.08641726523637772,1,0.11321643739938736,,,,,,,,,,,,,,,,,,,,,,,,,,,
1094,"all_inverse_edges,no_changes,universal_edges",3282,3282,3,0.01758368049437801,0,109,,0.3639502028624217,4.700503236148506,1,0.007628060411661863,1,0.00724981352686882,1,0.03787316754460335,,,,,,,,,,,,,,,,,,,,,,,,,,,
1095,"all_inverse_edges,no_changes,universal_edges",3285,3285,3,0.015542315940062204,0,109,,0.3639502028624217,4.688945689005777,1,0.006673234514892101,1,0.006096881814301014,1,0.0338568314909935,,,,,,,,,,,,,,,,,,,,,,,,,,,
1096,"universal_edges,no_changes,all_inverse_edges",3288,3288,3,0.014874062190453211,0,109,,0.3639502028624217,4.691664857091382,1,0.0058329543098807335,1,0.006495554931461811,1,0.03229367733001709,,,,,,,,,,,,,,,,,,,,,,,,,,,
1097,"universal_edges,all_inverse_edges,no_changes",3291,3291,3,0.01533090245599548,0,109,,0.3639502028624217,4.689549796981737,1,0.006112074013799429,1,0.005245931446552277,1,0.034634701907634735,,,,,,,,,,,,,,,,,,,,,,,,,,,
1098,"universal_edges,all_inverse_edges,no_changes",3294,3294,3,0.04073521432777246,0,109,,0.3639502028624217,4.684181547956541,1,0.006137661170214415,1,0.005693806800991297,1,0.11037417501211166,,,,,,,,,,,,,,,,,,,,,,,,,,,
1099,"universal_edges,all_inverse_edges,no_changes",3297,3297,3,0.039219065414120756,0,109,,0.3639502028624217,4.694459124002606,1,0.005502323620021343,1,0.005611063446849585,1,0.10654380917549133,,,,,,,,,,,,,,,,,,,,,,,,,,,
1100,"all_inverse_edges,no_changes,universal_edges",3300,3300,3,0.01723741414025426,1,110,0.3556105097134908,0.3639502028624217,21.480889943894,1,0.0057633970864117146,1,0.004852530546486378,1,0.041096314787864685,0.2391185611486435,0.35206863284111023,0.30009887936717206,0.3838167435728411,0.4347396176664469,0.9888001344242378,0.9552595889068312,0.7341067897165459,0.8079245249985834,0.25999656319618225,0.3735414445400238,0.32630191166776534,0.39337508239947266,0.4553394858272907,0.9891620458334949,0.9592022036410435,0.7418820039551747,0.8156380399761074,0.2459542155265808,0.3412214517593384,0.2826301911667765,0.3711272247857614,0.44594594594594594,0.9893947031680174,0.947759122498741,0.7558899143045485,0.8246795059425089
1101,"no_changes,all_inverse_edges,universal_edges",3303,3303,3,0.016245523778100807,0,110,,0.3639502028624217,4.740795013960451,1,0.005623951554298401,1,0.005505247972905636,1,0.03760737180709839,,,,,,,,,,,,,,,,,,,,,,,,,,,
1102,"universal_edges,all_inverse_edges,no_changes",3306,3306,3,0.1338775778810183,0,110,,0.3639502028624217,4.681434480007738,1,0.2827897071838379,1,0.012085922062397003,1,0.10675710439682007,,,,,,,,,,,,,,,,,,,,,,,,,,,
1103,"no_changes,all_inverse_edges,universal_edges",3309,3309,3,0.023007951366404693,0,110,,0.3639502028624217,4.68102311110124,1,0.006736820563673973,1,0.010355972684919834,1,0.05193106085062027,,,,,,,,,,,,,,,,,,,,,,,,,,,
1104,"no_changes,universal_edges,all_inverse_edges",3312,3312,3,0.10903177581106623,0,110,,0.3639502028624217,4.690437234006822,1,0.28204867243766785,1,0.006236603017896414,1,0.03881005197763443,,,,,,,,,,,,,,,,,,,,,,,,,,,
1105,"universal_edges,no_changes,all_inverse_edges",3315,3315,3,0.018159405483553808,0,110,,0.3639502028624217,4.673167321830988,1,0.006931954063475132,1,0.0053288997150957584,1,0.04221736267209053,,,,,,,,,,,,,,,,,,,,,,,,,,,
1106,"all_inverse_edges,universal_edges,no_changes",3318,3318,3,0.11560648990174134,0,110,,0.3639502028624217,4.693636717041954,1,0.28262072801589966,1,0.005250049754977226,1,0.05894869193434715,,,,,,,,,,,,,,,,,,,,,,,,,,,
1107,"universal_edges,no_changes,all_inverse_edges",3321,3321,3,0.04601477428028981,0,110,,0.3639502028624217,4.691736340988427,1,0.00975528173148632,1,0.009264287538826466,1,0.11902475357055664,,,,,,,,,,,,,,,,,,,,,,,,,,,
1108,"no_changes,universal_edges,all_inverse_edges",3324,3324,3,0.037396869311730065,0,110,,0.3639502028624217,4.686936360085383,1,0.010253730230033398,1,0.005493910051882267,1,0.09644296765327454,,,,,,,,,,,,,,,,,,,,,,,,,,,
1109,"all_inverse_edges,no_changes,universal_edges",3327,3327,3,0.04770103640233477,0,110,,0.3639502028624217,4.68537396308966,1,0.006954558193683624,1,0.006040820386260748,1,0.13010773062705994,,,,,,,,,,,,,,,,,,,,,,,,,,,
1110,"all_inverse_edges,universal_edges,no_changes",3330,3330,3,0.02305055425191919,1,111,0.3591425319512685,0.3639502028624217,21.554413693025708,1,0.00855060014873743,1,0.006035111378878355,1,0.054565951228141785,0.23787878453731537,0.35336053371429443,0.3053724456163481,0.3810151615029664,0.4307844429795649,0.9891426577222847,0.9448895536103872,0.7505932762030323,0.819578577261002,0.2557687759399414,0.37752747535705566,0.33322346736980885,0.3958470665787739,0.4535266974291364,0.989743689169801,0.957652252137339,0.7591364535266973,0.8298849811057208,0.24582362174987793,0.34653958678245544,0.29218852999340805,0.3716216216216216,0.4414963744232037,0.9898341670221154,0.9387093044426751,0.7754943968358603,0.8377220103998384
1111,"no_changes,universal_edges,all_inverse_edges",3333,3333,3,0.019362526014447212,0,111,,0.3639502028624217,4.692316073924303,1,0.007234030868858099,1,0.005226672161370516,1,0.04562687501311302,,,,,,,,,,,,,,,,,,,,,,,,,,,
1112,"all_inverse_edges,universal_edges,no_changes",3336,3336,3,0.10936921850467722,0,111,,0.3639502028624217,4.678744178963825,1,0.2778802812099457,1,0.006353918928653002,1,0.04387345537543297,,,,,,,,,,,,,,,,,,,,,,,,,,,
1113,"universal_edges,no_changes,all_inverse_edges",3339,3339,3,0.018339471115420263,0,111,,0.3639502028624217,4.674691172782332,1,0.008708840236067772,1,0.00689310347661376,1,0.039416469633579254,,,,,,,,,,,,,,,,,,,,,,,,,,,
1114,"all_inverse_edges,universal_edges,no_changes",3342,3342,3,0.04458277920881907,0,111,,0.3639502028624217,4.677248909836635,1,0.006661475636065006,1,0.006166218779981136,1,0.12092064321041107,,,,,,,,,,,,,,,,,,,,,,,,,,,
1115,"no_changes,universal_edges,all_inverse_edges",3345,3345,3,0.020928488578647375,0,111,,0.3639502028624217,4.687734961044043,1,0.0066026742570102215,1,0.012318146415054798,1,0.043864645063877106,,,,,,,,,,,,,,,,,,,,,,,,,,,
1116,"universal_edges,all_inverse_edges,no_changes",3348,3348,3,0.10701223742216825,0,111,,0.3639502028624217,4.682663348969072,1,0.2798696458339691,1,0.006874890066683292,1,0.034292176365852356,,,,,,,,,,,,,,,,,,,,,,,,,,,
1117,"universal_edges,all_inverse_edges,no_changes",3351,3351,3,0.1572017421325048,0,111,,0.3639502028624217,4.676109536085278,1,0.2736751139163971,1,0.08634518086910248,1,0.11158493161201477,,,,,,,,,,,,,,,,,,,,,,,,,,,
1118,"universal_edges,all_inverse_edges,no_changes",3354,3354,3,0.10645898431539536,0,111,,0.3639502028624217,4.673991346964613,1,0.27590668201446533,1,0.007478103041648865,1,0.03599216789007187,,,,,,,,,,,,,,,,,,,,,,,,,,,
1119,"universal_edges,no_changes,all_inverse_edges",3357,3357,3,0.041611227517326675,0,111,,0.3639502028624217,4.6713023111224174,1,0.00789443589746952,1,0.08359728008508682,1,0.033341966569423676,,,,,,,,,,,,,,,,,,,,,,,,,,,
1120,"universal_edges,no_changes,all_inverse_edges",3360,3360,3,0.015535049606114626,1,112,0.3628545900185903,0.3639502028624217,21.30411489587277,1,0.006368077825754881,1,0.005547607317566872,1,0.034689463675022125,0.24114467203617096,0.3582916855812073,0.3113052076466711,0.3852999340804219,0.43605800922874094,0.9890004782400765,0.9556078162742787,0.7395385629531971,0.8127698348736516,0.2593635618686676,0.379559725522995,0.3355306526038233,0.3971654581410679,0.4573170731707317,0.9893236134269133,0.9546867946489624,0.7492320369149638,0.8208695685761975,0.249465674161911,0.3507123589515686,0.29680290046143704,0.37574159525379036,0.4477587343441002,0.98933007613065,0.9428865350816633,0.7574719841793013,0.8247002200162368
1121,"all_inverse_edges,no_changes,universal_edges",3363,3363,3,0.0414797516229252,0,112,,0.3639502028624217,4.752791765844449,1,0.006697555538266897,1,0.0045716045424342155,1,0.1131700947880745,,,,,,,,,,,,,,,,,,,,,,,,,,,
1122,"universal_edges,no_changes,all_inverse_edges",3366,3366,3,0.03988954735298952,0,112,,0.3639502028624217,4.724926410941407,1,0.005811898969113827,1,0.006006929092109203,1,0.10784981399774551,,,,,,,,,,,,,,,,,,,,,,,,,,,
1123,"all_inverse_edges,no_changes,universal_edges",3369,3369,3,0.06508135640372832,0,112,,0.3639502028624217,4.682493626140058,1,0.005972604267299175,1,0.07888124138116837,1,0.11039022356271744,,,,,,,,,,,,,,,,,,,,,,,,,,,
1124,"universal_edges,no_changes,all_inverse_edges",3372,3372,3,0.02019624567280213,0,112,,0.3639502028624217,4.7054075540509075,1,0.005982784554362297,1,0.011722846888005733,1,0.04288310557603836,,,,,,,,,,,,,,,,,,,,,,,,,,,
1125,"no_changes,all_inverse_edges,universal_edges",3375,3375,3,0.13593575234214464,0,112,,0.3639502028624217,4.691933754133061,1,0.2778046131134033,1,0.007728990167379379,1,0.12227365374565125,,,,,,,,,,,,,,,,,,,,,,,,,,,
1126,"all_inverse_edges,universal_edges,no_changes",3378,3378,3,0.07418773944179217,0,112,,0.3639502028624217,4.686617373023182,1,0.00870643649250269,1,0.006369362585246563,1,0.20748741924762726,,,,,,,,,,,,,,,,,,,,,,,,,,,
1127,"universal_edges,no_changes,all_inverse_edges",3381,3381,3,0.21130011479059854,0,112,,0.3639502028624217,4.6953131288755685,1,0.2882072627544403,1,0.04729044437408447,1,0.2984026372432709,,,,,,,,,,,,,,,,,,,,,,,,,,,
1128,"universal_edges,all_inverse_edges,no_changes",3384,3384,3,0.23640578985214233,0,112,,0.3639502028624217,4.679852938046679,1,0.28188130259513855,1,0.23903773725032806,1,0.1882983297109604,,,,,,,,,,,,,,,,,,,,,,,,,,,
1129,"all_inverse_edges,universal_edges,no_changes",3387,3387,3,0.1311534127841393,0,112,,0.3639502028624217,4.684864592039958,1,0.015572646632790565,1,0.22352315485477448,1,0.1543644368648529,,,,,,,,,,,,,,,,,,,,,,,,,,,
1130,"no_changes,all_inverse_edges,universal_edges",3390,3390,3,0.16718996316194534,1,113,0.33757246534029645,0.3639502028624217,21.383984710788354,1,0.2885468900203705,1,0.03434789925813675,1,0.1786751002073288,0.2338627427816391,0.33104798197746277,0.27702702702702703,0.3637112722478576,0.4243572841133817,0.9834167022115372,0.786836010699738,0.7675379037574159,0.7768321766265338,0.25116047263145447,0.3592783510684967,0.31542518127883984,0.38348714568226766,0.43210283454185894,0.9840629725852107,0.7976691209801781,0.7672214897824654,0.7815800637888214,0.23323923349380493,0.3223910629749298,0.267139090309822,0.3531641397495056,0.4161173368490442,0.9818139516848269,0.762635495396315,0.780932762030323,0.7714572805210435
1131,"no_changes,all_inverse_edges,universal_edges",3393,3393,3,0.0911492599795262,0,113,,0.3639502028624217,4.688254405977204,1,0.020505893975496292,1,0.01912897266447544,1,0.23381291329860687,,,,,,,,,,,,,,,,,,,,,,,,,,,
1132,"no_changes,all_inverse_edges,universal_edges",3396,3396,3,0.13658891866604486,0,113,,0.3639502028624217,4.679385588970035,1,0.29235348105430603,1,0.014162689447402954,1,0.10325058549642563,,,,,,,,,,,,,,,,,,,,,,,,,,,
1133,"all_inverse_edges,universal_edges,no_changes",3399,3399,3,0.031069915741682053,0,113,,0.3639502028624217,4.677235611947253,1,0.011495940387248993,1,0.010972213000059128,1,0.07074159383773804,,,,,,,,,,,,,,,,,,,,,,,,,,,
1134,"all_inverse_edges,no_changes,universal_edges",3402,3402,3,0.029473446620007355,0,113,,0.3639502028624217,4.696038092952222,1,0.009500779211521149,1,0.01014693919569254,1,0.06877262145280838,,,,,,,,,,,,,,,,,,,,,,,,,,,
1135,"all_inverse_edges,universal_edges,no_changes",3405,3405,3,0.05914600845426321,0,113,,0.3639502028624217,4.679668163182214,1,0.009172864258289337,1,0.00988511461764574,1,0.15838004648685455,,,,,,,,,,,,,,,,,,,,,,,,,,,
1136,"no_changes,all_inverse_edges,universal_edges",3408,3408,3,0.025573032287259895,0,113,,0.3639502028624217,4.684819570044056,1,0.00845763087272644,1,0.007852303795516491,1,0.06040916219353676,,,,,,,,,,,,,,,,,,,,,,,,,,,
1137,"all_inverse_edges,universal_edges,no_changes",3411,3411,3,0.11619569423298041,0,113,,0.3639502028624217,4.692242098040879,1,0.2882859408855438,1,0.008378924801945686,1,0.05192221701145172,,,,,,,,,,,,,,,,,,,,,,,,,,,
1138,"all_inverse_edges,no_changes,universal_edges",3414,3414,3,0.02101985737681389,0,113,,0.3639502028624217,4.6838480001315475,1,0.0077932472340762615,1,0.007638328243046999,1,0.047627996653318405,,,,,,,,,,,,,,,,,,,,,,,,,,,
1139,"universal_edges,all_inverse_edges,no_changes",3417,3417,3,0.08621454518288374,0,113,,0.3639502028624217,4.6860553899314255,1,0.008617670275270939,1,0.11539652198553085,1,0.13462944328784943,,,,,,,,,,,,,,,,,,,,,,,,,,,
1140,"no_changes,universal_edges,all_inverse_edges",3420,3420,3,0.1129288983841737,1,114,0.3356530765692393,0.3639502028624217,21.19094420108013,1,0.2852223813533783,1,0.008348960429430008,1,0.04521535336971283,0.2298659086227417,0.32873210310935974,0.2732366512854318,0.3632168754119974,0.41825972313777193,0.988134475939354,0.9400490267239795,0.7244001318391562,0.7959379481712963,0.25250983238220215,0.3527225852012634,0.30207646671061306,0.3798615688859591,0.43506921555702044,0.9886062533121357,0.9417946772646035,0.7370764667106131,0.807415864289192,0.23844701051712036,0.3255045413970947,0.26565589980224125,0.3581081081081081,0.43061964403427816,0.9885610143859785,0.9255807105878486,0.7475510876730389,0.8121037124531765
1141,"no_changes,universal_edges,all_inverse_edges",3423,3423,3,0.019184712165345747,0,114,,0.3639502028624217,4.688959863036871,1,0.009581592865288258,1,0.007130006793886423,1,0.040842536836862564,,,,,,,,,,,,,,,,,,,,,,,,,,,
1142,"universal_edges,all_inverse_edges,no_changes",3426,3426,3,0.01943452221651872,0,114,,0.3639502028624217,4.684221248142421,1,0.012881223112344742,1,0.008477987721562386,1,0.03694435581564903,,,,,,,,,,,,,,,,,,,,,,,,,,,
1143,"no_changes,all_inverse_edges,universal_edges",3429,3429,3,0.019494521897286177,0,114,,0.3639502028624217,4.687455242034048,1,0.006588227115571499,1,0.00780652416869998,1,0.04408881440758705,,,,,,,,,,,,,,,,,,,,,,,,,,,
1144,"all_inverse_edges,no_changes,universal_edges",3432,3432,3,0.02368986854950587,0,114,,0.3639502028624217,4.683860615128651,1,0.010851409286260605,1,0.009676739573478699,1,0.050541456788778305,,,,,,,,,,,,,,,,,,,,,,,,,,,
1145,"all_inverse_edges,no_changes,universal_edges",3435,3435,3,0.020658002234995365,0,114,,0.3639502028624217,4.687679341994226,1,0.008496256545186043,1,0.008977984078228474,1,0.04449976608157158,,,,,,,,,,,,,,,,,,,,,,,,,,,
1146,"universal_edges,no_changes,all_inverse_edges",3438,3438,3,0.1133969562749068,0,114,,0.3639502028624217,4.689932449953631,1,0.2929295003414154,1,0.008036632090806961,1,0.039224736392498016,,,,,,,,,,,,,,,,,,,,,,,,,,,
1147,"universal_edges,no_changes,all_inverse_edges",3441,3441,3,0.05189819013079008,0,114,,0.3639502028624217,4.686306067043915,1,0.0161600261926651,1,0.10186515748500824,1,0.037669386714696884,,,,,,,,,,,,,,,,,,,,,,,,,,,
1148,"all_inverse_edges,no_changes,universal_edges",3444,3444,3,0.023122071909407776,0,114,,0.3639502028624217,4.699128329986706,1,0.0101770656183362,1,0.009978877380490303,1,0.04921027272939682,,,,,,,,,,,,,,,,,,,,,,,,,,,
1149,"no_changes,universal_edges,all_inverse_edges",3447,3447,3,0.01846574681500594,0,114,,0.3639502028624217,4.693043994018808,1,0.008172763511538506,1,0.008046846836805344,1,0.039177630096673965,,,,,,,,,,,,,,,,,,,,,,,,,,,
1150,"universal_edges,all_inverse_edges,no_changes",3450,3450,3,0.017399244010448456,1,115,0.35221197207768756,0.3639502028624217,20.280968049075454,1,0.00701153976842761,1,0.005852330941706896,1,0.03933386132121086,0.24336205422878265,0.35516127943992615,0.30866842452208304,0.38266315095583386,0.43012524719841794,0.988767820905554,0.9369054268787509,0.7452340145023072,0.8131162551843641,0.25773903727531433,0.36849117279052734,0.32152274225444955,0.39238628872775216,0.4484179301252472,0.9890780306849174,0.9457351393578174,0.7481377719182597,0.8177455932007391,0.23982958495616913,0.33298346400260925,0.275708635464733,0.3627224785761371,0.4309492419248517,0.9891038814998643,0.9268898027658746,0.7631707317073171,0.8248395980406482
