candidate_id,query_row,movie_local,director_local,score,label,rank_of_positive
0,0,2852,1159,0.5038156509399414,1,7
1,0,2852,2075,0.5003631711006165,0,7
2,0,2852,1817,0.49999189376831055,0,7
3,0,2852,1652,0.5028420686721802,0,7
4,0,2852,1600,0.5047430992126465,0,7
5,0,2852,726,0.5033809542655945,0,7
6,0,2852,1774,0.5052216053009033,0,7
7,0,2852,1918,0.5042336583137512,0,7
8,0,2852,621,0.5145981907844543,0,7
9,0,2852,124,0.49987009167671204,0,7
10,0,2852,1849,0.5018173456192017,0,7
11,0,2852,356,0.4998681843280792,0,7
12,0,2852,1309,0.4994218945503235,0,7
13,0,2852,1779,0.5025037527084351,0,7
14,0,2852,1804,0.5010464191436768,0,7
15,0,2852,858,0.5017472505569458,0,7
16,0,2852,1488,0.4995531141757965,0,7
17,0,2852,540,0.5079782605171204,0,7
18,0,2852,1516,0.5397835373878479,0,7
19,0,2852,1807,0.5018523931503296,0,7
20,1,1674,149,0.6121529936790466,1,1
21,1,1674,1893,0.5041682124137878,0,1
22,1,1674,1080,0.502907931804657,0,1
23,1,1674,893,0.4997023940086365,0,1
24,1,1674,491,0.4994834065437317,0,1
25,1,1674,373,0.5041363835334778,0,1
26,1,1674,214,0.4994015693664551,0,1
27,1,1674,426,0.5172645449638367,0,1
28,1,1674,945,0.4995563328266144,0,1
29,1,1674,363,0.4997066855430603,0,1
30,1,1674,870,0.4997612237930298,0,1
31,1,1674,1296,0.49965572357177734,0,1
32,1,1674,1200,0.5086501836776733,0,1
33,1,1674,743,0.5035877823829651,0,1
34,1,1674,2015,0.4998120665550232,0,1
35,1,1674,1203,0.5060131549835205,0,1
36,1,1674,653,0.4997577667236328,0,1
37,1,1674,1477,0.4997745454311371,0,1
38,1,1674,847,0.5039259195327759,0,1
39,1,1674,256,0.5282843112945557,0,1
40,2,2613,798,0.5024849772453308,1,9
41,2,2613,794,0.5026780962944031,0,9
42,2,2613,1462,0.5019072890281677,0,9
43,2,2613,426,0.5100129246711731,0,9
44,2,2613,1088,0.5088391900062561,0,9
45,2,2613,298,0.5019356608390808,0,9
46,2,2613,1423,0.5273998975753784,0,9
47,2,2613,1381,0.5038030743598938,0,9
48,2,2613,930,0.5051582455635071,0,9
49,2,2613,754,0.504410445690155,0,9
50,2,2613,775,0.5001562237739563,0,9
51,2,2613,15,0.5009052753448486,0,9
52,2,2613,202,0.5165709257125854,0,9
53,2,2613,1154,0.5000931024551392,0,9
54,2,2613,420,0.5012333989143372,0,9
55,2,2613,1815,0.5001979470252991,0,9
56,2,2613,1968,0.5021988749504089,0,9
57,2,2613,1148,0.5024391412734985,0,9
58,2,2613,783,0.5011401176452637,0,9
59,2,2613,627,0.5017148852348328,0,9
60,3,2715,655,0.5211607217788696,1,2
61,3,2715,2007,0.5004217028617859,0,2
62,3,2715,1896,0.5029906630516052,0,2
63,3,2715,1610,0.5102294683456421,0,2
64,3,2715,327,0.5002921223640442,0,2
65,3,2715,1959,0.5018821954727173,0,2
66,3,2715,1218,0.5265762805938721,0,2
67,3,2715,1627,0.500992476940155,0,2
68,3,2715,580,0.502632200717926,0,2
69,3,2715,1990,0.5039821863174438,0,2
70,3,2715,524,0.5002720952033997,0,2
71,3,2715,1661,0.5020269155502319,0,2
72,3,2715,123,0.5084459185600281,0,2
73,3,2715,453,0.5024785399436951,0,2
74,3,2715,93,0.5015669465065002,0,2
75,3,2715,1264,0.5013558864593506,0,2
76,3,2715,303,0.504467785358429,0,2
77,3,2715,613,0.5168960690498352,0,2
78,3,2715,677,0.5001655220985413,0,2
79,3,2715,105,0.5070303082466125,0,2
80,4,2019,1356,0.5015376210212708,1,12
81,4,2019,821,0.5004622340202332,0,12
82,4,2019,1678,0.5030838847160339,0,12
83,4,2019,456,0.502424955368042,0,12
84,4,2019,1193,0.5006692409515381,0,12
85,4,2019,407,0.5065701007843018,0,12
86,4,2019,830,0.5013090372085571,0,12
87,4,2019,1168,0.5056056976318359,0,12
88,4,2019,1073,0.5007093548774719,0,12
89,4,2019,1975,0.5035045742988586,0,12
90,4,2019,471,0.5004596710205078,0,12
91,4,2019,791,0.5020293593406677,0,12
92,4,2019,1646,0.5019611716270447,0,12
93,4,2019,1911,0.5033608675003052,0,12
94,4,2019,1047,0.5008230209350586,0,12
95,4,2019,1051,0.5028881430625916,0,12
96,4,2019,927,0.5024131536483765,0,12
97,4,2019,1131,0.5012948513031006,0,12
98,4,2019,2049,0.5022753477096558,0,12
99,4,2019,11,0.5005163550376892,0,12
100,5,141,1664,0.5543341636657715,1,1
101,5,141,641,0.5025640726089478,0,1
102,5,141,698,0.5012519359588623,0,1
103,5,141,246,0.5020141005516052,0,1
104,5,141,701,0.5000047087669373,0,1
105,5,141,402,0.5015128254890442,0,1
106,5,141,974,0.5014182329177856,0,1
107,5,141,1946,0.5093143582344055,0,1
108,5,141,213,0.5216501355171204,0,1
109,5,141,690,0.5068789124488831,0,1
110,5,141,1030,0.5020731091499329,0,1
111,5,141,680,0.5179660320281982,0,1
112,5,141,1580,0.5050440430641174,0,1
113,5,141,951,0.4999684691429138,0,1
114,5,141,308,0.5271220207214355,0,1
115,5,141,212,0.5081012845039368,0,1
116,5,141,1954,0.5003616213798523,0,1
117,5,141,419,0.5001752376556396,0,1
118,5,141,1988,0.500377893447876,0,1
119,5,141,955,0.5016725659370422,0,1
120,6,1550,1822,0.5081297755241394,1,4
121,6,1550,1124,0.5386420488357544,0,4
122,6,1550,1644,0.504559338092804,0,4
123,6,1550,1474,0.5148983597755432,0,4
124,6,1550,685,0.5025359988212585,0,4
125,6,1550,754,0.5074706077575684,0,4
126,6,1550,810,0.49938806891441345,0,4
127,6,1550,787,0.5020189881324768,0,4
128,6,1550,1646,0.5036320090293884,0,4
129,6,1550,490,0.5033607482910156,0,4
130,6,1550,273,0.5019116401672363,0,4
131,6,1550,1796,0.5064824223518372,0,4
132,6,1550,240,0.5035036206245422,0,4
133,6,1550,1380,0.5007697343826294,0,4
134,6,1550,88,0.5010972023010254,0,4
135,6,1550,522,0.5014904141426086,0,4
136,6,1550,2036,0.514525830745697,0,4
137,6,1550,207,0.5031266212463379,0,4
138,6,1550,441,0.5009709000587463,0,4
139,6,1550,1431,0.5018486976623535,0,4
140,7,621,1237,0.49994754791259766,1,18
141,7,621,1227,0.5022628307342529,0,18
142,7,621,1942,0.5214114785194397,0,18
143,7,621,1130,0.5024024844169617,0,18
144,7,621,83,0.5046854019165039,0,18
145,7,621,44,0.5025202035903931,0,18
146,7,621,183,0.5021761655807495,0,18
147,7,621,799,0.5029295682907104,0,18
148,7,621,575,0.5025089383125305,0,18
149,7,621,1560,0.4996277987957001,0,18
150,7,621,704,0.5014291405677795,0,18
151,7,621,2043,0.49958324432373047,0,18
152,7,621,1768,0.4999980926513672,0,18
153,7,621,564,0.50397127866745,0,18
154,7,621,1625,0.5003250241279602,0,18
155,7,621,107,0.5059003233909607,0,18
156,7,621,1311,0.5000115633010864,0,18
157,7,621,1515,0.5156086087226868,0,18
158,7,621,1271,0.5018609762191772,0,18
159,7,621,1573,0.5042654275894165,0,18
160,8,1076,1099,0.5009090900421143,1,8
161,8,1076,1438,0.5009738802909851,0,8
162,8,1076,847,0.5011966824531555,0,8
163,8,1076,606,0.5013409852981567,0,8
164,8,1076,764,0.5009885430335999,0,8
165,8,1076,1542,0.5008337497711182,0,8
166,8,1076,509,0.5007547736167908,0,8
167,8,1076,615,0.5008522272109985,0,8
168,8,1076,1825,0.5007917881011963,0,8
169,8,1076,1878,0.5006347894668579,0,8
170,8,1076,1934,0.5009220242500305,0,8
171,8,1076,1898,0.5008535385131836,0,8
172,8,1076,292,0.5007666349411011,0,8
173,8,1076,1538,0.5008140206336975,0,8
174,8,1076,1865,0.5008625388145447,0,8
175,8,1076,1569,0.500778317451477,0,8
176,8,1076,721,0.5009753704071045,0,8
177,8,1076,47,0.5012568831443787,0,8
178,8,1076,598,0.5008442997932434,0,8
179,8,1076,1185,0.5008870959281921,0,8
180,9,2045,472,0.5053721070289612,1,3
181,9,2045,1027,0.5013803243637085,0,3
182,9,2045,1229,0.5012908577919006,0,3
183,9,2045,1205,0.5037796497344971,0,3
184,9,2045,676,0.5024956464767456,0,3
185,9,2045,1265,0.5032203793525696,0,3
186,9,2045,247,0.5004793405532837,0,3
187,9,2045,984,0.5009896159172058,0,3
188,9,2045,721,0.5010183453559875,0,3
189,9,2045,959,0.5055609941482544,0,3
190,9,2045,1246,0.5024902820587158,0,3
191,9,2045,582,0.5010057091712952,0,3
192,9,2045,946,0.506903886795044,0,3
193,9,2045,898,0.5020264387130737,0,3
194,9,2045,296,0.5003135800361633,0,3
195,9,2045,15,0.5009432435035706,0,3
196,9,2045,353,0.5015110969543457,0,3
197,9,2045,879,0.5013650059700012,0,3
198,9,2045,812,0.5014804601669312,0,3
199,9,2045,736,0.502886176109314,0,3
200,10,2494,1921,0.49979081749916077,1,18
201,10,2494,912,0.5028864741325378,0,18
202,10,2494,1583,0.5015720725059509,0,18
203,10,2494,2039,0.5202665328979492,0,18
204,10,2494,1122,0.5199822783470154,0,18
205,10,2494,441,0.5049666166305542,0,18
206,10,2494,1941,0.5041577816009521,0,18
207,10,2494,638,0.5051088929176331,0,18
208,10,2494,738,0.5084793567657471,0,18
209,10,2494,1180,0.518905520439148,0,18
210,10,2494,59,0.5169385075569153,0,18
211,10,2494,2004,0.5252084732055664,0,18
212,10,2494,1344,0.5039283633232117,0,18
213,10,2494,1393,0.5348187685012817,0,18
214,10,2494,1569,0.4993835687637329,0,18
215,10,2494,314,0.4996072053909302,0,18
216,10,2494,1890,0.5038366913795471,0,18
217,10,2494,83,0.5092282295227051,0,18
218,10,2494,106,0.5354288220405579,0,18
219,10,2494,753,0.5024355053901672,0,18
220,11,1056,850,0.5068215131759644,1,3
221,11,1056,257,0.50288987159729,0,3
222,11,1056,2032,0.5014771223068237,0,3
223,11,1056,402,0.5010391473770142,0,3
224,11,1056,1904,0.5027721524238586,0,3
225,11,1056,1989,0.5021108984947205,0,3
226,11,1056,542,0.5025627017021179,0,3
227,11,1056,1540,0.4997924864292145,0,3
228,11,1056,1926,0.5024516582489014,0,3
229,11,1056,361,0.5008838176727295,0,3
230,11,1056,1243,0.5002062916755676,0,3
231,11,1056,1568,0.4998530447483063,0,3
232,11,1056,883,0.5066169500350952,0,3
233,11,1056,1972,0.5024744272232056,0,3
234,11,1056,149,0.5673585534095764,0,3
235,11,1056,495,0.5010045766830444,0,3
236,11,1056,1483,0.501474142074585,0,3
237,11,1056,1023,0.5091497898101807,0,3
238,11,1056,1912,0.5008502006530762,0,3
239,11,1056,228,0.501270592212677,0,3
240,12,2615,1027,0.5010232329368591,1,12
241,12,2615,2013,0.5020430684089661,0,12
242,12,2615,789,0.508527398109436,0,12
243,12,2615,943,0.5013963580131531,0,12
244,12,2615,1254,0.5008714199066162,0,12
245,12,2615,609,0.5004532337188721,0,12
246,12,2615,723,0.5004098415374756,0,12
247,12,2615,1229,0.5010808706283569,0,12
248,12,2615,252,0.5005369186401367,0,12
249,12,2615,1999,0.5040637850761414,0,12
250,12,2615,667,0.5016059279441833,0,12
251,12,2615,392,0.50059974193573,0,12
252,12,2615,351,0.5007110238075256,0,12
253,12,2615,168,0.5017896890640259,0,12
254,12,2615,1198,0.5016893148422241,0,12
255,12,2615,1403,0.5013868808746338,0,12
256,12,2615,1124,0.5080984234809875,0,12
257,12,2615,1085,0.5005099773406982,0,12
258,12,2615,967,0.5009757876396179,0,12
259,12,2615,1971,0.5089486837387085,0,12
260,13,3297,906,0.5008462071418762,1,10
261,13,3297,1885,0.5010810494422913,0,10
262,13,3297,1077,0.500732421875,0,10
263,13,3297,1789,0.5009349584579468,0,10
264,13,3297,1293,0.5008928179740906,0,10
265,13,3297,1596,0.5007004141807556,0,10
266,13,3297,830,0.5007440447807312,0,10
267,13,3297,572,0.5007031559944153,0,10
268,13,3297,1222,0.5008223056793213,0,10
269,13,3297,1923,0.5011544227600098,0,10
270,13,3297,163,0.5010672807693481,0,10
271,13,3297,1235,0.5009233355522156,0,10
272,13,3297,674,0.500808596611023,0,10
273,13,3297,485,0.500838577747345,0,10
274,13,3297,364,0.5009811520576477,0,10
275,13,3297,1386,0.5009058713912964,0,10
276,13,3297,1003,0.5008282661437988,0,10
277,13,3297,330,0.49949851632118225,0,10
278,13,3297,1624,0.5008679628372192,0,10
279,13,3297,1886,0.500728964805603,0,10
280,14,369,1559,0.5214179754257202,1,2
281,14,369,1635,0.5001344680786133,0,2
282,14,369,558,0.5000889301300049,0,2
283,14,369,2046,0.5026818513870239,0,2
284,14,369,283,0.5037297010421753,0,2
285,14,369,98,0.504528820514679,0,2
286,14,369,159,0.5177770853042603,0,2
287,14,369,614,0.501531720161438,0,2
288,14,369,1446,0.5012980699539185,0,2
289,14,369,1647,0.49985209107398987,0,2
290,14,369,224,0.5474462509155273,0,2
291,14,369,669,0.5033102035522461,0,2
292,14,369,1975,0.5063385367393494,0,2
293,14,369,1213,0.5000779628753662,0,2
294,14,369,961,0.5021390318870544,0,2
295,14,369,1941,0.5020540356636047,0,2
296,14,369,239,0.5000967383384705,0,2
297,14,369,1135,0.502693772315979,0,2
298,14,369,639,0.5046910643577576,0,2
299,14,369,1895,0.5026358962059021,0,2
300,15,443,1709,0.5009110569953918,1,14
301,15,443,1730,0.507697582244873,0,14
302,15,443,1824,0.49968764185905457,0,14
303,15,443,1323,0.5724470615386963,0,14
304,15,443,1217,0.50285404920578,0,14
305,15,443,87,0.4999822974205017,0,14
306,15,443,1409,0.5001495480537415,0,14
307,15,443,802,0.5017595887184143,0,14
308,15,443,1208,0.4999021589756012,0,14
309,15,443,100,0.5010945796966553,0,14
310,15,443,162,0.5017114281654358,0,14
311,15,443,1117,0.5021682977676392,0,14
312,15,443,902,0.49998390674591064,0,14
313,15,443,1465,0.5035049915313721,0,14
314,15,443,1725,0.50542151927948,0,14
315,15,443,1089,0.5047335624694824,0,14
316,15,443,1511,0.5016302466392517,0,14
317,15,443,1801,0.5039569735527039,0,14
318,15,443,1181,0.5012028813362122,0,14
319,15,443,759,0.5007619857788086,0,14
320,16,1637,1694,0.5138455033302307,1,5
321,16,1637,1686,0.5108580589294434,0,5
322,16,1637,2056,0.5001521706581116,0,5
323,16,1637,1777,0.5273664593696594,0,5
324,16,1637,1054,0.5022488832473755,0,5
325,16,1637,1023,0.5149633288383484,0,5
326,16,1637,320,0.5023480653762817,0,5
327,16,1637,649,0.5061487555503845,0,5
328,16,1637,391,0.49951303005218506,0,5
329,16,1637,542,0.5042660236358643,0,5
330,16,1637,578,0.5016684532165527,0,5
331,16,1637,396,0.5018103122711182,0,5
332,16,1637,958,0.5163837671279907,0,5
333,16,1637,769,0.5023851990699768,0,5
334,16,1637,1689,0.5256716012954712,0,5
335,16,1637,1601,0.5011799931526184,0,5
336,16,1637,1544,0.5019064545631409,0,5
337,16,1637,193,0.5095145106315613,0,5
338,16,1637,915,0.5026271343231201,0,5
339,16,1637,465,0.499369353055954,0,5
340,17,3840,864,0.501981794834137,1,6
341,17,3840,1244,0.5012047290802002,0,6
342,17,3840,1644,0.5029167532920837,0,6
343,17,3840,394,0.502754271030426,0,6
344,17,3840,1901,0.5066136717796326,0,6
345,17,3840,1809,0.5044905543327332,0,6
346,17,3840,2037,0.5033613443374634,0,6
347,17,3840,1337,0.5009746551513672,0,6
348,17,3840,653,0.5003686547279358,0,6
349,17,3840,1542,0.5015413761138916,0,6
350,17,3840,515,0.5003514885902405,0,6
351,17,3840,2013,0.5017675161361694,0,6
352,17,3840,1226,0.5004748702049255,0,6
353,17,3840,196,0.5002131462097168,0,6
354,17,3840,241,0.5013435482978821,0,6
355,17,3840,144,0.5017377138137817,0,6
356,17,3840,200,0.5016738772392273,0,6
357,17,3840,952,0.5015926957130432,0,6
358,17,3840,665,0.5003395676612854,0,6
359,17,3840,1292,0.5013477206230164,0,6
360,18,2720,1124,0.5440387725830078,1,1
361,18,2720,753,0.5015779137611389,0,1
362,18,2720,535,0.5047621726989746,0,1
363,18,2720,1199,0.49981772899627686,0,1
364,18,2720,1178,0.5178222060203552,0,1
365,18,2720,489,0.49928390979766846,0,1
366,18,2720,1145,0.5053433179855347,0,1
367,18,2720,652,0.5064651370048523,0,1
368,18,2720,1940,0.5078951716423035,0,1
369,18,2720,1657,0.5035772323608398,0,1
370,18,2720,1159,0.5060359835624695,0,1
371,18,2720,627,0.5029631853103638,0,1
372,18,2720,726,0.5061752200126648,0,1
373,18,2720,1424,0.5034581422805786,0,1
374,18,2720,1307,0.5006042122840881,0,1
375,18,2720,1761,0.5024206638336182,0,1
376,18,2720,1053,0.509397029876709,0,1
377,18,2720,38,0.5002553462982178,0,1
378,18,2720,2050,0.5059279203414917,0,1
379,18,2720,1712,0.5340696573257446,0,1
380,19,2776,1206,0.500774085521698,1,13
381,19,2776,514,0.5008915662765503,0,13
382,19,2776,1366,0.5008483529090881,0,13
383,19,2776,468,0.5007308125495911,0,13
384,19,2776,1590,0.501152753829956,0,13
385,19,2776,1394,0.5007656812667847,0,13
386,19,2776,1698,0.5007357597351074,0,13
387,19,2776,1853,0.5016458630561829,0,13
388,19,2776,1948,0.5008810758590698,0,13
389,19,2776,1201,0.5008590817451477,0,13
390,19,2776,87,0.5007877349853516,0,13
391,19,2776,25,0.5009074211120605,0,13
392,19,2776,722,0.5007539987564087,0,13
393,19,2776,836,0.5009735822677612,0,13
394,19,2776,1759,0.5007385015487671,0,13
395,19,2776,350,0.5008164048194885,0,13
396,19,2776,953,0.5010492205619812,0,13
397,19,2776,1440,0.5006558299064636,0,13
398,19,2776,1995,0.5009352564811707,0,13
399,19,2776,96,0.5007262229919434,0,13
400,20,145,1002,0.5064608454704285,1,3
401,20,145,1159,0.5035714507102966,0,3
402,20,145,1241,0.4984823167324066,0,3
403,20,145,168,0.5031043291091919,0,3
404,20,145,1775,0.4988991618156433,0,3
405,20,145,2000,0.5052371025085449,0,3
406,20,145,697,0.504417359828949,0,3
407,20,145,593,0.49950850009918213,0,3
408,20,145,150,0.503383457660675,0,3
409,20,145,1959,0.5013314485549927,0,3
410,20,145,2003,0.4994865655899048,0,3
411,20,145,182,0.515239417552948,0,3
412,20,145,936,0.5058724284172058,0,3
413,20,145,1281,0.4988926649093628,0,3
414,20,145,61,0.5008465051651001,0,3
415,20,145,919,0.5573657155036926,0,3
416,20,145,81,0.5010091066360474,0,3
417,20,145,1780,0.49982184171676636,0,3
418,20,145,178,0.49911820888519287,0,3
419,20,145,2019,0.49964451789855957,0,3
420,21,999,1060,0.5017681121826172,1,11
421,21,999,94,0.5058199763298035,0,11
422,21,999,1739,0.5091002583503723,0,11
423,21,999,1914,0.503241240978241,0,11
424,21,999,1827,0.5002560019493103,0,11
425,21,999,704,0.5008535981178284,0,11
426,21,999,1149,0.5004258155822754,0,11
427,21,999,1983,0.5054348707199097,0,11
428,21,999,801,0.5145155191421509,0,11
429,21,999,1291,0.5011528134346008,0,11
430,21,999,686,0.5013974905014038,0,11
431,21,999,738,0.5025174021720886,0,11
432,21,999,847,0.5023799538612366,0,11
433,21,999,1431,0.5013130307197571,0,11
434,21,999,224,0.5312483310699463,0,11
435,21,999,745,0.5057072043418884,0,11
436,21,999,1303,0.50147545337677,0,11
437,21,999,1469,0.5012804269790649,0,11
438,21,999,815,0.5010597109794617,0,11
439,21,999,998,0.5029038786888123,0,11
440,22,1975,1374,0.4983145296573639,1,20
441,22,1975,1164,0.5241838693618774,0,20
442,22,1975,1340,0.5068837404251099,0,20
443,22,1975,79,0.5045484900474548,0,20
444,22,1975,1256,0.49936744570732117,0,20
445,22,1975,1815,0.49864593148231506,0,20
446,22,1975,1397,0.5212123394012451,0,20
447,22,1975,908,0.5053547620773315,0,20
448,22,1975,1297,0.5028752684593201,0,20
449,22,1975,376,0.49963662028312683,0,20
450,22,1975,1357,0.4993351101875305,0,20
451,22,1975,1685,0.4990106225013733,0,20
452,22,1975,1841,0.49877941608428955,0,20
453,22,1975,1692,0.5034059286117554,0,20
454,22,1975,958,0.5317502021789551,0,20
455,22,1975,2053,0.5048934817314148,0,20
456,22,1975,714,0.5014324188232422,0,20
457,22,1975,1839,0.5040959715843201,0,20
458,22,1975,1838,0.5058940052986145,0,20
459,22,1975,1239,0.5024411678314209,0,20
460,23,30,1323,0.5971282720565796,1,1
461,23,30,19,0.4998433589935303,0,1
462,23,30,1457,0.5047374367713928,0,1
463,23,30,761,0.5058372020721436,0,1
464,23,30,1025,0.5026739835739136,0,1
465,23,30,72,0.5033109188079834,0,1
466,23,30,1838,0.504370391368866,0,1
467,23,30,1937,0.50213223695755,0,1
468,23,30,2030,0.5054579973220825,0,1
469,23,30,283,0.503929853439331,0,1
470,23,30,785,0.5012844800949097,0,1
471,23,30,325,0.5105997920036316,0,1
472,23,30,1392,0.5145031213760376,0,1
473,23,30,1346,0.5008930563926697,0,1
474,23,30,260,0.5002396702766418,0,1
475,23,30,1485,0.49960899353027344,0,1
476,23,30,1278,0.5800111293792725,0,1
477,23,30,2022,0.5000831484794617,0,1
478,23,30,202,0.5277753472328186,0,1
479,23,30,1632,0.560222327709198,0,1
480,24,144,104,0.5198864340782166,1,2
481,24,144,1772,0.5010643005371094,0,2
482,24,144,1688,0.5004855990409851,0,2
483,24,144,161,0.5003042817115784,0,2
484,24,144,1312,0.5236055850982666,0,2
485,24,144,1483,0.5012757182121277,0,2
486,24,144,56,0.5020567178726196,0,2
487,24,144,920,0.5032540559768677,0,2
488,24,144,438,0.5025470852851868,0,2
489,24,144,1226,0.5005322694778442,0,2
490,24,144,1786,0.5010621547698975,0,2
491,24,144,1094,0.5016815662384033,0,2
492,24,144,2030,0.5026729106903076,0,2
493,24,144,614,0.5006991028785706,0,2
494,24,144,506,0.5019778609275818,0,2
495,24,144,1788,0.5025076866149902,0,2
496,24,144,1931,0.5019981861114502,0,2
497,24,144,276,0.5010963678359985,0,2
498,24,144,1348,0.5029882192611694,0,2
499,24,144,911,0.5028896331787109,0,2
500,25,3119,325,0.5152899622917175,1,2
501,25,3119,2076,0.5026105642318726,0,2
502,25,3119,1731,0.5047800540924072,0,2
503,25,3119,1028,0.502059817314148,0,2
504,25,3119,1669,0.5151944160461426,0,2
505,25,3119,263,0.5036027431488037,0,2
506,25,3119,1888,0.5042917728424072,0,2
507,25,3119,1989,0.5047962665557861,0,2
508,25,3119,484,0.4991567134857178,0,2
509,25,3119,1449,0.49995851516723633,0,2
510,25,3119,1185,0.5026246905326843,0,2
511,25,3119,426,0.5209047794342041,0,2
512,25,3119,136,0.501595675945282,0,2
513,25,3119,1291,0.502031683921814,0,2
514,25,3119,663,0.5025779008865356,0,2
515,25,3119,675,0.5027676224708557,0,2
516,25,3119,1646,0.5047160983085632,0,2
517,25,3119,464,0.5009050965309143,0,2
518,25,3119,696,0.504361093044281,0,2
519,25,3119,773,0.5042781233787537,0,2
520,26,3975,1145,0.5016928911209106,1,11
521,26,3975,395,0.5034615397453308,0,11
522,26,3975,1641,0.5037276744842529,0,11
523,26,3975,542,0.5022376179695129,0,11
524,26,3975,567,0.5061727166175842,0,11
525,26,3975,1308,0.5004458427429199,0,11
526,26,3975,787,0.5015137195587158,0,11
527,26,3975,688,0.5009928345680237,0,11
528,26,3975,540,0.5036652684211731,0,11
529,26,3975,519,0.5010519623756409,0,11
530,26,3975,250,0.5018011331558228,0,11
531,26,3975,1435,0.5034236311912537,0,11
532,26,3975,1729,0.5012044310569763,0,11
533,26,3975,105,0.5044287443161011,0,11
534,26,3975,428,0.5016400814056396,0,11
535,26,3975,974,0.5009781718254089,0,11
536,26,3975,955,0.5012855529785156,0,11
537,26,3975,420,0.5011337995529175,0,11
538,26,3975,1515,0.5076677203178406,0,11
539,26,3975,1893,0.502098023891449,0,11
540,27,2340,1924,0.500829815864563,1,13
541,27,2340,259,0.5007218718528748,0,13
542,27,2340,90,0.5008710026741028,0,13
543,27,2340,246,0.5007469654083252,0,13
544,27,2340,1413,0.500727653503418,0,13
545,27,2340,1584,0.5009203553199768,0,13
546,27,2340,1276,0.5009782314300537,0,13
547,27,2340,715,0.5009573698043823,0,13
548,27,2340,651,0.5010442137718201,0,13
549,27,2340,1951,0.5010986924171448,0,13
550,27,2340,641,0.5007394552230835,0,13
551,27,2340,490,0.500766396522522,0,13
552,27,2340,1301,0.5009493231773376,0,13
553,27,2340,29,0.5009295344352722,0,13
554,27,2340,558,0.5007002353668213,0,13
555,27,2340,1811,0.5009159445762634,0,13
556,27,2340,2031,0.5010942816734314,0,13
557,27,2340,2007,0.5008181929588318,0,13
558,27,2340,233,0.5008847117424011,0,13
559,27,2340,1721,0.5010784268379211,0,13
560,28,1919,347,0.5000835061073303,1,20
561,28,1919,666,0.5025812983512878,0,20
562,28,1919,1542,0.5017620325088501,0,20
563,28,1919,1660,0.5021418333053589,0,20
564,28,1919,1830,0.5009264349937439,0,20
565,28,1919,1688,0.5003896355628967,0,20
566,28,1919,1935,0.5015996694564819,0,20
567,28,1919,1982,0.501021146774292,0,20
568,28,1919,1769,0.5005477666854858,0,20
569,28,1919,1112,0.5034459233283997,0,20
570,28,1919,1898,0.5013781785964966,0,20
571,28,1919,2075,0.5004768967628479,0,20
572,28,1919,367,0.5008425712585449,0,20
573,28,1919,1980,0.504019021987915,0,20
574,28,1919,914,0.5135745406150818,0,20
575,28,1919,572,0.5147155523300171,0,20
576,28,1919,1009,0.5021898150444031,0,20
577,28,1919,323,0.5014245510101318,0,20
578,28,1919,1456,0.5105389356613159,0,20
579,28,1919,33,0.5060337781906128,0,20
580,29,2412,1436,0.5010414123535156,1,14
581,29,2412,231,0.5132387280464172,0,14
582,29,2412,1126,0.5016812086105347,0,14
583,29,2412,1885,0.501253604888916,0,14
584,29,2412,84,0.5017012357711792,0,14
585,29,2412,1767,0.49986305832862854,0,14
586,29,2412,1141,0.5008844137191772,0,14
587,29,2412,1958,0.501272976398468,0,14
588,29,2412,1507,0.5201811194419861,0,14
589,29,2412,1561,0.5166985988616943,0,14
590,29,2412,1847,0.5023760795593262,0,14
591,29,2412,667,0.5029486417770386,0,14
592,29,2412,439,0.5181536674499512,0,14
593,29,2412,399,0.5004274845123291,0,14
594,29,2412,660,0.502082347869873,0,14
595,29,2412,2028,0.5009345412254333,0,14
596,29,2412,1594,0.5009368062019348,0,14
597,29,2412,701,0.5001655220985413,0,14
598,29,2412,1771,0.5011003017425537,0,14
599,29,2412,1550,0.5015119910240173,0,14
600,30,2100,1806,0.5646641850471497,1,1
601,30,2100,1980,0.5032474398612976,0,1
602,30,2100,1145,0.5014573335647583,0,1
603,30,2100,928,0.5012878775596619,0,1
604,30,2100,1472,0.5036422610282898,0,1
605,30,2100,951,0.5005540251731873,0,1
606,30,2100,1444,0.5030401945114136,0,1
607,30,2100,419,0.5005239248275757,0,1
608,30,2100,253,0.5023744106292725,0,1
609,30,2100,885,0.5012180209159851,0,1
610,30,2100,173,0.5043148398399353,0,1
611,30,2100,1895,0.5020502805709839,0,1
612,30,2100,1683,0.5021927356719971,0,1
613,30,2100,356,0.5005098581314087,0,1
614,30,2100,1666,0.5018520355224609,0,1
615,30,2100,1123,0.5028720498085022,0,1
616,30,2100,1291,0.5009450316429138,0,1
617,30,2100,172,0.5004822015762329,0,1
618,30,2100,91,0.5036614537239075,0,1
619,30,2100,392,0.5007756352424622,0,1
620,31,3571,801,0.5289249420166016,1,3
621,31,3571,2030,0.505449652671814,0,3
622,31,3571,1657,0.5019343495368958,0,3
623,31,3571,345,0.799290657043457,0,3
624,31,3571,1176,0.5004311800003052,0,3
625,31,3571,1272,0.5078866481781006,0,3
626,31,3571,484,0.49991458654403687,0,3
627,31,3571,1216,0.5046049356460571,0,3
628,31,3571,1914,0.5073366165161133,0,3
629,31,3571,107,0.505646824836731,0,3
630,31,3571,1844,0.5444926023483276,0,3
631,31,3571,1581,0.50225430727005,0,3
632,31,3571,494,0.5037994980812073,0,3
633,31,3571,222,0.5042183995246887,0,3
634,31,3571,754,0.506192147731781,0,3
635,31,3571,581,0.502653181552887,0,3
636,31,3571,313,0.5007152557373047,0,3
637,31,3571,993,0.5066377520561218,0,3
638,31,3571,564,0.5032972693443298,0,3
639,31,3571,1817,0.5003171563148499,0,3
640,32,933,455,0.508334219455719,1,4
641,32,933,1108,0.5049774646759033,0,4
642,32,933,2013,0.5030133724212646,0,4
643,32,933,860,0.5018421411514282,0,4
644,32,933,985,0.5091144442558289,0,4
645,32,933,1353,0.5051091909408569,0,4
646,32,933,948,0.5122022032737732,0,4
647,32,933,243,0.5016151070594788,0,4
648,32,933,1933,0.5025395750999451,0,4
649,32,933,812,0.5016711354255676,0,4
650,32,933,894,0.5045995116233826,0,4
651,32,933,1114,0.5106033682823181,0,4
652,32,933,1594,0.5015116930007935,0,4
653,32,933,1282,0.5025076866149902,0,4
654,32,933,2026,0.504483163356781,0,4
655,32,933,496,0.5014344453811646,0,4
656,32,933,596,0.5055299997329712,0,4
657,32,933,906,0.49996304512023926,0,4
658,32,933,1715,0.5032544732093811,0,4
659,32,933,1277,0.5078862905502319,0,4
660,33,3475,1308,0.5005883574485779,1,12
661,33,3475,2015,0.5005500316619873,0,12
662,33,3475,1853,0.5172765851020813,0,12
663,33,3475,1403,0.502256453037262,0,12
664,33,3475,327,0.5003374218940735,0,12
665,33,3475,169,0.5005021691322327,0,12
666,33,3475,386,0.5003533959388733,0,12
667,33,3475,566,0.500641942024231,0,12
668,33,3475,1335,0.5013630986213684,0,12
669,33,3475,972,0.5022743940353394,0,12
670,33,3475,593,0.5005040168762207,0,12
671,33,3475,1593,0.5024499297142029,0,12
672,33,3475,338,0.5019785761833191,0,12
673,33,3475,131,0.5022531747817993,0,12
674,33,3475,2004,0.5102530717849731,0,12
675,33,3475,1329,0.5054370760917664,0,12
676,33,3475,1577,0.5024421811103821,0,12
677,33,3475,331,0.50040203332901,0,12
678,33,3475,1560,0.5003218650817871,0,12
679,33,3475,363,0.5004709362983704,0,12
680,34,888,1760,0.5256870985031128,1,3
681,34,888,1836,0.5160709619522095,0,3
682,34,888,1920,0.5034292936325073,0,3
683,34,888,1454,0.4995916783809662,0,3
684,34,888,393,0.5023310780525208,0,3
685,34,888,1778,0.5027102828025818,0,3
686,34,888,1689,0.5375273823738098,0,3
687,34,888,457,0.5023178458213806,0,3
688,34,888,1141,0.5026454925537109,0,3
689,34,888,590,0.5685781240463257,0,3
690,34,888,870,0.49981075525283813,0,3
691,34,888,481,0.5030380487442017,0,3
692,34,888,1614,0.5027450323104858,0,3
693,34,888,505,0.5018582344055176,0,3
694,34,888,588,0.49999845027923584,0,3
695,34,888,1670,0.5059365034103394,0,3
696,34,888,1622,0.5083069205284119,0,3
697,34,888,1661,0.5028801560401917,0,3
698,34,888,639,0.5081676840782166,0,3
699,34,888,1223,0.5001309514045715,0,3
700,35,2916,1791,0.500742495059967,1,13
701,35,2916,380,0.5008453130722046,0,13
702,35,2916,1242,0.5009665489196777,0,13
703,35,2916,8,0.500930666923523,0,13
704,35,2916,1141,0.5008429288864136,0,13
705,35,2916,1585,0.5007299184799194,0,13
706,35,2916,1671,0.4997294247150421,0,13
707,35,2916,731,0.5009336471557617,0,13
708,35,2916,1466,0.5008232593536377,0,13
709,35,2916,443,0.5006089210510254,0,13
710,35,2916,826,0.5005306005477905,0,13
711,35,2916,492,0.500733494758606,0,13
712,35,2916,2038,0.5012305974960327,0,13
713,35,2916,209,0.5008211135864258,0,13
714,35,2916,482,0.5009783506393433,0,13
715,35,2916,1840,0.5007337927818298,0,13
716,35,2916,882,0.500832736492157,0,13
717,35,2916,591,0.5007606148719788,0,13
718,35,2916,1577,0.5008817911148071,0,13
719,35,2916,376,0.5007070302963257,0,13
720,36,3855,815,0.5018887519836426,1,16
721,36,3855,1581,0.5018991827964783,0,16
722,36,3855,1862,0.5071420073509216,0,16
723,36,3855,1524,0.5031449794769287,0,16
724,36,3855,401,0.5029554963111877,0,16
725,36,3855,399,0.5010775923728943,0,16
726,36,3855,675,0.5028887987136841,0,16
727,36,3855,54,0.5016502141952515,0,16
728,36,3855,865,0.5040756464004517,0,16
729,36,3855,1492,0.503621518611908,0,16
730,36,3855,906,0.5001823902130127,0,16
731,36,3855,316,0.5038025379180908,0,16
732,36,3855,1015,0.5027324557304382,0,16
733,36,3855,1298,0.5049692988395691,0,16
734,36,3855,782,0.5045265555381775,0,16
735,36,3855,1043,0.5109113454818726,0,16
736,36,3855,907,0.5043588876724243,0,16
737,36,3855,196,0.49952539801597595,0,16
738,36,3855,126,0.5045210719108582,0,16
739,36,3855,823,0.5093418955802917,0,16
740,37,1051,90,0.5034612417221069,1,10
741,37,1051,1369,0.504303514957428,0,10
742,37,1051,925,0.5003133416175842,0,10
743,37,1051,1133,0.5029656887054443,0,10
744,37,1051,1848,0.5061673521995544,0,10
745,37,1051,528,0.5014997720718384,0,10
746,37,1051,1545,0.5116816759109497,0,10
747,37,1051,1251,0.5026543736457825,0,10
748,37,1051,21,0.5005506873130798,0,10
749,37,1051,1096,0.5105419158935547,0,10
750,37,1051,1080,0.5024189352989197,0,10
751,37,1051,447,0.5062820315361023,0,10
752,37,1051,1419,0.5044265985488892,0,10
753,37,1051,660,0.5025044679641724,0,10
754,37,1051,1202,0.5048817992210388,0,10
755,37,1051,1236,0.5043349266052246,0,10
756,37,1051,482,0.5144147872924805,0,10
757,37,1051,215,0.5018783807754517,0,10
758,37,1051,835,0.5009850263595581,0,10
759,37,1051,625,0.5017087459564209,0,10
760,38,295,1549,0.5340196490287781,1,1
761,38,295,1306,0.502863883972168,0,1
762,38,295,1845,0.5111753940582275,0,1
763,38,295,316,0.5042824745178223,0,1
764,38,295,1741,0.50532466173172,0,1
765,38,295,1551,0.5017163157463074,0,1
766,38,295,1108,0.5061038136482239,0,1
767,38,295,1492,0.5036249160766602,0,1
768,38,295,425,0.5004321336746216,0,1
769,38,295,1522,0.5050942301750183,0,1
770,38,295,586,0.5059438943862915,0,1
771,38,295,1547,0.5115582942962646,0,1
772,38,295,131,0.5022006034851074,0,1
773,38,295,1344,0.5033630132675171,0,1
774,38,295,1841,0.4997696876525879,0,1
775,38,295,492,0.500213623046875,0,1
776,38,295,1574,0.5026943683624268,0,1
777,38,295,1051,0.5054089426994324,0,1
778,38,295,165,0.5021856427192688,0,1
779,38,295,1706,0.4999586343765259,0,1
780,39,3702,1484,0.5006659030914307,1,19
781,39,3702,538,0.5009364485740662,0,19
782,39,3702,1873,0.5009734034538269,0,19
783,39,3702,1792,0.5011268854141235,0,19
784,39,3702,844,0.5010595917701721,0,19
785,39,3702,1557,0.5006670355796814,0,19
786,39,3702,763,0.5009791254997253,0,19
787,39,3702,1285,0.5008538365364075,0,19
788,39,3702,591,0.500887393951416,0,19
789,39,3702,1896,0.5009211897850037,0,19
790,39,3702,1423,0.5016595125198364,0,19
791,39,3702,619,0.5008965134620667,0,19
792,39,3702,348,0.5009214282035828,0,19
793,39,3702,1068,0.5006937384605408,0,19
794,39,3702,46,0.5007418990135193,0,19
795,39,3702,770,0.5008283853530884,0,19
796,39,3702,1276,0.5009055733680725,0,19
797,39,3702,240,0.5010380744934082,0,19
798,39,3702,40,0.501201331615448,0,19
799,39,3702,418,0.5005309581756592,0,19
800,40,3074,1107,0.5061125159263611,1,2
801,40,3074,654,0.5041826367378235,0,2
802,40,3074,1979,0.5036094188690186,0,2
803,40,3074,1349,0.5045309066772461,0,2
804,40,3074,1071,0.5019100308418274,0,2
805,40,3074,1470,0.50400310754776,0,2
806,40,3074,1230,0.5035951733589172,0,2
807,40,3074,1105,0.500275731086731,0,2
808,40,3074,546,0.5013697743415833,0,2
809,40,3074,1145,0.502093493938446,0,2
810,40,3074,880,0.502998948097229,0,2
811,40,3074,278,0.5001642107963562,0,2
812,40,3074,213,0.5174218416213989,0,2
813,40,3074,1151,0.5009434223175049,0,2
814,40,3074,1800,0.5008022785186768,0,2
815,40,3074,835,0.5009218454360962,0,2
816,40,3074,5,0.5000491142272949,0,2
817,40,3074,1390,0.501301646232605,0,2
818,40,3074,1555,0.5019103288650513,0,2
819,40,3074,312,0.5014659762382507,0,2
820,41,4007,1304,0.5016265511512756,1,8
821,41,4007,459,0.5004642009735107,0,8
822,41,4007,1923,0.5028875470161438,0,8
823,41,4007,1288,0.5021985769271851,0,8
824,41,4007,794,0.5017895102500916,0,8
825,41,4007,381,0.5012791752815247,0,8
826,41,4007,1998,0.501204788684845,0,8
827,41,4007,213,0.5098116993904114,0,8
828,41,4007,102,0.501439094543457,0,8
829,41,4007,1031,0.5010966658592224,0,8
830,41,4007,1154,0.50053870677948,0,8
831,41,4007,1544,0.5014475584030151,0,8
832,41,4007,1232,0.5026705861091614,0,8
833,41,4007,548,0.5032744407653809,0,8
834,41,4007,1436,0.5012005567550659,0,8
835,41,4007,1018,0.5003945231437683,0,8
836,41,4007,632,0.501609206199646,0,8
837,41,4007,1845,0.5034077167510986,0,8
838,41,4007,1497,0.5014569163322449,0,8
839,41,4007,1338,0.5009348392486572,0,8
840,42,606,1882,0.5004053711891174,1,18
841,42,606,155,0.5012491345405579,0,18
842,42,606,48,0.5014700889587402,0,18
843,42,606,52,0.501223087310791,0,18
844,42,606,265,0.5013574361801147,0,18
845,42,606,447,0.5028569102287292,0,18
846,42,606,776,0.5004560351371765,0,18
847,42,606,510,0.5005403757095337,0,18
848,42,606,313,0.5006961822509766,0,18
849,42,606,1702,0.5012289881706238,0,18
850,42,606,1459,0.5021529793739319,0,18
851,42,606,1997,0.5009701251983643,0,18
852,42,606,1989,0.501871645450592,0,18
853,42,606,1222,0.5003377199172974,0,18
854,42,606,1945,0.5003247857093811,0,18
855,42,606,826,0.5020341277122498,0,18
856,42,606,426,0.5071399211883545,0,18
857,42,606,935,0.5011826753616333,0,18
858,42,606,589,0.5006102323532104,0,18
859,42,606,1787,0.503351092338562,0,18
860,43,1932,1643,0.570131242275238,1,1
861,43,1932,1523,0.5030419230461121,0,1
862,43,1932,7,0.501350462436676,0,1
863,43,1932,1776,0.5036736726760864,0,1
864,43,1932,580,0.5030847191810608,0,1
865,43,1932,1165,0.5014679431915283,0,1
866,43,1932,589,0.5002071261405945,0,1
867,43,1932,1124,0.5289037227630615,0,1
868,43,1932,1308,0.5001561045646667,0,1
869,43,1932,1466,0.5028789043426514,0,1
870,43,1932,1125,0.5020109415054321,0,1
871,43,1932,183,0.5013498663902283,0,1
872,43,1932,1022,0.501433789730072,0,1
873,43,1932,630,0.5000004172325134,0,1
874,43,1932,346,0.5002086162567139,0,1
875,43,1932,862,0.5029489994049072,0,1
876,43,1932,2061,0.5002957582473755,0,1
877,43,1932,1257,0.5201418399810791,0,1
878,43,1932,604,0.5000468492507935,0,1
879,43,1932,914,0.5220745801925659,0,1
880,44,3205,391,0.5000664591789246,1,19
881,44,3205,396,0.5012685656547546,0,19
882,44,3205,897,0.500487744808197,0,19
883,44,3205,1559,0.5158637762069702,0,19
884,44,3205,110,0.5002886056900024,0,19
885,44,3205,455,0.5056324005126953,0,19
886,44,3205,395,0.503868579864502,0,19
887,44,3205,1281,0.5000792741775513,0,19
888,44,3205,1767,0.4999309778213501,0,19
889,44,3205,315,0.5028981566429138,0,19
890,44,3205,782,0.50322425365448,0,19
891,44,3205,235,0.5212416052818298,0,19
892,44,3205,1693,0.5043234825134277,0,19
893,44,3205,448,0.50213223695755,0,19
894,44,3205,1396,0.5022838115692139,0,19
895,44,3205,1307,0.5005481243133545,0,19
896,44,3205,1026,0.5018029808998108,0,19
897,44,3205,451,0.504211962223053,0,19
898,44,3205,1027,0.5012757182121277,0,19
899,44,3205,684,0.5003321170806885,0,19
900,45,16,1667,0.511344313621521,1,4
901,45,16,1676,0.5003469586372375,0,4
902,45,16,1855,0.5014386773109436,0,4
903,45,16,1104,0.5309685468673706,0,4
904,45,16,767,0.4993458092212677,0,4
905,45,16,777,0.5037966370582581,0,4
906,45,16,127,0.5027556419372559,0,4
907,45,16,581,0.5030972361564636,0,4
908,45,16,878,0.49998313188552856,0,4
909,45,16,1312,0.5536597371101379,0,4
910,45,16,456,0.5045989155769348,0,4
911,45,16,1816,0.500335693359375,0,4
912,45,16,1835,0.5017039775848389,0,4
913,45,16,59,0.5101161599159241,0,4
914,45,16,1054,0.5021984577178955,0,4
915,45,16,1851,0.5033703446388245,0,4
916,45,16,1169,0.5035313963890076,0,4
917,45,16,529,0.5216508507728577,0,4
918,45,16,257,0.5051707625389099,0,4
919,45,16,1729,0.5017610788345337,0,4
920,46,54,471,0.5004763007164001,1,18
921,46,54,285,0.5041190385818481,0,18
922,46,54,122,0.512029230594635,0,18
923,46,54,973,0.5029852390289307,0,18
924,46,54,985,0.5072727799415588,0,18
925,46,54,1412,0.5012108087539673,0,18
926,46,54,1744,0.5044390559196472,0,18
927,46,54,1763,0.5003767609596252,0,18
928,46,54,1912,0.5013236999511719,0,18
929,46,54,280,0.5021393299102783,0,18
930,46,54,1811,0.5040733218193054,0,18
931,46,54,1737,0.5004678964614868,0,18
932,46,54,935,0.5017353296279907,0,18
933,46,54,1122,0.5065107345581055,0,18
934,46,54,1800,0.5019642114639282,0,18
935,46,54,498,0.5025990605354309,0,18
936,46,54,1873,0.5026490688323975,0,18
937,46,54,1167,0.504169762134552,0,18
938,46,54,809,0.5021142363548279,0,18
939,46,54,696,0.5029698014259338,0,18
940,47,3969,48,0.5012857913970947,1,4
941,47,3969,1708,0.5011221766471863,0,4
942,47,3969,774,0.5008717775344849,0,4
943,47,3969,930,0.5013748407363892,0,4
944,47,3969,2076,0.5007691383361816,0,4
945,47,3969,236,0.5007219910621643,0,4
946,47,3969,671,0.5006341338157654,0,4
947,47,3969,1514,0.5008280277252197,0,4
948,47,3969,1183,0.5006868839263916,0,4
949,47,3969,154,0.5010824203491211,0,4
950,47,3969,835,0.5007795095443726,0,4
951,47,3969,1518,0.5020791888237,0,4
952,47,3969,1182,0.5014379024505615,0,4
953,47,3969,507,0.5007362365722656,0,4
954,47,3969,1156,0.5010204315185547,0,4
955,47,3969,836,0.5011135935783386,0,4
956,47,3969,393,0.5007813572883606,0,4
957,47,3969,1490,0.500832200050354,0,4
958,47,3969,70,0.5007535219192505,0,4
959,47,3969,1734,0.5009515881538391,0,4
960,48,3224,885,0.5024681687355042,1,16
961,48,3224,692,0.5034976601600647,0,16
962,48,3224,1175,0.5033496022224426,0,16
963,48,3224,772,0.49970537424087524,0,16
964,48,3224,1027,0.5027052164077759,0,16
965,48,3224,398,0.5290849208831787,0,16
966,48,3224,507,0.499345988035202,0,16
967,48,3224,1704,0.5017105340957642,0,16
968,48,3224,1999,0.5175874829292297,0,16
969,48,3224,1415,0.5041189193725586,0,16
970,48,3224,139,0.5130376815795898,0,16
971,48,3224,844,0.5032801032066345,0,16
972,48,3224,1239,0.5030177235603333,0,16
973,48,3224,2040,0.5032911896705627,0,16
974,48,3224,646,0.4998793303966522,0,16
975,48,3224,217,0.5033885836601257,0,16
976,48,3224,1440,0.5042105317115784,0,16
977,48,3224,1904,0.5053754448890686,0,16
978,48,3224,1167,0.507059633731842,0,16
979,48,3224,1426,0.5059254765510559,0,16
980,49,1567,1168,0.5140172839164734,1,5
981,49,1567,1392,0.5225522518157959,0,5
982,49,1567,829,0.5043336749076843,0,5
983,49,1567,1368,0.500072181224823,0,5
984,49,1567,1117,0.5038343071937561,0,5
985,49,1567,702,0.5294297337532043,0,5
986,49,1567,1946,0.5136355757713318,0,5
987,49,1567,198,0.5008854269981384,0,5
988,49,1567,1538,0.5016933083534241,0,5
989,49,1567,728,0.5045232772827148,0,5
990,49,1567,1874,0.5003458857536316,0,5
991,49,1567,1405,0.5345984101295471,0,5
992,49,1567,835,0.5001688003540039,0,5
993,49,1567,1112,0.5067671537399292,0,5
994,49,1567,815,0.5018940567970276,0,5
995,49,1567,446,0.4996947646141052,0,5
996,49,1567,1020,0.5092893838882446,0,5
997,49,1567,1561,0.5298585891723633,0,5
998,49,1567,1453,0.5019701719284058,0,5
999,49,1567,1127,0.4999031722545624,0,5
1000,50,3919,281,0.500845193862915,1,9
1001,50,3919,1419,0.500240683555603,0,9
1002,50,3919,608,0.5009239315986633,0,9
1003,50,3919,1293,0.5008480548858643,0,9
1004,50,3919,656,0.500763475894928,0,9
1005,50,3919,740,0.5007861256599426,0,9
1006,50,3919,1602,0.5009027719497681,0,9
1007,50,3919,977,0.501042366027832,0,9
1008,50,3919,1191,0.5007312893867493,0,9
1009,50,3919,1972,0.5008480548858643,0,9
1010,50,3919,1355,0.5006682276725769,0,9
1011,50,3919,100,0.5006051063537598,0,9
1012,50,3919,1934,0.5008689761161804,0,9
1013,50,3919,439,0.5010615587234497,0,9
1014,50,3919,1736,0.5007683038711548,0,9
1015,50,3919,857,0.500738799571991,0,9
1016,50,3919,834,0.5004759430885315,0,9
1017,50,3919,810,0.5007754564285278,0,9
1018,50,3919,939,0.5007755756378174,0,9
1019,50,3919,2060,0.5009597539901733,0,9
1020,51,178,1203,0.5071974396705627,1,5
1021,51,178,1862,0.5056697726249695,0,5
1022,51,178,708,0.5040796399116516,0,5
1023,51,178,722,0.5022478103637695,0,5
1024,51,178,974,0.5016014575958252,0,5
1025,51,178,213,0.5307867527008057,0,5
1026,51,178,94,0.513734757900238,0,5
1027,51,178,1064,0.5028660893440247,0,5
1028,51,178,743,0.5040633678436279,0,5
1029,51,178,385,0.5024560689926147,0,5
1030,51,178,1282,0.503135085105896,0,5
1031,51,178,1084,0.5016992092132568,0,5
1032,51,178,45,0.49941155314445496,0,5
1033,51,178,1758,0.4995339810848236,0,5
1034,51,178,1090,0.5024703741073608,0,5
1035,51,178,2007,0.4996263086795807,0,5
1036,51,178,1878,0.5103359818458557,0,5
1037,51,178,1182,0.5157308578491211,0,5
1038,51,178,764,0.501936674118042,0,5
1039,51,178,1769,0.5005767345428467,0,5
1040,52,420,499,0.5044647455215454,1,10
1041,52,420,128,0.49932029843330383,0,10
1042,52,420,1214,0.5261198282241821,0,10
1043,52,420,330,0.5611733198165894,0,10
1044,52,420,1576,0.49968549609184265,0,10
1045,52,420,596,0.5096242427825928,0,10
1046,52,420,1787,0.5099640488624573,0,10
1047,52,420,2065,0.5075626969337463,0,10
1048,52,420,416,0.5081149339675903,0,10
1049,52,420,796,0.5027317404747009,0,10
1050,52,420,1696,0.5039141178131104,0,10
1051,52,420,1913,0.5134246945381165,0,10
1052,52,420,2044,0.5087547302246094,0,10
1053,52,420,1547,0.5130969285964966,0,10
1054,52,420,1849,0.5019421577453613,0,10
1055,52,420,1897,0.5042088627815247,0,10
1056,52,420,601,0.5001051425933838,0,10
1057,52,420,300,0.4996301233768463,0,10
1058,52,420,1595,0.5040993094444275,0,10
1059,52,420,915,0.5031101703643799,0,10
1060,53,1736,201,0.5004945993423462,1,16
1061,53,1736,402,0.5014724731445312,0,16
1062,53,1736,262,0.510104775428772,0,16
1063,53,1736,176,0.5029017329216003,0,16
1064,53,1736,244,0.5025405287742615,0,16
1065,53,1736,1397,0.5074643492698669,0,16
1066,53,1736,334,0.5015645027160645,0,16
1067,53,1736,1798,0.501347541809082,0,16
1068,53,1736,1176,0.5002134442329407,0,16
1069,53,1736,1679,0.5014336109161377,0,16
1070,53,1736,1867,0.5210962295532227,0,16
1071,53,1736,1645,0.5019537210464478,0,16
1072,53,1736,1784,0.5009876489639282,0,16
1073,53,1736,1145,0.5024338960647583,0,16
1074,53,1736,422,0.5016106367111206,0,16
1075,53,1736,354,0.5002200603485107,0,16
1076,53,1736,1387,0.5000914931297302,0,16
1077,53,1736,1376,0.5019824504852295,0,16
1078,53,1736,296,0.5003451108932495,0,16
1079,53,1736,535,0.5019484162330627,0,16
1080,54,2446,1111,0.5002124309539795,1,17
1081,54,2446,857,0.500302255153656,0,17
1082,54,2446,58,0.5014381408691406,0,17
1083,54,2446,950,0.49977004528045654,0,17
1084,54,2446,2040,0.501448392868042,0,17
1085,54,2446,839,0.5012936592102051,0,17
1086,54,2446,1857,0.5025372505187988,0,17
1087,54,2446,1436,0.5011760592460632,0,17
1088,54,2446,1400,0.5067839026451111,0,17
1089,54,2446,185,0.5044997334480286,0,17
1090,54,2446,335,0.5023308396339417,0,17
1091,54,2446,1806,0.6010887026786804,0,17
1092,54,2446,1484,0.5001492500305176,0,17
1093,54,2446,1804,0.5008925199508667,0,17
1094,54,2446,925,0.5002526044845581,0,17
1095,54,2446,1438,0.4998660385608673,0,17
1096,54,2446,1344,0.5015444159507751,0,17
1097,54,2446,1416,0.5085909366607666,0,17
1098,54,2446,1470,0.504547119140625,0,17
1099,54,2446,1323,0.5662870407104492,0,17
1100,55,3179,741,0.5020650029182434,1,11
1101,55,3179,1297,0.5017088651657104,0,11
1102,55,3179,1167,0.5039060115814209,0,11
1103,55,3179,2012,0.5020856261253357,0,11
1104,55,3179,1568,0.5005232691764832,0,11
1105,55,3179,1110,0.5061038136482239,0,11
1106,55,3179,1824,0.5000725388526917,0,11
1107,55,3179,492,0.5002720952033997,0,11
1108,55,3179,363,0.5004231929779053,0,11
1109,55,3179,688,0.5014559030532837,0,11
1110,55,3179,466,0.502472996711731,0,11
1111,55,3179,730,0.5021414756774902,0,11
1112,55,3179,1360,0.5019333958625793,0,11
1113,55,3179,1058,0.5046252608299255,0,11
1114,55,3179,151,0.5361323356628418,0,11
1115,55,3179,1553,0.502918541431427,0,11
1116,55,3179,841,0.526493489742279,0,11
1117,55,3179,754,0.5053840279579163,0,11
1118,55,3179,412,0.5008442401885986,0,11
1119,55,3179,1991,0.5018584728240967,0,11
1120,56,1368,873,0.5007652640342712,1,12
1121,56,1368,300,0.5007519125938416,0,12
1122,56,1368,489,0.5008695721626282,0,12
1123,56,1368,470,0.5007495880126953,0,12
1124,56,1368,642,0.5009888410568237,0,12
1125,56,1368,632,0.501049816608429,0,12
1126,56,1368,720,0.5007872581481934,0,12
1127,56,1368,518,0.5007248520851135,0,12
1128,56,1368,1770,0.5006404519081116,0,12
1129,56,1368,685,0.5009194016456604,0,12
1130,56,1368,253,0.5007045865058899,0,12
1131,56,1368,1563,0.5010693073272705,0,12
1132,56,1368,1775,0.5007736086845398,0,12
1133,56,1368,1525,0.5008439421653748,0,12
1134,56,1368,769,0.5010136961936951,0,12
1135,56,1368,1602,0.5009281635284424,0,12
1136,56,1368,1912,0.5008397698402405,0,12
1137,56,1368,795,0.5007538199424744,0,12
1138,56,1368,248,0.5006413459777832,0,12
1139,56,1368,1587,0.5007462501525879,0,12
1140,57,1327,1693,0.5127802491188049,1,7
1141,57,1327,314,0.499867707490921,0,7
1142,57,1327,1732,0.5129655599594116,0,7
1143,57,1327,736,0.5083857774734497,0,7
1144,57,1327,104,0.5720964670181274,0,7
1145,57,1327,135,0.508996307849884,0,7
1146,57,1327,1525,0.5495520234107971,0,7
1147,57,1327,383,0.5066324472427368,0,7
1148,57,1327,63,0.5037809610366821,0,7
1149,57,1327,1748,0.5060439109802246,0,7
1150,57,1327,728,0.5052542686462402,0,7
1151,57,1327,1728,0.5116419196128845,0,7
1152,57,1327,1565,0.5036380887031555,0,7
1153,57,1327,369,0.550794780254364,0,7
1154,57,1327,1027,0.5031185150146484,0,7
1155,57,1327,678,0.5025618672370911,0,7
1156,57,1327,278,0.4998756945133209,0,7
1157,57,1327,427,0.5430999994277954,0,7
1158,57,1327,968,0.5139763355255127,0,7
1159,57,1327,1721,0.5068270564079285,0,7
1160,58,1882,1997,0.5004955530166626,1,17
1161,58,1882,279,0.5005840063095093,0,17
1162,58,1882,636,0.5023287534713745,0,17
1163,58,1882,255,0.5035924315452576,0,17
1164,58,1882,973,0.502463698387146,0,17
1165,58,1882,1200,0.505135178565979,0,17
1166,58,1882,727,0.5000529885292053,0,17
1167,58,1882,1508,0.5037173628807068,0,17
1168,58,1882,1203,0.5043129920959473,0,17
1169,58,1882,650,0.5008701682090759,0,17
1170,58,1882,675,0.5017750263214111,0,17
1171,58,1882,475,0.5031479001045227,0,17
1172,58,1882,801,0.517829179763794,0,17
1173,58,1882,1919,0.5010395050048828,0,17
1174,58,1882,1845,0.5055732131004333,0,17
1175,58,1882,1903,0.5001518130302429,0,17
1176,58,1882,877,0.5010553002357483,0,17
1177,58,1882,1274,0.5020134449005127,0,17
1178,58,1882,89,0.5001922249794006,0,17
1179,58,1882,1445,0.5216889977455139,0,17
1180,59,3306,1455,0.5015934705734253,1,15
1181,59,3306,558,0.5000706315040588,0,15
1182,59,3306,1813,0.5066181421279907,0,15
1183,59,3306,1584,0.500798761844635,0,15
1184,59,3306,737,0.5001030564308167,0,15
1185,59,3306,1510,0.5025700926780701,0,15
1186,59,3306,1256,0.500339686870575,0,15
1187,59,3306,567,0.5143762230873108,0,15
1188,59,3306,1356,0.5027738213539124,0,15
1189,59,3306,1923,0.5066807866096497,0,15
1190,59,3306,1606,0.5001325011253357,0,15
1191,59,3306,1239,0.5021876096725464,0,15
1192,59,3306,1423,0.5469891428947449,0,15
1193,59,3306,322,0.502650797367096,0,15
1194,59,3306,1298,0.5050981044769287,0,15
1195,59,3306,1707,0.5106939077377319,0,15
1196,59,3306,1276,0.5023139715194702,0,15
1197,59,3306,1578,0.5459614992141724,0,15
1198,59,3306,967,0.5020997524261475,0,15
1199,59,3306,1339,0.5031716823577881,0,15
1200,60,2841,1768,0.5004419088363647,1,15
1201,60,2841,276,0.5012843012809753,0,15
1202,60,2841,701,0.5003475546836853,0,15
1203,60,2841,708,0.5024864077568054,0,15
1204,60,2841,1077,0.5022002458572388,0,15
1205,60,2841,864,0.5018125772476196,0,15
1206,60,2841,810,0.5002333521842957,0,15
1207,60,2841,170,0.5007647275924683,0,15
1208,60,2841,1112,0.5030850768089294,0,15
1209,60,2841,1847,0.5017294883728027,0,15
1210,60,2841,311,0.504844069480896,0,15
1211,60,2841,267,0.5001840591430664,0,15
1212,60,2841,367,0.5009665489196777,0,15
1213,60,2841,341,0.5002290606498718,0,15
1214,60,2841,491,0.49996888637542725,0,15
1215,60,2841,1831,0.5017061829566956,0,15
1216,60,2841,335,0.5028269290924072,0,15
1217,60,2841,1396,0.5018117427825928,0,15
1218,60,2841,248,0.5023856163024902,0,15
1219,60,2841,1156,0.5011765956878662,0,15
1220,61,508,173,0.5083363652229309,1,4
1221,61,508,438,0.503969132900238,0,4
1222,61,508,1403,0.5023674368858337,0,4
1223,61,508,758,0.5033502578735352,0,4
1224,61,508,241,0.5012511610984802,0,4
1225,61,508,1327,0.5079643130302429,0,4
1226,61,508,635,0.5024820566177368,0,4
1227,61,508,827,0.5009984970092773,0,4
1228,61,508,1393,0.5118305683135986,0,4
1229,61,508,41,0.5084623694419861,0,4
1230,61,508,384,0.5001600384712219,0,4
1231,61,508,1587,0.5003155469894409,0,4
1232,61,508,1583,0.5011849403381348,0,4
1233,61,508,283,0.5042418837547302,0,4
1234,61,508,1159,0.5035856366157532,0,4
1235,61,508,1103,0.5007009506225586,0,4
1236,61,508,1836,0.5107694268226624,0,4
1237,61,508,864,0.5027363896369934,0,4
1238,61,508,1292,0.5020337700843811,0,4
1239,61,508,675,0.5025143027305603,0,4
1240,62,3612,1346,0.5013932585716248,1,12
1241,62,3612,1235,0.501266598701477,0,12
1242,62,3612,1110,0.5049295425415039,0,12
1243,62,3612,398,0.5123622417449951,0,12
1244,62,3612,0,0.5013450980186462,0,12
1245,62,3612,723,0.5004741549491882,0,12
1246,62,3612,954,0.5025262236595154,0,12
1247,62,3612,2063,0.500352680683136,0,12
1248,62,3612,1619,0.5005179047584534,0,12
1249,62,3612,1741,0.5027645230293274,0,12
1250,62,3612,2044,0.503501832485199,0,12
1251,62,3612,2072,0.501468300819397,0,12
1252,62,3612,165,0.5011361837387085,0,12
1253,62,3612,679,0.5029877424240112,0,12
1254,62,3612,238,0.5069888830184937,0,12
1255,62,3612,800,0.5014879703521729,0,12
1256,62,3612,513,0.5034525990486145,0,12
1257,62,3612,1534,0.5002827048301697,0,12
1258,62,3612,1781,0.5024643540382385,0,12
1259,62,3612,1156,0.5013574957847595,0,12
1260,63,962,472,0.5061094164848328,1,4
1261,63,962,329,0.5002517104148865,0,4
1262,63,962,1551,0.501344621181488,0,4
1263,63,962,1494,0.5040478110313416,0,4
1264,63,962,1731,0.5021982192993164,0,4
1265,63,962,971,0.5000881552696228,0,4
1266,63,962,10,0.5122725367546082,0,4
1267,63,962,163,0.5016046166419983,0,4
1268,63,962,1216,0.5039387345314026,0,4
1269,63,962,745,0.5081681609153748,0,4
1270,63,962,584,0.5013046860694885,0,4
1271,63,962,620,0.5001645088195801,0,4
1272,63,962,749,0.5028066039085388,0,4
1273,63,962,412,0.5005524158477783,0,4
1274,63,962,305,0.503143310546875,0,4
1275,63,962,69,0.500200092792511,0,4
1276,63,962,380,0.5001811385154724,0,4
1277,63,962,542,0.5032793283462524,0,4
1278,63,962,1536,0.5207869410514832,0,4
1279,63,962,64,0.5015749931335449,0,4
1280,64,3637,1695,0.5003466606140137,1,19
1281,64,3637,1916,0.5002853274345398,0,19
1282,64,3637,208,0.50688636302948,0,19
1283,64,3637,1272,0.505072295665741,0,19
1284,64,3637,1980,0.5034722685813904,0,19
1285,64,3637,52,0.5009716153144836,0,19
1286,64,3637,847,0.502456784248352,0,19
1287,64,3637,1135,0.5018397569656372,0,19
1288,64,3637,225,0.5025408864021301,0,19
1289,64,3637,617,0.5003485083580017,0,19
1290,64,3637,1155,0.5021659135818481,0,19
1291,64,3637,398,0.510117769241333,0,19
1292,64,3637,552,0.5042708516120911,0,19
1293,64,3637,1889,0.5025290250778198,0,19
1294,64,3637,1428,0.5029661655426025,0,19
1295,64,3637,483,0.5061841011047363,0,19
1296,64,3637,1727,0.5008963346481323,0,19
1297,64,3637,515,0.5004270076751709,0,19
1298,64,3637,1862,0.5029122829437256,0,19
1299,64,3637,102,0.5015958547592163,0,19
1300,65,3432,572,0.5170350074768066,1,2
1301,65,3432,1088,0.5085099339485168,0,2
1302,65,3432,488,0.5020632743835449,0,2
1303,65,3432,2003,0.5006148219108582,0,2
1304,65,3432,972,0.5024964213371277,0,2
1305,65,3432,1744,0.5044353008270264,0,2
1306,65,3432,836,0.508006751537323,0,2
1307,65,3432,283,0.503501296043396,0,2
1308,65,3432,248,0.5032431483268738,0,2
1309,65,3432,31,0.5012998580932617,0,2
1310,65,3432,1715,0.5031615495681763,0,2
1311,65,3432,206,0.5056622624397278,0,2
1312,65,3432,1009,0.502068817615509,0,2
1313,65,3432,1484,0.500426173210144,0,2
1314,65,3432,1838,0.5030073523521423,0,2
1315,65,3432,641,0.502307653427124,0,2
1316,65,3432,96,0.5015817880630493,0,2
1317,65,3432,369,0.5178256034851074,0,2
1318,65,3432,994,0.5008461475372314,0,2
1319,65,3432,1145,0.5028138160705566,0,2
1320,66,3021,1751,0.5001015067100525,1,18
1321,66,3021,258,0.509570300579071,0,18
1322,66,3021,1348,0.5045292377471924,0,18
1323,66,3021,1409,0.5002378821372986,0,18
1324,66,3021,2054,0.5012871623039246,0,18
1325,66,3021,1416,0.507754385471344,0,18
1326,66,3021,480,0.50019371509552,0,18
1327,66,3021,1519,0.542637825012207,0,18
1328,66,3021,1717,0.5000897645950317,0,18
1329,66,3021,639,0.5044676065444946,0,18
1330,66,3021,1900,0.5047898888587952,0,18
1331,66,3021,326,0.49985411763191223,0,18
1332,66,3021,2070,0.500883936882019,0,18
1333,66,3021,1224,0.5115782022476196,0,18
1334,66,3021,286,0.5007891654968262,0,18
1335,66,3021,1651,0.5010773539543152,0,18
1336,66,3021,1155,0.5030637979507446,0,18
1337,66,3021,1523,0.5024223923683167,0,18
1338,66,3021,2031,0.501878559589386,0,18
1339,66,3021,718,0.5047839283943176,0,18
1340,67,2524,1521,0.5125806331634521,1,2
1341,67,2524,920,0.5054804682731628,0,2
1342,67,2524,518,0.5017308592796326,0,2
1343,67,2524,2054,0.5011011362075806,0,2
1344,67,2524,85,0.5022096037864685,0,2
1345,67,2524,2073,0.5366693735122681,0,2
1346,67,2524,1334,0.502883791923523,0,2
1347,67,2524,1937,0.5018242001533508,0,2
1348,67,2524,1909,0.5017817616462708,0,2
1349,67,2524,1461,0.5028266310691833,0,2
1350,67,2524,1003,0.5006370544433594,0,2
1351,67,2524,2000,0.5035830140113831,0,2
1352,67,2524,1958,0.5017883777618408,0,2
1353,67,2524,782,0.5037326216697693,0,2
1354,67,2524,1382,0.5030564665794373,0,2
1355,67,2524,593,0.5003997683525085,0,2
1356,67,2524,1055,0.5078539848327637,0,2
1357,67,2524,1105,0.5005781054496765,0,2
1358,67,2524,459,0.5003246068954468,0,2
1359,67,2524,796,0.5019518136978149,0,2
1360,68,4025,128,0.5004914402961731,1,20
1361,68,4025,1362,0.5017415285110474,0,20
1362,68,4025,2048,0.5008737444877625,0,20
1363,68,4025,76,0.5014410018920898,0,20
1364,68,4025,1743,0.5014742612838745,0,20
1365,68,4025,1618,0.5017223358154297,0,20
1366,68,4025,1965,0.5040416121482849,0,20
1367,68,4025,80,0.5019509196281433,0,20
1368,68,4025,1945,0.5005438923835754,0,20
1369,68,4025,703,0.5011764764785767,0,20
1370,68,4025,1020,0.5030785799026489,0,20
1371,68,4025,1671,0.5095803141593933,0,20
1372,68,4025,1887,0.5013279914855957,0,20
1373,68,4025,620,0.500780463218689,0,20
1374,68,4025,1726,0.5015182495117188,0,20
1375,68,4025,1398,0.5014559626579285,0,20
1376,68,4025,1347,0.5046178698539734,0,20
1377,68,4025,2001,0.5006680488586426,0,20
1378,68,4025,963,0.5018758773803711,0,20
1379,68,4025,490,0.5016934871673584,0,20
1380,69,3326,1639,0.5055516362190247,1,3
1381,69,3326,541,0.5072739124298096,0,3
1382,69,3326,1820,0.5021093487739563,0,3
1383,69,3326,1478,0.5034681558609009,0,3
1384,69,3326,227,0.4998365044593811,0,3
1385,69,3326,1431,0.5026122331619263,0,3
1386,69,3326,1733,0.5021477937698364,0,3
1387,69,3326,355,0.49994218349456787,0,3
1388,69,3326,733,0.5054639577865601,0,3
1389,69,3326,1900,0.5067663788795471,0,3
1390,69,3326,1626,0.5031498074531555,0,3
1391,69,3326,936,0.505090594291687,0,3
1392,69,3326,821,0.4999393820762634,0,3
1393,69,3326,96,0.5016347169876099,0,3
1394,69,3326,1575,0.5042091608047485,0,3
1395,69,3326,137,0.5022701025009155,0,3
1396,69,3326,218,0.5054636001586914,0,3
1397,69,3326,2000,0.5049371719360352,0,3
1398,69,3326,890,0.5021179914474487,0,3
1399,69,3326,69,0.4995495676994324,0,3
1400,70,155,467,0.5001172423362732,1,18
1401,70,155,155,0.5013386607170105,0,18
1402,70,155,1846,0.507472813129425,0,18
1403,70,155,2039,0.5071454644203186,0,18
1404,70,155,2001,0.49977704882621765,0,18
1405,70,155,724,0.5015185475349426,0,18
1406,70,155,692,0.5016660690307617,0,18
1407,70,155,1369,0.5038349032402039,0,18
1408,70,155,313,0.49999094009399414,0,18
1409,70,155,1999,0.5093014240264893,0,18
1410,70,155,877,0.5006703734397888,0,18
1411,70,155,1310,0.5088905692100525,0,18
1412,70,155,560,0.500706136226654,0,18
1413,70,155,1172,0.5003777742385864,0,18
1414,70,155,1181,0.5010665655136108,0,18
1415,70,155,820,0.5013373494148254,0,18
1416,70,155,1501,0.5006181597709656,0,18
1417,70,155,1026,0.5011531710624695,0,18
1418,70,155,1186,0.5002023577690125,0,18
1419,70,155,502,0.5008513927459717,0,18
1420,71,578,1466,0.5041040778160095,1,10
1421,71,578,73,0.5020087361335754,0,10
1422,71,578,719,0.5442727208137512,0,10
1423,71,578,1025,0.5050161480903625,0,10
1424,71,578,1350,0.5016744136810303,0,10
1425,71,578,1891,0.5157598853111267,0,10
1426,71,578,1,0.5019650459289551,0,10
1427,71,578,949,0.49973294138908386,0,10
1428,71,578,1574,0.5035494565963745,0,10
1429,71,578,1873,0.5044567584991455,0,10
1430,71,578,2079,0.5022197365760803,0,10
1431,71,578,1930,0.5021880269050598,0,10
1432,71,578,490,0.5058367252349854,0,10
1433,71,578,1505,0.5003986954689026,0,10
1434,71,578,927,0.506840169429779,0,10
1435,71,578,386,0.5000163316726685,0,10
1436,71,578,967,0.5039976835250854,0,10
1437,71,578,82,0.5081000924110413,0,10
1438,71,578,1708,0.5075972080230713,0,10
1439,71,578,1231,0.5249754190444946,0,10
1440,72,1315,369,0.5342718958854675,1,1
1441,72,1315,405,0.5037974715232849,0,1
1442,72,1315,1266,0.5020524263381958,0,1
1443,72,1315,1697,0.5017820000648499,0,1
1444,72,1315,1101,0.5035998225212097,0,1
1445,72,1315,1161,0.4997868239879608,0,1
1446,72,1315,967,0.5022120475769043,0,1
1447,72,1315,555,0.500569224357605,0,1
1448,72,1315,1364,0.5081493854522705,0,1
1449,72,1315,1277,0.5127399563789368,0,1
1450,72,1315,1369,0.5048901438713074,0,1
1451,72,1315,1288,0.504321813583374,0,1
1452,72,1315,522,0.5020836591720581,0,1
1453,72,1315,577,0.4990385174751282,0,1
1454,72,1315,1011,0.5186706781387329,0,1
1455,72,1315,373,0.5057716369628906,0,1
1456,72,1315,1137,0.5147751569747925,0,1
1457,72,1315,1579,0.5110540390014648,0,1
1458,72,1315,334,0.5018406510353088,0,1
1459,72,1315,1432,0.5019322633743286,0,1
1460,73,4178,166,0.5007793307304382,1,14
1461,73,4178,230,0.5006447434425354,0,14
1462,73,4178,293,0.5009505748748779,0,14
1463,73,4178,1572,0.5009604692459106,0,14
1464,73,4178,680,0.5007350444793701,0,14
1465,73,4178,1843,0.5009831190109253,0,14
1466,73,4178,1140,0.5008098483085632,0,14
1467,73,4178,1814,0.5007644891738892,0,14
1468,73,4178,992,0.5008314847946167,0,14
1469,73,4178,1350,0.5008504390716553,0,14
1470,73,4178,1745,0.5008659362792969,0,14
1471,73,4178,684,0.500797688961029,0,14
1472,73,4178,1489,0.5008721947669983,0,14
1473,73,4178,1689,0.5008507966995239,0,14
1474,73,4178,416,0.5005350112915039,0,14
1475,73,4178,503,0.5007957220077515,0,14
1476,73,4178,1469,0.5008822679519653,0,14
1477,73,4178,1093,0.5007660388946533,0,14
1478,73,4178,699,0.5001806020736694,0,14
1479,73,4178,134,0.5008621215820312,0,14
1480,74,2341,2036,0.5080550312995911,1,3
1481,74,2341,980,0.5178951025009155,0,3
1482,74,2341,1883,0.5013495087623596,0,3
1483,74,2341,393,0.5014855861663818,0,3
1484,74,2341,831,0.5054842829704285,0,3
1485,74,2341,306,0.5012943148612976,0,3
1486,74,2341,1701,0.5003937482833862,0,3
1487,74,2341,1574,0.5017045736312866,0,3
1488,74,2341,1387,0.5002540946006775,0,3
1489,74,2341,373,0.5030303597450256,0,3
1490,74,2341,1976,0.5041640400886536,0,3
1491,74,2341,2,0.5002259612083435,0,3
1492,74,2341,1841,0.5003007650375366,0,3
1493,74,2341,1353,0.5034890174865723,0,3
1494,74,2341,1643,0.5385450124740601,0,3
1495,74,2341,1369,0.5028661489486694,0,3
1496,74,2341,433,0.507925808429718,0,3
1497,74,2341,1918,0.5028904676437378,0,3
1498,74,2341,1068,0.5018467307090759,0,3
1499,74,2341,564,0.5023022890090942,0,3
1500,75,3788,1625,0.5004151463508606,1,18
1501,75,3788,565,0.5028926134109497,0,18
1502,75,3788,248,0.502643883228302,0,18
1503,75,3788,1363,0.5039439797401428,0,18
1504,75,3788,318,0.5046202540397644,0,18
1505,75,3788,371,0.5005171895027161,0,18
1506,75,3788,67,0.5047714710235596,0,18
1507,75,3788,18,0.5019643902778625,0,18
1508,75,3788,1701,0.500330924987793,0,18
1509,75,3788,1648,0.5007674694061279,0,18
1510,75,3788,1831,0.5019187927246094,0,18
1511,75,3788,1886,0.503781259059906,0,18
1512,75,3788,123,0.5088223218917847,0,18
1513,75,3788,1197,0.5041400194168091,0,18
1514,75,3788,746,0.5014728307723999,0,18
1515,75,3788,1068,0.5022203326225281,0,18
1516,75,3788,1086,0.5020838975906372,0,18
1517,75,3788,962,0.5208048820495605,0,18
1518,75,3788,2059,0.5003912448883057,0,18
1519,75,3788,113,0.5032351613044739,0,18
1520,76,1964,992,0.5047114491462708,1,9
1521,76,1964,1315,0.5001133680343628,0,9
1522,76,1964,662,0.501708447933197,0,9
1523,76,1964,1134,0.5138071775436401,0,9
1524,76,1964,1113,0.502117931842804,0,9
1525,76,1964,1320,0.5051582455635071,0,9
1526,76,1964,1844,0.5485735535621643,0,9
1527,76,1964,1326,0.5048476457595825,0,9
1528,76,1964,1465,0.5053486227989197,0,9
1529,76,1964,85,0.5021399259567261,0,9
1530,76,1964,653,0.5001611709594727,0,9
1531,76,1964,1653,0.5015558004379272,0,9
1532,76,1964,864,0.5029622912406921,0,9
1533,76,1964,1060,0.5038210153579712,0,9
1534,76,1964,1001,0.5001714825630188,0,9
1535,76,1964,624,0.5274525284767151,0,9
1536,76,1964,798,0.5036084055900574,0,9
1537,76,1964,980,0.5310983657836914,0,9
1538,76,1964,20,0.5093199014663696,0,9
1539,76,1964,952,0.5018934607505798,0,9
1540,77,3664,1409,0.5007942318916321,1,15
1541,77,3664,1640,0.5006163120269775,0,15
1542,77,3664,1745,0.500802218914032,0,15
1543,77,3664,1301,0.5009371042251587,0,15
1544,77,3664,888,0.5007124543190002,0,15
1545,77,3664,168,0.500891923904419,0,15
1546,77,3664,1175,0.5010301470756531,0,15
1547,77,3664,786,0.5009083151817322,0,15
1548,77,3664,367,0.5008414387702942,0,15
1549,77,3664,702,0.5014422535896301,0,15
1550,77,3664,18,0.5008219480514526,0,15
1551,77,3664,1085,0.5008108019828796,0,15
1552,77,3664,805,0.5007858276367188,0,15
1553,77,3664,203,0.5008414387702942,0,15
1554,77,3664,375,0.5011534690856934,0,15
1555,77,3664,82,0.5009113550186157,0,15
1556,77,3664,1177,0.5006776452064514,0,15
1557,77,3664,1911,0.5008519291877747,0,15
1558,77,3664,1591,0.5008851885795593,0,15
1559,77,3664,248,0.5007904171943665,0,15
1560,78,910,357,0.5023624897003174,1,12
1561,78,910,1870,0.5016151070594788,0,12
1562,78,910,861,0.5122079849243164,0,12
1563,78,910,734,0.5024899840354919,0,12
1564,78,910,532,0.5012909770011902,0,12
1565,78,910,527,0.5017179846763611,0,12
1566,78,910,1034,0.5046547651290894,0,12
1567,78,910,2076,0.5023518800735474,0,12
1568,78,910,1170,0.5095784664154053,0,12
1569,78,910,1556,0.5012804865837097,0,12
1570,78,910,619,0.5025111436843872,0,12
1571,78,910,1771,0.5013092160224915,0,12
1572,78,910,1298,0.5028247833251953,0,12
1573,78,910,1985,0.5064782500267029,0,12
1574,78,910,739,0.5046077966690063,0,12
1575,78,910,32,0.5028523206710815,0,12
1576,78,910,468,0.5026293396949768,0,12
1577,78,910,847,0.5034002065658569,0,12
1578,78,910,456,0.5020405650138855,0,12
1579,78,910,35,0.5016891956329346,0,12
1580,79,121,766,0.5000449419021606,1,18
1581,79,121,1493,0.5176347494125366,0,18
1582,79,121,1559,0.5488239526748657,0,18
1583,79,121,322,0.5034751296043396,0,18
1584,79,121,436,0.6395488381385803,0,18
1585,79,121,310,0.5042336583137512,0,18
1586,79,121,816,0.5068376660346985,0,18
1587,79,121,642,0.5020816326141357,0,18
1588,79,121,1125,0.5027408003807068,0,18
1589,79,121,581,0.5039449334144592,0,18
1590,79,121,1528,0.5138826966285706,0,18
1591,79,121,683,0.5042761564254761,0,18
1592,79,121,1505,0.49946650862693787,0,18
1593,79,121,871,0.5034337639808655,0,18
1594,79,121,1444,0.5101984739303589,0,18
1595,79,121,1695,0.49906933307647705,0,18
1596,79,121,2068,0.5681402683258057,0,18
1597,79,121,960,0.5155578255653381,0,18
1598,79,121,844,0.5028483867645264,0,18
1599,79,121,1334,0.5058116912841797,0,18
1600,80,3377,198,0.5009379982948303,1,14
1601,80,3377,1668,0.5031368732452393,0,14
1602,80,3377,232,0.5001301169395447,0,14
1603,80,3377,295,0.500130295753479,0,14
1604,80,3377,1562,0.5016618371009827,0,14
1605,80,3377,732,0.5001950860023499,0,14
1606,80,3377,4,0.5013388991355896,0,14
1607,80,3377,1886,0.5048419237136841,0,14
1608,80,3377,519,0.5010614991188049,0,14
1609,80,3377,187,0.5029634237289429,0,14
1610,80,3377,119,0.500292956829071,0,14
1611,80,3377,849,0.5015314221382141,0,14
1612,80,3377,1663,0.5160274505615234,0,14
1613,80,3377,1331,0.49991175532341003,0,14
1614,80,3377,1696,0.5024366974830627,0,14
1615,80,3377,758,0.5024219751358032,0,14
1616,80,3377,296,0.500167965888977,0,14
1617,80,3377,217,0.502795398235321,0,14
1618,80,3377,1689,0.5243526101112366,0,14
1619,80,3377,1080,0.5022138953208923,0,14
1620,81,3120,932,0.5066726207733154,1,4
1621,81,3120,1600,0.5028477907180786,0,4
1622,81,3120,954,0.5031746029853821,0,4
1623,81,3120,968,0.5055717825889587,0,4
1624,81,3120,1877,0.5909155607223511,0,4
1625,81,3120,449,0.5033767819404602,0,4
1626,81,3120,1982,0.5011963248252869,0,4
1627,81,3120,916,0.5022088289260864,0,4
1628,81,3120,1839,0.5019594430923462,0,4
1629,81,3120,1528,0.5044233202934265,0,4
1630,81,3120,1050,0.5039396286010742,0,4
1631,81,3120,1555,0.5017218589782715,0,4
1632,81,3120,996,0.5032758116722107,0,4
1633,81,3120,1630,0.5103532075881958,0,4
1634,81,3120,1796,0.5040032267570496,0,4
1635,81,3120,1421,0.5020725131034851,0,4
1636,81,3120,223,0.5029971599578857,0,4
1637,81,3120,182,0.5059848427772522,0,4
1638,81,3120,927,0.5021297335624695,0,4
1639,81,3120,258,0.5075337886810303,0,4
1640,82,895,90,0.502433717250824,1,4
1641,82,895,1235,0.5016939640045166,0,4
1642,82,895,1911,0.5045812129974365,0,4
1643,82,895,28,0.5002161264419556,0,4
1644,82,895,672,0.5003740191459656,0,4
1645,82,895,569,0.5014100074768066,0,4
1646,82,895,1167,0.5032583475112915,0,4
1647,82,895,198,0.5009268522262573,0,4
1648,82,895,1696,0.5018451809883118,0,4
1649,82,895,804,0.5017235279083252,0,4
1650,82,895,1158,0.5026285648345947,0,4
1651,82,895,1653,0.5013494491577148,0,4
1652,82,895,1389,0.5003923177719116,0,4
1653,82,895,363,0.5004343390464783,0,4
1654,82,895,1366,0.5019848942756653,0,4
1655,82,895,2012,0.501433789730072,0,4
1656,82,895,1817,0.5004342794418335,0,4
1657,82,895,499,0.5020913481712341,0,4
1658,82,895,1342,0.501816987991333,0,4
1659,82,895,317,0.5017324090003967,0,4
1660,83,2104,1712,0.5434136390686035,1,3
1661,83,2104,1579,0.5147308111190796,0,3
1662,83,2104,1008,0.5060945749282837,0,3
1663,83,2104,32,0.5061742067337036,0,3
1664,83,2104,674,0.4996715486049652,0,3
1665,83,2104,1769,0.5003344416618347,0,3
1666,83,2104,1019,0.5319364070892334,0,3
1667,83,2104,1409,0.4994214177131653,0,3
1668,83,2104,326,0.49813419580459595,0,3
1669,83,2104,1396,0.5050426125526428,0,3
1670,83,2104,497,0.5079450011253357,0,3
1671,83,2104,1391,0.5017595291137695,0,3
1672,83,2104,1723,0.5438304543495178,0,3
1673,83,2104,1156,0.5022099018096924,0,3
1674,83,2104,63,0.503219485282898,0,3
1675,83,2104,488,0.5027721524238586,0,3
1676,83,2104,535,0.505622148513794,0,3
1677,83,2104,1499,0.5053781270980835,0,3
1678,83,2104,2004,0.5205518007278442,0,3
1679,83,2104,655,0.5576632618904114,0,3
1680,84,3321,1150,0.5060552358627319,1,5
1681,84,3321,1710,0.5067700147628784,0,5
1682,84,3321,615,0.5004799962043762,0,5
1683,84,3321,1384,0.5014376640319824,0,5
1684,84,3321,570,0.5021619200706482,0,5
1685,84,3321,713,0.5013279318809509,0,5
1686,84,3321,1559,0.5136445760726929,0,5
1687,84,3321,1635,0.5004238486289978,0,5
1688,84,3321,1342,0.5014995336532593,0,5
1689,84,3321,1490,0.5011737942695618,0,5
1690,84,3321,1095,0.5038352608680725,0,5
1691,84,3321,1115,0.5011860132217407,0,5
1692,84,3321,590,0.524948239326477,0,5
1693,84,3321,315,0.50352543592453,0,5
1694,84,3321,2074,0.5004415512084961,0,5
1695,84,3321,89,0.5005252361297607,0,5
1696,84,3321,431,0.5038999319076538,0,5
1697,84,3321,1601,0.5011224150657654,0,5
1698,84,3321,1105,0.5004462599754333,0,5
1699,84,3321,439,0.5124776363372803,0,5
1700,85,2315,669,0.5086999535560608,1,3
1701,85,2315,1078,0.5035218596458435,0,3
1702,85,2315,189,0.5061427354812622,0,3
1703,85,2315,612,0.499418705701828,0,3
1704,85,2315,1778,0.5013276934623718,0,3
1705,85,2315,2058,0.5024832487106323,0,3
1706,85,2315,247,0.49934151768684387,0,3
1707,85,2315,572,0.5494066476821899,0,3
1708,85,2315,1865,0.505777895450592,0,3
1709,85,2315,812,0.5023641586303711,0,3
1710,85,2315,274,0.5036008954048157,0,3
1711,85,2315,76,0.5016472935676575,0,3
1712,85,2315,1774,0.509895384311676,0,3
1713,85,2315,1015,0.5039823651313782,0,3
1714,85,2315,1317,0.5028120875358582,0,3
1715,85,2315,979,0.5071697235107422,0,3
1716,85,2315,662,0.5021886229515076,0,3
1717,85,2315,1563,0.5083022713661194,0,3
1718,85,2315,886,0.5045141577720642,0,3
1719,85,2315,1926,0.5040674805641174,0,3
1720,86,1055,1824,0.5001353621482849,1,19
1721,86,1055,2000,0.5041926503181458,0,19
1722,86,1055,1071,0.5031999945640564,0,19
1723,86,1055,684,0.5009565949440002,0,19
1724,86,1055,1953,0.5138373374938965,0,19
1725,86,1055,1651,0.5013725757598877,0,19
1726,86,1055,1079,0.5037155747413635,0,19
1727,86,1055,1616,0.5020866990089417,0,19
1728,86,1055,93,0.5024549961090088,0,19
1729,86,1055,988,0.5202983021736145,0,19
1730,86,1055,833,0.5033622980117798,0,19
1731,86,1055,1289,0.5021640658378601,0,19
1732,86,1055,1406,0.5000460743904114,0,19
1733,86,1055,311,0.5068097710609436,0,19
1734,86,1055,533,0.5135948657989502,0,19
1735,86,1055,872,0.5012282133102417,0,19
1736,86,1055,24,0.5028372406959534,0,19
1737,86,1055,631,0.5005118250846863,0,19
1738,86,1055,350,0.5028120875358582,0,19
1739,86,1055,402,0.5015721917152405,0,19
1740,87,709,21,0.5004762411117554,1,13
1741,87,709,1899,0.5032097101211548,0,13
1742,87,709,723,0.5003514289855957,0,13
1743,87,709,950,0.4996809661388397,0,13
1744,87,709,812,0.5023807287216187,0,13
1745,87,709,81,0.5012088418006897,0,13
1746,87,709,358,0.5031347870826721,0,13
1747,87,709,324,0.5004803538322449,0,13
1748,87,709,1466,0.5026322603225708,0,13
1749,87,709,1484,0.5002573132514954,0,13
1750,87,709,2015,0.5004262328147888,0,13
1751,87,709,1485,0.5002631545066833,0,13
1752,87,709,107,0.5045859217643738,0,13
1753,87,709,668,0.500316858291626,0,13
1754,87,709,841,0.5286276936531067,0,13
1755,87,709,831,0.5078734159469604,0,13
1756,87,709,1946,0.5094243884086609,0,13
1757,87,709,1875,0.49998849630355835,0,13
1758,87,709,42,0.5015361309051514,0,13
1759,87,709,204,0.5025972723960876,0,13
1760,88,504,596,0.5098450779914856,1,4
1761,88,504,295,0.4993588924407959,0,4
1762,88,504,456,0.505127489566803,0,4
1763,88,504,1050,0.5120236873626709,0,4
1764,88,504,1081,0.4999433755874634,0,4
1765,88,504,877,0.5012567639350891,0,4
1766,88,504,1728,0.5078058242797852,0,4
1767,88,504,882,0.5044601559638977,0,4
1768,88,504,151,0.571785569190979,0,4
1769,88,504,1369,0.506665825843811,0,4
1770,88,504,1420,0.5028096437454224,0,4
1771,88,504,260,0.4998880922794342,0,4
1772,88,504,1646,0.5051119327545166,0,4
1773,88,504,1029,0.5019646286964417,0,4
1774,88,504,631,0.49932488799095154,0,4
1775,88,504,1949,0.5127999782562256,0,4
1776,88,504,281,0.4991576671600342,0,4
1777,88,504,1482,0.5008436441421509,0,4
1778,88,504,30,0.4992883801460266,0,4
1779,88,504,749,0.5057535767555237,0,4
1780,89,3111,878,0.5009768605232239,1,17
1781,89,3111,915,0.5021777153015137,0,17
1782,89,3111,1568,0.5005415678024292,0,17
1783,89,3111,2031,0.5015626549720764,0,17
1784,89,3111,18,0.5013008713722229,0,17
1785,89,3111,112,0.5058345198631287,0,17
1786,89,3111,1159,0.5029013156890869,0,17
1787,89,3111,1240,0.5016413331031799,0,17
1788,89,3111,1468,0.5017503499984741,0,17
1789,89,3111,1662,0.501261830329895,0,17
1790,89,3111,852,0.5037403702735901,0,17
1791,89,3111,873,0.5004326701164246,0,17
1792,89,3111,1706,0.5004643797874451,0,17
1793,89,3111,752,0.5017001032829285,0,17
1794,89,3111,942,0.5051668286323547,0,17
1795,89,3111,1391,0.5011449456214905,0,17
1796,89,3111,1828,0.5150831341743469,0,17
1797,89,3111,570,0.5025447010993958,0,17
1798,89,3111,25,0.5014019012451172,0,17
1799,89,3111,1915,0.5025191903114319,0,17
1800,90,3688,209,0.5007947087287903,1,15
1801,90,3688,1342,0.5009425282478333,0,15
1802,90,3688,1945,0.5006846189498901,0,15
1803,90,3688,903,0.5010338425636292,0,15
1804,90,3688,1691,0.5008320212364197,0,15
1805,90,3688,1658,0.503775417804718,0,15
1806,90,3688,1663,0.5010787844657898,0,15
1807,90,3688,1370,0.5011624693870544,0,15
1808,90,3688,1364,0.5009627342224121,0,15
1809,90,3688,1493,0.5009739398956299,0,15
1810,90,3688,1264,0.5008421540260315,0,15
1811,90,3688,99,0.5007816553115845,0,15
1812,90,3688,716,0.501031219959259,0,15
1813,90,3688,1256,0.5007096529006958,0,15
1814,90,3688,588,0.5007948279380798,0,15
1815,90,3688,565,0.5008406043052673,0,15
1816,90,3688,1452,0.5006973743438721,0,15
1817,90,3688,310,0.5009559392929077,0,15
1818,90,3688,1158,0.5009181499481201,0,15
1819,90,3688,2026,0.5005591511726379,0,15
1820,91,3791,1504,0.5006574988365173,1,15
1821,91,3791,1879,0.5020089149475098,0,15
1822,91,3791,486,0.5003274083137512,0,15
1823,91,3791,593,0.5004456639289856,0,15
1824,91,3791,55,0.508877158164978,0,15
1825,91,3791,1556,0.5010363459587097,0,15
1826,91,3791,474,0.5050405263900757,0,15
1827,91,3791,2008,0.5048288106918335,0,15
1828,91,3791,216,0.5009209513664246,0,15
1829,91,3791,491,0.5002157688140869,0,15
1830,91,3791,1448,0.5004327893257141,0,15
1831,91,3791,111,0.502748966217041,0,15
1832,91,3791,653,0.5003528594970703,0,15
1833,91,3791,1597,0.5048320889472961,0,15
1834,91,3791,1985,0.5048918128013611,0,15
1835,91,3791,734,0.5029911398887634,0,15
1836,91,3791,158,0.5026421546936035,0,15
1837,91,3791,2039,0.5059973001480103,0,15
1838,91,3791,1383,0.5023161172866821,0,15
1839,91,3791,926,0.5016814470291138,0,15
1840,92,1889,1161,0.5001700520515442,1,16
1841,92,1889,1894,0.5153965353965759,0,16
1842,92,1889,1310,0.5172967910766602,0,16
1843,92,1889,289,0.5022302865982056,0,16
1844,92,1889,1103,0.5001756548881531,0,16
1845,92,1889,136,0.5027807354927063,0,16
1846,92,1889,967,0.5034298896789551,0,16
1847,92,1889,307,0.5065233111381531,0,16
1848,92,1889,1087,0.50295090675354,0,16
1849,92,1889,1576,0.5001044869422913,0,16
1850,92,1889,886,0.5034836530685425,0,16
1851,92,1889,851,0.5035985112190247,0,16
1852,92,1889,1597,0.5109864473342896,0,16
1853,92,1889,569,0.5025226473808289,0,16
1854,92,1889,214,0.49974656105041504,0,16
1855,92,1889,1624,0.5001949667930603,0,16
1856,92,1889,824,0.5071536302566528,0,16
1857,92,1889,1613,0.5000260472297668,0,16
1858,92,1889,1646,0.5046099424362183,0,16
1859,92,1889,1452,0.4998398423194885,0,16
1860,93,3576,1962,0.4993368983268738,1,17
1861,93,3576,1826,0.5031182169914246,0,17
1862,93,3576,1717,0.49904993176460266,0,17
1863,93,3576,209,0.4992252588272095,0,17
1864,93,3576,101,0.6345866322517395,0,17
1865,93,3576,652,0.507445752620697,0,17
1866,93,3576,153,0.5210664868354797,0,17
1867,93,3576,1592,0.5071806907653809,0,17
1868,93,3576,93,0.501732349395752,0,17
1869,93,3576,1576,0.49941059947013855,0,17
1870,93,3576,689,0.5079802870750427,0,17
1871,93,3576,185,0.511087954044342,0,17
1872,93,3576,2019,0.5009190440177917,0,17
1873,93,3576,219,0.4989186227321625,0,17
1874,93,3576,1404,0.5022997260093689,0,17
1875,93,3576,1546,0.5043576955795288,0,17
1876,93,3576,1240,0.5039455890655518,0,17
1877,93,3576,250,0.5049946308135986,0,17
1878,93,3576,1665,0.5049769282341003,0,17
1879,93,3576,1643,0.6411128640174866,0,17
1880,94,1427,1973,0.4990575313568115,1,20
1881,94,1427,1666,0.5057669878005981,0,20
1882,94,1427,1694,0.528732180595398,0,20
1883,94,1427,354,0.4994923770427704,0,20
1884,94,1427,659,0.5105739235877991,0,20
1885,94,1427,831,0.5196922421455383,0,20
1886,94,1427,1410,0.503764808177948,0,20
1887,94,1427,1630,0.5324286818504333,0,20
1888,94,1427,1000,0.5201335549354553,0,20
1889,94,1427,574,0.5040661096572876,0,20
1890,94,1427,1002,0.5097410082817078,0,20
1891,94,1427,1810,0.5087952613830566,0,20
1892,94,1427,1658,0.741769552230835,0,20
1893,94,1427,199,0.526013195514679,0,20
1894,94,1427,1030,0.5038229823112488,0,20
1895,94,1427,1490,0.5028328895568848,0,20
1896,94,1427,56,0.5082756280899048,0,20
1897,94,1427,1890,0.5030955076217651,0,20
1898,94,1427,91,0.5167238116264343,0,20
1899,94,1427,1004,0.5112217664718628,0,20
1900,95,1163,482,0.512050211429596,1,1
1901,95,1163,129,0.5003968477249146,0,1
1902,95,1163,1269,0.502787172794342,0,1
1903,95,1163,536,0.5020838975906372,0,1
1904,95,1163,1880,0.5025640726089478,0,1
1905,95,1163,325,0.5084686875343323,0,1
1906,95,1163,1151,0.5012237429618835,0,1
1907,95,1163,1231,0.509395182132721,0,1
1908,95,1163,632,0.5027428865432739,0,1
1909,95,1163,928,0.501846969127655,0,1
1910,95,1163,205,0.5036556124687195,0,1
1911,95,1163,1302,0.5060859322547913,0,1
1912,95,1163,1753,0.5017215013504028,0,1
1913,95,1163,1732,0.5058849453926086,0,1
1914,95,1163,1682,0.50227290391922,0,1
1915,95,1163,1894,0.5094284415245056,0,1
1916,95,1163,1056,0.502130925655365,0,1
1917,95,1163,1928,0.5035911202430725,0,1
1918,95,1163,1457,0.503864049911499,0,1
1919,95,1163,1580,0.5048357248306274,0,1
1920,96,1846,1434,0.5038679838180542,1,4
1921,96,1846,263,0.5019363164901733,0,4
1922,96,1846,121,0.50290846824646,0,4
1923,96,1846,1949,0.5038470029830933,0,4
1924,96,1846,1842,0.5039599537849426,0,4
1925,96,1846,1825,0.5030203461647034,0,4
1926,96,1846,1447,0.5140759944915771,0,4
1927,96,1846,1535,0.5040684938430786,0,4
1928,96,1846,1040,0.5008012056350708,0,4
1929,96,1846,896,0.5028259754180908,0,4
1930,96,1846,843,0.500666618347168,0,4
1931,96,1846,1684,0.5034235119819641,0,4
1932,96,1846,1837,0.5026234984397888,0,4
1933,96,1846,351,0.5007008910179138,0,4
1934,96,1846,1369,0.5027357935905457,0,4
1935,96,1846,502,0.5012881755828857,0,4
1936,96,1846,1432,0.5012776851654053,0,4
1937,96,1846,35,0.5016315579414368,0,4
1938,96,1846,864,0.5023882985115051,0,4
1939,96,1846,250,0.5020284652709961,0,4
1940,97,2743,1677,0.5005247592926025,1,16
1941,97,2743,107,0.5052990913391113,0,16
1942,97,2743,1622,0.5051377415657043,0,16
1943,97,2743,1248,0.5060955882072449,0,16
1944,97,2743,82,0.50411456823349,0,16
1945,97,2743,1922,0.5022075772285461,0,16
1946,97,2743,1667,0.5090926885604858,0,16
1947,97,2743,1756,0.5001656413078308,0,16
1948,97,2743,1094,0.5023833513259888,0,16
1949,97,2743,1928,0.5039438605308533,0,16
1950,97,2743,464,0.5010889768600464,0,16
1951,97,2743,518,0.5022775530815125,0,16
1952,97,2743,116,0.5004351139068604,0,16
1953,97,2743,1190,0.5022534728050232,0,16
1954,97,2743,971,0.5002487301826477,0,16
1955,97,2743,1142,0.5039745569229126,0,16
1956,97,2743,625,0.5016645789146423,0,16
1957,97,2743,1510,0.5026671290397644,0,16
1958,97,2743,14,0.5052739381790161,0,16
1959,97,2743,351,0.5003457069396973,0,16
1960,98,4031,1506,0.5002480745315552,1,18
1961,98,4031,1947,0.5019269585609436,0,18
1962,98,4031,890,0.5013120174407959,0,18
1963,98,4031,746,0.501060426235199,0,18
1964,98,4031,719,0.5191442370414734,0,18
1965,98,4031,1075,0.4999527931213379,0,18
1966,98,4031,1402,0.5007951259613037,0,18
1967,98,4031,381,0.5020017027854919,0,18
1968,98,4031,1011,0.511359691619873,0,18
1969,98,4031,1379,0.5157620906829834,0,18
1970,98,4031,888,0.5064024329185486,0,18
1971,98,4031,1191,0.5003473162651062,0,18
1972,98,4031,1068,0.502128541469574,0,18
1973,98,4031,1391,0.5018004179000854,0,18
1974,98,4031,1229,0.5011159777641296,0,18
1975,98,4031,1,0.5013809204101562,0,18
1976,98,4031,578,0.5016452074050903,0,18
1977,98,4031,665,0.5000467896461487,0,18
1978,98,4031,1417,0.5003212094306946,0,18
1979,98,4031,1268,0.5060701370239258,0,18
1980,99,873,998,0.5051345229148865,1,7
1981,99,873,773,0.5020968914031982,0,7
1982,99,873,807,0.5019283890724182,0,7
1983,99,873,1935,0.5012361407279968,0,7
1984,99,873,769,0.5016538500785828,0,7
1985,99,873,1283,0.4996790587902069,0,7
1986,99,873,1303,0.5027859807014465,0,7
1987,99,873,70,0.5010913014411926,0,7
1988,99,873,101,0.5778630375862122,0,7
1989,99,873,562,0.5042824745178223,0,7
1990,99,873,1547,0.5092108249664307,0,7
1991,99,873,1799,0.5084168910980225,0,7
1992,99,873,711,0.5110151767730713,0,7
1993,99,873,404,0.5018795728683472,0,7
1994,99,873,333,0.5046356320381165,0,7
1995,99,873,1953,0.5161583423614502,0,7
1996,99,873,1635,0.4995746612548828,0,7
1997,99,873,1254,0.501434862613678,0,7
1998,99,873,441,0.5014297366142273,0,7
1999,99,873,1828,0.5285024642944336,0,7
2000,100,2956,1255,0.509587287902832,1,2
2001,100,2956,88,0.5020176768302917,0,2
2002,100,2956,1469,0.501866340637207,0,2
2003,100,2956,559,0.5053253769874573,0,2
2004,100,2956,392,0.5004207491874695,0,2
2005,100,2956,498,0.5032398700714111,0,2
2006,100,2956,937,0.5000708103179932,0,2
2007,100,2956,494,0.5029314160346985,0,2
2008,100,2956,1944,0.49994707107543945,0,2
2009,100,2956,1929,0.5057649612426758,0,2
2010,100,2956,218,0.5049654841423035,0,2
2011,100,2956,1680,0.5029436349868774,0,2
2012,100,2956,552,0.5071594715118408,0,2
2013,100,2956,1551,0.5012751817703247,0,2
2014,100,2956,4,0.5018649697303772,0,2
2015,100,2956,954,0.5036816000938416,0,2
2016,100,2956,1591,0.5011125802993774,0,2
2017,100,2956,159,0.5217927694320679,0,2
2018,100,2956,1408,0.5076844692230225,0,2
2019,100,2956,1733,0.5018849968910217,0,2
2020,101,1521,2017,0.5014894008636475,1,10
2021,101,1521,1930,0.5010549426078796,0,10
2022,101,1521,1338,0.5011157989501953,0,10
2023,101,1521,243,0.5010933876037598,0,10
2024,101,1521,1061,0.5015879273414612,0,10
2025,101,1521,1684,0.5047613978385925,0,10
2026,101,1521,1104,0.5144438743591309,0,10
2027,101,1521,381,0.5015257596969604,0,10
2028,101,1521,588,0.5000005960464478,0,10
2029,101,1521,1288,0.5023271441459656,0,10
2030,101,1521,1946,0.5059693455696106,0,10
2031,101,1521,84,0.501481831073761,0,10
2032,101,1521,850,0.5055881142616272,0,10
2033,101,1521,1059,0.5004479885101318,0,10
2034,101,1521,30,0.5000774264335632,0,10
2035,101,1521,830,0.5012454390525818,0,10
2036,101,1521,1721,0.5023921728134155,0,10
2037,101,1521,580,0.5016399025917053,0,10
2038,101,1521,1798,0.5014605522155762,0,10
2039,101,1521,928,0.5013214945793152,0,10
2040,102,2925,407,0.5006701350212097,1,14
2041,102,2925,905,0.5007644295692444,0,14
2042,102,2925,977,0.5010250210762024,0,14
2043,102,2925,76,0.5007911324501038,0,14
2044,102,2925,1901,0.5002591013908386,0,14
2045,102,2925,1361,0.5009901523590088,0,14
2046,102,2925,287,0.5006173253059387,0,14
2047,102,2925,1192,0.5007264018058777,0,14
2048,102,2925,684,0.5007094740867615,0,14
2049,102,2925,809,0.5005422830581665,0,14
2050,102,2925,321,0.5007911324501038,0,14
2051,102,2925,829,0.5006847381591797,0,14
2052,102,2925,654,0.5007809400558472,0,14
2053,102,2925,845,0.5006764531135559,0,14
2054,102,2925,1121,0.5006473660469055,0,14
2055,102,2925,198,0.5007779598236084,0,14
2056,102,2925,1809,0.5005467534065247,0,14
2057,102,2925,1522,0.5011062026023865,0,14
2058,102,2925,1704,0.500653088092804,0,14
2059,102,2925,183,0.5007211565971375,0,14
2060,103,2783,2010,0.5004507303237915,1,17
2061,103,2783,1276,0.5017518401145935,0,17
2062,103,2783,968,0.504622757434845,0,17
2063,103,2783,1759,0.5009269714355469,0,17
2064,103,2783,246,0.5012859106063843,0,17
2065,103,2783,1892,0.5006028413772583,0,17
2066,103,2783,1477,0.5003724694252014,0,17
2067,103,2783,1009,0.5023294687271118,0,17
2068,103,2783,1046,0.5012850761413574,0,17
2069,103,2783,710,0.5023397207260132,0,17
2070,103,2783,1131,0.5015056729316711,0,17
2071,103,2783,1655,0.5011315941810608,0,17
2072,103,2783,1861,0.5027113556861877,0,17
2073,103,2783,815,0.500913679599762,0,17
2074,103,2783,440,0.5017080903053284,0,17
2075,103,2783,1564,0.5085819959640503,0,17
2076,103,2783,2018,0.5003290772438049,0,17
2077,103,2783,272,0.5012273788452148,0,17
2078,103,2783,896,0.504004955291748,0,17
2079,103,2783,1619,0.500322699546814,0,17
2080,104,3955,331,0.50063157081604,1,20
2081,104,3955,79,0.5009892582893372,0,20
2082,104,3955,471,0.5006652474403381,0,20
2083,104,3955,607,0.5007551908493042,0,20
2084,104,3955,104,0.5028226375579834,0,20
2085,104,3955,323,0.5009089112281799,0,20
2086,104,3955,1404,0.5009785294532776,0,20
2087,104,3955,830,0.500871479511261,0,20
2088,104,3955,1206,0.5006591081619263,0,20
2089,104,3955,785,0.5008996725082397,0,20
2090,104,3955,923,0.5043359994888306,0,20
2091,104,3955,303,0.500919759273529,0,20
2092,104,3955,1498,0.5008682608604431,0,20
2093,104,3955,371,0.5006555914878845,0,20
2094,104,3955,329,0.500705897808075,0,20
2095,104,3955,2060,0.5012224912643433,0,20
2096,104,3955,1267,0.500878095626831,0,20
2097,104,3955,1301,0.5008770227432251,0,20
2098,104,3955,1000,0.5013296604156494,0,20
2099,104,3955,338,0.5008714199066162,0,20
2100,105,1234,1180,0.5081692337989807,1,4
2101,105,1234,1033,0.5027335286140442,0,4
2102,105,1234,1138,0.5014602541923523,0,4
2103,105,1234,1528,0.5086691975593567,0,4
2104,105,1234,222,0.5042058229446411,0,4
2105,105,1234,1653,0.5015537738800049,0,4
2106,105,1234,1769,0.500883162021637,0,4
2107,105,1234,736,0.5045405030250549,0,4
2108,105,1234,1690,0.5028706789016724,0,4
2109,105,1234,1703,0.6238829493522644,0,4
2110,105,1234,102,0.5020066499710083,0,4
2111,105,1234,1539,0.5023142695426941,0,4
2112,105,1234,244,0.5033156275749207,0,4
2113,105,1234,1912,0.5016217827796936,0,4
2114,105,1234,1943,0.5049396753311157,0,4
2115,105,1234,1675,0.5028233528137207,0,4
2116,105,1234,1250,0.5082635879516602,0,4
2117,105,1234,1249,0.5002084374427795,0,4
2118,105,1234,873,0.5002932548522949,0,4
2119,105,1234,1356,0.5030694007873535,0,4
2120,106,112,251,0.4998331665992737,1,20
2121,106,112,1985,0.5109080672264099,0,20
2122,106,112,266,0.5019983649253845,0,20
2123,106,112,1484,0.5002567172050476,0,20
2124,106,112,1537,0.5001108050346375,0,20
2125,106,112,326,0.49992138147354126,0,20
2126,106,112,1138,0.501682698726654,0,20
2127,106,112,2034,0.504429042339325,0,20
2128,106,112,713,0.5014740228652954,0,20
2129,106,112,593,0.5001725554466248,0,20
2130,106,112,1374,0.49993133544921875,0,20
2131,106,112,501,0.508611261844635,0,20
2132,106,112,1641,0.5069994926452637,0,20
2133,106,112,502,0.5013788938522339,0,20
2134,106,112,1960,0.5013611912727356,0,20
2135,106,112,240,0.5042957067489624,0,20
2136,106,112,447,0.5055036544799805,0,20
2137,106,112,589,0.500497043132782,0,20
2138,106,112,786,0.5011020302772522,0,20
2139,106,112,1836,0.5128283500671387,0,20
2140,107,3826,701,0.5007879137992859,1,13
2141,107,3826,421,0.5007244944572449,0,13
2142,107,3826,1382,0.5008657574653625,0,13
2143,107,3826,897,0.5007773637771606,0,13
2144,107,3826,1191,0.5007936954498291,0,13
2145,107,3826,1721,0.5011152029037476,0,13
2146,107,3826,433,0.5013707280158997,0,13
2147,107,3826,370,0.5008813738822937,0,13
2148,107,3826,635,0.5007809996604919,0,13
2149,107,3826,1889,0.5006810426712036,0,13
2150,107,3826,865,0.5008019208908081,0,13
2151,107,3826,776,0.5008801221847534,0,13
2152,107,3826,523,0.5017361640930176,0,13
2153,107,3826,1118,0.5007342100143433,0,13
2154,107,3826,551,0.5008963942527771,0,13
2155,107,3826,215,0.5010091662406921,0,13
2156,107,3826,684,0.5007196664810181,0,13
2157,107,3826,895,0.5007796287536621,0,13
2158,107,3826,928,0.5010727047920227,0,13
2159,107,3826,1058,0.5014023780822754,0,13
2160,108,4123,1701,0.5005815625190735,1,20
2161,108,4123,1471,0.50080806016922,0,20
2162,108,4123,1729,0.5010470151901245,0,20
2163,108,4123,883,0.5019184350967407,0,20
2164,108,4123,1482,0.5007818341255188,0,20
2165,108,4123,1424,0.5009893178939819,0,20
2166,108,4123,1062,0.5014337301254272,0,20
2167,108,4123,1107,0.5027007460594177,0,20
2168,108,4123,95,0.5013169050216675,0,20
2169,108,4123,52,0.5010214447975159,0,20
2170,108,4123,1114,0.5026026368141174,0,20
2171,108,4123,562,0.5013654232025146,0,20
2172,108,4123,1632,0.5146774649620056,0,20
2173,108,4123,1434,0.5018796920776367,0,20
2174,108,4123,805,0.5033978223800659,0,20
2175,108,4123,385,0.5010443329811096,0,20
2176,108,4123,1318,0.5008611679077148,0,20
2177,108,4123,1260,0.5009811520576477,0,20
2178,108,4123,66,0.5011310577392578,0,20
2179,108,4123,1575,0.5015012621879578,0,20
2180,109,208,275,0.49979761242866516,1,17
2181,109,208,1366,0.5028740167617798,0,17
2182,109,208,258,0.5138150453567505,0,17
2183,109,208,891,0.5072336792945862,0,17
2184,109,208,677,0.4997940957546234,0,17
2185,109,208,742,0.501800537109375,0,17
2186,109,208,389,0.5015212297439575,0,17
2187,109,208,1013,0.5067673325538635,0,17
2188,109,208,1533,0.501366138458252,0,17
2189,109,208,447,0.504227876663208,0,17
2190,109,208,24,0.5031206607818604,0,17
2191,109,208,1635,0.4998907148838043,0,17
2192,109,208,1508,0.5042833089828491,0,17
2193,109,208,909,0.5018852949142456,0,17
2194,109,208,1964,0.5020269751548767,0,17
2195,109,208,1778,0.5013313889503479,0,17
2196,109,208,1789,0.5053020715713501,0,17
2197,109,208,471,0.4996306002140045,0,17
2198,109,208,770,0.5002097487449646,0,17
2199,109,208,1604,0.49968892335891724,0,17
2200,110,3605,659,0.5022591352462769,1,6
2201,110,3605,1897,0.5014556646347046,0,6
2202,110,3605,169,0.5007732510566711,0,6
2203,110,3605,1256,0.5006206631660461,0,6
2204,110,3605,920,0.501830518245697,0,6
2205,110,3605,1189,0.501094400882721,0,6
2206,110,3605,1693,0.5022818446159363,0,6
2207,110,3605,3,0.5011666417121887,0,6
2208,110,3605,802,0.5011496543884277,0,6
2209,110,3605,1802,0.5040029287338257,0,6
2210,110,3605,151,0.5134220719337463,0,6
2211,110,3605,1878,0.5029130578041077,0,6
2212,110,3605,128,0.5005066990852356,0,6
2213,110,3605,543,0.5005691647529602,0,6
2214,110,3605,801,0.5078935623168945,0,6
2215,110,3605,1972,0.5015267729759216,0,6
2216,110,3605,285,0.501696765422821,0,6
2217,110,3605,989,0.5015174746513367,0,6
2218,110,3605,1512,0.5012983679771423,0,6
2219,110,3605,1571,0.501698911190033,0,6
2220,111,3667,1337,0.5007051825523376,1,19
2221,111,3667,102,0.5010469555854797,0,19
2222,111,3667,941,0.5009419322013855,0,19
2223,111,3667,767,0.5007764101028442,0,19
2224,111,3667,183,0.5009071230888367,0,19
2225,111,3667,571,0.5008431077003479,0,19
2226,111,3667,1746,0.5006371736526489,0,19
2227,111,3667,923,0.5024158954620361,0,19
2228,111,3667,1493,0.5008173584938049,0,19
2229,111,3667,51,0.5008392930030823,0,19
2230,111,3667,1190,0.5009143352508545,0,19
2231,111,3667,1075,0.5007376670837402,0,19
2232,111,3667,1760,0.5007829070091248,0,19
2233,111,3667,8,0.5010511875152588,0,19
2234,111,3667,983,0.5013929605484009,0,19
2235,111,3667,199,0.5012564659118652,0,19
2236,111,3667,419,0.5008487105369568,0,19
2237,111,3667,1679,0.500957190990448,0,19
2238,111,3667,1422,0.5008729100227356,0,19
2239,111,3667,430,0.500794529914856,0,19
2240,112,2844,1339,0.5019435286521912,1,6
2241,112,2844,1827,0.5006744861602783,0,6
2242,112,2844,547,0.5005899667739868,0,6
2243,112,2844,1873,0.5013882517814636,0,6
2244,112,2844,1126,0.5016921758651733,0,6
2245,112,2844,1091,0.5014534592628479,0,6
2246,112,2844,1281,0.5006147623062134,0,6
2247,112,2844,711,0.5038467645645142,0,6
2248,112,2844,1421,0.5021296739578247,0,6
2249,112,2844,953,0.5030359625816345,0,6
2250,112,2844,432,0.501518964767456,0,6
2251,112,2844,505,0.50099778175354,0,6
2252,112,2844,569,0.5011967420578003,0,6
2253,112,2844,280,0.5012922286987305,0,6
2254,112,2844,1950,0.5030644536018372,0,6
2255,112,2844,1864,0.5016669631004333,0,6
2256,112,2844,1520,0.5005835294723511,0,6
2257,112,2844,1153,0.5016981363296509,0,6
2258,112,2844,1293,0.5009559988975525,0,6
2259,112,2844,987,0.5028360486030579,0,6
2260,113,2578,232,0.5001593232154846,1,18
2261,113,2578,1696,0.5015133619308472,0,18
2262,113,2578,1202,0.5019683837890625,0,18
2263,113,2578,1362,0.5013978481292725,0,18
2264,113,2578,1030,0.5007336139678955,0,18
2265,113,2578,352,0.5018995404243469,0,18
2266,113,2578,373,0.5013889074325562,0,18
2267,113,2578,1263,0.5005872845649719,0,18
2268,113,2578,1025,0.5012167096138,0,18
2269,113,2578,516,0.5009515285491943,0,18
2270,113,2578,1364,0.5029736161231995,0,18
2271,113,2578,934,0.5020349621772766,0,18
2272,113,2578,1069,0.5000352263450623,0,18
2273,113,2578,576,0.5010443329811096,0,18
2274,113,2578,917,0.501244306564331,0,18
2275,113,2578,604,0.5000745058059692,0,18
2276,113,2578,1677,0.5002120733261108,0,18
2277,113,2578,462,0.5049828290939331,0,18
2278,113,2578,1273,0.504682183265686,0,18
2279,113,2578,1411,0.5031726360321045,0,18
2280,114,314,1310,0.5196266174316406,1,4
2281,114,314,94,0.5214484333992004,0,4
2282,114,314,1601,0.5011770129203796,0,4
2283,114,314,38,0.4999341368675232,0,4
2284,114,314,1744,0.5100928544998169,0,4
2285,114,314,633,0.5413647294044495,0,4
2286,114,314,128,0.4985242187976837,0,4
2287,114,314,1141,0.5022844672203064,0,4
2288,114,314,1411,0.5104711055755615,0,4
2289,114,314,1395,0.5077247023582458,0,4
2290,114,314,1364,0.510579526424408,0,4
2291,114,314,1193,0.49947479367256165,0,4
2292,114,314,216,0.5004674196243286,0,4
2293,114,314,1034,0.5116569399833679,0,4
2294,114,314,590,0.5803675651550293,0,4
2295,114,314,891,0.5122855305671692,0,4
2296,114,314,1778,0.501624345779419,0,4
2297,114,314,74,0.5097230672836304,0,4
2298,114,314,993,0.5102634429931641,0,4
2299,114,314,315,0.50844806432724,0,4
2300,115,1750,1893,0.5038918852806091,1,6
2301,115,1750,92,0.5042023658752441,0,6
2302,115,1750,630,0.5002182126045227,0,6
2303,115,1750,1540,0.5000364780426025,0,6
2304,115,1750,122,0.5133976340293884,0,6
2305,115,1750,169,0.500474214553833,0,6
2306,115,1750,226,0.5005303621292114,0,6
2307,115,1750,1870,0.5015096664428711,0,6
2308,115,1750,195,0.500991702079773,0,6
2309,115,1750,1869,0.504610002040863,0,6
2310,115,1750,433,0.5136688351631165,0,6
2311,115,1750,704,0.5012139081954956,0,6
2312,115,1750,1010,0.5031225681304932,0,6
2313,115,1750,1482,0.5012058019638062,0,6
2314,115,1750,1486,0.5023961663246155,0,6
2315,115,1750,540,0.5067617893218994,0,6
2316,115,1750,320,0.5020157098770142,0,6
2317,115,1750,1968,0.5038547515869141,0,6
2318,115,1750,807,0.5016695261001587,0,6
2319,115,1750,1296,0.5002995133399963,0,6
2320,116,3923,821,0.5000690221786499,1,20
2321,116,3923,847,0.5027275681495667,0,20
2322,116,3923,1907,0.506595253944397,0,20
2323,116,3923,1595,0.502100944519043,0,20
2324,116,3923,369,0.5161707997322083,0,20
2325,116,3923,29,0.5003172755241394,0,20
2326,116,3923,830,0.5016441345214844,0,20
2327,116,3923,1279,0.5012773871421814,0,20
2328,116,3923,305,0.5035188794136047,0,20
2329,116,3923,918,0.5017107129096985,0,20
2330,116,3923,836,0.5076357126235962,0,20
2331,116,3923,1380,0.5008577704429626,0,20
2332,116,3923,2037,0.5040214657783508,0,20
2333,116,3923,1967,0.5002782940864563,0,20
2334,116,3923,360,0.5025290846824646,0,20
2335,116,3923,1846,0.5068880319595337,0,20
2336,116,3923,1107,0.505565345287323,0,20
2337,116,3923,1377,0.502509355545044,0,20
2338,116,3923,1357,0.5003964304924011,0,20
2339,116,3923,1953,0.5114088654518127,0,20
2340,117,3732,594,0.5195350050926208,1,4
2341,117,3732,1952,0.5382692217826843,0,4
2342,117,3732,1370,0.5079724192619324,0,4
2343,117,3732,1976,0.5053770542144775,0,4
2344,117,3732,211,0.5021863579750061,0,4
2345,117,3732,489,0.4997711181640625,0,4
2346,117,3732,777,0.5022422671318054,0,4
2347,117,3732,735,0.5019683837890625,0,4
2348,117,3732,1141,0.5011208653450012,0,4
2349,117,3732,1589,0.5210707783699036,0,4
2350,117,3732,2049,0.503192126750946,0,4
2351,117,3732,1682,0.5017276406288147,0,4
2352,117,3732,916,0.5018655061721802,0,4
2353,117,3732,1573,0.5024881958961487,0,4
2354,117,3732,928,0.5013887286186218,0,4
2355,117,3732,1447,0.5220630764961243,0,4
2356,117,3732,1375,0.5033815503120422,0,4
2357,117,3732,1224,0.5112876892089844,0,4
2358,117,3732,1780,0.501234233379364,0,4
2359,117,3732,1046,0.5015223026275635,0,4
2360,118,1414,1184,0.5043660998344421,1,6
2361,118,1414,1482,0.5018970370292664,0,6
2362,118,1414,281,0.5005182027816772,0,6
2363,118,1414,999,0.5007830858230591,0,6
2364,118,1414,682,0.5020570755004883,0,6
2365,118,1414,573,0.5017356276512146,0,6
2366,118,1414,659,0.5045579075813293,0,6
2367,118,1414,1569,0.50052809715271,0,6
2368,118,1414,1452,0.500690221786499,0,6
2369,118,1414,171,0.5038065314292908,0,6
2370,118,1414,1620,0.5911678671836853,0,6
2371,118,1414,1475,0.5021418929100037,0,6
2372,118,1414,1756,0.5003407597541809,0,6
2373,118,1414,273,0.5019155740737915,0,6
2374,118,1414,2068,0.5279978513717651,0,6
2375,118,1414,1721,0.5042517781257629,0,6
2376,118,1414,1692,0.5022993087768555,0,6
2377,118,1414,1239,0.5018405318260193,0,6
2378,118,1414,49,0.5189019441604614,0,6
2379,118,1414,987,0.5060453414916992,0,6
2380,119,3130,527,0.5019097924232483,1,12
2381,119,3130,2040,0.5022677183151245,0,12
2382,119,3130,1548,0.5120260715484619,0,12
2383,119,3130,1866,0.5036894679069519,0,12
2384,119,3130,1786,0.5016871094703674,0,12
2385,119,3130,613,0.5196026563644409,0,12
2386,119,3130,1288,0.5036141276359558,0,12
2387,119,3130,1667,0.5090394020080566,0,12
2388,119,3130,1403,0.5021106004714966,0,12
2389,119,3130,911,0.506193220615387,0,12
2390,119,3130,556,0.5023297071456909,0,12
2391,119,3130,1572,0.5017932653427124,0,12
2392,119,3130,9,0.5006490349769592,0,12
2393,119,3130,1658,0.6028279662132263,0,12
2394,119,3130,1743,0.5018346309661865,0,12
2395,119,3130,2042,0.5005150437355042,0,12
2396,119,3130,2027,0.501548171043396,0,12
2397,119,3130,1226,0.5006511211395264,0,12
2398,119,3130,949,0.5003702640533447,0,12
2399,119,3130,305,0.5043312311172485,0,12
2400,120,3777,1945,0.5002618432044983,1,18
2401,120,3777,470,0.5007216334342957,0,18
2402,120,3777,1765,0.5026067495346069,0,18
2403,120,3777,1326,0.5018068552017212,0,18
2404,120,3777,1591,0.5006347894668579,0,18
2405,120,3777,1570,0.5009137988090515,0,18
2406,120,3777,693,0.5009548664093018,0,18
2407,120,3777,1909,0.5008612275123596,0,18
2408,120,3777,214,0.5002002120018005,0,18
2409,120,3777,1800,0.5015029907226562,0,18
2410,120,3777,1349,0.5026298761367798,0,18
2411,120,3777,518,0.500689685344696,0,18
2412,120,3777,1523,0.5018332004547119,0,18
2413,120,3777,45,0.500195324420929,0,18
2414,120,3777,1152,0.5004064440727234,0,18
2415,120,3777,1600,0.5017129182815552,0,18
2416,120,3777,784,0.5004655122756958,0,18
2417,120,3777,698,0.5008376240730286,0,18
2418,120,3777,1401,0.5014482736587524,0,18
2419,120,3777,928,0.5009030699729919,0,18
2420,121,3542,1152,0.5001065731048584,1,17
2421,121,3542,1794,0.5002719759941101,0,17
2422,121,3542,166,0.4999889135360718,0,17
2423,121,3542,1248,0.5085796117782593,0,17
2424,121,3542,1081,0.5004859566688538,0,17
2425,121,3542,238,0.5141934752464294,0,17
2426,121,3542,1075,0.49973049759864807,0,17
2427,121,3542,1736,0.5023589134216309,0,17
2428,121,3542,1946,0.5129324793815613,0,17
2429,121,3542,2074,0.4997783601284027,0,17
2430,121,3542,662,0.5022624135017395,0,17
2431,121,3542,2011,0.5021256804466248,0,17
2432,121,3542,1753,0.5035164952278137,0,17
2433,121,3542,1963,0.5078664422035217,0,17
2434,121,3542,79,0.5033454298973083,0,17
2435,121,3542,1067,0.5086507201194763,0,17
2436,121,3542,1607,0.5034854412078857,0,17
2437,121,3542,32,0.5043817758560181,0,17
2438,121,3542,627,0.5022454857826233,0,17
2439,121,3542,321,0.5033910870552063,0,17
2440,122,2004,1231,0.5082966685295105,1,2
2441,122,2004,2005,0.5014998316764832,0,2
2442,122,2004,442,0.5005398392677307,0,2
2443,122,2004,1860,0.5169734358787537,0,2
2444,122,2004,147,0.5006005167961121,0,2
2445,122,2004,77,0.5003202557563782,0,2
2446,122,2004,192,0.5010610222816467,0,2
2447,122,2004,548,0.5051990151405334,0,2
2448,122,2004,1372,0.5016185641288757,0,2
2449,122,2004,549,0.5014141201972961,0,2
2450,122,2004,1628,0.5016279816627502,0,2
2451,122,2004,1737,0.5002820491790771,0,2
2452,122,2004,1985,0.5068954825401306,0,2
2453,122,2004,552,0.5047969222068787,0,2
2454,122,2004,1464,0.5015806555747986,0,2
2455,122,2004,1988,0.5007981061935425,0,2
2456,122,2004,144,0.5017064809799194,0,2
2457,122,2004,1713,0.505048394203186,0,2
2458,122,2004,1816,0.500716507434845,0,2
2459,122,2004,2047,0.5014098882675171,0,2
2460,123,2557,1521,0.5118603110313416,1,3
2461,123,2557,1601,0.5009425282478333,0,3
2462,123,2557,1983,0.5083984136581421,0,3
2463,123,2557,1698,0.5003438591957092,0,3
2464,123,2557,1697,0.5011463761329651,0,3
2465,123,2557,338,0.5010501146316528,0,3
2466,123,2557,778,0.5216205716133118,0,3
2467,123,2557,1194,0.5009037852287292,0,3
2468,123,2557,263,0.5023943185806274,0,3
2469,123,2557,907,0.5026745200157166,0,3
2470,123,2557,762,0.509821891784668,0,3
2471,123,2557,571,0.5028850436210632,0,3
2472,123,2557,465,0.4993970990180969,0,3
2473,123,2557,35,0.5015989542007446,0,3
2474,123,2557,345,0.8067082166671753,0,3
2475,123,2557,483,0.5083382725715637,0,3
2476,123,2557,989,0.5036389231681824,0,3
2477,123,2557,138,0.4994979202747345,0,3
2478,123,2557,207,0.5020188689231873,0,3
2479,123,2557,32,0.5031266808509827,0,3
2480,124,3768,976,0.4999380111694336,1,20
2481,124,3768,446,0.500765860080719,0,20
2482,124,3768,1698,0.5007209777832031,0,20
2483,124,3768,1123,0.5006533861160278,0,20
2484,124,3768,1031,0.5006767511367798,0,20
2485,124,3768,636,0.5005671381950378,0,20
2486,124,3768,1544,0.5009128451347351,0,20
2487,124,3768,253,0.5005603432655334,0,20
2488,124,3768,525,0.5006287097930908,0,20
2489,124,3768,1573,0.5005606412887573,0,20
2490,124,3768,1110,0.5009248852729797,0,20
2491,124,3768,703,0.5007693767547607,0,20
2492,124,3768,1109,0.5004810094833374,0,20
2493,124,3768,1485,0.5006995797157288,0,20
2494,124,3768,912,0.5008292198181152,0,20
2495,124,3768,694,0.5008086562156677,0,20
2496,124,3768,1133,0.5005779266357422,0,20
2497,124,3768,839,0.5007079243659973,0,20
2498,124,3768,1195,0.5007824897766113,0,20
2499,124,3768,1687,0.5005609393119812,0,20
2500,125,3957,1988,0.500482976436615,1,15
2501,125,3957,1570,0.502007782459259,0,15
2502,125,3957,1828,0.5162060856819153,0,15
2503,125,3957,217,0.5023048520088196,0,15
2504,125,3957,1500,0.5029740333557129,0,15
2505,125,3957,1844,0.531039834022522,0,15
2506,125,3957,609,0.5003690719604492,0,15
2507,125,3957,1177,0.5031118988990784,0,15
2508,125,3957,1778,0.5012910962104797,0,15
2509,125,3957,1528,0.505171000957489,0,15
2510,125,3957,1447,0.520168125629425,0,15
2511,125,3957,591,0.5015444755554199,0,15
2512,125,3957,2056,0.5002520084381104,0,15
2513,125,3957,1605,0.503314197063446,0,15
2514,125,3957,446,0.500442385673523,0,15
2515,125,3957,1912,0.5012252926826477,0,15
2516,125,3957,1895,0.5022397637367249,0,15
2517,125,3957,1330,0.5004744529724121,0,15
2518,125,3957,347,0.5003573894500732,0,15
2519,125,3957,1334,0.5030409097671509,0,15
2520,126,4113,178,0.5002416372299194,1,16
2521,126,4113,366,0.5030585527420044,0,16
2522,126,4113,1456,0.5093713402748108,0,16
2523,126,4113,1588,0.5002251267433167,0,16
2524,126,4113,1140,0.4999314546585083,0,16
2525,126,4113,350,0.5014951825141907,0,16
2526,126,4113,1087,0.5009210109710693,0,16
2527,126,4113,1073,0.500093936920166,0,16
2528,126,4113,823,0.5040794014930725,0,16
2529,126,4113,1334,0.5023882389068604,0,16
2530,126,4113,575,0.5014214515686035,0,16
2531,126,4113,360,0.5023451447486877,0,16
2532,126,4113,7,0.500736653804779,0,16
2533,126,4113,1805,0.5008493661880493,0,16
2534,126,4113,1849,0.5008732676506042,0,16
2535,126,4113,1568,0.5001400709152222,0,16
2536,126,4113,635,0.5015562772750854,0,16
2537,126,4113,1027,0.5010784268379211,0,16
2538,126,4113,898,0.501593828201294,0,16
2539,126,4113,1257,0.5111489295959473,0,16
2540,127,2122,1689,0.5180864334106445,1,1
2541,127,2122,1170,0.5094729661941528,0,1
2542,127,2122,676,0.5024298429489136,0,1
2543,127,2122,1640,0.5072276592254639,0,1
2544,127,2122,1501,0.5012321472167969,0,1
2545,127,2122,749,0.5028846859931946,0,1
2546,127,2122,1782,0.5024406313896179,0,1
2547,127,2122,390,0.500542938709259,0,1
2548,127,2122,1353,0.5039908289909363,0,1
2549,127,2122,669,0.5029098987579346,0,1
2550,127,2122,779,0.5011017322540283,0,1
2551,127,2122,592,0.5007461905479431,0,1
2552,127,2122,1056,0.5016140937805176,0,1
2553,127,2122,2063,0.5001286268234253,0,1
2554,127,2122,1335,0.5001758337020874,0,1
2555,127,2122,750,0.5021123886108398,0,1
2556,127,2122,1862,0.5031849145889282,0,1
2557,127,2122,870,0.5004015564918518,0,1
2558,127,2122,1240,0.5020812749862671,0,1
2559,127,2122,732,0.5002486705780029,0,1
2560,128,3859,1233,0.5008777379989624,1,18
2561,128,3859,1406,0.5008302330970764,0,18
2562,128,3859,1490,0.5011314749717712,0,18
2563,128,3859,998,0.5008912682533264,0,18
2564,128,3859,977,0.501408040523529,0,18
2565,128,3859,1913,0.5025368928909302,0,18
2566,128,3859,330,0.5022891163825989,0,18
2567,128,3859,462,0.5016351342201233,0,18
2568,128,3859,984,0.5012664198875427,0,18
2569,128,3859,1519,0.50275719165802,0,18
2570,128,3859,89,0.5010287165641785,0,18
2571,128,3859,169,0.5008031725883484,0,18
2572,128,3859,920,0.5010051131248474,0,18
2573,128,3859,1880,0.5011404752731323,0,18
2574,128,3859,661,0.5024760961532593,0,18
2575,128,3859,1325,0.5014767646789551,0,18
2576,128,3859,1930,0.5012677907943726,0,18
2577,128,3859,580,0.5010782480239868,0,18
2578,128,3859,824,0.5012009143829346,0,18
2579,128,3859,1020,0.5017068386077881,0,18
2580,129,3743,1438,0.5005711913108826,1,18
2581,129,3743,836,0.5056697130203247,0,18
2582,129,3743,85,0.5018940567970276,0,18
2583,129,3743,1621,0.5004756450653076,0,18
2584,129,3743,1702,0.5012797713279724,0,18
2585,129,3743,918,0.5017621517181396,0,18
2586,129,3743,1514,0.5010941028594971,0,18
2587,129,3743,1802,0.5064142942428589,0,18
2588,129,3743,608,0.5018829107284546,0,18
2589,129,3743,1084,0.5016067028045654,0,18
2590,129,3743,556,0.501936137676239,0,18
2591,129,3743,1313,0.5062432289123535,0,18
2592,129,3743,1995,0.5039684176445007,0,18
2593,129,3743,547,0.5005409717559814,0,18
2594,129,3743,1732,0.5040616393089294,0,18
2595,129,3743,192,0.5013336539268494,0,18
2596,129,3743,2033,0.5018231868743896,0,18
2597,129,3743,1562,0.5011972188949585,0,18
2598,129,3743,1015,0.5016576647758484,0,18
2599,129,3743,123,0.504950225353241,0,18
2600,130,200,654,0.5086984038352966,1,6
2601,130,200,716,0.5027735233306885,0,6
2602,130,200,970,0.5040609836578369,0,6
2603,130,200,1393,0.5199301242828369,0,6
2604,130,200,899,0.5021017789840698,0,6
2605,130,200,1938,0.5000399947166443,0,6
2606,130,200,1237,0.49985966086387634,0,6
2607,130,200,1155,0.5050771236419678,0,6
2608,130,200,810,0.5001657009124756,0,6
2609,130,200,1995,0.5100494623184204,0,6
2610,130,200,1542,0.5035502910614014,0,6
2611,130,200,2048,0.5002674460411072,0,6
2612,130,200,1157,0.5315605401992798,0,6
2613,130,200,839,0.5024852156639099,0,6
2614,130,200,313,0.500162661075592,0,6
2615,130,200,261,0.5043121576309204,0,6
2616,130,200,1516,0.5469743609428406,0,6
2617,130,200,529,0.5268889665603638,0,6
2618,130,200,323,0.5020960569381714,0,6
2619,130,200,1305,0.4999760389328003,0,6
2620,131,3110,1693,0.5076255798339844,1,5
2621,131,3110,1961,0.5058650374412537,0,5
2622,131,3110,7,0.5015215277671814,0,5
2623,131,3110,731,0.5066360235214233,0,5
2624,131,3110,1803,0.5000818371772766,0,5
2625,131,3110,846,0.5017295479774475,0,5
2626,131,3110,291,0.5019349455833435,0,5
2627,131,3110,13,0.5272371172904968,0,5
2628,131,3110,411,0.5001140832901001,0,5
2629,131,3110,206,0.5064371228218079,0,5
2630,131,3110,493,0.502297580242157,0,5
2631,131,3110,180,0.5023415088653564,0,5
2632,131,3110,1969,0.5024334192276001,0,5
2633,131,3110,1230,0.5050010085105896,0,5
2634,131,3110,469,0.5202571153640747,0,5
2635,131,3110,450,0.4997166693210602,0,5
2636,131,3110,427,0.5258477926254272,0,5
2637,131,3110,482,0.5152080655097961,0,5
2638,131,3110,1078,0.5021970868110657,0,5
2639,131,3110,240,0.5041167736053467,0,5
2640,132,196,1150,0.5049899220466614,1,6
2641,132,196,1997,0.500672459602356,0,6
2642,132,196,1630,0.5098673701286316,0,6
2643,132,196,41,0.5055453777313232,0,6
2644,132,196,262,0.50832200050354,0,6
2645,132,196,528,0.5007824301719666,0,6
2646,132,196,1286,0.5011964440345764,0,6
2647,132,196,1237,0.5002568960189819,0,6
2648,132,196,2040,0.5013137459754944,0,6
2649,132,196,1699,0.501884937286377,0,6
2650,132,196,1896,0.5022798776626587,0,6
2651,132,196,368,0.5026353001594543,0,6
2652,132,196,562,0.5024859309196472,0,6
2653,132,196,474,0.5036672949790955,0,6
2654,132,196,289,0.5008977055549622,0,6
2655,132,196,33,0.5047864317893982,0,6
2656,132,196,215,0.5013577938079834,0,6
2657,132,196,1723,0.5138295888900757,0,6
2658,132,196,369,0.5141808390617371,0,6
2659,132,196,973,0.5021035075187683,0,6
2660,133,3171,327,0.5004689693450928,1,20
2661,133,3171,1933,0.5022484660148621,0,20
2662,133,3171,716,0.5019770860671997,0,20
2663,133,3171,207,0.5020832419395447,0,20
2664,133,3171,848,0.5022624135017395,0,20
2665,133,3171,1772,0.5014129877090454,0,20
2666,133,3171,870,0.5005156993865967,0,20
2667,133,3171,620,0.5007873773574829,0,20
2668,133,3171,344,0.5007382035255432,0,20
2669,133,3171,1879,0.5020281672477722,0,20
2670,133,3171,1074,0.503793478012085,0,20
2671,133,3171,1,0.5013419389724731,0,20
2672,133,3171,991,0.5016175508499146,0,20
2673,133,3171,135,0.5032305717468262,0,20
2674,133,3171,911,0.5035513639450073,0,20
2675,133,3171,1323,0.5563089847564697,0,20
2676,133,3171,1851,0.5024259686470032,0,20
2677,133,3171,635,0.5017687678337097,0,20
2678,133,3171,900,0.5015153884887695,0,20
2679,133,3171,1371,0.501948356628418,0,20
2680,134,3874,119,0.5007705688476562,1,5
2681,134,3874,318,0.5007140636444092,0,5
2682,134,3874,1885,0.5009686350822449,0,5
2683,134,3874,1850,0.5004690885543823,0,5
2684,134,3874,299,0.5007490515708923,0,5
2685,134,3874,498,0.5007354617118835,0,5
2686,134,3874,2071,0.5008452534675598,0,5
2687,134,3874,1657,0.5006717443466187,0,5
2688,134,3874,162,0.5008779764175415,0,5
2689,134,3874,1263,0.500998318195343,0,5
2690,134,3874,805,0.5002362728118896,0,5
2691,134,3874,19,0.5007507801055908,0,5
2692,134,3874,389,0.5007508397102356,0,5
2693,134,3874,358,0.5005930066108704,0,5
2694,134,3874,1894,0.5005139708518982,0,5
2695,134,3874,638,0.5006812810897827,0,5
2696,134,3874,469,0.5003893971443176,0,5
2697,134,3874,1652,0.5005940198898315,0,5
2698,134,3874,1092,0.5003199577331543,0,5
2699,134,3874,1844,0.4992640018463135,0,5
2700,135,560,1349,0.5073790550231934,1,4
2701,135,560,1273,0.5159978270530701,0,4
2702,135,560,785,0.502138614654541,0,4
2703,135,560,1587,0.49991703033447266,0,4
2704,135,560,135,0.505978524684906,0,4
2705,135,560,873,0.5001446008682251,0,4
2706,135,560,1361,0.5080873966217041,0,4
2707,135,560,448,0.5040304660797119,0,4
2708,135,560,1831,0.5028180480003357,0,4
2709,135,560,1583,0.5015907883644104,0,4
2710,135,560,1895,0.5036641955375671,0,4
2711,135,560,1033,0.5026161074638367,0,4
2712,135,560,1524,0.5027503967285156,0,4
2713,135,560,817,0.5003303289413452,0,4
2714,135,560,800,0.5026811361312866,0,4
2715,135,560,1679,0.5018245577812195,0,4
2716,135,560,1506,0.4999648332595825,0,4
2717,135,560,1610,0.5179510712623596,0,4
2718,135,560,492,0.5000647902488708,0,4
2719,135,560,517,0.5045422911643982,0,4
2720,136,240,1323,0.7490550875663757,1,1
2721,136,240,513,0.5132877230644226,0,1
2722,136,240,1310,0.5298787951469421,0,1
2723,136,240,1329,0.514549732208252,0,1
2724,136,240,2006,0.5164255499839783,0,1
2725,136,240,1406,0.49820539355278015,0,1
2726,136,240,414,0.501484751701355,0,1
2727,136,240,2032,0.5041108131408691,0,1
2728,136,240,990,0.4981229603290558,0,1
2729,136,240,1739,0.5472375154495239,0,1
2730,136,240,125,0.5045245885848999,0,1
2731,136,240,766,0.5001299381256104,0,1
2732,136,240,1464,0.5026801228523254,0,1
2733,136,240,1057,0.49911001324653625,0,1
2734,136,240,337,0.5098192095756531,0,1
2735,136,240,1283,0.4984676241874695,0,1
2736,136,240,1450,0.5120478272438049,0,1
2737,136,240,1881,0.5231314301490784,0,1
2738,136,240,229,0.5230226516723633,0,1
2739,136,240,986,0.5064852237701416,0,1
2740,137,4047,937,0.5008096694946289,1,8
2741,137,4047,1903,0.500724196434021,0,8
2742,137,4047,703,0.50078946352005,0,8
2743,137,4047,1312,0.49945521354675293,0,8
2744,137,4047,1887,0.5008424520492554,0,8
2745,137,4047,1244,0.5007326602935791,0,8
2746,137,4047,920,0.5005751252174377,0,8
2747,137,4047,1074,0.5004474520683289,0,8
2748,137,4047,632,0.5008198618888855,0,8
2749,137,4047,953,0.5007025599479675,0,8
2750,137,4047,883,0.4999084174633026,0,8
2751,137,4047,1930,0.5009223222732544,0,8
2752,137,4047,1022,0.500690221786499,0,8
2753,137,4047,843,0.5008594989776611,0,8
2754,137,4047,96,0.500636637210846,0,8
2755,137,4047,1963,0.5008110404014587,0,8
2756,137,4047,1124,0.49938279390335083,0,8
2757,137,4047,411,0.5008119344711304,0,8
2758,137,4047,1005,0.5004858374595642,0,8
2759,137,4047,1361,0.5008547306060791,0,8
2760,138,1423,764,0.5008623600006104,1,20
2761,138,1423,17,0.502943217754364,0,20
2762,138,1423,1113,0.5018261671066284,0,20
2763,138,1423,682,0.5013657212257385,0,20
2764,138,1423,956,0.5020800232887268,0,20
2765,138,1423,955,0.5015076398849487,0,20
2766,138,1423,1388,0.5041009187698364,0,20
2767,138,1423,222,0.5027093887329102,0,20
2768,138,1423,385,0.501573383808136,0,20
2769,138,1423,1795,0.5043215751647949,0,20
2770,138,1423,1146,0.5009028911590576,0,20
2771,138,1423,469,0.516215980052948,0,20
2772,138,1423,1586,0.5012421011924744,0,20
2773,138,1423,1545,0.5099651217460632,0,20
2774,138,1423,829,0.5028765201568604,0,20
2775,138,1423,1530,0.5020773410797119,0,20
2776,138,1423,1469,0.5010741353034973,0,20
2777,138,1423,761,0.5046518445014954,0,20
2778,138,1423,886,0.5023291707038879,0,20
2779,138,1423,1507,0.521038830280304,0,20
2780,139,2276,1105,0.5006023645401001,1,17
2781,139,2276,769,0.5015703439712524,0,17
2782,139,2276,162,0.5016107559204102,0,17
2783,139,2276,2031,0.5021083354949951,0,17
2784,139,2276,897,0.5008133053779602,0,17
2785,139,2276,1629,0.5005274415016174,0,17
2786,139,2276,1920,0.5012505054473877,0,17
2787,139,2276,91,0.5037051439285278,0,17
2788,139,2276,1699,0.5019090175628662,0,17
2789,139,2276,2035,0.5015742778778076,0,17
2790,139,2276,315,0.5028634667396545,0,17
2791,139,2276,229,0.50396329164505,0,17
2792,139,2276,674,0.5012136101722717,0,17
2793,139,2276,1693,0.5036193132400513,0,17
2794,139,2276,736,0.5017321109771729,0,17
2795,139,2276,71,0.5079286098480225,0,17
2796,139,2276,1506,0.5005764365196228,0,17
2797,139,2276,755,0.5030351281166077,0,17
2798,139,2276,1970,0.5016148090362549,0,17
2799,139,2276,166,0.5005118250846863,0,17
2800,140,928,1877,0.7323485016822815,1,1
2801,140,928,1578,0.5703312158584595,0,1
2802,140,928,120,0.5106682181358337,0,1
2803,140,928,294,0.4997197687625885,0,1
2804,140,928,193,0.5112563371658325,0,1
2805,140,928,1935,0.5023142695426941,0,1
2806,140,928,43,0.5001859068870544,0,1
2807,140,928,1601,0.502608060836792,0,1
2808,140,928,425,0.5002435445785522,0,1
2809,140,928,490,0.5039680600166321,0,1
2810,140,928,833,0.5040280222892761,0,1
2811,140,928,1791,0.49994611740112305,0,1
2812,140,928,1985,0.5133928656578064,0,1
2813,140,928,1467,0.5249935984611511,0,1
2814,140,928,871,0.5027250647544861,0,1
2815,140,928,1282,0.5035474896430969,0,1
2816,140,928,87,0.4998435378074646,0,1
2817,140,928,2011,0.5021668076515198,0,1
2818,140,928,1237,0.49973514676094055,0,1
2819,140,928,1070,0.5023891925811768,0,1
2820,141,29,390,0.49950268864631653,1,18
2821,141,29,1920,0.5036091208457947,0,18
2822,141,29,1561,0.5362879633903503,0,18
2823,141,29,635,0.5027022361755371,0,18
2824,141,29,1125,0.5025366544723511,0,18
2825,141,29,1857,0.5070440769195557,0,18
2826,141,29,416,0.5079916715621948,0,18
2827,141,29,1751,0.49949684739112854,0,18
2828,141,29,443,0.5021894574165344,0,18
2829,141,29,708,0.5057921409606934,0,18
2830,141,29,1553,0.5061267018318176,0,18
2831,141,29,1976,0.5109549760818481,0,18
2832,141,29,733,0.5068118572235107,0,18
2833,141,29,767,0.49808427691459656,0,18
2834,141,29,1671,0.5490447282791138,0,18
2835,141,29,1686,0.5130482316017151,0,18
2836,141,29,1035,0.5093493461608887,0,18
2837,141,29,242,0.5036598443984985,0,18
2838,141,29,170,0.5010067820549011,0,18
2839,141,29,1482,0.5005932450294495,0,18
2840,142,3936,1324,0.5001360774040222,1,18
2841,142,3936,1603,0.5000773072242737,0,18
2842,142,3936,122,0.5095551013946533,0,18
2843,142,3936,201,0.5003377199172974,0,18
2844,142,3936,2076,0.5020565986633301,0,18
2845,142,3936,358,0.5021911859512329,0,18
2846,142,3936,1216,0.5038890838623047,0,18
2847,142,3936,919,0.5249329209327698,0,18
2848,142,3936,127,0.5016640424728394,0,18
2849,142,3936,1162,0.5003182888031006,0,18
2850,142,3936,1561,0.5149015784263611,0,18
2851,142,3936,751,0.5002486109733582,0,18
2852,142,3936,1681,0.5030892491340637,0,18
2853,142,3936,36,0.5031338334083557,0,18
2854,142,3936,787,0.5018031597137451,0,18
2855,142,3936,1737,0.5001428723335266,0,18
2856,142,3936,1936,0.5325464606285095,0,18
2857,142,3936,782,0.5021215677261353,0,18
2858,142,3936,813,0.501776397228241,0,18
2859,142,3936,1520,0.5000973343849182,0,18
2860,143,556,1796,0.5094395279884338,1,9
2861,143,556,706,0.5024027824401855,0,9
2862,143,556,1399,0.534447968006134,0,9
2863,143,556,1291,0.502282977104187,0,9
2864,143,556,777,0.5042204260826111,0,9
2865,143,556,1880,0.5057633519172668,0,9
2866,143,556,1903,0.4991662800312042,0,9
2867,143,556,439,0.544605553150177,0,9
2868,143,556,808,0.5070194602012634,0,9
2869,143,556,1487,0.5030241012573242,0,9
2870,143,556,2023,0.5019519329071045,0,9
2871,143,556,14,0.5105898976325989,0,9
2872,143,556,870,0.4999736547470093,0,9
2873,143,556,1936,0.591300368309021,0,9
2874,143,556,1318,0.5047703385353088,0,9
2875,143,556,523,0.514079749584198,0,9
2876,143,556,1567,0.5181381702423096,0,9
2877,143,556,1738,0.49959883093833923,0,9
2878,143,556,1120,0.511590838432312,0,9
2879,143,556,801,0.5586374998092651,0,9
2880,144,328,1703,0.6692094802856445,1,1
2881,144,328,803,0.5043906569480896,0,1
2882,144,328,2069,0.4995715618133545,0,1
2883,144,328,298,0.5014785528182983,0,1
2884,144,328,1891,0.5117248892784119,0,1
2885,144,328,1545,0.5148480534553528,0,1
2886,144,328,343,0.4991952180862427,0,1
2887,144,328,1555,0.5031066536903381,0,1
2888,144,328,1424,0.5018488764762878,0,1
2889,144,328,1992,0.5004576444625854,0,1
2890,144,328,661,0.5408370494842529,0,1
2891,144,328,1619,0.4997607469558716,0,1
2892,144,328,707,0.4999002516269684,0,1
2893,144,328,1348,0.5073330402374268,0,1
2894,144,328,23,0.4997318685054779,0,1
2895,144,328,471,0.4992074966430664,0,1
2896,144,328,92,0.5047781467437744,0,1
2897,144,328,1322,0.5145872235298157,0,1
2898,144,328,335,0.50478196144104,0,1
2899,144,328,692,0.5023218393325806,0,1
2900,145,1156,1850,0.5037572383880615,1,8
2901,145,1156,138,0.499441534280777,0,8
2902,145,1156,940,0.5012519955635071,0,8
2903,145,1156,276,0.5014173984527588,0,8
2904,145,1156,1833,0.5009072422981262,0,8
2905,145,1156,1844,0.5836771726608276,0,8
2906,145,1156,388,0.5008902549743652,0,8
2907,145,1156,1289,0.5020196437835693,0,8
2908,145,1156,1694,0.5221380591392517,0,8
2909,145,1156,1271,0.5019389390945435,0,8
2910,145,1156,624,0.5463722944259644,0,8
2911,145,1156,128,0.49887457489967346,0,8
2912,145,1156,1152,0.49980998039245605,0,8
2913,145,1156,1323,0.6481558084487915,0,8
2914,145,1156,1031,0.5028533935546875,0,8
2915,145,1156,193,0.5116834044456482,0,8
2916,145,1156,1672,0.49982327222824097,0,8
2917,145,1156,969,0.5085382461547852,0,8
2918,145,1156,1861,0.5044853687286377,0,8
2919,145,1156,124,0.499228835105896,0,8
2920,146,4099,252,0.5008613467216492,1,15
2921,146,4099,134,0.5010294318199158,0,15
2922,146,4099,1076,0.5023159980773926,0,15
2923,146,4099,1386,0.5011540651321411,0,15
2924,146,4099,729,0.5006012320518494,0,15
2925,146,4099,2069,0.5007103085517883,0,15
2926,146,4099,1839,0.5011716485023499,0,15
2927,146,4099,1363,0.5020474791526794,0,15
2928,146,4099,256,0.5056887865066528,0,15
2929,146,4099,475,0.5018534660339355,0,15
2930,146,4099,1752,0.5019947290420532,0,15
2931,146,4099,1831,0.5014992952346802,0,15
2932,146,4099,1753,0.5009515285491943,0,15
2933,146,4099,1126,0.5012065172195435,0,15
2934,146,4099,721,0.5010737776756287,0,15
2935,146,4099,1916,0.5006203055381775,0,15
2936,146,4099,481,0.5012176036834717,0,15
2937,146,4099,178,0.5006479620933533,0,15
2938,146,4099,446,0.5005521178245544,0,15
2939,146,4099,739,0.5025179386138916,0,15
2940,147,1821,805,0.5102825164794922,1,3
2941,147,1821,1864,0.5019554495811462,0,3
2942,147,1821,317,0.5007051229476929,0,3
2943,147,1821,352,0.5034446716308594,0,3
2944,147,1821,989,0.5036135911941528,0,3
2945,147,1821,1957,0.5014040470123291,0,3
2946,147,1821,641,0.501542866230011,0,3
2947,147,1821,1371,0.5017998218536377,0,3
2948,147,1821,983,0.5036544799804688,0,3
2949,147,1821,1079,0.5033018589019775,0,3
2950,147,1821,752,0.5011663436889648,0,3
2951,147,1821,433,0.5103926658630371,0,3
2952,147,1821,362,0.5016651153564453,0,3
2953,147,1821,1431,0.5017107725143433,0,3
2954,147,1821,1332,0.5055582523345947,0,3
2955,147,1821,1966,0.501690149307251,0,3
2956,147,1821,1760,0.5126240253448486,0,3
2957,147,1821,2050,0.5023519992828369,0,3
2958,147,1821,1618,0.5017979741096497,0,3
2959,147,1821,182,0.5074655413627625,0,3
2960,148,436,655,0.5262033939361572,1,1
2961,148,436,839,0.5026977062225342,0,1
2962,148,436,1191,0.5005152225494385,0,1
2963,148,436,1895,0.5037276744842529,0,1
2964,148,436,1894,0.5121777653694153,0,1
2965,148,436,1461,0.5039006471633911,0,1
2966,148,436,1720,0.5047345757484436,0,1
2967,148,436,1260,0.502652108669281,0,1
2968,148,436,1617,0.5068709254264832,0,1
2969,148,436,1118,0.5002055764198303,0,1
2970,148,436,1054,0.5028895139694214,0,1
2971,148,436,508,0.5256118178367615,0,1
2972,148,436,1882,0.5001746416091919,0,1
2973,148,436,769,0.5023212432861328,0,1
2974,148,436,816,0.5047174692153931,0,1
2975,148,436,1866,0.5045356750488281,0,1
2976,148,436,1478,0.5025348663330078,0,1
2977,148,436,400,0.5002387762069702,0,1
2978,148,436,1832,0.5096881985664368,0,1
2979,148,436,664,0.5027543306350708,0,1
2980,149,964,549,0.501818060874939,1,9
2981,149,964,959,0.5066985487937927,0,9
2982,149,964,455,0.5064561367034912,0,9
2983,149,964,156,0.5020490884780884,0,9
2984,149,964,16,0.49966880679130554,0,9
2985,149,964,302,0.5012964606285095,0,9
2986,149,964,1304,0.50294029712677,0,9
2987,149,964,864,0.5019991397857666,0,9
2988,149,964,1379,0.5145925283432007,0,9
2989,149,964,1058,0.5047164559364319,0,9
2990,149,964,1919,0.501035749912262,0,9
2991,149,964,2040,0.5012162327766418,0,9
2992,149,964,194,0.5006272196769714,0,9
2993,149,964,973,0.5021553635597229,0,9
2994,149,964,480,0.49987927079200745,0,9
2995,149,964,1717,0.5000837445259094,0,9
2996,149,964,772,0.4998989403247833,0,9
2997,149,964,573,0.5004963874816895,0,9
2998,149,964,1698,0.5002576112747192,0,9
2999,149,964,601,0.49989190697669983,0,9
3000,150,1727,1843,0.5377163290977478,1,1
3001,150,1727,1464,0.502726137638092,0,1
3002,150,1727,360,0.504878580570221,0,1
3003,150,1727,781,0.5033920407295227,0,1
3004,150,1727,1912,0.5021059513092041,0,1
3005,150,1727,1185,0.5028191208839417,0,1
3006,150,1727,1350,0.5018883943557739,0,1
3007,150,1727,582,0.5023429989814758,0,1
3008,150,1727,918,0.5042538642883301,0,1
3009,150,1727,535,0.5046801567077637,0,1
3010,150,1727,1798,0.5033506155014038,0,1
3011,150,1727,588,0.5004059076309204,0,1
3012,150,1727,1588,0.5000950694084167,0,1
3013,150,1727,1693,0.5106154084205627,0,1
3014,150,1727,347,0.49972936511039734,0,1
3015,150,1727,2058,0.5025688409805298,0,1
3016,150,1727,1074,0.5076119899749756,0,1
3017,150,1727,547,0.4999595880508423,0,1
3018,150,1727,10,0.5278659462928772,0,1
3019,150,1727,67,0.5095085501670837,0,1
3020,151,948,77,0.5008887648582458,1,7
3021,151,948,1443,0.500962495803833,0,7
3022,151,948,807,0.5009761452674866,0,7
3023,151,948,704,0.5008948445320129,0,7
3024,151,948,1841,0.50077223777771,0,7
3025,151,948,1860,0.5011654496192932,0,7
3026,151,948,1945,0.5007789731025696,0,7
3027,151,948,1598,0.5008156895637512,0,7
3028,151,948,1377,0.5007045865058899,0,7
3029,151,948,460,0.5008341073989868,0,7
3030,151,948,1739,0.5005902051925659,0,7
3031,151,948,386,0.5008385181427002,0,7
3032,151,948,2010,0.5007197260856628,0,7
3033,151,948,1453,0.5006438493728638,0,7
3034,151,948,1494,0.5010640621185303,0,7
3035,151,948,1379,0.5004115104675293,0,7
3036,151,948,767,0.5007226467132568,0,7
3037,151,948,1025,0.5010548830032349,0,7
3038,151,948,1806,0.4938454031944275,0,7
3039,151,948,857,0.5007640719413757,0,7
3040,152,1081,231,0.528359591960907,1,4
3041,152,1081,202,0.5458248853683472,0,4
3042,152,1081,534,0.5035041570663452,0,4
3043,152,1081,1108,0.5072880387306213,0,4
3044,152,1081,1592,0.5060052871704102,0,4
3045,152,1081,1614,0.5025287866592407,0,4
3046,152,1081,2035,0.5022125244140625,0,4
3047,152,1081,522,0.5028867721557617,0,4
3048,152,1081,1774,0.50722736120224,0,4
3049,152,1081,1155,0.5054500699043274,0,4
3050,152,1081,1852,0.5031859874725342,0,4
3051,152,1081,685,0.5038464665412903,0,4
3052,152,1081,2062,0.9575502276420593,0,4
3053,152,1081,924,0.5090564489364624,0,4
3054,152,1081,1144,0.5040460824966431,0,4
3055,152,1081,77,0.5005065202713013,0,4
3056,152,1081,277,0.5053231120109558,0,4
3057,152,1081,429,0.5006194710731506,0,4
3058,152,1081,1642,0.5382053256034851,0,4
3059,152,1081,474,0.5104380249977112,0,4
3060,153,1211,970,0.5022323131561279,1,5
3061,153,1211,521,0.4996401369571686,0,5
3062,153,1211,643,0.5005346536636353,0,5
3063,153,1211,788,0.500727117061615,0,5
3064,153,1211,10,0.5117943286895752,0,5
3065,153,1211,914,0.5140042901039124,0,5
3066,153,1211,2005,0.5010996460914612,0,5
3067,153,1211,2001,0.5001251101493835,0,5
3068,153,1211,2039,0.5060157179832458,0,5
3069,153,1211,221,0.5019575953483582,0,5
3070,153,1211,952,0.5013174414634705,0,5
3071,153,1211,1307,0.5002045631408691,0,5
3072,153,1211,343,0.5001203417778015,0,5
3073,153,1211,130,0.5013236999511719,0,5
3074,153,1211,814,0.5017089247703552,0,5
3075,153,1211,890,0.5009399652481079,0,5
3076,153,1211,1838,0.5027245879173279,0,5
3077,153,1211,201,0.49983400106430054,0,5
3078,153,1211,87,0.5003669261932373,0,5
3079,153,1211,1438,0.49978557229042053,0,5
3080,154,2051,431,0.506788969039917,1,1
3081,154,2051,668,0.4995500445365906,0,1
3082,154,2051,1920,0.5024951100349426,0,1
3083,154,2051,1984,0.5020338892936707,0,1
3084,154,2051,549,0.5022473335266113,0,1
3085,154,2051,812,0.5017011165618896,0,1
3086,154,2051,726,0.5031375885009766,0,1
3087,154,2051,1902,0.49970072507858276,0,1
3088,154,2051,51,0.49956947565078735,0,1
3089,154,2051,1818,0.5042109489440918,0,1
3090,154,2051,244,0.503265380859375,0,1
3091,154,2051,379,0.5001737475395203,0,1
3092,154,2051,129,0.49957913160324097,0,1
3093,154,2051,924,0.5045669674873352,0,1
3094,154,2051,1585,0.49980807304382324,0,1
3095,154,2051,467,0.4999358654022217,0,1
3096,154,2051,259,0.5045278668403625,0,1
3097,154,2051,128,0.499440997838974,0,1
3098,154,2051,997,0.502468466758728,0,1
3099,154,2051,750,0.5025818943977356,0,1
3100,155,1207,1322,0.5104628801345825,1,3
3101,155,1207,1556,0.5017556548118591,0,3
3102,155,1207,307,0.5054866671562195,0,3
3103,155,1207,530,0.5052395462989807,0,3
3104,155,1207,639,0.5069372057914734,0,3
3105,155,1207,775,0.5004594922065735,0,3
3106,155,1207,1328,0.505925714969635,0,3
3107,155,1207,1398,0.5032062530517578,0,3
3108,155,1207,1145,0.5041146874427795,0,3
3109,155,1207,1863,0.500220537185669,0,3
3110,155,1207,1323,0.5954166054725647,0,3
3111,155,1207,768,0.5030681490898132,0,3
3112,155,1207,1104,0.530517041683197,0,3
3113,155,1207,2016,0.5035049915313721,0,3
3114,155,1207,558,0.5004646182060242,0,3
3115,155,1207,193,0.5091015100479126,0,3
3116,155,1207,974,0.501891553401947,0,3
3117,155,1207,313,0.5004937052726746,0,3
3118,155,1207,937,0.5005435347557068,0,3
3119,155,1207,721,0.5017459988594055,0,3
3120,156,1683,1597,0.5062068104743958,1,6
3121,156,1683,1300,0.5013138651847839,0,6
3122,156,1683,1670,0.5042222142219543,0,6
3123,156,1683,1101,0.5018115043640137,0,6
3124,156,1683,210,0.5082249045372009,0,6
3125,156,1683,301,0.5132852792739868,0,6
3126,156,1683,1118,0.49970775842666626,0,6
3127,156,1683,1454,0.499846875667572,0,6
3128,156,1683,571,0.5041252970695496,0,6
3129,156,1683,595,0.52045077085495,0,6
3130,156,1683,283,0.5045321583747864,0,6
3131,156,1683,1316,0.5014117360115051,0,6
3132,156,1683,1653,0.5010008811950684,0,6
3133,156,1683,700,0.5371920466423035,0,6
3134,156,1683,1231,0.5131975412368774,0,6
3135,156,1683,163,0.5012850165367126,0,6
3136,156,1683,335,0.5035943388938904,0,6
3137,156,1683,203,0.5011045932769775,0,6
3138,156,1683,464,0.5003623962402344,0,6
3139,156,1683,756,0.5032966732978821,0,6
3140,157,3007,484,0.5007696151733398,1,13
3141,157,3007,830,0.5008325576782227,0,13
3142,157,3007,984,0.5009192824363708,0,13
3143,157,3007,83,0.5007266998291016,0,13
3144,157,3007,1850,0.50046306848526,0,13
3145,157,3007,74,0.5010008215904236,0,13
3146,157,3007,1718,0.500540554523468,0,13
3147,157,3007,1753,0.5006517171859741,0,13
3148,157,3007,266,0.5011149048805237,0,13
3149,157,3007,82,0.5007826685905457,0,13
3150,157,3007,2019,0.5008533000946045,0,13
3151,157,3007,612,0.5007390379905701,0,13
3152,157,3007,1086,0.5009727478027344,0,13
3153,157,3007,71,0.5014176964759827,0,13
3154,157,3007,373,0.5007046461105347,0,13
3155,157,3007,160,0.5010709166526794,0,13
3156,157,3007,1160,0.500507652759552,0,13
3157,157,3007,2000,0.5009555220603943,0,13
3158,157,3007,1492,0.5008125305175781,0,13
3159,157,3007,437,0.500907838344574,0,13
3160,158,4023,1973,0.49944841861724854,1,20
3161,158,4023,546,0.5017794966697693,0,20
3162,158,4023,1520,0.49999886751174927,0,20
3163,158,4023,2056,0.49998629093170166,0,20
3164,158,4023,79,0.5013265609741211,0,20
3165,158,4023,1684,0.5078071355819702,0,20
3166,158,4023,608,0.5017566680908203,0,20
3167,158,4023,397,0.5012909770011902,0,20
3168,158,4023,691,0.5033246278762817,0,20
3169,158,4023,1644,0.5032431483268738,0,20
3170,158,4023,1074,0.506093442440033,0,20
3171,158,4023,670,0.5046366453170776,0,20
3172,158,4023,648,0.5102240443229675,0,20
3173,158,4023,1131,0.5018514394760132,0,20
3174,158,4023,1626,0.5018048882484436,0,20
3175,158,4023,1151,0.5007982850074768,0,20
3176,158,4023,457,0.5011511445045471,0,20
3177,158,4023,699,0.5698828101158142,0,20
3178,158,4023,1330,0.5000379681587219,0,20
3179,158,4023,1599,0.49955955147743225,0,20
3180,159,2975,1090,0.5008278489112854,1,11
3181,159,2975,336,0.5008388161659241,0,11
3182,159,2975,756,0.5008770227432251,0,11
3183,159,2975,1875,0.5006670355796814,0,11
3184,159,2975,1476,0.5008527636528015,0,11
3185,159,2975,1569,0.5007544755935669,0,11
3186,159,2975,694,0.5008428692817688,0,11
3187,159,2975,534,0.5008830428123474,0,11
3188,159,2975,1556,0.5009270906448364,0,11
3189,159,2975,1990,0.5008848905563354,0,11
3190,159,2975,235,0.5013732314109802,0,11
3191,159,2975,830,0.5007538795471191,0,11
3192,159,2975,1299,0.5005889534950256,0,11
3193,159,2975,1916,0.5007123351097107,0,11
3194,159,2975,1782,0.5008035898208618,0,11
3195,159,2975,764,0.5008952021598816,0,11
3196,159,2975,343,0.5007565021514893,0,11
3197,159,2975,243,0.5007460713386536,0,11
3198,159,2975,730,0.500937283039093,0,11
3199,159,2975,1524,0.5008074641227722,0,11
3200,160,48,1247,0.5001968741416931,1,18
3201,160,48,1689,0.5227133631706238,0,18
3202,160,48,1759,0.5008634328842163,0,18
3203,160,48,1390,0.5014205574989319,0,18
3204,160,48,1999,0.5096015930175781,0,18
3205,160,48,19,0.5002678632736206,0,18
3206,160,48,824,0.5038723945617676,0,18
3207,160,48,1818,0.5061020851135254,0,18
3208,160,48,1273,0.5128436088562012,0,18
3209,160,48,773,0.5028952956199646,0,18
3210,160,48,1848,0.5054774284362793,0,18
3211,160,48,521,0.4997017979621887,0,18
3212,160,48,950,0.4995329678058624,0,18
3213,160,48,1091,0.5011188983917236,0,18
3214,160,48,859,0.5018578767776489,0,18
3215,160,48,221,0.5028411149978638,0,18
3216,160,48,439,0.5219278335571289,0,18
3217,160,48,1744,0.5054426789283752,0,18
3218,160,48,54,0.5012633800506592,0,18
3219,160,48,1663,0.5184008479118347,0,18
3220,161,3885,419,0.5006774663925171,1,18
3221,161,3885,67,0.5050869584083557,0,18
3222,161,3885,1117,0.5022759437561035,0,18
3223,161,3885,349,0.503211259841919,0,18
3224,161,3885,360,0.50278639793396,0,18
3225,161,3885,564,0.5025923848152161,0,18
3226,161,3885,1617,0.5040369033813477,0,18
3227,161,3885,457,0.5013995170593262,0,18
3228,161,3885,1220,0.5014429092407227,0,18
3229,161,3885,1705,0.5089436173439026,0,18
3230,161,3885,1147,0.5083510279655457,0,18
3231,161,3885,1329,0.5043133497238159,0,18
3232,161,3885,745,0.5091201066970825,0,18
3233,161,3885,0,0.5012035965919495,0,18
3234,161,3885,921,0.5096397995948792,0,18
3235,161,3885,1824,0.49998390674591064,0,18
3236,161,3885,850,0.5066264271736145,0,18
3237,161,3885,1727,0.5009996294975281,0,18
3238,161,3885,1367,0.5004256367683411,0,18
3239,161,3885,1467,0.5136241316795349,0,18
3240,162,1944,1001,0.5000391006469727,1,20
3241,162,1944,1056,0.5025085210800171,0,20
3242,162,1944,1508,0.5059095621109009,0,20
3243,162,1944,1016,0.5045196413993835,0,20
3244,162,1944,1726,0.5026077628135681,0,20
3245,162,1944,1847,0.5034037232398987,0,20
3246,162,1944,1785,0.504874050617218,0,20
3247,162,1944,287,0.5031426548957825,0,20
3248,162,1944,1572,0.5023369789123535,0,20
3249,162,1944,373,0.5041282773017883,0,20
3250,162,1944,425,0.500071108341217,0,20
3251,162,1944,92,0.505480945110321,0,20
3252,162,1944,1035,0.5069392919540405,0,20
3253,162,1944,1556,0.5020718574523926,0,20
3254,162,1944,1718,0.506270706653595,0,20
3255,162,1944,444,0.5046606659889221,0,20
3256,162,1944,1025,0.503563642501831,0,20
3257,162,1944,1983,0.5117350220680237,0,20
3258,162,1944,550,0.5014455914497375,0,20
3259,162,1944,26,0.5036104917526245,0,20
3260,163,1519,1459,0.5034005045890808,1,6
3261,163,1519,583,0.5019983053207397,0,6
3262,163,1519,72,0.5029733777046204,0,6
3263,163,1519,182,0.5097677707672119,0,6
3264,163,1519,1114,0.5103098750114441,0,6
3265,163,1519,269,0.5017485022544861,0,6
3266,163,1519,107,0.5053077340126038,0,6
3267,163,1519,319,0.5031302571296692,0,6
3268,163,1519,1251,0.502486526966095,0,6
3269,163,1519,961,0.503156840801239,0,6
3270,163,1519,840,0.5026883482933044,0,6
3271,163,1519,1605,0.5057618021965027,0,6
3272,163,1519,1266,0.5021443367004395,0,6
3273,163,1519,1646,0.5031736493110657,0,6
3274,163,1519,1735,0.5011658072471619,0,6
3275,163,1519,1347,0.513729989528656,0,6
3276,163,1519,1982,0.5017673969268799,0,6
3277,163,1519,604,0.4999511241912842,0,6
3278,163,1519,133,0.49994730949401855,0,6
3279,163,1519,1417,0.5000999569892883,0,6
3280,164,3000,341,0.5002309083938599,1,18
3281,164,3000,1351,0.5020675659179688,0,18
3282,164,3000,1154,0.5000515580177307,0,18
3283,164,3000,721,0.5006223320960999,0,18
3284,164,3000,16,0.5001022815704346,0,18
3285,164,3000,457,0.5012908577919006,0,18
3286,164,3000,1128,0.5002492070198059,0,18
3287,164,3000,1949,0.5053753852844238,0,18
3288,164,3000,913,0.5167987942695618,0,18
3289,164,3000,1237,0.5003654956817627,0,18
3290,164,3000,1409,0.5004918575286865,0,18
3291,164,3000,36,0.5036382079124451,0,18
3292,164,3000,531,0.5003261566162109,0,18
3293,164,3000,568,0.502436637878418,0,18
3294,164,3000,399,0.5008208751678467,0,18
3295,164,3000,224,0.5328616499900818,0,18
3296,164,3000,1837,0.5029388666152954,0,18
3297,164,3000,351,0.5003966689109802,0,18
3298,164,3000,1830,0.5007390975952148,0,18
3299,164,3000,205,0.5032567977905273,0,18
3300,165,3794,365,0.5031111836433411,1,3
3301,165,3794,3,0.5015296936035156,0,3
3302,165,3794,1419,0.5028665661811829,0,3
3303,165,3794,1102,0.5012005567550659,0,3
3304,165,3794,1113,0.5012281537055969,0,3
3305,165,3794,1693,0.5039520263671875,0,3
3306,165,3794,1111,0.5003794431686401,0,3
3307,165,3794,318,0.502291202545166,0,3
3308,165,3794,1764,0.5011062026023865,0,3
3309,165,3794,2043,0.500272274017334,0,3
3310,165,3794,1935,0.5016990303993225,0,3
3311,165,3794,1060,0.5021817684173584,0,3
3312,165,3794,672,0.5005666017532349,0,3
3313,165,3794,1107,0.5048477053642273,0,3
3314,165,3794,421,0.5002646446228027,0,3
3315,165,3794,838,0.5024796724319458,0,3
3316,165,3794,1344,0.5017246603965759,0,3
3317,165,3794,204,0.5018601417541504,0,3
3318,165,3794,1919,0.5015966296195984,0,3
3319,165,3794,1866,0.5023913979530334,0,3
3320,166,2262,1081,0.5002986788749695,1,18
3321,166,2262,1214,0.5219199061393738,0,18
3322,166,2262,774,0.5032348036766052,0,18
3323,166,2262,1133,0.5061792135238647,0,18
3324,166,2262,1284,0.5022318959236145,0,18
3325,166,2262,692,0.5018929243087769,0,18
3326,166,2262,2044,0.5077201128005981,0,18
3327,166,2262,536,0.5034580230712891,0,18
3328,166,2262,1895,0.503822922706604,0,18
3329,166,2262,203,0.5016393065452576,0,18
3330,166,2262,1196,0.5049911737442017,0,18
3331,166,2262,1294,0.5282683968544006,0,18
3332,166,2262,1814,0.5019330382347107,0,18
3333,166,2262,511,0.5540812015533447,0,18
3334,166,2262,1011,0.517476499080658,0,18
3335,166,2262,1874,0.5009563565254211,0,18
3336,166,2262,1802,0.5164420008659363,0,18
3337,166,2262,937,0.49991074204444885,0,18
3338,166,2262,1195,0.49982625246047974,0,18
3339,166,2262,257,0.5056570172309875,0,18
3340,167,956,533,0.5326412320137024,1,1
3341,167,956,105,0.5201326012611389,0,1
3342,167,956,1284,0.5037293434143066,0,1
3343,167,956,234,0.5140541791915894,0,1
3344,167,956,291,0.5037000179290771,0,1
3345,167,956,983,0.5128924250602722,0,1
3346,167,956,565,0.5091778635978699,0,1
3347,167,956,1949,0.5229059457778931,0,1
3348,167,956,833,0.5057335495948792,0,1
3349,167,956,1189,0.505601167678833,0,1
3350,167,956,183,0.5044034123420715,0,1
3351,167,956,1894,0.5267244577407837,0,1
3352,167,956,725,0.4990728497505188,0,1
3353,167,956,1656,0.4989776015281677,0,1
3354,167,956,1357,0.4994644820690155,0,1
3355,167,956,1597,0.5156868100166321,0,1
3356,167,956,1017,0.502656877040863,0,1
3357,167,956,732,0.4993937909603119,0,1
3358,167,956,363,0.49893060326576233,0,1
3359,167,956,1839,0.5052785873413086,0,1
3360,168,2036,1137,0.5252293348312378,1,3
3361,168,2036,689,0.5098921060562134,0,3
3362,168,2036,678,0.5032634735107422,0,3
3363,168,2036,840,0.5057315230369568,0,3
3364,168,2036,830,0.5044677257537842,0,3
3365,168,2036,150,0.5079005360603333,0,3
3366,168,2036,301,0.5322438478469849,0,3
3367,168,2036,1819,0.5047091245651245,0,3
3368,168,2036,1123,0.5163091421127319,0,3
3369,168,2036,1108,0.5117259621620178,0,3
3370,168,2036,1575,0.5067906975746155,0,3
3371,168,2036,390,0.4999270439147949,0,3
3372,168,2036,1328,0.5071725249290466,0,3
3373,168,2036,287,0.5063236951828003,0,3
3374,168,2036,1942,0.5461646318435669,0,3
3375,168,2036,1119,0.5167092084884644,0,3
3376,168,2036,1563,0.5080956220626831,0,3
3377,168,2036,1571,0.5079849362373352,0,3
3378,168,2036,639,0.5105869770050049,0,3
3379,168,2036,547,0.49951791763305664,0,3
3380,169,586,1006,0.5453392267227173,1,2
3381,169,586,866,0.5028457641601562,0,2
3382,169,586,1124,0.5409879088401794,0,2
3383,169,586,396,0.5020350813865662,0,2
3384,169,586,1455,0.5010288953781128,0,2
3385,169,586,34,0.5048696994781494,0,2
3386,169,586,31,0.5004732608795166,0,2
3387,169,586,832,0.49895772337913513,0,2
3388,169,586,1243,0.49938395619392395,0,2
3389,169,586,1152,0.4998898208141327,0,2
3390,169,586,123,0.5146258473396301,0,2
3391,169,586,1451,0.5103987455368042,0,2
3392,169,586,1900,0.5074499249458313,0,2
3393,169,586,173,0.5116860866546631,0,2
3394,169,586,377,0.5122267007827759,0,2
3395,169,586,609,0.4995177984237671,0,2
3396,169,586,987,0.5112900137901306,0,2
3397,169,586,1578,0.5632574558258057,0,2
3398,169,586,1704,0.5010954141616821,0,2
3399,169,586,1856,0.5012496113777161,0,2
3400,170,2904,129,0.5005530714988708,1,17
3401,170,2904,1605,0.5041191577911377,0,17
3402,170,2904,567,0.509634792804718,0,17
3403,170,2904,659,0.504826545715332,0,17
3404,170,2904,1647,0.5004562139511108,0,17
3405,170,2904,1763,0.5002370476722717,0,17
3406,170,2904,418,0.5028662085533142,0,17
3407,170,2904,1543,0.5021207332611084,0,17
3408,170,2904,1412,0.5011121034622192,0,17
3409,170,2904,209,0.5005094408988953,0,17
3410,170,2904,1555,0.5020584464073181,0,17
3411,170,2904,1820,0.5024235248565674,0,17
3412,170,2904,966,0.5017942190170288,0,17
3413,170,2904,1443,0.502511739730835,0,17
3414,170,2904,625,0.5016254782676697,0,17
3415,170,2904,396,0.5013707280158997,0,17
3416,170,2904,826,0.5022555589675903,0,17
3417,170,2904,97,0.5129795670509338,0,17
3418,170,2904,445,0.50542813539505,0,17
3419,170,2904,1004,0.5042551755905151,0,17
3420,171,3032,2,0.498602956533432,1,20
3421,171,3032,690,0.5144388675689697,0,20
3422,171,3032,1555,0.5055825710296631,0,20
3423,171,3032,845,0.5320826172828674,0,20
3424,171,3032,1727,0.501365065574646,0,20
3425,171,3032,990,0.49916478991508484,0,20
3426,171,3032,1793,0.4989108443260193,0,20
3427,171,3032,1744,0.5116273760795593,0,20
3428,171,3032,1654,0.5392979383468628,0,20
3429,171,3032,408,0.5027060508728027,0,20
3430,171,3032,424,0.505062460899353,0,20
3431,171,3032,1107,0.5202153325080872,0,20
3432,171,3032,1432,0.5029860734939575,0,20
3433,171,3032,980,0.5667440891265869,0,20
3434,171,3032,1419,0.509464681148529,0,20
3435,171,3032,1586,0.5044261813163757,0,20
3436,171,3032,531,0.49946364760398865,0,20
3437,171,3032,1688,0.49984318017959595,0,20
3438,171,3032,660,0.5056951642036438,0,20
3439,171,3032,822,0.501893937587738,0,20
3440,172,3543,589,0.5006848573684692,1,17
3441,172,3543,1205,0.5046007037162781,0,17
3442,172,3543,826,0.5030179023742676,0,17
3443,172,3543,1651,0.5014790296554565,0,17
3444,172,3543,747,0.5029714107513428,0,17
3445,172,3543,683,0.5031728148460388,0,17
3446,172,3543,984,0.5011700391769409,0,17
3447,172,3543,1808,0.5163020491600037,0,17
3448,172,3543,1675,0.5022565126419067,0,17
3449,172,3543,588,0.5005068778991699,0,17
3450,172,3543,1819,0.5026520490646362,0,17
3451,172,3543,1535,0.5072576999664307,0,17
3452,172,3543,1749,0.5015408396720886,0,17
3453,172,3543,1454,0.5006091594696045,0,17
3454,172,3543,1359,0.517521858215332,0,17
3455,172,3543,1157,0.5206164717674255,0,17
3456,172,3543,665,0.5003581047058105,0,17
3457,172,3543,1786,0.5015905499458313,0,17
3458,172,3543,1680,0.5026953220367432,0,17
3459,172,3543,1297,0.5019497871398926,0,17
3460,173,1909,1641,0.509895384311676,1,4
3461,173,1909,1348,0.5084462761878967,0,4
3462,173,1909,2057,0.5017825365066528,0,4
3463,173,1909,546,0.5029460787773132,0,4
3464,173,1909,1860,0.5411583185195923,0,4
3465,173,1909,1964,0.5028976798057556,0,4
3466,173,1909,2010,0.4996738135814667,0,4
3467,173,1909,1568,0.49929261207580566,0,4
3468,173,1909,415,0.5056267976760864,0,4
3469,173,1909,1203,0.5096620321273804,0,4
3470,173,1909,1564,0.5215481519699097,0,4
3471,173,1909,1537,0.49920493364334106,0,4
3472,173,1909,917,0.503899097442627,0,4
3473,173,1909,2011,0.5016005635261536,0,4
3474,173,1909,1855,0.5019588470458984,0,4
3475,173,1909,804,0.5028393864631653,0,4
3476,173,1909,609,0.49972620606422424,0,4
3477,173,1909,1397,0.5172215700149536,0,4
3478,173,1909,584,0.5027845501899719,0,4
3479,173,1909,214,0.49896466732025146,0,4
3480,174,3151,1216,0.502717912197113,1,6
3481,174,3151,709,0.5014052987098694,0,6
3482,174,3151,2062,0.7020797729492188,0,6
3483,174,3151,1611,0.5005922913551331,0,6
3484,174,3151,1976,0.5034323930740356,0,6
3485,174,3151,731,0.5028765201568604,0,6
3486,174,3151,1081,0.5006805658340454,0,6
3487,174,3151,811,0.5020828247070312,0,6
3488,174,3151,1638,0.5009303092956543,0,6
3489,174,3151,1221,0.5021514296531677,0,6
3490,174,3151,1955,0.5004308819770813,0,6
3491,174,3151,121,0.5026666522026062,0,6
3492,174,3151,187,0.5013381242752075,0,6
3493,174,3151,1311,0.5005668997764587,0,6
3494,174,3151,1680,0.5013025403022766,0,6
3495,174,3151,2059,0.500511109828949,0,6
3496,174,3151,1695,0.5005407929420471,0,6
3497,174,3151,690,0.5029362440109253,0,6
3498,174,3151,358,0.5016126036643982,0,6
3499,174,3151,654,0.5031479001045227,0,6
3500,175,3990,253,0.5005080103874207,1,16
3501,175,3990,168,0.5007731914520264,0,16
3502,175,3990,1403,0.5007669925689697,0,16
3503,175,3990,1215,0.5008144378662109,0,16
3504,175,3990,1703,0.4951857626438141,0,16
3505,175,3990,1456,0.5004966855049133,0,16
3506,175,3990,1645,0.5006003975868225,0,16
3507,175,3990,864,0.5009000897407532,0,16
3508,175,3990,1520,0.5008721947669983,0,16
3509,175,3990,89,0.5009340047836304,0,16
3510,175,3990,2022,0.5008094906806946,0,16
3511,175,3990,1321,0.5008001923561096,0,16
3512,175,3990,549,0.5007209181785583,0,16
3513,175,3990,1238,0.5007849335670471,0,16
3514,175,3990,1277,0.49992668628692627,0,16
3515,175,3990,1377,0.5006983876228333,0,16
3516,175,3990,1163,0.5008188486099243,0,16
3517,175,3990,1473,0.4891321063041687,0,16
3518,175,3990,1498,0.5006300806999207,0,16
3519,175,3990,1420,0.5009758472442627,0,16
3520,176,1783,954,0.5043525695800781,1,7
3521,176,1783,441,0.5020453929901123,0,7
3522,176,1783,1728,0.5080424547195435,0,7
3523,176,1783,465,0.4985043704509735,0,7
3524,176,1783,246,0.5033321976661682,0,7
3525,176,1783,51,0.4989636540412903,0,7
3526,176,1783,787,0.5026944875717163,0,7
3527,176,1783,537,0.5018526911735535,0,7
3528,176,1783,1100,0.4998101592063904,0,7
3529,176,1783,361,0.5013377666473389,0,7
3530,176,1783,1111,0.4995168447494507,0,7
3531,176,1783,698,0.5012199282646179,0,7
3532,176,1783,828,0.506051778793335,0,7
3533,176,1783,572,0.533689558506012,0,7
3534,176,1783,2017,0.5033516883850098,0,7
3535,176,1783,1752,0.5052657723426819,0,7
3536,176,1783,1867,0.5505061745643616,0,7
3537,176,1783,279,0.5006213784217834,0,7
3538,176,1783,949,0.4996705949306488,0,7
3539,176,1783,523,0.5103962421417236,0,7
3540,177,666,295,0.49978992342948914,1,18
3541,177,666,635,0.5022672414779663,0,18
3542,177,666,630,0.499550998210907,0,18
3543,177,666,1479,0.5030648112297058,0,18
3544,177,666,447,0.5036203861236572,0,18
3545,177,666,987,0.5067262649536133,0,18
3546,177,666,596,0.5056635141372681,0,18
3547,177,666,1132,0.5059970617294312,0,18
3548,177,666,1533,0.5013356804847717,0,18
3549,177,666,847,0.5033882260322571,0,18
3550,177,666,2050,0.5026112198829651,0,18
3551,177,666,1452,0.49978503584861755,0,18
3552,177,666,511,0.5371565222740173,0,18
3553,177,666,1311,0.4998774230480194,0,18
3554,177,666,273,0.5016750693321228,0,18
3555,177,666,1299,0.5013564825057983,0,18
3556,177,666,1783,0.5067600011825562,0,18
3557,177,666,505,0.500694990158081,0,18
3558,177,666,483,0.5086391568183899,0,18
3559,177,666,750,0.5021731853485107,0,18
3560,178,2728,1751,0.5002052187919617,1,14
3561,178,2728,1944,0.4999195337295532,0,14
3562,178,2728,1204,0.5000547170639038,0,14
3563,178,2728,873,0.5003653764724731,0,14
3564,178,2728,903,0.5043580532073975,0,14
3565,178,2728,1557,0.5026440620422363,0,14
3566,178,2728,1084,0.5011230707168579,0,14
3567,178,2728,1424,0.5013240575790405,0,14
3568,178,2728,1670,0.5039592981338501,0,14
3569,178,2728,1305,0.5002113580703735,0,14
3570,178,2728,1001,0.5000817775726318,0,14
3571,178,2728,2003,0.500268280506134,0,14
3572,178,2728,1766,0.5030308365821838,0,14
3573,178,2728,532,0.5001183748245239,0,14
3574,178,2728,37,0.4999079406261444,0,14
3575,178,2728,1940,0.5053664445877075,0,14
3576,178,2728,950,0.49973049759864807,0,14
3577,178,2728,1552,0.5032046437263489,0,14
3578,178,2728,1995,0.5062848925590515,0,14
3579,178,2728,608,0.5016987919807434,0,14
3580,179,779,1554,0.5030425190925598,1,7
3581,179,779,2055,0.5001855492591858,0,7
3582,179,779,1713,0.5062639713287354,0,7
3583,179,779,1484,0.5000043511390686,0,7
3584,179,779,1873,0.502631664276123,0,7
3585,179,779,876,0.4999077618122101,0,7
3586,179,779,1254,0.5017045736312866,0,7
3587,179,779,911,0.5070281624794006,0,7
3588,179,779,2062,0.9082286953926086,0,7
3589,179,779,1067,0.506610631942749,0,7
3590,179,779,728,0.5035785436630249,0,7
3591,179,779,312,0.5020921230316162,0,7
3592,179,779,309,0.5014752745628357,0,7
3593,179,779,1186,0.5006210803985596,0,7
3594,179,779,726,0.5040563344955444,0,7
3595,179,779,1010,0.5025379061698914,0,7
3596,179,779,324,0.5002467036247253,0,7
3597,179,779,1026,0.5010861754417419,0,7
3598,179,779,2043,0.4994925558567047,0,7
3599,179,779,346,0.4999600648880005,0,7
3600,180,2323,230,0.5005545616149902,1,20
3601,180,2323,216,0.5008262395858765,0,20
3602,180,2323,1437,0.5007802248001099,0,20
3603,180,2323,1411,0.5009760856628418,0,20
3604,180,2323,1484,0.5006765723228455,0,20
3605,180,2323,1454,0.5009039640426636,0,20
3606,180,2323,1405,0.5017611980438232,0,20
3607,180,2323,1567,0.5009723901748657,0,20
3608,180,2323,1938,0.5007180571556091,0,20
3609,180,2323,410,0.5008566975593567,0,20
3610,180,2323,586,0.5007545948028564,0,20
3611,180,2323,851,0.500942587852478,0,20
3612,180,2323,1639,0.5007873177528381,0,20
3613,180,2323,339,0.5007079243659973,0,20
3614,180,2323,1626,0.5007560849189758,0,20
3615,180,2323,483,0.5009980201721191,0,20
3616,180,2323,281,0.5008351802825928,0,20
3617,180,2323,1672,0.5007022023200989,0,20
3618,180,2323,220,0.5008713006973267,0,20
3619,180,2323,574,0.5010678768157959,0,20
3620,181,1845,609,0.5002400279045105,1,16
3621,181,1845,1769,0.5005010366439819,0,16
3622,181,1845,698,0.5011574029922485,0,16
3623,181,1845,65,0.5006891489028931,0,16
3624,181,1845,591,0.5011800527572632,0,16
3625,181,1845,437,0.5034345984458923,0,16
3626,181,1845,1771,0.501292884349823,0,16
3627,181,1845,1691,0.5042551755905151,0,16
3628,181,1845,1727,0.5007896423339844,0,16
3629,181,1845,1299,0.5010989904403687,0,16
3630,181,1845,1693,0.5039963126182556,0,16
3631,181,1845,964,0.4999263286590576,0,16
3632,181,1845,1122,0.5050539374351501,0,16
3633,181,1845,570,0.5024324655532837,0,16
3634,181,1845,554,0.5003918409347534,0,16
3635,181,1845,1302,0.5042343735694885,0,16
3636,181,1845,1406,0.5000175833702087,0,16
3637,181,1845,1085,0.5003919005393982,0,16
3638,181,1845,1206,0.5000621676445007,0,16
3639,181,1845,491,0.4997708797454834,0,16
3640,182,2944,1456,0.5054918527603149,1,1
3641,182,2944,1566,0.5003937482833862,0,1
3642,182,2944,217,0.5007122755050659,0,1
3643,182,2944,1592,0.5013948082923889,0,1
3644,182,2944,1113,0.5014671683311462,0,1
3645,182,2944,1962,0.5004759430885315,0,1
3646,182,2944,3,0.5011975765228271,0,1
3647,182,2944,926,0.5010011196136475,0,1
3648,182,2944,78,0.5022966265678406,0,1
3649,182,2944,1193,0.500861406326294,0,1
3650,182,2944,1382,0.5012065768241882,0,1
3651,182,2944,741,0.501331627368927,0,1
3652,182,2944,742,0.5007779002189636,0,1
3653,182,2944,1102,0.5014229416847229,0,1
3654,182,2944,1444,0.502700686454773,0,1
3655,182,2944,1019,0.5042585134506226,0,1
3656,182,2944,1020,0.502323567867279,0,1
3657,182,2944,880,0.5015043616294861,0,1
3658,182,2944,991,0.5008547306060791,0,1
3659,182,2944,798,0.5015801787376404,0,1
3660,183,1191,1697,0.5013405084609985,1,13
3661,183,1191,1730,0.5080534815788269,0,13
3662,183,1191,640,0.5032468438148499,0,13
3663,183,1191,1162,0.5004175901412964,0,13
3664,183,1191,1505,0.5007007718086243,0,13
3665,183,1191,556,0.502259373664856,0,13
3666,183,1191,616,0.501758337020874,0,13
3667,183,1191,1763,0.500328004360199,0,13
3668,183,1191,1833,0.5010201930999756,0,13
3669,183,1191,1721,0.5025539994239807,0,13
3670,183,1191,28,0.500263512134552,0,13
3671,183,1191,1492,0.5021774768829346,0,13
3672,183,1191,1940,0.504234254360199,0,13
3673,183,1191,1529,0.5034402012825012,0,13
3674,183,1191,1281,0.5002412796020508,0,13
3675,183,1191,1979,0.5032470226287842,0,13
3676,183,1191,950,0.5001586675643921,0,13
3677,183,1191,1013,0.5048927068710327,0,13
3678,183,1191,1364,0.5034357309341431,0,13
3679,183,1191,266,0.5017921328544617,0,13
3680,184,4041,557,0.5005897879600525,1,17
3681,184,4041,231,0.510860800743103,0,17
3682,184,4041,605,0.503195583820343,0,17
3683,184,4041,1637,0.5021891593933105,0,17
3684,184,4041,1740,0.5005676746368408,0,17
3685,184,4041,1877,0.6043904423713684,0,17
3686,184,4041,1712,0.513652503490448,0,17
3687,184,4041,56,0.5033618211746216,0,17
3688,184,4041,1094,0.5020642280578613,0,17
3689,184,4041,1012,0.5006736516952515,0,17
3690,184,4041,1391,0.5015045404434204,0,17
3691,184,4041,131,0.5015622973442078,0,17
3692,184,4041,390,0.5008212924003601,0,17
3693,184,4041,1537,0.5005658864974976,0,17
3694,184,4041,941,0.5021682977676392,0,17
3695,184,4041,1840,0.5005801916122437,0,17
3696,184,4041,754,0.5045812726020813,0,17
3697,184,4041,647,0.5084460377693176,0,17
3698,184,4041,1548,0.5096448063850403,0,17
3699,184,4041,762,0.5061689615249634,0,17
3700,185,1157,763,0.5023107528686523,1,19
3701,185,1157,1614,0.5039368271827698,0,19
3702,185,1157,1548,0.5202845931053162,0,19
3703,185,1157,717,0.5103179812431335,0,19
3704,185,1157,1900,0.5067158937454224,0,19
3705,185,1157,287,0.5053488612174988,0,19
3706,185,1157,544,0.5031610131263733,0,19
3707,185,1157,1449,0.5001672506332397,0,19
3708,185,1157,1316,0.503679633140564,0,19
3709,185,1157,437,0.5058881044387817,0,19
3710,185,1157,606,0.5036558508872986,0,19
3711,185,1157,981,0.5046321153640747,0,19
3712,185,1157,1169,0.5064442753791809,0,19
3713,185,1157,1959,0.5037711262702942,0,19
3714,185,1157,1777,0.5345202088356018,0,19
3715,185,1157,1399,0.5244867205619812,0,19
3716,185,1157,651,0.5072766542434692,0,19
3717,185,1157,123,0.5154345035552979,0,19
3718,185,1157,689,0.5070964097976685,0,19
3719,185,1157,189,0.5055321455001831,0,19
3720,186,1863,1627,0.5013023614883423,1,14
3721,186,1863,706,0.5015802383422852,0,14
3722,186,1863,513,0.5042378902435303,0,14
3723,186,1863,460,0.5011969804763794,0,14
3724,186,1863,550,0.5017176270484924,0,14
3725,186,1863,1485,0.5002702474594116,0,14
3726,186,1863,1816,0.5006842613220215,0,14
3727,186,1863,1178,0.5086637139320374,0,14
3728,186,1863,1446,0.5013229250907898,0,14
3729,186,1863,1762,0.5081572532653809,0,14
3730,186,1863,975,0.5004103183746338,0,14
3731,186,1863,1149,0.5002294182777405,0,14
3732,186,1863,2032,0.5018697381019592,0,14
3733,186,1863,1638,0.5016867518424988,0,14
3734,186,1863,67,0.5045412182807922,0,14
3735,186,1863,1298,0.5037113428115845,0,14
3736,186,1863,1062,0.5035170316696167,0,14
3737,186,1863,403,0.5017330050468445,0,14
3738,186,1863,1176,0.500474214553833,0,14
3739,186,1863,1501,0.5014905333518982,0,14
3740,187,4147,1225,0.5004802942276001,1,20
3741,187,4147,1751,0.5006073713302612,0,20
3742,187,4147,1147,0.5112766623497009,0,20
3743,187,4147,2021,0.502227246761322,0,20
3744,187,4147,318,0.5039095878601074,0,20
3745,187,4147,1492,0.5029494166374207,0,20
3746,187,4147,1786,0.5020087361335754,0,20
3747,187,4147,1306,0.5017477869987488,0,20
3748,187,4147,1427,0.5015760660171509,0,20
3749,187,4147,556,0.5033802390098572,0,20
3750,187,4147,1359,0.5180322527885437,0,20
3751,187,4147,632,0.5025156140327454,0,20
3752,187,4147,528,0.5019325017929077,0,20
3753,187,4147,1731,0.5043285489082336,0,20
3754,187,4147,188,0.5089784860610962,0,20
3755,187,4147,1414,0.5066778659820557,0,20
3756,187,4147,91,0.506427526473999,0,20
3757,187,4147,634,0.5005011558532715,0,20
3758,187,4147,874,0.5018051266670227,0,20
3759,187,4147,2044,0.5058299899101257,0,20
3760,188,1068,1205,0.5131133198738098,1,6
3761,188,1068,778,0.559517502784729,0,6
3762,188,1068,1981,0.5093727111816406,0,6
3763,188,1068,438,0.5069316625595093,0,6
3764,188,1068,1386,0.5048890709877014,0,6
3765,188,1068,1594,0.5020554065704346,0,6
3766,188,1068,605,0.5099608302116394,0,6
3767,188,1068,59,0.5173455476760864,0,6
3768,188,1068,1104,0.5605049729347229,0,6
3769,188,1068,1992,0.5017543435096741,0,6
3770,188,1068,892,0.5081531405448914,0,6
3771,188,1068,1193,0.49931690096855164,0,6
3772,188,1068,1393,0.5321229696273804,0,6
3773,188,1068,189,0.5062131881713867,0,6
3774,188,1068,861,0.5456971526145935,0,6
3775,188,1068,1192,0.5059303045272827,0,6
3776,188,1068,729,0.4993896186351776,0,6
3777,188,1068,1622,0.5113775730133057,0,6
3778,188,1068,1722,0.5038386583328247,0,6
3779,188,1068,732,0.4995194673538208,0,6
3780,189,2027,1374,0.5000282526016235,1,20
3781,189,2027,79,0.5024749040603638,0,20
3782,189,2027,1102,0.502212643623352,0,20
3783,189,2027,601,0.5002653002738953,0,20
3784,189,2027,522,0.5016910433769226,0,20
3785,189,2027,811,0.5022969841957092,0,20
3786,189,2027,539,0.5022565126419067,0,20
3787,189,2027,120,0.5056099891662598,0,20
3788,189,2027,527,0.5016520619392395,0,20
3789,189,2027,1834,0.5030297040939331,0,20
3790,189,2027,368,0.5036614537239075,0,20
3791,189,2027,957,0.5031886100769043,0,20
3792,189,2027,2054,0.5016415119171143,0,20
3793,189,2027,1507,0.5177602171897888,0,20
3794,189,2027,1498,0.5024632215499878,0,20
3795,189,2027,80,0.5019663572311401,0,20
3796,189,2027,1486,0.5017959475517273,0,20
3797,189,2027,1076,0.5046249032020569,0,20
3798,189,2027,850,0.5074005126953125,0,20
3799,189,2027,149,0.5657604932785034,0,20
3800,190,1622,628,0.5420977473258972,1,1
3801,190,1622,1177,0.5059704780578613,0,1
3802,190,1622,1239,0.5013704895973206,0,1
3803,190,1622,387,0.49905502796173096,0,1
3804,190,1622,238,0.5138850808143616,0,1
3805,190,1622,775,0.4990372061729431,0,1
3806,190,1622,2055,0.4995945990085602,0,1
3807,190,1622,1230,0.5048173069953918,0,1
3808,190,1622,968,0.5071233510971069,0,1
3809,190,1622,1599,0.4996277391910553,0,1
3810,190,1622,597,0.4999188184738159,0,1
3811,190,1622,112,0.5123506784439087,0,1
3812,190,1622,1528,0.5086382627487183,0,1
3813,190,1622,937,0.4994984567165375,0,1
3814,190,1622,756,0.5046563744544983,0,1
3815,190,1622,263,0.502061665058136,0,1
3816,190,1622,257,0.5052003264427185,0,1
3817,190,1622,793,0.49968668818473816,0,1
3818,190,1622,1010,0.501532793045044,0,1
3819,190,1622,46,0.49961036443710327,0,1
3820,191,3902,1368,0.5003876090049744,1,17
3821,191,3902,685,0.5012602210044861,0,17
3822,191,3902,491,0.5001957416534424,0,17
3823,191,3902,421,0.5003687143325806,0,17
3824,191,3902,232,0.5004478693008423,0,17
3825,191,3902,1959,0.5010667443275452,0,17
3826,191,3902,320,0.5009933114051819,0,17
3827,191,3902,1967,0.5004763007164001,0,17
3828,191,3902,250,0.5011347532272339,0,17
3829,191,3902,1281,0.5003204941749573,0,17
3830,191,3902,1354,0.5009088516235352,0,17
3831,191,3902,560,0.5009963512420654,0,17
3832,191,3902,1181,0.5005589723587036,0,17
3833,191,3902,179,0.5027168393135071,0,17
3834,191,3902,1857,0.5016540288925171,0,17
3835,191,3902,350,0.5009417533874512,0,17
3836,191,3902,122,0.5044603943824768,0,17
3837,191,3902,645,0.5022640228271484,0,17
3838,191,3902,969,0.5021921992301941,0,17
3839,191,3902,1457,0.5017973780632019,0,17
3840,192,3914,819,0.5066790580749512,1,5
3841,192,3914,765,0.5091223120689392,0,5
3842,192,3914,2044,0.5051834583282471,0,5
3843,192,3914,1555,0.5021408796310425,0,5
3844,192,3914,638,0.5016102194786072,0,5
3845,192,3914,1134,0.5117647647857666,0,5
3846,192,3914,835,0.5007182359695435,0,5
3847,192,3914,1771,0.5011411905288696,0,5
3848,192,3914,1231,0.5105895400047302,0,5
3849,192,3914,1074,0.5058220028877258,0,5
3850,192,3914,758,0.5024385452270508,0,5
3851,192,3914,963,0.502358615398407,0,5
3852,192,3914,408,0.5014938712120056,0,5
3853,192,3914,351,0.49992823600769043,0,5
3854,192,3914,522,0.5013057589530945,0,5
3855,192,3914,1006,0.5258418917655945,0,5
3856,192,3914,327,0.5000731945037842,0,5
3857,192,3914,828,0.5044532418251038,0,5
3858,192,3914,1660,0.5025495290756226,0,5
3859,192,3914,820,0.5014215111732483,0,5
3860,193,346,2060,0.5074008107185364,1,6
3861,193,346,237,0.5335116982460022,0,6
3862,193,346,584,0.5030560493469238,0,6
3863,193,346,830,0.5029711127281189,0,6
3864,193,346,986,0.5053451061248779,0,6
3865,193,346,798,0.5066123604774475,0,6
3866,193,346,1993,0.4994765520095825,0,6
3867,193,346,1682,0.504385769367218,0,6
3868,193,346,564,0.5064977407455444,0,6
3869,193,346,349,0.5079876184463501,0,6
3870,193,346,1024,0.5031127333641052,0,6
3871,193,346,731,0.5105985403060913,0,6
3872,193,346,1743,0.503311038017273,0,6
3873,193,346,2005,0.5021934509277344,0,6
3874,193,346,1984,0.5039587616920471,0,6
3875,193,346,1726,0.503825306892395,0,6
3876,193,346,1999,0.5234541893005371,0,6
3877,193,346,623,0.5017333626747131,0,6
3878,193,346,766,0.5009104609489441,0,6
3879,193,346,12,0.5102919340133667,0,6
3880,194,2592,834,0.5168325901031494,1,1
3881,194,2592,1827,0.5002252459526062,0,1
3882,194,2592,1625,0.500376284122467,0,1
3883,194,2592,1303,0.5026572942733765,0,1
3884,194,2592,973,0.5026110410690308,0,1
3885,194,2592,374,0.5037049651145935,0,1
3886,194,2592,1272,0.5073610544204712,0,1
3887,194,2592,632,0.5031967163085938,0,1
3888,194,2592,1092,0.5131732225418091,0,1
3889,194,2592,1475,0.5020378232002258,0,1
3890,194,2592,155,0.5014711618423462,0,1
3891,194,2592,1160,0.5151281952857971,0,1
3892,194,2592,1028,0.502185046672821,0,1
3893,194,2592,1083,0.5002185702323914,0,1
3894,194,2592,1101,0.5026074647903442,0,1
3895,194,2592,528,0.5015977621078491,0,1
3896,194,2592,1695,0.5001755952835083,0,1
3897,194,2592,1812,0.5021534562110901,0,1
3898,194,2592,921,0.5131182074546814,0,1
3899,194,2592,795,0.5040871500968933,0,1
3900,195,1114,1544,0.5019416213035583,1,13
3901,195,1114,1134,0.511953592300415,0,13
3902,195,1114,1944,0.4999091923236847,0,13
3903,195,1114,777,0.5023307204246521,0,13
3904,195,1114,45,0.4996865689754486,0,13
3905,195,1114,1756,0.4997795522212982,0,13
3906,195,1114,1357,0.5002192854881287,0,13
3907,195,1114,1214,0.5168495178222656,0,13
3908,195,1114,1294,0.5194414854049683,0,13
3909,195,1114,482,0.5127978920936584,0,13
3910,195,1114,1189,0.5019510984420776,0,13
3911,195,1114,772,0.4999758005142212,0,13
3912,195,1114,550,0.5016496777534485,0,13
3913,195,1114,989,0.504787802696228,0,13
3914,195,1114,1123,0.5058118104934692,0,13
3915,195,1114,635,0.5024406313896179,0,13
3916,195,1114,1841,0.49992305040359497,0,13
3917,195,1114,1341,0.506352961063385,0,13
3918,195,1114,2026,0.5038639903068542,0,13
3919,195,1114,95,0.5031314492225647,0,13
3920,196,4163,48,0.5012167692184448,1,4
3921,196,4163,2,0.5007192492485046,0,4
3922,196,4163,1791,0.5007508397102356,0,4
3923,196,4163,30,0.5006967186927795,0,4
3924,196,4163,855,0.5007182955741882,0,4
3925,196,4163,1382,0.5008565783500671,0,4
3926,196,4163,1521,0.5013794898986816,0,4
3927,196,4163,1771,0.5010659098625183,0,4
3928,196,4163,150,0.5007880926132202,0,4
3929,196,4163,102,0.5009921789169312,0,4
3930,196,4163,992,0.5011311173439026,0,4
3931,196,4163,933,0.5010339021682739,0,4
3932,196,4163,1251,0.5009810328483582,0,4
3933,196,4163,1000,0.5011646151542664,0,4
3934,196,4163,697,0.5013229250907898,0,4
3935,196,4163,1399,0.501254677772522,0,4
3936,196,4163,1147,0.5010023713111877,0,4
3937,196,4163,1296,0.5006871223449707,0,4
3938,196,4163,860,0.501037061214447,0,4
3939,196,4163,1707,0.5009913444519043,0,4
3940,197,1741,202,0.5524266958236694,1,3
3941,197,1741,1671,0.5557786822319031,0,3
3942,197,1741,1242,0.5016663670539856,0,3
3943,197,1741,2054,0.5022148489952087,0,3
3944,197,1741,1053,0.5108749270439148,0,3
3945,197,1741,68,0.5053309798240662,0,3
3946,197,1741,826,0.5048407912254333,0,3
3947,197,1741,1694,0.5251998901367188,0,3
3948,197,1741,1876,0.7594262957572937,0,3
3949,197,1741,1348,0.5088747143745422,0,3
3950,197,1741,74,0.5094794631004333,0,3
3951,197,1741,1677,0.49993598461151123,0,3
3952,197,1741,1531,0.4997689127922058,0,3
3953,197,1741,1609,0.5052474141120911,0,3
3954,197,1741,358,0.505172610282898,0,3
3955,197,1741,1733,0.5025678873062134,0,3
3956,197,1741,1640,0.5204029083251953,0,3
3957,197,1741,542,0.5074771642684937,0,3
3958,197,1741,47,0.5048325657844543,0,3
3959,197,1741,825,0.5031201243400574,0,3
3960,198,542,631,0.49906250834465027,1,17
3961,198,542,1469,0.5034053325653076,0,17
3962,198,542,704,0.5021604299545288,0,17
3963,198,542,1195,0.49852392077445984,0,17
3964,198,542,174,0.5046104192733765,0,17
3965,198,542,1471,0.5014010071754456,0,17
3966,198,542,595,0.562171459197998,0,17
3967,198,542,1638,0.502316951751709,0,17
3968,198,542,1736,0.5061781406402588,0,17
3969,198,542,915,0.5040204524993896,0,17
3970,198,542,1318,0.5096561312675476,0,17
3971,198,542,1694,0.5385592579841614,0,17
3972,198,542,8,0.5019696354866028,0,17
3973,198,542,1074,0.5152454376220703,0,17
3974,198,542,1916,0.4984276294708252,0,17
3975,198,542,1479,0.5125941038131714,0,17
3976,198,542,1057,0.4988546371459961,0,17
3977,198,542,97,0.557549238204956,0,17
3978,198,542,176,0.5181739926338196,0,17
3979,198,542,1425,0.5036181211471558,0,17
3980,199,973,475,0.5029357075691223,1,5
3981,199,973,2054,0.5012223720550537,0,5
3982,199,973,1059,0.50045245885849,0,5
3983,199,973,1876,0.6074762344360352,0,5
3984,199,973,1951,0.5053381323814392,0,5
3985,199,973,1003,0.5002557039260864,0,5
3986,199,973,217,0.5018114447593689,0,5
3987,199,973,1164,0.5070158839225769,0,5
3988,199,973,1241,0.4999130070209503,0,5
3989,199,973,448,0.5024005174636841,0,5
3990,199,973,1069,0.5002902746200562,0,5
3991,199,973,816,0.502475380897522,0,5
3992,199,973,1306,0.5014761686325073,0,5
3993,199,973,933,0.503150463104248,0,5
3994,199,973,189,0.5014902353286743,0,5
3995,199,973,721,0.5006032586097717,0,5
3996,199,973,677,0.5000626444816589,0,5
3997,199,973,488,0.5012445449829102,0,5
3998,199,973,804,0.5015016794204712,0,5
3999,199,973,65,0.5007784962654114,0,5
4000,200,422,2015,0.49937179684638977,1,19
4001,200,422,794,0.505058765411377,0,19
4002,200,422,1558,0.4998399615287781,0,19
4003,200,422,702,0.5346782207489014,0,19
4004,200,422,697,0.5061475038528442,0,19
4005,200,422,538,0.5025841593742371,0,19
4006,200,422,1385,0.5157631039619446,0,19
4007,200,422,366,0.5115131139755249,0,19
4008,200,422,872,0.5013653635978699,0,19
4009,200,422,1304,0.5055108666419983,0,19
4010,200,422,674,0.5005647540092468,0,19
4011,200,422,21,0.5001957416534424,0,19
4012,200,422,319,0.504253089427948,0,19
4013,200,422,1258,0.503437876701355,0,19
4014,200,422,13,0.543042778968811,0,19
4015,200,422,971,0.499267041683197,0,19
4016,200,422,1038,0.5039806962013245,0,19
4017,200,422,866,0.5035167932510376,0,19
4018,200,422,1628,0.5027671456336975,0,19
4019,200,422,857,0.4995511770248413,0,19
4020,201,1464,1908,0.5002012848854065,1,18
4021,201,1464,1503,0.5002432465553284,0,18
4022,201,1464,328,0.5084940195083618,0,18
4023,201,1464,1585,0.4997687339782715,0,18
4024,201,1464,452,0.5019384026527405,0,18
4025,201,1464,2059,0.4998292326927185,0,18
4026,201,1464,779,0.502071738243103,0,18
4027,201,1464,1366,0.5036464929580688,0,18
4028,201,1464,1812,0.5025028586387634,0,18
4029,201,1464,1942,0.5256157517433167,0,18
4030,201,1464,734,0.5043674111366272,0,18
4031,201,1464,1148,0.5037261843681335,0,18
4032,201,1464,1811,0.5053344368934631,0,18
4033,201,1464,993,0.5079694986343384,0,18
4034,201,1464,735,0.503848135471344,0,18
4035,201,1464,466,0.5037766098976135,0,18
4036,201,1464,1077,0.5053458213806152,0,18
4037,201,1464,555,0.5004829168319702,0,18
4038,201,1464,819,0.5093932151794434,0,18
4039,201,1464,56,0.505465567111969,0,18
4040,202,1130,1404,0.5018218159675598,1,18
4041,202,1130,1598,0.5019176602363586,0,18
4042,202,1130,358,0.5036101937294006,0,18
4043,202,1130,2051,0.5260850787162781,0,18
4044,202,1130,1279,0.5017568469047546,0,18
4045,202,1130,483,0.5118475556373596,0,18
4046,202,1130,398,0.5208539366722107,0,18
4047,202,1130,206,0.5072669386863708,0,18
4048,202,1130,240,0.503608763217926,0,18
4049,202,1130,1217,0.5048829913139343,0,18
4050,202,1130,658,0.5111332535743713,0,18
4051,202,1130,1120,0.5088291764259338,0,18
4052,202,1130,1060,0.5041171312332153,0,18
4053,202,1130,927,0.5040003061294556,0,18
4054,202,1130,1136,0.503048837184906,0,18
4055,202,1130,1078,0.5022419691085815,0,18
4056,202,1130,1489,0.502833366394043,0,18
4057,202,1130,1469,0.5022839307785034,0,18
4058,202,1130,541,0.5077372789382935,0,18
4059,202,1130,110,0.5002750158309937,0,18
4060,203,4174,1694,0.5010017156600952,1,6
4061,203,4174,527,0.5008993148803711,0,6
4062,203,4174,1216,0.5005797147750854,0,6
4063,203,4174,1149,0.5008012652397156,0,6
4064,203,4174,2033,0.500877320766449,0,6
4065,203,4174,181,0.5009352564811707,0,6
4066,203,4174,1728,0.500855028629303,0,6
4067,203,4174,1591,0.5009450316429138,0,6
4068,203,4174,640,0.5010173320770264,0,6
4069,203,4174,1707,0.5007904171943665,0,6
4070,203,4174,1016,0.5011773705482483,0,6
4071,203,4174,1827,0.5007521510124207,0,6
4072,203,4174,1633,0.5010530352592468,0,6
4073,203,4174,411,0.5007829666137695,0,6
4074,203,4174,924,0.5010045170783997,0,6
4075,203,4174,783,0.5007781386375427,0,6
4076,203,4174,775,0.5007007122039795,0,6
4077,203,4174,159,0.5013718008995056,0,6
4078,203,4174,350,0.5007719993591309,0,6
4079,203,4174,324,0.500756025314331,0,6
4080,204,986,884,0.5024413466453552,1,15
4081,204,986,258,0.518987774848938,0,15
4082,204,986,710,0.5029442310333252,0,15
4083,204,986,1310,0.5146334767341614,0,15
4084,204,986,492,0.4996340572834015,0,15
4085,204,986,1175,0.5019310116767883,0,15
4086,204,986,630,0.49898359179496765,0,15
4087,204,986,1623,0.5028823018074036,0,15
4088,204,986,1836,0.5148952007293701,0,15
4089,204,986,1965,0.5090652704238892,0,15
4090,204,986,1002,0.5062568187713623,0,15
4091,204,986,1542,0.5027049779891968,0,15
4092,204,986,448,0.5040296316146851,0,15
4093,204,986,1178,0.5136762857437134,0,15
4094,204,986,873,0.49989137053489685,0,15
4095,204,986,1364,0.5068899393081665,0,15
4096,204,986,1970,0.5038028955459595,0,15
4097,204,986,1398,0.5024204850196838,0,15
4098,204,986,719,0.5310096740722656,0,15
4099,204,986,660,0.5039729475975037,0,15
4100,205,2158,297,0.5061200261116028,1,3
4101,205,2158,1388,0.5036699175834656,0,3
4102,205,2158,2068,0.5264835953712463,0,3
4103,205,2158,951,0.49979862570762634,0,3
4104,205,2158,859,0.5013195276260376,0,3
4105,205,2158,983,0.5039781928062439,0,3
4106,205,2158,396,0.5008542537689209,0,3
4107,205,2158,402,0.5011003017425537,0,3
4108,205,2158,998,0.504440426826477,0,3
4109,205,2158,1736,0.5015919208526611,0,3
4110,205,2158,255,0.5047864317893982,0,3
4111,205,2158,410,0.5041760802268982,0,3
4112,205,2158,1541,0.5007889866828918,0,3
4113,205,2158,1266,0.5016597509384155,0,3
4114,205,2158,536,0.5016902089118958,0,3
4115,205,2158,1828,0.5187496542930603,0,3
4116,205,2158,1116,0.5006125569343567,0,3
4117,205,2158,1746,0.5030504465103149,0,3
4118,205,2158,1662,0.5009946823120117,0,3
4119,205,2158,1064,0.502149760723114,0,3
4120,206,3204,1717,0.5003429651260376,1,20
4121,206,3204,1432,0.5015308856964111,0,20
4122,206,3204,328,0.5026359558105469,0,20
4123,206,3204,92,0.5016610622406006,0,20
4124,206,3204,1921,0.5005733370780945,0,20
4125,206,3204,68,0.5013142228126526,0,20
4126,206,3204,385,0.5011306405067444,0,20
4127,206,3204,1978,0.5012532472610474,0,20
4128,206,3204,721,0.5009192824363708,0,20
4129,206,3204,660,0.5016900897026062,0,20
4130,206,3204,496,0.5011335015296936,0,20
4131,206,3204,83,0.5016830563545227,0,20
4132,206,3204,1559,0.5073219537734985,0,20
4133,206,3204,1784,0.5012186765670776,0,20
4134,206,3204,886,0.5013647675514221,0,20
4135,206,3204,1893,0.5017048716545105,0,20
4136,206,3204,1563,0.5022199153900146,0,20
4137,206,3204,1518,0.5118674039840698,0,20
4138,206,3204,1602,0.5009106993675232,0,20
4139,206,3204,1376,0.5005815029144287,0,20
4140,207,677,122,0.5082948803901672,1,2
4141,207,677,1483,0.5014682412147522,0,2
4142,207,677,1319,0.5002484321594238,0,2
4143,207,677,86,0.502685546875,0,2
4144,207,677,1085,0.5003299713134766,0,2
4145,207,677,1872,0.5002497434616089,0,2
4146,207,677,511,0.5241450667381287,0,2
4147,207,677,679,0.5026382207870483,0,2
4148,207,677,1944,0.5001493096351624,0,2
4149,207,677,1370,0.5068073868751526,0,2
4150,207,677,1226,0.5003068447113037,0,2
4151,207,677,829,0.5027614831924438,0,2
4152,207,677,1677,0.5003827214241028,0,2
4153,207,677,1925,0.5024590492248535,0,2
4154,207,677,1767,0.49995899200439453,0,2
4155,207,677,554,0.5004607439041138,0,2
4156,207,677,292,0.5001974701881409,0,2
4157,207,677,189,0.501902163028717,0,2
4158,207,677,705,0.5003461837768555,0,2
4159,207,677,368,0.5029463768005371,0,2
4160,208,3122,610,0.5005258321762085,1,17
4161,208,3122,1211,0.501527726650238,0,17
4162,208,3122,661,0.5186025500297546,0,17
4163,208,3122,254,0.5032458305358887,0,17
4164,208,3122,873,0.500519871711731,0,17
4165,208,3122,628,0.5203946232795715,0,17
4166,208,3122,944,0.5013640522956848,0,17
4167,208,3122,2052,0.5014194846153259,0,17
4168,208,3122,846,0.5016800761222839,0,17
4169,208,3122,1247,0.5003374814987183,0,17
4170,208,3122,329,0.5003169775009155,0,17
4171,208,3122,1857,0.5037025213241577,0,17
4172,208,3122,1659,0.5015002489089966,0,17
4173,208,3122,240,0.5032316446304321,0,17
4174,208,3122,1379,0.5110583305358887,0,17
4175,208,3122,1781,0.503014326095581,0,17
4176,208,3122,1227,0.5017692446708679,0,17
4177,208,3122,177,0.5011480450630188,0,17
4178,208,3122,283,0.5033793449401855,0,17
4179,208,3122,750,0.50180584192276,0,17
4180,209,3672,412,0.5008083581924438,1,17
4181,209,3672,1235,0.5022968053817749,0,17
4182,209,3672,84,0.5025503039360046,0,17
4183,209,3672,662,0.5015670657157898,0,17
4184,209,3672,953,0.5074511766433716,0,17
4185,209,3672,14,0.5052046775817871,0,17
4186,209,3672,1578,0.5356162786483765,0,17
4187,209,3672,1365,0.510983943939209,0,17
4188,209,3672,1851,0.5031169652938843,0,17
4189,209,3672,471,0.5001903772354126,0,17
4190,209,3672,139,0.5069211721420288,0,17
4191,209,3672,1505,0.5007336735725403,0,17
4192,209,3672,1885,0.5019562244415283,0,17
4193,209,3672,187,0.5037196278572083,0,17
4194,209,3672,1545,0.5100336074829102,0,17
4195,209,3672,1186,0.5018686056137085,0,17
4196,209,3672,625,0.5019872784614563,0,17
4197,209,3672,1303,0.5026823282241821,0,17
4198,209,3672,99,0.5005154609680176,0,17
4199,209,3672,478,0.5022043585777283,0,17
4200,210,3890,2022,0.5007656216621399,1,6
4201,210,3890,596,0.5008201003074646,0,6
4202,210,3890,451,0.5006012320518494,0,6
4203,210,3890,1675,0.5005970001220703,0,6
4204,210,3890,1682,0.5008310675621033,0,6
4205,210,3890,1180,0.5005892515182495,0,6
4206,210,3890,1239,0.500840961933136,0,6
4207,210,3890,1570,0.5006760358810425,0,6
4208,210,3890,226,0.5007634162902832,0,6
4209,210,3890,138,0.5007551312446594,0,6
4210,210,3890,133,0.5007316470146179,0,6
4211,210,3890,1254,0.5006170272827148,0,6
4212,210,3890,1728,0.5007278919219971,0,6
4213,210,3890,511,0.4996153712272644,0,6
4214,210,3890,1087,0.5008403062820435,0,6
4215,210,3890,468,0.5006033182144165,0,6
4216,210,3890,305,0.5006285905838013,0,6
4217,210,3890,732,0.5007084608078003,0,6
4218,210,3890,421,0.5007299184799194,0,6
4219,210,3890,1329,0.5008470416069031,0,6
4220,211,1415,2038,0.5688775181770325,1,1
4221,211,1415,84,0.5025685429573059,0,1
4222,211,1415,957,0.5082816481590271,0,1
4223,211,1415,1045,0.5020261406898499,0,1
4224,211,1415,1915,0.5055027604103088,0,1
4225,211,1415,1159,0.5057456493377686,0,1
4226,211,1415,753,0.5012357234954834,0,1
4227,211,1415,236,0.5027344822883606,0,1
4228,211,1415,1730,0.5248156785964966,0,1
4229,211,1415,629,0.49887967109680176,0,1
4230,211,1415,1477,0.4990617334842682,0,1
4231,211,1415,1645,0.5051583051681519,0,1
4232,211,1415,486,0.4988881051540375,0,1
4233,211,1415,794,0.5050929188728333,0,1
4234,211,1415,1531,0.4990060329437256,0,1
4235,211,1415,756,0.5074355602264404,0,1
4236,211,1415,1609,0.5043208599090576,0,1
4237,211,1415,1491,0.5015686750411987,0,1
4238,211,1415,282,0.5096709728240967,0,1
4239,211,1415,402,0.5027418732643127,0,1
4240,212,268,1972,0.5081662535667419,1,8
4241,212,268,1467,0.5454161167144775,0,8
4242,212,268,1504,0.4994032382965088,0,8
4243,212,268,116,0.4993005096912384,0,8
4244,212,268,575,0.5058925151824951,0,8
4245,212,268,1568,0.49897530674934387,0,8
4246,212,268,83,0.5083565711975098,0,8
4247,212,268,1441,0.5106874108314514,0,8
4248,212,268,345,0.984747588634491,0,8
4249,212,268,1668,0.5077347159385681,0,8
4250,212,268,1826,0.5037370920181274,0,8
4251,212,268,1805,0.5041154026985168,0,8
4252,212,268,990,0.49901828169822693,0,8
4253,212,268,18,0.5032635927200317,0,8
4254,212,268,1429,0.5000835657119751,0,8
4255,212,268,2070,0.5023881793022156,0,8
4256,212,268,641,0.5065777897834778,0,8
4257,212,268,222,0.5084737539291382,0,8
4258,212,268,847,0.5093722939491272,0,8
4259,212,268,508,0.5642849206924438,0,8
4260,213,2760,1199,0.5005537271499634,1,19
4261,213,2760,1259,0.506615936756134,0,19
4262,213,2760,1838,0.5021915435791016,0,19
4263,213,2760,1329,0.5034425258636475,0,19
4264,213,2760,1266,0.5018832683563232,0,19
4265,213,2760,1464,0.501713216304779,0,19
4266,213,2760,546,0.5019307732582092,0,19
4267,213,2760,856,0.5011522173881531,0,19
4268,213,2760,1880,0.5023887157440186,0,19
4269,213,2760,2077,0.5020245313644409,0,19
4270,213,2760,1895,0.501621663570404,0,19
4271,213,2760,655,0.513592004776001,0,19
4272,213,2760,21,0.5005789399147034,0,19
4273,213,2760,1028,0.5015115141868591,0,19
4274,213,2760,959,0.505387008190155,0,19
4275,213,2760,11,0.5004851222038269,0,19
4276,213,2760,984,0.5010457634925842,0,19
4277,213,2760,25,0.5014161467552185,0,19
4278,213,2760,13,0.5143876671791077,0,19
4279,213,2760,1314,0.5016043186187744,0,19
4280,214,2395,449,0.5095775723457336,1,7
4281,214,2395,1117,0.5046538710594177,0,7
4282,214,2395,1407,0.5062645673751831,0,7
4283,214,2395,701,0.5002949237823486,0,7
4284,214,2395,1400,0.5163185000419617,0,7
4285,214,2395,539,0.5060689449310303,0,7
4286,214,2395,1369,0.5061721801757812,0,7
4287,214,2395,258,0.5234261751174927,0,7
4288,214,2395,706,0.5026944875717163,0,7
4289,214,2395,523,0.512300431728363,0,7
4290,214,2395,993,0.5105193853378296,0,7
4291,214,2395,353,0.5029891133308411,0,7
4292,214,2395,269,0.5030834078788757,0,7
4293,214,2395,41,0.5157369375228882,0,7
4294,214,2395,180,0.5027007460594177,0,7
4295,214,2395,410,0.5099277496337891,0,7
4296,214,2395,431,0.5095336437225342,0,7
4297,214,2395,1236,0.5054906606674194,0,7
4298,214,2395,880,0.5053631067276001,0,7
4299,214,2395,749,0.5071989893913269,0,7
4300,215,254,335,0.5052408576011658,1,5
4301,215,254,800,0.5018914341926575,0,5
4302,215,254,979,0.5034831762313843,0,5
4303,215,254,1113,0.5023501515388489,0,5
4304,215,254,696,0.5043649673461914,0,5
4305,215,254,88,0.5027766823768616,0,5
4306,215,254,960,0.5083620548248291,0,5
4307,215,254,1889,0.5050926804542542,0,5
4308,215,254,775,0.5002316236495972,0,5
4309,215,254,669,0.5039421319961548,0,5
4310,215,254,1446,0.5013197660446167,0,5
4311,215,254,1521,0.5135507583618164,0,5
4312,215,254,1956,0.5031009912490845,0,5
4313,215,254,754,0.506924033164978,0,5
4314,215,254,1269,0.5043677687644958,0,5
4315,215,254,2071,0.5032318234443665,0,5
4316,215,254,1119,0.5076594352722168,0,5
4317,215,254,64,0.5023902654647827,0,5
4318,215,254,2057,0.5015614032745361,0,5
4319,215,254,802,0.5020160675048828,0,5
4320,216,641,572,0.5340721011161804,1,3
4321,216,641,181,0.5035897493362427,0,3
4322,216,641,1768,0.49937576055526733,0,3
4323,216,641,1391,0.5026511549949646,0,3
4324,216,641,1964,0.5030114054679871,0,3
4325,216,641,377,0.5122591853141785,0,3
4326,216,641,1843,0.5348213315010071,0,3
4327,216,641,1502,0.49991804361343384,0,3
4328,216,641,335,0.5049219727516174,0,3
4329,216,641,278,0.4998137354850769,0,3
4330,216,641,1035,0.5066819787025452,0,3
4331,216,641,1175,0.5027516484260559,0,3
4332,216,641,634,0.4996258318424225,0,3
4333,216,641,721,0.500627338886261,0,3
4334,216,641,388,0.5010323524475098,0,3
4335,216,641,1008,0.5044733881950378,0,3
4336,216,641,204,0.5022867321968079,0,3
4337,216,641,700,0.5502625107765198,0,3
4338,216,641,960,0.5124908089637756,0,3
4339,216,641,329,0.5001518130302429,0,3
4340,217,2116,1917,0.5394139885902405,1,1
4341,217,2116,656,0.49949172139167786,0,1
4342,217,2116,809,0.5010055303573608,0,1
4343,217,2116,736,0.5060080289840698,0,1
4344,217,2116,1848,0.5113196969032288,0,1
4345,217,2116,1789,0.5075835585594177,0,1
4346,217,2116,1302,0.5087913274765015,0,1
4347,217,2116,170,0.5019187927246094,0,1
4348,217,2116,2025,0.5036168694496155,0,1
4349,217,2116,108,0.5053200721740723,0,1
4350,217,2116,942,0.5155618190765381,0,1
4351,217,2116,116,0.49992048740386963,0,1
4352,217,2116,1804,0.5019544959068298,0,1
4353,217,2116,53,0.49927839636802673,0,1
4354,217,2116,1744,0.5082962512969971,0,1
4355,217,2116,1539,0.5025303363800049,0,1
4356,217,2116,1159,0.505636990070343,0,1
4357,217,2116,1125,0.5026052594184875,0,1
4358,217,2116,1419,0.507200300693512,0,1
4359,217,2116,982,0.49970752000808716,0,1
4360,218,3649,1406,0.5008299946784973,1,20
4361,218,3649,1791,0.5008432269096375,0,20
4362,218,3649,438,0.5018090009689331,0,20
4363,218,3649,1042,0.5020348429679871,0,20
4364,218,3649,1032,0.5016679167747498,0,20
4365,218,3649,818,0.5038025975227356,0,20
4366,218,3649,637,0.5039846897125244,0,20
4367,218,3649,1412,0.5012437105178833,0,20
4368,218,3649,545,0.5022813081741333,0,20
4369,218,3649,96,0.5015363693237305,0,20
4370,218,3649,234,0.5024034380912781,0,20
4371,218,3649,830,0.5016476511955261,0,20
4372,218,3649,954,0.502215564250946,0,20
4373,218,3649,576,0.5016497373580933,0,20
4374,218,3649,1414,0.5030144453048706,0,20
4375,218,3649,1670,0.5026423931121826,0,20
4376,218,3649,736,0.5018362998962402,0,20
4377,218,3649,572,0.5074127316474915,0,20
4378,218,3649,1199,0.5009402632713318,0,20
4379,218,3649,1714,0.5014410018920898,0,20
4380,219,547,1349,0.5044282078742981,1,5
4381,219,547,2009,0.5012294054031372,0,5
4382,219,547,985,0.5080598592758179,0,5
4383,219,547,438,0.5024714469909668,0,5
4384,219,547,668,0.4998624622821808,0,5
4385,219,547,726,0.5025542974472046,0,5
4386,219,547,1563,0.5029242038726807,0,5
4387,219,547,992,0.5030550956726074,0,5
4388,219,547,1950,0.5048348307609558,0,5
4389,219,547,1707,0.5080926418304443,0,5
4390,219,547,2071,0.5021252632141113,0,5
4391,219,547,638,0.5014882683753967,0,5
4392,219,547,172,0.5001073479652405,0,5
4393,219,547,974,0.5010590553283691,0,5
4394,219,547,464,0.5005612373352051,0,5
4395,219,547,1300,0.5017516016960144,0,5
4396,219,547,1550,0.5011817216873169,0,5
4397,219,547,591,0.5013822913169861,0,5
4398,219,547,913,0.5224920511245728,0,5
4399,219,547,1839,0.5018545985221863,0,5
4400,220,282,1278,0.647067129611969,1,1
4401,220,282,821,0.4986930787563324,0,1
4402,220,282,1838,0.5044645071029663,0,1
4403,220,282,625,0.5017597675323486,0,1
4404,220,282,594,0.5544161200523376,0,1
4405,220,282,1987,0.50611811876297,0,1
4406,220,282,1327,0.5169421434402466,0,1
4407,220,282,833,0.5036264657974243,0,1
4408,220,282,326,0.49837613105773926,0,1
4409,220,282,1319,0.49874040484428406,0,1
4410,220,282,1879,0.502414882183075,0,1
4411,220,282,900,0.5003629922866821,0,1
4412,220,282,70,0.5015385150909424,0,1
4413,220,282,1310,0.5198977589607239,0,1
4414,220,282,565,0.5061766505241394,0,1
4415,220,282,346,0.4991636574268341,0,1
4416,220,282,1430,0.5051250457763672,0,1
4417,220,282,1422,0.49803921580314636,0,1
4418,220,282,307,0.5086734890937805,0,1
4419,220,282,2072,0.5035130381584167,0,1
4420,221,3657,1243,0.5005355477333069,1,17
4421,221,3657,224,0.5213884115219116,0,17
4422,221,3657,1599,0.5004794001579285,0,17
4423,221,3657,1507,0.5106004476547241,0,17
4424,221,3657,49,0.5100758671760559,0,17
4425,221,3657,1935,0.5015144944190979,0,17
4426,221,3657,145,0.502047598361969,0,17
4427,221,3657,820,0.5013238191604614,0,17
4428,221,3657,288,0.5012906193733215,0,17
4429,221,3657,309,0.5013108253479004,0,17
4430,221,3657,1777,0.5108255743980408,0,17
4431,221,3657,1519,0.5247880220413208,0,17
4432,221,3657,1916,0.5005318522453308,0,17
4433,221,3657,44,0.5014498233795166,0,17
4434,221,3657,211,0.501545786857605,0,17
4435,221,3657,135,0.5020385980606079,0,17
4436,221,3657,1221,0.501907229423523,0,17
4437,221,3657,905,0.5004441142082214,0,17
4438,221,3657,1399,0.5056811571121216,0,17
4439,221,3657,828,0.502653181552887,0,17
4440,222,2802,1842,0.5033049583435059,1,8
4441,222,2802,527,0.5016229748725891,0,8
4442,222,2802,398,0.5081596374511719,0,8
4443,222,2802,658,0.5048044919967651,0,8
4444,222,2802,1617,0.503532886505127,0,8
4445,222,2802,1509,0.5038400292396545,0,8
4446,222,2802,224,0.5231367945671082,0,8
4447,222,2802,1024,0.501498281955719,0,8
4448,222,2802,1353,0.5027247667312622,0,8
4449,222,2802,1584,0.5012078881263733,0,8
4450,222,2802,1501,0.501382052898407,0,8
4451,222,2802,912,0.5015043616294861,0,8
4452,222,2802,1023,0.5063947439193726,0,8
4453,222,2802,288,0.5011411905288696,0,8
4454,222,2802,589,0.5006978511810303,0,8
4455,222,2802,1940,0.5024368166923523,0,8
4456,222,2802,693,0.5011300444602966,0,8
4457,222,2802,1266,0.5021610856056213,0,8
4458,222,2802,1515,0.5073163509368896,0,8
4459,222,2802,1482,0.501021683216095,0,8
4460,223,2675,1160,0.5369423031806946,1,1
4461,223,2675,1263,0.5024413466453552,0,1
4462,223,2675,1075,0.4995444416999817,0,1
4463,223,2675,1159,0.5060545206069946,0,1
4464,223,2675,911,0.5113599896430969,0,1
4465,223,2675,1110,0.5181408524513245,0,1
4466,223,2675,585,0.5040861964225769,0,1
4467,223,2675,905,0.49932417273521423,0,1
4468,223,2675,1796,0.5118733048439026,0,1
4469,223,2675,954,0.5076336860656738,0,1
4470,223,2675,311,0.5167493224143982,0,1
4471,223,2675,2023,0.5019241571426392,0,1
4472,223,2675,1818,0.5134276747703552,0,1
4473,223,2675,1090,0.503593385219574,0,1
4474,223,2675,966,0.5036134123802185,0,1
4475,223,2675,1012,0.5000237822532654,0,1
4476,223,2675,262,0.5304784774780273,0,1
4477,223,2675,776,0.49990013241767883,0,1
4478,223,2675,991,0.5026715397834778,0,1
4479,223,2675,50,0.503423273563385,0,1
4480,224,517,1620,0.6594720482826233,1,1
4481,224,517,606,0.5017350912094116,0,1
4482,224,517,1789,0.5069260001182556,0,1
4483,224,517,1027,0.5016882419586182,0,1
4484,224,517,1241,0.49924522638320923,0,1
4485,224,517,150,0.5036797523498535,0,1
4486,224,517,1496,0.5011982321739197,0,1
4487,224,517,1619,0.4993646442890167,0,1
4488,224,517,907,0.5053490996360779,0,1
4489,224,517,816,0.5055856704711914,0,1
4490,224,517,414,0.5006420016288757,0,1
4491,224,517,1674,0.4990096092224121,0,1
4492,224,517,235,0.5486283898353577,0,1
4493,224,517,654,0.5070091485977173,0,1
4494,224,517,1735,0.5005858540534973,0,1
4495,224,517,86,0.5050376653671265,0,1
4496,224,517,922,0.5010062456130981,0,1
4497,224,517,487,0.5037461519241333,0,1
4498,224,517,2069,0.49941107630729675,0,1
4499,224,517,1322,0.5150843262672424,0,1
4500,225,3561,186,0.5009085536003113,1,8
4501,225,3561,1509,0.5007976293563843,0,8
4502,225,3561,1792,0.5011196136474609,0,8
4503,225,3561,1408,0.5006858706474304,0,8
4504,225,3561,2029,0.5010578036308289,0,8
4505,225,3561,870,0.5008619427680969,0,8
4506,225,3561,1599,0.5007361769676208,0,8
4507,225,3561,1650,0.5009939074516296,0,8
4508,225,3561,814,0.501006543636322,0,8
4509,225,3561,283,0.5008511543273926,0,8
4510,225,3561,759,0.5008213520050049,0,8
4511,225,3561,1316,0.5008438229560852,0,8
4512,225,3561,657,0.5008773803710938,0,8
4513,225,3561,1781,0.500796914100647,0,8
4514,225,3561,165,0.5009470582008362,0,8
4515,225,3561,1577,0.5009467601776123,0,8
4516,225,3561,1158,0.5009293556213379,0,8
4517,225,3561,1725,0.5007106065750122,0,8
4518,225,3561,797,0.500793993473053,0,8
4519,225,3561,356,0.5008301138877869,0,8
4520,226,2404,139,0.5080274343490601,1,4
4521,226,2404,922,0.5011877417564392,0,4
4522,226,2404,2024,0.5012105107307434,0,4
4523,226,2404,846,0.5012440085411072,0,4
4524,226,2404,526,0.5010095238685608,0,4
4525,226,2404,1836,0.5120250582695007,0,4
4526,226,2404,1134,0.5141152739524841,0,4
4527,226,2404,806,0.5037487149238586,0,4
4528,226,2404,373,0.503788411617279,0,4
4529,226,2404,487,0.5029228925704956,0,4
4530,226,2404,342,0.501409649848938,0,4
4531,226,2404,385,0.5023025870323181,0,4
4532,226,2404,973,0.5025401711463928,0,4
4533,226,2404,190,0.5022247433662415,0,4
4534,226,2404,1146,0.5014125108718872,0,4
4535,226,2404,1753,0.5022936463356018,0,4
4536,226,2404,2073,0.5443850755691528,0,4
4537,226,2404,1027,0.5014333724975586,0,4
4538,226,2404,1050,0.5074681639671326,0,4
4539,226,2404,257,0.5044463276863098,0,4
4540,227,3873,695,0.5022820234298706,1,5
4541,227,3873,664,0.5015263557434082,0,5
4542,227,3873,126,0.5016095638275146,0,5
4543,227,3873,1788,0.5032039880752563,0,5
4544,227,3873,1573,0.5017543435096741,0,5
4545,227,3873,2075,0.5004668235778809,0,5
4546,227,3873,136,0.5009657740592957,0,5
4547,227,3873,1872,0.5003548264503479,0,5
4548,227,3873,1238,0.5014306902885437,0,5
4549,227,3873,757,0.5005839467048645,0,5
4550,227,3873,1793,0.5002477765083313,0,5
4551,227,3873,228,0.5012566447257996,0,5
4552,227,3873,940,0.5008441805839539,0,5
4553,227,3873,643,0.5007293820381165,0,5
4554,227,3873,1522,0.5024415850639343,0,5
4555,227,3873,431,0.5035486221313477,0,5
4556,227,3873,1362,0.5017451047897339,0,5
4557,227,3873,327,0.5003025531768799,0,5
4558,227,3873,1022,0.5013893246650696,0,5
4559,227,3873,1411,0.5044569373130798,0,5
4560,228,2687,673,0.5004282593727112,1,16
4561,228,2687,1027,0.5014125108718872,0,16
4562,228,2687,1365,0.5083125233650208,0,16
4563,228,2687,1404,0.5020944476127625,0,16
4564,228,2687,1441,0.5033188462257385,0,16
4565,228,2687,368,0.502970278263092,0,16
4566,228,2687,1202,0.5031944513320923,0,16
4567,228,2687,546,0.5019476413726807,0,16
4568,228,2687,1986,0.5725840926170349,0,16
4569,228,2687,1770,0.5024284720420837,0,16
4570,228,2687,1041,0.5021047592163086,0,16
4571,228,2687,1906,0.5004119873046875,0,16
4572,228,2687,772,0.5002877116203308,0,16
4573,228,2687,1840,0.5003706216812134,0,16
4574,228,2687,1309,0.5002717971801758,0,16
4575,228,2687,1654,0.5118604898452759,0,16
4576,228,2687,922,0.5026251077651978,0,16
4577,228,2687,1131,0.5014696717262268,0,16
4578,228,2687,770,0.5008349418640137,0,16
4579,228,2687,1201,0.5025518536567688,0,16
4580,229,1606,439,0.5249497294425964,1,2
4581,229,1606,63,0.5025906562805176,0,2
4582,229,1606,1917,0.5275958180427551,0,2
4583,229,1606,805,0.5148646831512451,0,2
4584,229,1606,858,0.5022109150886536,0,2
4585,229,1606,1866,0.5041069984436035,0,2
4586,229,1606,381,0.502038300037384,0,2
4587,229,1606,105,0.5074267983436584,0,2
4588,229,1606,770,0.5002059936523438,0,2
4589,229,1606,874,0.5017863512039185,0,2
4590,229,1606,1204,0.49995285272598267,0,2
4591,229,1606,137,0.5015710592269897,0,2
4592,229,1606,212,0.5086846947669983,0,2
4593,229,1606,963,0.5026443600654602,0,2
4594,229,1606,285,0.5048830509185791,0,2
4595,229,1606,934,0.5057147145271301,0,2
4596,229,1606,695,0.5038946866989136,0,2
4597,229,1606,199,0.5126929879188538,0,2
4598,229,1606,586,0.5047257542610168,0,2
4599,229,1606,1472,0.5074097514152527,0,2
4600,230,302,968,0.510270893573761,1,7
4601,230,302,677,0.499383807182312,0,7
4602,230,302,229,0.5115879774093628,0,7
4603,230,302,919,0.5448842644691467,0,7
4604,230,302,1867,0.5407918095588684,0,7
4605,230,302,592,0.5002580285072327,0,7
4606,230,302,433,0.5156409740447998,0,7
4607,230,302,125,0.5022411942481995,0,7
4608,230,302,342,0.5017030835151672,0,7
4609,230,302,1545,0.5135689377784729,0,7
4610,230,302,234,0.5065551400184631,0,7
4611,230,302,706,0.5008193850517273,0,7
4612,230,302,1110,0.5102624893188477,0,7
4613,230,302,1002,0.505074143409729,0,7
4614,230,302,530,0.504607081413269,0,7
4615,230,302,1201,0.5021827816963196,0,7
4616,230,302,1992,0.5008894801139832,0,7
4617,230,302,650,0.5017110705375671,0,7
4618,230,302,1526,0.5019849538803101,0,7
4619,230,302,1917,0.5329319834709167,0,7
4620,231,1755,1505,0.5005654692649841,1,15
4621,231,1755,1512,0.5017263293266296,0,15
4622,231,1755,446,0.5002903342247009,0,15
4623,231,1755,1540,0.5000591278076172,0,15
4624,231,1755,1569,0.5001865029335022,0,15
4625,231,1755,1937,0.5018623471260071,0,15
4626,231,1755,771,0.5025764107704163,0,15
4627,231,1755,453,0.5028605461120605,0,15
4628,231,1755,557,0.5002076625823975,0,15
4629,231,1755,477,0.5009475946426392,0,15
4630,231,1755,1613,0.5002427697181702,0,15
4631,231,1755,1303,0.5024168491363525,0,15
4632,231,1755,207,0.5022571086883545,0,15
4633,231,1755,1462,0.5011950731277466,0,15
4634,231,1755,883,0.5077113509178162,0,15
4635,231,1755,1712,0.5182846784591675,0,15
4636,231,1755,1007,0.5017553567886353,0,15
4637,231,1755,1873,0.5021272301673889,0,15
4638,231,1755,779,0.5013693571090698,0,15
4639,231,1755,1886,0.5042794942855835,0,15
4640,232,2784,1955,0.5005156397819519,1,19
4641,232,2784,1070,0.5017213821411133,0,19
4642,232,2784,1769,0.5008543729782104,0,19
4643,232,2784,1007,0.502106249332428,0,19
4644,232,2784,1529,0.5033076405525208,0,19
4645,232,2784,1266,0.5021299719810486,0,19
4646,232,2784,1998,0.5013080835342407,0,19
4647,232,2784,591,0.5019510388374329,0,19
4648,232,2784,1977,0.5017749667167664,0,19
4649,232,2784,474,0.504642128944397,0,19
4650,232,2784,158,0.5027421712875366,0,19
4651,232,2784,2039,0.5058203935623169,0,19
4652,232,2784,1212,0.5024962425231934,0,19
4653,232,2784,642,0.5014286637306213,0,19
4654,232,2784,697,0.5043280124664307,0,19
4655,232,2784,1792,0.50510573387146,0,19
4656,232,2784,1535,0.5064746141433716,0,19
4657,232,2784,1094,0.5019788146018982,0,19
4658,232,2784,486,0.500267505645752,0,19
4659,232,2784,811,0.5030401945114136,0,19
4660,233,127,1170,0.5138838291168213,1,1
4661,233,127,623,0.5014420747756958,0,1
4662,233,127,382,0.50013667345047,0,1
4663,233,127,1370,0.5109381079673767,0,1
4664,233,127,1039,0.5016776323318481,0,1
4665,233,127,1504,0.500228226184845,0,1
4666,233,127,1007,0.5027216076850891,0,1
4667,233,127,986,0.5033413767814636,0,1
4668,233,127,2015,0.5002763271331787,0,1
4669,233,127,1046,0.5023740530014038,0,1
4670,233,127,1673,0.50386643409729,0,1
4671,233,127,233,0.5052328109741211,0,1
4672,233,127,892,0.5039151906967163,0,1
4673,233,127,1572,0.502292275428772,0,1
4674,233,127,2065,0.5056802034378052,0,1
4675,233,127,98,0.5052900314331055,0,1
4676,233,127,650,0.5019140243530273,0,1
4677,233,127,1391,0.5022558569908142,0,1
4678,233,127,819,0.5074756145477295,0,1
4679,233,127,2004,0.5112577080726624,0,1
4680,234,1087,1349,0.5040987730026245,1,4
4681,234,1087,776,0.5002944469451904,0,4
4682,234,1087,727,0.5001188516616821,0,4
4683,234,1087,288,0.5011255145072937,0,4
4684,234,1087,9,0.5004844665527344,0,4
4685,234,1087,1518,0.5202784538269043,0,4
4686,234,1087,620,0.5003046989440918,0,4
4687,234,1087,125,0.5019707083702087,0,4
4688,234,1087,1979,0.5029865503311157,0,4
4689,234,1087,775,0.5000205636024475,0,4
4690,234,1087,1767,0.4999995827674866,0,4
4691,234,1087,1436,0.5017080307006836,0,4
4692,234,1087,974,0.50148606300354,0,4
4693,234,1087,42,0.5014423727989197,0,4
4694,234,1087,1911,0.5044805407524109,0,4
4695,234,1087,956,0.5022670030593872,0,4
4696,234,1087,954,0.5029152035713196,0,4
4697,234,1087,1710,0.5084256529808044,0,4
4698,234,1087,1839,0.5022498965263367,0,4
4699,234,1087,1817,0.5003086924552917,0,4
4700,235,34,959,0.506129801273346,1,7
4701,235,34,49,0.5145682692527771,0,7
4702,235,34,883,0.506391167640686,0,7
4703,235,34,251,0.5002225637435913,0,7
4704,235,34,59,0.5050459504127502,0,7
4705,235,34,1018,0.49999743700027466,0,7
4706,235,34,1739,0.5124311447143555,0,7
4707,235,34,55,0.5103640556335449,0,7
4708,235,34,1987,0.5032321214675903,0,7
4709,235,34,1029,0.5014770030975342,0,7
4710,235,34,1471,0.5010900497436523,0,7
4711,235,34,1796,0.504402220249176,0,7
4712,235,34,1133,0.5035942792892456,0,7
4713,235,34,1664,0.5440810322761536,0,7
4714,235,34,1886,0.5048840045928955,0,7
4715,235,34,1536,0.5220864415168762,0,7
4716,235,34,478,0.5015434622764587,0,7
4717,235,34,2072,0.502269446849823,0,7
4718,235,34,718,0.5049777626991272,0,7
4719,235,34,53,0.5004267692565918,0,7
4720,236,1043,595,0.5198031663894653,1,2
4721,236,1043,1991,0.5016470551490784,0,2
4722,236,1043,1002,0.5040189027786255,0,2
4723,236,1043,1546,0.5023326873779297,0,2
4724,236,1043,919,0.5314205288887024,0,2
4725,236,1043,78,0.5048612356185913,0,2
4726,236,1043,4,0.5013206601142883,0,2
4727,236,1043,558,0.500054121017456,0,2
4728,236,1043,1967,0.5002290606498718,0,2
4729,236,1043,2002,0.5045852065086365,0,2
4730,236,1043,1326,0.5041698813438416,0,2
4731,236,1043,1560,0.4998587667942047,0,2
4732,236,1043,1586,0.5015013217926025,0,2
4733,236,1043,1792,0.5058345794677734,0,2
4734,236,1043,1379,0.5164381861686707,0,2
4735,236,1043,637,0.5032137036323547,0,2
4736,236,1043,1705,0.5125054121017456,0,2
4737,236,1043,898,0.5025291442871094,0,2
4738,236,1043,1731,0.5030552744865417,0,2
4739,236,1043,1080,0.502263605594635,0,2
4740,237,1482,1939,0.502451479434967,1,12
4741,237,1482,634,0.4998833239078522,0,12
4742,237,1482,997,0.5029405951499939,0,12
4743,237,1482,1729,0.5019631385803223,0,12
4744,237,1482,811,0.5043824911117554,0,12
4745,237,1482,1555,0.5028815269470215,0,12
4746,237,1482,297,0.5085475444793701,0,12
4747,237,1482,1202,0.5044577717781067,0,12
4748,237,1482,1141,0.5006358623504639,0,12
4749,237,1482,1698,0.5007136464118958,0,12
4750,237,1482,1628,0.5018537640571594,0,12
4751,237,1482,1852,0.5020979642868042,0,12
4752,237,1482,105,0.5075185298919678,0,12
4753,237,1482,25,0.5015773177146912,0,12
4754,237,1482,1550,0.5014578104019165,0,12
4755,237,1482,882,0.5036643147468567,0,12
4756,237,1482,986,0.5031690001487732,0,12
4757,237,1482,255,0.5059998631477356,0,12
4758,237,1482,794,0.5031871795654297,0,12
4759,237,1482,1742,0.5025594830513,0,12
4760,238,2680,567,0.5135802626609802,1,3
4761,238,2680,954,0.5043216347694397,0,3
4762,238,2680,1608,0.5035721659660339,0,3
4763,238,2680,841,0.5301188230514526,0,3
4764,238,2680,1293,0.5005931258201599,0,3
4765,238,2680,164,0.5023579001426697,0,3
4766,238,2680,1613,0.5006345510482788,0,3
4767,238,2680,187,0.5037232637405396,0,3
4768,238,2680,1809,0.5078157782554626,0,3
4769,238,2680,1614,0.5020603537559509,0,3
4770,238,2680,935,0.5016747713088989,0,3
4771,238,2680,1119,0.5067599415779114,0,3
4772,238,2680,1601,0.501992404460907,0,3
4773,238,2680,408,0.5018728375434875,0,3
4774,238,2680,821,0.5003873705863953,0,3
4775,238,2680,2015,0.5002568364143372,0,3
4776,238,2680,631,0.5000596642494202,0,3
4777,238,2680,1680,0.5032216906547546,0,3
4778,238,2680,958,0.5160340070724487,0,3
4779,238,2680,1018,0.4999746084213257,0,3
4780,239,1917,939,0.5005111694335938,1,19
4781,239,1917,1561,0.5077571272850037,0,19
4782,239,1917,1947,0.5010594129562378,0,19
4783,239,1917,1759,0.5007522106170654,0,19
4784,239,1917,410,0.5017253160476685,0,19
4785,239,1917,1935,0.5013105869293213,0,19
4786,239,1917,275,0.500416100025177,0,19
4787,239,1917,1515,0.5050385594367981,0,19
4788,239,1917,1575,0.5019647479057312,0,19
4789,239,1917,1223,0.500663161277771,0,19
4790,239,1917,51,0.5005413889884949,0,19
4791,239,1917,1945,0.5006124973297119,0,19
4792,239,1917,1215,0.501017153263092,0,19
4793,239,1917,936,0.5017837882041931,0,19
4794,239,1917,160,0.5019899606704712,0,19
4795,239,1917,1159,0.5019477605819702,0,19
4796,239,1917,1678,0.5027880072593689,0,19
4797,239,1917,97,0.5073367357254028,0,19
4798,239,1917,1409,0.5005890130996704,0,19
4799,239,1917,125,0.5012453198432922,0,19
4800,240,1697,656,0.5005457401275635,1,20
4801,240,1697,636,0.5025479197502136,0,20
4802,240,1697,1164,0.5080985426902771,0,20
4803,240,1697,770,0.5009217262268066,0,20
4804,240,1697,1709,0.5013488531112671,0,20
4805,240,1697,135,0.5035862326622009,0,20
4806,240,1697,1742,0.5019334554672241,0,20
4807,240,1697,198,0.501647412776947,0,20
4808,240,1697,246,0.502051830291748,0,20
4809,240,1697,1528,0.505555272102356,0,20
4810,240,1697,796,0.5018881559371948,0,20
4811,240,1697,1697,0.501742959022522,0,20
4812,240,1697,2050,0.5030307173728943,0,20
4813,240,1697,1458,0.5015252828598022,0,20
4814,240,1697,1359,0.5155506134033203,0,20
4815,240,1697,1943,0.5034777522087097,0,20
4816,240,1697,2030,0.5044330954551697,0,20
4817,240,1697,575,0.5018966794013977,0,20
4818,240,1697,1842,0.5049145817756653,0,20
4819,240,1697,336,0.5016968846321106,0,20
4820,241,1772,1485,0.5004647970199585,1,19
4821,241,1772,1136,0.5019720196723938,0,19
4822,241,1772,36,0.502959132194519,0,19
4823,241,1772,42,0.501042902469635,0,19
4824,241,1772,627,0.5013299584388733,0,19
4825,241,1772,182,0.5042970776557922,0,19
4826,241,1772,1574,0.5014278888702393,0,19
4827,241,1772,987,0.5031766295433044,0,19
4828,241,1772,1416,0.503926694393158,0,19
4829,241,1772,629,0.5003823041915894,0,19
4830,241,1772,118,0.5016295313835144,0,19
4831,241,1772,1524,0.5014067888259888,0,19
4832,241,1772,519,0.500870406627655,0,19
4833,241,1772,493,0.5015113949775696,0,19
4834,241,1772,911,0.502547025680542,0,19
4835,241,1772,641,0.5016679763793945,0,19
4836,241,1772,1005,0.5020554065704346,0,19
4837,241,1772,777,0.5015589594841003,0,19
4838,241,1772,1671,0.5111640691757202,0,19
4839,241,1772,603,0.5005224943161011,0,19
4840,242,3336,1213,0.5007593035697937,1,20
4841,242,3336,184,0.5011028051376343,0,20
4842,242,3336,57,0.5011783242225647,0,20
4843,242,3336,335,0.5019845366477966,0,20
4844,242,3336,789,0.5030141472816467,0,20
4845,242,3336,1079,0.5010216236114502,0,20
4846,242,3336,1192,0.501022219657898,0,20
4847,242,3336,1792,0.5017868280410767,0,20
4848,242,3336,77,0.5009201765060425,0,20
4849,242,3336,1349,0.5015593767166138,0,20
4850,242,3336,266,0.5014434456825256,0,20
4851,242,3336,1872,0.5008224844932556,0,20
4852,242,3336,1690,0.5013802647590637,0,20
4853,242,3336,636,0.5008029937744141,0,20
4854,242,3336,1834,0.501406192779541,0,20
4855,242,3336,1289,0.501126766204834,0,20
4856,242,3336,1100,0.5009562373161316,0,20
4857,242,3336,869,0.5012269020080566,0,20
4858,242,3336,1169,0.5015159249305725,0,20
4859,242,3336,229,0.5021689534187317,0,20
4860,243,503,465,0.5000831484794617,1,20
4861,243,503,302,0.5017914175987244,0,20
4862,243,503,90,0.502549946308136,0,20
4863,243,503,1343,0.502100944519043,0,20
4864,243,503,576,0.5020032525062561,0,20
4865,243,503,713,0.5013812184333801,0,20
4866,243,503,1690,0.5019931793212891,0,20
4867,243,503,1313,0.5093702673912048,0,20
4868,243,503,594,0.5199207067489624,0,20
4869,243,503,1583,0.5012184977531433,0,20
4870,243,503,1629,0.5001781582832336,0,20
4871,243,503,1121,0.5065728425979614,0,20
4872,243,503,1401,0.502159059047699,0,20
4873,243,503,893,0.5001078248023987,0,20
4874,243,503,941,0.5016885995864868,0,20
4875,243,503,564,0.5023224949836731,0,20
4876,243,503,288,0.5010665655136108,0,20
4877,243,503,581,0.5019402503967285,0,20
4878,243,503,462,0.5083873271942139,0,20
4879,243,503,230,0.5030175447463989,0,20
4880,244,810,1011,0.5094855427742004,1,3
4881,244,810,67,0.5040457248687744,0,3
4882,244,810,572,0.5143720507621765,0,3
4883,244,810,1498,0.5023541450500488,0,3
4884,244,810,1283,0.5001826882362366,0,3
4885,244,810,890,0.5013106465339661,0,3
4886,244,810,598,0.5036795735359192,0,3
4887,244,810,1279,0.5013273358345032,0,3
4888,244,810,176,0.5033833980560303,0,3
4889,244,810,437,0.5026878714561462,0,3
4890,244,810,669,0.5031305551528931,0,3
4891,244,810,1722,0.5013602375984192,0,3
4892,244,810,523,0.5049095749855042,0,3
4893,244,810,168,0.5021544694900513,0,3
4894,244,810,433,0.509502649307251,0,3
4895,244,810,1715,0.5026693344116211,0,3
4896,244,810,808,0.5031595230102539,0,3
4897,244,810,153,0.5069624185562134,0,3
4898,244,810,1422,0.5001305341720581,0,3
4899,244,810,854,0.5003334283828735,0,3
4900,245,101,208,0.5131465792655945,1,3
4901,245,101,656,0.4994142949581146,0,3
4902,245,101,1466,0.5019340515136719,0,3
4903,245,101,1569,0.4995686113834381,0,3
4904,245,101,1798,0.5017112493515015,0,3
4905,245,101,790,0.5050413608551025,0,3
4906,245,101,1007,0.501031219959259,0,3
4907,245,101,129,0.4991922378540039,0,3
4908,245,101,774,0.5021622180938721,0,3
4909,245,101,1518,0.5324109196662903,0,3
4910,245,101,1987,0.5030195713043213,0,3
4911,245,101,1029,0.5023186802864075,0,3
4912,245,101,2028,0.5019709467887878,0,3
4913,245,101,267,0.49904951453208923,0,3
4914,245,101,440,0.5025175213813782,0,3
4915,245,101,1435,0.5074767470359802,0,3
4916,245,101,77,0.4992951452732086,0,3
4917,245,101,1546,0.502025842666626,0,3
4918,245,101,1744,0.5057111978530884,0,3
4919,245,101,923,0.5328765511512756,0,3
4920,246,537,97,0.5281023383140564,1,2
4921,246,537,535,0.5034444332122803,0,2
4922,246,537,673,0.49919068813323975,0,2
4923,246,537,53,0.49983543157577515,0,2
4924,246,537,1032,0.5009750127792358,0,2
4925,246,537,581,0.5028213262557983,0,2
4926,246,537,517,0.5042096972465515,0,2
4927,246,537,1310,0.5131763219833374,0,2
4928,246,537,1578,0.5513918995857239,0,2
4929,246,537,583,0.5024799704551697,0,2
4930,246,537,1956,0.5022632479667664,0,2
4931,246,537,816,0.5045740008354187,0,2
4932,246,537,1182,0.515232503414154,0,2
4933,246,537,252,0.4994663894176483,0,2
4934,246,537,556,0.5023950934410095,0,2
4935,246,537,728,0.5033716559410095,0,2
4936,246,537,635,0.5026440620422363,0,2
4937,246,537,1776,0.5037704110145569,0,2
4938,246,537,793,0.4999743700027466,0,2
4939,246,537,1249,0.4996250569820404,0,2
4940,247,2138,590,0.5635040998458862,1,1
4941,247,2138,1195,0.49981456995010376,0,1
4942,247,2138,381,0.502611517906189,0,1
4943,247,2138,751,0.4999655485153198,0,1
4944,247,2138,266,0.5029388666152954,0,1
4945,247,2138,1370,0.5127571225166321,0,1
4946,247,2138,495,0.5026904344558716,0,1
4947,247,2138,778,0.5333953499794006,0,1
4948,247,2138,785,0.5023488998413086,0,1
4949,247,2138,532,0.500527024269104,0,1
4950,247,2138,1828,0.5360884666442871,0,1
4951,247,2138,138,0.4996066093444824,0,1
4952,247,2138,1081,0.500392735004425,0,1
4953,247,2138,760,0.5270783305168152,0,1
4954,247,2138,106,0.5202907919883728,0,1
4955,247,2138,191,0.5038009285926819,0,1
4956,247,2138,2009,0.5028582811355591,0,1
4957,247,2138,1359,0.5279609560966492,0,1
4958,247,2138,168,0.5039805769920349,0,1
4959,247,2138,1038,0.5030267238616943,0,1
4960,248,3760,1587,0.5002914667129517,1,15
4961,248,3760,454,0.5018331408500671,0,15
4962,248,3760,770,0.5004540681838989,0,15
4963,248,3760,268,0.5008544325828552,0,15
4964,248,3760,122,0.509468138217926,0,15
4965,248,3760,1728,0.5039544701576233,0,15
4966,248,3760,15,0.5009344220161438,0,15
4967,248,3760,1320,0.5033864378929138,0,15
4968,248,3760,1505,0.500618040561676,0,15
4969,248,3760,629,0.4999116361141205,0,15
4970,248,3760,51,0.5001212358474731,0,15
4971,248,3760,71,0.5106239914894104,0,15
4972,248,3760,426,0.5103083252906799,0,15
4973,248,3760,1621,0.5000776648521423,0,15
4974,248,3760,2056,0.5002608895301819,0,15
4975,248,3760,2018,0.5002887845039368,0,15
4976,248,3760,197,0.504186749458313,0,15
4977,248,3760,1077,0.5033847689628601,0,15
4978,248,3760,311,0.5062352418899536,0,15
4979,248,3760,267,0.5002980828285217,0,15
4980,249,1779,1629,0.5001054406166077,1,18
4981,249,1779,396,0.5013388395309448,0,18
4982,249,1779,465,0.500015377998352,0,18
4983,249,1779,997,0.5023043751716614,0,18
4984,249,1779,639,0.5045842528343201,0,18
4985,249,1779,1750,0.5041241645812988,0,18
4986,249,1779,1917,0.5215839147567749,0,18
4987,249,1779,1692,0.5018007755279541,0,18
4988,249,1779,1842,0.5058902502059937,0,18
4989,249,1779,977,0.501846194267273,0,18
4990,249,1779,432,0.5015339851379395,0,18
4991,249,1779,1130,0.5022069215774536,0,18
4992,249,1779,1736,0.5023241639137268,0,18
4993,249,1779,589,0.5001309514045715,0,18
4994,249,1779,650,0.5013877153396606,0,18
4995,249,1779,370,0.5022295117378235,0,18
4996,249,1779,435,0.5043665170669556,0,18
4997,249,1779,81,0.5012673139572144,0,18
4998,249,1779,1870,0.5015893578529358,0,18
4999,249,1779,1621,0.5000631213188171,0,18
5000,250,4139,1389,0.500737726688385,1,16
5001,250,4139,897,0.5008057951927185,0,16
5002,250,4139,610,0.5007047057151794,0,16
5003,250,4139,280,0.500927209854126,0,16
5004,250,4139,1104,0.5016534924507141,0,16
5005,250,4139,2008,0.5011229515075684,0,16
5006,250,4139,649,0.5010963082313538,0,16
5007,250,4139,169,0.5007304549217224,0,16
5008,250,4139,481,0.5009304285049438,0,16
5009,250,4139,1570,0.5008020997047424,0,16
5010,250,4139,850,0.5012089610099792,0,16
5011,250,4139,1399,0.5010275840759277,0,16
5012,250,4139,61,0.5009726881980896,0,16
5013,250,4139,228,0.500735342502594,0,16
5014,250,4139,1158,0.500907301902771,0,16
5015,250,4139,842,0.5005631446838379,0,16
5016,250,4139,1065,0.5007984638214111,0,16
5017,250,4139,956,0.5010532140731812,0,16
5018,250,4139,1174,0.500977635383606,0,16
5019,250,4139,1952,0.5014657378196716,0,16
5020,251,1607,250,0.5022612810134888,1,8
5021,251,1607,979,0.5025894045829773,0,8
5022,251,1607,1288,0.5031766295433044,0,8
5023,251,1607,146,0.5026852488517761,0,8
5024,251,1607,1251,0.5017834305763245,0,8
5025,251,1607,315,0.5026597380638123,0,8
5026,251,1607,1568,0.5010015368461609,0,8
5027,251,1607,934,0.5034355521202087,0,8
5028,251,1607,1651,0.5012958645820618,0,8
5029,251,1607,2037,0.5039335489273071,0,8
5030,251,1607,610,0.5007893443107605,0,8
5031,251,1607,1609,0.5020154714584351,0,8
5032,251,1607,763,0.5013866424560547,0,8
5033,251,1607,740,0.501059889793396,0,8
5034,251,1607,1662,0.501499354839325,0,8
5035,251,1607,1786,0.501509964466095,0,8
5036,251,1607,1371,0.5019494891166687,0,8
5037,251,1607,796,0.5016980767250061,0,8
5038,251,1607,1083,0.500625491142273,0,8
5039,251,1607,427,0.5098009705543518,0,8
5040,252,3689,1503,0.5005998611450195,1,19
5041,252,3689,1333,0.5057151317596436,0,19
5042,252,3689,1860,0.5163617134094238,0,19
5043,252,3689,1305,0.5006297826766968,0,19
5044,252,3689,1124,0.5185405015945435,0,19
5045,252,3689,1154,0.5004886388778687,0,19
5046,252,3689,731,0.5044175386428833,0,19
5047,252,3689,1479,0.502831757068634,0,19
5048,252,3689,428,0.5024271607398987,0,19
5049,252,3689,1521,0.5106141567230225,0,19
5050,252,3689,1443,0.5026627779006958,0,19
5051,252,3689,1661,0.5018718838691711,0,19
5052,252,3689,1505,0.5008322596549988,0,19
5053,252,3689,985,0.5065371990203857,0,19
5054,252,3689,239,0.5006015300750732,0,19
5055,252,3689,840,0.5023549795150757,0,19
5056,252,3689,661,0.5170797109603882,0,19
5057,252,3689,84,0.5019852519035339,0,19
5058,252,3689,1890,0.5014669299125671,0,19
5059,252,3689,533,0.5085209012031555,0,19
5060,253,2382,1472,0.5093252062797546,1,9
5061,253,2382,650,0.5012388825416565,0,9
5062,253,2382,1897,0.5036680102348328,0,9
5063,253,2382,40,0.5348526239395142,0,9
5064,253,2382,1164,0.5174142718315125,0,9
5065,253,2382,186,0.5191504955291748,0,9
5066,253,2382,1719,0.5164302587509155,0,9
5067,253,2382,252,0.49863266944885254,0,9
5068,253,2382,686,0.5030938982963562,0,9
5069,253,2382,1576,0.499312162399292,0,9
5070,253,2382,1240,0.5035125017166138,0,9
5071,253,2382,85,0.5022124648094177,0,9
5072,253,2382,921,0.5206992030143738,0,9
5073,253,2382,1579,0.5117822289466858,0,9
5074,253,2382,2063,0.4992806613445282,0,9
5075,253,2382,654,0.5089608430862427,0,9
5076,253,2382,2038,0.5539388060569763,0,9
5077,253,2382,830,0.502449631690979,0,9
5078,253,2382,1878,0.5146605372428894,0,9
5079,253,2382,1771,0.5005523562431335,0,9
5080,254,623,1589,0.5178534388542175,1,2
5081,254,623,1835,0.5016064047813416,0,2
5082,254,623,1351,0.5022899508476257,0,2
5083,254,623,1622,0.5034046769142151,0,2
5084,254,623,664,0.5015645623207092,0,2
5085,254,623,51,0.500434160232544,0,2
5086,254,623,2053,0.5022878646850586,0,2
5087,254,623,1164,0.5079973340034485,0,2
5088,254,623,1347,0.5084682703018188,0,2
5089,254,623,2048,0.5007060170173645,0,2
5090,254,623,317,0.5016933083534241,0,2
5091,254,623,952,0.5020179748535156,0,2
5092,254,623,1920,0.5011481642723083,0,2
5093,254,623,1812,0.5018696188926697,0,2
5094,254,623,464,0.501093327999115,0,2
5095,254,623,498,0.5025375485420227,0,2
5096,254,623,188,0.5057215690612793,0,2
5097,254,623,1373,0.5211463570594788,0,2
5098,254,623,1078,0.5014136433601379,0,2
5099,254,623,953,0.5056716203689575,0,2
5100,255,2612,1829,0.5546834468841553,1,1
5101,255,2612,1318,0.5018433332443237,0,1
5102,255,2612,1332,0.5039297342300415,0,1
5103,255,2612,1321,0.5020545125007629,0,1
5104,255,2612,447,0.5033124685287476,0,1
5105,255,2612,1635,0.5005255937576294,0,1
5106,255,2612,528,0.5013479590415955,0,1
5107,255,2612,921,0.5089443325996399,0,1
5108,255,2612,75,0.500665009021759,0,1
5109,255,2612,401,0.5015198588371277,0,1
5110,255,2612,973,0.5020018219947815,0,1
5111,255,2612,350,0.5015338063240051,0,1
5112,255,2612,1,0.5011744499206543,0,1
5113,255,2612,281,0.5004376173019409,0,1
5114,255,2612,590,0.5262650847434998,0,1
5115,255,2612,1277,0.5049519538879395,0,1
5116,255,2612,1688,0.5004313588142395,0,1
5117,255,2612,642,0.5012189149856567,0,1
5118,255,2612,93,0.5011609792709351,0,1
5119,255,2612,1584,0.5006641745567322,0,1
5120,256,3185,2055,0.5008288621902466,1,14
5121,256,3185,685,0.5010366439819336,0,14
5122,256,3185,1417,0.5008683800697327,0,14
5123,256,3185,1585,0.500738799571991,0,14
5124,256,3185,988,0.5032599568367004,0,14
5125,256,3185,1454,0.5009394288063049,0,14
5126,256,3185,1140,0.5007576942443848,0,14
5127,256,3185,719,0.5029870271682739,0,14
5128,256,3185,171,0.5012062191963196,0,14
5129,256,3185,884,0.5011731386184692,0,14
5130,256,3185,346,0.5007699131965637,0,14
5131,256,3185,2022,0.5008107423782349,0,14
5132,256,3185,1559,0.5019155144691467,0,14
5133,256,3185,2011,0.5009810328483582,0,14
5134,256,3185,515,0.5007225275039673,0,14
5135,256,3185,178,0.5008149147033691,0,14
5136,256,3185,698,0.5009425282478333,0,14
5137,256,3185,314,0.5008653998374939,0,14
5138,256,3185,2046,0.5011636018753052,0,14
5139,256,3185,1778,0.501105785369873,0,14
5140,257,3123,1763,0.5007767677307129,1,15
5141,257,3123,1839,0.5008891820907593,0,15
5142,257,3123,1157,0.503226637840271,0,15
5143,257,3123,1564,0.5020231008529663,0,15
5144,257,3123,1991,0.5009474754333496,0,15
5145,257,3123,901,0.5007619857788086,0,15
5146,257,3123,1110,0.5018401741981506,0,15
5147,257,3123,1958,0.5010666251182556,0,15
5148,257,3123,89,0.5008543133735657,0,15
5149,257,3123,1401,0.5011674761772156,0,15
5150,257,3123,828,0.5009874701499939,0,15
5151,257,3123,1767,0.5007577538490295,0,15
5152,257,3123,893,0.5007070899009705,0,15
5153,257,3123,686,0.5008558034896851,0,15
5154,257,3123,1802,0.5021117925643921,0,15
5155,257,3123,849,0.5010706186294556,0,15
5156,257,3123,2003,0.5007320642471313,0,15
5157,257,3123,68,0.5007475018501282,0,15
5158,257,3123,1504,0.5007787346839905,0,15
5159,257,3123,1352,0.5010859370231628,0,15
5160,258,1202,1694,0.5228231549263,1,5
5161,258,1202,1651,0.501141369342804,0,5
5162,258,1202,1680,0.5044354796409607,0,5
5163,258,1202,439,0.5407099723815918,0,5
5164,258,1202,1353,0.5083228945732117,0,5
5165,258,1202,330,0.5719146728515625,0,5
5166,258,1202,887,0.5033650398254395,0,5
5167,258,1202,867,0.5039891004562378,0,5
5168,258,1202,337,0.506772518157959,0,5
5169,258,1202,1306,0.5023360252380371,0,5
5170,258,1202,1777,0.539684534072876,0,5
5171,258,1202,990,0.49898579716682434,0,5
5172,258,1202,1863,0.49933451414108276,0,5
5173,258,1202,1073,0.499575674533844,0,5
5174,258,1202,38,0.4995855689048767,0,5
5175,258,1202,130,0.5027982592582703,0,5
5176,258,1202,1311,0.4996207356452942,0,5
5177,258,1202,1280,0.5030643343925476,0,5
5178,258,1202,1645,0.5047757625579834,0,5
5179,258,1202,433,0.5230944156646729,0,5
5180,259,710,237,0.5123245120048523,1,1
5181,259,710,759,0.5008437037467957,0,1
5182,259,710,179,0.5052427053451538,0,1
5183,259,710,1983,0.5073364973068237,0,1
5184,259,710,55,0.5092064738273621,0,1
5185,259,710,314,0.5004289150238037,0,1
5186,259,710,515,0.500324010848999,0,1
5187,259,710,978,0.5091834664344788,0,1
5188,259,710,46,0.5004313588142395,0,1
5189,259,710,685,0.5021045804023743,0,1
5190,259,710,713,0.5010984539985657,0,1
5191,259,710,1710,0.5094839334487915,0,1
5192,259,710,1572,0.5016709566116333,0,1
5193,259,710,458,0.5022405385971069,0,1
5194,259,710,1523,0.5022984743118286,0,1
5195,259,710,672,0.5004304051399231,0,1
5196,259,710,87,0.5005312561988831,0,1
5197,259,710,1623,0.5020813941955566,0,1
5198,259,710,1141,0.5016369223594666,0,1
5199,259,710,630,0.5001950860023499,0,1
5200,260,977,1924,0.5001367330551147,1,17
5201,260,977,1034,0.5051083564758301,0,17
5202,260,977,582,0.5013206601142883,0,17
5203,260,977,723,0.4999575614929199,0,17
5204,260,977,1590,0.5076257586479187,0,17
5205,260,977,858,0.5014668107032776,0,17
5206,260,977,1737,0.49989309906959534,0,17
5207,260,977,2000,0.5037873387336731,0,17
5208,260,977,1353,0.5052772164344788,0,17
5209,260,977,680,0.5170990228652954,0,17
5210,260,977,271,0.5096485018730164,0,17
5211,260,977,142,0.49928149580955505,0,17
5212,260,977,1809,0.5066501498222351,0,17
5213,260,977,1405,0.5244901180267334,0,17
5214,260,977,1194,0.5017096996307373,0,17
5215,260,977,1062,0.5036855340003967,0,17
5216,260,977,1663,0.5174261331558228,0,17
5217,260,977,977,0.501059889793396,0,17
5218,260,977,398,0.5191656947135925,0,17
5219,260,977,456,0.5039215683937073,0,17
5220,261,2895,1309,0.5003969073295593,1,17
5221,261,2895,177,0.5013049244880676,0,17
5222,261,2895,1062,0.5016633868217468,0,17
5223,261,2895,1197,0.5023852586746216,0,17
5224,261,2895,826,0.501910388469696,0,17
5225,261,2895,2008,0.5041963458061218,0,17
5226,261,2895,651,0.5022484660148621,0,17
5227,261,2895,1298,0.5031192302703857,0,17
5228,261,2895,390,0.5005170702934265,0,17
5229,261,2895,984,0.5009546279907227,0,17
5230,261,2895,12,0.502471923828125,0,17
5231,261,2895,1208,0.5003036856651306,0,17
5232,261,2895,501,0.503715991973877,0,17
5233,261,2895,1701,0.5003163814544678,0,17
5234,261,2895,1064,0.5011830925941467,0,17
5235,261,2895,961,0.5017145276069641,0,17
5236,261,2895,565,0.5018671154975891,0,17
5237,261,2895,628,0.5119841694831848,0,17
5238,261,2895,553,0.5018826127052307,0,17
5239,261,2895,1506,0.5003324747085571,0,17
5240,262,2218,629,0.49991846084594727,1,20
5241,262,2218,1353,0.5064873099327087,0,20
5242,262,2218,1201,0.5030560493469238,0,20
5243,262,2218,1895,0.5029822587966919,0,20
5244,262,2218,724,0.5022810697555542,0,20
5245,262,2218,570,0.5037036538124084,0,20
5246,262,2218,1635,0.5004377961158752,0,20
5247,262,2218,354,0.5003970265388489,0,20
5248,262,2218,363,0.5002384185791016,0,20
5249,262,2218,733,0.5059751272201538,0,20
5250,262,2218,1322,0.5117214918136597,0,20
5251,262,2218,267,0.5002530813217163,0,20
5252,262,2218,1342,0.5027939081192017,0,20
5253,262,2218,1570,0.5035953521728516,0,20
5254,262,2218,1422,0.5001651048660278,0,20
5255,262,2218,1517,0.5020450353622437,0,20
5256,262,2218,22,0.5025199055671692,0,20
5257,262,2218,197,0.5056593418121338,0,20
5258,262,2218,892,0.5042973160743713,0,20
5259,262,2218,959,0.5089541673660278,0,20
5260,263,2734,348,0.5009173154830933,1,15
5261,263,2734,1685,0.5004262328147888,0,15
5262,263,2734,456,0.5028190612792969,0,15
5263,263,2734,1320,0.5028148889541626,0,15
5264,263,2734,1523,0.5017654895782471,0,15
5265,263,2734,890,0.5009365081787109,0,15
5266,263,2734,1950,0.5035675168037415,0,15
5267,263,2734,2,0.5000006556510925,0,15
5268,263,2734,1473,0.6371171474456787,0,15
5269,263,2734,879,0.5013874173164368,0,15
5270,263,2734,558,0.5003998875617981,0,15
5271,263,2734,1316,0.5011935830116272,0,15
5272,263,2734,1849,0.5011809468269348,0,15
5273,263,2734,17,0.5021461844444275,0,15
5274,263,2734,349,0.502151608467102,0,15
5275,263,2734,557,0.5002957582473755,0,15
5276,263,2734,533,0.5066246390342712,0,15
5277,263,2734,1491,0.5009984374046326,0,15
5278,263,2734,577,0.5002150535583496,0,15
5279,263,2734,1838,0.5022420883178711,0,15
5280,264,1626,312,0.5014065504074097,1,11
5281,264,1626,1452,0.5004758834838867,0,11
5282,264,1626,354,0.500637948513031,0,11
5283,264,1626,1869,0.5024389624595642,0,11
5284,264,1626,519,0.5013068318367004,0,11
5285,264,1626,471,0.5004844665527344,0,11
5286,264,1626,2079,0.5013526082038879,0,11
5287,264,1626,458,0.5016628503799438,0,11
5288,264,1626,763,0.5015348196029663,0,11
5289,264,1626,1872,0.5006176829338074,0,11
5290,264,1626,1034,0.5037308931350708,0,11
5291,264,1626,1896,0.5020607709884644,0,11
5292,264,1626,1840,0.5005437731742859,0,11
5293,264,1626,1640,0.5048045516014099,0,11
5294,264,1626,1429,0.500687301158905,0,11
5295,264,1626,1098,0.5020388960838318,0,11
5296,264,1626,1732,0.5038853883743286,0,11
5297,264,1626,68,0.501078188419342,0,11
5298,264,1626,365,0.5029655694961548,0,11
5299,264,1626,1390,0.5015823841094971,0,11
5300,265,616,1578,0.5746848583221436,1,1
5301,265,616,604,0.5001696348190308,0,1
5302,265,616,926,0.5027558207511902,0,1
5303,265,616,1071,0.5035676956176758,0,1
5304,265,616,1083,0.5000698566436768,0,1
5305,265,616,441,0.5037446618080139,0,1
5306,265,616,1678,0.5089845657348633,0,1
5307,265,616,678,0.5030892491340637,0,1
5308,265,616,54,0.5020233988761902,0,1
5309,265,616,1495,0.5035732984542847,0,1
5310,265,616,1758,0.5002765655517578,0,1
5311,265,616,776,0.500798761844635,0,1
5312,265,616,1862,0.5065169334411621,0,1
5313,265,616,1842,0.5098600387573242,0,1
5314,265,616,806,0.5052686333656311,0,1
5315,265,616,836,0.516301691532135,0,1
5316,265,616,1499,0.5054729580879211,0,1
5317,265,616,17,0.5058342814445496,0,1
5318,265,616,397,0.5031478404998779,0,1
5319,265,616,175,0.5042505264282227,0,1
5320,266,4057,1241,0.5005232691764832,1,19
5321,266,4057,514,0.5037252902984619,0,19
5322,266,4057,870,0.5007773041725159,0,19
5323,266,4057,918,0.5015836358070374,0,19
5324,266,4057,1706,0.5004677772521973,0,19
5325,266,4057,404,0.5015015006065369,0,19
5326,266,4057,267,0.5005829334259033,0,19
5327,266,4057,2033,0.5021247267723083,0,19
5328,266,4057,743,0.503789484500885,0,19
5329,266,4057,1581,0.5019150972366333,0,19
5330,266,4057,526,0.5014753341674805,0,19
5331,266,4057,1041,0.5026425123214722,0,19
5332,266,4057,677,0.5007070302963257,0,19
5333,266,4057,601,0.5007713437080383,0,19
5334,266,4057,212,0.505906343460083,0,19
5335,266,4057,781,0.5023510456085205,0,19
5336,266,4057,55,0.507914125919342,0,19
5337,266,4057,160,0.5038589239120483,0,19
5338,266,4057,1113,0.5018023252487183,0,19
5339,266,4057,2050,0.5028694272041321,0,19
5340,267,3776,597,0.5002701282501221,1,20
5341,267,3776,312,0.5012447237968445,0,20
5342,267,3776,1849,0.5008111596107483,0,20
5343,267,3776,433,0.5061684250831604,0,20
5344,267,3776,921,0.5069319605827332,0,20
5345,267,3776,73,0.5007187128067017,0,20
5346,267,3776,842,0.5022016167640686,0,20
5347,267,3776,158,0.5016598701477051,0,20
5348,267,3776,674,0.5004876852035522,0,20
5349,267,3776,525,0.5032885670661926,0,20
5350,267,3776,1821,0.5047124028205872,0,20
5351,267,3776,827,0.5004377365112305,0,20
5352,267,3776,230,0.5022478103637695,0,20
5353,267,3776,103,0.5115494132041931,0,20
5354,267,3776,41,0.5050005912780762,0,20
5355,267,3776,86,0.5026661157608032,0,20
5356,267,3776,1493,0.5053576827049255,0,20
5357,267,3776,1886,0.5025877356529236,0,20
5358,267,3776,397,0.5009874105453491,0,20
5359,267,3776,1998,0.500719428062439,0,20
5360,268,1803,1793,0.5003620982170105,1,17
5361,268,1803,1575,0.5021937489509583,0,17
5362,268,1803,751,0.5004289150238037,0,17
5363,268,1803,1341,0.5041203498840332,0,17
5364,268,1803,887,0.5016825199127197,0,17
5365,268,1803,451,0.5031512975692749,0,17
5366,268,1803,1365,0.506567656993866,0,17
5367,268,1803,327,0.5003348588943481,0,17
5368,268,1803,458,0.5017499327659607,0,17
5369,268,1803,576,0.5015202164649963,0,17
5370,268,1803,2005,0.5011374354362488,0,17
5371,268,1803,55,0.5083044171333313,0,17
5372,268,1803,1263,0.5013763904571533,0,17
5373,268,1803,1876,0.5930908918380737,0,17
5374,268,1803,636,0.5019614696502686,0,17
5375,268,1803,1339,0.5014039278030396,0,17
5376,268,1803,227,0.5003448724746704,0,17
5377,268,1803,983,0.5025308132171631,0,17
5378,268,1803,45,0.500342071056366,0,17
5379,268,1803,246,0.5014158487319946,0,17
5380,269,74,1720,0.5020478963851929,1,5
5381,269,74,1307,0.5006799101829529,0,5
5382,269,74,1369,0.5020593404769897,0,5
5383,269,74,1064,0.5015946626663208,0,5
5384,269,74,1974,0.5019830465316772,0,5
5385,269,74,430,0.5011892914772034,0,5
5386,269,74,1633,0.5025999546051025,0,5
5387,269,74,1225,0.5003713965415955,0,5
5388,269,74,717,0.5042219161987305,0,5
5389,269,74,129,0.5003828406333923,0,5
5390,269,74,584,0.5009942054748535,0,5
5391,269,74,1887,0.5010026693344116,0,5
5392,269,74,728,0.5017305612564087,0,5
5393,269,74,1073,0.5003902316093445,0,5
5394,269,74,1953,0.5081405639648438,0,5
5395,269,74,300,0.5003014206886292,0,5
5396,269,74,692,0.5010432004928589,0,5
5397,269,74,1922,0.5013919472694397,0,5
5398,269,74,198,0.5006381869316101,0,5
5399,269,74,1982,0.5011357069015503,0,5
5400,270,2399,207,0.5019839406013489,1,8
5401,270,2399,139,0.5039776563644409,0,8
5402,270,2399,454,0.5005844831466675,0,8
5403,270,2399,861,0.5112470984458923,0,8
5404,270,2399,954,0.5015820860862732,0,8
5405,270,2399,417,0.5030040144920349,0,8
5406,270,2399,162,0.5015437602996826,0,8
5407,270,2399,602,0.5017473697662354,0,8
5408,270,2399,1996,0.501656711101532,0,8
5409,270,2399,1430,0.5013169050216675,0,8
5410,270,2399,1756,0.5004085898399353,0,8
5411,270,2399,656,0.500199019908905,0,8
5412,270,2399,1604,0.5003994107246399,0,8
5413,270,2399,84,0.5017250776290894,0,8
5414,270,2399,415,0.5021657943725586,0,8
5415,270,2399,337,0.5022091269493103,0,8
5416,270,2399,544,0.5008223056793213,0,8
5417,270,2399,1669,0.5055481195449829,0,8
5418,270,2399,1121,0.5051934719085693,0,8
5419,270,2399,1141,0.5011136531829834,0,8
5420,271,2403,1128,0.5007995963096619,1,9
5421,271,2403,711,0.5007548332214355,0,9
5422,271,2403,1848,0.5006885528564453,0,9
5423,271,2403,1120,0.5010690093040466,0,9
5424,271,2403,1236,0.501042366027832,0,9
5425,271,2403,1583,0.5009528994560242,0,9
5426,271,2403,461,0.5000097155570984,0,9
5427,271,2403,1850,0.5004198551177979,0,9
5428,271,2403,1555,0.5007421970367432,0,9
5429,271,2403,2009,0.5006908774375916,0,9
5430,271,2403,884,0.500961184501648,0,9
5431,271,2403,203,0.5008232593536377,0,9
5432,271,2403,1077,0.5006546974182129,0,9
5433,271,2403,1254,0.50065016746521,0,9
5434,271,2403,118,0.5008365511894226,0,9
5435,271,2403,537,0.5009263157844543,0,9
5436,271,2403,1080,0.5006295442581177,0,9
5437,271,2403,1893,0.5006380081176758,0,9
5438,271,2403,978,0.5003340244293213,0,9
5439,271,2403,1363,0.5008978247642517,0,9
5440,272,1520,733,0.5051765441894531,1,9
5441,272,1520,731,0.5063030123710632,0,9
5442,272,1520,1513,0.5114602446556091,0,9
5443,272,1520,767,0.49857765436172485,0,9
5444,272,1520,196,0.49888691306114197,0,9
5445,272,1520,2019,0.5000572800636292,0,9
5446,272,1520,1287,0.5042619109153748,0,9
5447,272,1520,1194,0.5007338523864746,0,9
5448,272,1520,1705,0.5153384804725647,0,9
5449,272,1520,1547,0.5094326734542847,0,9
5450,272,1520,700,0.5431878566741943,0,9
5451,272,1520,984,0.5009002685546875,0,9
5452,272,1520,1257,0.5293462872505188,0,9
5453,272,1520,456,0.5045186877250671,0,9
5454,272,1520,532,0.4996647834777832,0,9
5455,272,1520,1238,0.501639723777771,0,9
5456,272,1520,1875,0.4992484450340271,0,9
5457,272,1520,1493,0.5124225616455078,0,9
5458,272,1520,1145,0.5039020776748657,0,9
5459,272,1520,416,0.5064032673835754,0,9
5460,273,1593,1302,0.5034205913543701,1,4
5461,273,1593,1869,0.5025709867477417,0,4
5462,273,1593,1365,0.5065550804138184,0,4
5463,273,1593,562,0.5021796226501465,0,4
5464,273,1593,485,0.5013155341148376,0,4
5465,273,1593,678,0.5012958645820618,0,4
5466,273,1593,1629,0.5002536773681641,0,4
5467,273,1593,835,0.5007964372634888,0,4
5468,273,1593,477,0.5010544657707214,0,4
5469,273,1593,1674,0.5004534125328064,0,4
5470,273,1593,1191,0.5005384087562561,0,4
5471,273,1593,1195,0.500673234462738,0,4
5472,273,1593,395,0.5029473304748535,0,4
5473,273,1593,1795,0.502895176410675,0,4
5474,273,1593,902,0.5003228187561035,0,4
5475,273,1593,1127,0.5004332065582275,0,4
5476,273,1593,2028,0.5017044544219971,0,4
5477,273,1593,149,0.5393831133842468,0,4
5478,273,1593,1976,0.5037402510643005,0,4
5479,273,1593,2055,0.5004977583885193,0,4
5480,274,3749,139,0.5059787631034851,1,5
5481,274,3749,943,0.5022163987159729,0,5
5482,274,3749,690,0.504871666431427,0,5
5483,274,3749,1512,0.5019445419311523,0,5
5484,274,3749,1756,0.5001115202903748,0,5
5485,274,3749,1408,0.5050753355026245,0,5
5486,274,3749,1270,0.5020269751548767,0,5
5487,274,3749,45,0.5001775622367859,0,5
5488,274,3749,1857,0.5027146339416504,0,5
5489,274,3749,1290,0.5004966855049133,0,5
5490,274,3749,719,0.5161139965057373,0,5
5491,274,3749,1217,0.5029287934303284,0,5
5492,274,3749,1224,0.510636568069458,0,5
5493,274,3749,1092,0.5110854506492615,0,5
5494,274,3749,1381,0.5037373900413513,0,5
5495,274,3749,106,0.5097758769989014,0,5
5496,274,3749,2053,0.5021175742149353,0,5
5497,274,3749,498,0.5019296407699585,0,5
5498,274,3749,1028,0.5014522671699524,0,5
5499,274,3749,265,0.5014214515686035,0,5
5500,275,1529,1434,0.5085453987121582,1,5
5501,275,1529,1693,0.508525013923645,0,5
5502,275,1529,2056,0.4997192919254303,0,5
5503,275,1529,1946,0.5133543014526367,0,5
5504,275,1529,856,0.502164363861084,0,5
5505,275,1529,888,0.5105955004692078,0,5
5506,275,1529,1493,0.51142418384552,0,5
5507,275,1529,2029,0.5023481249809265,0,5
5508,275,1529,1199,0.49956807494163513,0,5
5509,275,1529,2040,0.5026143193244934,0,5
5510,275,1529,1335,0.5005940794944763,0,5
5511,275,1529,1928,0.5066826939582825,0,5
5512,275,1529,1981,0.5048037171363831,0,5
5513,275,1529,1769,0.5009037256240845,0,5
5514,275,1529,2042,0.49981552362442017,0,5
5515,275,1529,1436,0.5024753212928772,0,5
5516,275,1529,134,0.5024334788322449,0,5
5517,275,1529,1403,0.5025585293769836,0,5
5518,275,1529,1023,0.5166701674461365,0,5
5519,275,1529,233,0.5070841312408447,0,5
5520,276,2233,1875,0.4999108612537384,1,20
5521,276,2233,868,0.5014743208885193,0,20
5522,276,2233,1016,0.5035094022750854,0,20
5523,276,2233,1548,0.5152666568756104,0,20
5524,276,2233,1060,0.5045202970504761,0,20
5525,276,2233,1160,0.5212536454200745,0,20
5526,276,2233,1936,0.5521366596221924,0,20
5527,276,2233,253,0.5062408447265625,0,20
5528,276,2233,1683,0.503240704536438,0,20
5529,276,2233,0,0.5018293857574463,0,20
5530,276,2233,70,0.5018121004104614,0,20
5531,276,2233,605,0.5045307278633118,0,20
5532,276,2233,1685,0.5001816153526306,0,20
5533,276,2233,1867,0.5371233820915222,0,20
5534,276,2233,813,0.5031124949455261,0,20
5535,276,2233,647,0.5140236020088196,0,20
5536,276,2233,1556,0.5024195313453674,0,20
5537,276,2233,1028,0.5023555159568787,0,20
5538,276,2233,600,0.5267760753631592,0,20
5539,276,2233,648,0.513067364692688,0,20
5540,277,1595,1493,0.5109212398529053,1,4
5541,277,1595,572,0.5272791981697083,0,4
5542,277,1595,2027,0.5026060342788696,0,4
5543,277,1595,573,0.5010907053947449,0,4
5544,277,1595,1560,0.49946293234825134,0,4
5545,277,1595,2042,0.4998719394207001,0,4
5546,277,1595,729,0.4997459650039673,0,4
5547,277,1595,1668,0.50347501039505,0,4
5548,277,1595,1203,0.5073105096817017,0,4
5549,277,1595,884,0.5028793215751648,0,4
5550,277,1595,623,0.5005662441253662,0,4
5551,277,1595,1823,0.5156145095825195,0,4
5552,277,1595,590,0.5521368384361267,0,4
5553,277,1595,656,0.49981600046157837,0,4
5554,277,1595,1036,0.5035949945449829,0,4
5555,277,1595,668,0.49936041235923767,0,4
5556,277,1595,296,0.4997909963130951,0,4
5557,277,1595,1677,0.5000284314155579,0,4
5558,277,1595,790,0.5064656138420105,0,4
5559,277,1595,1918,0.5046473741531372,0,4
5560,278,451,491,0.4985186457633972,1,19
5561,278,451,1503,0.5001510381698608,0,19
5562,278,451,1682,0.505545437335968,0,19
5563,278,451,870,0.4987425208091736,0,19
5564,278,451,1074,0.5152349472045898,0,19
5565,278,451,1309,0.4982128441333771,0,19
5566,278,451,23,0.4992561638355255,0,19
5567,278,451,570,0.5067562460899353,0,19
5568,278,451,79,0.5057733058929443,0,19
5569,278,451,1645,0.5079803466796875,0,19
5570,278,451,159,0.5527411103248596,0,19
5571,278,451,833,0.505354642868042,0,19
5572,278,451,914,0.5562635064125061,0,19
5573,278,451,1321,0.504782497882843,0,19
5574,278,451,1917,0.5661341547966003,0,19
5575,278,451,492,0.499336302280426,0,19
5576,278,451,751,0.4992665648460388,0,19
5577,278,451,586,0.5147363543510437,0,19
5578,278,451,590,0.620345413684845,0,19
5579,278,451,1947,0.5046001672744751,0,19
5580,279,3435,1759,0.5010945796966553,1,13
5581,279,3435,19,0.5003899335861206,0,13
5582,279,3435,543,0.5003933310508728,0,13
5583,279,3435,1102,0.5020309686660767,0,13
5584,279,3435,1073,0.5003750920295715,0,13
5585,279,3435,756,0.503568172454834,0,13
5586,279,3435,1392,0.5113444924354553,0,13
5587,279,3435,1485,0.5002918839454651,0,13
5588,279,3435,453,0.5022538900375366,0,13
5589,279,3435,123,0.5067332983016968,0,13
5590,279,3435,1554,0.5020036101341248,0,13
5591,279,3435,461,0.5065643191337585,0,13
5592,279,3435,1685,0.5005483031272888,0,13
5593,279,3435,1735,0.50102698802948,0,13
5594,279,3435,700,0.5221778154373169,0,13
5595,279,3435,358,0.5023793578147888,0,13
5596,279,3435,201,0.5004857182502747,0,13
5597,279,3435,1393,0.5094727277755737,0,13
5598,279,3435,1718,0.502987265586853,0,13
5599,279,3435,1937,0.5014777779579163,0,13
5600,280,1604,1362,0.5016774535179138,1,12
5601,280,1604,1201,0.501906156539917,0,12
5602,280,1604,1744,0.5035239458084106,0,12
5603,280,1604,701,0.5003712177276611,0,12
5604,280,1604,1454,0.5004350543022156,0,12
5605,280,1604,144,0.5022180080413818,0,12
5606,280,1604,875,0.5019527077674866,0,12
5607,280,1604,134,0.5012739300727844,0,12
5608,280,1604,324,0.5004628896713257,0,12
5609,280,1604,235,0.5173081755638123,0,12
5610,280,1604,1271,0.5012518763542175,0,12
5611,280,1604,422,0.5020363926887512,0,12
5612,280,1604,434,0.5017936825752258,0,12
5613,280,1604,609,0.5003859996795654,0,12
5614,280,1604,1049,0.5015243887901306,0,12
5615,280,1604,1036,0.5024874806404114,0,12
5616,280,1604,300,0.5003328323364258,0,12
5617,280,1604,1353,0.5040162801742554,0,12
5618,280,1604,1660,0.5021955370903015,0,12
5619,280,1604,1200,0.5045461654663086,0,12
5620,281,315,1278,0.6800211668014526,1,1
5621,281,315,1144,0.5050208568572998,0,1
5622,281,315,2053,0.5051700472831726,0,1
5623,281,315,1692,0.504338800907135,0,1
5624,281,315,1222,0.49900734424591064,0,1
5625,281,315,477,0.5013842582702637,0,1
5626,281,315,2024,0.5019561052322388,0,1
5627,281,315,124,0.49901577830314636,0,1
5628,281,315,166,0.49909278750419617,0,1
5629,281,315,521,0.49792757630348206,0,1
5630,281,315,260,0.49903103709220886,0,1
5631,281,315,1578,0.6056737303733826,0,1
5632,281,315,1527,0.4987882077693939,0,1
5633,281,315,413,0.502268373966217,0,1
5634,281,315,1809,0.514766275882721,0,1
5635,281,315,740,0.4990241527557373,0,1
5636,281,315,458,0.5054397583007812,0,1
5637,281,315,1687,0.511326789855957,0,1
5638,281,315,1554,0.5044163465499878,0,1
5639,281,315,1985,0.518229067325592,0,1
5640,282,2115,411,0.5005736947059631,1,20
5641,282,2115,588,0.5006169080734253,0,20
5642,282,2115,734,0.5016924142837524,0,20
5643,282,2115,68,0.5008221864700317,0,20
5644,282,2115,1392,0.5056740045547485,0,20
5645,282,2115,116,0.5005970001220703,0,20
5646,282,2115,178,0.5005828738212585,0,20
5647,282,2115,2021,0.5015102028846741,0,20
5648,282,2115,659,0.5020906925201416,0,20
5649,282,2115,1970,0.5016878247261047,0,20
5650,282,2115,942,0.5025133490562439,0,20
5651,282,2115,120,0.5026593804359436,0,20
5652,282,2115,875,0.5013830065727234,0,20
5653,282,2115,1112,0.5017460584640503,0,20
5654,282,2115,928,0.5012792944908142,0,20
5655,282,2115,2045,0.5009444355964661,0,20
5656,282,2115,1519,0.515580415725708,0,20
5657,282,2115,1887,0.5008769035339355,0,20
5658,282,2115,1019,0.5047199726104736,0,20
5659,282,2115,1429,0.500618040561676,0,20
5660,283,790,1013,0.5045181512832642,1,5
5661,283,790,786,0.5009251832962036,0,5
5662,283,790,186,0.5071970820426941,0,5
5663,283,790,59,0.5044728517532349,0,5
5664,283,790,1346,0.5013055205345154,0,5
5665,283,790,1,0.5013125538825989,0,5
5666,283,790,221,0.5023640990257263,0,5
5667,283,790,1483,0.5014287829399109,0,5
5668,283,790,1625,0.5003085732460022,0,5
5669,283,790,11,0.5002697110176086,0,5
5670,283,790,637,0.5029164552688599,0,5
5671,283,790,1211,0.5014442801475525,0,5
5672,283,790,1536,0.5201389193534851,0,5
5673,283,790,473,0.5013642311096191,0,5
5674,283,790,261,0.5021576881408691,0,5
5675,283,790,1182,0.5087658762931824,0,5
5676,283,790,457,0.501108705997467,0,5
5677,283,790,1168,0.5074965357780457,0,5
5678,283,790,1573,0.502027153968811,0,5
5679,283,790,1455,0.5016820430755615,0,5
5680,284,2697,476,0.5003525018692017,1,17
5681,284,2697,1433,0.5010163187980652,0,17
5682,284,2697,259,0.5018228888511658,0,17
5683,284,2697,553,0.5014535188674927,0,17
5684,284,2697,1015,0.5010170936584473,0,17
5685,284,2697,44,0.5011211633682251,0,17
5686,284,2697,1354,0.5008301138877869,0,17
5687,284,2697,1186,0.5006872415542603,0,17
5688,284,2697,221,0.5013956427574158,0,17
5689,284,2697,1479,0.5019764304161072,0,17
5690,284,2697,543,0.5004632472991943,0,17
5691,284,2697,51,0.5002495050430298,0,17
5692,284,2697,1056,0.5011557936668396,0,17
5693,284,2697,889,0.5011038184165955,0,17
5694,284,2697,262,0.5059632062911987,0,17
5695,284,2697,331,0.500232994556427,0,17
5696,284,2697,1727,0.5005930066108704,0,17
5697,284,2697,894,0.5016828179359436,0,17
5698,284,2697,1154,0.5001664161682129,0,17
5699,284,2697,1277,0.5034930109977722,0,17
5700,285,2871,1900,0.5068238377571106,1,7
5701,285,2871,1695,0.4997175633907318,0,7
5702,285,2871,1387,0.49949750304222107,0,7
5703,285,2871,1894,0.5140486359596252,0,7
5704,285,2871,12,0.5071535706520081,0,7
5705,285,2871,1090,0.5023908615112305,0,7
5706,285,2871,310,0.5031237602233887,0,7
5707,285,2871,1225,0.49979719519615173,0,7
5708,285,2871,431,0.5088666081428528,0,7
5709,285,2871,470,0.5019176006317139,0,7
5710,285,2871,318,0.5054668188095093,0,7
5711,285,2871,1011,0.5187076926231384,0,7
5712,285,2871,241,0.5015344023704529,0,7
5713,285,2871,1213,0.4995879828929901,0,7
5714,285,2871,197,0.5069854855537415,0,7
5715,285,2871,277,0.5044040083885193,0,7
5716,285,2871,1596,0.5021043419837952,0,7
5717,285,2871,63,0.5031622052192688,0,7
5718,285,2871,1323,0.629188060760498,0,7
5719,285,2871,1608,0.5048603415489197,0,7
5720,286,2334,1656,0.5000433921813965,1,20
5721,286,2334,464,0.501285970211029,0,20
5722,286,2334,377,0.5071268677711487,0,20
5723,286,2334,16,0.5005180835723877,0,20
5724,286,2334,1583,0.501667857170105,0,20
5725,286,2334,48,0.5025120377540588,0,20
5726,286,2334,1082,0.5057843923568726,0,20
5727,286,2334,1436,0.5017719268798828,0,20
5728,286,2334,1448,0.500186026096344,0,20
5729,286,2334,350,0.5018213391304016,0,20
5730,286,2334,1086,0.5021963715553284,0,20
5731,286,2334,61,0.5015224814414978,0,20
5732,286,2334,1005,0.5037306547164917,0,20
5733,286,2334,1386,0.5019728541374207,0,20
5734,286,2334,1304,0.5027210712432861,0,20
5735,286,2334,828,0.5039615035057068,0,20
5736,286,2334,94,0.508145272731781,0,20
5737,286,2334,1466,0.5026377439498901,0,20
5738,286,2334,1107,0.5077114105224609,0,20
5739,286,2334,900,0.5013920068740845,0,20
5740,287,2752,1357,0.5000402927398682,1,18
5741,287,2752,877,0.5013625025749207,0,18
5742,287,2752,1162,0.49992823600769043,0,18
5743,287,2752,1098,0.5033731460571289,0,18
5744,287,2752,1627,0.5010649561882019,0,18
5745,287,2752,1759,0.5015467405319214,0,18
5746,287,2752,49,0.5270293354988098,0,18
5747,287,2752,856,0.502004861831665,0,18
5748,287,2752,16,0.49969619512557983,0,18
5749,287,2752,952,0.5018216967582703,0,18
5750,287,2752,785,0.5021094083786011,0,18
5751,287,2752,707,0.5002557039260864,0,18
5752,287,2752,422,0.5028176307678223,0,18
5753,287,2752,949,0.5001344680786133,0,18
5754,287,2752,1896,0.5037974715232849,0,18
5755,287,2752,449,0.5067574977874756,0,18
5756,287,2752,1751,0.500042200088501,0,18
5757,287,2752,85,0.5023359060287476,0,18
5758,287,2752,1326,0.5050501227378845,0,18
5759,287,2752,1990,0.5056294798851013,0,18
5760,288,1027,1173,0.5058779716491699,1,5
5761,288,1027,1283,0.500067949295044,0,5
5762,288,1027,2035,0.502052903175354,0,5
5763,288,1027,1651,0.5014438629150391,0,5
5764,288,1027,220,0.5016775131225586,0,5
5765,288,1027,811,0.5038797855377197,0,5
5766,288,1027,1067,0.5073232650756836,0,5
5767,288,1027,1041,0.5034939646720886,0,5
5768,288,1027,1942,0.5184249877929688,0,5
5769,288,1027,2023,0.5014791488647461,0,5
5770,288,1027,828,0.5045604705810547,0,5
5771,288,1027,777,0.5023697018623352,0,5
5772,288,1027,742,0.5022639632225037,0,5
5773,288,1027,103,0.5233747363090515,0,5
5774,288,1027,720,0.5052334070205688,0,5
5775,288,1027,1032,0.5015783309936523,0,5
5776,288,1027,1436,0.5025025010108948,0,5
5777,288,1027,944,0.5012098550796509,0,5
5778,288,1027,1725,0.5081713795661926,0,5
5779,288,1027,24,0.5028343200683594,0,5
5780,289,224,2043,0.49927452206611633,1,17
5781,289,224,1749,0.5016135573387146,0,17
5782,289,224,1846,0.5120438933372498,0,17
5783,289,224,1335,0.5008295178413391,0,17
5784,289,224,489,0.498825341463089,0,17
5785,289,224,201,0.49941572546958923,0,17
5786,289,224,2078,0.5042818784713745,0,17
5787,289,224,1309,0.4991913437843323,0,17
5788,289,224,1255,0.5137673020362854,0,17
5789,289,224,226,0.4996803104877472,0,17
5790,289,224,203,0.5012302994728088,0,17
5791,289,224,415,0.5050107836723328,0,17
5792,289,224,1987,0.505800187587738,0,17
5793,289,224,15,0.5014688372612,0,17
5794,289,224,434,0.5028533339500427,0,17
5795,289,224,964,0.499410480260849,0,17
5796,289,224,2024,0.5016041398048401,0,17
5797,289,224,200,0.5032094120979309,0,17
5798,289,224,2016,0.5045933127403259,0,17
5799,289,224,521,0.49907422065734863,0,17
5800,290,1429,965,0.514367401599884,1,4
5801,290,1429,1133,0.5075617432594299,0,4
5802,290,1429,41,0.5145784616470337,0,4
5803,290,1429,1360,0.502402126789093,0,4
5804,290,1429,1191,0.49994325637817383,0,4
5805,290,1429,1994,0.5029922127723694,0,4
5806,290,1429,119,0.4996187686920166,0,4
5807,290,1429,1417,0.49948054552078247,0,4
5808,290,1429,874,0.5014272332191467,0,4
5809,290,1429,938,0.5058426260948181,0,4
5810,290,1429,580,0.5038996934890747,0,4
5811,290,1429,182,0.5160525441169739,0,4
5812,290,1429,198,0.5009297728538513,0,4
5813,290,1429,65,0.501286506652832,0,4
5814,290,1429,1110,0.512872576713562,0,4
5815,290,1429,455,0.5123396515846252,0,4
5816,290,1429,1491,0.5015225410461426,0,4
5817,290,1429,508,0.5366337895393372,0,4
5818,290,1429,28,0.49939051270484924,0,4
5819,290,1429,1099,0.5061264634132385,0,4
5820,291,3759,857,0.5004167556762695,1,18
5821,291,3759,621,0.5087956190109253,0,18
5822,291,3759,1000,0.5068192481994629,0,18
5823,291,3759,2049,0.5033320188522339,0,18
5824,291,3759,1831,0.502475380897522,0,18
5825,291,3759,75,0.5006192326545715,0,18
5826,291,3759,503,0.5023478269577026,0,18
5827,291,3759,237,0.5115341544151306,0,18
5828,291,3759,1541,0.5015172958374023,0,18
5829,291,3759,2004,0.5084799528121948,0,18
5830,291,3759,1295,0.5020875930786133,0,18
5831,291,3759,1291,0.5012965798377991,0,18
5832,291,3759,406,0.5021830201148987,0,18
5833,291,3759,2059,0.5003931522369385,0,18
5834,291,3759,1433,0.5022327899932861,0,18
5835,291,3759,1476,0.5044577121734619,0,18
5836,291,3759,945,0.5003239512443542,0,18
5837,291,3759,1306,0.5017517805099487,0,18
5838,291,3759,2027,0.5014424324035645,0,18
5839,291,3759,367,0.5012831091880798,0,18
5840,292,2461,473,0.5011418461799622,1,15
5841,292,2461,436,0.5373644232749939,0,15
5842,292,2461,853,0.5012052655220032,0,15
5843,292,2461,154,0.5039944648742676,0,15
5844,292,2461,1249,0.5006769299507141,0,15
5845,292,2461,504,0.5032524466514587,0,15
5846,292,2461,1902,0.5005728006362915,0,15
5847,292,2461,1431,0.5019234418869019,0,15
5848,292,2461,398,0.5114012956619263,0,15
5849,292,2461,141,0.5019831657409668,0,15
5850,292,2461,863,0.5041010975837708,0,15
5851,292,2461,982,0.5009391903877258,0,15
5852,292,2461,1064,0.5015872120857239,0,15
5853,292,2461,779,0.50132155418396,0,15
5854,292,2461,81,0.5012180209159851,0,15
5855,292,2461,457,0.501211404800415,0,15
5856,292,2461,1485,0.5004884004592896,0,15
5857,292,2461,755,0.5033704042434692,0,15
5858,292,2461,784,0.5008573532104492,0,15
5859,292,2461,791,0.5019196271896362,0,15
5860,293,2798,1075,0.5000606775283813,1,20
5861,293,2798,1238,0.5017492175102234,0,20
5862,293,2798,1743,0.5015680193901062,0,20
5863,293,2798,521,0.5003541707992554,0,20
5864,293,2798,572,0.5148391723632812,0,20
5865,293,2798,56,0.5028619170188904,0,20
5866,293,2798,1817,0.5003818869590759,0,20
5867,293,2798,1244,0.5018116235733032,0,20
5868,293,2798,1787,0.5048914551734924,0,20
5869,293,2798,1742,0.5017929077148438,0,20
5870,293,2798,492,0.5005022287368774,0,20
5871,293,2798,1877,0.5968101024627686,0,20
5872,293,2798,628,0.5193206071853638,0,20
5873,293,2798,1886,0.5038232207298279,0,20
5874,293,2798,807,0.5018314123153687,0,20
5875,293,2798,893,0.5003183484077454,0,20
5876,293,2798,785,0.5015852451324463,0,20
5877,293,2798,1123,0.503490149974823,0,20
5878,293,2798,95,0.5025580525398254,0,20
5879,293,2798,1695,0.5003113150596619,0,20
5880,294,3258,1780,0.5009973645210266,1,17
5881,294,3258,985,0.5072454810142517,0,17
5882,294,3258,1995,0.5043704509735107,0,17
5883,294,3258,613,0.5157022476196289,0,17
5884,294,3258,807,0.5013857483863831,0,17
5885,294,3258,1206,0.5000989437103271,0,17
5886,294,3258,1050,0.5054342746734619,0,17
5887,294,3258,911,0.5039508938789368,0,17
5888,294,3258,320,0.5015186667442322,0,17
5889,294,3258,481,0.5021411180496216,0,17
5890,294,3258,706,0.5009312033653259,0,17
5891,294,3258,1820,0.5024067163467407,0,17
5892,294,3258,1289,0.5007147789001465,0,17
5893,294,3258,1356,0.5010649561882019,0,17
5894,294,3258,579,0.5144574046134949,0,17
5895,294,3258,352,0.5032594799995422,0,17
5896,294,3258,1809,0.5055850148200989,0,17
5897,294,3258,1378,0.5022329688072205,0,17
5898,294,3258,1837,0.5023100972175598,0,17
5899,294,3258,461,0.5066239833831787,0,17
5900,295,4036,371,0.5005992650985718,1,18
5901,295,4036,1169,0.5030506253242493,0,18
5902,295,4036,378,0.5005677938461304,0,18
5903,295,4036,1965,0.5048145055770874,0,18
5904,295,4036,1957,0.5017346739768982,0,18
5905,295,4036,1828,0.5184143781661987,0,18
5906,295,4036,1060,0.5032363533973694,0,18
5907,295,4036,719,0.5152851939201355,0,18
5908,295,4036,752,0.5017680525779724,0,18
5909,295,4036,804,0.501715898513794,0,18
5910,295,4036,666,0.5031962990760803,0,18
5911,295,4036,1916,0.5004137754440308,0,18
5912,295,4036,1351,0.5033054947853088,0,18
5913,295,4036,2026,0.5040656924247742,0,18
5914,295,4036,619,0.502711832523346,0,18
5915,295,4036,880,0.5024296641349792,0,18
5916,295,4036,1961,0.5037681460380554,0,18
5917,295,4036,106,0.5095935463905334,0,18
5918,295,4036,35,0.5019478797912598,0,18
5919,295,4036,1501,0.501906156539917,0,18
5920,296,543,965,0.5088927149772644,1,5
5921,296,543,1914,0.5072309970855713,0,5
5922,296,543,1072,0.5013857483863831,0,5
5923,296,543,1692,0.5022331476211548,0,5
5924,296,543,1643,0.5726756453514099,0,5
5925,296,543,435,0.5044373273849487,0,5
5926,296,543,211,0.5034927129745483,0,5
5927,296,543,787,0.5023486018180847,0,5
5928,296,543,1687,0.5050269961357117,0,5
5929,296,543,1642,0.5238431096076965,0,5
5930,296,543,1937,0.5014021396636963,0,5
5931,296,543,1381,0.5057834982872009,0,5
5932,296,543,1211,0.5018526911735535,0,5
5933,296,543,1550,0.5015244483947754,0,5
5934,296,543,1631,0.5034112334251404,0,5
5935,296,543,1946,0.5095829367637634,0,5
5936,296,543,336,0.5005505084991455,0,5
5937,296,543,1018,0.4996454119682312,0,5
5938,296,543,868,0.5013497471809387,0,5
5939,296,543,1694,0.5130524635314941,0,5
5940,297,2012,1461,0.5018491148948669,1,8
5941,297,2012,1367,0.5004153847694397,0,8
5942,297,2012,623,0.500796914100647,0,8
5943,297,2012,1723,0.509993314743042,0,8
5944,297,2012,1035,0.5021827220916748,0,8
5945,297,2012,1299,0.5008155703544617,0,8
5946,297,2012,569,0.5013307929039001,0,8
5947,297,2012,170,0.5010948777198792,0,8
5948,297,2012,76,0.5010043382644653,0,8
5949,297,2012,2026,0.5027754306793213,0,8
5950,297,2012,563,0.5004580616950989,0,8
5951,297,2012,506,0.5020498633384705,0,8
5952,297,2012,139,0.5030909776687622,0,8
5953,297,2012,595,0.5100347399711609,0,8
5954,297,2012,389,0.5008087158203125,0,8
5955,297,2012,924,0.5026702880859375,0,8
5956,297,2012,952,0.5009164810180664,0,8
5957,297,2012,1586,0.5011773705482483,0,8
5958,297,2012,1733,0.5008625984191895,0,8
5959,297,2012,1101,0.5012974739074707,0,8
5960,298,210,58,0.5009668469429016,1,1
5961,298,210,1101,0.500809371471405,0,1
5962,298,210,1781,0.5005617141723633,0,1
5963,298,210,1910,0.5008283853530884,0,1
5964,298,210,1117,0.5006266832351685,0,1
5965,298,210,96,0.5007274746894836,0,1
5966,298,210,1633,0.5008593201637268,0,1
5967,298,210,731,0.5008103251457214,0,1
5968,298,210,693,0.500551164150238,0,1
5969,298,210,1402,0.5009040832519531,0,1
5970,298,210,1121,0.5005519390106201,0,1
5971,298,210,1877,0.49442118406295776,0,1
5972,298,210,1213,0.5008501410484314,0,1
5973,298,210,1898,0.5007612109184265,0,1
5974,298,210,1145,0.5005601644515991,0,1
5975,298,210,1735,0.5008842945098877,0,1
5976,298,210,925,0.5008825063705444,0,1
5977,298,210,974,0.5009061098098755,0,1
5978,298,210,663,0.5007691383361816,0,1
5979,298,210,440,0.5008094310760498,0,1
5980,299,1680,1877,0.6915507912635803,1,1
5981,299,1680,1632,0.5611831545829773,0,1
5982,299,1680,1000,0.5100290775299072,0,1
5983,299,1680,693,0.5022656917572021,0,1
5984,299,1680,488,0.5032067894935608,0,1
5985,299,1680,1281,0.4997529983520508,0,1
5986,299,1680,1418,0.5031087398529053,0,1
5987,299,1680,926,0.5022393465042114,0,1
5988,299,1680,1947,0.5026785135269165,0,1
5989,299,1680,239,0.5003578066825867,0,1
5990,299,1680,1092,0.5160455703735352,0,1
5991,299,1680,984,0.5021079182624817,0,1
5992,299,1680,1557,0.5034245252609253,0,1
5993,299,1680,1540,0.4998452663421631,0,1
5994,299,1680,1225,0.5001929402351379,0,1
5995,299,1680,208,0.5132051706314087,0,1
5996,299,1680,268,0.5014321208000183,0,1
5997,299,1680,189,0.5029057264328003,0,1
5998,299,1680,1465,0.5059090852737427,0,1
5999,299,1680,475,0.5053906440734863,0,1
6000,300,3184,1635,0.4994816184043884,1,20
6001,300,3184,1670,0.5054206848144531,0,20
6002,300,3184,1999,0.5162482857704163,0,20
6003,300,3184,1806,0.7168370485305786,0,20
6004,300,3184,178,0.4999068081378937,0,20
6005,300,3184,140,0.5012990832328796,0,20
6006,300,3184,1611,0.499752402305603,0,20
6007,300,3184,632,0.5045639276504517,0,20
6008,300,3184,1723,0.5357865691184998,0,20
6009,300,3184,1003,0.5001535415649414,0,20
6010,300,3184,1148,0.5039264559745789,0,20
6011,300,3184,1949,0.5137355923652649,0,20
6012,300,3184,993,0.5107613205909729,0,20
6013,300,3184,334,0.502585768699646,0,20
6014,300,3184,1285,0.499958336353302,0,20
6015,300,3184,1056,0.5025667548179626,0,20
6016,300,3184,731,0.5076179504394531,0,20
6017,300,3184,412,0.5004366040229797,0,20
6018,300,3184,1772,0.5026566982269287,0,20
6019,300,3184,156,0.5032086372375488,0,20
6020,301,2430,407,0.5004721879959106,1,16
6021,301,2430,1318,0.5003286004066467,0,16
6022,301,2430,356,0.5007573962211609,0,16
6023,301,2430,161,0.5007401704788208,0,16
6024,301,2430,199,0.5006152391433716,0,16
6025,301,2430,731,0.500592827796936,0,16
6026,301,2430,1932,0.49895381927490234,0,16
6027,301,2430,1827,0.5007393956184387,0,16
6028,301,2430,1778,0.5009350180625916,0,16
6029,301,2430,1176,0.5007212162017822,0,16
6030,301,2430,1451,0.5004775524139404,0,16
6031,301,2430,1735,0.5006898641586304,0,16
6032,301,2430,860,0.5007249712944031,0,16
6033,301,2430,1175,0.5008696913719177,0,16
6034,301,2430,1723,0.500798225402832,0,16
6035,301,2430,1806,0.4931991994380951,0,16
6036,301,2430,1760,0.5000476837158203,0,16
6037,301,2430,292,0.5006604194641113,0,16
6038,301,2430,406,0.5007072687149048,0,16
6039,301,2430,1645,0.5005757808685303,0,16
6040,302,1938,1865,0.5026136040687561,1,8
6041,302,1938,2067,0.503165066242218,0,8
6042,302,1938,1996,0.5029566884040833,0,8
6043,302,1938,718,0.5045770406723022,0,8
6044,302,1938,1407,0.5040302276611328,0,8
6045,302,1938,753,0.5005125403404236,0,8
6046,302,1938,1601,0.5013809204101562,0,8
6047,302,1938,536,0.5025525689125061,0,8
6048,302,1938,62,0.5002195835113525,0,8
6049,302,1938,69,0.5000414252281189,0,8
6050,302,1938,1002,0.5038371086120605,0,8
6051,302,1938,1708,0.5035396814346313,0,8
6052,302,1938,1726,0.5019646286964417,0,8
6053,302,1938,1616,0.5021669268608093,0,8
6054,302,1938,502,0.5012384057044983,0,8
6055,302,1938,146,0.5034101605415344,0,8
6056,302,1938,424,0.5023413896560669,0,8
6057,302,1938,1530,0.5023988485336304,0,8
6058,302,1938,1593,0.5013488531112671,0,8
6059,302,1938,1501,0.5014654397964478,0,8
6060,303,365,195,0.5007782578468323,1,14
6061,303,365,132,0.5012596249580383,0,14
6062,303,365,893,0.5001639127731323,0,14
6063,303,365,1264,0.5007690787315369,0,14
6064,303,365,509,0.5004711151123047,0,14
6065,303,365,53,0.5004619359970093,0,14
6066,303,365,1638,0.5009411573410034,0,14
6067,303,365,1107,0.5056687593460083,0,14
6068,303,365,1435,0.5053839087486267,0,14
6069,303,365,2030,0.5034917593002319,0,14
6070,303,365,730,0.5029733180999756,0,14
6071,303,365,948,0.50774085521698,0,14
6072,303,365,1972,0.5021495223045349,0,14
6073,303,365,665,0.5003396272659302,0,14
6074,303,365,1271,0.5012800097465515,0,14
6075,303,365,2004,0.5076125264167786,0,14
6076,303,365,453,0.5024453997612,0,14
6077,303,365,147,0.5003191232681274,0,14
6078,303,365,628,0.519965410232544,0,14
6079,303,365,1641,0.5037042498588562,0,14
6080,304,2801,1047,0.5002807378768921,1,19
6081,304,2801,573,0.5010851621627808,0,19
6082,304,2801,230,0.5035520195960999,0,19
6083,304,2801,898,0.5017579197883606,0,19
6084,304,2801,1086,0.5011754035949707,0,19
6085,304,2801,1144,0.5025715231895447,0,19
6086,304,2801,1683,0.5026949644088745,0,19
6087,304,2801,1780,0.5007089972496033,0,19
6088,304,2801,728,0.5015609860420227,0,19
6089,304,2801,1407,0.5025559067726135,0,19
6090,304,2801,1961,0.5049891471862793,0,19
6091,304,2801,1385,0.5064836740493774,0,19
6092,304,2801,451,0.5050123929977417,0,19
6093,304,2801,241,0.5009899735450745,0,19
6094,304,2801,341,0.5000501275062561,0,19
6095,304,2801,410,0.5039587020874023,0,19
6096,304,2801,685,0.5017710328102112,0,19
6097,304,2801,789,0.5139092206954956,0,19
6098,304,2801,636,0.5018774271011353,0,19
6099,304,2801,808,0.5030750632286072,0,19
6100,305,3438,770,0.500673234462738,1,15
6101,305,3438,85,0.5018324851989746,0,15
6102,305,3438,132,0.5012601017951965,0,15
6103,305,3438,184,0.500879168510437,0,15
6104,305,3438,270,0.5002924799919128,0,15
6105,305,3438,100,0.5017057657241821,0,15
6106,305,3438,651,0.5029799938201904,0,15
6107,305,3438,620,0.5003662705421448,0,15
6108,305,3438,2033,0.5021079778671265,0,15
6109,305,3438,590,0.5218329429626465,0,15
6110,305,3438,521,0.5006460547447205,0,15
6111,305,3438,1640,0.5065580606460571,0,15
6112,305,3438,1675,0.5014692544937134,0,15
6113,305,3438,1621,0.500277042388916,0,15
6114,305,3438,1098,0.5017517805099487,0,15
6115,305,3438,769,0.5016500353813171,0,15
6116,305,3438,265,0.5011844635009766,0,15
6117,305,3438,2041,0.5041669607162476,0,15
6118,305,3438,1541,0.5014304518699646,0,15
6119,305,3438,1233,0.5004918575286865,0,15
6120,306,3770,776,0.5007938146591187,1,17
6121,306,3770,789,0.5036938786506653,0,17
6122,306,3770,1799,0.5021242499351501,0,17
6123,306,3770,1357,0.5007253885269165,0,17
6124,306,3770,1406,0.5006422400474548,0,17
6125,306,3770,245,0.5010796189308167,0,17
6126,306,3770,422,0.5011892914772034,0,17
6127,306,3770,979,0.5011863112449646,0,17
6128,306,3770,998,0.5013443231582642,0,17
6129,306,3770,650,0.5008388161659241,0,17
6130,306,3770,1502,0.5006703734397888,0,17
6131,306,3770,806,0.5011598467826843,0,17
6132,306,3770,586,0.5015261769294739,0,17
6133,306,3770,2053,0.5010917782783508,0,17
6134,306,3770,1663,0.5035638809204102,0,17
6135,306,3770,1865,0.5010794401168823,0,17
6136,306,3770,1552,0.5011147856712341,0,17
6137,306,3770,1379,0.5030478835105896,0,17
6138,306,3770,265,0.5009657740592957,0,17
6139,306,3770,135,0.5009914040565491,0,17
6140,307,2711,1846,0.510223925113678,1,5
6141,307,2711,117,0.5188841223716736,0,5
6142,307,2711,360,0.5031933784484863,0,5
6143,307,2711,55,0.5150846242904663,0,5
6144,307,2711,1240,0.502892792224884,0,5
6145,307,2711,1608,0.5042499303817749,0,5
6146,307,2711,1510,0.5031090974807739,0,5
6147,307,2711,457,0.5023056864738464,0,5
6148,307,2711,743,0.5047439336776733,0,5
6149,307,2711,1289,0.5028386116027832,0,5
6150,307,2711,1364,0.5061015486717224,0,5
6151,307,2711,1722,0.5023417472839355,0,5
6152,307,2711,1459,0.5034672617912292,0,5
6153,307,2711,907,0.5049766302108765,0,5
6154,307,2711,175,0.5031269788742065,0,5
6155,307,2711,199,0.5149126052856445,0,5
6156,307,2711,2018,0.5003994107246399,0,5
6157,307,2711,597,0.5008772611618042,0,5
6158,307,2711,153,0.5122879147529602,0,5
6159,307,2711,1618,0.5041108727455139,0,5
6160,308,2602,1631,0.5021823048591614,1,6
6161,308,2602,1008,0.5020520687103271,0,6
6162,308,2602,749,0.5022836923599243,0,6
6163,308,2602,1233,0.5004459619522095,0,6
6164,308,2602,2004,0.505243718624115,0,6
6165,308,2602,276,0.5009578466415405,0,6
6166,308,2602,1744,0.5028316378593445,0,6
6167,308,2602,808,0.5020818710327148,0,6
6168,308,2602,1856,0.500886082649231,0,6
6169,308,2602,866,0.5011732578277588,0,6
6170,308,2602,456,0.5017600655555725,0,6
6171,308,2602,760,0.5071095824241638,0,6
6172,308,2602,1433,0.5012980699539185,0,6
6173,308,2602,719,0.5115339159965515,0,6
6174,308,2602,1211,0.5008513331413269,0,6
6175,308,2602,1007,0.5009980797767639,0,6
6176,308,2602,1690,0.5012593865394592,0,6
6177,308,2602,1331,0.5001195073127747,0,6
6178,308,2602,393,0.5009934902191162,0,6
6179,308,2602,496,0.5008876323699951,0,6
6180,309,931,1578,0.563590407371521,1,1
6181,309,931,1362,0.504606306552887,0,1
6182,309,931,566,0.5000131726264954,0,1
6183,309,931,1957,0.5024977922439575,0,1
6184,309,931,373,0.5053129196166992,0,1
6185,309,931,1092,0.5225925445556641,0,1
6186,309,931,1297,0.5019352436065674,0,1
6187,309,931,520,0.5015130043029785,0,1
6188,309,931,638,0.5025532245635986,0,1
6189,309,931,1166,0.5037034153938293,0,1
6190,309,931,848,0.5039330720901489,0,1
6191,309,931,1984,0.5022025108337402,0,1
6192,309,931,1013,0.5094478130340576,0,1
6193,309,931,1922,0.5029116868972778,0,1
6194,309,931,846,0.5018277168273926,0,1
6195,309,931,418,0.5052700042724609,0,1
6196,309,931,1693,0.5086743831634521,0,1
6197,309,931,272,0.5025122761726379,0,1
6198,309,931,1629,0.49962595105171204,0,1
6199,309,931,1671,0.5442219376564026,0,1
6200,310,1597,919,0.5296477675437927,1,2
6201,310,1597,994,0.5000646114349365,0,2
6202,310,1597,0,0.5014837384223938,0,2
6203,310,1597,259,0.5034652948379517,0,2
6204,310,1597,699,0.5484080910682678,0,2
6205,310,1597,247,0.5001975297927856,0,2
6206,310,1597,905,0.5001891255378723,0,2
6207,310,1597,698,0.5017531514167786,0,2
6208,310,1597,2078,0.5032423734664917,0,2
6209,310,1597,1174,0.5023077130317688,0,2
6210,310,1597,976,0.5131521224975586,0,2
6211,310,1597,189,0.5023418068885803,0,2
6212,310,1597,847,0.5036605000495911,0,2
6213,310,1597,1230,0.5029847025871277,0,2
6214,310,1597,1836,0.5091007351875305,0,2
6215,310,1597,1984,0.5021624565124512,0,2
6216,310,1597,1732,0.5064279437065125,0,2
6217,310,1597,1951,0.5064730048179626,0,2
6218,310,1597,11,0.500140905380249,0,2
6219,310,1597,1457,0.5041727423667908,0,2
6220,311,2741,795,0.5026382207870483,1,6
6221,311,2741,4,0.5014557838439941,0,6
6222,311,2741,149,0.5487430095672607,0,6
6223,311,2741,890,0.5014891028404236,0,6
6224,311,2741,1165,0.5014818906784058,0,6
6225,311,2741,1249,0.5004841089248657,0,6
6226,311,2741,1850,0.5020695924758911,0,6
6227,311,2741,1610,0.5097800493240356,0,6
6228,311,2741,1409,0.5003302097320557,0,6
6229,311,2741,286,0.5008218288421631,0,6
6230,311,2741,1121,0.5067258477210999,0,6
6231,311,2741,658,0.5074374079704285,0,6
6232,311,2741,1001,0.5004530549049377,0,6
6233,311,2741,1560,0.5001370310783386,0,6
6234,311,2741,75,0.500658392906189,0,6
6235,311,2741,161,0.5005010366439819,0,6
6236,311,2741,769,0.5014786720275879,0,6
6237,311,2741,1520,0.5001645088195801,0,6
6238,311,2741,1306,0.5017550587654114,0,6
6239,311,2741,958,0.5085844397544861,0,6
6240,312,2912,2018,0.5004956722259521,1,19
6241,312,2912,1698,0.5004070401191711,0,19
6242,312,2912,1733,0.5011479258537292,0,19
6243,312,2912,878,0.5007131695747375,0,19
6244,312,2912,439,0.5133634209632874,0,19
6245,312,2912,1517,0.5007281303405762,0,19
6246,312,2912,1941,0.5020957589149475,0,19
6247,312,2912,1300,0.5014801025390625,0,19
6248,312,2912,585,0.5020799040794373,0,19
6249,312,2912,1292,0.5013933777809143,0,19
6250,312,2912,1078,0.5014067888259888,0,19
6251,312,2912,680,0.5116776823997498,0,19
6252,312,2912,1455,0.5015074610710144,0,19
6253,312,2912,454,0.502030074596405,0,19
6254,312,2912,1675,0.5014494061470032,0,19
6255,312,2912,1678,0.5034497380256653,0,19
6256,312,2912,963,0.5021800994873047,0,19
6257,312,2912,499,0.5020331144332886,0,19
6258,312,2912,735,0.50181645154953,0,19
6259,312,2912,148,0.504079282283783,0,19
6260,313,2649,455,0.5173417925834656,1,4
6261,313,2649,128,0.49892714619636536,0,4
6262,313,2649,1999,0.5206049084663391,0,4
6263,313,2649,1152,0.5000730752944946,0,4
6264,313,2649,458,0.5046295523643494,0,4
6265,313,2649,348,0.5021750330924988,0,4
6266,313,2649,1806,0.7635595202445984,0,4
6267,313,2649,1194,0.5028059482574463,0,4
6268,313,2649,1062,0.5077446699142456,0,4
6269,313,2649,1586,0.503800630569458,0,4
6270,313,2649,1535,0.5166069865226746,0,4
6271,313,2649,126,0.5056741237640381,0,4
6272,313,2649,838,0.5074357390403748,0,4
6273,313,2649,818,0.519392192363739,0,4
6274,313,2649,281,0.4990902543067932,0,4
6275,313,2649,1189,0.5043845772743225,0,4
6276,313,2649,1477,0.4995891749858856,0,4
6277,313,2649,1615,0.5024740099906921,0,4
6278,313,2649,80,0.5054255127906799,0,4
6279,313,2649,88,0.5042375326156616,0,4
6280,314,3065,43,0.5006976127624512,1,16
6281,314,3065,1554,0.5008323788642883,0,16
6282,314,3065,725,0.5007839202880859,0,16
6283,314,3065,1011,0.5008378624916077,0,16
6284,314,3065,229,0.50106281042099,0,16
6285,314,3065,394,0.5008546113967896,0,16
6286,314,3065,12,0.500593900680542,0,16
6287,314,3065,49,0.501012921333313,0,16
6288,314,3065,684,0.5006808638572693,0,16
6289,314,3065,529,0.5007812976837158,0,16
6290,314,3065,241,0.5007404088973999,0,16
6291,314,3065,1225,0.5007138848304749,0,16
6292,314,3065,950,0.5006900429725647,0,16
6293,314,3065,899,0.5007624626159668,0,16
6294,314,3065,1330,0.5007253885269165,0,16
6295,314,3065,460,0.5007905960083008,0,16
6296,314,3065,1250,0.500541627407074,0,16
6297,314,3065,415,0.5008684992790222,0,16
6298,314,3065,201,0.500824511051178,0,16
6299,314,3065,1922,0.5007595419883728,0,16
6300,315,225,1697,0.5031421184539795,1,14
6301,315,225,1002,0.5089619755744934,0,14
6302,315,225,312,0.5036656260490417,0,14
6303,315,225,1362,0.5049808025360107,0,14
6304,315,225,2067,0.5052915811538696,0,14
6305,315,225,1332,0.5119750499725342,0,14
6306,315,225,319,0.5048646926879883,0,14
6307,315,225,1252,0.5001304149627686,0,14
6308,315,225,343,0.5004005432128906,0,14
6309,315,225,1705,0.5218995809555054,0,14
6310,315,225,1107,0.5163347125053406,0,14
6311,315,225,113,0.507882833480835,0,14
6312,315,225,1384,0.5038794875144958,0,14
6313,315,225,1976,0.5132775902748108,0,14
6314,315,225,307,0.5074021220207214,0,14
6315,315,225,1424,0.5029832124710083,0,14
6316,315,225,1993,0.49929141998291016,0,14
6317,315,225,1208,0.49962037801742554,0,14
6318,315,225,668,0.49944689869880676,0,14
6319,315,225,1696,0.504477858543396,0,14
6320,316,2554,843,0.5004553198814392,1,20
6321,316,2554,836,0.5055404901504517,0,20
6322,316,2554,961,0.5021791458129883,0,20
6323,316,2554,827,0.5008981227874756,0,20
6324,316,2554,305,0.5024269819259644,0,20
6325,316,2554,1487,0.5013628602027893,0,20
6326,316,2554,413,0.5020403861999512,0,20
6327,316,2554,835,0.501258373260498,0,20
6328,316,2554,1394,0.5025052428245544,0,20
6329,316,2554,1879,0.5017295479774475,0,20
6330,316,2554,1530,0.5018297433853149,0,20
6331,316,2554,993,0.5039318203926086,0,20
6332,316,2554,1895,0.5017417073249817,0,20
6333,316,2554,161,0.5005884766578674,0,20
6334,316,2554,7,0.501069188117981,0,20
6335,316,2554,976,0.5068787932395935,0,20
6336,316,2554,612,0.5005497336387634,0,20
6337,316,2554,862,0.5016300082206726,0,20
6338,316,2554,284,0.501490592956543,0,20
6339,316,2554,237,0.5084298253059387,0,20
6340,317,2394,1706,0.5000803470611572,1,20
6341,317,2394,643,0.5009150505065918,0,20
6342,317,2394,335,0.5036057233810425,0,20
6343,317,2394,1174,0.5022357106208801,0,20
6344,317,2394,570,0.5025876760482788,0,20
6345,317,2394,681,0.5031865239143372,0,20
6346,317,2394,1931,0.5022451877593994,0,20
6347,317,2394,7,0.5013074278831482,0,20
6348,317,2394,181,0.5021278262138367,0,20
6349,317,2394,1034,0.5056023001670837,0,20
6350,317,2394,90,0.5028561949729919,0,20
6351,317,2394,248,0.5026333332061768,0,20
6352,317,2394,1751,0.5001718997955322,0,20
6353,317,2394,1642,0.5182739496231079,0,20
6354,317,2394,1840,0.5000982880592346,0,20
6355,317,2394,519,0.5011643171310425,0,20
6356,317,2394,918,0.5021156668663025,0,20
6357,317,2394,1777,0.5173187851905823,0,20
6358,317,2394,151,0.5379255414009094,0,20
6359,317,2394,667,0.5024308562278748,0,20
6360,318,1918,909,0.5018465518951416,1,10
6361,318,1918,1772,0.5021016001701355,0,10
6362,318,1918,636,0.5028978586196899,0,10
6363,318,1918,313,0.5006403923034668,0,10
6364,318,1918,74,0.5055831074714661,0,10
6365,318,1918,1541,0.5017404556274414,0,10
6366,318,1918,1174,0.5028800368309021,0,10
6367,318,1918,785,0.5016153454780579,0,10
6368,318,1918,1259,0.5089583396911621,0,10
6369,318,1918,79,0.5030049681663513,0,10
6370,318,1918,1916,0.5004109740257263,0,10
6371,318,1918,1793,0.5001029968261719,0,10
6372,318,1918,1739,0.5129044055938721,0,10
6373,318,1918,1642,0.5198588967323303,0,10
6374,318,1918,1874,0.5011286735534668,0,10
6375,318,1918,1226,0.5005787014961243,0,10
6376,318,1918,1351,0.5028133988380432,0,10
6377,318,1918,23,0.5006542801856995,0,10
6378,318,1918,252,0.5003319978713989,0,10
6379,318,1918,1988,0.5004903674125671,0,10
6380,319,2997,1738,0.5005267858505249,1,18
6381,319,2997,691,0.5014182329177856,0,18
6382,319,2997,1147,0.5026107430458069,0,18
6383,319,2997,1234,0.5012186765670776,0,18
6384,319,2997,936,0.5012075304985046,0,18
6385,319,2997,1679,0.5008524656295776,0,18
6386,319,2997,1562,0.5008179545402527,0,18
6387,319,2997,1620,0.5214544534683228,0,18
6388,319,2997,661,0.5049157738685608,0,18
6389,319,2997,391,0.5005296468734741,0,18
6390,319,2997,1376,0.5006871223449707,0,18
6391,319,2997,1537,0.5005356669425964,0,18
6392,319,2997,721,0.5008341670036316,0,18
6393,319,2997,1746,0.5011967420578003,0,18
6394,319,2997,130,0.500970184803009,0,18
6395,319,2997,28,0.5004312992095947,0,18
6396,319,2997,855,0.500517725944519,0,18
6397,319,2997,1170,0.5029162168502808,0,18
6398,319,2997,223,0.5011640191078186,0,18
6399,319,2997,1502,0.5005768537521362,0,18
6400,320,1448,834,0.5288805961608887,1,1
6401,320,1448,1970,0.505416214466095,0,1
6402,320,1448,1592,0.5045019388198853,0,1
6403,320,1448,1600,0.5063902735710144,0,1
6404,320,1448,363,0.49933889508247375,0,1
6405,320,1448,1676,0.5004842281341553,0,1
6406,320,1448,1804,0.5011319518089294,0,1
6407,320,1448,853,0.5026307106018066,0,1
6408,320,1448,1113,0.5040273070335388,0,1
6409,320,1448,1224,0.5233129262924194,0,1
6410,320,1448,573,0.5021486878395081,0,1
6411,320,1448,2006,0.5093420147895813,0,1
6412,320,1448,1351,0.506467878818512,0,1
6413,320,1448,2064,0.5014474391937256,0,1
6414,320,1448,1479,0.5058920383453369,0,1
6415,320,1448,1862,0.5067392587661743,0,1
6416,320,1448,1199,0.4993172585964203,0,1
6417,320,1448,596,0.5095725655555725,0,1
6418,320,1448,1346,0.5013457536697388,0,1
6419,320,1448,1617,0.5074556469917297,0,1
6420,321,529,649,0.5107953548431396,1,5
6421,321,529,552,0.5150561928749084,0,5
6422,321,529,1792,0.5120270252227783,0,5
6423,321,529,950,0.49841538071632385,0,5
6424,321,529,183,0.5025840401649475,0,5
6425,321,529,1994,0.5032551288604736,0,5
6426,321,529,914,0.5477598309516907,0,5
6427,321,529,1249,0.499470978975296,0,5
6428,321,529,216,0.500922679901123,0,5
6429,321,529,1236,0.5056430697441101,0,5
6430,321,529,1573,0.5057966113090515,0,5
6431,321,529,1270,0.5045405030250549,0,5
6432,321,529,943,0.50555819272995,0,5
6433,321,529,78,0.5101714134216309,0,5
6434,321,529,786,0.5017266273498535,0,5
6435,321,529,392,0.5002396106719971,0,5
6436,321,529,1164,0.5233538746833801,0,5
6437,321,529,997,0.5046584606170654,0,5
6438,321,529,1925,0.5056224465370178,0,5
6439,321,529,294,0.49912628531455994,0,5
6440,322,1962,971,0.4993336796760559,1,17
6441,322,1962,624,0.5564556121826172,0,17
6442,322,1962,1867,0.5585432648658752,0,17
6443,322,1962,1037,0.5024290084838867,0,17
6444,322,1962,1426,0.5048267245292664,0,17
6445,322,1962,460,0.5019598007202148,0,17
6446,322,1962,1295,0.5047757625579834,0,17
6447,322,1962,770,0.4996163249015808,0,17
6448,322,1962,282,0.5101569294929504,0,17
6449,322,1962,1288,0.5057004690170288,0,17
6450,322,1962,298,0.5024646520614624,0,17
6451,322,1962,141,0.5034735202789307,0,17
6452,322,1962,416,0.5099391937255859,0,17
6453,322,1962,1169,0.5052990913391113,0,17
6454,322,1962,1687,0.5089914798736572,0,17
6455,322,1962,1906,0.49975937604904175,0,17
6456,322,1962,1793,0.49881336092948914,0,17
6457,322,1962,990,0.49908140301704407,0,17
6458,322,1962,342,0.5028535723686218,0,17
6459,322,1962,854,0.49907734990119934,0,17
6460,323,3127,1740,0.500342607498169,1,19
6461,323,3127,1849,0.5011674761772156,0,19
6462,323,3127,1022,0.5011112093925476,0,19
6463,323,3127,333,0.5021234154701233,0,19
6464,323,3127,1998,0.5012360215187073,0,19
6465,323,3127,416,0.5025402307510376,0,19
6466,323,3127,888,0.503693699836731,0,19
6467,323,3127,1263,0.5014390349388123,0,19
6468,323,3127,29,0.5005576610565186,0,19
6469,323,3127,1922,0.5016053915023804,0,19
6470,323,3127,1687,0.5030428767204285,0,19
6471,323,3127,1063,0.5003227591514587,0,19
6472,323,3127,550,0.5012878775596619,0,19
6473,323,3127,724,0.5011755228042603,0,19
6474,323,3127,1379,0.5085018277168274,0,19
6475,323,3127,608,0.5017133355140686,0,19
6476,323,3127,156,0.501746416091919,0,19
6477,323,3127,103,0.5110634565353394,0,19
6478,323,3127,1616,0.5014367699623108,0,19
6479,323,3127,1769,0.5007336735725403,0,19
6480,324,2647,1843,0.5184343457221985,1,2
6481,324,2647,409,0.5022507905960083,0,2
6482,324,2647,1889,0.5030701756477356,0,2
6483,324,2647,185,0.504608690738678,0,2
6484,324,2647,1788,0.5038557648658752,0,2
6485,324,2647,1552,0.5024697780609131,0,2
6486,324,2647,1528,0.5053882598876953,0,2
6487,324,2647,46,0.5006054043769836,0,2
6488,324,2647,704,0.5016948580741882,0,2
6489,324,2647,1605,0.5049893856048584,0,2
6490,324,2647,1526,0.5018953084945679,0,2
6491,324,2647,1249,0.5005003213882446,0,2
6492,324,2647,849,0.5021524429321289,0,2
6493,324,2647,1947,0.5026041269302368,0,2
6494,324,2647,2044,0.5041257739067078,0,2
6495,324,2647,1709,0.5015102028846741,0,2
6496,324,2647,1023,0.5108596682548523,0,2
6497,324,2647,149,0.565546989440918,0,2
6498,324,2647,1314,0.5016317367553711,0,2
6499,324,2647,538,0.5014762878417969,0,2
6500,325,2431,14,0.5024687051773071,1,7
6501,325,2431,132,0.5009118914604187,0,7
6502,325,2431,749,0.5027169585227966,0,7
6503,325,2431,511,0.5124351382255554,0,7
6504,325,2431,1511,0.501338541507721,0,7
6505,325,2431,852,0.5024865865707397,0,7
6506,325,2431,902,0.50054532289505,0,7
6507,325,2431,820,0.5012158751487732,0,7
6508,325,2431,1518,0.5096989274024963,0,7
6509,325,2431,1596,0.5013455748558044,0,7
6510,325,2431,277,0.5014042258262634,0,7
6511,325,2431,1617,0.5027906894683838,0,7
6512,325,2431,1276,0.5009776949882507,0,7
6513,325,2431,621,0.5049781203269958,0,7
6514,325,2431,526,0.5009766221046448,0,7
6515,325,2431,1109,0.5017223358154297,0,7
6516,325,2431,1599,0.5003247261047363,0,7
6517,325,2431,1161,0.5003698468208313,0,7
6518,325,2431,1204,0.5008512735366821,0,7
6519,325,2431,2080,0.5013937950134277,0,7
6520,326,2698,555,0.5008763074874878,1,6
6521,326,2698,1417,0.5007815957069397,0,6
6522,326,2698,775,0.500661313533783,0,6
6523,326,2698,907,0.500665009021759,0,6
6524,326,2698,402,0.50080406665802,0,6
6525,326,2698,1426,0.501042902469635,0,6
6526,326,2698,352,0.5007914900779724,0,6
6527,326,2698,1166,0.5007768273353577,0,6
6528,326,2698,247,0.5006971955299377,0,6
6529,326,2698,212,0.5013883113861084,0,6
6530,326,2698,1313,0.5011079907417297,0,6
6531,326,2698,818,0.500758171081543,0,6
6532,326,2698,457,0.5008469820022583,0,6
6533,326,2698,1461,0.5005196332931519,0,6
6534,326,2698,60,0.5008347630500793,0,6
6535,326,2698,995,0.5023552775382996,0,6
6536,326,2698,249,0.5023396611213684,0,6
6537,326,2698,809,0.5007055997848511,0,6
6538,326,2698,1634,0.5008406639099121,0,6
6539,326,2698,1626,0.5007455348968506,0,6
6540,327,940,805,0.5285543203353882,1,5
6541,327,940,1139,0.5014442801475525,0,5
6542,327,940,1548,0.5283163189888,0,5
6543,327,940,725,0.4988878667354584,0,5
6544,327,940,1069,0.4987231492996216,0,5
6545,327,940,1510,0.5046023726463318,0,5
6546,327,940,2052,0.5027992725372314,0,5
6547,327,940,297,0.5163218379020691,0,5
6548,327,940,149,0.6950421929359436,0,5
6549,327,940,54,0.5007832050323486,0,5
6550,327,940,1019,0.5310807824134827,0,5
6551,327,940,1806,0.7919104695320129,0,5
6552,327,940,645,0.509609580039978,0,5
6553,327,940,931,0.5000127553939819,0,5
6554,327,940,148,0.5176233053207397,0,5
6555,327,940,587,0.49904945492744446,0,5
6556,327,940,66,0.5008293390274048,0,5
6557,327,940,389,0.5028955936431885,0,5
6558,327,940,224,0.6187804341316223,0,5
6559,327,940,1688,0.4998232126235962,0,5
6560,328,157,552,0.5065018534660339,1,2
6561,328,157,1599,0.5000512599945068,0,2
6562,328,157,278,0.5001599788665771,0,2
6563,328,157,591,0.5020990967750549,0,2
6564,328,157,484,0.49981600046157837,0,2
6565,328,157,1651,0.5012658834457397,0,2
6566,328,157,1764,0.501034677028656,0,2
6567,328,157,1708,0.5032480955123901,0,2
6568,328,157,1420,0.5017496347427368,0,2
6569,328,157,48,0.5016782283782959,0,2
6570,328,157,1079,0.503977358341217,0,2
6571,328,157,1313,0.5122237205505371,0,2
6572,328,157,1319,0.5001078248023987,0,2
6573,328,157,2043,0.4999399781227112,0,2
6574,328,157,352,0.5038161873817444,0,2
6575,328,157,573,0.5013852119445801,0,2
6576,328,157,608,0.5019177198410034,0,2
6577,328,157,865,0.5032570362091064,0,2
6578,328,157,1595,0.5026443600654602,0,2
6579,328,157,1675,0.5022123456001282,0,2
6580,329,3361,265,0.5013216733932495,1,15
6581,329,3361,43,0.5004151463508606,0,15
6582,329,3361,1707,0.5070140361785889,0,15
6583,329,3361,540,0.5048057436943054,0,15
6584,329,3361,1546,0.5018144845962524,0,15
6585,329,3361,42,0.501273512840271,0,15
6586,329,3361,615,0.5003518462181091,0,15
6587,329,3361,1300,0.5017465949058533,0,15
6588,329,3361,1327,0.5053963661193848,0,15
6589,329,3361,316,0.5023157000541687,0,15
6590,329,3361,1478,0.5017479062080383,0,15
6591,329,3361,1820,0.5019398927688599,0,15
6592,329,3361,1953,0.5101247429847717,0,15
6593,329,3361,718,0.5042877793312073,0,15
6594,329,3361,55,0.5091909170150757,0,15
6595,329,3361,1001,0.5003036260604858,0,15
6596,329,3361,376,0.5003700852394104,0,15
6597,329,3361,277,0.5023366808891296,0,15
6598,329,3361,892,0.5027800798416138,0,15
6599,329,3361,977,0.5018160343170166,0,15
6600,330,655,842,0.5052011013031006,1,9
6601,330,655,1427,0.5015932321548462,0,9
6602,330,655,572,0.525543749332428,0,9
6603,330,655,1771,0.5022571086883545,0,9
6604,330,655,1491,0.5020730495452881,0,9
6605,330,655,289,0.5021703839302063,0,9
6606,330,655,416,0.5054718852043152,0,9
6607,330,655,1557,0.5041377544403076,0,9
6608,330,655,1727,0.5012928247451782,0,9
6609,330,655,680,0.5239599943161011,0,9
6610,330,655,1520,0.4998505115509033,0,9
6611,330,655,960,0.5099920034408569,0,9
6612,330,655,234,0.5071802139282227,0,9
6613,330,655,1223,0.49985983967781067,0,9
6614,330,655,1346,0.5020831823348999,0,9
6615,330,655,67,0.5066159963607788,0,9
6616,330,655,469,0.5235552191734314,0,9
6617,330,655,188,0.5123502612113953,0,9
6618,330,655,454,0.5024346709251404,0,9
6619,330,655,566,0.5000668168067932,0,9
6620,331,2688,1191,0.5006258487701416,1,14
6621,331,2688,889,0.5006335973739624,0,14
6622,331,2688,1729,0.5007151961326599,0,14
6623,331,2688,29,0.5004944205284119,0,14
6624,331,2688,316,0.5010272860527039,0,14
6625,331,2688,330,0.5106353163719177,0,14
6626,331,2688,1391,0.5006088018417358,0,14
6627,331,2688,1042,0.5004143714904785,0,14
6628,331,2688,1266,0.5014784336090088,0,14
6629,331,2688,1117,0.5009307265281677,0,14
6630,331,2688,2077,0.5011652112007141,0,14
6631,331,2688,82,0.5012727975845337,0,14
6632,331,2688,1358,0.5011634230613708,0,14
6633,331,2688,1725,0.5026516914367676,0,14
6634,331,2688,1147,0.5043497085571289,0,14
6635,331,2688,1445,0.5089278817176819,0,14
6636,331,2688,1368,0.5004883408546448,0,14
6637,331,2688,593,0.5005506277084351,0,14
6638,331,2688,369,0.5050975680351257,0,14
6639,331,2688,376,0.5005213022232056,0,14
6640,332,400,483,0.5115795135498047,1,3
6641,332,400,130,0.5028139352798462,0,3
6642,332,400,19,0.5001440644264221,0,3
6643,332,400,334,0.5023447871208191,0,3
6644,332,400,1881,0.5103400349617004,0,3
6645,332,400,1657,0.5022186040878296,0,3
6646,332,400,1791,0.5002601742744446,0,3
6647,332,400,910,0.5017403960227966,0,3
6648,332,400,197,0.5050294399261475,0,3
6649,332,400,1876,0.6478613018989563,0,3
6650,332,400,2015,0.5002722144126892,0,3
6651,332,400,1676,0.5009695887565613,0,3
6652,332,400,670,0.5063101053237915,0,3
6653,332,400,211,0.503309965133667,0,3
6654,332,400,1677,0.500434935092926,0,3
6655,332,400,2052,0.5022003054618835,0,3
6656,332,400,1123,0.5069614052772522,0,3
6657,332,400,2040,0.5025174617767334,0,3
6658,332,400,1518,0.5297448039054871,0,3
6659,332,400,1684,0.5070618987083435,0,3
6660,333,3022,649,0.5083715319633484,1,5
6661,333,3022,1465,0.5062400102615356,0,5
6662,333,3022,258,0.5180575847625732,0,5
6663,333,3022,444,0.5037997364997864,0,5
6664,333,3022,523,0.5081190466880798,0,5
6665,333,3022,860,0.5029458403587341,0,5
6666,333,3022,1192,0.5041962265968323,0,5
6667,333,3022,1321,0.5030868649482727,0,5
6668,333,3022,1332,0.5082279443740845,0,5
6669,333,3022,1006,0.539900004863739,0,5
6670,333,3022,3,0.501875638961792,0,5
6671,333,3022,1023,0.5172597765922546,0,5
6672,333,3022,520,0.5015324354171753,0,5
6673,333,3022,801,0.5379443764686584,0,5
6674,333,3022,1934,0.501258373260498,0,5
6675,333,3022,581,0.5030986666679382,0,5
6676,333,3022,1363,0.5060808062553406,0,5
6677,333,3022,1419,0.5059295892715454,0,5
6678,333,3022,709,0.5052346587181091,0,5
6679,333,3022,1800,0.5016929507255554,0,5
6680,334,3596,799,0.5013948082923889,1,10
6681,334,3596,1082,0.5033643841743469,0,10
6682,334,3596,228,0.5010822415351868,0,10
6683,334,3596,1964,0.5011954307556152,0,10
6684,334,3596,1656,0.5000039339065552,0,10
6685,334,3596,915,0.5014181733131409,0,10
6686,334,3596,364,0.5013529658317566,0,10
6687,334,3596,1946,0.5062815546989441,0,10
6688,334,3596,184,0.5007051229476929,0,10
6689,334,3596,428,0.5009569525718689,0,10
6690,334,3596,26,0.5017608404159546,0,10
6691,334,3596,1267,0.5010790228843689,0,10
6692,334,3596,1824,0.499917209148407,0,10
6693,334,3596,417,0.5050255656242371,0,10
6694,334,3596,345,0.7105214595794678,0,10
6695,334,3596,1020,0.5036551356315613,0,10
6696,334,3596,1325,0.5038267970085144,0,10
6697,334,3596,167,0.500815212726593,0,10
6698,334,3596,1019,0.5097140073776245,0,10
6699,334,3596,583,0.5011734962463379,0,10
6700,335,3775,1422,0.500851571559906,1,7
6701,335,3775,1465,0.5005422234535217,0,7
6702,335,3775,179,0.5006582140922546,0,7
6703,335,3775,752,0.5008761286735535,0,7
6704,335,3775,1424,0.5008546710014343,0,7
6705,335,3775,1431,0.5008216500282288,0,7
6706,335,3775,951,0.5008772015571594,0,7
6707,335,3775,1233,0.5008386969566345,0,7
6708,335,3775,699,0.4983295202255249,0,7
6709,335,3775,137,0.5009386539459229,0,7
6710,335,3775,1709,0.5007694959640503,0,7
6711,335,3775,1176,0.5007909536361694,0,7
6712,335,3775,195,0.5008498430252075,0,7
6713,335,3775,361,0.5006710290908813,0,7
6714,335,3775,615,0.5008862614631653,0,7
6715,335,3775,1814,0.5007988214492798,0,7
6716,335,3775,621,0.5004112124443054,0,7
6717,335,3775,386,0.5008675456047058,0,7
6718,335,3775,487,0.5007936358451843,0,7
6719,335,3775,472,0.5005096793174744,0,7
6720,336,3510,479,0.5026198029518127,1,7
6721,336,3510,35,0.5017127990722656,0,7
6722,336,3510,1062,0.5024613738059998,0,7
6723,336,3510,1444,0.5032078623771667,0,7
6724,336,3510,1993,0.5006458163261414,0,7
6725,336,3510,1729,0.501736581325531,0,7
6726,336,3510,1134,0.5057249069213867,0,7
6727,336,3510,1976,0.5034458041191101,0,7
6728,336,3510,2050,0.5023588538169861,0,7
6729,336,3510,466,0.5021687746047974,0,7
6730,336,3510,1435,0.5030997395515442,0,7
6731,336,3510,579,0.5095041990280151,0,7
6732,336,3510,1634,0.501582682132721,0,7
6733,336,3510,281,0.5012284517288208,0,7
6734,336,3510,2023,0.5018392205238342,0,7
6735,336,3510,1749,0.5015916228294373,0,7
6736,336,3510,829,0.5023093819618225,0,7
6737,336,3510,443,0.5016584396362305,0,7
6738,336,3510,1283,0.5006536245346069,0,7
6739,336,3510,789,0.5085681080818176,0,7
6740,337,1891,314,0.5003862380981445,1,18
6741,337,1891,1145,0.5018286108970642,0,18
6742,337,1891,1248,0.5044664740562439,0,18
6743,337,1891,196,0.5000234842300415,0,18
6744,337,1891,1458,0.5012360215187073,0,18
6745,337,1891,971,0.5004023909568787,0,18
6746,337,1891,1906,0.5003993511199951,0,18
6747,337,1891,909,0.5014288425445557,0,18
6748,337,1891,14,0.5031855702400208,0,18
6749,337,1891,313,0.5006610751152039,0,18
6750,337,1891,289,0.5014755129814148,0,18
6751,337,1891,699,0.5394775867462158,0,18
6752,337,1891,1958,0.5015146732330322,0,18
6753,337,1891,2032,0.5012649297714233,0,18
6754,337,1891,2020,0.5018138289451599,0,18
6755,337,1891,993,0.5037294030189514,0,18
6756,337,1891,1402,0.5007576942443848,0,18
6757,337,1891,602,0.5021104216575623,0,18
6758,337,1891,742,0.5015655755996704,0,18
6759,337,1891,775,0.5001256465911865,0,18
6760,338,2336,1455,0.5014457106590271,1,15
6761,338,2336,850,0.5085429549217224,0,15
6762,338,2336,2000,0.5039126873016357,0,15
6763,338,2336,922,0.5017396807670593,0,15
6764,338,2336,1137,0.5083218216896057,0,15
6765,338,2336,1836,0.509874165058136,0,15
6766,338,2336,347,0.5000712871551514,0,15
6767,338,2336,1205,0.5051003694534302,0,15
6768,338,2336,487,0.5029187798500061,0,15
6769,338,2336,698,0.5022494196891785,0,15
6770,338,2336,1868,0.5112046599388123,0,15
6771,338,2336,1689,0.5198190212249756,0,15
6772,338,2336,1224,0.5136192440986633,0,15
6773,338,2336,897,0.5004424452781677,0,15
6774,338,2336,516,0.502565324306488,0,15
6775,338,2336,625,0.5019833445549011,0,15
6776,338,2336,1,0.5012764930725098,0,15
6777,338,2336,252,0.5002679228782654,0,15
6778,338,2336,925,0.5004863739013672,0,15
6779,338,2336,95,0.5028549432754517,0,15
6780,339,2674,492,0.500464677810669,1,18
6781,339,2674,1638,0.5013278126716614,0,18
6782,339,2674,1706,0.5001466870307922,0,18
6783,339,2674,1284,0.5021060109138489,0,18
6784,339,2674,719,0.5246401429176331,0,18
6785,339,2674,912,0.5017616748809814,0,18
6786,339,2674,307,0.5041048526763916,0,18
6787,339,2674,1992,0.502063512802124,0,18
6788,339,2674,543,0.5001470446586609,0,18
6789,339,2674,997,0.5026169419288635,0,18
6790,339,2674,1395,0.5050598978996277,0,18
6791,339,2674,498,0.5028941035270691,0,18
6792,339,2674,649,0.505700409412384,0,18
6793,339,2674,1360,0.5019158124923706,0,18
6794,339,2674,1276,0.5027235150337219,0,18
6795,339,2674,1228,0.5007725358009338,0,18
6796,339,2674,1344,0.5025190114974976,0,18
6797,339,2674,406,0.5029381513595581,0,18
6798,339,2674,1979,0.5043613910675049,0,18
6799,339,2674,1209,0.5029146671295166,0,18
6800,340,307,959,0.5172204375267029,1,6
6801,340,307,1255,0.5178763270378113,0,6
6802,340,307,913,0.5529618263244629,0,6
6803,340,307,373,0.5069069266319275,0,6
6804,340,307,801,0.5608624219894409,0,6
6805,340,307,1484,0.49937957525253296,0,6
6806,340,307,1407,0.5074580311775208,0,6
6807,340,307,125,0.5046657919883728,0,6
6808,340,307,1370,0.5198509693145752,0,6
6809,340,307,2010,0.4994361102581024,0,6
6810,340,307,2067,0.5073524117469788,0,6
6811,340,307,123,0.5205804705619812,0,6
6812,340,307,2,0.49875012040138245,0,6
6813,340,307,547,0.4990669786930084,0,6
6814,340,307,828,0.5075004696846008,0,6
6815,340,307,451,0.5113329887390137,0,6
6816,340,307,119,0.49972644448280334,0,6
6817,340,307,653,0.4994516372680664,0,6
6818,340,307,523,0.5144991278648376,0,6
6819,340,307,561,0.4989265501499176,0,6
6820,341,1172,313,0.5004276633262634,1,19
6821,341,1172,1335,0.50093013048172,0,19
6822,341,1172,2006,0.5069206357002258,0,19
6823,341,1172,1965,0.507699191570282,0,19
6824,341,1172,1624,0.5006476044654846,0,19
6825,341,1172,648,0.5134137868881226,0,19
6826,341,1172,1264,0.5012291073799133,0,19
6827,341,1172,1678,0.5068132281303406,0,19
6828,341,1172,1488,0.4996657371520996,0,19
6829,341,1172,1507,0.527665913105011,0,19
6830,341,1172,338,0.5014710426330566,0,19
6831,341,1172,956,0.5029943585395813,0,19
6832,341,1172,1575,0.5039855241775513,0,19
6833,341,1172,1775,0.5004940629005432,0,19
6834,341,1172,869,0.503349781036377,0,19
6835,341,1172,170,0.5015049576759338,0,19
6836,341,1172,1584,0.5006392002105713,0,19
6837,341,1172,1270,0.5032863616943359,0,19
6838,341,1172,1418,0.5019363164901733,0,19
6839,341,1172,687,0.5189459919929504,0,19
6840,342,408,1773,0.5028611421585083,1,12
6841,342,408,1143,0.4998966157436371,0,12
6842,342,408,1367,0.5002135038375854,0,12
6843,342,408,337,0.5047718286514282,0,12
6844,342,408,227,0.4998834431171417,0,12
6845,342,408,103,0.5292423963546753,0,12
6846,342,408,1421,0.504004955291748,0,12
6847,342,408,55,0.5161225199699402,0,12
6848,342,408,1097,0.5013457536697388,0,12
6849,342,408,1247,0.5001693964004517,0,12
6850,342,408,1080,0.5032585263252258,0,12
6851,342,408,553,0.5039132237434387,0,12
6852,342,408,1358,0.5027316808700562,0,12
6853,342,408,619,0.5035591721534729,0,12
6854,342,408,1295,0.5031967759132385,0,12
6855,342,408,1520,0.4998190999031067,0,12
6856,342,408,1694,0.5148313045501709,0,12
6857,342,408,516,0.5036040544509888,0,12
6858,342,408,817,0.5003761649131775,0,12
6859,342,408,1956,0.5029366612434387,0,12
6860,343,1947,1850,0.50115567445755,1,16
6861,343,1947,883,0.5028335452079773,0,16
6862,343,1947,28,0.5005875825881958,0,16
6863,343,1947,1324,0.5007768273353577,0,16
6864,343,1947,1748,0.5015836954116821,0,16
6865,343,1947,492,0.5006728768348694,0,16
6866,343,1947,1986,0.5398532152175903,0,16
6867,343,1947,710,0.5014252066612244,0,16
6868,343,1947,720,0.502021849155426,0,16
6869,343,1947,142,0.5004903078079224,0,16
6870,343,1947,1642,0.5077732801437378,0,16
6871,343,1947,1894,0.5030698180198669,0,16
6872,343,1947,1581,0.501367449760437,0,16
6873,343,1947,993,0.5023143887519836,0,16
6874,343,1947,1577,0.5013679265975952,0,16
6875,343,1947,973,0.5012643933296204,0,16
6876,343,1947,1957,0.5012817978858948,0,16
6877,343,1947,836,0.504157543182373,0,16
6878,343,1947,1173,0.5027426481246948,0,16
6879,343,1947,1600,0.5020478963851929,0,16
6880,344,842,297,0.5140137672424316,1,4
6881,344,842,1654,0.5294672250747681,0,4
6882,344,842,1151,0.5012563467025757,0,4
6883,344,842,251,0.4992523789405823,0,4
6884,344,842,835,0.5001547932624817,0,4
6885,344,842,432,0.5019825100898743,0,4
6886,344,842,8,0.5010109543800354,0,4
6887,344,842,1908,0.5003277659416199,0,4
6888,344,842,1408,0.5124537348747253,0,4
6889,344,842,292,0.4987141788005829,0,4
6890,344,842,1697,0.501647412776947,0,4
6891,344,842,581,0.5044617652893066,0,4
6892,344,842,327,0.4988791048526764,0,4
6893,344,842,1796,0.50819993019104,0,4
6894,344,842,1770,0.5054746270179749,0,4
6895,344,842,1165,0.5011595487594604,0,4
6896,344,842,364,0.5025762915611267,0,4
6897,344,842,1525,0.536517858505249,0,4
6898,344,842,1744,0.5087002515792847,0,4
6899,344,842,1473,0.8411092758178711,0,4
6900,345,216,1715,0.502784013748169,1,6
6901,345,216,960,0.5064972639083862,0,6
6902,345,216,955,0.5017262697219849,0,6
6903,345,216,1081,0.5002090930938721,0,6
6904,345,216,981,0.5019528269767761,0,6
6905,345,216,1583,0.5009410381317139,0,6
6906,345,216,1771,0.5009522438049316,0,6
6907,345,216,178,0.5002961158752441,0,6
6908,345,216,1080,0.5023438334465027,0,6
6909,345,216,367,0.5011132955551147,0,6
6910,345,216,2023,0.5008496642112732,0,6
6911,345,216,1426,0.5025507211685181,0,6
6912,345,216,264,0.5001709461212158,0,6
6913,345,216,1874,0.50058513879776,0,6
6914,345,216,1860,0.5240017771720886,0,6
6915,345,216,651,0.503631591796875,0,6
6916,345,216,14,0.5048162937164307,0,6
6917,345,216,1543,0.502479076385498,0,6
6918,345,216,1108,0.5043111443519592,0,6
6919,345,216,327,0.5000249743461609,0,6
6920,346,3071,1648,0.5009183287620544,1,2
6921,346,3071,614,0.500877857208252,0,2
6922,346,3071,2010,0.50069260597229,0,2
6923,346,3071,176,0.5004584789276123,0,2
6924,346,3071,1915,0.5007612109184265,0,2
6925,346,3071,415,0.50079745054245,0,2
6926,346,3071,1997,0.5007968544960022,0,2
6927,346,3071,206,0.5010443329811096,0,2
6928,346,3071,406,0.5007861852645874,0,2
6929,346,3071,1031,0.5007122159004211,0,2
6930,346,3071,2026,0.5004372596740723,0,2
6931,346,3071,2043,0.5007779598236084,0,2
6932,346,3071,1772,0.500839114189148,0,2
6933,346,3071,389,0.5007875561714172,0,2
6934,346,3071,269,0.5006170868873596,0,2
6935,346,3071,10,0.5003235340118408,0,2
6936,346,3071,1889,0.5005834102630615,0,2
6937,346,3071,876,0.5008490681648254,0,2
6938,346,3071,400,0.5007501244544983,0,2
6939,346,3071,1590,0.5009048581123352,0,2
6940,347,3014,14,0.5021995902061462,1,6
6941,347,3014,1861,0.5015801787376404,0,6
6942,347,3014,1924,0.5005407929420471,0,6
6943,347,3014,1555,0.5015731453895569,0,6
6944,347,3014,153,0.5032918453216553,0,6
6945,347,3014,1175,0.5013718605041504,0,6
6946,347,3014,386,0.5004733204841614,0,6
6947,347,3014,1287,0.5019328594207764,0,6
6948,347,3014,274,0.5010817050933838,0,6
6949,347,3014,119,0.50054931640625,0,6
6950,347,3014,1074,0.5028829574584961,0,6
6951,347,3014,595,0.5075639486312866,0,6
6952,347,3014,1611,0.5003920793533325,0,6
6953,347,3014,1301,0.5010570287704468,0,6
6954,347,3014,1892,0.5005782842636108,0,6
6955,347,3014,1914,0.5030332207679749,0,6
6956,347,3014,90,0.501419186592102,0,6
6957,347,3014,788,0.5011389851570129,0,6
6958,347,3014,936,0.502122700214386,0,6
6959,347,3014,780,0.5039821863174438,0,6
6960,348,2692,999,0.5004684925079346,1,17
6961,348,2692,608,0.5016059279441833,0,17
6962,348,2692,28,0.5002546906471252,0,17
6963,348,2692,191,0.5023419260978699,0,17
6964,348,2692,645,0.5041030049324036,0,17
6965,348,2692,1901,0.5081298351287842,0,17
6966,348,2692,1508,0.5037446022033691,0,17
6967,348,2692,1562,0.5014266967773438,0,17
6968,348,2692,1982,0.5012143850326538,0,17
6969,348,2692,1247,0.5009725093841553,0,17
6970,348,2692,1406,0.5001582503318787,0,17
6971,348,2692,1985,0.5085460543632507,0,17
6972,348,2692,22,0.5020347237586975,0,17
6973,348,2692,1606,0.5002142190933228,0,17
6974,348,2692,921,0.5110378861427307,0,17
6975,348,2692,1590,0.5057480335235596,0,17
6976,348,2692,302,0.5016888380050659,0,17
6977,348,2692,928,0.5024097561836243,0,17
6978,348,2692,431,0.504918098449707,0,17
6979,348,2692,1107,0.5084168910980225,0,17
6980,349,321,636,0.5019513368606567,1,13
6981,349,321,1983,0.5073642134666443,0,13
6982,349,321,1109,0.5033162236213684,0,13
6983,349,321,1718,0.5031363368034363,0,13
6984,349,321,1420,0.5015937685966492,0,13
6985,349,321,846,0.5011861324310303,0,13
6986,349,321,508,0.5171791911125183,0,13
6987,349,321,1010,0.501979410648346,0,13
6988,349,321,925,0.49997127056121826,0,13
6989,349,321,412,0.5003507137298584,0,13
6990,349,321,1896,0.5018420815467834,0,13
6991,349,321,499,0.5021173357963562,0,13
6992,349,321,1404,0.5009271502494812,0,13
6993,349,321,1039,0.5014108419418335,0,13
6994,349,321,139,0.5057576298713684,0,13
6995,349,321,1821,0.5061681270599365,0,13
6996,349,321,1036,0.5027937889099121,0,13
6997,349,321,1711,0.5024499297142029,0,13
6998,349,321,1783,0.5063832998275757,0,13
6999,349,321,803,0.5022314190864563,0,13
7000,350,3242,501,0.5048501491546631,1,3
7001,350,3242,919,0.5234214067459106,0,3
7002,350,3242,2054,0.500825822353363,0,3
7003,350,3242,6,0.5001428723335266,0,3
7004,350,3242,492,0.5001687407493591,0,3
7005,350,3242,398,0.5125560760498047,0,3
7006,350,3242,1198,0.5017493367195129,0,3
7007,350,3242,337,0.5024678111076355,0,3
7008,350,3242,1882,0.4999876022338867,0,3
7009,350,3242,402,0.5012128353118896,0,3
7010,350,3242,64,0.5011168122291565,0,3
7011,350,3242,896,0.5030235648155212,0,3
7012,350,3242,382,0.4999147653579712,0,3
7013,350,3242,1621,0.49977853894233704,0,3
7014,350,3242,1027,0.5010941028594971,0,3
7015,350,3242,1425,0.5010956525802612,0,3
7016,350,3242,705,0.5001711845397949,0,3
7017,350,3242,575,0.5017226338386536,0,3
7018,350,3242,1487,0.5008289813995361,0,3
7019,350,3242,244,0.50182044506073,0,3
7020,351,2212,563,0.5002231597900391,1,18
7021,351,2212,1139,0.5010154843330383,0,18
7022,351,2212,781,0.5015284419059753,0,18
7023,351,2212,730,0.5012345910072327,0,18
7024,351,2212,1889,0.5024064183235168,0,18
7025,351,2212,293,0.5025784969329834,0,18
7026,351,2212,57,0.5018887519836426,0,18
7027,351,2212,2057,0.5014032125473022,0,18
7028,351,2212,908,0.5025101900100708,0,18
7029,351,2212,141,0.5014789700508118,0,18
7030,351,2212,186,0.507792592048645,0,18
7031,351,2212,1625,0.5001603960990906,0,18
7032,351,2212,1593,0.500900149345398,0,18
7033,351,2212,2066,0.5016597509384155,0,18
7034,351,2212,1819,0.5019058585166931,0,18
7035,351,2212,772,0.5000771284103394,0,18
7036,351,2212,115,0.5002532005310059,0,18
7037,351,2212,1420,0.5013927817344666,0,18
7038,351,2212,770,0.5005297660827637,0,18
7039,351,2212,1369,0.5028258562088013,0,18
7040,352,3879,392,0.5008821487426758,1,9
7041,352,3879,509,0.5007811188697815,0,9
7042,352,3879,1091,0.5010464191436768,0,9
7043,352,3879,878,0.5007760524749756,0,9
7044,352,3879,1274,0.5011305212974548,0,9
7045,352,3879,523,0.50145423412323,0,9
7046,352,3879,1935,0.501035749912262,0,9
7047,352,3879,992,0.5008988380432129,0,9
7048,352,3879,469,0.5009821057319641,0,9
7049,352,3879,1478,0.5008253455162048,0,9
7050,352,3879,618,0.5008745193481445,0,9
7051,352,3879,761,0.5007787346839905,0,9
7052,352,3879,708,0.5009281039237976,0,9
7053,352,3879,110,0.5008556842803955,0,9
7054,352,3879,1970,0.5008459091186523,0,9
7055,352,3879,309,0.5009382963180542,0,9
7056,352,3879,693,0.5005543828010559,0,9
7057,352,3879,922,0.5007708668708801,0,9
7058,352,3879,1354,0.5006759762763977,0,9
7059,352,3879,297,0.500789225101471,0,9
7060,353,1527,1914,0.5125098824501038,1,3
7061,353,1527,1682,0.5036433935165405,0,3
7062,353,1527,1483,0.5033849477767944,0,3
7063,353,1527,256,0.5419232845306396,0,3
7064,353,1527,1046,0.5037772059440613,0,3
7065,353,1527,915,0.5041447281837463,0,3
7066,353,1527,977,0.5022608041763306,0,3
7067,353,1527,87,0.49924013018608093,0,3
7068,353,1527,418,0.50699383020401,0,3
7069,353,1527,1742,0.5042980313301086,0,3
7070,353,1527,788,0.501186192035675,0,3
7071,353,1527,1410,0.5032905340194702,0,3
7072,353,1527,400,0.49885421991348267,0,3
7073,353,1527,504,0.5090913772583008,0,3
7074,353,1527,1236,0.5059293508529663,0,3
7075,353,1527,1571,0.5050894618034363,0,3
7076,353,1527,1974,0.5069949626922607,0,3
7077,353,1527,1146,0.502387285232544,0,3
7078,353,1527,648,0.5208966732025146,0,3
7079,353,1527,532,0.4993259608745575,0,3
7080,354,841,1612,0.5016937851905823,1,10
7081,354,841,68,0.5010421872138977,0,10
7082,354,841,1773,0.502001941204071,0,10
7083,354,841,1791,0.499563604593277,0,10
7084,354,841,975,0.4989524483680725,0,10
7085,354,841,1374,0.49913495779037476,0,10
7086,354,841,84,0.5018985271453857,0,10
7087,354,841,1304,0.5033228397369385,0,10
7088,354,841,1158,0.5039685368537903,0,10
7089,354,841,6,0.49939027428627014,0,10
7090,354,841,383,0.5041096806526184,0,10
7091,354,841,1401,0.5026341676712036,0,10
7092,354,841,961,0.5025602579116821,0,10
7093,354,841,916,0.5018183588981628,0,10
7094,354,841,443,0.501492977142334,0,10
7095,354,841,427,0.5243914723396301,0,10
7096,354,841,174,0.5011856555938721,0,10
7097,354,841,136,0.5007734894752502,0,10
7098,354,841,1945,0.4993416368961334,0,10
7099,354,841,832,0.4986323118209839,0,10
7100,355,3642,1643,0.5360897779464722,1,1
7101,355,3642,1261,0.5027307868003845,0,1
7102,355,3642,1789,0.5034596920013428,0,1
7103,355,3642,585,0.5014763474464417,0,1
7104,355,3642,1713,0.5044842958450317,0,1
7105,355,3642,2000,0.5028082132339478,0,1
7106,355,3642,840,0.5021086931228638,0,1
7107,355,3642,1288,0.5023407340049744,0,1
7108,355,3642,1646,0.5021498203277588,0,1
7109,355,3642,1446,0.5009783506393433,0,1
7110,355,3642,59,0.5055497884750366,0,1
7111,355,3642,1983,0.5065076351165771,0,1
7112,355,3642,353,0.5012839436531067,0,1
7113,355,3642,1816,0.5005736947059631,0,1
7114,355,3642,462,0.5070693492889404,0,1
7115,355,3642,798,0.5025325417518616,0,1
7116,355,3642,1000,0.5059705376625061,0,1
7117,355,3642,836,0.5066198706626892,0,1
7118,355,3642,646,0.5005379915237427,0,1
7119,355,3642,7,0.5013148188591003,0,1
7120,356,469,1273,0.5187190771102905,1,2
7121,356,469,1392,0.5204445123672485,0,2
7122,356,469,1192,0.5037268400192261,0,2
7123,356,469,982,0.4996982216835022,0,2
7124,356,469,2021,0.5020358562469482,0,2
7125,356,469,959,0.5118281841278076,0,2
7126,356,469,29,0.49990764260292053,0,2
7127,356,469,908,0.5037083625793457,0,2
7128,356,469,1051,0.5071313977241516,0,2
7129,356,469,386,0.4997829496860504,0,2
7130,356,469,136,0.5025889873504639,0,2
7131,356,469,732,0.49989762902259827,0,2
7132,356,469,1778,0.5016144514083862,0,2
7133,356,469,764,0.5017214417457581,0,2
7134,356,469,663,0.5027239322662354,0,2
7135,356,469,961,0.5038127899169922,0,2
7136,356,469,838,0.5069596767425537,0,2
7137,356,469,1048,0.5145310759544373,0,2
7138,356,469,60,0.5025531649589539,0,2
7139,356,469,1476,0.5087481141090393,0,2
7140,357,752,122,0.5221425890922546,1,1
7141,357,752,694,0.49973490834236145,0,1
7142,357,752,494,0.5057948231697083,0,1
7143,357,752,491,0.49925336241722107,0,1
7144,357,752,1827,0.49970048666000366,0,1
7145,357,752,6,0.5000945925712585,0,1
7146,357,752,1164,0.5187995433807373,0,1
7147,357,752,1736,0.5024306178092957,0,1
7148,357,752,1328,0.5049220323562622,0,1
7149,357,752,937,0.5000466108322144,0,1
7150,357,752,1072,0.5019543170928955,0,1
7151,357,752,1008,0.5051630735397339,0,1
7152,357,752,1219,0.502983808517456,0,1
7153,357,752,425,0.49987801909446716,0,1
7154,357,752,1785,0.5057752132415771,0,1
7155,357,752,1204,0.49991440773010254,0,1
7156,357,752,1583,0.5012276768684387,0,1
7157,357,752,722,0.5029007196426392,0,1
7158,357,752,1892,0.5001855492591858,0,1
7159,357,752,65,0.5015890002250671,0,1
7160,358,2159,1379,0.5266431570053101,1,3
7161,358,2159,1098,0.5036299228668213,0,3
7162,358,2159,156,0.5026401281356812,0,3
7163,358,2159,2051,0.533672034740448,0,3
7164,358,2159,1899,0.5039316415786743,0,3
7165,358,2159,1982,0.5015871524810791,0,3
7166,358,2159,321,0.5030484199523926,0,3
7167,358,2159,1890,0.5021403431892395,0,3
7168,358,2159,926,0.5013128519058228,0,3
7169,358,2159,778,0.5388438105583191,0,3
7170,358,2159,1060,0.504253625869751,0,3
7171,358,2159,1562,0.5018029808998108,0,3
7172,358,2159,1185,0.5025439858436584,0,3
7173,358,2159,217,0.5029038190841675,0,3
7174,358,2159,1928,0.5060138702392578,0,3
7175,358,2159,16,0.49945735931396484,0,3
7176,358,2159,1956,0.5030156373977661,0,3
7177,358,2159,326,0.4991256296634674,0,3
7178,358,2159,999,0.49915385246276855,0,3
7179,358,2159,555,0.500316858291626,0,3
7180,359,653,1349,0.506890594959259,1,3
7181,359,653,1491,0.5015941858291626,0,3
7182,359,653,381,0.5027554631233215,0,3
7183,359,653,356,0.4996929168701172,0,3
7184,359,653,1981,0.5054842233657837,0,3
7185,359,653,1893,0.5046727657318115,0,3
7186,359,653,1956,0.5025644898414612,0,3
7187,359,653,940,0.5017531514167786,0,3
7188,359,653,66,0.50116366147995,0,3
7189,359,653,915,0.5032923817634583,0,3
7190,359,653,1054,0.5026825666427612,0,3
7191,359,653,811,0.5046648979187012,0,3
7192,359,653,107,0.5074656009674072,0,3
7193,359,653,735,0.5034042000770569,0,3
7194,359,653,584,0.5025026798248291,0,3
7195,359,653,318,0.5065358281135559,0,3
7196,359,653,1017,0.5019193887710571,0,3
7197,359,653,989,0.5070210099220276,0,3
7198,359,653,1979,0.5042540431022644,0,3
7199,359,653,47,0.5035464763641357,0,3
7200,360,3497,1374,0.4999726414680481,1,20
7201,360,3497,47,0.5038278698921204,0,20
7202,360,3497,1764,0.5013234615325928,0,20
7203,360,3497,1382,0.5030099749565125,0,20
7204,360,3497,370,0.502755343914032,0,20
7205,360,3497,339,0.5026761293411255,0,20
7206,360,3497,1157,0.5243462324142456,0,20
7207,360,3497,1758,0.5002720355987549,0,20
7208,360,3497,359,0.5030295848846436,0,20
7209,360,3497,1633,0.5047863721847534,0,20
7210,360,3497,861,0.5180636644363403,0,20
7211,360,3497,1892,0.5004504323005676,0,20
7212,360,3497,1621,0.4999796152114868,0,20
7213,360,3497,782,0.5039432644844055,0,20
7214,360,3497,1624,0.5003042817115784,0,20
7215,360,3497,2039,0.5091434717178345,0,20
7216,360,3497,1491,0.501344621181488,0,20
7217,360,3497,1405,0.5259028077125549,0,20
7218,360,3497,1050,0.5072116255760193,0,20
7219,360,3497,1477,0.5004257559776306,0,20
7220,361,1573,751,0.5000415444374084,1,15
7221,361,1573,558,0.5000012516975403,0,15
7222,361,1573,51,0.500041127204895,0,15
7223,361,1573,497,0.5029487013816833,0,15
7224,361,1573,1992,0.5003086924552917,0,15
7225,361,1573,356,0.5000526309013367,0,15
7226,361,1573,1448,0.5000986456871033,0,15
7227,361,1573,1476,0.50341796875,0,15
7228,361,1573,525,0.5041689872741699,0,15
7229,361,1573,1976,0.5042343735694885,0,15
7230,361,1573,1161,0.5000019073486328,0,15
7231,361,1573,1202,0.5023712515830994,0,15
7232,361,1573,506,0.501781165599823,0,15
7233,361,1573,1277,0.5050291419029236,0,15
7234,361,1573,450,0.49983102083206177,0,15
7235,361,1573,897,0.5001139640808105,0,15
7236,361,1573,2046,0.501801609992981,0,15
7237,361,1573,1034,0.5036996006965637,0,15
7238,361,1573,1585,0.5000300407409668,0,15
7239,361,1573,904,0.503368079662323,0,15
7240,362,995,459,0.5005707740783691,1,14
7241,362,995,164,0.5010257363319397,0,14
7242,362,995,129,0.5006723999977112,0,14
7243,362,995,1324,0.5005562901496887,0,14
7244,362,995,1677,0.500602662563324,0,14
7245,362,995,581,0.5010298490524292,0,14
7246,362,995,425,0.5005591511726379,0,14
7247,362,995,938,0.5016148686408997,0,14
7248,362,995,1747,0.5003523826599121,0,14
7249,362,995,1071,0.5010495185852051,0,14
7250,362,995,1935,0.5010563135147095,0,14
7251,362,995,1861,0.5013790726661682,0,14
7252,362,995,275,0.5004794001579285,0,14
7253,362,995,281,0.5005618929862976,0,14
7254,362,995,103,0.5056103467941284,0,14
7255,362,995,1855,0.5005592703819275,0,14
7256,362,995,27,0.501656174659729,0,14
7257,362,995,1038,0.5014402866363525,0,14
7258,362,995,1842,0.5024538636207581,0,14
7259,362,995,221,0.5012454986572266,0,14
7260,363,1465,1211,0.5020504593849182,1,15
7261,363,1465,888,0.5072976350784302,0,15
7262,363,1465,703,0.5018711686134338,0,15
7263,363,1465,483,0.5113365054130554,0,15
7264,363,1465,1225,0.5005263090133667,0,15
7265,363,1465,819,0.5086753964424133,0,15
7266,363,1465,1037,0.5025692582130432,0,15
7267,363,1465,1651,0.5022566318511963,0,15
7268,363,1465,244,0.503153920173645,0,15
7269,363,1465,1826,0.5022814869880676,0,15
7270,363,1465,1424,0.5019649863243103,0,15
7271,363,1465,1358,0.5024431943893433,0,15
7272,363,1465,1548,0.5121727585792542,0,15
7273,363,1465,947,0.5027437210083008,0,15
7274,363,1465,1135,0.5039151906967163,0,15
7275,363,1465,1076,0.5062012076377869,0,15
7276,363,1465,1305,0.5006757974624634,0,15
7277,363,1465,65,0.5012927651405334,0,15
7278,363,1465,2044,0.506330668926239,0,15
7279,363,1465,83,0.5042362213134766,0,15
7280,364,2933,1104,0.5395351648330688,1,2
7281,364,2933,889,0.5024471282958984,0,2
7282,364,2933,529,0.5305166840553284,0,2
7283,364,2933,936,0.5067315697669983,0,2
7284,364,2933,271,0.5168758034706116,0,2
7285,364,2933,753,0.5017828345298767,0,2
7286,364,2933,911,0.5101526975631714,0,2
7287,364,2933,904,0.5063902735710144,0,2
7288,364,2933,2029,0.5029990077018738,0,2
7289,364,2933,613,0.5345536470413208,0,2
7290,364,2933,1234,0.5052667856216431,0,2
7291,364,2933,2038,0.5593514442443848,0,2
7292,364,2933,148,0.5140330791473389,0,2
7293,364,2933,1856,0.502002477645874,0,2
7294,364,2933,2005,0.5023209452629089,0,2
7295,364,2933,1225,0.4994986355304718,0,2
7296,364,2933,1736,0.5022433400154114,0,2
7297,364,2933,1236,0.5051767826080322,0,2
7298,364,2933,220,0.5023165941238403,0,2
7299,364,2933,227,0.4993242919445038,0,2
7300,365,1931,157,0.5010861158370972,1,16
7301,365,1931,2024,0.5009781718254089,0,16
7302,365,1931,1156,0.5013269782066345,0,16
7303,365,1931,888,0.5049228668212891,0,16
7304,365,1931,588,0.5005198121070862,0,16
7305,365,1931,869,0.5018712282180786,0,16
7306,365,1931,499,0.5017670392990112,0,16
7307,365,1931,183,0.5013202428817749,0,16
7308,365,1931,1390,0.5012800097465515,0,16
7309,365,1931,1273,0.5061395764350891,0,16
7310,365,1931,644,0.5004755258560181,0,16
7311,365,1931,367,0.5008683800697327,0,16
7312,365,1931,1463,0.5026036500930786,0,16
7313,365,1931,742,0.5015764236450195,0,16
7314,365,1931,1366,0.5016251802444458,0,16
7315,365,1931,1300,0.5015021562576294,0,16
7316,365,1931,1897,0.5021198391914368,0,16
7317,365,1931,1984,0.501206636428833,0,16
7318,365,1931,1321,0.5017004013061523,0,16
7319,365,1931,744,0.5020553469657898,0,16
7320,366,1399,1278,0.5814952254295349,1,1
7321,366,1399,2056,0.49977418780326843,0,1
7322,366,1399,256,0.522675633430481,0,1
7323,366,1399,970,0.5028702020645142,0,1
7324,366,1399,200,0.5025102496147156,0,1
7325,366,1399,821,0.49979326128959656,0,1
7326,366,1399,694,0.5001460313796997,0,1
7327,366,1399,642,0.5020338892936707,0,1
7328,366,1399,870,0.49986985325813293,0,1
7329,366,1399,631,0.5001020431518555,0,1
7330,366,1399,1020,0.5081788301467896,0,1
7331,366,1399,968,0.5077730417251587,0,1
7332,366,1399,1180,0.5102539658546448,0,1
7333,366,1399,508,0.526066243648529,0,1
7334,366,1399,135,0.5051895976066589,0,1
7335,366,1399,2003,0.5004475712776184,0,1
7336,366,1399,1053,0.505569338798523,0,1
7337,366,1399,1159,0.5047308206558228,0,1
7338,366,1399,282,0.5054708123207092,0,1
7339,366,1399,520,0.501118540763855,0,1
7340,367,3989,1588,0.5004148483276367,1,18
7341,367,3989,775,0.500121533870697,0,18
7342,367,3989,606,0.5013917684555054,0,18
7343,367,3989,2014,0.5004845261573792,0,18
7344,367,3989,1923,0.5037516355514526,0,18
7345,367,3989,1750,0.5030750632286072,0,18
7346,367,3989,1299,0.5008281469345093,0,18
7347,367,3989,1804,0.5007908344268799,0,18
7348,367,3989,311,0.5047414898872375,0,18
7349,367,3989,1150,0.5050495862960815,0,18
7350,367,3989,232,0.5004842877388,0,18
7351,367,3989,1971,0.5115853548049927,0,18
7352,367,3989,1922,0.5015811324119568,0,18
7353,367,3989,1237,0.5004339218139648,0,18
7354,367,3989,735,0.5018158555030823,0,18
7355,367,3989,233,0.5040140748023987,0,18
7356,367,3989,1880,0.5020133256912231,0,18
7357,367,3989,887,0.5013110637664795,0,18
7358,367,3989,1331,0.5002861022949219,0,18
7359,367,3989,394,0.5026324391365051,0,18
7360,368,593,1310,0.5085527896881104,1,8
7361,368,593,1182,0.5091349482536316,0,8
7362,368,593,1103,0.4999150037765503,0,8
7363,368,593,962,0.5202218294143677,0,8
7364,368,593,96,0.5010446310043335,0,8
7365,368,593,184,0.5006383657455444,0,8
7366,368,593,854,0.5000669956207275,0,8
7367,368,593,1360,0.5015196204185486,0,8
7368,368,593,71,0.5120745301246643,0,8
7369,368,593,1949,0.5062031149864197,0,8
7370,368,593,971,0.4999929666519165,0,8
7371,368,593,442,0.49994170665740967,0,8
7372,368,593,372,0.4999418258666992,0,8
7373,368,593,1662,0.5010547041893005,0,8
7374,368,593,261,0.5023871064186096,0,8
7375,368,593,1689,0.5200589299201965,0,8
7376,368,593,613,0.5168061256408691,0,8
7377,368,593,1379,0.513767659664154,0,8
7378,368,593,792,0.5069718956947327,0,8
7379,368,593,2036,0.5107895731925964,0,8
7380,369,91,2060,0.5037885308265686,1,7
7381,369,91,1618,0.5027149319648743,0,7
7382,369,91,1143,0.5003570914268494,0,7
7383,369,91,75,0.5005431771278381,0,7
7384,369,91,1475,0.5018528699874878,0,7
7385,369,91,1428,0.5043292045593262,0,7
7386,369,91,64,0.5017951130867004,0,7
7387,369,91,985,0.5097286105155945,0,7
7388,369,91,1584,0.5011565685272217,0,7
7389,369,91,1568,0.5003529191017151,0,7
7390,369,91,1561,0.5184282064437866,0,7
7391,369,91,1650,0.5039588809013367,0,7
7392,369,91,331,0.5002728700637817,0,7
7393,369,91,943,0.5025129914283752,0,7
7394,369,91,2046,0.5032402873039246,0,7
7395,369,91,441,0.502079963684082,0,7
7396,369,91,412,0.5009039640426636,0,7
7397,369,91,816,0.5040392875671387,0,7
7398,369,91,1893,0.5028880834579468,0,7
7399,369,91,186,0.5099544525146484,0,7
7400,370,1987,1694,0.5033787488937378,1,2
7401,370,1987,1089,0.5022690892219543,0,2
7402,370,1987,86,0.5013883113861084,0,2
7403,370,1987,512,0.5022701621055603,0,2
7404,370,1987,970,0.5009866952896118,0,2
7405,370,1987,1575,0.5008623600006104,0,2
7406,370,1987,189,0.5007489323616028,0,2
7407,370,1987,1392,0.5036407709121704,0,2
7408,370,1987,1768,0.5001358389854431,0,2
7409,370,1987,1118,0.50016188621521,0,2
7410,370,1987,422,0.5011573433876038,0,2
7411,370,1987,281,0.5002875924110413,0,2
7412,370,1987,1692,0.5011001825332642,0,2
7413,370,1987,397,0.5006369948387146,0,2
7414,370,1987,1909,0.5006980895996094,0,2
7415,370,1987,63,0.5008188486099243,0,2
7416,370,1987,607,0.500623881816864,0,2
7417,370,1987,1327,0.503066897392273,0,2
7418,370,1987,1481,0.500532329082489,0,2
7419,370,1987,1916,0.5002455115318298,0,2
7420,371,1216,468,0.5027126669883728,1,10
7421,371,1216,1448,0.499796599149704,0,10
7422,371,1216,1742,0.5026545524597168,0,10
7423,371,1216,1484,0.5000125169754028,0,10
7424,371,1216,1503,0.5007224678993225,0,10
7425,371,1216,251,0.5000109672546387,0,10
7426,371,1216,1460,0.5017138719558716,0,10
7427,371,1216,1071,0.5038225650787354,0,10
7428,371,1216,1749,0.5018051862716675,0,10
7429,371,1216,296,0.5002614259719849,0,10
7430,371,1216,545,0.5051352381706238,0,10
7431,371,1216,859,0.5028569102287292,0,10
7432,371,1216,888,0.5093677043914795,0,10
7433,371,1216,193,0.5081563591957092,0,10
7434,371,1216,831,0.5090578198432922,0,10
7435,371,1216,38,0.5005870461463928,0,10
7436,371,1216,693,0.5025103688240051,0,10
7437,371,1216,1124,0.5294833183288574,0,10
7438,371,1216,1042,0.5028687119483948,0,10
7439,371,1216,1939,0.5027509927749634,0,10
7440,372,2562,1443,0.503190815448761,1,10
7441,372,2562,1202,0.504534900188446,0,10
7442,372,2562,494,0.504040539264679,0,10
7443,372,2562,323,0.5012869238853455,0,10
7444,372,2562,326,0.4995177984237671,0,10
7445,372,2562,1587,0.4998599588871002,0,10
7446,372,2562,1034,0.5060015320777893,0,10
7447,372,2562,16,0.5000830888748169,0,10
7448,372,2562,1807,0.5015528798103333,0,10
7449,372,2562,895,0.5023056864738464,0,10
7450,372,2562,1287,0.5042301416397095,0,10
7451,372,2562,1447,0.5295982956886292,0,10
7452,372,2562,675,0.5016656517982483,0,10
7453,372,2562,628,0.5291292667388916,0,10
7454,372,2562,728,0.5025310516357422,0,10
7455,372,2562,1304,0.5034019947052002,0,10
7456,372,2562,2036,0.5115019679069519,0,10
7457,372,2562,599,0.5027959942817688,0,10
7458,372,2562,595,0.5200420618057251,0,10
7459,372,2562,1619,0.4999769926071167,0,10
7460,373,2861,1224,0.5121335387229919,1,2
7461,373,2861,1078,0.5015652179718018,0,2
7462,373,2861,3,0.5010800361633301,0,2
7463,373,2861,773,0.5018126964569092,0,2
7464,373,2861,898,0.5028719305992126,0,2
7465,373,2861,1370,0.5077583193778992,0,2
7466,373,2861,589,0.5004259943962097,0,2
7467,373,2861,1977,0.5010592341423035,0,2
7468,373,2861,867,0.5017555952072144,0,2
7469,373,2861,1911,0.5040404200553894,0,2
7470,373,2861,1408,0.5068391561508179,0,2
7471,373,2861,415,0.5027320981025696,0,2
7472,373,2861,1277,0.5066868662834167,0,2
7473,373,2861,1503,0.5007726550102234,0,2
7474,373,2861,648,0.509087085723877,0,2
7475,373,2861,307,0.5038491487503052,0,2
7476,373,2861,579,0.5196936726570129,0,2
7477,373,2861,1070,0.5010083913803101,0,2
7478,373,2861,729,0.5002989172935486,0,2
7479,373,2861,892,0.5025445818901062,0,2
7480,374,3209,727,0.5003442168235779,1,19
7481,374,3209,1869,0.5024693608283997,0,19
7482,374,3209,641,0.5016353726387024,0,19
7483,374,3209,1159,0.5020185708999634,0,19
7484,374,3209,834,0.5084032416343689,0,19
7485,374,3209,1088,0.5052418112754822,0,19
7486,374,3209,431,0.5024965405464172,0,19
7487,374,3209,555,0.5008656978607178,0,19
7488,374,3209,764,0.501183271408081,0,19
7489,374,3209,738,0.5025773048400879,0,19
7490,374,3209,775,0.5002757906913757,0,19
7491,374,3209,728,0.5014904141426086,0,19
7492,374,3209,1924,0.5004297494888306,0,19
7493,374,3209,1896,0.5015155673027039,0,19
7494,374,3209,1555,0.5017884373664856,0,19
7495,374,3209,1669,0.504764199256897,0,19
7496,374,3209,554,0.5004968047142029,0,19
7497,374,3209,1843,0.5120536684989929,0,19
7498,374,3209,1806,0.5526631474494934,0,19
7499,374,3209,936,0.5024925470352173,0,19
7500,375,1936,82,0.503149151802063,1,6
7501,375,1936,211,0.5027056336402893,0,6
7502,375,1936,1814,0.5015408992767334,0,6
7503,375,1936,3,0.5014601945877075,0,6
7504,375,1936,348,0.5010775327682495,0,6
7505,375,1936,648,0.5083017349243164,0,6
7506,375,1936,167,0.5012262463569641,0,6
7507,375,1936,133,0.500043511390686,0,6
7508,375,1936,198,0.5008427500724792,0,6
7509,375,1936,1759,0.500825047492981,0,6
7510,375,1936,1922,0.5017610192298889,0,6
7511,375,1936,1566,0.5012207627296448,0,6
7512,375,1936,1363,0.5032926797866821,0,6
7513,375,1936,442,0.5001260042190552,0,6
7514,375,1936,750,0.5018900036811829,0,6
7515,375,1936,831,0.5066569447517395,0,6
7516,375,1936,1199,0.5000375509262085,0,6
7517,375,1936,1744,0.5041860938072205,0,6
7518,375,1936,1826,0.5012511014938354,0,6
7519,375,1936,152,0.5042982697486877,0,6
7520,376,3977,685,0.5009217262268066,1,10
7521,376,3977,1425,0.5010262131690979,0,10
7522,376,3977,439,0.5015466809272766,0,10
7523,376,3977,1538,0.5007611513137817,0,10
7524,376,3977,1306,0.5010645389556885,0,10
7525,376,3977,849,0.5009775757789612,0,10
7526,376,3977,1434,0.5008554458618164,0,10
7527,376,3977,1643,0.502964437007904,0,10
7528,376,3977,1741,0.5009511113166809,0,10
7529,376,3977,1308,0.5008206963539124,0,10
7530,376,3977,1270,0.5009285807609558,0,10
7531,376,3977,817,0.5008792281150818,0,10
7532,376,3977,1299,0.5006473660469055,0,10
7533,376,3977,514,0.5010101199150085,0,10
7534,376,3977,545,0.5006572604179382,0,10
7535,376,3977,919,0.5018602013587952,0,10
7536,376,3977,1560,0.500742495059967,0,10
7537,376,3977,494,0.5008750557899475,0,10
7538,376,3977,645,0.5007798075675964,0,10
7539,376,3977,248,0.5008112788200378,0,10
7540,377,3709,1832,0.5089134573936462,1,3
7541,377,3709,1916,0.5000334978103638,0,3
7542,377,3709,568,0.5039886832237244,0,3
7543,377,3709,1304,0.5037595629692078,0,3
7544,377,3709,1872,0.5002186894416809,0,3
7545,377,3709,1564,0.5145866870880127,0,3
7546,377,3709,724,0.5018962621688843,0,3
7547,377,3709,165,0.5025981664657593,0,3
7548,377,3709,422,0.5025795698165894,0,3
7549,377,3709,1231,0.5112125277519226,0,3
7550,377,3709,158,0.502937912940979,0,3
7551,377,3709,1341,0.5066636204719543,0,3
7552,377,3709,413,0.5023183822631836,0,3
7553,377,3709,431,0.5059059262275696,0,3
7554,377,3709,1754,0.500469982624054,0,3
7555,377,3709,89,0.5000795722007751,0,3
7556,377,3709,652,0.5051345229148865,0,3
7557,377,3709,1100,0.5003008246421814,0,3
7558,377,3709,809,0.5013613104820251,0,3
7559,377,3709,1949,0.5088088512420654,0,3
7560,378,3488,461,0.5052433609962463,1,4
7561,378,3488,1811,0.5021335482597351,0,4
7562,378,3488,1473,0.6114623546600342,0,4
7563,378,3488,1205,0.5031747817993164,0,4
7564,378,3488,641,0.5014160871505737,0,4
7565,378,3488,1514,0.5009754300117493,0,4
7566,378,3488,1328,0.5021196603775024,0,4
7567,378,3488,1119,0.5035710334777832,0,4
7568,378,3488,1726,0.5014611482620239,0,4
7569,378,3488,255,0.502504289150238,0,4
7570,378,3488,1490,0.5010650157928467,0,4
7571,378,3488,1870,0.5012595057487488,0,4
7572,378,3488,877,0.501264750957489,0,4
7573,378,3488,738,0.5027116537094116,0,4
7574,378,3488,1228,0.5008273720741272,0,4
7575,378,3488,1161,0.5005741119384766,0,4
7576,378,3488,123,0.5056747198104858,0,4
7577,378,3488,1812,0.501410186290741,0,4
7578,378,3488,1658,0.5512916445732117,0,4
7579,378,3488,37,0.5005199909210205,0,4
7580,379,1776,1132,0.5097108483314514,1,2
7581,379,1776,390,0.49960750341415405,0,2
7582,379,1776,379,0.49952659010887146,0,2
7583,379,1776,218,0.5062654614448547,0,2
7584,379,1776,1235,0.5009788870811462,0,2
7585,379,1776,1599,0.4991772770881653,0,2
7586,379,1776,1728,0.5069388151168823,0,2
7587,379,1776,164,0.5023730397224426,0,2
7588,379,1776,1811,0.5045508742332458,0,2
7589,379,1776,757,0.4995840787887573,0,2
7590,379,1776,5,0.49905431270599365,0,2
7591,379,1776,93,0.5001965761184692,0,2
7592,379,1776,1330,0.49955669045448303,0,2
7593,379,1776,1428,0.5042585730552673,0,2
7594,379,1776,191,0.5024654269218445,0,2
7595,379,1776,942,0.5129846334457397,0,2
7596,379,1776,708,0.504589319229126,0,2
7597,379,1776,532,0.4990886449813843,0,2
7598,379,1776,1639,0.5035309791564941,0,2
7599,379,1776,1562,0.5013167262077332,0,2
7600,380,535,1723,0.5162363648414612,1,1
7601,380,535,645,0.5031998753547668,0,1
7602,380,535,1694,0.5095701813697815,0,1
7603,380,535,507,0.49991971254348755,0,1
7604,380,535,425,0.5005260705947876,0,1
7605,380,535,1484,0.5000721216201782,0,1
7606,380,535,1364,0.5041720271110535,0,1
7607,380,535,1530,0.5024406909942627,0,1
7608,380,535,1660,0.5023654103279114,0,1
7609,380,535,971,0.49984538555145264,0,1
7610,380,535,834,0.5142011642456055,0,1
7611,380,535,698,0.5010451078414917,0,1
7612,380,535,2015,0.5001527070999146,0,1
7613,380,535,407,0.5102210640907288,0,1
7614,380,535,736,0.502798318862915,0,1
7615,380,535,1563,0.5030117034912109,0,1
7616,380,535,1198,0.5023233294487,0,1
7617,380,535,1846,0.5061511993408203,0,1
7618,380,535,636,0.5021304488182068,0,1
7619,380,535,575,0.5019815564155579,0,1
7620,381,887,808,0.5012078285217285,1,7
7621,381,887,454,0.5011157989501953,0,7
7622,381,887,1265,0.5008165240287781,0,7
7623,381,887,1239,0.5010296106338501,0,7
7624,381,887,188,0.5013593435287476,0,7
7625,381,887,657,0.5009554028511047,0,7
7626,381,887,649,0.5012616515159607,0,7
7627,381,887,876,0.5008171200752258,0,7
7628,381,887,983,0.5013298988342285,0,7
7629,381,887,1465,0.5012066960334778,0,7
7630,381,887,988,0.5025361776351929,0,7
7631,381,887,1849,0.500900387763977,0,7
7632,381,887,1892,0.5007781386375427,0,7
7633,381,887,1699,0.5007334351539612,0,7
7634,381,887,187,0.5008101463317871,0,7
7635,381,887,1315,0.5006721019744873,0,7
7636,381,887,367,0.5008472204208374,0,7
7637,381,887,1792,0.5013242363929749,0,7
7638,381,887,235,0.502893328666687,0,7
7639,381,887,549,0.5008126497268677,0,7
7640,382,2106,1787,0.5049041509628296,1,3
7641,382,2106,1924,0.5007001161575317,0,3
7642,382,2106,287,0.5016247630119324,0,3
7643,382,2106,243,0.5016686916351318,0,3
7644,382,2106,2079,0.5014730095863342,0,3
7645,382,2106,790,0.5039936304092407,0,3
7646,382,2106,1021,0.5058690309524536,0,3
7647,382,2106,1453,0.5019021034240723,0,3
7648,382,2106,1611,0.50051349401474,0,3
7649,382,2106,1510,0.501719057559967,0,3
7650,382,2106,753,0.5012587904930115,0,3
7651,382,2106,472,0.5065448880195618,0,3
7652,382,2106,88,0.5017256736755371,0,3
7653,382,2106,1426,0.5025328993797302,0,3
7654,382,2106,527,0.5013336539268494,0,3
7655,382,2106,293,0.5036836862564087,0,3
7656,382,2106,1638,0.5009846687316895,0,3
7657,382,2106,180,0.5020314455032349,0,3
7658,382,2106,1962,0.5003126263618469,0,3
7659,382,2106,1558,0.5004730820655823,0,3
7660,383,2169,1341,0.5036447644233704,1,4
7661,383,2169,993,0.5034346580505371,0,4
7662,383,2169,133,0.5004865527153015,0,4
7663,383,2169,1045,0.501068651676178,0,4
7664,383,2169,972,0.5016805529594421,0,4
7665,383,2169,1207,0.5021662712097168,0,4
7666,383,2169,217,0.5016085505485535,0,4
7667,383,2169,1352,0.5014130473136902,0,4
7668,383,2169,1144,0.5021204948425293,0,4
7669,383,2169,1088,0.5066642761230469,0,4
7670,383,2169,1670,0.5024535655975342,0,4
7671,383,2169,940,0.5009445548057556,0,4
7672,383,2169,101,0.5299801826477051,0,4
7673,383,2169,770,0.5008241534233093,0,4
7674,383,2169,325,0.5058633089065552,0,4
7675,383,2169,1005,0.5024818778038025,0,4
7676,383,2169,1631,0.502410352230072,0,4
7677,383,2169,1648,0.5008504986763,0,4
7678,383,2169,1156,0.5014422535896301,0,4
7679,383,2169,844,0.5014854073524475,0,4
7680,384,3867,665,0.49969416856765747,1,20
7681,384,3867,937,0.5000876188278198,0,20
7682,384,3867,1199,0.4998883306980133,0,20
7683,384,3867,1292,0.5027344822883606,0,20
7684,384,3867,761,0.5064821839332581,0,20
7685,384,3867,1513,0.5113502144813538,0,20
7686,384,3867,460,0.501545250415802,0,20
7687,384,3867,640,0.5062189102172852,0,20
7688,384,3867,1134,0.5148887038230896,0,20
7689,384,3867,587,0.5002022385597229,0,20
7690,384,3867,2080,0.5028663873672485,0,20
7691,384,3867,1190,0.5021511316299438,0,20
7692,384,3867,1440,0.5030519962310791,0,20
7693,384,3867,638,0.5024753212928772,0,20
7694,384,3867,86,0.5049600005149841,0,20
7695,384,3867,145,0.5043857097625732,0,20
7696,384,3867,1604,0.49981170892715454,0,20
7697,384,3867,1896,0.5034089088439941,0,20
7698,384,3867,742,0.5022692084312439,0,20
7699,384,3867,1504,0.5001348853111267,0,20
7700,385,3493,447,0.5026211142539978,1,3
7701,385,3493,317,0.5017973184585571,0,3
7702,385,3493,871,0.5015887022018433,0,3
7703,385,3493,291,0.5015603303909302,0,3
7704,385,3493,2025,0.5015644431114197,0,3
7705,385,3493,1767,0.5006040930747986,0,3
7706,385,3493,1260,0.5014392137527466,0,3
7707,385,3493,536,0.5018047094345093,0,3
7708,385,3493,1412,0.5011081099510193,0,3
7709,385,3493,441,0.5017174482345581,0,3
7710,385,3493,1672,0.5006923675537109,0,3
7711,385,3493,284,0.5019190907478333,0,3
7712,385,3493,190,0.5015276670455933,0,3
7713,385,3493,1964,0.5014998912811279,0,3
7714,385,3493,1472,0.5039082169532776,0,3
7715,385,3493,1849,0.5015214085578918,0,3
7716,385,3493,738,0.5027244687080383,0,3
7717,385,3493,1391,0.5015262365341187,0,3
7718,385,3493,1321,0.5019865036010742,0,3
7719,385,3493,2050,0.5021026730537415,0,3
7720,386,603,1310,0.5145557522773743,1,2
7721,386,603,1322,0.5132812261581421,0,2
7722,386,603,1729,0.5015518069267273,0,2
7723,386,603,789,0.5270686745643616,0,2
7724,386,603,1776,0.504003643989563,0,2
7725,386,603,1832,0.511623203754425,0,2
7726,386,603,51,0.49914589524269104,0,2
7727,386,603,1216,0.5065451860427856,0,2
7728,386,603,1057,0.4997381269931793,0,2
7729,386,603,1189,0.5028632283210754,0,2
7730,386,603,1679,0.501640796661377,0,2
7731,386,603,203,0.5004408955574036,0,2
7732,386,603,264,0.49946069717407227,0,2
7733,386,603,1547,0.5092503428459167,0,2
7734,386,603,1095,0.5079584717750549,0,2
7735,386,603,1662,0.5010022521018982,0,2
7736,386,603,1243,0.49955371022224426,0,2
7737,386,603,41,0.5127958059310913,0,2
7738,386,603,152,0.5072399973869324,0,2
7739,386,603,2001,0.4995211660861969,0,2
7740,387,2556,1877,0.6178839206695557,1,1
7741,387,2556,1714,0.5025152564048767,0,1
7742,387,2556,1751,0.5004581212997437,0,1
7743,387,2556,320,0.5015082359313965,0,1
7744,387,2556,1034,0.5051247477531433,0,1
7745,387,2556,132,0.501426100730896,0,1
7746,387,2556,1556,0.5017496943473816,0,1
7747,387,2556,531,0.5002474784851074,0,1
7748,387,2556,590,0.5309354662895203,0,1
7749,387,2556,789,0.5140624046325684,0,1
7750,387,2556,739,0.5056639313697815,0,1
7751,387,2556,1504,0.5001798868179321,0,1
7752,387,2556,2035,0.5017217397689819,0,1
7753,387,2556,309,0.5015180110931396,0,1
7754,387,2556,1588,0.5002176761627197,0,1
7755,387,2556,1214,0.5137532353401184,0,1
7756,387,2556,1502,0.5001577734947205,0,1
7757,387,2556,654,0.5044938325881958,0,1
7758,387,2556,1927,0.5034452080726624,0,1
7759,387,2556,1402,0.5012531280517578,0,1
7760,388,1638,909,0.5016798973083496,1,14
7761,388,1638,1700,0.5004403591156006,0,14
7762,388,1638,976,0.5242195725440979,0,14
7763,388,1638,2053,0.5034348964691162,0,14
7764,388,1638,1992,0.4997921288013458,0,14
7765,388,1638,660,0.5033349394798279,0,14
7766,388,1638,675,0.5025531053543091,0,14
7767,388,1638,1778,0.4999322295188904,0,14
7768,388,1638,789,0.527387797832489,0,14
7769,388,1638,1399,0.5252368450164795,0,14
7770,388,1638,1928,0.5048460364341736,0,14
7771,388,1638,1060,0.5021433234214783,0,14
7772,388,1638,901,0.49887511134147644,0,14
7773,388,1638,273,0.5011841058731079,0,14
7774,388,1638,1570,0.5024988651275635,0,14
7775,388,1638,617,0.49898555874824524,0,14
7776,388,1638,1231,0.5194270610809326,0,14
7777,388,1638,1295,0.5023261904716492,0,14
7778,388,1638,533,0.5152395963668823,0,14
7779,388,1638,970,0.5028615593910217,0,14
7780,389,246,1932,0.5728335976600647,1,2
7781,389,246,1788,0.5067174434661865,0,2
7782,389,246,317,0.5021052360534668,0,2
7783,389,246,1658,0.6461313366889954,0,2
7784,389,246,1526,0.502272367477417,0,2
7785,389,246,811,0.5049609541893005,0,2
7786,389,246,217,0.5028472542762756,0,2
7787,389,246,857,0.49997884035110474,0,2
7788,389,246,1831,0.5032942295074463,0,2
7789,389,246,403,0.501913845539093,0,2
7790,389,246,575,0.5023542046546936,0,2
7791,389,246,1651,0.5017915964126587,0,2
7792,389,246,1079,0.5054824352264404,0,2
7793,389,246,1063,0.4999801516532898,0,2
7794,389,246,966,0.5022360682487488,0,2
7795,389,246,338,0.5016653537750244,0,2
7796,389,246,199,0.517374575138092,0,2
7797,389,246,644,0.5005258917808533,0,2
7798,389,246,1102,0.5025833249092102,0,2
7799,389,246,789,0.5255700349807739,0,2
7800,390,1775,1724,0.5010799169540405,1,15
7801,390,1775,130,0.5020233988761902,0,15
7802,390,1775,481,0.5021823048591614,0,15
7803,390,1775,1482,0.5011199712753296,0,15
7804,390,1775,1839,0.5019662976264954,0,15
7805,390,1775,1589,0.517352283000946,0,15
7806,390,1775,723,0.500413179397583,0,15
7807,390,1775,746,0.5009841322898865,0,15
7808,390,1775,641,0.502834677696228,0,15
7809,390,1775,1173,0.5035438537597656,0,15
7810,390,1775,365,0.5035265684127808,0,15
7811,390,1775,147,0.500622570514679,0,15
7812,390,1775,1127,0.5006020069122314,0,15
7813,390,1775,236,0.5015639066696167,0,15
7814,390,1775,1789,0.5033290982246399,0,15
7815,390,1775,388,0.5009545683860779,0,15
7816,390,1775,469,0.5139194130897522,0,15
7817,390,1775,916,0.5021660923957825,0,15
7818,390,1775,454,0.5019973516464233,0,15
7819,390,1775,1133,0.5047476887702942,0,15
7820,391,4040,1096,0.5100971460342407,1,3
7821,391,4040,1038,0.5026759505271912,0,3
7822,391,4040,1645,0.5034601092338562,0,3
7823,391,4040,1072,0.5009439587593079,0,3
7824,391,4040,1946,0.5102924704551697,0,3
7825,391,4040,396,0.5013662576675415,0,3
7826,391,4040,600,0.5178048014640808,0,3
7827,391,4040,1280,0.5028924942016602,0,3
7828,391,4040,1800,0.5016597509384155,0,3
7829,391,4040,553,0.5029428601264954,0,3
7830,391,4040,828,0.5044978260993958,0,3
7831,391,4040,826,0.5034158825874329,0,3
7832,391,4040,880,0.50267094373703,0,3
7833,391,4040,1053,0.5065780878067017,0,3
7834,391,4040,1350,0.5010430812835693,0,3
7835,391,4040,1779,0.5021113157272339,0,3
7836,391,4040,1984,0.5025646090507507,0,3
7837,391,4040,422,0.502720832824707,0,3
7838,391,4040,123,0.5090039968490601,0,3
7839,391,4040,164,0.5017385482788086,0,3
7840,392,3733,613,0.5125253796577454,1,2
7841,392,3733,1874,0.500511646270752,0,2
7842,392,3733,800,0.501557469367981,0,2
7843,392,3733,1995,0.504133403301239,0,2
7844,392,3733,1117,0.5013588070869446,0,2
7845,392,3733,1599,0.500145673751831,0,2
7846,392,3733,1335,0.5004618763923645,0,2
7847,392,3733,636,0.5016176104545593,0,2
7848,392,3733,858,0.5012339949607849,0,2
7849,392,3733,313,0.5004793405532837,0,2
7850,392,3733,1641,0.5039550065994263,0,2
7851,392,3733,1845,0.5042167901992798,0,2
7852,392,3733,2067,0.501954197883606,0,2
7853,392,3733,1806,0.5830088257789612,0,2
7854,392,3733,2023,0.5010280013084412,0,2
7855,392,3733,1497,0.5018347501754761,0,2
7856,392,3733,464,0.5011321306228638,0,2
7857,392,3733,716,0.5015525817871094,0,2
7858,392,3733,875,0.5015314221382141,0,2
7859,392,3733,395,0.504005491733551,0,2
7860,393,414,1848,0.5080022215843201,1,2
7861,393,414,838,0.5042355060577393,0,2
7862,393,414,1308,0.49950262904167175,0,2
7863,393,414,1307,0.5005249381065369,0,2
7864,393,414,2052,0.5019479393959045,0,2
7865,393,414,233,0.5057888627052307,0,2
7866,393,414,38,0.5001485347747803,0,2
7867,393,414,886,0.50279301404953,0,2
7868,393,414,485,0.5024190545082092,0,2
7869,393,414,379,0.4999978542327881,0,2
7870,393,414,1075,0.4993160665035248,0,2
7871,393,414,959,0.5107239484786987,0,2
7872,393,414,288,0.5012304782867432,0,2
7873,393,414,1508,0.5056666731834412,0,2
7874,393,414,443,0.5024523735046387,0,2
7875,393,414,625,0.501969039440155,0,2
7876,393,414,999,0.4993197023868561,0,2
7877,393,414,871,0.5025568008422852,0,2
7878,393,414,816,0.5053258538246155,0,2
7879,393,414,881,0.5020303726196289,0,2
7880,394,630,2025,0.5012190341949463,1,8
7881,394,630,638,0.5010625720024109,0,8
7882,394,630,841,0.5113974213600159,0,8
7883,394,630,1140,0.500438928604126,0,8
7884,394,630,2050,0.5015876889228821,0,8
7885,394,630,351,0.5005432963371277,0,8
7886,394,630,2061,0.5005883574485779,0,8
7887,394,630,1617,0.5022360682487488,0,8
7888,394,630,569,0.5011914968490601,0,8
7889,394,630,422,0.501066267490387,0,8
7890,394,630,74,0.5019786953926086,0,8
7891,394,630,635,0.501244306564331,0,8
7892,394,630,2074,0.5003757476806641,0,8
7893,394,630,560,0.5009613037109375,0,8
7894,394,630,549,0.5011990070343018,0,8
7895,394,630,815,0.5007100701332092,0,8
7896,394,630,1929,0.5024960041046143,0,8
7897,394,630,1315,0.5003522038459778,0,8
7898,394,630,2064,0.5009592175483704,0,8
7899,394,630,1776,0.5015961527824402,0,8
7900,395,1718,1099,0.5025765895843506,1,6
7901,395,1718,1098,0.5012478828430176,0,6
7902,395,1718,1328,0.5019751787185669,0,6
7903,395,1718,187,0.5017445087432861,0,6
7904,395,1718,1115,0.5006343722343445,0,6
7905,395,1718,1467,0.5075608491897583,0,6
7906,395,1718,1540,0.4999812841415405,0,6
7907,395,1718,1591,0.5006955862045288,0,6
7908,395,1718,438,0.5016735196113586,0,6
7909,395,1718,1481,0.5008676648139954,0,6
7910,395,1718,1362,0.5017125606536865,0,6
7911,395,1718,521,0.5000288486480713,0,6
7912,395,1718,733,0.5031524300575256,0,6
7913,395,1718,1045,0.5009351968765259,0,6
7914,395,1718,841,0.5157500505447388,0,6
7915,395,1718,914,0.5102562308311462,0,6
7916,395,1718,1088,0.5058238506317139,0,6
7917,395,1718,597,0.500462532043457,0,6
7918,395,1718,1285,0.5001387596130371,0,6
7919,395,1718,1143,0.5002226233482361,0,6
7920,396,2379,1373,0.5253947973251343,1,2
7921,396,2379,210,0.5059717297554016,0,2
7922,396,2379,1766,0.5024703741073608,0,2
7923,396,2379,641,0.5015217661857605,0,2
7924,396,2379,866,0.5017264485359192,0,2
7925,396,2379,1512,0.5017055869102478,0,2
7926,396,2379,377,0.506719708442688,0,2
7927,396,2379,511,0.5346658229827881,0,2
7928,396,2379,1530,0.5019831657409668,0,2
7929,396,2379,751,0.5001152157783508,0,2
7930,396,2379,897,0.5001378059387207,0,2
7931,396,2379,570,0.5025496482849121,0,2
7932,396,2379,1201,0.5023391842842102,0,2
7933,396,2379,852,0.5043945908546448,0,2
7934,396,2379,2010,0.500083327293396,0,2
7935,396,2379,1721,0.5023919343948364,0,2
7936,396,2379,588,0.5002210736274719,0,2
7937,396,2379,324,0.5003749132156372,0,2
7938,396,2379,1625,0.5000816583633423,0,2
7939,396,2379,632,0.5024575591087341,0,2
7940,397,73,1294,0.5405747294425964,1,3
7941,397,73,999,0.4991472065448761,0,3
7942,397,73,1344,0.5031383633613586,0,3
7943,397,73,1835,0.5021553039550781,0,3
7944,397,73,1780,0.501173198223114,0,3
7945,397,73,1735,0.5012689828872681,0,3
7946,397,73,61,0.5029608011245728,0,3
7947,397,73,1155,0.5063210129737854,0,3
7948,397,73,1757,0.5870424509048462,0,3
7949,397,73,1227,0.5028438568115234,0,3
7950,397,73,114,0.5048813819885254,0,3
7951,397,73,417,0.5145269632339478,0,3
7952,397,73,1446,0.5017690062522888,0,3
7953,397,73,2051,0.5416414737701416,0,3
7954,397,73,1728,0.510473370552063,0,3
7955,397,73,802,0.5027561187744141,0,3
7956,397,73,835,0.5005261898040771,0,3
7957,397,73,347,0.4989425837993622,0,3
7958,397,73,1861,0.5051352381706238,0,3
7959,397,73,11,0.4994145333766937,0,3
7960,398,898,1972,0.5066977739334106,1,9
7961,398,898,1845,0.5135683417320251,0,9
7962,398,898,428,0.5036776661872864,0,9
7963,398,898,922,0.5043627619743347,0,9
7964,398,898,1461,0.5057808756828308,0,9
7965,398,898,311,0.5133898258209229,0,9
7966,398,898,115,0.5018812417984009,0,9
7967,398,898,939,0.4991881251335144,0,9
7968,398,898,1760,0.5287215709686279,0,9
7969,398,898,894,0.5086020827293396,0,9
7970,398,898,1563,0.5063877105712891,0,9
7971,398,898,689,0.5074947476387024,0,9
7972,398,898,749,0.5070030093193054,0,9
7973,398,898,1438,0.4991246461868286,0,9
7974,398,898,1480,0.506151556968689,0,9
7975,398,898,84,0.5031060576438904,0,9
7976,398,898,260,0.5002741813659668,0,9
7977,398,898,637,0.5078473687171936,0,9
7978,398,898,1352,0.5036671757698059,0,9
7979,398,898,1974,0.5070801973342896,0,9
7980,399,1014,411,0.5000662207603455,1,19
7981,399,1014,1823,0.5125755071640015,0,19
7982,399,1014,1536,0.533351719379425,0,19
7983,399,1014,1821,0.5089219808578491,0,19
7984,399,1014,1150,0.5083789229393005,0,19
7985,399,1014,1344,0.5021843910217285,0,19
7986,399,1014,2002,0.5051774978637695,0,19
7987,399,1014,2073,0.5453000068664551,0,19
7988,399,1014,1669,0.510701060295105,0,19
7989,399,1014,1284,0.5019010901451111,0,19
7990,399,1014,645,0.5045796036720276,0,19
7991,399,1014,902,0.49983543157577515,0,19
7992,399,1014,1964,0.5019989609718323,0,19
7993,399,1014,212,0.5077720880508423,0,19
7994,399,1014,1246,0.5025469064712524,0,19
7995,399,1014,299,0.5018486380577087,0,19
7996,399,1014,621,0.5151176452636719,0,19
7997,399,1014,1039,0.50226229429245,0,19
7998,399,1014,680,0.5214210748672485,0,19
7999,399,1014,1457,0.5040625929832458,0,19
8000,400,3385,1124,0.546614408493042,1,1
8001,400,3385,869,0.5032878518104553,0,1
8002,400,3385,1460,0.5018750429153442,0,1
8003,400,3385,47,0.5033480525016785,0,1
8004,400,3385,1227,0.502376139163971,0,1
8005,400,3385,1999,0.5171318650245667,0,1
8006,400,3385,1800,0.5007829666137695,0,1
8007,400,3385,90,0.5051047205924988,0,1
8008,400,3385,2078,0.5048284530639648,0,1
8009,400,3385,515,0.49987879395484924,0,1
8010,400,3385,1878,0.5137761831283569,0,1
8011,400,3385,1348,0.5076799392700195,0,1
8012,400,3385,867,0.5034244060516357,0,1
8013,400,3385,1441,0.506991982460022,0,1
8014,400,3385,1689,0.5365831851959229,0,1
8015,400,3385,1507,0.5387682318687439,0,1
8016,400,3385,463,0.5020365118980408,0,1
8017,400,3385,1778,0.5007486939430237,0,1
8018,400,3385,267,0.4993278384208679,0,1
8019,400,3385,600,0.5335473418235779,0,1
8020,401,649,224,0.5951306223869324,1,1
8021,401,649,528,0.5021495819091797,0,1
8022,401,649,1229,0.5024927258491516,0,1
8023,401,649,1485,0.4997808039188385,0,1
8024,401,649,739,0.5129124522209167,0,1
8025,401,649,1594,0.5030224919319153,0,1
8026,401,649,1646,0.5049201846122742,0,1
8027,401,649,1159,0.5069578886032104,0,1
8028,401,649,1520,0.4997238218784332,0,1
8029,401,649,1286,0.5031651258468628,0,1
8030,401,649,450,0.499711811542511,0,1
8031,401,649,494,0.5058757066726685,0,1
8032,401,649,900,0.5017275810241699,0,1
8033,401,649,233,0.5080034136772156,0,1
8034,401,649,40,0.5354263186454773,0,1
8035,401,649,1438,0.49903032183647156,0,1
8036,401,649,1026,0.5029417276382446,0,1
8037,401,649,1389,0.4994617998600006,0,1
8038,401,649,612,0.4998406767845154,0,1
8039,401,649,971,0.499801367521286,0,1
8040,402,1946,141,0.502537190914154,1,14
8041,402,1946,1191,0.5000895857810974,0,14
8042,402,1946,1456,0.5193560123443604,0,14
8043,402,1946,1658,0.6612902283668518,0,14
8044,402,1946,1484,0.49967870116233826,0,14
8045,402,1946,483,0.5132491588592529,0,14
8046,402,1946,1678,0.5068294405937195,0,14
8047,402,1946,1988,0.49985697865486145,0,14
8048,402,1946,135,0.5051305890083313,0,14
8049,402,1946,934,0.5056044459342957,0,14
8050,402,1946,754,0.5088499188423157,0,14
8051,402,1946,1821,0.5108005404472351,0,14
8052,402,1946,1440,0.50313401222229,0,14
8053,402,1946,852,0.5068060755729675,0,14
8054,402,1946,820,0.5013601183891296,0,14
8055,402,1946,1108,0.5065978169441223,0,14
8056,402,1946,1234,0.5035566687583923,0,14
8057,402,1946,2054,0.5017088055610657,0,14
8058,402,1946,2078,0.5041008591651917,0,14
8059,402,1946,868,0.5019104480743408,0,14
8060,403,3981,1413,0.5000842213630676,1,19
8061,403,3981,787,0.5025573968887329,0,19
8062,403,3981,1534,0.49989011883735657,0,19
8063,403,3981,2049,0.5043664574623108,0,19
8064,403,3981,95,0.5035662055015564,0,19
8065,403,3981,1507,0.5243270397186279,0,19
8066,403,3981,223,0.5047328472137451,0,19
8067,403,3981,1955,0.5001781582832336,0,19
8068,403,3981,2020,0.5028963685035706,0,19
8069,403,3981,1590,0.507743775844574,0,19
8070,403,3981,199,0.5111728310585022,0,19
8071,403,3981,618,0.5037745833396912,0,19
8072,403,3981,1508,0.5045197606086731,0,19
8073,403,3981,531,0.5002532601356506,0,19
8074,403,3981,259,0.5041351318359375,0,19
8075,403,3981,1850,0.503009021282196,0,19
8076,403,3981,536,0.5026068687438965,0,19
8077,403,3981,359,0.5028001666069031,0,19
8078,403,3981,1086,0.5024975538253784,0,19
8079,403,3981,2069,0.5004086494445801,0,19
8080,404,809,1694,0.5260289311408997,1,1
8081,404,809,2074,0.49905645847320557,0,1
8082,404,809,287,0.5051716566085815,0,1
8083,404,809,740,0.5000052452087402,0,1
8084,404,809,858,0.5031139850616455,0,1
8085,404,809,2019,0.5011637806892395,0,1
8086,404,809,2079,0.5018617510795593,0,1
8087,404,809,1899,0.5056237578392029,0,1
8088,404,809,9,0.49993574619293213,0,1
8089,404,809,1340,0.5071718096733093,0,1
8090,404,809,755,0.5127555131912231,0,1
8091,404,809,2037,0.5095857381820679,0,1
8092,404,809,769,0.5035659670829773,0,1
8093,404,809,1206,0.4995113015174866,0,1
8094,404,809,1251,0.5036528706550598,0,1
8095,404,809,1569,0.49968746304512024,0,1
8096,404,809,326,0.499575674533844,0,1
8097,404,809,978,0.5241360068321228,0,1
8098,404,809,961,0.5052958130836487,0,1
8099,404,809,835,0.5015546083450317,0,1
8100,405,2008,71,0.509269118309021,1,1
8101,405,2008,1582,0.501560628414154,0,1
8102,405,2008,1409,0.5006954073905945,0,1
8103,405,2008,1268,0.505283534526825,0,1
8104,405,2008,1781,0.5031237006187439,0,1
8105,405,2008,1938,0.5004782676696777,0,1
8106,405,2008,912,0.5010990500450134,0,1
8107,405,2008,855,0.500363290309906,0,1
8108,405,2008,1526,0.5015051960945129,0,1
8109,405,2008,1062,0.5028920769691467,0,1
8110,405,2008,601,0.5005637407302856,0,1
8111,405,2008,466,0.5022417306900024,0,1
8112,405,2008,965,0.5066211223602295,0,1
8113,405,2008,1560,0.5002461075782776,0,1
8114,405,2008,2005,0.5011557340621948,0,1
8115,405,2008,1793,0.5002102255821228,0,1
8116,405,2008,1112,0.5033777356147766,0,1
8117,405,2008,1070,0.5015460848808289,0,1
8118,405,2008,241,0.5012681484222412,0,1
8119,405,2008,1541,0.5010469555854797,0,1
8120,406,2694,587,0.5000340342521667,1,19
8121,406,2694,328,0.5057968497276306,0,19
8122,406,2694,659,0.5051035284996033,0,19
8123,406,2694,302,0.5014699697494507,0,19
8124,406,2694,928,0.5022476315498352,0,19
8125,406,2694,205,0.5033923387527466,0,19
8126,406,2694,104,0.5370983481407166,0,19
8127,406,2694,945,0.49996495246887207,0,19
8128,406,2694,1457,0.5043154358863831,0,19
8129,406,2694,738,0.5038942098617554,0,19
8130,406,2694,1225,0.5002134442329407,0,19
8131,406,2694,1035,0.5045742988586426,0,19
8132,406,2694,155,0.5006240010261536,0,19
8133,406,2694,1426,0.5035480856895447,0,19
8134,406,2694,830,0.501499354839325,0,19
8135,406,2694,1440,0.5030064582824707,0,19
8136,406,2694,1823,0.5104374289512634,0,19
8137,406,2694,1076,0.5056254863739014,0,19
8138,406,2694,732,0.5003143548965454,0,19
8139,406,2694,909,0.5020387172698975,0,19
8140,407,3327,172,0.5007866024971008,1,6
8141,407,3327,533,0.500542938709259,0,6
8142,407,3327,420,0.5008710026741028,0,6
8143,407,3327,2071,0.5007808804512024,0,6
8144,407,3327,1502,0.5007182359695435,0,6
8145,407,3327,411,0.5007832050323486,0,6
8146,407,3327,614,0.5008454918861389,0,6
8147,407,3327,214,0.5007232427597046,0,6
8148,407,3327,451,0.5006502270698547,0,6
8149,407,3327,71,0.5008648037910461,0,6
8150,407,3327,1295,0.5005896687507629,0,6
8151,407,3327,1416,0.5006188154220581,0,6
8152,407,3327,856,0.5006540417671204,0,6
8153,407,3327,1387,0.5007325410842896,0,6
8154,407,3327,541,0.5003429055213928,0,6
8155,407,3327,528,0.5008488297462463,0,6
8156,407,3327,1243,0.5007515549659729,0,6
8157,407,3327,752,0.5007826089859009,0,6
8158,407,3327,1380,0.500720202922821,0,6
8159,407,3327,592,0.5008614659309387,0,6
8160,408,3268,1515,0.510577917098999,1,1
8161,408,3268,384,0.5002506971359253,0,1
8162,408,3268,1861,0.5030730366706848,0,1
8163,408,3268,1240,0.5018402338027954,0,1
8164,408,3268,1983,0.5064285397529602,0,1
8165,408,3268,1563,0.5031941533088684,0,1
8166,408,3268,1930,0.5015103220939636,0,1
8167,408,3268,121,0.5033236742019653,0,1
8168,408,3268,1648,0.5006324052810669,0,1
8169,408,3268,1249,0.500505805015564,0,1
8170,408,3268,1753,0.5017789006233215,0,1
8171,408,3268,1162,0.5004127621650696,0,1
8172,408,3268,1627,0.5011788010597229,0,1
8173,408,3268,612,0.5005053281784058,0,1
8174,408,3268,1092,0.5088107585906982,0,1
8175,408,3268,356,0.5003687739372253,0,1
8176,408,3268,1048,0.5067750215530396,0,1
8177,408,3268,648,0.5076965689659119,0,1
8178,408,3268,54,0.5016944408416748,0,1
8179,408,3268,1,0.5010448098182678,0,1
8180,409,2493,323,0.5018789172172546,1,12
8181,409,2493,482,0.5110848546028137,0,12
8182,409,2493,1081,0.500137209892273,0,12
8183,409,2493,95,0.5031291842460632,0,12
8184,409,2493,675,0.5019829869270325,0,12
8185,409,2493,157,0.5010420680046082,0,12
8186,409,2493,2048,0.5001174211502075,0,12
8187,409,2493,368,0.5037511587142944,0,12
8188,409,2493,1310,0.5089725255966187,0,12
8189,409,2493,87,0.50030118227005,0,12
8190,409,2493,362,0.5022962689399719,0,12
8191,409,2493,1099,0.5038179159164429,0,12
8192,409,2493,573,0.5012320280075073,0,12
8193,409,2493,1949,0.5074771046638489,0,12
8194,409,2493,1062,0.5030869245529175,0,12
8195,409,2493,1986,0.5894690155982971,0,12
8196,409,2493,968,0.5071876645088196,0,12
8197,409,2493,1794,0.5000470280647278,0,12
8198,409,2493,1619,0.500145435333252,0,12
8199,409,2493,1554,0.5017982125282288,0,12
8200,410,1039,952,0.502263605594635,1,13
8201,410,1039,1779,0.5031594634056091,0,13
8202,410,1039,1653,0.5017008185386658,0,13
8203,410,1039,651,0.5066210627555847,0,13
8204,410,1039,1745,0.499817430973053,0,13
8205,410,1039,270,0.4995429515838623,0,13
8206,410,1039,309,0.5027276873588562,0,13
8207,410,1039,245,0.5016857981681824,0,13
8208,410,1039,272,0.5028379559516907,0,13
8209,410,1039,1580,0.5074127316474915,0,13
8210,410,1039,2074,0.4992833435535431,0,13
8211,410,1039,504,0.5082055330276489,0,13
8212,410,1039,1332,0.5105529427528381,0,13
8213,410,1039,1156,0.501914918422699,0,13
8214,410,1039,1355,0.51917964220047,0,13
8215,410,1039,376,0.49987491965293884,0,13
8216,410,1039,930,0.5131400227546692,0,13
8217,410,1039,1879,0.5031692981719971,0,13
8218,410,1039,1192,0.5044389367103577,0,13
8219,410,1039,349,0.5043190121650696,0,13
8220,411,711,2028,0.5024431347846985,1,11
8221,411,711,2059,0.5004295110702515,0,11
8222,411,711,1770,0.5033198595046997,0,11
8223,411,711,768,0.5027132630348206,0,11
8224,411,711,294,0.5005638003349304,0,11
8225,411,711,1624,0.5006296634674072,0,11
8226,411,711,1569,0.5003988146781921,0,11
8227,411,711,1750,0.504533588886261,0,11
8228,411,711,1341,0.5055973529815674,0,11
8229,411,711,375,0.5047572255134583,0,11
8230,411,711,593,0.5004071593284607,0,11
8231,411,711,1721,0.504122793674469,0,11
8232,411,711,947,0.502169668674469,0,11
8233,411,711,329,0.5006425380706787,0,11
8234,411,711,301,0.5111675262451172,0,11
8235,411,711,250,0.5026631951332092,0,11
8236,411,711,2071,0.5027641654014587,0,11
8237,411,711,750,0.502336323261261,0,11
8238,411,711,982,0.500396728515625,0,11
8239,411,711,1268,0.5063023567199707,0,11
8240,412,3118,1134,0.5073844790458679,1,2
8241,412,3118,1468,0.5011458396911621,0,2
8242,412,3118,1512,0.5011073350906372,0,2
8243,412,3118,1321,0.5015777945518494,0,2
8244,412,3118,29,0.5003255009651184,0,2
8245,412,3118,494,0.5022093057632446,0,2
8246,412,3118,380,0.5002095103263855,0,2
8247,412,3118,645,0.5025992393493652,0,2
8248,412,3118,1441,0.5022299885749817,0,2
8249,412,3118,1143,0.5001578330993652,0,2
8250,412,3118,777,0.5015015602111816,0,2
8251,412,3118,508,0.512218713760376,0,2
8252,412,3118,1613,0.5003805160522461,0,2
8253,412,3118,1827,0.5003325343132019,0,2
8254,412,3118,89,0.5001695156097412,0,2
8255,412,3118,181,0.5015951991081238,0,2
8256,412,3118,1004,0.50306636095047,0,2
8257,412,3118,1783,0.5041866302490234,0,2
8258,412,3118,1332,0.5032131671905518,0,2
8259,412,3118,2002,0.5026414394378662,0,2
8260,413,2388,699,0.6109479069709778,1,1
8261,413,2388,347,0.49966347217559814,0,1
8262,413,2388,1951,0.5148552060127258,0,1
8263,413,2388,564,0.5040795207023621,0,1
8264,413,2388,1060,0.5056055784225464,0,1
8265,413,2388,442,0.4998531639575958,0,1
8266,413,2388,218,0.5079743266105652,0,1
8267,413,2388,1380,0.5023626685142517,0,1
8268,413,2388,568,0.5049914121627808,0,1
8269,413,2388,220,0.5018673539161682,0,1
8270,413,2388,1262,0.5039268136024475,0,1
8271,413,2388,1720,0.5056872963905334,0,1
8272,413,2388,847,0.506123423576355,0,1
8273,413,2388,556,0.5048734545707703,0,1
8274,413,2388,1599,0.500015139579773,0,1
8275,413,2388,1272,0.512860894203186,0,1
8276,413,2388,572,0.5391119718551636,0,1
8277,413,2388,1696,0.5040815472602844,0,1
8278,413,2388,1805,0.5032544732093811,0,1
8279,413,2388,894,0.5081092119216919,0,1
8280,414,1887,743,0.5036600232124329,1,7
8281,414,1887,918,0.5026702880859375,0,7
8282,414,1887,1069,0.5002303123474121,0,7
8283,414,1887,436,0.5817179679870605,0,7
8284,414,1887,415,0.5033652186393738,0,7
8285,414,1887,1157,0.5266697406768799,0,7
8286,414,1887,727,0.49989762902259827,0,7
8287,414,1887,1637,0.5022207498550415,0,7
8288,414,1887,721,0.5010266900062561,0,7
8289,414,1887,1145,0.503201425075531,0,7
8290,414,1887,1261,0.5037367939949036,0,7
8291,414,1887,1690,0.502600371837616,0,7
8292,414,1887,1860,0.5277656316757202,0,7
8293,414,1887,763,0.5013895034790039,0,7
8294,414,1887,988,0.52301424741745,0,7
8295,414,1887,1306,0.501800000667572,0,7
8296,414,1887,1858,0.504929780960083,0,7
8297,414,1887,607,0.5014837384223938,0,7
8298,414,1887,2021,0.5016231536865234,0,7
8299,414,1887,157,0.5017911195755005,0,7
8300,415,1720,612,0.5001681447029114,1,19
8301,415,1720,290,0.5022588968276978,0,19
8302,415,1720,191,0.5029007196426392,0,19
8303,415,1720,276,0.5023142695426941,0,19
8304,415,1720,1948,0.5070797204971313,0,19
8305,415,1720,1427,0.5015132427215576,0,19
8306,415,1720,1495,0.5029519200325012,0,19
8307,415,1720,1686,0.510296642780304,0,19
8308,415,1720,706,0.5011193752288818,0,19
8309,415,1720,1165,0.5017420053482056,0,19
8310,415,1720,1503,0.5005876421928406,0,19
8311,415,1720,1007,0.5025379061698914,0,19
8312,415,1720,393,0.5017035007476807,0,19
8313,415,1720,1643,0.5715682506561279,0,19
8314,415,1720,1619,0.5001557469367981,0,19
8315,415,1720,1715,0.5042233467102051,0,19
8316,415,1720,934,0.5048256516456604,0,19
8317,415,1720,1727,0.5011000037193298,0,19
8318,415,1720,652,0.5046245455741882,0,19
8319,415,1720,954,0.5051871538162231,0,19
8320,416,1968,1122,0.5036910176277161,1,3
8321,416,1968,1469,0.5010936856269836,0,3
8322,416,1968,158,0.5013889074325562,0,3
8323,416,1968,497,0.5022873282432556,0,3
8324,416,1968,1406,0.5003135800361633,0,3
8325,416,1968,1310,0.5047212243080139,0,3
8326,416,1968,673,0.5002954006195068,0,3
8327,416,1968,798,0.5018514394760132,0,3
8328,416,1968,1261,0.5019629001617432,0,3
8329,416,1968,563,0.5005660653114319,0,3
8330,416,1968,1630,0.5074557065963745,0,3
8331,416,1968,1264,0.5008496642112732,0,3
8332,416,1968,1100,0.5004774928092957,0,3
8333,416,1968,543,0.5005013346672058,0,3
8334,416,1968,1412,0.5007691979408264,0,3
8335,416,1968,1858,0.5018879175186157,0,3
8336,416,1968,1459,0.5013275146484375,0,3
8337,416,1968,1105,0.5006012916564941,0,3
8338,416,1968,285,0.5019618272781372,0,3
8339,416,1968,896,0.502217173576355,0,3
8340,417,384,1932,0.5454418063163757,1,1
8341,417,384,32,0.502914547920227,0,1
8342,417,384,961,0.5025861859321594,0,1
8343,417,384,1710,0.509065568447113,0,1
8344,417,384,1148,0.5021145939826965,0,1
8345,417,384,366,0.5056630373001099,0,1
8346,417,384,102,0.5014907121658325,0,1
8347,417,384,1515,0.5112786889076233,0,1
8348,417,384,1887,0.5004665851593018,0,1
8349,417,384,503,0.5023946166038513,0,1
8350,417,384,322,0.5022165775299072,0,1
8351,417,384,1738,0.5004001259803772,0,1
8352,417,384,1525,0.5187286734580994,0,1
8353,417,384,2012,0.5018565058708191,0,1
8354,417,384,1681,0.502901017665863,0,1
8355,417,384,526,0.5012965798377991,0,1
8356,417,384,563,0.500317394733429,0,1
8357,417,384,1413,0.5001894235610962,0,1
8358,417,384,1346,0.5013264417648315,0,1
8359,417,384,1727,0.5009493231773376,0,1
8360,418,1404,1250,0.5067542791366577,1,5
8361,418,1404,284,0.5037409067153931,0,5
8362,418,1404,977,0.501118004322052,0,5
8363,418,1404,482,0.5157307982444763,0,5
8364,418,1404,1561,0.5247301459312439,0,5
8365,418,1404,1419,0.5045987963676453,0,5
8366,418,1404,1057,0.5004025101661682,0,5
8367,418,1404,229,0.5094085335731506,0,5
8368,418,1404,1226,0.5003469586372375,0,5
8369,418,1404,738,0.5044116973876953,0,5
8370,418,1404,1165,0.5013584494590759,0,5
8371,418,1404,1071,0.501448929309845,0,5
8372,418,1404,162,0.5018408894538879,0,5
8373,418,1404,769,0.5021986365318298,0,5
8374,418,1404,666,0.5041365623474121,0,5
8375,418,1404,935,0.5017053484916687,0,5
8376,418,1404,1943,0.5048604607582092,0,5
8377,418,1404,1763,0.49987998604774475,0,5
8378,418,1404,1065,0.5039466023445129,0,5
8379,418,1404,1507,0.5274497270584106,0,5
8380,419,3538,827,0.5006858110427856,1,19
8381,419,3538,1654,0.5079055428504944,0,19
8382,419,3538,564,0.501741886138916,0,19
8383,419,3538,1961,0.502839207649231,0,19
8384,419,3538,80,0.5016320943832397,0,19
8385,419,3538,1572,0.5015065670013428,0,19
8386,419,3538,1064,0.5015385150909424,0,19
8387,419,3538,1833,0.5009613037109375,0,19
8388,419,3538,44,0.5015546083450317,0,19
8389,419,3538,635,0.501366138458252,0,19
8390,419,3538,575,0.5014058947563171,0,19
8391,419,3538,1824,0.5003981590270996,0,19
8392,419,3538,396,0.50108802318573,0,19
8393,419,3538,1065,0.5019824504852295,0,19
8394,419,3538,1831,0.5015729665756226,0,19
8395,419,3538,616,0.501386284828186,0,19
8396,419,3538,837,0.5070286393165588,0,19
8397,419,3538,967,0.5013121366500854,0,19
8398,419,3538,1415,0.5015478730201721,0,19
8399,419,3538,1356,0.5014129877090454,0,19
8400,420,839,1434,0.5134524703025818,1,6
8401,420,839,428,0.5023751258850098,0,6
8402,420,839,1879,0.5031440854072571,0,6
8403,420,839,190,0.5040555596351624,0,6
8404,420,839,191,0.5057120323181152,0,6
8405,420,839,1964,0.5037021636962891,0,6
8406,420,839,1151,0.5022299289703369,0,6
8407,420,839,1560,0.49874454736709595,0,6
8408,420,839,462,0.5231491327285767,0,6
8409,420,839,1608,0.5056623816490173,0,6
8410,420,839,958,0.5326014161109924,0,6
8411,420,839,1938,0.4992785155773163,0,6
8412,420,839,2039,0.5160757899284363,0,6
8413,420,839,1476,0.5125883221626282,0,6
8414,420,839,776,0.4993923008441925,0,6
8415,420,839,682,0.5033056735992432,0,6
8416,420,839,1909,0.5029346346855164,0,6
8417,420,839,1000,0.5161473751068115,0,6
8418,420,839,261,0.505807638168335,0,6
8419,420,839,1836,0.5233858227729797,0,6
8420,421,221,1374,0.4991314113140106,1,20
8421,421,221,1384,0.5031073093414307,0,20
8422,421,221,1600,0.5062171816825867,0,20
8423,421,221,1841,0.49935388565063477,0,20
8424,421,221,895,0.5040519833564758,0,20
8425,421,221,729,0.49961012601852417,0,20
8426,421,221,885,0.5021307468414307,0,20
8427,421,221,579,0.5369070172309875,0,20
8428,421,221,536,0.5041475296020508,0,20
8429,421,221,516,0.5039706826210022,0,20
8430,421,221,1174,0.5032272338867188,0,20
8431,421,221,815,0.5025575160980225,0,20
8432,421,221,1899,0.5048457384109497,0,20
8433,421,221,75,0.4999299645423889,0,20
8434,421,221,91,0.5118378400802612,0,20
8435,421,221,388,0.5009060502052307,0,20
8436,421,221,46,0.4997473955154419,0,20
8437,421,221,159,0.5350121855735779,0,20
8438,421,221,979,0.5056461095809937,0,20
8439,421,221,364,0.5037253499031067,0,20
8440,422,212,421,0.5002765655517578,1,20
8441,422,212,39,0.5016737580299377,0,20
8442,422,212,267,0.5003920197486877,0,20
8443,422,212,954,0.5025747418403625,0,20
8444,422,212,793,0.5005837678909302,0,20
8445,422,212,764,0.5010376572608948,0,20
8446,422,212,1860,0.5145445466041565,0,20
8447,422,212,1979,0.5023831725120544,0,20
8448,422,212,1858,0.5024614930152893,0,20
8449,422,212,289,0.5010960698127747,0,20
8450,422,212,1076,0.503774881362915,0,20
8451,422,212,1343,0.5016593337059021,0,20
8452,422,212,1939,0.5013630390167236,0,20
8453,422,212,474,0.5038834810256958,0,20
8454,422,212,33,0.5040650963783264,0,20
8455,422,212,1711,0.5016924738883972,0,20
8456,422,212,1809,0.5038747191429138,0,20
8457,422,212,1527,0.5002841353416443,0,20
8458,422,212,116,0.5006471276283264,0,20
8459,422,212,1603,0.5002971291542053,0,20
8460,423,3148,1759,0.5012028813362122,1,18
8461,423,3148,1619,0.5006064176559448,0,18
8462,423,3148,1842,0.5039820075035095,0,18
8463,423,3148,595,0.5110757350921631,0,18
8464,423,3148,511,0.5202670693397522,0,18
8465,423,3148,521,0.5002988576889038,0,18
8466,423,3148,63,0.5017215609550476,0,18
8467,423,3148,318,0.5032541155815125,0,18
8468,423,3148,1766,0.502066969871521,0,18
8469,423,3148,1634,0.5015154480934143,0,18
8470,423,3148,748,0.5024755597114563,0,18
8471,423,3148,819,0.5041184425354004,0,18
8472,423,3148,1894,0.5054171681404114,0,18
8473,423,3148,1146,0.5015519857406616,0,18
8474,423,3148,1992,0.5015113949775696,0,18
8475,423,3148,1615,0.5015975832939148,0,18
8476,423,3148,962,0.5119158029556274,0,18
8477,423,3148,993,0.503369152545929,0,18
8478,423,3148,652,0.5022925138473511,0,18
8479,423,3148,1905,0.5025303363800049,0,18
8480,424,3331,277,0.5014101266860962,1,12
8481,424,3331,942,0.503456711769104,0,12
8482,424,3331,657,0.5011434555053711,0,12
8483,424,3331,1348,0.5024120211601257,0,12
8484,424,3331,837,0.5055634379386902,0,12
8485,424,3331,1081,0.500650942325592,0,12
8486,424,3331,511,0.5125195980072021,0,12
8487,424,3331,2062,0.6522535681724548,0,12
8488,424,3331,1383,0.5013641119003296,0,12
8489,424,3331,321,0.5016998648643494,0,12
8490,424,3331,1109,0.5019005537033081,0,12
8491,424,3331,1142,0.5026146173477173,0,12
8492,424,3331,1889,0.5020095705986023,0,12
8493,424,3331,305,0.502126932144165,0,12
8494,424,3331,1093,0.5004101395606995,0,12
8495,424,3331,66,0.5009871125221252,0,12
8496,424,3331,1662,0.5010859370231628,0,12
8497,424,3331,895,0.5014769434928894,0,12
8498,424,3331,1475,0.5010484457015991,0,12
8499,424,3331,507,0.5005174279212952,0,12
8500,425,693,1688,0.50011146068573,1,17
8501,425,693,594,0.5381648540496826,0,17
8502,425,693,631,0.5000454783439636,0,17
8503,425,693,424,0.5036532878875732,0,17
8504,425,693,984,0.5012242794036865,0,17
8505,425,693,988,0.5287570357322693,0,17
8506,425,693,1147,0.5166720747947693,0,17
8507,425,693,1073,0.49976277351379395,0,17
8508,425,693,751,0.4998367428779602,0,17
8509,425,693,245,0.5022907853126526,0,17
8510,425,693,1716,0.5001398921012878,0,17
8511,425,693,1058,0.5078555345535278,0,17
8512,425,693,1822,0.5102342963218689,0,17
8513,425,693,932,0.5163868069648743,0,17
8514,425,693,1889,0.5050525665283203,0,17
8515,425,693,1350,0.5010624527931213,0,17
8516,425,693,2066,0.5025511980056763,0,17
8517,425,693,21,0.5001686811447144,0,17
8518,425,693,1089,0.5091679692268372,0,17
8519,425,693,1853,0.5265534520149231,0,17
8520,426,2285,1160,0.5182150602340698,1,2
8521,426,2285,403,0.5008959770202637,0,2
8522,426,2285,102,0.5016264915466309,0,2
8523,426,2285,1916,0.4997170865535736,0,2
8524,426,2285,1200,0.5067307949066162,0,2
8525,426,2285,1658,0.6215291619300842,0,2
8526,426,2285,1242,0.5005157589912415,0,2
8527,426,2285,1580,0.504094660282135,0,2
8528,426,2285,810,0.4998161196708679,0,2
8529,426,2285,411,0.49966251850128174,0,2
8530,426,2285,1024,0.5010133981704712,0,2
8531,426,2285,1918,0.5032087564468384,0,2
8532,426,2285,1260,0.5022961497306824,0,2
8533,426,2285,325,0.5092223286628723,0,2
8534,426,2285,1241,0.4996066689491272,0,2
8535,426,2285,266,0.5013373494148254,0,2
8536,426,2285,1788,0.5053088665008545,0,2
8537,426,2285,632,0.5026407837867737,0,2
8538,426,2285,882,0.5028404593467712,0,2
8539,426,2285,864,0.5022119879722595,0,2
8540,427,2588,292,0.5001779198646545,1,18
8541,427,2588,1084,0.5012638568878174,0,18
8542,427,2588,1729,0.5009598135948181,0,18
8543,427,2588,845,0.5097516775131226,0,18
8544,427,2588,1876,0.6085011959075928,0,18
8545,427,2588,1642,0.517227828502655,0,18
8546,427,2588,1234,0.5022404193878174,0,18
8547,427,2588,1889,0.5026597380638123,0,18
8548,427,2588,295,0.5001266002655029,0,18
8549,427,2588,1255,0.5061206817626953,0,18
8550,427,2588,628,0.5211981534957886,0,18
8551,427,2588,105,0.5049508810043335,0,18
8552,427,2588,1666,0.5017992854118347,0,18
8553,427,2588,1960,0.500825822353363,0,18
8554,427,2588,987,0.5055153965950012,0,18
8555,427,2588,83,0.5030683279037476,0,18
8556,427,2588,300,0.5001009702682495,0,18
8557,427,2588,348,0.5008600950241089,0,18
8558,427,2588,1321,0.5020247101783752,0,18
8559,427,2588,1127,0.5003587007522583,0,18
8560,428,453,1852,0.5015808343887329,1,12
8561,428,453,1919,0.5014123320579529,0,12
8562,428,453,834,0.5190160870552063,0,12
8563,428,453,1200,0.5079349875450134,0,12
8564,428,453,95,0.5034754276275635,0,12
8565,428,453,1425,0.5015711784362793,0,12
8566,428,453,1170,0.5125201344490051,0,12
8567,428,453,1878,0.5092087984085083,0,12
8568,428,453,1092,0.5153908729553223,0,12
8569,428,453,138,0.49962037801742554,0,12
8570,428,453,1818,0.5054094791412354,0,12
8571,428,453,897,0.49983376264572144,0,12
8572,428,453,596,0.5065967440605164,0,12
8573,428,453,110,0.4995664656162262,0,12
8574,428,453,240,0.5043202042579651,0,12
8575,428,453,1063,0.4992884397506714,0,12
8576,428,453,904,0.5066272020339966,0,12
8577,428,453,485,0.5018453001976013,0,12
8578,428,453,1533,0.501236081123352,0,12
8579,428,453,1213,0.4998510777950287,0,12
8580,429,913,511,0.572842001914978,1,1
8581,429,913,1446,0.5018697381019592,0,1
8582,429,913,1582,0.5036647915840149,0,1
8583,429,913,1365,0.5215203762054443,0,1
8584,429,913,236,0.5030148029327393,0,1
8585,429,913,278,0.5000728368759155,0,1
8586,429,913,1885,0.5032292604446411,0,1
8587,429,913,4,0.5030301809310913,0,1
8588,429,913,384,0.499718576669693,0,1
8589,429,913,1908,0.5007233619689941,0,1
8590,429,913,338,0.503921627998352,0,1
8591,429,913,1854,0.5003662109375,0,1
8592,429,913,130,0.50393146276474,0,1
8593,429,913,320,0.5042895674705505,0,1
8594,429,913,292,0.49924156069755554,0,1
8595,429,913,1674,0.4999810457229614,0,1
8596,429,913,973,0.5043295621871948,0,1
8597,429,913,498,0.5048006176948547,0,1
8598,429,913,1084,0.502727746963501,0,1
8599,429,913,1931,0.505997359752655,0,1
8600,430,1965,1224,0.5140662789344788,1,2
8601,430,1965,1570,0.5025231242179871,0,2
8602,430,1965,1672,0.5003418326377869,0,2
8603,430,1965,324,0.5005683302879333,0,2
8604,430,1965,147,0.5004407167434692,0,2
8605,430,1965,1965,0.5063486695289612,0,2
8606,430,1965,1766,0.5029832720756531,0,2
8607,430,1965,1944,0.5000826716423035,0,2
8608,430,1965,666,0.5032979249954224,0,2
8609,430,1965,425,0.5005046129226685,0,2
8610,430,1965,1984,0.502608597278595,0,2
8611,430,1965,1283,0.5000637173652649,0,2
8612,430,1965,1937,0.5022642612457275,0,2
8613,430,1965,1025,0.5028529763221741,0,2
8614,430,1965,1930,0.5014737844467163,0,2
8615,430,1965,1333,0.5070439577102661,0,2
8616,430,1965,42,0.501598060131073,0,2
8617,430,1965,1826,0.5019853115081787,0,2
8618,430,1965,613,0.5179679989814758,0,2
8619,430,1965,946,0.5107939839363098,0,2
8620,431,1494,1195,0.5002651810646057,1,19
8621,431,1494,35,0.5019508600234985,0,19
8622,431,1494,1511,0.5016260743141174,0,19
8623,431,1494,1424,0.5015395879745483,0,19
8624,431,1494,1573,0.503019392490387,0,19
8625,431,1494,2043,0.49995553493499756,0,19
8626,431,1494,2041,0.5055434703826904,0,19
8627,431,1494,1242,0.5010116100311279,0,19
8628,431,1494,1009,0.5029749274253845,0,19
8629,431,1494,869,0.5022953748703003,0,19
8630,431,1494,527,0.5015213489532471,0,19
8631,431,1494,1920,0.5017337799072266,0,19
8632,431,1494,1731,0.5035618543624878,0,19
8633,431,1494,376,0.5002689361572266,0,19
8634,431,1494,238,0.5087532997131348,0,19
8635,431,1494,215,0.5016756057739258,0,19
8636,431,1494,1214,0.5149949789047241,0,19
8637,431,1494,1640,0.5084679126739502,0,19
8638,431,1494,1336,0.5017132759094238,0,19
8639,431,1494,625,0.5017070770263672,0,19
8640,432,3651,901,0.5004010200500488,1,17
8641,432,3651,507,0.5004746317863464,0,17
8642,432,3651,1304,0.5011624097824097,0,17
8643,432,3651,706,0.5006425976753235,0,17
8644,432,3651,676,0.5012652277946472,0,17
8645,432,3651,2060,0.5019054412841797,0,17
8646,432,3651,2053,0.5009472370147705,0,17
8647,432,3651,1726,0.5011414289474487,0,17
8648,432,3651,543,0.5004168152809143,0,17
8649,432,3651,155,0.5008402466773987,0,17
8650,432,3651,1722,0.5008262991905212,0,17
8651,432,3651,650,0.5005418062210083,0,17
8652,432,3651,801,0.5061411261558533,0,17
8653,432,3651,788,0.5006076693534851,0,17
8654,432,3651,682,0.5005888938903809,0,17
8655,432,3651,388,0.5003328919410706,0,17
8656,432,3651,604,0.5003994703292847,0,17
8657,432,3651,2063,0.500389814376831,0,17
8658,432,3651,903,0.5018453001976013,0,17
8659,432,3651,460,0.5006287693977356,0,17
8660,433,3739,590,0.566284716129303,1,1
8661,433,3739,161,0.5001653432846069,0,1
8662,433,3739,1132,0.5114932060241699,0,1
8663,433,3739,385,0.5037112832069397,0,1
8664,433,3739,1372,0.5038158893585205,0,1
8665,433,3739,920,0.510445773601532,0,1
8666,433,3739,1889,0.5060958862304688,0,1
8667,433,3739,1552,0.5049850940704346,0,1
8668,433,3739,1687,0.508401095867157,0,1
8669,433,3739,330,0.5619668364524841,0,1
8670,433,3739,1813,0.5097869038581848,0,1
8671,433,3739,248,0.5056975483894348,0,1
8672,433,3739,686,0.5043537616729736,0,1
8673,433,3739,1987,0.5052626729011536,0,1
8674,433,3739,1621,0.4997105002403259,0,1
8675,433,3739,737,0.5001136660575867,0,1
8676,433,3739,813,0.5037581920623779,0,1
8677,433,3739,1943,0.5070363879203796,0,1
8678,433,3739,377,0.5137194991111755,0,1
8679,433,3739,1433,0.5045694708824158,0,1
8680,434,2626,1818,0.5039191246032715,1,7
8681,434,2626,1732,0.5053750276565552,0,7
8682,434,2626,1169,0.5029466152191162,0,7
8683,434,2626,940,0.5010665655136108,0,7
8684,434,2626,341,0.5000144839286804,0,7
8685,434,2626,1797,0.5048636794090271,0,7
8686,434,2626,1998,0.5012291073799133,0,7
8687,434,2626,101,0.5494086146354675,0,7
8688,434,2626,1631,0.503233015537262,0,7
8689,434,2626,373,0.5031049251556396,0,7
8690,434,2626,103,0.5177650451660156,0,7
8691,434,2626,1121,0.5069480538368225,0,7
8692,434,2626,930,0.5061221718788147,0,7
8693,434,2626,60,0.5016608834266663,0,7
8694,434,2626,1143,0.4999427795410156,0,7
8695,434,2626,1431,0.5014979839324951,0,7
8696,434,2626,562,0.5026180744171143,0,7
8697,434,2626,1162,0.5000601410865784,0,7
8698,434,2626,966,0.5017477869987488,0,7
8699,434,2626,1652,0.5019984245300293,0,7
8700,435,1139,297,0.5152647495269775,1,1
8701,435,1139,335,0.507570743560791,0,1
8702,435,1139,1240,0.5053688883781433,0,1
8703,435,1139,1722,0.5036326050758362,0,1
8704,435,1139,1279,0.5023008584976196,0,1
8705,435,1139,1420,0.5035819411277771,0,1
8706,435,1139,963,0.5040817856788635,0,1
8707,435,1139,507,0.4989936351776123,0,1
8708,435,1139,1873,0.5047138929367065,0,1
8709,435,1139,1014,0.5068641901016235,0,1
8710,435,1139,1057,0.4998307228088379,0,1
8711,435,1139,1792,0.5126432776451111,0,1
8712,435,1139,1662,0.5013644099235535,0,1
8713,435,1139,1455,0.5020673871040344,0,1
8714,435,1139,1118,0.4996696412563324,0,1
8715,435,1139,977,0.5018393993377686,0,1
8716,435,1139,945,0.49916550517082214,0,1
8717,435,1139,265,0.5024920701980591,0,1
8718,435,1139,588,0.49937504529953003,0,1
8719,435,1139,1111,0.49992120265960693,0,1
8720,436,82,1023,0.5122113227844238,1,4
8721,436,82,1532,0.5130020976066589,0,4
8722,436,82,121,0.5041103363037109,0,4
8723,436,82,280,0.5013306140899658,0,4
8724,436,82,535,0.5028913617134094,0,4
8725,436,82,788,0.5012810230255127,0,4
8726,436,82,515,0.5004129409790039,0,4
8727,436,82,324,0.5005984306335449,0,4
8728,436,82,1360,0.5018119215965271,0,4
8729,436,82,976,0.5129712224006653,0,4
8730,436,82,332,0.5031214356422424,0,4
8731,436,82,663,0.5017443299293518,0,4
8732,436,82,1264,0.501218855381012,0,4
8733,436,82,747,0.5025168657302856,0,4
8734,436,82,711,0.5079436302185059,0,4
8735,436,82,852,0.5041841268539429,0,4
8736,436,82,149,0.5613659620285034,0,4
8737,436,82,1497,0.5020124912261963,0,4
8738,436,82,382,0.4999239444732666,0,4
8739,436,82,2046,0.5026838779449463,0,4
8740,437,3713,1222,0.5004415512084961,1,20
8741,437,3713,1750,0.502869188785553,0,20
8742,437,3713,110,0.5006391406059265,0,20
8743,437,3713,894,0.5036063194274902,0,20
8744,437,3713,1330,0.500737726688385,0,20
8745,437,3713,1440,0.5021101236343384,0,20
8746,437,3713,943,0.5019286274909973,0,20
8747,437,3713,1974,0.502373218536377,0,20
8748,437,3713,1772,0.5017992854118347,0,20
8749,437,3713,1681,0.5031223297119141,0,20
8750,437,3713,741,0.5020545125007629,0,20
8751,437,3713,1450,0.5033158659934998,0,20
8752,437,3713,2001,0.5005331635475159,0,20
8753,437,3713,1043,0.5053495168685913,0,20
8754,437,3713,308,0.5170712471008301,0,20
8755,437,3713,652,0.5028095245361328,0,20
8756,437,3713,1680,0.5020615458488464,0,20
8757,437,3713,1237,0.5006405711174011,0,20
8758,437,3713,768,0.502012312412262,0,20
8759,437,3713,836,0.5056103467941284,0,20
8760,438,2137,1675,0.5024224519729614,1,10
8761,438,2137,925,0.5004183650016785,0,10
8762,438,2137,756,0.5047096610069275,0,10
8763,438,2137,63,0.5020372867584229,0,10
8764,438,2137,1252,0.5004863739013672,0,10
8765,438,2137,1640,0.509876549243927,0,10
8766,438,2137,228,0.502102255821228,0,10
8767,438,2137,259,0.503718912601471,0,10
8768,438,2137,1280,0.5022065043449402,0,10
8769,438,2137,1907,0.5096161961555481,0,10
8770,438,2137,968,0.5076850652694702,0,10
8771,438,2137,611,0.5025944709777832,0,10
8772,438,2137,1631,0.5039241909980774,0,10
8773,438,2137,1345,0.5001104474067688,0,10
8774,438,2137,764,0.5017008185386658,0,10
8775,438,2137,1638,0.5015677213668823,0,10
8776,438,2137,1321,0.5030192136764526,0,10
8777,438,2137,350,0.5021644234657288,0,10
8778,438,2137,1597,0.5054247379302979,0,10
8779,438,2137,1566,0.501426637172699,0,10
8780,439,3946,1433,0.5006955862045288,1,18
8781,439,3946,95,0.5006417632102966,0,18
8782,439,3946,794,0.5008001327514648,0,18
8783,439,3946,1036,0.5009504556655884,0,18
8784,439,3946,617,0.5008382201194763,0,18
8785,439,3946,910,0.5010318160057068,0,18
8786,439,3946,553,0.5008313655853271,0,18
8787,439,3946,604,0.5007874369621277,0,18
8788,439,3946,1376,0.5006771087646484,0,18
8789,439,3946,995,0.5013768672943115,0,18
8790,439,3946,792,0.5011937618255615,0,18
8791,439,3946,939,0.5007939338684082,0,18
8792,439,3946,1031,0.5008648037910461,0,18
8793,439,3946,1225,0.5008010268211365,0,18
8794,439,3946,355,0.5006973743438721,0,18
8795,439,3946,522,0.5007745623588562,0,18
8796,439,3946,1600,0.5010191202163696,0,18
8797,439,3946,1780,0.5011124610900879,0,18
8798,439,3946,1162,0.5008189082145691,0,18
8799,439,3946,1426,0.5011605024337769,0,18
8800,440,2038,1180,0.5035724639892578,1,3
8801,440,2038,761,0.5019423961639404,0,3
8802,440,2038,1854,0.500461995601654,0,3
8803,440,2038,1745,0.5005279779434204,0,3
8804,440,2038,2034,0.5022525787353516,0,3
8805,440,2038,53,0.5004015564918518,0,3
8806,440,2038,1786,0.501166045665741,0,3
8807,440,2038,1507,0.5112133026123047,0,3
8808,440,2038,61,0.5011824369430542,0,3
8809,440,2038,1008,0.501578152179718,0,3
8810,440,2038,1940,0.5022120475769043,0,3
8811,440,2038,979,0.5019645094871521,0,3
8812,440,2038,902,0.5003999471664429,0,3
8813,440,2038,589,0.5006068348884583,0,3
8814,440,2038,922,0.5011336207389832,0,3
8815,440,2038,997,0.5011695623397827,0,3
8816,440,2038,1269,0.5014819502830505,0,3
8817,440,2038,1527,0.5003733038902283,0,3
8818,440,2038,439,0.5097412467002869,0,3
8819,440,2038,191,0.5009711384773254,0,3
8820,441,10,1231,0.5087766647338867,1,4
8821,441,10,1916,0.5000625252723694,0,4
8822,441,10,1476,0.5042708516120911,0,4
8823,441,10,1763,0.5000084042549133,0,4
8824,441,10,369,0.5164673328399658,0,4
8825,441,10,1902,0.5002947449684143,0,4
8826,441,10,800,0.5016841888427734,0,4
8827,441,10,964,0.5000122785568237,0,4
8828,441,10,3,0.5009238123893738,0,4
8829,441,10,1384,0.5019499063491821,0,4
8830,441,10,766,0.5001696348190308,0,4
8831,441,10,188,0.5064544081687927,0,4
8832,441,10,931,0.500267505645752,0,4
8833,441,10,1174,0.5020229816436768,0,4
8834,441,10,407,0.5084428191184998,0,4
8835,441,10,1589,0.5187171101570129,0,4
8836,441,10,2008,0.5055422782897949,0,4
8837,441,10,1053,0.5043455958366394,0,4
8838,441,10,1548,0.5087978839874268,0,4
8839,441,10,1439,0.5026479959487915,0,4
8840,442,122,1719,0.509044885635376,1,1
8841,442,122,569,0.5014601349830627,0,1
8842,442,122,1783,0.5067206621170044,0,1
8843,442,122,928,0.5018834471702576,0,1
8844,442,122,706,0.5010300278663635,0,1
8845,442,122,619,0.502239465713501,0,1
8846,442,122,404,0.5012416243553162,0,1
8847,442,122,773,0.5017119646072388,0,1
8848,442,122,2074,0.4997091293334961,0,1
8849,442,122,1057,0.500088095664978,0,1
8850,442,122,450,0.4995264708995819,0,1
8851,442,122,2005,0.5009810924530029,0,1
8852,442,122,198,0.5002942681312561,0,1
8853,442,122,1961,0.5035865306854248,0,1
8854,442,122,1116,0.5011043548583984,0,1
8855,442,122,352,0.5036615133285522,0,1
8856,442,122,434,0.5011593699455261,0,1
8857,442,122,1433,0.5010775923728943,0,1
8858,442,122,1579,0.5060450434684753,0,1
8859,442,122,158,0.5019227266311646,0,1
8860,443,2936,509,0.5002627372741699,1,18
8861,443,2936,1391,0.5010539293289185,0,18
8862,443,2936,405,0.5022100806236267,0,18
8863,443,2936,790,0.503535807132721,0,18
8864,443,2936,1018,0.4999837875366211,0,18
8865,443,2936,976,0.5099660158157349,0,18
8866,443,2936,1059,0.5005367994308472,0,18
8867,443,2936,324,0.500475287437439,0,18
8868,443,2936,1998,0.5012202262878418,0,18
8869,443,2936,704,0.5007675290107727,0,18
8870,443,2936,1081,0.5005342960357666,0,18
8871,443,2936,1728,0.5031555891036987,0,18
8872,443,2936,1446,0.5009769797325134,0,18
8873,443,2936,289,0.5012908577919006,0,18
8874,443,2936,574,0.5015899538993835,0,18
8875,443,2936,194,0.5013558268547058,0,18
8876,443,2936,1325,0.5036889910697937,0,18
8877,443,2936,1241,0.5001080632209778,0,18
8878,443,2936,980,0.5219054818153381,0,18
8879,443,2936,237,0.5129134654998779,0,18
8880,444,291,1864,0.5028318762779236,1,8
8881,444,291,1481,0.5015276670455933,0,8
8882,444,291,227,0.5000706315040588,0,8
8883,444,291,27,0.5036336779594421,0,8
8884,444,291,120,0.5066404342651367,0,8
8885,444,291,387,0.5002028942108154,0,8
8886,444,291,1711,0.5027509331703186,0,8
8887,444,291,1044,0.5003368258476257,0,8
8888,444,291,404,0.5013390779495239,0,8
8889,444,291,1991,0.5016397833824158,0,8
8890,444,291,787,0.5021175146102905,0,8
8891,444,291,591,0.5020319223403931,0,8
8892,444,291,1349,0.5049710869789124,0,8
8893,444,291,467,0.5003463625907898,0,8
8894,444,291,1536,0.5269070863723755,0,8
8895,444,291,1122,0.5066103339195251,0,8
8896,444,291,607,0.5010944604873657,0,8
8897,444,291,330,0.5324488282203674,0,8
8898,444,291,17,0.5035693049430847,0,8
8899,444,291,1659,0.5023094415664673,0,8
8900,445,2405,615,0.5008476972579956,1,6
8901,445,2405,1152,0.5007302761077881,0,6
8902,445,2405,1297,0.500647246837616,0,6
8903,445,2405,1890,0.5008283257484436,0,6
8904,445,2405,464,0.5008842349052429,0,6
8905,445,2405,1019,0.5006786584854126,0,6
8906,445,2405,1871,0.5006484389305115,0,6
8907,445,2405,1924,0.5007872581481934,0,6
8908,445,2405,1747,0.5007053017616272,0,6
8909,445,2405,1957,0.500902533531189,0,6
8910,445,2405,1891,0.5005910992622375,0,6
8911,445,2405,1524,0.5008407235145569,0,6
8912,445,2405,774,0.5008910298347473,0,6
8913,445,2405,1807,0.5008981823921204,0,6
8914,445,2405,1800,0.5005511045455933,0,6
8915,445,2405,928,0.500877857208252,0,6
8916,445,2405,1211,0.5007634162902832,0,6
8917,445,2405,289,0.5007631182670593,0,6
8918,445,2405,2015,0.5007944107055664,0,6
8919,445,2405,1007,0.5008038878440857,0,6
8920,446,1732,1140,0.4994748532772064,1,18
8921,446,1732,1284,0.5018596649169922,0,18
8922,446,1732,533,0.5164170265197754,0,18
8923,446,1732,755,0.5100343823432922,0,18
8924,446,1732,1361,0.5096354484558105,0,18
8925,446,1732,212,0.5105905532836914,0,18
8926,446,1732,1535,0.511283278465271,0,18
8927,446,1732,1275,0.4992964565753937,0,18
8928,446,1732,2009,0.5020239353179932,0,18
8929,446,1732,322,0.5036015510559082,0,18
8930,446,1732,697,0.5048558115959167,0,18
8931,446,1732,335,0.5041896104812622,0,18
8932,446,1732,1396,0.5034525394439697,0,18
8933,446,1732,2057,0.5011587738990784,0,18
8934,446,1732,879,0.5016041994094849,0,18
8935,446,1732,140,0.500585675239563,0,18
8936,446,1732,16,0.4997932016849518,0,18
8937,446,1732,665,0.4991357922554016,0,18
8938,446,1732,699,0.592780590057373,0,18
8939,446,1732,522,0.5026505589485168,0,18
8940,447,1542,1434,0.5032506585121155,1,2
8941,447,1542,1159,0.5016617774963379,0,2
8942,447,1542,1699,0.5012779831886292,0,2
8943,447,1542,447,0.5022995471954346,0,2
8944,447,1542,1553,0.5013878345489502,0,2
8945,447,1542,527,0.5010002255439758,0,2
8946,447,1542,627,0.5009082555770874,0,2
8947,447,1542,1351,0.5017095804214478,0,2
8948,447,1542,666,0.5015226006507874,0,2
8949,447,1542,175,0.5013862252235413,0,2
8950,447,1542,1558,0.5002517700195312,0,2
8951,447,1542,1499,0.5012764930725098,0,2
8952,447,1542,680,0.5067470073699951,0,2
8953,447,1542,338,0.500817596912384,0,2
8954,447,1542,1888,0.501251220703125,0,2
8955,447,1542,610,0.5003507137298584,0,2
8956,447,1542,1318,0.5014157295227051,0,2
8957,447,1542,1140,0.5003600120544434,0,2
8958,447,1542,642,0.5009788870811462,0,2
8959,447,1542,1008,0.501135528087616,0,2
8960,448,1770,1489,0.5010886192321777,1,9
8961,448,1770,115,0.5003958344459534,0,9
8962,448,1770,72,0.5015624761581421,0,9
8963,448,1770,2031,0.5011574029922485,0,9
8964,448,1770,311,0.5032639503479004,0,9
8965,448,1770,1648,0.5003209114074707,0,9
8966,448,1770,1296,0.5000138282775879,0,9
8967,448,1770,308,0.5140671730041504,0,9
8968,448,1770,1230,0.5022754073143005,0,9
8969,448,1770,1284,0.5006970763206482,0,9
8970,448,1770,1816,0.5004538297653198,0,9
8971,448,1770,378,0.5001340508460999,0,9
8972,448,1770,1359,0.5110325813293457,0,9
8973,448,1770,1174,0.5013410449028015,0,9
8974,448,1770,1235,0.5010581016540527,0,9
8975,448,1770,1780,0.500576376914978,0,9
8976,448,1770,1390,0.5008869171142578,0,9
8977,448,1770,1438,0.4999200105667114,0,9
8978,448,1770,1063,0.4999266266822815,0,9
8979,448,1770,1575,0.5013319849967957,0,9
8980,449,1952,1435,0.5065432190895081,1,3
8981,449,1952,299,0.5016898512840271,0,3
8982,449,1952,775,0.4999387264251709,0,3
8983,449,1952,42,0.5019328594207764,0,3
8984,449,1952,362,0.5033622980117798,0,3
8985,449,1952,1861,0.5036364793777466,0,3
8986,449,1952,874,0.5012679696083069,0,3
8987,449,1952,654,0.5063341856002808,0,3
8988,449,1952,1196,0.5037819743156433,0,3
8989,449,1952,1954,0.5002287030220032,0,3
8990,449,1952,1579,0.5056048035621643,0,3
8991,449,1952,1806,0.6244407296180725,0,3
8992,449,1952,1599,0.5000430345535278,0,3
8993,449,1952,568,0.5026700496673584,0,3
8994,449,1952,236,0.5019774436950684,0,3
8995,449,1952,1549,0.5212972164154053,0,3
8996,449,1952,1225,0.4999244213104248,0,3
8997,449,1952,2020,0.5025565028190613,0,3
8998,449,1952,646,0.5002516508102417,0,3
8999,449,1952,1775,0.4999203681945801,0,3
9000,450,2476,104,0.5558391809463501,1,1
9001,450,2476,57,0.5040150284767151,0,1
9002,450,2476,1035,0.5078610181808472,0,1
9003,450,2476,284,0.5025606155395508,0,1
9004,450,2476,714,0.501768946647644,0,1
9005,450,2476,1452,0.49971359968185425,0,1
9006,450,2476,1295,0.5034081339836121,0,1
9007,450,2476,1480,0.50459223985672,0,1
9008,450,2476,1675,0.5029926300048828,0,1
9009,450,2476,234,0.5076849460601807,0,1
9010,450,2476,1325,0.508260190486908,0,1
9011,450,2476,731,0.5072834491729736,0,1
9012,450,2476,313,0.4996047019958496,0,1
9013,450,2476,862,0.5039933919906616,0,1
9014,450,2476,1210,0.503838062286377,0,1
9015,450,2476,788,0.5015847086906433,0,1
9016,450,2476,711,0.5120421051979065,0,1
9017,450,2476,1239,0.5020912885665894,0,1
9018,450,2476,1938,0.4998326897621155,0,1
9019,450,2476,1204,0.4994572401046753,0,1
9020,451,3193,732,0.5006695985794067,1,15
9021,451,3193,474,0.5006966590881348,0,15
9022,451,3193,1872,0.5007150769233704,0,15
9023,451,3193,1953,0.5006260275840759,0,15
9024,451,3193,1191,0.5007109642028809,0,15
9025,451,3193,737,0.5007390975952148,0,15
9026,451,3193,712,0.5007011890411377,0,15
9027,451,3193,519,0.5007320642471313,0,15
9028,451,3193,1812,0.5007910132408142,0,15
9029,451,3193,924,0.5006538033485413,0,15
9030,451,3193,1217,0.5005266666412354,0,15
9031,451,3193,126,0.5009609460830688,0,15
9032,451,3193,152,0.5006340146064758,0,15
9033,451,3193,2055,0.5007595419883728,0,15
9034,451,3193,32,0.5007900595664978,0,15
9035,451,3193,14,0.5005896687507629,0,15
9036,451,3193,1634,0.5006821751594543,0,15
9037,451,3193,757,0.5006757378578186,0,15
9038,451,3193,726,0.5007527470588684,0,15
9039,451,3193,1915,0.5007956624031067,0,15
9040,452,2662,229,0.504952073097229,1,2
9041,452,2662,152,0.5043466091156006,0,2
9042,452,2662,466,0.5027857422828674,0,2
9043,452,2662,1946,0.5056844353675842,0,2
9044,452,2662,1428,0.5026447772979736,0,2
9045,452,2662,1764,0.5015069246292114,0,2
9046,452,2662,491,0.5005258321762085,0,2
9047,452,2662,1708,0.5035276412963867,0,2
9048,452,2662,1879,0.5017518401145935,0,2
9049,452,2662,1,0.5017573833465576,0,2
9050,452,2662,120,0.5046415328979492,0,2
9051,452,2662,1171,0.5016174912452698,0,2
9052,452,2662,94,0.5049378871917725,0,2
9053,452,2662,922,0.5013445615768433,0,2
9054,452,2662,29,0.5009607672691345,0,2
9055,452,2662,161,0.5007458329200745,0,2
9056,452,2662,1348,0.5034090876579285,0,2
9057,452,2662,1573,0.5021174550056458,0,2
9058,452,2662,1603,0.5005908608436584,0,2
9059,452,2662,420,0.5019957423210144,0,2
9060,453,2981,241,0.5007849335670471,1,13
9061,453,2981,1886,0.5011177062988281,0,13
9062,453,2981,435,0.5006961226463318,0,13
9063,453,2981,124,0.5006879568099976,0,13
9064,453,2981,2078,0.500917911529541,0,13
9065,453,2981,1914,0.5006515979766846,0,13
9066,453,2981,1223,0.5007574558258057,0,13
9067,453,2981,1987,0.5007869005203247,0,13
9068,453,2981,22,0.5008653402328491,0,13
9069,453,2981,1262,0.5011382699012756,0,13
9070,453,2981,1158,0.5008761286735535,0,13
9071,453,2981,587,0.5008100271224976,0,13
9072,453,2981,1606,0.500669538974762,0,13
9073,453,2981,1316,0.5008570551872253,0,13
9074,453,2981,86,0.5010845065116882,0,13
9075,453,2981,814,0.5009351968765259,0,13
9076,453,2981,2021,0.5006235241889954,0,13
9077,453,2981,826,0.5006421804428101,0,13
9078,453,2981,304,0.5007922053337097,0,13
9079,453,2981,1705,0.5011979937553406,0,13
9080,454,4016,554,0.5007860064506531,1,8
9081,454,4016,1871,0.5005419850349426,0,8
9082,454,4016,622,0.5007143020629883,0,8
9083,454,4016,2039,0.5005673766136169,0,8
9084,454,4016,1650,0.500872790813446,0,8
9085,454,4016,908,0.5006096959114075,0,8
9086,454,4016,299,0.5007749795913696,0,8
9087,454,4016,1251,0.500787615776062,0,8
9088,454,4016,205,0.500438928604126,0,8
9089,454,4016,1110,0.5010218620300293,0,8
9090,454,4016,1057,0.5007750988006592,0,8
9091,454,4016,438,0.5006409287452698,0,8
9092,454,4016,125,0.5009389519691467,0,8
9093,454,4016,752,0.500744104385376,0,8
9094,454,4016,1466,0.5007889270782471,0,8
9095,454,4016,1362,0.5006939172744751,0,8
9096,454,4016,1657,0.5006626844406128,0,8
9097,454,4016,537,0.5008301138877869,0,8
9098,454,4016,354,0.5007743835449219,0,8
9099,454,4016,1252,0.5007894039154053,0,8
9100,455,2490,1924,0.5007814764976501,1,16
9101,455,2490,1377,0.5022222399711609,0,16
9102,455,2490,824,0.5020233392715454,0,16
9103,455,2490,1835,0.5012269020080566,0,16
9104,455,2490,1109,0.5023229718208313,0,16
9105,455,2490,579,0.5097492337226868,0,16
9106,455,2490,318,0.5027925968170166,0,16
9107,455,2490,190,0.5009822249412537,0,16
9108,455,2490,907,0.5017173886299133,0,16
9109,455,2490,196,0.5004918575286865,0,16
9110,455,2490,353,0.5013657808303833,0,16
9111,455,2490,1989,0.5024275183677673,0,16
9112,455,2490,895,0.5017750859260559,0,16
9113,455,2490,1338,0.5009179711341858,0,16
9114,455,2490,340,0.501778781414032,0,16
9115,455,2490,1202,0.5022726058959961,0,16
9116,455,2490,821,0.5006542205810547,0,16
9117,455,2490,1075,0.5003322958946228,0,16
9118,455,2490,1657,0.5014722347259521,0,16
9119,455,2490,1193,0.5007287859916687,0,16
9120,456,243,1658,0.6338416934013367,1,1
9121,456,243,385,0.5022586584091187,0,1
9122,456,243,809,0.5012471675872803,0,1
9123,456,243,116,0.5000333786010742,0,1
9124,456,243,470,0.5015677809715271,0,1
9125,456,243,2008,0.5083390474319458,0,1
9126,456,243,337,0.5044811367988586,0,1
9127,456,243,1975,0.5077083110809326,0,1
9128,456,243,581,0.5025807023048401,0,1
9129,456,243,170,0.5018203258514404,0,1
9130,456,243,1446,0.5011388659477234,0,1
9131,456,243,1343,0.5029511451721191,0,1
9132,456,243,1280,0.50274258852005,0,1
9133,456,243,1028,0.5020144581794739,0,1
9134,456,243,1998,0.501483678817749,0,1
9135,456,243,1976,0.5075160264968872,0,1
9136,456,243,493,0.50313800573349,0,1
9137,456,243,227,0.4994580149650574,0,1
9138,456,243,902,0.49948567152023315,0,1
9139,456,243,2076,0.5026053190231323,0,1
9140,457,2671,1820,0.5022358894348145,1,11
9141,457,2671,1644,0.503948986530304,0,11
9142,457,2671,953,0.5087507963180542,0,11
9143,457,2671,1321,0.5022467970848083,0,11
9144,457,2671,1701,0.5000674724578857,0,11
9145,457,2671,765,0.5116558074951172,0,11
9146,457,2671,367,0.5009158849716187,0,11
9147,457,2671,396,0.5017885565757751,0,11
9148,457,2671,673,0.4994151294231415,0,11
9149,457,2671,1683,0.5028579831123352,0,11
9150,457,2671,1795,0.5053088068962097,0,11
9151,457,2671,655,0.528130054473877,0,11
9152,457,2671,965,0.5098484754562378,0,11
9153,457,2671,1280,0.5020821690559387,0,11
9154,457,2671,1004,0.5068082809448242,0,11
9155,457,2671,1968,0.5037937164306641,0,11
9156,457,2671,1749,0.5014401078224182,0,11
9157,457,2671,99,0.49979838728904724,0,11
9158,457,2671,1308,0.49971386790275574,0,11
9159,457,2671,1482,0.5005332231521606,0,11
9160,458,2193,356,0.49974489212036133,1,15
9161,458,2193,951,0.4995916187763214,0,15
9162,458,2193,296,0.4997139275074005,0,15
9163,458,2193,1485,0.4997095465660095,0,15
9164,458,2193,8,0.5013505816459656,0,15
9165,458,2193,307,0.5053220987319946,0,15
9166,458,2193,1878,0.5100959539413452,0,15
9167,458,2193,150,0.5030981302261353,0,15
9168,458,2193,764,0.5014009475708008,0,15
9169,458,2193,500,0.5018097758293152,0,15
9170,458,2193,1396,0.5037331581115723,0,15
9171,458,2193,1300,0.5022838115692139,0,15
9172,458,2193,1355,0.5134148597717285,0,15
9173,458,2193,1767,0.4992941915988922,0,15
9174,458,2193,1866,0.5040954947471619,0,15
9175,458,2193,1925,0.5036185383796692,0,15
9176,458,2193,1837,0.5033705234527588,0,15
9177,458,2193,866,0.5026814937591553,0,15
9178,458,2193,459,0.49969393014907837,0,15
9179,458,2193,997,0.5025672912597656,0,15
9180,459,1614,1053,0.5044015049934387,1,2
9181,459,1614,132,0.5012858510017395,0,2
9182,459,1614,758,0.5022525787353516,0,2
9183,459,1614,1235,0.5017507672309875,0,2
9184,459,1614,733,0.5038427114486694,0,2
9185,459,1614,779,0.501194953918457,0,2
9186,459,1614,365,0.5034706592559814,0,2
9187,459,1614,1455,0.501457154750824,0,2
9188,459,1614,315,0.5026605129241943,0,2
9189,459,1614,39,0.5016869306564331,0,2
9190,459,1614,517,0.5024834275245667,0,2
9191,459,1614,1939,0.5012757778167725,0,2
9192,459,1614,1476,0.5046563148498535,0,2
9193,459,1614,494,0.5030501484870911,0,2
9194,459,1614,136,0.5015751719474792,0,2
9195,459,1614,1645,0.501907467842102,0,2
9196,459,1614,285,0.503216564655304,0,2
9197,459,1614,640,0.5033194422721863,0,2
9198,459,1614,1934,0.5015311241149902,0,2
9199,459,1614,694,0.5007374882698059,0,2
9200,460,2620,1075,0.5001294612884521,1,19
9201,460,2620,686,0.501459002494812,0,19
9202,460,2620,1552,0.5018693208694458,0,19
9203,460,2620,1768,0.5001068115234375,0,19
9204,460,2620,732,0.5003924369812012,0,19
9205,460,2620,1987,0.5027788877487183,0,19
9206,460,2620,676,0.5021798014640808,0,19
9207,460,2620,1287,0.502873957157135,0,19
9208,460,2620,380,0.5001843571662903,0,19
9209,460,2620,1945,0.500163733959198,0,19
9210,460,2620,1574,0.5016195774078369,0,19
9211,460,2620,328,0.5041632652282715,0,19
9212,460,2620,1898,0.5020199418067932,0,19
9213,460,2620,1487,0.5010904669761658,0,19
9214,460,2620,1266,0.5017619132995605,0,19
9215,460,2620,221,0.5026848316192627,0,19
9216,460,2620,1098,0.5017555356025696,0,19
9217,460,2620,245,0.5011622905731201,0,19
9218,460,2620,640,0.50301593542099,0,19
9219,460,2620,1666,0.5017282962799072,0,19
9220,461,3047,1515,0.5207058787345886,1,2
9221,461,3047,1306,0.5027936100959778,0,2
9222,461,3047,1108,0.5068331360816956,0,2
9223,461,3047,622,0.49936148524284363,0,2
9224,461,3047,1890,0.5023566484451294,0,2
9225,461,3047,1333,0.5122148394584656,0,2
9226,461,3047,1882,0.4990249276161194,0,2
9227,461,3047,1612,0.5028404593467712,0,2
9228,461,3047,1823,0.5191065669059753,0,2
9229,461,3047,1977,0.5017451047897339,0,2
9230,461,3047,1104,0.5393287539482117,0,2
9231,461,3047,331,0.49877870082855225,0,2
9232,461,3047,2015,0.49936363101005554,0,2
9233,461,3047,1431,0.5025569200515747,0,2
9234,461,3047,1320,0.505423367023468,0,2
9235,461,3047,889,0.5016994476318359,0,2
9236,461,3047,955,0.5027503371238708,0,2
9237,461,3047,1354,0.5032956600189209,0,2
9238,461,3047,64,0.5022671222686768,0,2
9239,461,3047,2034,0.5069047212600708,0,2
9240,462,3290,550,0.5019317865371704,1,9
9241,462,3290,1636,0.5123350620269775,0,9
9242,462,3290,777,0.502876341342926,0,9
9243,462,3290,1229,0.5016096830368042,0,9
9244,462,3290,1356,0.5022967457771301,0,9
9245,462,3290,1863,0.5002098083496094,0,9
9246,462,3290,1501,0.5014753937721252,0,9
9247,462,3290,347,0.5000929832458496,0,9
9248,462,3290,132,0.5015698075294495,0,9
9249,462,3290,1078,0.5019112229347229,0,9
9250,462,3290,271,0.5088862180709839,0,9
9251,462,3290,1879,0.5023573637008667,0,9
9252,462,3290,665,0.5000548958778381,0,9
9253,462,3290,1992,0.50192791223526,0,9
9254,462,3290,891,0.5063928365707397,0,9
9255,462,3290,31,0.5006318092346191,0,9
9256,462,3290,1704,0.5010803937911987,0,9
9257,462,3290,1658,0.6025477051734924,0,9
9258,462,3290,589,0.500551700592041,0,9
9259,462,3290,1175,0.5025758147239685,0,9
9260,463,3442,1052,0.5003232955932617,1,19
9261,463,3442,2011,0.5009094476699829,0,19
9262,463,3442,45,0.5002319812774658,0,19
9263,463,3442,143,0.5034984350204468,0,19
9264,463,3442,832,0.5003384351730347,0,19
9265,463,3442,675,0.5011719465255737,0,19
9266,463,3442,1308,0.5004018545150757,0,19
9267,463,3442,1465,0.502488374710083,0,19
9268,463,3442,1087,0.5011559724807739,0,19
9269,463,3442,1580,0.5022163987159729,0,19
9270,463,3442,310,0.5013228058815002,0,19
9271,463,3442,1684,0.5034922957420349,0,19
9272,463,3442,1019,0.5045851469039917,0,19
9273,463,3442,123,0.5047047138214111,0,19
9274,463,3442,285,0.502095103263855,0,19
9275,463,3442,68,0.5013605356216431,0,19
9276,463,3442,798,0.5015408396720886,0,19
9277,463,3442,40,0.5088703036308289,0,19
9278,463,3442,462,0.5043366551399231,0,19
9279,463,3442,691,0.5020107626914978,0,19
9280,464,1289,90,0.5042213201522827,1,8
9281,464,1289,1163,0.5021374225616455,0,8
9282,464,1289,1395,0.504401683807373,0,8
9283,464,1289,1894,0.5118207931518555,0,8
9284,464,1289,805,0.5167293548583984,0,8
9285,464,1289,1384,0.5016849637031555,0,8
9286,464,1289,919,0.5441371202468872,0,8
9287,464,1289,1992,0.5012637972831726,0,8
9288,464,1289,1733,0.5020609498023987,0,8
9289,464,1289,1851,0.5032363533973694,0,8
9290,464,1289,1578,0.5565121173858643,0,8
9291,464,1289,1452,0.499983549118042,0,8
9292,464,1289,1482,0.500858724117279,0,8
9293,464,1289,1232,0.5080727338790894,0,8
9294,464,1289,1416,0.5127243995666504,0,8
9295,464,1289,1837,0.5041977763175964,0,8
9296,464,1289,354,0.49966394901275635,0,8
9297,464,1289,1261,0.5040108561515808,0,8
9298,464,1289,1775,0.4997074604034424,0,8
9299,464,1289,1029,0.5025467276573181,0,8
9300,465,1583,13,0.5390961170196533,1,1
9301,465,1583,847,0.5051336884498596,0,1
9302,465,1583,469,0.5334885716438293,0,1
9303,465,1583,908,0.50477534532547,0,1
9304,465,1583,545,0.5057632327079773,0,1
9305,465,1583,1700,0.5023488402366638,0,1
9306,465,1583,1652,0.5039779543876648,0,1
9307,465,1583,1730,0.5199272036552429,0,1
9308,465,1583,143,0.5086782574653625,0,1
9309,465,1583,1854,0.5001055598258972,0,1
9310,465,1583,1792,0.5099552273750305,0,1
9311,465,1583,1126,0.5033029913902283,0,1
9312,465,1583,2037,0.5075544714927673,0,1
9313,465,1583,1457,0.5060203075408936,0,1
9314,465,1583,755,0.5113312602043152,0,1
9315,465,1583,1929,0.5101766586303711,0,1
9316,465,1583,946,0.5171816945075989,0,1
9317,465,1583,568,0.5037872791290283,0,1
9318,465,1583,1333,0.5157762765884399,0,1
9319,465,1583,1888,0.505538284778595,0,1
9320,466,1904,1990,0.504076361656189,1,7
9321,466,1904,1746,0.5032423734664917,0,7
9322,466,1904,1797,0.5053809285163879,0,7
9323,466,1904,1399,0.5134042501449585,0,7
9324,466,1904,356,0.5001265406608582,0,7
9325,466,1904,1721,0.5029778480529785,0,7
9326,466,1904,541,0.5059340000152588,0,7
9327,466,1904,991,0.5011849403381348,0,7
9328,466,1904,1329,0.5045853853225708,0,7
9329,466,1904,1286,0.5022567510604858,0,7
9330,466,1904,764,0.50147545337677,0,7
9331,466,1904,115,0.5006021857261658,0,7
9332,466,1904,1055,0.5076291561126709,0,7
9333,466,1904,1690,0.5019645690917969,0,7
9334,466,1904,26,0.5024688243865967,0,7
9335,466,1904,2042,0.5003893375396729,0,7
9336,466,1904,744,0.5030909776687622,0,7
9337,466,1904,1364,0.5047542452812195,0,7
9338,466,1904,1915,0.5034508109092712,0,7
9339,466,1904,536,0.5017406344413757,0,7
9340,467,3422,329,0.5007482767105103,1,17
9341,467,3422,540,0.5061571598052979,0,17
9342,467,3422,1669,0.5084027051925659,0,17
9343,467,3422,1796,0.505138099193573,0,17
9344,467,3422,703,0.5017526149749756,0,17
9345,467,3422,65,0.5017368793487549,0,17
9346,467,3422,58,0.502303421497345,0,17
9347,467,3422,284,0.5036465525627136,0,17
9348,467,3422,1597,0.5056048035621643,0,17
9349,467,3422,822,0.5017152428627014,0,17
9350,467,3422,1506,0.5006422400474548,0,17
9351,467,3422,697,0.5046858787536621,0,17
9352,467,3422,484,0.5001425743103027,0,17
9353,467,3422,609,0.5005655288696289,0,17
9354,467,3422,454,0.5027915239334106,0,17
9355,467,3422,1423,0.5342908501625061,0,17
9356,467,3422,2051,0.518258810043335,0,17
9357,467,3422,1708,0.504733145236969,0,17
9358,467,3422,1925,0.503495454788208,0,17
9359,467,3422,1985,0.5083939433097839,0,17
9360,468,716,1273,0.5092868804931641,1,3
9361,468,716,493,0.5018752813339233,0,3
9362,468,716,1442,0.5016974806785583,0,3
9363,468,716,637,0.5030775666236877,0,3
9364,468,716,1517,0.5013206601142883,0,3
9365,468,716,649,0.5045102834701538,0,3
9366,468,716,1903,0.499803751707077,0,3
9367,468,716,1351,0.5023623704910278,0,3
9368,468,716,157,0.5013534426689148,0,3
9369,468,716,1759,0.5007488131523132,0,3
9370,468,716,259,0.5030698776245117,0,3
9371,468,716,987,0.5070991516113281,0,3
9372,468,716,1502,0.5001087784767151,0,3
9373,468,716,1993,0.499740868806839,0,3
9374,468,716,2004,0.5073134303092957,0,3
9375,468,716,940,0.5006584525108337,0,3
9376,468,716,966,0.5011478066444397,0,3
9377,468,716,1116,0.5003708004951477,0,3
9378,468,716,55,0.5122388005256653,0,3
9379,468,716,1876,0.6349431276321411,0,3
9380,469,3480,700,0.5204062461853027,1,2
9381,469,3480,481,0.5018361806869507,0,2
9382,469,3480,1108,0.5025442838668823,0,2
9383,469,3480,458,0.5020651817321777,0,2
9384,469,3480,1922,0.5015749335289001,0,2
9385,469,3480,339,0.5019515156745911,0,2
9386,469,3480,1932,0.5305637717247009,0,2
9387,469,3480,748,0.5021758675575256,0,2
9388,469,3480,1928,0.5024623274803162,0,2
9389,469,3480,1683,0.5022696852684021,0,2
9390,469,3480,1726,0.5017896890640259,0,2
9391,469,3480,609,0.5006030201911926,0,2
9392,469,3480,1419,0.5028829574584961,0,2
9393,469,3480,403,0.5012261271476746,0,2
9394,469,3480,1417,0.5005702972412109,0,2
9395,469,3480,767,0.5000472664833069,0,2
9396,469,3480,1161,0.5006139278411865,0,2
9397,469,3480,1313,0.5083033442497253,0,2
9398,469,3480,917,0.5019018054008484,0,2
9399,469,3480,1892,0.5004431009292603,0,2
9400,470,3678,1569,0.5002671480178833,1,19
9401,470,3678,764,0.5007357597351074,0,19
9402,470,3678,744,0.502209484577179,0,19
9403,470,3678,1098,0.5010280609130859,0,19
9404,470,3678,1824,0.5001000165939331,0,19
9405,470,3678,1944,0.5002822875976562,0,19
9406,470,3678,934,0.5025219917297363,0,19
9407,470,3678,338,0.5011250972747803,0,19
9408,470,3678,414,0.5004850625991821,0,19
9409,470,3678,622,0.5003579258918762,0,19
9410,470,3678,1321,0.5017435550689697,0,19
9411,470,3678,1703,0.5598627924919128,0,19
9412,470,3678,2020,0.5017580389976501,0,19
9413,470,3678,156,0.5012902617454529,0,19
9414,470,3678,1618,0.5015214085578918,0,19
9415,470,3678,1831,0.5013559460639954,0,19
9416,470,3678,462,0.5052549839019775,0,19
9417,470,3678,890,0.5008525848388672,0,19
9418,470,3678,865,0.5020077228546143,0,19
9419,470,3678,505,0.5006723999977112,0,19
9420,471,1561,1545,0.5119814872741699,1,4
9421,471,1561,1062,0.5051165223121643,0,4
9422,471,1561,1073,0.5002291798591614,0,4
9423,471,1561,854,0.5004822611808777,0,4
9424,471,1561,801,0.5316057801246643,0,4
9425,471,1561,1066,0.5009756684303284,0,4
9426,471,1561,398,0.5192192792892456,0,4
9427,471,1561,1419,0.5052675008773804,0,4
9428,471,1561,339,0.503168523311615,0,4
9429,471,1561,785,0.5021349191665649,0,4
9430,471,1561,680,0.5212109684944153,0,4
9431,471,1561,1410,0.5019627809524536,0,4
9432,471,1561,996,0.5062175393104553,0,4
9433,471,1561,1004,0.5066426396369934,0,4
9434,471,1561,1861,0.5031888484954834,0,4
9435,471,1561,173,0.5093361735343933,0,4
9436,471,1561,197,0.506529688835144,0,4
9437,471,1561,927,0.5032911896705627,0,4
9438,471,1561,148,0.5097902417182922,0,4
9439,471,1561,295,0.5000903606414795,0,4
9440,472,2407,628,0.5613680481910706,1,1
9441,472,2407,1783,0.5156149864196777,0,1
9442,472,2407,1463,0.5067303776741028,0,1
9443,472,2407,143,0.5117144584655762,0,1
9444,472,2407,52,0.5010038018226624,0,1
9445,472,2407,688,0.5013609528541565,0,1
9446,472,2407,775,0.49850815534591675,0,1
9447,472,2407,302,0.5030299425125122,0,1
9448,472,2407,381,0.5034043192863464,0,1
9449,472,2407,610,0.49948686361312866,0,1
9450,472,2407,1088,0.5213420987129211,0,1
9451,472,2407,949,0.49922430515289307,0,1
9452,472,2407,400,0.4982379376888275,0,1
9453,472,2407,1033,0.5032793879508972,0,1
9454,472,2407,115,0.500156819820404,0,1
9455,472,2407,72,0.5043480396270752,0,1
9456,472,2407,714,0.5023890733718872,0,1
9457,472,2407,393,0.5025538206100464,0,1
9458,472,2407,1967,0.499340683221817,0,1
9459,472,2407,57,0.5051759481430054,0,1
9460,473,1677,1581,0.501250684261322,1,15
9461,473,1677,324,0.5001035332679749,0,15
9462,473,1677,1686,0.5078687071800232,0,15
9463,473,1677,823,0.5073744058609009,0,15
9464,473,1677,1294,0.5193554759025574,0,15
9465,473,1677,1690,0.5019013285636902,0,15
9466,473,1677,649,0.5047942996025085,0,15
9467,473,1677,535,0.5033267140388489,0,15
9468,473,1677,10,0.5163216590881348,0,15
9469,473,1677,18,0.5009186267852783,0,15
9470,473,1677,258,0.5125502347946167,0,15
9471,473,1677,1758,0.499573290348053,0,15
9472,473,1677,236,0.501462996006012,0,15
9473,473,1677,1500,0.5033393502235413,0,15
9474,473,1677,1739,0.5157548785209656,0,15
9475,473,1677,342,0.5017277002334595,0,15
9476,473,1677,2048,0.49967721104621887,0,15
9477,473,1677,1092,0.5141986608505249,0,15
9478,473,1677,1138,0.501122236251831,0,15
9479,473,1677,1323,0.5903873443603516,0,15
9480,474,3896,1283,0.5001939535140991,1,20
9481,474,3896,677,0.5002731084823608,0,20
9482,474,3896,239,0.5002333521842957,0,20
9483,474,3896,141,0.5024739503860474,0,20
9484,474,3896,1191,0.5004634857177734,0,20
9485,474,3896,871,0.5018823146820068,0,20
9486,474,3896,1150,0.5066618919372559,0,20
9487,474,3896,643,0.5008630752563477,0,20
9488,474,3896,1043,0.5070524215698242,0,20
9489,474,3896,202,0.5218440890312195,0,20
9490,474,3896,335,0.5033668279647827,0,20
9491,474,3896,23,0.5003023743629456,0,20
9492,474,3896,1447,0.5246058702468872,0,20
9493,474,3896,1995,0.5052086114883423,0,20
9494,474,3896,76,0.5013149380683899,0,20
9495,474,3896,199,0.5094700455665588,0,20
9496,474,3896,1816,0.5005028247833252,0,20
9497,474,3896,1786,0.5015248656272888,0,20
9498,474,3896,454,0.501624345779419,0,20
9499,474,3896,1837,0.50369793176651,0,20
9500,475,3724,1208,0.5004001259803772,1,19
9501,475,3724,974,0.500948965549469,0,19
9502,475,3724,1312,0.5227161049842834,0,19
9503,475,3724,764,0.5010975003242493,0,19
9504,475,3724,646,0.5004743933677673,0,19
9505,475,3724,1196,0.5021463632583618,0,19
9506,475,3724,1192,0.5015455484390259,0,19
9507,475,3724,550,0.5012450218200684,0,19
9508,475,3724,1314,0.5009024143218994,0,19
9509,475,3724,834,0.5101932883262634,0,19
9510,475,3724,457,0.5008242130279541,0,19
9511,475,3724,1849,0.5011885762214661,0,19
9512,475,3724,589,0.500357449054718,0,19
9513,475,3724,431,0.5032971501350403,0,19
9514,475,3724,1441,0.502346932888031,0,19
9515,475,3724,1481,0.5011118054389954,0,19
9516,475,3724,1492,0.501711368560791,0,19
9517,475,3724,377,0.5042590498924255,0,19
9518,475,3724,1446,0.5007520318031311,0,19
9519,475,3724,2003,0.5005433559417725,0,19
9520,476,3519,1057,0.4999472498893738,1,16
9521,476,3519,513,0.5043066740036011,0,16
9522,476,3519,1870,0.5011857151985168,0,16
9523,476,3519,1324,0.49965929985046387,0,16
9524,476,3519,1213,0.4997853934764862,0,16
9525,476,3519,421,0.49954062700271606,0,16
9526,476,3519,2030,0.5051957964897156,0,16
9527,476,3519,316,0.5029861330986023,0,16
9528,476,3519,1557,0.5028744339942932,0,16
9529,476,3519,1227,0.5020649433135986,0,16
9530,476,3519,646,0.5000124573707581,0,16
9531,476,3519,271,0.5111048221588135,0,16
9532,476,3519,1533,0.5016040205955505,0,16
9533,476,3519,1561,0.5240132808685303,0,16
9534,476,3519,858,0.5016587972640991,0,16
9535,476,3519,994,0.4995077848434448,0,16
9536,476,3519,114,0.5029210448265076,0,16
9537,476,3519,83,0.5031565427780151,0,16
9538,476,3519,1577,0.5020303726196289,0,16
9539,476,3519,610,0.4999639391899109,0,16
9540,477,3623,1488,0.5001192688941956,1,19
9541,477,3623,466,0.5018687844276428,0,19
9542,477,3623,2059,0.5002425909042358,0,19
9543,477,3623,583,0.5014719367027283,0,19
9544,477,3623,1686,0.5054661631584167,0,19
9545,477,3623,1132,0.5051118731498718,0,19
9546,477,3623,582,0.5011801719665527,0,19
9547,477,3623,1661,0.5011308789253235,0,19
9548,477,3623,1206,0.5002024173736572,0,19
9549,477,3623,2034,0.5033708214759827,0,19
9550,477,3623,320,0.5016219019889832,0,19
9551,477,3623,1533,0.5016193389892578,0,19
9552,477,3623,238,0.506442129611969,0,19
9553,477,3623,1996,0.5021887421607971,0,19
9554,477,3623,1709,0.5012938380241394,0,19
9555,477,3623,1061,0.5016101598739624,0,19
9556,477,3623,97,0.5132405757904053,0,19
9557,477,3623,2,0.49996012449264526,0,19
9558,477,3623,1902,0.5002973675727844,0,19
9559,477,3623,29,0.5004343390464783,0,19
9560,478,1460,1871,0.5014874339103699,1,9
9561,478,1460,1691,0.5013052225112915,0,9
9562,478,1460,971,0.5006975531578064,0,9
9563,478,1460,148,0.5016470551490784,0,9
9564,478,1460,935,0.5009406805038452,0,9
9565,478,1460,2007,0.5007622838020325,0,9
9566,478,1460,1527,0.5006394982337952,0,9
9567,478,1460,777,0.5009627342224121,0,9
9568,478,1460,104,0.5045991539955139,0,9
9569,478,1460,215,0.5011129379272461,0,9
9570,478,1460,1219,0.5011904239654541,0,9
9571,478,1460,1278,0.5099706649780273,0,9
9572,478,1460,1272,0.5015727877616882,0,9
9573,478,1460,1108,0.5011680722236633,0,9
9574,478,1460,1121,0.5018889307975769,0,9
9575,478,1460,1510,0.501075804233551,0,9
9576,478,1460,1878,0.5016270279884338,0,9
9577,478,1460,697,0.5015135407447815,0,9
9578,478,1460,1157,0.5041338205337524,0,9
9579,478,1460,1956,0.5009761452674866,0,9
9580,479,1119,965,0.5020291209220886,1,1
9581,479,1119,1070,0.5010499358177185,0,1
9582,479,1119,809,0.5008012056350708,0,1
9583,479,1119,1530,0.5010398030281067,0,1
9584,479,1119,264,0.5007845163345337,0,1
9585,479,1119,1856,0.5009903907775879,0,1
9586,479,1119,1350,0.500973105430603,0,1
9587,479,1119,1550,0.5008915662765503,0,1
9588,479,1119,365,0.501357913017273,0,1
9589,479,1119,1101,0.501046359539032,0,1
9590,479,1119,853,0.5008707642555237,0,1
9591,479,1119,304,0.5008094906806946,0,1
9592,479,1119,879,0.5010660886764526,0,1
9593,479,1119,1298,0.5013139843940735,0,1
9594,479,1119,601,0.5006552338600159,0,1
9595,479,1119,1503,0.500812828540802,0,1
9596,479,1119,1349,0.5013589262962341,0,1
9597,479,1119,1216,0.5009133219718933,0,1
9598,479,1119,383,0.5010353326797485,0,1
9599,479,1119,161,0.5008094310760498,0,1
9600,480,2786,1463,0.5072975158691406,1,8
9601,480,2786,1409,0.5002231597900391,0,8
9602,480,2786,987,0.5123960375785828,0,8
9603,480,2786,2037,0.509977400302887,0,8
9604,480,2786,1090,0.5040830373764038,0,8
9605,480,2786,2051,0.5368987917900085,0,8
9606,480,2786,2016,0.5057322382926941,0,8
9607,480,2786,1950,0.5125977396965027,0,8
9608,480,2786,1126,0.5053142309188843,0,8
9609,480,2786,1870,0.5031686425209045,0,8
9610,480,2786,2019,0.5030737519264221,0,8
9611,480,2786,1589,0.5423965454101562,0,8
9612,480,2786,1251,0.5037947297096252,0,8
9613,480,2786,307,0.5068997144699097,0,8
9614,480,2786,1788,0.5083338022232056,0,8
9615,480,2786,1228,0.5006386637687683,0,8
9616,480,2786,1491,0.5028192400932312,0,8
9617,480,2786,1288,0.5046194195747375,0,8
9618,480,2786,437,0.506705641746521,0,8
9619,480,2786,1641,0.5110430717468262,0,8
9620,481,1996,1265,0.5059482455253601,1,3
9621,481,1996,1069,0.500517725944519,0,3
9622,481,1996,1749,0.5023102164268494,0,3
9623,481,1996,1182,0.5133914947509766,0,3
9624,481,1996,56,0.5044875741004944,0,3
9625,481,1996,523,0.5071083903312683,0,3
9626,481,1996,1966,0.5026970505714417,0,3
9627,481,1996,1727,0.501283586025238,0,3
9628,481,1996,1981,0.5035746693611145,0,3
9629,481,1996,494,0.5045269727706909,0,3
9630,481,1996,1351,0.5039469003677368,0,3
9631,481,1996,1382,0.5032813549041748,0,3
9632,481,1996,1530,0.5032638907432556,0,3
9633,481,1996,1177,0.5050452351570129,0,3
9634,481,1996,279,0.5011802911758423,0,3
9635,481,1996,80,0.5026031136512756,0,3
9636,481,1996,434,0.5025972723960876,0,3
9637,481,1996,400,0.4999474287033081,0,3
9638,481,1996,2046,0.5033526420593262,0,3
9639,481,1996,1360,0.5019327998161316,0,3
9640,482,3038,698,0.5012381672859192,1,16
9641,482,3038,904,0.5042402744293213,0,16
9642,482,3038,1216,0.504514217376709,0,16
9643,482,3038,1728,0.5054839849472046,0,16
9644,482,3038,1989,0.5027726292610168,0,16
9645,482,3038,1084,0.5016141533851624,0,16
9646,482,3038,483,0.507832944393158,0,16
9647,482,3038,1965,0.5068603157997131,0,16
9648,482,3038,1670,0.5034351944923401,0,16
9649,482,3038,1971,0.5212055444717407,0,16
9650,482,3038,1788,0.5049961805343628,0,16
9651,482,3038,811,0.5033116936683655,0,16
9652,482,3038,1243,0.5000790357589722,0,16
9653,482,3038,1044,0.49991631507873535,0,16
9654,482,3038,1011,0.509928822517395,0,16
9655,482,3038,2024,0.5010742545127869,0,16
9656,482,3038,1691,0.5051640868186951,0,16
9657,482,3038,1858,0.5038060545921326,0,16
9658,482,3038,1988,0.5003172755241394,0,16
9659,482,3038,1949,0.508143961429596,0,16
9660,483,2390,1281,0.5002802610397339,1,19
9661,483,2390,1410,0.5020445585250854,0,19
9662,483,2390,2044,0.5038077235221863,0,19
9663,483,2390,2046,0.5023513436317444,0,19
9664,483,2390,308,0.5184041261672974,0,19
9665,483,2390,1415,0.502103865146637,0,19
9666,483,2390,1820,0.5021371841430664,0,19
9667,483,2390,1599,0.5005174279212952,0,19
9668,483,2390,2021,0.5020716190338135,0,19
9669,483,2390,1316,0.5014826059341431,0,19
9670,483,2390,1772,0.5015255212783813,0,19
9671,483,2390,384,0.5002737045288086,0,19
9672,483,2390,1682,0.5016537308692932,0,19
9673,483,2390,760,0.5135795474052429,0,19
9674,483,2390,1713,0.504149854183197,0,19
9675,483,2390,13,0.5154727101325989,0,19
9676,483,2390,1416,0.5069941878318787,0,19
9677,483,2390,1533,0.5016601085662842,0,19
9678,483,2390,1678,0.5035223960876465,0,19
9679,483,2390,825,0.5015050172805786,0,19
9680,484,3779,1737,0.5006389617919922,1,20
9681,484,3779,1368,0.5008215308189392,0,20
9682,484,3779,957,0.5024917125701904,0,20
9683,484,3779,79,0.5031351447105408,0,20
9684,484,3779,633,0.5131092667579651,0,20
9685,484,3779,1010,0.5021536946296692,0,20
9686,484,3779,595,0.5128052234649658,0,20
9687,484,3779,571,0.5037263035774231,0,20
9688,484,3779,1805,0.5019980669021606,0,20
9689,484,3779,364,0.5028741359710693,0,20
9690,484,3779,2032,0.501926600933075,0,20
9691,484,3779,1239,0.5021092295646667,0,20
9692,484,3779,1531,0.5009173154830933,0,20
9693,484,3779,1982,0.5016663074493408,0,20
9694,484,3779,2052,0.5022398829460144,0,20
9695,484,3779,368,0.5028863549232483,0,20
9696,484,3779,1544,0.5021864771842957,0,20
9697,484,3779,1116,0.5020812749862671,0,20
9698,484,3779,1888,0.5028035044670105,0,20
9699,484,3779,131,0.5017556548118591,0,20
9700,485,2559,1362,0.5022721886634827,1,11
9701,485,2559,629,0.5001909732818604,0,11
9702,485,2559,1195,0.5003853440284729,0,11
9703,485,2559,838,0.5031507015228271,0,11
9704,485,2559,438,0.503036379814148,0,11
9705,485,2559,229,0.5070309638977051,0,11
9706,485,2559,2038,0.5225009918212891,0,11
9707,485,2559,450,0.5001159906387329,0,11
9708,485,2559,1125,0.5013716220855713,0,11
9709,485,2559,188,0.5064795613288879,0,11
9710,485,2559,1518,0.5190194249153137,0,11
9711,485,2559,1893,0.5026423335075378,0,11
9712,485,2559,487,0.5022547245025635,0,11
9713,485,2559,372,0.5002822875976562,0,11
9714,485,2559,292,0.5000249743461609,0,11
9715,485,2559,331,0.5001600980758667,0,11
9716,485,2559,779,0.5014084577560425,0,11
9717,485,2559,1005,0.502715528011322,0,11
9718,485,2559,259,0.5027766227722168,0,11
9719,485,2559,1859,0.5054219365119934,0,11
9720,486,3059,1827,0.499555379152298,1,19
9721,486,3059,2064,0.5012609362602234,0,19
9722,486,3059,71,0.5180356502532959,0,19
9723,486,3059,727,0.4992757737636566,0,19
9724,486,3059,2019,0.5009751319885254,0,19
9725,486,3059,1441,0.5045703053474426,0,19
9726,486,3059,1518,0.5410873293876648,0,19
9727,486,3059,1078,0.5023040771484375,0,19
9728,486,3059,1161,0.49975115060806274,0,19
9729,486,3059,1232,0.5080472826957703,0,19
9730,486,3059,690,0.5085772275924683,0,19
9731,486,3059,413,0.5007314085960388,0,19
9732,486,3059,1393,0.5161482691764832,0,19
9733,486,3059,157,0.501977801322937,0,19
9734,486,3059,99,0.49965280294418335,0,19
9735,486,3059,1655,0.5013766884803772,0,19
9736,486,3059,998,0.5057795643806458,0,19
9737,486,3059,565,0.5050169229507446,0,19
9738,486,3059,265,0.5016824007034302,0,19
9739,486,3059,1593,0.5013619065284729,0,19
9740,487,1532,1449,0.49916574358940125,1,20
9741,487,1532,297,0.5204370021820068,0,20
9742,487,1532,1096,0.5207920074462891,0,20
9743,487,1532,1786,0.501666784286499,0,20
9744,487,1532,389,0.5040804743766785,0,20
9745,487,1532,1965,0.5133092403411865,0,20
9746,487,1532,1701,0.49964433908462524,0,20
9747,487,1532,1895,0.507668137550354,0,20
9748,487,1532,1404,0.502001166343689,0,20
9749,487,1532,726,0.5065036416053772,0,20
9750,487,1532,1039,0.505709171295166,0,20
9751,487,1532,970,0.5063887238502502,0,20
9752,487,1532,1177,0.5107309818267822,0,20
9753,487,1532,1197,0.5116469264030457,0,20
9754,487,1532,1372,0.5045202374458313,0,20
9755,487,1532,1898,0.50425785779953,0,20
9756,487,1532,1630,0.536504328250885,0,20
9757,487,1532,1240,0.505193293094635,0,20
9758,487,1532,1655,0.5032638311386108,0,20
9759,487,1532,779,0.50410395860672,0,20
9760,488,2907,2061,0.5009002089500427,1,10
9761,488,2907,742,0.5009219646453857,0,10
9762,488,2907,564,0.5004611611366272,0,10
9763,488,2907,1656,0.5006832480430603,0,10
9764,488,2907,350,0.5008520483970642,0,10
9765,488,2907,440,0.5009313225746155,0,10
9766,488,2907,1644,0.5008931159973145,0,10
9767,488,2907,1239,0.5009416937828064,0,10
9768,488,2907,933,0.5008993744850159,0,10
9769,488,2907,408,0.50100177526474,0,10
9770,488,2907,268,0.5009807348251343,0,10
9771,488,2907,369,0.5010268688201904,0,10
9772,488,2907,1695,0.5007990598678589,0,10
9773,488,2907,790,0.5009358525276184,0,10
9774,488,2907,1176,0.5007519721984863,0,10
9775,488,2907,235,0.5011566877365112,0,10
9776,488,2907,1221,0.5008634328842163,0,10
9777,488,2907,959,0.5008150339126587,0,10
9778,488,2907,1352,0.5009258389472961,0,10
9779,488,2907,646,0.500776469707489,0,10
9780,489,3602,2074,0.500318169593811,1,18
9781,489,3602,1975,0.50356525182724,0,18
9782,489,3602,317,0.5013826489448547,0,18
9783,489,3602,301,0.5074588656425476,0,18
9784,489,3602,851,0.501674234867096,0,18
9785,489,3602,1098,0.5018101334571838,0,18
9786,489,3602,1075,0.5002368092536926,0,18
9787,489,3602,1276,0.5016326904296875,0,18
9788,489,3602,1923,0.5034348368644714,0,18
9789,489,3602,1737,0.5004233121871948,0,18
9790,489,3602,1018,0.5001723766326904,0,18
9791,489,3602,1128,0.5004469156265259,0,18
9792,489,3602,655,0.5127700567245483,0,18
9793,489,3602,512,0.5025237798690796,0,18
9794,489,3602,1063,0.5003768801689148,0,18
9795,489,3602,1184,0.5031013488769531,0,18
9796,489,3602,836,0.5057063102722168,0,18
9797,489,3602,1369,0.5026971697807312,0,18
9798,489,3602,1822,0.5042838454246521,0,18
9799,489,3602,1926,0.5015567541122437,0,18
9800,490,532,634,0.5004804134368896,1,19
9801,490,532,878,0.5008152723312378,0,19
9802,490,532,488,0.5021653771400452,0,19
9803,490,532,2077,0.5026286244392395,0,19
9804,490,532,513,0.504197359085083,0,19
9805,490,532,2010,0.5004779696464539,0,19
9806,490,532,895,0.502224326133728,0,19
9807,490,532,918,0.5022492408752441,0,19
9808,490,532,401,0.5018137097358704,0,19
9809,490,532,986,0.5022352337837219,0,19
9810,490,532,303,0.5040383338928223,0,19
9811,490,532,1614,0.5017656683921814,0,19
9812,490,532,768,0.5023473501205444,0,19
9813,490,532,263,0.5024463534355164,0,19
9814,490,532,67,0.504073977470398,0,19
9815,490,532,380,0.5005011558532715,0,19
9816,490,532,824,0.5030000805854797,0,19
9817,490,532,853,0.5014261603355408,0,19
9818,490,532,1688,0.5005999803543091,0,19
9819,490,532,104,0.5286712646484375,0,19
9820,491,1333,499,0.5029128789901733,1,8
9821,491,1333,1957,0.5027502179145813,0,8
9822,491,1333,1643,0.5629006624221802,0,8
9823,491,1333,1480,0.5045934319496155,0,8
9824,491,1333,501,0.5071228742599487,0,8
9825,491,1333,1434,0.5066261887550354,0,8
9826,491,1333,590,0.5397323369979858,0,8
9827,491,1333,387,0.49999964237213135,0,8
9828,491,1333,1066,0.5011918544769287,0,8
9829,491,1333,1383,0.5021793842315674,0,8
9830,491,1333,500,0.5019776821136475,0,8
9831,491,1333,496,0.5017186999320984,0,8
9832,491,1333,610,0.5003711581230164,0,8
9833,491,1333,2048,0.5003880858421326,0,8
9834,491,1333,115,0.5006774663925171,0,8
9835,491,1333,1300,0.5024880766868591,0,8
9836,491,1333,718,0.5055437684059143,0,8
9837,491,1333,1751,0.5004483461380005,0,8
9838,491,1333,932,0.5117049217224121,0,8
9839,491,1333,2029,0.5018384456634521,0,8
9840,492,2317,1806,0.6096047163009644,1,1
9841,492,2317,152,0.5041403770446777,0,1
9842,492,2317,64,0.5018554329872131,0,1
9843,492,2317,737,0.5005539655685425,0,1
9844,492,2317,1157,0.5192139148712158,0,1
9845,492,2317,655,0.5203879475593567,0,1
9846,492,2317,1155,0.5026363134384155,0,1
9847,492,2317,2060,0.5030251741409302,0,1
9848,492,2317,574,0.5019510984420776,0,1
9849,492,2317,1861,0.5030415058135986,0,1
9850,492,2317,47,0.502311110496521,0,1
9851,492,2317,670,0.5040680170059204,0,1
9852,492,2317,2030,0.5044108033180237,0,1
9853,492,2317,665,0.5004953145980835,0,1
9854,492,2317,1460,0.5016592144966125,0,1
9855,492,2317,1486,0.5017624497413635,0,1
9856,492,2317,480,0.5008108615875244,0,1
9857,492,2317,346,0.5006197094917297,0,1
9858,492,2317,630,0.5002707242965698,0,1
9859,492,2317,361,0.5009305477142334,0,1
9860,493,1551,1231,0.5164170265197754,1,5
9861,493,1551,490,0.5038009285926819,0,5
9862,493,1551,1833,0.5008281469345093,0,5
9863,493,1551,240,0.5048603415489197,0,5
9864,493,1551,658,0.5144783854484558,0,5
9865,493,1551,546,0.5030072927474976,0,5
9866,493,1551,2010,0.4998760521411896,0,5
9867,493,1551,935,0.5020409822463989,0,5
9868,493,1551,385,0.502845048904419,0,5
9869,493,1551,1494,0.5058888792991638,0,5
9870,493,1551,1694,0.5170446038246155,0,5
9871,493,1551,101,0.5845038294792175,0,5
9872,493,1551,122,0.5192682147026062,0,5
9873,493,1551,1260,0.5023961067199707,0,5
9874,493,1551,1814,0.5017194747924805,0,5
9875,493,1551,1532,0.5209616422653198,0,5
9876,493,1551,1055,0.5119206309318542,0,5
9877,493,1551,2069,0.5000463724136353,0,5
9878,493,1551,1807,0.5027545690536499,0,5
9879,493,1551,25,0.5021882057189941,0,5
9880,494,4131,1059,0.5009046792984009,1,13
9881,494,4131,1907,0.5015202760696411,0,13
9882,494,4131,133,0.5007923245429993,0,13
9883,494,4131,1539,0.5011148452758789,0,13
9884,494,4131,1247,0.5008601546287537,0,13
9885,494,4131,524,0.5007613897323608,0,13
9886,494,4131,1829,0.5057844519615173,0,13
9887,494,4131,1620,0.5078856348991394,0,13
9888,494,4131,162,0.5011554956436157,0,13
9889,494,4131,723,0.5007683038711548,0,13
9890,494,4131,1216,0.5006963610649109,0,13
9891,494,4131,1305,0.5009218454360962,0,13
9892,494,4131,1802,0.501513659954071,0,13
9893,494,4131,405,0.5013566613197327,0,13
9894,494,4131,681,0.5008863806724548,0,13
9895,494,4131,312,0.501048743724823,0,13
9896,494,4131,580,0.5008054971694946,0,13
9897,494,4131,1056,0.5012070536613464,0,13
9898,494,4131,469,0.5017348527908325,0,13
9899,494,4131,742,0.501046895980835,0,13
9900,495,4127,524,0.5002126693725586,1,19
9901,495,4127,865,0.5023180246353149,0,19
9902,495,4127,1469,0.501219630241394,0,19
9903,495,4127,1045,0.5007302761077881,0,19
9904,495,4127,1831,0.5016838908195496,0,19
9905,495,4127,371,0.5003724098205566,0,19
9906,495,4127,1918,0.5022472143173218,0,19
9907,495,4127,1704,0.5009211897850037,0,19
9908,495,4127,1540,0.5000312328338623,0,19
9909,495,4127,1170,0.5073305368423462,0,19
9910,495,4127,345,0.6925789713859558,0,19
9911,495,4127,349,0.5022643804550171,0,19
9912,495,4127,397,0.5012052655220032,0,19
9913,495,4127,1955,0.5003881454467773,0,19
9914,495,4127,1998,0.5011248588562012,0,19
9915,495,4127,1982,0.5012369751930237,0,19
9916,495,4127,1175,0.5019076466560364,0,19
9917,495,4127,1506,0.5002502799034119,0,19
9918,495,4127,1513,0.505383312702179,0,19
9919,495,4127,458,0.5019147396087646,0,19
9920,496,1873,1102,0.5006436109542847,1,18
9921,496,1873,1574,0.5007583498954773,0,18
9922,496,1873,991,0.5009509921073914,0,18
9923,496,1873,285,0.5007293224334717,0,18
9924,496,1873,1007,0.500891923904419,0,18
9925,496,1873,2025,0.500666618347168,0,18
9926,496,1873,150,0.5006673336029053,0,18
9927,496,1873,1589,0.5007220506668091,0,18
9928,496,1873,569,0.5007476210594177,0,18
9929,496,1873,1135,0.5006228685379028,0,18
9930,496,1873,505,0.5007209181785583,0,18
9931,496,1873,541,0.5005300045013428,0,18
9932,496,1873,664,0.5009021759033203,0,18
9933,496,1873,1160,0.5007706880569458,0,18
9934,496,1873,682,0.5006793737411499,0,18
9935,496,1873,371,0.5007379651069641,0,18
9936,496,1873,302,0.500869870185852,0,18
9937,496,1873,1880,0.500738263130188,0,18
9938,496,1873,745,0.500998318195343,0,18
9939,496,1873,770,0.5008531212806702,0,18
9940,497,2618,1534,0.49985912442207336,1,20
9941,497,2618,2038,0.521044135093689,0,20
9942,497,2618,567,0.5094702243804932,0,20
9943,497,2618,1382,0.5020146369934082,0,20
9944,497,2618,1503,0.5004398822784424,0,20
9945,497,2618,519,0.5006228089332581,0,20
9946,497,2618,746,0.5008891224861145,0,20
9947,497,2618,804,0.5014737248420715,0,20
9948,497,2618,1934,0.5010085105895996,0,20
9949,497,2618,59,0.5046921372413635,0,20
9950,497,2618,447,0.5028445720672607,0,20
9951,497,2618,2059,0.4999999403953552,0,20
9952,497,2618,1822,0.5042030811309814,0,20
9953,497,2618,525,0.5040720105171204,0,20
9954,497,2618,1690,0.501147985458374,0,20
9955,497,2618,628,0.520146369934082,0,20
9956,497,2618,561,0.5000039339065552,0,20
9957,497,2618,1102,0.5012470483779907,0,20
9958,497,2618,1800,0.500969409942627,0,20
9959,497,2618,1526,0.5009750127792358,0,20
9960,498,245,1273,0.5066470503807068,1,2
9961,498,245,842,0.5022938847541809,0,2
9962,498,245,553,0.5024096965789795,0,2
9963,498,245,761,0.502947986125946,0,2
9964,498,245,1659,0.5017623901367188,0,2
9965,498,245,115,0.5008485317230225,0,2
9966,498,245,158,0.5017651915550232,0,2
9967,498,245,352,0.502333402633667,0,2
9968,498,245,1957,0.500917911529541,0,2
9969,498,245,461,0.506882905960083,0,2
9970,498,245,370,0.5015730261802673,0,2
9971,498,245,614,0.5010460019111633,0,2
9972,498,245,54,0.5009045004844666,0,2
9973,498,245,1906,0.5002314448356628,0,2
9974,498,245,1982,0.5010406374931335,0,2
9975,498,245,1873,0.5015285015106201,0,2
9976,498,245,1788,0.5033504366874695,0,2
9977,498,245,936,0.5022649765014648,0,2
9978,498,245,602,0.5014533400535583,0,2
9979,498,245,738,0.502564549446106,0,2
9980,499,161,1938,0.5009415149688721,1,16
9981,499,161,384,0.5004982352256775,0,16
9982,499,161,1267,0.5022709965705872,0,16
9983,499,161,389,0.5020418763160706,0,16
9984,499,161,1697,0.5018710494041443,0,16
9985,499,161,28,0.5005932450294495,0,16
9986,499,161,1071,0.502221941947937,0,16
9987,499,161,794,0.5023146271705627,0,16
9988,499,161,941,0.5020613074302673,0,16
9989,499,161,671,0.5046727657318115,0,16
9990,499,161,983,0.503868579864502,0,16
9991,499,161,1239,0.5018746256828308,0,16
9992,499,161,1634,0.5015901923179626,0,16
9993,499,161,1457,0.5035057067871094,0,16
9994,499,161,1501,0.5015657544136047,0,16
9995,499,161,951,0.5009954571723938,0,16
9996,499,161,289,0.5018339157104492,0,16
9997,499,161,939,0.5007515549659729,0,16
9998,499,161,109,0.5005412697792053,0,16
9999,499,161,1510,0.5023318529129028,0,16
10000,500,804,500,0.5010707974433899,1,14
10001,500,804,210,0.5088494420051575,0,14
10002,500,804,1977,0.5021892786026001,0,14
10003,500,804,1075,0.49954086542129517,0,14
10004,500,804,3,0.5020155906677246,0,14
10005,500,804,1753,0.502452552318573,0,14
10006,500,804,1526,0.5014203190803528,0,14
10007,500,804,739,0.5093811750411987,0,14
10008,500,804,561,0.49951720237731934,0,14
10009,500,804,1591,0.5011928677558899,0,14
10010,500,804,1677,0.5000254511833191,0,14
10011,500,804,250,0.5029271841049194,0,14
10012,500,804,521,0.4993787407875061,0,14
10013,500,804,1101,0.5028355717658997,0,14
10014,500,804,356,0.4996570348739624,0,14
10015,500,804,482,0.5151160359382629,0,14
10016,500,804,1072,0.5016322731971741,0,14
10017,500,804,1962,0.4995037615299225,0,14
10018,500,804,1539,0.5017766952514648,0,14
10019,500,804,1552,0.5030003786087036,0,14
10020,501,2267,1629,0.4998617470264435,1,20
10021,501,2267,1070,0.5011299848556519,0,20
10022,501,2267,133,0.49994802474975586,0,20
10023,501,2267,1147,0.5089617967605591,0,20
10024,501,2267,1638,0.5010297298431396,0,20
10025,501,2267,335,0.5024712085723877,0,20
10026,501,2267,1949,0.507195234298706,0,20
10027,501,2267,345,0.7739105224609375,0,20
10028,501,2267,721,0.5001673102378845,0,20
10029,501,2267,1901,0.5077729225158691,0,20
10030,501,2267,480,0.5002093315124512,0,20
10031,501,2267,1082,0.5043523907661438,0,20
10032,501,2267,20,0.506392776966095,0,20
10033,501,2267,1501,0.5009660124778748,0,20
10034,501,2267,819,0.5056251287460327,0,20
10035,501,2267,1983,0.5062505006790161,0,20
10036,501,2267,34,0.5029173493385315,0,20
10037,501,2267,2013,0.5017756223678589,0,20
10038,501,2267,715,0.501456618309021,0,20
10039,501,2267,558,0.5000604391098022,0,20
10040,502,2081,39,0.5017877221107483,1,10
10041,502,2081,1851,0.5020630359649658,0,10
10042,502,2081,651,0.5025627613067627,0,10
10043,502,2081,238,0.5067926049232483,0,10
10044,502,2081,1460,0.5012150406837463,0,10
10045,502,2081,1862,0.5028930306434631,0,10
10046,502,2081,1613,0.500259518623352,0,10
10047,502,2081,384,0.5001345276832581,0,10
10048,502,2081,1396,0.5022181868553162,0,10
10049,502,2081,947,0.501752495765686,0,10
10050,502,2081,677,0.5003917217254639,0,10
10051,502,2081,1250,0.5042312145233154,0,10
10052,502,2081,1566,0.5013945698738098,0,10
10053,502,2081,803,0.5028102993965149,0,10
10054,502,2081,52,0.5011541843414307,0,10
10055,502,2081,1011,0.508414089679718,0,10
10056,502,2081,1777,0.5149964094161987,0,10
10057,502,2081,403,0.5014622211456299,0,10
10058,502,2081,631,0.5004251003265381,0,10
10059,502,2081,1611,0.5003174543380737,0,10
10060,503,1762,245,0.5010319948196411,1,14
10061,503,1762,166,0.5000339150428772,0,14
10062,503,1762,1197,0.5033755302429199,0,14
10063,503,1762,1895,0.501745343208313,0,14
10064,503,1762,479,0.5020955801010132,0,14
10065,503,1762,1401,0.5019386410713196,0,14
10066,503,1762,484,0.5000388026237488,0,14
10067,503,1762,1915,0.502345860004425,0,14
10068,503,1762,1642,0.5131016373634338,0,14
10069,503,1762,725,0.5000718832015991,0,14
10070,503,1762,450,0.5000545978546143,0,14
10071,503,1762,572,0.5132039785385132,0,14
10072,503,1762,1312,0.5248515605926514,0,14
10073,503,1762,1938,0.5003092288970947,0,14
10074,503,1762,605,0.5025215744972229,0,14
10075,503,1762,680,0.5118007063865662,0,14
10076,503,1762,179,0.5039551258087158,0,14
10077,503,1762,1086,0.5018610954284668,0,14
10078,503,1762,1355,0.507068932056427,0,14
10079,503,1762,1772,0.501018226146698,0,14
10080,504,3060,1650,0.5030688047409058,1,7
10081,504,3060,2044,0.5036867260932922,0,7
10082,504,3060,1047,0.5004894733428955,0,7
10083,504,3060,1780,0.5009866952896118,0,7
10084,504,3060,1367,0.5004530549049377,0,7
10085,504,3060,256,0.5122080445289612,0,7
10086,504,3060,1687,0.5031881928443909,0,7
10087,504,3060,1478,0.5018376708030701,0,7
10088,504,3060,1698,0.5006369352340698,0,7
10089,504,3060,203,0.5009520649909973,0,7
10090,504,3060,1173,0.5032514333724976,0,7
10091,504,3060,376,0.500506579875946,0,7
10092,504,3060,670,0.5034807920455933,0,7
10093,504,3060,1550,0.5014237761497498,0,7
10094,504,3060,1459,0.5022193789482117,0,7
10095,504,3060,1027,0.5014196634292603,0,7
10096,504,3060,1436,0.501587450504303,0,7
10097,504,3060,626,0.5029643774032593,0,7
10098,504,3060,229,0.5049382448196411,0,7
10099,504,3060,485,0.5013653039932251,0,7
10100,505,1280,2025,0.5041905641555786,1,6
10101,505,1280,800,0.5032287240028381,0,6
10102,505,1280,1586,0.5031550526618958,0,6
10103,505,1280,1034,0.5105177164077759,0,6
10104,505,1280,1339,0.5039101243019104,0,6
10105,505,1280,533,0.5210390686988831,0,6
10106,505,1280,474,0.510366678237915,0,6
10107,505,1280,484,0.4987335801124573,0,6
10108,505,1280,945,0.49914732575416565,0,6
10109,505,1280,317,0.501727819442749,0,6
10110,505,1280,252,0.49935591220855713,0,6
10111,505,1280,1251,0.5035253763198853,0,6
10112,505,1280,1335,0.5004576444625854,0,6
10113,505,1280,851,0.5033887624740601,0,6
10114,505,1280,132,0.5024258494377136,0,6
10115,505,1280,152,0.5090886354446411,0,6
10116,505,1280,1227,0.5032187104225159,0,6
10117,505,1280,868,0.5010726451873779,0,6
10118,505,1280,1217,0.5082425475120544,0,6
10119,505,1280,460,0.5012745261192322,0,6
10120,506,1328,967,0.5008940696716309,1,15
10121,506,1328,259,0.5017117261886597,0,15
10122,506,1328,349,0.501035749912262,0,15
10123,506,1328,1615,0.5011733174324036,0,15
10124,506,1328,638,0.5010468363761902,0,15
10125,506,1328,608,0.5012596845626831,0,15
10126,506,1328,1148,0.5013855695724487,0,15
10127,506,1328,542,0.5015408396720886,0,15
10128,506,1328,1938,0.5005472302436829,0,15
10129,506,1328,1209,0.5018177032470703,0,15
10130,506,1328,774,0.5009262561798096,0,15
10131,506,1328,410,0.5025461316108704,0,15
10132,506,1328,227,0.5004481673240662,0,15
10133,506,1328,2028,0.5006979703903198,0,15
10134,506,1328,271,0.5030084848403931,0,15
10135,506,1328,1983,0.5032952427864075,0,15
10136,506,1328,1350,0.5007924437522888,0,15
10137,506,1328,1465,0.5022932291030884,0,15
10138,506,1328,138,0.5005638599395752,0,15
10139,506,1328,1528,0.50273597240448,0,15
10140,507,1340,1703,0.6193438768386841,1,1
10141,507,1340,1803,0.4997401535511017,0,1
10142,507,1340,2017,0.5019249320030212,0,1
10143,507,1340,559,0.5051106214523315,0,1
10144,507,1340,1821,0.5084440112113953,0,1
10145,507,1340,647,0.5105210542678833,0,1
10146,507,1340,878,0.49969667196273804,0,1
10147,507,1340,782,0.5031982064247131,0,1
10148,507,1340,173,0.509341835975647,0,1
10149,507,1340,393,0.5014179348945618,0,1
10150,507,1340,1284,0.5010676383972168,0,1
10151,507,1340,843,0.4995252192020416,0,1
10152,507,1340,1482,0.50072181224823,0,1
10153,507,1340,1290,0.5002411603927612,0,1
10154,507,1340,1567,0.5087047219276428,0,1
10155,507,1340,244,0.5029032826423645,0,1
10156,507,1340,1929,0.5062089562416077,0,1
10157,507,1340,1871,0.5089172124862671,0,1
10158,507,1340,156,0.5018825531005859,0,1
10159,507,1340,501,0.5084157586097717,0,1
10160,508,2508,983,0.5082903504371643,1,3
10161,508,2508,1961,0.5074126124382019,0,3
10162,508,2508,1850,0.5043654441833496,0,3
10163,508,2508,1326,0.5067311525344849,0,3
10164,508,2508,255,0.5073871612548828,0,3
10165,508,2508,2003,0.500136137008667,0,3
10166,508,2508,455,0.5126580595970154,0,3
10167,508,2508,769,0.5035213232040405,0,3
10168,508,2508,83,0.5054832696914673,0,3
10169,508,2508,207,0.5042645335197449,0,3
10170,508,2508,663,0.502895176410675,0,3
10171,508,2508,1742,0.5039266347885132,0,3
10172,508,2508,1659,0.5030336380004883,0,3
10173,508,2508,1788,0.5073409080505371,0,3
10174,508,2508,1803,0.4995390772819519,0,3
10175,508,2508,125,0.5036593675613403,0,3
10176,508,2508,1498,0.503963053226471,0,3
10177,508,2508,1548,0.5210767984390259,0,3
10178,508,2508,1279,0.501953125,0,3
10179,508,2508,420,0.5008412599563599,0,3
10180,509,1966,1044,0.4997560381889343,1,17
10181,509,1966,1738,0.4999082386493683,0,17
10182,509,1966,668,0.49951696395874023,0,17
10183,509,1966,449,0.5068154335021973,0,17
10184,509,1966,131,0.5023579597473145,0,17
10185,509,1966,1941,0.5027029514312744,0,17
10186,509,1966,1851,0.5039267539978027,0,17
10187,509,1966,1620,0.659474790096283,0,17
10188,509,1966,1305,0.49979785084724426,0,17
10189,509,1966,319,0.504817008972168,0,17
10190,509,1966,1324,0.4996812045574188,0,17
10191,509,1966,1431,0.5026105642318726,0,17
10192,509,1966,1611,0.5001149773597717,0,17
10193,509,1966,609,0.49988701939582825,0,17
10194,509,1966,1879,0.502383291721344,0,17
10195,509,1966,162,0.5023089051246643,0,17
10196,509,1966,1944,0.4996802508831024,0,17
10197,509,1966,100,0.5014906525611877,0,17
10198,509,1966,2005,0.5021847486495972,0,17
10199,509,1966,1964,0.5026767253875732,0,17
10200,510,3577,507,0.5002767443656921,1,19
10201,510,3577,1782,0.5023351907730103,0,19
10202,510,3577,1185,0.5019133687019348,0,19
10203,510,3577,1584,0.5008242130279541,0,19
10204,510,3577,1143,0.500379741191864,0,19
10205,510,3577,1867,0.5234389901161194,0,19
10206,510,3577,339,0.5024099349975586,0,19
10207,510,3577,1230,0.504307746887207,0,19
10208,510,3577,1654,0.5149413347244263,0,19
10209,510,3577,150,0.5022808313369751,0,19
10210,510,3577,1023,0.5121546983718872,0,19
10211,510,3577,1277,0.5075678825378418,0,19
10212,510,3577,1077,0.5032941102981567,0,19
10213,510,3577,1818,0.5043836236000061,0,19
10214,510,3577,556,0.5023190975189209,0,19
10215,510,3577,145,0.5035370588302612,0,19
10216,510,3577,1543,0.5025916695594788,0,19
10217,510,3577,967,0.5018171072006226,0,19
10218,510,3577,1537,0.5002440214157104,0,19
10219,510,3577,151,0.5372349619865417,0,19
10220,511,2622,267,0.500155508518219,1,18
10221,511,2622,27,0.5025781393051147,0,18
10222,511,2622,744,0.5023044943809509,0,18
10223,511,2622,305,0.5028476119041443,0,18
10224,511,2622,1998,0.500923216342926,0,18
10225,511,2622,1236,0.5024409890174866,0,18
10226,511,2622,1407,0.50269615650177,0,18
10227,511,2622,712,0.5018930435180664,0,18
10228,511,2622,1305,0.500185489654541,0,18
10229,511,2622,1452,0.5001057982444763,0,18
10230,511,2622,665,0.4999818205833435,0,18
10231,511,2622,1657,0.5013464689254761,0,18
10232,511,2622,658,0.5064595937728882,0,18
10233,511,2622,1891,0.5056177377700806,0,18
10234,511,2622,1845,0.5054036974906921,0,18
10235,511,2622,1690,0.5018624067306519,0,18
10236,511,2622,1130,0.5017672777175903,0,18
10237,511,2622,190,0.5018723011016846,0,18
10238,511,2622,531,0.5002140402793884,0,18
10239,511,2622,1798,0.5017502903938293,0,18
10240,512,184,1719,0.5219646096229553,1,1
10241,512,184,1763,0.4995531141757965,0,1
10242,512,184,797,0.49940311908721924,0,1
10243,512,184,2054,0.5023317337036133,0,1
10244,512,184,587,0.4993225038051605,0,1
10245,512,184,179,0.5109385848045349,0,1
10246,512,184,265,0.5027399659156799,0,1
10247,512,184,1063,0.4986826479434967,0,1
10248,512,184,750,0.504366934299469,0,1
10249,512,184,236,0.5028462409973145,0,1
10250,512,184,1995,0.5139064192771912,0,1
10251,512,184,526,0.5028126835823059,0,1
10252,512,184,371,0.4992346465587616,0,1
10253,512,184,809,0.500929594039917,0,1
10254,512,184,1412,0.5014343857765198,0,1
10255,512,184,1106,0.5023433566093445,0,1
10256,512,184,1230,0.507907509803772,0,1
10257,512,184,304,0.4992908835411072,0,1
10258,512,184,672,0.49889642000198364,0,1
10259,512,184,1678,0.5106898546218872,0,1
10260,513,3219,653,0.5003233551979065,1,16
10261,513,3219,540,0.5050354599952698,0,16
10262,513,3219,606,0.5011518597602844,0,16
10263,513,3219,1977,0.5013939142227173,0,16
10264,513,3219,1072,0.5011816620826721,0,16
10265,513,3219,505,0.5006795525550842,0,16
10266,513,3219,344,0.5003842115402222,0,16
10267,513,3219,1215,0.5017584562301636,0,16
10268,513,3219,11,0.5003286004066467,0,16
10269,513,3219,446,0.5002391934394836,0,16
10270,513,3219,818,0.5063321590423584,0,16
10271,513,3219,1609,0.5019354224205017,0,16
10272,513,3219,407,0.5086220502853394,0,16
10273,513,3219,1816,0.5005025863647461,0,16
10274,513,3219,1841,0.5001795291900635,0,16
10275,513,3219,140,0.5008100867271423,0,16
10276,513,3219,928,0.5018415451049805,0,16
10277,513,3219,489,0.5000132918357849,0,16
10278,513,3219,1264,0.5008080005645752,0,16
10279,513,3219,53,0.5002861618995667,0,16
10280,514,3825,854,0.5008500814437866,1,9
10281,514,3825,827,0.5008362531661987,0,9
10282,514,3825,2009,0.5007221698760986,0,9
10283,514,3825,422,0.5009192824363708,0,9
10284,514,3825,1431,0.5009524822235107,0,9
10285,514,3825,517,0.5007833242416382,0,9
10286,514,3825,1105,0.5008246302604675,0,9
10287,514,3825,2052,0.5012626647949219,0,9
10288,514,3825,1196,0.5007147192955017,0,9
10289,514,3825,2012,0.5008382797241211,0,9
10290,514,3825,441,0.5011109113693237,0,9
10291,514,3825,297,0.5009346008300781,0,9
10292,514,3825,1688,0.5008281469345093,0,9
10293,514,3825,544,0.5007305145263672,0,9
10294,514,3825,957,0.500882089138031,0,9
10295,514,3825,681,0.5007073283195496,0,9
10296,514,3825,214,0.5007562041282654,0,9
10297,514,3825,1630,0.5017735362052917,0,9
10298,514,3825,1311,0.5008032917976379,0,9
10299,514,3825,871,0.5008867383003235,0,9
10300,515,172,1697,0.5021476149559021,1,11
10301,515,172,280,0.5019306540489197,0,11
10302,515,172,148,0.5111895799636841,0,11
10303,515,172,821,0.49907296895980835,0,11
10304,515,172,710,0.5032237768173218,0,11
10305,515,172,632,0.5035648941993713,0,11
10306,515,172,1471,0.5005115270614624,0,11
10307,515,172,532,0.5001434087753296,0,11
10308,515,172,831,0.511681318283081,0,11
10309,515,172,41,0.5111905336380005,0,11
10310,515,172,1324,0.49955669045448303,0,11
10311,515,172,677,0.4995203912258148,0,11
10312,515,172,791,0.5042722821235657,0,11
10313,515,172,456,0.5045919418334961,0,11
10314,515,172,933,0.5051125884056091,0,11
10315,515,172,1813,0.5079176425933838,0,11
10316,515,172,2048,0.4998370409011841,0,11
10317,515,172,1780,0.5008007884025574,0,11
10318,515,172,1371,0.5025267004966736,0,11
10319,515,172,58,0.5018253922462463,0,11
10320,516,2194,1916,0.5002267360687256,1,20
10321,516,2194,1680,0.5021024346351624,0,20
10322,516,2194,269,0.501706063747406,0,20
10323,516,2194,303,0.5047226548194885,0,20
10324,516,2194,2002,0.5041165351867676,0,20
10325,516,2194,1619,0.5002471208572388,0,20
10326,516,2194,129,0.5002308487892151,0,20
10327,516,2194,1010,0.5025951862335205,0,20
10328,516,2194,47,0.5023790001869202,0,20
10329,516,2194,1141,0.5010872483253479,0,20
10330,516,2194,248,0.5028578042984009,0,20
10331,516,2194,1344,0.5022652745246887,0,20
10332,516,2194,1719,0.5098063945770264,0,20
10333,516,2194,438,0.5028989911079407,0,20
10334,516,2194,1612,0.5020354986190796,0,20
10335,516,2194,946,0.5092489719390869,0,20
10336,516,2194,778,0.5207012295722961,0,20
10337,516,2194,1928,0.5042343139648438,0,20
10338,516,2194,777,0.5025066137313843,0,20
10339,516,2194,1590,0.5061777830123901,0,20
10340,517,313,159,0.5207805633544922,1,1
10341,517,313,1016,0.5036738514900208,0,1
10342,517,313,1495,0.5020772814750671,0,1
10343,517,313,507,0.5001780390739441,0,1
10344,517,313,1785,0.5035491585731506,0,1
10345,517,313,1458,0.5013853907585144,0,1
10346,517,313,1872,0.5001487135887146,0,1
10347,517,313,673,0.49978408217430115,0,1
10348,517,313,472,0.5080386996269226,0,1
10349,517,313,893,0.5001488327980042,0,1
10350,517,313,1635,0.5003858804702759,0,1
10351,517,313,1155,0.5038779377937317,0,1
10352,517,313,734,0.503495991230011,0,1
10353,517,313,1909,0.5020617842674255,0,1
10354,517,313,239,0.5003321170806885,0,1
10355,517,313,241,0.5013617873191833,0,1
10356,517,313,297,0.5069471597671509,0,1
10357,517,313,1857,0.5035259127616882,0,1
10358,517,313,1963,0.5059273838996887,0,1
10359,517,313,1841,0.500088632106781,0,1
10360,518,3403,902,0.5002659559249878,1,20
10361,518,3403,1921,0.5003620386123657,0,20
10362,518,3403,594,0.5078096985816956,0,20
10363,518,3403,1443,0.5009950995445251,0,20
10364,518,3403,847,0.5012142658233643,0,20
10365,518,3403,892,0.5013579726219177,0,20
10366,518,3403,332,0.5013853907585144,0,20
10367,518,3403,1155,0.5013882517814636,0,20
10368,518,3403,569,0.5008505582809448,0,20
10369,518,3403,75,0.500456690788269,0,20
10370,518,3403,1015,0.5008884072303772,0,20
10371,518,3403,1262,0.5012350678443909,0,20
10372,518,3403,88,0.5007978081703186,0,20
10373,518,3403,1926,0.5009117722511292,0,20
10374,518,3403,2037,0.5018800497055054,0,20
10375,518,3403,1249,0.5002758502960205,0,20
10376,518,3403,100,0.5006697773933411,0,20
10377,518,3403,2039,0.5031015872955322,0,20
10378,518,3403,1568,0.5004296898841858,0,20
10379,518,3403,766,0.5004392862319946,0,20
10380,519,3499,169,0.5001499056816101,1,16
10381,519,3499,893,0.5001665353775024,0,16
10382,519,3499,368,0.5041684508323669,0,16
10383,519,3499,1776,0.5035787224769592,0,16
10384,519,3499,2019,0.5007696747779846,0,16
10385,519,3499,1149,0.4998597204685211,0,16
10386,519,3499,326,0.4999305009841919,0,16
10387,519,3499,930,0.5068175792694092,0,16
10388,519,3499,833,0.502295196056366,0,16
10389,519,3499,802,0.5017173290252686,0,16
10390,519,3499,260,0.5004864931106567,0,16
10391,519,3499,484,0.4997514486312866,0,16
10392,519,3499,178,0.5000997185707092,0,16
10393,519,3499,433,0.5127629637718201,0,16
10394,519,3499,388,0.5007027387619019,0,16
10395,519,3499,874,0.5013641715049744,0,16
10396,519,3499,727,0.5002048015594482,0,16
10397,519,3499,676,0.5024528503417969,0,16
10398,519,3499,1060,0.502470850944519,0,16
10399,519,3499,761,0.5054619312286377,0,16
10400,520,1142,1548,0.5080174207687378,1,2
10401,520,1142,1319,0.5003705024719238,0,2
10402,520,1142,612,0.5004519820213318,0,2
10403,520,1142,1536,0.5186083912849426,0,2
10404,520,1142,1268,0.504690408706665,0,2
10405,520,1142,1084,0.5014029145240784,0,2
10406,520,1142,310,0.5019624829292297,0,2
10407,520,1142,1931,0.501874566078186,0,2
10408,520,1142,1093,0.5004359483718872,0,2
10409,520,1142,462,0.5068128108978271,0,2
10410,520,1142,1168,0.5073599219322205,0,2
10411,520,1142,370,0.5021335482597351,0,2
10412,520,1142,383,0.5026082396507263,0,2
10413,520,1142,406,0.5019153952598572,0,2
10414,520,1142,634,0.5003436207771301,0,2
10415,520,1142,1784,0.5014544725418091,0,2
10416,520,1142,437,0.5028057098388672,0,2
10417,520,1142,483,0.5072464942932129,0,2
10418,520,1142,1498,0.502241849899292,0,2
10419,520,1142,283,0.5030183792114258,0,2
10420,521,41,766,0.5001978874206543,1,18
10421,521,41,658,0.5094032883644104,0,18
10422,521,41,46,0.5000564455986023,0,18
10423,521,41,1064,0.5025995373725891,0,18
10424,521,41,1323,0.574893593788147,0,18
10425,521,41,1333,0.5083592534065247,0,18
10426,521,41,237,0.5147841572761536,0,18
10427,521,41,153,0.5095450282096863,0,18
10428,521,41,2071,0.5023118853569031,0,18
10429,521,41,501,0.5070436000823975,0,18
10430,521,41,1582,0.501711905002594,0,18
10431,521,41,1330,0.5000160336494446,0,18
10432,521,41,81,0.5015854835510254,0,18
10433,521,41,715,0.5017882585525513,0,18
10434,521,41,1420,0.5019629597663879,0,18
10435,521,41,291,0.5020106434822083,0,18
10436,521,41,1500,0.5034220218658447,0,18
10437,521,41,1837,0.5038432478904724,0,18
10438,521,41,1888,0.502872884273529,0,18
10439,521,41,1959,0.502116322517395,0,18
10440,522,2600,2060,0.5024818181991577,1,8
10441,522,2600,285,0.5024891495704651,0,8
10442,522,2600,1331,0.5005531907081604,0,8
10443,522,2600,618,0.5021348595619202,0,8
10444,522,2600,712,0.5025206208229065,0,8
10445,522,2600,2021,0.5012973546981812,0,8
10446,522,2600,782,0.5017895698547363,0,8
10447,522,2600,1100,0.5007801651954651,0,8
10448,522,2600,804,0.5014243125915527,0,8
10449,522,2600,891,0.5038079619407654,0,8
10450,522,2600,1867,0.51164710521698,0,8
10451,522,2600,257,0.5025339722633362,0,8
10452,522,2600,1124,0.5098795890808105,0,8
10453,522,2600,1515,0.5065657496452332,0,8
10454,522,2600,1409,0.5006297826766968,0,8
10455,522,2600,1293,0.5009654760360718,0,8
10456,522,2600,1291,0.5012154579162598,0,8
10457,522,2600,322,0.5015676021575928,0,8
10458,522,2600,1740,0.5004968643188477,0,8
10459,522,2600,211,0.501426637172699,0,8
10460,523,258,1822,0.5150446891784668,1,4
10461,523,258,654,0.5140761733055115,0,4
10462,523,258,857,0.49806901812553406,0,4
10463,523,258,833,0.5052841901779175,0,4
10464,523,258,132,0.5025050640106201,0,4
10465,523,258,490,0.5062277317047119,0,4
10466,523,258,94,0.5318329334259033,0,4
10467,523,258,478,0.5015127062797546,0,4
10468,523,258,1462,0.49951493740081787,0,4
10469,523,258,301,0.5342003703117371,0,4
10470,523,258,1804,0.5001187324523926,0,4
10471,523,258,593,0.4987331032752991,0,4
10472,523,258,41,0.5217201709747314,0,4
10473,523,258,701,0.49817556142807007,0,4
10474,523,258,92,0.5086924433708191,0,4
10475,523,258,1573,0.5072076916694641,0,4
10476,523,258,1261,0.5074874758720398,0,4
10477,523,258,931,0.4995041787624359,0,4
10478,523,258,1574,0.5040805339813232,0,4
10479,523,258,451,0.513116180896759,0,4
10480,524,1086,1942,0.5168587565422058,1,1
10481,524,1086,1635,0.500138521194458,0,1
10482,524,1086,1645,0.5029487609863281,0,1
10483,524,1086,1586,0.5025149583816528,0,1
10484,524,1086,1370,0.5089083313941956,0,1
10485,524,1086,236,0.5017603635787964,0,1
10486,524,1086,486,0.49997174739837646,0,1
10487,524,1086,1753,0.5020742416381836,0,1
10488,524,1086,339,0.5021994709968567,0,1
10489,524,1086,1848,0.5061534643173218,0,1
10490,524,1086,767,0.5000950694084167,0,1
10491,524,1086,1008,0.5028212666511536,0,1
10492,524,1086,929,0.501192569732666,0,1
10493,524,1086,1810,0.5039634704589844,0,1
10494,524,1086,301,0.5111238956451416,0,1
10495,524,1086,1593,0.5017152428627014,0,1
10496,524,1086,939,0.4999687075614929,0,1
10497,524,1086,1210,0.5027575492858887,0,1
10498,524,1086,819,0.5060708522796631,0,1
10499,524,1086,1754,0.5001810193061829,0,1
10500,525,1003,949,0.5001799464225769,1,19
10501,525,1003,754,0.5043562650680542,0,19
10502,525,1003,1832,0.5073601603507996,0,19
10503,525,1003,1005,0.5036322474479675,0,19
10504,525,1003,39,0.5021488666534424,0,19
10505,525,1003,1149,0.5000446438789368,0,19
10506,525,1003,1039,0.5019621253013611,0,19
10507,525,1003,1470,0.5049929618835449,0,19
10508,525,1003,1147,0.5097032785415649,0,19
10509,525,1003,1928,0.5037840604782104,0,19
10510,525,1003,1099,0.5037856101989746,0,19
10511,525,1003,308,0.5209668278694153,0,19
10512,525,1003,163,0.5010942816734314,0,19
10513,525,1003,161,0.5002418756484985,0,19
10514,525,1003,335,0.5027005672454834,0,19
10515,525,1003,513,0.504081130027771,0,19
10516,525,1003,92,0.5039690732955933,0,19
10517,525,1003,1755,0.503774881362915,0,19
10518,525,1003,565,0.5031270384788513,0,19
10519,525,1003,1208,0.5002928376197815,0,19
10520,526,4106,1386,0.5008569359779358,1,15
10521,526,4106,612,0.5004627704620361,0,15
10522,526,4106,967,0.5014136433601379,0,15
10523,526,4106,1901,0.5037127733230591,0,15
10524,526,4106,1445,0.5133123993873596,0,15
10525,526,4106,1808,0.5071033835411072,0,15
10526,526,4106,1620,0.538892924785614,0,15
10527,526,4106,9,0.5004470348358154,0,15
10528,526,4106,722,0.5007944107055664,0,15
10529,526,4106,1339,0.5012893676757812,0,15
10530,526,4106,1761,0.5006972551345825,0,15
10531,526,4106,639,0.5021713972091675,0,15
10532,526,4106,314,0.5005035996437073,0,15
10533,526,4106,1184,0.5021034479141235,0,15
10534,526,4106,980,0.5108062028884888,0,15
10535,526,4106,277,0.501603364944458,0,15
10536,526,4106,1888,0.5015125870704651,0,15
10537,526,4106,1444,0.502398669719696,0,15
10538,526,4106,1487,0.5009599924087524,0,15
10539,526,4106,576,0.5011846423149109,0,15
10540,527,892,1632,0.5926728844642639,1,2
10541,527,892,1031,0.5025063157081604,0,2
10542,527,892,757,0.5007228255271912,0,2
10543,527,892,1172,0.4997158348560333,0,2
10544,527,892,1168,0.518232524394989,0,2
10545,527,892,259,0.5066536664962769,0,2
10546,527,892,60,0.5025997161865234,0,2
10547,527,892,1842,0.5092981457710266,0,2
10548,527,892,120,0.5116062760353088,0,2
10549,527,892,1623,0.5030831098556519,0,2
10550,527,892,436,0.6264963150024414,0,2
10551,527,892,2061,0.4998638331890106,0,2
10552,527,892,478,0.5016106963157654,0,2
10553,527,892,1823,0.5211255550384521,0,2
10554,527,892,452,0.5021686553955078,0,2
10555,527,892,1697,0.502478301525116,0,2
10556,527,892,906,0.49955567717552185,0,2
10557,527,892,1215,0.5017756819725037,0,2
10558,527,892,257,0.5072225332260132,0,2
10559,527,892,940,0.5010383129119873,0,2
10560,528,153,1203,0.506338894367218,1,4
10561,528,153,774,0.503057062625885,0,4
10562,528,153,24,0.5036212801933289,0,4
10563,528,153,1900,0.5061061978340149,0,4
10564,528,153,567,0.5173192620277405,0,4
10565,528,153,1339,0.5034278035163879,0,4
10566,528,153,860,0.5026200413703918,0,4
10567,528,153,169,0.5001355409622192,0,4
10568,528,153,560,0.501815140247345,0,4
10569,528,153,981,0.5027480721473694,0,4
10570,528,153,1275,0.5000801682472229,0,4
10571,528,153,1095,0.5071479082107544,0,4
10572,528,153,1115,0.501221239566803,0,4
10573,528,153,622,0.49996936321258545,0,4
10574,528,153,73,0.5018923878669739,0,4
10575,528,153,1531,0.5002678632736206,0,4
10576,528,153,533,0.513146698474884,0,4
10577,528,153,313,0.5002325773239136,0,4
10578,528,153,396,0.5017315745353699,0,4
10579,528,153,108,0.5041160583496094,0,4
10580,529,695,719,0.5615937113761902,1,3
10581,529,695,915,0.5046069622039795,0,3
10582,529,695,776,0.5000404715538025,0,3
10583,529,695,1828,0.5666064023971558,0,3
10584,529,695,303,0.5131481289863586,0,3
10585,529,695,2075,0.5005658864974976,0,3
10586,529,695,281,0.4992865324020386,0,3
10587,529,695,121,0.5134578943252563,0,3
10588,529,695,636,0.5071922540664673,0,3
10589,529,695,255,0.5118135213851929,0,3
10590,529,695,828,0.5082559585571289,0,3
10591,529,695,1230,0.5101448893547058,0,3
10592,529,695,1645,0.5087915062904358,0,3
10593,529,695,1703,0.7822858095169067,0,3
10594,529,695,685,0.5052302479743958,0,3
10595,529,695,1830,0.5035834908485413,0,3
10596,529,695,1066,0.5012977123260498,0,3
10597,529,695,1624,0.4994731843471527,0,3
10598,529,695,708,0.5089460611343384,0,3
10599,529,695,0,0.5032477378845215,0,3
10600,530,3406,1756,0.49969589710235596,1,19
10601,530,3406,116,0.4998306632041931,0,19
10602,530,3406,940,0.5011212825775146,0,19
10603,530,3406,2040,0.502294659614563,0,19
10604,530,3406,775,0.4996177554130554,0,19
10605,530,3406,68,0.5018294453620911,0,19
10606,530,3406,1001,0.49971476197242737,0,19
10607,530,3406,377,0.5093762874603271,0,19
10608,530,3406,426,0.5148653984069824,0,19
10609,530,3406,1375,0.504223108291626,0,19
10610,530,3406,348,0.5011035799980164,0,19
10611,530,3406,1845,0.5090997815132141,0,19
10612,530,3406,304,0.49998635053634644,0,19
10613,530,3406,1252,0.4999234676361084,0,19
10614,530,3406,923,0.5304874181747437,0,19
10615,530,3406,1940,0.5058401823043823,0,19
10616,530,3406,994,0.49987557530403137,0,19
10617,530,3406,1601,0.5014408230781555,0,19
10618,530,3406,1432,0.5018324255943298,0,19
10619,530,3406,33,0.5084168314933777,0,19
10620,531,2787,312,0.5024572014808655,1,16
10621,531,2787,2016,0.503147304058075,0,16
10622,531,2787,1705,0.5128733515739441,0,16
10623,531,2787,778,0.5226829051971436,0,16
10624,531,2787,1579,0.5070323348045349,0,16
10625,531,2787,1020,0.5073493719100952,0,16
10626,531,2787,33,0.5091785788536072,0,16
10627,531,2787,145,0.5035539865493774,0,16
10628,531,2787,1320,0.5049954056739807,0,16
10629,531,2787,455,0.5094236135482788,0,16
10630,531,2787,1157,0.524834930896759,0,16
10631,531,2787,1578,0.5442140102386475,0,16
10632,531,2787,1496,0.5014256834983826,0,16
10633,531,2787,1497,0.502799928188324,0,16
10634,531,2787,949,0.5004106163978577,0,16
10635,531,2787,1804,0.5017408728599548,0,16
10636,531,2787,47,0.5039710402488708,0,16
10637,531,2787,2026,0.5050560235977173,0,16
10638,531,2787,1084,0.5019403696060181,0,16
10639,531,2787,1730,0.5135002732276917,0,16
10640,532,1869,1381,0.5032184720039368,1,3
10641,532,1869,2080,0.501367449760437,0,3
10642,532,1869,2052,0.5016005635261536,0,3
10643,532,1869,1682,0.5020427107810974,0,3
10644,532,1869,439,0.514061689376831,0,3
10645,532,1869,1870,0.5011464357376099,0,3
10646,532,1869,1245,0.5034313797950745,0,3
10647,532,1869,115,0.500496506690979,0,3
10648,532,1869,740,0.5005097985267639,0,3
10649,532,1869,906,0.500139594078064,0,3
10650,532,1869,1816,0.5005473494529724,0,3
10651,532,1869,1199,0.500349760055542,0,3
10652,532,1869,479,0.502760648727417,0,3
10653,532,1869,576,0.5022607445716858,0,3
10654,532,1869,252,0.5006418824195862,0,3
10655,532,1869,1750,0.502835750579834,0,3
10656,532,1869,1116,0.5015979409217834,0,3
10657,532,1869,1235,0.5015583634376526,0,3
10658,532,1869,506,0.5019959211349487,0,3
10659,532,1869,1495,0.5024686455726624,0,3
10660,533,1185,1792,0.5053728818893433,1,5
10661,533,1185,1882,0.5000816583633423,0,5
10662,533,1185,311,0.5052095055580139,0,5
10663,533,1185,2061,0.5005205869674683,0,5
10664,533,1185,343,0.5002283453941345,0,5
10665,533,1185,1238,0.50152587890625,0,5
10666,533,1185,166,0.5003634691238403,0,5
10667,533,1185,1859,0.5059282183647156,0,5
10668,533,1185,155,0.5011383891105652,0,5
10669,533,1185,1290,0.5007631182670593,0,5
10670,533,1185,1242,0.5008553266525269,0,5
10671,533,1185,1806,0.6145354509353638,0,5
10672,533,1185,1891,0.5055292248725891,0,5
10673,533,1185,100,0.5010821223258972,0,5
10674,533,1185,1170,0.5092722773551941,0,5
10675,533,1185,1565,0.5016919374465942,0,5
10676,533,1185,232,0.5005699992179871,0,5
10677,533,1185,1113,0.5022101402282715,0,5
10678,533,1185,603,0.5004709959030151,0,5
10679,533,1185,57,0.5025057196617126,0,5
10680,534,3221,1305,0.5007005333900452,1,19
10681,534,3221,1885,0.5014269351959229,0,19
10682,534,3221,1433,0.5015097260475159,0,19
10683,534,3221,187,0.5023142695426941,0,19
10684,534,3221,649,0.5027186274528503,0,19
10685,534,3221,1252,0.5005924701690674,0,19
10686,534,3221,490,0.501944899559021,0,19
10687,534,3221,883,0.5042771697044373,0,19
10688,534,3221,85,0.5014836192131042,0,19
10689,534,3221,299,0.5012317299842834,0,19
10690,534,3221,931,0.5007283091545105,0,19
10691,534,3221,1198,0.5022043585777283,0,19
10692,534,3221,1820,0.5015133619308472,0,19
10693,534,3221,726,0.5019791722297668,0,19
10694,534,3221,2033,0.5016621351242065,0,19
10695,534,3221,809,0.5011202096939087,0,19
10696,534,3221,517,0.5018518567085266,0,19
10697,534,3221,1508,0.5030084252357483,0,19
10698,534,3221,1288,0.5021858811378479,0,19
10699,534,3221,1628,0.50114506483078,0,19
10700,535,2014,1256,0.5004614591598511,1,17
10701,535,2014,1344,0.5022532343864441,0,17
10702,535,2014,1948,0.5066134929656982,0,17
10703,535,2014,1162,0.5001598596572876,0,17
10704,535,2014,759,0.5004575848579407,0,17
10705,535,2014,927,0.503129780292511,0,17
10706,535,2014,1565,0.5024284720420837,0,17
10707,535,2014,439,0.5234488248825073,0,17
10708,535,2014,1079,0.5044386386871338,0,17
10709,535,2014,1102,0.5021249651908875,0,17
10710,535,2014,1000,0.509354293346405,0,17
10711,535,2014,1330,0.5004227161407471,0,17
10712,535,2014,501,0.5083343982696533,0,17
10713,535,2014,2075,0.5005338788032532,0,17
10714,535,2014,690,0.5065338015556335,0,17
10715,535,2014,1297,0.5017925500869751,0,17
10716,535,2014,1873,0.502585768699646,0,17
10717,535,2014,431,0.5055732727050781,0,17
10718,535,2014,1244,0.50152587890625,0,17
10719,535,2014,934,0.5045621395111084,0,17
10720,536,2854,2067,0.5031372904777527,1,5
10721,536,2854,1432,0.5020977258682251,0,5
10722,536,2854,2011,0.5011693239212036,0,5
10723,536,2854,814,0.5021281838417053,0,5
10724,536,2854,1540,0.5001247525215149,0,5
10725,536,2854,649,0.505144476890564,0,5
10726,536,2854,884,0.5020800232887268,0,5
10727,536,2854,636,0.5023928880691528,0,5
10728,536,2854,715,0.5025901198387146,0,5
10729,536,2854,851,0.5023765563964844,0,5
10730,536,2854,2030,0.5037572383880615,0,5
10731,536,2854,544,0.5016011595726013,0,5
10732,536,2854,56,0.5038790702819824,0,5
10733,536,2854,1196,0.5027945637702942,0,5
10734,536,2854,281,0.500770628452301,0,5
10735,536,2854,1994,0.501498281955719,0,5
10736,536,2854,16,0.5004843473434448,0,5
10737,536,2854,1009,0.5026659965515137,0,5
10738,536,2854,1948,0.5060123205184937,0,5
10739,536,2854,1634,0.5018754005432129,0,5
10740,537,3005,1815,0.5002097487449646,1,20
10741,537,3005,188,0.5041477680206299,0,20
10742,537,3005,914,0.5101339221000671,0,20
10743,537,3005,1889,0.5024440884590149,0,20
10744,537,3005,837,0.5084529519081116,0,20
10745,537,3005,192,0.5008860230445862,0,20
10746,537,3005,1151,0.5010261535644531,0,20
10747,537,3005,485,0.5013039112091064,0,20
10748,537,3005,30,0.5002369284629822,0,20
10749,537,3005,239,0.5003480911254883,0,20
10750,537,3005,1234,0.5019111037254333,0,20
10751,537,3005,824,0.5025243163108826,0,20
10752,537,3005,159,0.5107918977737427,0,20
10753,537,3005,1165,0.5013893246650696,0,20
10754,537,3005,1264,0.5008629560470581,0,20
10755,537,3005,1685,0.500232458114624,0,20
10756,537,3005,422,0.5016877055168152,0,20
10757,537,3005,1327,0.5041391849517822,0,20
10758,537,3005,2064,0.5007686018943787,0,20
10759,537,3005,34,0.5018631219863892,0,20
10760,538,3903,372,0.5007919669151306,1,16
10761,538,3903,794,0.500834047794342,0,16
10762,538,3903,1173,0.5007806420326233,0,16
10763,538,3903,811,0.5008040070533752,0,16
10764,538,3903,1209,0.501129150390625,0,16
10765,538,3903,1806,0.4964270293712616,0,16
10766,538,3903,1201,0.500819206237793,0,16
10767,538,3903,894,0.5009116530418396,0,16
10768,538,3903,1098,0.5008162260055542,0,16
10769,538,3903,1883,0.5008916854858398,0,16
10770,538,3903,1046,0.5008469820022583,0,16
10771,538,3903,1370,0.5010177493095398,0,16
10772,538,3903,1502,0.500795841217041,0,16
10773,538,3903,657,0.5008977055549622,0,16
10774,538,3903,979,0.5008912682533264,0,16
10775,538,3903,1985,0.5011366605758667,0,16
10776,538,3903,373,0.5008891224861145,0,16
10777,538,3903,746,0.5006459951400757,0,16
10778,538,3903,891,0.5010937452316284,0,16
10779,538,3903,459,0.5007380843162537,0,16
10780,539,871,436,0.5541072487831116,1,1
10781,539,871,415,0.5027294158935547,0,1
10782,539,871,680,0.5144164562225342,0,1
10783,539,871,858,0.5013095140457153,0,1
10784,539,871,2010,0.500180184841156,0,1
10785,539,871,1945,0.4999375343322754,0,1
10786,539,871,776,0.5001145005226135,0,1
10787,539,871,145,0.5026668310165405,0,1
10788,539,871,1365,0.5089324712753296,0,1
10789,539,871,33,0.5066512823104858,0,1
10790,539,871,2015,0.5000929236412048,0,1
10791,539,871,3,0.5014643669128418,0,1
10792,539,871,53,0.5000666379928589,0,1
10793,539,871,1766,0.5021102428436279,0,1
10794,539,871,830,0.5011033415794373,0,1
10795,539,871,386,0.5001440048217773,0,1
10796,539,871,604,0.500027060508728,0,1
10797,539,871,1177,0.5040335059165955,0,1
10798,539,871,2080,0.5018914341926575,0,1
10799,539,871,382,0.49994194507598877,0,1
10800,540,1021,82,0.5080451965332031,1,8
10801,540,1021,609,0.4999912977218628,0,8
10802,540,1021,871,0.5035314559936523,0,8
10803,540,1021,761,0.5091878175735474,0,8
10804,540,1021,279,0.5010693669319153,0,8
10805,540,1021,234,0.5097116231918335,0,8
10806,540,1021,1112,0.5094150900840759,0,8
10807,540,1021,1428,0.5073171854019165,0,8
10808,540,1021,1691,0.5085376501083374,0,8
10809,540,1021,252,0.49942928552627563,0,8
10810,540,1021,23,0.49953848123550415,0,8
10811,540,1021,84,0.5030903220176697,0,8
10812,540,1021,398,0.5331916213035583,0,8
10813,540,1021,1269,0.5058745741844177,0,8
10814,540,1021,1001,0.49964359402656555,0,8
10815,540,1021,1238,0.5037837028503418,0,8
10816,540,1021,1092,0.5278874039649963,0,8
10817,540,1021,763,0.5027226805686951,0,8
10818,540,1021,1826,0.5025561451911926,0,8
10819,540,1021,91,0.5124272108078003,0,8
10820,541,2597,1011,0.515007734298706,1,5
10821,541,2597,1065,0.5048186779022217,0,5
10822,541,2597,1547,0.5080714225769043,0,5
10823,541,2597,983,0.5053725838661194,0,5
10824,541,2597,270,0.49992144107818604,0,5
10825,541,2597,541,0.5072235465049744,0,5
10826,541,2597,363,0.5000200867652893,0,5
10827,541,2597,481,0.5025310516357422,0,5
10828,541,2597,1559,0.5295954942703247,0,5
10829,541,2597,600,0.5225849747657776,0,5
10830,541,2597,937,0.5000768303871155,0,5
10831,541,2597,1298,0.5038959383964539,0,5
10832,541,2597,1654,0.5190634727478027,0,5
10833,541,2597,1857,0.5045405030250549,0,5
10834,541,2597,52,0.5008400082588196,0,5
10835,541,2597,2006,0.5069839954376221,0,5
10836,541,2597,1428,0.5038797855377197,0,5
10837,541,2597,338,0.5012422800064087,0,5
10838,541,2597,830,0.5015093684196472,0,5
10839,541,2597,1405,0.5275224447250366,0,5
10840,542,311,1571,0.5024125576019287,1,9
10841,542,311,435,0.5036655068397522,0,9
10842,542,311,1544,0.5022369027137756,0,9
10843,542,311,1637,0.5014570355415344,0,9
10844,542,311,2021,0.5023898482322693,0,9
10845,542,311,1420,0.5026935338973999,0,9
10846,542,311,469,0.5108070969581604,0,9
10847,542,311,1362,0.502212643623352,0,9
10848,542,311,1834,0.50288325548172,0,9
10849,542,311,1875,0.5004505515098572,0,9
10850,542,311,1046,0.5015360116958618,0,9
10851,542,311,1257,0.5103400945663452,0,9
10852,542,311,1872,0.500641405582428,0,9
10853,542,311,385,0.5015709400177002,0,9
10854,542,311,664,0.5012686848640442,0,9
10855,542,311,1173,0.5040603876113892,0,9
10856,542,311,806,0.5024452805519104,0,9
10857,542,311,1559,0.5115967988967896,0,9
10858,542,311,813,0.5018643736839294,0,9
10859,542,311,815,0.5016448497772217,0,9
10860,543,1034,250,0.5018959641456604,1,13
10861,543,1034,457,0.5016360878944397,0,13
10862,543,1034,1344,0.5024123787879944,0,13
10863,543,1034,1085,0.5004638433456421,0,13
10864,543,1034,455,0.5054300427436829,0,13
10865,543,1034,1781,0.5027586221694946,0,13
10866,543,1034,1674,0.5003566741943359,0,13
10867,543,1034,760,0.5119216442108154,0,13
10868,543,1034,209,0.5005364418029785,0,13
10869,543,1034,399,0.5007473230361938,0,13
10870,543,1034,511,0.5253706574440002,0,13
10871,543,1034,430,0.5015040636062622,0,13
10872,543,1034,639,0.5042405128479004,0,13
10873,543,1034,462,0.5070152282714844,0,13
10874,543,1034,188,0.5058476328849792,0,13
10875,543,1034,417,0.5066893100738525,0,13
10876,543,1034,1801,0.5034841895103455,0,13
10877,543,1034,917,0.5023415088653564,0,13
10878,543,1034,856,0.5012921690940857,0,13
10879,543,1034,517,0.5029897093772888,0,13
10880,544,43,1399,0.5172380805015564,1,2
10881,544,43,315,0.5047755837440491,0,2
10882,544,43,1031,0.5013022422790527,0,2
10883,544,43,2003,0.49995875358581543,0,2
10884,544,43,465,0.4990692734718323,0,2
10885,544,43,689,0.504377543926239,0,2
10886,544,43,1445,0.5350833535194397,0,2
10887,544,43,1570,0.5028363466262817,0,2
10888,544,43,1688,0.5000503659248352,0,2
10889,544,43,1095,0.5058303475379944,0,2
10890,544,43,757,0.5003286004066467,0,2
10891,544,43,261,0.5032938718795776,0,2
10892,544,43,1428,0.5036124587059021,0,2
10893,544,43,896,0.5049229264259338,0,2
10894,544,43,1018,0.49928373098373413,0,2
10895,544,43,562,0.5033276677131653,0,2
10896,544,43,664,0.5018453001976013,0,2
10897,544,43,86,0.5047621130943298,0,2
10898,544,43,48,0.5021172761917114,0,2
10899,544,43,604,0.49960654973983765,0,2
10900,545,3932,646,0.5008065104484558,1,12
10901,545,3932,877,0.5006247758865356,0,12
10902,545,3932,398,0.5014021992683411,0,12
10903,545,3932,464,0.5007936358451843,0,12
10904,545,3932,1936,0.5016798377037048,0,12
10905,545,3932,1143,0.500705361366272,0,12
10906,545,3932,766,0.5007655024528503,0,12
10907,545,3932,215,0.5009564757347107,0,12
10908,545,3932,1456,0.5010824799537659,0,12
10909,545,3932,1168,0.500480592250824,0,12
10910,545,3932,853,0.5006824135780334,0,12
10911,545,3932,1693,0.5010103583335876,0,12
10912,545,3932,1657,0.50081467628479,0,12
10913,545,3932,897,0.5008188486099243,0,12
10914,545,3932,74,0.5009859204292297,0,12
10915,545,3932,1637,0.500977098941803,0,12
10916,545,3932,1062,0.500660240650177,0,12
10917,545,3932,837,0.5011453628540039,0,12
10918,545,3932,1821,0.5008388161659241,0,12
10919,545,3932,1889,0.5006721615791321,0,12
10920,546,739,1111,0.4996088147163391,1,17
10921,546,739,153,0.5110393166542053,0,17
10922,546,739,1369,0.5041545629501343,0,17
10923,546,739,1211,0.5014570951461792,0,17
10924,546,739,1433,0.5022408962249756,0,17
10925,546,739,879,0.5016489624977112,0,17
10926,546,739,554,0.49952128529548645,0,17
10927,546,739,288,0.5006130933761597,0,17
10928,546,739,1261,0.5043057799339294,0,17
10929,546,739,1429,0.4999948740005493,0,17
10930,546,739,1167,0.5054007768630981,0,17
10931,546,739,752,0.5018100738525391,0,17
10932,546,739,905,0.4993289113044739,0,17
10933,546,739,529,0.5235534310340881,0,17
10934,546,739,685,0.5026132464408875,0,17
10935,546,739,67,0.5073854923248291,0,17
10936,546,739,1219,0.5021469593048096,0,17
10937,546,739,1664,0.5840577483177185,0,17
10938,546,739,712,0.5039722323417664,0,17
10939,546,739,532,0.499604195356369,0,17
10940,547,1037,1714,0.5032066106796265,1,11
10941,547,1037,1101,0.502667248249054,0,11
10942,547,1037,788,0.500897228717804,0,11
10943,547,1037,1997,0.49975836277008057,0,11
10944,547,1037,1338,0.5011112689971924,0,11
10945,547,1037,78,0.5081642866134644,0,11
10946,547,1037,740,0.49880701303482056,0,11
10947,547,1037,501,0.5143032073974609,0,11
10948,547,1037,816,0.5069663524627686,0,11
10949,547,1037,1464,0.5021172165870667,0,11
10950,547,1037,1023,0.5264617204666138,0,11
10951,547,1037,730,0.5034450888633728,0,11
10952,547,1037,1773,0.5031725168228149,0,11
10953,547,1037,324,0.4997047185897827,0,11
10954,547,1037,1250,0.511786937713623,0,11
10955,547,1037,117,0.5312800407409668,0,11
10956,547,1037,81,0.501625120639801,0,11
10957,547,1037,1234,0.5043766498565674,0,11
10958,547,1037,995,0.5650976896286011,0,11
10959,547,1037,1104,0.5438540577888489,0,11
10960,548,672,644,0.5005748867988586,1,15
10961,548,672,1885,0.5014019012451172,0,15
10962,548,672,338,0.5008672475814819,0,15
10963,548,672,877,0.5005494952201843,0,15
10964,548,672,917,0.5015031099319458,0,15
10965,548,672,907,0.5020689368247986,0,15
10966,548,672,1052,0.5003150701522827,0,15
10967,548,672,1905,0.501714289188385,0,15
10968,548,672,1297,0.500950038433075,0,15
10969,548,672,1227,0.5010881423950195,0,15
10970,548,672,1027,0.50118488073349,0,15
10971,548,672,1330,0.5004191398620605,0,15
10972,548,672,1948,0.5041162371635437,0,15
10973,548,672,1360,0.501249372959137,0,15
10974,548,672,814,0.5014086961746216,0,15
10975,548,672,1387,0.5002946853637695,0,15
10976,548,672,731,0.5026445984840393,0,15
10977,548,672,497,0.5027611255645752,0,15
10978,548,672,1613,0.5002723932266235,0,15
10979,548,672,1657,0.5011608004570007,0,15
10980,549,3379,1875,0.49966666102409363,1,17
10981,549,3379,1135,0.5037630200386047,0,17
10982,549,3379,300,0.4999203681945801,0,17
10983,549,3379,1227,0.5021864771842957,0,17
10984,549,3379,87,0.49993687868118286,0,17
10985,549,3379,1346,0.5012487769126892,0,17
10986,549,3379,692,0.5019676685333252,0,17
10987,549,3379,1553,0.5043892860412598,0,17
10988,549,3379,1260,0.5020997524261475,0,17
10989,549,3379,74,0.5050991773605347,0,17
10990,549,3379,1015,0.5021242499351501,0,17
10991,549,3379,1772,0.5014334917068481,0,17
10992,549,3379,69,0.49966490268707275,0,17
10993,549,3379,1652,0.5028815865516663,0,17
10994,549,3379,1793,0.49964043498039246,0,17
10995,549,3379,189,0.5026518106460571,0,17
10996,549,3379,1712,0.5200573205947876,0,17
10997,549,3379,1308,0.49975669384002686,0,17
10998,549,3379,1006,0.5292865633964539,0,17
10999,549,3379,109,0.499661386013031,0,17
11000,550,1228,1516,0.5217674970626831,1,1
11001,550,1228,1279,0.5012183785438538,0,1
11002,550,1228,1420,0.5017749071121216,0,1
11003,550,1228,587,0.5004172921180725,0,1
11004,550,1228,871,0.5016859769821167,0,1
11005,550,1228,1335,0.5006435513496399,0,1
11006,550,1228,791,0.5024964809417725,0,1
11007,550,1228,1330,0.500436007976532,0,1
11008,550,1228,1223,0.500337541103363,0,1
11009,550,1228,1641,0.5043768286705017,0,1
11010,550,1228,462,0.5075218677520752,0,1
11011,550,1228,1657,0.5015355348587036,0,1
11012,550,1228,1824,0.500129222869873,0,1
11013,550,1228,453,0.5024086236953735,0,1
11014,550,1228,728,0.5019224882125854,0,1
11015,550,1228,1807,0.5017962455749512,0,1
11016,550,1228,1852,0.5019195079803467,0,1
11017,550,1228,1935,0.5018348097801208,0,1
11018,550,1228,816,0.5025767087936401,0,1
11019,550,1228,2055,0.5004069805145264,0,1
11020,551,2471,278,0.5004985332489014,1,19
11021,551,2471,84,0.5019832849502563,0,19
11022,551,2471,942,0.5047919154167175,0,19
11023,551,2471,1396,0.5024529695510864,0,19
11024,551,2471,1032,0.5012456774711609,0,19
11025,551,2471,1373,0.5143865942955017,0,19
11026,551,2471,2079,0.5013778805732727,0,19
11027,551,2471,1534,0.5005526542663574,0,19
11028,551,2471,480,0.500836968421936,0,19
11029,551,2471,512,0.5034804344177246,0,19
11030,551,2471,693,0.5012259483337402,0,19
11031,551,2471,1715,0.5026991963386536,0,19
11032,551,2471,421,0.5004511475563049,0,19
11033,551,2471,1204,0.5008395910263062,0,19
11034,551,2471,1084,0.5016885995864868,0,19
11035,551,2471,1750,0.5034835338592529,0,19
11036,551,2471,1312,0.5199355483055115,0,19
11037,551,2471,704,0.5010799169540405,0,19
11038,551,2471,1578,0.518969714641571,0,19
11039,551,2471,1205,0.5042788982391357,0,19
11040,552,622,480,0.499996542930603,1,17
11041,552,622,1823,0.5063682198524475,0,17
11042,552,622,1950,0.5039838552474976,0,17
11043,552,622,706,0.5004561543464661,0,17
11044,552,622,80,0.5006846189498901,0,17
11045,552,622,1415,0.5014753341674805,0,17
11046,552,622,111,0.5025270581245422,0,17
11047,552,622,87,0.5001633763313293,0,17
11048,552,622,447,0.502441942691803,0,17
11049,552,622,1724,0.5007385015487671,0,17
11050,552,622,1238,0.5011176466941833,0,17
11051,552,622,1189,0.5012986063957214,0,17
11052,552,622,227,0.49977704882621765,0,17
11053,552,622,160,0.5017613172531128,0,17
11054,552,622,1684,0.5045674443244934,0,17
11055,552,622,1201,0.5014551877975464,0,17
11056,552,622,991,0.5008929371833801,0,17
11057,552,622,1840,0.49999475479125977,0,17
11058,552,622,567,0.5089839696884155,0,17
11059,552,622,510,0.4998146891593933,0,17
11060,553,4142,247,0.5004512667655945,1,20
11061,553,4142,998,0.5038425922393799,0,20
11062,553,4142,605,0.5022156834602356,0,20
11063,553,4142,133,0.5005121231079102,0,20
11064,553,4142,967,0.5015928149223328,0,20
11065,553,4142,930,0.5050341486930847,0,20
11066,553,4142,1240,0.5015930533409119,0,20
11067,553,4142,899,0.5013628005981445,0,20
11068,553,4142,1266,0.5019345283508301,0,20
11069,553,4142,1729,0.501502513885498,0,20
11070,553,4142,631,0.5004901885986328,0,20
11071,553,4142,642,0.5012294054031372,0,20
11072,553,4142,48,0.502008318901062,0,20
11073,553,4142,2025,0.501832127571106,0,20
11074,553,4142,92,0.5022359490394592,0,20
11075,553,4142,252,0.5006141662597656,0,20
11076,553,4142,1653,0.5012350082397461,0,20
11077,553,4142,1930,0.5011378526687622,0,20
11078,553,4142,1908,0.5006558895111084,0,20
11079,553,4142,1942,0.5101954340934753,0,20
11080,554,1506,760,0.5133295059204102,1,3
11081,554,1506,468,0.5022358298301697,0,3
11082,554,1506,174,0.5016767382621765,0,3
11083,554,1506,921,0.5109245181083679,0,3
11084,554,1506,89,0.5003159046173096,0,3
11085,554,1506,1233,0.5003994107246399,0,3
11086,554,1506,13,0.5191323161125183,0,3
11087,554,1506,1689,0.5206183791160583,0,3
11088,554,1506,803,0.5026103854179382,0,3
11089,554,1506,46,0.5003082752227783,0,3
11090,554,1506,1206,0.5001962780952454,0,3
11091,554,1506,1647,0.5001809597015381,0,3
11092,554,1506,1102,0.5019367933273315,0,3
11093,554,1506,510,0.4998985826969147,0,3
11094,554,1506,2017,0.5018470883369446,0,3
11095,554,1506,896,0.5036530494689941,0,3
11096,554,1506,415,0.5033957362174988,0,3
11097,554,1506,2041,0.504731297492981,0,3
11098,554,1506,528,0.5012356042861938,0,3
11099,554,1506,14,0.5035760402679443,0,3
11100,555,362,1767,0.49915337562561035,1,20
11101,555,362,1378,0.5032290816307068,0,20
11102,555,362,1536,0.5384756326675415,0,20
11103,555,362,1850,0.503646194934845,0,20
11104,555,362,157,0.5015707015991211,0,20
11105,555,362,2066,0.5016502737998962,0,20
11106,555,362,1161,0.49992454051971436,0,20
11107,555,362,133,0.4995388388633728,0,20
11108,555,362,686,0.5024188756942749,0,20
11109,555,362,518,0.5017135739326477,0,20
11110,555,362,1238,0.5021764039993286,0,20
11111,555,362,1231,0.5141040682792664,0,20
11112,555,362,1856,0.5008000135421753,0,20
11113,555,362,885,0.5011420249938965,0,20
11114,555,362,1549,0.5287522673606873,0,20
11115,555,362,817,0.5000706911087036,0,20
11116,555,362,1207,0.5066066384315491,0,20
11117,555,362,953,0.5102631449699402,0,20
11118,555,362,1079,0.5055742263793945,0,20
11119,555,362,1321,0.5027242302894592,0,20
11120,556,768,905,0.49990007281303406,1,20
11121,556,768,1139,0.5017192363739014,0,20
11122,556,768,1346,0.5012829899787903,0,20
11123,556,768,140,0.5011589527130127,0,20
11124,556,768,1663,0.5197131037712097,0,20
11125,556,768,180,0.5017820000648499,0,20
11126,556,768,576,0.5030248165130615,0,20
11127,556,768,1640,0.5119825005531311,0,20
11128,556,768,1623,0.5025717616081238,0,20
11129,556,768,1359,0.5217088460922241,0,20
11130,556,768,1842,0.5056447982788086,0,20
11131,556,768,639,0.5057060122489929,0,20
11132,556,768,1133,0.5055757164955139,0,20
11133,556,768,43,0.5000529289245605,0,20
11134,556,768,808,0.5044257640838623,0,20
11135,556,768,16,0.5001038908958435,0,20
11136,556,768,1151,0.5012201070785522,0,20
11137,556,768,1088,0.5124507546424866,0,20
11138,556,768,535,0.5038732290267944,0,20
11139,556,768,1022,0.5016672015190125,0,20
11140,557,2293,799,0.5026474595069885,1,6
11141,557,2293,1148,0.502146303653717,0,6
11142,557,2293,46,0.5006513595581055,0,6
11143,557,2293,221,0.5019569993019104,0,6
11144,557,2293,1591,0.5009771585464478,0,6
11145,557,2293,1911,0.5033435821533203,0,6
11146,557,2293,1919,0.501289963722229,0,6
11147,557,2293,1216,0.502916157245636,0,6
11148,557,2293,1844,0.529767632484436,0,6
11149,557,2293,1839,0.5016207098960876,0,6
11150,557,2293,1191,0.5004949569702148,0,6
11151,557,2293,1725,0.5048043727874756,0,6
11152,557,2293,291,0.5012114644050598,0,6
11153,557,2293,744,0.5023040771484375,0,6
11154,557,2293,1166,0.5018781423568726,0,6
11155,557,2293,1743,0.5014239549636841,0,6
11156,557,2293,1807,0.5014222860336304,0,6
11157,557,2293,429,0.5006468892097473,0,6
11158,557,2293,381,0.5017716884613037,0,6
11159,557,2293,795,0.5032010078430176,0,6
11160,558,457,552,0.5058978199958801,1,5
11161,558,457,1532,0.5134199857711792,0,5
11162,558,457,1912,0.5014445185661316,0,5
11163,558,457,1547,0.5072630047798157,0,5
11164,558,457,406,0.5025705695152283,0,5
11165,558,457,404,0.5017846822738647,0,5
11166,558,457,1106,0.5016918778419495,0,5
11167,558,457,1143,0.5002198219299316,0,5
11168,558,457,73,0.5014135241508484,0,5
11169,558,457,1597,0.5054091811180115,0,5
11170,558,457,1845,0.5066843032836914,0,5
11171,558,457,869,0.5027077198028564,0,5
11172,558,457,1240,0.5019503831863403,0,5
11173,558,457,858,0.5021543502807617,0,5
11174,558,457,1879,0.5021623969078064,0,5
11175,558,457,79,0.5025328993797302,0,5
11176,558,457,799,0.5021587610244751,0,5
11177,558,457,207,0.5026376247406006,0,5
11178,558,457,1891,0.5067508816719055,0,5
11179,558,457,1500,0.5042166709899902,0,5
11180,559,455,1719,0.5131573677062988,1,2
11181,559,455,235,0.5393809676170349,0,2
11182,559,455,530,0.5051713585853577,0,2
11183,559,455,175,0.503057599067688,0,2
11184,559,455,701,0.49990543723106384,0,2
11185,559,455,130,0.5025328993797302,0,2
11186,559,455,770,0.5002089738845825,0,2
11187,559,455,1065,0.5047475099563599,0,2
11188,559,455,1059,0.500829815864563,0,2
11189,559,455,1240,0.5027575492858887,0,2
11190,559,455,400,0.4997929036617279,0,2
11191,559,455,828,0.5052167177200317,0,2
11192,559,455,1503,0.5002614855766296,0,2
11193,559,455,546,0.5024685263633728,0,2
11194,559,455,1819,0.5032079815864563,0,2
11195,559,455,128,0.49944546818733215,0,2
11196,559,455,1879,0.5026475787162781,0,2
11197,559,455,996,0.506295919418335,0,2
11198,559,455,1109,0.5057554244995117,0,2
11199,559,455,779,0.5023017525672913,0,2
11200,560,1994,1869,0.5038353800773621,1,7
11201,560,1994,1570,0.5018467307090759,0,7
11202,560,1994,1937,0.5017619729042053,0,7
11203,560,1994,83,0.5027944445610046,0,7
11204,560,1994,1255,0.5068363547325134,0,7
11205,560,1994,637,0.5028061270713806,0,7
11206,560,1994,1167,0.5036433339118958,0,7
11207,560,1994,1745,0.5005161166191101,0,7
11208,560,1994,29,0.5005586743354797,0,7
11209,560,1994,1691,0.5028569102287292,0,7
11210,560,1994,1435,0.5045586228370667,0,7
11211,560,1994,1882,0.500034749507904,0,7
11212,560,1994,49,0.5159252882003784,0,7
11213,560,1994,310,0.5018543004989624,0,7
11214,560,1994,1291,0.5013089179992676,0,7
11215,560,1994,850,0.5063440203666687,0,7
11216,560,1994,899,0.5013279914855957,0,7
11217,560,1994,1689,0.5152933597564697,0,7
11218,560,1994,1794,0.5005404353141785,0,7
11219,560,1994,1114,0.5059813261032104,0,7
11220,561,3102,2059,0.5003569722175598,1,16
11221,561,3102,179,0.5029224753379822,0,16
11222,561,3102,1370,0.5041218996047974,0,16
11223,561,3102,1825,0.5017352104187012,0,16
11224,561,3102,1013,0.5026288032531738,0,16
11225,561,3102,1815,0.5003094673156738,0,16
11226,561,3102,1890,0.5009196400642395,0,16
11227,561,3102,169,0.5003798604011536,0,16
11228,561,3102,1869,0.5020914077758789,0,16
11229,561,3102,11,0.5003525018692017,0,16
11230,561,3102,1308,0.5003518462181091,0,16
11231,561,3102,1829,0.5266081094741821,0,16
11232,561,3102,1257,0.5068536996841431,0,16
11233,561,3102,905,0.5002968311309814,0,16
11234,561,3102,609,0.5003829598426819,0,16
11235,561,3102,1579,0.502212405204773,0,16
11236,561,3102,1493,0.5033473372459412,0,16
11237,561,3102,1056,0.5013126730918884,0,16
11238,561,3102,272,0.5012227892875671,0,16
11239,561,3102,1880,0.5015206933021545,0,16
11240,562,3486,2068,0.520771324634552,1,1
11241,562,3486,2060,0.5022080540657043,0,1
11242,562,3486,815,0.501285195350647,0,1
11243,562,3486,677,0.5002188086509705,0,1
11244,562,3486,1388,0.5029975175857544,0,1
11245,562,3486,536,0.5018404126167297,0,1
11246,562,3486,1470,0.5033275485038757,0,1
11247,562,3486,1032,0.5008177757263184,0,1
11248,562,3486,1999,0.5060455203056335,0,1
11249,562,3486,1642,0.5141119956970215,0,1
11250,562,3486,1537,0.5003061294555664,0,1
11251,562,3486,385,0.5014811158180237,0,1
11252,562,3486,1799,0.5042630434036255,0,1
11253,562,3486,1329,0.5038314461708069,0,1
11254,562,3486,1577,0.5014289021492004,0,1
11255,562,3486,1602,0.5010071396827698,0,1
11256,562,3486,371,0.5003648400306702,0,1
11257,562,3486,1779,0.5015902519226074,0,1
11258,562,3486,121,0.5024721026420593,0,1
11259,562,3486,568,0.5016803741455078,0,1
11260,563,1212,1322,0.517587423324585,1,2
11261,563,1212,1128,0.5000442862510681,0,2
11262,563,1212,900,0.501100480556488,0,2
11263,563,1212,587,0.49987295269966125,0,2
11264,563,1212,980,0.5488746762275696,0,2
11265,563,1212,636,0.5050628185272217,0,2
11266,563,1212,1795,0.5072224140167236,0,2
11267,563,1212,359,0.5040435194969177,0,2
11268,563,1212,193,0.5126354098320007,0,2
11269,563,1212,1296,0.4997495412826538,0,2
11270,563,1212,1353,0.5087720155715942,0,2
11271,563,1212,739,0.512839674949646,0,2
11272,563,1212,2058,0.5017336010932922,0,2
11273,563,1212,410,0.5082332491874695,0,2
11274,563,1212,1069,0.49970507621765137,0,2
11275,563,1212,833,0.5042128562927246,0,2
11276,563,1212,1118,0.49967774748802185,0,2
11277,563,1212,378,0.4998838007450104,0,2
11278,563,1212,1537,0.4996779263019562,0,2
11279,563,1212,648,0.516110360622406,0,2
11280,564,2039,1180,0.5080031752586365,1,5
11281,564,2039,57,0.5030649304389954,0,5
11282,564,2039,859,0.5019044280052185,0,5
11283,564,2039,1831,0.5018100738525391,0,5
11284,564,2039,2074,0.4998658001422882,0,5
11285,564,2039,1495,0.5026907324790955,0,5
11286,564,2039,923,0.5243140459060669,0,5
11287,564,2039,977,0.5019538402557373,0,5
11288,564,2039,567,0.5130516290664673,0,5
11289,564,2039,1178,0.5099664330482483,0,5
11290,564,2039,723,0.5000597238540649,0,5
11291,564,2039,526,0.5012868046760559,0,5
11292,564,2039,1708,0.5039563179016113,0,5
11293,564,2039,770,0.5005275011062622,0,5
11294,564,2039,1451,0.5079348683357239,0,5
11295,564,2039,706,0.5011938810348511,0,5
11296,564,2039,578,0.5021830201148987,0,5
11297,564,2039,1719,0.5097514986991882,0,5
11298,564,2039,1592,0.5033533573150635,0,5
11299,564,2039,1401,0.5025266408920288,0,5
11300,565,2444,1398,0.5012092590332031,1,13
11301,565,2444,1712,0.5086533427238464,0,13
11302,565,2444,560,0.5010324120521545,0,13
11303,565,2444,976,0.5064221620559692,0,13
11304,565,2444,2049,0.5018351078033447,0,13
11305,565,2444,1685,0.5004021525382996,0,13
11306,565,2444,1125,0.5010605454444885,0,13
11307,565,2444,1653,0.5005404353141785,0,13
11308,565,2444,1757,0.5181154012680054,0,13
11309,565,2444,734,0.5014495849609375,0,13
11310,565,2444,1025,0.5017297863960266,0,13
11311,565,2444,59,0.5032109022140503,0,13
11312,565,2444,1339,0.501459002494812,0,13
11313,565,2444,896,0.5022011995315552,0,13
11314,565,2444,519,0.5009289979934692,0,13
11315,565,2444,179,0.5028291344642639,0,13
11316,565,2444,709,0.5014380216598511,0,13
11317,565,2444,372,0.5003550052642822,0,13
11318,565,2444,1798,0.5011651515960693,0,13
11319,565,2444,394,0.5018465518951416,0,13
11320,566,137,766,0.5004302263259888,1,17
11321,566,137,72,0.5026220679283142,0,17
11322,566,137,1788,0.5053554773330688,0,17
11323,566,137,437,0.5044652223587036,0,17
11324,566,137,31,0.5005286931991577,0,17
11325,566,137,1927,0.5034458637237549,0,17
11326,566,137,1327,0.5093832612037659,0,17
11327,566,137,404,0.5016534328460693,0,17
11328,566,137,116,0.499935507774353,0,17
11329,566,137,200,0.5026797652244568,0,17
11330,566,137,609,0.4999820590019226,0,17
11331,566,137,1711,0.5036302804946899,0,17
11332,566,137,1040,0.5001823902130127,0,17
11333,566,137,722,0.5019022226333618,0,17
11334,566,137,899,0.501288115978241,0,17
11335,566,137,403,0.5009496212005615,0,17
11336,566,137,635,0.5024198293685913,0,17
11337,566,137,1679,0.5013115406036377,0,17
11338,566,137,1476,0.5067272186279297,0,17
11339,566,137,876,0.5007092356681824,0,17
11340,567,3719,1630,0.5033977031707764,1,1
11341,567,3719,729,0.5006439089775085,0,1
11342,567,3719,1035,0.5019971132278442,0,1
11343,567,3719,1347,0.5027449727058411,0,1
11344,567,3719,946,0.5021753907203674,0,1
11345,567,3719,1416,0.5021699070930481,0,1
11346,567,3719,1262,0.5014227032661438,0,1
11347,567,3719,281,0.5007124543190002,0,1
11348,567,3719,922,0.5009807348251343,0,1
11349,567,3719,359,0.5009518265724182,0,1
11350,567,3719,1865,0.5010948777198792,0,1
11351,567,3719,146,0.5012009739875793,0,1
11352,567,3719,822,0.501024067401886,0,1
11353,567,3719,1411,0.501960813999176,0,1
11354,567,3719,1358,0.5010166764259338,0,1
11355,567,3719,1327,0.5019479990005493,0,1
11356,567,3719,695,0.501150906085968,0,1
11357,567,3719,1544,0.501151442527771,0,1
11358,567,3719,701,0.5006473064422607,0,1
11359,567,3719,1912,0.5008141994476318,0,1
11360,568,337,27,0.5084303021430969,1,5
11361,568,337,817,0.5000787973403931,0,5
11362,568,337,1071,0.5046577453613281,0,5
11363,568,337,1967,0.4997502565383911,0,5
11364,568,337,1351,0.5064292550086975,0,5
11365,568,337,1853,0.5397005081176758,0,5
11366,568,337,1210,0.5043635964393616,0,5
11367,568,337,1187,0.5049561262130737,0,5
11368,568,337,2042,0.49977967143058777,0,5
11369,568,337,1404,0.5013172626495361,0,5
11370,568,337,1639,0.5080029964447021,0,5
11371,568,337,886,0.5039371252059937,0,5
11372,568,337,1253,0.50847327709198,0,5
11373,568,337,869,0.5051943063735962,0,5
11374,568,337,197,0.5100037455558777,0,5
11375,568,337,2055,0.4998324513435364,0,5
11376,568,337,1954,0.49957674741744995,0,5
11377,568,337,1207,0.5110124945640564,0,5
11378,568,337,1861,0.50517737865448,0,5
11379,568,337,1526,0.5028524994850159,0,5
11380,569,3958,109,0.49977967143058777,1,20
11381,569,3958,953,0.5077362656593323,0,20
11382,569,3958,900,0.5014294981956482,0,20
11383,569,3958,1965,0.5073831081390381,0,20
11384,569,3958,499,0.5028103590011597,0,20
11385,569,3958,1602,0.5019503831863403,0,20
11386,569,3958,428,0.5025398135185242,0,20
11387,569,3958,2055,0.5002782940864563,0,20
11388,569,3958,1695,0.5002197027206421,0,20
11389,569,3958,1263,0.5021171569824219,0,20
11390,569,3958,1726,0.5023136734962463,0,20
11391,569,3958,1599,0.4999454617500305,0,20
11392,569,3958,1023,0.5152727365493774,0,20
11393,569,3958,929,0.5020385384559631,0,20
11394,569,3958,1730,0.512688934803009,0,20
11395,569,3958,2023,0.5013400316238403,0,20
11396,569,3958,429,0.5004395246505737,0,20
11397,569,3958,1617,0.5048583149909973,0,20
11398,569,3958,1020,0.5069512128829956,0,20
11399,569,3958,2067,0.5032458305358887,0,20
11400,570,4086,1204,0.5010632276535034,1,6
11401,570,4086,298,0.5009429454803467,0,6
11402,570,4086,1491,0.5009076595306396,0,6
11403,570,4086,1457,0.5010971426963806,0,6
11404,570,4086,437,0.5009657740592957,0,6
11405,570,4086,276,0.5011668801307678,0,6
11406,570,4086,1254,0.5006799101829529,0,6
11407,570,4086,761,0.5008106827735901,0,6
11408,570,4086,1067,0.5008963942527771,0,6
11409,570,4086,2050,0.501327633857727,0,6
11410,570,4086,984,0.501110315322876,0,6
11411,570,4086,192,0.5008389353752136,0,6
11412,570,4086,1904,0.5009938478469849,0,6
11413,570,4086,986,0.5009649395942688,0,6
11414,570,4086,911,0.5007573962211609,0,6
11415,570,4086,608,0.501146137714386,0,6
11416,570,4086,1146,0.5009125471115112,0,6
11417,570,4086,1910,0.5009264349937439,0,6
11418,570,4086,1664,0.5004496574401855,0,6
11419,570,4086,1033,0.5010460615158081,0,6
11420,571,3537,1085,0.500162661075592,1,19
11421,571,3537,545,0.5023148655891418,0,19
11422,571,3537,2019,0.5010668635368347,0,19
11423,571,3537,1265,0.5032733678817749,0,19
11424,571,3537,1846,0.5056743025779724,0,19
11425,571,3537,1655,0.5006913542747498,0,19
11426,571,3537,1418,0.5012152194976807,0,19
11427,571,3537,1125,0.5015766024589539,0,19
11428,571,3537,576,0.5017603039741516,0,19
11429,571,3537,2077,0.5016966462135315,0,19
11430,571,3537,698,0.500989556312561,0,19
11431,571,3537,1876,0.6095951199531555,0,19
11432,571,3537,1968,0.5023343563079834,0,19
11433,571,3537,1808,0.5118613839149475,0,19
11434,571,3537,381,0.5013858079910278,0,19
11435,571,3537,823,0.5044258832931519,0,19
11436,571,3537,1475,0.5012652277946472,0,19
11437,571,3537,564,0.5018998980522156,0,19
11438,571,3537,1993,0.5001170635223389,0,19
11439,571,3537,252,0.5002864599227905,0,19
11440,572,90,1006,0.5326409935951233,1,2
11441,572,90,1759,0.501356840133667,0,2
11442,572,90,2005,0.5017954707145691,0,2
11443,572,90,1059,0.5011119246482849,0,2
11444,572,90,1930,0.5014909505844116,0,2
11445,572,90,1194,0.5023037791252136,0,2
11446,572,90,1330,0.500444769859314,0,2
11447,572,90,105,0.5072938203811646,0,2
11448,572,90,1822,0.5069729089736938,0,2
11449,572,90,20,0.5081780552864075,0,2
11450,572,90,287,0.5032780170440674,0,2
11451,572,90,919,0.5331011414527893,0,2
11452,572,90,2020,0.50281822681427,0,2
11453,572,90,1856,0.5014852285385132,0,2
11454,572,90,154,0.5053014755249023,0,2
11455,572,90,1607,0.502811074256897,0,2
11456,572,90,1472,0.5057946443557739,0,2
11457,572,90,1307,0.5007911324501038,0,2
11458,572,90,87,0.49997949600219727,0,2
11459,572,90,1851,0.5035771131515503,0,2
11460,573,2134,1403,0.5021114349365234,1,13
11461,573,2134,634,0.4998420476913452,0,13
11462,573,2134,1707,0.5096465945243835,0,13
11463,573,2134,525,0.5051847696304321,0,13
11464,573,2134,748,0.5028226971626282,0,13
11465,573,2134,278,0.4998261332511902,0,13
11466,573,2134,826,0.5025895833969116,0,13
11467,573,2134,1587,0.4999774694442749,0,13
11468,573,2134,1021,0.5085366368293762,0,13
11469,573,2134,1785,0.5034347176551819,0,13
11470,573,2134,1382,0.5024991631507874,0,13
11471,573,2134,747,0.5024213194847107,0,13
11472,573,2134,548,0.5056613087654114,0,13
11473,573,2134,1664,0.5570755004882812,0,13
11474,573,2134,1852,0.5015958547592163,0,13
11475,573,2134,391,0.49987557530403137,0,13
11476,573,2134,982,0.5001290440559387,0,13
11477,573,2134,811,0.5036230087280273,0,13
11478,573,2134,633,0.5220565795898438,0,13
11479,573,2134,393,0.5013177990913391,0,13
11480,574,2432,624,0.5417576432228088,1,1
11481,574,2432,1327,0.5114513039588928,0,1
11482,574,2432,335,0.5040664076805115,0,1
11483,574,2432,1505,0.4995061755180359,0,1
11484,574,2432,416,0.5077089071273804,0,1
11485,574,2432,762,0.5154867172241211,0,1
11486,574,2432,62,0.4995590150356293,0,1
11487,574,2432,21,0.4999932050704956,0,1
11488,574,2432,1992,0.5003044605255127,0,1
11489,574,2432,348,0.500935971736908,0,1
11490,574,2432,568,0.5040174722671509,0,1
11491,574,2432,646,0.49959322810173035,0,1
11492,574,2432,1652,0.5019131302833557,0,1
11493,574,2432,606,0.5011463761329651,0,1
11494,574,2432,1271,0.5021887421607971,0,1
11495,574,2432,1047,0.4995975196361542,0,1
11496,574,2432,669,0.5052972435951233,0,1
11497,574,2432,1203,0.5086280703544617,0,1
11498,574,2432,1332,0.507808268070221,0,1
11499,574,2432,1364,0.5079315304756165,0,1
11500,575,391,1397,0.5116917490959167,1,4
11501,575,391,1281,0.499887615442276,0,4
11502,575,391,432,0.5014135241508484,0,4
11503,575,391,237,0.5200042724609375,0,4
11504,575,391,591,0.5023128390312195,0,4
11505,575,391,847,0.5042188763618469,0,4
11506,575,391,1544,0.5020418167114258,0,4
11507,575,391,816,0.5041120648384094,0,4
11508,575,391,480,0.49998968839645386,0,4
11509,575,391,1521,0.5155715346336365,0,4
11510,575,391,2002,0.50520259141922,0,4
11511,575,391,1248,0.508144736289978,0,4
11512,575,391,581,0.5026713609695435,0,4
11513,575,391,159,0.5224920511245728,0,4
11514,575,391,1625,0.5000751614570618,0,4
11515,575,391,775,0.49984246492385864,0,4
11516,575,391,1408,0.5075359344482422,0,4
11517,575,391,1498,0.5029336214065552,0,4
11518,575,391,750,0.5022264122962952,0,4
11519,575,391,250,0.5022407174110413,0,4
11520,576,1313,980,0.500523567199707,1,17
11521,576,1313,1396,0.5008313655853271,0,17
11522,576,1313,1914,0.5004593729972839,0,17
11523,576,1313,121,0.5004987716674805,0,17
11524,576,1313,881,0.5009413957595825,0,17
11525,576,1313,1234,0.5008353590965271,0,17
11526,576,1313,2002,0.5007692575454712,0,17
11527,576,1313,1494,0.5008049607276917,0,17
11528,576,1313,1510,0.5008180737495422,0,17
11529,576,1313,1669,0.5008435845375061,0,17
11530,576,1313,942,0.5005312561988831,0,17
11531,576,1313,210,0.5006331205368042,0,17
11532,576,1313,615,0.500808835029602,0,17
11533,576,1313,151,0.5007465481758118,0,17
11534,576,1313,1785,0.5007516741752625,0,17
11535,576,1313,946,0.5005624890327454,0,17
11536,576,1313,342,0.5006875991821289,0,17
11537,576,1313,2026,0.5004162192344666,0,17
11538,576,1313,321,0.5007011294364929,0,17
11539,576,1313,71,0.5009349584579468,0,17
11540,577,1341,1728,0.5040569305419922,1,9
11541,577,1341,1255,0.5066971182823181,0,9
11542,577,1341,1385,0.5064298510551453,0,9
11543,577,1341,958,0.5096945762634277,0,9
11544,577,1341,1846,0.5064535140991211,0,9
11545,577,1341,621,0.5093074440956116,0,9
11546,577,1341,895,0.5019332766532898,0,9
11547,577,1341,752,0.5014484524726868,0,9
11548,577,1341,670,0.5036166906356812,0,9
11549,577,1341,993,0.5043871402740479,0,9
11550,577,1341,1906,0.5003455877304077,0,9
11551,577,1341,612,0.5003284811973572,0,9
11552,577,1341,51,0.5003349184989929,0,9
11553,577,1341,1617,0.5043048858642578,0,9
11554,577,1341,582,0.5013245940208435,0,9
11555,577,1341,2007,0.5004028677940369,0,9
11556,577,1341,382,0.5002405047416687,0,9
11557,577,1341,1011,0.5089354515075684,0,9
11558,577,1341,361,0.5011002421379089,0,9
11559,577,1341,429,0.5005185008049011,0,9
11560,578,3177,138,0.5008217692375183,1,16
11561,578,3177,1917,0.5014153718948364,0,16
11562,578,3177,246,0.5007337927818298,0,16
11563,578,3177,209,0.5008914470672607,0,16
11564,578,3177,1382,0.5008808374404907,0,16
11565,578,3177,433,0.501302182674408,0,16
11566,578,3177,65,0.500691831111908,0,16
11567,578,3177,1128,0.5008016228675842,0,16
11568,578,3177,652,0.5009339451789856,0,16
11569,578,3177,315,0.5007646679878235,0,16
11570,578,3177,725,0.5009384155273438,0,16
11571,578,3177,1139,0.5010115504264832,0,16
11572,578,3177,335,0.5011849999427795,0,16
11573,578,3177,1302,0.5011458992958069,0,16
11574,578,3177,534,0.5009768009185791,0,16
11575,578,3177,1378,0.5009962916374207,0,16
11576,578,3177,859,0.5008891820907593,0,16
11577,578,3177,22,0.5009050369262695,0,16
11578,578,3177,1912,0.5008623600006104,0,16
11579,578,3177,1998,0.5008798241615295,0,16
11580,579,3299,183,0.5017200112342834,1,13
11581,579,3299,1307,0.5001489520072937,0,13
11582,579,3299,1535,0.5120080709457397,0,13
11583,579,3299,1983,0.5121604800224304,0,13
11584,579,3299,1635,0.5002453327178955,0,13
11585,579,3299,1106,0.5022353529930115,0,13
11586,579,3299,978,0.5166268944740295,0,13
11587,579,3299,1304,0.5041186809539795,0,13
11588,579,3299,1513,0.5116276741027832,0,13
11589,579,3299,2022,0.500183641910553,0,13
11590,579,3299,477,0.5009759068489075,0,13
11591,579,3299,303,0.5070565342903137,0,13
11592,579,3299,1161,0.5000824332237244,0,13
11593,579,3299,1366,0.5040388703346252,0,13
11594,579,3299,3,0.5015665292739868,0,13
11595,579,3299,1545,0.5147430300712585,0,13
11596,579,3299,2005,0.5021173357963562,0,13
11597,579,3299,1328,0.5044552087783813,0,13
11598,579,3299,1220,0.5010193586349487,0,13
11599,579,3299,1240,0.5033907294273376,0,13
11600,580,1472,614,0.5013072490692139,1,16
11601,580,1472,1037,0.501552402973175,0,16
11602,580,1472,413,0.5014123916625977,0,16
11603,580,1472,1659,0.5022354125976562,0,16
11604,580,1472,1406,0.5000205039978027,0,16
11605,580,1472,520,0.5010553002357483,0,16
11606,580,1472,1690,0.5024152994155884,0,16
11607,580,1472,658,0.5085107088088989,0,16
11608,580,1472,1461,0.5033251643180847,0,16
11609,580,1472,1809,0.5055050253868103,0,16
11610,580,1472,1622,0.5045961737632751,0,16
11611,580,1472,335,0.5039724707603455,0,16
11612,580,1472,329,0.5004091262817383,0,16
11613,580,1472,1259,0.5089457035064697,0,16
11614,580,1472,830,0.5018836855888367,0,16
11615,580,1472,1919,0.501777172088623,0,16
11616,580,1472,583,0.5018771886825562,0,16
11617,580,1472,779,0.5011102557182312,0,16
11618,580,1472,894,0.5039384365081787,0,16
11619,580,1472,162,0.5018768310546875,0,16
11620,581,2114,1828,0.5411144495010376,1,1
11621,581,2114,1381,0.5083550810813904,0,1
11622,581,2114,1773,0.5037631988525391,0,1
11623,581,2114,1686,0.517242431640625,0,1
11624,581,2114,1107,0.5144656896591187,0,1
11625,581,2114,341,0.4996994137763977,0,1
11626,581,2114,1411,0.5102757811546326,0,1
11627,581,2114,1575,0.5044770240783691,0,1
11628,581,2114,1492,0.5043787360191345,0,1
11629,581,2114,2051,0.5394954085350037,0,1
11630,581,2114,1695,0.4998021423816681,0,1
11631,581,2114,1690,0.5038823485374451,0,1
11632,581,2114,1065,0.505778431892395,0,1
11633,581,2114,806,0.5051345229148865,0,1
11634,581,2114,1810,0.507744312286377,0,1
11635,581,2114,489,0.4990432858467102,0,1
11636,581,2114,1025,0.5046066641807556,0,1
11637,581,2114,1885,0.5033164024353027,0,1
11638,581,2114,1364,0.5095617771148682,0,1
11639,581,2114,512,0.5044110417366028,0,1
11640,582,1871,1627,0.5008985996246338,1,17
11641,582,1871,156,0.5022352933883667,0,17
11642,582,1871,652,0.5050398707389832,0,17
11643,582,1871,699,0.6060575842857361,0,17
11644,582,1871,1111,0.4995896518230438,0,17
11645,582,1871,721,0.5007377862930298,0,17
11646,582,1871,1721,0.5056808590888977,0,17
11647,582,1871,863,0.5098261833190918,0,17
11648,582,1871,1081,0.499977707862854,0,17
11649,582,1871,1719,0.5177363157272339,0,17
11650,582,1871,1931,0.5049905180931091,0,17
11651,582,1871,1545,0.5160324573516846,0,17
11652,582,1871,2024,0.5015133023262024,0,17
11653,582,1871,836,0.5166631937026978,0,17
11654,582,1871,215,0.5013352036476135,0,17
11655,582,1871,50,0.5017382502555847,0,17
11656,582,1871,686,0.5033450722694397,0,17
11657,582,1871,193,0.5130879878997803,0,17
11658,582,1871,2078,0.5041534304618835,0,17
11659,582,1871,1321,0.5034546852111816,0,17
11660,583,1288,968,0.5050703883171082,1,4
11661,583,1288,1931,0.5024518370628357,0,4
11662,583,1288,655,0.5150970220565796,0,4
11663,583,1288,891,0.5044869184494019,0,4
11664,583,1288,1081,0.5003332495689392,0,4
11665,583,1288,122,0.5094566941261292,0,4
11666,583,1288,1792,0.5038883686065674,0,4
11667,583,1288,1184,0.5027187466621399,0,4
11668,583,1288,1093,0.5003048777580261,0,4
11669,583,1288,1447,0.5186061263084412,0,4
11670,583,1288,1920,0.5018033981323242,0,4
11671,583,1288,492,0.5001704692840576,0,4
11672,583,1288,195,0.5005576014518738,0,4
11673,583,1288,598,0.5026875138282776,0,4
11674,583,1288,886,0.5012170076370239,0,4
11675,583,1288,675,0.5013036131858826,0,4
11676,583,1288,1851,0.5020636916160583,0,4
11677,583,1288,1176,0.5001721382141113,0,4
11678,583,1288,586,0.5031915307044983,0,4
11679,583,1288,1965,0.5044059157371521,0,4
11680,584,1861,345,0.9380544424057007,1,1
11681,584,1861,2034,0.5074694156646729,0,1
11682,584,1861,1563,0.5055909156799316,0,1
11683,584,1861,1422,0.4987156093120575,0,1
11684,584,1861,1926,0.5040187835693359,0,1
11685,584,1861,537,0.5022138357162476,0,1
11686,584,1861,1404,0.5016480684280396,0,1
11687,584,1861,939,0.49915820360183716,0,1
11688,584,1861,1053,0.5091913342475891,0,1
11689,584,1861,1754,0.4999655485153198,0,1
11690,584,1861,1518,0.5537453889846802,0,1
11691,584,1861,2050,0.5043789744377136,0,1
11692,584,1861,181,0.5039594769477844,0,1
11693,584,1861,195,0.5007171034812927,0,1
11694,584,1861,331,0.4990158975124359,0,1
11695,584,1861,8,0.5017533898353577,0,1
11696,584,1861,328,0.5098016858100891,0,1
11697,584,1861,103,0.5388404726982117,0,1
11698,584,1861,1415,0.5039321184158325,0,1
11699,584,1861,1896,0.5035809278488159,0,1
11700,585,689,339,0.5011487603187561,1,9
11701,585,689,890,0.5008087158203125,0,9
11702,585,689,1585,0.5005456209182739,0,9
11703,585,689,707,0.5005353689193726,0,9
11704,585,689,134,0.5009526014328003,0,9
11705,585,689,197,0.5019795298576355,0,9
11706,585,689,1850,0.5012610554695129,0,9
11707,585,689,633,0.506024181842804,0,9
11708,585,689,943,0.5011323690414429,0,9
11709,585,689,549,0.5011489391326904,0,9
11710,585,689,1225,0.5006067752838135,0,9
11711,585,689,1938,0.5005237460136414,0,9
11712,585,689,1531,0.5005154609680176,0,9
11713,585,689,1731,0.5016096234321594,0,9
11714,585,689,1332,0.5020474791526794,0,9
11715,585,689,792,0.5028297901153564,0,9
11716,585,689,1838,0.5016212463378906,0,9
11717,585,689,591,0.5009574890136719,0,9
11718,585,689,1452,0.5004706978797913,0,9
11719,585,689,1751,0.5005003809928894,0,9
11720,586,961,1476,0.5074594020843506,1,7
11721,586,961,1324,0.49943047761917114,0,7
11722,586,961,1999,0.5113781690597534,0,7
11723,586,961,540,0.5080472826957703,0,7
11724,586,961,1,0.5011700987815857,0,7
11725,586,961,878,0.499790757894516,0,7
11726,586,961,418,0.5044098496437073,0,7
11727,586,961,1438,0.49910086393356323,0,7
11728,586,961,1663,0.5246461629867554,0,7
11729,586,961,1860,0.5298656821250916,0,7
11730,586,961,1855,0.501739501953125,0,7
11731,586,961,1986,0.6417950391769409,0,7
11732,586,961,1274,0.5026944279670715,0,7
11733,586,961,1994,0.5018131732940674,0,7
11734,586,961,809,0.500903308391571,0,7
11735,586,961,393,0.501964807510376,0,7
11736,586,961,952,0.5016019940376282,0,7
11737,586,961,1396,0.5036379098892212,0,7
11738,586,961,1051,0.5051524043083191,0,7
11739,586,961,461,0.5115606188774109,0,7
11740,587,36,1172,0.5002350807189941,1,13
11741,587,36,861,0.5346712470054626,0,13
11742,587,36,1070,0.5024831295013428,0,13
11743,587,36,1993,0.4992471933364868,0,13
11744,587,36,776,0.49953529238700867,0,13
11745,587,36,620,0.4999314546585083,0,13
11746,587,36,1025,0.5054472088813782,0,13
11747,587,36,92,0.507897675037384,0,13
11748,587,36,1586,0.504572331905365,0,13
11749,587,36,619,0.5052516460418701,0,13
11750,587,36,87,0.49945366382598877,0,13
11751,587,36,1717,0.499297171831131,0,13
11752,587,36,167,0.5032423138618469,0,13
11753,587,36,953,0.5173198580741882,0,13
11754,587,36,1391,0.5033431649208069,0,13
11755,587,36,24,0.505732536315918,0,13
11756,587,36,1464,0.5028329491615295,0,13
11757,587,36,1338,0.5027996301651001,0,13
11758,587,36,994,0.4987248480319977,0,13
11759,587,36,587,0.49937623739242554,0,13
11760,588,290,174,0.5008184313774109,1,15
11761,588,290,878,0.5004202127456665,0,15
11762,588,290,1714,0.5011299848556519,0,15
11763,588,290,1981,0.5015560984611511,0,15
11764,588,290,758,0.5014726519584656,0,15
11765,588,290,409,0.501278817653656,0,15
11766,588,290,1988,0.5003660917282104,0,15
11767,588,290,1236,0.5018755793571472,0,15
11768,588,290,424,0.5015602111816406,0,15
11769,588,290,94,0.5050899982452393,0,15
11770,588,290,952,0.5008598566055298,0,15
11771,588,290,755,0.5030532479286194,0,15
11772,588,290,2037,0.5026858448982239,0,15
11773,588,290,231,0.5080488324165344,0,15
11774,588,290,1601,0.5010145902633667,0,15
11775,588,290,770,0.5005106925964355,0,15
11776,588,290,1097,0.500687837600708,0,15
11777,588,290,1810,0.502360463142395,0,15
11778,588,290,429,0.5004168152809143,0,15
11779,588,290,1244,0.5012454390525818,0,15
11780,589,1559,805,0.5023377537727356,1,3
11781,589,1559,279,0.5006707310676575,0,3
11782,589,1559,761,0.5008999109268188,0,3
11783,589,1559,1941,0.5008763670921326,0,3
11784,589,1559,788,0.5008382201194763,0,3
11785,589,1559,1441,0.5008628964424133,0,3
11786,589,1559,1684,0.5015902519226074,0,3
11787,589,1559,1164,0.5023094415664673,0,3
11788,589,1559,1933,0.500996470451355,0,3
11789,589,1559,1841,0.5005910992622375,0,3
11790,589,1559,2041,0.5013887286186218,0,3
11791,589,1559,1750,0.5010412931442261,0,3
11792,589,1559,1779,0.5007869005203247,0,3
11793,589,1559,1829,0.5124061107635498,0,3
11794,589,1559,1182,0.502349317073822,0,3
11795,589,1559,327,0.5006317496299744,0,3
11796,589,1559,1926,0.5010381937026978,0,3
11797,589,1559,1024,0.5008887052536011,0,3
11798,589,1559,1489,0.5010104775428772,0,3
11799,589,1559,140,0.5005786418914795,0,3
11800,590,3192,638,0.5012741088867188,1,13
11801,590,3192,1852,0.5017642974853516,0,13
11802,590,3192,895,0.5016725063323975,0,13
11803,590,3192,1999,0.503486692905426,0,13
11804,590,3192,1795,0.5026821494102478,0,13
11805,590,3192,1566,0.5010697245597839,0,13
11806,590,3192,1588,0.5010741353034973,0,13
11807,590,3192,1807,0.501343309879303,0,13
11808,590,3192,950,0.5008580684661865,0,13
11809,590,3192,548,0.5027642846107483,0,13
11810,590,3192,2062,0.6301834583282471,0,13
11811,590,3192,1600,0.5022105574607849,0,13
11812,590,3192,1688,0.5008624792098999,0,13
11813,590,3192,325,0.5041568875312805,0,13
11814,590,3192,1517,0.5010015964508057,0,13
11815,590,3192,1762,0.5040359497070312,0,13
11816,590,3192,1317,0.5013927221298218,0,13
11817,590,3192,1656,0.5006390810012817,0,13
11818,590,3192,2024,0.5014990568161011,0,13
11819,590,3192,1012,0.5008347034454346,0,13
11820,591,1198,989,0.5049301981925964,1,4
11821,591,1198,618,0.5027661919593811,0,4
11822,591,1198,1510,0.5025070905685425,0,4
11823,591,1198,851,0.5016712546348572,0,4
11824,591,1198,2019,0.5010032653808594,0,4
11825,591,1198,2025,0.5020751357078552,0,4
11826,591,1198,2066,0.5019410848617554,0,4
11827,591,1198,1612,0.5019955635070801,0,4
11828,591,1198,1755,0.5034852623939514,0,4
11829,591,1198,1440,0.5021607875823975,0,4
11830,591,1198,60,0.5015026926994324,0,4
11831,591,1198,1116,0.5013567805290222,0,4
11832,591,1198,805,0.5088083148002625,0,4
11833,591,1198,612,0.5002945065498352,0,4
11834,591,1198,70,0.5015534162521362,0,4
11835,591,1198,1496,0.5011932253837585,0,4
11836,591,1198,325,0.5071228742599487,0,4
11837,591,1198,672,0.5003563761711121,0,4
11838,591,1198,1670,0.5029746890068054,0,4
11839,591,1198,1055,0.5061469078063965,0,4
11840,592,2023,445,0.5055660605430603,1,4
11841,592,2023,1150,0.506214439868927,0,4
11842,592,2023,325,0.5075988173484802,0,4
11843,592,2023,456,0.5027209520339966,0,4
11844,592,2023,2002,0.5040143728256226,0,4
11845,592,2023,700,0.5273584127426147,0,4
11846,592,2023,1046,0.5017135143280029,0,4
11847,592,2023,52,0.5010620951652527,0,4
11848,592,2023,11,0.5000104308128357,0,4
11849,592,2023,420,0.5005813837051392,0,4
11850,592,2023,328,0.5043262839317322,0,4
11851,592,2023,1449,0.5002444982528687,0,4
11852,592,2023,409,0.5021764039993286,0,4
11853,592,2023,1208,0.5002682209014893,0,4
11854,592,2023,363,0.500017523765564,0,4
11855,592,2023,1968,0.5029045939445496,0,4
11856,592,2023,1649,0.5008591413497925,0,4
11857,592,2023,1872,0.5001662373542786,0,4
11858,592,2023,1420,0.5019627213478088,0,4
11859,592,2023,1702,0.5013709664344788,0,4
11860,593,1725,1252,0.5002708435058594,1,16
11861,593,1725,656,0.500201940536499,0,16
11862,593,1725,1241,0.49990639090538025,0,16
11863,593,1725,379,0.500353217124939,0,16
11864,593,1725,307,0.5034468173980713,0,16
11865,593,1725,811,0.5029329657554626,0,16
11866,593,1725,423,0.5012127161026001,0,16
11867,593,1725,1253,0.5042673945426941,0,16
11868,593,1725,292,0.5000627636909485,0,16
11869,593,1725,1895,0.5018793344497681,0,16
11870,593,1725,870,0.5001105070114136,0,16
11871,593,1725,1677,0.5002972483634949,0,16
11872,593,1725,437,0.5027716755867004,0,16
11873,593,1725,173,0.5058523416519165,0,16
11874,593,1725,863,0.5042988657951355,0,16
11875,593,1725,2036,0.5098429918289185,0,16
11876,593,1725,1699,0.5026870369911194,0,16
11877,593,1725,122,0.5104781985282898,0,16
11878,593,1725,1403,0.501811683177948,0,16
11879,593,1725,1280,0.5019012093544006,0,16
11880,594,1356,417,0.5088124871253967,1,5
11881,594,1356,1097,0.5014652013778687,0,5
11882,594,1356,723,0.4996664226055145,0,5
11883,594,1356,1888,0.5039224028587341,0,5
11884,594,1356,86,0.5051641464233398,0,5
11885,594,1356,1829,0.6127253174781799,0,5
11886,594,1356,434,0.5019940137863159,0,5
11887,594,1356,2077,0.5040162801742554,0,5
11888,594,1356,1008,0.5040475726127625,0,5
11889,594,1356,1777,0.5277946591377258,0,5
11890,594,1356,1547,0.5101451277732849,0,5
11891,594,1356,1541,0.500328540802002,0,5
11892,594,1356,1538,0.5011580586433411,0,5
11893,594,1356,352,0.5052628517150879,0,5
11894,594,1356,1615,0.501559317111969,0,5
11895,594,1356,2052,0.5016487836837769,0,5
11896,594,1356,1663,0.5258487462997437,0,5
11897,594,1356,17,0.5046520829200745,0,5
11898,594,1356,1897,0.5032555460929871,0,5
11899,594,1356,1222,0.4995371699333191,0,5
11900,595,3818,9,0.500632107257843,1,17
11901,595,3818,860,0.5015074014663696,0,17
11902,595,3818,778,0.5068968534469604,0,17
11903,595,3818,1876,0.5539754629135132,0,17
11904,595,3818,198,0.5005859136581421,0,17
11905,595,3818,428,0.5011799931526184,0,17
11906,595,3818,1930,0.5010186433792114,0,17
11907,595,3818,154,0.5020782947540283,0,17
11908,595,3818,534,0.5012728571891785,0,17
11909,595,3818,392,0.5006058812141418,0,17
11910,595,3818,1318,0.5015252828598022,0,17
11911,595,3818,1369,0.5015658140182495,0,17
11912,595,3818,221,0.5010738372802734,0,17
11913,595,3818,511,0.5132749676704407,0,17
11914,595,3818,173,0.5034258961677551,0,17
11915,595,3818,1873,0.5015820264816284,0,17
11916,595,3818,1188,0.5015631318092346,0,17
11917,595,3818,1416,0.5033928155899048,0,17
11918,595,3818,1619,0.5005397796630859,0,17
11919,595,3818,1461,0.5014535188674927,0,17
11920,596,4148,439,0.5158520340919495,1,1
11921,596,4148,100,0.5018079280853271,0,1
11922,596,4148,655,0.5150759220123291,0,1
11923,596,4148,1651,0.5012229681015015,0,1
11924,596,4148,1707,0.5066595673561096,0,1
11925,596,4148,1500,0.5026656985282898,0,1
11926,596,4148,2054,0.5012835264205933,0,1
11927,596,4148,28,0.5000970959663391,0,1
11928,596,4148,1725,0.5052335858345032,0,1
11929,596,4148,611,0.5020838379859924,0,1
11930,596,4148,1126,0.5021746754646301,0,1
11931,596,4148,1507,0.515200674533844,0,1
11932,596,4148,1670,0.5027605891227722,0,1
11933,596,4148,867,0.5022304654121399,0,1
11934,596,4148,896,0.5032030344009399,0,1
11935,596,4148,1259,0.506821870803833,0,1
11936,596,4148,1880,0.5020383596420288,0,1
11937,596,4148,323,0.50152587890625,0,1
11938,596,4148,418,0.5028615593910217,0,1
11939,596,4148,818,0.506224513053894,0,1
11940,597,4085,1794,0.4997188150882721,1,20
11941,597,4085,153,0.5148112177848816,0,20
11942,597,4085,2039,0.5121424794197083,0,20
11943,597,4085,175,0.502956748008728,0,20
11944,597,4085,1463,0.5046966075897217,0,20
11945,597,4085,506,0.5068427324295044,0,20
11946,597,4085,656,0.49992018938064575,0,20
11947,597,4085,517,0.5046835541725159,0,20
11948,597,4085,1495,0.5025588870048523,0,20
11949,597,4085,18,0.5021460056304932,0,20
11950,597,4085,600,0.5297854542732239,0,20
11951,597,4085,311,0.5090227723121643,0,20
11952,597,4085,1879,0.5024762749671936,0,20
11953,597,4085,2001,0.4997818171977997,0,20
11954,597,4085,607,0.5012715458869934,0,20
11955,597,4085,201,0.5000933408737183,0,20
11956,597,4085,405,0.5049227476119995,0,20
11957,597,4085,651,0.5051695704460144,0,20
11958,597,4085,1181,0.5016101598739624,0,20
11959,597,4085,1793,0.4997192323207855,0,20
11960,598,3250,486,0.5003067255020142,1,18
11961,598,3250,1516,0.5192890167236328,0,18
11962,598,3250,1489,0.5013628005981445,0,18
11963,598,3250,1317,0.5011212229728699,0,18
11964,598,3250,1866,0.5021451115608215,0,18
11965,598,3250,1732,0.5042012929916382,0,18
11966,598,3250,1761,0.5009596943855286,0,18
11967,598,3250,1575,0.5017194151878357,0,18
11968,598,3250,1168,0.5065566301345825,0,18
11969,598,3250,1839,0.5015751123428345,0,18
11970,598,3250,2043,0.5000960826873779,0,18
11971,598,3250,79,0.5014328360557556,0,18
11972,598,3250,118,0.5016205310821533,0,18
11973,598,3250,511,0.5217125415802002,0,18
11974,598,3250,0,0.5011066794395447,0,18
11975,598,3250,1222,0.5002067685127258,0,18
11976,598,3250,392,0.5004919171333313,0,18
11977,598,3250,1302,0.5029352307319641,0,18
11978,598,3250,31,0.5003960728645325,0,18
11979,598,3250,2002,0.5025054216384888,0,18
11980,599,714,445,0.5091592073440552,1,4
11981,599,714,1003,0.5005947351455688,0,4
11982,599,714,504,0.5069494247436523,0,4
11983,599,714,1297,0.5020202994346619,0,4
11984,599,714,1347,0.5182353854179382,0,4
11985,599,714,1991,0.5024380683898926,0,4
11986,599,714,1346,0.5019341111183167,0,4
11987,599,714,1889,0.5061940550804138,0,4
11988,599,714,146,0.50662761926651,0,4
11989,599,714,699,0.5840542912483215,0,4
11990,599,714,1696,0.503484845161438,0,4
11991,599,714,167,0.5029380917549133,0,4
11992,599,714,1073,0.5003097057342529,0,4
11993,599,714,94,0.5150502324104309,0,4
11994,599,714,1472,0.5090212225914001,0,4
11995,599,714,1239,0.5027868151664734,0,4
11996,599,714,1494,0.5066068768501282,0,4
11997,599,714,852,0.5080123543739319,0,4
11998,599,714,452,0.5022600889205933,0,4
11999,599,714,821,0.49967989325523376,0,4
12000,600,2657,1941,0.5016321539878845,1,16
12001,600,2657,649,0.503862202167511,0,16
12002,600,2657,1476,0.5038448572158813,0,16
12003,600,2657,410,0.5035836696624756,0,16
12004,600,2657,1426,0.5026994347572327,0,16
12005,600,2657,1163,0.5013387799263,0,16
12006,600,2657,1764,0.5007495284080505,0,16
12007,600,2657,1652,0.501918613910675,0,16
12008,600,2657,933,0.5030811429023743,0,16
12009,600,2657,791,0.5022878050804138,0,16
12010,600,2657,987,0.5050984621047974,0,16
12011,600,2657,1646,0.5024479031562805,0,16
12012,600,2657,1197,0.503305971622467,0,16
12013,600,2657,728,0.5023055076599121,0,16
12014,600,2657,479,0.5022774338722229,0,16
12015,600,2657,1103,0.5002192258834839,0,16
12016,600,2657,1399,0.5095029473304749,0,16
12017,600,2657,1915,0.5027090311050415,0,16
12018,600,2657,1863,0.49999773502349854,0,16
12019,600,2657,736,0.5023953914642334,0,16
12020,601,1534,1387,0.4998179078102112,1,20
12021,601,1534,1833,0.5005490183830261,0,20
12022,601,1534,1694,0.5158974528312683,0,20
12023,601,1534,90,0.5047019720077515,0,20
12024,601,1534,922,0.5023648142814636,0,20
12025,601,1534,1805,0.5025154948234558,0,20
12026,601,1534,1072,0.502371072769165,0,20
12027,601,1534,259,0.5046297907829285,0,20
12028,601,1534,689,0.504601001739502,0,20
12029,601,1534,705,0.5001711845397949,0,20
12030,601,1534,1640,0.5133746862411499,0,20
12031,601,1534,1568,0.5001904964447021,0,20
12032,601,1534,2005,0.5019499063491821,0,20
12033,601,1534,1671,0.5314209461212158,0,20
12034,601,1534,1338,0.5025485754013062,0,20
12035,601,1534,342,0.502362072467804,0,20
12036,601,1534,94,0.5120638608932495,0,20
12037,601,1534,1924,0.4999467134475708,0,20
12038,601,1534,1460,0.501672625541687,0,20
12039,601,1534,1129,0.5001856684684753,0,20
12040,602,1705,10,0.5221490263938904,1,1
12041,602,1705,1640,0.5108594298362732,0,1
12042,602,1705,1878,0.5089408755302429,0,1
12043,602,1705,2019,0.5016841888427734,0,1
12044,602,1705,492,0.5001876354217529,0,1
12045,602,1705,36,0.5045469999313354,0,1
12046,602,1705,503,0.5037388205528259,0,1
12047,602,1705,540,0.5080157518386841,0,1
12048,602,1705,395,0.5079289078712463,0,1
12049,602,1705,3,0.501751184463501,0,1
12050,602,1705,939,0.499578595161438,0,1
12051,602,1705,720,0.5063298940658569,0,1
12052,602,1705,859,0.5020272135734558,0,1
12053,602,1705,314,0.49959883093833923,0,1
12054,602,1705,865,0.5044511556625366,0,1
12055,602,1705,1353,0.506152868270874,0,1
12056,602,1705,1202,0.504845142364502,0,1
12057,602,1705,1348,0.5065464973449707,0,1
12058,602,1705,234,0.5048204064369202,0,1
12059,602,1705,1349,0.5071178078651428,0,1
12060,603,3058,53,0.4999808073043823,1,17
12061,603,3058,1972,0.5031784772872925,0,17
12062,603,3058,502,0.5012677907943726,0,17
12063,603,3058,1551,0.5013545155525208,0,17
12064,603,3058,1356,0.5021705031394958,0,17
12065,603,3058,598,0.5049545764923096,0,17
12066,603,3058,2035,0.5020453333854675,0,17
12067,603,3058,1630,0.5156048536300659,0,17
12068,603,3058,816,0.503821611404419,0,17
12069,603,3058,1598,0.5011265873908997,0,17
12070,603,3058,1544,0.5020089149475098,0,17
12071,603,3058,1825,0.504023015499115,0,17
12072,603,3058,1565,0.5017852187156677,0,17
12073,603,3058,933,0.5037505030632019,0,17
12074,603,3058,529,0.5185094475746155,0,17
12075,603,3058,1798,0.5018932819366455,0,17
12076,603,3058,1387,0.49956604838371277,0,17
12077,603,3058,1345,0.4997071623802185,0,17
12078,603,3058,129,0.49990561604499817,0,17
12079,603,3058,1070,0.5012575387954712,0,17
12080,604,3426,376,0.5005383491516113,1,17
12081,604,3426,1762,0.5068841576576233,0,17
12082,604,3426,227,0.5002389550209045,0,17
12083,604,3426,1,0.5013434886932373,0,17
12084,604,3426,1764,0.5012136101722717,0,17
12085,604,3426,1893,0.5028262138366699,0,17
12086,604,3426,41,0.5063137412071228,0,17
12087,604,3426,1452,0.5004273056983948,0,17
12088,604,3426,1275,0.5003331899642944,0,17
12089,604,3426,1612,0.5021234750747681,0,17
12090,604,3426,1474,0.5074122548103333,0,17
12091,604,3426,1495,0.5017274618148804,0,17
12092,604,3426,744,0.5028802752494812,0,17
12093,604,3426,425,0.5007374882698059,0,17
12094,604,3426,284,0.5023210644721985,0,17
12095,604,3426,593,0.5005707740783691,0,17
12096,604,3426,1696,0.5019829869270325,0,17
12097,604,3426,1279,0.5011668801307678,0,17
12098,604,3426,984,0.5012823939323425,0,17
12099,604,3426,1714,0.502490758895874,0,17
12100,605,2901,1716,0.5004801154136658,1,13
12101,605,2901,1791,0.5003840923309326,0,13
12102,605,2901,1049,0.501265287399292,0,13
12103,605,2901,169,0.50047367811203,0,13
12104,605,2901,1569,0.5003356337547302,0,13
12105,605,2901,1726,0.5015673637390137,0,13
12106,605,2901,793,0.5004303455352783,0,13
12107,605,2901,1393,0.5078228712081909,0,13
12108,605,2901,995,0.5202119946479797,0,13
12109,605,2901,998,0.5026941895484924,0,13
12110,605,2901,1433,0.5011550188064575,0,13
12111,605,2901,1237,0.5003548264503479,0,13
12112,605,2901,1339,0.5020373463630676,0,13
12113,605,2901,701,0.5002553462982178,0,13
12114,605,2901,198,0.5006503462791443,0,13
12115,605,2901,1447,0.5182067155838013,0,13
12116,605,2901,1717,0.5002830028533936,0,13
12117,605,2901,1979,0.5023630261421204,0,13
12118,605,2901,1070,0.5014201998710632,0,13
12119,605,2901,1819,0.5020522475242615,0,13
12120,606,113,737,0.5003214478492737,1,14
12121,606,113,1524,0.5017500519752502,0,14
12122,606,113,749,0.5031245946884155,0,14
12123,606,113,482,0.5106606483459473,0,14
12124,606,113,592,0.5005465745925903,0,14
12125,606,113,797,0.5004193782806396,0,14
12126,606,113,483,0.5072849988937378,0,14
12127,606,113,1568,0.5002979040145874,0,14
12128,606,113,1986,0.5926840901374817,0,14
12129,606,113,951,0.5002954006195068,0,14
12130,606,113,1836,0.5095254778862,0,14
12131,606,113,719,0.5180294513702393,0,14
12132,606,113,196,0.5001742839813232,0,14
12133,606,113,1474,0.5093615651130676,0,14
12134,606,113,2001,0.5003492832183838,0,14
12135,606,113,1022,0.5017343759536743,0,14
12136,606,113,703,0.5013908743858337,0,14
12137,606,113,902,0.5002664923667908,0,14
12138,606,113,1374,0.5001274347305298,0,14
12139,606,113,1737,0.5002555251121521,0,14
12140,607,1675,345,0.8679877519607544,1,1
12141,607,1675,174,0.5020508170127869,0,1
12142,607,1675,210,0.5100114345550537,0,1
12143,607,1675,945,0.4997921288013458,0,1
12144,607,1675,1331,0.49936726689338684,0,1
12145,607,1675,1137,0.5128200650215149,0,1
12146,607,1675,813,0.5027124881744385,0,1
12147,607,1675,1120,0.5105298161506653,0,1
12148,607,1675,40,0.528762698173523,0,1
12149,607,1675,1671,0.5373621582984924,0,1
12150,607,1675,830,0.5029902458190918,0,1
12151,607,1675,1691,0.5063056945800781,0,1
12152,607,1675,1558,0.5001107454299927,0,1
12153,607,1675,1753,0.5031307935714722,0,1
12154,607,1675,117,0.5200549364089966,0,1
12155,607,1675,1696,0.5030100345611572,0,1
12156,607,1675,1694,0.517698347568512,0,1
12157,607,1675,299,0.5031166672706604,0,1
12158,607,1675,944,0.5008324384689331,0,1
12159,607,1675,489,0.49989399313926697,0,1
12160,608,3693,1902,0.500190258026123,1,18
12161,608,3693,1723,0.5153072476387024,0,18
12162,608,3693,786,0.500963568687439,0,18
12163,608,3693,416,0.5035141110420227,0,18
12164,608,3693,572,0.5149974822998047,0,18
12165,608,3693,1509,0.5057485103607178,0,18
12166,608,3693,1661,0.5012497901916504,0,18
12167,608,3693,518,0.5019006729125977,0,18
12168,608,3693,2074,0.5002464056015015,0,18
12169,608,3693,864,0.5028010010719299,0,18
12170,608,3693,484,0.4999293088912964,0,18
12171,608,3693,1256,0.5002797842025757,0,18
12172,608,3693,1804,0.5008537173271179,0,18
12173,608,3693,1343,0.5025345087051392,0,18
12174,608,3693,245,0.5017049312591553,0,18
12175,608,3693,109,0.499916672706604,0,18
12176,608,3693,1979,0.5034940838813782,0,18
12177,608,3693,1761,0.501062273979187,0,18
12178,608,3693,1426,0.5030048489570618,0,18
12179,608,3693,1513,0.5062687397003174,0,18
12180,609,3966,1642,0.5003744959831238,1,19
12181,609,3966,1723,0.5010306239128113,0,19
12182,609,3966,755,0.5004644393920898,0,19
12183,609,3966,499,0.5008198022842407,0,19
12184,609,3966,960,0.5004780888557434,0,19
12185,609,3966,1514,0.5008952617645264,0,19
12186,609,3966,709,0.5005525946617126,0,19
12187,609,3966,1176,0.500771164894104,0,19
12188,609,3966,1368,0.5007623434066772,0,19
12189,609,3966,689,0.5008084177970886,0,19
12190,609,3966,85,0.5009026527404785,0,19
12191,609,3966,2050,0.5010254979133606,0,19
12192,609,3966,39,0.500652015209198,0,19
12193,609,3966,705,0.5007376074790955,0,19
12194,609,3966,992,0.5007233023643494,0,19
12195,609,3966,1222,0.5007757544517517,0,19
12196,609,3966,430,0.5006640553474426,0,19
12197,609,3966,158,0.5008034110069275,0,19
12198,609,3966,117,0.5002908110618591,0,19
12199,609,3966,44,0.5006695985794067,0,19
12200,610,2152,2062,0.9671285152435303,1,1
12201,610,2152,1737,0.49923428893089294,0,1
12202,610,2152,1111,0.49965691566467285,0,1
12203,610,2152,1250,0.5111063718795776,0,1
12204,610,2152,1603,0.49937814474105835,0,1
12205,610,2152,593,0.4997886121273041,0,1
12206,610,2152,1017,0.5023362636566162,0,1
12207,610,2152,1491,0.5016335248947144,0,1
12208,610,2152,1932,0.6020893454551697,0,1
12209,610,2152,1764,0.5011566281318665,0,1
12210,610,2152,1292,0.5023202896118164,0,1
12211,610,2152,1256,0.4998156428337097,0,1
12212,610,2152,953,0.5137417912483215,0,1
12213,610,2152,600,0.5342357158660889,0,1
12214,610,2152,361,0.501457691192627,0,1
12215,610,2152,964,0.4991418719291687,0,1
12216,610,2152,1208,0.4991941452026367,0,1
12217,610,2152,7,0.5027137398719788,0,1
12218,610,2152,1853,0.5311760306358337,0,1
12219,610,2152,1260,0.5040177702903748,0,1
12220,611,2456,543,0.4991768002510071,1,18
12221,611,2456,1528,0.5119518637657166,0,18
12222,611,2456,1025,0.5036416053771973,0,18
12223,611,2456,1310,0.5193175673484802,0,18
12224,611,2456,1808,0.5334209203720093,0,18
12225,611,2456,1057,0.4996451139450073,0,18
12226,611,2456,254,0.5053406953811646,0,18
12227,611,2456,1866,0.5061891674995422,0,18
12228,611,2456,832,0.4988933205604553,0,18
12229,611,2456,1874,0.5008943676948547,0,18
12230,611,2456,666,0.5059870481491089,0,18
12231,611,2456,80,0.5042732357978821,0,18
12232,611,2456,792,0.5136101841926575,0,18
12233,611,2456,1475,0.5027101635932922,0,18
12234,611,2456,133,0.4992659091949463,0,18
12235,611,2456,530,0.5064210295677185,0,18
12236,611,2456,979,0.5058286190032959,0,18
12237,611,2456,517,0.5061125159263611,0,18
12238,611,2456,227,0.4990418553352356,0,18
12239,611,2456,69,0.4992609918117523,0,18
12240,612,3452,142,0.5000286102294922,1,20
12241,612,3452,507,0.5002816915512085,0,20
12242,612,3452,1377,0.5023064613342285,0,20
12243,612,3452,330,0.522869884967804,0,20
12244,612,3452,1772,0.5011899471282959,0,20
12245,612,3452,150,0.5017861723899841,0,20
12246,612,3452,1973,0.5001809000968933,0,20
12247,612,3452,1528,0.5042373538017273,0,20
12248,612,3452,1051,0.502605676651001,0,20
12249,612,3452,1773,0.5015993714332581,0,20
12250,612,3452,832,0.5001253485679626,0,20
12251,612,3452,1383,0.5014826059341431,0,20
12252,612,3452,1140,0.5003018379211426,0,20
12253,612,3452,1480,0.5025684833526611,0,20
12254,612,3452,1317,0.5012919902801514,0,20
12255,612,3452,1548,0.5077270865440369,0,20
12256,612,3452,54,0.5009200572967529,0,20
12257,612,3452,338,0.5011802911758423,0,20
12258,612,3452,1007,0.5012048482894897,0,20
12259,612,3452,1643,0.5410698652267456,0,20
12260,613,159,1258,0.5015142560005188,1,13
12261,613,159,1727,0.500841498374939,0,13
12262,613,159,1442,0.5016773343086243,0,13
12263,613,159,1570,0.5025951862335205,0,13
12264,613,159,1707,0.5100379586219788,0,13
12265,613,159,1481,0.5011608004570007,0,13
12266,613,159,706,0.5008229613304138,0,13
12267,613,159,1823,0.5127918720245361,0,13
12268,613,159,1673,0.5039992928504944,0,13
12269,613,159,1686,0.5095002055168152,0,13
12270,613,159,209,0.4996732175350189,0,13
12271,613,159,1277,0.5091966986656189,0,13
12272,613,159,1032,0.500577986240387,0,13
12273,613,159,1981,0.503821611404419,0,13
12274,613,159,1679,0.5011124610900879,0,13
12275,613,159,831,0.509645938873291,0,13
12276,613,159,1584,0.5012258887290955,0,13
12277,613,159,1108,0.5050761103630066,0,13
12278,613,159,1926,0.5031922459602356,0,13
12279,613,159,1578,0.5453786253929138,0,13
12280,614,3501,1831,0.5016652941703796,1,8
12281,614,3501,1005,0.5029502511024475,0,8
12282,614,3501,1662,0.5012728571891785,0,8
12283,614,3501,84,0.5017133951187134,0,8
12284,614,3501,226,0.5006790161132812,0,8
12285,614,3501,884,0.501785397529602,0,8
12286,614,3501,1427,0.5013002753257751,0,8
12287,614,3501,1150,0.5040525197982788,0,8
12288,614,3501,944,0.5011704564094543,0,8
12289,614,3501,759,0.5008445978164673,0,8
12290,614,3501,631,0.500552773475647,0,8
12291,614,3501,555,0.5008038878440857,0,8
12292,614,3501,405,0.5024370551109314,0,8
12293,614,3501,65,0.5010210275650024,0,8
12294,614,3501,653,0.5005726218223572,0,8
12295,614,3501,1826,0.5014131665229797,0,8
12296,614,3501,837,0.5073739290237427,0,8
12297,614,3501,537,0.5015500783920288,0,8
12298,614,3501,1208,0.5004973411560059,0,8
12299,614,3501,1147,0.5063310265541077,0,8
12300,615,49,1067,0.5009303689002991,1,8
12301,615,49,1712,0.5009249448776245,0,8
12302,615,49,68,0.5005553364753723,0,8
12303,615,49,1740,0.5007119178771973,0,8
12304,615,49,1126,0.5007815361022949,0,8
12305,615,49,1799,0.5011174082756042,0,8
12306,615,49,867,0.5009601712226868,0,8
12307,615,49,71,0.5013017654418945,0,8
12308,615,49,676,0.501024603843689,0,8
12309,615,49,1728,0.5009188055992126,0,8
12310,615,49,552,0.5008850693702698,0,8
12311,615,49,1821,0.5007697939872742,0,8
12312,615,49,23,0.5008726119995117,0,8
12313,615,49,1583,0.5009511113166809,0,8
12314,615,49,517,0.5005670189857483,0,8
12315,615,49,769,0.5009608268737793,0,8
12316,615,49,1551,0.5008075833320618,0,8
12317,615,49,1642,0.5012788772583008,0,8
12318,615,49,472,0.5008684992790222,0,8
12319,615,49,1847,0.5009000301361084,0,8
12320,616,416,725,0.5001115202903748,1,17
12321,616,416,1218,0.5263084769248962,0,17
12322,616,416,1281,0.5000802278518677,0,17
12323,616,416,892,0.5036634206771851,0,17
12324,616,416,461,0.5086318254470825,0,17
12325,616,416,1460,0.5016328692436218,0,17
12326,616,416,1007,0.5019212961196899,0,17
12327,616,416,1883,0.5016590356826782,0,17
12328,616,416,811,0.5027391910552979,0,17
12329,616,416,1784,0.5016427040100098,0,17
12330,616,416,1645,0.5032657384872437,0,17
12331,616,416,263,0.5030664801597595,0,17
12332,616,416,1064,0.5024592280387878,0,17
12333,616,416,65,0.5009597539901733,0,17
12334,616,416,453,0.502833902835846,0,17
12335,616,416,617,0.5001850128173828,0,17
12336,616,416,125,0.5019106268882751,0,17
12337,616,416,109,0.4999390244483948,0,17
12338,616,416,1888,0.5029855966567993,0,17
12339,616,416,1944,0.500058114528656,0,17
12340,617,785,1081,0.5006442666053772,1,16
12341,617,785,1715,0.5037521123886108,0,16
12342,617,785,687,0.5156863331794739,0,16
12343,617,785,868,0.5016307234764099,0,16
12344,617,785,48,0.502796471118927,0,16
12345,617,785,1250,0.5060089826583862,0,16
12346,617,785,812,0.5016345381736755,0,16
12347,617,785,1585,0.500467836856842,0,16
12348,617,785,615,0.5004100203514099,0,16
12349,617,785,527,0.5018420815467834,0,16
12350,617,785,1934,0.5015246868133545,0,16
12351,617,785,545,0.504526674747467,0,16
12352,617,785,2067,0.5036176443099976,0,16
12353,617,785,2016,0.503577709197998,0,16
12354,617,785,761,0.5050323009490967,0,16
12355,617,785,1475,0.502139151096344,0,16
12356,617,785,1287,0.5038695335388184,0,16
12357,617,785,1456,0.5116796493530273,0,16
12358,617,785,313,0.5005350112915039,0,16
12359,617,785,169,0.5004779100418091,0,16
12360,618,3103,1963,0.5031536221504211,1,5
12361,618,3103,1622,0.5023056268692017,0,5
12362,618,3103,1238,0.5011321306228638,0,5
12363,618,3103,1789,0.5027181506156921,0,5
12364,618,3103,1730,0.5054672956466675,0,5
12365,618,3103,672,0.5007988214492798,0,5
12366,618,3103,1986,0.549913763999939,0,5
12367,618,3103,1994,0.5009981393814087,0,5
12368,618,3103,600,0.5088909864425659,0,5
12369,618,3103,1966,0.5012041926383972,0,5
12370,618,3103,829,0.5017784833908081,0,5
12371,618,3103,1239,0.5010572671890259,0,5
12372,618,3103,1378,0.5016873478889465,0,5
12373,618,3103,1202,0.5017412900924683,0,5
12374,618,3103,1279,0.500944972038269,0,5
12375,618,3103,1258,0.5010761618614197,0,5
12376,618,3103,497,0.5025085806846619,0,5
12377,618,3103,1274,0.5013633370399475,0,5
12378,618,3103,1243,0.5005032420158386,0,5
12379,618,3103,978,0.5051306486129761,0,5
12380,619,1531,853,0.5011849999427795,1,16
12381,619,1531,74,0.5040407180786133,0,16
12382,619,1531,61,0.5018056035041809,0,16
12383,619,1531,204,0.5015227794647217,0,16
12384,619,1531,514,0.5030667185783386,0,16
12385,619,1531,22,0.5019242167472839,0,16
12386,619,1531,894,0.5042566061019897,0,16
12387,619,1531,1651,0.5009908676147461,0,16
12388,619,1531,304,0.5003817677497864,0,16
12389,619,1531,1646,0.5023881793022156,0,16
12390,619,1531,1859,0.5052779912948608,0,16
12391,619,1531,1580,0.5040647387504578,0,16
12392,619,1531,1322,0.5087969899177551,0,16
12393,619,1531,271,0.5068778991699219,0,16
12394,619,1531,1173,0.5040537714958191,0,16
12395,619,1531,795,0.5030269026756287,0,16
12396,619,1531,1762,0.5068187713623047,0,16
12397,619,1531,1421,0.5021505951881409,0,16
12398,619,1531,31,0.5005580186843872,0,16
12399,619,1531,723,0.5002074837684631,0,16
12400,620,3916,1741,0.5026788711547852,1,7
12401,620,3916,542,0.5026066303253174,0,7
12402,620,3916,750,0.5017032027244568,0,7
12403,620,3916,298,0.5014550089836121,0,7
12404,620,3916,412,0.500872015953064,0,7
12405,620,3916,83,0.502547562122345,0,7
12406,620,3916,1076,0.5038459897041321,0,7
12407,620,3916,720,0.5031446814537048,0,7
12408,620,3916,850,0.5056988000869751,0,7
12409,620,3916,1579,0.5039849281311035,0,7
12410,620,3916,1220,0.5013517737388611,0,7
12411,620,3916,134,0.5014767646789551,0,7
12412,620,3916,747,0.5021237134933472,0,7
12413,620,3916,1069,0.5006205439567566,0,7
12414,620,3916,1771,0.5013197064399719,0,7
12415,620,3916,1064,0.5017207860946655,0,7
12416,620,3916,184,0.5010830760002136,0,7
12417,620,3916,1329,0.5036131739616394,0,7
12418,620,3916,365,0.5033115148544312,0,7
12419,620,3916,952,0.5016605854034424,0,7
12420,621,3267,207,0.5049170255661011,1,9
12421,621,3267,1817,0.500137209892273,0,9
12422,621,3267,1953,0.527049720287323,0,9
12423,621,3267,734,0.5063912272453308,0,9
12424,621,3267,110,0.49961358308792114,0,9
12425,621,3267,965,0.5194462537765503,0,9
12426,621,3267,1172,0.5001787543296814,0,9
12427,621,3267,863,0.5108996629714966,0,9
12428,621,3267,982,0.5002771019935608,0,9
12429,621,3267,1475,0.5037637948989868,0,9
12430,621,3267,732,0.49988654255867004,0,9
12431,621,3267,530,0.5064795613288879,0,9
12432,621,3267,135,0.5080214738845825,0,9
12433,621,3267,1665,0.5046259164810181,0,9
12434,621,3267,1346,0.5031412839889526,0,9
12435,621,3267,580,0.5035662651062012,0,9
12436,621,3267,2061,0.5000527501106262,0,9
12437,621,3267,1320,0.5077019929885864,0,9
12438,621,3267,1978,0.5044400691986084,0,9
12439,621,3267,598,0.5102742910385132,0,9
12440,622,1466,2056,0.49982786178588867,1,13
12441,622,1466,1167,0.5049164295196533,0,13
12442,622,1466,1281,0.49957311153411865,0,13
12443,622,1466,1012,0.4998404383659363,0,13
12444,622,1466,78,0.5058698654174805,0,13
12445,622,1466,510,0.4990541934967041,0,13
12446,622,1466,1319,0.4997157156467438,0,13
12447,622,1466,1395,0.5038200616836548,0,13
12448,622,1466,861,0.5202599763870239,0,13
12449,622,1466,1879,0.5017758011817932,0,13
12450,622,1466,918,0.5027974843978882,0,13
12451,622,1466,990,0.49943429231643677,0,13
12452,622,1466,296,0.4994411766529083,0,13
12453,622,1466,1857,0.5056611895561218,0,13
12454,622,1466,1455,0.5005615949630737,0,13
12455,622,1466,133,0.4997953474521637,0,13
12456,622,1466,509,0.49949923157691956,0,13
12457,622,1466,1487,0.5015442371368408,0,13
12458,622,1466,706,0.5012068152427673,0,13
12459,622,1466,1328,0.5043104290962219,0,13
12460,623,3238,149,0.5851952433586121,1,1
12461,623,3238,1604,0.4999924898147583,0,1
12462,623,3238,1208,0.4999363422393799,0,1
12463,623,3238,1433,0.5020334124565125,0,1
12464,623,3238,597,0.5006717443466187,0,1
12465,623,3238,1552,0.5029967427253723,0,1
12466,623,3238,565,0.5042552947998047,0,1
12467,623,3238,932,0.5116288065910339,0,1
12468,623,3238,150,0.5030383467674255,0,1
12469,623,3238,491,0.4997631311416626,0,1
12470,623,3238,18,0.5014376044273376,0,1
12471,623,3238,711,0.5095344185829163,0,1
12472,623,3238,726,0.5037279725074768,0,1
12473,623,3238,2024,0.5016027688980103,0,1
12474,623,3238,168,0.5030272006988525,0,1
12475,623,3238,923,0.5288962125778198,0,1
12476,623,3238,648,0.5118184685707092,0,1
12477,623,3238,968,0.5077234506607056,0,1
12478,623,3238,925,0.5004967451095581,0,1
12479,623,3238,1527,0.4999903440475464,0,1
12480,624,2082,400,0.5000590085983276,1,20
12481,624,2082,568,0.5020076036453247,0,20
12482,624,2082,304,0.5003323554992676,0,20
12483,624,2082,98,0.504406213760376,0,20
12484,624,2082,1608,0.502835750579834,0,20
12485,624,2082,1846,0.5068528652191162,0,20
12486,624,2082,593,0.5002846717834473,0,20
12487,624,2082,1665,0.5021393299102783,0,20
12488,624,2082,54,0.5009565353393555,0,20
12489,624,2082,1891,0.5055002570152283,0,20
12490,624,2082,770,0.5005267262458801,0,20
12491,624,2082,2007,0.5003754496574402,0,20
12492,624,2082,843,0.5002046823501587,0,20
12493,624,2082,273,0.5013430714607239,0,20
12494,624,2082,1655,0.5014881491661072,0,20
12495,624,2082,1920,0.5014451742172241,0,20
12496,624,2082,847,0.5028465390205383,0,20
12497,624,2082,984,0.5011134147644043,0,20
12498,624,2082,1071,0.5013440251350403,0,20
12499,624,2082,135,0.5033046007156372,0,20
12500,625,2048,612,0.5002533793449402,1,18
12501,625,2048,1723,0.5186179876327515,0,18
12502,625,2048,268,0.501117467880249,0,18
12503,625,2048,1769,0.5007001757621765,0,18
12504,625,2048,1278,0.5644329190254211,0,18
12505,625,2048,679,0.5033850073814392,0,18
12506,625,2048,1762,0.5087299942970276,0,18
12507,625,2048,966,0.5021544098854065,0,18
12508,625,2048,1474,0.5082254409790039,0,18
12509,625,2048,943,0.5023227334022522,0,18
12510,625,2048,1789,0.5039264559745789,0,18
12511,625,2048,697,0.5041921138763428,0,18
12512,625,2048,507,0.500096321105957,0,18
12513,625,2048,84,0.5022333860397339,0,18
12514,625,2048,118,0.5030449032783508,0,18
12515,625,2048,1961,0.5047333240509033,0,18
12516,625,2048,922,0.5020368099212646,0,18
12517,625,2048,128,0.5001307129859924,0,18
12518,625,2048,336,0.5014245510101318,0,18
12519,625,2048,983,0.5051809549331665,0,18
12520,626,3620,1158,0.5029922723770142,1,3
12521,626,3620,609,0.5002619624137878,0,3
12522,626,3620,1242,0.5008538961410522,0,3
12523,626,3620,1921,0.5002561211585999,0,3
12524,626,3620,642,0.5011954307556152,0,3
12525,626,3620,1703,0.5828004479408264,0,3
12526,626,3620,169,0.5002485513687134,0,3
12527,626,3620,679,0.5032652020454407,0,3
12528,626,3620,1018,0.5000079274177551,0,3
12529,626,3620,1254,0.5013721585273743,0,3
12530,626,3620,1276,0.5014317035675049,0,3
12531,626,3620,608,0.5015658140182495,0,3
12532,626,3620,744,0.502691388130188,0,3
12533,626,3620,1328,0.502747654914856,0,3
12534,626,3620,446,0.500064492225647,0,3
12535,626,3620,873,0.5004807114601135,0,3
12536,626,3620,1717,0.5001776218414307,0,3
12537,626,3620,157,0.501226007938385,0,3
12538,626,3620,364,0.5017112493515015,0,3
12539,626,3620,526,0.5012649297714233,0,3
12540,627,264,533,0.5175289511680603,1,2
12541,627,264,1155,0.5052070021629333,0,2
12542,627,264,2067,0.5051887631416321,0,2
12543,627,264,1916,0.49960002303123474,0,2
12544,627,264,731,0.5080975890159607,0,2
12545,627,264,720,0.5066858530044556,0,2
12546,627,264,693,0.5024108290672302,0,2
12547,627,264,1917,0.5384407043457031,0,2
12548,627,264,1345,0.4990779459476471,0,2
12549,627,264,29,0.4996911883354187,0,2
12550,627,264,1484,0.4993264079093933,0,2
12551,627,264,26,0.5044441819190979,0,2
12552,627,264,1645,0.5052314400672913,0,2
12553,627,264,1153,0.5027095079421997,0,2
12554,627,264,992,0.5056335926055908,0,2
12555,627,264,1699,0.5050165057182312,0,2
12556,627,264,1229,0.5013036131858826,0,2
12557,627,264,1296,0.4990176260471344,0,2
12558,627,264,41,0.5140096545219421,0,2
12559,627,264,1611,0.49956390261650085,0,2
12560,628,370,1597,0.5039676427841187,1,5
12561,628,370,741,0.5008915662765503,0,5
12562,628,370,1538,0.5006043910980225,0,5
12563,628,370,2056,0.4998347759246826,0,5
12564,628,370,666,0.502234935760498,0,5
12565,628,370,1544,0.5012311339378357,0,5
12566,628,370,900,0.5007829666137695,0,5
12567,628,370,305,0.5032327175140381,0,5
12568,628,370,125,0.5006626844406128,0,5
12569,628,370,281,0.49977895617485046,0,5
12570,628,370,1524,0.5012397766113281,0,5
12571,628,370,1705,0.5080456137657166,0,5
12572,628,370,932,0.5073186159133911,0,5
12573,628,370,47,0.501254677772522,0,5
12574,628,370,962,0.5162061452865601,0,5
12575,628,370,1127,0.4998956620693207,0,5
12576,628,370,422,0.5014843344688416,0,5
12577,628,370,2068,0.5205491185188293,0,5
12578,628,370,1562,0.5007842183113098,0,5
12579,628,370,132,0.500764012336731,0,5
12580,629,2685,16,0.5008412599563599,1,13
12581,629,2685,772,0.5008431673049927,0,13
12582,629,2685,407,0.5007064938545227,0,13
12583,629,2685,931,0.5008955597877502,0,13
12584,629,2685,1712,0.5001808404922485,0,13
12585,629,2685,1755,0.5008832216262817,0,13
12586,629,2685,1919,0.5010473728179932,0,13
12587,629,2685,668,0.5009406805038452,0,13
12588,629,2685,1085,0.5009048581123352,0,13
12589,629,2685,793,0.5008915662765503,0,13
12590,629,2685,103,0.5007051825523376,0,13
12591,629,2685,1069,0.5009201765060425,0,13
12592,629,2685,362,0.5009163022041321,0,13
12593,629,2685,2014,0.5008328557014465,0,13
12594,629,2685,817,0.5008683800697327,0,13
12595,629,2685,987,0.5005931258201599,0,13
12596,629,2685,741,0.500896692276001,0,13
12597,629,2685,277,0.5007063150405884,0,13
12598,629,2685,2034,0.5008038878440857,0,13
12599,629,2685,109,0.5008940100669861,0,13
12600,630,477,702,0.5151496529579163,1,4
12601,630,477,1898,0.5015861392021179,0,4
12602,630,477,508,0.5182185173034668,0,4
12603,630,477,1955,0.5001602172851562,0,4
12604,630,477,1574,0.5017088651657104,0,4
12605,630,477,2007,0.5000898838043213,0,4
12606,630,477,481,0.501801609992981,0,4
12607,630,477,1647,0.4999281167984009,0,4
12608,630,477,530,0.5024726986885071,0,4
12609,630,477,1330,0.5001915693283081,0,4
12610,630,477,1006,0.5204861760139465,0,4
12611,630,477,1820,0.5017445087432861,0,4
12612,630,477,1423,0.5330042243003845,0,4
12613,630,477,170,0.5012513995170593,0,4
12614,630,477,1029,0.5018654465675354,0,4
12615,630,477,204,0.5019024014472961,0,4
12616,630,477,1206,0.49987486004829407,0,4
12617,630,477,226,0.5001939535140991,0,4
12618,630,477,207,0.502057671546936,0,4
12619,630,477,1601,0.5011031627655029,0,4
12620,631,1780,1705,0.5070303082466125,1,3
12621,631,1780,1066,0.5002574324607849,0,3
12622,631,1780,1121,0.5048866868019104,0,3
12623,631,1780,862,0.5011159777641296,0,3
12624,631,1780,114,0.5013232827186584,0,3
12625,631,1780,229,0.5039970278739929,0,3
12626,631,1780,733,0.5026220679283142,0,3
12627,631,1780,317,0.5006762742996216,0,3
12628,631,1780,738,0.5016951560974121,0,3
12629,631,1780,2015,0.5002589821815491,0,3
12630,631,1780,656,0.5000861287117004,0,3
12631,631,1780,311,0.5031123161315918,0,3
12632,631,1780,1636,0.5076462626457214,0,3
12633,631,1780,718,0.5023707151412964,0,3
12634,631,1780,1845,0.504410982131958,0,3
12635,631,1780,572,0.5111238360404968,0,3
12636,631,1780,1567,0.5049834251403809,0,3
12637,631,1780,205,0.5019217729568481,0,3
12638,631,1780,1670,0.5015628337860107,0,3
12639,631,1780,163,0.5004622340202332,0,3
12640,632,1719,304,0.5001072883605957,1,20
12641,632,1719,1216,0.5061797499656677,0,20
12642,632,1719,444,0.5044490694999695,0,20
12643,632,1719,271,0.5123720169067383,0,20
12644,632,1719,498,0.5035359859466553,0,20
12645,632,1719,1158,0.5055596828460693,0,20
12646,632,1719,1677,0.5006612539291382,0,20
12647,632,1719,800,0.5023791193962097,0,20
12648,632,1719,1428,0.5052757859230042,0,20
12649,632,1719,1015,0.5027092695236206,0,20
12650,632,1719,162,0.5029034614562988,0,20
12651,632,1719,1388,0.5072532296180725,0,20
12652,632,1719,1314,0.5011729598045349,0,20
12653,632,1719,745,0.5148882865905762,0,20
12654,632,1719,730,0.5030757188796997,0,20
12655,632,1719,118,0.5052517056465149,0,20
12656,632,1719,956,0.5035545229911804,0,20
12657,632,1719,487,0.5040081143379211,0,20
12658,632,1719,1586,0.5027433037757874,0,20
12659,632,1719,1016,0.50419020652771,0,20
12660,633,4096,1649,0.5019742250442505,1,13
12661,633,4096,460,0.5014229416847229,0,13
12662,633,4096,1300,0.5031298398971558,0,13
12663,633,4096,1826,0.5019393563270569,0,13
12664,633,4096,1372,0.502410352230072,0,13
12665,633,4096,1206,0.5004931688308716,0,13
12666,633,4096,832,0.5002807974815369,0,13
12667,633,4096,692,0.5026121735572815,0,13
12668,633,4096,1496,0.5015116930007935,0,13
12669,633,4096,1129,0.5006336569786072,0,13
12670,633,4096,997,0.5027348399162292,0,13
12671,633,4096,1995,0.5058814287185669,0,13
12672,633,4096,1363,0.5036924481391907,0,13
12673,633,4096,1918,0.5039397478103638,0,13
12674,633,4096,92,0.5040863752365112,0,13
12675,633,4096,1510,0.5028524994850159,0,13
12676,633,4096,899,0.5021213889122009,0,13
12677,633,4096,2053,0.5030237436294556,0,13
12678,633,4096,894,0.5045762062072754,0,13
12679,633,4096,1756,0.5002217888832092,0,13
12680,634,4005,270,0.5009158253669739,1,5
12681,634,4005,1720,0.5011085867881775,0,5
12682,634,4005,330,0.49905622005462646,0,5
12683,634,4005,110,0.5008867979049683,0,5
12684,634,4005,1347,0.5007157325744629,0,5
12685,634,4005,1346,0.500893235206604,0,5
12686,634,4005,568,0.5008102655410767,0,5
12687,634,4005,264,0.5008262395858765,0,5
12688,634,4005,1865,0.5008504986763,0,5
12689,634,4005,1569,0.5008326172828674,0,5
12690,634,4005,1409,0.5008448362350464,0,5
12691,634,4005,896,0.5005146861076355,0,5
12692,634,4005,172,0.5009337067604065,0,5
12693,634,4005,1315,0.5007452964782715,0,5
12694,634,4005,1355,0.5004206299781799,0,5
12695,634,4005,1312,0.4998979866504669,0,5
12696,634,4005,1277,0.5002201795578003,0,5
12697,634,4005,1798,0.5010060667991638,0,5
12698,634,4005,811,0.5006936192512512,0,5
12699,634,4005,1445,0.5010858774185181,0,5
12700,635,540,13,0.49968084692955017,1,20
12701,635,540,1443,0.5008553266525269,0,20
12702,635,540,1585,0.5007395148277283,0,20
12703,635,540,914,0.5004417896270752,0,20
12704,635,540,1415,0.5007483959197998,0,20
12705,635,540,759,0.5006845593452454,0,20
12706,635,540,140,0.500756025314331,0,20
12707,635,540,1160,0.5002080202102661,0,20
12708,635,540,1557,0.5005918145179749,0,20
12709,635,540,973,0.500832200050354,0,20
12710,635,540,1744,0.5007466077804565,0,20
12711,635,540,1682,0.5009478330612183,0,20
12712,635,540,113,0.5004787445068359,0,20
12713,635,540,838,0.5006225109100342,0,20
12714,635,540,469,0.500750720500946,0,20
12715,635,540,840,0.5006873607635498,0,20
12716,635,540,703,0.5008256435394287,0,20
12717,635,540,1731,0.5007060170173645,0,20
12718,635,540,1315,0.5006829500198364,0,20
12719,635,540,1181,0.5009148716926575,0,20
12720,636,949,1502,0.5004029870033264,1,17
12721,636,949,1963,0.5047028064727783,0,17
12722,636,949,732,0.5002896785736084,0,17
12723,636,949,1617,0.503654420375824,0,17
12724,636,949,2018,0.5002575516700745,0,17
12725,636,949,655,0.5176557898521423,0,17
12726,636,949,1167,0.5035613179206848,0,17
12727,636,949,1747,0.5000268220901489,0,17
12728,636,949,544,0.5012855529785156,0,17
12729,636,949,1939,0.5017473101615906,0,17
12730,636,949,334,0.5013186931610107,0,17
12731,636,949,1370,0.5079360604286194,0,17
12732,636,949,1862,0.503309428691864,0,17
12733,636,949,593,0.5004328489303589,0,17
12734,636,949,834,0.5120388269424438,0,17
12735,636,949,773,0.502345621585846,0,17
12736,636,949,1581,0.5015627145767212,0,17
12737,636,949,803,0.5029702186584473,0,17
12738,636,949,1919,0.5016173124313354,0,17
12739,636,949,1845,0.5066460967063904,0,17
12740,637,2986,241,0.5027062296867371,1,10
12741,637,2986,1162,0.49975597858428955,0,10
12742,637,2986,729,0.49975430965423584,0,10
12743,637,2986,639,0.5067617893218994,0,10
12744,637,2986,677,0.4997712969779968,0,10
12745,637,2986,274,0.5026132464408875,0,10
12746,637,2986,545,0.5056423544883728,0,10
12747,637,2986,2061,0.4995184540748596,0,10
12748,637,2986,1929,0.5075410604476929,0,10
12749,637,2986,1878,0.5108465552330017,0,10
12750,637,2986,1966,0.5036131739616394,0,10
12751,637,2986,2049,0.5047454237937927,0,10
12752,637,2986,1855,0.5021617412567139,0,10
12753,637,2986,673,0.49976325035095215,0,10
12754,637,2986,675,0.5021414756774902,0,10
12755,637,2986,1165,0.5024825930595398,0,10
12756,637,2986,231,0.5232571959495544,0,10
12757,637,2986,357,0.5039664506912231,0,10
12758,637,2986,686,0.5036826133728027,0,10
12759,637,2986,727,0.5001129508018494,0,10
12760,638,427,1170,0.5224918723106384,1,2
12761,638,427,2025,0.5042641758918762,0,2
12762,638,427,1748,0.5037493109703064,0,2
12763,638,427,986,0.5047585964202881,0,2
12764,638,427,1203,0.5096471309661865,0,2
12765,638,427,630,0.4989675283432007,0,2
12766,638,427,521,0.49847614765167236,0,2
12767,638,427,1006,0.5552868843078613,0,2
12768,638,427,79,0.5032271146774292,0,2
12769,638,427,2006,0.5099518895149231,0,2
12770,638,427,918,0.5038790702819824,0,2
12771,638,427,1688,0.49975407123565674,0,2
12772,638,427,1246,0.5049265027046204,0,2
12773,638,427,915,0.5027751326560974,0,2
12774,638,427,1665,0.5038055777549744,0,2
12775,638,427,1587,0.49936553835868835,0,2
12776,638,427,987,0.513150691986084,0,2
12777,638,427,1249,0.4991194009780884,0,2
12778,638,427,355,0.49982380867004395,0,2
12779,638,427,1033,0.5028053522109985,0,2
12780,639,1384,826,0.5024546384811401,1,9
12781,639,1384,2029,0.5019728541374207,0,9
12782,639,1384,335,0.5035998821258545,0,9
12783,639,1384,938,0.5032991170883179,0,9
12784,639,1384,881,0.5019528269767761,0,9
12785,639,1384,1937,0.501586377620697,0,9
12786,639,1384,1825,0.5034887194633484,0,9
12787,639,1384,1744,0.5040270090103149,0,9
12788,639,1384,578,0.5017496943473816,0,9
12789,639,1384,360,0.5021024346351624,0,9
12790,639,1384,764,0.5015451908111572,0,9
12791,639,1384,1259,0.5068164467811584,0,9
12792,639,1384,349,0.5031858682632446,0,9
12793,639,1384,1903,0.5001455545425415,0,9
12794,639,1384,540,0.5048713088035583,0,9
12795,639,1384,1118,0.5002267360687256,0,9
12796,639,1384,248,0.5029085874557495,0,9
12797,639,1384,26,0.5017680525779724,0,9
12798,639,1384,1054,0.5021871328353882,0,9
12799,639,1384,752,0.5017463564872742,0,9
12800,640,628,437,0.5044166445732117,1,6
12801,640,628,1224,0.5167940855026245,0,6
12802,640,628,446,0.5002729296684265,0,6
12803,640,628,357,0.5029767751693726,0,6
12804,640,628,1495,0.5027949213981628,0,6
12805,640,628,663,0.5018540024757385,0,6
12806,640,628,208,0.5114027857780457,0,6
12807,640,628,550,0.5015442967414856,0,6
12808,640,628,574,0.5023447871208191,0,6
12809,640,628,1958,0.5019647479057312,0,6
12810,640,628,21,0.5002931356430054,0,6
12811,640,628,1873,0.5026443600654602,0,6
12812,640,628,1871,0.5075867176055908,0,6
12813,640,628,2052,0.5019643902778625,0,6
12814,640,628,1500,0.5049441456794739,0,6
12815,640,628,274,0.5022674202919006,0,6
12816,640,628,20,0.5089878439903259,0,6
12817,640,628,1996,0.5036972761154175,0,6
12818,640,628,190,0.5016234517097473,0,6
12819,640,628,768,0.502851665019989,0,6
12820,641,2316,817,0.5004788041114807,1,18
12821,641,2316,898,0.5016297101974487,0,18
12822,641,2316,56,0.5027379393577576,0,18
12823,641,2316,242,0.5018801093101501,0,18
12824,641,2316,1630,0.5101966261863708,0,18
12825,641,2316,1258,0.5014328360557556,0,18
12826,641,2316,1401,0.5019218921661377,0,18
12827,641,2316,1444,0.5035327672958374,0,18
12828,641,2316,1254,0.5014044046401978,0,18
12829,641,2316,1574,0.5014834403991699,0,18
12830,641,2316,1257,0.5118067264556885,0,18
12831,641,2316,437,0.5024653077125549,0,18
12832,641,2316,970,0.5019559264183044,0,18
12833,641,2316,1064,0.5016586780548096,0,18
12834,641,2316,2006,0.5038765072822571,0,18
12835,641,2316,1357,0.5003958344459534,0,18
12836,641,2316,653,0.5003420114517212,0,18
12837,641,2316,1386,0.5014902353286743,0,18
12838,641,2316,815,0.5014296174049377,0,18
12839,641,2316,125,0.5017915964126587,0,18
12840,642,2263,1448,0.49970531463623047,1,19
12841,642,2263,1260,0.5027638673782349,0,19
12842,642,2263,2019,0.5014190077781677,0,19
12843,642,2263,1332,0.5079938173294067,0,19
12844,642,2263,1031,0.5023760199546814,0,19
12845,642,2263,1485,0.49972012639045715,0,19
12846,642,2263,641,0.5038472414016724,0,19
12847,642,2263,1318,0.5033778548240662,0,19
12848,642,2263,438,0.5042325258255005,0,19
12849,642,2263,28,0.49959251284599304,0,19
12850,642,2263,1965,0.5082347989082336,0,19
12851,642,2263,536,0.5030139684677124,0,19
12852,642,2263,1745,0.5003848075866699,0,19
12853,642,2263,1794,0.5000253319740295,0,19
12854,642,2263,943,0.5034446120262146,0,19
12855,642,2263,234,0.5057787299156189,0,19
12856,642,2263,1606,0.4998840391635895,0,19
12857,642,2263,897,0.5000742077827454,0,19
12858,642,2263,1943,0.5050758719444275,0,19
12859,642,2263,1623,0.5030559301376343,0,19
12860,643,3257,519,0.5015106797218323,1,14
12861,643,3257,1325,0.5061262845993042,0,14
12862,643,3257,856,0.5007832050323486,0,14
12863,643,3257,687,0.5187351107597351,0,14
12864,643,3257,684,0.5000013709068298,0,14
12865,643,3257,1437,0.5100931525230408,0,14
12866,643,3257,69,0.49983710050582886,0,14
12867,643,3257,757,0.5004189610481262,0,14
12868,643,3257,1729,0.5015901923179626,0,14
12869,643,3257,514,0.5047805309295654,0,14
12870,643,3257,1270,0.5033301711082458,0,14
12871,643,3257,1074,0.506669819355011,0,14
12872,643,3257,1431,0.5025067329406738,0,14
12873,643,3257,981,0.5019900798797607,0,14
12874,643,3257,972,0.5021034479141235,0,14
12875,643,3257,9,0.5002630949020386,0,14
12876,643,3257,991,0.5013134479522705,0,14
12877,643,3257,957,0.5038837790489197,0,14
12878,643,3257,1773,0.5026136040687561,0,14
12879,643,3257,1516,0.5333862900733948,0,14
12880,644,2305,767,0.5007742047309875,1,18
12881,644,2305,941,0.501011312007904,0,18
12882,644,2305,332,0.5011225342750549,0,18
12883,644,2305,64,0.5010924935340881,0,18
12884,644,2305,455,0.5008341670036316,0,18
12885,644,2305,665,0.5008031129837036,0,18
12886,644,2305,119,0.5008309483528137,0,18
12887,644,2305,185,0.500606119632721,0,18
12888,644,2305,977,0.5012480020523071,0,18
12889,644,2305,1237,0.5008837580680847,0,18
12890,644,2305,638,0.5008447170257568,0,18
12891,644,2305,1589,0.5007951855659485,0,18
12892,644,2305,1342,0.5010221600532532,0,18
12893,644,2305,381,0.5008803009986877,0,18
12894,644,2305,377,0.5006402134895325,0,18
12895,644,2305,204,0.5009304881095886,0,18
12896,644,2305,352,0.5008203387260437,0,18
12897,644,2305,239,0.5009067058563232,0,18
12898,644,2305,548,0.5008959770202637,0,18
12899,644,2305,2069,0.5008102059364319,0,18
12900,645,1976,101,0.5558847188949585,1,1
12901,645,1976,1442,0.5018044114112854,0,1
12902,645,1976,810,0.5005139708518982,0,1
12903,645,1976,2024,0.5010917782783508,0,1
12904,645,1976,1070,0.5012854933738708,0,1
12905,645,1976,1127,0.5003945231437683,0,1
12906,645,1976,1438,0.49948954582214355,0,1
12907,645,1976,933,0.5033183097839355,0,1
12908,645,1976,1582,0.5019655227661133,0,1
12909,645,1976,803,0.5030583143234253,0,1
12910,645,1976,1415,0.5018645524978638,0,1
12911,645,1976,1515,0.5112499594688416,0,1
12912,645,1976,481,0.5016489028930664,0,1
12913,645,1976,724,0.501750648021698,0,1
12914,645,1976,348,0.5013315081596375,0,1
12915,645,1976,619,0.502616822719574,0,1
12916,645,1976,1468,0.5015758872032166,0,1
12917,645,1976,349,0.5027662515640259,0,1
12918,645,1976,1028,0.5014421343803406,0,1
12919,645,1976,830,0.5012813806533813,0,1
12920,646,2342,671,0.507702648639679,1,4
12921,646,2342,1174,0.5014681220054626,0,4
12922,646,2342,917,0.5027846693992615,0,4
12923,646,2342,1626,0.5024263858795166,0,4
12924,646,2342,127,0.5021648406982422,0,4
12925,646,2342,718,0.5059911012649536,0,4
12926,646,2342,1897,0.5023906230926514,0,4
12927,646,2342,1192,0.5027542114257812,0,4
12928,646,2342,309,0.5015546679496765,0,4
12929,646,2342,2044,0.5062649250030518,0,4
12930,646,2342,871,0.5020434260368347,0,4
12931,646,2342,348,0.5005891919136047,0,4
12932,646,2342,1871,0.5086624026298523,0,4
12933,646,2342,1907,0.5103738903999329,0,4
12934,646,2342,1209,0.5029919743537903,0,4
12935,646,2342,1624,0.5000972747802734,0,4
12936,646,2342,107,0.5060455799102783,0,4
12937,646,2342,1891,0.50859534740448,0,4
12938,646,2342,227,0.49953046441078186,0,4
12939,646,2342,1132,0.5072878003120422,0,4
12940,647,3614,1906,0.5004806518554688,1,18
12941,647,3614,1030,0.5015062093734741,0,18
12942,647,3614,1712,0.510780394077301,0,18
12943,647,3614,1893,0.5019202828407288,0,18
12944,647,3614,146,0.502349853515625,0,18
12945,647,3614,876,0.5011021494865417,0,18
12946,647,3614,1262,0.5020686388015747,0,18
12947,647,3614,969,0.5027299523353577,0,18
12948,647,3614,902,0.5004138350486755,0,18
12949,647,3614,1542,0.501693844795227,0,18
12950,647,3614,141,0.5019376277923584,0,18
12951,647,3614,1526,0.5011590123176575,0,18
12952,647,3614,40,0.5121859312057495,0,18
12953,647,3614,327,0.5004453659057617,0,18
12954,647,3614,1981,0.5023902654647827,0,18
12955,647,3614,187,0.5022838115692139,0,18
12956,647,3614,1736,0.5013728737831116,0,18
12957,647,3614,1564,0.5070001482963562,0,18
12958,647,3614,150,0.5018112659454346,0,18
12959,647,3614,1791,0.5004822015762329,0,18
12960,648,2426,668,0.4999668598175049,1,19
12961,648,2426,1705,0.5112406015396118,0,19
12962,648,2426,1256,0.5001581907272339,0,19
12963,648,2426,962,0.5218837857246399,0,19
12964,648,2426,1241,0.4999106228351593,0,19
12965,648,2426,1639,0.5034937262535095,0,19
12966,648,2426,1551,0.5009253621101379,0,19
12967,648,2426,2053,0.5025791525840759,0,19
12968,648,2426,88,0.5017823576927185,0,19
12969,648,2426,1569,0.5000649094581604,0,19
12970,648,2426,1371,0.5025509595870972,0,19
12971,648,2426,1805,0.5015853643417358,0,19
12972,648,2426,114,0.5027627348899841,0,19
12973,648,2426,679,0.5033797025680542,0,19
12974,648,2426,1757,0.5393449068069458,0,19
12975,648,2426,872,0.5010750889778137,0,19
12976,648,2426,1804,0.5010724067687988,0,19
12977,648,2426,669,0.5036410689353943,0,19
12978,648,2426,206,0.5051983594894409,0,19
12979,648,2426,1942,0.5152011513710022,0,19
12980,649,2459,1057,0.5005366802215576,1,20
12981,649,2459,1471,0.5012142062187195,0,20
12982,649,2459,1142,0.5034805536270142,0,20
12983,649,2459,765,0.507007896900177,0,20
12984,649,2459,1697,0.5011096000671387,0,20
12985,649,2459,472,0.5057445764541626,0,20
12986,649,2459,703,0.5011839866638184,0,20
12987,649,2459,336,0.5009045004844666,0,20
12988,649,2459,273,0.5013033151626587,0,20
12989,649,2459,1120,0.5054225921630859,0,20
12990,649,2459,1328,0.5026065707206726,0,20
12991,649,2459,1780,0.5012509226799011,0,20
12992,649,2459,1146,0.5017476081848145,0,20
12993,649,2459,600,0.5123165845870972,0,20
12994,649,2459,1258,0.5017813444137573,0,20
12995,649,2459,189,0.50213223695755,0,20
12996,649,2459,1803,0.5005468726158142,0,20
12997,649,2459,888,0.5037745237350464,0,20
12998,649,2459,1150,0.5048580765724182,0,20
12999,649,2459,389,0.5011329054832458,0,20
13000,650,3436,1630,0.5154873728752136,1,1
13001,650,3436,1091,0.5009127855300903,0,1
13002,650,3436,1711,0.5029538869857788,0,1
13003,650,3436,1387,0.5001576542854309,0,1
13004,650,3436,1470,0.5063976645469666,0,1
13005,650,3436,1979,0.5035725831985474,0,1
13006,650,3436,1668,0.5033313035964966,0,1
13007,650,3436,830,0.501613199710846,0,1
13008,650,3436,402,0.5018283128738403,0,1
13009,650,3436,1180,0.5065179467201233,0,1
13010,650,3436,262,0.513278067111969,0,1
13011,650,3436,1100,0.5002261400222778,0,1
13012,650,3436,984,0.5011984705924988,0,1
13013,650,3436,298,0.5027648210525513,0,1
13014,650,3436,725,0.500092625617981,0,1
13015,650,3436,1826,0.5017951726913452,0,1
13016,650,3436,147,0.5004238486289978,0,1
13017,650,3436,688,0.5017781257629395,0,1
13018,650,3436,1364,0.5058289766311646,0,1
13019,650,3436,1000,0.5095124840736389,0,1
13020,651,3528,547,0.5002731680870056,1,18
13021,651,3528,141,0.5019314289093018,0,18
13022,651,3528,1206,0.5003303289413452,0,18
13023,651,3528,292,0.5000507235527039,0,18
13024,651,3528,1111,0.5004602074623108,0,18
13025,651,3528,991,0.5018699169158936,0,18
13026,651,3528,325,0.5073468089103699,0,18
13027,651,3528,46,0.5004346370697021,0,18
13028,651,3528,22,0.5018739104270935,0,18
13029,651,3528,1999,0.5073494911193848,0,18
13030,651,3528,949,0.5004570484161377,0,18
13031,651,3528,453,0.5023837685585022,0,18
13032,651,3528,1537,0.5002543330192566,0,18
13033,651,3528,1668,0.5027167201042175,0,18
13034,651,3528,568,0.5019624829292297,0,18
13035,651,3528,1717,0.5003928542137146,0,18
13036,651,3528,1356,0.502251386642456,0,18
13037,651,3528,450,0.5003020763397217,0,18
13038,651,3528,1300,0.5020666122436523,0,18
13039,651,3528,1095,0.5043995380401611,0,18
13040,652,3884,705,0.5002338886260986,1,18
13041,652,3884,1261,0.504219651222229,0,18
13042,652,3884,1295,0.5035830140113831,0,18
13043,652,3884,295,0.5001084208488464,0,18
13044,652,3884,1402,0.502371609210968,0,18
13045,652,3884,568,0.5042759776115417,0,18
13046,652,3884,1360,0.5019727945327759,0,18
13047,652,3884,199,0.513363242149353,0,18
13048,652,3884,8,0.5023589730262756,0,18
13049,652,3884,2006,0.5058525204658508,0,18
13050,652,3884,783,0.5016111135482788,0,18
13051,652,3884,197,0.5053490996360779,0,18
13052,652,3884,1081,0.5000114440917969,0,18
13053,652,3884,1508,0.5061336159706116,0,18
13054,652,3884,1623,0.5038556456565857,0,18
13055,652,3884,108,0.5041882395744324,0,18
13056,652,3884,756,0.506380558013916,0,18
13057,652,3884,639,0.5078868865966797,0,18
13058,652,3884,1584,0.5015166997909546,0,18
13059,652,3884,469,0.523328959941864,0,18
13060,653,2723,1092,0.5137418508529663,1,4
13061,653,2723,668,0.49957919120788574,0,4
13062,653,2723,348,0.5009527206420898,0,4
13063,653,2723,1599,0.49953505396842957,0,4
13064,653,2723,1471,0.5014378428459167,0,4
13065,653,2723,1382,0.502890408039093,0,4
13066,653,2723,116,0.5000503659248352,0,4
13067,653,2723,1184,0.5043433904647827,0,4
13068,653,2723,1621,0.49936261773109436,0,4
13069,653,2723,1474,0.5101898312568665,0,4
13070,653,2723,1219,0.501876175403595,0,4
13071,653,2723,2041,0.5055645704269409,0,4
13072,653,2723,101,0.5625282526016235,0,4
13073,653,2723,1843,0.5253729820251465,0,4
13074,653,2723,601,0.4997807443141937,0,4
13075,653,2723,963,0.5021905303001404,0,4
13076,653,2723,228,0.5013387799263,0,4
13077,653,2723,1430,0.5020951628684998,0,4
13078,653,2723,1564,0.512685239315033,0,4
13079,653,2723,1632,0.5531070232391357,0,4
13080,654,110,655,0.5308355093002319,1,2
13081,654,110,440,0.5038939714431763,0,2
13082,654,110,2016,0.5040816068649292,0,2
13083,654,110,1768,0.5002170205116272,0,2
13084,654,110,1105,0.5004201531410217,0,2
13085,654,110,354,0.5002292394638062,0,2
13086,654,110,1001,0.5003325939178467,0,2
13087,654,110,261,0.5040266513824463,0,2
13088,654,110,791,0.504436194896698,0,2
13089,654,110,843,0.5000836253166199,0,2
13090,654,110,646,0.5002056956291199,0,2
13091,654,110,413,0.5024498105049133,0,2
13092,654,110,1461,0.5042986869812012,0,2
13093,654,110,1806,0.6589930057525635,0,2
13094,654,110,2010,0.5005534291267395,0,2
13095,654,110,1602,0.5020394921302795,0,2
13096,654,110,1805,0.5027244687080383,0,2
13097,654,110,768,0.5033292174339294,0,2
13098,654,110,859,0.5026953816413879,0,2
13099,654,110,1454,0.5003917813301086,0,2
13100,655,188,104,0.5274565815925598,1,1
13101,655,188,1584,0.5001402497291565,0,1
13102,655,188,485,0.5017457008361816,0,1
13103,655,188,828,0.5033313632011414,0,1
13104,655,188,1474,0.5078220963478088,0,1
13105,655,188,1222,0.49985912442207336,0,1
13106,655,188,1428,0.5022594332695007,0,1
13107,655,188,397,0.5010071396827698,0,1
13108,655,188,1587,0.5002442002296448,0,1
13109,655,188,1974,0.5024545788764954,0,1
13110,655,188,367,0.5003769397735596,0,1
13111,655,188,1148,0.5017499923706055,0,1
13112,655,188,1419,0.5036927461624146,0,1
13113,655,188,1327,0.5062662959098816,0,1
13114,655,188,1294,0.5138716101646423,0,1
13115,655,188,1182,0.5087089538574219,0,1
13116,655,188,987,0.5059113502502441,0,1
13117,655,188,239,0.5001089572906494,0,1
13118,655,188,1787,0.5040236711502075,0,1
13119,655,188,716,0.5010039210319519,0,1
13120,656,1168,409,0.5026082992553711,1,5
13121,656,1168,1418,0.5013450980186462,0,5
13122,656,1168,140,0.5006420016288757,0,5
13123,656,1168,768,0.5023064017295837,0,5
13124,656,1168,170,0.5008376836776733,0,5
13125,656,1168,2025,0.501642107963562,0,5
13126,656,1168,1520,0.5002273917198181,0,5
13127,656,1168,1755,0.5038464665412903,0,5
13128,656,1168,606,0.5017621517181396,0,5
13129,656,1168,1089,0.506316602230072,0,5
13130,656,1168,332,0.5033987164497375,0,5
13131,656,1168,912,0.5011504888534546,0,5
13132,656,1168,1410,0.5019334554672241,0,5
13133,656,1168,1185,0.5013327598571777,0,5
13134,656,1168,727,0.5000389218330383,0,5
13135,656,1168,1440,0.5018077492713928,0,5
13136,656,1168,2072,0.5021885633468628,0,5
13137,656,1168,1580,0.5038611888885498,0,5
13138,656,1168,411,0.5001636743545532,0,5
13139,656,1168,1893,0.5023897290229797,0,5
13140,657,764,1956,0.5013807415962219,1,12
13141,657,764,1922,0.5013940334320068,0,12
13142,657,764,448,0.5019783973693848,0,12
13143,657,764,1570,0.5011675953865051,0,12
13144,657,764,1100,0.5004705190658569,0,12
13145,657,764,890,0.5008807182312012,0,12
13146,657,764,1680,0.5014260411262512,0,12
13147,657,764,1945,0.5000297427177429,0,12
13148,657,764,884,0.5013313293457031,0,12
13149,657,764,771,0.5017117857933044,0,12
13150,657,764,1795,0.5030386447906494,0,12
13151,657,764,1380,0.500687837600708,0,12
13152,657,764,1831,0.5015221834182739,0,12
13153,657,764,1442,0.5012412071228027,0,12
13154,657,764,548,0.5037496089935303,0,12
13155,657,764,947,0.501516580581665,0,12
13156,657,764,826,0.5022671818733215,0,12
13157,657,764,203,0.5007082223892212,0,12
13158,657,764,958,0.5061163306236267,0,12
13159,657,764,675,0.5015926361083984,0,12
13160,658,681,970,0.5020971894264221,1,8
13161,658,681,653,0.4995931088924408,0,8
13162,658,681,1692,0.5020490288734436,0,8
13163,658,681,1349,0.5052044987678528,0,8
13164,658,681,668,0.4993937909603119,0,8
13165,658,681,299,0.5015082359313965,0,8
13166,658,681,222,0.5027759671211243,0,8
13167,658,681,1855,0.5007672905921936,0,8
13168,658,681,2080,0.5020882487297058,0,8
13169,658,681,248,0.5031293630599976,0,8
13170,658,681,1301,0.5011522173881531,0,8
13171,658,681,665,0.4998643696308136,0,8
13172,658,681,1169,0.5022387504577637,0,8
13173,658,681,1546,0.5021253824234009,0,8
13174,658,681,386,0.49961644411087036,0,8
13175,658,681,444,0.502423882484436,0,8
13176,658,681,1263,0.500991702079773,0,8
13177,658,681,994,0.49990466237068176,0,8
13178,658,681,701,0.4998929798603058,0,8
13179,658,681,1302,0.5048418045043945,0,8
13180,659,1685,1373,0.5113450288772583,1,2
13181,659,1685,407,0.5060316324234009,0,2
13182,659,1685,1988,0.5005218982696533,0,2
13183,659,1685,33,0.5039460062980652,0,2
13184,659,1685,1507,0.5104625225067139,0,2
13185,659,1685,1130,0.5017023086547852,0,2
13186,659,1685,234,0.5024719834327698,0,2
13187,659,1685,1521,0.5065168142318726,0,2
13188,659,1685,1349,0.5038720965385437,0,2
13189,659,1685,1739,0.5076988935470581,0,2
13190,659,1685,6,0.5005433559417725,0,2
13191,659,1685,1615,0.5011362433433533,0,2
13192,659,1685,1841,0.500391960144043,0,2
13193,659,1685,2016,0.5017257332801819,0,2
13194,659,1685,841,0.5154069066047668,0,2
13195,659,1685,286,0.500948429107666,0,2
13196,659,1685,36,0.5029507279396057,0,2
13197,659,1685,713,0.5010650753974915,0,2
13198,659,1685,1420,0.5017598867416382,0,2
13199,659,1685,947,0.5014795064926147,0,2
13200,660,1225,567,0.5352364182472229,1,2
13201,660,1225,2020,0.5041429400444031,0,2
13202,660,1225,1831,0.5044819712638855,0,2
13203,660,1225,1457,0.510656476020813,0,2
13204,660,1225,519,0.501659631729126,0,2
13205,660,1225,558,0.4990074634552002,0,2
13206,660,1225,1825,0.5096756219863892,0,2
13207,660,1225,1940,0.5106637477874756,0,2
13208,660,1225,403,0.5009411573410034,0,2
13209,660,1225,762,0.5214002132415771,0,2
13210,660,1225,1988,0.49928054213523865,0,2
13211,660,1225,1447,0.5712842345237732,0,2
13212,660,1225,1724,0.5016790628433228,0,2
13213,660,1225,542,0.5086227655410767,0,2
13214,660,1225,1821,0.5164000391960144,0,2
13215,660,1225,386,0.49900248646736145,0,2
13216,660,1225,1015,0.5042214393615723,0,2
13217,660,1225,844,0.5045015215873718,0,2
13218,660,1225,220,0.5033177733421326,0,2
13219,660,1225,11,0.4993058443069458,0,2
13220,661,1848,1509,0.5103763341903687,1,2
13221,661,1848,877,0.5005063414573669,0,2
13222,661,1848,78,0.5072096586227417,0,2
13223,661,1848,2033,0.5030562877655029,0,2
13224,661,1848,1800,0.5011210441589355,0,2
13225,661,1848,392,0.5000794529914856,0,2
13226,661,1848,167,0.5020131468772888,0,2
13227,661,1848,2071,0.5029914379119873,0,2
13228,661,1848,1644,0.5061165690422058,0,2
13229,661,1848,1617,0.5063281059265137,0,2
13230,661,1848,85,0.5027218461036682,0,2
13231,661,1848,1790,0.5049460530281067,0,2
13232,661,1848,81,0.5011696815490723,0,2
13233,661,1848,198,0.5005396604537964,0,2
13234,661,1848,1319,0.4993022382259369,0,2
13235,661,1848,612,0.4998045861721039,0,2
13236,661,1848,1028,0.5023043155670166,0,2
13237,661,1848,1346,0.5009120106697083,0,2
13238,661,1848,731,0.5069679617881775,0,2
13239,661,1848,1710,0.5178007483482361,0,2
13240,662,3419,1647,0.5007405877113342,1,20
13241,662,3419,1653,0.500916600227356,0,20
13242,662,3419,720,0.5009812116622925,0,20
13243,662,3419,1061,0.501087486743927,0,20
13244,662,3419,1104,0.5027732253074646,0,20
13245,662,3419,1842,0.501340925693512,0,20
13246,662,3419,77,0.5007458329200745,0,20
13247,662,3419,47,0.5012897849082947,0,20
13248,662,3419,1022,0.5007921457290649,0,20
13249,662,3419,1041,0.5008754134178162,0,20
13250,662,3419,1823,0.5021830797195435,0,20
13251,662,3419,1378,0.5011341571807861,0,20
13252,662,3419,1896,0.501118540763855,0,20
13253,662,3419,847,0.5012986063957214,0,20
13254,662,3419,1804,0.500903308391571,0,20
13255,662,3419,649,0.5012311935424805,0,20
13256,662,3419,1196,0.5009946227073669,0,20
13257,662,3419,165,0.500918984413147,0,20
13258,662,3419,494,0.5010446310043335,0,20
13259,662,3419,115,0.5007746815681458,0,20
13260,663,3157,925,0.5001652836799622,1,13
13261,663,3157,1544,0.5010014772415161,0,13
13262,663,3157,1894,0.5056092739105225,0,13
13263,663,3157,1075,0.5000045299530029,0,13
13264,663,3157,1315,0.5000218152999878,0,13
13265,663,3157,218,0.5022773146629333,0,13
13266,663,3157,1752,0.5018511414527893,0,13
13267,663,3157,311,0.5044331550598145,0,13
13268,663,3157,1233,0.5001426935195923,0,13
13269,663,3157,673,0.49976539611816406,0,13
13270,663,3157,1344,0.5010542869567871,0,13
13271,663,3157,1098,0.5015552043914795,0,13
13272,663,3157,358,0.5018957853317261,0,13
13273,663,3157,1010,0.5012326240539551,0,13
13274,663,3157,1281,0.5000361800193787,0,13
13275,663,3157,1105,0.5002356171607971,0,13
13276,663,3157,1716,0.5002170205116272,0,13
13277,663,3157,1135,0.5022327303886414,0,13
13278,663,3157,1604,0.49991822242736816,0,13
13279,663,3157,1249,0.5000468492507935,0,13
13280,664,1079,566,0.4999462366104126,1,16
13281,664,1079,1044,0.4995858669281006,0,16
13282,664,1079,875,0.503093957901001,0,16
13283,664,1079,592,0.5003209114074707,0,16
13284,664,1079,760,0.5245263576507568,0,16
13285,664,1079,1730,0.5149692893028259,0,16
13286,664,1079,294,0.4996635317802429,0,16
13287,664,1079,1775,0.49939146637916565,0,16
13288,664,1079,966,0.5015716552734375,0,16
13289,664,1079,761,0.5067471265792847,0,16
13290,664,1079,485,0.5017537474632263,0,16
13291,664,1079,1013,0.5067092776298523,0,16
13292,664,1079,1503,0.49998611211776733,0,16
13293,664,1079,719,0.5288037061691284,0,16
13294,664,1079,1291,0.5014284253120422,0,16
13295,664,1079,359,0.5029175281524658,0,16
13296,664,1079,998,0.5069390535354614,0,16
13297,664,1079,565,0.5050364136695862,0,16
13298,664,1079,327,0.49976152181625366,0,16
13299,664,1079,1934,0.502300500869751,0,16
13300,665,585,989,0.5073956847190857,1,4
13301,665,585,741,0.5020490288734436,0,4
13302,665,585,1799,0.5076088309288025,0,4
13303,665,585,364,0.5034543871879578,0,4
13304,665,585,1263,0.5016213655471802,0,4
13305,665,585,423,0.5021200776100159,0,4
13306,665,585,1237,0.5002096891403198,0,4
13307,665,585,2007,0.5001906752586365,0,4
13308,665,585,1798,0.5018568634986877,0,4
13309,665,585,30,0.49974626302719116,0,4
13310,665,585,1713,0.5069316029548645,0,4
13311,665,585,353,0.5009390711784363,0,4
13312,665,585,13,0.5283368825912476,0,4
13313,665,585,82,0.5047346353530884,0,4
13314,665,585,751,0.5001608729362488,0,4
13315,665,585,646,0.5002824068069458,0,4
13316,665,585,1732,0.5076689720153809,0,4
13317,665,585,1199,0.5000689625740051,0,4
13318,665,585,1165,0.5021315217018127,0,4
13319,665,585,1422,0.49988701939582825,0,4
13320,666,2059,1951,0.5161810517311096,1,6
13321,666,2059,2054,0.5033188462257385,0,6
13322,666,2059,435,0.5088018774986267,0,6
13323,666,2059,1949,0.5190935730934143,0,6
13324,666,2059,662,0.502961277961731,0,6
13325,666,2059,1802,0.5243982672691345,0,6
13326,666,2059,763,0.5015841722488403,0,6
13327,666,2059,986,0.5057546496391296,0,6
13328,666,2059,505,0.5018818974494934,0,6
13329,666,2059,1577,0.5049103498458862,0,6
13330,666,2059,133,0.49944451451301575,0,6
13331,666,2059,1385,0.5204753279685974,0,6
13332,666,2059,1742,0.5043773055076599,0,6
13333,666,2059,39,0.506338357925415,0,6
13334,666,2059,1927,0.507882297039032,0,6
13335,666,2059,426,0.530523419380188,0,6
13336,666,2059,917,0.5057862997055054,0,6
13337,666,2059,256,0.5436897873878479,0,6
13338,666,2059,785,0.5028896331787109,0,6
13339,666,2059,775,0.4986788332462311,0,6
13340,667,1213,1846,0.506317138671875,1,3
13341,667,1213,67,0.5044196248054504,0,3
13342,667,1213,1762,0.5069386959075928,0,3
13343,667,1213,1624,0.5003868341445923,0,3
13344,667,1213,1089,0.5048665404319763,0,3
13345,667,1213,1562,0.5012766122817993,0,3
13346,667,1213,579,0.5188947319984436,0,3
13347,667,1213,1944,0.49995964765548706,0,3
13348,667,1213,1955,0.500164806842804,0,3
13349,667,1213,920,0.5038807392120361,0,3
13350,667,1213,195,0.501129686832428,0,3
13351,667,1213,1083,0.49996185302734375,0,3
13352,667,1213,184,0.5007686614990234,0,3
13353,667,1213,930,0.5059252381324768,0,3
13354,667,1213,725,0.5001154541969299,0,3
13355,667,1213,218,0.5039891600608826,0,3
13356,667,1213,1726,0.5015947222709656,0,3
13357,667,1213,2028,0.5020884275436401,0,3
13358,667,1213,1909,0.5012693405151367,0,3
13359,667,1213,248,0.502524197101593,0,3
13360,668,2932,1103,0.5006474256515503,1,18
13361,668,2932,1166,0.5030193328857422,0,18
13362,668,2932,1122,0.5059362649917603,0,18
13363,668,2932,565,0.503534197807312,0,18
13364,668,2932,571,0.5034961700439453,0,18
13365,668,2932,170,0.5014458894729614,0,18
13366,668,2932,928,0.5023486614227295,0,18
13367,668,2932,1442,0.5013341903686523,0,18
13368,668,2932,582,0.5013132095336914,0,18
13369,668,2932,577,0.5004827976226807,0,18
13370,668,2932,81,0.5017893314361572,0,18
13371,668,2932,716,0.5019135475158691,0,18
13372,668,2932,2034,0.5037102699279785,0,18
13373,668,2932,1606,0.5002930164337158,0,18
13374,668,2932,1418,0.5019521713256836,0,18
13375,668,2932,226,0.5007880330085754,0,18
13376,668,2932,418,0.5033568143844604,0,18
13377,668,2932,1070,0.5014408826828003,0,18
13378,668,2932,1156,0.5017050504684448,0,18
13379,668,2932,1037,0.5017661452293396,0,18
13380,669,381,229,0.5142521858215332,1,7
13381,669,381,995,0.5552831292152405,0,7
13382,669,381,76,0.5026737451553345,0,7
13383,669,381,2045,0.5021618008613586,0,7
13384,669,381,830,0.5021674633026123,0,7
13385,669,381,1985,0.5133737921714783,0,7
13386,669,381,1214,0.5240156650543213,0,7
13387,669,381,347,0.4995987117290497,0,7
13388,669,381,1294,0.5328183174133301,0,7
13389,669,381,348,0.5012767910957336,0,7
13390,669,381,1055,0.5138659477233887,0,7
13391,669,381,86,0.5057268738746643,0,7
13392,669,381,632,0.504532516002655,0,7
13393,669,381,1635,0.49985817074775696,0,7
13394,669,381,413,0.5017212629318237,0,7
13395,669,381,646,0.4997592568397522,0,7
13396,669,381,1548,0.5220950245857239,0,7
13397,669,381,1311,0.5000289082527161,0,7
13398,669,381,94,0.5163770318031311,0,7
13399,669,381,1104,0.5365127921104431,0,7
13400,670,3089,511,0.5270167589187622,1,1
13401,670,3089,1236,0.5018953084945679,0,1
13402,670,3089,409,0.5016251802444458,0,1
13403,670,3089,163,0.5005393624305725,0,1
13404,670,3089,55,0.5092323422431946,0,1
13405,670,3089,2025,0.5015397071838379,0,1
13406,670,3089,1669,0.5074215531349182,0,1
13407,670,3089,992,0.5030410289764404,0,1
13408,670,3089,241,0.5008304715156555,0,1
13409,670,3089,1557,0.5020208358764648,0,1
13410,670,3089,1706,0.49995338916778564,0,1
13411,670,3089,1975,0.5043979287147522,0,1
13412,670,3089,1738,0.4999576807022095,0,1
13413,670,3089,2038,0.524224579334259,0,1
13414,670,3089,1980,0.503897488117218,0,1
13415,670,3089,2061,0.4999716281890869,0,1
13416,670,3089,1350,0.5007049441337585,0,1
13417,670,3089,619,0.5019140243530273,0,1
13418,670,3089,1607,0.5020367503166199,0,1
13419,670,3089,2043,0.4998205304145813,0,1
13420,671,777,202,0.5465015769004822,1,1
13421,671,777,825,0.5028334259986877,0,1
13422,671,777,1868,0.5222262144088745,0,1
13423,671,777,537,0.5033190250396729,0,1
13424,671,777,1495,0.5033032894134521,0,1
13425,671,777,884,0.5038137435913086,0,1
13426,671,777,971,0.49959346652030945,0,1
13427,671,777,715,0.5039727687835693,0,1
13428,671,777,469,0.5336829423904419,0,1
13429,671,777,889,0.5019575953483582,0,1
13430,671,777,190,0.5028439164161682,0,1
13431,671,777,201,0.4997047781944275,0,1
13432,671,777,1855,0.5024576187133789,0,1
13433,671,777,589,0.4999861717224121,0,1
13434,671,777,934,0.5067028403282166,0,1
13435,671,777,1722,0.5025395154953003,0,1
13436,671,777,702,0.5357333421707153,0,1
13437,671,777,1314,0.5018184781074524,0,1
13438,671,777,551,0.5017461180686951,0,1
13439,671,777,1698,0.5004401206970215,0,1
13440,672,1473,919,0.5429611206054688,1,1
13441,672,1473,1203,0.506703794002533,0,1
13442,672,1473,1432,0.5017972588539124,0,1
13443,672,1473,1277,0.5119967460632324,0,1
13444,672,1473,647,0.5119479298591614,0,1
13445,672,1473,314,0.49973204731941223,0,1
13446,672,1473,579,0.5280850529670715,0,1
13447,672,1473,860,0.5024116635322571,0,1
13448,672,1473,1417,0.5000974535942078,0,1
13449,672,1473,350,0.5029716491699219,0,1
13450,672,1473,1089,0.5089504718780518,0,1
13451,672,1473,611,0.5016222596168518,0,1
13452,672,1473,1577,0.502362847328186,0,1
13453,672,1473,744,0.5042892098426819,0,1
13454,672,1473,889,0.5014281272888184,0,1
13455,672,1473,268,0.5006555914878845,0,1
13456,672,1473,913,0.5308089852333069,0,1
13457,672,1473,1205,0.5068208575248718,0,1
13458,672,1473,351,0.4994005560874939,0,1
13459,672,1473,1979,0.5049911737442017,0,1
13460,673,3888,603,0.5003090500831604,1,18
13461,673,3888,1081,0.500421941280365,0,18
13462,673,3888,1641,0.5024710297584534,0,18
13463,673,3888,1745,0.5005245208740234,0,18
13464,673,3888,505,0.5005350112915039,0,18
13465,673,3888,827,0.5004487633705139,0,18
13466,673,3888,1247,0.5006080865859985,0,18
13467,673,3888,1855,0.5007123947143555,0,18
13468,673,3888,1373,0.5133329629898071,0,18
13469,673,3888,1887,0.5004530549049377,0,18
13470,673,3888,980,0.5132877230644226,0,18
13471,673,3888,861,0.5080152153968811,0,18
13472,673,3888,341,0.5002568960189819,0,18
13473,673,3888,2053,0.5015228390693665,0,18
13474,673,3888,1215,0.5009117722511292,0,18
13475,673,3888,1028,0.5009267330169678,0,18
13476,673,3888,733,0.5025036931037903,0,18
13477,673,3888,1698,0.5003519654273987,0,18
13478,673,3888,1129,0.5000818967819214,0,18
13479,673,3888,1411,0.503919780254364,0,18
13480,674,1152,717,0.5110157132148743,1,7
13481,674,1152,21,0.5001983046531677,0,7
13482,674,1152,221,0.5053431987762451,0,7
13483,674,1152,499,0.5041422247886658,0,7
13484,674,1152,1420,0.5029860734939575,0,7
13485,674,1152,14,0.5072746276855469,0,7
13486,674,1152,713,0.5017876029014587,0,7
13487,674,1152,2075,0.5000126361846924,0,7
13488,674,1152,671,0.5120124220848083,0,7
13489,674,1152,1671,0.5480003952980042,0,7
13490,674,1152,53,0.49980807304382324,0,7
13491,674,1152,1513,0.5132490396499634,0,7
13492,674,1152,1195,0.49957364797592163,0,7
13493,674,1152,1218,0.5488255620002747,0,7
13494,674,1152,1844,0.5826411843299866,0,7
13495,674,1152,774,0.5041268467903137,0,7
13496,674,1152,34,0.5047596096992493,0,7
13497,674,1152,1767,0.49933648109436035,0,7
13498,674,1152,1132,0.5117289423942566,0,7
13499,674,1152,15,0.5021881461143494,0,7
13500,675,903,30,0.4993210732936859,1,19
13501,675,903,1665,0.503635048866272,0,19
13502,675,903,1947,0.5021833777427673,0,19
13503,675,903,1400,0.5156373381614685,0,19
13504,675,903,121,0.5069082379341125,0,19
13505,675,903,1956,0.5029193162918091,0,19
13506,675,903,697,0.5055544972419739,0,19
13507,675,903,1242,0.5006929636001587,0,19
13508,675,903,322,0.503227949142456,0,19
13509,675,903,176,0.5079717636108398,0,19
13510,675,903,1841,0.4992195665836334,0,19
13511,675,903,297,0.5123429894447327,0,19
13512,675,903,675,0.503105878829956,0,19
13513,675,903,632,0.5040016174316406,0,19
13514,675,903,956,0.5039337873458862,0,19
13515,675,903,1763,0.49943387508392334,0,19
13516,675,903,2037,0.5078487992286682,0,19
13517,675,903,783,0.5017910599708557,0,19
13518,675,903,642,0.5024662017822266,0,19
13519,675,903,1002,0.5066357851028442,0,19
13520,676,4064,515,0.5004612803459167,1,20
13521,676,4064,1705,0.508537232875824,0,20
13522,676,4064,1050,0.5042198300361633,0,20
13523,676,4064,714,0.5014998316764832,0,20
13524,676,4064,97,0.5111386775970459,0,20
13525,676,4064,1944,0.5005517601966858,0,20
13526,676,4064,1091,0.5014083385467529,0,20
13527,676,4064,846,0.5016316175460815,0,20
13528,676,4064,451,0.5043320655822754,0,20
13529,676,4064,1411,0.5048834681510925,0,20
13530,676,4064,1361,0.5039969682693481,0,20
13531,676,4064,1702,0.5018621683120728,0,20
13532,676,4064,1214,0.5107605457305908,0,20
13533,676,4064,1559,0.5117895007133484,0,20
13534,676,4064,470,0.5014306902885437,0,20
13535,676,4064,1065,0.5026281476020813,0,20
13536,676,4064,995,0.5195500254631042,0,20
13537,676,4064,1113,0.5018677711486816,0,20
13538,676,4064,1339,0.5029525756835938,0,20
13539,676,4064,858,0.5017963647842407,0,20
13540,677,3516,1914,0.5058503150939941,1,4
13541,677,3516,48,0.5025387406349182,0,4
13542,677,3516,1635,0.500328540802002,0,4
13543,677,3516,3,0.502335250377655,0,4
13544,677,3516,1431,0.5024122595787048,0,4
13545,677,3516,1758,0.5000836253166199,0,4
13546,677,3516,985,0.5093493461608887,0,4
13547,677,3516,793,0.5005813837051392,0,4
13548,677,3516,1267,0.5022282004356384,0,4
13549,677,3516,1963,0.5067365169525146,0,4
13550,677,3516,1446,0.5014840960502625,0,4
13551,677,3516,978,0.5113886594772339,0,4
13552,677,3516,1551,0.5009591579437256,0,4
13553,677,3516,591,0.5021486878395081,0,4
13554,677,3516,774,0.5025854110717773,0,4
13555,677,3516,1731,0.5040265321731567,0,4
13556,677,3516,858,0.5020427107810974,0,4
13557,677,3516,1030,0.5020650029182434,0,4
13558,677,3516,1563,0.5036762952804565,0,4
13559,677,3516,1216,0.5038661360740662,0,4
13560,678,1017,656,0.5005585551261902,1,19
13561,678,1017,540,0.5048174262046814,0,19
13562,678,1017,1503,0.5009336471557617,0,19
13563,678,1017,1382,0.5024033784866333,0,19
13564,678,1017,545,0.5034356117248535,0,19
13565,678,1017,1996,0.5028688907623291,0,19
13566,678,1017,206,0.504996120929718,0,19
13567,678,1017,1179,0.5019062161445618,0,19
13568,678,1017,83,0.502770721912384,0,19
13569,678,1017,1915,0.502943217754364,0,19
13570,678,1017,992,0.502856433391571,0,19
13571,678,1017,178,0.5007156729698181,0,19
13572,678,1017,166,0.500495970249176,0,19
13573,678,1017,1713,0.5052811503410339,0,19
13574,678,1017,735,0.5024160146713257,0,19
13575,678,1017,291,0.5021675825119019,0,19
13576,678,1017,573,0.5016703009605408,0,19
13577,678,1017,1693,0.5054092407226562,0,19
13578,678,1017,71,0.5103575587272644,0,19
13579,678,1017,516,0.502747654914856,0,19
13580,679,1115,1520,0.5003143548965454,1,19
13581,679,1115,890,0.5019969344139099,0,19
13582,679,1115,630,0.4999573230743408,0,19
13583,679,1115,1557,0.5029157400131226,0,19
13584,679,1115,1486,0.5025290250778198,0,19
13585,679,1115,1898,0.5023719072341919,0,19
13586,679,1115,1055,0.5081520080566406,0,19
13587,679,1115,1429,0.5005764961242676,0,19
13588,679,1115,552,0.507621705532074,0,19
13589,679,1115,346,0.5003968477249146,0,19
13590,679,1115,1978,0.5023013949394226,0,19
13591,679,1115,60,0.5022343397140503,0,19
13592,679,1115,289,0.5019806623458862,0,19
13593,679,1115,75,0.5006601810455322,0,19
13594,679,1115,1626,0.5022996068000793,0,19
13595,679,1115,879,0.502295196056366,0,19
13596,679,1115,1942,0.5171512365341187,0,19
13597,679,1115,866,0.5028447508811951,0,19
13598,679,1115,1357,0.5003167390823364,0,19
13599,679,1115,1407,0.5034101009368896,0,19
13600,680,3160,1745,0.499260812997818,1,19
13601,680,3160,372,0.4995141625404358,0,19
13602,680,3160,1329,0.5126148462295532,0,19
13603,680,3160,1902,0.4992258548736572,0,19
13604,680,3160,812,0.5037289261817932,0,19
13605,680,3160,1232,0.5140677690505981,0,19
13606,680,3160,1716,0.4998406767845154,0,19
13607,680,3160,1503,0.5001655220985413,0,19
13608,680,3160,554,0.49955782294273376,0,19
13609,680,3160,538,0.5023656487464905,0,19
13610,680,3160,586,0.5090920925140381,0,19
13611,680,3160,1533,0.5035915970802307,0,19
13612,680,3160,1574,0.5034717917442322,0,19
13613,680,3160,276,0.5021387934684753,0,19
13614,680,3160,426,0.5312477946281433,0,19
13615,680,3160,998,0.5121134519577026,0,19
13616,680,3160,712,0.5058250427246094,0,19
13617,680,3160,509,0.49982333183288574,0,19
13618,680,3160,1906,0.4998754560947418,0,19
13619,680,3160,1834,0.5067259073257446,0,19
13620,681,1036,1571,0.5026010870933533,1,9
13621,681,1036,855,0.49986574053764343,0,9
13622,681,1036,618,0.5034071803092957,0,9
13623,681,1036,781,0.502386212348938,0,9
13624,681,1036,93,0.5010953545570374,0,9
13625,681,1036,282,0.5054176449775696,0,9
13626,681,1036,1576,0.49982941150665283,0,9
13627,681,1036,1773,0.5022456049919128,0,9
13628,681,1036,1493,0.510305643081665,0,9
13629,681,1036,191,0.5019925236701965,0,9
13630,681,1036,2047,0.5021988153457642,0,9
13631,681,1036,548,0.5070251226425171,0,9
13632,681,1036,1107,0.5096169710159302,0,9
13633,681,1036,1267,0.501758337020874,0,9
13634,681,1036,1985,0.5095561742782593,0,9
13635,681,1036,1728,0.5054627060890198,0,9
13636,681,1036,1059,0.5007352828979492,0,9
13637,681,1036,1251,0.5022324919700623,0,9
13638,681,1036,1798,0.5014687180519104,0,9
13639,681,1036,1631,0.5035562515258789,0,9
13640,682,2650,863,0.5024287700653076,1,8
13641,682,2650,975,0.5000488758087158,0,8
13642,682,2650,1428,0.5025246739387512,0,8
13643,682,2650,1960,0.500286877155304,0,8
13644,682,2650,1975,0.5038245320320129,0,8
13645,682,2650,1105,0.5004687905311584,0,8
13646,682,2650,951,0.5001264214515686,0,8
13647,682,2650,1579,0.5039052963256836,0,8
13648,682,2650,914,0.510777473449707,0,8
13649,682,2650,965,0.504010021686554,0,8
13650,682,2650,1097,0.5005238652229309,0,8
13651,682,2650,1623,0.5013194680213928,0,8
13652,682,2650,144,0.5015228390693665,0,8
13653,682,2650,207,0.5016641616821289,0,8
13654,682,2650,426,0.5068486928939819,0,8
13655,682,2650,1180,0.5044906139373779,0,8
13656,682,2650,77,0.5003746151924133,0,8
13657,682,2650,2016,0.5012920498847961,0,8
13658,682,2650,1187,0.5019436478614807,0,8
13659,682,2650,1027,0.5013284683227539,0,8
13660,683,1900,1559,0.5301220417022705,1,1
13661,683,1900,40,0.5288929343223572,0,1
13662,683,1900,1970,0.504874587059021,0,1
13663,683,1900,108,0.5041638016700745,0,1
13664,683,1900,736,0.5050837397575378,0,1
13665,683,1900,948,0.5150954723358154,0,1
13666,683,1900,2009,0.5020442605018616,0,1
13667,683,1900,532,0.50075763463974,0,1
13668,683,1900,111,0.5056730508804321,0,1
13669,683,1900,1848,0.5091325640678406,0,1
13670,683,1900,787,0.5028915405273438,0,1
13671,683,1900,1976,0.5095586180686951,0,1
13672,683,1900,778,0.5284368395805359,0,1
13673,683,1900,1890,0.5024779438972473,0,1
13674,683,1900,764,0.5020532608032227,0,1
13675,683,1900,1787,0.5088388919830322,0,1
13676,683,1900,940,0.5015565156936646,0,1
13677,683,1900,947,0.5026312470436096,0,1
13678,683,1900,1583,0.5019689798355103,0,1
13679,683,1900,1193,0.5000500679016113,0,1
13680,684,617,400,0.5008123517036438,1,14
13681,684,617,130,0.5009676218032837,0,14
13682,684,617,1137,0.5010146498680115,0,14
13683,684,617,1882,0.5008020997047424,0,14
13684,684,617,546,0.5010426044464111,0,14
13685,684,617,1107,0.5012417435646057,0,14
13686,684,617,1751,0.5007957816123962,0,14
13687,684,617,2042,0.500856876373291,0,14
13688,684,617,1923,0.5013930797576904,0,14
13689,684,617,615,0.5009143948554993,0,14
13690,684,617,1177,0.5007531046867371,0,14
13691,684,617,1336,0.5009279251098633,0,14
13692,684,617,1621,0.5008690357208252,0,14
13693,684,617,1899,0.5007873773574829,0,14
13694,684,617,1695,0.5008458495140076,0,14
13695,684,617,1973,0.500929594039917,0,14
13696,684,617,362,0.5010884404182434,0,14
13697,684,617,345,0.49263235926628113,0,14
13698,684,617,760,0.5010913610458374,0,14
13699,684,617,1008,0.5007190704345703,0,14
13700,685,820,1403,0.5023565292358398,1,13
13701,685,820,55,0.5102356672286987,0,13
13702,685,820,762,0.5079943537712097,0,13
13703,685,820,852,0.5048401355743408,0,13
13704,685,820,495,0.5014970898628235,0,13
13705,685,820,691,0.5037312507629395,0,13
13706,685,820,498,0.5026726722717285,0,13
13707,685,820,148,0.5074392557144165,0,13
13708,685,820,1825,0.5040512084960938,0,13
13709,685,820,1854,0.5005677342414856,0,13
13710,685,820,864,0.50297611951828,0,13
13711,685,820,435,0.5040559768676758,0,13
13712,685,820,1444,0.5043027997016907,0,13
13713,685,820,1630,0.5131540894508362,0,13
13714,685,820,1202,0.5027766823768616,0,13
13715,685,820,855,0.5002939701080322,0,13
13716,685,820,2066,0.5018434524536133,0,13
13717,685,820,1442,0.5020555257797241,0,13
13718,685,820,868,0.5016161203384399,0,13
13719,685,820,1130,0.5021067261695862,0,13
13720,686,205,1136,0.504476010799408,1,7
13721,686,205,817,0.5003817677497864,0,7
13722,686,205,1171,0.50264573097229,0,7
13723,686,205,1818,0.5079931616783142,0,7
13724,686,205,1973,0.4995068311691284,0,7
13725,686,205,276,0.5013625025749207,0,7
13726,686,205,373,0.5056615471839905,0,7
13727,686,205,1111,0.5000930428504944,0,7
13728,686,205,1017,0.5021467804908752,0,7
13729,686,205,484,0.4993862807750702,0,7
13730,686,205,1625,0.49980854988098145,0,7
13731,686,205,164,0.5019556283950806,0,7
13732,686,205,1562,0.5019702315330505,0,7
13733,686,205,1234,0.5040407776832581,0,7
13734,686,205,285,0.5060673952102661,0,7
13735,686,205,1332,0.5094143152236938,0,7
13736,686,205,394,0.504311203956604,0,7
13737,686,205,1918,0.5062959790229797,0,7
13738,686,205,1174,0.5030858516693115,0,7
13739,686,205,139,0.5108270645141602,0,7
13740,687,821,1278,0.6884121298789978,1,1
13741,687,821,974,0.5029820203781128,0,1
13742,687,821,117,0.5411915183067322,0,1
13743,687,821,989,0.5151007771492004,0,1
13744,687,821,1647,0.49905192852020264,0,1
13745,687,821,1564,0.5337024927139282,0,1
13746,687,821,1211,0.5036109089851379,0,1
13747,687,821,1571,0.5077821612358093,0,1
13748,687,821,1146,0.504428505897522,0,1
13749,687,821,959,0.5203657150268555,0,1
13750,687,821,1611,0.499178022146225,0,1
13751,687,821,509,0.4994730055332184,0,1
13752,687,821,811,0.5090243220329285,0,1
13753,687,821,2064,0.5025990605354309,0,1
13754,687,821,979,0.5070235729217529,0,1
13755,687,821,491,0.4984438121318817,0,1
13756,687,821,910,0.5028861165046692,0,1
13757,687,821,1548,0.5311830043792725,0,1
13758,687,821,1849,0.5039645433425903,0,1
13759,687,821,1092,0.5361974835395813,0,1
13760,688,738,13,0.5222022533416748,1,2
13761,688,738,756,0.5047023296356201,0,2
13762,688,738,863,0.5064878463745117,0,2
13763,688,738,435,0.5040774941444397,0,2
13764,688,738,318,0.5048843026161194,0,2
13765,688,738,246,0.5022275447845459,0,2
13766,688,738,757,0.5009703040122986,0,2
13767,688,738,1162,0.5001123547554016,0,2
13768,688,738,1596,0.5016051530838013,0,2
13769,688,738,1199,0.500220000743866,0,2
13770,688,738,2039,0.5082990527153015,0,2
13771,688,738,483,0.5097655653953552,0,2
13772,688,738,527,0.5024218559265137,0,2
13773,688,738,1553,0.5037192702293396,0,2
13774,688,738,1461,0.5036482810974121,0,2
13775,688,738,1578,0.5419663786888123,0,2
13776,688,738,1348,0.5050436854362488,0,2
13777,688,738,155,0.5015855431556702,0,2
13778,688,738,1077,0.5037859082221985,0,2
13779,688,738,1154,0.500019371509552,0,2
13780,689,1920,1877,0.7737777829170227,1,1
13781,689,1920,1762,0.5188644528388977,0,1
13782,689,1920,896,0.5084317922592163,0,1
13783,689,1920,457,0.5025588870048523,0,1
13784,689,1920,1087,0.5028992891311646,0,1
13785,689,1920,1161,0.5000824332237244,0,1
13786,689,1920,35,0.5037925243377686,0,1
13787,689,1920,1337,0.5038579106330872,0,1
13788,689,1920,1736,0.5028898119926453,0,1
13789,689,1920,1158,0.5067000985145569,0,1
13790,689,1920,2050,0.50609290599823,0,1
13791,689,1920,1824,0.4995434284210205,0,1
13792,689,1920,759,0.5016008019447327,0,1
13793,689,1920,959,0.5152649283409119,0,1
13794,689,1920,681,0.5080550909042358,0,1
13795,689,1920,1884,0.5176763534545898,0,1
13796,689,1920,1011,0.5229326486587524,0,1
13797,689,1920,1387,0.49993860721588135,0,1
13798,689,1920,231,0.5314307808876038,0,1
13799,689,1920,536,0.5041999220848083,0,1
13800,690,984,1725,0.5067734122276306,1,3
13801,690,984,1196,0.5032566785812378,0,3
13802,690,984,1269,0.5028901100158691,0,3
13803,690,984,1928,0.5041297674179077,0,3
13804,690,984,1888,0.5032329559326172,0,3
13805,690,984,560,0.5016294717788696,0,3
13806,690,984,783,0.5013213157653809,0,3
13807,690,984,1221,0.5034573078155518,0,3
13808,690,984,1658,0.5909018516540527,0,3
13809,690,984,1163,0.5019677877426147,0,3
13810,690,984,1091,0.5012282133102417,0,3
13811,690,984,2012,0.5017884373664856,0,3
13812,690,984,624,0.5257140398025513,0,3
13813,690,984,170,0.5015828013420105,0,3
13814,690,984,1111,0.5002776384353638,0,3
13815,690,984,167,0.5013328194618225,0,3
13816,690,984,1781,0.503760576248169,0,3
13817,690,984,1789,0.5044578313827515,0,3
13818,690,984,1464,0.5022906064987183,0,3
13819,690,984,857,0.5001344680786133,0,3
13820,691,1426,1367,0.5002568364143372,1,19
13821,691,1426,642,0.5016250610351562,0,19
13822,691,1426,865,0.5025560855865479,0,19
13823,691,1426,873,0.5002889037132263,0,19
13824,691,1426,1410,0.501368522644043,0,19
13825,691,1426,155,0.5009096264839172,0,19
13826,691,1426,336,0.5011162161827087,0,19
13827,691,1426,401,0.5011433362960815,0,19
13828,691,1426,99,0.5002335906028748,0,19
13829,691,1426,565,0.5025076270103455,0,19
13830,691,1426,1269,0.5024694204330444,0,19
13831,691,1426,2026,0.5028427839279175,0,19
13832,691,1426,1381,0.5038058757781982,0,19
13833,691,1426,1045,0.5010350942611694,0,19
13834,691,1426,1518,0.5206676125526428,0,19
13835,691,1426,301,0.5094529390335083,0,19
13836,691,1426,696,0.5026124119758606,0,19
13837,691,1426,2067,0.5026482939720154,0,19
13838,691,1426,1070,0.5012684464454651,0,19
13839,691,1426,1535,0.5062774419784546,0,19
13840,692,2102,239,0.5003029108047485,1,18
13841,692,2102,688,0.5017961859703064,0,18
13842,692,2102,1509,0.506318211555481,0,18
13843,692,2102,1362,0.502095103263855,0,18
13844,692,2102,553,0.5026570558547974,0,18
13845,692,2102,141,0.5023105144500732,0,18
13846,692,2102,1206,0.500369668006897,0,18
13847,692,2102,1145,0.5021077990531921,0,18
13848,692,2102,214,0.5001696944236755,0,18
13849,692,2102,101,0.5463454723358154,0,18
13850,692,2102,421,0.500136137008667,0,18
13851,692,2102,1985,0.5084124207496643,0,18
13852,692,2102,563,0.5005223751068115,0,18
13853,692,2102,1877,0.6068552732467651,0,18
13854,692,2102,560,0.50179123878479,0,18
13855,692,2102,1897,0.5030279755592346,0,18
13856,692,2102,1960,0.5011501908302307,0,18
13857,692,2102,1640,0.507438063621521,0,18
13858,692,2102,695,0.5030063986778259,0,18
13859,692,2102,217,0.5014210939407349,0,18
13860,693,2845,2001,0.500454843044281,1,19
13861,693,2845,821,0.5000572800636292,0,19
13862,693,2845,434,0.5017169713973999,0,19
13863,693,2845,1716,0.5006106495857239,0,19
13864,693,2845,1282,0.5019125938415527,0,19
13865,693,2845,676,0.5026013255119324,0,19
13866,693,2845,444,0.5021860599517822,0,19
13867,693,2845,1701,0.5005356073379517,0,19
13868,693,2845,1314,0.5013983249664307,0,19
13869,693,2845,502,0.5013555884361267,0,19
13870,693,2845,1073,0.5005929470062256,0,19
13871,693,2845,1036,0.5030997395515442,0,19
13872,693,2845,1155,0.5031019449234009,0,19
13873,693,2845,873,0.5005668997764587,0,19
13874,693,2845,2049,0.5024732947349548,0,19
13875,693,2845,1730,0.5087916851043701,0,19
13876,693,2845,1679,0.5011175870895386,0,19
13877,693,2845,1868,0.5098522901535034,0,19
13878,693,2845,139,0.5055775046348572,0,19
13879,693,2845,1965,0.5047630071640015,0,19
13880,694,3109,1698,0.5007521510124207,1,16
13881,694,3109,969,0.5006657242774963,0,16
13882,694,3109,855,0.5007777214050293,0,16
13883,694,3109,1432,0.5008305311203003,0,16
13884,694,3109,54,0.5010212659835815,0,16
13885,694,3109,1420,0.5010261535644531,0,16
13886,694,3109,1306,0.5009897351264954,0,16
13887,694,3109,522,0.5006579756736755,0,16
13888,694,3109,745,0.5010568499565125,0,16
13889,694,3109,995,0.5002482533454895,0,16
13890,694,3109,1738,0.5008354187011719,0,16
13891,694,3109,23,0.5008699893951416,0,16
13892,694,3109,1985,0.5008754730224609,0,16
13893,694,3109,665,0.5008185505867004,0,16
13894,694,3109,1453,0.5008159875869751,0,16
13895,694,3109,1094,0.500880241394043,0,16
13896,694,3109,1158,0.5008453130722046,0,16
13897,694,3109,941,0.5009657740592957,0,16
13898,694,3109,2065,0.500499963760376,0,16
13899,694,3109,1791,0.5008187890052795,0,16
13900,695,2637,1944,0.500284731388092,1,19
13901,695,2637,917,0.5028861165046692,0,19
13902,695,2637,1191,0.5005466341972351,0,19
13903,695,2637,637,0.5052703619003296,0,19
13904,695,2637,532,0.5011957883834839,0,19
13905,695,2637,1825,0.504116415977478,0,19
13906,695,2637,1640,0.5094311237335205,0,19
13907,695,2637,1293,0.5006342530250549,0,19
13908,695,2637,886,0.5029109716415405,0,19
13909,695,2637,179,0.5058320164680481,0,19
13910,695,2637,1970,0.5042833685874939,0,19
13911,695,2637,204,0.5024571418762207,0,19
13912,695,2637,592,0.501175582408905,0,19
13913,695,2637,1108,0.5048800110816956,0,19
13914,695,2637,974,0.5020213723182678,0,19
13915,695,2637,741,0.5021262168884277,0,19
13916,695,2637,1382,0.5029526352882385,0,19
13917,695,2637,55,0.5134822726249695,0,19
13918,695,2637,411,0.5002192258834839,0,19
13919,695,2637,530,0.5039823651313782,0,19
13920,696,2808,384,0.5001996755599976,1,20
13921,696,2808,17,0.5023046731948853,0,20
13922,696,2808,328,0.5036118626594543,0,20
13923,696,2808,1115,0.5005022883415222,0,20
13924,696,2808,922,0.5013920068740845,0,20
13925,696,2808,495,0.5012492537498474,0,20
13926,696,2808,1239,0.5010438561439514,0,20
13927,696,2808,1352,0.501112699508667,0,20
13928,696,2808,1611,0.500480592250824,0,20
13929,696,2808,636,0.5022065043449402,0,20
13930,696,2808,1092,0.5084266066551208,0,20
13931,696,2808,1522,0.5022291541099548,0,20
13932,696,2808,1261,0.5029910206794739,0,20
13933,696,2808,703,0.5012333989143372,0,20
13934,696,2808,1810,0.5025409460067749,0,20
13935,696,2808,1877,0.6078301668167114,0,20
13936,696,2808,1216,0.5026860237121582,0,20
13937,696,2808,695,0.502092182636261,0,20
13938,696,2808,995,0.5188211798667908,0,20
13939,696,2808,2030,0.5030906200408936,0,20
13940,697,4002,577,0.5006294250488281,1,19
13941,697,4002,858,0.5009158253669739,0,19
13942,697,4002,1264,0.5007422566413879,0,19
13943,697,4002,1649,0.5007022619247437,0,19
13944,697,4002,1671,0.5022851824760437,0,19
13945,697,4002,1818,0.501145601272583,0,19
13946,697,4002,1044,0.5006530284881592,0,19
13947,697,4002,92,0.5007680654525757,0,19
13948,697,4002,180,0.5006782412528992,0,19
13949,697,4002,14,0.500867486000061,0,19
13950,697,4002,1379,0.5017989277839661,0,19
13951,697,4002,248,0.5007838606834412,0,19
13952,697,4002,91,0.5010097026824951,0,19
13953,697,4002,1998,0.5007990002632141,0,19
13954,697,4002,1284,0.5008852481842041,0,19
13955,697,4002,158,0.5009370446205139,0,19
13956,697,4002,1907,0.5015200972557068,0,19
13957,697,4002,1576,0.5006229877471924,0,19
13958,697,4002,1573,0.5007026195526123,0,19
13959,697,4002,1911,0.5009686350822449,0,19
13960,698,495,344,0.500177264213562,1,17
13961,698,495,87,0.5000292062759399,0,17
13962,698,495,1138,0.5016506314277649,0,17
13963,698,495,943,0.5029212832450867,0,17
13964,698,495,458,0.502483069896698,0,17
13965,698,495,289,0.5018505454063416,0,17
13966,698,495,2044,0.5062522888183594,0,17
13967,698,495,1260,0.5024341344833374,0,17
13968,698,495,1556,0.5018484592437744,0,17
13969,698,495,309,0.5019183158874512,0,17
13970,698,495,1469,0.5018913149833679,0,17
13971,698,495,1001,0.5000074505805969,0,17
13972,698,495,2000,0.5046035051345825,0,17
13973,698,495,298,0.5017924308776855,0,17
13974,698,495,1760,0.515987753868103,0,17
13975,698,495,1737,0.4999353885650635,0,17
13976,698,495,1575,0.5035358667373657,0,17
13977,698,495,1253,0.5046303868293762,0,17
13978,698,495,925,0.5002360343933105,0,17
13979,698,495,845,0.515057384967804,0,17
13980,699,3792,1018,0.4994856119155884,1,20
13981,699,3792,674,0.5015084743499756,0,20
13982,699,3792,1755,0.5058969855308533,0,20
13983,699,3792,521,0.49951648712158203,0,20
13984,699,3792,971,0.49961453676223755,0,20
13985,699,3792,1141,0.5026107430458069,0,20
13986,699,3792,1767,0.4995124340057373,0,20
13987,699,3792,1071,0.5033708810806274,0,20
13988,699,3792,1305,0.4998781979084015,0,20
13989,699,3792,923,0.541305661201477,0,20
13990,699,3792,567,0.5222700834274292,0,20
13991,699,3792,1706,0.4998522698879242,0,20
13992,699,3792,626,0.5069756507873535,0,20
13993,699,3792,175,0.5035645961761475,0,20
13994,699,3792,1261,0.5050885677337646,0,20
13995,699,3792,52,0.501767635345459,0,20
13996,699,3792,765,0.5167428851127625,0,20
13997,699,3792,196,0.49956971406936646,0,20
13998,699,3792,446,0.500141978263855,0,20
13999,699,3792,1007,0.5038264989852905,0,20
14000,700,696,993,0.5155547857284546,1,4
14001,700,696,1566,0.5042629837989807,0,4
14002,700,696,663,0.5057341456413269,0,4
14003,700,696,889,0.5043273568153381,0,4
14004,700,696,1353,0.5151707530021667,0,4
14005,700,696,725,0.4995442032814026,0,4
14006,700,696,1730,0.5356082320213318,0,4
14007,700,696,459,0.49936816096305847,0,4
14008,700,696,555,0.49994903802871704,0,4
14009,700,696,391,0.49870944023132324,0,4
14010,700,696,157,0.5038670301437378,0,4
14011,700,696,1154,0.4993326663970947,0,4
14012,700,696,851,0.5057382583618164,0,4
14013,700,696,1997,0.5008261203765869,0,4
14014,700,696,205,0.5116015076637268,0,4
14015,700,696,572,0.5655063986778259,0,4
14016,700,696,1336,0.504161536693573,0,4
14017,700,696,1236,0.5100300312042236,0,4
14018,700,696,214,0.4991229772567749,0,4
14019,700,696,1250,0.5191968083381653,0,4
14020,701,1187,174,0.5015134215354919,1,15
14021,701,1187,930,0.5062990784645081,0,15
14022,701,1187,1001,0.5001199245452881,0,15
14023,701,1187,40,0.5173808336257935,0,15
14024,701,1187,1714,0.5025919675827026,0,15
14025,701,1187,1508,0.5036095976829529,0,15
14026,701,1187,1747,0.5001612305641174,0,15
14027,701,1187,812,0.5019227266311646,0,15
14028,701,1187,113,0.5037228465080261,0,15
14029,701,1187,1214,0.5118576884269714,0,15
14030,701,1187,552,0.5056690573692322,0,15
14031,701,1187,1552,0.5025339126586914,0,15
14032,701,1187,1318,0.5022189021110535,0,15
14033,701,1187,72,0.5022500157356262,0,15
14034,701,1187,272,0.5014975666999817,0,15
14035,701,1187,269,0.5015130639076233,0,15
14036,701,1187,956,0.5022042393684387,0,15
14037,701,1187,1319,0.5000558495521545,0,15
14038,701,1187,1444,0.5045751333236694,0,15
14039,701,1187,986,0.5026945471763611,0,15
14040,702,3064,1803,0.500382125377655,1,19
14041,702,3064,59,0.5043968558311462,0,19
14042,702,3064,281,0.5004204511642456,0,19
14043,702,3064,330,0.5211054086685181,0,19
14044,702,3064,1335,0.500478982925415,0,19
14045,702,3064,1008,0.5020141005516052,0,19
14046,702,3064,1263,0.5010364055633545,0,19
14047,702,3064,798,0.5018591284751892,0,19
14048,702,3064,1933,0.5009855031967163,0,19
14049,702,3064,1353,0.5029988884925842,0,19
14050,702,3064,1005,0.5019752979278564,0,19
14051,702,3064,1208,0.5002732872962952,0,19
14052,702,3064,1441,0.5027214288711548,0,19
14053,702,3064,804,0.5015572309494019,0,19
14054,702,3064,2032,0.5013076066970825,0,19
14055,702,3064,1019,0.5085735321044922,0,19
14056,702,3064,826,0.5027083158493042,0,19
14057,702,3064,1235,0.5014224052429199,0,19
14058,702,3064,1693,0.5035643577575684,0,19
14059,702,3064,1972,0.5016857981681824,0,19
14060,703,1382,235,0.5302731990814209,1,1
14061,703,1382,306,0.5018004179000854,0,1
14062,703,1382,119,0.5003952980041504,0,1
14063,703,1382,1486,0.5025796294212341,0,1
14064,703,1382,482,0.5138512253761292,0,1
14065,703,1382,230,0.5054994821548462,0,1
14066,703,1382,1947,0.5025467872619629,0,1
14067,703,1382,864,0.5031751394271851,0,1
14068,703,1382,1819,0.5033853054046631,0,1
14069,703,1382,1634,0.5019633173942566,0,1
14070,703,1382,1635,0.5005396604537964,0,1
14071,703,1382,2051,0.5215281844139099,0,1
14072,703,1382,1331,0.5001446008682251,0,1
14073,703,1382,1185,0.5022897720336914,0,1
14074,703,1382,20,0.5084210634231567,0,1
14075,703,1382,1232,0.5069323182106018,0,1
14076,703,1382,1638,0.5018015503883362,0,1
14077,703,1382,382,0.5000895857810974,0,1
14078,703,1382,494,0.5042480826377869,0,1
14079,703,1382,1525,0.5238528251647949,0,1
14080,704,1434,624,0.5349019169807434,1,1
14081,704,1434,604,0.5002505779266357,0,1
14082,704,1434,807,0.5029637813568115,0,1
14083,704,1434,363,0.5001662373542786,0,1
14084,704,1434,563,0.5004538893699646,0,1
14085,704,1434,986,0.503983199596405,0,1
14086,704,1434,1616,0.5030588507652283,0,1
14087,704,1434,259,0.5052053928375244,0,1
14088,704,1434,1881,0.511024534702301,0,1
14089,704,1434,1780,0.5019523501396179,0,1
14090,704,1434,591,0.5030341744422913,0,1
14091,704,1434,411,0.5004311800003052,0,1
14092,704,1434,79,0.504930853843689,0,1
14093,704,1434,481,0.503700315952301,0,1
14094,704,1434,1688,0.5003909468650818,0,1
14095,704,1434,1332,0.5087183117866516,0,1
14096,704,1434,1429,0.5005134344100952,0,1
14097,704,1434,1808,0.5235492587089539,0,1
14098,704,1434,976,0.5171300172805786,0,1
14099,704,1434,1168,0.5139847993850708,0,1
14100,705,1969,1954,0.5000830888748169,1,19
14101,705,1969,1436,0.5018944144248962,0,19
14102,705,1969,1486,0.5021592974662781,0,19
14103,705,1969,77,0.5002536773681641,0,19
14104,705,1969,1728,0.5049043893814087,0,19
14105,705,1969,796,0.5018958449363708,0,19
14106,705,1969,1555,0.5028532147407532,0,19
14107,705,1969,512,0.503410816192627,0,19
14108,705,1969,439,0.5191915035247803,0,19
14109,705,1969,1381,0.504592776298523,0,19
14110,705,1969,377,0.5063706636428833,0,19
14111,705,1969,1684,0.5066340565681458,0,19
14112,705,1969,1831,0.5018822550773621,0,19
14113,705,1969,1075,0.5000415444374084,0,19
14114,705,1969,132,0.501833975315094,0,19
14115,705,1969,1266,0.5022059679031372,0,19
14116,705,1969,2021,0.5017943382263184,0,19
14117,705,1969,236,0.5017826557159424,0,19
14118,705,1969,1971,0.5214859843254089,0,19
14119,705,1969,86,0.5041188597679138,0,19
14120,706,3353,1825,0.5109866857528687,1,7
14121,706,3353,400,0.49858543276786804,0,7
14122,706,3353,1826,0.5034272074699402,0,7
14123,706,3353,92,0.5096958875656128,0,7
14124,706,3353,158,0.5052138566970825,0,7
14125,706,3353,1792,0.5146386027336121,0,7
14126,706,3353,601,0.4995802044868469,0,7
14127,706,3353,356,0.499481201171875,0,7
14128,706,3353,54,0.5019080638885498,0,7
14129,706,3353,1057,0.49957573413848877,0,7
14130,706,3353,448,0.5060795545578003,0,7
14131,706,3353,841,0.5861709117889404,0,7
14132,706,3353,971,0.4989173114299774,0,7
14133,706,3353,193,0.5190691947937012,0,7
14134,706,3353,1171,0.5043961405754089,0,7
14135,706,3353,178,0.499811053276062,0,7
14136,706,3353,238,0.5264846682548523,0,7
14137,706,3353,1607,0.5071362853050232,0,7
14138,706,3353,711,0.5225211977958679,0,7
14139,706,3353,1327,0.5221343040466309,0,7
14140,707,572,1168,0.518196702003479,1,4
14141,707,572,849,0.5013422966003418,0,4
14142,707,572,540,0.5111212730407715,0,4
14143,707,572,84,0.502331554889679,0,4
14144,707,572,1328,0.5051617622375488,0,4
14145,707,572,724,0.50198894739151,0,4
14146,707,572,432,0.5026247501373291,0,4
14147,707,572,694,0.49932536482810974,0,4
14148,707,572,1803,0.4992600977420807,0,4
14149,707,572,1124,0.5458406805992126,0,4
14150,707,572,995,0.5620678663253784,0,4
14151,707,572,1167,0.5068019032478333,0,4
14152,707,572,824,0.5069789290428162,0,4
14153,707,572,515,0.4996227025985718,0,4
14154,707,572,1508,0.5055648684501648,0,4
14155,707,572,526,0.5012048482894897,0,4
14156,707,572,768,0.5037119388580322,0,4
14157,707,572,1682,0.5026270747184753,0,4
14158,707,572,1037,0.5030525922775269,0,4
14159,707,572,962,0.5378640294075012,0,4
14160,708,546,202,0.5189676880836487,1,2
14161,708,546,1224,0.5089051127433777,0,2
14162,708,546,430,0.500917375087738,0,2
14163,708,546,1675,0.5014874339103699,0,2
14164,708,546,378,0.5003786683082581,0,2
14165,708,546,1106,0.5017015933990479,0,2
14166,708,546,1953,0.5102729201316833,0,2
14167,708,546,641,0.5019967555999756,0,2
14168,708,546,1005,0.5031338334083557,0,2
14169,708,546,1152,0.5004149675369263,0,2
14170,708,546,574,0.5012750625610352,0,2
14171,708,546,401,0.5012898445129395,0,2
14172,708,546,1720,0.5024830102920532,0,2
14173,708,546,826,0.5022569298744202,0,2
14174,708,546,1284,0.5014843940734863,0,2
14175,708,546,968,0.5058338642120361,0,2
14176,708,546,1664,0.5369130969047546,0,2
14177,708,546,1494,0.5027881264686584,0,2
14178,708,546,25,0.5014716386795044,0,2
14179,708,546,1438,0.4999000132083893,0,2
14180,709,3070,590,0.5230069160461426,1,1
14181,709,3070,1329,0.5033499002456665,0,1
14182,709,3070,40,0.5115552544593811,0,1
14183,709,3070,519,0.5014442801475525,0,1
14184,709,3070,1989,0.5025852918624878,0,1
14185,709,3070,943,0.5020297765731812,0,1
14186,709,3070,1317,0.501550555229187,0,1
14187,709,3070,136,0.5014206767082214,0,1
14188,709,3070,1139,0.5014981031417847,0,1
14189,709,3070,1210,0.5014467239379883,0,1
14190,709,3070,700,0.5183796286582947,0,1
14191,709,3070,816,0.5026179552078247,0,1
14192,709,3070,2070,0.5012483596801758,0,1
14193,709,3070,1014,0.5029115676879883,0,1
14194,709,3070,5,0.5007374882698059,0,1
14195,709,3070,315,0.5034614205360413,0,1
14196,709,3070,1771,0.5014649629592896,0,1
14197,709,3070,724,0.5013265609741211,0,1
14198,709,3070,1580,0.5029726624488831,0,1
14199,709,3070,601,0.5006223320960999,0,1
14200,710,22,120,0.5128900408744812,1,3
14201,710,22,1956,0.5054829716682434,0,3
14202,710,22,1908,0.4996587038040161,0,3
14203,710,22,354,0.49859538674354553,0,3
14204,710,22,761,0.5106477737426758,0,3
14205,710,22,1628,0.505125880241394,0,3
14206,710,22,1636,0.5355299711227417,0,3
14207,710,22,1444,0.5127562284469604,0,3
14208,710,22,1772,0.5035995244979858,0,3
14209,710,22,1396,0.5059874653816223,0,3
14210,710,22,1713,0.5160685181617737,0,3
14211,710,22,39,0.5071547627449036,0,3
14212,710,22,14,0.5112743973731995,0,3
14213,710,22,1179,0.5056774616241455,0,3
14214,710,22,1307,0.5013884902000427,0,3
14215,710,22,2049,0.5075977444648743,0,3
14216,710,22,352,0.5089858174324036,0,3
14217,710,22,222,0.5089353322982788,0,3
14218,710,22,306,0.5017789006233215,0,3
14219,710,22,956,0.5071638226509094,0,3
14220,711,3976,1816,0.5007716417312622,1,17
14221,711,3976,1155,0.5005772113800049,0,17
14222,711,3976,1362,0.5007866024971008,0,17
14223,711,3976,1712,0.5009380578994751,0,17
14224,711,3976,162,0.5010148286819458,0,17
14225,711,3976,624,0.5007248520851135,0,17
14226,711,3976,1182,0.5013578534126282,0,17
14227,711,3976,928,0.5008572936058044,0,17
14228,711,3976,758,0.5008853077888489,0,17
14229,711,3976,1910,0.5008277893066406,0,17
14230,711,3976,1229,0.5010411739349365,0,17
14231,711,3976,768,0.5008173584938049,0,17
14232,711,3976,385,0.500818133354187,0,17
14233,711,3976,38,0.5007258653640747,0,17
14234,711,3976,1442,0.5008070468902588,0,17
14235,711,3976,1251,0.5008878707885742,0,17
14236,711,3976,378,0.5007789731025696,0,17
14237,711,3976,1846,0.5009883046150208,0,17
14238,711,3976,1545,0.5007997751235962,0,17
14239,711,3976,1638,0.500898003578186,0,17
14240,712,3747,281,0.5008631348609924,1,10
14241,712,3747,417,0.5008222460746765,0,10
14242,712,3747,268,0.5008822083473206,0,10
14243,712,3747,1820,0.5009424090385437,0,10
14244,712,3747,339,0.5006473064422607,0,10
14245,712,3747,863,0.5009700059890747,0,10
14246,712,3747,261,0.5007230639457703,0,10
14247,712,3747,1805,0.500575840473175,0,10
14248,712,3747,1019,0.5004456043243408,0,10
14249,712,3747,1029,0.5009264945983887,0,10
14250,712,3747,1481,0.5010231137275696,0,10
14251,712,3747,1631,0.5008690357208252,0,10
14252,712,3747,1596,0.5007143020629883,0,10
14253,712,3747,715,0.50081866979599,0,10
14254,712,3747,1124,0.4998665153980255,0,10
14255,712,3747,1718,0.5005455613136292,0,10
14256,712,3747,1288,0.5010647177696228,0,10
14257,712,3747,1958,0.5009374618530273,0,10
14258,712,3747,2036,0.5010520815849304,0,10
14259,712,3747,49,0.500308632850647,0,10
14260,713,3397,464,0.5010440945625305,1,13
14261,713,3397,1868,0.5083173513412476,0,13
14262,713,3397,1401,0.5022394061088562,0,13
14263,713,3397,1604,0.50019770860672,0,13
14264,713,3397,1960,0.5007637143135071,0,13
14265,713,3397,291,0.5011663436889648,0,13
14266,713,3397,1514,0.5008570551872253,0,13
14267,713,3397,232,0.5007578730583191,0,13
14268,713,3397,566,0.5003869533538818,0,13
14269,713,3397,56,0.5026583671569824,0,13
14270,713,3397,340,0.5012177228927612,0,13
14271,713,3397,230,0.5030727982521057,0,13
14272,713,3397,1615,0.5011658668518066,0,13
14273,713,3397,1398,0.5017770528793335,0,13
14274,713,3397,951,0.5004465579986572,0,13
14275,713,3397,814,0.5019769668579102,0,13
14276,713,3397,1613,0.5005466938018799,0,13
14277,713,3397,973,0.5022333264350891,0,13
14278,713,3397,1789,0.5037301182746887,0,13
14279,713,3397,1696,0.501868724822998,0,13
14280,714,95,1323,0.6094368696212769,1,1
14281,714,95,1916,0.4999685287475586,0,1
14282,714,95,336,0.5018520355224609,0,1
14283,714,95,1796,0.5066680312156677,0,1
14284,714,95,650,0.5020003914833069,0,1
14285,714,95,1567,0.5128954648971558,0,1
14286,714,95,566,0.5001331567764282,0,1
14287,714,95,735,0.503547191619873,0,1
14288,714,95,106,0.516526997089386,0,1
14289,714,95,893,0.5000203847885132,0,1
14290,714,95,1913,0.5096969604492188,0,1
14291,714,95,242,0.5028372406959534,0,1
14292,714,95,1338,0.5024189352989197,0,1
14293,714,95,1817,0.5001818537712097,0,1
14294,714,95,497,0.5059024691581726,0,1
14295,714,95,30,0.499758243560791,0,1
14296,714,95,1809,0.5093783736228943,0,1
14297,714,95,1227,0.5026503205299377,0,1
14298,714,95,894,0.5070064067840576,0,1
14299,714,95,966,0.5018302202224731,0,1
14300,715,3420,28,0.49992507696151733,1,20
14301,715,3420,1740,0.500116229057312,0,20
14302,715,3420,736,0.5034248232841492,0,20
14303,715,3420,812,0.5012173652648926,0,20
14304,715,3420,1939,0.5019680857658386,0,20
14305,715,3420,934,0.5036166906356812,0,20
14306,715,3420,1857,0.5028168559074402,0,20
14307,715,3420,901,0.500366747379303,0,20
14308,715,3420,823,0.5049000978469849,0,20
14309,715,3420,405,0.5026088953018188,0,20
14310,715,3420,1476,0.5052644610404968,0,20
14311,715,3420,1310,0.5080480575561523,0,20
14312,715,3420,678,0.5011831521987915,0,20
14313,715,3420,1772,0.5014483332633972,0,20
14314,715,3420,403,0.501467764377594,0,20
14315,715,3420,1837,0.5020731687545776,0,20
14316,715,3420,254,0.5022457242012024,0,20
14317,715,3420,274,0.5014075636863708,0,20
14318,715,3420,919,0.5249281525611877,0,20
14319,715,3420,282,0.5039803981781006,0,20
14320,716,1657,1323,0.61655193567276,1,2
14321,716,1657,1446,0.50138258934021,0,2
14322,716,1657,694,0.4999614953994751,0,2
14323,716,1657,1755,0.5046625137329102,0,2
14324,716,1657,908,0.5036612749099731,0,2
14325,716,1657,811,0.5043087601661682,0,2
14326,716,1657,121,0.5063757300376892,0,2
14327,716,1657,1144,0.5033530592918396,0,2
14328,716,1657,665,0.4992330074310303,0,2
14329,716,1657,932,0.514331042766571,0,2
14330,716,1657,1306,0.5018307566642761,0,2
14331,716,1657,1850,0.5025445222854614,0,2
14332,716,1657,824,0.5043246746063232,0,2
14333,716,1657,15,0.5012511610984802,0,2
14334,716,1657,905,0.49961990118026733,0,2
14335,716,1657,101,0.5846565961837769,0,2
14336,716,1657,1522,0.5050318241119385,0,2
14337,716,1657,1658,0.6518149375915527,0,2
14338,716,1657,1951,0.5105096697807312,0,2
14339,716,1657,809,0.5010501146316528,0,2
14340,717,3146,425,0.5006116032600403,1,19
14341,717,3146,1323,0.5121930837631226,0,19
14342,717,3146,61,0.5009640455245972,0,19
14343,717,3146,17,0.5010833144187927,0,19
14344,717,3146,75,0.5007162690162659,0,19
14345,717,3146,1816,0.5007460713386536,0,19
14346,717,3146,1658,0.5127373337745667,0,19
14347,717,3146,1926,0.5009519457817078,0,19
14348,717,3146,73,0.5008748173713684,0,19
14349,717,3146,705,0.5006484389305115,0,19
14350,717,3146,1925,0.5011239051818848,0,19
14351,717,3146,1075,0.5005737543106079,0,19
14352,717,3146,878,0.5006416440010071,0,19
14353,717,3146,1365,0.5023313760757446,0,19
14354,717,3146,97,0.5031306147575378,0,19
14355,717,3146,645,0.5011212825775146,0,19
14356,717,3146,430,0.5007657408714294,0,19
14357,717,3146,49,0.503107488155365,0,19
14358,717,3146,753,0.5009480714797974,0,19
14359,717,3146,1010,0.5007787942886353,0,19
14360,718,915,2051,0.513964056968689,1,3
14361,718,915,1177,0.5032494068145752,0,3
14362,718,915,521,0.5005150437355042,0,3
14363,718,915,2044,0.5039506554603577,0,3
14364,718,915,937,0.5006447434425354,0,3
14365,718,915,1828,0.5144739151000977,0,3
14366,718,915,1081,0.5007890462875366,0,3
14367,718,915,741,0.5016495585441589,0,3
14368,718,915,1559,0.514373779296875,0,3
14369,718,915,1281,0.5003466010093689,0,3
14370,718,915,862,0.5020700097084045,0,3
14371,718,915,1794,0.5005190968513489,0,3
14372,718,915,1818,0.5038942694664001,0,3
14373,718,915,17,0.502709150314331,0,3
14374,718,915,395,0.5042921304702759,0,3
14375,718,915,342,0.5016450881958008,0,3
14376,718,915,60,0.5015827417373657,0,3
14377,718,915,1506,0.5003775358200073,0,3
14378,718,915,831,0.5067115426063538,0,3
14379,718,915,69,0.500268816947937,0,3
14380,719,552,466,0.5029805898666382,1,14
14381,719,552,1989,0.5038594007492065,0,14
14382,719,552,645,0.5043951869010925,0,14
14383,719,552,418,0.5035407543182373,0,14
14384,719,552,1674,0.5001577138900757,0,14
14385,719,552,653,0.5001709461212158,0,14
14386,719,552,621,0.5134811401367188,0,14
14387,719,552,1919,0.5023286938667297,0,14
14388,719,552,1892,0.5004982352256775,0,14
14389,719,552,182,0.5102862119674683,0,14
14390,719,552,1110,0.5098667144775391,0,14
14391,719,552,366,0.5074246525764465,0,14
14392,719,552,194,0.5015581846237183,0,14
14393,719,552,234,0.5051829814910889,0,14
14394,719,552,1719,0.5107734203338623,0,14
14395,719,552,1823,0.5130397081375122,0,14
14396,719,552,410,0.5064693689346313,0,14
14397,719,552,1495,0.5029565691947937,0,14
14398,719,552,255,0.5056977272033691,0,14
14399,719,552,525,0.5061062574386597,0,14
14400,720,3736,450,0.5006268620491028,1,19
14401,720,3736,1702,0.5011575222015381,0,19
14402,720,3736,1053,0.5031647682189941,0,19
14403,720,3736,1539,0.5014677047729492,0,19
14404,720,3736,442,0.500540018081665,0,19
14405,720,3736,794,0.50164794921875,0,19
14406,720,3736,652,0.5018448829650879,0,19
14407,720,3736,713,0.5010067224502563,0,19
14408,720,3736,499,0.5017493367195129,0,19
14409,720,3736,9,0.5006502866744995,0,19
14410,720,3736,1936,0.5182978510856628,0,19
14411,720,3736,836,0.5046773552894592,0,19
14412,720,3736,1297,0.5009958744049072,0,19
14413,720,3736,518,0.5011124610900879,0,19
14414,720,3736,399,0.5010469555854797,0,19
14415,720,3736,1666,0.5017432570457458,0,19
14416,720,3736,456,0.5018558502197266,0,19
14417,720,3736,966,0.5015391111373901,0,19
14418,720,3736,1867,0.5114580988883972,0,19
14419,720,3736,1301,0.5012462139129639,0,19
14420,721,3756,723,0.500049889087677,1,20
14421,721,3756,615,0.5002630949020386,0,20
14422,721,3756,39,0.5020118355751038,0,20
14423,721,3756,38,0.5003434419631958,0,20
14424,721,3756,516,0.5020519495010376,0,20
14425,721,3756,1732,0.504763662815094,0,20
14426,721,3756,1797,0.5051193237304688,0,20
14427,721,3756,997,0.5020994544029236,0,20
14428,721,3756,1601,0.5013708472251892,0,20
14429,721,3756,532,0.5006581544876099,0,20
14430,721,3756,172,0.5000835657119751,0,20
14431,721,3756,406,0.5020372271537781,0,20
14432,721,3756,1985,0.5054400563240051,0,20
14433,721,3756,1634,0.5014559030532837,0,20
14434,721,3756,818,0.5061031579971313,0,20
14435,721,3756,1023,0.5084522366523743,0,20
14436,721,3756,1126,0.501834511756897,0,20
14437,721,3756,181,0.5022580623626709,0,20
14438,721,3756,162,0.5019835233688354,0,20
14439,721,3756,1533,0.5014079809188843,0,20
14440,722,2814,29,0.5005896091461182,1,16
14441,722,2814,1878,0.5104734301567078,0,16
14442,722,2814,1780,0.5013712048530579,0,16
14443,722,2814,1198,0.5050222277641296,0,16
14444,722,2814,1248,0.5088133811950684,0,16
14445,722,2814,1345,0.5001617670059204,0,16
14446,722,2814,317,0.5019751787185669,0,16
14447,722,2814,1383,0.5026024580001831,0,16
14448,722,2814,1083,0.5000384449958801,0,16
14449,722,2814,98,0.5059406757354736,0,16
14450,722,2814,445,0.5073353052139282,0,16
14451,722,2814,430,0.5015715956687927,0,16
14452,722,2814,1255,0.5110650062561035,0,16
14453,722,2814,247,0.5004808902740479,0,16
14454,722,2814,736,0.5035778284072876,0,16
14455,722,2814,653,0.5002830028533936,0,16
14456,722,2814,1339,0.5033430457115173,0,16
14457,722,2814,2013,0.5041059851646423,0,16
14458,722,2814,758,0.5040627121925354,0,16
14459,722,2814,1797,0.5079734325408936,0,16
14460,723,3665,1154,0.5008653998374939,1,11
14461,723,3665,582,0.5007960796356201,0,11
14462,723,3665,1371,0.5010471343994141,0,11
14463,723,3665,1937,0.5009174942970276,0,11
14464,723,3665,1615,0.5008096098899841,0,11
14465,723,3665,1857,0.5005083084106445,0,11
14466,723,3665,654,0.5010240077972412,0,11
14467,723,3665,1376,0.5007697343826294,0,11
14468,723,3665,747,0.500937819480896,0,11
14469,723,3665,811,0.5007805228233337,0,11
14470,723,3665,1543,0.500683069229126,0,11
14471,723,3665,263,0.5011228919029236,0,11
14472,723,3665,113,0.5006856918334961,0,11
14473,723,3665,380,0.5008835792541504,0,11
14474,723,3665,266,0.5012351870536804,0,11
14475,723,3665,1944,0.5008137822151184,0,11
14476,723,3665,1981,0.5013518929481506,0,11
14477,723,3665,1831,0.5010032653808594,0,11
14478,723,3665,944,0.500835120677948,0,11
14479,723,3665,1427,0.5008983016014099,0,11
14480,724,3563,1599,0.5002107620239258,1,20
14481,724,3563,704,0.5012723803520203,0,20
14482,724,3563,611,0.5018516182899475,0,20
14483,724,3563,1081,0.5004974603652954,0,20
14484,724,3563,882,0.5030046105384827,0,20
14485,724,3563,2038,0.5273146629333496,0,20
14486,724,3563,248,0.503145694732666,0,20
14487,724,3563,179,0.5052200555801392,0,20
14488,724,3563,223,0.5046408772468567,0,20
14489,724,3563,1947,0.5023282170295715,0,20
14490,724,3563,12,0.5036561489105225,0,20
14491,724,3563,1328,0.5038024187088013,0,20
14492,724,3563,1804,0.5011840462684631,0,20
14493,724,3563,1220,0.5014582872390747,0,20
14494,724,3563,1723,0.517603874206543,0,20
14495,724,3563,1917,0.5182999968528748,0,20
14496,724,3563,1550,0.5018735527992249,0,20
14497,724,3563,494,0.503723680973053,0,20
14498,724,3563,2071,0.5024557709693909,0,20
14499,724,3563,1437,0.5085643529891968,0,20
14500,725,211,1712,0.5053992867469788,1,1
14501,725,211,93,0.5002880096435547,0,1
14502,725,211,1384,0.5007045269012451,0,1
14503,725,211,1237,0.5004010200500488,0,1
14504,725,211,61,0.5007998943328857,0,1
14505,725,211,514,0.5013718008995056,0,1
14506,725,211,1847,0.5011890530586243,0,1
14507,725,211,274,0.5005148649215698,0,1
14508,725,211,694,0.5003048777580261,0,1
14509,725,211,1692,0.500908613204956,0,1
14510,725,211,520,0.5006502270698547,0,1
14511,725,211,1435,0.5031346082687378,0,1
14512,725,211,550,0.5006160736083984,0,1
14513,725,211,979,0.5013943314552307,0,1
14514,725,211,180,0.5003731846809387,0,1
14515,725,211,1591,0.5006221532821655,0,1
14516,725,211,596,0.5020557641983032,0,1
14517,725,211,2028,0.5004975199699402,0,1
14518,725,211,1032,0.500481128692627,0,1
14519,725,211,168,0.5011904239654541,0,1
14520,726,2757,1844,0.5360990166664124,1,1
14521,726,2757,242,0.5028393864631653,0,1
14522,726,2757,829,0.5040695071220398,0,1
14523,726,2757,2023,0.5014951229095459,0,1
14524,726,2757,38,0.5011877417564392,0,1
14525,726,2757,1441,0.5033507347106934,0,1
14526,726,2757,817,0.5009541511535645,0,1
14527,726,2757,239,0.5006841421127319,0,1
14528,726,2757,1353,0.5050413608551025,0,1
14529,726,2757,574,0.5027990341186523,0,1
14530,726,2757,1126,0.503118097782135,0,1
14531,726,2757,567,0.5115898251533508,0,1
14532,726,2757,1361,0.5064957141876221,0,1
14533,726,2757,373,0.5041546821594238,0,1
14534,726,2757,393,0.501818060874939,0,1
14535,726,2757,2080,0.5025765299797058,0,1
14536,726,2757,1461,0.502549409866333,0,1
14537,726,2757,1045,0.5018327832221985,0,1
14538,726,2757,591,0.5023054480552673,0,1
14539,726,2757,1120,0.5076788663864136,0,1
14540,727,4159,1999,0.5068265795707703,1,4
14541,727,4159,1613,0.49991536140441895,0,4
14542,727,4159,1440,0.5017933249473572,0,4
14543,727,4159,71,0.5106355547904968,0,4
14544,727,4159,284,0.5029080510139465,0,4
14545,727,4159,679,0.5024040937423706,0,4
14546,727,4159,1910,0.4997099041938782,0,4
14547,727,4159,311,0.5061010122299194,0,4
14548,727,4159,832,0.4996317923069,0,4
14549,727,4159,1519,0.5439223647117615,0,4
14550,727,4159,1294,0.5154359936714172,0,4
14551,727,4159,708,0.502649188041687,0,4
14552,727,4159,1920,0.5023865103721619,0,4
14553,727,4159,1741,0.5031313896179199,0,4
14554,727,4159,274,0.5009117722511292,0,4
14555,727,4159,1427,0.5006389617919922,0,4
14556,727,4159,1036,0.5027220249176025,0,4
14557,727,4159,62,0.5000845193862915,0,4
14558,727,4159,1728,0.5039426684379578,0,4
14559,727,4159,1375,0.5037208795547485,0,4
14560,728,1694,281,0.5002188682556152,1,19
14561,728,1694,1639,0.5059267282485962,0,19
14562,728,1694,452,0.5028567910194397,0,19
14563,728,1694,2031,0.5028932094573975,0,19
14564,728,1694,1016,0.5052500367164612,0,19
14565,728,1694,2024,0.5017645359039307,0,19
14566,728,1694,671,0.510290801525116,0,19
14567,728,1694,1577,0.5032202005386353,0,19
14568,728,1694,2021,0.5032267570495605,0,19
14569,728,1694,1594,0.5025027990341187,0,19
14570,728,1694,753,0.5017582774162292,0,19
14571,728,1694,970,0.5040817856788635,0,19
14572,728,1694,1554,0.5029680728912354,0,19
14573,728,1694,1470,0.507816731929779,0,19
14574,728,1694,579,0.5280346274375916,0,19
14575,728,1694,667,0.505075991153717,0,19
14576,728,1694,84,0.5033619999885559,0,19
14577,728,1694,1747,0.49998706579208374,0,19
14578,728,1694,955,0.5025880932807922,0,19
14579,728,1694,1637,0.5037291049957275,0,19
14580,729,3293,1548,0.5171136856079102,1,2
14581,729,3293,970,0.5031408667564392,0,2
14582,729,3293,1110,0.510395348072052,0,2
14583,729,3293,1298,0.5042790174484253,0,2
14584,729,3293,848,0.5039728879928589,0,2
14585,729,3293,354,0.49927327036857605,0,2
14586,729,3293,1337,0.5022493004798889,0,2
14587,729,3293,1138,0.5020512342453003,0,2
14588,729,3293,1267,0.5024800300598145,0,2
14589,729,3293,1686,0.5123745203018188,0,2
14590,729,3293,1719,0.5140019059181213,0,2
14591,729,3293,148,0.5101090669631958,0,2
14592,729,3293,1843,0.5334724187850952,0,2
14593,729,3293,1073,0.4999869465827942,0,2
14594,729,3293,984,0.5015110969543457,0,2
14595,729,3293,709,0.5044723153114319,0,2
14596,729,3293,720,0.5060228109359741,0,2
14597,729,3293,544,0.5021045804023743,0,2
14598,729,3293,1820,0.5031788945198059,0,2
14599,729,3293,2027,0.5021545886993408,0,2
14600,730,1781,1160,0.5148410201072693,1,1
14601,730,1781,1200,0.5061386823654175,0,1
14602,730,1781,693,0.5016238689422607,0,1
14603,730,1781,1835,0.5023969411849976,0,1
14604,730,1781,956,0.5035895705223083,0,1
14605,730,1781,300,0.5004700422286987,0,1
14606,730,1781,1440,0.5025843977928162,0,1
14607,730,1781,1422,0.5003308057785034,0,1
14608,730,1781,1205,0.5057808756828308,0,1
14609,730,1781,1616,0.5021070241928101,0,1
14610,730,1781,1161,0.5004839897155762,0,1
14611,730,1781,1426,0.5035611987113953,0,1
14612,730,1781,396,0.5018110275268555,0,1
14613,730,1781,953,0.5077182054519653,0,1
14614,730,1781,399,0.5011483430862427,0,1
14615,730,1781,1336,0.5020164251327515,0,1
14616,730,1781,482,0.511643648147583,0,1
14617,730,1781,1378,0.5039832592010498,0,1
14618,730,1781,562,0.5038566589355469,0,1
14619,730,1781,2071,0.5024454593658447,0,1
14620,731,417,643,0.5012210011482239,1,16
14621,731,417,1005,0.5077166557312012,0,16
14622,731,417,74,0.5103206634521484,0,16
14623,731,417,34,0.5055400133132935,0,16
14624,731,417,1129,0.4990835189819336,0,16
14625,731,417,351,0.49887174367904663,0,16
14626,731,417,745,0.5186144113540649,0,16
14627,731,417,24,0.5052657127380371,0,16
14628,731,417,994,0.4985433518886566,0,16
14629,731,417,1377,0.5054596066474915,0,16
14630,731,417,402,0.5020296573638916,0,16
14631,731,417,2062,0.9709218144416809,0,16
14632,731,417,1819,0.5052566528320312,0,16
14633,731,417,464,0.5015320777893066,0,16
14634,731,417,2014,0.4996466636657715,0,16
14635,731,417,746,0.5033064484596252,0,16
14636,731,417,217,0.5043026804924011,0,16
14637,731,417,359,0.5045701265335083,0,16
14638,731,417,1970,0.505972146987915,0,16
14639,731,417,1131,0.5023839473724365,0,16
14640,732,1847,1823,0.5123246312141418,1,3
14641,732,1847,490,0.5035980939865112,0,3
14642,732,1847,1503,0.5003265142440796,0,3
14643,732,1847,974,0.5013003349304199,0,3
14644,732,1847,673,0.49964970350265503,0,3
14645,732,1847,1997,0.5002150535583496,0,3
14646,732,1847,1481,0.5015259981155396,0,3
14647,732,1847,527,0.5019862055778503,0,3
14648,732,1847,661,0.5276888012886047,0,3
14649,732,1847,1417,0.500188410282135,0,3
14650,732,1847,1136,0.5034818649291992,0,3
14651,732,1847,77,0.49983900785446167,0,3
14652,732,1847,1116,0.5015933513641357,0,3
14653,732,1847,396,0.5020077228546143,0,3
14654,732,1847,80,0.5018565058708191,0,3
14655,732,1847,713,0.5009666681289673,0,3
14656,732,1847,696,0.5029261112213135,0,3
14657,732,1847,1260,0.5024306178092957,0,3
14658,732,1847,1160,0.516974925994873,0,3
14659,732,1847,936,0.5040263533592224,0,3
14660,733,2332,847,0.5016670227050781,1,8
14661,733,2332,520,0.5009068846702576,0,8
14662,733,2332,1219,0.5008229613304138,0,8
14663,733,2332,1837,0.5020710825920105,0,8
14664,733,2332,0,0.5006845593452454,0,8
14665,733,2332,308,0.515255868434906,0,8
14666,733,2332,425,0.500434935092926,0,8
14667,733,2332,1736,0.5011218190193176,0,8
14668,733,2332,1665,0.501455545425415,0,8
14669,733,2332,1264,0.5005440711975098,0,8
14670,733,2332,1189,0.5010915398597717,0,8
14671,733,2332,1078,0.5011429786682129,0,8
14672,733,2332,1608,0.5018107295036316,0,8
14673,733,2332,1067,0.5041025280952454,0,8
14674,733,2332,1142,0.5027366280555725,0,8
14675,733,2332,1400,0.5050177574157715,0,8
14676,733,2332,221,0.5020582675933838,0,8
14677,733,2332,1070,0.5008305907249451,0,8
14678,733,2332,1275,0.5000000596046448,0,8
14679,733,2332,1040,0.5004204511642456,0,8
14680,734,1155,147,0.4997364580631256,1,16
14681,734,1155,10,0.5301984548568726,0,16
14682,734,1155,461,0.5177482962608337,0,16
14683,734,1155,1818,0.5107280611991882,0,16
14684,734,1155,553,0.504718542098999,0,16
14685,734,1155,1841,0.4991248548030853,0,16
14686,734,1155,1263,0.5024253726005554,0,16
14687,734,1155,1373,0.5486010313034058,0,16
14688,734,1155,1125,0.5029942393302917,0,16
14689,734,1155,1195,0.4993468225002289,0,16
14690,734,1155,743,0.506321907043457,0,16
14691,734,1155,407,0.5203800201416016,0,16
14692,734,1155,1553,0.5059437155723572,0,16
14693,734,1155,569,0.5022950768470764,0,16
14694,734,1155,1910,0.4994945824146271,0,16
14695,734,1155,2026,0.507250189781189,0,16
14696,734,1155,1199,0.49913448095321655,0,16
14697,734,1155,431,0.5093083381652832,0,16
14698,734,1155,1126,0.5042160749435425,0,16
14699,734,1155,241,0.5019148588180542,0,16
14700,735,6,1429,0.500648021697998,1,13
14701,735,6,870,0.5003407597541809,0,13
14702,735,6,476,0.5001610517501831,0,13
14703,735,6,950,0.4999810457229614,0,13
14704,735,6,2042,0.5003752708435059,0,13
14705,735,6,1173,0.5030781626701355,0,13
14706,735,6,105,0.5031888484954834,0,13
14707,735,6,112,0.5043774843215942,0,13
14708,735,6,277,0.5012935400009155,0,13
14709,735,6,672,0.5002946853637695,0,13
14710,735,6,1387,0.5001770257949829,0,13
14711,735,6,432,0.5009138584136963,0,13
14712,735,6,290,0.5014994740486145,0,13
14713,735,6,1240,0.501843273639679,0,13
14714,735,6,1859,0.503950834274292,0,13
14715,735,6,1198,0.5018134713172913,0,13
14716,735,6,1042,0.5017010569572449,0,13
14717,735,6,570,0.5022103190422058,0,13
14718,735,6,727,0.5003514885902405,0,13
14719,735,6,1949,0.5054101347923279,0,13
14720,736,1893,255,0.5061979293823242,1,4
14721,736,1893,231,0.5211412310600281,0,4
14722,736,1893,100,0.50192791223526,0,4
14723,736,1893,1431,0.5016281604766846,0,4
14724,736,1893,885,0.50111985206604,0,4
14725,736,1893,1405,0.530387818813324,0,4
14726,736,1893,1840,0.49978360533714294,0,4
14727,736,1893,257,0.5052942037582397,0,4
14728,736,1893,306,0.500980794429779,0,4
14729,736,1893,1424,0.5018196702003479,0,4
14730,736,1893,354,0.49964475631713867,0,4
14731,736,1893,1082,0.507003128528595,0,4
14732,736,1893,1344,0.5029027462005615,0,4
14733,736,1893,38,0.5000904202461243,0,4
14734,736,1893,1940,0.5050215125083923,0,4
14735,736,1893,445,0.5061902403831482,0,4
14736,736,1893,1025,0.5030708312988281,0,4
14737,736,1893,314,0.49985113739967346,0,4
14738,736,1893,777,0.5035110116004944,0,4
14739,736,1893,797,0.49984925985336304,0,4
14740,737,1738,379,0.5003898739814758,1,16
14741,737,1738,1685,0.5000526309013367,0,16
14742,737,1738,2028,0.5015308260917664,0,16
14743,737,1738,1353,0.5052928328514099,0,16
14744,737,1738,1625,0.49999022483825684,0,16
14745,737,1738,332,0.5025941133499146,0,16
14746,737,1738,137,0.5016869902610779,0,16
14747,737,1738,279,0.5006413459777832,0,16
14748,737,1738,1326,0.5035684704780579,0,16
14749,737,1738,1828,0.5234150290489197,0,16
14750,737,1738,2061,0.5000299215316772,0,16
14751,737,1738,950,0.49965929985046387,0,16
14752,737,1738,1968,0.5027344226837158,0,16
14753,737,1738,191,0.502116322517395,0,16
14754,737,1738,1272,0.506158709526062,0,16
14755,737,1738,1310,0.5088272094726562,0,16
14756,737,1738,997,0.5020390748977661,0,16
14757,737,1738,1927,0.5040985941886902,0,16
14758,737,1738,49,0.5180708169937134,0,16
14759,737,1738,1060,0.5024977922439575,0,16
14760,738,1949,1063,0.5002660155296326,1,19
14761,738,1949,643,0.5006759166717529,0,19
14762,738,1949,109,0.5004514455795288,0,19
14763,738,1949,1215,0.50100177526474,0,19
14764,738,1949,1505,0.5005840063095093,0,19
14765,738,1949,25,0.5007112622261047,0,19
14766,738,1949,1092,0.5046306848526001,0,19
14767,738,1949,2045,0.5009360909461975,0,19
14768,738,1949,1390,0.5009278655052185,0,19
14769,738,1949,1914,0.5027464032173157,0,19
14770,738,1949,1309,0.5004165172576904,0,19
14771,738,1949,672,0.5004684925079346,0,19
14772,738,1949,741,0.501122772693634,0,19
14773,738,1949,2,0.5001708269119263,0,19
14774,738,1949,746,0.5005121231079102,0,19
14775,738,1949,1251,0.5012162923812866,0,19
14776,738,1949,2047,0.5013940334320068,0,19
14777,738,1949,1900,0.5023555755615234,0,19
14778,738,1949,204,0.5010566711425781,0,19
14779,738,1949,17,0.5014824271202087,0,19
14780,739,670,1754,0.5001522898674011,1,17
14781,739,670,712,0.501770555973053,0,17
14782,739,670,609,0.5000337958335876,0,17
14783,739,670,1102,0.5016191601753235,0,17
14784,739,670,1614,0.501924455165863,0,17
14785,739,670,1130,0.5016723275184631,0,17
14786,739,670,1813,0.505046010017395,0,17
14787,739,670,1935,0.5007328391075134,0,17
14788,739,670,1103,0.4999921917915344,0,17
14789,739,670,1636,0.5114954710006714,0,17
14790,739,670,2046,0.5017543435096741,0,17
14791,739,670,57,0.5020249485969543,0,17
14792,739,670,137,0.5013805627822876,0,17
14793,739,670,1832,0.506519079208374,0,17
14794,739,670,750,0.5019065737724304,0,17
14795,739,670,1585,0.5000386238098145,0,17
14796,739,670,1481,0.5012633800506592,0,17
14797,739,670,1218,0.520285427570343,0,17
14798,739,670,1780,0.5003083348274231,0,17
14799,739,670,1590,0.5048569440841675,0,17
14800,740,3992,622,0.5002760291099548,1,19
14801,740,3992,10,0.5137782096862793,0,19
14802,740,3992,1147,0.50946444272995,0,19
14803,740,3992,1533,0.5012915134429932,0,19
14804,740,3992,584,0.5012720227241516,0,19
14805,740,3992,1479,0.5026517510414124,0,19
14806,740,3992,1709,0.501230001449585,0,19
14807,740,3992,2077,0.5028984546661377,0,19
14808,740,3992,692,0.5011780261993408,0,19
14809,740,3992,2055,0.5004411339759827,0,19
14810,740,3992,1552,0.5021286010742188,0,19
14811,740,3992,1369,0.5025328993797302,0,19
14812,740,3992,1579,0.5057974457740784,0,19
14813,740,3992,1721,0.502837598323822,0,19
14814,740,3992,1910,0.500020444393158,0,19
14815,740,3992,2051,0.5161791443824768,0,19
14816,740,3992,1712,0.5186430811882019,0,19
14817,740,3992,183,0.5011371374130249,0,19
14818,740,3992,2075,0.5004241466522217,0,19
14819,740,3992,1868,0.5107139945030212,0,19
14820,741,3080,481,0.5022292733192444,1,6
14821,741,3080,1865,0.5019345283508301,0,6
14822,741,3080,1111,0.5006774067878723,0,6
14823,741,3080,61,0.5018725991249084,0,6
14824,741,3080,388,0.5014263391494751,0,6
14825,741,3080,650,0.5015264749526978,0,6
14826,741,3080,1510,0.5019352436065674,0,6
14827,741,3080,1257,0.5090935826301575,0,6
14828,741,3080,197,0.5029840469360352,0,6
14829,741,3080,632,0.5018666386604309,0,6
14830,741,3080,470,0.5015108585357666,0,6
14831,741,3080,393,0.5013774633407593,0,6
14832,741,3080,1251,0.502190351486206,0,6
14833,741,3080,169,0.5007371306419373,0,6
14834,741,3080,1653,0.5014469623565674,0,6
14835,741,3080,1409,0.5006676912307739,0,6
14836,741,3080,1328,0.5030005574226379,0,6
14837,741,3080,2020,0.5017988085746765,0,6
14838,741,3080,1795,0.5031575560569763,0,6
14839,741,3080,647,0.5058624148368835,0,6
14840,742,713,599,0.5053823590278625,1,6
14841,742,713,1887,0.5002739429473877,0,6
14842,742,713,1986,0.6830017566680908,0,6
14843,742,713,134,0.5020967125892639,0,6
14844,742,713,1155,0.504658043384552,0,6
14845,742,713,688,0.5018270015716553,0,6
14846,742,713,75,0.5002806186676025,0,6
14847,742,713,692,0.5024779438972473,0,6
14848,742,713,705,0.5002015233039856,0,6
14849,742,713,342,0.5031914710998535,0,6
14850,742,713,1899,0.5043166875839233,0,6
14851,742,713,546,0.5029023885726929,0,6
14852,742,713,297,0.5122467875480652,0,6
14853,742,713,1752,0.5062373280525208,0,6
14854,742,713,469,0.5325875282287598,0,6
14855,742,713,1923,0.5088697671890259,0,6
14856,742,713,1638,0.5013028383255005,0,6
14857,742,713,849,0.5019645094871521,0,6
14858,742,713,1280,0.503640353679657,0,6
14859,742,713,929,0.5027399659156799,0,6
14860,743,4022,1290,0.5007785558700562,1,17
14861,743,4022,693,0.5009106993675232,0,17
14862,743,4022,662,0.5013548135757446,0,17
14863,743,4022,1723,0.508691668510437,0,17
14864,743,4022,885,0.5008333921432495,0,17
14865,743,4022,552,0.5028563141822815,0,17
14866,743,4022,1802,0.5047677755355835,0,17
14867,743,4022,212,0.5033438205718994,0,17
14868,743,4022,1050,0.5025174617767334,0,17
14869,743,4022,308,0.5114818811416626,0,17
14870,743,4022,1537,0.50058913230896,0,17
14871,743,4022,986,0.5017316341400146,0,17
14872,743,4022,951,0.5006044507026672,0,17
14873,743,4022,243,0.5011171698570251,0,17
14874,743,4022,540,0.5033445954322815,0,17
14875,743,4022,2021,0.5014368891716003,0,17
14876,743,4022,738,0.5023868680000305,0,17
14877,743,4022,1265,0.501747190952301,0,17
14878,743,4022,1381,0.5024653077125549,0,17
14879,743,4022,1967,0.5005563497543335,0,17
14880,744,3531,75,0.5007334351539612,1,18
14881,744,3531,1967,0.5006238222122192,0,18
14882,744,3531,1546,0.502320408821106,0,18
14883,744,3531,886,0.5023835301399231,0,18
14884,744,3531,393,0.5018205642700195,0,18
14885,744,3531,856,0.501499593257904,0,18
14886,744,3531,441,0.5020498037338257,0,18
14887,744,3531,1031,0.5020412802696228,0,18
14888,744,3531,735,0.5029131174087524,0,18
14889,744,3531,525,0.5059286952018738,0,18
14890,744,3531,738,0.5043248534202576,0,18
14891,744,3531,1372,0.5020148754119873,0,18
14892,744,3531,993,0.5062043070793152,0,18
14893,744,3531,2071,0.5028201341629028,0,18
14894,744,3531,1289,0.5015326738357544,0,18
14895,744,3531,592,0.5011190176010132,0,18
14896,744,3531,547,0.5004512071609497,0,18
14897,744,3531,259,0.5037504434585571,0,18
14898,744,3531,1925,0.5033653974533081,0,18
14899,744,3531,686,0.5021506547927856,0,18
14900,745,855,2060,0.5069783329963684,1,6
14901,745,855,402,0.5038808584213257,0,6
14902,745,855,859,0.5031915903091431,0,6
14903,745,855,938,0.5070956349372864,0,6
14904,745,855,609,0.49967262148857117,0,6
14905,745,855,1002,0.5089082717895508,0,6
14906,745,855,1519,0.6130469441413879,0,6
14907,745,855,604,0.4994109570980072,0,6
14908,745,855,863,0.511781632900238,0,6
14909,745,855,820,0.50313401222229,0,6
14910,745,855,1698,0.5004917979240417,0,6
14911,745,855,495,0.5038143992424011,0,6
14912,745,855,522,0.5033862590789795,0,6
14913,745,855,34,0.50653076171875,0,6
14914,745,855,494,0.5060856938362122,0,6
14915,745,855,869,0.5054125189781189,0,6
14916,745,855,1878,0.5162528157234192,0,6
14917,745,855,430,0.5034862160682678,0,6
14918,745,855,1303,0.5054770708084106,0,6
14919,745,855,1820,0.5047706961631775,0,6
14920,746,2427,1537,0.500205934047699,1,20
14921,746,2427,2017,0.5014114379882812,0,20
14922,746,2427,1362,0.5016790628433228,0,20
14923,746,2427,1237,0.5004135370254517,0,20
14924,746,2427,2077,0.5019891262054443,0,20
14925,746,2427,244,0.5020921230316162,0,20
14926,746,2427,882,0.5022637248039246,0,20
14927,746,2427,844,0.5012164115905762,0,20
14928,746,2427,1636,0.5075056552886963,0,20
14929,746,2427,733,0.503110408782959,0,20
14930,746,2427,689,0.502374529838562,0,20
14931,746,2427,1851,0.501831591129303,0,20
14932,746,2427,202,0.514358639717102,0,20
14933,746,2427,1278,0.537054181098938,0,20
14934,746,2427,842,0.5027860403060913,0,20
14935,746,2427,165,0.5014322996139526,0,20
14936,746,2427,1715,0.5021190047264099,0,20
14937,746,2427,1710,0.5062896609306335,0,20
14938,746,2427,2045,0.5011337399482727,0,20
14939,746,2427,2016,0.5018291473388672,0,20
14940,747,613,841,0.5272858738899231,1,1
14941,747,613,202,0.523756742477417,0,1
14942,747,613,1148,0.5026828646659851,0,1
14943,747,613,293,0.5040290355682373,0,1
14944,747,613,1224,0.5120804309844971,0,1
14945,747,613,1640,0.5079205632209778,0,1
14946,747,613,1768,0.5004553198814392,0,1
14947,747,613,1410,0.5022324919700623,0,1
14948,747,613,1444,0.5043901801109314,0,1
14949,747,613,401,0.5021914839744568,0,1
14950,747,613,619,0.5031829476356506,0,1
14951,747,613,1209,0.5031049847602844,0,1
14952,747,613,147,0.5002854466438293,0,1
14953,747,613,1590,0.5056242346763611,0,1
14954,747,613,1408,0.5061849355697632,0,1
14955,747,613,1453,0.5019044876098633,0,1
14956,747,613,1800,0.5017193555831909,0,1
14957,747,613,384,0.49995219707489014,0,1
14958,747,613,990,0.5000170469284058,0,1
14959,747,613,1554,0.5024476647377014,0,1
14960,748,1689,229,0.5181012749671936,1,4
14961,748,1689,1725,0.5170108079910278,0,4
14962,748,1689,1937,0.5031728744506836,0,4
14963,748,1689,1429,0.5000451803207397,0,4
14964,748,1689,1848,0.5143540501594543,0,4
14965,748,1689,326,0.4999657869338989,0,4
14966,748,1689,537,0.503481924533844,0,4
14967,748,1689,1779,0.5037288069725037,0,4
14968,748,1689,161,0.4998815953731537,0,4
14969,748,1689,122,0.5321535468101501,0,4
14970,748,1689,907,0.5085912942886353,0,4
14971,748,1689,63,0.5050492286682129,0,4
14972,748,1689,1529,0.5072587728500366,0,4
14973,748,1689,1885,0.5047727227210999,0,4
14974,748,1689,271,0.5213103294372559,0,4
14975,748,1689,42,0.5038421750068665,0,4
14976,748,1689,1134,0.5240518450737,0,4
14977,748,1689,2033,0.5043081641197205,0,4
14978,748,1689,1056,0.5023714303970337,0,4
14979,748,1689,1339,0.5057789087295532,0,4
14980,749,404,36,0.5055549144744873,1,9
14981,749,404,308,0.5517506003379822,0,9
14982,749,404,286,0.5011313557624817,0,9
14983,749,404,45,0.4987707734107971,0,9
14984,749,404,553,0.5048461556434631,0,9
14985,749,404,1605,0.5093018412590027,0,9
14986,749,404,1105,0.499368280172348,0,9
14987,749,404,1051,0.5079795122146606,0,9
14988,749,404,1651,0.5010984539985657,0,9
14989,749,404,1699,0.5047752261161804,0,9
14990,749,404,1988,0.49921801686286926,0,9
14991,749,404,968,0.5143429636955261,0,9
14992,749,404,543,0.49905145168304443,0,9
14993,749,404,383,0.5071834325790405,0,9
14994,749,404,588,0.4993343949317932,0,9
14995,749,404,1501,0.5013281106948853,0,9
14996,749,404,565,0.5063037872314453,0,9
14997,749,404,672,0.49895814061164856,0,9
14998,749,404,271,0.5168197154998779,0,9
14999,749,404,259,0.5073350071907043,0,9
15000,750,3659,196,0.5000855326652527,1,20
15001,750,3659,953,0.5037779211997986,0,20
15002,750,3659,673,0.5001817941665649,0,20
15003,750,3659,531,0.500391960144043,0,20
15004,750,3659,272,0.5011666417121887,0,20
15005,750,3659,1769,0.500670313835144,0,20
15006,750,3659,829,0.5018640756607056,0,20
15007,750,3659,2056,0.5003705024719238,0,20
15008,750,3659,1022,0.5007365942001343,0,20
15009,750,3659,2016,0.5008354187011719,0,20
15010,750,3659,1448,0.5004013776779175,0,20
15011,750,3659,1862,0.5023472905158997,0,20
15012,750,3659,1027,0.5009159445762634,0,20
15013,750,3659,903,0.5018620491027832,0,20
15014,750,3659,2072,0.5012394785881042,0,20
15015,750,3659,50,0.5008096098899841,0,20
15016,750,3659,1564,0.5049856901168823,0,20
15017,750,3659,781,0.5014246106147766,0,20
15018,750,3659,1059,0.5005891919136047,0,20
15019,750,3659,1758,0.5003552436828613,0,20
15020,751,2966,531,0.5004994869232178,1,18
15021,751,2966,539,0.5038370490074158,0,18
15022,751,2966,1129,0.5006092190742493,0,18
15023,751,2966,900,0.502302348613739,0,18
15024,751,2966,1334,0.5042141079902649,0,18
15025,751,2966,1508,0.5054221153259277,0,18
15026,751,2966,1625,0.5004924535751343,0,18
15027,751,2966,963,0.5029769539833069,0,18
15028,751,2966,1474,0.510693371295929,0,18
15029,751,2966,247,0.5004274845123291,0,18
15030,751,2966,1972,0.5040636658668518,0,18
15031,751,2966,1617,0.5062680244445801,0,18
15032,751,2966,1164,0.5108363628387451,0,18
15033,751,2966,103,0.5235893726348877,0,18
15034,751,2966,752,0.5024768710136414,0,18
15035,751,2966,192,0.501995861530304,0,18
15036,751,2966,1368,0.5006670951843262,0,18
15037,751,2966,869,0.5035833120346069,0,18
15038,751,2966,1486,0.5024343729019165,0,18
15039,751,2966,478,0.5020728707313538,0,18
15040,752,4157,1435,0.5034309029579163,1,5
15041,752,4157,1046,0.5010861754417419,0,5
15042,752,4157,139,0.5039096474647522,0,5
15043,752,4157,1939,0.5016525387763977,0,5
15044,752,4157,790,0.5026867985725403,0,5
15045,752,4157,1151,0.5009517073631287,0,5
15046,752,4157,1320,0.5027980804443359,0,5
15047,752,4157,830,0.5011335611343384,0,5
15048,752,4157,1201,0.5012070536613464,0,5
15049,752,4157,874,0.5009267330169678,0,5
15050,752,4157,1080,0.5015314221382141,0,5
15051,752,4157,1369,0.5027370452880859,0,5
15052,752,4157,727,0.5003455281257629,0,5
15053,752,4157,1682,0.5015618801116943,0,5
15054,752,4157,231,0.5096818804740906,0,5
15055,752,4157,773,0.5016997456550598,0,5
15056,752,4157,700,0.517378568649292,0,5
15057,752,4157,923,0.5126833915710449,0,5
15058,752,4157,253,0.5023425221443176,0,5
15059,752,4157,1125,0.5011954307556152,0,5
15060,753,3356,1231,0.5087131857872009,1,4
15061,753,3356,1923,0.5040228962898254,0,4
15062,753,3356,1214,0.5131735801696777,0,4
15063,753,3356,265,0.5014854073524475,0,4
15064,753,3356,1901,0.5072933435440063,0,4
15065,753,3356,1394,0.5029810070991516,0,4
15066,753,3356,403,0.5008220672607422,0,4
15067,753,3356,1955,0.5000743865966797,0,4
15068,753,3356,1029,0.501448392868042,0,4
15069,753,3356,1640,0.5078184008598328,0,4
15070,753,3356,365,0.5031387209892273,0,4
15071,753,3356,289,0.5010088682174683,0,4
15072,753,3356,643,0.500741720199585,0,4
15073,753,3356,1590,0.5044475197792053,0,4
15074,753,3356,457,0.501251220703125,0,4
15075,753,3356,511,0.5261254906654358,0,4
15076,753,3356,1344,0.5019837617874146,0,4
15077,753,3356,40,0.5159069895744324,0,4
15078,753,3356,710,0.5022534132003784,0,4
15079,753,3356,50,0.5012199282646179,0,4
15080,754,2126,2003,0.5003484487533569,1,16
15081,754,2126,2018,0.49989137053489685,0,16
15082,754,2126,919,0.5492088198661804,0,16
15083,754,2126,1090,0.5024639964103699,0,16
15084,754,2126,1643,0.5964522361755371,0,16
15085,754,2126,1672,0.5000920295715332,0,16
15086,754,2126,1961,0.507162868976593,0,16
15087,754,2126,1931,0.505399227142334,0,16
15088,754,2126,1661,0.502036988735199,0,16
15089,754,2126,780,0.5105471014976501,0,16
15090,754,2126,77,0.4999730587005615,0,16
15091,754,2126,1245,0.508847713470459,0,16
15092,754,2126,494,0.5056234002113342,0,16
15093,754,2126,478,0.5019283890724182,0,16
15094,754,2126,1060,0.5052691698074341,0,16
15095,754,2126,307,0.5073097944259644,0,16
15096,754,2126,1246,0.5037697553634644,0,16
15097,754,2126,1151,0.5022486448287964,0,16
15098,754,2126,751,0.499930739402771,0,16
15099,754,2126,1006,0.5419795513153076,0,16
15100,755,472,176,0.5041642189025879,1,9
15101,755,472,1777,0.5175846219062805,0,9
15102,755,472,865,0.5034621357917786,0,9
15103,755,472,513,0.5039329528808594,0,9
15104,755,472,1393,0.509690523147583,0,9
15105,755,472,1477,0.5004188418388367,0,9
15106,755,472,66,0.5011644959449768,0,9
15107,755,472,380,0.500222384929657,0,9
15108,755,472,1248,0.5053979754447937,0,9
15109,755,472,320,0.5015795826911926,0,9
15110,755,472,1913,0.5064472556114197,0,9
15111,755,472,366,0.5054917931556702,0,9
15112,755,472,1435,0.5050265192985535,0,9
15113,755,472,1887,0.5008487105369568,0,9
15114,755,472,1224,0.5096852779388428,0,9
15115,755,472,102,0.5016381740570068,0,9
15116,755,472,1238,0.5016900300979614,0,9
15117,755,472,1412,0.5010623335838318,0,9
15118,755,472,1023,0.5100222229957581,0,9
15119,755,472,189,0.5026266574859619,0,9
15120,756,3029,1654,0.5110071897506714,1,2
15121,756,3029,245,0.5010456442832947,0,2
15122,756,3029,502,0.5009322762489319,0,2
15123,756,3029,581,0.5018481016159058,0,2
15124,756,3029,1702,0.5013424158096313,0,2
15125,756,3029,780,0.5053242444992065,0,2
15126,756,3029,1032,0.5008854269981384,0,2
15127,756,3029,1073,0.5002725124359131,0,2
15128,756,3029,173,0.5054554343223572,0,2
15129,756,3029,892,0.5022569894790649,0,2
15130,756,3029,1676,0.5007555484771729,0,2
15131,756,3029,1764,0.5011019110679626,0,2
15132,756,3029,1950,0.5041206479072571,0,2
15133,756,3029,1071,0.501324474811554,0,2
15134,756,3029,98,0.5033107399940491,0,2
15135,756,3029,577,0.5001381635665894,0,2
15136,756,3029,1513,0.5053395628929138,0,2
15137,756,3029,427,0.5125865340232849,0,2
15138,756,3029,448,0.5023500323295593,0,2
15139,756,3029,1988,0.5003907084465027,0,2
15140,757,637,219,0.5004184246063232,1,20
15141,757,637,1804,0.5007831454277039,0,20
15142,757,637,1924,0.5007370114326477,0,20
15143,757,637,1580,0.5018329620361328,0,20
15144,757,637,155,0.5008247494697571,0,20
15145,757,637,804,0.5012717247009277,0,20
15146,757,637,735,0.5017784237861633,0,20
15147,757,637,1292,0.501482367515564,0,20
15148,757,637,1473,0.5940775871276855,0,20
15149,757,637,1861,0.501836895942688,0,20
15150,757,637,355,0.5006687641143799,0,20
15151,757,637,475,0.5017401576042175,0,20
15152,757,637,263,0.501459538936615,0,20
15153,757,637,1966,0.5013147592544556,0,20
15154,757,637,1543,0.5012057423591614,0,20
15155,757,637,1106,0.5010923743247986,0,20
15156,757,637,1247,0.5006256699562073,0,20
15157,757,637,1132,0.5026635527610779,0,20
15158,757,637,172,0.5007361769676208,0,20
15159,757,637,1218,0.5097605586051941,0,20
15160,758,1241,945,0.4998827278614044,1,19
15161,758,1241,606,0.5015233159065247,0,19
15162,758,1241,2067,0.5034651756286621,0,19
15163,758,1241,1927,0.503531813621521,0,19
15164,758,1241,275,0.49990329146385193,0,19
15165,758,1241,938,0.5036572217941284,0,19
15166,758,1241,1658,0.6283973455429077,0,19
15167,758,1241,686,0.5026718974113464,0,19
15168,758,1241,171,0.5033658742904663,0,19
15169,758,1241,1509,0.507970929145813,0,19
15170,758,1241,183,0.5014158487319946,0,19
15171,758,1241,1179,0.5030583739280701,0,19
15172,758,1241,1342,0.5022606253623962,0,19
15173,758,1241,1597,0.5054502487182617,0,19
15174,758,1241,1576,0.5000201463699341,0,19
15175,758,1241,106,0.5146780014038086,0,19
15176,758,1241,1469,0.5012409687042236,0,19
15177,758,1241,973,0.5023961663246155,0,19
15178,758,1241,854,0.4998517334461212,0,19
15179,758,1241,1432,0.5015082955360413,0,19
15180,759,3335,1285,0.5007205009460449,1,19
15181,759,3335,1092,0.5119472146034241,0,19
15182,759,3335,529,0.5150854587554932,0,19
15183,759,3335,470,0.5015477538108826,0,19
15184,759,3335,1141,0.5017777681350708,0,19
15185,759,3335,742,0.5019418597221375,0,19
15186,759,3335,1046,0.5018429756164551,0,19
15187,759,3335,1672,0.5005384087562561,0,19
15188,759,3335,852,0.504887044429779,0,19
15189,759,3335,74,0.5053039193153381,0,19
15190,759,3335,1207,0.5044013261795044,0,19
15191,759,3335,1263,0.5022628903388977,0,19
15192,759,3335,181,0.5025517344474792,0,19
15193,759,3335,828,0.5043160319328308,0,19
15194,759,3335,1254,0.501773476600647,0,19
15195,759,3335,1977,0.502061128616333,0,19
15196,759,3335,406,0.5025224685668945,0,19
15197,759,3335,1828,0.518153965473175,0,19
15198,759,3335,1851,0.5028526782989502,0,19
15199,759,3335,1010,0.5020989775657654,0,19
15200,760,3104,387,0.5007304549217224,1,11
15201,760,3104,1594,0.501063346862793,0,11
15202,760,3104,1926,0.5007480978965759,0,11
15203,760,3104,958,0.5005478262901306,0,11
15204,760,3104,1362,0.5007709860801697,0,11
15205,760,3104,1825,0.5006123185157776,0,11
15206,760,3104,730,0.5007858276367188,0,11
15207,760,3104,1448,0.5007465481758118,0,11
15208,760,3104,1154,0.5007889866828918,0,11
15209,760,3104,625,0.500717282295227,0,11
15210,760,3104,1782,0.5006946325302124,0,11
15211,760,3104,234,0.5008209347724915,0,11
15212,760,3104,346,0.5007300972938538,0,11
15213,760,3104,1541,0.5008767247200012,0,11
15214,760,3104,1851,0.5009462833404541,0,11
15215,760,3104,536,0.5005657076835632,0,11
15216,760,3104,1416,0.5006486177444458,0,11
15217,760,3104,713,0.500704288482666,0,11
15218,760,3104,533,0.5006775259971619,0,11
15219,760,3104,395,0.5007362961769104,0,11
15220,761,1205,591,0.5017751455307007,1,9
15221,761,1205,1273,0.5120541453361511,0,9
15222,761,1205,529,0.5140050649642944,0,9
15223,761,1205,1491,0.5007566213607788,0,9
15224,761,1205,1075,0.4996321499347687,0,9
15225,761,1205,2027,0.5009819865226746,0,9
15226,761,1205,1332,0.5058383345603943,0,9
15227,761,1205,73,0.5006279349327087,0,9
15228,761,1205,515,0.49990060925483704,0,9
15229,761,1205,1791,0.4998146891593933,0,9
15230,761,1205,1231,0.5125537514686584,0,9
15231,761,1205,12,0.5035659074783325,0,9
15232,761,1205,351,0.4998747408390045,0,9
15233,761,1205,1088,0.5084801912307739,0,9
15234,761,1205,232,0.4996525049209595,0,9
15235,761,1205,35,0.5015348196029663,0,9
15236,761,1205,136,0.5014474987983704,0,9
15237,761,1205,1980,0.5040441155433655,0,9
15238,761,1205,2073,0.5378448963165283,0,9
15239,761,1205,363,0.4998761713504791,0,9
15240,762,2206,911,0.5051952600479126,1,4
15241,762,2206,463,0.5014739632606506,0,4
15242,762,2206,1923,0.505013108253479,0,4
15243,762,2206,1908,0.500297486782074,0,4
15244,762,2206,1562,0.5014605522155762,0,4
15245,762,2206,40,0.5212065577507019,0,4
15246,762,2206,96,0.5015392303466797,0,4
15247,762,2206,360,0.5023675560951233,0,4
15248,762,2206,744,0.5029724836349487,0,4
15249,762,2206,1100,0.5001664161682129,0,4
15250,762,2206,7,0.5015499591827393,0,4
15251,762,2206,524,0.5000053644180298,0,4
15252,762,2206,1886,0.5045628547668457,0,4
15253,762,2206,1866,0.5042043328285217,0,4
15254,762,2206,395,0.5056033730506897,0,4
15255,762,2206,923,0.5263157486915588,0,4
15256,762,2206,1534,0.4996720254421234,0,4
15257,762,2206,1328,0.5031846165657043,0,4
15258,762,2206,354,0.49971359968185425,0,4
15259,762,2206,608,0.5018280744552612,0,4
15260,763,1849,113,0.5024052858352661,1,7
15261,763,1849,403,0.5009905099868774,0,7
15262,763,1849,1983,0.5057194232940674,0,7
15263,763,1849,1243,0.5004751086235046,0,7
15264,763,1849,510,0.5003687143325806,0,7
15265,763,1849,1488,0.5002104043960571,0,7
15266,763,1849,1007,0.5012414455413818,0,7
15267,763,1849,297,0.504956066608429,0,7
15268,763,1849,393,0.5008302330970764,0,7
15269,763,1849,697,0.5031141638755798,0,7
15270,763,1849,1635,0.5005142092704773,0,7
15271,763,1849,2054,0.5010783672332764,0,7
15272,763,1849,1923,0.5039201378822327,0,7
15273,763,1849,235,0.5193421840667725,0,7
15274,763,1849,944,0.5007904767990112,0,7
15275,763,1849,1045,0.5010460019111633,0,7
15276,763,1849,652,0.5019909143447876,0,7
15277,763,1849,1812,0.5013972520828247,0,7
15278,763,1849,655,0.5138888955116272,0,7
15279,763,1849,1510,0.501852810382843,0,7
15280,764,3055,848,0.5021445155143738,1,12
15281,764,3055,1635,0.5003535747528076,0,12
15282,764,3055,297,0.5059369802474976,0,12
15283,764,3055,1605,0.5043471455574036,0,12
15284,764,3055,1061,0.5018435716629028,0,12
15285,764,3055,1603,0.500053346157074,0,12
15286,764,3055,2004,0.506735622882843,0,12
15287,764,3055,824,0.5028839111328125,0,12
15288,764,3055,1513,0.5067231059074402,0,12
15289,764,3055,1969,0.5015987157821655,0,12
15290,764,3055,1833,0.5004984140396118,0,12
15291,764,3055,452,0.5011592507362366,0,12
15292,764,3055,1404,0.5015287399291992,0,12
15293,764,3055,1782,0.5019381642341614,0,12
15294,764,3055,472,0.506492555141449,0,12
15295,764,3055,231,0.5125514268875122,0,12
15296,764,3055,335,0.5027647614479065,0,12
15297,764,3055,1494,0.5030672550201416,0,12
15298,764,3055,658,0.5079066753387451,0,12
15299,764,3055,1968,0.5027655363082886,0,12
15300,765,1629,1575,0.5064848065376282,1,8
15301,765,1629,1423,0.5996785163879395,0,8
15302,765,1629,2071,0.5045785307884216,0,8
15303,765,1629,1760,0.533982515335083,0,8
15304,765,1629,1535,0.5168132185935974,0,8
15305,765,1629,1971,0.5485622882843018,0,8
15306,765,1629,1089,0.5122475028038025,0,8
15307,765,1629,1805,0.5042389035224915,0,8
15308,765,1629,913,0.5540341138839722,0,8
15309,765,1629,1920,0.5044609904289246,0,8
15310,765,1629,1447,0.566356360912323,0,8
15311,765,1629,846,0.5031267404556274,0,8
15312,765,1629,109,0.49955514073371887,0,8
15313,765,1629,1442,0.504228949546814,0,8
15314,765,1629,832,0.4992629587650299,0,8
15315,765,1629,1839,0.5040067434310913,0,8
15316,765,1629,1591,0.5025469660758972,0,8
15317,765,1629,1100,0.5001802444458008,0,8
15318,765,1629,1422,0.4988824129104614,0,8
15319,765,1629,115,0.5013406276702881,0,8
15320,766,3849,85,0.5016084313392639,1,8
15321,766,3849,2067,0.5017351508140564,0,8
15322,766,3849,1007,0.5010539293289185,0,8
15323,766,3849,2029,0.5009472370147705,0,8
15324,766,3849,371,0.5006139874458313,0,8
15325,766,3849,897,0.5007334351539612,0,8
15326,766,3849,1919,0.5008149743080139,0,8
15327,766,3849,883,0.5029690861701965,0,8
15328,766,3849,779,0.5007809996604919,0,8
15329,766,3849,1013,0.5019960999488831,0,8
15330,766,3849,58,0.5012856721878052,0,8
15331,766,3849,311,0.5027540326118469,0,8
15332,766,3849,773,0.5012850761413574,0,8
15333,766,3849,888,0.5024991035461426,0,8
15334,766,3849,978,0.5031573176383972,0,8
15335,766,3849,274,0.5011067986488342,0,8
15336,766,3849,1586,0.5009618997573853,0,8
15337,766,3849,1132,0.5024154782295227,0,8
15338,766,3849,1280,0.5012779235839844,0,8
15339,766,3849,1135,0.5014551877975464,0,8
15340,767,3666,1143,0.5007625818252563,1,13
15341,767,3666,730,0.5009295344352722,0,13
15342,767,3666,1215,0.5008769035339355,0,13
15343,767,3666,1135,0.5006717443466187,0,13
15344,767,3666,1387,0.5007269978523254,0,13
15345,767,3666,2056,0.5007337927818298,0,13
15346,767,3666,411,0.5007722973823547,0,13
15347,767,3666,1254,0.5006608366966248,0,13
15348,767,3666,734,0.5007131099700928,0,13
15349,767,3666,420,0.5010395050048828,0,13
15350,767,3666,1422,0.5007749795913696,0,13
15351,767,3666,110,0.5008268356323242,0,13
15352,767,3666,252,0.5008882284164429,0,13
15353,767,3666,1341,0.5009946823120117,0,13
15354,767,3666,1296,0.5007091164588928,0,13
15355,767,3666,638,0.5007606744766235,0,13
15356,767,3666,625,0.500782310962677,0,13
15357,767,3666,441,0.5009666681289673,0,13
15358,767,3666,959,0.5008561015129089,0,13
15359,767,3666,76,0.5009381175041199,0,13
15360,768,3334,990,0.49997538328170776,1,18
15361,768,3334,2011,0.5011847019195557,0,18
15362,768,3334,1866,0.5041419863700867,0,18
15363,768,3334,130,0.5017127990722656,0,18
15364,768,3334,1737,0.49994051456451416,0,18
15365,768,3334,304,0.5001279711723328,0,18
15366,768,3334,236,0.5011168122291565,0,18
15367,768,3334,197,0.5049469470977783,0,18
15368,768,3334,282,0.5045644640922546,0,18
15369,768,3334,1017,0.5009428262710571,0,18
15370,768,3334,131,0.5015375018119812,0,18
15371,768,3334,135,0.5048143863677979,0,18
15372,768,3334,35,0.5023760795593262,0,18
15373,768,3334,48,0.5026975870132446,0,18
15374,768,3334,1741,0.5034061670303345,0,18
15375,768,3334,1941,0.5019145011901855,0,18
15376,768,3334,879,0.5019782185554504,0,18
15377,768,3334,1268,0.5059993267059326,0,18
15378,768,3334,176,0.5035199522972107,0,18
15379,768,3334,950,0.49953070282936096,0,18
15380,769,3802,672,0.500259518623352,1,17
15381,769,3802,1036,0.5037912726402283,0,17
15382,769,3802,1172,0.5004417300224304,0,17
15383,769,3802,1029,0.5030161142349243,0,17
15384,769,3802,1313,0.5122420787811279,0,17
15385,769,3802,1873,0.5024522542953491,0,17
15386,769,3802,1294,0.5217729210853577,0,17
15387,769,3802,623,0.5010848641395569,0,17
15388,769,3802,1884,0.5097329020500183,0,17
15389,769,3802,1182,0.5127114653587341,0,17
15390,769,3802,1213,0.5006011724472046,0,17
15391,769,3802,1279,0.5019890069961548,0,17
15392,769,3802,1209,0.5031825304031372,0,17
15393,769,3802,512,0.5037791132926941,0,17
15394,769,3802,161,0.5002515912055969,0,17
15395,769,3802,1625,0.5001702308654785,0,17
15396,769,3802,196,0.49973997473716736,0,17
15397,769,3802,645,0.5043774247169495,0,17
15398,769,3802,1818,0.5075109601020813,0,17
15399,769,3802,538,0.5020471215248108,0,17
15400,770,3668,740,0.49966561794281006,1,19
15401,770,3668,1684,0.5108094811439514,0,19
15402,770,3668,1217,0.5061405897140503,0,19
15403,770,3668,1236,0.5047903060913086,0,19
15404,770,3668,1318,0.5044506788253784,0,19
15405,770,3668,1661,0.5015802979469299,0,19
15406,770,3668,1607,0.5047691464424133,0,19
15407,770,3668,1719,0.5169344544410706,0,19
15408,770,3668,57,0.5044748187065125,0,19
15409,770,3668,210,0.5118531584739685,0,19
15410,770,3668,296,0.4994625747203827,0,19
15411,770,3668,1033,0.5027841329574585,0,19
15412,770,3668,842,0.5067906975746155,0,19
15413,770,3668,571,0.5061076879501343,0,19
15414,770,3668,1365,0.5195944309234619,0,19
15415,770,3668,2011,0.5014223456382751,0,19
15416,770,3668,1258,0.5033796429634094,0,19
15417,770,3668,342,0.5020695328712463,0,19
15418,770,3668,1879,0.5030180811882019,0,19
15419,770,3668,1864,0.5040872097015381,0,19
15420,771,1791,1721,0.506345808506012,1,8
15421,771,1791,1334,0.5052198767662048,0,8
15422,771,1791,69,0.49969714879989624,0,8
15423,771,1791,1945,0.49957263469696045,0,8
15424,771,1791,787,0.503004252910614,0,8
15425,771,1791,1167,0.5070332288742065,0,8
15426,771,1791,622,0.4997310936450958,0,8
15427,771,1791,894,0.5074524283409119,0,8
15428,771,1791,557,0.49971678853034973,0,8
15429,771,1791,613,0.5337725281715393,0,8
15430,771,1791,461,0.5163497924804688,0,8
15431,771,1791,1493,0.5135865807533264,0,8
15432,771,1791,1513,0.5146545171737671,0,8
15433,771,1791,1999,0.5174790024757385,0,8
15434,771,1791,1430,0.5052424073219299,0,8
15435,771,1791,1235,0.5020031332969666,0,8
15436,771,1791,2059,0.4997757375240326,0,8
15437,771,1791,338,0.5027114748954773,0,8
15438,771,1791,1143,0.49946704506874084,0,8
15439,771,1791,683,0.5053405165672302,0,8
15440,772,2028,1844,0.5547576546669006,1,1
15441,772,2028,809,0.5010550618171692,0,1
15442,772,2028,1624,0.5003645420074463,0,1
15443,772,2028,1328,0.504644513130188,0,1
15444,772,2028,1542,0.5029856562614441,0,1
15445,772,2028,1003,0.5010148286819458,0,1
15446,772,2028,2045,0.5024738311767578,0,1
15447,772,2028,1198,0.5039159655570984,0,1
15448,772,2028,753,0.5019737482070923,0,1
15449,772,2028,509,0.500409722328186,0,1
15450,772,2028,1286,0.5029050707817078,0,1
15451,772,2028,1357,0.5002026557922363,0,1
15452,772,2028,659,0.507031261920929,0,1
15453,772,2028,62,0.5002608299255371,0,1
15454,772,2028,38,0.5007926821708679,0,1
15455,772,2028,1345,0.49983614683151245,0,1
15456,772,2028,533,0.5139944553375244,0,1
15457,772,2028,1368,0.5003979802131653,0,1
15458,772,2028,168,0.5034036040306091,0,1
15459,772,2028,1250,0.5074208378791809,0,1
15460,773,2509,345,0.4912484586238861,1,20
15461,773,2509,403,0.5008832216262817,0,20
15462,773,2509,988,0.50140380859375,0,20
15463,773,2509,304,0.5008217692375183,0,20
15464,773,2509,1667,0.5010863542556763,0,20
15465,773,2509,2023,0.5010365843772888,0,20
15466,773,2509,229,0.5012442469596863,0,20
15467,773,2509,667,0.5007338523864746,0,20
15468,773,2509,799,0.5008253455162048,0,20
15469,773,2509,1341,0.5008695125579834,0,20
15470,773,2509,110,0.5008088946342468,0,20
15471,773,2509,1870,0.5008655190467834,0,20
15472,773,2509,1048,0.5011746883392334,0,20
15473,773,2509,1322,0.50083327293396,0,20
15474,773,2509,605,0.5010057687759399,0,20
15475,773,2509,1830,0.5008554458618164,0,20
15476,773,2509,1623,0.5008450150489807,0,20
15477,773,2509,1413,0.500715434551239,0,20
15478,773,2509,676,0.501014769077301,0,20
15479,773,2509,445,0.5005850791931152,0,20
15480,774,2857,1913,0.5066232681274414,1,5
15481,774,2857,1043,0.5063560009002686,0,5
15482,774,2857,527,0.5013945698738098,0,5
15483,774,2857,2013,0.5022934675216675,0,5
15484,774,2857,609,0.5007731318473816,0,5
15485,774,2857,648,0.5086362361907959,0,5
15486,774,2857,745,0.508142352104187,0,5
15487,774,2857,1430,0.5022718906402588,0,5
15488,774,2857,1569,0.5004870295524597,0,5
15489,774,2857,717,0.5058793425559998,0,5
15490,774,2857,1891,0.5067979693412781,0,5
15491,774,2857,1127,0.5007683038711548,0,5
15492,774,2857,788,0.5017451047897339,0,5
15493,774,2857,862,0.502560555934906,0,5
15494,774,2857,1177,0.5039588212966919,0,5
15495,774,2857,151,0.5370500683784485,0,5
15496,774,2857,100,0.5016800165176392,0,5
15497,774,2857,1326,0.5041017532348633,0,5
15498,774,2857,209,0.5005872249603271,0,5
15499,774,2857,668,0.5005506873130798,0,5
15500,775,3202,1193,0.5001468062400818,1,20
15501,775,3202,188,0.5048983693122864,0,20
15502,775,3202,1789,0.5028160810470581,0,20
15503,775,3202,680,0.5100354552268982,0,20
15504,775,3202,567,0.507731020450592,0,20
15505,775,3202,1218,0.5156866908073425,0,20
15506,775,3202,614,0.5008456110954285,0,20
15507,775,3202,1934,0.5012731552124023,0,20
15508,775,3202,1785,0.5024064183235168,0,20
15509,775,3202,1600,0.5021394491195679,0,20
15510,775,3202,642,0.5007625222206116,0,20
15511,775,3202,168,0.5018346309661865,0,20
15512,775,3202,683,0.5019245743751526,0,20
15513,775,3202,943,0.5016912817955017,0,20
15514,775,3202,404,0.5008525848388672,0,20
15515,775,3202,394,0.5012120604515076,0,20
15516,775,3202,144,0.5012889504432678,0,20
15517,775,3202,1393,0.5086392164230347,0,20
15518,775,3202,209,0.5001727938652039,0,20
15519,775,3202,1375,0.5028133392333984,0,20
15520,776,4140,530,0.5020530223846436,1,6
15521,776,4140,304,0.5005207061767578,0,6
15522,776,4140,893,0.5004466772079468,0,6
15523,776,4140,1900,0.5024586915969849,0,6
15524,776,4140,1799,0.5025761127471924,0,6
15525,776,4140,440,0.5010814666748047,0,6
15526,776,4140,1065,0.5015352368354797,0,6
15527,776,4140,1159,0.5016991496086121,0,6
15528,776,4140,1656,0.5003436803817749,0,6
15529,776,4140,971,0.5004408955574036,0,6
15530,776,4140,1647,0.5004404783248901,0,6
15531,776,4140,737,0.5004960298538208,0,6
15532,776,4140,503,0.5012270212173462,0,6
15533,776,4140,449,0.5021955966949463,0,6
15534,776,4140,2009,0.5010672211647034,0,6
15535,776,4140,288,0.5006409883499146,0,6
15536,776,4140,2067,0.5014259219169617,0,6
15537,776,4140,773,0.5009888410568237,0,6
15538,776,4140,1942,0.505526065826416,0,6
15539,776,4140,308,0.5094188451766968,0,6
15540,777,3427,1441,0.5036137700080872,1,2
15541,777,3427,137,0.5016185641288757,0,2
15542,777,3427,441,0.5013750791549683,0,2
15543,777,3427,1430,0.5031587481498718,0,2
15544,777,3427,5,0.5001092553138733,0,2
15545,777,3427,701,0.5002533793449402,0,2
15546,777,3427,1614,0.5017083883285522,0,2
15547,777,3427,491,0.4998915493488312,0,2
15548,777,3427,1163,0.5015572309494019,0,2
15549,777,3427,1897,0.5024887323379517,0,2
15550,777,3427,1434,0.505184531211853,0,2
15551,777,3427,1941,0.5021488070487976,0,2
15552,777,3427,24,0.5020096898078918,0,2
15553,777,3427,53,0.5003969073295593,0,2
15554,777,3427,2071,0.5021311044692993,0,2
15555,777,3427,1969,0.5012915730476379,0,2
15556,777,3427,556,0.5018681287765503,0,2
15557,777,3427,1113,0.5018460154533386,0,2
15558,777,3427,1651,0.5009346604347229,0,2
15559,777,3427,1544,0.5016637444496155,0,2
15560,778,259,1006,0.55098956823349,1,1
15561,778,259,398,0.5293859839439392,0,1
15562,778,259,344,0.49996399879455566,0,1
15563,778,259,132,0.5023448467254639,0,1
15564,778,259,1506,0.49979671835899353,0,1
15565,778,259,545,0.5075588226318359,0,1
15566,778,259,268,0.501350462436676,0,1
15567,778,259,419,0.5001291036605835,0,1
15568,778,259,807,0.5029168128967285,0,1
15569,778,259,448,0.5056038498878479,0,1
15570,778,259,1859,0.51187664270401,0,1
15571,778,259,1849,0.5019649267196655,0,1
15572,778,259,1715,0.5058916211128235,0,1
15573,778,259,1474,0.5174394249916077,0,1
15574,778,259,1284,0.5026973485946655,0,1
15575,778,259,948,0.5203473567962646,0,1
15576,778,259,1662,0.5016771554946899,0,1
15577,778,259,2036,0.5200352668762207,0,1
15578,778,259,1076,0.5110001564025879,0,1
15579,778,259,318,0.5072923302650452,0,1
15580,779,3681,351,0.5007805824279785,1,14
15581,779,3681,178,0.5008190870285034,0,14
15582,779,3681,386,0.5007947087287903,0,14
15583,779,3681,37,0.5007739067077637,0,14
15584,779,3681,181,0.5008641481399536,0,14
15585,779,3681,58,0.501001238822937,0,14
15586,779,3681,1112,0.5007157921791077,0,14
15587,779,3681,1725,0.5007085800170898,0,14
15588,779,3681,1771,0.5010141730308533,0,14
15589,779,3681,137,0.5009545683860779,0,14
15590,779,3681,960,0.5005722045898438,0,14
15591,779,3681,427,0.5010969042778015,0,14
15592,779,3681,1522,0.5012362003326416,0,14
15593,779,3681,2049,0.5009313821792603,0,14
15594,779,3681,1190,0.5007595419883728,0,14
15595,779,3681,538,0.5009791254997253,0,14
15596,779,3681,34,0.5007792115211487,0,14
15597,779,3681,481,0.5010474324226379,0,14
15598,779,3681,899,0.5009449124336243,0,14
15599,779,3681,373,0.5008765459060669,0,14
15600,780,1110,948,0.5083880424499512,1,2
15601,780,1110,277,0.502106249332428,0,2
15602,780,1110,1576,0.5001797080039978,0,2
15603,780,1110,1971,0.5155764818191528,0,2
15604,780,1110,2031,0.5015673041343689,0,2
15605,780,1110,1263,0.5011492967605591,0,2
15606,780,1110,210,0.5050941705703735,0,2
15607,780,1110,1804,0.50132817029953,0,2
15608,780,1110,1870,0.5011368989944458,0,2
15609,780,1110,784,0.5009505748748779,0,2
15610,780,1110,320,0.5016545653343201,0,2
15611,780,1110,865,0.5027042031288147,0,2
15612,780,1110,1174,0.5018091201782227,0,2
15613,780,1110,207,0.5017505288124084,0,2
15614,780,1110,1866,0.50371253490448,0,2
15615,780,1110,1352,0.5015186071395874,0,2
15616,780,1110,2029,0.5013222694396973,0,2
15617,780,1110,1240,0.5018446445465088,0,2
15618,780,1110,221,0.5027179718017578,0,2
15619,780,1110,1975,0.5047831535339355,0,2
15620,781,1908,455,0.5226234197616577,1,5
15621,781,1908,969,0.5137220025062561,0,5
15622,781,1908,1352,0.5035028457641602,0,5
15623,781,1908,1336,0.5033575296401978,0,5
15624,781,1908,354,0.49885132908821106,0,5
15625,781,1908,1043,0.5196409225463867,0,5
15626,781,1908,1664,0.6450106501579285,0,5
15627,781,1908,1405,0.5590970516204834,0,5
15628,781,1908,1299,0.5038061141967773,0,5
15629,781,1908,202,0.5717000961303711,0,5
15630,781,1908,750,0.5058008432388306,0,5
15631,781,1908,1165,0.5042476654052734,0,5
15632,781,1908,1301,0.5037915110588074,0,5
15633,781,1908,1803,0.4984384775161743,0,5
15634,781,1908,1716,0.4996818006038666,0,5
15635,781,1908,2067,0.5093446969985962,0,5
15636,781,1908,1340,0.5085599422454834,0,5
15637,781,1908,1518,0.5825319290161133,0,5
15638,781,1908,1360,0.503818929195404,0,5
15639,781,1908,1377,0.5085616707801819,0,5
15640,782,1160,1846,0.5056093335151672,1,2
15641,782,1160,478,0.5011318922042847,0,2
15642,782,1160,272,0.5009685158729553,0,2
15643,782,1160,1473,0.6844640970230103,0,2
15644,782,1160,1542,0.5015288591384888,0,2
15645,782,1160,775,0.49986448884010315,0,2
15646,782,1160,1026,0.5012792944908142,0,2
15647,782,1160,569,0.5011276006698608,0,2
15648,782,1160,1212,0.5008895397186279,0,2
15649,782,1160,1403,0.501457154750824,0,2
15650,782,1160,216,0.5005238056182861,0,2
15651,782,1160,2056,0.5000470876693726,0,2
15652,782,1160,973,0.5017535090446472,0,2
15653,782,1160,384,0.49995338916778564,0,2
15654,782,1160,1872,0.49992406368255615,0,2
15655,782,1160,1308,0.5000383257865906,0,2
15656,782,1160,1332,0.5048125386238098,0,2
15657,782,1160,653,0.5001324415206909,0,2
15658,782,1160,1499,0.5016316771507263,0,2
15659,782,1160,429,0.5002943277359009,0,2
15660,783,2378,1725,0.5057886242866516,1,3
15661,783,2378,1266,0.501520574092865,0,3
15662,783,2378,902,0.4999762177467346,0,3
15663,783,2378,891,0.5046998262405396,0,3
15664,783,2378,1207,0.5039249658584595,0,3
15665,783,2378,1489,0.5012629628181458,0,3
15666,783,2378,547,0.5002029538154602,0,3
15667,783,2378,1342,0.501645565032959,0,3
15668,783,2378,1238,0.5011526942253113,0,3
15669,783,2378,1286,0.5015508532524109,0,3
15670,783,2378,331,0.49984240531921387,0,3
15671,783,2378,578,0.5010266900062561,0,3
15672,783,2378,442,0.5000764727592468,0,3
15673,783,2378,1808,0.51336270570755,0,3
15674,783,2378,484,0.49987664818763733,0,3
15675,783,2378,1502,0.5000219941139221,0,3
15676,783,2378,1094,0.5018898844718933,0,3
15677,783,2378,420,0.5004238486289978,0,3
15678,783,2378,532,0.5000292062759399,0,3
15679,783,2378,1178,0.5066714882850647,0,3
15680,784,46,1877,0.8096734285354614,1,1
15681,784,46,1537,0.4987718164920807,0,1
15682,784,46,1261,0.5066118240356445,0,1
15683,784,46,1064,0.5046941041946411,0,1
15684,784,46,1390,0.503303050994873,0,1
15685,784,46,1972,0.5056965351104736,0,1
15686,784,46,759,0.5008010268211365,0,1
15687,784,46,1862,0.5083839297294617,0,1
15688,784,46,230,0.5105825662612915,0,1
15689,784,46,144,0.5039792060852051,0,1
15690,784,46,1629,0.4989180862903595,0,1
15691,784,46,189,0.5050745606422424,0,1
15692,784,46,123,0.520779013633728,0,1
15693,784,46,399,0.5013874173164368,0,1
15694,784,46,168,0.5039582848548889,0,1
15695,784,46,554,0.49906471371650696,0,1
15696,784,46,1929,0.5106297135353088,0,1
15697,784,46,1936,0.5911335945129395,0,1
15698,784,46,7,0.5022978782653809,0,1
15699,784,46,822,0.5014988780021667,0,1
15700,785,2828,1674,0.5008341073989868,1,6
15701,785,2828,1089,0.5006919503211975,0,6
15702,785,2828,203,0.5008805990219116,0,6
15703,785,2828,1117,0.5006923675537109,0,6
15704,785,2828,2057,0.5008255243301392,0,6
15705,785,2828,1247,0.5008202791213989,0,6
15706,785,2828,863,0.5009986758232117,0,6
15707,785,2828,1576,0.5007664561271667,0,6
15708,785,2828,488,0.5008009076118469,0,6
15709,785,2828,1279,0.5008860230445862,0,6
15710,785,2828,1523,0.500478208065033,0,6
15711,785,2828,1596,0.5006788969039917,0,6
15712,785,2828,1878,0.5004047155380249,0,6
15713,785,2828,1557,0.5006278157234192,0,6
15714,785,2828,1495,0.5009896755218506,0,6
15715,785,2828,639,0.5007591247558594,0,6
15716,785,2828,1587,0.5007655024528503,0,6
15717,785,2828,140,0.5007225871086121,0,6
15718,785,2828,313,0.5008974671363831,0,6
15719,785,2828,1465,0.5006778240203857,0,6
15720,786,1054,570,0.5029946565628052,1,8
15721,786,1054,1878,0.5091374516487122,0,8
15722,786,1054,1207,0.5061817765235901,0,8
15723,786,1054,1735,0.5003135204315186,0,8
15724,786,1054,1479,0.5038158297538757,0,8
15725,786,1054,2046,0.5023373961448669,0,8
15726,786,1054,1436,0.5009056925773621,0,8
15727,786,1054,614,0.5006954073905945,0,8
15728,786,1054,1709,0.5015794038772583,0,8
15729,786,1054,536,0.502310574054718,0,8
15730,786,1054,1055,0.5104376673698425,0,8
15731,786,1054,575,0.5022883415222168,0,8
15732,786,1054,1739,0.5167335867881775,0,8
15733,786,1054,190,0.5026262998580933,0,8
15734,786,1054,1720,0.5027281641960144,0,8
15735,786,1054,1024,0.5006319284439087,0,8
15736,786,1054,1301,0.5007496476173401,0,8
15737,786,1054,2002,0.504008412361145,0,8
15738,786,1054,655,0.5286843180656433,0,8
15739,786,1054,1596,0.5015042424201965,0,8
15740,787,2940,1379,0.5291986465454102,1,3
15741,787,2940,41,0.5142419338226318,0,3
15742,787,2940,457,0.5013943314552307,0,3
15743,787,2940,1503,0.49993425607681274,0,3
15744,787,2940,1829,0.6432372331619263,0,3
15745,787,2940,195,0.500019371509552,0,3
15746,787,2940,1277,0.5140224099159241,0,3
15747,787,2940,1971,0.5434671640396118,0,3
15748,787,2940,1874,0.5001064538955688,0,3
15749,787,2940,1362,0.5044982433319092,0,3
15750,787,2940,1996,0.505243718624115,0,3
15751,787,2940,1908,0.4993915855884552,0,3
15752,787,2940,1598,0.5019423961639404,0,3
15753,787,2940,1337,0.5027372241020203,0,3
15754,787,2940,1553,0.5058397054672241,0,3
15755,787,2940,126,0.5043002963066101,0,3
15756,787,2940,1731,0.505437433719635,0,3
15757,787,2940,839,0.5027170181274414,0,3
15758,787,2940,640,0.5074406266212463,0,3
15759,787,2940,1862,0.5073061585426331,0,3
15760,788,2725,684,0.5002940893173218,1,19
15761,788,2725,1998,0.50113844871521,0,19
15762,788,2725,1969,0.501490592956543,0,19
15763,788,2725,1273,0.5103045105934143,0,19
15764,788,2725,217,0.5020701289176941,0,19
15765,788,2725,1882,0.5000349879264832,0,19
15766,788,2725,441,0.501850426197052,0,19
15767,788,2725,1508,0.503732442855835,0,19
15768,788,2725,1602,0.501266598701477,0,19
15769,788,2725,707,0.5004262328147888,0,19
15770,788,2725,1555,0.5017402768135071,0,19
15771,788,2725,779,0.5011664628982544,0,19
15772,788,2725,323,0.5012376308441162,0,19
15773,788,2725,1203,0.5047897100448608,0,19
15774,788,2725,1207,0.5044956207275391,0,19
15775,788,2725,1665,0.5027125477790833,0,19
15776,788,2725,1742,0.5021149516105652,0,19
15777,788,2725,1300,0.5018978714942932,0,19
15778,788,2725,1175,0.5016134977340698,0,19
15779,788,2725,924,0.5039812326431274,0,19
15780,789,1618,1635,0.5007054209709167,1,17
15781,789,1618,1688,0.5005376935005188,0,17
15782,789,1618,731,0.5028008818626404,0,17
15783,789,1618,472,0.5038123726844788,0,17
15784,789,1618,519,0.501180112361908,0,17
15785,789,1618,1963,0.5031083822250366,0,17
15786,789,1618,385,0.5013666152954102,0,17
15787,789,1618,2031,0.5013362169265747,0,17
15788,789,1618,1416,0.5047316551208496,0,17
15789,789,1618,888,0.5030099749565125,0,17
15790,789,1618,964,0.5004590749740601,0,17
15791,789,1618,54,0.5010206699371338,0,17
15792,789,1618,269,0.501186728477478,0,17
15793,789,1618,1207,0.5020265579223633,0,17
15794,789,1618,453,0.5014939904212952,0,17
15795,789,1618,2018,0.5005847811698914,0,17
15796,789,1618,1469,0.5010067820549011,0,17
15797,789,1618,730,0.5014412999153137,0,17
15798,789,1618,1427,0.5011082291603088,0,17
15799,789,1618,86,0.5021958947181702,0,17
15800,790,4121,48,0.5017208456993103,1,10
15801,790,4121,565,0.5018748641014099,0,10
15802,790,4121,491,0.5002288222312927,0,10
15803,790,4121,1891,0.5033828020095825,0,10
15804,790,4121,571,0.5021931529045105,0,10
15805,790,4121,722,0.5010343790054321,0,10
15806,790,4121,900,0.501015841960907,0,10
15807,790,4121,1278,0.5270400643348694,0,10
15808,790,4121,1513,0.5041873455047607,0,10
15809,790,4121,492,0.5005694627761841,0,10
15810,790,4121,2068,0.5120072364807129,0,10
15811,790,4121,193,0.5038621425628662,0,10
15812,790,4121,267,0.5004555583000183,0,10
15813,790,4121,926,0.5011662244796753,0,10
15814,790,4121,2003,0.5005495548248291,0,10
15815,790,4121,195,0.5009379982948303,0,10
15816,790,4121,261,0.5018957853317261,0,10
15817,790,4121,141,0.5019844770431519,0,10
15818,790,4121,1598,0.501511812210083,0,10
15819,790,4121,423,0.501136302947998,0,10
15820,791,2886,1535,0.5011880397796631,1,5
15821,791,2886,110,0.5008544921875,0,5
15822,791,2886,1724,0.5009477138519287,0,5
15823,791,2886,2067,0.5007680654525757,0,5
15824,791,2886,315,0.5009859204292297,0,5
15825,791,2886,768,0.5008584856987,0,5
15826,791,2886,1797,0.5012921094894409,0,5
15827,791,2886,1717,0.5008255243301392,0,5
15828,791,2886,880,0.5009015202522278,0,5
15829,791,2886,1477,0.5008295774459839,0,5
15830,791,2886,1410,0.5010842084884644,0,5
15831,791,2886,508,0.5016353726387024,0,5
15832,791,2886,1534,0.5008275508880615,0,5
15833,791,2886,332,0.5012573003768921,0,5
15834,791,2886,1123,0.5010609030723572,0,5
15835,791,2886,434,0.5009938478469849,0,5
15836,791,2886,1364,0.5010911822319031,0,5
15837,791,2886,532,0.5012183785438538,0,5
15838,791,2886,2018,0.5008068680763245,0,5
15839,791,2886,1415,0.5010329484939575,0,5
15840,792,1348,849,0.5015471577644348,1,11
15841,792,1348,1760,0.5075425505638123,0,11
15842,792,1348,680,0.5094133615493774,0,11
15843,792,1348,1874,0.5006974935531616,0,11
15844,792,1348,1565,0.5011833310127258,0,11
15845,792,1348,15,0.5009534358978271,0,11
15846,792,1348,135,0.5019769072532654,0,11
15847,792,1348,720,0.5028873682022095,0,11
15848,792,1348,293,0.5023325681686401,0,11
15849,792,1348,427,0.5113872289657593,0,11
15850,792,1348,1199,0.5002914071083069,0,11
15851,792,1348,1669,0.5059613585472107,0,11
15852,792,1348,1247,0.5004949569702148,0,11
15853,792,1348,9,0.5004199743270874,0,11
15854,792,1348,414,0.5010122656822205,0,11
15855,792,1348,168,0.501676619052887,0,11
15856,792,1348,234,0.5032752752304077,0,11
15857,792,1348,1594,0.5011699795722961,0,11
15858,792,1348,1662,0.5009617209434509,0,11
15859,792,1348,1684,0.5033077597618103,0,11
15860,793,1179,645,0.5017309784889221,1,7
15861,793,1179,143,0.5023750066757202,0,7
15862,793,1179,136,0.5009278059005737,0,7
15863,793,1179,814,0.5012432336807251,0,7
15864,793,1179,499,0.5014441609382629,0,7
15865,793,1179,1277,0.503559410572052,0,7
15866,793,1179,821,0.5002779960632324,0,7
15867,793,1179,707,0.5004366636276245,0,7
15868,793,1179,2025,0.5009557604789734,0,7
15869,793,1179,1993,0.5003862977027893,0,7
15870,793,1179,1366,0.5014861226081848,0,7
15871,793,1179,1392,0.5065402388572693,0,7
15872,793,1179,167,0.5009868144989014,0,7
15873,793,1179,1648,0.5006321668624878,0,7
15874,793,1179,2014,0.5004724264144897,0,7
15875,793,1179,1397,0.5037607550621033,0,7
15876,793,1179,1813,0.5020031929016113,0,7
15877,793,1179,381,0.5010172724723816,0,7
15878,793,1179,1180,0.5034324526786804,0,7
15879,793,1179,862,0.5014299154281616,0,7
15880,794,2800,702,0.5142776370048523,1,1
15881,794,2800,175,0.5014885067939758,0,1
15882,794,2800,1938,0.5003079771995544,0,1
15883,794,2800,403,0.500607430934906,0,1
15884,794,2800,1325,0.5039375424385071,0,1
15885,794,2800,716,0.501667857170105,0,1
15886,794,2800,731,0.5034934282302856,0,1
15887,794,2800,1900,0.5035677552223206,0,1
15888,794,2800,1820,0.50184166431427,0,1
15889,794,2800,2045,0.5016114115715027,0,1
15890,794,2800,1180,0.50556480884552,0,1
15891,794,2800,1773,0.501640260219574,0,1
15892,794,2800,915,0.5016668438911438,0,1
15893,794,2800,58,0.5013526082038879,0,1
15894,794,2800,30,0.5000913143157959,0,1
15895,794,2800,604,0.5001910328865051,0,1
15896,794,2800,1234,0.5022986531257629,0,1
15897,794,2800,1785,0.5026518702507019,0,1
15898,794,2800,605,0.5026201605796814,0,1
15899,794,2800,669,0.50288325548172,0,1
15900,795,2818,133,0.5005371570587158,1,19
15901,795,2818,1842,0.5037832856178284,0,19
15902,795,2818,1369,0.5029124617576599,0,19
15903,795,2818,1746,0.5026917457580566,0,19
15904,795,2818,1953,0.5099719762802124,0,19
15905,795,2818,900,0.5011904239654541,0,19
15906,795,2818,250,0.5023082494735718,0,19
15907,795,2818,72,0.5017614364624023,0,19
15908,795,2818,1948,0.5050269365310669,0,19
15909,795,2818,1801,0.5036700963973999,0,19
15910,795,2818,1773,0.5017135739326477,0,19
15911,795,2818,848,0.5021898746490479,0,19
15912,795,2818,676,0.5018274188041687,0,19
15913,795,2818,411,0.5002989768981934,0,19
15914,795,2818,851,0.5019470453262329,0,19
15915,795,2818,86,0.5031805634498596,0,19
15916,795,2818,1263,0.5016383528709412,0,19
15917,795,2818,657,0.501695454120636,0,19
15918,795,2818,140,0.500774085521698,0,19
15919,795,2818,1912,0.5010097026824951,0,19
15920,796,596,1400,0.5063430070877075,1,6
15921,796,596,442,0.5002104640007019,0,6
15922,796,596,1707,0.5065647959709167,0,6
15923,796,596,861,0.5138631463050842,0,6
15924,796,596,994,0.49997663497924805,0,6
15925,796,596,41,0.5066128373146057,0,6
15926,796,596,1610,0.5103262662887573,0,6
15927,796,596,1682,0.5018529295921326,0,6
15928,796,596,1592,0.5025200843811035,0,6
15929,796,596,1080,0.5018095970153809,0,6
15930,796,596,946,0.508711576461792,0,6
15931,796,596,110,0.5000466108322144,0,6
15932,796,596,654,0.5040765404701233,0,6
15933,796,596,810,0.5002264380455017,0,6
15934,796,596,1659,0.5015891790390015,0,6
15935,796,596,1914,0.5052371025085449,0,6
15936,796,596,1213,0.5006526112556458,0,6
15937,796,596,502,0.5011769533157349,0,6
15938,796,596,1921,0.5003013610839844,0,6
15939,796,596,982,0.5003777742385864,0,6
15940,797,2521,1001,0.5006831288337708,1,20
15941,797,2521,372,0.5007289052009583,0,20
15942,797,2521,1323,0.507128894329071,0,20
15943,797,2521,2055,0.5007737278938293,0,20
15944,797,2521,208,0.5018660426139832,0,20
15945,797,2521,1876,0.5155728459358215,0,20
15946,797,2521,1333,0.501436710357666,0,20
15947,797,2521,1305,0.50083988904953,0,20
15948,797,2521,234,0.5011813640594482,0,20
15949,797,2521,2034,0.5010846853256226,0,20
15950,797,2521,336,0.5009913444519043,0,20
15951,797,2521,1575,0.5011469721794128,0,20
15952,797,2521,447,0.5010865330696106,0,20
15953,797,2521,641,0.500838041305542,0,20
15954,797,2521,497,0.5007532238960266,0,20
15955,797,2521,1392,0.5019286274909973,0,20
15956,797,2521,1158,0.5010826587677002,0,20
15957,797,2521,145,0.5008570551872253,0,20
15958,797,2521,783,0.500799834728241,0,20
15959,797,2521,1678,0.5008999705314636,0,20
15960,798,1080,1466,0.5033244490623474,1,8
15961,798,1080,1691,0.5069124698638916,0,8
15962,798,1080,296,0.49965161085128784,0,8
15963,798,1080,900,0.5010831356048584,0,8
15964,798,1080,982,0.4999502897262573,0,8
15965,798,1080,1717,0.49970632791519165,0,8
15966,798,1080,406,0.5040757656097412,0,8
15967,798,1080,1299,0.5026284456253052,0,8
15968,798,1080,274,0.502129316329956,0,8
15969,798,1080,1356,0.5038408041000366,0,8
15970,798,1080,1163,0.5029215216636658,0,8
15971,798,1080,343,0.500102698802948,0,8
15972,798,1080,1000,0.5151504278182983,0,8
15973,798,1080,1018,0.4994710385799408,0,8
15974,798,1080,1347,0.5205874443054199,0,8
15975,798,1080,1254,0.5028131604194641,0,8
15976,798,1080,889,0.5020694136619568,0,8
15977,798,1080,1465,0.5081335306167603,0,8
15978,798,1080,746,0.5016567707061768,0,8
15979,798,1080,1064,0.5036754012107849,0,8
15980,799,982,959,0.5131065845489502,1,4
15981,799,982,1887,0.5000098347663879,0,4
15982,799,982,130,0.5031051635742188,0,4
15983,799,982,161,0.4993170201778412,0,4
15984,799,982,155,0.5017490386962891,0,4
15985,799,982,1155,0.5054270625114441,0,4
15986,799,982,2017,0.5028415322303772,0,4
15987,799,982,343,0.49953213334083557,0,4
15988,799,982,128,0.4991779625415802,0,4
15989,799,982,1748,0.504490852355957,0,4
15990,799,982,217,0.5025581121444702,0,4
15991,799,982,1232,0.5097952485084534,0,4
15992,799,982,2025,0.5033532977104187,0,4
15993,799,982,1511,0.5023255348205566,0,4
15994,799,982,831,0.5150829553604126,0,4
15995,799,982,1501,0.5017828345298767,0,4
15996,799,982,402,0.5023485422134399,0,4
15997,799,982,1031,0.5027104020118713,0,4
15998,799,982,1423,0.570252537727356,0,4
15999,799,982,1620,0.6820904016494751,0,4
16000,800,3019,842,0.5030830502510071,1,5
16001,800,3019,265,0.5013343095779419,0,5
16002,800,3019,325,0.5068919658660889,0,5
16003,800,3019,1047,0.5007970929145813,0,5
16004,800,3019,1455,0.5016673803329468,0,5
16005,800,3019,1234,0.5021917223930359,0,5
16006,800,3019,1289,0.501200258731842,0,5
16007,800,3019,415,0.5022158026695251,0,5
16008,800,3019,267,0.5004636645317078,0,5
16009,800,3019,911,0.5043175220489502,0,5
16010,800,3019,1000,0.5045388340950012,0,5
16011,800,3019,895,0.5020478963851929,0,5
16012,800,3019,756,0.5030549168586731,0,5
16013,800,3019,1237,0.5007292628288269,0,5
16014,800,3019,868,0.5010029077529907,0,5
16015,800,3019,1231,0.5060522556304932,0,5
16016,800,3019,1885,0.5019671320915222,0,5
16017,800,3019,1071,0.501733124256134,0,5
16018,800,3019,603,0.5005616545677185,0,5
16019,800,3019,1628,0.5013293623924255,0,5
16020,801,3641,1803,0.500389814376831,1,19
16021,801,3641,410,0.5035207271575928,0,19
16022,801,3641,104,0.5190749168395996,0,19
16023,801,3641,1874,0.5008301734924316,0,19
16024,801,3641,1881,0.5050337910652161,0,19
16025,801,3641,779,0.5011149048805237,0,19
16026,801,3641,784,0.5007245540618896,0,19
16027,801,3641,1818,0.5033335089683533,0,19
16028,801,3641,136,0.5016384124755859,0,19
16029,801,3641,2079,0.5009565353393555,0,19
16030,801,3641,1155,0.50226229429245,0,19
16031,801,3641,743,0.5025914311408997,0,19
16032,801,3641,1541,0.5008302927017212,0,19
16033,801,3641,1560,0.5002859234809875,0,19
16034,801,3641,583,0.5014486908912659,0,19
16035,801,3641,786,0.5009658932685852,0,19
16036,801,3641,1410,0.501349925994873,0,19
16037,801,3641,1092,0.5083032846450806,0,19
16038,801,3641,90,0.5026673674583435,0,19
16039,801,3641,389,0.5013198256492615,0,19
16040,802,955,905,0.4999277591705322,1,20
16041,802,955,796,0.5006998777389526,0,20
16042,802,955,216,0.5006168484687805,0,20
16043,802,955,1830,0.5002521872520447,0,20
16044,802,955,613,0.5148050785064697,0,20
16045,802,955,1749,0.5012057423591614,0,20
16046,802,955,404,0.5009561777114868,0,20
16047,802,955,1343,0.5022783875465393,0,20
16048,802,955,2003,0.500185489654541,0,20
16049,802,955,1771,0.5007375478744507,0,20
16050,802,955,266,0.5007811784744263,0,20
16051,802,955,883,0.5068213939666748,0,20
16052,802,955,344,0.5000578761100769,0,20
16053,802,955,733,0.5036139488220215,0,20
16054,802,955,94,0.5073044896125793,0,20
16055,802,955,1103,0.5001386404037476,0,20
16056,802,955,708,0.5023531317710876,0,20
16057,802,955,1383,0.5008947253227234,0,20
16058,802,955,1268,0.5048831105232239,0,20
16059,802,955,1333,0.5067319273948669,0,20
16060,803,551,1568,0.4995816946029663,1,19
16061,803,551,1048,0.5159041881561279,0,19
16062,803,551,1915,0.506919801235199,0,19
16063,803,551,1530,0.5035000443458557,0,19
16064,803,551,727,0.49970299005508423,0,19
16065,803,551,2027,0.5030944347381592,0,19
16066,803,551,103,0.5440655946731567,0,19
16067,803,551,1564,0.5239157676696777,0,19
16068,803,551,1047,0.499063104391098,0,19
16069,803,551,1218,0.5536702871322632,0,19
16070,803,551,1977,0.5028230547904968,0,19
16071,803,551,254,0.5069448351860046,0,19
16072,803,551,1245,0.5109834671020508,0,19
16073,803,551,1574,0.5033717155456543,0,19
16074,803,551,368,0.5079954862594604,0,19
16075,803,551,1956,0.5044649839401245,0,19
16076,803,551,1580,0.5106064677238464,0,19
16077,803,551,159,0.5407139658927917,0,19
16078,803,551,77,0.4999723434448242,0,19
16079,803,551,1652,0.5053097605705261,0,19
16080,804,1088,1907,0.5109960436820984,1,2
16081,804,1088,108,0.503560483455658,0,2
16082,804,1088,638,0.5024710297584534,0,2
16083,804,1088,1633,0.5039551258087158,0,2
16084,804,1088,64,0.5023677349090576,0,2
16085,804,1088,1776,0.5032612681388855,0,2
16086,804,1088,1819,0.5031880736351013,0,2
16087,804,1088,844,0.5021936297416687,0,2
16088,804,1088,14,0.5050402879714966,0,2
16089,804,1088,1072,0.5017318725585938,0,2
16090,804,1088,1067,0.5082231163978577,0,2
16091,804,1088,87,0.500165581703186,0,2
16092,804,1088,678,0.5016584992408752,0,2
16093,804,1088,417,0.5083130598068237,0,2
16094,804,1088,653,0.5001509785652161,0,2
16095,804,1088,1862,0.504148542881012,0,2
16096,804,1088,2038,0.5344986319541931,0,2
16097,804,1088,1232,0.5072894096374512,0,2
16098,804,1088,574,0.5024480223655701,0,2
16099,804,1088,810,0.4999712109565735,0,2
16100,805,20,1549,0.5421675443649292,1,1
16101,805,20,1131,0.5032984614372253,0,1
16102,805,20,896,0.5068233013153076,0,1
16103,805,20,1672,0.5000604391098022,0,1
16104,805,20,731,0.5088870525360107,0,1
16105,805,20,1401,0.5046482682228088,0,1
16106,805,20,2052,0.5030375123023987,0,1
16107,805,20,333,0.5066919922828674,0,1
16108,805,20,1284,0.5027000308036804,0,1
16109,805,20,997,0.5044271945953369,0,1
16110,805,20,77,0.5001429915428162,0,1
16111,805,20,1920,0.5033780336380005,0,1
16112,805,20,1347,0.5214470624923706,0,1
16113,805,20,1204,0.4997028112411499,0,1
16114,805,20,122,0.5234600901603699,0,1
16115,805,20,1126,0.5037303566932678,0,1
16116,805,20,37,0.49985066056251526,0,1
16117,805,20,2078,0.5046513676643372,0,1
16118,805,20,845,0.5251224637031555,0,1
16119,805,20,1017,0.5023840665817261,0,1
16120,806,1169,1224,0.5169609189033508,1,3
16121,806,1169,115,0.500530481338501,0,3
16122,806,1169,1653,0.5012999176979065,0,3
16123,806,1169,1480,0.5037113428115845,0,3
16124,806,1169,1196,0.503961443901062,0,3
16125,806,1169,1589,0.5308334231376648,0,3
16126,806,1169,1082,0.506702184677124,0,3
16127,806,1169,1243,0.4999132454395294,0,3
16128,806,1169,1483,0.5024703145027161,0,3
16129,806,1169,1328,0.5040394067764282,0,3
16130,806,1169,1392,0.5173386931419373,0,3
16131,806,1169,902,0.4996372163295746,0,3
16132,806,1169,1907,0.51059490442276,0,3
16133,806,1169,612,0.4999440908432007,0,3
16134,806,1169,326,0.49957501888275146,0,3
16135,806,1169,1307,0.5002492070198059,0,3
16136,806,1169,766,0.5004547834396362,0,3
16137,806,1169,886,0.5023512244224548,0,3
16138,806,1169,1720,0.502926230430603,0,3
16139,806,1169,477,0.5007371306419373,0,3
16140,807,3557,1359,0.501232922077179,1,2
16141,807,3557,337,0.5010700821876526,0,2
16142,807,3557,109,0.5008305907249451,0,2
16143,807,3557,1357,0.5008783340454102,0,2
16144,807,3557,1432,0.5009542107582092,0,2
16145,807,3557,1330,0.5007882118225098,0,2
16146,807,3557,1103,0.5008082985877991,0,2
16147,807,3557,139,0.5008065700531006,0,2
16148,807,3557,1295,0.5006325840950012,0,2
16149,807,3557,1870,0.5009576678276062,0,2
16150,807,3557,1786,0.501236617565155,0,2
16151,807,3557,399,0.5009533166885376,0,2
16152,807,3557,2018,0.5008127689361572,0,2
16153,807,3557,640,0.5011418461799622,0,2
16154,807,3557,383,0.5007330775260925,0,2
16155,807,3557,1202,0.5007482171058655,0,2
16156,807,3557,1856,0.5008609294891357,0,2
16157,807,3557,1753,0.500754714012146,0,2
16158,807,3557,350,0.500975489616394,0,2
16159,807,3557,1510,0.5010300874710083,0,2
16160,808,2046,1694,0.5152046084403992,1,2
16161,808,2046,1880,0.5037686228752136,0,2
16162,808,2046,287,0.5031149387359619,0,2
16163,808,2046,1497,0.5032449960708618,0,2
16164,808,2046,418,0.504612147808075,0,2
16165,808,2046,1287,0.504410982131958,0,2
16166,808,2046,608,0.5024757385253906,0,2
16167,808,2046,702,0.5264135003089905,0,2
16168,808,2046,1882,0.5000531673431396,0,2
16169,808,2046,1374,0.5001798868179321,0,2
16170,808,2046,1931,0.5041344165802002,0,2
16171,808,2046,571,0.5054895281791687,0,2
16172,808,2046,153,0.5117776393890381,0,2
16173,808,2046,1921,0.500191330909729,0,2
16174,808,2046,686,0.5028815269470215,0,2
16175,808,2046,1725,0.5098384618759155,0,2
16176,808,2046,1345,0.5000532269477844,0,2
16177,808,2046,520,0.5014749765396118,0,2
16178,808,2046,2023,0.5018185377120972,0,2
16179,808,2046,743,0.5051227807998657,0,2
16180,809,3478,950,0.5000038743019104,1,18
16181,809,3478,162,0.5019585490226746,0,18
16182,809,3478,1984,0.5020140409469604,0,18
16183,809,3478,669,0.5038672089576721,0,18
16184,809,3478,647,0.5098887085914612,0,18
16185,809,3478,1057,0.5002720355987549,0,18
16186,809,3478,1144,0.5033987760543823,0,18
16187,809,3478,1757,0.5427804589271545,0,18
16188,809,3478,1775,0.49996161460876465,0,18
16189,809,3478,1391,0.5022624135017395,0,18
16190,809,3478,689,0.5034262537956238,0,18
16191,809,3478,1116,0.5014438629150391,0,18
16192,809,3478,455,0.5070276260375977,0,18
16193,809,3478,549,0.5021958947181702,0,18
16194,809,3478,2074,0.49983495473861694,0,18
16195,809,3478,44,0.5018431544303894,0,18
16196,809,3478,709,0.5032973885536194,0,18
16197,809,3478,375,0.5049254298210144,0,18
16198,809,3478,2009,0.5018154382705688,0,18
16199,809,3478,1701,0.5002729296684265,0,18
16200,810,4151,214,0.5002060532569885,1,20
16201,810,4151,1900,0.5052036643028259,0,20
16202,810,4151,206,0.5047773122787476,0,20
16203,810,4151,864,0.5031858682632446,0,20
16204,810,4151,1592,0.5028530955314636,0,20
16205,810,4151,102,0.501477837562561,0,20
16206,810,4151,4,0.5019295811653137,0,20
16207,810,4151,1357,0.5005162954330444,0,20
16208,810,4151,168,0.5027083158493042,0,20
16209,810,4151,1041,0.5025565028190613,0,20
16210,810,4151,1868,0.5125337243080139,0,20
16211,810,4151,865,0.5033964514732361,0,20
16212,810,4151,2080,0.5024226903915405,0,20
16213,810,4151,1558,0.5008001327514648,0,20
16214,810,4151,1602,0.5017784833908081,0,20
16215,810,4151,304,0.5004037022590637,0,20
16216,810,4151,1608,0.5037378668785095,0,20
16217,810,4151,2031,0.5019761919975281,0,20
16218,810,4151,870,0.5004794001579285,0,20
16219,810,4151,685,0.5022615194320679,0,20
16220,811,1546,355,0.500397801399231,1,15
16221,811,1546,867,0.5013836622238159,0,15
16222,811,1546,1767,0.5000675916671753,0,15
16223,811,1546,1001,0.5003457069396973,0,15
16224,811,1546,723,0.5004151463508606,0,15
16225,811,1546,83,0.5026735067367554,0,15
16226,811,1546,738,0.5021042823791504,0,15
16227,811,1546,2001,0.5003033876419067,0,15
16228,811,1546,1544,0.5012751817703247,0,15
16229,811,1546,1983,0.5040855407714844,0,15
16230,811,1546,156,0.501430869102478,0,15
16231,811,1546,1004,0.5030564069747925,0,15
16232,811,1546,1656,0.5002775192260742,0,15
16233,811,1546,783,0.5009623765945435,0,15
16234,811,1546,112,0.5037892460823059,0,15
16235,811,1546,1075,0.5000882744789124,0,15
16236,811,1546,1717,0.5004751086235046,0,15
16237,811,1546,1474,0.5058578848838806,0,15
16238,811,1546,1730,0.5066013932228088,0,15
16239,811,1546,830,0.5014099478721619,0,15
16240,812,2867,161,0.5002420544624329,1,19
16241,812,2867,1864,0.5036747455596924,0,19
16242,812,2867,75,0.5004774928092957,0,19
16243,812,2867,1840,0.5003416538238525,0,19
16244,812,2867,416,0.5056549310684204,0,19
16245,812,2867,292,0.4999408721923828,0,19
16246,812,2867,1813,0.5067311525344849,0,19
16247,812,2867,652,0.5049192905426025,0,19
16248,812,2867,901,0.5004805326461792,0,19
16249,812,2867,694,0.5005913376808167,0,19
16250,812,2867,724,0.5018492341041565,0,19
16251,812,2867,749,0.5046983361244202,0,19
16252,812,2867,816,0.504907488822937,0,19
16253,812,2867,1420,0.5028830170631409,0,19
16254,812,2867,1118,0.500447154045105,0,19
16255,812,2867,769,0.5029479265213013,0,19
16256,812,2867,220,0.5021981000900269,0,19
16257,812,2867,912,0.5021536350250244,0,19
16258,812,2867,699,0.5651128888130188,0,19
16259,812,2867,995,0.5383074283599854,0,19
16260,813,3611,772,0.5008032917976379,1,17
16261,813,3611,907,0.5008931159973145,0,17
16262,813,3611,328,0.5012606382369995,0,17
16263,813,3611,274,0.5008906126022339,0,17
16264,813,3611,854,0.5007960200309753,0,17
16265,813,3611,862,0.5011547803878784,0,17
16266,813,3611,61,0.5010907053947449,0,17
16267,813,3611,383,0.5009627938270569,0,17
16268,813,3611,1366,0.5010414123535156,0,17
16269,813,3611,1105,0.5008649826049805,0,17
16270,813,3611,1505,0.500855028629303,0,17
16271,813,3611,587,0.500850260257721,0,17
16272,813,3611,1240,0.5007972121238708,0,17
16273,813,3611,1688,0.5008276700973511,0,17
16274,813,3611,1187,0.5008620023727417,0,17
16275,813,3611,706,0.5009217262268066,0,17
16276,813,3611,922,0.500882625579834,0,17
16277,813,3611,1518,0.5021181702613831,0,17
16278,813,3611,1216,0.5007448196411133,0,17
16279,813,3611,743,0.5012176036834717,0,17
16280,814,2240,1540,0.5003878474235535,1,19
16281,814,2240,170,0.5010947585105896,0,19
16282,814,2240,621,0.5077484846115112,0,19
16283,814,2240,2051,0.5127533674240112,0,19
16284,814,2240,231,0.5108316540718079,0,19
16285,814,2240,1988,0.5003995895385742,0,19
16286,814,2240,1599,0.5002240538597107,0,19
16287,814,2240,1842,0.5029882192611694,0,19
16288,814,2240,1090,0.5016087293624878,0,19
16289,814,2240,404,0.5014015436172485,0,19
16290,814,2240,796,0.5014469623565674,0,19
16291,814,2240,1483,0.5017579197883606,0,19
16292,814,2240,393,0.501342236995697,0,19
16293,814,2240,789,0.5104222893714905,0,19
16294,814,2240,2004,0.5060667991638184,0,19
16295,814,2240,148,0.5057759881019592,0,19
16296,814,2240,1825,0.5025345087051392,0,19
16297,814,2240,1007,0.501369297504425,0,19
16298,814,2240,2031,0.5014675259590149,0,19
16299,814,2240,1344,0.5018682479858398,0,19
16300,815,3803,343,0.5007795691490173,1,17
16301,815,3803,851,0.5009875893592834,0,17
16302,815,3803,2038,0.5019969344139099,0,17
16303,815,3803,842,0.5005638599395752,0,17
16304,815,3803,1767,0.5008216500282288,0,17
16305,815,3803,1929,0.5008233189582825,0,17
16306,815,3803,1629,0.500868022441864,0,17
16307,815,3803,940,0.5008733868598938,0,17
16308,815,3803,1386,0.500909686088562,0,17
16309,815,3803,1026,0.5009389519691467,0,17
16310,815,3803,260,0.5008353590965271,0,17
16311,815,3803,29,0.5009175539016724,0,17
16312,815,3803,479,0.5010632872581482,0,17
16313,815,3803,263,0.5010015964508057,0,17
16314,815,3803,1402,0.5009525418281555,0,17
16315,815,3803,1548,0.5007189512252808,0,17
16316,815,3803,930,0.5009993314743042,0,17
16317,815,3803,374,0.5006377696990967,0,17
16318,815,3803,1310,0.5010306239128113,0,17
16319,815,3803,577,0.5007805824279785,0,17
16320,816,1670,1904,0.5038923621177673,1,8
16321,816,1670,1986,0.6174092888832092,0,8
16322,816,1670,815,0.5020607113838196,0,8
16323,816,1670,246,0.502463698387146,0,8
16324,816,1670,1932,0.5593257546424866,0,8
16325,816,1670,1301,0.5019872784614563,0,8
16326,816,1670,530,0.5036343336105347,0,8
16327,816,1670,2008,0.5064741373062134,0,8
16328,816,1670,1847,0.5028188228607178,0,8
16329,816,1670,1839,0.5023097991943359,0,8
16330,816,1670,695,0.5036360621452332,0,8
16331,816,1670,1050,0.5074210166931152,0,8
16332,816,1670,164,0.5020808577537537,0,8
16333,816,1670,217,0.5027328133583069,0,8
16334,816,1670,395,0.5068508386611938,0,8
16335,816,1670,1478,0.5024267435073853,0,8
16336,816,1670,1639,0.5040270686149597,0,8
16337,816,1670,1816,0.5004002451896667,0,8
16338,816,1670,166,0.5001675486564636,0,8
16339,816,1670,1963,0.5069704651832581,0,8
16340,817,3766,6,0.5007064938545227,1,20
16341,817,3766,357,0.5024639368057251,0,20
16342,817,3766,768,0.5024977326393127,0,20
16343,817,3766,1308,0.5009317398071289,0,20
16344,817,3766,1910,0.5007853507995605,0,20
16345,817,3766,1682,0.5029925107955933,0,20
16346,817,3766,1117,0.5018377900123596,0,20
16347,817,3766,1136,0.5037417411804199,0,20
16348,817,3766,450,0.5007821321487427,0,20
16349,817,3766,1040,0.500900387763977,0,20
16350,817,3766,1019,0.5087658762931824,0,20
16351,817,3766,232,0.5009539127349854,0,20
16352,817,3766,806,0.5029338002204895,0,20
16353,817,3766,1092,0.5068438053131104,0,20
16354,817,3766,1004,0.5042811036109924,0,20
16355,817,3766,1658,0.5557860732078552,0,20
16356,817,3766,1190,0.5018189549446106,0,20
16357,817,3766,1542,0.5026348829269409,0,20
16358,817,3766,1714,0.5017379522323608,0,20
16359,817,3766,828,0.5036921501159668,0,20
16360,818,2689,1613,0.5008087754249573,1,18
16361,818,2689,283,0.5008909106254578,0,18
16362,818,2689,1667,0.5011691451072693,0,18
16363,818,2689,2009,0.5008254051208496,0,18
16364,818,2689,960,0.5008191466331482,0,18
16365,818,2689,1431,0.5011016130447388,0,18
16366,818,2689,1874,0.5010579824447632,0,18
16367,818,2689,549,0.5008423924446106,0,18
16368,818,2689,1625,0.5008610486984253,0,18
16369,818,2689,326,0.5007321834564209,0,18
16370,818,2689,927,0.501166045665741,0,18
16371,818,2689,372,0.5007873773574829,0,18
16372,818,2689,393,0.5008100271224976,0,18
16373,818,2689,21,0.5008825063705444,0,18
16374,818,2689,1412,0.5008950233459473,0,18
16375,818,2689,521,0.5008814930915833,0,18
16376,818,2689,1885,0.5012013912200928,0,18
16377,818,2689,494,0.5010027885437012,0,18
16378,818,2689,1743,0.5009966492652893,0,18
16379,818,2689,1981,0.5014811754226685,0,18
16380,819,1302,743,0.5030758380889893,1,10
16381,819,1302,408,0.5010523200035095,0,10
16382,819,1302,573,0.5008980631828308,0,10
16383,819,1302,628,0.5240193605422974,0,10
16384,819,1302,605,0.5034247040748596,0,10
16385,819,1302,1173,0.5045635104179382,0,10
16386,819,1302,1343,0.5025980472564697,0,10
16387,819,1302,341,0.5001426935195923,0,10
16388,819,1302,1147,0.5100025534629822,0,10
16389,819,1302,478,0.5017237663269043,0,10
16390,819,1302,1505,0.5004682540893555,0,10
16391,819,1302,2053,0.5027856230735779,0,10
16392,819,1302,275,0.5001471638679504,0,10
16393,819,1302,1509,0.5067930221557617,0,10
16394,819,1302,1200,0.5060237050056458,0,10
16395,819,1302,1089,0.50501948595047,0,10
16396,819,1302,111,0.5037535429000854,0,10
16397,819,1302,15,0.5009980201721191,0,10
16398,819,1302,1213,0.5001108646392822,0,10
16399,819,1302,448,0.5030930042266846,0,10
16400,820,3511,380,0.5001413226127625,1,20
16401,820,3511,1775,0.5001782774925232,0,20
16402,820,3511,1174,0.5016828179359436,0,20
16403,820,3511,948,0.5083678960800171,0,20
16404,820,3511,1151,0.5014268159866333,0,20
16405,820,3511,1588,0.500383734703064,0,20
16406,820,3511,902,0.5002222657203674,0,20
16407,820,3511,140,0.5009533762931824,0,20
16408,820,3511,1612,0.5022331476211548,0,20
16409,820,3511,1726,0.5018495321273804,0,20
16410,820,3511,1974,0.5034173727035522,0,20
16411,820,3511,1227,0.5018970966339111,0,20
16412,820,3511,1047,0.500436007976532,0,20
16413,820,3511,997,0.5025227069854736,0,20
16414,820,3511,970,0.502288281917572,0,20
16415,820,3511,1614,0.5020832419395447,0,20
16416,820,3511,998,0.5038604140281677,0,20
16417,820,3511,717,0.5052444934844971,0,20
16418,820,3511,1292,0.5015055537223816,0,20
16419,820,3511,1239,0.5017053484916687,0,20
16420,821,3907,1603,0.49987152218818665,1,20
16421,821,3907,1112,0.503129243850708,0,20
16422,821,3907,1031,0.5011788606643677,0,20
16423,821,3907,713,0.5007683634757996,0,20
16424,821,3907,1464,0.5011337399482727,0,20
16425,821,3907,1720,0.5021728277206421,0,20
16426,821,3907,406,0.5018202662467957,0,20
16427,821,3907,1823,0.5100056529045105,0,20
16428,821,3907,481,0.5022106170654297,0,20
16429,821,3907,1580,0.503397524356842,0,20
16430,821,3907,508,0.5158014297485352,0,20
16431,821,3907,93,0.5014281868934631,0,20
16432,821,3907,1574,0.5012502074241638,0,20
16433,821,3907,729,0.5001377463340759,0,20
16434,821,3907,867,0.5016980171203613,0,20
16435,821,3907,1157,0.5196428298950195,0,20
16436,821,3907,1517,0.5007201433181763,0,20
16437,821,3907,1549,0.5174780488014221,0,20
16438,821,3907,644,0.5005224347114563,0,20
16439,821,3907,1248,0.5052456855773926,0,20
16440,822,1425,823,0.5110483765602112,1,6
16441,822,1425,103,0.536812961101532,0,6
16442,822,1425,1543,0.5044142007827759,0,6
16443,822,1425,1044,0.5000014901161194,0,6
16444,822,1425,555,0.5011993646621704,0,6
16445,822,1425,629,0.49972477555274963,0,6
16446,822,1425,1324,0.4999864101409912,0,6
16447,822,1425,212,0.5111358165740967,0,6
16448,822,1425,585,0.5035269260406494,0,6
16449,822,1425,113,0.5057925581932068,0,6
16450,822,1425,958,0.5212017297744751,0,6
16451,822,1425,482,0.5195279717445374,0,6
16452,822,1425,1608,0.5055181980133057,0,6
16453,822,1425,1725,0.5116399526596069,0,6
16454,822,1425,378,0.5000919103622437,0,6
16455,822,1425,1616,0.5025961995124817,0,6
16456,822,1425,1926,0.5042392611503601,0,6
16457,822,1425,451,0.5082932710647583,0,6
16458,822,1425,1280,0.5039308667182922,0,6
16459,822,1425,970,0.5039523243904114,0,6
16460,823,50,224,0.5297089219093323,1,1
16461,823,50,1110,0.5051319003105164,0,1
16462,823,50,1474,0.5070163607597351,0,1
16463,823,50,1313,0.5071406364440918,0,1
16464,823,50,1867,0.5185881853103638,0,1
16465,823,50,1971,0.51402348279953,0,1
16466,823,50,665,0.500199556350708,0,1
16467,823,50,1840,0.5002378821372986,0,1
16468,823,50,1365,0.5064830780029297,0,1
16469,823,50,1452,0.5004523396492004,0,1
16470,823,50,1910,0.5003604888916016,0,1
16471,823,50,66,0.50095534324646,0,1
16472,823,50,970,0.5021212100982666,0,1
16473,823,50,369,0.5124289989471436,0,1
16474,823,50,832,0.5001853704452515,0,1
16475,823,50,1885,0.5014557242393494,0,1
16476,823,50,1921,0.5005248188972473,0,1
16477,823,50,818,0.5056322813034058,0,1
16478,823,50,1550,0.501179039478302,0,1
16479,823,50,962,0.5130550265312195,0,1
16480,824,2095,1832,0.5050429105758667,1,4
16481,824,2095,455,0.5044504404067993,0,4
16482,824,2095,679,0.5027927160263062,0,4
16483,824,2095,2012,0.5014274716377258,0,4
16484,824,2095,1359,0.5122720003128052,0,4
16485,824,2095,1506,0.5002846717834473,0,4
16486,824,2095,1788,0.5030460357666016,0,4
16487,824,2095,597,0.5004190802574158,0,4
16488,824,2095,1428,0.502982497215271,0,4
16489,824,2095,982,0.5004643201828003,0,4
16490,824,2095,1255,0.5058196783065796,0,4
16491,824,2095,1366,0.5015938878059387,0,4
16492,824,2095,1798,0.5011674761772156,0,4
16493,824,2095,252,0.5006251335144043,0,4
16494,824,2095,146,0.5026736855506897,0,4
16495,824,2095,1696,0.50182044506073,0,4
16496,824,2095,2059,0.5004980564117432,0,4
16497,824,2095,1321,0.50179123878479,0,4
16498,824,2095,334,0.5011085271835327,0,4
16499,824,2095,624,0.5155085325241089,0,4
16500,825,615,1168,0.5171659588813782,1,4
16501,825,615,80,0.5021240711212158,0,4
16502,825,615,1700,0.5021218657493591,0,4
16503,825,615,889,0.5019725561141968,0,4
16504,825,615,129,0.4999963641166687,0,4
16505,825,615,1003,0.5006433129310608,0,4
16506,825,615,1114,0.5153623819351196,0,4
16507,825,615,1570,0.5032984614372253,0,4
16508,825,615,17,0.5047221779823303,0,4
16509,825,615,1718,0.507098913192749,0,4
16510,825,615,910,0.50242680311203,0,4
16511,825,615,1805,0.5023174285888672,0,4
16512,825,615,1797,0.509828507900238,0,4
16513,825,615,208,0.518709659576416,0,4
16514,825,615,1621,0.49948054552078247,0,4
16515,825,615,257,0.507696270942688,0,4
16516,825,615,40,0.5343443155288696,0,4
16517,825,615,789,0.5299515128135681,0,4
16518,825,615,1256,0.5001469254493713,0,4
16519,825,615,64,0.5020879507064819,0,4
16520,826,985,1315,0.5002219080924988,1,19
16521,826,985,1759,0.5009656548500061,0,19
16522,826,985,585,0.5020386576652527,0,19
16523,826,985,1798,0.5015354156494141,0,19
16524,826,985,1211,0.5015305280685425,0,19
16525,826,985,742,0.5017850995063782,0,19
16526,826,985,1691,0.5039190053939819,0,19
16527,826,985,1448,0.5000523924827576,0,19
16528,826,985,1748,0.5026745200157166,0,19
16529,826,985,216,0.5012259483337402,0,19
16530,826,985,752,0.5014683604240417,0,19
16531,826,985,997,0.5021633505821228,0,19
16532,826,985,956,0.502360999584198,0,19
16533,826,985,364,0.5022737979888916,0,19
16534,826,985,40,0.5150213837623596,0,19
16535,826,985,1132,0.5057366490364075,0,19
16536,826,985,603,0.500298261642456,0,19
16537,826,985,1221,0.5024373531341553,0,19
16538,826,985,1114,0.5071601271629333,0,19
16539,826,985,506,0.5031288266181946,0,19
16540,827,1673,297,0.5125517845153809,1,5
16541,827,1673,1424,0.5019125938415527,0,5
16542,827,1673,1995,0.5112658143043518,0,5
16543,827,1673,1731,0.5047009587287903,0,5
16544,827,1673,307,0.5067934989929199,0,5
16545,827,1673,1240,0.503341019153595,0,5
16546,827,1673,1235,0.5023049116134644,0,5
16547,827,1673,1762,0.515165388584137,0,5
16548,827,1673,1220,0.5014973282814026,0,5
16549,827,1673,43,0.49998801946640015,0,5
16550,827,1673,675,0.5031116008758545,0,5
16551,827,1673,502,0.5019400119781494,0,5
16552,827,1673,1836,0.516401469707489,0,5
16553,827,1673,1423,0.5659182667732239,0,5
16554,827,1673,63,0.5032210946083069,0,5
16555,827,1673,1794,0.4998718798160553,0,5
16556,827,1673,944,0.5010491609573364,0,5
16557,827,1673,1952,0.5776664614677429,0,5
16558,827,1673,1436,0.5020416378974915,0,5
16559,827,1673,2064,0.501476526260376,0,5
16560,828,1802,1012,0.4999734163284302,1,20
16561,828,1802,1782,0.503321647644043,0,20
16562,828,1802,790,0.5048017501831055,0,20
16563,828,1802,606,0.5027034878730774,0,20
16564,828,1802,166,0.5002332329750061,0,20
16565,828,1802,402,0.5019927620887756,0,20
16566,828,1802,1051,0.5056920647621155,0,20
16567,828,1802,193,0.5080135464668274,0,20
16568,828,1802,6,0.5001801252365112,0,20
16569,828,1802,1342,0.5031998157501221,0,20
16570,828,1802,704,0.5012628436088562,0,20
16571,828,1802,523,0.5078710317611694,0,20
16572,828,1802,461,0.5100618004798889,0,20
16573,828,1802,413,0.502216637134552,0,20
16574,828,1802,1003,0.5004547834396362,0,20
16575,828,1802,1776,0.5034593939781189,0,20
16576,828,1802,1408,0.5074576735496521,0,20
16577,828,1802,277,0.503670871257782,0,20
16578,828,1802,722,0.5022647380828857,0,20
16579,828,1802,1699,0.5032320618629456,0,20
16580,829,607,1721,0.503242552280426,1,4
16581,829,607,1533,0.5018044710159302,0,4
16582,829,607,1218,0.520928144454956,0,4
16583,829,607,1079,0.5034435391426086,0,4
16584,829,607,1530,0.502471387386322,0,4
16585,829,607,1775,0.5002515316009521,0,4
16586,829,607,115,0.5008026957511902,0,4
16587,829,607,662,0.5018709897994995,0,4
16588,829,607,409,0.502519428730011,0,4
16589,829,607,42,0.5014761686325073,0,4
16590,829,607,214,0.5001206398010254,0,4
16591,829,607,1803,0.5005799531936646,0,4
16592,829,607,1556,0.5017971396446228,0,4
16593,829,607,599,0.502435564994812,0,4
16594,829,607,1220,0.501667857170105,0,4
16595,829,607,446,0.5005140900611877,0,4
16596,829,607,223,0.5031168460845947,0,4
16597,829,607,52,0.5014565587043762,0,4
16598,829,607,936,0.5037552714347839,0,4
16599,829,607,1225,0.500608503818512,0,4
16600,830,2331,447,0.5054187178611755,1,5
16601,830,2331,109,0.5003134608268738,0,5
16602,830,2331,996,0.5058292150497437,0,5
16603,830,2331,1925,0.5033004879951477,0,5
16604,830,2331,434,0.5024055242538452,0,5
16605,830,2331,1265,0.5043689012527466,0,5
16606,830,2331,1566,0.5021235942840576,0,5
16607,830,2331,978,0.5113957524299622,0,5
16608,830,2331,1108,0.5047690868377686,0,5
16609,830,2331,1929,0.5047502517700195,0,5
16610,830,2331,682,0.5025656819343567,0,5
16611,830,2331,180,0.5014941692352295,0,5
16612,830,2331,665,0.5003818273544312,0,5
16613,830,2331,1178,0.5091992020606995,0,5
16614,830,2331,169,0.5006927847862244,0,5
16615,830,2331,532,0.5016735196113586,0,5
16616,830,2331,1271,0.5026413202285767,0,5
16617,830,2331,2006,0.5061493515968323,0,5
16618,830,2331,803,0.5037672519683838,0,5
16619,830,2331,441,0.5029187202453613,0,5
16620,831,59,995,0.5857382416725159,1,1
16621,831,59,1909,0.5021732449531555,0,1
16622,831,59,1766,0.5059016346931458,0,1
16623,831,59,171,0.5068032741546631,0,1
16624,831,59,632,0.5056083798408508,0,1
16625,831,59,818,0.5206522345542908,0,1
16626,831,59,44,0.5040031671524048,0,1
16627,831,59,647,0.5217275619506836,0,1
16628,831,59,1442,0.5035318732261658,0,1
16629,831,59,1502,0.4998774826526642,0,1
16630,831,59,1412,0.5015448927879333,0,1
16631,831,59,1130,0.5041548609733582,0,1
16632,831,59,1998,0.5016106367111206,0,1
16633,831,59,1214,0.5358557105064392,0,1
16634,831,59,1608,0.5066566467285156,0,1
16635,831,59,832,0.49777936935424805,0,1
16636,831,59,55,0.5315355658531189,0,1
16637,831,59,1928,0.508296012878418,0,1
16638,831,59,1525,0.5498549342155457,0,1
16639,831,59,515,0.5000020861625671,0,1
16640,832,2308,1322,0.5113756656646729,1,1
16641,832,2308,4,0.5020175576210022,0,1
16642,832,2308,1493,0.5099914073944092,0,1
16643,832,2308,1213,0.5003148913383484,0,1
16644,832,2308,1383,0.5023826956748962,0,1
16645,832,2308,1513,0.5093539357185364,0,1
16646,832,2308,1673,0.5041972398757935,0,1
16647,832,2308,1059,0.5008898973464966,0,1
16648,832,2308,356,0.5001301765441895,0,1
16649,832,2308,531,0.5001977682113647,0,1
16650,832,2308,942,0.5106559991836548,0,1
16651,832,2308,950,0.49966275691986084,0,1
16652,832,2308,723,0.5001210570335388,0,1
16653,832,2308,448,0.5035834908485413,0,1
16654,832,2308,1929,0.5063763856887817,0,1
16655,832,2308,840,0.5027669668197632,0,1
16656,832,2308,281,0.5001399517059326,0,1
16657,832,2308,2,0.49985387921333313,0,1
16658,832,2308,555,0.5010248422622681,0,1
16659,832,2308,1951,0.509891927242279,0,1
16660,833,2514,986,0.5028655529022217,1,11
16661,833,2514,1691,0.5033928751945496,0,11
16662,833,2514,1673,0.50296550989151,0,11
16663,833,2514,902,0.5003883242607117,0,11
16664,833,2514,1245,0.5048969388008118,0,11
16665,833,2514,278,0.5005376935005188,0,11
16666,833,2514,2011,0.5012204647064209,0,11
16667,833,2514,858,0.5021373629570007,0,11
16668,833,2514,176,0.5040717720985413,0,11
16669,833,2514,1055,0.5069329738616943,0,11
16670,833,2514,247,0.5005059242248535,0,11
16671,833,2514,81,0.5013541579246521,0,11
16672,833,2514,983,0.5043229460716248,0,11
16673,833,2514,600,0.5130615234375,0,11
16674,833,2514,1785,0.5029249787330627,0,11
16675,833,2514,1568,0.500546932220459,0,11
16676,833,2514,2065,0.503809928894043,0,11
16677,833,2514,1392,0.5096099376678467,0,11
16678,833,2514,1404,0.5013970732688904,0,11
16679,833,2514,119,0.5005388259887695,0,11
16680,834,1977,426,0.5165340304374695,1,4
16681,834,1977,562,0.5049851536750793,0,4
16682,834,1977,799,0.5035951733589172,0,4
16683,834,1977,347,0.499705970287323,0,4
16684,834,1977,209,0.5001975893974304,0,4
16685,834,1977,146,0.5046052932739258,0,4
16686,834,1977,815,0.5019218325614929,0,4
16687,834,1977,1857,0.5051042437553406,0,4
16688,834,1977,1525,0.5297738909721375,0,4
16689,834,1977,511,0.5525903105735779,0,4
16690,834,1977,1015,0.502263605594635,0,4
16691,834,1977,387,0.4993084669113159,0,4
16692,834,1977,355,0.49990585446357727,0,4
16693,834,1977,429,0.5005282759666443,0,4
16694,834,1977,958,0.5165839195251465,0,4
16695,834,1977,397,0.5017377734184265,0,4
16696,834,1977,1388,0.5057652592658997,0,4
16697,834,1977,1197,0.5070090889930725,0,4
16698,834,1977,445,0.5065482258796692,0,4
16699,834,1977,670,0.5064500570297241,0,4
16700,835,1562,1723,0.5242831707000732,1,2
16701,835,1562,316,0.5031791925430298,0,2
16702,835,1562,84,0.5023984909057617,0,2
16703,835,1562,724,0.5020025372505188,0,2
16704,835,1562,1363,0.5048977136611938,0,2
16705,835,1562,1963,0.5071319937705994,0,2
16706,835,1562,726,0.5039120316505432,0,2
16707,835,1562,920,0.5078099966049194,0,2
16708,835,1562,1671,0.5343976616859436,0,2
16709,835,1562,981,0.5028220415115356,0,2
16710,835,1562,1646,0.5043245553970337,0,2
16711,835,1562,959,0.508832573890686,0,2
16712,835,1562,1216,0.5052546262741089,0,2
16713,835,1562,1028,0.5019093751907349,0,2
16714,835,1562,188,0.5081430077552795,0,2
16715,835,1562,1166,0.5033340454101562,0,2
16716,835,1562,1625,0.5001999139785767,0,2
16717,835,1562,1788,0.5060549378395081,0,2
16718,835,1562,1022,0.5021111369132996,0,2
16719,835,1562,1554,0.5029131174087524,0,2
