candidate_id,query_row,movie_local,link_local,score,label,rank_of_positive
0,0,2852,2852,0.5880630016326904,1,2
1,0,2852,2029,0.4226394295692444,0,2
2,0,2852,1446,0.24866032600402832,0,2
3,0,2852,3210,0.2049255520105362,0,2
4,0,2852,101,0.48536378145217896,0,2
5,0,2852,203,0.255023330450058,0,2
6,0,2852,2819,0.491577684879303,0,2
7,0,2852,3127,0.4676973223686218,0,2
8,0,2852,1279,0.46693289279937744,0,2
9,0,2852,4166,0.19495327770709991,0,2
10,0,2852,3305,0.26155373454093933,0,2
11,0,2852,3765,0.5748165845870972,0,2
12,0,2852,2949,0.6693649291992188,0,2
13,0,2852,2316,0.45223021507263184,0,2
14,0,2852,567,0.4023798108100891,0,2
15,0,2852,771,0.21277274191379547,0,2
16,0,2852,2569,0.11693213135004044,0,2
17,0,2852,749,0.246115043759346,0,2
18,0,2852,2258,0.3510272204875946,0,2
19,0,2852,1090,0.5237175226211548,0,2
20,1,1674,1674,0.9297844171524048,1,1
21,1,1674,2725,0.22718298435211182,0,1
22,1,1674,2403,0.1048058271408081,0,1
23,1,1674,2539,0.04833673685789108,0,1
24,1,1674,1746,0.18229852616786957,0,1
25,1,1674,956,0.17815245687961578,0,1
26,1,1674,3225,0.23569288849830627,0,1
27,1,1674,1256,0.044237785041332245,0,1
28,1,1674,3514,0.0014592896914109588,0,1
29,1,1674,2097,0.27727508544921875,0,1
30,1,1674,823,0.012603076174855232,0,1
31,1,1674,3242,0.1844971626996994,0,1
32,1,1674,2206,0.18023653328418732,0,1
33,1,1674,3931,0.04401068389415741,0,1
34,1,1674,3715,0.004745181649923325,0,1
35,1,1674,2891,0.0019120887154713273,0,1
36,1,1674,2511,0.005722601432353258,0,1
37,1,1674,3605,0.24682089686393738,0,1
38,1,1674,62,0.07165226340293884,0,1
39,1,1674,2581,0.019183766096830368,0,1
40,2,2613,2613,0.5276631712913513,1,2
41,2,2613,2695,0.12712858617305756,0,2
42,2,2613,691,0.14564573764801025,0,2
43,2,2613,3134,0.2640582025051117,0,2
44,2,2613,2679,0.6534357070922852,0,2
45,2,2613,2846,0.18553383648395538,0,2
46,2,2613,960,0.251186341047287,0,2
47,2,2613,3971,0.14084497094154358,0,2
48,2,2613,24,0.1016702651977539,0,2
49,2,2613,2896,0.4315361976623535,0,2
50,2,2613,164,0.13785266876220703,0,2
51,2,2613,1460,0.4602240025997162,0,2
52,2,2613,2567,0.420428991317749,0,2
53,2,2613,2765,0.10403767228126526,0,2
54,2,2613,267,0.1580103486776352,0,2
55,2,2613,806,0.33581385016441345,0,2
56,2,2613,1075,0.2588939368724823,0,2
57,2,2613,3933,0.2578221261501312,0,2
58,2,2613,2509,0.42744508385658264,0,2
59,2,2613,2342,0.37936270236968994,0,2
60,3,2715,2715,0.5155079364776611,1,2
61,3,2715,1759,0.21523170173168182,0,2
62,3,2715,3669,0.5802225470542908,0,2
63,3,2715,1788,0.10786718875169754,0,2
64,3,2715,278,0.330606073141098,0,2
65,3,2715,683,0.23338112235069275,0,2
66,3,2715,1325,0.2680683135986328,0,2
67,3,2715,1870,0.32359325885772705,0,2
68,3,2715,1229,0.3609503209590912,0,2
69,3,2715,2642,0.13240015506744385,0,2
70,3,2715,979,0.25458675622940063,0,2
71,3,2715,3103,0.4165637791156769,0,2
72,3,2715,2665,0.2936756908893585,0,2
73,3,2715,3307,0.1867419332265854,0,2
74,3,2715,864,0.1263052523136139,0,2
75,3,2715,3989,0.3469953238964081,0,2
76,3,2715,1609,0.4705848693847656,0,2
77,3,2715,2564,0.27584895491600037,0,2
78,3,2715,1416,0.3208567500114441,0,2
79,3,2715,1429,0.4472435712814331,0,2
80,4,2019,2019,0.8164929747581482,1,1
81,4,2019,690,0.3016153573989868,0,1
82,4,2019,1170,0.5336992144584656,0,1
83,4,2019,1150,0.2094399482011795,0,1
84,4,2019,63,0.11371903121471405,0,1
85,4,2019,2822,0.08624666929244995,0,1
86,4,2019,3261,0.1762799173593521,0,1
87,4,2019,4126,0.012414521537721157,0,1
88,4,2019,3935,0.05093902349472046,0,1
89,4,2019,3975,0.6442703008651733,0,1
90,4,2019,3375,0.5051373243331909,0,1
91,4,2019,1231,0.35391703248023987,0,1
92,4,2019,158,0.09440366923809052,0,1
93,4,2019,3954,0.6762328147888184,0,1
94,4,2019,3078,0.12113826721906662,0,1
95,4,2019,2585,0.49043142795562744,0,1
96,4,2019,700,0.059506673365831375,0,1
97,4,2019,3186,0.31170183420181274,0,1
98,4,2019,3652,0.6384446024894714,0,1
99,4,2019,3391,0.15966354310512543,0,1
100,5,141,141,0.6247388124465942,1,2
101,5,141,3846,0.030900664627552032,0,2
102,5,141,1072,0.7427058219909668,0,2
103,5,141,2298,0.3364742398262024,0,2
104,5,141,3936,0.1814652979373932,0,2
105,5,141,505,0.598013162612915,0,2
106,5,141,148,0.5039822459220886,0,2
107,5,141,3748,0.16033729910850525,0,2
108,5,141,2820,0.3203520178794861,0,2
109,5,141,3295,0.24853917956352234,0,2
110,5,141,185,0.49860960245132446,0,2
111,5,141,1957,0.06754650920629501,0,2
112,5,141,3351,0.4809897840023041,0,2
113,5,141,2489,0.4694693684577942,0,2
114,5,141,3799,0.5359287261962891,0,2
115,5,141,3823,0.13443811237812042,0,2
116,5,141,3325,0.4844760000705719,0,2
117,5,141,2080,0.16164223849773407,0,2
118,5,141,4123,0.2689368724822998,0,2
119,5,141,13,0.20417813956737518,0,2
120,6,1550,1550,0.5035879611968994,1,1
121,6,1550,1498,0.1787576675415039,0,1
122,6,1550,3665,0.21624863147735596,0,1
123,6,1550,305,0.16251903772354126,0,1
124,6,1550,1748,0.16704900562763214,0,1
125,6,1550,4045,0.11908289790153503,0,1
126,6,1550,3798,0.17849883437156677,0,1
127,6,1550,1816,0.28634825348854065,0,1
128,6,1550,1307,0.21027006208896637,0,1
129,6,1550,3402,0.012683888897299767,0,1
130,6,1550,2745,0.29550665616989136,0,1
131,6,1550,916,0.30316364765167236,0,1
132,6,1550,975,0.3391697406768799,0,1
133,6,1550,1545,0.08055797219276428,0,1
134,6,1550,761,0.15874554216861725,0,1
135,6,1550,344,0.18359696865081787,0,1
136,6,1550,3353,0.3141874670982361,0,1
137,6,1550,1925,0.23954398930072784,0,1
138,6,1550,216,0.2837996482849121,0,1
139,6,1550,13,0.290932297706604,0,1
140,7,621,621,0.8495612144470215,1,1
141,7,621,3015,0.0009587585227563977,0,1
142,7,621,2329,0.005315300077199936,0,1
143,7,621,649,0.08396968990564346,0,1
144,7,621,3738,0.006535722408443689,0,1
145,7,621,4106,0.05688675493001938,0,1
146,7,621,697,0.02753089740872383,0,1
147,7,621,2526,0.003671324113383889,0,1
148,7,621,3081,0.0007369891391135752,0,1
149,7,621,1688,0.004114844836294651,0,1
150,7,621,2353,0.0009909803047776222,0,1
151,7,621,2252,0.1296078860759735,0,1
152,7,621,3240,0.0006997284945100546,0,1
153,7,621,339,0.007285103667527437,0,1
154,7,621,2631,0.041338011622428894,0,1
155,7,621,3227,0.048709429800510406,0,1
156,7,621,3430,0.010318205691874027,0,1
157,7,621,314,0.06091907247900963,0,1
158,7,621,2741,0.11632494628429413,0,1
159,7,621,1798,0.1115831732749939,0,1
160,8,1076,1076,0.6308354735374451,1,1
161,8,1076,1401,0.40655598044395447,0,1
162,8,1076,349,0.11150439828634262,0,1
163,8,1076,3269,0.44376590847969055,0,1
164,8,1076,1681,0.44256654381752014,0,1
165,8,1076,3279,0.21015994250774384,0,1
166,8,1076,908,0.49583354592323303,0,1
167,8,1076,2439,0.2663766145706177,0,1
168,8,1076,4009,0.4411984384059906,0,1
169,8,1076,2837,0.5074433088302612,0,1
170,8,1076,89,0.1990569531917572,0,1
171,8,1076,3029,0.5472682118415833,0,1
172,8,1076,449,0.3860165774822235,0,1
173,8,1076,1988,0.46770963072776794,0,1
174,8,1076,1299,0.45903491973876953,0,1
175,8,1076,3520,0.25457850098609924,0,1
176,8,1076,3803,0.4723023772239685,0,1
177,8,1076,3398,0.5002526044845581,0,1
178,8,1076,3604,0.015325505286455154,0,1
179,8,1076,324,0.1001284047961235,0,1
180,9,2045,2045,0.6561408042907715,1,1
181,9,2045,2470,0.08315403759479523,0,1
182,9,2045,1566,0.3625262975692749,0,1
183,9,2045,2845,0.6507536768913269,0,1
184,9,2045,145,0.44405755400657654,0,1
185,9,2045,3173,0.5905864238739014,0,1
186,9,2045,2980,0.6416575312614441,0,1
187,9,2045,512,0.5462184548377991,0,1
188,9,2045,1554,0.09334167093038559,0,1
189,9,2045,2605,0.5809302926063538,0,1
190,9,2045,2345,0.5555148720741272,0,1
191,9,2045,2552,0.2158002108335495,0,1
192,9,2045,3154,0.19101855158805847,0,1
193,9,2045,3485,0.4978134036064148,0,1
194,9,2045,3190,0.20009812712669373,0,1
195,9,2045,3022,0.543814480304718,0,1
196,9,2045,1757,0.061174873262643814,0,1
197,9,2045,2971,0.5965036153793335,0,1
198,9,2045,1923,0.2960502803325653,0,1
199,9,2045,3474,0.5201550722122192,0,1
200,10,2494,2494,0.7825726866722107,1,1
201,10,2494,1407,0.08854271471500397,0,1
202,10,2494,3545,0.31123751401901245,0,1
203,10,2494,356,0.03876841068267822,0,1
204,10,2494,518,0.03035484254360199,0,1
205,10,2494,1541,0.05192369595170021,0,1
206,10,2494,3975,0.2546170651912689,0,1
207,10,2494,1359,0.024355797097086906,0,1
208,10,2494,3046,0.0011747757671400905,0,1
209,10,2494,2637,0.1544530838727951,0,1
210,10,2494,3766,0.08634786307811737,0,1
211,10,2494,1131,0.1963367909193039,0,1
212,10,2494,1659,0.0022037348244339228,0,1
213,10,2494,1583,0.20329685509204865,0,1
214,10,2494,3322,0.0021360330283641815,0,1
215,10,2494,362,0.2803327143192291,0,1
216,10,2494,3270,0.037118490785360336,0,1
217,10,2494,2116,0.32990550994873047,0,1
218,10,2494,4051,0.0072594196535646915,0,1
219,10,2494,116,0.0767538845539093,0,1
220,11,1056,1056,0.5126691460609436,1,3
221,11,1056,1141,0.12576156854629517,0,3
222,11,1056,720,0.43273571133613586,0,3
223,11,1056,297,0.04587637260556221,0,3
224,11,1056,327,0.3516996204853058,0,3
225,11,1056,2133,0.1948998123407364,0,3
226,11,1056,927,0.13531078398227692,0,3
227,11,1056,1449,0.4213957190513611,0,3
228,11,1056,3122,0.34677478671073914,0,3
229,11,1056,2266,0.5539278984069824,0,3
230,11,1056,3151,0.39961591362953186,0,3
231,11,1056,944,0.015920788049697876,0,3
232,11,1056,948,0.24392805993556976,0,3
233,11,1056,1563,0.10976754873991013,0,3
234,11,1056,1615,0.1457044929265976,0,3
235,11,1056,420,0.27444878220558167,0,3
236,11,1056,2363,0.4864964783191681,0,3
237,11,1056,3343,0.13250091671943665,0,3
238,11,1056,1394,0.6306669116020203,0,3
239,11,1056,2166,0.13400286436080933,0,3
240,12,2615,2615,0.7478430271148682,1,2
241,12,2615,770,0.37759166955947876,0,2
242,12,2615,311,0.34138262271881104,0,2
243,12,2615,1657,0.2128276526927948,0,2
244,12,2615,3039,0.2985202968120575,0,2
245,12,2615,169,0.726363480091095,0,2
246,12,2615,1940,0.7613229751586914,0,2
247,12,2615,2222,0.020715773105621338,0,2
248,12,2615,3414,0.12629880011081696,0,2
249,12,2615,179,0.38884884119033813,0,2
250,12,2615,219,0.2656993269920349,0,2
251,12,2615,4056,0.4510113000869751,0,2
252,12,2615,32,0.451352596282959,0,2
253,12,2615,1163,0.37700605392456055,0,2
254,12,2615,146,0.1954767405986786,0,2
255,12,2615,919,0.2274569272994995,0,2
256,12,2615,1015,0.3550845980644226,0,2
257,12,2615,478,0.11344394832849503,0,2
258,12,2615,2031,0.17431508004665375,0,2
259,12,2615,1771,0.16720065474510193,0,2
260,13,3297,3297,0.929165780544281,1,1
261,13,3297,345,0.1918959766626358,0,1
262,13,3297,2190,0.13263919949531555,0,1
263,13,3297,325,0.8975614309310913,0,1
264,13,3297,3169,0.15776899456977844,0,1
265,13,3297,2397,0.09199537336826324,0,1
266,13,3297,3697,0.0516706220805645,0,1
267,13,3297,544,0.7793636322021484,0,1
268,13,3297,1217,0.47882527112960815,0,1
269,13,3297,698,0.6156719326972961,0,1
270,13,3297,783,0.15230633318424225,0,1
271,13,3297,1525,0.4930272400379181,0,1
272,13,3297,279,0.08490069210529327,0,1
273,13,3297,2866,0.02551613561809063,0,1
274,13,3297,1630,0.0820387676358223,0,1
275,13,3297,969,0.013194611296057701,0,1
276,13,3297,1722,0.7314335107803345,0,1
277,13,3297,2623,0.015523158945143223,0,1
278,13,3297,722,0.19877809286117554,0,1
279,13,3297,3627,0.2953248918056488,0,1
280,14,369,369,0.6324768662452698,1,2
281,14,369,421,0.80625319480896,0,2
282,14,369,3009,0.20148800313472748,0,2
283,14,369,877,0.5537501573562622,0,2
284,14,369,1581,0.11103817075490952,0,2
285,14,369,485,0.18657879531383514,0,2
286,14,369,691,0.17424437403678894,0,2
287,14,369,84,0.5743423104286194,0,2
288,14,369,3223,0.3620922863483429,0,2
289,14,369,3083,0.0355180986225605,0,2
290,14,369,1735,0.04689227417111397,0,2
291,14,369,1113,0.430681973695755,0,2
292,14,369,650,0.3232431709766388,0,2
293,14,369,2581,0.08845589309930801,0,2
294,14,369,1304,0.611792802810669,0,2
295,14,369,1461,0.5061219930648804,0,2
296,14,369,2687,0.3820999562740326,0,2
297,14,369,1391,0.12396951019763947,0,2
298,14,369,3841,0.02068028226494789,0,2
299,14,369,3151,0.44296929240226746,0,2
300,15,443,443,0.7410974502563477,1,3
301,15,443,368,0.2418796867132187,0,3
302,15,443,3547,0.1612875610589981,0,3
303,15,443,3920,0.15857098996639252,0,3
304,15,443,2943,0.024327613413333893,0,3
305,15,443,1393,0.49199849367141724,0,3
306,15,443,914,0.021131938323378563,0,3
307,15,443,1760,0.0075272913090884686,0,3
308,15,443,3028,0.0055756885558366776,0,3
309,15,443,3112,0.18462027609348297,0,3
310,15,443,263,0.7899049520492554,0,3
311,15,443,585,0.32280561327934265,0,3
312,15,443,3882,0.09344740957021713,0,3
313,15,443,2369,0.010998036712408066,0,3
314,15,443,2267,0.25315091013908386,0,3
315,15,443,884,0.7441295385360718,0,3
316,15,443,1203,0.28437209129333496,0,3
317,15,443,1356,0.1925603747367859,0,3
318,15,443,3609,0.10532265156507492,0,3
319,15,443,3975,0.20259366929531097,0,3
320,16,1637,1637,0.5392361879348755,1,2
321,16,1637,3159,0.0573786124587059,0,2
322,16,1637,1247,0.31306928396224976,0,2
323,16,1637,1809,0.18117904663085938,0,2
324,16,1637,3442,0.3379969596862793,0,2
325,16,1637,2055,0.11935395002365112,0,2
326,16,1637,1893,0.42049089074134827,0,2
327,16,1637,1572,0.6355674266815186,0,2
328,16,1637,621,0.2538054287433624,0,2
329,16,1637,2054,0.09132052212953568,0,2
330,16,1637,793,0.0600302591919899,0,2
331,16,1637,3596,0.424453467130661,0,2
332,16,1637,478,0.11791907250881195,0,2
333,16,1637,2925,0.4451841711997986,0,2
334,16,1637,3257,0.36404621601104736,0,2
335,16,1637,2104,0.10774528235197067,0,2
336,16,1637,608,0.22866573929786682,0,2
337,16,1637,1706,0.4808834493160248,0,2
338,16,1637,3200,0.0685311034321785,0,2
339,16,1637,619,0.3185883164405823,0,2
340,17,3840,3840,0.5849653482437134,1,1
341,17,3840,878,0.4722330570220947,0,1
342,17,3840,2582,0.18905684351921082,0,1
343,17,3840,3172,0.5578780770301819,0,1
344,17,3840,3099,0.2720576524734497,0,1
345,17,3840,563,0.4197302460670471,0,1
346,17,3840,3986,0.3937845826148987,0,1
347,17,3840,3730,0.4292141795158386,0,1
348,17,3840,428,0.24819470942020416,0,1
349,17,3840,3369,0.20703698694705963,0,1
350,17,3840,518,0.5454367399215698,0,1
351,17,3840,165,0.12281873822212219,0,1
352,17,3840,3544,0.28893420100212097,0,1
353,17,3840,3276,0.40468981862068176,0,1
354,17,3840,1262,0.5849542617797852,0,1
355,17,3840,2748,0.03304724022746086,0,1
356,17,3840,187,0.10718190670013428,0,1
357,17,3840,2221,0.15114717185497284,0,1
358,17,3840,2678,0.009996284730732441,0,1
359,17,3840,3977,0.5398456454277039,0,1
360,18,2720,2720,0.9282417297363281,1,1
361,18,2720,3878,0.0012003695592284203,0,1
362,18,2720,1227,0.06619035452604294,0,1
363,18,2720,3481,0.0005628378130495548,0,1
364,18,2720,1693,0.010745295323431492,0,1
365,18,2720,3995,0.002082147402688861,0,1
366,18,2720,488,0.0020809685811400414,0,1
367,18,2720,2215,0.031089769676327705,0,1
368,18,2720,2866,0.00012900133151561022,0,1
369,18,2720,1411,0.042599041014909744,0,1
370,18,2720,2876,0.0008995021344162524,0,1
371,18,2720,1442,0.0075329504907131195,0,1
372,18,2720,1254,0.841767430305481,0,1
373,18,2720,200,0.3839559555053711,0,1
374,18,2720,2401,0.09974780678749084,0,1
375,18,2720,2820,0.0002812105813063681,0,1
376,18,2720,1014,0.10625079274177551,0,1
377,18,2720,3993,0.07586681842803955,0,1
378,18,2720,2188,0.31026387214660645,0,1
379,18,2720,1162,0.0008554669329896569,0,1
380,19,2776,2776,0.7875328660011292,1,1
381,19,2776,1538,0.14437957108020782,0,1
382,19,2776,1697,0.4544467031955719,0,1
383,19,2776,1230,0.038423798978328705,0,1
384,19,2776,3530,0.38388392329216003,0,1
385,19,2776,748,0.5994901657104492,0,1
386,19,2776,1747,0.12492641806602478,0,1
387,19,2776,2813,0.051516465842723846,0,1
388,19,2776,701,0.23459650576114655,0,1
389,19,2776,3586,0.018753282725811005,0,1
390,19,2776,2182,0.5300423502922058,0,1
391,19,2776,3950,0.27973392605781555,0,1
392,19,2776,1077,0.7015960216522217,0,1
393,19,2776,2191,0.05623910576105118,0,1
394,19,2776,1792,0.3109864294528961,0,1
395,19,2776,1685,0.5189374089241028,0,1
396,19,2776,731,0.16218487918376923,0,1
397,19,2776,2049,0.0657951831817627,0,1
398,19,2776,2540,0.49930062890052795,0,1
399,19,2776,658,0.28413456678390503,0,1
400,20,145,145,0.5532178282737732,1,2
401,20,145,3121,0.34076693654060364,0,2
402,20,145,350,0.4012146294116974,0,2
403,20,145,839,0.5148812532424927,0,2
404,20,145,1824,0.46940839290618896,0,2
405,20,145,1613,0.31531402468681335,0,2
406,20,145,1219,0.45590707659721375,0,2
407,20,145,534,0.320556640625,0,2
408,20,145,3512,0.2876725494861603,0,2
409,20,145,2955,0.3854229748249054,0,2
410,20,145,1795,0.15014250576496124,0,2
411,20,145,3261,0.6620258688926697,0,2
412,20,145,3809,0.44489622116088867,0,2
413,20,145,3025,0.2904525101184845,0,2
414,20,145,3715,0.12162353843450546,0,2
415,20,145,37,0.3724794387817383,0,2
416,20,145,470,0.49092647433280945,0,2
417,20,145,734,0.3953835368156433,0,2
418,20,145,859,0.3296529948711395,0,2
419,20,145,183,0.4248564839363098,0,2
420,21,999,999,0.6680679321289062,1,2
421,21,999,2182,0.553943932056427,0,2
422,21,999,2953,0.7194246053695679,0,2
423,21,999,1959,0.13900068402290344,0,2
424,21,999,2225,0.10037566721439362,0,2
425,21,999,3023,0.2195134460926056,0,2
426,21,999,2287,0.16175292432308197,0,2
427,21,999,1572,0.5736320614814758,0,2
428,21,999,499,0.08032368123531342,0,2
429,21,999,424,0.14157867431640625,0,2
430,21,999,3541,0.10811382532119751,0,2
431,21,999,167,0.0771050751209259,0,2
432,21,999,4099,0.3641620874404907,0,2
433,21,999,960,0.5456801056861877,0,2
434,21,999,3994,0.1264386624097824,0,2
435,21,999,3778,0.448446661233902,0,2
436,21,999,3260,0.14893431961536407,0,2
437,21,999,2628,0.1058630421757698,0,2
438,21,999,890,0.5918315649032593,0,2
439,21,999,1556,0.1094600185751915,0,2
440,22,1975,1975,0.5372577905654907,1,2
441,22,1975,659,0.5204430818557739,0,2
442,22,1975,393,0.5066149234771729,0,2
443,22,1975,7,0.3825231194496155,0,2
444,22,1975,1333,0.4455189108848572,0,2
445,22,1975,2701,0.5157235264778137,0,2
446,22,1975,581,0.626099169254303,0,2
447,22,1975,621,0.5360040068626404,0,2
448,22,1975,3289,0.32751142978668213,0,2
449,22,1975,847,0.4449306130409241,0,2
450,22,1975,1297,0.2999013066291809,0,2
451,22,1975,2860,0.47071826457977295,0,2
452,22,1975,1942,0.10662414878606796,0,2
453,22,1975,626,0.4081355631351471,0,2
454,22,1975,2819,0.44695010781288147,0,2
455,22,1975,2792,0.24876241385936737,0,2
456,22,1975,1247,0.3932341933250427,0,2
457,22,1975,122,0.4893484115600586,0,2
458,22,1975,347,0.5213741064071655,0,2
459,22,1975,1102,0.30697348713874817,0,2
460,23,30,30,0.7522318363189697,1,3
461,23,30,240,0.6145119071006775,0,3
462,23,30,2208,0.16471797227859497,0,3
463,23,30,1919,0.40826117992401123,0,3
464,23,30,3353,0.3488209545612335,0,3
465,23,30,291,0.447279155254364,0,3
466,23,30,1534,0.3679872453212738,0,3
467,23,30,1967,0.36055663228034973,0,3
468,23,30,3048,0.547537088394165,0,3
469,23,30,1922,0.9809597730636597,0,3
470,23,30,2031,0.33484816551208496,0,3
471,23,30,621,0.22970055043697357,0,3
472,23,30,1054,0.2810305655002594,0,3
473,23,30,3340,0.018485311418771744,0,3
474,23,30,2400,0.03720290958881378,0,3
475,23,30,1193,0.8723165988922119,0,3
476,23,30,3524,0.7376213669776917,0,3
477,23,30,2039,0.39090701937675476,0,3
478,23,30,2369,0.022235307842493057,0,3
479,23,30,613,0.5050347447395325,0,3
480,24,144,144,0.5120815634727478,1,1
481,24,144,1790,0.08381771296262741,0,1
482,24,144,2837,0.12531301379203796,0,1
483,24,144,3019,0.4521772563457489,0,1
484,24,144,2441,0.09036044776439667,0,1
485,24,144,987,0.11179757863283157,0,1
486,24,144,3187,0.3378531336784363,0,1
487,24,144,2831,0.23716995120048523,0,1
488,24,144,2492,0.26064085960388184,0,1
489,24,144,3933,0.23758533596992493,0,1
490,24,144,1530,0.09735753387212753,0,1
491,24,144,2022,0.026020439341664314,0,1
492,24,144,4173,0.22985641658306122,0,1
493,24,144,4063,0.11336546391248703,0,1
494,24,144,2784,0.3984920084476471,0,1
495,24,144,4150,0.2504619359970093,0,1
496,24,144,3380,0.44328007102012634,0,1
497,24,144,3671,0.11569917947053909,0,1
498,24,144,3323,0.08364200592041016,0,1
499,24,144,1744,0.06024380028247833,0,1
500,25,3119,3119,0.5547371506690979,1,5
501,25,3119,3852,0.14977583289146423,0,5
502,25,3119,594,0.21840710937976837,0,5
503,25,3119,2810,0.3130967617034912,0,5
504,25,3119,2357,0.3486376404762268,0,5
505,25,3119,3619,0.02011629194021225,0,5
506,25,3119,2599,0.4088437259197235,0,5
507,25,3119,3967,0.01805516891181469,0,5
508,25,3119,1460,0.4421311020851135,0,5
509,25,3119,1449,0.48727506399154663,0,5
510,25,3119,3412,0.5067964792251587,0,5
511,25,3119,1483,0.6321818232536316,0,5
512,25,3119,1656,0.05834922939538956,0,5
513,25,3119,2965,0.22496242821216583,0,5
514,25,3119,1429,0.5590798258781433,0,5
515,25,3119,2980,0.5110809803009033,0,5
516,25,3119,3300,0.4547727108001709,0,5
517,25,3119,968,0.5909017324447632,0,5
518,25,3119,4048,0.06509257107973099,0,5
519,25,3119,896,0.7955155372619629,0,5
520,26,3975,3975,0.7788061499595642,1,1
521,26,3975,3566,0.03255213797092438,0,1
522,26,3975,1220,0.08178021013736725,0,1
523,26,3975,353,0.43995481729507446,0,1
524,26,3975,1914,0.03966544196009636,0,1
525,26,3975,697,0.29956021904945374,0,1
526,26,3975,4039,0.5228379964828491,0,1
527,26,3975,716,0.3788435161113739,0,1
528,26,3975,2079,0.08246498554944992,0,1
529,26,3975,4014,0.6387971639633179,0,1
530,26,3975,899,0.4995889365673065,0,1
531,26,3975,2299,0.4803955852985382,0,1
532,26,3975,1366,0.3785226047039032,0,1
533,26,3975,799,0.04067741334438324,0,1
534,26,3975,2966,0.4495045840740204,0,1
535,26,3975,1340,0.47405651211738586,0,1
536,26,3975,2122,0.39014437794685364,0,1
537,26,3975,143,0.43419137597084045,0,1
538,26,3975,2708,0.40299487113952637,0,1
539,26,3975,3170,0.10948549956083298,0,1
540,27,2340,2340,0.8857384324073792,1,3
541,27,2340,3076,0.8604640364646912,0,3
542,27,2340,2804,0.4076108932495117,0,3
543,27,2340,3975,0.5931219458580017,0,3
544,27,2340,816,0.23176775872707367,0,3
545,27,2340,2843,0.36417847871780396,0,3
546,27,2340,3735,0.38543665409088135,0,3
547,27,2340,3513,0.8907230496406555,0,3
548,27,2340,648,0.2795802354812622,0,3
549,27,2340,2643,0.16466236114501953,0,3
550,27,2340,3501,0.6995078921318054,0,3
551,27,2340,3830,0.5653204321861267,0,3
552,27,2340,938,0.36859166622161865,0,3
553,27,2340,1031,0.030190132558345795,0,3
554,27,2340,3853,0.03886878117918968,0,3
555,27,2340,3011,0.9100329279899597,0,3
556,27,2340,2618,0.5185247659683228,0,3
557,27,2340,3638,0.3231196999549866,0,3
558,27,2340,678,0.5007954239845276,0,3
559,27,2340,872,0.20688512921333313,0,3
560,28,1919,1919,0.6310173273086548,1,3
561,28,1919,3065,0.4303068220615387,0,3
562,28,1919,2639,0.2695063650608063,0,3
563,28,1919,362,0.44514229893684387,0,3
564,28,1919,4163,0.5683741569519043,0,3
565,28,1919,1595,0.3664163053035736,0,3
566,28,1919,1275,0.5028008222579956,0,3
567,28,1919,943,0.5247666835784912,0,3
568,28,1919,2573,0.7414522171020508,0,3
569,28,1919,2373,0.8770136833190918,0,3
570,28,1919,3217,0.44082963466644287,0,3
571,28,1919,3650,0.6095643043518066,0,3
572,28,1919,1098,0.2939196228981018,0,3
573,28,1919,208,0.4372352361679077,0,3
574,28,1919,3121,0.43585678935050964,0,3
575,28,1919,1783,0.47069862484931946,0,3
576,28,1919,529,0.5202612280845642,0,3
577,28,1919,510,0.3798534572124481,0,3
578,28,1919,507,0.45250409841537476,0,3
579,28,1919,47,0.37296339869499207,0,3
580,29,2412,2412,0.5388194918632507,1,5
581,29,2412,2521,0.5178041458129883,0,5
582,29,2412,341,0.4986218214035034,0,5
583,29,2412,3936,0.4040479362010956,0,5
584,29,2412,3209,0.459659218788147,0,5
585,29,2412,3488,0.5213313102722168,0,5
586,29,2412,1909,0.4863280951976776,0,5
587,29,2412,3484,0.541860044002533,0,5
588,29,2412,794,0.5631760358810425,0,5
589,29,2412,4100,0.4537986218929291,0,5
590,29,2412,2908,0.45145606994628906,0,5
591,29,2412,480,0.5860892534255981,0,5
592,29,2412,4120,0.40133240818977356,0,5
593,29,2412,760,0.572014331817627,0,5
594,29,2412,141,0.5171080231666565,0,5
595,29,2412,3157,0.4658261239528656,0,5
596,29,2412,199,0.30145183205604553,0,5
597,29,2412,3568,0.2302493453025818,0,5
598,29,2412,3809,0.48145726323127747,0,5
599,29,2412,2502,0.43589839339256287,0,5
600,30,2100,2100,0.6644378900527954,1,3
601,30,2100,941,0.2620507776737213,0,3
602,30,2100,2408,0.02415764518082142,0,3
603,30,2100,386,0.1414480060338974,0,3
604,30,2100,1677,0.2973680794239044,0,3
605,30,2100,2268,0.23309507966041565,0,3
606,30,2100,2346,0.9417420625686646,0,3
607,30,2100,3455,0.16301101446151733,0,3
608,30,2100,1610,0.510986864566803,0,3
609,30,2100,2896,0.12630464136600494,0,3
610,30,2100,1597,0.5402219891548157,0,3
611,30,2100,212,0.32699549198150635,0,3
612,30,2100,1744,0.09968552738428116,0,3
613,30,2100,3385,0.6133232712745667,0,3
614,30,2100,3696,0.1535470187664032,0,3
615,30,2100,3352,0.18021629750728607,0,3
616,30,2100,837,0.8123787045478821,0,3
617,30,2100,3553,0.18732525408267975,0,3
618,30,2100,3124,0.049858640879392624,0,3
619,30,2100,3244,0.4879167377948761,0,3
620,31,3571,3571,0.7136421799659729,1,2
621,31,3571,545,0.11470670998096466,0,2
622,31,3571,2928,0.2558116018772125,0,2
623,31,3571,1669,0.5926618576049805,0,2
624,31,3571,3584,0.4310992360115051,0,2
625,31,3571,4099,0.38979536294937134,0,2
626,31,3571,3366,0.5898635983467102,0,2
627,31,3571,3712,0.2902781069278717,0,2
628,31,3571,2793,0.6464843153953552,0,2
629,31,3571,331,0.03841882199048996,0,2
630,31,3571,214,0.6565123200416565,0,2
631,31,3571,957,0.47852465510368347,0,2
632,31,3571,3564,0.09886859357357025,0,2
633,31,3571,2510,0.4323296546936035,0,2
634,31,3571,1262,0.8864166736602783,0,2
635,31,3571,3049,0.11190974712371826,0,2
636,31,3571,2933,0.4108128547668457,0,2
637,31,3571,3167,0.5404249429702759,0,2
638,31,3571,1069,0.5446925163269043,0,2
639,31,3571,2417,0.0946766585111618,0,2
640,32,933,933,0.6110594272613525,1,5
641,32,933,4106,0.4830753803253174,0,5
642,32,933,175,0.5882242918014526,0,5
643,32,933,2767,0.22263331711292267,0,5
644,32,933,3651,0.42693957686424255,0,5
645,32,933,3217,0.6036062836647034,0,5
646,32,933,1765,0.4732063114643097,0,5
647,32,933,1850,0.5017614364624023,0,5
648,32,933,570,0.7533681988716125,0,5
649,32,933,3372,0.2027250975370407,0,5
650,32,933,462,0.5211886763572693,0,5
651,32,933,3972,0.6782591938972473,0,5
652,32,933,981,0.4510928690433502,0,5
653,32,933,4095,0.3962239623069763,0,5
654,32,933,3092,0.5776060223579407,0,5
655,32,933,2713,0.6421053409576416,0,5
656,32,933,548,0.46457624435424805,0,5
657,32,933,912,0.7360872030258179,0,5
658,32,933,2352,0.495345801115036,0,5
659,32,933,2925,0.5148342251777649,0,5
660,33,3475,3475,0.7141947746276855,1,1
661,33,3475,2660,0.44333091378211975,0,1
662,33,3475,1922,0.4218656122684479,0,1
663,33,3475,403,0.4386286437511444,0,1
664,33,3475,1850,0.4591122567653656,0,1
665,33,3475,2091,0.4130995571613312,0,1
666,33,3475,4154,0.6968423128128052,0,1
667,33,3475,1172,0.4476490914821625,0,1
668,33,3475,56,0.1177992895245552,0,1
669,33,3475,3945,0.7106234431266785,0,1
670,33,3475,3356,0.4212244749069214,0,1
671,33,3475,367,0.10424502193927765,0,1
672,33,3475,393,0.2339951992034912,0,1
673,33,3475,1599,0.14895012974739075,0,1
674,33,3475,1006,0.28074315190315247,0,1
675,33,3475,4102,0.396291047334671,0,1
676,33,3475,2222,0.05511501803994179,0,1
677,33,3475,3891,0.5826839804649353,0,1
678,33,3475,3057,0.13638187944889069,0,1
679,33,3475,2711,0.3135100305080414,0,1
680,34,888,888,0.9996668100357056,1,1
681,34,888,2133,3.421239307499491e-05,0,1
682,34,888,3450,2.6221456209896132e-05,0,1
683,34,888,1195,8.397962665185332e-05,0,1
684,34,888,3679,0.009003845974802971,0,1
685,34,888,2364,2.5880804969347082e-05,0,1
686,34,888,1446,1.823484490159899e-05,0,1
687,34,888,364,0.04313939809799194,0,1
688,34,888,244,0.3577379882335663,0,1
689,34,888,1147,0.00030736715416423976,0,1
690,34,888,2662,0.09374000877141953,0,1
691,34,888,2688,0.03037950210273266,0,1
692,34,888,891,0.0035338052548468113,0,1
693,34,888,1913,0.0030796986538916826,0,1
694,34,888,190,0.008127402514219284,0,1
695,34,888,2747,0.0013503001537173986,0,1
696,34,888,2640,1.0812248547154013e-05,0,1
697,34,888,424,0.002697922056540847,0,1
698,34,888,2590,0.0023891087621450424,0,1
699,34,888,3015,8.89072980498895e-05,0,1
700,35,2916,2916,0.8844283223152161,1,1
701,35,2916,2225,0.49324679374694824,0,1
702,35,2916,4023,0.41792595386505127,0,1
703,35,2916,576,0.07754624634981155,0,1
704,35,2916,2275,0.24881695210933685,0,1
705,35,2916,134,0.2518100142478943,0,1
706,35,2916,3684,0.325318306684494,0,1
707,35,2916,3499,0.41899898648262024,0,1
708,35,2916,1360,0.10114072263240814,0,1
709,35,2916,2061,0.41656816005706787,0,1
710,35,2916,2233,0.6959010362625122,0,1
711,35,2916,3812,0.09618935734033585,0,1
712,35,2916,82,0.3804909288883209,0,1
713,35,2916,693,0.18194188177585602,0,1
714,35,2916,1123,0.4650437533855438,0,1
715,35,2916,135,0.20926548540592194,0,1
716,35,2916,2388,0.15911062061786652,0,1
717,35,2916,2222,0.013976448215544224,0,1
718,35,2916,47,0.4826964735984802,0,1
719,35,2916,3025,0.062477968633174896,0,1
720,36,3855,3855,0.951366662979126,1,1
721,36,3855,2876,0.005661518778651953,0,1
722,36,3855,3537,0.017130017280578613,0,1
723,36,3855,1002,0.0012281857198104262,0,1
724,36,3855,2131,0.0016237422823905945,0,1
725,36,3855,1916,0.00020214737742207944,0,1
726,36,3855,2192,0.014681144617497921,0,1
727,36,3855,341,0.0009181988425552845,0,1
728,36,3855,3921,0.00015356151561718434,0,1
729,36,3855,585,0.05616072565317154,0,1
730,36,3855,669,0.005815376061946154,0,1
731,36,3855,2189,0.0033201926853507757,0,1
732,36,3855,2329,0.001679446897469461,0,1
733,36,3855,297,0.0006804716540500522,0,1
734,36,3855,3388,0.0003221679653506726,0,1
735,36,3855,663,0.011430309154093266,0,1
736,36,3855,1918,0.06882814317941666,0,1
737,36,3855,1266,0.0006703630206175148,0,1
738,36,3855,316,0.9327540397644043,0,1
739,36,3855,4002,0.017319221049547195,0,1
740,37,1051,1051,0.8506355285644531,1,2
741,37,1051,621,0.009266214445233345,0,2
742,37,1051,3023,0.02585487812757492,0,2
743,37,1051,2449,0.00020734364807140082,0,2
744,37,1051,99,0.06046833097934723,0,2
745,37,1051,2779,0.0036089043132960796,0,2
746,37,1051,1092,0.05142902582883835,0,2
747,37,1051,208,0.26682567596435547,0,2
748,37,1051,1073,0.017755741253495216,0,2
749,37,1051,3526,0.0006324650603346527,0,2
750,37,1051,546,0.14209242165088654,0,2
751,37,1051,2902,0.040681347250938416,0,2
752,37,1051,3279,0.00453966623172164,0,2
753,37,1051,2304,0.1414039582014084,0,2
754,37,1051,259,0.8600590229034424,0,2
755,37,1051,1216,0.08785462379455566,0,2
756,37,1051,1930,0.0014318423345685005,0,2
757,37,1051,3412,0.007294147741049528,0,2
758,37,1051,3807,0.10321048647165298,0,2
759,37,1051,1429,0.2728491723537445,0,2
760,38,295,295,0.6037940382957458,1,2
761,38,295,844,0.10681142657995224,0,2
762,38,295,1079,0.2797354757785797,0,2
763,38,295,798,0.3020215332508087,0,2
764,38,295,2248,0.011331165209412575,0,2
765,38,295,1485,0.13377319276332855,0,2
766,38,295,1891,0.5824304223060608,0,2
767,38,295,615,0.44270598888397217,0,2
768,38,295,3407,0.49067309498786926,0,2
769,38,295,3137,0.8208957314491272,0,2
770,38,295,4128,0.4036101698875427,0,2
771,38,295,2636,0.3942563831806183,0,2
772,38,295,3846,0.1314947009086609,0,2
773,38,295,1644,0.14595267176628113,0,2
774,38,295,461,0.569776713848114,0,2
775,38,295,1736,0.36444106698036194,0,2
776,38,295,123,0.19811901450157166,0,2
777,38,295,3758,0.2969110906124115,0,2
778,38,295,1032,0.3689318299293518,0,2
779,38,295,1561,0.4515015482902527,0,2
780,39,3702,3702,0.9332069158554077,1,1
781,39,3702,234,0.004161305259913206,0,1
782,39,3702,2374,0.0459226593375206,0,1
783,39,3702,3032,0.3783665895462036,0,1
784,39,3702,3212,0.04783441871404648,0,1
785,39,3702,2803,0.3404892683029175,0,1
786,39,3702,962,0.5355401635169983,0,1
787,39,3702,3597,0.38401633501052856,0,1
788,39,3702,2135,0.5656054615974426,0,1
789,39,3702,517,0.31022629141807556,0,1
790,39,3702,2362,0.01294549647718668,0,1
791,39,3702,1807,0.10613000392913818,0,1
792,39,3702,3306,0.2569717764854431,0,1
793,39,3702,2665,0.1339481621980667,0,1
794,39,3702,507,0.10889551043510437,0,1
795,39,3702,2174,0.25815361738204956,0,1
796,39,3702,768,0.42484983801841736,0,1
797,39,3702,2750,0.0027943169698119164,0,1
798,39,3702,3082,0.0025417176075279713,0,1
799,39,3702,576,0.30323001742362976,0,1
800,40,3074,3074,0.5533713102340698,1,3
801,40,3074,1184,0.6286640763282776,0,3
802,40,3074,2700,0.30467095971107483,0,3
803,40,3074,1443,0.4886251986026764,0,3
804,40,3074,105,0.40305274724960327,0,3
805,40,3074,2783,0.580001711845398,0,3
806,40,3074,2171,0.3719285726547241,0,3
807,40,3074,1201,0.24718795716762543,0,3
808,40,3074,2688,0.524959146976471,0,3
809,40,3074,3514,0.3467404842376709,0,3
810,40,3074,1006,0.30197080969810486,0,3
811,40,3074,1961,0.4695678949356079,0,3
812,40,3074,3644,0.49053215980529785,0,3
813,40,3074,1684,0.03257288411259651,0,3
814,40,3074,3391,0.5388646125793457,0,3
815,40,3074,3643,0.537007749080658,0,3
816,40,3074,2702,0.22689829766750336,0,3
817,40,3074,2187,0.39421990513801575,0,3
818,40,3074,2224,0.26131367683410645,0,3
819,40,3074,1859,0.22909122705459595,0,3
820,41,4007,4007,0.7450680136680603,1,1
821,41,4007,2629,0.41115838289260864,0,1
822,41,4007,3619,0.017185121774673462,0,1
823,41,4007,2295,0.17757411301136017,0,1
824,41,4007,3375,0.20067694783210754,0,1
825,41,4007,1475,0.02808159962296486,0,1
826,41,4007,69,0.021374378353357315,0,1
827,41,4007,3959,0.1228322982788086,0,1
828,41,4007,823,0.0004902280052192509,0,1
829,41,4007,1112,0.33083537220954895,0,1
830,41,4007,578,0.33260807394981384,0,1
831,41,4007,3466,0.024491777643561363,0,1
832,41,4007,106,0.2223276048898697,0,1
833,41,4007,3403,0.6789705753326416,0,1
834,41,4007,2203,0.012797849252820015,0,1
835,41,4007,2922,0.3714422285556793,0,1
836,41,4007,2432,0.3308512568473816,0,1
837,41,4007,2654,0.2278462052345276,0,1
838,41,4007,71,0.14490468800067902,0,1
839,41,4007,491,0.3110092282295227,0,1
840,42,606,606,0.8215385675430298,1,1
841,42,606,4113,0.6237246990203857,0,1
842,42,606,1762,0.5606769323348999,0,1
843,42,606,811,0.21350117027759552,0,1
844,42,606,3299,0.255493700504303,0,1
845,42,606,3275,0.3431679606437683,0,1
846,42,606,4061,0.07077869772911072,0,1
847,42,606,3447,0.007946259342133999,0,1
848,42,606,3184,0.3649696707725525,0,1
849,42,606,3053,0.020957909524440765,0,1
850,42,606,319,0.12558557093143463,0,1
851,42,606,1050,0.09939756244421005,0,1
852,42,606,1152,0.32806089520454407,0,1
853,42,606,2872,0.0824342593550682,0,1
854,42,606,1512,0.26705390214920044,0,1
855,42,606,485,0.06448042392730713,0,1
856,42,606,3982,0.04528363049030304,0,1
857,42,606,283,0.01792202889919281,0,1
858,42,606,2142,0.1417108029127121,0,1
859,42,606,111,0.0407552644610405,0,1
860,43,1932,1932,0.5946571826934814,1,1
861,43,1932,168,0.2512825131416321,0,1
862,43,1932,3794,0.3083329498767853,0,1
863,43,1932,3665,0.2995869219303131,0,1
864,43,1932,1256,0.16859939694404602,0,1
865,43,1932,1652,0.25258904695510864,0,1
866,43,1932,4025,0.35614198446273804,0,1
867,43,1932,1991,0.06871972233057022,0,1
868,43,1932,4106,0.26362791657447815,0,1
869,43,1932,1370,0.04366074874997139,0,1
870,43,1932,196,0.3886067271232605,0,1
871,43,1932,178,0.04767997935414314,0,1
872,43,1932,3297,0.3309355676174164,0,1
873,43,1932,1190,0.049992334097623825,0,1
874,43,1932,1638,0.3372538983821869,0,1
875,43,1932,3444,0.24261382222175598,0,1
876,43,1932,3536,0.26038068532943726,0,1
877,43,1932,704,0.32402029633522034,0,1
878,43,1932,514,0.14580939710140228,0,1
879,43,1932,143,0.5070372819900513,0,1
880,44,3205,3205,0.6054297089576721,1,6
881,44,3205,3480,0.5414804220199585,0,6
882,44,3205,3292,0.5474910736083984,0,6
883,44,3205,1650,0.6786772012710571,0,6
884,44,3205,1830,0.34744328260421753,0,6
885,44,3205,1878,0.7749928832054138,0,6
886,44,3205,1825,0.23828516900539398,0,6
887,44,3205,1971,0.41106873750686646,0,6
888,44,3205,3110,0.48298415541648865,0,6
889,44,3205,1145,0.4977343678474426,0,6
890,44,3205,2351,0.5135906934738159,0,6
891,44,3205,3238,0.5223804116249084,0,6
892,44,3205,3691,0.42333459854125977,0,6
893,44,3205,3420,0.5611435770988464,0,6
894,44,3205,3433,0.6318024396896362,0,6
895,44,3205,105,0.491346538066864,0,6
896,44,3205,926,0.6627516150474548,0,6
897,44,3205,3003,0.8342006206512451,0,6
898,44,3205,120,0.5078096389770508,0,6
899,44,3205,3520,0.4204869866371155,0,6
900,45,16,16,0.9144420027732849,1,1
901,45,16,4005,0.010467120446264744,0,1
902,45,16,3695,0.14838308095932007,0,1
903,45,16,1616,0.00575178163126111,0,1
904,45,16,871,0.1929662674665451,0,1
905,45,16,3019,0.0991019532084465,0,1
906,45,16,1050,0.0046541024930775166,0,1
907,45,16,875,0.02419084496796131,0,1
908,45,16,1060,0.011660784482955933,0,1
909,45,16,3042,8.895029168343171e-05,0,1
910,45,16,4131,0.02378893457353115,0,1
911,45,16,368,0.09790202975273132,0,1
912,45,16,3970,0.07557523250579834,0,1
913,45,16,725,0.05455995723605156,0,1
914,45,16,102,0.12899835407733917,0,1
915,45,16,3910,0.045693714171648026,0,1
916,45,16,841,0.06989111006259918,0,1
917,45,16,3389,0.014714145101606846,0,1
918,45,16,2563,0.12859554588794708,0,1
919,45,16,295,0.15640485286712646,0,1
920,46,54,54,0.615416944026947,1,1
921,46,54,2531,0.04589030146598816,0,1
922,46,54,2748,0.06669304519891739,0,1
923,46,54,3168,0.06007888540625572,0,1
924,46,54,1179,0.5624009966850281,0,1
925,46,54,2536,0.37749236822128296,0,1
926,46,54,2301,0.13150618970394135,0,1
927,46,54,2842,0.27624306082725525,0,1
928,46,54,1729,0.21059800684452057,0,1
929,46,54,3976,0.40093371272087097,0,1
930,46,54,235,0.3900207281112671,0,1
931,46,54,1646,0.5325254797935486,0,1
932,46,54,2993,0.27006906270980835,0,1
933,46,54,3124,0.2755938768386841,0,1
934,46,54,4036,0.408218115568161,0,1
935,46,54,454,0.1649797558784485,0,1
936,46,54,4080,0.5064998865127563,0,1
937,46,54,2430,0.47868576645851135,0,1
938,46,54,1629,0.4608432352542877,0,1
939,46,54,4049,0.1264461874961853,0,1
940,47,3969,3969,0.773398220539093,1,2
941,47,3969,238,0.24115855991840363,0,2
942,47,3969,2786,0.5118108987808228,0,2
943,47,3969,939,0.35061126947402954,0,2
944,47,3969,960,0.6146414279937744,0,2
945,47,3969,3832,0.3932439386844635,0,2
946,47,3969,3428,0.5628381967544556,0,2
947,47,3969,1698,0.6097800731658936,0,2
948,47,3969,811,0.273032009601593,0,2
949,47,3969,4008,0.42050671577453613,0,2
950,47,3969,1124,0.23697075247764587,0,2
951,47,3969,2430,0.5566521286964417,0,2
952,47,3969,1194,0.30729973316192627,0,2
953,47,3969,1767,0.509853184223175,0,2
954,47,3969,1252,0.18302758038043976,0,2
955,47,3969,4073,0.9278460741043091,0,2
956,47,3969,3486,0.5335862040519714,0,2
957,47,3969,1969,0.4912031292915344,0,2
958,47,3969,3720,0.5473639369010925,0,2
959,47,3969,1876,0.6323404312133789,0,2
960,48,3224,3224,0.5589486360549927,1,8
961,48,3224,1464,0.47062402963638306,0,8
962,48,3224,644,0.6221774220466614,0,8
963,48,3224,3683,0.6150504350662231,0,8
964,48,3224,3495,0.41391628980636597,0,8
965,48,3224,3535,0.5960709452629089,0,8
966,48,3224,1741,0.5035411715507507,0,8
967,48,3224,1561,0.5027505159378052,0,8
968,48,3224,2477,0.4997278153896332,0,8
969,48,3224,1278,0.6103073358535767,0,8
970,48,3224,117,0.45265501737594604,0,8
971,48,3224,2547,0.4919862151145935,0,8
972,48,3224,2485,0.6186342835426331,0,8
973,48,3224,2060,0.3765932321548462,0,8
974,48,3224,2016,0.42971715331077576,0,8
975,48,3224,478,0.6030017137527466,0,8
976,48,3224,3517,0.5475843548774719,0,8
977,48,3224,758,0.5489107370376587,0,8
978,48,3224,2638,0.4952622354030609,0,8
979,48,3224,3000,0.5607267618179321,0,8
980,49,1567,1567,0.6157957911491394,1,4
981,49,1567,3504,0.3221296966075897,0,4
982,49,1567,1269,0.5863555073738098,0,4
983,49,1567,965,0.8134096264839172,0,4
984,49,1567,1671,0.5653766989707947,0,4
985,49,1567,2981,0.4600195288658142,0,4
986,49,1567,3007,0.4516112804412842,0,4
987,49,1567,786,0.13688132166862488,0,4
988,49,1567,1652,0.5689915418624878,0,4
989,49,1567,309,0.7056207656860352,0,4
990,49,1567,2066,0.8319339752197266,0,4
991,49,1567,676,0.370597779750824,0,4
992,49,1567,1170,0.40349504351615906,0,4
993,49,1567,912,0.5844847559928894,0,4
994,49,1567,1426,0.5115904808044434,0,4
995,49,1567,975,0.46754613518714905,0,4
996,49,1567,1486,0.5242241024971008,0,4
997,49,1567,3844,0.2059641182422638,0,4
998,49,1567,756,0.5029658079147339,0,4
999,49,1567,1986,0.3070635497570038,0,4
1000,50,3919,3919,0.8527138233184814,1,2
1001,50,3919,3352,0.6743149161338806,0,2
1002,50,3919,2577,0.2556039094924927,0,2
1003,50,3919,3210,0.06638134270906448,0,2
1004,50,3919,603,0.30219215154647827,0,2
1005,50,3919,3368,0.04604458063840866,0,2
1006,50,3919,105,0.15382535755634308,0,2
1007,50,3919,141,0.21077851951122284,0,2
1008,50,3919,1133,0.020870627835392952,0,2
1009,50,3919,2595,0.14745064079761505,0,2
1010,50,3919,1051,0.19279931485652924,0,2
1011,50,3919,3898,0.8648286461830139,0,2
1012,50,3919,2884,0.009565474465489388,0,2
1013,50,3919,2862,0.1413188874721527,0,2
1014,50,3919,878,0.03172805905342102,0,2
1015,50,3919,3780,0.7390716671943665,0,2
1016,50,3919,226,0.05830943584442139,0,2
1017,50,3919,1994,0.42863622307777405,0,2
1018,50,3919,3508,0.4835227429866791,0,2
1019,50,3919,3839,0.15750765800476074,0,2
1020,51,178,178,0.9962661862373352,1,1
1021,51,178,2132,0.002156773116439581,0,1
1022,51,178,1605,0.001959012821316719,0,1
1023,51,178,1143,0.0002659988822415471,0,1
1024,51,178,2258,0.04333685711026192,0,1
1025,51,178,3604,5.369003464039679e-09,0,1
1026,51,178,3309,0.0080832215026021,0,1
1027,51,178,1171,0.00012753752525895834,0,1
1028,51,178,2018,0.0017363968072459102,0,1
1029,51,178,1410,0.017488913610577583,0,1
1030,51,178,3549,0.0037724340800195932,0,1
1031,51,178,30,0.10279437154531479,0,1
1032,51,178,3620,0.007904277183115482,0,1
1033,51,178,3253,5.657982001139317e-06,0,1
1034,51,178,1717,8.292569475543132e-08,0,1
1035,51,178,933,0.30691462755203247,0,1
1036,51,178,2744,0.0003657161723822355,0,1
1037,51,178,58,0.0015824174042791128,0,1
1038,51,178,3033,0.04737701639533043,0,1
1039,51,178,2507,0.0008922286215238273,0,1
1040,52,420,420,0.8366948366165161,1,1
1041,52,420,2078,0.0004591542237903923,0,1
1042,52,420,3573,0.0028205306734889746,0,1
1043,52,420,2983,0.006862406153231859,0,1
1044,52,420,1553,0.07981761544942856,0,1
1045,52,420,1969,0.009395469911396503,0,1
1046,52,420,3724,0.04197701811790466,0,1
1047,52,420,3417,0.00018180599727202207,0,1
1048,52,420,725,0.059744883328676224,0,1
1049,52,420,261,0.02881724201142788,0,1
1050,52,420,1315,0.5604872107505798,0,1
1051,52,420,3896,0.14185814559459686,0,1
1052,52,420,1492,0.24330653250217438,0,1
1053,52,420,3669,0.02372482605278492,0,1
1054,52,420,1827,0.18050417304039001,0,1
1055,52,420,666,0.12266897410154343,0,1
1056,52,420,58,0.0052217748016119,0,1
1057,52,420,3437,0.0036363890394568443,0,1
1058,52,420,3980,0.07911717891693115,0,1
1059,52,420,2313,0.014681648463010788,0,1
1060,53,1736,1736,0.668886125087738,1,3
1061,53,1736,3006,0.42138490080833435,0,3
1062,53,1736,2791,0.706905722618103,0,3
1063,53,1736,2305,0.5148237347602844,0,3
1064,53,1736,1959,0.48367300629615784,0,3
1065,53,1736,2529,0.4969785213470459,0,3
1066,53,1736,1352,0.18657734990119934,0,3
1067,53,1736,1833,0.8219494223594666,0,3
1068,53,1736,224,0.14168813824653625,0,3
1069,53,1736,1176,0.10305298864841461,0,3
1070,53,1736,1215,0.08871456980705261,0,3
1071,53,1736,4059,0.012500425800681114,0,3
1072,53,1736,3654,0.10743006318807602,0,3
1073,53,1736,2141,0.12465124577283859,0,3
1074,53,1736,356,0.006397637538611889,0,3
1075,53,1736,90,0.25541380047798157,0,3
1076,53,1736,3849,0.46976590156555176,0,3
1077,53,1736,1272,0.07312460243701935,0,3
1078,53,1736,1219,0.39865079522132874,0,3
1079,53,1736,3150,0.42180100083351135,0,3
1080,54,2446,2446,0.7173773050308228,1,2
1081,54,2446,2484,0.32517170906066895,0,2
1082,54,2446,4089,0.11824117600917816,0,2
1083,54,2446,1353,0.06753590703010559,0,2
1084,54,2446,816,0.15168079733848572,0,2
1085,54,2446,2827,0.34069547057151794,0,2
1086,54,2446,0,0.2315060794353485,0,2
1087,54,2446,1008,0.040237996727228165,0,2
1088,54,2446,629,0.13927443325519562,0,2
1089,54,2446,3201,0.8891434669494629,0,2
1090,54,2446,3780,0.38276293873786926,0,2
1091,54,2446,994,0.05381333827972412,0,2
1092,54,2446,3116,0.3782220780849457,0,2
1093,54,2446,2662,0.45277321338653564,0,2
1094,54,2446,787,0.3697620928287506,0,2
1095,54,2446,3752,0.6365330219268799,0,2
1096,54,2446,3697,0.47096309065818787,0,2
1097,54,2446,351,0.29444563388824463,0,2
1098,54,2446,4094,0.40274855494499207,0,2
1099,54,2446,3434,0.022276004776358604,0,2
1100,55,3179,3179,0.8261678218841553,1,1
1101,55,3179,3570,0.7376956939697266,0,1
1102,55,3179,3242,0.5696773529052734,0,1
1103,55,3179,3138,0.33548763394355774,0,1
1104,55,3179,702,0.21006226539611816,0,1
1105,55,3179,2089,0.009636400267481804,0,1
1106,55,3179,3071,0.5755748152732849,0,1
1107,55,3179,766,0.07563813030719757,0,1
1108,55,3179,1079,0.24916359782218933,0,1
1109,55,3179,3619,0.07315347343683243,0,1
1110,55,3179,3434,0.28244173526763916,0,1
1111,55,3179,2911,0.15464089810848236,0,1
1112,55,3179,1963,0.056951772421598434,0,1
1113,55,3179,300,0.06826115399599075,0,1
1114,55,3179,877,0.38410845398902893,0,1
1115,55,3179,2174,0.46952569484710693,0,1
1116,55,3179,1187,0.39754825830459595,0,1
1117,55,3179,104,0.18047776818275452,0,1
1118,55,3179,3530,0.3504870533943176,0,1
1119,55,3179,910,0.5433310270309448,0,1
1120,56,1368,1368,0.9220863580703735,1,2
1121,56,1368,3173,0.697268009185791,0,2
1122,56,1368,829,0.02271272800862789,0,2
1123,56,1368,3648,0.055101215839385986,0,2
1124,56,1368,3105,0.05755007266998291,0,2
1125,56,1368,2820,0.9233444929122925,0,2
1126,56,1368,1290,0.0018478198908269405,0,2
1127,56,1368,668,0.021158713847398758,0,2
1128,56,1368,1664,0.38867250084877014,0,2
1129,56,1368,420,0.21401004493236542,0,2
1130,56,1368,2251,0.2693873345851898,0,2
1131,56,1368,2426,0.5047552585601807,0,2
1132,56,1368,2578,0.6284579634666443,0,2
1133,56,1368,3983,0.010825486853718758,0,2
1134,56,1368,3675,0.2568729817867279,0,2
1135,56,1368,3088,0.7892430424690247,0,2
1136,56,1368,726,0.1659533977508545,0,2
1137,56,1368,117,0.002420236822217703,0,2
1138,56,1368,2817,0.7456628680229187,0,2
1139,56,1368,3114,0.8845711946487427,0,2
1140,57,1327,1327,0.5549159646034241,1,5
1141,57,1327,111,0.2514387369155884,0,5
1142,57,1327,372,0.6057652235031128,0,5
1143,57,1327,89,0.30024880170822144,0,5
1144,57,1327,2895,0.41026532649993896,0,5
1145,57,1327,2600,0.39946991205215454,0,5
1146,57,1327,291,0.44792065024375916,0,5
1147,57,1327,3213,0.28190386295318604,0,5
1148,57,1327,2956,0.43920931220054626,0,5
1149,57,1327,1574,0.6161004304885864,0,5
1150,57,1327,2423,0.4964183270931244,0,5
1151,57,1327,2383,0.3340966999530792,0,5
1152,57,1327,3735,0.28055113554000854,0,5
1153,57,1327,3318,0.24887320399284363,0,5
1154,57,1327,777,0.5686867833137512,0,5
1155,57,1327,12,0.6195003390312195,0,5
1156,57,1327,1296,0.4025614559650421,0,5
1157,57,1327,3475,0.3946932256221771,0,5
1158,57,1327,3156,0.30347388982772827,0,5
1159,57,1327,179,0.4042089283466339,0,5
1160,58,1882,1882,0.6120663285255432,1,2
1161,58,1882,2837,0.192931666970253,0,2
1162,58,1882,1153,0.03228132426738739,0,2
1163,58,1882,3183,0.21807751059532166,0,2
1164,58,1882,3353,0.37372228503227234,0,2
1165,58,1882,3447,0.004202728625386953,0,2
1166,58,1882,2624,0.22777195274829865,0,2
1167,58,1882,3301,0.04336909204721451,0,2
1168,58,1882,762,0.39459237456321716,0,2
1169,58,1882,263,0.2040051817893982,0,2
1170,58,1882,3729,0.039959561079740524,0,2
1171,58,1882,1969,0.6156534552574158,0,2
1172,58,1882,2043,0.24973420798778534,0,2
1173,58,1882,186,0.1740114837884903,0,2
1174,58,1882,2211,0.34116244316101074,0,2
1175,58,1882,1904,0.3831122815608978,0,2
1176,58,1882,345,0.17471976578235626,0,2
1177,58,1882,1652,0.056474000215530396,0,2
1178,58,1882,3958,0.4638136625289917,0,2
1179,58,1882,1045,0.4960985779762268,0,2
1180,59,3306,3306,0.5606804490089417,1,3
1181,59,3306,436,0.47204798460006714,0,3
1182,59,3306,2532,0.1327127367258072,0,3
1183,59,3306,1583,0.46265459060668945,0,3
1184,59,3306,433,0.060664884746074677,0,3
1185,59,3306,905,0.6389138102531433,0,3
1186,59,3306,404,0.6598156094551086,0,3
1187,59,3306,2977,0.10674578696489334,0,3
1188,59,3306,337,0.3917829692363739,0,3
1189,59,3306,240,0.493974506855011,0,3
1190,59,3306,1096,0.36710649728775024,0,3
1191,59,3306,2752,0.4061221182346344,0,3
1192,59,3306,885,0.43380317091941833,0,3
1193,59,3306,3994,0.25498369336128235,0,3
1194,59,3306,967,0.17723038792610168,0,3
1195,59,3306,227,0.39039042592048645,0,3
1196,59,3306,2036,0.3685125708580017,0,3
1197,59,3306,2816,0.09114395827054977,0,3
1198,59,3306,1847,0.43630528450012207,0,3
1199,59,3306,2210,0.205283060669899,0,3
1200,60,2841,2841,0.6368486881256104,1,5
1201,60,2841,3470,0.2595406770706177,0,5
1202,60,2841,3310,0.4299342632293701,0,5
1203,60,2841,1365,0.5134940147399902,0,5
1204,60,2841,3479,0.86282879114151,0,5
1205,60,2841,66,0.505032479763031,0,5
1206,60,2841,394,0.20591217279434204,0,5
1207,60,2841,2085,0.6664735674858093,0,5
1208,60,2841,580,0.3575262129306793,0,5
1209,60,2841,650,0.43889716267585754,0,5
1210,60,2841,2915,0.7241086363792419,0,5
1211,60,2841,829,0.4461073577404022,0,5
1212,60,2841,1772,0.6791589856147766,0,5
1213,60,2841,856,0.4828612208366394,0,5
1214,60,2841,2863,0.33438247442245483,0,5
1215,60,2841,399,0.4294794499874115,0,5
1216,60,2841,3653,0.3750675618648529,0,5
1217,60,2841,1269,0.5015832185745239,0,5
1218,60,2841,675,0.4752679169178009,0,5
1219,60,2841,307,0.5036221146583557,0,5
1220,61,508,508,0.5475161075592041,1,6
1221,61,508,2908,0.23098041117191315,0,6
1222,61,508,3161,0.40554988384246826,0,6
1223,61,508,3925,0.4965810179710388,0,6
1224,61,508,3980,0.6189207434654236,0,6
1225,61,508,3260,0.22341683506965637,0,6
1226,61,508,649,0.4682379961013794,0,6
1227,61,508,2444,0.5707802772521973,0,6
1228,61,508,1500,0.1906111091375351,0,6
1229,61,508,869,0.3886624872684479,0,6
1230,61,508,3534,0.5232254862785339,0,6
1231,61,508,128,0.5562663674354553,0,6
1232,61,508,1944,0.4955083727836609,0,6
1233,61,508,2336,0.4255973994731903,0,6
1234,61,508,1022,0.21574606001377106,0,6
1235,61,508,1770,0.5720314383506775,0,6
1236,61,508,2969,0.3787858188152313,0,6
1237,61,508,3524,0.5974909663200378,0,6
1238,61,508,3753,0.43902257084846497,0,6
1239,61,508,2035,0.4322763681411743,0,6
1240,62,3612,3612,0.7239018678665161,1,3
1241,62,3612,2285,0.443869024515152,0,3
1242,62,3612,4016,0.43917787075042725,0,3
1243,62,3612,280,0.8686339855194092,0,3
1244,62,3612,3044,0.24795103073120117,0,3
1245,62,3612,2775,0.42750808596611023,0,3
1246,62,3612,2466,0.3526954650878906,0,3
1247,62,3612,3376,0.6066548824310303,0,3
1248,62,3612,1962,0.36571791768074036,0,3
1249,62,3612,153,0.46150320768356323,0,3
1250,62,3612,1064,0.11234749108552933,0,3
1251,62,3612,1976,0.488328754901886,0,3
1252,62,3612,2916,0.4876627027988434,0,3
1253,62,3612,1478,0.46489229798316956,0,3
1254,62,3612,3501,0.5129513740539551,0,3
1255,62,3612,3405,0.033639613538980484,0,3
1256,62,3612,3827,0.05006558820605278,0,3
1257,62,3612,452,0.7125150561332703,0,3
1258,62,3612,2854,0.5183065533638,0,3
1259,62,3612,3445,0.8780532479286194,0,3
1260,63,962,962,0.5741689801216125,1,3
1261,63,962,609,0.3499968945980072,0,3
1262,63,962,2080,0.3315911293029785,0,3
1263,63,962,2406,0.5736022591590881,0,3
1264,63,962,80,0.1322956383228302,0,3
1265,63,962,2598,0.12079106271266937,0,3
1266,63,962,720,0.5379016995429993,0,3
1267,63,962,1700,0.2713826894760132,0,3
1268,63,962,574,0.18198136985301971,0,3
1269,63,962,923,0.47070351243019104,0,3
1270,63,962,83,0.18049956858158112,0,3
1271,63,962,297,0.29782405495643616,0,3
1272,63,962,1721,0.271154522895813,0,3
1273,63,962,1542,0.5826886296272278,0,3
1274,63,962,2593,0.2573114335536957,0,3
1275,63,962,1038,0.2543276846408844,0,3
1276,63,962,1422,0.41186824440956116,0,3
1277,63,962,2479,0.6604276895523071,0,3
1278,63,962,126,0.023320265114307404,0,3
1279,63,962,2481,0.4429726302623749,0,3
1280,64,3637,3637,0.9671213030815125,1,1
1281,64,3637,4176,0.6558032631874084,0,1
1282,64,3637,1911,0.6777066588401794,0,1
1283,64,3637,3670,0.18733590841293335,0,1
1284,64,3637,1570,0.0398639552295208,0,1
1285,64,3637,915,0.4767143428325653,0,1
1286,64,3637,2371,0.1159767284989357,0,1
1287,64,3637,1799,0.06881904602050781,0,1
1288,64,3637,3332,0.7449713349342346,0,1
1289,64,3637,1749,0.7146732211112976,0,1
1290,64,3637,3221,0.6256442666053772,0,1
1291,64,3637,1447,0.04745985195040703,0,1
1292,64,3637,992,0.036085620522499084,0,1
1293,64,3637,738,0.49932748079299927,0,1
1294,64,3637,3413,0.28600066900253296,0,1
1295,64,3637,2997,0.8903775811195374,0,1
1296,64,3637,468,0.0011585447937250137,0,1
1297,64,3637,1132,0.637248694896698,0,1
1298,64,3637,4160,0.13989326357841492,0,1
1299,64,3637,255,0.4281820058822632,0,1
1300,65,3432,3432,0.6852928400039673,1,3
1301,65,3432,1201,0.509513795375824,0,3
1302,65,3432,1249,0.5804570913314819,0,3
1303,65,3432,1427,0.5208319425582886,0,3
1304,65,3432,108,0.7513454556465149,0,3
1305,65,3432,2906,0.8085731267929077,0,3
1306,65,3432,3184,0.5016985535621643,0,3
1307,65,3432,1759,0.24248921871185303,0,3
1308,65,3432,2349,0.2969858646392822,0,3
1309,65,3432,3972,0.6828333139419556,0,3
1310,65,3432,647,0.27267685532569885,0,3
1311,65,3432,2787,0.566114604473114,0,3
1312,65,3432,71,0.5765093564987183,0,3
1313,65,3432,1671,0.3399313688278198,0,3
1314,65,3432,759,0.5251165628433228,0,3
1315,65,3432,3428,0.46254608035087585,0,3
1316,65,3432,4046,0.17795492708683014,0,3
1317,65,3432,3663,0.4883137345314026,0,3
1318,65,3432,3657,0.4159065783023834,0,3
1319,65,3432,1228,0.5680331587791443,0,3
1320,66,3021,3021,0.7403436899185181,1,1
1321,66,3021,3874,0.606342077255249,0,1
1322,66,3021,3929,0.3378087282180786,0,1
1323,66,3021,2847,0.4198478162288666,0,1
1324,66,3021,274,0.4399234354496002,0,1
1325,66,3021,1146,0.5377269983291626,0,1
1326,66,3021,3185,0.5391935110092163,0,1
1327,66,3021,813,0.052459683269262314,0,1
1328,66,3021,537,0.23915740847587585,0,1
1329,66,3021,1268,0.03312286362051964,0,1
1330,66,3021,1016,0.009278114885091782,0,1
1331,66,3021,136,0.11875098943710327,0,1
1332,66,3021,1044,0.5309486389160156,0,1
1333,66,3021,1810,0.23902523517608643,0,1
1334,66,3021,180,0.20351752638816833,0,1
1335,66,3021,1017,0.5124439001083374,0,1
1336,66,3021,2893,0.4008578658103943,0,1
1337,66,3021,2779,0.16393648087978363,0,1
1338,66,3021,328,0.3389491140842438,0,1
1339,66,3021,2,0.13977839052677155,0,1
1340,67,2524,2524,0.6463577747344971,1,3
1341,67,2524,2548,0.29338863492012024,0,3
1342,67,2524,4101,0.5974510908126831,0,3
1343,67,2524,2297,0.4495798945426941,0,3
1344,67,2524,2777,0.5872648358345032,0,3
1345,67,2524,1312,0.3109298348426819,0,3
1346,67,2524,3439,0.022957563400268555,0,3
1347,67,2524,2593,0.40716955065727234,0,3
1348,67,2524,2629,0.804672360420227,0,3
1349,67,2524,333,0.5795800685882568,0,3
1350,67,2524,3292,0.4662605822086334,0,3
1351,67,2524,1461,0.3936130106449127,0,3
1352,67,2524,789,0.46921059489250183,0,3
1353,67,2524,2809,0.22167950868606567,0,3
1354,67,2524,2371,0.7698864340782166,0,3
1355,67,2524,614,0.19562694430351257,0,3
1356,67,2524,3881,0.2562418580055237,0,3
1357,67,2524,1233,0.23102597892284393,0,3
1358,67,2524,164,0.5009740591049194,0,3
1359,67,2524,1979,0.19041162729263306,0,3
1360,68,4025,4025,0.781127393245697,1,1
1361,68,4025,3885,0.7189679145812988,0,1
1362,68,4025,1585,0.16601209342479706,0,1
1363,68,4025,229,0.3543318510055542,0,1
1364,68,4025,1773,0.4333016872406006,0,1
1365,68,4025,935,0.03200693801045418,0,1
1366,68,4025,371,0.6708744168281555,0,1
1367,68,4025,1375,0.46570897102355957,0,1
1368,68,4025,752,0.38892558217048645,0,1
1369,68,4025,62,0.28996723890304565,0,1
1370,68,4025,1586,0.1549977958202362,0,1
1371,68,4025,3903,0.49788138270378113,0,1
1372,68,4025,798,0.2171383500099182,0,1
1373,68,4025,1465,0.4139662981033325,0,1
1374,68,4025,2346,0.07389134168624878,0,1
1375,68,4025,569,0.17829106748104095,0,1
1376,68,4025,2957,0.4504545032978058,0,1
1377,68,4025,1982,0.049348726868629456,0,1
1378,68,4025,155,0.3343803882598877,0,1
1379,68,4025,147,0.06648651510477066,0,1
1380,69,3326,3326,0.6152830719947815,1,2
1381,69,3326,3485,0.07143213599920273,0,2
1382,69,3326,2916,0.40639665722846985,0,2
1383,69,3326,1322,0.16597290337085724,0,2
1384,69,3326,204,0.28371724486351013,0,2
1385,69,3326,4175,0.0671614557504654,0,2
1386,69,3326,1112,0.3851729929447174,0,2
1387,69,3326,2660,0.5737447738647461,0,2
1388,69,3326,2896,0.14432188868522644,0,2
1389,69,3326,2292,0.02707281894981861,0,2
1390,69,3326,2094,0.3887125551700592,0,2
1391,69,3326,335,0.20423226058483124,0,2
1392,69,3326,3793,0.050733789801597595,0,2
1393,69,3326,2004,0.4834263324737549,0,2
1394,69,3326,3679,0.30549848079681396,0,2
1395,69,3326,2164,0.09593692421913147,0,2
1396,69,3326,2261,0.31605589389801025,0,2
1397,69,3326,3982,0.6693351864814758,0,2
1398,69,3326,960,0.1923959106206894,0,2
1399,69,3326,552,0.4010040760040283,0,2
1400,70,155,155,0.6490350961685181,1,1
1401,70,155,2631,0.47044044733047485,0,1
1402,70,155,2798,0.23395252227783203,0,1
1403,70,155,2762,0.04878039285540581,0,1
1404,70,155,3918,0.12087015062570572,0,1
1405,70,155,3188,0.3988983929157257,0,1
1406,70,155,3418,0.013208650052547455,0,1
1407,70,155,275,0.3547692894935608,0,1
1408,70,155,1465,0.564414381980896,0,1
1409,70,155,2060,0.0936046689748764,0,1
1410,70,155,3023,0.10315341502428055,0,1
1411,70,155,844,0.030917786061763763,0,1
1412,70,155,2347,0.05210474133491516,0,1
1413,70,155,1429,0.4534798562526703,0,1
1414,70,155,4070,0.11739230155944824,0,1
1415,70,155,332,0.2626173496246338,0,1
1416,70,155,1032,0.12222098559141159,0,1
1417,70,155,3791,0.22994399070739746,0,1
1418,70,155,3620,0.34815672039985657,0,1
1419,70,155,3302,0.09607194364070892,0,1
1420,71,578,578,0.6452413201332092,1,1
1421,71,578,3267,0.45050594210624695,0,1
1422,71,578,1268,0.014480738900601864,0,1
1423,71,578,2481,0.17561616003513336,0,1
1424,71,578,3788,0.24856701493263245,0,1
1425,71,578,3643,0.05343073233962059,0,1
1426,71,578,3376,0.22516092658042908,0,1
1427,71,578,1394,0.023790601640939713,0,1
1428,71,578,2500,0.01426795031875372,0,1
1429,71,578,2257,0.030966171994805336,0,1
1430,71,578,1618,0.08666444569826126,0,1
1431,71,578,1814,0.25384601950645447,0,1
1432,71,578,868,0.09307314455509186,0,1
1433,71,578,2347,0.005570918321609497,0,1
1434,71,578,1842,0.017269931733608246,0,1
1435,71,578,950,0.1580236256122589,0,1
1436,71,578,2087,0.2047886848449707,0,1
1437,71,578,4094,0.06763417273759842,0,1
1438,71,578,597,0.15997451543807983,0,1
1439,71,578,787,0.03709423169493675,0,1
1440,72,1315,1315,0.8493788242340088,1,1
1441,72,1315,617,0.0035592438653111458,0,1
1442,72,1315,3942,0.00016921879432629794,0,1
1443,72,1315,1572,0.18910689651966095,0,1
1444,72,1315,3188,0.1261993944644928,0,1
1445,72,1315,64,0.019215036183595657,0,1
1446,72,1315,746,0.011131839826703072,0,1
1447,72,1315,2866,3.265321720391512e-05,0,1
1448,72,1315,489,0.0011726616648957133,0,1
1449,72,1315,559,0.00031178686185739934,0,1
1450,72,1315,432,0.0024701321963220835,0,1
1451,72,1315,3712,0.0010461794445291162,0,1
1452,72,1315,4146,2.842996991603286e-06,0,1
1453,72,1315,2998,0.05247495323419571,0,1
1454,72,1315,941,9.999399480875582e-05,0,1
1455,72,1315,2328,2.6723242626758292e-05,0,1
1456,72,1315,2535,0.01724061369895935,0,1
1457,72,1315,1691,0.2581670880317688,0,1
1458,72,1315,17,0.00239010457880795,0,1
1459,72,1315,1802,0.02183609828352928,0,1
1460,73,4178,4178,0.8845522403717041,1,1
1461,73,4178,777,0.16329611837863922,0,1
1462,73,4178,1862,0.8538318872451782,0,1
1463,73,4178,1064,0.1393902748823166,0,1
1464,73,4178,1131,0.33946529030799866,0,1
1465,73,4178,848,0.1485656052827835,0,1
1466,73,4178,1211,0.43341800570487976,0,1
1467,73,4178,1998,0.2523442208766937,0,1
1468,73,4178,306,0.04158230125904083,0,1
1469,73,4178,1230,0.24521078169345856,0,1
1470,73,4178,221,0.4035809636116028,0,1
1471,73,4178,2641,0.5900458097457886,0,1
1472,73,4178,3664,0.66450434923172,0,1
1473,73,4178,332,0.014276147820055485,0,1
1474,73,4178,1376,0.040475890040397644,0,1
1475,73,4178,3771,0.4357074797153473,0,1
1476,73,4178,3631,0.15759356319904327,0,1
1477,73,4178,1251,0.22469176352024078,0,1
1478,73,4178,68,0.021824482828378677,0,1
1479,73,4178,1187,0.362059623003006,0,1
1480,74,2341,2341,0.5285946726799011,1,1
1481,74,2341,2386,0.2866438627243042,0,1
1482,74,2341,1579,0.20592260360717773,0,1
1483,74,2341,2354,0.44085144996643066,0,1
1484,74,2341,3630,0.0740814134478569,0,1
1485,74,2341,511,0.5053895711898804,0,1
1486,74,2341,302,0.31787919998168945,0,1
1487,74,2341,1126,0.42649009823799133,0,1
1488,74,2341,3753,0.21566937863826752,0,1
1489,74,2341,2805,0.5180625915527344,0,1
1490,74,2341,3709,0.3273114562034607,0,1
1491,74,2341,3992,0.3753231167793274,0,1
1492,74,2341,3723,0.07729484885931015,0,1
1493,74,2341,909,0.3965629041194916,0,1
1494,74,2341,2207,0.40860462188720703,0,1
1495,74,2341,1519,0.39398396015167236,0,1
1496,74,2341,3273,0.05720638111233711,0,1
1497,74,2341,1292,0.16823282837867737,0,1
1498,74,2341,3306,0.3480141758918762,0,1
1499,74,2341,2295,0.18707849085330963,0,1
1500,75,3788,3788,0.6006826162338257,1,3
1501,75,3788,1794,0.546897292137146,0,3
1502,75,3788,318,0.41720709204673767,0,3
1503,75,3788,3732,0.4024922847747803,0,3
1504,75,3788,1704,0.2362101823091507,0,3
1505,75,3788,1875,0.12759624421596527,0,3
1506,75,3788,477,0.4739762544631958,0,3
1507,75,3788,687,0.6203843951225281,0,3
1508,75,3788,3447,0.06476309895515442,0,3
1509,75,3788,1438,0.11208760738372803,0,3
1510,75,3788,195,0.20312774181365967,0,3
1511,75,3788,1319,0.22556990385055542,0,3
1512,75,3788,558,0.07142747938632965,0,3
1513,75,3788,1498,0.24617499113082886,0,3
1514,75,3788,2593,0.3600756525993347,0,3
1515,75,3788,3043,0.15958167612552643,0,3
1516,75,3788,3868,0.28745388984680176,0,3
1517,75,3788,2712,0.20982569456100464,0,3
1518,75,3788,3453,0.6817997694015503,0,3
1519,75,3788,1291,0.0625980943441391,0,3
1520,76,1964,1964,0.5724671483039856,1,4
1521,76,1964,4122,0.8299815058708191,0,4
1522,76,1964,2575,0.3427636921405792,0,4
1523,76,1964,2246,0.1709267497062683,0,4
1524,76,1964,844,0.24183928966522217,0,4
1525,76,1964,407,0.600483775138855,0,4
1526,76,1964,2042,0.42649269104003906,0,4
1527,76,1964,2200,0.28807777166366577,0,4
1528,76,1964,1597,0.4979345500469208,0,4
1529,76,1964,1541,0.3535739481449127,0,4
1530,76,1964,3411,0.3424723744392395,0,4
1531,76,1964,570,0.2804892659187317,0,4
1532,76,1964,3384,0.17914699018001556,0,4
1533,76,1964,266,0.113892562687397,0,4
1534,76,1964,4097,0.2073604166507721,0,4
1535,76,1964,3108,0.11339513212442398,0,4
1536,76,1964,1623,0.8279569149017334,0,4
1537,76,1964,1507,0.4416852295398712,0,4
1538,76,1964,1504,0.20338188111782074,0,4
1539,76,1964,1256,0.0785292312502861,0,4
1540,77,3664,3664,0.9638627171516418,1,1
1541,77,3664,1082,0.05732496455311775,0,1
1542,77,3664,1240,0.38124218583106995,0,1
1543,77,3664,1635,0.5949760675430298,0,1
1544,77,3664,3237,0.1718626767396927,0,1
1545,77,3664,65,0.012706003151834011,0,1
1546,77,3664,434,0.09322816133499146,0,1
1547,77,3664,4098,0.5837886333465576,0,1
1548,77,3664,3652,0.7012000679969788,0,1
1549,77,3664,1649,0.10153192281723022,0,1
1550,77,3664,3667,0.5455370545387268,0,1
1551,77,3664,2262,0.5182247161865234,0,1
1552,77,3664,1924,0.006287863943725824,0,1
1553,77,3664,949,0.616204559803009,0,1
1554,77,3664,4111,0.12117400765419006,0,1
1555,77,3664,642,0.5732905268669128,0,1
1556,77,3664,3041,0.09171190857887268,0,1
1557,77,3664,1508,0.7917548418045044,0,1
1558,77,3664,2135,0.6847960352897644,0,1
1559,77,3664,1572,0.031578801572322845,0,1
1560,78,910,910,0.7516411542892456,1,2
1561,78,910,2153,0.6699203252792358,0,2
1562,78,910,3873,0.549767017364502,0,2
1563,78,910,2435,0.0912909284234047,0,2
1564,78,910,1533,0.6141217947006226,0,2
1565,78,910,313,0.3831641376018524,0,2
1566,78,910,2050,0.23656681180000305,0,2
1567,78,910,3348,0.15315501391887665,0,2
1568,78,910,2747,0.133052796125412,0,2
1569,78,910,2063,0.46907520294189453,0,2
1570,78,910,676,0.3151248097419739,0,2
1571,78,910,719,0.47358980774879456,0,2
1572,78,910,1343,0.8804447054862976,0,2
1573,78,910,3766,0.6125015616416931,0,2
1574,78,910,2401,0.4330196976661682,0,2
1575,78,910,478,0.0620252899825573,0,2
1576,78,910,3974,0.4626027047634125,0,2
1577,78,910,1788,0.10424625128507614,0,2
1578,78,910,1101,0.42162588238716125,0,2
1579,78,910,3306,0.36981457471847534,0,2
1580,79,121,121,0.6896014213562012,1,1
1581,79,121,739,0.2603582739830017,0,1
1582,79,121,2273,0.003555028233677149,0,1
1583,79,121,1895,0.37103480100631714,0,1
1584,79,121,610,0.4283435344696045,0,1
1585,79,121,1470,0.020351853221654892,0,1
1586,79,121,1197,0.24954046308994293,0,1
1587,79,121,2554,0.19868028163909912,0,1
1588,79,121,3987,0.07995866239070892,0,1
1589,79,121,3079,0.04798789322376251,0,1
1590,79,121,2402,0.040624119341373444,0,1
1591,79,121,3366,0.3214334547519684,0,1
1592,79,121,703,0.11574095487594604,0,1
1593,79,121,4052,0.011059578508138657,0,1
1594,79,121,2106,0.2862667143344879,0,1
1595,79,121,419,0.1757570058107376,0,1
1596,79,121,1473,0.2885560095310211,0,1
1597,79,121,2994,0.13062256574630737,0,1
1598,79,121,2504,0.014122897759079933,0,1
1599,79,121,3280,0.1113303080201149,0,1
1600,80,3377,3377,0.6165358424186707,1,3
1601,80,3377,1598,0.13451696932315826,0,3
1602,80,3377,553,0.3643338680267334,0,3
1603,80,3377,3977,0.32973942160606384,0,3
1604,80,3377,666,0.4443625211715698,0,3
1605,80,3377,360,0.4265373647212982,0,3
1606,80,3377,1990,0.07291996479034424,0,3
1607,80,3377,2225,0.45062994956970215,0,3
1608,80,3377,748,0.42277583479881287,0,3
1609,80,3377,175,0.5569233894348145,0,3
1610,80,3377,3466,0.12923027575016022,0,3
1611,80,3377,3373,0.5956711173057556,0,3
1612,80,3377,840,0.05523794889450073,0,3
1613,80,3377,3454,0.7929158210754395,0,3
1614,80,3377,2679,0.2641638219356537,0,3
1615,80,3377,4002,0.4976430833339691,0,3
1616,80,3377,3436,0.5126351118087769,0,3
1617,80,3377,1634,0.626837968826294,0,3
1618,80,3377,752,0.38130563497543335,0,3
1619,80,3377,1925,0.5004332661628723,0,3
1620,81,3120,3120,0.5947901010513306,1,3
1621,81,3120,2153,0.5215840339660645,0,3
1622,81,3120,1172,0.5092812776565552,0,3
1623,81,3120,3697,0.1504424661397934,0,3
1624,81,3120,305,0.6184268593788147,0,3
1625,81,3120,1272,0.42657285928726196,0,3
1626,81,3120,3874,0.4175002872943878,0,3
1627,81,3120,94,0.1451442837715149,0,3
1628,81,3120,693,0.5254969000816345,0,3
1629,81,3120,1206,0.47991999983787537,0,3
1630,81,3120,2318,0.2616283893585205,0,3
1631,81,3120,2170,0.704434871673584,0,3
1632,81,3120,169,0.21042947471141815,0,3
1633,81,3120,3798,0.17643751204013824,0,3
1634,81,3120,4156,0.2556891143321991,0,3
1635,81,3120,1502,0.0533166266977787,0,3
1636,81,3120,1894,0.22380974888801575,0,3
1637,81,3120,2632,0.031682178378105164,0,3
1638,81,3120,1964,0.42125070095062256,0,3
1639,81,3120,2700,0.26955753564834595,0,3
1640,82,895,895,0.5602661967277527,1,2
1641,82,895,2904,0.40635034441947937,0,2
1642,82,895,416,0.43906596302986145,0,2
1643,82,895,1905,0.29106229543685913,0,2
1644,82,895,4174,0.4128826856613159,0,2
1645,82,895,1406,0.7638892531394958,0,2
1646,82,895,4006,0.2964523434638977,0,2
1647,82,895,505,0.2140246033668518,0,2
1648,82,895,1230,0.03619799762964249,0,2
1649,82,895,2549,0.13653592765331268,0,2
1650,82,895,405,0.1598360389471054,0,2
1651,82,895,1176,0.10292842984199524,0,2
1652,82,895,2564,0.5377317070960999,0,2
1653,82,895,1875,0.41351187229156494,0,2
1654,82,895,4036,0.3251558840274811,0,2
1655,82,895,2693,0.1188761368393898,0,2
1656,82,895,3429,0.14056998491287231,0,2
1657,82,895,3971,0.04636818915605545,0,2
1658,82,895,209,0.3443548381328583,0,2
1659,82,895,3595,0.426613450050354,0,2
1660,83,2104,2104,0.9953286647796631,1,1
1661,83,2104,2317,0.08284790813922882,0,1
1662,83,2104,2964,0.00018352505867369473,0,1
1663,83,2104,1588,0.11304973810911179,0,1
1664,83,2104,3046,5.855913695995696e-05,0,1
1665,83,2104,3356,0.1838572770357132,0,1
1666,83,2104,3923,0.005593000445514917,0,1
1667,83,2104,1730,0.00033879655529744923,0,1
1668,83,2104,1087,0.022287912666797638,0,1
1669,83,2104,1579,0.044692736119031906,0,1
1670,83,2104,583,0.02754204161465168,0,1
1671,83,2104,2619,0.005425838753581047,0,1
1672,83,2104,1562,0.050091322511434555,0,1
1673,83,2104,2046,0.06489899754524231,0,1
1674,83,2104,4092,0.00030036194948479533,0,1
1675,83,2104,1298,0.041479237377643585,0,1
1676,83,2104,683,0.005246483720839024,0,1
1677,83,2104,4128,0.010251205414533615,0,1
1678,83,2104,2691,0.0038352643605321646,0,1
1679,83,2104,1110,0.007628441322594881,0,1
1680,84,3321,3321,0.6197900772094727,1,3
1681,84,3321,154,0.3948034346103668,0,3
1682,84,3321,624,0.2953360974788666,0,3
1683,84,3321,1262,0.5277078747749329,0,3
1684,84,3321,3668,0.43616563081741333,0,3
1685,84,3321,3596,0.47961854934692383,0,3
1686,84,3321,560,0.41433393955230713,0,3
1687,84,3321,1608,0.8569764494895935,0,3
1688,84,3321,3236,0.3023967444896698,0,3
1689,84,3321,1886,0.23823703825473785,0,3
1690,84,3321,3367,0.7353552579879761,0,3
1691,84,3321,3538,0.4612514078617096,0,3
1692,84,3321,3607,0.08400655537843704,0,3
1693,84,3321,2678,0.019207507371902466,0,3
1694,84,3321,1813,0.4714532792568207,0,3
1695,84,3321,814,0.5826246738433838,0,3
1696,84,3321,765,0.2509332001209259,0,3
1697,84,3321,505,0.5169768333435059,0,3
1698,84,3321,2600,0.4214973449707031,0,3
1699,84,3321,3569,0.10991964489221573,0,3
1700,85,2315,2315,0.999112069606781,1,1
1701,85,2315,1791,0.1061284989118576,0,1
1702,85,2315,397,0.030753610655665398,0,1
1703,85,2315,1120,1.497660377935972e-06,0,1
1704,85,2315,862,0.005911848042160273,0,1
1705,85,2315,2549,0.0002562931622378528,0,1
1706,85,2315,1344,0.019857095554471016,0,1
1707,85,2315,103,0.0003327447338961065,0,1
1708,85,2315,2814,0.03993842750787735,0,1
1709,85,2315,2983,0.0004754204419441521,0,1
1710,85,2315,56,0.9964717626571655,0,1
1711,85,2315,2911,0.01167895458638668,0,1
1712,85,2315,1941,5.60479804789793e-08,0,1
1713,85,2315,1584,0.011637972667813301,0,1
1714,85,2315,3234,0.0007599577074870467,0,1
1715,85,2315,1636,1.3369432672050152e-08,0,1
1716,85,2315,3961,1.6652087651891634e-05,0,1
1717,85,2315,1451,0.0015265747206285596,0,1
1718,85,2315,2795,0.00011600205471040681,0,1
1719,85,2315,182,0.06818674504756927,0,1
1720,86,1055,1055,0.8445092439651489,1,3
1721,86,1055,3531,0.46343642473220825,0,3
1722,86,1055,2064,0.06205177679657936,0,3
1723,86,1055,181,0.7107393741607666,0,3
1724,86,1055,4056,0.7260047197341919,0,3
1725,86,1055,2942,0.5024120807647705,0,3
1726,86,1055,1995,0.23831479251384735,0,3
1727,86,1055,1282,0.28253045678138733,0,3
1728,86,1055,3767,0.4253581166267395,0,3
1729,86,1055,1815,0.5316445231437683,0,3
1730,86,1055,789,0.27848485112190247,0,3
1731,86,1055,3431,0.8704867362976074,0,3
1732,86,1055,3021,0.4647808372974396,0,3
1733,86,1055,763,0.2585740387439728,0,3
1734,86,1055,2885,0.9127153754234314,0,3
1735,86,1055,1653,0.03775467351078987,0,3
1736,86,1055,3853,0.4466809332370758,0,3
1737,86,1055,1547,0.20481711626052856,0,3
1738,86,1055,1109,0.5209195017814636,0,3
1739,86,1055,3868,0.6940650343894958,0,3
1740,87,709,709,0.8003674745559692,1,3
1741,87,709,2395,0.35767996311187744,0,3
1742,87,709,3799,0.21687166392803192,0,3
1743,87,709,692,0.48547855019569397,0,3
1744,87,709,2371,0.24734830856323242,0,3
1745,87,709,1804,0.17571844160556793,0,3
1746,87,709,2856,0.34303346276283264,0,3
1747,87,709,607,0.45557478070259094,0,3
1748,87,709,2249,0.2832581400871277,0,3
1749,87,709,286,0.8840819597244263,0,3
1750,87,709,1761,0.11392173916101456,0,3
1751,87,709,3352,0.4709339439868927,0,3
1752,87,709,274,0.3656926453113556,0,3
1753,87,709,249,0.4713050127029419,0,3
1754,87,709,1436,0.010145475156605244,0,3
1755,87,709,2789,0.06719382107257843,0,3
1756,87,709,2818,0.5117595791816711,0,3
1757,87,709,3986,0.8504737019538879,0,3
1758,87,709,2562,0.5563544631004333,0,3
1759,87,709,1327,0.3899887502193451,0,3
1760,88,504,504,0.6747439503669739,1,2
1761,88,504,2378,0.44279369711875916,0,2
1762,88,504,127,0.3072103261947632,0,2
1763,88,504,1651,0.06606342643499374,0,2
1764,88,504,629,0.7724542021751404,0,2
1765,88,504,3486,0.4322439134120941,0,2
1766,88,504,3673,0.357876181602478,0,2
1767,88,504,307,0.6399808526039124,0,2
1768,88,504,2684,0.12448109686374664,0,2
1769,88,504,688,0.3670668601989746,0,2
1770,88,504,2692,0.21270446479320526,0,2
1771,88,504,423,0.3613488972187042,0,2
1772,88,504,524,0.043193519115448,0,2
1773,88,504,2131,0.3101377487182617,0,2
1774,88,504,532,0.37322062253952026,0,2
1775,88,504,2449,0.0729728490114212,0,2
1776,88,504,2053,0.06667112559080124,0,2
1777,88,504,700,0.10887503623962402,0,2
1778,88,504,2042,0.33367085456848145,0,2
1779,88,504,2821,0.4369112551212311,0,2
1780,89,3111,3111,0.706670880317688,1,3
1781,89,3111,2886,0.5631139278411865,0,3
1782,89,3111,3269,0.37513062357902527,0,3
1783,89,3111,4102,0.49259111285209656,0,3
1784,89,3111,1093,0.40286654233932495,0,3
1785,89,3111,2638,0.2151745706796646,0,3
1786,89,3111,206,0.5772880911827087,0,3
1787,89,3111,1751,0.29164227843284607,0,3
1788,89,3111,1463,0.2629544734954834,0,3
1789,89,3111,2266,0.4004322588443756,0,3
1790,89,3111,21,0.3597610890865326,0,3
1791,89,3111,3507,0.5576096177101135,0,3
1792,89,3111,2604,0.5123853087425232,0,3
1793,89,3111,2125,0.5506151914596558,0,3
1794,89,3111,2543,0.5122202038764954,0,3
1795,89,3111,2382,0.4539656639099121,0,3
1796,89,3111,553,0.4475111961364746,0,3
1797,89,3111,316,0.37451717257499695,0,3
1798,89,3111,3201,0.9515776634216309,0,3
1799,89,3111,3497,0.7438589930534363,0,3
1800,90,3688,3688,0.8429697155952454,1,2
1801,90,3688,1612,0.2217433750629425,0,2
1802,90,3688,974,0.5488735437393188,0,2
1803,90,3688,112,0.424140989780426,0,2
1804,90,3688,3094,0.6160228848457336,0,2
1805,90,3688,12,0.009648175910115242,0,2
1806,90,3688,2129,0.1554912030696869,0,2
1807,90,3688,479,0.15220032632350922,0,2
1808,90,3688,110,0.4440865218639374,0,2
1809,90,3688,2244,0.06737994402647018,0,2
1810,90,3688,2926,0.4846522808074951,0,2
1811,90,3688,3913,0.667431116104126,0,2
1812,90,3688,1,0.23590753972530365,0,2
1813,90,3688,3674,0.13173691928386688,0,2
1814,90,3688,3242,0.6490078568458557,0,2
1815,90,3688,1095,0.47591957449913025,0,2
1816,90,3688,2091,0.5376932621002197,0,2
1817,90,3688,3627,0.8652814030647278,0,2
1818,90,3688,680,0.04627872258424759,0,2
1819,90,3688,1167,0.04649001359939575,0,2
1820,91,3791,3791,0.7563127875328064,1,3
1821,91,3791,2656,0.24427565932273865,0,3
1822,91,3791,1587,0.21803778409957886,0,3
1823,91,3791,3266,0.13271047174930573,0,3
1824,91,3791,4131,0.3853704333305359,0,3
1825,91,3791,2422,0.6194339990615845,0,3
1826,91,3791,2300,0.09806898236274719,0,3
1827,91,3791,3664,0.6647205352783203,0,3
1828,91,3791,309,0.7958806753158569,0,3
1829,91,3791,2408,0.016294343397021294,0,3
1830,91,3791,1018,0.8759630918502808,0,3
1831,91,3791,822,0.5774563550949097,0,3
1832,91,3791,2633,0.11758820712566376,0,3
1833,91,3791,2297,0.35249167680740356,0,3
1834,91,3791,3510,0.4328918755054474,0,3
1835,91,3791,1223,0.39983275532722473,0,3
1836,91,3791,24,0.15345753729343414,0,3
1837,91,3791,861,0.07495435327291489,0,3
1838,91,3791,3523,0.7286074757575989,0,3
1839,91,3791,2107,0.1841103583574295,0,3
1840,92,1889,1889,0.928808867931366,1,1
1841,92,1889,4041,0.047046855092048645,0,1
1842,92,1889,1196,0.004953198134899139,0,1
1843,92,1889,186,0.002049966948106885,0,1
1844,92,1889,3252,0.09644783288240433,0,1
1845,92,1889,217,0.15126368403434753,0,1
1846,92,1889,3243,0.0947904884815216,0,1
1847,92,1889,816,0.035113830119371414,0,1
1848,92,1889,3622,0.0093071972951293,0,1
1849,92,1889,3308,0.10784345120191574,0,1
1850,92,1889,3651,0.03570244461297989,0,1
1851,92,1889,624,0.0046849120408296585,0,1
1852,92,1889,2382,0.3309008479118347,0,1
1853,92,1889,3824,0.23645147681236267,0,1
1854,92,1889,634,0.005998896900564432,0,1
1855,92,1889,257,7.761097367620096e-05,0,1
1856,92,1889,3844,6.893732643220574e-05,0,1
1857,92,1889,2603,0.007327719125896692,0,1
1858,92,1889,1977,0.16579106450080872,0,1
1859,92,1889,1702,0.21318180859088898,0,1
1860,93,3576,3576,0.6519907116889954,1,1
1861,93,3576,2724,0.02222500927746296,0,1
1862,93,3576,3302,0.019042298197746277,0,1
1863,93,3576,183,0.13647660613059998,0,1
1864,93,3576,2814,0.27883270382881165,0,1
1865,93,3576,959,0.012439902871847153,0,1
1866,93,3576,2927,0.35596928000450134,0,1
1867,93,3576,564,0.0810547024011612,0,1
1868,93,3576,1763,0.1425524652004242,0,1
1869,93,3576,1244,0.11491290479898453,0,1
1870,93,3576,2947,0.030385827645659447,0,1
1871,93,3576,1936,0.2359851598739624,0,1
1872,93,3576,3434,0.009470322169363499,0,1
1873,93,3576,3420,0.11544842272996902,0,1
1874,93,3576,440,0.03854798525571823,0,1
1875,93,3576,2005,0.1455245167016983,0,1
1876,93,3576,2016,0.08596064150333405,0,1
1877,93,3576,1708,0.016834113746881485,0,1
1878,93,3576,131,0.2731885313987732,0,1
1879,93,3576,2551,0.0029814550653100014,0,1
1880,94,1427,1427,0.859067440032959,1,1
1881,94,1427,1108,0.03557991981506348,0,1
1882,94,1427,3620,0.06458868086338043,0,1
1883,94,1427,2452,0.23843353986740112,0,1
1884,94,1427,3679,0.025059202685952187,0,1
1885,94,1427,1164,0.060065705329179764,0,1
1886,94,1427,2428,0.10325582325458527,0,1
1887,94,1427,3806,0.009020892903208733,0,1
1888,94,1427,627,0.37250345945358276,0,1
1889,94,1427,3387,0.0016396809369325638,0,1
1890,94,1427,3684,0.09519311040639877,0,1
1891,94,1427,1148,0.011354094371199608,0,1
1892,94,1427,647,0.0008913768106140196,0,1
1893,94,1427,3407,0.020910372957587242,0,1
1894,94,1427,2847,0.008532047271728516,0,1
1895,94,1427,846,0.24809259176254272,0,1
1896,94,1427,582,0.018443774431943893,0,1
1897,94,1427,1444,0.17922838032245636,0,1
1898,94,1427,1585,0.33430343866348267,0,1
1899,94,1427,3026,0.06919190287590027,0,1
1900,95,1163,1163,0.567303478717804,1,1
1901,95,1163,3135,0.21047277748584747,0,1
1902,95,1163,173,0.39994877576828003,0,1
1903,95,1163,293,0.31273725628852844,0,1
1904,95,1163,2160,0.44451308250427246,0,1
1905,95,1163,1077,0.4829372763633728,0,1
1906,95,1163,1594,0.12812088429927826,0,1
1907,95,1163,1162,0.38803601264953613,0,1
1908,95,1163,91,0.48321259021759033,0,1
1909,95,1163,2098,0.15254715085029602,0,1
1910,95,1163,3249,0.29498085379600525,0,1
1911,95,1163,998,0.47334131598472595,0,1
1912,95,1163,452,0.427152544260025,0,1
1913,95,1163,34,0.5150859951972961,0,1
1914,95,1163,4009,0.41688042879104614,0,1
1915,95,1163,1246,0.34538793563842773,0,1
1916,95,1163,2442,0.407476544380188,0,1
1917,95,1163,1135,0.4988057017326355,0,1
1918,95,1163,2547,0.35717397928237915,0,1
1919,95,1163,3484,0.19584129750728607,0,1
1920,96,1846,1846,0.6817458868026733,1,4
1921,96,1846,54,0.4052866995334625,0,4
1922,96,1846,1782,0.1174900084733963,0,4
1923,96,1846,3458,0.6897919774055481,0,4
1924,96,1846,713,0.3918018937110901,0,4
1925,96,1846,1456,0.4188583195209503,0,4
1926,96,1846,2294,0.6401796340942383,0,4
1927,96,1846,3814,0.15258289873600006,0,4
1928,96,1846,1,0.5270487070083618,0,4
1929,96,1846,2478,0.52180016040802,0,4
1930,96,1846,2479,0.9002199769020081,0,4
1931,96,1846,1640,0.6360325813293457,0,4
1932,96,1846,1826,0.4625777006149292,0,4
1933,96,1846,3524,0.7152763605117798,0,4
1934,96,1846,785,0.5298222303390503,0,4
1935,96,1846,3970,0.5397897958755493,0,4
1936,96,1846,2079,0.2194189429283142,0,4
1937,96,1846,2477,0.43472954630851746,0,4
1938,96,1846,1352,0.19177944958209991,0,4
1939,96,1846,1778,0.4075021743774414,0,4
1940,97,2743,2743,0.9288532137870789,1,2
1941,97,2743,2634,0.0469217374920845,0,2
1942,97,2743,3675,0.36562731862068176,0,2
1943,97,2743,1105,0.001820330391637981,0,2
1944,97,2743,860,0.03357604146003723,0,2
1945,97,2743,3917,0.5657059550285339,0,2
1946,97,2743,2899,0.9589665532112122,0,2
1947,97,2743,3262,0.044582296162843704,0,2
1948,97,2743,3158,0.004632661584764719,0,2
1949,97,2743,2094,0.4143735468387604,0,2
1950,97,2743,455,0.21055980026721954,0,2
1951,97,2743,3557,0.44455698132514954,0,2
1952,97,2743,351,0.7891109585762024,0,2
1953,97,2743,3520,0.002236158587038517,0,2
1954,97,2743,4011,0.7279452681541443,0,2
1955,97,2743,3921,0.1318810135126114,0,2
1956,97,2743,2862,0.060397472232580185,0,2
1957,97,2743,2694,0.4155202805995941,0,2
1958,97,2743,1811,0.14579960703849792,0,2
1959,97,2743,2043,0.9135113954544067,0,2
1960,98,4031,4031,0.7208372950553894,1,1
1961,98,4031,1619,0.40184924006462097,0,1
1962,98,4031,1785,0.17130497097969055,0,1
1963,98,4031,4062,0.6495847105979919,0,1
1964,98,4031,3402,0.1714121252298355,0,1
1965,98,4031,3279,0.19342675805091858,0,1
1966,98,4031,1736,0.44865262508392334,0,1
1967,98,4031,435,0.19381025433540344,0,1
1968,98,4031,3584,0.1860223114490509,0,1
1969,98,4031,1673,0.3153707683086395,0,1
1970,98,4031,1850,0.4489172697067261,0,1
1971,98,4031,2706,0.39053988456726074,0,1
1972,98,4031,3674,0.03072221577167511,0,1
1973,98,4031,1783,0.4262702465057373,0,1
1974,98,4031,1559,0.4367150068283081,0,1
1975,98,4031,855,0.5640043616294861,0,1
1976,98,4031,1054,0.2817440629005432,0,1
1977,98,4031,3963,0.11595582216978073,0,1
1978,98,4031,2772,0.02924162708222866,0,1
1979,98,4031,3007,0.5182200074195862,0,1
1980,99,873,873,0.7159355878829956,1,1
1981,99,873,3370,0.12239493429660797,0,1
1982,99,873,515,0.0005385535769164562,0,1
1983,99,873,3104,0.2906949818134308,0,1
1984,99,873,1659,0.06102488934993744,0,1
1985,99,873,2117,0.01063787192106247,0,1
1986,99,873,1256,0.09345139563083649,0,1
1987,99,873,594,0.039306387305259705,0,1
1988,99,873,4093,0.0338117741048336,0,1
1989,99,873,547,0.28511491417884827,0,1
1990,99,873,1016,0.027412695810198784,0,1
1991,99,873,2826,0.018038688227534294,0,1
1992,99,873,528,0.18632464110851288,0,1
1993,99,873,1923,0.0036654146388173103,0,1
1994,99,873,404,0.1801135241985321,0,1
1995,99,873,587,0.15918752551078796,0,1
1996,99,873,469,0.22764556109905243,0,1
1997,99,873,50,0.37102651596069336,0,1
1998,99,873,2920,0.06357426196336746,0,1
1999,99,873,2793,0.0031070420518517494,0,1
2000,100,2956,2956,0.5418981909751892,1,1
2001,100,2956,661,0.3353326618671417,0,1
2002,100,2956,3370,0.1142764464020729,0,1
2003,100,2956,3378,0.24806031584739685,0,1
2004,100,2956,3153,0.24078676104545593,0,1
2005,100,2956,1615,0.13082343339920044,0,1
2006,100,2956,2843,0.12059865146875381,0,1
2007,100,2956,866,0.2016780823469162,0,1
2008,100,2956,293,0.09550579637289047,0,1
2009,100,2956,1784,0.2627374529838562,0,1
2010,100,2956,3050,0.3637923002243042,0,1
2011,100,2956,2411,0.122285395860672,0,1
2012,100,2956,1091,0.14670713245868683,0,1
2013,100,2956,2449,0.15880785882472992,0,1
2014,100,2956,2169,0.4194432497024536,0,1
2015,100,2956,769,0.4030272364616394,0,1
2016,100,2956,3656,0.21024054288864136,0,1
2017,100,2956,113,0.40766844153404236,0,1
2018,100,2956,3237,0.22149154543876648,0,1
2019,100,2956,3889,0.1913333535194397,0,1
2020,101,1521,1521,0.5423813462257385,1,3
2021,101,1521,3060,0.45919278264045715,0,3
2022,101,1521,4120,0.3897632360458374,0,3
2023,101,1521,1099,0.6124690771102905,0,3
2024,101,1521,2166,0.34497642517089844,0,3
2025,101,1521,2592,0.3681084215641022,0,3
2026,101,1521,3936,0.4244801998138428,0,3
2027,101,1521,721,0.16222994029521942,0,3
2028,101,1521,696,0.22025878727436066,0,3
2029,101,1521,2763,0.08639413118362427,0,3
2030,101,1521,1381,0.1338990330696106,0,3
2031,101,1521,2942,0.4409785568714142,0,3
2032,101,1521,2497,0.2626987099647522,0,3
2033,101,1521,672,0.3477601110935211,0,3
2034,101,1521,3508,0.47208210825920105,0,3
2035,101,1521,507,0.11818602681159973,0,3
2036,101,1521,2416,0.5486210584640503,0,3
2037,101,1521,3410,0.36492449045181274,0,3
2038,101,1521,1913,0.03895595669746399,0,3
2039,101,1521,2164,0.27342382073402405,0,3
2040,102,2925,2925,0.5158032774925232,1,3
2041,102,2925,3093,0.2911629378795624,0,3
2042,102,2925,1550,0.4329879581928253,0,3
2043,102,2925,1960,0.4391559660434723,0,3
2044,102,2925,1126,0.4750160276889801,0,3
2045,102,2925,4171,0.2172941118478775,0,3
2046,102,2925,2657,0.3946053385734558,0,3
2047,102,2925,2313,0.544199526309967,0,3
2048,102,2925,1731,0.3459922969341278,0,3
2049,102,2925,3460,0.41501882672309875,0,3
2050,102,2925,706,0.216917484998703,0,3
2051,102,2925,606,0.3194204866886139,0,3
2052,102,2925,3130,0.4055326282978058,0,3
2053,102,2925,1286,0.45653560757637024,0,3
2054,102,2925,1154,0.31884273886680603,0,3
2055,102,2925,1297,0.2041524350643158,0,3
2056,102,2925,1477,0.6012741923332214,0,3
2057,102,2925,3685,0.4104008972644806,0,3
2058,102,2925,3832,0.2541526257991791,0,3
2059,102,2925,1352,0.17046555876731873,0,3
2060,103,2783,2783,0.9584789872169495,1,1
2061,103,2783,1304,0.01949106529355049,0,1
2062,103,2783,3178,0.04913914576172829,0,1
2063,103,2783,1479,0.8667634725570679,0,1
2064,103,2783,2995,0.602014422416687,0,1
2065,103,2783,3323,0.007103655021637678,0,1
2066,103,2783,1301,0.022467434406280518,0,1
2067,103,2783,662,0.5408434867858887,0,1
2068,103,2783,336,0.0037939182948321104,0,1
2069,103,2783,1331,0.01829984039068222,0,1
2070,103,2783,3871,0.20844195783138275,0,1
2071,103,2783,2735,0.11262442916631699,0,1
2072,103,2783,768,0.37941646575927734,0,1
2073,103,2783,3430,0.6492072343826294,0,1
2074,103,2783,1504,0.14737559854984283,0,1
2075,103,2783,2211,0.21376928687095642,0,1
2076,103,2783,22,0.4580439627170563,0,1
2077,103,2783,3574,0.008848692290484905,0,1
2078,103,2783,1087,0.3324873149394989,0,1
2079,103,2783,3452,0.41726255416870117,0,1
2080,104,3955,3955,0.89903324842453,1,2
2081,104,3955,3881,0.37583085894584656,0,2
2082,104,3955,958,0.01253652386367321,0,2
2083,104,3955,1722,0.8209052085876465,0,2
2084,104,3955,2916,0.27697935700416565,0,2
2085,104,3955,2838,0.5328934788703918,0,2
2086,104,3955,3027,0.7874547839164734,0,2
2087,104,3955,292,0.9468031525611877,0,2
2088,104,3955,2580,0.5588985681533813,0,2
2089,104,3955,2396,0.2999865710735321,0,2
2090,104,3955,751,0.7348183393478394,0,2
2091,104,3955,1024,0.19180834293365479,0,2
2092,104,3955,1772,0.6987914443016052,0,2
2093,104,3955,1550,0.33053502440452576,0,2
2094,104,3955,273,0.21056121587753296,0,2
2095,104,3955,394,0.16915790736675262,0,2
2096,104,3955,1832,0.40814313292503357,0,2
2097,104,3955,5,0.39928215742111206,0,2
2098,104,3955,673,0.5762556195259094,0,2
2099,104,3955,31,0.5798437595367432,0,2
2100,105,1234,1234,0.6568220257759094,1,1
2101,105,1234,2818,0.4060027599334717,0,1
2102,105,1234,2902,0.429537296295166,0,1
2103,105,1234,1900,0.4636611342430115,0,1
2104,105,1234,2136,0.4181704521179199,0,1
2105,105,1234,444,0.2630191445350647,0,1
2106,105,1234,2663,0.3154594600200653,0,1
2107,105,1234,2929,0.5112320184707642,0,1
2108,105,1234,487,0.167741060256958,0,1
2109,105,1234,1515,0.028957705944776535,0,1
2110,105,1234,210,0.5323022603988647,0,1
2111,105,1234,3699,0.07010547816753387,0,1
2112,105,1234,1724,0.13153059780597687,0,1
2113,105,1234,2422,0.584987223148346,0,1
2114,105,1234,3945,0.34559544920921326,0,1
2115,105,1234,23,0.19062379002571106,0,1
2116,105,1234,1540,0.5260143280029297,0,1
2117,105,1234,1723,0.13086985051631927,0,1
2118,105,1234,1385,0.5055399537086487,0,1
2119,105,1234,1434,0.4492536187171936,0,1
2120,106,112,112,0.5548588037490845,1,1
2121,106,112,240,0.5196012258529663,0,1
2122,106,112,764,0.45118120312690735,0,1
2123,106,112,3014,0.4477645754814148,0,1
2124,106,112,3760,0.4847249984741211,0,1
2125,106,112,3716,0.2110893875360489,0,1
2126,106,112,321,0.47131842374801636,0,1
2127,106,112,1582,0.5529409050941467,0,1
2128,106,112,3224,0.4673977494239807,0,1
2129,106,112,1613,0.3465587794780731,0,1
2130,106,112,1088,0.42453303933143616,0,1
2131,106,112,2165,0.12349547445774078,0,1
2132,106,112,1922,0.3549416959285736,0,1
2133,106,112,2796,0.3018272817134857,0,1
2134,106,112,2166,0.16808077692985535,0,1
2135,106,112,894,0.37718984484672546,0,1
2136,106,112,1561,0.4704902470111847,0,1
2137,106,112,546,0.42600399255752563,0,1
2138,106,112,794,0.2204115092754364,0,1
2139,106,112,3065,0.4461658298969269,0,1
2140,107,3826,3826,0.7632937431335449,1,2
2141,107,3826,3573,0.024973690509796143,0,2
2142,107,3826,2473,0.38072043657302856,0,2
2143,107,3826,2646,0.9389268159866333,0,2
2144,107,3826,3558,0.3436177968978882,0,2
2145,107,3826,2868,0.33699122071266174,0,2
2146,107,3826,2094,0.17809657752513885,0,2
2147,107,3826,390,0.2808321416378021,0,2
2148,107,3826,3500,0.018671799451112747,0,2
2149,107,3826,2629,0.17498977482318878,0,2
2150,107,3826,2272,0.16315680742263794,0,2
2151,107,3826,377,0.2904949188232422,0,2
2152,107,3826,2411,0.18141666054725647,0,2
2153,107,3826,3924,0.6370697021484375,0,2
2154,107,3826,3788,0.2740573287010193,0,2
2155,107,3826,2124,0.3163594603538513,0,2
2156,107,3826,3086,0.33354073762893677,0,2
2157,107,3826,3435,0.4183422029018402,0,2
2158,107,3826,2254,0.2801496386528015,0,2
2159,107,3826,2286,0.12600715458393097,0,2
2160,108,4123,4123,0.8613772988319397,1,3
2161,108,4123,1928,0.1807442605495453,0,3
2162,108,4123,270,0.3280670940876007,0,3
2163,108,4123,2526,0.06988494098186493,0,3
2164,108,4123,2760,0.47926586866378784,0,3
2165,108,4123,635,0.8981642723083496,0,3
2166,108,4123,2038,0.45002281665802,0,3
2167,108,4123,3216,0.06297402828931808,0,3
2168,108,4123,653,0.2538340091705322,0,3
2169,108,4123,3666,0.5773272514343262,0,3
2170,108,4123,1339,0.025651879608631134,0,3
2171,108,4123,4134,0.703122079372406,0,3
2172,108,4123,2407,0.25585392117500305,0,3
2173,108,4123,2455,0.9153509140014648,0,3
2174,108,4123,3199,0.44372767210006714,0,3
2175,108,4123,1912,0.35209497809410095,0,3
2176,108,4123,39,0.008458678610622883,0,3
2177,108,4123,1647,0.3791463375091553,0,3
2178,108,4123,1141,0.7172132730484009,0,3
2179,108,4123,174,0.8319615125656128,0,3
2180,109,208,208,0.6633533835411072,1,1
2181,109,208,3404,0.0672968402504921,0,1
2182,109,208,1964,0.29440781474113464,0,1
2183,109,208,405,0.0580545999109745,0,1
2184,109,208,3097,0.16905279457569122,0,1
2185,109,208,2844,0.3230263590812683,0,1
2186,109,208,1695,0.47595280408859253,0,1
2187,109,208,341,0.28894034028053284,0,1
2188,109,208,194,0.03650262579321861,0,1
2189,109,208,3525,0.057441238313913345,0,1
2190,109,208,3433,0.28310731053352356,0,1
2191,109,208,4090,0.2178928107023239,0,1
2192,109,208,2762,0.08419758081436157,0,1
2193,109,208,1351,0.024460777640342712,0,1
2194,109,208,3535,0.08624201267957687,0,1
2195,109,208,3796,0.10175284743309021,0,1
2196,109,208,3341,0.18398305773735046,0,1
2197,109,208,3547,0.05889610946178436,0,1
2198,109,208,953,0.13336342573165894,0,1
2199,109,208,3804,0.3920232057571411,0,1
2200,110,3605,3605,0.6689345240592957,1,1
2201,110,3605,2074,0.10131008923053741,0,1
2202,110,3605,3338,0.4845466911792755,0,1
2203,110,3605,1396,0.35015004873275757,0,1
2204,110,3605,2015,0.10432535409927368,0,1
2205,110,3605,3296,0.09499554336071014,0,1
2206,110,3605,1973,0.5652922987937927,0,1
2207,110,3605,1940,0.09288513660430908,0,1
2208,110,3605,2032,0.061136167496442795,0,1
2209,110,3605,1721,0.1569645255804062,0,1
2210,110,3605,2583,0.07058095186948776,0,1
2211,110,3605,3287,0.2611638903617859,0,1
2212,110,3605,1131,0.49634042382240295,0,1
2213,110,3605,1497,0.08847164362668991,0,1
2214,110,3605,1540,0.1358650177717209,0,1
2215,110,3605,2413,0.20736315846443176,0,1
2216,110,3605,3176,0.25169771909713745,0,1
2217,110,3605,1578,0.2823484539985657,0,1
2218,110,3605,452,0.4247627854347229,0,1
2219,110,3605,2613,0.4524998962879181,0,1
2220,111,3667,3667,0.6595672965049744,1,2
2221,111,3667,1627,0.0590243935585022,0,2
2222,111,3667,1575,0.04990497976541519,0,2
2223,111,3667,4098,0.16342811286449432,0,2
2224,111,3667,2770,0.6093210577964783,0,2
2225,111,3667,418,0.48042386770248413,0,2
2226,111,3667,45,0.058824703097343445,0,2
2227,111,3667,3982,0.1675131618976593,0,2
2228,111,3667,2138,0.272859662771225,0,2
2229,111,3667,2605,0.6211189031600952,0,2
2230,111,3667,3437,0.041036784648895264,0,2
2231,111,3667,822,0.5623539090156555,0,2
2232,111,3667,3292,0.5763269066810608,0,2
2233,111,3667,1128,0.18927516043186188,0,2
2234,111,3667,2320,0.6035044193267822,0,2
2235,111,3667,3021,0.4673580527305603,0,2
2236,111,3667,75,0.33543193340301514,0,2
2237,111,3667,4044,0.6676041483879089,0,2
2238,111,3667,420,0.29727593064308167,0,2
2239,111,3667,2646,0.514352560043335,0,2
2240,112,2844,2844,0.5527087450027466,1,4
2241,112,2844,1052,0.621227502822876,0,4
2242,112,2844,3956,0.047641150653362274,0,4
2243,112,2844,962,0.5054095983505249,0,4
2244,112,2844,2807,0.13755112886428833,0,4
2245,112,2844,4093,0.5559912323951721,0,4
2246,112,2844,1592,0.2929890751838684,0,4
2247,112,2844,677,0.4585975706577301,0,4
2248,112,2844,2638,0.2899867594242096,0,4
2249,112,2844,481,0.10705609619617462,0,4
2250,112,2844,498,0.133318692445755,0,4
2251,112,2844,3169,0.43920812010765076,0,4
2252,112,2844,617,0.442411333322525,0,4
2253,112,2844,1002,0.2676866948604584,0,4
2254,112,2844,2252,0.34460386633872986,0,4
2255,112,2844,2857,0.5798576474189758,0,4
2256,112,2844,2091,0.4870924651622772,0,4
2257,112,2844,3566,0.08370378613471985,0,4
2258,112,2844,596,0.47537586092948914,0,4
2259,112,2844,1175,0.47843697667121887,0,4
2260,113,2578,2578,0.8513413071632385,1,2
2261,113,2578,2429,0.5620080232620239,0,2
2262,113,2578,424,0.012937548570334911,0,2
2263,113,2578,3880,0.028192635625600815,0,2
2264,113,2578,3588,0.48086538910865784,0,2
2265,113,2578,1114,0.368171751499176,0,2
2266,113,2578,3532,0.04231512174010277,0,2
2267,113,2578,1009,0.023298097774386406,0,2
2268,113,2578,678,0.11148696392774582,0,2
2269,113,2578,2773,0.033389125019311905,0,2
2270,113,2578,1809,0.8230400085449219,0,2
2271,113,2578,3541,0.035140011459589005,0,2
2272,113,2578,716,0.36169156432151794,0,2
2273,113,2578,2251,0.17808888852596283,0,2
2274,113,2578,925,0.25573816895484924,0,2
2275,113,2578,3470,0.04819953814148903,0,2
2276,113,2578,1893,0.37712153792381287,0,2
2277,113,2578,3535,0.8802205324172974,0,2
2278,113,2578,3984,0.5422600507736206,0,2
2279,113,2578,588,0.09429331868886948,0,2
2280,114,314,314,0.8063526749610901,1,1
2281,114,314,731,0.0008710771799087524,0,1
2282,114,314,4026,0.0014233957044780254,0,1
2283,114,314,1159,0.7664816379547119,0,1
2284,114,314,399,0.3780783712863922,0,1
2285,114,314,1087,0.06485126167535782,0,1
2286,114,314,2317,0.2693556249141693,0,1
2287,114,314,3181,0.09196251630783081,0,1
2288,114,314,3455,0.005183771252632141,0,1
2289,114,314,2216,0.2548622488975525,0,1
2290,114,314,1497,0.012446388602256775,0,1
2291,114,314,864,0.0006155992159619927,0,1
2292,114,314,923,0.012255125679075718,0,1
2293,114,314,143,0.3159884214401245,0,1
2294,114,314,3024,0.1798384040594101,0,1
2295,114,314,1208,0.008031385950744152,0,1
2296,114,314,403,0.4505394697189331,0,1
2297,114,314,50,0.27041327953338623,0,1
2298,114,314,3141,0.05554739758372307,0,1
2299,114,314,330,0.017674077302217484,0,1
2300,115,1750,1750,0.4807767868041992,1,1
2301,115,1750,1511,0.07739362865686417,0,1
2302,115,1750,1354,0.06465285271406174,0,1
2303,115,1750,956,0.22009700536727905,0,1
2304,115,1750,1744,0.11630568653345108,0,1
2305,115,1750,3524,0.229617178440094,0,1
2306,115,1750,2354,0.4204268157482147,0,1
2307,115,1750,74,0.33990636467933655,0,1
2308,115,1750,1227,0.18223175406455994,0,1
2309,115,1750,2154,0.1376812905073166,0,1
2310,115,1750,750,0.3840872645378113,0,1
2311,115,1750,1575,0.34765347838401794,0,1
2312,115,1750,234,0.10241637378931046,0,1
2313,115,1750,1056,0.3716658651828766,0,1
2314,115,1750,4009,0.31736060976982117,0,1
2315,115,1750,3165,0.03424016758799553,0,1
2316,115,1750,4086,0.26595571637153625,0,1
2317,115,1750,601,0.05917838588356972,0,1
2318,115,1750,1356,0.19938892126083374,0,1
2319,115,1750,3224,0.4033406674861908,0,1
2320,116,3923,3923,0.8466865420341492,1,1
2321,116,3923,1512,0.2784021198749542,0,1
2322,116,3923,2248,0.00459069199860096,0,1
2323,116,3923,2736,0.5038571357727051,0,1
2324,116,3923,215,0.14692886173725128,0,1
2325,116,3923,2052,0.09446711838245392,0,1
2326,116,3923,3838,0.3354847729206085,0,1
2327,116,3923,1629,0.5117388963699341,0,1
2328,116,3923,1168,0.4988165497779846,0,1
2329,116,3923,3066,0.19967420399188995,0,1
2330,116,3923,1095,0.48337846994400024,0,1
2331,116,3923,2429,0.8028951287269592,0,1
2332,116,3923,2873,0.11972382664680481,0,1
2333,116,3923,922,0.10177932679653168,0,1
2334,116,3923,569,0.010402982123196125,0,1
2335,116,3923,1848,0.2818123996257782,0,1
2336,116,3923,3034,0.06539343297481537,0,1
2337,116,3923,3780,0.7609828114509583,0,1
2338,116,3923,1013,0.3924110233783722,0,1
2339,116,3923,45,0.1228313073515892,0,1
2340,117,3732,3732,0.6400426626205444,1,5
2341,117,3732,452,0.45414987206459045,0,5
2342,117,3732,218,0.3924320936203003,0,5
2343,117,3732,1422,0.35176849365234375,0,5
2344,117,3732,59,0.42402398586273193,0,5
2345,117,3732,1290,0.43455708026885986,0,5
2346,117,3732,1951,0.6441699266433716,0,5
2347,117,3732,1407,0.6279874444007874,0,5
2348,117,3732,1446,0.7536529898643494,0,5
2349,117,3732,743,0.9775372743606567,0,5
2350,117,3732,3142,0.22727391123771667,0,5
2351,117,3732,2529,0.48630666732788086,0,5
2352,117,3732,2973,0.42160919308662415,0,5
2353,117,3732,1520,0.14194639027118683,0,5
2354,117,3732,3269,0.7795077562332153,0,5
2355,117,3732,803,0.4987238645553589,0,5
2356,117,3732,2693,0.020779088139533997,0,5
2357,117,3732,843,0.07260646671056747,0,5
2358,117,3732,4152,0.27548444271087646,0,5
2359,117,3732,3506,0.4029493033885956,0,5
2360,118,1414,1414,0.5421746969223022,1,1
2361,118,1414,3294,0.0646882876753807,0,1
2362,118,1414,4134,0.11388741433620453,0,1
2363,118,1414,2755,0.30203965306282043,0,1
2364,118,1414,4121,0.3544989228248596,0,1
2365,118,1414,489,0.19271785020828247,0,1
2366,118,1414,473,0.40136703848838806,0,1
2367,118,1414,3392,0.05060195177793503,0,1
2368,118,1414,2863,0.020630711689591408,0,1
2369,118,1414,1895,0.047837723046541214,0,1
2370,118,1414,1505,0.05894637852907181,0,1
2371,118,1414,3014,0.2731681764125824,0,1
2372,118,1414,3057,0.01634405367076397,0,1
2373,118,1414,3878,0.03753884881734848,0,1
2374,118,1414,379,0.0038687221240252256,0,1
2375,118,1414,1399,0.163776233792305,0,1
2376,118,1414,1793,0.02415601909160614,0,1
2377,118,1414,628,0.367045134305954,0,1
2378,118,1414,3442,0.2562588155269623,0,1
2379,118,1414,2611,0.03180195018649101,0,1
2380,119,3130,3130,0.756493866443634,1,2
2381,119,3130,1899,0.2074759602546692,0,2
2382,119,3130,881,0.194065123796463,0,2
2383,119,3130,2860,0.16152352094650269,0,2
2384,119,3130,4029,0.29879048466682434,0,2
2385,119,3130,1301,0.33723190426826477,0,2
2386,119,3130,2254,0.8571639060974121,0,2
2387,119,3130,483,0.23867583274841309,0,2
2388,119,3130,3865,0.13158825039863586,0,2
2389,119,3130,831,0.1840837448835373,0,2
2390,119,3130,3658,0.08502789586782455,0,2
2391,119,3130,3166,0.7359433770179749,0,2
2392,119,3130,1299,0.43135592341423035,0,2
2393,119,3130,1852,0.21835334599018097,0,2
2394,119,3130,833,0.2321341633796692,0,2
2395,119,3130,2339,0.013074045069515705,0,2
2396,119,3130,1734,0.19950763881206512,0,2
2397,119,3130,891,0.23971204459667206,0,2
2398,119,3130,182,0.2017497569322586,0,2
2399,119,3130,3812,0.07832478731870651,0,2
2400,120,3777,3777,0.8936299681663513,1,1
2401,120,3777,3116,0.257135808467865,0,1
2402,120,3777,4107,0.040017157793045044,0,1
2403,120,3777,685,0.1704297959804535,0,1
2404,120,3777,1017,0.3880959451198578,0,1
2405,120,3777,3893,0.27812421321868896,0,1
2406,120,3777,942,0.44486919045448303,0,1
2407,120,3777,1697,0.3523470163345337,0,1
2408,120,3777,3440,0.8766962289810181,0,1
2409,120,3777,3723,0.21693065762519836,0,1
2410,120,3777,4142,0.6841313242912292,0,1
2411,120,3777,358,0.31161385774612427,0,1
2412,120,3777,1743,0.450108140707016,0,1
2413,120,3777,3654,0.338121622800827,0,1
2414,120,3777,1168,0.42468124628067017,0,1
2415,120,3777,1112,0.35620102286338806,0,1
2416,120,3777,3545,0.44738349318504333,0,1
2417,120,3777,1682,0.3084689676761627,0,1
2418,120,3777,1799,0.4201519787311554,0,1
2419,120,3777,1476,0.3743132948875427,0,1
2420,121,3542,3542,0.6313393115997314,1,2
2421,121,3542,1671,0.0885610282421112,0,2
2422,121,3542,3920,0.49889689683914185,0,2
2423,121,3542,3639,0.6379246115684509,0,2
2424,121,3542,504,0.5054535865783691,0,2
2425,121,3542,3050,0.4832184910774231,0,2
2426,121,3542,1333,0.4306328296661377,0,2
2427,121,3542,2768,0.21060971915721893,0,2
2428,121,3542,903,0.3970774710178375,0,2
2429,121,3542,3156,0.49518007040023804,0,2
2430,121,3542,3637,0.5816872119903564,0,2
2431,121,3542,214,0.2895752489566803,0,2
2432,121,3542,2849,0.4049648940563202,0,2
2433,121,3542,1899,0.18894675374031067,0,2
2434,121,3542,1940,0.08028241991996765,0,2
2435,121,3542,702,0.4898318350315094,0,2
2436,121,3542,3537,0.5121833682060242,0,2
2437,121,3542,2893,0.11620275676250458,0,2
2438,121,3542,2411,0.05134328082203865,0,2
2439,121,3542,2524,0.5261015295982361,0,2
2440,122,2004,2004,0.6149558424949646,1,3
2441,122,2004,1486,0.4799192249774933,0,3
2442,122,2004,1290,0.38558506965637207,0,3
2443,122,2004,4103,0.5187738537788391,0,3
2444,122,2004,1798,0.5091705322265625,0,3
2445,122,2004,3883,0.5155370831489563,0,3
2446,122,2004,3054,0.5913472175598145,0,3
2447,122,2004,597,0.285503089427948,0,3
2448,122,2004,3442,0.5037466883659363,0,3
2449,122,2004,2526,0.2518647015094757,0,3
2450,122,2004,2384,0.31774982810020447,0,3
2451,122,2004,2117,0.4022621810436249,0,3
2452,122,2004,2731,0.16788192093372345,0,3
2453,122,2004,2515,0.20524588227272034,0,3
2454,122,2004,2877,0.061067648231983185,0,3
2455,122,2004,2870,0.6260682940483093,0,3
2456,122,2004,305,0.6450108289718628,0,3
2457,122,2004,1451,0.20109860599040985,0,3
2458,122,2004,2899,0.2255445271730423,0,3
2459,122,2004,181,0.5584635138511658,0,3
2460,123,2557,2557,0.7428871989250183,1,1
2461,123,2557,267,4.5601496822200716e-05,0,1
2462,123,2557,2274,0.4694409668445587,0,1
2463,123,2557,2107,0.0096390126273036,0,1
2464,123,2557,1099,0.0001700884458841756,0,1
2465,123,2557,3175,0.006110754329711199,0,1
2466,123,2557,2644,0.06032228469848633,0,1
2467,123,2557,1923,0.0018986125942319632,0,1
2468,123,2557,363,0.08384788781404495,0,1
2469,123,2557,2119,0.275373250246048,0,1
2470,123,2557,1306,0.10573677718639374,0,1
2471,123,2557,307,0.3245945870876312,0,1
2472,123,2557,2543,0.026718655601143837,0,1
2473,123,2557,2175,0.009119800291955471,0,1
2474,123,2557,505,0.18423858284950256,0,1
2475,123,2557,1599,0.031883604824543,0,1
2476,123,2557,3966,0.40791693329811096,0,1
2477,123,2557,3312,0.004520311485975981,0,1
2478,123,2557,1697,0.5740130543708801,0,1
2479,123,2557,3065,0.1905168741941452,0,1
2480,124,3768,3768,0.6686720252037048,1,2
2481,124,3768,3110,0.3232059180736542,0,2
2482,124,3768,2157,0.05122363567352295,0,2
2483,124,3768,1664,0.39027512073516846,0,2
2484,124,3768,3639,0.5454672574996948,0,2
2485,124,3768,2140,0.1282268613576889,0,2
2486,124,3768,4047,0.3549499213695526,0,2
2487,124,3768,3230,0.6953189373016357,0,2
2488,124,3768,1243,0.13221058249473572,0,2
2489,124,3768,3457,0.015496660955250263,0,2
2490,124,3768,2957,0.4113069176673889,0,2
2491,124,3768,3435,0.3689853847026825,0,2
2492,124,3768,1126,0.24280376732349396,0,2
2493,124,3768,3566,0.038592953234910965,0,2
2494,124,3768,3539,0.29294341802597046,0,2
2495,124,3768,3481,0.016101589426398277,0,2
2496,124,3768,2807,0.14585421979427338,0,2
2497,124,3768,3631,0.012738301418721676,0,2
2498,124,3768,3344,0.2002030313014984,0,2
2499,124,3768,3088,0.48884740471839905,0,2
2500,125,3957,3957,0.7080168724060059,1,1
2501,125,3957,4034,0.6125856041908264,0,1
2502,125,3957,2302,0.44365811347961426,0,1
2503,125,3957,1084,0.33987146615982056,0,1
2504,125,3957,3293,0.49164387583732605,0,1
2505,125,3957,4042,0.4926255941390991,0,1
2506,125,3957,555,0.3123067021369934,0,1
2507,125,3957,2046,0.460554301738739,0,1
2508,125,3957,4124,0.6225301623344421,0,1
2509,125,3957,115,0.29123225808143616,0,1
2510,125,3957,1203,0.362427681684494,0,1
2511,125,3957,2339,0.06003246456384659,0,1
2512,125,3957,3705,0.41694551706314087,0,1
2513,125,3957,1633,0.4386686384677887,0,1
2514,125,3957,924,0.2749194800853729,0,1
2515,125,3957,2833,0.33614814281463623,0,1
2516,125,3957,3215,0.16534759104251862,0,1
2517,125,3957,3865,0.4189673662185669,0,1
2518,125,3957,81,0.47681307792663574,0,1
2519,125,3957,4004,0.1187615618109703,0,1
2520,126,4113,4113,0.8909867405891418,1,1
2521,126,4113,3849,0.3430751860141754,0,1
2522,126,4113,3731,0.01457167323678732,0,1
2523,126,4113,2034,0.013210215605795383,0,1
2524,126,4113,3044,0.006246259436011314,0,1
2525,126,4113,1132,0.7414292693138123,0,1
2526,126,4113,1430,0.26833292841911316,0,1
2527,126,4113,1718,0.5455678105354309,0,1
2528,126,4113,168,0.03859724849462509,0,1
2529,126,4113,3016,0.033712003380060196,0,1
2530,126,4113,2980,0.29195207357406616,0,1
2531,126,4113,3732,0.44322386384010315,0,1
2532,126,4113,385,0.3115023076534271,0,1
2533,126,4113,639,0.8469334244728088,0,1
2534,126,4113,2,0.04692300781607628,0,1
2535,126,4113,1250,0.05147892236709595,0,1
2536,126,4113,3428,0.03673287108540535,0,1
2537,126,4113,4,0.023965921252965927,0,1
2538,126,4113,944,0.016798652708530426,0,1
2539,126,4113,183,0.03277109935879707,0,1
2540,127,2122,2122,0.5194936394691467,1,4
2541,127,2122,2330,0.44405046105384827,0,4
2542,127,2122,3944,0.343546599149704,0,4
2543,127,2122,516,0.496345192193985,0,4
2544,127,2122,4166,0.36006274819374084,0,4
2545,127,2122,2456,0.47255972027778625,0,4
2546,127,2122,1378,0.5282883048057556,0,4
2547,127,2122,1993,0.599465548992157,0,4
2548,127,2122,1035,0.4381718039512634,0,4
2549,127,2122,1739,0.2853875160217285,0,4
2550,127,2122,85,0.6247499585151672,0,4
2551,127,2122,3347,0.4401070773601532,0,4
2552,127,2122,498,0.35379523038864136,0,4
2553,127,2122,4070,0.10588715225458145,0,4
2554,127,2122,1231,0.2329937219619751,0,4
2555,127,2122,847,0.2958572208881378,0,4
2556,127,2122,2210,0.3361049294471741,0,4
2557,127,2122,492,0.2291233241558075,0,4
2558,127,2122,3478,0.34165847301483154,0,4
2559,127,2122,547,0.4543456733226776,0,4
2560,128,3859,3859,0.9539433717727661,1,1
2561,128,3859,2819,0.8486602902412415,0,1
2562,128,3859,3676,0.014321177266538143,0,1
2563,128,3859,2640,0.23912204802036285,0,1
2564,128,3859,2310,0.2693001329898834,0,1
2565,128,3859,1082,0.5262429714202881,0,1
2566,128,3859,2475,0.8865739703178406,0,1
2567,128,3859,3551,0.6431370973587036,0,1
2568,128,3859,2793,0.07858288288116455,0,1
2569,128,3859,3454,0.02439708635210991,0,1
2570,128,3859,1475,0.004865274298936129,0,1
2571,128,3859,1554,0.022511882707476616,0,1
2572,128,3859,3843,0.06979762017726898,0,1
2573,128,3859,1641,0.04299522563815117,0,1
2574,128,3859,43,0.47715097665786743,0,1
2575,128,3859,1488,0.03497689589858055,0,1
2576,128,3859,585,0.5124632716178894,0,1
2577,128,3859,538,0.5625572204589844,0,1
2578,128,3859,3467,0.1829100251197815,0,1
2579,128,3859,92,0.33412760496139526,0,1
2580,129,3743,3743,0.7912531495094299,1,1
2581,129,3743,3920,0.3870488703250885,0,1
2582,129,3743,1504,0.042537979781627655,0,1
2583,129,3743,3122,0.45022788643836975,0,1
2584,129,3743,3064,0.7371716499328613,0,1
2585,129,3743,728,0.06221814826130867,0,1
2586,129,3743,3569,0.014896368607878685,0,1
2587,129,3743,374,0.7264053225517273,0,1
2588,129,3743,812,0.41706302762031555,0,1
2589,129,3743,237,0.06283079087734222,0,1
2590,129,3743,3477,0.01914062350988388,0,1
2591,129,3743,1788,0.22717225551605225,0,1
2592,129,3743,2179,0.005102254915982485,0,1
2593,129,3743,25,0.05144904553890228,0,1
2594,129,3743,1490,0.07208859920501709,0,1
2595,129,3743,562,0.17422956228256226,0,1
2596,129,3743,2556,0.5320603251457214,0,1
2597,129,3743,1417,0.4387449026107788,0,1
2598,129,3743,1414,0.5810332298278809,0,1
2599,129,3743,3589,0.41583606600761414,0,1
2600,130,200,200,0.7859832048416138,1,1
2601,130,200,2658,0.00148508429992944,0,1
2602,130,200,1050,0.00020220618171151727,0,1
2603,130,200,1460,0.0949912816286087,0,1
2604,130,200,1428,0.12834903597831726,0,1
2605,130,200,2296,0.0009131404221989214,0,1
2606,130,200,1930,0.001994264544919133,0,1
2607,130,200,1577,0.06844744086265564,0,1
2608,130,200,1457,0.00019172302563674748,0,1
2609,130,200,2773,0.07745593041181564,0,1
2610,130,200,224,0.362527072429657,0,1
2611,130,200,2995,0.005959813948720694,0,1
2612,130,200,3949,0.17096590995788574,0,1
2613,130,200,46,0.5911469459533691,0,1
2614,130,200,494,0.018855232745409012,0,1
2615,130,200,477,0.1879228800535202,0,1
2616,130,200,895,0.07195092737674713,0,1
2617,130,200,12,0.39505481719970703,0,1
2618,130,200,1427,0.28189873695373535,0,1
2619,130,200,1144,0.015331153757870197,0,1
2620,131,3110,3110,0.5707277059555054,1,5
2621,131,3110,2309,0.15246997773647308,0,5
2622,131,3110,3990,0.5732095837593079,0,5
2623,131,3110,1597,0.5433182716369629,0,5
2624,131,3110,1987,0.5162659287452698,0,5
2625,131,3110,2178,0.7124683260917664,0,5
2626,131,3110,3760,0.5418165326118469,0,5
2627,131,3110,2831,0.6123546361923218,0,5
2628,131,3110,4027,0.33246278762817383,0,5
2629,131,3110,1436,0.2818775773048401,0,5
2630,131,3110,1191,0.5380001664161682,0,5
2631,131,3110,4054,0.5501024723052979,0,5
2632,131,3110,3302,0.535907506942749,0,5
2633,131,3110,3250,0.5636599659919739,0,5
2634,131,3110,1546,0.5160874128341675,0,5
2635,131,3110,3263,0.5171599984169006,0,5
2636,131,3110,3993,0.30013900995254517,0,5
2637,131,3110,963,0.7250500917434692,0,5
2638,131,3110,1359,0.35297369956970215,0,5
2639,131,3110,3014,0.5200484395027161,0,5
2640,132,196,196,0.5873584151268005,1,2
2641,132,196,1746,0.10832235217094421,0,2
2642,132,196,3863,0.1237347349524498,0,2
2643,132,196,1638,0.3525048494338989,0,2
2644,132,196,3603,0.024495534598827362,0,2
2645,132,196,2426,0.4364551305770874,0,2
2646,132,196,2071,0.4136073887348175,0,2
2647,132,196,726,0.16987700760364532,0,2
2648,132,196,1467,0.04503944143652916,0,2
2649,132,196,3419,0.49899226427078247,0,2
2650,132,196,2308,0.5115055441856384,0,2
2651,132,196,1656,0.039234910160303116,0,2
2652,132,196,3253,0.06792369484901428,0,2
2653,132,196,1110,0.5022293329238892,0,2
2654,132,196,2572,0.33146652579307556,0,2
2655,132,196,3078,0.1799561232328415,0,2
2656,132,196,3216,0.049662671983242035,0,2
2657,132,196,126,0.044880013912916183,0,2
2658,132,196,3864,0.7274168729782104,0,2
2659,132,196,366,0.16169680655002594,0,2
2660,133,3171,3171,0.7029391527175903,1,1
2661,133,3171,1892,0.0280381441116333,0,1
2662,133,3171,3017,0.2774585783481598,0,1
2663,133,3171,3448,0.46722161769866943,0,1
2664,133,3171,286,0.027937093749642372,0,1
2665,133,3171,4047,0.48597753047943115,0,1
2666,133,3171,3246,0.419594407081604,0,1
2667,133,3171,3299,0.279164582490921,0,1
2668,133,3171,2367,0.13242244720458984,0,1
2669,133,3171,2794,0.4371568560600281,0,1
2670,133,3171,2012,0.5172533988952637,0,1
2671,133,3171,4102,0.4692447781562805,0,1
2672,133,3171,1795,0.3631933927536011,0,1
2673,133,3171,1660,0.005315451417118311,0,1
2674,133,3171,3276,0.047641538083553314,0,1
2675,133,3171,3553,0.13398635387420654,0,1
2676,133,3171,1606,0.4388451874256134,0,1
2677,133,3171,1695,0.27953609824180603,0,1
2678,133,3171,15,0.36553797125816345,0,1
2679,133,3171,945,0.235220804810524,0,1
2680,134,3874,3874,0.8171948194503784,1,3
2681,134,3874,3527,0.6350916624069214,0,3
2682,134,3874,757,0.1009315550327301,0,3
2683,134,3874,1819,0.20397114753723145,0,3
2684,134,3874,2122,0.4471774399280548,0,3
2685,134,3874,2936,0.5243609547615051,0,3
2686,134,3874,3055,0.5570665001869202,0,3
2687,134,3874,3594,0.6945269703865051,0,3
2688,134,3874,126,0.06637085229158401,0,3
2689,134,3874,1513,0.8101641535758972,0,3
2690,134,3874,175,0.453491747379303,0,3
2691,134,3874,3424,0.7227802872657776,0,3
2692,134,3874,2422,0.8793489336967468,0,3
2693,134,3874,49,0.6725696325302124,0,3
2694,134,3874,3465,0.37570905685424805,0,3
2695,134,3874,2840,0.7595296502113342,0,3
2696,134,3874,2014,0.4090159237384796,0,3
2697,134,3874,2343,0.4793483018875122,0,3
2698,134,3874,3767,0.8803262710571289,0,3
2699,134,3874,2141,0.17046067118644714,0,3
2700,135,560,560,0.5962779521942139,1,2
2701,135,560,1962,0.5142823457717896,0,2
2702,135,560,1684,0.2974955141544342,0,2
2703,135,560,1757,0.5329988598823547,0,2
2704,135,560,3598,0.5704867243766785,0,2
2705,135,560,58,0.3742366433143616,0,2
2706,135,560,569,0.5771865844726562,0,2
2707,135,560,2248,0.38922300934791565,0,2
2708,135,560,879,0.3907237648963928,0,2
2709,135,560,2438,0.4173794090747833,0,2
2710,135,560,1334,0.2521534562110901,0,2
2711,135,560,2402,0.2257414013147354,0,2
2712,135,560,3028,0.5397080779075623,0,2
2713,135,560,350,0.6017560362815857,0,2
2714,135,560,1544,0.5076097249984741,0,2
2715,135,560,3239,0.4443490505218506,0,2
2716,135,560,2512,0.2999175190925598,0,2
2717,135,560,4177,0.3716552257537842,0,2
2718,135,560,347,0.47091910243034363,0,2
2719,135,560,1779,0.4995100498199463,0,2
2720,136,240,240,0.9108713865280151,1,1
2721,136,240,2985,0.04094943031668663,0,1
2722,136,240,1511,0.0017722159391269088,0,1
2723,136,240,1496,0.3772500157356262,0,1
2724,136,240,633,0.4560689330101013,0,1
2725,136,240,4111,0.0026595653034746647,0,1
2726,136,240,2736,0.011611701920628548,0,1
2727,136,240,2414,0.030759496614336967,0,1
2728,136,240,2691,0.03709237650036812,0,1
2729,136,240,289,0.011050102300941944,0,1
2730,136,240,1733,0.049908190965652466,0,1
2731,136,240,1538,0.18439452350139618,0,1
2732,136,240,2705,0.0007360647432506084,0,1
2733,136,240,3400,0.3295038640499115,0,1
2734,136,240,1257,0.18222899734973907,0,1
2735,136,240,2168,6.542295159306377e-05,0,1
2736,136,240,1987,0.35374924540519714,0,1
2737,136,240,1856,0.014065835624933243,0,1
2738,136,240,1044,0.007035860326141119,0,1
2739,136,240,3979,0.018257686868309975,0,1
2740,137,4047,4047,0.8811279535293579,1,1
2741,137,4047,2822,0.2935863137245178,0,1
2742,137,4047,51,0.3920517861843109,0,1
2743,137,4047,3657,0.5041172504425049,0,1
2744,137,4047,2044,0.0901237279176712,0,1
2745,137,4047,3024,0.8033209443092346,0,1
2746,137,4047,969,0.19408033788204193,0,1
2747,137,4047,3323,0.19684982299804688,0,1
2748,137,4047,3296,0.3232709467411041,0,1
2749,137,4047,227,0.479617178440094,0,1
2750,137,4047,512,0.29001596570014954,0,1
2751,137,4047,3721,0.49003493785858154,0,1
2752,137,4047,1783,0.41887471079826355,0,1
2753,137,4047,4179,0.1337040662765503,0,1
2754,137,4047,323,0.4058670401573181,0,1
2755,137,4047,3791,0.3852173089981079,0,1
2756,137,4047,3512,0.20443512499332428,0,1
2757,137,4047,3834,0.21252349019050598,0,1
2758,137,4047,3792,0.38228172063827515,0,1
2759,137,4047,2652,0.48896560072898865,0,1
2760,138,1423,1423,0.6947609782218933,1,1
2761,138,1423,2534,0.12326705455780029,0,1
2762,138,1423,3986,0.05465230718255043,0,1
2763,138,1423,1851,0.0920560359954834,0,1
2764,138,1423,1680,0.02233094722032547,0,1
2765,138,1423,2137,0.44012701511383057,0,1
2766,138,1423,1307,0.05848411098122597,0,1
2767,138,1423,66,0.032955352216959,0,1
2768,138,1423,253,0.24961085617542267,0,1
2769,138,1423,2794,0.14416831731796265,0,1
2770,138,1423,1015,0.026007842272520065,0,1
2771,138,1423,967,0.023141782730817795,0,1
2772,138,1423,513,0.5151951313018799,0,1
2773,138,1423,37,0.025037672370672226,0,1
2774,138,1423,3101,0.36883267760276794,0,1
2775,138,1423,3062,0.000508760625962168,0,1
2776,138,1423,1340,0.23625877499580383,0,1
2777,138,1423,3150,0.24775555729866028,0,1
2778,138,1423,297,0.011145953088998795,0,1
2779,138,1423,3438,0.20570728182792664,0,1
2780,139,2276,2276,0.8744403719902039,1,2
2781,139,2276,279,0.08913027495145798,0,2
2782,139,2276,2249,0.5228100419044495,0,2
2783,139,2276,1493,0.027738315984606743,0,2
2784,139,2276,190,0.07960368692874908,0,2
2785,139,2276,3182,0.01846117340028286,0,2
2786,139,2276,1028,0.7061939239501953,0,2
2787,139,2276,3893,0.04654178395867348,0,2
2788,139,2276,1433,0.04312702268362045,0,2
2789,139,2276,3922,0.9752646088600159,0,2
2790,139,2276,74,0.4600278437137604,0,2
2791,139,2276,3080,0.7457872033119202,0,2
2792,139,2276,688,0.40563422441482544,0,2
2793,139,2276,2846,0.5738706588745117,0,2
2794,139,2276,987,0.7747018337249756,0,2
2795,139,2276,2394,0.49030575156211853,0,2
2796,139,2276,1901,0.3647055923938751,0,2
2797,139,2276,529,0.1795983761548996,0,2
2798,139,2276,3983,0.005616583861410618,0,2
2799,139,2276,464,0.5999956727027893,0,2
2800,140,928,928,0.9971073269844055,1,1
2801,140,928,3076,0.000686496146954596,0,1
2802,140,928,3727,0.023971138522028923,0,1
2803,140,928,1529,0.06703722476959229,0,1
2804,140,928,2827,0.027449730783700943,0,1
2805,140,928,1657,0.703985869884491,0,1
2806,140,928,391,0.09264950454235077,0,1
2807,140,928,2388,0.6279680132865906,0,1
2808,140,928,2909,0.21228142082691193,0,1
2809,140,928,207,0.5775933861732483,0,1
2810,140,928,923,0.0008205952472053468,0,1
2811,140,928,4042,0.05079295113682747,0,1
2812,140,928,1703,0.0113143939524889,0,1
2813,140,928,259,0.25887173414230347,0,1
2814,140,928,2581,0.047411248087882996,0,1
2815,140,928,4031,0.0518982820212841,0,1
2816,140,928,3230,0.0020523739513009787,0,1
2817,140,928,1467,2.042339474428445e-05,0,1
2818,140,928,3239,0.04420924559235573,0,1
2819,140,928,1227,0.13618864119052887,0,1
2820,141,29,29,0.9130191206932068,1,1
2821,141,29,670,0.06160350888967514,0,1
2822,141,29,2100,0.2328883409500122,0,1
2823,141,29,1576,0.29465699195861816,0,1
2824,141,29,1350,0.06327717006206512,0,1
2825,141,29,167,0.08702801167964935,0,1
2826,141,29,3739,0.24114100635051727,0,1
2827,141,29,1035,0.27014264464378357,0,1
2828,141,29,134,0.030193382874131203,0,1
2829,141,29,4105,0.03192295506596565,0,1
2830,141,29,3117,0.0997936800122261,0,1
2831,141,29,1219,0.23683199286460876,0,1
2832,141,29,2810,0.046973444521427155,0,1
2833,141,29,1163,0.15703058242797852,0,1
2834,141,29,1699,0.0006790810148231685,0,1
2835,141,29,2936,0.19677051901817322,0,1
2836,141,29,326,0.012148983776569366,0,1
2837,141,29,2300,0.502885639667511,0,1
2838,141,29,2824,0.03247196972370148,0,1
2839,141,29,1877,0.01824524812400341,0,1
2840,142,3936,3936,0.7349843382835388,1,3
2841,142,3936,4173,0.7698715329170227,0,3
2842,142,3936,2168,0.9004153609275818,0,3
2843,142,3936,2262,0.5000407099723816,0,3
2844,142,3936,3069,0.7026969790458679,0,3
2845,142,3936,541,0.18038037419319153,0,3
2846,142,3936,3835,0.041185714304447174,0,3
2847,142,3936,2115,0.4899650812149048,0,3
2848,142,3936,1323,0.05204787105321884,0,3
2849,142,3936,1470,0.42490047216415405,0,3
2850,142,3936,2699,0.053182728588581085,0,3
2851,142,3936,1295,0.05080427601933479,0,3
2852,142,3936,3743,0.46299150586128235,0,3
2853,142,3936,330,0.14789234101772308,0,3
2854,142,3936,3511,0.4849238097667694,0,3
2855,142,3936,1944,0.4548504650592804,0,3
2856,142,3936,1356,0.29733291268348694,0,3
2857,142,3936,3520,0.2464214563369751,0,3
2858,142,3936,596,0.39397257566452026,0,3
2859,142,3936,4002,0.49994218349456787,0,3
2860,143,556,556,0.9944838881492615,1,1
2861,143,556,484,0.0007874062866903841,0,1
2862,143,556,41,0.01645398512482643,0,1
2863,143,556,819,0.0009876780677586794,0,1
2864,143,556,1678,0.0010231935884803534,0,1
2865,143,556,577,0.15919610857963562,0,1
2866,143,556,61,0.4449668824672699,0,1
2867,143,556,1398,2.6531448384048417e-05,0,1
2868,143,556,3392,7.586040737805888e-05,0,1
2869,143,556,76,0.006152598187327385,0,1
2870,143,556,1803,0.0047521768137812614,0,1
2871,143,556,3265,0.05691181868314743,0,1
2872,143,556,2863,0.013155695982277393,0,1
2873,143,556,916,0.00859252642840147,0,1
2874,143,556,624,0.0056421332992613316,0,1
2875,143,556,4072,0.00015358568634837866,0,1
2876,143,556,2298,0.003222396830096841,0,1
2877,143,556,2211,0.060799673199653625,0,1
2878,143,556,1812,0.022670581936836243,0,1
2879,143,556,547,0.027103722095489502,0,1
2880,144,328,328,0.6692034602165222,1,1
2881,144,328,760,0.0682704895734787,0,1
2882,144,328,125,0.03882887586951256,0,1
2883,144,328,2416,0.007539751939475536,0,1
2884,144,328,2532,0.21229487657546997,0,1
2885,144,328,437,0.22267571091651917,0,1
2886,144,328,1494,0.25587648153305054,0,1
2887,144,328,1029,0.21317879855632782,0,1
2888,144,328,3686,0.5993742346763611,0,1
2889,144,328,2429,0.08337713778018951,0,1
2890,144,328,2934,0.2194233238697052,0,1
2891,144,328,2273,0.015287780202925205,0,1
2892,144,328,2087,0.47725218534469604,0,1
2893,144,328,595,0.05589580535888672,0,1
2894,144,328,2608,0.021428851410746574,0,1
2895,144,328,1890,0.04664323478937149,0,1
2896,144,328,1352,0.013708585873246193,0,1
2897,144,328,1936,0.19912497699260712,0,1
2898,144,328,3733,0.23036645352840424,0,1
2899,144,328,1419,0.12794025242328644,0,1
2900,145,1156,1156,0.5859119296073914,1,1
2901,145,1156,2503,0.02585536427795887,0,1
2902,145,1156,2992,0.0691516250371933,0,1
2903,145,1156,1263,0.01786121353507042,0,1
2904,145,1156,294,0.022571129724383354,0,1
2905,145,1156,2292,0.0011753656435757875,0,1
2906,145,1156,2502,0.062212131917476654,0,1
2907,145,1156,2727,0.22056062519550323,0,1
2908,145,1156,285,0.14632396399974823,0,1
2909,145,1156,2402,0.04377694055438042,0,1
2910,145,1156,421,0.010865372605621815,0,1
2911,145,1156,1170,0.025493044406175613,0,1
2912,145,1156,3400,0.1272929161787033,0,1
2913,145,1156,3320,0.12926875054836273,0,1
2914,145,1156,1080,0.29795143008232117,0,1
2915,145,1156,2963,0.1303482949733734,0,1
2916,145,1156,1293,0.10272442549467087,0,1
2917,145,1156,2853,0.0037575517781078815,0,1
2918,145,1156,2610,0.005901104770600796,0,1
2919,145,1156,2568,0.04901576787233353,0,1
2920,146,4099,4099,0.8917821049690247,1,2
2921,146,4099,2599,0.061366528272628784,0,2
2922,146,4099,1647,0.05589597299695015,0,2
2923,146,4099,1694,0.5238645672798157,0,2
2924,146,4099,2174,0.17166806757450104,0,2
2925,146,4099,3968,0.4675109088420868,0,2
2926,146,4099,4062,0.9695215821266174,0,2
2927,146,4099,706,0.04325259104371071,0,2
2928,146,4099,2950,0.6624370217323303,0,2
2929,146,4099,2055,0.23518891632556915,0,2
2930,146,4099,3428,0.0901617556810379,0,2
2931,146,4099,2673,0.3287312090396881,0,2
2932,146,4099,1688,0.21114426851272583,0,2
2933,146,4099,2640,0.14275804162025452,0,2
2934,146,4099,55,0.05332164838910103,0,2
2935,146,4099,2561,0.7409366965293884,0,2
2936,146,4099,1361,0.8769910335540771,0,2
2937,146,4099,3141,0.7409378886222839,0,2
2938,146,4099,2670,0.6192556619644165,0,2
2939,146,4099,3715,0.18140803277492523,0,2
2940,147,1821,1821,0.5215743780136108,1,4
2941,147,1821,1464,0.3303336203098297,0,4
2942,147,1821,666,0.4250704050064087,0,4
2943,147,1821,2864,0.15853144228458405,0,4
2944,147,1821,4146,0.14804629981517792,0,4
2945,147,1821,785,0.5002546310424805,0,4
2946,147,1821,3054,0.3169962465763092,0,4
2947,147,1821,941,0.09583413600921631,0,4
2948,147,1821,2414,0.248614102602005,0,4
2949,147,1821,2395,0.5433828830718994,0,4
2950,147,1821,187,0.364137202501297,0,4
2951,147,1821,2557,0.5757870674133301,0,4
2952,147,1821,771,0.374830037355423,0,4
2953,147,1821,788,0.1599789261817932,0,4
2954,147,1821,1782,0.14295333623886108,0,4
2955,147,1821,2507,0.4288251996040344,0,4
2956,147,1821,966,0.5714235305786133,0,4
2957,147,1821,2962,0.1766664981842041,0,4
2958,147,1821,2633,0.36675825715065,0,4
2959,147,1821,3430,0.3877551257610321,0,4
2960,148,436,436,0.5893228650093079,1,2
2961,148,436,1151,0.1805717498064041,0,2
2962,148,436,2321,0.438343346118927,0,2
2963,148,436,3993,0.5092485547065735,0,2
2964,148,436,3397,0.4836532175540924,0,2
2965,148,436,2410,0.06591767072677612,0,2
2966,148,436,2259,0.2764643132686615,0,2
2967,148,436,2460,0.15131063759326935,0,2
2968,148,436,2714,0.31302857398986816,0,2
2969,148,436,481,0.419129878282547,0,2
2970,148,436,1513,0.07795864343643188,0,2
2971,148,436,2163,0.5240822434425354,0,2
2972,148,436,1718,0.4854514002799988,0,2
2973,148,436,1273,0.26965221762657166,0,2
2974,148,436,1482,0.519540011882782,0,2
2975,148,436,989,0.1769046187400818,0,2
2976,148,436,1319,0.39680808782577515,0,2
2977,148,436,1339,0.25138530135154724,0,2
2978,148,436,4085,0.6913316249847412,0,2
2979,148,436,2704,0.35225391387939453,0,2
2980,149,964,964,0.49133697152137756,1,3
2981,149,964,3134,0.1286066323518753,0,3
2982,149,964,3394,0.14332789182662964,0,3
2983,149,964,3180,0.23389331996440887,0,3
2984,149,964,2772,0.5166623592376709,0,3
2985,149,964,2854,0.40836164355278015,0,3
2986,149,964,3281,0.3960680365562439,0,3
2987,149,964,3292,0.4051547050476074,0,3
2988,149,964,3162,0.3138636648654938,0,3
2989,149,964,2368,0.5251672863960266,0,3
2990,149,964,3195,0.46483954787254333,0,3
2991,149,964,2116,0.3207128047943115,0,3
2992,149,964,3680,0.1548222154378891,0,3
2993,149,964,2692,0.3770204186439514,0,3
2994,149,964,516,0.40936586260795593,0,3
2995,149,964,2635,0.08014044910669327,0,3
2996,149,964,1602,0.4368963837623596,0,3
2997,149,964,700,0.3227595388889313,0,3
2998,149,964,3566,0.06806284189224243,0,3
2999,149,964,3196,0.1579972207546234,0,3
3000,150,1727,1727,0.603167712688446,1,4
3001,150,1727,2849,0.06146608293056488,0,4
3002,150,1727,592,0.5205186605453491,0,4
3003,150,1727,3356,0.41462478041648865,0,4
3004,150,1727,1424,0.31439724564552307,0,4
3005,150,1727,1072,0.7271762490272522,0,4
3006,150,1727,1874,0.6429886221885681,0,4
3007,150,1727,1825,0.5504013299942017,0,4
3008,150,1727,1391,0.11967676877975464,0,4
3009,150,1727,1714,0.42692819237709045,0,4
3010,150,1727,1868,0.05103087052702904,0,4
3011,150,1727,2261,0.5702318549156189,0,4
3012,150,1727,3145,0.07681475579738617,0,4
3013,150,1727,563,0.7593238949775696,0,4
3014,150,1727,2557,0.3604549467563629,0,4
3015,150,1727,310,0.43844303488731384,0,4
3016,150,1727,436,0.4289970397949219,0,4
3017,150,1727,1540,0.23346087336540222,0,4
3018,150,1727,4103,0.2881663143634796,0,4
3019,150,1727,2652,0.048338934779167175,0,4
3020,151,948,948,0.8867675065994263,1,2
3021,151,948,652,0.23804320394992828,0,2
3022,151,948,4132,0.14132779836654663,0,2
3023,151,948,1641,0.10498331487178802,0,2
3024,151,948,614,0.887567937374115,0,2
3025,151,948,2170,0.15328927338123322,0,2
3026,151,948,2528,0.00527430884540081,0,2
3027,151,948,3379,0.4967813491821289,0,2
3028,151,948,3585,0.12434522062540054,0,2
3029,151,948,3746,0.012120398692786694,0,2
3030,151,948,1106,0.10464576631784439,0,2
3031,151,948,3863,0.4073811173439026,0,2
3032,151,948,1915,0.3335031569004059,0,2
3033,151,948,3663,0.05433910712599754,0,2
3034,151,948,3373,0.13166718184947968,0,2
3035,151,948,2783,0.5100882649421692,0,2
3036,151,948,2299,0.03315040469169617,0,2
3037,151,948,4126,0.16298960149288177,0,2
3038,151,948,2956,0.3643900156021118,0,2
3039,151,948,55,0.21216601133346558,0,2
3040,152,1081,1081,0.8138508200645447,1,1
3041,152,1081,3769,0.0891270637512207,0,1
3042,152,1081,1111,0.001693493570201099,0,1
3043,152,1081,2719,0.005874891299754381,0,1
3044,152,1081,3797,9.809725270315539e-06,0,1
3045,152,1081,443,0.1842772364616394,0,1
3046,152,1081,2648,0.02178340218961239,0,1
3047,152,1081,233,0.010832024738192558,0,1
3048,152,1081,1534,0.14842182397842407,0,1
3049,152,1081,3209,0.07510177791118622,0,1
3050,152,1081,1859,0.01939874328672886,0,1
3051,152,1081,3578,0.09585947543382645,0,1
3052,152,1081,423,0.05893963947892189,0,1
3053,152,1081,2646,0.01815337873995304,0,1
3054,152,1081,3400,0.035603512078523636,0,1
3055,152,1081,3371,0.004919036291539669,0,1
3056,152,1081,1886,0.0055869994685053825,0,1
3057,152,1081,3848,0.005743829999119043,0,1
3058,152,1081,872,0.014224491082131863,0,1
3059,152,1081,3922,3.8038699130993336e-05,0,1
3060,153,1211,1211,0.6043444275856018,1,7
3061,153,1211,1296,0.5285633206367493,0,7
3062,153,1211,3825,0.6234207153320312,0,7
3063,153,1211,476,0.6778455376625061,0,7
3064,153,1211,1227,0.36524492502212524,0,7
3065,153,1211,1516,0.1839468777179718,0,7
3066,153,1211,2090,0.7512305378913879,0,7
3067,153,1211,2377,0.6707668900489807,0,7
3068,153,1211,4058,0.4705756604671478,0,7
3069,153,1211,2606,0.3838730752468109,0,7
3070,153,1211,3945,0.7260578274726868,0,7
3071,153,1211,1356,0.5231696367263794,0,7
3072,153,1211,2071,0.48483145236968994,0,7
3073,153,1211,3521,0.49260351061820984,0,7
3074,153,1211,1135,0.5192294120788574,0,7
3075,153,1211,3276,0.5943653583526611,0,7
3076,153,1211,3950,0.6156160831451416,0,7
3077,153,1211,2385,0.49861931800842285,0,7
3078,153,1211,1253,0.5787129402160645,0,7
3079,153,1211,3013,0.4729044437408447,0,7
3080,154,2051,2051,0.585382878780365,1,1
3081,154,2051,2391,0.5191566348075867,0,1
3082,154,2051,370,0.4990270137786865,0,1
3083,154,2051,3949,0.5162100791931152,0,1
3084,154,2051,556,0.33984991908073425,0,1
3085,154,2051,1433,0.5078029632568359,0,1
3086,154,2051,56,0.29521557688713074,0,1
3087,154,2051,3630,0.37702950835227966,0,1
3088,154,2051,4005,0.44013509154319763,0,1
3089,154,2051,1092,0.3108628988265991,0,1
3090,154,2051,3814,0.4961552619934082,0,1
3091,154,2051,617,0.47091349959373474,0,1
3092,154,2051,110,0.4827817976474762,0,1
3093,154,2051,1559,0.5376170873641968,0,1
3094,154,2051,3730,0.5097610354423523,0,1
3095,154,2051,2020,0.1579216867685318,0,1
3096,154,2051,146,0.49026966094970703,0,1
3097,154,2051,4158,0.4516439139842987,0,1
3098,154,2051,3782,0.24306271970272064,0,1
3099,154,2051,160,0.44696909189224243,0,1
3100,155,1207,1207,0.5824758410453796,1,3
3101,155,1207,1167,0.22204601764678955,0,3
3102,155,1207,2252,0.34318992495536804,0,3
3103,155,1207,2882,0.30151769518852234,0,3
3104,155,1207,2260,0.4064675271511078,0,3
3105,155,1207,2035,0.7531372308731079,0,3
3106,155,1207,2309,0.08247414976358414,0,3
3107,155,1207,3707,0.8663721680641174,0,3
3108,155,1207,3620,0.539239227771759,0,3
3109,155,1207,3025,0.33039596676826477,0,3
3110,155,1207,3875,0.40498968958854675,0,3
3111,155,1207,317,0.536597490310669,0,3
3112,155,1207,2607,0.06695622950792313,0,3
3113,155,1207,1169,0.43644529581069946,0,3
3114,155,1207,1627,0.1407243311405182,0,3
3115,155,1207,1779,0.44415557384490967,0,3
3116,155,1207,3851,0.5103147625923157,0,3
3117,155,1207,1044,0.28094765543937683,0,3
3118,155,1207,1142,0.4341627061367035,0,3
3119,155,1207,2244,0.5640602111816406,0,3
3120,156,1683,1683,0.5779296159744263,1,3
3121,156,1683,3753,0.19732075929641724,0,3
3122,156,1683,3502,0.4323871433734894,0,3
3123,156,1683,162,0.38985171914100647,0,3
3124,156,1683,1631,0.13246645033359528,0,3
3125,156,1683,3509,0.4302302896976471,0,3
3126,156,1683,1649,0.12763279676437378,0,3
3127,156,1683,1331,0.7817468643188477,0,3
3128,156,1683,3036,0.48693740367889404,0,3
3129,156,1683,1571,0.5020583271980286,0,3
3130,156,1683,4099,0.5469502806663513,0,3
3131,156,1683,1003,0.4580948054790497,0,3
3132,156,1683,1224,0.8345708847045898,0,3
3133,156,1683,372,0.36569005250930786,0,3
3134,156,1683,2405,0.4636969566345215,0,3
3135,156,1683,1375,0.4889180064201355,0,3
3136,156,1683,294,0.13800731301307678,0,3
3137,156,1683,127,0.5643582344055176,0,3
3138,156,1683,3948,0.41981571912765503,0,3
3139,156,1683,2114,0.34986504912376404,0,3
3140,157,3007,3007,0.8248161673545837,1,2
3141,157,3007,1445,0.408935546875,0,2
3142,157,3007,2938,0.8541504144668579,0,2
3143,157,3007,562,0.08856599777936935,0,2
3144,157,3007,3945,0.7003120183944702,0,2
3145,157,3007,1742,0.6445274949073792,0,2
3146,157,3007,1859,0.028677960857748985,0,2
3147,157,3007,1009,0.0918750911951065,0,2
3148,157,3007,490,0.3080945611000061,0,2
3149,157,3007,3424,0.47919052839279175,0,2
3150,157,3007,351,0.2571962773799896,0,2
3151,157,3007,172,0.2971987724304199,0,2
3152,157,3007,1114,0.41087716817855835,0,2
3153,157,3007,2754,0.18581590056419373,0,2
3154,157,3007,2659,0.5110966563224792,0,2
3155,157,3007,3634,0.5949116945266724,0,2
3156,157,3007,3752,0.40734294056892395,0,2
3157,157,3007,357,0.20080611109733582,0,2
3158,157,3007,3790,0.1328030824661255,0,2
3159,157,3007,2161,0.7925072312355042,0,2
3160,158,4023,4023,0.760635495185852,1,1
3161,158,4023,160,0.10345429182052612,0,1
3162,158,4023,3020,0.3532121181488037,0,1
3163,158,4023,3725,0.5296180844306946,0,1
3164,158,4023,1433,0.015111817046999931,0,1
3165,158,4023,3315,0.1568378508090973,0,1
3166,158,4023,730,0.2204452008008957,0,1
3167,158,4023,2008,0.6578056812286377,0,1
3168,158,4023,1482,0.5220109820365906,0,1
3169,158,4023,3332,0.6177087426185608,0,1
3170,158,4023,2434,0.4217555820941925,0,1
3171,158,4023,1970,0.4008299708366394,0,1
3172,158,4023,1071,0.16999204456806183,0,1
3173,158,4023,1082,0.2351788580417633,0,1
3174,158,4023,3054,0.6286032199859619,0,1
3175,158,4023,711,0.5294364094734192,0,1
3176,158,4023,178,0.14714060723781586,0,1
3177,158,4023,3919,0.6607502102851868,0,1
3178,158,4023,891,0.18333736062049866,0,1
3179,158,4023,3245,0.4668475389480591,0,1
3180,159,2975,2975,0.7969492673873901,1,2
3181,159,2975,2787,0.5275537371635437,0,2
3182,159,2975,817,0.115080326795578,0,2
3183,159,2975,4120,0.8805404901504517,0,2
3184,159,2975,225,0.2657516598701477,0,2
3185,159,2975,954,0.5553151369094849,0,2
3186,159,2975,2543,0.20851784944534302,0,2
3187,159,2975,4014,0.6658902168273926,0,2
3188,159,2975,463,0.06400509178638458,0,2
3189,159,2975,1082,0.2665805220603943,0,2
3190,159,2975,2804,0.5509229898452759,0,2
3191,159,2975,1240,0.374910444021225,0,2
3192,159,2975,3091,0.13960611820220947,0,2
3193,159,2975,829,0.08650185167789459,0,2
3194,159,2975,1715,0.716702401638031,0,2
3195,159,2975,203,0.3745502233505249,0,2
3196,159,2975,2083,0.13680824637413025,0,2
3197,159,2975,530,0.35820272564888,0,2
3198,159,2975,3293,0.5163902044296265,0,2
3199,159,2975,1499,0.33452674746513367,0,2
3200,160,48,48,0.6831026673316956,1,3
3201,160,48,2234,0.2291315793991089,0,3
3202,160,48,2026,0.392085462808609,0,3
3203,160,48,1083,0.2596113681793213,0,3
3204,160,48,1661,0.13920922577381134,0,3
3205,160,48,69,0.18496350944042206,0,3
3206,160,48,3446,0.7737247347831726,0,3
3207,160,48,1264,0.2338482141494751,0,3
3208,160,48,285,0.40041404962539673,0,3
3209,160,48,219,0.44385313987731934,0,3
3210,160,48,852,0.31611162424087524,0,3
3211,160,48,3552,0.32154425978660583,0,3
3212,160,48,1522,0.4896063208580017,0,3
3213,160,48,1301,0.44434303045272827,0,3
3214,160,48,3585,0.7179397940635681,0,3
3215,160,48,299,0.6218529939651489,0,3
3216,160,48,1222,0.3788549602031708,0,3
3217,160,48,3668,0.4597550630569458,0,3
3218,160,48,831,0.37784743309020996,0,3
3219,160,48,1705,0.5326904058456421,0,3
3220,161,3885,3885,0.8617956042289734,1,1
3221,161,3885,409,0.27641910314559937,0,1
3222,161,3885,3004,0.0540078766644001,0,1
3223,161,3885,651,0.061927296221256256,0,1
3224,161,3885,795,0.3075077533721924,0,1
3225,161,3885,4151,0.6665574312210083,0,1
3226,161,3885,2972,0.6444644927978516,0,1
3227,161,3885,2855,0.009472711943089962,0,1
3228,161,3885,3071,0.6234586834907532,0,1
3229,161,3885,1205,0.42812004685401917,0,1
3230,161,3885,4174,0.6464113593101501,0,1
3231,161,3885,3232,0.009000599384307861,0,1
3232,161,3885,2413,0.27152419090270996,0,1
3233,161,3885,2469,0.7841413021087646,0,1
3234,161,3885,2928,0.7970396280288696,0,1
3235,161,3885,3410,0.5261924266815186,0,1
3236,161,3885,1437,0.010622766800224781,0,1
3237,161,3885,2305,0.6103923320770264,0,1
3238,161,3885,1522,0.41924357414245605,0,1
3239,161,3885,3879,0.553964376449585,0,1
3240,162,1944,1944,0.580258309841156,1,5
3241,162,1944,2582,0.4042447805404663,0,5
3242,162,1944,3211,0.4537113904953003,0,5
3243,162,1944,113,0.591560423374176,0,5
3244,162,1944,981,0.5395073294639587,0,5
3245,162,1944,156,0.628559947013855,0,5
3246,162,1944,1972,0.4834895730018616,0,5
3247,162,1944,542,0.5015800595283508,0,5
3248,162,1944,1197,0.35620859265327454,0,5
3249,162,1944,809,0.5112463235855103,0,5
3250,162,1944,3170,0.2805713415145874,0,5
3251,162,1944,3790,0.5751664042472839,0,5
3252,162,1944,1292,0.38530024886131287,0,5
3253,162,1944,3804,0.5257200598716736,0,5
3254,162,1944,2841,0.5648561716079712,0,5
3255,162,1944,478,0.6586852073669434,0,5
3256,162,1944,2481,0.5649141073226929,0,5
3257,162,1944,2796,0.5437068939208984,0,5
3258,162,1944,595,0.22787214815616608,0,5
3259,162,1944,1099,0.6671009063720703,0,5
3260,163,1519,1519,0.5459428429603577,1,2
3261,163,1519,2854,0.41677168011665344,0,2
3262,163,1519,379,0.12840686738491058,0,2
3263,163,1519,4090,0.33364203572273254,0,2
3264,163,1519,3855,0.6326320171356201,0,2
3265,163,1519,3512,0.24324777722358704,0,2
3266,163,1519,3214,0.11601753532886505,0,2
3267,163,1519,947,0.2276889681816101,0,2
3268,163,1519,3682,0.4661124050617218,0,2
3269,163,1519,546,0.4234810769557953,0,2
3270,163,1519,2857,0.4992324113845825,0,2
3271,163,1519,247,0.4608655273914337,0,2
3272,163,1519,2921,0.3411675691604614,0,2
3273,163,1519,3143,0.21434205770492554,0,2
3274,163,1519,485,0.25848516821861267,0,2
3275,163,1519,536,0.22407370805740356,0,2
3276,163,1519,617,0.3656337559223175,0,2
3277,163,1519,841,0.45954030752182007,0,2
3278,163,1519,466,0.23378531634807587,0,2
3279,163,1519,1239,0.14915883541107178,0,2
3280,164,3000,3000,0.8686549663543701,1,2
3281,164,3000,2316,0.5185304284095764,0,2
3282,164,3000,3610,0.23139359056949615,0,2
3283,164,3000,355,0.2116946280002594,0,2
3284,164,3000,2725,0.49433955550193787,0,2
3285,164,3000,1152,0.36471879482269287,0,2
3286,164,3000,2531,0.04093504324555397,0,2
3287,164,3000,1596,0.7126075029373169,0,2
3288,164,3000,1676,0.013386550359427929,0,2
3289,164,3000,2410,0.03531765192747116,0,2
3290,164,3000,3919,0.5804203748703003,0,2
3291,164,3000,694,0.643724799156189,0,2
3292,164,3000,1044,0.2160206288099289,0,2
3293,164,3000,1779,0.36873021721839905,0,2
3294,164,3000,2874,0.26604771614074707,0,2
3295,164,3000,3072,0.9502182006835938,0,2
3296,164,3000,1854,0.6247289776802063,0,2
3297,164,3000,2913,0.7515788078308105,0,2
3298,164,3000,2196,0.5730976462364197,0,2
3299,164,3000,2457,0.6500269770622253,0,2
3300,165,3794,3794,0.7593902349472046,1,2
3301,165,3794,3864,0.8453803658485413,0,2
3302,165,3794,99,0.20480483770370483,0,2
3303,165,3794,2945,0.12888142466545105,0,2
3304,165,3794,321,0.5952203273773193,0,2
3305,165,3794,1365,0.48140913248062134,0,2
3306,165,3794,1579,0.2336157262325287,0,2
3307,165,3794,1644,0.029449088498950005,0,2
3308,165,3794,1778,0.10946863889694214,0,2
3309,165,3794,1789,0.2552448809146881,0,2
3310,165,3794,502,0.6441240310668945,0,2
3311,165,3794,3117,0.5145313143730164,0,2
3312,165,3794,1354,0.10214904695749283,0,2
3313,165,3794,161,0.6053439974784851,0,2
3314,165,3794,1984,0.2700634002685547,0,2
3315,165,3794,1035,0.34661436080932617,0,2
3316,165,3794,2441,0.5231772661209106,0,2
3317,165,3794,3646,0.2520032227039337,0,2
3318,165,3794,2187,0.195426344871521,0,2
3319,165,3794,2604,0.3196958601474762,0,2
3320,166,2262,2262,0.999516487121582,1,1
3321,166,2262,2860,0.0030008244793862104,0,1
3322,166,2262,1317,0.00028274752548895776,0,1
3323,166,2262,1721,0.00017855521582532674,0,1
3324,166,2262,2134,0.10533038526773453,0,1
3325,166,2262,252,0.047006864100694656,0,1
3326,166,2262,1553,0.17491035163402557,0,1
3327,166,2262,1742,0.00010953321907436475,0,1
3328,166,2262,2128,1.8049868799607793e-07,0,1
3329,166,2262,2405,0.02296508476138115,0,1
3330,166,2262,433,1.028154838422779e-05,0,1
3331,166,2262,2636,0.004983262624591589,0,1
3332,166,2262,1239,0.007911845110356808,0,1
3333,166,2262,3243,0.0010590420570224524,0,1
3334,166,2262,2521,0.006623792927712202,0,1
3335,166,2262,419,0.005933847278356552,0,1
3336,166,2262,343,0.0058920737355947495,0,1
3337,166,2262,2963,0.061114922165870667,0,1
3338,166,2262,2840,3.0888463697920088e-06,0,1
3339,166,2262,2877,1.988628355320543e-05,0,1
3340,167,956,956,0.9492769837379456,1,1
3341,167,956,161,0.009492005221545696,0,1
3342,167,956,412,6.614669837290421e-05,0,1
3343,167,956,2077,0.011323251761496067,0,1
3344,167,956,2482,6.465872957051033e-06,0,1
3345,167,956,27,0.044229015707969666,0,1
3346,167,956,152,0.602163553237915,0,1
3347,167,956,294,2.1730735170422122e-05,0,1
3348,167,956,2936,0.10499507933855057,0,1
3349,167,956,3450,1.3956913790025283e-05,0,1
3350,167,956,3688,0.017586272209882736,0,1
3351,167,956,2831,0.09268204122781754,0,1
3352,167,956,2112,0.0001985303097171709,0,1
3353,167,956,1017,0.013035713694989681,0,1
3354,167,956,2947,0.11492954194545746,0,1
3355,167,956,3468,0.026152867823839188,0,1
3356,167,956,3320,0.06440947204828262,0,1
3357,167,956,1989,0.0033022055868059397,0,1
3358,167,956,4011,0.003878134535625577,0,1
3359,167,956,1084,0.09123829007148743,0,1
3360,168,2036,2036,0.9524534344673157,1,1
3361,168,2036,1287,0.06278342753648758,0,1
3362,168,2036,1433,0.004553679376840591,0,1
3363,168,2036,2274,0.06767120957374573,0,1
3364,168,2036,713,0.3971610367298126,0,1
3365,168,2036,1933,0.0011505706934258342,0,1
3366,168,2036,1040,0.006141429767012596,0,1
3367,168,2036,197,0.013711371459066868,0,1
3368,168,2036,3154,0.0027701579965651035,0,1
3369,168,2036,2396,0.00019206847355235368,0,1
3370,168,2036,2504,0.002859137486666441,0,1
3371,168,2036,3712,0.0029567833989858627,0,1
3372,168,2036,4050,0.000282000721199438,0,1
3373,168,2036,170,0.363273024559021,0,1
3374,168,2036,2564,0.10842570662498474,0,1
3375,168,2036,517,0.5289649963378906,0,1
3376,168,2036,1275,0.001003631972707808,0,1
3377,168,2036,1500,0.00014540168922394514,0,1
3378,168,2036,1241,0.017699966207146645,0,1
3379,168,2036,3423,0.005537738092243671,0,1
3380,169,586,586,0.9672149419784546,1,2
3381,169,586,978,3.1647025480197044e-06,0,2
3382,169,586,794,0.022860310971736908,0,2
3383,169,586,1376,0.14564989507198334,0,2
3384,169,586,3265,0.006929310038685799,0,2
3385,169,586,318,0.9791530966758728,0,2
3386,169,586,833,0.023336190730333328,0,2
3387,169,586,3204,0.05322795361280441,0,2
3388,169,586,277,0.07001340389251709,0,2
3389,169,586,3078,3.0470021101791644e-06,0,2
3390,169,586,1037,0.12296699732542038,0,2
3391,169,586,1275,0.015172852203249931,0,2
3392,169,586,1717,0.005933099426329136,0,2
3393,169,586,3258,0.05624973028898239,0,2
3394,169,586,1654,0.003555079223588109,0,2
3395,169,586,3985,0.0005089284968562424,0,2
3396,169,586,921,0.23862044513225555,0,2
3397,169,586,4086,0.010829977691173553,0,2
3398,169,586,2348,0.0011538853868842125,0,2
3399,169,586,1993,0.19495399296283722,0,2
3400,170,2904,2904,0.648567259311676,1,3
3401,170,2904,1992,0.6184704303741455,0,3
3402,170,2904,879,0.4600856900215149,0,3
3403,170,2904,1256,0.6505803465843201,0,3
3404,170,2904,3453,0.5304242968559265,0,3
3405,170,2904,441,0.4659996032714844,0,3
3406,170,2904,2554,0.5022166967391968,0,3
3407,170,2904,1300,0.19396698474884033,0,3
3408,170,2904,347,0.6814309358596802,0,3
3409,170,2904,2577,0.364281564950943,0,3
3410,170,2904,3411,0.4127672612667084,0,3
3411,170,2904,713,0.43460652232170105,0,3
3412,170,2904,3961,0.29041430354118347,0,3
3413,170,2904,3358,0.39134305715560913,0,3
3414,170,2904,3469,0.17673979699611664,0,3
3415,170,2904,3617,0.2649584412574768,0,3
3416,170,2904,3936,0.6160273551940918,0,3
3417,170,2904,2742,0.5287939310073853,0,3
3418,170,2904,443,0.4933849573135376,0,3
3419,170,2904,4118,0.31488117575645447,0,3
3420,171,3032,3032,0.8072047233581543,1,1
3421,171,3032,679,0.018426720052957535,0,1
3422,171,3032,1401,0.0489083006978035,0,1
3423,171,3032,1382,0.2476075142621994,0,1
3424,171,3032,667,0.11772651970386505,0,1
3425,171,3032,2136,0.0007297501433640718,0,1
3426,171,3032,3783,0.0026158590335398912,0,1
3427,171,3032,1652,0.0840722918510437,0,1
3428,171,3032,2285,0.2556479871273041,0,1
3429,171,3032,2214,0.20002128183841705,0,1
3430,171,3032,2558,0.04876530170440674,0,1
3431,171,3032,3438,0.08997645974159241,0,1
3432,171,3032,1461,0.004608884919434786,0,1
3433,171,3032,4089,0.0035734737757593393,0,1
3434,171,3032,182,0.027803806588053703,0,1
3435,171,3032,3036,0.2821793258190155,0,1
3436,171,3032,994,0.009939266368746758,0,1
3437,171,3032,2915,0.08859419822692871,0,1
3438,171,3032,1906,0.0006488724029622972,0,1
3439,171,3032,1295,0.0013272061478346586,0,1
3440,172,3543,3543,0.8783659934997559,1,2
3441,172,3543,935,0.06752639263868332,0,2
3442,172,3543,254,0.48777884244918823,0,2
3443,172,3543,562,0.2093942016363144,0,2
3444,172,3543,2732,0.8597575426101685,0,2
3445,172,3543,1507,0.4165625274181366,0,2
3446,172,3543,2749,0.5689523816108704,0,2
3447,172,3543,901,0.24256691336631775,0,2
3448,172,3543,3328,0.33571648597717285,0,2
3449,172,3543,3161,0.17572329938411713,0,2
3450,172,3543,2253,0.30965927243232727,0,2
3451,172,3543,2511,0.22445440292358398,0,2
3452,172,3543,3438,0.3888702988624573,0,2
3453,172,3543,1226,0.3070928752422333,0,2
3454,172,3543,2684,0.528935432434082,0,2
3455,172,3543,1599,0.10779771953821182,0,2
3456,172,3543,1837,0.9391697645187378,0,2
3457,172,3543,1961,0.04868466407060623,0,2
3458,172,3543,2811,0.05273105949163437,0,2
3459,172,3543,2521,0.8177643418312073,0,2
3460,173,1909,1909,0.5677663683891296,1,2
3461,173,1909,1000,0.29438164830207825,0,2
3462,173,1909,573,0.6527079343795776,0,2
3463,173,1909,1107,0.33296748995780945,0,2
3464,173,1909,202,0.3511379361152649,0,2
3465,173,1909,3187,0.4607720673084259,0,2
3466,173,1909,2878,0.4108307957649231,0,2
3467,173,1909,2924,0.26010289788246155,0,2
3468,173,1909,2454,0.2679325342178345,0,2
3469,173,1909,4030,0.38414472341537476,0,2
3470,173,1909,716,0.5022066235542297,0,2
3471,173,1909,1643,0.4809688329696655,0,2
3472,173,1909,2544,0.5165581703186035,0,2
3473,173,1909,3229,0.21973223984241486,0,2
3474,173,1909,1559,0.5124439001083374,0,2
3475,173,1909,3386,0.31455400586128235,0,2
3476,173,1909,1988,0.2028907984495163,0,2
3477,173,1909,694,0.4939277470111847,0,2
3478,173,1909,582,0.22707277536392212,0,2
3479,173,1909,248,0.4248560667037964,0,2
3480,174,3151,3151,0.5476654171943665,1,4
3481,174,3151,411,0.4024527966976166,0,4
3482,174,3151,3576,0.3745238780975342,0,4
3483,174,3151,413,0.4791037142276764,0,4
3484,174,3151,2028,0.45084628462791443,0,4
3485,174,3151,1573,0.5683069229125977,0,4
3486,174,3151,2764,0.36468949913978577,0,4
3487,174,3151,1371,0.5120167136192322,0,4
3488,174,3151,2527,0.3614513576030731,0,4
3489,174,3151,766,0.4218021035194397,0,4
3490,174,3151,1664,0.4694903790950775,0,4
3491,174,3151,767,0.46444615721702576,0,4
3492,174,3151,3824,0.4879799783229828,0,4
3493,174,3151,124,0.3057076632976532,0,4
3494,174,3151,997,0.5385962724685669,0,4
3495,174,3151,212,0.482069730758667,0,4
3496,174,3151,1300,0.623816967010498,0,4
3497,174,3151,442,0.49486154317855835,0,4
3498,174,3151,967,0.2912571430206299,0,4
3499,174,3151,4019,0.562984049320221,0,4
3500,175,3990,3990,0.6148529052734375,1,2
3501,175,3990,2645,0.42253994941711426,0,2
3502,175,3990,2488,0.47688671946525574,0,2
3503,175,3990,2447,0.2528999447822571,0,2
3504,175,3990,1452,0.166327565908432,0,2
3505,175,3990,3742,0.6408846974372864,0,2
3506,175,3990,4167,0.05340522527694702,0,2
3507,175,3990,3587,0.2613401412963867,0,2
3508,175,3990,1102,0.2806459069252014,0,2
3509,175,3990,1239,0.588672935962677,0,2
3510,175,3990,3581,0.24647849798202515,0,2
3511,175,3990,4053,0.18232430517673492,0,2
3512,175,3990,2169,0.5326860547065735,0,2
3513,175,3990,1505,0.10644058138132095,0,2
3514,175,3990,2312,0.29559245705604553,0,2
3515,175,3990,1776,0.45392104983329773,0,2
3516,175,3990,2635,0.24975883960723877,0,2
3517,175,3990,2737,0.20703746378421783,0,2
3518,175,3990,3563,0.4522494077682495,0,2
3519,175,3990,2961,0.507697582244873,0,2
3520,176,1783,1783,0.5287879109382629,1,5
3521,176,1783,3926,0.36365628242492676,0,5
3522,176,1783,2583,0.49329549074172974,0,5
3523,176,1783,1695,0.6798973679542542,0,5
3524,176,1783,1698,0.5795923471450806,0,5
3525,176,1783,879,0.37073609232902527,0,5
3526,176,1783,2471,0.5125791430473328,0,5
3527,176,1783,2335,0.605945348739624,0,5
3528,176,1783,44,0.5173810720443726,0,5
3529,176,1783,2013,0.5980022549629211,0,5
3530,176,1783,3375,0.3631059229373932,0,5
3531,176,1783,1687,0.3711090385913849,0,5
3532,176,1783,453,0.5241939425468445,0,5
3533,176,1783,2788,0.24549013376235962,0,5
3534,176,1783,2446,0.4992308020591736,0,5
3535,176,1783,3463,0.26169025897979736,0,5
3536,176,1783,978,0.1622503250837326,0,5
3537,176,1783,2442,0.4925757348537445,0,5
3538,176,1783,3509,0.49080756306648254,0,5
3539,176,1783,497,0.47341638803482056,0,5
3540,177,666,666,0.642517626285553,1,5
3541,177,666,3188,0.5630106329917908,0,5
3542,177,666,1004,0.29236748814582825,0,5
3543,177,666,4026,0.5131564736366272,0,5
3544,177,666,2632,0.3977251946926117,0,5
3545,177,666,3878,0.8224446177482605,0,5
3546,177,666,2227,0.3409097492694855,0,5
3547,177,666,1892,0.4852003753185272,0,5
3548,177,666,3084,0.6437288522720337,0,5
3549,177,666,1722,0.6905210614204407,0,5
3550,177,666,2958,0.2634124755859375,0,5
3551,177,666,1492,0.44311171770095825,0,5
3552,177,666,1188,0.6000352501869202,0,5
3553,177,666,2188,0.18146100640296936,0,5
3554,177,666,1666,0.5528488755226135,0,5
3555,177,666,95,0.37508338689804077,0,5
3556,177,666,3512,0.7144304513931274,0,5
3557,177,666,828,0.5915291905403137,0,5
3558,177,666,3493,0.6269702315330505,0,5
3559,177,666,3236,0.2867409288883209,0,5
3560,178,2728,2728,0.7289157509803772,1,1
3561,178,2728,596,0.5225862264633179,0,1
3562,178,2728,3075,0.29241228103637695,0,1
3563,178,2728,969,0.17427241802215576,0,1
3564,178,2728,2088,0.20592442154884338,0,1
3565,178,2728,1551,0.35451561212539673,0,1
3566,178,2728,2039,0.5159655809402466,0,1
3567,178,2728,1257,0.09029193967580795,0,1
3568,178,2728,4055,0.5742302536964417,0,1
3569,178,2728,2816,0.5582804679870605,0,1
3570,178,2728,2202,0.33941105008125305,0,1
3571,178,2728,2775,0.421550452709198,0,1
3572,178,2728,528,0.27905330061912537,0,1
3573,178,2728,1783,0.45650312304496765,0,1
3574,178,2728,163,0.0796467661857605,0,1
3575,178,2728,2584,0.5245209336280823,0,1
3576,178,2728,1495,0.0954682007431984,0,1
3577,178,2728,1058,0.12066137045621872,0,1
3578,178,2728,642,0.23710113763809204,0,1
3579,178,2728,2423,0.1796412467956543,0,1
3580,179,779,779,0.5933266878128052,1,5
3581,179,779,3774,0.36134180426597595,0,5
3582,179,779,715,0.19297729432582855,0,5
3583,179,779,1506,0.5162506699562073,0,5
3584,179,779,3602,0.6453414559364319,0,5
3585,179,779,3069,0.6441159248352051,0,5
3586,179,779,2809,0.4054954946041107,0,5
3587,179,779,3922,0.7709243297576904,0,5
3588,179,779,3320,0.5260378122329712,0,5
3589,179,779,2126,0.4565550982952118,0,5
3590,179,779,456,0.7972805500030518,0,5
3591,179,779,628,0.5508353114128113,0,5
3592,179,779,1357,0.318764328956604,0,5
3593,179,779,4092,0.3573503792285919,0,5
3594,179,779,435,0.42299720644950867,0,5
3595,179,779,2810,0.5768440365791321,0,5
3596,179,779,1998,0.3920539617538452,0,5
3597,179,779,2903,0.4004860818386078,0,5
3598,179,779,2103,0.4586420953273773,0,5
3599,179,779,438,0.3428919315338135,0,5
3600,180,2323,2323,0.7960350513458252,1,2
3601,180,2323,738,0.4047567844390869,0,2
3602,180,2323,1347,0.5336587429046631,0,2
3603,180,2323,1409,0.8351679444313049,0,2
3604,180,2323,3186,0.5393986701965332,0,2
3605,180,2323,2914,0.5009280443191528,0,2
3606,180,2323,1195,0.4161791205406189,0,2
3607,180,2323,2850,0.04504009708762169,0,2
3608,180,2323,641,0.33823633193969727,0,2
3609,180,2323,164,0.1409694403409958,0,2
3610,180,2323,1929,0.061507273465394974,0,2
3611,180,2323,121,0.3380737602710724,0,2
3612,180,2323,258,0.3259267210960388,0,2
3613,180,2323,3599,0.32073351740837097,0,2
3614,180,2323,3238,0.6373674869537354,0,2
3615,180,2323,3483,0.21310222148895264,0,2
3616,180,2323,1490,0.5717586278915405,0,2
3617,180,2323,3115,0.1659078747034073,0,2
3618,180,2323,1299,0.15377257764339447,0,2
3619,180,2323,1954,0.4820481538772583,0,2
3620,181,1845,1845,0.8356177806854248,1,1
3621,181,1845,3656,0.16931059956550598,0,1
3622,181,1845,787,0.24131721258163452,0,1
3623,181,1845,1843,0.22777175903320312,0,1
3624,181,1845,3363,0.7274529337882996,0,1
3625,181,1845,3018,0.16974076628684998,0,1
3626,181,1845,1262,0.2849218547344208,0,1
3627,181,1845,4066,0.695869505405426,0,1
3628,181,1845,2258,0.06196252629160881,0,1
3629,181,1845,2129,0.10940515995025635,0,1
3630,181,1845,266,0.11116687953472137,0,1
3631,181,1845,1010,0.1151718869805336,0,1
3632,181,1845,1698,0.3544500768184662,0,1
3633,181,1845,762,0.265840619802475,0,1
3634,181,1845,2427,0.7720311284065247,0,1
3635,181,1845,1236,0.5783506035804749,0,1
3636,181,1845,112,0.39477458596229553,0,1
3637,181,1845,323,0.36616164445877075,0,1
3638,181,1845,617,0.70746910572052,0,1
3639,181,1845,2061,0.6454463601112366,0,1
3640,182,2944,2944,0.5528843998908997,1,1
3641,182,2944,4118,0.5281440615653992,0,1
3642,182,2944,4132,0.36060479283332825,0,1
3643,182,2944,1210,0.038240544497966766,0,1
3644,182,2944,4150,0.2662675976753235,0,1
3645,182,2944,3713,0.41352856159210205,0,1
3646,182,2944,541,0.23478886485099792,0,1
3647,182,2944,2722,0.06114540994167328,0,1
3648,182,2944,2142,0.5372967720031738,0,1
3649,182,2944,2770,0.11139854043722153,0,1
3650,182,2944,4157,0.4338168501853943,0,1
3651,182,2944,56,0.39332541823387146,0,1
3652,182,2944,2690,0.2749539017677307,0,1
3653,182,2944,543,0.5202416181564331,0,1
3654,182,2944,2658,0.14427122473716736,0,1
3655,182,2944,2477,0.26014283299446106,0,1
3656,182,2944,1663,0.4297367036342621,0,1
3657,182,2944,3957,0.4062553644180298,0,1
3658,182,2944,175,0.14386335015296936,0,1
3659,182,2944,3962,0.06875751912593842,0,1
3660,183,1191,1191,0.7244266271591187,1,1
3661,183,1191,2793,0.30673983693122864,0,1
3662,183,1191,3507,0.40839797258377075,0,1
3663,183,1191,1765,0.5152161121368408,0,1
3664,183,1191,3072,0.4270610511302948,0,1
3665,183,1191,3653,0.42000600695610046,0,1
3666,183,1191,540,0.504870593547821,0,1
3667,183,1191,287,0.4095814526081085,0,1
3668,183,1191,1528,0.2748655378818512,0,1
3669,183,1191,2929,0.5042607188224792,0,1
3670,183,1191,2188,0.09501747786998749,0,1
3671,183,1191,2133,0.14237840473651886,0,1
3672,183,1191,1409,0.2391352504491806,0,1
3673,183,1191,3809,0.4698989689350128,0,1
3674,183,1191,1566,0.44776564836502075,0,1
3675,183,1191,2391,0.14873214066028595,0,1
3676,183,1191,280,0.604541003704071,0,1
3677,183,1191,1879,0.3367233872413635,0,1
3678,183,1191,1082,0.5291033983230591,0,1
3679,183,1191,1354,0.11035986989736557,0,1
3680,184,4041,4041,0.8003847002983093,1,1
3681,184,4041,2073,0.06072182208299637,0,1
3682,184,4041,3645,0.006355748046189547,0,1
3683,184,4041,3193,0.6752175688743591,0,1
3684,184,4041,3714,0.12821224331855774,0,1
3685,184,4041,1578,0.1373113989830017,0,1
3686,184,4041,3135,0.5082589387893677,0,1
3687,184,4041,872,0.0044325487688183784,0,1
3688,184,4041,1294,0.7156147956848145,0,1
3689,184,4041,3554,0.2298204004764557,0,1
3690,184,4041,1133,0.06051436811685562,0,1
3691,184,4041,2524,0.37821680307388306,0,1
3692,184,4041,1942,0.21643583476543427,0,1
3693,184,4041,3005,0.6716028451919556,0,1
3694,184,4041,3128,0.20466499030590057,0,1
3695,184,4041,763,0.1919400691986084,0,1
3696,184,4041,3741,0.04296505078673363,0,1
3697,184,4041,3300,0.09213651716709137,0,1
3698,184,4041,2594,0.14407801628112793,0,1
3699,184,4041,160,0.11740012466907501,0,1
3700,185,1157,1157,0.7545238137245178,1,1
3701,185,1157,595,0.1757524162530899,0,1
3702,185,1157,3003,0.004698195960372686,0,1
3703,185,1157,2176,0.031696151942014694,0,1
3704,185,1157,299,0.006907075643539429,0,1
3705,185,1157,2407,0.03650481626391411,0,1
3706,185,1157,393,0.03363412618637085,0,1
3707,185,1157,3982,0.0819908082485199,0,1
3708,185,1157,1173,0.03223641589283943,0,1
3709,185,1157,3674,0.14106519520282745,0,1
3710,185,1157,767,0.31444597244262695,0,1
3711,185,1157,3848,0.0018319877563044429,0,1
3712,185,1157,2618,0.1390586793422699,0,1
3713,185,1157,1757,0.0060172067023813725,0,1
3714,185,1157,2594,0.0012722682440653443,0,1
3715,185,1157,2414,0.12900103628635406,0,1
3716,185,1157,2659,0.0247497521340847,0,1
3717,185,1157,3724,0.12378528714179993,0,1
3718,185,1157,2894,0.03550038859248161,0,1
3719,185,1157,417,0.04064726084470749,0,1
3720,186,1863,1863,0.6648043394088745,1,3
3721,186,1863,2852,0.49608540534973145,0,3
3722,186,1863,3304,0.5859861969947815,0,3
3723,186,1863,3791,0.5787659883499146,0,3
3724,186,1863,3266,0.3090880513191223,0,3
3725,186,1863,328,0.4434386193752289,0,3
3726,186,1863,2460,0.05699590966105461,0,3
3727,186,1863,1448,0.6726047396659851,0,3
3728,186,1863,1805,0.46794605255126953,0,3
3729,186,1863,604,0.2801118791103363,0,3
3730,186,1863,741,0.26349887251853943,0,3
3731,186,1863,238,0.23694726824760437,0,3
3732,186,1863,3634,0.305771142244339,0,3
3733,186,1863,1712,0.699210524559021,0,3
3734,186,1863,1362,0.2792317867279053,0,3
3735,186,1863,2750,0.04059775546193123,0,3
3736,186,1863,1816,0.3451665937900543,0,3
3737,186,1863,3113,0.45730045437812805,0,3
3738,186,1863,1929,0.08543998748064041,0,3
3739,186,1863,2114,0.3644036054611206,0,3
3740,187,4147,4147,0.7054758071899414,1,5
3741,187,4147,1755,0.5496188402175903,0,5
3742,187,4147,1860,0.08436001092195511,0,5
3743,187,4147,1599,0.12742459774017334,0,5
3744,187,4147,2661,0.38589340448379517,0,5
3745,187,4147,1454,0.491189569234848,0,5
3746,187,4147,2485,0.20563136041164398,0,5
3747,187,4147,4109,0.5210214853286743,0,5
3748,187,4147,3697,0.7986113429069519,0,5
3749,187,4147,958,0.38801372051239014,0,5
3750,187,4147,610,0.23066532611846924,0,5
3751,187,4147,3437,0.04207981005311012,0,5
3752,187,4147,1241,0.4886339604854584,0,5
3753,187,4147,4074,0.8274860978126526,0,5
3754,187,4147,2906,0.16408394277095795,0,5
3755,187,4147,1696,0.37461450695991516,0,5
3756,187,4147,3596,0.48250800371170044,0,5
3757,187,4147,2696,0.8591392636299133,0,5
3758,187,4147,3076,0.9391089081764221,0,5
3759,187,4147,1487,0.05055094510316849,0,5
3760,188,1068,1068,0.7185003757476807,1,1
3761,188,1068,11,0.004594951868057251,0,1
3762,188,1068,1927,0.20806348323822021,0,1
3763,188,1068,2225,0.10097457468509674,0,1
3764,188,1068,63,0.049723539501428604,0,1
3765,188,1068,831,0.14374814927577972,0,1
3766,188,1068,3631,0.0069664241746068,0,1
3767,188,1068,1881,0.08531703054904938,0,1
3768,188,1068,2935,0.003229364287108183,0,1
3769,188,1068,1607,0.19146883487701416,0,1
3770,188,1068,2833,0.26778244972229004,0,1
3771,188,1068,3590,0.0029615063685923815,0,1
3772,188,1068,3097,0.0753680095076561,0,1
3773,188,1068,3079,0.20259897410869598,0,1
3774,188,1068,1051,0.24156591296195984,0,1
3775,188,1068,249,0.2546701431274414,0,1
3776,188,1068,2189,0.06281662732362747,0,1
3777,188,1068,3675,0.270374596118927,0,1
3778,188,1068,3645,0.15114480257034302,0,1
3779,188,1068,1744,0.02047695964574814,0,1
3780,189,2027,2027,0.8669834733009338,1,1
3781,189,2027,2734,0.6263666749000549,0,1
3782,189,2027,2893,0.49260154366493225,0,1
3783,189,2027,2264,0.21973566710948944,0,1
3784,189,2027,2961,0.5620430707931519,0,1
3785,189,2027,3133,0.2184516042470932,0,1
3786,189,2027,3793,0.3467414081096649,0,1
3787,189,2027,2836,0.07929728180170059,0,1
3788,189,2027,3193,0.6659625172615051,0,1
3789,189,2027,2220,0.5883434414863586,0,1
3790,189,2027,3961,0.44104647636413574,0,1
3791,189,2027,732,0.0439794585108757,0,1
3792,189,2027,2251,0.17559880018234253,0,1
3793,189,2027,1606,0.4975723326206207,0,1
3794,189,2027,2240,0.41972243785858154,0,1
3795,189,2027,1532,0.10522548109292984,0,1
3796,189,2027,2854,0.40683501958847046,0,1
3797,189,2027,1042,0.7123513221740723,0,1
3798,189,2027,3217,0.07719060033559799,0,1
3799,189,2027,3115,0.40230515599250793,0,1
3800,190,1622,1622,0.9556952118873596,1,1
3801,190,1622,337,0.20740339159965515,0,1
3802,190,1622,3664,0.016091182827949524,0,1
3803,190,1622,2437,0.004403495695441961,0,1
3804,190,1622,2967,0.013950619846582413,0,1
3805,190,1622,315,0.47597044706344604,0,1
3806,190,1622,1963,9.096249414142221e-06,0,1
3807,190,1622,2798,0.5830539464950562,0,1
3808,190,1622,1686,0.0003810092166531831,0,1
3809,190,1622,3941,0.21061989665031433,0,1
3810,190,1622,1213,0.1499527245759964,0,1
3811,190,1622,2499,0.00019386679923627526,0,1
3812,190,1622,2282,0.0005053479108028114,0,1
3813,190,1622,3121,0.031764402985572815,0,1
3814,190,1622,4058,0.0006770328618586063,0,1
3815,190,1622,2893,0.10699895024299622,0,1
3816,190,1622,2576,0.02520795539021492,0,1
3817,190,1622,3288,0.0062681022100150585,0,1
3818,190,1622,735,0.005727946292608976,0,1
3819,190,1622,551,0.9552019238471985,0,1
3820,191,3902,3902,0.7486765384674072,1,1
3821,191,3902,1145,0.11096468567848206,0,1
3822,191,3902,3450,0.5843160152435303,0,1
3823,191,3902,232,0.4230740964412689,0,1
3824,191,3902,2141,0.4311133027076721,0,1
3825,191,3902,3152,0.06933838129043579,0,1
3826,191,3902,2354,0.5523082613945007,0,1
3827,191,3902,2068,0.07243596762418747,0,1
3828,191,3902,2162,0.494733601808548,0,1
3829,191,3902,3905,0.06138034537434578,0,1
3830,191,3902,1946,0.5120351314544678,0,1
3831,191,3902,641,0.388179212808609,0,1
3832,191,3902,2250,0.4291812777519226,0,1
3833,191,3902,2409,0.014406764879822731,0,1
3834,191,3902,934,0.49175405502319336,0,1
3835,191,3902,2146,0.025803497061133385,0,1
3836,191,3902,2628,0.12524323165416718,0,1
3837,191,3902,3837,0.17094087600708008,0,1
3838,191,3902,48,0.49550145864486694,0,1
3839,191,3902,2222,0.020059730857610703,0,1
3840,192,3914,3914,0.8529958128929138,1,2
3841,192,3914,2306,0.8893020153045654,0,2
3842,192,3914,1564,0.22103703022003174,0,2
3843,192,3914,977,0.3922651708126068,0,2
3844,192,3914,3485,0.358601838350296,0,2
3845,192,3914,3520,0.05425066128373146,0,2
3846,192,3914,686,0.067962147295475,0,2
3847,192,3914,708,0.39237910509109497,0,2
3848,192,3914,2361,0.04729675501585007,0,2
3849,192,3914,3219,0.43234071135520935,0,2
3850,192,3914,1352,0.13634005188941956,0,2
3851,192,3914,2171,0.507865846157074,0,2
3852,192,3914,944,0.15073108673095703,0,2
3853,192,3914,2421,0.19915276765823364,0,2
3854,192,3914,1511,0.23862937092781067,0,2
3855,192,3914,3694,0.3326280415058136,0,2
3856,192,3914,3047,0.4424319863319397,0,2
3857,192,3914,2822,0.06218482926487923,0,2
3858,192,3914,127,0.5837680101394653,0,2
3859,192,3914,1338,0.30357450246810913,0,2
3860,193,346,346,0.8384620547294617,1,1
3861,193,346,2478,0.019868623465299606,0,1
3862,193,346,3725,0.20947480201721191,0,1
3863,193,346,1163,0.2734244763851166,0,1
3864,193,346,1331,0.02337523177266121,0,1
3865,193,346,2679,0.017023375257849693,0,1
3866,193,346,323,0.5457751154899597,0,1
3867,193,346,4145,0.024347933009266853,0,1
3868,193,346,1606,0.2561744451522827,0,1
3869,193,346,3523,0.009003658778965473,0,1
3870,193,346,648,0.5563200116157532,0,1
3871,193,346,161,0.028501862660050392,0,1
3872,193,346,754,0.3720828890800476,0,1
3873,193,346,3497,0.05765678361058235,0,1
3874,193,346,4059,0.04826433211565018,0,1
3875,193,346,2025,0.00572373578324914,0,1
3876,193,346,2728,0.1054275706410408,0,1
3877,193,346,3598,0.01885533705353737,0,1
3878,193,346,4060,0.16365733742713928,0,1
3879,193,346,1830,0.006474458612501621,0,1
3880,194,2592,2592,0.6089929938316345,1,1
3881,194,2592,674,0.3767869472503662,0,1
3882,194,2592,3951,0.13544048368930817,0,1
3883,194,2592,2867,0.5968478322029114,0,1
3884,194,2592,3718,0.364844411611557,0,1
3885,194,2592,2629,0.3584364950656891,0,1
3886,194,2592,4128,0.394605815410614,0,1
3887,194,2592,1191,0.4563661217689514,0,1
3888,194,2592,555,0.05800621211528778,0,1
3889,194,2592,1011,0.331291526556015,0,1
3890,194,2592,3678,0.37028348445892334,0,1
3891,194,2592,3610,0.10840021818876266,0,1
3892,194,2592,3445,0.12029840797185898,0,1
3893,194,2592,2321,0.3858224153518677,0,1
3894,194,2592,186,0.025752224028110504,0,1
3895,194,2592,4172,0.018744271248579025,0,1
3896,194,2592,3589,0.42730703949928284,0,1
3897,194,2592,1339,0.1358157843351364,0,1
3898,194,2592,2423,0.21445408463478088,0,1
3899,194,2592,3362,0.14196465909481049,0,1
3900,195,1114,1114,0.5470618009567261,1,4
3901,195,1114,2161,0.6462693214416504,0,4
3902,195,1114,819,0.24976025521755219,0,4
3903,195,1114,1851,0.5047008395195007,0,4
3904,195,1114,837,0.6124464869499207,0,4
3905,195,1114,2169,0.4774770438671112,0,4
3906,195,1114,612,0.475382536649704,0,4
3907,195,1114,217,0.5248273015022278,0,4
3908,195,1114,1978,0.4016765356063843,0,4
3909,195,1114,3856,0.5087257623672485,0,4
3910,195,1114,1524,0.5059681534767151,0,4
3911,195,1114,3321,0.5073224902153015,0,4
3912,195,1114,207,0.4768756926059723,0,4
3913,195,1114,1096,0.39757582545280457,0,4
3914,195,1114,418,0.25142034888267517,0,4
3915,195,1114,982,0.5049511194229126,0,4
3916,195,1114,2988,0.2600424587726593,0,4
3917,195,1114,2397,0.619246244430542,0,4
3918,195,1114,1231,0.3063031733036041,0,4
3919,195,1114,2673,0.4278271794319153,0,4
3920,196,4163,4163,0.6705347299575806,1,2
3921,196,4163,132,0.5615302324295044,0,2
3922,196,4163,2316,0.4383702874183655,0,2
3923,196,4163,725,0.4649297297000885,0,2
3924,196,4163,1417,0.5010290145874023,0,2
3925,196,4163,603,0.43502625823020935,0,2
3926,196,4163,3324,0.22670193016529083,0,2
3927,196,4163,548,0.5303371548652649,0,2
3928,196,4163,4089,0.14191526174545288,0,2
3929,196,4163,493,0.18699246644973755,0,2
3930,196,4163,1716,0.4937204122543335,0,2
3931,196,4163,4091,0.08519309014081955,0,2
3932,196,4163,1755,0.46341925859451294,0,2
3933,196,4163,265,0.704917311668396,0,2
3934,196,4163,159,0.4330994188785553,0,2
3935,196,4163,1706,0.35398274660110474,0,2
3936,196,4163,806,0.29546302556991577,0,2
3937,196,4163,1270,0.06017156317830086,0,2
3938,196,4163,1747,0.30356618762016296,0,2
3939,196,4163,1027,0.5245512127876282,0,2
3940,197,1741,1741,0.7685235738754272,1,1
3941,197,1741,291,0.19904091954231262,0,1
3942,197,1741,693,0.05207505077123642,0,1
3943,197,1741,717,0.016175471246242523,0,1
3944,197,1741,3272,0.13959890604019165,0,1
3945,197,1741,743,0.054933302104473114,0,1
3946,197,1741,3150,0.07867509126663208,0,1
3947,197,1741,2421,0.0007318000425584614,0,1
3948,197,1741,3290,0.14859242737293243,0,1
3949,197,1741,1712,0.18360717594623566,0,1
3950,197,1741,2367,0.013781709596514702,0,1
3951,197,1741,3560,0.03730155527591705,0,1
3952,197,1741,3466,0.013178402557969093,0,1
3953,197,1741,4004,0.0036241139750927687,0,1
3954,197,1741,1134,0.016710491850972176,0,1
3955,197,1741,3645,0.008164218626916409,0,1
3956,197,1741,885,0.6524136662483215,0,1
3957,197,1741,1574,0.21716001629829407,0,1
3958,197,1741,1672,0.004346787929534912,0,1
3959,197,1741,3684,0.07030382007360458,0,1
3960,198,542,542,0.5156097412109375,1,1
3961,198,542,813,0.0422026589512825,0,1
3962,198,542,3262,0.06445172429084778,0,1
3963,198,542,1177,0.22686587274074554,0,1
3964,198,542,3621,0.055014025419950485,0,1
3965,198,542,2234,0.2270667552947998,0,1
3966,198,542,34,0.2881839871406555,0,1
3967,198,542,759,0.02927754633128643,0,1
3968,198,542,45,0.10283556580543518,0,1
3969,198,542,192,0.3112330734729767,0,1
3970,198,542,2427,0.1616348922252655,0,1
3971,198,542,2259,0.10965847223997116,0,1
3972,198,542,65,0.11707033216953278,0,1
3973,198,542,1396,0.49448665976524353,0,1
3974,198,542,3943,0.05375086888670921,0,1
3975,198,542,414,0.29670917987823486,0,1
3976,198,542,1730,0.2517675757408142,0,1
3977,198,542,1775,0.2949092984199524,0,1
3978,198,542,608,0.06741124391555786,0,1
3979,198,542,2720,0.3646344840526581,0,1
3980,199,973,973,0.6022154092788696,1,3
3981,199,973,3437,0.4579049050807953,0,3
3982,199,973,852,0.4848744869232178,0,3
3983,199,973,504,0.5361292362213135,0,3
3984,199,973,1827,0.38631871342658997,0,3
3985,199,973,3029,0.5204327702522278,0,3
3986,199,973,2078,0.333303302526474,0,3
3987,199,973,1028,0.4527927041053772,0,3
3988,199,973,3134,0.5991488695144653,0,3
3989,199,973,3073,0.4956100285053253,0,3
3990,199,973,2771,0.20476560294628143,0,3
3991,199,973,1880,0.2921070456504822,0,3
3992,199,973,2967,0.5079858899116516,0,3
3993,199,973,843,0.626125693321228,0,3
3994,199,973,2497,0.47225844860076904,0,3
3995,199,973,921,0.5284692049026489,0,3
3996,199,973,2257,0.2940440773963928,0,3
3997,199,973,1640,0.7510853409767151,0,3
3998,199,973,323,0.5166456699371338,0,3
3999,199,973,302,0.5344751477241516,0,3
4000,200,422,422,0.8175361752510071,1,2
4001,200,422,4146,0.007785651367157698,0,2
4002,200,422,151,0.08192263543605804,0,2
4003,200,422,3814,0.8250029683113098,0,2
4004,200,422,874,0.01504533551633358,0,2
4005,200,422,2250,0.12308384478092194,0,2
4006,200,422,1080,0.23443973064422607,0,2
4007,200,422,1705,0.2265227884054184,0,2
4008,200,422,1944,0.2951033413410187,0,2
4009,200,422,1581,0.0005752046126872301,0,2
4010,200,422,2730,0.054794393479824066,0,2
4011,200,422,464,0.022175448015332222,0,2
4012,200,422,28,0.1005205437541008,0,2
4013,200,422,1859,0.09697136282920837,0,2
4014,200,422,3685,0.00925131980329752,0,2
4015,200,422,3143,0.3472048044204712,0,2
4016,200,422,52,0.0232279971241951,0,2
4017,200,422,2227,0.0071901315823197365,0,2
4018,200,422,1285,0.026740623638033867,0,2
4019,200,422,2140,0.17794844508171082,0,2
4020,201,1464,1464,0.9339393973350525,1,1
4021,201,1464,3794,0.14320188760757446,0,1
4022,201,1464,317,0.0038130590692162514,0,1
4023,201,1464,3406,0.21893860399723053,0,1
4024,201,1464,1820,0.05157767981290817,0,1
4025,201,1464,291,0.20290005207061768,0,1
4026,201,1464,2625,0.05962919816374779,0,1
4027,201,1464,1255,0.01892826147377491,0,1
4028,201,1464,3038,0.1851077526807785,0,1
4029,201,1464,3983,0.10412901639938354,0,1
4030,201,1464,2876,0.0010156226344406605,0,1
4031,201,1464,3110,0.17461732029914856,0,1
4032,201,1464,2426,0.05448514595627785,0,1
4033,201,1464,728,0.22127267718315125,0,1
4034,201,1464,1396,0.22659894824028015,0,1
4035,201,1464,72,0.010708210058510303,0,1
4036,201,1464,231,0.008037136867642403,0,1
4037,201,1464,2358,0.02231709659099579,0,1
4038,201,1464,3790,0.0036544359754770994,0,1
4039,201,1464,2302,0.03001389466226101,0,1
4040,202,1130,1130,0.9483206272125244,1,1
4041,202,1130,582,0.013656899333000183,0,1
4042,202,1130,2453,0.045269422233104706,0,1
4043,202,1130,1596,0.0002430680178804323,0,1
4044,202,1130,1795,0.0002533239312469959,0,1
4045,202,1130,2962,0.00017866524285636842,0,1
4046,202,1130,1654,0.00010504451347514987,0,1
4047,202,1130,1308,0.00019807122589554638,0,1
4048,202,1130,2622,0.0336981825530529,0,1
4049,202,1130,1559,0.07069745659828186,0,1
4050,202,1130,1850,0.10410013794898987,0,1
4051,202,1130,1470,0.0021504119504243135,0,1
4052,202,1130,348,0.2709517180919647,0,1
4053,202,1130,1883,0.00024042959557846189,0,1
4054,202,1130,3418,1.126714892052405e-06,0,1
4055,202,1130,2443,0.03197888284921646,0,1
4056,202,1130,4,5.4803862440166995e-05,0,1
4057,202,1130,2950,2.3021675588097423e-05,0,1
4058,202,1130,2146,9.415926615474746e-05,0,1
4059,202,1130,3440,4.895346592093119e-06,0,1
4060,203,4174,4174,0.5234511494636536,1,1
4061,203,4174,1818,0.08935204148292542,0,1
4062,203,4174,2772,0.052261486649513245,0,1
4063,203,4174,2175,0.23825660347938538,0,1
4064,203,4174,2838,0.22728875279426575,0,1
4065,203,4174,4161,0.06695453077554703,0,1
4066,203,4174,2646,0.09140311181545258,0,1
4067,203,4174,1985,0.2759091854095459,0,1
4068,203,4174,2845,0.27339521050453186,0,1
4069,203,4174,2917,0.16673517227172852,0,1
4070,203,4174,1253,0.2945752739906311,0,1
4071,203,4174,3130,0.4041995406150818,0,1
4072,203,4174,739,0.2681253254413605,0,1
4073,203,4174,2776,0.30402448773384094,0,1
4074,203,4174,2559,0.32872992753982544,0,1
4075,203,4174,580,0.14096541702747345,0,1
4076,203,4174,3362,0.02450767159461975,0,1
4077,203,4174,3116,0.2665868401527405,0,1
4078,203,4174,3334,0.32290783524513245,0,1
4079,203,4174,2048,0.31702637672424316,0,1
4080,204,986,986,0.49216321110725403,1,1
4081,204,986,588,0.2958408296108246,0,1
4082,204,986,243,0.42737531661987305,0,1
4083,204,986,173,0.3421454131603241,0,1
4084,204,986,1131,0.43687179684638977,0,1
4085,204,986,785,0.41603925824165344,0,1
4086,204,986,3760,0.4611596167087555,0,1
4087,204,986,111,0.19387656450271606,0,1
4088,204,986,95,0.43254685401916504,0,1
4089,204,986,274,0.43615302443504333,0,1
4090,204,986,674,0.4050019681453705,0,1
4091,204,986,3010,0.4413507878780365,0,1
4092,204,986,2480,0.37049585580825806,0,1
4093,204,986,2948,0.08935075998306274,0,1
4094,204,986,434,0.3291380703449249,0,1
4095,204,986,2315,0.4118741452693939,0,1
4096,204,986,2676,0.40826207399368286,0,1
4097,204,986,1839,0.1778578758239746,0,1
4098,204,986,1164,0.3764379918575287,0,1
4099,204,986,4026,0.315790057182312,0,1
4100,205,2158,2158,0.6012248396873474,1,4
4101,205,2158,1450,0.2950502634048462,0,4
4102,205,2158,56,0.2255684733390808,0,4
4103,205,2158,954,0.5041729211807251,0,4
4104,205,2158,3116,0.3702852427959442,0,4
4105,205,2158,1391,0.07588838785886765,0,4
4106,205,2158,2318,0.240576833486557,0,4
4107,205,2158,2834,0.21715772151947021,0,4
4108,205,2158,3982,0.741348385810852,0,4
4109,205,2158,3377,0.38967612385749817,0,4
4110,205,2158,3848,0.1718701422214508,0,4
4111,205,2158,2696,0.6246029138565063,0,4
4112,205,2158,1923,0.49030959606170654,0,4
4113,205,2158,2859,0.5589904189109802,0,4
4114,205,2158,976,0.06757405400276184,0,4
4115,205,2158,2355,0.7575148344039917,0,4
4116,205,2158,2931,0.24944348633289337,0,4
4117,205,2158,77,0.08911211788654327,0,4
4118,205,2158,2652,0.1899053454399109,0,4
4119,205,2158,1353,0.27754995226860046,0,4
4120,206,3204,3204,0.8244256973266602,1,1
4121,206,3204,2521,0.504111647605896,0,1
4122,206,3204,1295,0.3772609233856201,0,1
4123,206,3204,2752,0.4086039960384369,0,1
4124,206,3204,3437,0.046314168721437454,0,1
4125,206,3204,266,0.02494044043123722,0,1
4126,206,3204,3269,0.5405030250549316,0,1
4127,206,3204,197,0.1086544319987297,0,1
4128,206,3204,14,0.33748361468315125,0,1
4129,206,3204,3858,0.0072972592897713184,0,1
4130,206,3204,3038,0.39356720447540283,0,1
4131,206,3204,120,0.039247095584869385,0,1
4132,206,3204,2459,0.638581395149231,0,1
4133,206,3204,4045,0.1868952512741089,0,1
4134,206,3204,838,0.0514490120112896,0,1
4135,206,3204,2658,0.14940111339092255,0,1
4136,206,3204,3770,0.4915963411331177,0,1
4137,206,3204,2532,0.06429988145828247,0,1
4138,206,3204,1462,0.014810420572757721,0,1
4139,206,3204,2875,0.5532265305519104,0,1
4140,207,677,677,0.6503691077232361,1,2
4141,207,677,509,0.45821741223335266,0,2
4142,207,677,3977,0.5178633332252502,0,2
4143,207,677,1666,0.40631240606307983,0,2
4144,207,677,242,0.08407828211784363,0,2
4145,207,677,3337,0.009427744895219803,0,2
4146,207,677,2432,0.38970720767974854,0,2
4147,207,677,3988,0.5751956701278687,0,2
4148,207,677,3795,0.4618121385574341,0,2
4149,207,677,87,0.4494175612926483,0,2
4150,207,677,1482,0.4327947497367859,0,2
4151,207,677,495,0.33086588978767395,0,2
4152,207,677,3104,0.44109997153282166,0,2
4153,207,677,3637,0.4685457646846771,0,2
4154,207,677,3381,0.11355827748775482,0,2
4155,207,677,927,0.5075844526290894,0,2
4156,207,677,970,0.31671422719955444,0,2
4157,207,677,3432,0.5391757488250732,0,2
4158,207,677,2847,0.7031363248825073,0,2
4159,207,677,3191,0.3843693137168884,0,2
4160,208,3122,3122,0.602435290813446,1,1
4161,208,3122,549,0.45292356610298157,0,1
4162,208,3122,2892,0.26531025767326355,0,1
4163,208,3122,4078,0.16711488366127014,0,1
4164,208,3122,2924,0.08096186071634293,0,1
4165,208,3122,227,0.49244850873947144,0,1
4166,208,3122,2748,0.1499347686767578,0,1
4167,208,3122,103,0.07643433660268784,0,1
4168,208,3122,2664,0.34345757961273193,0,1
4169,208,3122,1685,0.4939648509025574,0,1
4170,208,3122,3257,0.2911434769630432,0,1
4171,208,3122,443,0.43747004866600037,0,1
4172,208,3122,2293,0.44654667377471924,0,1
4173,208,3122,1022,0.1988951712846756,0,1
4174,208,3122,1669,0.32414236664772034,0,1
4175,208,3122,3547,0.2392594814300537,0,1
4176,208,3122,3649,0.5061604380607605,0,1
4177,208,3122,85,0.2971179187297821,0,1
4178,208,3122,2872,0.21187804639339447,0,1
4179,208,3122,3364,0.599432110786438,0,1
4180,209,3672,3672,0.6895278096199036,1,1
4181,209,3672,1919,0.5203316807746887,0,1
4182,209,3672,2300,0.06346696615219116,0,1
4183,209,3672,1349,0.5457348823547363,0,1
4184,209,3672,299,0.21496975421905518,0,1
4185,209,3672,2318,0.1435161828994751,0,1
4186,209,3672,492,0.15845200419425964,0,1
4187,209,3672,4144,0.07394373416900635,0,1
4188,209,3672,2616,0.6590498685836792,0,1
4189,209,3672,958,0.09784802794456482,0,1
4190,209,3672,1484,0.25341951847076416,0,1
4191,209,3672,2196,0.17821760475635529,0,1
4192,209,3672,1487,0.10553204268217087,0,1
4193,209,3672,442,0.6028783917427063,0,1
4194,209,3672,2852,0.4802123010158539,0,1
4195,209,3672,3734,0.43215128779411316,0,1
4196,209,3672,178,0.14607372879981995,0,1
4197,209,3672,208,0.4873942732810974,0,1
4198,209,3672,2853,0.19672353565692902,0,1
4199,209,3672,1156,0.34617069363594055,0,1
4200,210,3890,3890,0.8519685864448547,1,3
4201,210,3890,884,0.9204545021057129,0,3
4202,210,3890,3842,0.38920366764068604,0,3
4203,210,3890,2266,0.734026312828064,0,3
4204,210,3890,2008,0.650313138961792,0,3
4205,210,3890,3807,0.16677622497081757,0,3
4206,210,3890,1815,0.21462136507034302,0,3
4207,210,3890,1386,0.22939977049827576,0,3
4208,210,3890,2340,0.46549534797668457,0,3
4209,210,3890,2196,0.18313387036323547,0,3
4210,210,3890,1361,0.8305426836013794,0,3
4211,210,3890,165,0.19916723668575287,0,3
4212,210,3890,3232,0.02753942646086216,0,3
4213,210,3890,1440,0.5262422561645508,0,3
4214,210,3890,2970,0.23684081435203552,0,3
4215,210,3890,2056,0.049732182174921036,0,3
4216,210,3890,988,0.1304951012134552,0,3
4217,210,3890,3184,0.5259971618652344,0,3
4218,210,3890,183,0.8889341950416565,0,3
4219,210,3890,1334,0.3233087360858917,0,3
4220,211,1415,1415,0.7528421878814697,1,1
4221,211,1415,2878,0.0028255521319806576,0,1
4222,211,1415,1139,0.31213465332984924,0,1
4223,211,1415,2761,1.511360278527718e-05,0,1
4224,211,1415,3216,0.013390832580626011,0,1
4225,211,1415,2569,0.019877387210726738,0,1
4226,211,1415,1613,0.08287301659584045,0,1
4227,211,1415,2714,9.384115401189774e-05,0,1
4228,211,1415,3891,0.029655039310455322,0,1
4229,211,1415,4135,0.002119629178196192,0,1
4230,211,1415,2954,0.15166951715946198,0,1
4231,211,1415,668,0.0016720837447792292,0,1
4232,211,1415,2101,0.0011202850146219134,0,1
4233,211,1415,2671,0.20130115747451782,0,1
4234,211,1415,1287,0.19422116875648499,0,1
4235,211,1415,391,0.22804735600948334,0,1
4236,211,1415,1618,0.0746479481458664,0,1
4237,211,1415,3829,0.08935851603746414,0,1
4238,211,1415,3968,0.14585326611995697,0,1
4239,211,1415,2904,0.2396409958600998,0,1
4240,212,268,268,0.603968620300293,1,1
4241,212,268,298,0.05547494441270828,0,1
4242,212,268,2353,0.003790119895711541,0,1
4243,212,268,750,0.19898048043251038,0,1
4244,212,268,3135,0.011662290431559086,0,1
4245,212,268,544,0.03881825506687164,0,1
4246,212,268,1430,0.02654866874217987,0,1
4247,212,268,3883,0.0013673276407644153,0,1
4248,212,268,2706,0.26153022050857544,0,1
4249,212,268,401,0.046085525304079056,0,1
4250,212,268,656,0.04495784267783165,0,1
4251,212,268,545,0.004361676052212715,0,1
4252,212,268,1706,0.2566470205783844,0,1
4253,212,268,1547,0.01570936292409897,0,1
4254,212,268,2322,0.008943615481257439,0,1
4255,212,268,591,0.0419839583337307,0,1
4256,212,268,2866,0.004624155815690756,0,1
4257,212,268,2879,0.042708925902843475,0,1
4258,212,268,1683,0.24051767587661743,0,1
4259,212,268,730,0.08607105910778046,0,1
4260,213,2760,2760,0.6036185026168823,1,6
4261,213,2760,1107,0.46372443437576294,0,6
4262,213,2760,2493,0.6170852184295654,0,6
4263,213,2760,1909,0.4940730929374695,0,6
4264,213,2760,2831,0.41232460737228394,0,6
4265,213,2760,2046,0.556818425655365,0,6
4266,213,2760,1839,0.45366761088371277,0,6
4267,213,2760,220,0.5622145533561707,0,6
4268,213,2760,687,0.6161885261535645,0,6
4269,213,2760,8,0.5320658683776855,0,6
4270,213,2760,726,0.6324754357337952,0,6
4271,213,2760,3275,0.5689115524291992,0,6
4272,213,2760,573,0.4188508689403534,0,6
4273,213,2760,3029,0.6091511845588684,0,6
4274,213,2760,3222,0.40311720967292786,0,6
4275,213,2760,1187,0.5549999475479126,0,6
4276,213,2760,4103,0.61585932970047,0,6
4277,213,2760,3218,0.32766544818878174,0,6
4278,213,2760,531,0.45050522685050964,0,6
4279,213,2760,176,0.48459863662719727,0,6
4280,214,2395,2395,0.7585712671279907,1,1
4281,214,2395,2629,0.02363090217113495,0,1
4282,214,2395,1044,0.003258129581809044,0,1
4283,214,2395,2385,0.007414733991026878,0,1
4284,214,2395,3922,0.019146772101521492,0,1
4285,214,2395,3511,0.21789290010929108,0,1
4286,214,2395,4047,0.19006939232349396,0,1
4287,214,2395,1414,0.36544591188430786,0,1
4288,214,2395,1250,0.14977382123470306,0,1
4289,214,2395,2437,0.009891771711409092,0,1
4290,214,2395,394,0.11990810930728912,0,1
4291,214,2395,2241,0.1592552810907364,0,1
4292,214,2395,2703,0.00025199566152878106,0,1
4293,214,2395,4139,0.1010880395770073,0,1
4294,214,2395,81,0.3298623561859131,0,1
4295,214,2395,2215,0.00015858735423535109,0,1
4296,214,2395,2876,0.08595315366983414,0,1
4297,214,2395,3423,0.006805336102843285,0,1
4298,214,2395,2391,0.018234701827168465,0,1
4299,214,2395,448,0.04112858697772026,0,1
4300,215,254,254,0.5674259662628174,1,1
4301,215,254,1651,0.11349406838417053,0,1
4302,215,254,492,0.041771866381168365,0,1
4303,215,254,2970,0.05190097913146019,0,1
4304,215,254,3325,0.3097267746925354,0,1
4305,215,254,474,0.5549402832984924,0,1
4306,215,254,2118,0.24565038084983826,0,1
4307,215,254,1669,0.5007971525192261,0,1
4308,215,254,3306,0.3542636036872864,0,1
4309,215,254,3600,0.17933063209056854,0,1
4310,215,254,3662,0.5236110091209412,0,1
4311,215,254,1402,0.29262253642082214,0,1
4312,215,254,2588,0.45756250619888306,0,1
4313,215,254,432,0.5101085901260376,0,1
4314,215,254,2352,0.1469288468360901,0,1
4315,215,254,469,0.4741048812866211,0,1
4316,215,254,3399,0.39316970109939575,0,1
4317,215,254,1717,0.09209898859262466,0,1
4318,215,254,3769,0.3565073609352112,0,1
4319,215,254,2814,0.44025886058807373,0,1
4320,216,641,641,0.5412742495536804,1,3
4321,216,641,301,0.35436585545539856,0,3
4322,216,641,955,0.27610689401626587,0,3
4323,216,641,2033,0.2536869943141937,0,3
4324,216,641,4056,0.07666967064142227,0,3
4325,216,641,3046,0.0949939712882042,0,3
4326,216,641,148,0.3982464075088501,0,3
4327,216,641,57,0.01189314853399992,0,3
4328,216,641,2736,0.043458689004182816,0,3
4329,216,641,885,0.5373787879943848,0,3
4330,216,641,2905,0.061168327927589417,0,3
4331,216,641,3320,0.6255704760551453,0,3
4332,216,641,3371,0.10267408937215805,0,3
4333,216,641,1682,0.10167025029659271,0,3
4334,216,641,3883,0.0163948405534029,0,3
4335,216,641,2639,0.4959913194179535,0,3
4336,216,641,2183,0.23979364335536957,0,3
4337,216,641,582,0.1439448595046997,0,3
4338,216,641,2215,0.07756977528333664,0,3
4339,216,641,3216,0.5984576940536499,0,3
4340,217,2116,2116,0.919829249382019,1,1
4341,217,2116,3066,0.001753564109094441,0,1
4342,217,2116,160,0.17953482270240784,0,1
4343,217,2116,2964,0.0014001996023580432,0,1
4344,217,2116,1063,0.09052998572587967,0,1
4345,217,2116,1268,0.08737193793058395,0,1
4346,217,2116,1715,0.001224847394041717,0,1
4347,217,2116,1442,0.004504940006881952,0,1
4348,217,2116,2892,0.00013201643014326692,0,1
4349,217,2116,3117,0.09841276705265045,0,1
4350,217,2116,1084,0.2801149785518646,0,1
4351,217,2116,3275,0.07344914227724075,0,1
4352,217,2116,3096,0.0021272089798003435,0,1
4353,217,2116,2976,0.07008416205644608,0,1
4354,217,2116,539,0.0014635002007707953,0,1
4355,217,2116,3858,0.0016031655250117183,0,1
4356,217,2116,2640,0.036607030779123306,0,1
4357,217,2116,3886,0.010743379592895508,0,1
4358,217,2116,1516,0.009494762867689133,0,1
4359,217,2116,2130,0.06567738205194473,0,1
4360,218,3649,3649,0.9140263795852661,1,1
4361,218,3649,1850,0.49584901332855225,0,1
4362,218,3649,1849,0.4423801004886627,0,1
4363,218,3649,3188,0.6033365726470947,0,1
4364,218,3649,2884,0.33554312586784363,0,1
4365,218,3649,1499,0.3205029368400574,0,1
4366,218,3649,3400,0.3310191333293915,0,1
4367,218,3649,1000,0.1758580207824707,0,1
4368,218,3649,1836,0.06828781217336655,0,1
4369,218,3649,3245,0.4202335476875305,0,1
4370,218,3649,171,0.6826937794685364,0,1
4371,218,3649,1100,0.09246797859668732,0,1
4372,218,3649,3392,0.652387261390686,0,1
4373,218,3649,2033,0.08037205040454865,0,1
4374,218,3649,2056,0.10846607387065887,0,1
4375,218,3649,4136,0.02543693035840988,0,1
4376,218,3649,3149,0.17274586856365204,0,1
4377,218,3649,3518,0.4857367277145386,0,1
4378,218,3649,60,0.08088624477386475,0,1
4379,218,3649,90,0.17561951279640198,0,1
4380,219,547,547,0.5599609613418579,1,2
4381,219,547,2253,0.14114518463611603,0,2
4382,219,547,4106,0.3163544833660126,0,2
4383,219,547,2419,0.045146651566028595,0,2
4384,219,547,2445,0.09202748537063599,0,2
4385,219,547,4057,0.35592788457870483,0,2
4386,219,547,575,0.3243670165538788,0,2
4387,219,547,2415,0.6058399081230164,0,2
4388,219,547,4116,0.16067489981651306,0,2
4389,219,547,1819,0.179088294506073,0,2
4390,219,547,1760,0.18960650265216827,0,2
4391,219,547,1893,0.43063730001449585,0,2
4392,219,547,602,0.29332873225212097,0,2
4393,219,547,2609,0.1930515319108963,0,2
4394,219,547,1687,0.17436951398849487,0,2
4395,219,547,2693,0.046172335743904114,0,2
4396,219,547,1680,0.059749405831098557,0,2
4397,219,547,1000,0.17445233464241028,0,2
4398,219,547,18,0.40081459283828735,0,2
4399,219,547,1803,0.42046740651130676,0,2
4400,220,282,282,0.9801637530326843,1,1
4401,220,282,2119,0.08913440257310867,0,1
4402,220,282,2679,0.047177642583847046,0,1
4403,220,282,76,0.03881656751036644,0,1
4404,220,282,2120,0.0030580945312976837,0,1
4405,220,282,99,0.2119389921426773,0,1
4406,220,282,2929,0.03368458151817322,0,1
4407,220,282,2964,0.001075760112144053,0,1
4408,220,282,1699,0.0012379121035337448,0,1
4409,220,282,618,0.04755287244915962,0,1
4410,220,282,2296,0.022706177085638046,0,1
4411,220,282,1532,0.12177802622318268,0,1
4412,220,282,456,0.18831443786621094,0,1
4413,220,282,911,0.0003694686165545136,0,1
4414,220,282,3654,0.7568268775939941,0,1
4415,220,282,2241,0.031013408675789833,0,1
4416,220,282,2886,0.04212037846446037,0,1
4417,220,282,943,0.09519746899604797,0,1
4418,220,282,4035,0.2767382264137268,0,1
4419,220,282,2188,0.05800759792327881,0,1
4420,221,3657,3657,0.8491426706314087,1,2
4421,221,3657,2748,0.4669102132320404,0,2
4422,221,3657,2081,0.6125993132591248,0,2
4423,221,3657,2476,0.3175867795944214,0,2
4424,221,3657,2463,0.06508756428956985,0,2
4425,221,3657,3752,0.11984911561012268,0,2
4426,221,3657,1355,0.20876839756965637,0,2
4427,221,3657,890,0.4357965588569641,0,2
4428,221,3657,102,0.037623997777700424,0,2
4429,221,3657,3042,0.7119314074516296,0,2
4430,221,3657,3051,0.8686448931694031,0,2
4431,221,3657,3471,0.13604146242141724,0,2
4432,221,3657,1424,0.02902403101325035,0,2
4433,221,3657,3582,0.04923180118203163,0,2
4434,221,3657,3441,0.040788933634757996,0,2
4435,221,3657,3854,0.3363742232322693,0,2
4436,221,3657,3171,0.48692554235458374,0,2
4437,221,3657,902,0.24465781450271606,0,2
4438,221,3657,407,0.34761863946914673,0,2
4439,221,3657,1679,0.3369184732437134,0,2
4440,222,2802,2802,0.6419526934623718,1,1
4441,222,2802,2664,0.48863545060157776,0,1
4442,222,2802,720,0.45860058069229126,0,1
4443,222,2802,2714,0.06768999993801117,0,1
4444,222,2802,3703,0.5279378890991211,0,1
4445,222,2802,3107,0.14305755496025085,0,1
4446,222,2802,2534,0.5233641266822815,0,1
4447,222,2802,3083,0.12913203239440918,0,1
4448,222,2802,696,0.2968861758708954,0,1
4449,222,2802,2056,0.21352490782737732,0,1
4450,222,2802,2416,0.07175511121749878,0,1
4451,222,2802,381,0.42930352687835693,0,1
4452,222,2802,617,0.5864810347557068,0,1
4453,222,2802,1232,0.5901642441749573,0,1
4454,222,2802,3684,0.47012606263160706,0,1
4455,222,2802,3294,0.2872275114059448,0,1
4456,222,2802,3767,0.4763913154602051,0,1
4457,222,2802,2848,0.44209927320480347,0,1
4458,222,2802,1462,0.22645817697048187,0,1
4459,222,2802,989,0.33696216344833374,0,1
4460,223,2675,2675,0.8857051134109497,1,1
4461,223,2675,1243,0.0016708020120859146,0,1
4462,223,2675,2298,0.6052536368370056,0,1
4463,223,2675,2914,0.0007165194838307798,0,1
4464,223,2675,395,0.035690225660800934,0,1
4465,223,2675,936,0.44656649231910706,0,1
4466,223,2675,2694,0.033992327749729156,0,1
4467,223,2675,1424,0.03763974830508232,0,1
4468,223,2675,35,0.0034948703832924366,0,1
4469,223,2675,141,0.07977773994207382,0,1
4470,223,2675,1802,0.017903942614793777,0,1
4471,223,2675,414,0.01883849687874317,0,1
4472,223,2675,185,0.05943119153380394,0,1
4473,223,2675,3084,0.02347344346344471,0,1
4474,223,2675,712,0.33101800084114075,0,1
4475,223,2675,2657,0.025728601962327957,0,1
4476,223,2675,870,0.2258075624704361,0,1
4477,223,2675,1840,0.00747671676799655,0,1
4478,223,2675,1486,0.16796007752418518,0,1
4479,223,2675,1161,0.002322928048670292,0,1
4480,224,517,517,0.9940882921218872,1,1
4481,224,517,3376,0.08021769672632217,0,1
4482,224,517,1137,0.02314409427344799,0,1
4483,224,517,832,2.4009716526052216e-07,0,1
4484,224,517,3431,0.00022149240248836577,0,1
4485,224,517,95,0.44049832224845886,0,1
4486,224,517,54,0.05432781204581261,0,1
4487,224,517,2199,0.17421135306358337,0,1
4488,224,517,1055,0.0023569120094180107,0,1
4489,224,517,1891,0.01139061525464058,0,1
4490,224,517,479,0.00012974001583643258,0,1
4491,224,517,836,0.04953113943338394,0,1
4492,224,517,460,0.34047532081604004,0,1
4493,224,517,3178,0.006499704904854298,0,1
4494,224,517,3869,4.611497956830135e-07,0,1
4495,224,517,4165,0.008628712967038155,0,1
4496,224,517,3418,8.052270459302235e-07,0,1
4497,224,517,68,0.01525595597922802,0,1
4498,224,517,4030,1.7184669559355825e-05,0,1
4499,224,517,3328,0.015535484999418259,0,1
4500,225,3561,3561,0.6402649283409119,1,1
4501,225,3561,3927,0.47448089718818665,0,1
4502,225,3561,1392,0.1773941069841385,0,1
4503,225,3561,1499,0.35741129517555237,0,1
4504,225,3561,280,0.12276432663202286,0,1
4505,225,3561,3350,0.14637631177902222,0,1
4506,225,3561,496,0.35949522256851196,0,1
4507,225,3561,3591,0.2487410306930542,0,1
4508,225,3561,2379,0.4137001633644104,0,1
4509,225,3561,1316,0.19710521399974823,0,1
4510,225,3561,2479,0.0819714143872261,0,1
4511,225,3561,2629,0.48884764313697815,0,1
4512,225,3561,2546,0.4046180546283722,0,1
4513,225,3561,3808,0.03855388984084129,0,1
4514,225,3561,1440,0.137460395693779,0,1
4515,225,3561,1646,0.4227013885974884,0,1
4516,225,3561,3121,0.43337494134902954,0,1
4517,225,3561,2551,0.19904616475105286,0,1
4518,225,3561,969,0.10306880623102188,0,1
4519,225,3561,2671,0.3266148865222931,0,1
4520,226,2404,2404,0.49479594826698303,1,2
4521,226,2404,987,0.14366719126701355,0,2
4522,226,2404,416,0.3357178270816803,0,2
4523,226,2404,327,0.20142090320587158,0,2
4524,226,2404,2614,0.16651514172554016,0,2
4525,226,2404,3983,0.030301209539175034,0,2
4526,226,2404,2616,0.1878632754087448,0,2
4527,226,2404,1721,0.05764324963092804,0,2
4528,226,2404,915,0.46639493107795715,0,2
4529,226,2404,3731,0.2362595796585083,0,2
4530,226,2404,1366,0.20806661248207092,0,2
4531,226,2404,1273,0.043546926230192184,0,2
4532,226,2404,1630,0.17065352201461792,0,2
4533,226,2404,2924,0.05439925566315651,0,2
4534,226,2404,2745,0.3783237934112549,0,2
4535,226,2404,3903,0.31733614206314087,0,2
4536,226,2404,763,0.27280864119529724,0,2
4537,226,2404,2221,0.8268407583236694,0,2
4538,226,2404,1823,0.11104674637317657,0,2
4539,226,2404,4148,0.33586809039115906,0,2
4540,227,3873,3873,0.7128229737281799,1,1
4541,227,3873,3545,0.1617734730243683,0,1
4542,227,3873,1468,0.15835072100162506,0,1
4543,227,3873,3090,0.35274919867515564,0,1
4544,227,3873,4115,0.1779678761959076,0,1
4545,227,3873,3283,0.5854836702346802,0,1
4546,227,3873,2902,0.4631662666797638,0,1
4547,227,3873,2742,0.30358192324638367,0,1
4548,227,3873,3081,0.41422486305236816,0,1
4549,227,3873,179,0.4781460762023926,0,1
4550,227,3873,1888,0.06643591821193695,0,1
4551,227,3873,1211,0.4641363322734833,0,1
4552,227,3873,1578,0.30132415890693665,0,1
4553,227,3873,790,0.6397738456726074,0,1
4554,227,3873,2918,0.3599943220615387,0,1
4555,227,3873,3616,0.13579247891902924,0,1
4556,227,3873,232,0.4953530728816986,0,1
4557,227,3873,244,0.47293350100517273,0,1
4558,227,3873,2986,0.3801533579826355,0,1
4559,227,3873,3049,0.13736318051815033,0,1
4560,228,2687,2687,0.7857360243797302,1,2
4561,228,2687,3954,0.42873531579971313,0,2
4562,228,2687,2866,0.006733881309628487,0,2
4563,228,2687,2944,0.46260756254196167,0,2
4564,228,2687,867,0.44254422187805176,0,2
4565,228,2687,1766,0.08699269592761993,0,2
4566,228,2687,2921,0.22867396473884583,0,2
4567,228,2687,690,0.18986862897872925,0,2
4568,228,2687,179,0.4055189788341522,0,2
4569,228,2687,3385,0.47005724906921387,0,2
4570,228,2687,827,0.38481470942497253,0,2
4571,228,2687,639,0.8108543753623962,0,2
4572,228,2687,1851,0.1621413230895996,0,2
4573,228,2687,447,0.3078511655330658,0,2
4574,228,2687,122,0.36485081911087036,0,2
4575,228,2687,1680,0.07244361191987991,0,2
4576,228,2687,3916,0.5047826766967773,0,2
4577,228,2687,4064,0.3961884081363678,0,2
4578,228,2687,494,0.38725313544273376,0,2
4579,228,2687,3751,0.40714386105537415,0,2
4580,229,1606,1606,0.5804886817932129,1,6
4581,229,1606,2791,0.6371792554855347,0,6
4582,229,1606,3294,0.587038516998291,0,6
4583,229,1606,1474,0.3298739194869995,0,6
4584,229,1606,3354,0.9584373831748962,0,6
4585,229,1606,1590,0.5076166987419128,0,6
4586,229,1606,224,0.26451557874679565,0,6
4587,229,1606,3204,0.37009185552597046,0,6
4588,229,1606,2115,0.3420889675617218,0,6
4589,229,1606,164,0.4804103374481201,0,6
4590,229,1606,631,0.35064950585365295,0,6
4591,229,1606,3017,0.6102046370506287,0,6
4592,229,1606,1791,0.4653465151786804,0,6
4593,229,1606,118,0.9055485725402832,0,6
4594,229,1606,1202,0.3113788664340973,0,6
4595,229,1606,3393,0.550463855266571,0,6
4596,229,1606,1055,0.36913177371025085,0,6
4597,229,1606,2376,0.17160826921463013,0,6
4598,229,1606,1555,0.07422137260437012,0,6
4599,229,1606,4171,0.26827648282051086,0,6
4600,230,302,302,0.9733063578605652,1,1
4601,230,302,1372,0.010056963190436363,0,1
4602,230,302,112,0.13423646986484528,0,1
4603,230,302,1373,0.00486704520881176,0,1
4604,230,302,4070,0.0009288405417464674,0,1
4605,230,302,381,0.20856977999210358,0,1
4606,230,302,2684,0.0051828366704285145,0,1
4607,230,302,659,0.030748946592211723,0,1
4608,230,302,3088,0.005321783479303122,0,1
4609,230,302,224,0.019239913672208786,0,1
4610,230,302,1807,0.001765914959833026,0,1
4611,230,302,561,4.867515599471517e-05,0,1
4612,230,302,2759,0.22200170159339905,0,1
4613,230,302,634,0.0002678081509657204,0,1
4614,230,302,4114,0.0005708851385861635,0,1
4615,230,302,2127,0.05574701353907585,0,1
4616,230,302,3678,0.027568429708480835,0,1
4617,230,302,2781,0.0006899251020513475,0,1
4618,230,302,114,0.0004968498833477497,0,1
4619,230,302,2011,0.00424463115632534,0,1
4620,231,1755,1755,0.6399363875389099,1,1
4621,231,1755,2895,0.43149784207344055,0,1
4622,231,1755,4117,0.45699483156204224,0,1
4623,231,1755,2827,0.16977109014987946,0,1
4624,231,1755,122,0.4393109679222107,0,1
4625,231,1755,3399,0.3740371763706207,0,1
4626,231,1755,840,0.11328072100877762,0,1
4627,231,1755,3849,0.4680871069431305,0,1
4628,231,1755,2318,0.2073875516653061,0,1
4629,231,1755,788,0.2783854305744171,0,1
4630,231,1755,1137,0.1073264628648758,0,1
4631,231,1755,3511,0.4669034779071808,0,1
4632,231,1755,1344,0.4683593511581421,0,1
4633,231,1755,2088,0.26727306842803955,0,1
4634,231,1755,2129,0.17163269221782684,0,1
4635,231,1755,424,0.1492554396390915,0,1
4636,231,1755,3962,0.15660826861858368,0,1
4637,231,1755,3704,0.22925116121768951,0,1
4638,231,1755,2029,0.1490480750799179,0,1
4639,231,1755,3460,0.04052980616688728,0,1
4640,232,2784,2784,0.7470861077308655,1,1
4641,232,2784,3577,0.38642892241477966,0,1
4642,232,2784,3541,0.17955590784549713,0,1
4643,232,2784,3278,0.33010873198509216,0,1
4644,232,2784,2704,0.0352671854197979,0,1
4645,232,2784,3611,0.5165530443191528,0,1
4646,232,2784,28,0.20617225766181946,0,1
4647,232,2784,3782,0.12019018828868866,0,1
4648,232,2784,3086,0.12800972163677216,0,1
4649,232,2784,1306,0.10234951227903366,0,1
4650,232,2784,2366,0.6753000617027283,0,1
4651,232,2784,4007,0.4915686249732971,0,1
4652,232,2784,492,0.06294385343790054,0,1
4653,232,2784,2615,0.41964274644851685,0,1
4654,232,2784,2715,0.4345880448818207,0,1
4655,232,2784,1100,0.013975442387163639,0,1
4656,232,2784,3732,0.35849788784980774,0,1
4657,232,2784,1520,0.3809887766838074,0,1
4658,232,2784,3579,0.5773845314979553,0,1
4659,232,2784,1517,0.32269152998924255,0,1
4660,233,127,127,0.7103130221366882,1,5
4661,233,127,3179,0.5779538154602051,0,5
4662,233,127,2958,0.10975831747055054,0,5
4663,233,127,2534,0.047876112163066864,0,5
4664,233,127,3288,0.35136914253234863,0,5
4665,233,127,3822,0.799609899520874,0,5
4666,233,127,2878,0.1284576952457428,0,5
4667,233,127,1802,0.5981370210647583,0,5
4668,233,127,3644,0.3506148159503937,0,5
4669,233,127,3598,0.7620152235031128,0,5
4670,233,127,4038,0.047600749880075455,0,5
4671,233,127,1377,0.15828055143356323,0,5
4672,233,127,3377,0.4802669584751129,0,5
4673,233,127,2721,0.455077201128006,0,5
4674,233,127,4135,0.8559167981147766,0,5
4675,233,127,1417,0.3838798701763153,0,5
4676,233,127,3408,0.15435382723808289,0,5
4677,233,127,2851,0.039289992302656174,0,5
4678,233,127,713,0.24885983765125275,0,5
4679,233,127,3550,0.8098549246788025,0,5
4680,234,1087,1087,0.6597648859024048,1,1
4681,234,1087,1534,0.3936704099178314,0,1
4682,234,1087,673,0.4819403886795044,0,1
4683,234,1087,268,0.25809651613235474,0,1
4684,234,1087,881,0.3044099807739258,0,1
4685,234,1087,2287,0.22820664942264557,0,1
4686,234,1087,396,0.09680947661399841,0,1
4687,234,1087,2439,0.49157997965812683,0,1
4688,234,1087,539,0.30782297253608704,0,1
4689,234,1087,2691,0.08268489688634872,0,1
4690,234,1087,431,0.08090175688266754,0,1
4691,234,1087,3193,0.6328414678573608,0,1
4692,234,1087,4132,0.20488154888153076,0,1
4693,234,1087,2194,0.3940850496292114,0,1
4694,234,1087,2613,0.4411700665950775,0,1
4695,234,1087,466,0.18003220856189728,0,1
4696,234,1087,552,0.3904185891151428,0,1
4697,234,1087,3689,0.4360307455062866,0,1
4698,234,1087,3739,0.20885014533996582,0,1
4699,234,1087,3404,0.3308826684951782,0,1
4700,235,34,34,0.5570213198661804,1,3
4701,235,34,3874,0.35933443903923035,0,3
4702,235,34,1015,0.23421674966812134,0,3
4703,235,34,3445,0.09196675568819046,0,3
4704,235,34,3820,0.2409537434577942,0,3
4705,235,34,3061,0.13146057724952698,0,3
4706,235,34,1882,0.39235666394233704,0,3
4707,235,34,2818,0.48368021845817566,0,3
4708,235,34,2262,0.656654953956604,0,3
4709,235,34,2003,0.03476492688059807,0,3
4710,235,34,3515,0.24050050973892212,0,3
4711,235,34,995,0.3701586425304413,0,3
4712,235,34,1881,0.06937519460916519,0,3
4713,235,34,1199,0.055438484996557236,0,3
4714,235,34,1336,0.12258005142211914,0,3
4715,235,34,648,0.10464166104793549,0,3
4716,235,34,3157,0.3802110254764557,0,3
4717,235,34,3618,0.1383817195892334,0,3
4718,235,34,3462,0.5951658487319946,0,3
4719,235,34,954,0.38501742482185364,0,3
4720,236,1043,1043,0.7254239916801453,1,3
4721,236,1043,2254,0.40129220485687256,0,3
4722,236,1043,3869,0.1348438411951065,0,3
4723,236,1043,1282,0.3262825608253479,0,3
4724,236,1043,187,0.6821702122688293,0,3
4725,236,1043,2252,0.8127229809761047,0,3
4726,236,1043,2321,0.4216202199459076,0,3
4727,236,1043,2889,0.24986357986927032,0,3
4728,236,1043,2310,0.21291345357894897,0,3
4729,236,1043,365,0.5599474906921387,0,3
4730,236,1043,1323,0.6110947132110596,0,3
4731,236,1043,2781,0.4978507459163666,0,3
4732,236,1043,906,0.6585645079612732,0,3
4733,236,1043,2971,0.37272563576698303,0,3
4734,236,1043,3512,0.3388950526714325,0,3
4735,236,1043,1607,0.5378627181053162,0,3
4736,236,1043,1066,0.4350801408290863,0,3
4737,236,1043,3740,0.8422220349311829,0,3
4738,236,1043,1901,0.3717673122882843,0,3
4739,236,1043,146,0.6021044850349426,0,3
4740,237,1482,1482,0.5789119005203247,1,1
4741,237,1482,2120,0.26186472177505493,0,1
4742,237,1482,1128,0.05670792981982231,0,1
4743,237,1482,1126,0.19880101084709167,0,1
4744,237,1482,387,0.14614668488502502,0,1
4745,237,1482,1333,0.47968146204948425,0,1
4746,237,1482,2164,0.07720368355512619,0,1
4747,237,1482,3118,0.4541541039943695,0,1
4748,237,1482,1801,0.29802146553993225,0,1
4749,237,1482,885,0.19395051896572113,0,1
4750,237,1482,1866,0.20188874006271362,0,1
4751,237,1482,1663,0.17316694557666779,0,1
4752,237,1482,2662,0.4311869740486145,0,1
4753,237,1482,1561,0.34304407238960266,0,1
4754,237,1482,4075,0.034219127148389816,0,1
4755,237,1482,346,0.3502110540866852,0,1
4756,237,1482,3941,0.22765031456947327,0,1
4757,237,1482,3998,0.12255260348320007,0,1
4758,237,1482,1492,0.3574679493904114,0,1
4759,237,1482,3651,0.3916814923286438,0,1
4760,238,2680,2680,0.8404713273048401,1,1
4761,238,2680,3769,0.03655731678009033,0,1
4762,238,2680,1980,0.0005945906741544604,0,1
4763,238,2680,1117,0.010654310695827007,0,1
4764,238,2680,3082,0.006769302301108837,0,1
4765,238,2680,1539,0.14552994072437286,0,1
4766,238,2680,3120,0.2755349576473236,0,1
4767,238,2680,3782,0.02578457072377205,0,1
4768,238,2680,2907,0.01979294791817665,0,1
4769,238,2680,1159,0.013769827783107758,0,1
4770,238,2680,1589,0.0046724663116037846,0,1
4771,238,2680,4085,0.8368738889694214,0,1
4772,238,2680,3872,1.5243384950736072e-05,0,1
4773,238,2680,3069,0.0028049948159605265,0,1
4774,238,2680,1854,0.1656169444322586,0,1
4775,238,2680,2164,0.032448530197143555,0,1
4776,238,2680,1625,0.09438159316778183,0,1
4777,238,2680,3293,0.15341804921627045,0,1
4778,238,2680,1915,0.006441013887524605,0,1
4779,238,2680,568,0.5167264342308044,0,1
4780,239,1917,1917,0.7822765707969666,1,1
4781,239,1917,279,0.5763774514198303,0,1
4782,239,1917,3400,0.16734105348587036,0,1
4783,239,1917,3326,0.420623779296875,0,1
4784,239,1917,2479,0.7064284682273865,0,1
4785,239,1917,183,0.09131315350532532,0,1
4786,239,1917,1615,0.12901565432548523,0,1
4787,239,1917,4113,0.5971257090568542,0,1
4788,239,1917,3719,0.3446789085865021,0,1
4789,239,1917,2897,0.16626961529254913,0,1
4790,239,1917,1459,0.053649235516786575,0,1
4791,239,1917,663,0.38397470116615295,0,1
4792,239,1917,4042,0.6892270445823669,0,1
4793,239,1917,3204,0.40402844548225403,0,1
4794,239,1917,1118,0.12874004244804382,0,1
4795,239,1917,289,0.21988137066364288,0,1
4796,239,1917,1164,0.500622034072876,0,1
4797,239,1917,2461,0.3838404715061188,0,1
4798,239,1917,609,0.3787997364997864,0,1
4799,239,1917,469,0.3375193774700165,0,1
4800,240,1697,1697,0.754875898361206,1,1
4801,240,1697,1887,0.4904562532901764,0,1
4802,240,1697,2635,0.08474021404981613,0,1
4803,240,1697,4130,0.38402435183525085,0,1
4804,240,1697,1714,0.18863898515701294,0,1
4805,240,1697,620,0.4187144935131073,0,1
4806,240,1697,2479,0.026752540841698647,0,1
4807,240,1697,135,0.09858458489179611,0,1
4808,240,1697,493,0.17909780144691467,0,1
4809,240,1697,84,0.3973413109779358,0,1
4810,240,1697,3973,0.42922911047935486,0,1
4811,240,1697,1953,0.11404678225517273,0,1
4812,240,1697,1149,0.26894131302833557,0,1
4813,240,1697,2038,0.444206565618515,0,1
4814,240,1697,3004,0.012435597367584705,0,1
4815,240,1697,1238,0.3147134780883789,0,1
4816,240,1697,833,0.49635088443756104,0,1
4817,240,1697,3845,0.09081041812896729,0,1
4818,240,1697,4167,0.007437424268573523,0,1
4819,240,1697,1700,0.08495824038982391,0,1
4820,241,1772,1772,0.8193541765213013,1,1
4821,241,1772,2909,0.1783193200826645,0,1
4822,241,1772,2959,0.5349010825157166,0,1
4823,241,1772,285,0.2662745714187622,0,1
4824,241,1772,534,0.2757193148136139,0,1
4825,241,1772,717,0.19126851856708527,0,1
4826,241,1772,3523,0.6935140490531921,0,1
4827,241,1772,1143,0.43715086579322815,0,1
4828,241,1772,1438,0.11386183649301529,0,1
4829,241,1772,554,0.40456801652908325,0,1
4830,241,1772,2076,0.4224740266799927,0,1
4831,241,1772,2935,0.5307060480117798,0,1
4832,241,1772,2210,0.4565598666667938,0,1
4833,241,1772,335,0.07400842756032944,0,1
4834,241,1772,1377,0.025966165587306023,0,1
4835,241,1772,443,0.31192493438720703,0,1
4836,241,1772,334,0.027356991544365883,0,1
4837,241,1772,254,0.4667107164859772,0,1
4838,241,1772,1077,0.6931610703468323,0,1
4839,241,1772,603,0.41910868883132935,0,1
4840,242,3336,3336,0.6490147709846497,1,2
4841,242,3336,69,0.27961909770965576,0,2
4842,242,3336,3873,0.5245572328567505,0,2
4843,242,3336,2539,0.2914831042289734,0,2
4844,242,3336,3267,0.556326687335968,0,2
4845,242,3336,1103,0.16963693499565125,0,2
4846,242,3336,3051,0.3362632095813751,0,2
4847,242,3336,2485,0.21652714908123016,0,2
4848,242,3336,1573,0.5678346753120422,0,2
4849,242,3336,4101,0.21170610189437866,0,2
4850,242,3336,3727,0.30117741227149963,0,2
4851,242,3336,4092,0.13461562991142273,0,2
4852,242,3336,579,0.19784092903137207,0,2
4853,242,3336,3224,0.48460671305656433,0,2
4854,242,3336,2458,0.7102118134498596,0,2
4855,242,3336,1704,0.2728445827960968,0,2
4856,242,3336,2565,0.044029124081134796,0,2
4857,242,3336,3772,0.09288924187421799,0,2
4858,242,3336,3064,0.4708728790283203,0,2
4859,242,3336,1929,0.2164803147315979,0,2
4860,243,503,503,0.8299641609191895,1,1
4861,243,503,564,0.3847130537033081,0,1
4862,243,503,2890,0.10802066326141357,0,1
4863,243,503,3573,0.05137689411640167,0,1
4864,243,503,635,0.05105191096663475,0,1
4865,243,503,128,0.2987302243709564,0,1
4866,243,503,2280,0.368430495262146,0,1
4867,243,503,3750,0.03957950323820114,0,1
4868,243,503,1264,0.3899328410625458,0,1
4869,243,503,329,0.11726353317499161,0,1
4870,243,503,1880,0.26567578315734863,0,1
4871,243,503,1958,0.09941691905260086,0,1
4872,243,503,1327,0.34417080879211426,0,1
4873,243,503,703,0.6029307246208191,0,1
4874,243,503,419,0.2539934515953064,0,1
4875,243,503,3241,0.7335696220397949,0,1
4876,243,503,2523,0.03215387836098671,0,1
4877,243,503,3653,0.06191801279783249,0,1
4878,243,503,66,0.10010857880115509,0,1
4879,243,503,2871,0.39445167779922485,0,1
4880,244,810,810,0.6817314624786377,1,3
4881,244,810,3104,0.6401273608207703,0,3
4882,244,810,1902,0.2045389711856842,0,3
4883,244,810,1082,0.5589702129364014,0,3
4884,244,810,2524,0.4282640218734741,0,3
4885,244,810,3881,0.6828784942626953,0,3
4886,244,810,1227,0.23610541224479675,0,3
4887,244,810,715,0.03285857290029526,0,3
4888,244,810,3734,0.22182072699069977,0,3
4889,244,810,2123,0.17087742686271667,0,3
4890,244,810,1497,0.1714278757572174,0,3
4891,244,810,2908,0.349688857793808,0,3
4892,244,810,1996,0.41424939036369324,0,3
4893,244,810,2866,0.24959707260131836,0,3
4894,244,810,2845,0.572855532169342,0,3
4895,244,810,28,0.732190728187561,0,3
4896,244,810,3703,0.5907147526741028,0,3
4897,244,810,915,0.3773367404937744,0,3
4898,244,810,4022,0.4612223207950592,0,3
4899,244,810,823,0.007697736844420433,0,3
4900,245,101,101,0.5721548199653625,1,3
4901,245,101,1569,0.1244567483663559,0,3
4902,245,101,1568,0.046002667397260666,0,3
4903,245,101,2748,0.1435105949640274,0,3
4904,245,101,2066,0.6625671982765198,0,3
4905,245,101,3809,0.4693089425563812,0,3
4906,245,101,627,0.36090874671936035,0,3
4907,245,101,284,0.07626308500766754,0,3
4908,245,101,1638,0.37836629152297974,0,3
4909,245,101,1920,0.6390825510025024,0,3
4910,245,101,2508,0.4743441939353943,0,3
4911,245,101,1208,0.13036969304084778,0,3
4912,245,101,4067,0.3885739743709564,0,3
4913,245,101,1460,0.45464444160461426,0,3
4914,245,101,2815,0.4054388701915741,0,3
4915,245,101,2408,0.13054488599300385,0,3
4916,245,101,2335,0.3582819402217865,0,3
4917,245,101,1580,0.49515196681022644,0,3
4918,245,101,954,0.5049955248832703,0,3
4919,245,101,3487,0.27750545740127563,0,3
4920,246,537,537,0.5825921297073364,1,1
4921,246,537,1040,0.020880188792943954,0,1
4922,246,537,3306,0.3474041819572449,0,1
4923,246,537,1146,0.08361130952835083,0,1
4924,246,537,2295,0.08646031469106674,0,1
4925,246,537,824,0.07666000723838806,0,1
4926,246,537,1486,0.3432246446609497,0,1
4927,246,537,3372,0.08153203129768372,0,1
4928,246,537,3254,0.05336735397577286,0,1
4929,246,537,2439,0.04204262048006058,0,1
4930,246,537,1332,0.0073168049566447735,0,1
4931,246,537,2592,0.35779958963394165,0,1
4932,246,537,2986,0.03631565347313881,0,1
4933,246,537,3253,0.00987411942332983,0,1
4934,246,537,1891,0.1846291422843933,0,1
4935,246,537,4124,0.03897809609770775,0,1
4936,246,537,3655,0.009732436388731003,0,1
4937,246,537,77,0.02297772280871868,0,1
4938,246,537,2454,0.017532793805003166,0,1
4939,246,537,580,0.05855053290724754,0,1
4940,247,2138,2138,0.9140423536300659,1,1
4941,247,2138,1447,0.07969747483730316,0,1
4942,247,2138,857,0.008325623348355293,0,1
4943,247,2138,1611,0.028920911252498627,0,1
4944,247,2138,909,0.00151413818821311,0,1
4945,247,2138,1678,0.0006569845718331635,0,1
4946,247,2138,3131,0.004920609761029482,0,1
4947,247,2138,2798,0.1800806075334549,0,1
4948,247,2138,2684,0.0008331187418662012,0,1
4949,247,2138,1384,0.03248517960309982,0,1
4950,247,2138,670,0.01105524692684412,0,1
4951,247,2138,3373,0.0024505474139004946,0,1
4952,247,2138,3833,0.00024915626272559166,0,1
4953,247,2138,574,0.00039205991197377443,0,1
4954,247,2138,3538,0.03378443047404289,0,1
4955,247,2138,106,1.3889529327570926e-05,0,1
4956,247,2138,2552,0.047746483236551285,0,1
4957,247,2138,3222,0.0036327007692307234,0,1
4958,247,2138,1576,0.005140688735991716,0,1
4959,247,2138,1876,0.5426425337791443,0,1
4960,248,3760,3760,0.6359239816665649,1,3
4961,248,3760,1430,0.23602111637592316,0,3
4962,248,3760,2375,0.276319295167923,0,3
4963,248,3760,1465,0.41781139373779297,0,3
4964,248,3760,1647,0.2618224322795868,0,3
4965,248,3760,891,0.30376070737838745,0,3
4966,248,3760,3489,0.07393712550401688,0,3
4967,248,3760,3177,0.6977866888046265,0,3
4968,248,3760,142,0.23939883708953857,0,3
4969,248,3760,3581,0.05172969028353691,0,3
4970,248,3760,2767,0.7704870104789734,0,3
4971,248,3760,2336,0.4369904100894928,0,3
4972,248,3760,3408,0.3776376247406006,0,3
4973,248,3760,307,0.39181554317474365,0,3
4974,248,3760,3171,0.5224491357803345,0,3
4975,248,3760,3660,0.5235517024993896,0,3
4976,248,3760,3382,0.582692563533783,0,3
4977,248,3760,288,0.39692652225494385,0,3
4978,248,3760,2309,0.18175846338272095,0,3
4979,248,3760,562,0.3827729821205139,0,3
4980,249,1779,1779,0.5463244318962097,1,4
4981,249,1779,3480,0.5019237995147705,0,4
4982,249,1779,1970,0.4615078270435333,0,4
4983,249,1779,2804,0.3794597089290619,0,4
4984,249,1779,1130,0.47396108508110046,0,4
4985,249,1779,1484,0.5632298588752747,0,4
4986,249,1779,373,0.1862899214029312,0,4
4987,249,1779,3889,0.34884774684906006,0,4
4988,249,1779,942,0.5365814566612244,0,4
4989,249,1779,208,0.5040783882141113,0,4
4990,249,1779,3659,0.46895909309387207,0,4
4991,249,1779,1862,0.4648675322532654,0,4
4992,249,1779,4002,0.5207381844520569,0,4
4993,249,1779,1694,0.5027045607566833,0,4
4994,249,1779,3278,0.5036027431488037,0,4
4995,249,1779,156,0.3765871226787567,0,4
4996,249,1779,2219,0.5142223834991455,0,4
4997,249,1779,3095,0.3777052164077759,0,4
4998,249,1779,1528,0.5983367562294006,0,4
4999,249,1779,940,0.5682430863380432,0,4
5000,250,4139,4139,0.8309459686279297,1,1
5001,250,4139,4044,0.20992423593997955,0,1
5002,250,4139,1994,0.5157418847084045,0,1
5003,250,4139,2473,0.23117341101169586,0,1
5004,250,4139,2948,0.0995652973651886,0,1
5005,250,4139,875,0.35212546586990356,0,1
5006,250,4139,1324,0.14976637065410614,0,1
5007,250,4139,278,0.37308648228645325,0,1
5008,250,4139,1921,0.08700259774923325,0,1
5009,250,4139,2044,0.14553427696228027,0,1
5010,250,4139,328,0.4132574200630188,0,1
5011,250,4139,2425,0.21049059927463531,0,1
5012,250,4139,4153,0.0946633592247963,0,1
5013,250,4139,3173,0.3648972809314728,0,1
5014,250,4139,4010,0.19796323776245117,0,1
5015,250,4139,996,0.1427297592163086,0,1
5016,250,4139,1221,0.423063725233078,0,1
5017,250,4139,2163,0.5793017148971558,0,1
5018,250,4139,2551,0.13272233307361603,0,1
5019,250,4139,3820,0.11723952740430832,0,1
5020,251,1607,1607,0.672423779964447,1,2
5021,251,1607,2039,0.44105878472328186,0,2
5022,251,1607,1107,0.3045070469379425,0,2
5023,251,1607,3556,0.08345143496990204,0,2
5024,251,1607,3744,0.7300344109535217,0,2
5025,251,1607,3326,0.4508478343486786,0,2
5026,251,1607,1764,0.5009275078773499,0,2
5027,251,1607,2081,0.4445883333683014,0,2
5028,251,1607,737,0.5781242847442627,0,2
5029,251,1607,3783,0.19947344064712524,0,2
5030,251,1607,931,0.40558961033821106,0,2
5031,251,1607,1248,0.06316331773996353,0,2
5032,251,1607,1780,0.4524502158164978,0,2
5033,251,1607,3684,0.4785577952861786,0,2
5034,251,1607,4090,0.34886664152145386,0,2
5035,251,1607,2421,0.12881167232990265,0,2
5036,251,1607,2931,0.579972505569458,0,2
5037,251,1607,3067,0.34970536828041077,0,2
5038,251,1607,3892,0.5080312490463257,0,2
5039,251,1607,264,0.5706427097320557,0,2
5040,252,3689,3689,0.9336454272270203,1,1
5041,252,3689,2194,0.5481271743774414,0,1
5042,252,3689,1958,0.03464013338088989,0,1
5043,252,3689,1304,0.20818540453910828,0,1
5044,252,3689,1985,0.7293354272842407,0,1
5045,252,3689,2043,0.5407134294509888,0,1
5046,252,3689,457,0.605846643447876,0,1
5047,252,3689,3463,0.06561974436044693,0,1
5048,252,3689,3010,0.9129185676574707,0,1
5049,252,3689,2342,0.514958918094635,0,1
5050,252,3689,2658,0.6884458661079407,0,1
5051,252,3689,1082,0.18578863143920898,0,1
5052,252,3689,1128,0.38210898637771606,0,1
5053,252,3689,3900,0.001170698436908424,0,1
5054,252,3689,1203,0.13453154265880585,0,1
5055,252,3689,3315,0.142067551612854,0,1
5056,252,3689,2975,0.7558681964874268,0,1
5057,252,3689,2583,0.08913016319274902,0,1
5058,252,3689,2330,0.5246793627738953,0,1
5059,252,3689,2616,0.46444693207740784,0,1
5060,253,2382,2382,0.5617496967315674,1,1
5061,253,2382,3546,0.09378131479024887,0,1
5062,253,2382,1266,0.4466123878955841,0,1
5063,253,2382,1190,0.042696863412857056,0,1
5064,253,2382,3189,0.28453147411346436,0,1
5065,253,2382,1256,0.0665057972073555,0,1
5066,253,2382,2711,0.45007771253585815,0,1
5067,253,2382,643,0.22606894373893738,0,1
5068,253,2382,3805,0.25052621960639954,0,1
5069,253,2382,1871,0.35413646697998047,0,1
5070,253,2382,410,0.2467428594827652,0,1
5071,253,2382,135,0.14956575632095337,0,1
5072,253,2382,3176,0.1157807782292366,0,1
5073,253,2382,4061,0.04504789039492607,0,1
5074,253,2382,2633,0.1066906601190567,0,1
5075,253,2382,3593,0.0992555320262909,0,1
5076,253,2382,2557,0.252178817987442,0,1
5077,253,2382,667,0.04993797466158867,0,1
5078,253,2382,3378,0.10473746806383133,0,1
5079,253,2382,3569,0.20605945587158203,0,1
5080,254,623,623,0.6307298541069031,1,6
5081,254,623,854,0.4741440713405609,0,6
5082,254,623,427,0.45854729413986206,0,6
5083,254,623,4131,0.5833297967910767,0,6
5084,254,623,3852,0.6604097485542297,0,6
5085,254,623,3487,0.7863500714302063,0,6
5086,254,623,2198,0.5715710520744324,0,6
5087,254,623,1079,0.48097091913223267,0,6
5088,254,623,3582,0.5854065418243408,0,6
5089,254,623,3670,0.3741225302219391,0,6
5090,254,623,2338,0.5447306036949158,0,6
5091,254,623,3150,0.6457653045654297,0,6
5092,254,623,1494,0.5933086276054382,0,6
5093,254,623,3570,0.6732212901115417,0,6
5094,254,623,63,0.4492533802986145,0,6
5095,254,623,1873,0.5387088060379028,0,6
5096,254,623,838,0.46670880913734436,0,6
5097,254,623,1740,0.4295312464237213,0,6
5098,254,623,1862,0.5084935426712036,0,6
5099,254,623,512,0.8048204183578491,0,6
5100,255,2612,2612,0.8942763209342957,1,2
5101,255,2612,1527,0.5538986921310425,0,2
5102,255,2612,393,0.7150173783302307,0,2
5103,255,2612,548,0.056484658271074295,0,2
5104,255,2612,146,0.3424864411354065,0,2
5105,255,2612,2478,0.27957385778427124,0,2
5106,255,2612,1855,0.0016449145041406155,0,2
5107,255,2612,1502,0.00917566753923893,0,2
5108,255,2612,1376,0.08682582527399063,0,2
5109,255,2612,3444,0.03291984647512436,0,2
5110,255,2612,1685,0.44833260774612427,0,2
5111,255,2612,104,0.7216862440109253,0,2
5112,255,2612,734,0.9034169912338257,0,2
5113,255,2612,2073,0.036136455833911896,0,2
5114,255,2612,440,0.00322912004776299,0,2
5115,255,2612,2260,0.021550334990024567,0,2
5116,255,2612,3107,0.057152923196554184,0,2
5117,255,2612,2442,0.23262256383895874,0,2
5118,255,2612,3647,0.12178809195756912,0,2
5119,255,2612,2654,0.06372947990894318,0,2
5120,256,3185,3185,0.8061111569404602,1,1
5121,256,3185,3027,0.15991055965423584,0,1
5122,256,3185,3425,0.009839230217039585,0,1
5123,256,3185,2444,0.4808504283428192,0,1
5124,256,3185,1067,0.008426736108958721,0,1
5125,256,3185,3735,0.048162851482629776,0,1
5126,256,3185,1942,0.13609911501407623,0,1
5127,256,3185,2424,0.32078292965888977,0,1
5128,256,3185,533,0.37722212076187134,0,1
5129,256,3185,3169,0.5197665691375732,0,1
5130,256,3185,3720,0.2932164669036865,0,1
5131,256,3185,1218,0.12822411954402924,0,1
5132,256,3185,3579,0.2390429526567459,0,1
5133,256,3185,2703,0.6134786009788513,0,1
5134,256,3185,1496,0.029322706162929535,0,1
5135,256,3185,811,0.46928444504737854,0,1
5136,256,3185,2861,0.37517064809799194,0,1
5137,256,3185,3268,0.48161420226097107,0,1
5138,256,3185,565,0.13140235841274261,0,1
5139,256,3185,4133,0.06206974759697914,0,1
5140,257,3123,3123,0.8425694704055786,1,1
5141,257,3123,3479,0.6887270212173462,0,1
5142,257,3123,1360,0.13003192842006683,0,1
5143,257,3123,898,0.5029640793800354,0,1
5144,257,3123,1167,0.020049136132001877,0,1
5145,257,3123,55,0.2117587924003601,0,1
5146,257,3123,2088,0.6592299938201904,0,1
5147,257,3123,1686,0.7809417843818665,0,1
5148,257,3123,1298,0.14181485772132874,0,1
5149,257,3123,1404,0.4742678701877594,0,1
5150,257,3123,2395,0.4361867904663086,0,1
5151,257,3123,3,0.44047802686691284,0,1
5152,257,3123,3122,0.46927520632743835,0,1
5153,257,3123,3311,0.3740001618862152,0,1
5154,257,3123,2070,0.12086199969053268,0,1
5155,257,3123,1929,0.018990257754921913,0,1
5156,257,3123,3505,0.22767625749111176,0,1
5157,257,3123,1700,0.3639353811740875,0,1
5158,257,3123,2975,0.5877342224121094,0,1
5159,257,3123,593,0.38811516761779785,0,1
5160,258,1202,1202,0.8318699598312378,1,1
5161,258,1202,1172,0.11634230613708496,0,1
5162,258,1202,4131,0.00781299825757742,0,1
5163,258,1202,2089,0.000580450112465769,0,1
5164,258,1202,2639,0.09279356896877289,0,1
5165,258,1202,562,0.17003914713859558,0,1
5166,258,1202,3701,0.00042775701149366796,0,1
5167,258,1202,964,0.13922327756881714,0,1
5168,258,1202,1959,0.002888307673856616,0,1
5169,258,1202,2419,0.007923939265310764,0,1
5170,258,1202,2295,0.0006246768753044307,0,1
5171,258,1202,454,0.10274466872215271,0,1
5172,258,1202,3446,0.025171376764774323,0,1
5173,258,1202,151,0.0017362654907628894,0,1
5174,258,1202,916,0.08198922872543335,0,1
5175,258,1202,3106,0.35104429721832275,0,1
5176,258,1202,4176,0.055441901087760925,0,1
5177,258,1202,3700,0.025140300393104553,0,1
5178,258,1202,3610,0.002166162943467498,0,1
5179,258,1202,1361,0.0008263268391601741,0,1
5180,259,710,710,0.6127354502677917,1,3
5181,259,710,923,0.20740221440792084,0,3
5182,259,710,3701,0.27574416995048523,0,3
5183,259,710,1600,0.44439950585365295,0,3
5184,259,710,1060,0.42042502760887146,0,3
5185,259,710,2180,0.40301620960235596,0,3
5186,259,710,1505,0.31857946515083313,0,3
5187,259,710,2339,0.13465598225593567,0,3
5188,259,710,3944,0.442342609167099,0,3
5189,259,710,1954,0.3134392201900482,0,3
5190,259,710,656,0.6444826722145081,0,3
5191,259,710,1050,0.12168664485216141,0,3
5192,259,710,3260,0.10610182583332062,0,3
5193,259,710,2621,0.2815288305282593,0,3
5194,259,710,3230,0.10290340334177017,0,3
5195,259,710,2510,0.6865217089653015,0,3
5196,259,710,1819,0.3086967468261719,0,3
5197,259,710,414,0.49473872780799866,0,3
5198,259,710,1511,0.10296212136745453,0,3
5199,259,710,643,0.2544768452644348,0,3
5200,260,977,977,0.6050094366073608,1,1
5201,260,977,3310,0.5778299570083618,0,1
5202,260,977,3156,0.3539973795413971,0,1
5203,260,977,1587,0.16380788385868073,0,1
5204,260,977,1042,0.2956259548664093,0,1
5205,260,977,847,0.39898884296417236,0,1
5206,260,977,2886,0.42526304721832275,0,1
5207,260,977,1110,0.48396411538124084,0,1
5208,260,977,1081,0.4561792314052582,0,1
5209,260,977,1967,0.35028353333473206,0,1
5210,260,977,3989,0.509243369102478,0,1
5211,260,977,2648,0.16883458197116852,0,1
5212,260,977,3348,0.3953355550765991,0,1
5213,260,977,771,0.5390765070915222,0,1
5214,260,977,3620,0.4515628516674042,0,1
5215,260,977,588,0.17659138143062592,0,1
5216,260,977,2289,0.09912937134504318,0,1
5217,260,977,3164,0.17636826634407043,0,1
5218,260,977,2463,0.12758149206638336,0,1
5219,260,977,2709,0.16810733079910278,0,1
5220,261,2895,2895,0.6803004741668701,1,1
5221,261,2895,3470,0.3985406756401062,0,1
5222,261,2895,3055,0.5763344764709473,0,1
5223,261,2895,4006,0.6590165495872498,0,1
5224,261,2895,980,0.6405799984931946,0,1
5225,261,2895,648,0.3337259590625763,0,1
5226,261,2895,119,0.5870999097824097,0,1
5227,261,2895,2034,0.18134549260139465,0,1
5228,261,2895,267,0.5319686532020569,0,1
5229,261,2895,4107,0.47728487849235535,0,1
5230,261,2895,3073,0.4528201222419739,0,1
5231,261,2895,1343,0.2896287143230438,0,1
5232,261,2895,1014,0.467329740524292,0,1
5233,261,2895,3443,0.277073472738266,0,1
5234,261,2895,3226,0.30162811279296875,0,1
5235,261,2895,1363,0.39178451895713806,0,1
5236,261,2895,1610,0.4427418112754822,0,1
5237,261,2895,4146,0.44488126039505005,0,1
5238,261,2895,1630,0.5035669207572937,0,1
5239,261,2895,2332,0.5347066521644592,0,1
5240,262,2218,2218,0.6927575469017029,1,1
5241,262,2218,2331,0.4766730070114136,0,1
5242,262,2218,4178,0.5427083373069763,0,1
5243,262,2218,1890,0.20917406678199768,0,1
5244,262,2218,616,0.271140992641449,0,1
5245,262,2218,4011,0.0574396513402462,0,1
5246,262,2218,775,0.4085652530193329,0,1
5247,262,2218,3895,0.46440157294273376,0,1
5248,262,2218,1044,0.11775916814804077,0,1
5249,262,2218,3175,0.3255887031555176,0,1
5250,262,2218,2318,0.1499159038066864,0,1
5251,262,2218,988,0.10458212345838547,0,1
5252,262,2218,3270,0.47761982679367065,0,1
5253,262,2218,2072,0.3697817027568817,0,1
5254,262,2218,276,0.1020829826593399,0,1
5255,262,2218,3051,0.5644749402999878,0,1
5256,262,2218,560,0.37607887387275696,0,1
5257,262,2218,1511,0.24338467419147491,0,1
5258,262,2218,3118,0.5467445254325867,0,1
5259,262,2218,1305,0.42508289217948914,0,1
5260,263,2734,2734,0.7410987019538879,1,2
5261,263,2734,4138,0.4970239996910095,0,2
5262,263,2734,376,0.04993332549929619,0,2
5263,263,2734,2117,0.0012302655959501863,0,2
5264,263,2734,2933,0.1894800066947937,0,2
5265,263,2734,2606,0.022660480812191963,0,2
5266,263,2734,3628,0.05539426580071449,0,2
5267,263,2734,2755,0.3554934859275818,0,2
5268,263,2734,52,0.02178085595369339,0,2
5269,263,2734,539,0.07262594252824783,0,2
5270,263,2734,3123,0.2492186427116394,0,2
5271,263,2734,3770,0.42686012387275696,0,2
5272,263,2734,853,0.04392581805586815,0,2
5273,263,2734,139,0.005677427165210247,0,2
5274,263,2734,3625,0.015072699636220932,0,2
5275,263,2734,2548,0.827301561832428,0,2
5276,263,2734,1498,0.05926749110221863,0,2
5277,263,2734,3312,0.46073806285858154,0,2
5278,263,2734,532,0.23224876821041107,0,2
5279,263,2734,3426,0.3558795154094696,0,2
5280,264,1626,1626,0.6935744285583496,1,1
5281,264,1626,2523,0.12280288338661194,0,1
5282,264,1626,1803,0.6323351263999939,0,1
5283,264,1626,20,0.38962748646736145,0,1
5284,264,1626,2160,0.042585477232933044,0,1
5285,264,1626,382,0.012308442033827305,0,1
5286,264,1626,926,0.01667204312980175,0,1
5287,264,1626,16,0.1941969245672226,0,1
5288,264,1626,2514,0.5655167698860168,0,1
5289,264,1626,1994,0.3967135548591614,0,1
5290,264,1626,2449,0.03722279518842697,0,1
5291,264,1626,2139,0.06715718656778336,0,1
5292,264,1626,544,0.6151355504989624,0,1
5293,264,1626,3058,0.40272969007492065,0,1
5294,264,1626,3810,0.015342943370342255,0,1
5295,264,1626,1341,0.32424217462539673,0,1
5296,264,1626,1423,0.4332871437072754,0,1
5297,264,1626,1724,0.11920629441738129,0,1
5298,264,1626,991,0.041414275765419006,0,1
5299,264,1626,1593,0.4411858916282654,0,1
5300,265,616,616,0.9159252047538757,1,1
5301,265,616,1754,6.132976864137163e-07,0,1
5302,265,616,3111,0.0891447514295578,0,1
5303,265,616,346,0.6705012917518616,0,1
5304,265,616,1092,0.3773339092731476,0,1
5305,265,616,1869,0.034386344254016876,0,1
5306,265,616,367,0.05511780455708504,0,1
5307,265,616,216,0.0712815672159195,0,1
5308,265,616,3576,0.12931473553180695,0,1
5309,265,616,3616,0.004854866769164801,0,1
5310,265,616,3732,0.09110718965530396,0,1
5311,265,616,4073,0.042439624667167664,0,1
5312,265,616,1848,0.2660509943962097,0,1
5313,265,616,465,0.017687758430838585,0,1
5314,265,616,3194,0.00257822941057384,0,1
5315,265,616,684,0.15021955966949463,0,1
5316,265,616,2653,0.31831151247024536,0,1
5317,265,616,3654,0.8377997875213623,0,1
5318,265,616,110,0.20835845172405243,0,1
5319,265,616,2467,0.001208105473779142,0,1
5320,266,4057,4057,0.759219765663147,1,1
5321,266,4057,3505,0.3038945198059082,0,1
5322,266,4057,714,0.307056188583374,0,1
5323,266,4057,3955,0.5111666321754456,0,1
5324,266,4057,432,0.3737407326698303,0,1
5325,266,4057,1056,0.3801080584526062,0,1
5326,266,4057,526,0.2049938440322876,0,1
5327,266,4057,857,0.02691706269979477,0,1
5328,266,4057,3832,0.2706350088119507,0,1
5329,266,4057,1086,0.4333582818508148,0,1
5330,266,4057,2957,0.41554975509643555,0,1
5331,266,4057,951,0.02986130863428116,0,1
5332,266,4057,3115,0.4089728891849518,0,1
5333,266,4057,1182,0.337231308221817,0,1
5334,266,4057,3268,0.36647605895996094,0,1
5335,266,4057,1692,0.06022972986102104,0,1
5336,266,4057,391,0.4701632857322693,0,1
5337,266,4057,335,0.18191471695899963,0,1
5338,266,4057,2881,0.048985306173563004,0,1
5339,266,4057,2697,0.4952807128429413,0,1
5340,267,3776,3776,0.8544853925704956,1,2
5341,267,3776,3814,0.20628339052200317,0,2
5342,267,3776,473,0.27256256341934204,0,2
5343,267,3776,1330,0.2824811339378357,0,2
5344,267,3776,2196,0.47539278864860535,0,2
5345,267,3776,3874,0.6492460370063782,0,2
5346,267,3776,1109,0.2976230978965759,0,2
5347,267,3776,1236,0.24587373435497284,0,2
5348,267,3776,2555,0.5482293367385864,0,2
5349,267,3776,62,0.1552940309047699,0,2
5350,267,3776,3073,0.4011520743370056,0,2
5351,267,3776,549,0.7213475704193115,0,2
5352,267,3776,26,0.9646839499473572,0,2
5353,267,3776,884,0.6469939351081848,0,2
5354,267,3776,891,0.04044343903660774,0,2
5355,267,3776,2382,0.2856556177139282,0,2
5356,267,3776,1585,0.17348095774650574,0,2
5357,267,3776,548,0.031608548015356064,0,2
5358,267,3776,4063,0.04180177301168442,0,2
5359,267,3776,441,0.4192025363445282,0,2
5360,268,1803,1803,0.909641683101654,1,2
5361,268,1803,3665,0.6218950748443604,0,2
5362,268,1803,3401,0.25828325748443604,0,2
5363,268,1803,3356,0.3907412886619568,0,2
5364,268,1803,2928,0.3675996661186218,0,2
5365,268,1803,1466,0.4953838288784027,0,2
5366,268,1803,3082,0.0008830450242385268,0,2
5367,268,1803,2722,0.6396754384040833,0,2
5368,268,1803,3841,0.9636523127555847,0,2
5369,268,1803,613,0.5293147563934326,0,2
5370,268,1803,1651,0.8172152042388916,0,2
5371,268,1803,1990,0.07821264863014221,0,2
5372,268,1803,2279,0.012964368797838688,0,2
5373,268,1803,2748,0.013034678064286709,0,2
5374,268,1803,1620,0.5534988045692444,0,2
5375,268,1803,3711,0.1877627968788147,0,2
5376,268,1803,1749,0.6506157517433167,0,2
5377,268,1803,2999,0.39443090558052063,0,2
5378,268,1803,1811,0.019071044400334358,0,2
5379,268,1803,3894,0.6915239095687866,0,2
5380,269,74,74,0.4821546673774719,1,3
5381,269,74,2509,0.3157427906990051,0,3
5382,269,74,3420,0.30648016929626465,0,3
5383,269,74,3429,0.08886352181434631,0,3
5384,269,74,1334,0.326215535402298,0,3
5385,269,74,2973,0.12943559885025024,0,3
5386,269,74,4106,0.2995179295539856,0,3
5387,269,74,3567,0.28214672207832336,0,3
5388,269,74,2870,0.33852487802505493,0,3
5389,269,74,868,0.12373185157775879,0,3
5390,269,74,3627,0.3075903356075287,0,3
5391,269,74,1548,0.05425971373915672,0,3
5392,269,74,3081,0.2528839409351349,0,3
5393,269,74,1642,0.1352585107088089,0,3
5394,269,74,3136,0.4865008592605591,0,3
5395,269,74,480,0.23500016331672668,0,3
5396,269,74,1038,0.5185251235961914,0,3
5397,269,74,985,0.3521170914173126,0,3
5398,269,74,2542,0.04003328084945679,0,3
5399,269,74,39,0.05956071987748146,0,3
5400,270,2399,2399,0.656241774559021,1,2
5401,270,2399,2721,0.9208799004554749,0,2
5402,270,2399,1813,0.5738451480865479,0,2
5403,270,2399,1838,0.06826801598072052,0,2
5404,270,2399,1539,0.3984244167804718,0,2
5405,270,2399,1279,0.13941797614097595,0,2
5406,270,2399,3438,0.34035933017730713,0,2
5407,270,2399,1847,0.48723703622817993,0,2
5408,270,2399,2144,0.05265950784087181,0,2
5409,270,2399,973,0.42421194911003113,0,2
5410,270,2399,2062,0.5706525444984436,0,2
5411,270,2399,1961,0.12867124378681183,0,2
5412,270,2399,867,0.12043837457895279,0,2
5413,270,2399,2161,0.5333868265151978,0,2
5414,270,2399,2410,0.031081978231668472,0,2
5415,270,2399,1124,0.2447858601808548,0,2
5416,270,2399,3204,0.4078423082828522,0,2
5417,270,2399,179,0.41692131757736206,0,2
5418,270,2399,3570,0.23553872108459473,0,2
5419,270,2399,3582,0.5403982400894165,0,2
5420,271,2403,2403,0.7496287226676941,1,2
5421,271,2403,474,0.3615571856498718,0,2
5422,271,2403,2926,0.4173646867275238,0,2
5423,271,2403,1832,0.22206375002861023,0,2
5424,271,2403,3316,0.8487585186958313,0,2
5425,271,2403,1118,0.0858035609126091,0,2
5426,271,2403,1618,0.5113332867622375,0,2
5427,271,2403,1864,0.2571083605289459,0,2
5428,271,2403,2906,0.03721316158771515,0,2
5429,271,2403,3486,0.41833803057670593,0,2
5430,271,2403,3798,0.4020676612854004,0,2
5431,271,2403,3292,0.576337456703186,0,2
5432,271,2403,246,0.4073996841907501,0,2
5433,271,2403,3034,0.08747918903827667,0,2
5434,271,2403,437,0.12263021618127823,0,2
5435,271,2403,761,0.058127470314502716,0,2
5436,271,2403,3162,0.584192156791687,0,2
5437,271,2403,2750,0.05987030640244484,0,2
5438,271,2403,273,0.033167436718940735,0,2
5439,271,2403,2549,0.38638797402381897,0,2
5440,272,1520,1520,0.9729097485542297,1,1
5441,272,1520,878,0.017796620726585388,0,1
5442,272,1520,3146,0.026513831689953804,0,1
5443,272,1520,4144,0.0005967074539512396,0,1
5444,272,1520,342,0.0075241923332214355,0,1
5445,272,1520,86,0.0008273487910628319,0,1
5446,272,1520,2214,0.13078592717647552,0,1
5447,272,1520,755,0.1293259859085083,0,1
5448,272,1520,1073,0.020559417083859444,0,1
5449,272,1520,2131,0.006388253998011351,0,1
5450,272,1520,3984,0.00020470493473112583,0,1
5451,272,1520,1070,0.01159779354929924,0,1
5452,272,1520,1685,0.20553644001483917,0,1
5453,272,1520,1726,0.009567023254930973,0,1
5454,272,1520,1448,0.5481183528900146,0,1
5455,272,1520,2002,0.0010050615528598428,0,1
5456,272,1520,914,0.07593709230422974,0,1
5457,272,1520,3850,0.0064056939445436,0,1
5458,272,1520,3087,8.43873422127217e-05,0,1
5459,272,1520,2864,0.00043028712389059365,0,1
5460,273,1593,1593,0.661178469657898,1,3
5461,273,1593,1943,0.05122063681483269,0,3
5462,273,1593,1831,0.15936121344566345,0,3
5463,273,1593,1708,0.4248395562171936,0,3
5464,273,1593,3154,0.18340112268924713,0,3
5465,273,1593,1723,0.11903835088014603,0,3
5466,273,1593,4009,0.41757237911224365,0,3
5467,273,1593,1503,0.7076213955879211,0,3
5468,273,1593,3420,0.5110887885093689,0,3
5469,273,1593,3750,0.07275416702032089,0,3
5470,273,1593,3962,0.42894113063812256,0,3
5471,273,1593,1956,0.11584896594285965,0,3
5472,273,1593,2014,0.32897549867630005,0,3
5473,273,1593,2600,0.45671218633651733,0,3
5474,273,1593,1192,0.3233076333999634,0,3
5475,273,1593,1462,0.8168522119522095,0,3
5476,273,1593,1841,0.45808103680610657,0,3
5477,273,1593,1551,0.27262866497039795,0,3
5478,273,1593,1264,0.06500574201345444,0,3
5479,273,1593,4105,0.5084771513938904,0,3
5480,274,3749,3749,0.6499362587928772,1,2
5481,274,3749,599,0.09061167389154434,0,2
5482,274,3749,100,0.403960645198822,0,2
5483,274,3749,1134,0.590027928352356,0,2
5484,274,3749,1243,0.19625510275363922,0,2
5485,274,3749,1692,0.19578717648983002,0,2
5486,274,3749,1858,0.12645317614078522,0,2
5487,274,3749,3656,0.5590841174125671,0,2
5488,274,3749,90,0.14178819954395294,0,2
5489,274,3749,1080,0.2994459867477417,0,2
5490,274,3749,1774,0.30558255314826965,0,2
5491,274,3749,3284,0.17463059723377228,0,2
5492,274,3749,116,0.04267286881804466,0,2
5493,274,3749,1572,0.7497532963752747,0,2
5494,274,3749,2605,0.1928054541349411,0,2
5495,274,3749,3390,0.3650386929512024,0,2
5496,274,3749,2506,0.537330687046051,0,2
5497,274,3749,389,0.21255066990852356,0,2
5498,274,3749,1041,0.2954699993133545,0,2
5499,274,3749,228,0.38714292645454407,0,2
5500,275,1529,1529,0.9327911138534546,1,1
5501,275,1529,4064,0.13530439138412476,0,1
5502,275,1529,479,0.0012623894726857543,0,1
5503,275,1529,929,0.00805974192917347,0,1
5504,275,1529,273,0.14602617919445038,0,1
5505,275,1529,1683,0.21367576718330383,0,1
5506,275,1529,1869,0.039006054401397705,0,1
5507,275,1529,3817,0.028964882716536522,0,1
5508,275,1529,422,0.1620628982782364,0,1
5509,275,1529,4170,0.0005095441592857242,0,1
5510,275,1529,2821,0.09459766745567322,0,1
5511,275,1529,41,0.08810698986053467,0,1
5512,275,1529,3772,0.00034950755070894957,0,1
5513,275,1529,2693,9.560298349242657e-05,0,1
5514,275,1529,301,0.3561156690120697,0,1
5515,275,1529,2551,0.00013258602120913565,0,1
5516,275,1529,2509,0.11583469808101654,0,1
5517,275,1529,2413,0.018916426226496696,0,1
5518,275,1529,3530,4.269141209078953e-05,0,1
5519,275,1529,3612,0.034268058836460114,0,1
5520,276,2233,2233,0.9528712630271912,1,1
5521,276,2233,3370,0.001618049805983901,0,1
5522,276,2233,735,0.004443951416760683,0,1
5523,276,2233,2837,0.0015605429653078318,0,1
5524,276,2233,979,0.007675174158066511,0,1
5525,276,2233,4155,0.0007235834491439164,0,1
5526,276,2233,3164,0.005120016168802977,0,1
5527,276,2233,1914,9.715255146147683e-05,0,1
5528,276,2233,342,0.01776978373527527,0,1
5529,276,2233,2244,1.0024537004937883e-05,0,1
5530,276,2233,3768,0.051194146275520325,0,1
5531,276,2233,703,0.001981619978323579,0,1
5532,276,2233,2279,2.8542455766000785e-05,0,1
5533,276,2233,3772,0.0012633601436391473,0,1
5534,276,2233,852,0.042677875608205795,0,1
5535,276,2233,73,0.08045174181461334,0,1
5536,276,2233,3299,0.1581776887178421,0,1
5537,276,2233,2094,0.04013676568865776,0,1
5538,276,2233,2482,0.00046491005923599005,0,1
5539,276,2233,2403,0.02887832187116146,0,1
5540,277,1595,1595,0.7541462182998657,1,1
5541,277,1595,575,0.10636851191520691,0,1
5542,277,1595,3191,0.04526766017079353,0,1
5543,277,1595,3263,0.26728343963623047,0,1
5544,277,1595,1337,0.1848360002040863,0,1
5545,277,1595,3246,0.07041856646537781,0,1
5546,277,1595,2138,0.5138078331947327,0,1
5547,277,1595,3166,0.0011067705927416682,0,1
5548,277,1595,2036,0.6290305256843567,0,1
5549,277,1595,3712,0.015971722081303596,0,1
5550,277,1595,1421,0.01732419803738594,0,1
5551,277,1595,3289,0.10815563052892685,0,1
5552,277,1595,2682,0.042290300130844116,0,1
5553,277,1595,551,0.4942559003829956,0,1
5554,277,1595,3299,0.20493745803833008,0,1
5555,277,1595,3254,0.0344582200050354,0,1
5556,277,1595,3512,0.014461267739534378,0,1
5557,277,1595,267,0.013367782346904278,0,1
5558,277,1595,3754,0.004056834150105715,0,1
5559,277,1595,3249,0.003884450765326619,0,1
5560,278,451,451,0.9526801705360413,1,1
5561,278,451,1353,0.0034883006010204554,0,1
5562,278,451,2619,0.0012928821379318833,0,1
5563,278,451,1771,0.0031344424933195114,0,1
5564,278,451,2772,0.12357833236455917,0,1
5565,278,451,1379,0.05025940760970116,0,1
5566,278,451,1511,0.006291727069765329,0,1
5567,278,451,1738,0.04395246133208275,0,1
5568,278,451,2994,0.004526230972260237,0,1
5569,278,451,3609,0.019899485632777214,0,1
5570,278,451,3656,0.004689995665103197,0,1
5571,278,451,4034,0.0010505244135856628,0,1
5572,278,451,602,0.09424874931573868,0,1
5573,278,451,3170,0.00042120253783650696,0,1
5574,278,451,1576,0.05084426701068878,0,1
5575,278,451,2851,0.01960739865899086,0,1
5576,278,451,1261,0.03968092054128647,0,1
5577,278,451,3895,0.02136273682117462,0,1
5578,278,451,195,0.05306645855307579,0,1
5579,278,451,2924,0.005982138682156801,0,1
5580,279,3435,3435,0.8388538360595703,1,2
5581,279,3435,2984,0.45470258593559265,0,2
5582,279,3435,1353,0.008362014777958393,0,2
5583,279,3435,170,0.314485102891922,0,2
5584,279,3435,627,0.19814971089363098,0,2
5585,279,3435,3054,0.45493513345718384,0,2
5586,279,3435,150,0.09978064149618149,0,2
5587,279,3435,563,0.5733135938644409,0,2
5588,279,3435,3597,0.929919958114624,0,2
5589,279,3435,2108,0.5134613513946533,0,2
5590,279,3435,670,0.47402501106262207,0,2
5591,279,3435,1732,0.3415161073207855,0,2
5592,279,3435,3934,0.030476251617074013,0,2
5593,279,3435,1810,0.47451531887054443,0,2
5594,279,3435,3990,0.5761775374412537,0,2
5595,279,3435,1977,0.29619818925857544,0,2
5596,279,3435,716,0.43594875931739807,0,2
5597,279,3435,2442,0.06039711833000183,0,2
5598,279,3435,648,0.3298790454864502,0,2
5599,279,3435,3098,0.24292387068271637,0,2
5600,280,1604,1604,0.6999416947364807,1,1
5601,280,1604,2882,0.13099902868270874,0,1
5602,280,1604,3372,0.022252952679991722,0,1
5603,280,1604,1861,0.18325293064117432,0,1
5604,280,1604,591,0.049924809485673904,0,1
5605,280,1604,2765,0.05521371215581894,0,1
5606,280,1604,4178,0.24265167117118835,0,1
5607,280,1604,2620,0.41679713129997253,0,1
5608,280,1604,2968,0.24810075759887695,0,1
5609,280,1604,193,0.01043034065514803,0,1
5610,280,1604,2046,0.4533761143684387,0,1
5611,280,1604,1227,0.1594419628381729,0,1
5612,280,1604,114,0.013636687770485878,0,1
5613,280,1604,1790,0.021959973499178886,0,1
5614,280,1604,2687,0.501670241355896,0,1
5615,280,1604,1891,0.43058496713638306,0,1
5616,280,1604,30,0.455061137676239,0,1
5617,280,1604,1413,0.23751820623874664,0,1
5618,280,1604,2706,0.41583797335624695,0,1
5619,280,1604,146,0.4751441776752472,0,1
5620,281,315,315,0.9842271208763123,1,1
5621,281,315,3709,0.02242197096347809,0,1
5622,281,315,2253,0.0007809391827322543,0,1
5623,281,315,2617,0.07603003829717636,0,1
5624,281,315,3348,0.0006288490840233862,0,1
5625,281,315,3408,1.0993600881192833e-05,0,1
5626,281,315,2484,0.018537132069468498,0,1
5627,281,315,1180,6.678851787000895e-05,0,1
5628,281,315,759,0.0024756428319960833,0,1
5629,281,315,1827,0.0723116472363472,0,1
5630,281,315,1857,0.15297245979309082,0,1
5631,281,315,312,0.017577344551682472,0,1
5632,281,315,2053,0.01837029494345188,0,1
5633,281,315,2974,0.4001785218715668,0,1
5634,281,315,254,0.05333665758371353,0,1
5635,281,315,1445,0.044129252433776855,0,1
5636,281,315,3282,0.0011285030050203204,0,1
5637,281,315,1630,0.0049499934539198875,0,1
5638,281,315,2454,0.1267392933368683,0,1
5639,281,315,958,0.00685689365491271,0,1
5640,282,2115,2115,0.7899240851402283,1,2
5641,282,2115,189,0.29601147770881653,0,2
5642,282,2115,3334,0.520863950252533,0,2
5643,282,2115,1926,0.023034054785966873,0,2
5644,282,2115,1935,0.848459780216217,0,2
5645,282,2115,2968,0.23981961607933044,0,2
5646,282,2115,2809,0.07351522892713547,0,2
5647,282,2115,1849,0.4742669463157654,0,2
5648,282,2115,3753,0.2224992960691452,0,2
5649,282,2115,584,0.08847420662641525,0,2
5650,282,2115,243,0.35352227091789246,0,2
5651,282,2115,2253,0.2010633796453476,0,2
5652,282,2115,830,0.1093236654996872,0,2
5653,282,2115,2705,0.7175666093826294,0,2
5654,282,2115,2191,0.24307703971862793,0,2
5655,282,2115,1753,0.07166098803281784,0,2
5656,282,2115,2206,0.2977975606918335,0,2
5657,282,2115,63,0.24517108500003815,0,2
5658,282,2115,476,0.05456193536520004,0,2
5659,282,2115,3768,0.43225425481796265,0,2
5660,283,790,790,0.7815931439399719,1,1
5661,283,790,139,0.056398943066596985,0,1
5662,283,790,3560,0.408352255821228,0,1
5663,283,790,919,0.11488549411296844,0,1
5664,283,790,709,0.6515749096870422,0,1
5665,283,790,3698,0.6471747756004333,0,1
5666,283,790,2143,0.05924369767308235,0,1
5667,283,790,2412,0.4570356011390686,0,1
5668,283,790,2881,0.21883980929851532,0,1
5669,283,790,3438,0.3353782296180725,0,1
5670,283,790,3937,0.6756812930107117,0,1
5671,283,790,3806,0.148344025015831,0,1
5672,283,790,485,0.16477566957473755,0,1
5673,283,790,1926,0.15372641384601593,0,1
5674,283,790,245,0.49459969997406006,0,1
5675,283,790,140,0.26699888706207275,0,1
5676,283,790,2417,0.0808488205075264,0,1
5677,283,790,2795,0.33460530638694763,0,1
5678,283,790,1074,0.13277852535247803,0,1
5679,283,790,3380,0.16149935126304626,0,1
5680,284,2697,2697,0.8778843283653259,1,1
5681,284,2697,2890,0.8097131252288818,0,1
5682,284,2697,3919,0.6279556155204773,0,1
5683,284,2697,1214,0.5308822989463806,0,1
5684,284,2697,2472,0.573667049407959,0,1
5685,284,2697,1708,0.08775689452886581,0,1
5686,284,2697,1888,0.015099339187145233,0,1
5687,284,2697,2230,0.07990247756242752,0,1
5688,284,2697,1744,0.14160481095314026,0,1
5689,284,2697,2770,0.08836254477500916,0,1
5690,284,2697,3373,0.2575904428958893,0,1
5691,284,2697,175,0.10612180829048157,0,1
5692,284,2697,2142,0.04848753288388252,0,1
5693,284,2697,2015,0.3666333258152008,0,1
5694,284,2697,401,0.2200663983821869,0,1
5695,284,2697,4088,0.8470392823219299,0,1
5696,284,2697,833,0.17358650267124176,0,1
5697,284,2697,2872,0.79742830991745,0,1
5698,284,2697,2716,0.3993596136569977,0,1
5699,284,2697,1243,0.079210564494133,0,1
5700,285,2871,2871,0.7073666453361511,1,1
5701,285,2871,1207,0.28377673029899597,0,1
5702,285,2871,911,0.014161031693220139,0,1
5703,285,2871,3051,0.03054819628596306,0,1
5704,285,2871,3347,0.23918652534484863,0,1
5705,285,2871,685,0.2873520255088806,0,1
5706,285,2871,3531,0.27696681022644043,0,1
5707,285,2871,2511,0.1294262856245041,0,1
5708,285,2871,623,0.32839861512184143,0,1
5709,285,2871,2427,0.10962099581956863,0,1
5710,285,2871,1573,0.15589803457260132,0,1
5711,285,2871,3572,0.036284610629081726,0,1
5712,285,2871,2374,0.4915667474269867,0,1
5713,285,2871,2542,0.23143209517002106,0,1
5714,285,2871,2008,0.29340043663978577,0,1
5715,285,2871,2765,0.06959091126918793,0,1
5716,285,2871,1356,0.36474815011024475,0,1
5717,285,2871,2650,0.33616212010383606,0,1
5718,285,2871,3920,0.3580506443977356,0,1
5719,285,2871,3655,0.008365709334611893,0,1
5720,286,2334,2334,0.6169100403785706,1,7
5721,286,2334,3153,0.14537851512432098,0,7
5722,286,2334,2923,0.4834962785243988,0,7
5723,286,2334,1867,0.26718658208847046,0,7
5724,286,2334,759,0.634670078754425,0,7
5725,286,2334,1829,0.13474909961223602,0,7
5726,286,2334,3105,0.32007190585136414,0,7
5727,286,2334,772,0.6581671833992004,0,7
5728,286,2334,2837,0.7919583320617676,0,7
5729,286,2334,520,0.48645922541618347,0,7
5730,286,2334,4057,0.6415101289749146,0,7
5731,286,2334,2828,0.6692426204681396,0,7
5732,286,2334,704,0.5849717855453491,0,7
5733,286,2334,1009,0.3288957178592682,0,7
5734,286,2334,1408,0.240942120552063,0,7
5735,286,2334,195,0.17545609176158905,0,7
5736,286,2334,535,0.4606142044067383,0,7
5737,286,2334,2672,0.31830894947052,0,7
5738,286,2334,2191,0.30211740732192993,0,7
5739,286,2334,3558,0.6406798362731934,0,7
5740,287,2752,2752,0.6031478643417358,1,1
5741,287,2752,1584,0.4715827405452728,0,1
5742,287,2752,2093,0.4190802574157715,0,1
5743,287,2752,2843,0.2418694794178009,0,1
5744,287,2752,2959,0.44501200318336487,0,1
5745,287,2752,2188,0.292091965675354,0,1
5746,287,2752,3428,0.18457911908626556,0,1
5747,287,2752,718,0.20734761655330658,0,1
5748,287,2752,3878,0.28383123874664307,0,1
5749,287,2752,405,0.16966788470745087,0,1
5750,287,2752,1648,0.06845428049564362,0,1
5751,287,2752,1919,0.43055933713912964,0,1
5752,287,2752,3556,0.39174771308898926,0,1
5753,287,2752,1742,0.2370004504919052,0,1
5754,287,2752,543,0.4131579101085663,0,1
5755,287,2752,1677,0.14614753425121307,0,1
5756,287,2752,1039,0.36506587266921997,0,1
5757,287,2752,3860,0.2368704080581665,0,1
5758,287,2752,2225,0.2021447718143463,0,1
5759,287,2752,2465,0.3236137926578522,0,1
5760,288,1027,1027,0.6331604719161987,1,1
5761,288,1027,3172,0.40104636549949646,0,1
5762,288,1027,1028,0.14143727719783783,0,1
5763,288,1027,695,0.10312867909669876,0,1
5764,288,1027,59,0.1821923404932022,0,1
5765,288,1027,4170,0.05719418078660965,0,1
5766,288,1027,1852,0.0944719910621643,0,1
5767,288,1027,4113,0.4656115174293518,0,1
5768,288,1027,3938,0.22111621499061584,0,1
5769,288,1027,671,0.5628015398979187,0,1
5770,288,1027,1819,0.3152443468570709,0,1
5771,288,1027,4029,0.20332297682762146,0,1
5772,288,1027,2852,0.4353031516075134,0,1
5773,288,1027,224,0.208207905292511,0,1
5774,288,1027,677,0.40060684084892273,0,1
5775,288,1027,1267,0.3204941749572754,0,1
5776,288,1027,284,0.1799071580171585,0,1
5777,288,1027,221,0.3975149691104889,0,1
5778,288,1027,4171,0.17342542111873627,0,1
5779,288,1027,3661,0.3931412696838379,0,1
5780,289,224,224,0.916248619556427,1,1
5781,289,224,3973,0.0332409031689167,0,1
5782,289,224,3186,0.006561096757650375,0,1
5783,289,224,2694,0.03699921816587448,0,1
5784,289,224,76,0.008585144765675068,0,1
5785,289,224,1480,0.1567137986421585,0,1
5786,289,224,710,0.17022104561328888,0,1
5787,289,224,2425,0.1056862398982048,0,1
5788,289,224,3235,0.008406742475926876,0,1
5789,289,224,1996,0.20549756288528442,0,1
5790,289,224,3087,0.00045693229185417295,0,1
5791,289,224,4138,0.011143173091113567,0,1
5792,289,224,2289,1.2362047527858522e-05,0,1
5793,289,224,2924,0.002353022340685129,0,1
5794,289,224,459,0.1639242321252823,0,1
5795,289,224,3393,0.062360502779483795,0,1
5796,289,224,2352,0.0036960369907319546,0,1
5797,289,224,2438,0.006803599651902914,0,1
5798,289,224,279,0.0036690488923341036,0,1
5799,289,224,1154,0.0034352901857346296,0,1
5800,290,1429,1429,0.6616259217262268,1,1
5801,290,1429,3577,0.45123517513275146,0,1
5802,290,1429,3733,0.45147791504859924,0,1
5803,290,1429,362,0.4255494475364685,0,1
5804,290,1429,1807,0.2310713678598404,0,1
5805,290,1429,4048,0.07291200011968613,0,1
5806,290,1429,2448,0.3489348888397217,0,1
5807,290,1429,3730,0.1771591454744339,0,1
5808,290,1429,169,0.1864043027162552,0,1
5809,290,1429,2121,0.2665632665157318,0,1
5810,290,1429,2251,0.04500463604927063,0,1
5811,290,1429,964,0.362764447927475,0,1
5812,290,1429,2597,0.4062288701534271,0,1
5813,290,1429,3327,0.25422829389572144,0,1
5814,290,1429,1134,0.5187318921089172,0,1
5815,290,1429,270,0.11305706202983856,0,1
5816,290,1429,1891,0.411933958530426,0,1
5817,290,1429,700,0.07317066937685013,0,1
5818,290,1429,1724,0.16957123577594757,0,1
5819,290,1429,3173,0.15826500952243805,0,1
5820,291,3759,3759,0.8223503232002258,1,1
5821,291,3759,2436,0.14128868281841278,0,1
5822,291,3759,790,0.6826120615005493,0,1
5823,291,3759,531,0.07151640951633453,0,1
5824,291,3759,902,0.06771845370531082,0,1
5825,291,3759,2838,0.36459869146347046,0,1
5826,291,3759,1970,0.3170628547668457,0,1
5827,291,3759,1739,0.11091217398643494,0,1
5828,291,3759,1275,0.5249063968658447,0,1
5829,291,3759,4,0.061231374740600586,0,1
5830,291,3759,3834,0.2819446623325348,0,1
5831,291,3759,670,0.582733690738678,0,1
5832,291,3759,18,0.4591565430164337,0,1
5833,291,3759,3590,0.10183127969503403,0,1
5834,291,3759,3755,0.5914598703384399,0,1
5835,291,3759,3704,0.03564610704779625,0,1
5836,291,3759,469,0.46178290247917175,0,1
5837,291,3759,1664,0.44729167222976685,0,1
5838,291,3759,3844,0.5781840682029724,0,1
5839,291,3759,2527,0.18570666015148163,0,1
5840,292,2461,2461,0.5889571905136108,1,2
5841,292,2461,794,0.5740380883216858,0,2
5842,292,2461,4141,0.06420985609292984,0,2
5843,292,2461,967,0.34965288639068604,0,2
5844,292,2461,617,0.22750169038772583,0,2
5845,292,2461,3646,0.16131794452667236,0,2
5846,292,2461,1490,0.6148170232772827,0,2
5847,292,2461,304,0.059795770794153214,0,2
5848,292,2461,2868,0.010408127680420876,0,2
5849,292,2461,350,0.16819962859153748,0,2
5850,292,2461,881,0.25327932834625244,0,2
5851,292,2461,1395,0.2424415647983551,0,2
5852,292,2461,3786,0.3205072581768036,0,2
5853,292,2461,1876,0.5588505268096924,0,2
5854,292,2461,1199,0.06961536407470703,0,2
5855,292,2461,2887,0.17342638969421387,0,2
5856,292,2461,2335,0.24398350715637207,0,2
5857,292,2461,3557,0.3080977499485016,0,2
5858,292,2461,207,0.403855562210083,0,2
5859,292,2461,603,0.402480810880661,0,2
5860,293,2798,2798,0.7601413130760193,1,1
5861,293,2798,4076,0.006400721147656441,0,1
5862,293,2798,1405,0.290563702583313,0,1
5863,293,2798,4021,0.06611183285713196,0,1
5864,293,2798,685,0.30150020122528076,0,1
5865,293,2798,697,0.0019406962674111128,0,1
5866,293,2798,3949,0.18703988194465637,0,1
5867,293,2798,1724,0.03479047864675522,0,1
5868,293,2798,2963,0.07087215036153793,0,1
5869,293,2798,4103,0.038264550268650055,0,1
5870,293,2798,95,0.32257628440856934,0,1
5871,293,2798,1594,7.462914800271392e-05,0,1
5872,293,2798,1920,0.49282974004745483,0,1
5873,293,2798,1188,0.005944029428064823,0,1
5874,293,2798,416,0.14055128395557404,0,1
5875,293,2798,1496,0.007205710280686617,0,1
5876,293,2798,2470,0.007113294675946236,0,1
5877,293,2798,1578,0.06903889030218124,0,1
5878,293,2798,2512,0.014652861282229424,0,1
5879,293,2798,3331,0.13839496672153473,0,1
5880,294,3258,3258,0.6018514037132263,1,3
5881,294,3258,3534,0.3274978995323181,0,3
5882,294,3258,540,0.4457484185695648,0,3
5883,294,3258,2434,0.2053351104259491,0,3
5884,294,3258,2551,0.09946934878826141,0,3
5885,294,3258,2300,0.21101441979408264,0,3
5886,294,3258,3989,0.38230088353157043,0,3
5887,294,3258,3157,0.5387332439422607,0,3
5888,294,3258,1928,0.8997698426246643,0,3
5889,294,3258,2512,0.24015174806118011,0,3
5890,294,3258,3905,0.039531219750642776,0,3
5891,294,3258,1608,0.1280374974012375,0,3
5892,294,3258,1878,0.761204183101654,0,3
5893,294,3258,3886,0.06355415284633636,0,3
5894,294,3258,3035,0.008882850408554077,0,3
5895,294,3258,1155,0.4642067551612854,0,3
5896,294,3258,3086,0.09300509840250015,0,3
5897,294,3258,414,0.4744575619697571,0,3
5898,294,3258,135,0.18617913126945496,0,3
5899,294,3258,2069,0.19479189813137054,0,3
5900,295,4036,4036,0.7358487248420715,1,1
5901,295,4036,3292,0.5575748682022095,0,1
5902,295,4036,1479,0.49618062376976013,0,1
5903,295,4036,3134,0.03926193341612816,0,1
5904,295,4036,3184,0.4241918623447418,0,1
5905,295,4036,2493,0.4285874366760254,0,1
5906,295,4036,1991,0.2192157655954361,0,1
5907,295,4036,366,0.08791443705558777,0,1
5908,295,4036,2304,0.702506959438324,0,1
5909,295,4036,1756,0.03563619777560234,0,1
5910,295,4036,685,0.23135662078857422,0,1
5911,295,4036,4022,0.4711092412471771,0,1
5912,295,4036,1706,0.1670919805765152,0,1
5913,295,4036,2383,0.5387093424797058,0,1
5914,295,4036,558,0.14356651902198792,0,1
5915,295,4036,813,0.2600287199020386,0,1
5916,295,4036,3011,0.041140682995319366,0,1
5917,295,4036,3478,0.5331835746765137,0,1
5918,295,4036,2428,0.27316296100616455,0,1
5919,295,4036,715,0.13047486543655396,0,1
5920,296,543,543,0.5861899852752686,1,2
5921,296,543,1566,0.24016015231609344,0,2
5922,296,543,1245,0.38922107219696045,0,2
5923,296,543,1452,0.18122540414333344,0,2
5924,296,543,4118,0.30625036358833313,0,2
5925,296,543,3557,0.39106789231300354,0,2
5926,296,543,1523,0.38838520646095276,0,2
5927,296,543,558,0.05751733109354973,0,2
5928,296,543,1879,0.29325905442237854,0,2
5929,296,543,77,0.09338449686765671,0,2
5930,296,543,2467,0.17549607157707214,0,2
5931,296,543,3481,0.03630055859684944,0,2
5932,296,543,3047,0.42668458819389343,0,2
5933,296,543,3998,0.43343251943588257,0,2
5934,296,543,346,0.2573532164096832,0,2
5935,296,543,2583,0.7895717620849609,0,2
5936,296,543,118,0.5767436027526855,0,2
5937,296,543,3993,0.22801326215267181,0,2
5938,296,543,2957,0.4645788073539734,0,2
5939,296,543,2982,0.3844066560268402,0,2
5940,297,2012,2012,0.8496415615081787,1,1
5941,297,2012,834,0.03785107284784317,0,1
5942,297,2012,4070,0.0034016729332506657,0,1
5943,297,2012,982,0.3849634528160095,0,1
5944,297,2012,629,0.08510516583919525,0,1
5945,297,2012,338,0.05085688829421997,0,1
5946,297,2012,514,0.015780212357640266,0,1
5947,297,2012,3629,0.11964122205972672,0,1
5948,297,2012,3452,0.538783073425293,0,1
5949,297,2012,1793,0.34936124086380005,0,1
5950,297,2012,970,0.04463989660143852,0,1
5951,297,2012,3234,0.09395705163478851,0,1
5952,297,2012,3954,0.5143818855285645,0,1
5953,297,2012,955,0.5124258995056152,0,1
5954,297,2012,617,0.5316885113716125,0,1
5955,297,2012,3925,0.5210429430007935,0,1
5956,297,2012,2539,0.24723833799362183,0,1
5957,297,2012,2073,0.028731312602758408,0,1
5958,297,2012,2198,0.0023716422729194164,0,1
5959,297,2012,3071,0.5272580981254578,0,1
5960,298,210,210,0.7481943964958191,1,3
5961,298,210,3684,0.5085118412971497,0,3
5962,298,210,4054,0.04687505215406418,0,3
5963,298,210,2521,0.6265234351158142,0,3
5964,298,210,2977,0.8132160902023315,0,3
5965,298,210,3419,0.3757902979850769,0,3
5966,298,210,493,0.9535406827926636,0,3
5967,298,210,771,0.16552624106407166,0,3
5968,298,210,3804,0.4694197475910187,0,3
5969,298,210,4164,0.30899298191070557,0,3
5970,298,210,2155,0.6785114407539368,0,3
5971,298,210,1268,0.4929863214492798,0,3
5972,298,210,1541,0.09987451136112213,0,3
5973,298,210,2966,0.40158259868621826,0,3
5974,298,210,477,0.4433535933494568,0,3
5975,298,210,2379,0.4243663251399994,0,3
5976,298,210,3143,0.04764579236507416,0,3
5977,298,210,3171,0.5183571577072144,0,3
5978,298,210,143,0.45192235708236694,0,3
5979,298,210,1734,0.21708960831165314,0,3
5980,299,1680,1680,0.9996129870414734,1,1
5981,299,1680,3154,3.825703515758505e-06,0,1
5982,299,1680,2277,0.055791083723306656,0,1
5983,299,1680,9,0.008565441705286503,0,1
5984,299,1680,1343,0.003123382804915309,0,1
5985,299,1680,1793,0.00258922902867198,0,1
5986,299,1680,992,0.8606511354446411,0,1
5987,299,1680,1727,0.3455055058002472,0,1
5988,299,1680,2493,0.0029961559921503067,0,1
5989,299,1680,1803,0.0020181762520223856,0,1
5990,299,1680,2686,1.979812623176258e-06,0,1
5991,299,1680,436,0.14753632247447968,0,1
5992,299,1680,308,0.029474763199687004,0,1
5993,299,1680,2117,0.6193919777870178,0,1
5994,299,1680,3374,0.03907172009348869,0,1
5995,299,1680,2759,1.0699933454816346e-06,0,1
5996,299,1680,1175,0.0005554328090511262,0,1
5997,299,1680,701,0.715371310710907,0,1
5998,299,1680,1833,1.406312577501012e-07,0,1
5999,299,1680,2848,0.005545600317418575,0,1
6000,300,3184,3184,0.5347164869308472,1,1
6001,300,3184,4131,0.43826818466186523,0,1
6002,300,3184,460,0.3554113507270813,0,1
6003,300,3184,2951,0.20507432520389557,0,1
6004,300,3184,3837,0.3760617673397064,0,1
6005,300,3184,415,0.47644132375717163,0,1
6006,300,3184,1601,0.4606040120124817,0,1
6007,300,3184,659,0.49029362201690674,0,1
6008,300,3184,654,0.35034647583961487,0,1
6009,300,3184,365,0.4492422938346863,0,1
6010,300,3184,680,0.06273668259382248,0,1
6011,300,3184,2844,0.48294344544410706,0,1
6012,300,3184,1161,0.4450939893722534,0,1
6013,300,3184,864,0.13633769750595093,0,1
6014,300,3184,2640,0.11828335374593735,0,1
6015,300,3184,2117,0.4542806148529053,0,1
6016,300,3184,3868,0.14649458229541779,0,1
6017,300,3184,2779,0.14731433987617493,0,1
6018,300,3184,1657,0.5065795183181763,0,1
6019,300,3184,1724,0.33184558153152466,0,1
6020,301,2430,2430,0.5564932823181152,1,3
6021,301,2430,1086,0.37365850806236267,0,3
6022,301,2430,3456,0.06178136169910431,0,3
6023,301,2430,989,0.21771802008152008,0,3
6024,301,2430,3736,0.4225441813468933,0,3
6025,301,2430,325,0.8863499164581299,0,3
6026,301,2430,2063,0.420759916305542,0,3
6027,301,2430,2043,0.41829514503479004,0,3
6028,301,2430,1039,0.3341962397098541,0,3
6029,301,2430,2246,0.20029903948307037,0,3
6030,301,2430,3026,0.3356323838233948,0,3
6031,301,2430,3450,0.2813078463077545,0,3
6032,301,2430,3752,0.29893583059310913,0,3
6033,301,2430,3722,0.4418621361255646,0,3
6034,301,2430,1116,0.6865395307540894,0,3
6035,301,2430,975,0.41773539781570435,0,3
6036,301,2430,1843,0.3019271194934845,0,3
6037,301,2430,1547,0.1651305854320526,0,3
6038,301,2430,2841,0.4704362750053406,0,3
6039,301,2430,46,0.3821028470993042,0,3
6040,302,1938,1938,0.6295106410980225,1,4
6041,302,1938,688,0.6372888684272766,0,4
6042,302,1938,3796,0.6715325117111206,0,4
6043,302,1938,3526,0.4200280010700226,0,4
6044,302,1938,1007,0.12061245739459991,0,4
6045,302,1938,796,0.1565878987312317,0,4
6046,302,1938,3563,0.6357144117355347,0,4
6047,302,1938,674,0.42328375577926636,0,4
6048,302,1938,3006,0.5373603701591492,0,4
6049,302,1938,3477,0.15061600506305695,0,4
6050,302,1938,1643,0.26333802938461304,0,4
6051,302,1938,3642,0.5230655670166016,0,4
6052,302,1938,2328,0.339558869600296,0,4
6053,302,1938,486,0.3166225850582123,0,4
6054,302,1938,1268,0.3395635783672333,0,4
6055,302,1938,3214,0.3046109676361084,0,4
6056,302,1938,1742,0.10172776877880096,0,4
6057,302,1938,2915,0.6116980314254761,0,4
6058,302,1938,2782,0.4527054727077484,0,4
6059,302,1938,2811,0.22219908237457275,0,4
6060,303,365,365,0.5792864561080933,1,1
6061,303,365,3166,0.20822836458683014,0,1
6062,303,365,3432,0.5148977637290955,0,1
6063,303,365,3351,0.5471680164337158,0,1
6064,303,365,2624,0.13105644285678864,0,1
6065,303,365,3421,0.36899250745773315,0,1
6066,303,365,605,0.46254128217697144,0,1
6067,303,365,3336,0.46031296253204346,0,1
6068,303,365,634,0.4610387682914734,0,1
6069,303,365,1700,0.20771582424640656,0,1
6070,303,365,3977,0.45645228028297424,0,1
6071,303,365,1356,0.3952348232269287,0,1
6072,303,365,2619,0.14427272975444794,0,1
6073,303,365,635,0.19639606773853302,0,1
6074,303,365,1456,0.46833670139312744,0,1
6075,303,365,1234,0.5557183027267456,0,1
6076,303,365,1642,0.20756091177463531,0,1
6077,303,365,2207,0.4703959822654724,0,1
6078,303,365,500,0.2042228877544403,0,1
6079,303,365,3459,0.01955479010939598,0,1
6080,304,2801,2801,0.7021055221557617,1,3
6081,304,2801,3325,0.4898931086063385,0,3
6082,304,2801,1888,0.14310625195503235,0,3
6083,304,2801,3567,0.27127766609191895,0,3
6084,304,2801,3845,0.7924274802207947,0,3
6085,304,2801,3055,0.5761346817016602,0,3
6086,304,2801,3819,0.7502331137657166,0,3
6087,304,2801,763,0.4667538106441498,0,3
6088,304,2801,3267,0.18161629140377045,0,3
6089,304,2801,3937,0.6649961471557617,0,3
6090,304,2801,3980,0.42628398537635803,0,3
6091,304,2801,3990,0.6026996970176697,0,3
6092,304,2801,2696,0.5995793342590332,0,3
6093,304,2801,4012,0.10028775036334991,0,3
6094,304,2801,2581,0.0982375517487526,0,3
6095,304,2801,1266,0.06444589048624039,0,3
6096,304,2801,782,0.4400092363357544,0,3
6097,304,2801,3918,0.491319477558136,0,3
6098,304,2801,3961,0.1959879994392395,0,3
6099,304,2801,95,0.4252070486545563,0,3
6100,305,3438,3438,0.5546804666519165,1,1
6101,305,3438,2810,0.15265414118766785,0,1
6102,305,3438,4140,0.41595807671546936,0,1
6103,305,3438,3430,0.32324227690696716,0,1
6104,305,3438,2422,0.06299582123756409,0,1
6105,305,3438,1819,0.13378915190696716,0,1
6106,305,3438,3683,0.526701033115387,0,1
6107,305,3438,1475,0.4566660225391388,0,1
6108,305,3438,3828,0.4894876778125763,0,1
6109,305,3438,1484,0.4003387689590454,0,1
6110,305,3438,4133,0.03149697184562683,0,1
6111,305,3438,1020,0.22956712543964386,0,1
6112,305,3438,637,0.37682613730430603,0,1
6113,305,3438,942,0.4113613963127136,0,1
6114,305,3438,3662,0.3469463586807251,0,1
6115,305,3438,906,0.19696052372455597,0,1
6116,305,3438,3692,0.23125910758972168,0,1
6117,305,3438,704,0.3017518222332001,0,1
6118,305,3438,2501,0.013479284942150116,0,1
6119,305,3438,2483,0.1526515632867813,0,1
6120,306,3770,3770,0.8695802688598633,1,1
6121,306,3770,953,0.08645828813314438,0,1
6122,306,3770,468,0.02193516679108143,0,1
6123,306,3770,1733,0.0435754731297493,0,1
6124,306,3770,1844,0.3306916058063507,0,1
6125,306,3770,3032,0.2616565227508545,0,1
6126,306,3770,227,0.5435568690299988,0,1
6127,306,3770,3870,0.43085628747940063,0,1
6128,306,3770,1004,0.12644220888614655,0,1
6129,306,3770,1617,0.550844132900238,0,1
6130,306,3770,1433,0.007071060128509998,0,1
6131,306,3770,3277,0.41264477372169495,0,1
6132,306,3770,3683,0.058368097990751266,0,1
6133,306,3770,176,0.3961744010448456,0,1
6134,306,3770,832,0.5822347402572632,0,1
6135,306,3770,1780,0.49782252311706543,0,1
6136,306,3770,3467,0.32277363538742065,0,1
6137,306,3770,308,0.2148137241601944,0,1
6138,306,3770,2055,0.26851654052734375,0,1
6139,306,3770,602,0.605091392993927,0,1
6140,307,2711,2711,0.7772382497787476,1,1
6141,307,2711,1226,0.1715581864118576,0,1
6142,307,2711,840,0.2500205636024475,0,1
6143,307,2711,3370,0.07987409085035324,0,1
6144,307,2711,1864,0.2775329351425171,0,1
6145,307,2711,4105,0.14650695025920868,0,1
6146,307,2711,970,0.25027593970298767,0,1
6147,307,2711,2312,0.07983016222715378,0,1
6148,307,2711,925,0.6395891308784485,0,1
6149,307,2711,1017,0.2146281749010086,0,1
6150,307,2711,3290,0.2436365783214569,0,1
6151,307,2711,3059,0.38507720828056335,0,1
6152,307,2711,1908,0.38054507970809937,0,1
6153,307,2711,599,0.362130731344223,0,1
6154,307,2711,2446,0.24647364020347595,0,1
6155,307,2711,3980,0.09238526225090027,0,1
6156,307,2711,1304,0.5124222040176392,0,1
6157,307,2711,3357,0.14468955993652344,0,1
6158,307,2711,1077,0.2365923523902893,0,1
6159,307,2711,1344,0.4021226465702057,0,1
6160,308,2602,2602,0.5010097622871399,1,1
6161,308,2602,3553,0.23838603496551514,0,1
6162,308,2602,1396,0.28158408403396606,0,1
6163,308,2602,3808,0.22091390192508698,0,1
6164,308,2602,3632,0.21109908819198608,0,1
6165,308,2602,158,0.16195444762706757,0,1
6166,308,2602,2902,0.07403033971786499,0,1
6167,308,2602,801,0.31920337677001953,0,1
6168,308,2602,2439,0.2212853729724884,0,1
6169,308,2602,113,0.29434800148010254,0,1
6170,308,2602,2581,0.09516555815935135,0,1
6171,308,2602,1980,0.10405305027961731,0,1
6172,308,2602,3905,0.17001193761825562,0,1
6173,308,2602,2572,0.11212637275457382,0,1
6174,308,2602,635,0.12210503220558167,0,1
6175,308,2602,1726,0.05845150724053383,0,1
6176,308,2602,2395,0.29705506563186646,0,1
6177,308,2602,1295,0.07293730974197388,0,1
6178,308,2602,3258,0.29970914125442505,0,1
6179,308,2602,1256,0.07237478345632553,0,1
6180,309,931,931,0.9682724475860596,1,1
6181,309,931,3280,0.025415601208806038,0,1
6182,309,931,2419,0.008600519970059395,0,1
6183,309,931,4018,0.00045143303577788174,0,1
6184,309,931,2477,0.05514572933316231,0,1
6185,309,931,4118,0.00017590619972907007,0,1
6186,309,931,3012,9.825239430938382e-06,0,1
6187,309,931,29,0.03020005114376545,0,1
6188,309,931,3317,0.0035431901924312115,0,1
6189,309,931,895,0.024350231513381004,0,1
6190,309,931,2978,0.003134622937068343,0,1
6191,309,931,1763,0.0070278225466609,0,1
6192,309,931,190,0.1734280288219452,0,1
6193,309,931,3437,0.22078704833984375,0,1
6194,309,931,956,0.9512108564376831,0,1
6195,309,931,3764,0.00032486917916685343,0,1
6196,309,931,3509,0.08377760648727417,0,1
6197,309,931,2463,0.322791188955307,0,1
6198,309,931,2001,0.0433204211294651,0,1
6199,309,931,996,0.0008635049453005195,0,1
6200,310,1597,1597,0.5936282277107239,1,1
6201,310,1597,3435,0.5594968199729919,0,1
6202,310,1597,2399,0.41082751750946045,0,1
6203,310,1597,344,0.21888233721256256,0,1
6204,310,1597,1084,0.381775826215744,0,1
6205,310,1597,359,0.5185139775276184,0,1
6206,310,1597,2177,0.29005005955696106,0,1
6207,310,1597,715,0.07732134312391281,0,1
6208,310,1597,2991,0.3974844813346863,0,1
6209,310,1597,369,0.46337616443634033,0,1
6210,310,1597,1409,0.25731971859931946,0,1
6211,310,1597,1290,0.1284477412700653,0,1
6212,310,1597,1242,0.19423073530197144,0,1
6213,310,1597,3263,0.44123509526252747,0,1
6214,310,1597,2039,0.4269343614578247,0,1
6215,310,1597,597,0.3262675702571869,0,1
6216,310,1597,2539,0.22412057220935822,0,1
6217,310,1597,3481,0.2553952932357788,0,1
6218,310,1597,496,0.47796866297721863,0,1
6219,310,1597,1143,0.1798262745141983,0,1
6220,311,2741,2741,0.6934829354286194,1,2
6221,311,2741,738,0.4787197411060333,0,2
6222,311,2741,864,0.10853231698274612,0,2
6223,311,2741,1324,0.11808259040117264,0,2
6224,311,2741,1524,0.5339047312736511,0,2
6225,311,2741,501,0.532765805721283,0,2
6226,311,2741,438,0.07092572003602982,0,2
6227,311,2741,2169,0.5869642496109009,0,2
6228,311,2741,2018,0.11514998227357864,0,2
6229,311,2741,4010,0.28324082493782043,0,2
6230,311,2741,1160,0.4280030131340027,0,2
6231,311,2741,2915,0.6974626779556274,0,2
6232,311,2741,1963,0.03947364166378975,0,2
6233,311,2741,3814,0.11821793019771576,0,2
6234,311,2741,1958,0.10692128539085388,0,2
6235,311,2741,4064,0.35952940583229065,0,2
6236,311,2741,120,0.17409676313400269,0,2
6237,311,2741,2787,0.509911298751831,0,2
6238,311,2741,2681,0.0829256922006607,0,2
6239,311,2741,1387,0.16683663427829742,0,2
6240,312,2912,2912,0.7744849324226379,1,1
6241,312,2912,3786,0.09655977785587311,0,1
6242,312,2912,1783,0.4427245855331421,0,1
6243,312,2912,1437,0.0622904933989048,0,1
6244,312,2912,1534,0.46229061484336853,0,1
6245,312,2912,2160,0.025640882551670074,0,1
6246,312,2912,1344,0.46113479137420654,0,1
6247,312,2912,701,0.2496919333934784,0,1
6248,312,2912,2242,0.06479594111442566,0,1
6249,312,2912,2207,0.07802895456552505,0,1
6250,312,2912,855,0.3985242545604706,0,1
6251,312,2912,3657,0.5752606391906738,0,1
6252,312,2912,2020,0.043830305337905884,0,1
6253,312,2912,688,0.5151563882827759,0,1
6254,312,2912,243,0.477432519197464,0,1
6255,312,2912,4083,0.06474469602108002,0,1
6256,312,2912,703,0.26628273725509644,0,1
6257,312,2912,3787,0.7085591554641724,0,1
6258,312,2912,3102,0.594351589679718,0,1
6259,312,2912,2894,0.5725765228271484,0,1
6260,313,2649,2649,0.9993966817855835,1,1
6261,313,2649,2353,2.6581390557112172e-05,0,1
6262,313,2649,10,0.14500489830970764,0,1
6263,313,2649,1317,8.887232638699061e-08,0,1
6264,313,2649,607,0.004620568361133337,0,1
6265,313,2649,2382,0.05921325460076332,0,1
6266,313,2649,2367,0.00043253129115328193,0,1
6267,313,2649,4108,5.273122042126488e-06,0,1
6268,313,2649,3484,6.423630566132488e-06,0,1
6269,313,2649,527,5.716013674827991e-06,0,1
6270,313,2649,2449,3.654636748251505e-05,0,1
6271,313,2649,3903,0.010955071076750755,0,1
6272,313,2649,3537,0.0009753322810865939,0,1
6273,313,2649,3233,0.023750334978103638,0,1
6274,313,2649,3637,0.0012696606572717428,0,1
6275,313,2649,1258,0.005327637307345867,0,1
6276,313,2649,2256,9.458231215830892e-05,0,1
6277,313,2649,3422,0.002811021637171507,0,1
6278,313,2649,397,0.041845306754112244,0,1
6279,313,2649,193,0.015335258096456528,0,1
6280,314,3065,3065,0.8243815898895264,1,1
6281,314,3065,3072,0.07369562238454819,0,1
6282,314,3065,3538,0.537128210067749,0,1
6283,314,3065,2891,0.15793825685977936,0,1
6284,314,3065,1919,0.3268866240978241,0,1
6285,314,3065,2042,0.460765540599823,0,1
6286,314,3065,3549,0.09947247803211212,0,1
6287,314,3065,3474,0.4924933612346649,0,1
6288,314,3065,2624,0.2251262217760086,0,1
6289,314,3065,1611,0.18466776609420776,0,1
6290,314,3065,3792,0.390672892332077,0,1
6291,314,3065,241,0.07760115712881088,0,1
6292,314,3065,891,0.08563173562288284,0,1
6293,314,3065,731,0.1342928558588028,0,1
6294,314,3065,658,0.05964924395084381,0,1
6295,314,3065,1706,0.164394348859787,0,1
6296,314,3065,3468,0.14085653424263,0,1
6297,314,3065,297,0.08469230681657791,0,1
6298,314,3065,2305,0.40685373544692993,0,1
6299,314,3065,554,0.803993821144104,0,1
6300,315,225,225,0.7486572861671448,1,1
6301,315,225,1923,0.02079690806567669,0,1
6302,315,225,2893,0.01378309540450573,0,1
6303,315,225,318,0.21348837018013,0,1
6304,315,225,1926,0.005020773503929377,0,1
6305,315,225,1662,0.046930886805057526,0,1
6306,315,225,265,0.06462583690881729,0,1
6307,315,225,2832,0.12806686758995056,0,1
6308,315,225,3290,0.2332935780286789,0,1
6309,315,225,3279,0.04253682494163513,0,1
6310,315,225,2311,0.011218247935175896,0,1
6311,315,225,2874,0.002837713109329343,0,1
6312,315,225,3034,0.03016788326203823,0,1
6313,315,225,951,0.07273086160421371,0,1
6314,315,225,2838,0.008883765898644924,0,1
6315,315,225,920,0.004741993732750416,0,1
6316,315,225,3501,0.107781782746315,0,1
6317,315,225,336,0.03259802237153053,0,1
6318,315,225,379,0.0034944023936986923,0,1
6319,315,225,1689,0.09744056314229965,0,1
6320,316,2554,2554,0.6451756954193115,1,1
6321,316,2554,1581,0.11632554233074188,0,1
6322,316,2554,3435,0.5383611917495728,0,1
6323,316,2554,2091,0.5169235467910767,0,1
6324,316,2554,2118,0.41979730129241943,0,1
6325,316,2554,3270,0.1971442997455597,0,1
6326,316,2554,3281,0.5229385495185852,0,1
6327,316,2554,3706,0.38338759541511536,0,1
6328,316,2554,2279,0.6048246622085571,0,1
6329,316,2554,2704,0.06353037059307098,0,1
6330,316,2554,1450,0.16184918582439423,0,1
6331,316,2554,3000,0.5400797724723816,0,1
6332,316,2554,3099,0.40103277564048767,0,1
6333,316,2554,566,0.22049853205680847,0,1
6334,316,2554,3615,0.1670040786266327,0,1
6335,316,2554,3209,0.49051833152770996,0,1
6336,316,2554,1310,0.4612497091293335,0,1
6337,316,2554,1108,0.18897795677185059,0,1
6338,316,2554,1428,0.4089142680168152,0,1
6339,316,2554,4044,0.6173778176307678,0,1
6340,317,2394,2394,0.6062204241752625,1,2
6341,317,2394,854,0.40003228187561035,0,2
6342,317,2394,625,0.44436579942703247,0,2
6343,317,2394,441,0.5025959610939026,0,2
6344,317,2394,3521,0.665545642375946,0,2
6345,317,2394,2098,0.2288890779018402,0,2
6346,317,2394,1249,0.35364264249801636,0,2
6347,317,2394,2615,0.5840277075767517,0,2
6348,317,2394,4023,0.5652403235435486,0,2
6349,317,2394,2690,0.3130090832710266,0,2
6350,317,2394,52,0.5598404407501221,0,2
6351,317,2394,3225,0.5031809210777283,0,2
6352,317,2394,3356,0.4661535322666168,0,2
6353,317,2394,3831,0.2507128417491913,0,2
6354,317,2394,3601,0.20003269612789154,0,2
6355,317,2394,1326,0.12467430531978607,0,2
6356,317,2394,2189,0.15764793753623962,0,2
6357,317,2394,458,0.5736638307571411,0,2
6358,317,2394,294,0.30913224816322327,0,2
6359,317,2394,1187,0.5322068333625793,0,2
6360,318,1918,1918,0.5207061767578125,1,2
6361,318,1918,1853,0.19929330050945282,0,2
6362,318,1918,3529,0.09942584484815598,0,2
6363,318,1918,1667,0.21564340591430664,0,2
6364,318,1918,245,0.36306020617485046,0,2
6365,318,1918,4136,0.15319575369358063,0,2
6366,318,1918,480,0.5571470856666565,0,2
6367,318,1918,2620,0.4158584773540497,0,2
6368,318,1918,2474,0.13396619260311127,0,2
6369,318,1918,2235,0.29430997371673584,0,2
6370,318,1918,1388,0.4454483091831207,0,2
6371,318,1918,2140,0.2860572040081024,0,2
6372,318,1918,1036,0.4272298216819763,0,2
6373,318,1918,3337,0.15803712606430054,0,2
6374,318,1918,2008,0.2777528464794159,0,2
6375,318,1918,3161,0.16304415464401245,0,2
6376,318,1918,1173,0.22781844437122345,0,2
6377,318,1918,2624,0.18998993933200836,0,2
6378,318,1918,3004,0.1463899463415146,0,2
6379,318,1918,1326,0.21319414675235748,0,2
6380,319,2997,2997,0.8995484113693237,1,2
6381,319,2997,3395,0.1307716965675354,0,2
6382,319,2997,1862,0.6898850798606873,0,2
6383,319,2997,1007,0.06405605375766754,0,2
6384,319,2997,619,0.22035343945026398,0,2
6385,319,2997,884,0.9600206017494202,0,2
6386,319,2997,2899,0.43468618392944336,0,2
6387,319,2997,3549,0.8388785719871521,0,2
6388,319,2997,3710,0.06510408967733383,0,2
6389,319,2997,4103,0.6966713666915894,0,2
6390,319,2997,1836,0.046740420162677765,0,2
6391,319,2997,4108,0.4534569978713989,0,2
6392,319,2997,3227,0.7498315572738647,0,2
6393,319,2997,2074,0.12591534852981567,0,2
6394,319,2997,992,0.010317839682102203,0,2
6395,319,2997,4144,0.021847283467650414,0,2
6396,319,2997,765,0.14152690768241882,0,2
6397,319,2997,3151,0.5002549290657043,0,2
6398,319,2997,2816,0.4321019649505615,0,2
6399,319,2997,644,0.8065184950828552,0,2
6400,320,1448,1448,0.9987618923187256,1,2
6401,320,1448,5,0.9996953010559082,0,2
6402,320,1448,2414,0.13899962604045868,0,2
6403,320,1448,660,0.21824409067630768,0,2
6404,320,1448,1996,0.09573807567358017,0,2
6405,320,1448,3204,0.044316429644823074,0,2
6406,320,1448,2872,0.0012979678576812148,0,2
6407,320,1448,4008,0.00036744153476320207,0,2
6408,320,1448,2173,0.020364968106150627,0,2
6409,320,1448,1827,0.00012237664486747235,0,2
6410,320,1448,2172,0.2773078680038452,0,2
6411,320,1448,661,0.026657750830054283,0,2
6412,320,1448,3811,0.012137052603065968,0,2
6413,320,1448,4018,0.012410944327712059,0,2
6414,320,1448,2460,0.027768511325120926,0,2
6415,320,1448,1218,6.181908975122496e-05,0,2
6416,320,1448,316,0.04304716736078262,0,2
6417,320,1448,3619,3.327561159949255e-08,0,2
6418,320,1448,3492,7.463667316187639e-06,0,2
6419,320,1448,559,0.0011834658216685057,0,2
6420,321,529,529,0.8189469575881958,1,1
6421,321,529,2978,0.09461598843336105,0,1
6422,321,529,2143,0.2719414234161377,0,1
6423,321,529,1334,0.009830566123127937,0,1
6424,321,529,4089,0.003910300321877003,0,1
6425,321,529,375,0.1322897970676422,0,1
6426,321,529,3636,0.008100244216620922,0,1
6427,321,529,3774,0.019717048853635788,0,1
6428,321,529,3499,0.20566043257713318,0,1
6429,321,529,2024,0.10135806351900101,0,1
6430,321,529,3518,0.1353880912065506,0,1
6431,321,529,804,0.2105279415845871,0,1
6432,321,529,3426,0.146506205201149,0,1
6433,321,529,3195,0.03353787586092949,0,1
6434,321,529,1596,0.20042996108531952,0,1
6435,321,529,2516,0.030737951397895813,0,1
6436,321,529,3953,0.2785009741783142,0,1
6437,321,529,1806,0.04872150346636772,0,1
6438,321,529,1814,0.09130215644836426,0,1
6439,321,529,1473,0.17445875704288483,0,1
6440,322,1962,1962,0.7086464762687683,1,1
6441,322,1962,430,0.16011829674243927,0,1
6442,322,1962,2462,0.31994709372520447,0,1
6443,322,1962,800,0.33813804388046265,0,1
6444,322,1962,2027,0.23592956364154816,0,1
6445,322,1962,3937,0.14504645764827728,0,1
6446,322,1962,3669,0.11637554317712784,0,1
6447,322,1962,4081,0.04998243972659111,0,1
6448,322,1962,581,0.49311894178390503,0,1
6449,322,1962,3583,0.057826414704322815,0,1
6450,322,1962,2871,0.6958956122398376,0,1
6451,322,1962,1567,0.3445923328399658,0,1
6452,322,1962,911,0.013912862166762352,0,1
6453,322,1962,868,0.018064627423882484,0,1
6454,322,1962,390,0.15905746817588806,0,1
6455,322,1962,1588,0.1473633348941803,0,1
6456,322,1962,3084,0.2884724736213684,0,1
6457,322,1962,1671,0.07445680350065231,0,1
6458,322,1962,2037,0.1523929238319397,0,1
6459,322,1962,1349,0.11785304546356201,0,1
6460,323,3127,3127,0.6477449536323547,1,2
6461,323,3127,519,0.18516959249973297,0,2
6462,323,3127,3631,0.3070801794528961,0,2
6463,323,3127,3264,0.4039783179759979,0,2
6464,323,3127,610,0.36674290895462036,0,2
6465,323,3127,3105,0.3902704119682312,0,2
6466,323,3127,205,0.3609023094177246,0,2
6467,323,3127,2,0.7309547066688538,0,2
6468,323,3127,597,0.4321601092815399,0,2
6469,323,3127,471,0.22919999063014984,0,2
6470,323,3127,2545,0.20120732486248016,0,2
6471,323,3127,410,0.24471622705459595,0,2
6472,323,3127,3224,0.4283903241157532,0,2
6473,323,3127,3965,0.07266543805599213,0,2
6474,323,3127,3056,0.4172283411026001,0,2
6475,323,3127,1189,0.3521062135696411,0,2
6476,323,3127,2323,0.45535707473754883,0,2
6477,323,3127,1637,0.4026340842247009,0,2
6478,323,3127,2483,0.1746518760919571,0,2
6479,323,3127,3628,0.10719390213489532,0,2
6480,324,2647,2647,0.6503691077232361,1,4
6481,324,2647,372,0.8461674451828003,0,4
6482,324,2647,351,0.06691615283489227,0,4
6483,324,2647,2413,0.3778719902038574,0,4
6484,324,2647,2768,0.15434467792510986,0,4
6485,324,2647,3836,0.4561317563056946,0,4
6486,324,2647,2305,0.4285292625427246,0,4
6487,324,2647,587,0.7339381575584412,0,4
6488,324,2647,808,0.44230780005455017,0,4
6489,324,2647,4032,0.14350737631320953,0,4
6490,324,2647,1659,0.7522000074386597,0,4
6491,324,2647,3112,0.2284379005432129,0,4
6492,324,2647,670,0.4113445580005646,0,4
6493,324,2647,3840,0.48698890209198,0,4
6494,324,2647,2834,0.48858729004859924,0,4
6495,324,2647,1255,0.3626541793346405,0,4
6496,324,2647,3474,0.5136089324951172,0,4
6497,324,2647,2968,0.4865865409374237,0,4
6498,324,2647,1918,0.47308585047721863,0,4
6499,324,2647,645,0.3449089527130127,0,4
6500,325,2431,2431,0.562981367111206,1,2
6501,325,2431,2564,0.47494199872016907,0,2
6502,325,2431,3953,0.4184686243534088,0,2
6503,325,2431,606,0.4199044704437256,0,2
6504,325,2431,265,0.7160404920578003,0,2
6505,325,2431,495,0.4444079101085663,0,2
6506,325,2431,2965,0.376406192779541,0,2
6507,325,2431,1596,0.475096195936203,0,2
6508,325,2431,696,0.3268268406391144,0,2
6509,325,2431,840,0.21868039667606354,0,2
6510,325,2431,1791,0.49263203144073486,0,2
6511,325,2431,2521,0.45984649658203125,0,2
6512,325,2431,367,0.1983606517314911,0,2
6513,325,2431,1825,0.3636321425437927,0,2
6514,325,2431,3240,0.11121287941932678,0,2
6515,325,2431,2649,0.5466490387916565,0,2
6516,325,2431,3948,0.5027894377708435,0,2
6517,325,2431,2354,0.5052511096000671,0,2
6518,325,2431,2042,0.3921493589878082,0,2
6519,325,2431,845,0.5424962043762207,0,2
6520,326,2698,2698,0.805006206035614,1,2
6521,326,2698,2119,0.5509793758392334,0,2
6522,326,2698,2084,0.914238691329956,0,2
6523,326,2698,878,0.5565144419670105,0,2
6524,326,2698,1479,0.41619133949279785,0,2
6525,326,2698,3189,0.1622195541858673,0,2
6526,326,2698,3620,0.7043351531028748,0,2
6527,326,2698,2019,0.6765716671943665,0,2
6528,326,2698,3809,0.5042521357536316,0,2
6529,326,2698,3186,0.0678139328956604,0,2
6530,326,2698,21,0.2416200041770935,0,2
6531,326,2698,777,0.3511475622653961,0,2
6532,326,2698,2477,0.6918150782585144,0,2
6533,326,2698,2083,0.18634191155433655,0,2
6534,326,2698,1061,0.15926429629325867,0,2
6535,326,2698,1964,0.6037864685058594,0,2
6536,326,2698,1873,0.6325609683990479,0,2
6537,326,2698,227,0.5546776056289673,0,2
6538,326,2698,3706,0.36553046107292175,0,2
6539,326,2698,2822,0.1001083180308342,0,2
6540,327,940,940,0.9990072846412659,1,2
6541,327,940,1708,0.0001716338738333434,0,2
6542,327,940,2030,0.003510907758027315,0,2
6543,327,940,2019,0.00400428706780076,0,2
6544,327,940,2538,2.2592695358980563e-07,0,2
6545,327,940,2268,0.03687603026628494,0,2
6546,327,940,1898,0.9990676045417786,0,2
6547,327,940,1481,0.08908618986606598,0,2
6548,327,940,828,6.120684048482872e-08,0,2
6549,327,940,1758,0.001389453886076808,0,2
6550,327,940,2263,0.005317393224686384,0,2
6551,327,940,3226,0.00012472779781091958,0,2
6552,327,940,1288,0.0923965647816658,0,2
6553,327,940,1645,0.01461221557110548,0,2
6554,327,940,3536,0.0004964735126122832,0,2
6555,327,940,3811,0.0020849858410656452,0,2
6556,327,940,842,0.08598775416612625,0,2
6557,327,940,939,0.04434797540307045,0,2
6558,327,940,3487,1.2399216757330578e-05,0,2
6559,327,940,3153,1.1752359796446399e-06,0,2
6560,328,157,157,0.5086181163787842,1,1
6561,328,157,1801,0.28435075283050537,0,1
6562,328,157,526,0.12427065521478653,0,1
6563,328,157,4008,0.05910467356443405,0,1
6564,328,157,1045,0.03365924581885338,0,1
6565,328,157,1409,0.027351297438144684,0,1
6566,328,157,642,0.016921671107411385,0,1
6567,328,157,331,0.01988767832517624,0,1
6568,328,157,2791,0.42600217461586,0,1
6569,328,157,4123,0.14009682834148407,0,1
6570,328,157,859,0.017676163464784622,0,1
6571,328,157,2027,0.09155366569757462,0,1
6572,328,157,114,0.005368395708501339,0,1
6573,328,157,1519,0.2239239662885666,0,1
6574,328,157,2384,0.19719438254833221,0,1
6575,328,157,3845,0.035508111119270325,0,1
6576,328,157,3251,0.359955757856369,0,1
6577,328,157,1046,0.01709391176700592,0,1
6578,328,157,3564,0.27157631516456604,0,1
6579,328,157,1121,0.3656352162361145,0,1
6580,329,3361,3361,0.6409629583358765,1,2
6581,329,3361,4137,0.08571245521306992,0,2
6582,329,3361,937,0.05620047077536583,0,2
6583,329,3361,2488,0.10558802634477615,0,2
6584,329,3361,4029,0.03154141083359718,0,2
6585,329,3361,2266,0.012937383726239204,0,2
6586,329,3361,3822,0.007059623021632433,0,2
6587,329,3361,3423,0.10446951538324356,0,2
6588,329,3361,3976,0.24203205108642578,0,2
6589,329,3361,174,0.660780668258667,0,2
6590,329,3361,1672,0.13278770446777344,0,2
6591,329,3361,1321,0.6186721324920654,0,2
6592,329,3361,2729,0.35343050956726074,0,2
6593,329,3361,2578,0.35042670369148254,0,2
6594,329,3361,2509,0.4081295430660248,0,2
6595,329,3361,2093,0.19433844089508057,0,2
6596,329,3361,3246,0.4517233669757843,0,2
6597,329,3361,2583,0.09410300105810165,0,2
6598,329,3361,2232,0.4573054313659668,0,2
6599,329,3361,3965,0.21032314002513885,0,2
6600,330,655,655,0.5634258389472961,1,7
6601,330,655,2325,0.2635921537876129,0,7
6602,330,655,752,0.5410276651382446,0,7
6603,330,655,2003,0.26250648498535156,0,7
6604,330,655,628,0.5221054553985596,0,7
6605,330,655,1736,0.581836998462677,0,7
6606,330,655,3679,0.5795391798019409,0,7
6607,330,655,1945,0.6267397403717041,0,7
6608,330,655,1366,0.5111276507377625,0,7
6609,330,655,437,0.4918982684612274,0,7
6610,330,655,3783,0.4457455277442932,0,7
6611,330,655,4160,0.4498489499092102,0,7
6612,330,655,4124,0.3269893527030945,0,7
6613,330,655,3248,0.6875313520431519,0,7
6614,330,655,2772,0.3133166432380676,0,7
6615,330,655,1268,0.4998706877231598,0,7
6616,330,655,3458,0.5809972882270813,0,7
6617,330,655,3722,0.619236946105957,0,7
6618,330,655,2104,0.47004926204681396,0,7
6619,330,655,4153,0.5272398591041565,0,7
6620,331,2688,2688,0.952357292175293,1,1
6621,331,2688,325,0.17257501184940338,0,1
6622,331,2688,1650,0.7290547490119934,0,1
6623,331,2688,2890,0.1504853516817093,0,1
6624,331,2688,2118,0.8584648966789246,0,1
6625,331,2688,945,0.7156575918197632,0,1
6626,331,2688,3020,0.3211888372898102,0,1
6627,331,2688,2331,0.4735581874847412,0,1
6628,331,2688,2953,0.9261125326156616,0,1
6629,331,2688,3250,0.6416475772857666,0,1
6630,331,2688,1381,0.09498786181211472,0,1
6631,331,2688,2134,0.6175699234008789,0,1
6632,331,2688,715,0.02860116772353649,0,1
6633,331,2688,3095,0.001676801941357553,0,1
6634,331,2688,206,0.5551565885543823,0,1
6635,331,2688,2389,0.010843552649021149,0,1
6636,331,2688,1272,0.015327274799346924,0,1
6637,331,2688,1299,0.605353832244873,0,1
6638,331,2688,3231,0.06294053047895432,0,1
6639,331,2688,1939,0.6918448805809021,0,1
6640,332,400,400,0.5684413909912109,1,6
6641,332,400,2632,0.26170021295547485,0,6
6642,332,400,390,0.8052213191986084,0,6
6643,332,400,3024,0.48905956745147705,0,6
6644,332,400,2083,0.4076618552207947,0,6
6645,332,400,1594,0.13968859612941742,0,6
6646,332,400,2607,0.047914691269397736,0,6
6647,332,400,1655,0.2527083456516266,0,6
6648,332,400,2004,0.4550219476222992,0,6
6649,332,400,1523,0.40870150923728943,0,6
6650,332,400,1915,0.20263367891311646,0,6
6651,332,400,3857,0.22846144437789917,0,6
6652,332,400,30,0.5777534246444702,0,6
6653,332,400,2152,0.8400424122810364,0,6
6654,332,400,503,0.35465291142463684,0,6
6655,332,400,347,0.35139021277427673,0,6
6656,332,400,897,0.8043283820152283,0,6
6657,332,400,2432,0.6110154390335083,0,6
6658,332,400,3188,0.4823860228061676,0,6
6659,332,400,1974,0.4144001603126526,0,6
6660,333,3022,3022,0.9489189982414246,1,1
6661,333,3022,2064,0.009425896219909191,0,1
6662,333,3022,1122,0.006724228151142597,0,1
6663,333,3022,610,0.00710784737020731,0,1
6664,333,3022,2631,0.0031550093553960323,0,1
6665,333,3022,3132,0.20948337018489838,0,1
6666,333,3022,2177,0.11345170438289642,0,1
6667,333,3022,1433,7.529999948019395e-06,0,1
6668,333,3022,1751,0.002513115992769599,0,1
6669,333,3022,26,0.0636950135231018,0,1
6670,333,3022,1963,3.0782697990616725e-07,0,1
6671,333,3022,1642,0.0007358813309110701,0,1
6672,333,3022,1819,0.0007371077663265169,0,1
6673,333,3022,1178,0.0008085462031885982,0,1
6674,333,3022,4165,0.002579963766038418,0,1
6675,333,3022,2572,4.031147909699939e-06,0,1
6676,333,3022,3189,0.0016982032684609294,0,1
6677,333,3022,3890,0.0683959573507309,0,1
6678,333,3022,3163,0.0021447620820254087,0,1
6679,333,3022,2068,0.013054678216576576,0,1
6680,334,3596,3596,0.6235997080802917,1,3
6681,334,3596,981,0.11933931708335876,0,3
6682,334,3596,3356,0.38486096262931824,0,3
6683,334,3596,4008,0.12769925594329834,0,3
6684,334,3596,2173,0.3862036168575287,0,3
6685,334,3596,3119,0.43646347522735596,0,3
6686,334,3596,2983,0.13948898017406464,0,3
6687,334,3596,2922,0.34490522742271423,0,3
6688,334,3596,1954,0.20925450325012207,0,3
6689,334,3596,1523,0.41396287083625793,0,3
6690,334,3596,1695,0.33782801032066345,0,3
6691,334,3596,1770,0.42927315831184387,0,3
6692,334,3596,2118,0.6405903697013855,0,3
6693,334,3596,889,0.16040867567062378,0,3
6694,334,3596,674,0.3630024790763855,0,3
6695,334,3596,548,0.3988388776779175,0,3
6696,334,3596,967,0.33556124567985535,0,3
6697,334,3596,2624,0.5200754404067993,0,3
6698,334,3596,3086,0.12921667098999023,0,3
6699,334,3596,1075,0.6484853625297546,0,3
6700,335,3775,3775,0.8262606263160706,1,1
6701,335,3775,3498,0.361577570438385,0,1
6702,335,3775,1335,0.299276739358902,0,1
6703,335,3775,2445,0.006633969955146313,0,1
6704,335,3775,246,0.27304351329803467,0,1
6705,335,3775,3449,0.01580074056982994,0,1
6706,335,3775,30,0.27663537859916687,0,1
6707,335,3775,2933,0.1320611983537674,0,1
6708,335,3775,2337,0.006004981696605682,0,1
6709,335,3775,3714,0.1758643239736557,0,1
6710,335,3775,3321,0.4683915078639984,0,1
6711,335,3775,1754,0.020296500995755196,0,1
6712,335,3775,4109,0.4529179334640503,0,1
6713,335,3775,3041,0.06632309406995773,0,1
6714,335,3775,3500,0.20974645018577576,0,1
6715,335,3775,2721,0.434879869222641,0,1
6716,335,3775,1529,0.5828761458396912,0,1
6717,335,3775,826,0.35307061672210693,0,1
6718,335,3775,307,0.37473681569099426,0,1
6719,335,3775,3740,0.6883787512779236,0,1
6720,336,3510,3510,0.693035900592804,1,1
6721,336,3510,2942,0.4338066577911377,0,1
6722,336,3510,2595,0.1463671326637268,0,1
6723,336,3510,1160,0.4426027834415436,0,1
6724,336,3510,31,0.45208269357681274,0,1
6725,336,3510,2840,0.3516475260257721,0,1
6726,336,3510,383,0.26028159260749817,0,1
6727,336,3510,241,0.4171057343482971,0,1
6728,336,3510,381,0.34256497025489807,0,1
6729,336,3510,1906,0.21827952563762665,0,1
6730,336,3510,3443,0.08060313016176224,0,1
6731,336,3510,1353,0.01763683557510376,0,1
6732,336,3510,1206,0.14331883192062378,0,1
6733,336,3510,2393,0.5963441133499146,0,1
6734,336,3510,623,0.4855548143386841,0,1
6735,336,3510,1244,0.26423436403274536,0,1
6736,336,3510,2243,0.12008150666952133,0,1
6737,336,3510,803,0.09237147122621536,0,1
6738,336,3510,2688,0.4442950189113617,0,1
6739,336,3510,122,0.39286884665489197,0,1
6740,337,1891,1891,0.8756322860717773,1,1
6741,337,1891,2359,0.2137168049812317,0,1
6742,337,1891,3995,0.8652564883232117,0,1
6743,337,1891,3058,0.47657856345176697,0,1
6744,337,1891,2306,0.8006283044815063,0,1
6745,337,1891,1675,0.4689808487892151,0,1
6746,337,1891,1808,0.20525793731212616,0,1
6747,337,1891,959,0.8668867945671082,0,1
6748,337,1891,2915,0.8152856826782227,0,1
6749,337,1891,2156,0.6907538771629333,0,1
6750,337,1891,3688,0.7431932687759399,0,1
6751,337,1891,448,0.41120511293411255,0,1
6752,337,1891,4028,0.5319385528564453,0,1
6753,337,1891,3462,0.7856070399284363,0,1
6754,337,1891,960,0.43413782119750977,0,1
6755,337,1891,2806,0.2895258665084839,0,1
6756,337,1891,2838,0.44919976592063904,0,1
6757,337,1891,3034,0.04597039148211479,0,1
6758,337,1891,3396,0.6866772174835205,0,1
6759,337,1891,4150,0.3085026443004608,0,1
6760,338,2336,2336,0.5267374515533447,1,3
6761,338,2336,579,0.28004226088523865,0,3
6762,338,2336,3828,0.18725793063640594,0,3
6763,338,2336,1566,0.655651867389679,0,3
6764,338,2336,2880,0.46450647711753845,0,3
6765,338,2336,2417,0.11139234155416489,0,3
6766,338,2336,1020,0.2231084406375885,0,3
6767,338,2336,2,0.16324090957641602,0,3
6768,338,2336,85,0.36423054337501526,0,3
6769,338,2336,655,0.45194995403289795,0,3
6770,338,2336,3258,0.4189283549785614,0,3
6771,338,2336,3927,0.2655927240848541,0,3
6772,338,2336,3851,0.43692395091056824,0,3
6773,338,2336,2328,0.1462518721818924,0,3
6774,338,2336,467,0.4097965359687805,0,3
6775,338,2336,1582,0.552487313747406,0,3
6776,338,2336,3437,0.38728004693984985,0,3
6777,338,2336,2979,0.16778302192687988,0,3
6778,338,2336,3195,0.24575364589691162,0,3
6779,338,2336,2860,0.35943180322647095,0,3
6780,339,2674,2674,0.701371431350708,1,2
6781,339,2674,3001,0.8076958656311035,0,2
6782,339,2674,3698,0.4805676341056824,0,2
6783,339,2674,793,0.06653518229722977,0,2
6784,339,2674,840,0.29293912649154663,0,2
6785,339,2674,3867,0.4073564410209656,0,2
6786,339,2674,775,0.4725503623485565,0,2
6787,339,2674,2416,0.0045651537366211414,0,2
6788,339,2674,2934,0.5541580319404602,0,2
6789,339,2674,2984,0.13606378436088562,0,2
6790,339,2674,3333,0.6382921934127808,0,2
6791,339,2674,3717,0.04750969633460045,0,2
6792,339,2674,3624,0.3642887771129608,0,2
6793,339,2674,3958,0.3809560537338257,0,2
6794,339,2674,95,0.325228214263916,0,2
6795,339,2674,790,0.42449960112571716,0,2
6796,339,2674,1919,0.3320246934890747,0,2
6797,339,2674,177,0.5188398957252502,0,2
6798,339,2674,1920,0.39525890350341797,0,2
6799,339,2674,243,0.4232608675956726,0,2
6800,340,307,307,0.6732445359230042,1,1
6801,340,307,447,0.2313239574432373,0,1
6802,340,307,3742,0.1346587836742401,0,1
6803,340,307,1628,0.2025611698627472,0,1
6804,340,307,1886,0.023668019101023674,0,1
6805,340,307,1545,0.00048470814363099635,0,1
6806,340,307,420,0.23113206028938293,0,1
6807,340,307,2676,0.14697369933128357,0,1
6808,340,307,2467,0.0020580629352480173,0,1
6809,340,307,1995,0.39141348004341125,0,1
6810,340,307,896,0.19603697955608368,0,1
6811,340,307,3408,0.0003731236211024225,0,1
6812,340,307,3395,0.007906289771199226,0,1
6813,340,307,4017,0.03282305970788002,0,1
6814,340,307,3374,0.05198725312948227,0,1
6815,340,307,2304,0.23154199123382568,0,1
6816,340,307,3114,0.011266163550317287,0,1
6817,340,307,2715,0.3792870044708252,0,1
6818,340,307,1814,0.26366013288497925,0,1
6819,340,307,1625,0.16584375500679016,0,1
6820,341,1172,1172,0.6136759519577026,1,1
6821,341,1172,3313,0.017131976783275604,0,1
6822,341,1172,2829,0.03869675472378731,0,1
6823,341,1172,1794,0.16325493156909943,0,1
6824,341,1172,2874,0.11607332527637482,0,1
6825,341,1172,982,0.39002686738967896,0,1
6826,341,1172,597,0.3061663508415222,0,1
6827,341,1172,3343,0.12313765287399292,0,1
6828,341,1172,283,0.2734420895576477,0,1
6829,341,1172,1282,0.07022623717784882,0,1
6830,341,1172,111,0.459881991147995,0,1
6831,341,1172,4026,0.18572953343391418,0,1
6832,341,1172,2945,0.0697999820113182,0,1
6833,341,1172,2349,0.0912582203745842,0,1
6834,341,1172,835,0.2687710225582123,0,1
6835,341,1172,2353,0.1286320984363556,0,1
6836,341,1172,1711,0.35083329677581787,0,1
6837,341,1172,1819,0.28131166100502014,0,1
6838,341,1172,388,0.2871275246143341,0,1
6839,341,1172,1008,0.13757993280887604,0,1
6840,342,408,408,0.594754695892334,1,1
6841,342,408,945,0.06823951005935669,0,1
6842,342,408,486,0.18498297035694122,0,1
6843,342,408,2533,0.06857132166624069,0,1
6844,342,408,737,0.24391290545463562,0,1
6845,342,408,3823,0.30572202801704407,0,1
6846,342,408,3312,0.0499841682612896,0,1
6847,342,408,3241,0.27402904629707336,0,1
6848,342,408,2779,0.21153047680854797,0,1
6849,342,408,3152,0.12065237015485764,0,1
6850,342,408,3149,0.21193692088127136,0,1
6851,342,408,3751,0.23954962193965912,0,1
6852,342,408,2883,0.034593015909194946,0,1
6853,342,408,872,0.4000004529953003,0,1
6854,342,408,4177,0.06722254306077957,0,1
6855,342,408,550,0.18916857242584229,0,1
6856,342,408,493,0.17916928231716156,0,1
6857,342,408,3053,0.3257299065589905,0,1
6858,342,408,1932,0.352105975151062,0,1
6859,342,408,2021,0.18573445081710815,0,1
6860,343,1947,1947,0.723068356513977,1,2
6861,343,1947,1655,0.3820725977420807,0,2
6862,343,1947,706,0.04726351797580719,0,2
6863,343,1947,3347,0.25147706270217896,0,2
6864,343,1947,1950,0.08038640022277832,0,2
6865,343,1947,2552,0.29255667328834534,0,2
6866,343,1947,2629,0.10963277518749237,0,2
6867,343,1947,132,0.8348272442817688,0,2
6868,343,1947,176,0.36003684997558594,0,2
6869,343,1947,2363,0.04975191876292229,0,2
6870,343,1947,3679,0.5334603190422058,0,2
6871,343,1947,69,0.11196483671665192,0,2
6872,343,1947,4006,0.42733094096183777,0,2
6873,343,1947,2833,0.5819671154022217,0,2
6874,343,1947,3390,0.2047216147184372,0,2
6875,343,1947,2377,0.45525822043418884,0,2
6876,343,1947,9,0.23831039667129517,0,2
6877,343,1947,239,0.08419064432382584,0,2
6878,343,1947,3107,0.03783693164587021,0,2
6879,343,1947,2901,0.4488760530948639,0,2
6880,344,842,842,0.5735829472541809,1,2
6881,344,842,3505,0.54610276222229,0,2
6882,344,842,1229,0.40633857250213623,0,2
6883,344,842,1429,0.4519892632961273,0,2
6884,344,842,2790,0.10348807275295258,0,2
6885,344,842,3285,0.46799665689468384,0,2
6886,344,842,2264,0.9019525647163391,0,2
6887,344,842,2506,0.21373356878757477,0,2
6888,344,842,3003,0.12046725302934647,0,2
6889,344,842,3926,0.014102901332080364,0,2
6890,344,842,2847,0.0767986997961998,0,2
6891,344,842,1266,0.05445567145943642,0,2
6892,344,842,1067,0.06137700378894806,0,2
6893,344,842,588,0.5059138536453247,0,2
6894,344,842,3506,0.07805398851633072,0,2
6895,344,842,1107,0.23324286937713623,0,2
6896,344,842,963,0.3645077347755432,0,2
6897,344,842,619,0.14247538149356842,0,2
6898,344,842,2102,0.26097965240478516,0,2
6899,344,842,3861,0.18982930481433868,0,2
6900,345,216,216,0.6623328328132629,1,1
6901,345,216,2812,0.13733044266700745,0,1
6902,345,216,1686,0.40430012345314026,0,1
6903,345,216,1901,0.2051648646593094,0,1
6904,345,216,3925,0.4520595073699951,0,1
6905,345,216,3911,0.5027573108673096,0,1
6906,345,216,2790,0.4572544991970062,0,1
6907,345,216,2645,0.24398083984851837,0,1
6908,345,216,674,0.3913193941116333,0,1
6909,345,216,2680,0.48858922719955444,0,1
6910,345,216,2909,0.06257596611976624,0,1
6911,345,216,1074,0.3715924024581909,0,1
6912,345,216,700,0.17137634754180908,0,1
6913,345,216,3672,0.514402449131012,0,1
6914,345,216,86,0.19711436331272125,0,1
6915,345,216,141,0.5316018462181091,0,1
6916,345,216,1073,0.6590894460678101,0,1
6917,345,216,804,0.5038965344429016,0,1
6918,345,216,2614,0.08369160443544388,0,1
6919,345,216,2007,0.5126951932907104,0,1
6920,346,3071,3071,0.810693085193634,1,1
6921,346,3071,2310,0.03697323426604271,0,1
6922,346,3071,2596,0.6232642531394958,0,1
6923,346,3071,3323,0.3084653913974762,0,1
6924,346,3071,980,0.6224876642227173,0,1
6925,346,3071,4049,0.46995529532432556,0,1
6926,346,3071,3365,0.40019381046295166,0,1
6927,346,3071,3042,0.16644823551177979,0,1
6928,346,3071,3282,0.5799568891525269,0,1
6929,346,3071,885,0.35363027453422546,0,1
6930,346,3071,1210,0.49616557359695435,0,1
6931,346,3071,2196,0.29240530729293823,0,1
6932,346,3071,1960,0.6290224194526672,0,1
6933,346,3071,638,0.14983715116977692,0,1
6934,346,3071,2317,0.5510154366493225,0,1
6935,346,3071,225,0.4317379891872406,0,1
6936,346,3071,656,0.7522442936897278,0,1
6937,346,3071,1905,0.158418208360672,0,1
6938,346,3071,84,0.4668901562690735,0,1
6939,346,3071,1810,0.1272394359111786,0,1
6940,347,3014,3014,0.5570182800292969,1,3
6941,347,3014,715,0.3303811848163605,0,3
6942,347,3014,3529,0.2777702808380127,0,3
6943,347,3014,2167,0.27831438183784485,0,3
6944,347,3014,1635,0.32936522364616394,0,3
6945,347,3014,3913,0.06389760226011276,0,3
6946,347,3014,599,0.16298437118530273,0,3
6947,347,3014,38,0.1795848309993744,0,3
6948,347,3014,1666,0.4604588449001312,0,3
6949,347,3014,3140,0.47064119577407837,0,3
6950,347,3014,2240,0.5341647267341614,0,3
6951,347,3014,787,0.16384533047676086,0,3
6952,347,3014,3810,0.15132620930671692,0,3
6953,347,3014,3132,0.7368055582046509,0,3
6954,347,3014,772,0.7102739810943604,0,3
6955,347,3014,159,0.48454686999320984,0,3
6956,347,3014,2928,0.16830255091190338,0,3
6957,347,3014,638,0.28684213757514954,0,3
6958,347,3014,2864,0.28129687905311584,0,3
6959,347,3014,4085,0.3930904269218445,0,3
6960,348,2692,2692,0.666336715221405,1,1
6961,348,2692,612,0.3860500156879425,0,1
6962,348,2692,904,0.1914295107126236,0,1
6963,348,2692,1091,0.07538652420043945,0,1
6964,348,2692,554,0.12341604381799698,0,1
6965,348,2692,726,0.22194743156433105,0,1
6966,348,2692,1494,0.2148260474205017,0,1
6967,348,2692,2581,0.039033856242895126,0,1
6968,348,2692,4006,0.2631535828113556,0,1
6969,348,2692,1663,0.1466391235589981,0,1
6970,348,2692,120,0.01617465913295746,0,1
6971,348,2692,392,0.11056318879127502,0,1
6972,348,2692,3187,0.013050979934632778,0,1
6973,348,2692,2476,0.2508056163787842,0,1
6974,348,2692,1047,0.04284362867474556,0,1
6975,348,2692,1011,0.07420434057712555,0,1
6976,348,2692,3606,0.14795464277267456,0,1
6977,348,2692,983,0.14071698486804962,0,1
6978,348,2692,2853,0.046189188957214355,0,1
6979,348,2692,3803,0.3085107207298279,0,1
6980,349,321,321,0.6183388233184814,1,4
6981,349,321,4079,0.5767106413841248,0,4
6982,349,321,140,0.26617544889450073,0,4
6983,349,321,601,0.2656530439853668,0,4
6984,349,321,1161,0.1448265016078949,0,4
6985,349,321,482,0.11944536864757538,0,4
6986,349,321,3968,0.22649499773979187,0,4
6987,349,321,2511,0.36269280314445496,0,4
6988,349,321,3844,0.042650897055864334,0,4
6989,349,321,3218,0.11089101433753967,0,4
6990,349,321,4117,0.48329392075538635,0,4
6991,349,321,2353,0.7969673275947571,0,4
6992,349,321,3344,0.6468672156333923,0,4
6993,349,321,3197,0.50725919008255,0,4
6994,349,321,2301,0.19324512779712677,0,4
6995,349,321,383,0.5314063429832458,0,4
6996,349,321,764,0.5070948004722595,0,4
6997,349,321,3576,0.48345598578453064,0,4
6998,349,321,2947,0.7078368663787842,0,4
6999,349,321,2797,0.42635804414749146,0,4
7000,350,3242,3242,0.5957208871841431,1,1
7001,350,3242,118,0.14127834141254425,0,1
7002,350,3242,4125,0.23396652936935425,0,1
7003,350,3242,3968,0.0551922470331192,0,1
7004,350,3242,3774,0.20759573578834534,0,1
7005,350,3242,2874,0.39267611503601074,0,1
7006,350,3242,352,0.353310763835907,0,1
7007,350,3242,2957,0.4163855314254761,0,1
7008,350,3242,3928,0.028479326516389847,0,1
7009,350,3242,1190,0.06698682904243469,0,1
7010,350,3242,1184,0.04660796374082565,0,1
7011,350,3242,2349,0.15097977221012115,0,1
7012,350,3242,1399,0.3579743206501007,0,1
7013,350,3242,3347,0.13520431518554688,0,1
7014,350,3242,2157,0.10047996044158936,0,1
7015,350,3242,1231,0.059527285397052765,0,1
7016,350,3242,4077,0.4424247145652771,0,1
7017,350,3242,930,0.038865599781274796,0,1
7018,350,3242,878,0.09456124156713486,0,1
7019,350,3242,3260,0.040387995541095734,0,1
7020,351,2212,2212,0.9360994100570679,1,1
7021,351,2212,3591,0.059720560908317566,0,1
7022,351,2212,737,0.05301468074321747,0,1
7023,351,2212,2203,0.0034559532068669796,0,1
7024,351,2212,285,0.25349754095077515,0,1
7025,351,2212,1787,0.0010074860183522105,0,1
7026,351,2212,3886,0.12446495145559311,0,1
7027,351,2212,820,0.35344576835632324,0,1
7028,351,2212,3462,0.028583189472556114,0,1
7029,351,2212,3592,0.10055352002382278,0,1
7030,351,2212,417,0.05857670679688454,0,1
7031,351,2212,1130,0.02576783485710621,0,1
7032,351,2212,2088,0.6607034206390381,0,1
7033,351,2212,805,0.008911371231079102,0,1
7034,351,2212,8,0.2271452397108078,0,1
7035,351,2212,455,0.13278041779994965,0,1
7036,351,2212,682,0.012196672149002552,0,1
7037,351,2212,4020,0.22287756204605103,0,1
7038,351,2212,1386,0.07610494643449783,0,1
7039,351,2212,940,0.16331139206886292,0,1
7040,352,3879,3879,0.9405272006988525,1,1
7041,352,3879,2936,0.3563769459724426,0,1
7042,352,3879,4074,0.4708535373210907,0,1
7043,352,3879,478,0.9155142307281494,0,1
7044,352,3879,4057,0.5689428448677063,0,1
7045,352,3879,4165,0.002145069418475032,0,1
7046,352,3879,4048,0.370290607213974,0,1
7047,352,3879,4173,0.4390103816986084,0,1
7048,352,3879,1051,0.24587079882621765,0,1
7049,352,3879,105,0.2520061433315277,0,1
7050,352,3879,2423,0.12729749083518982,0,1
7051,352,3879,1637,0.3104993402957916,0,1
7052,352,3879,1951,0.0036617035511881113,0,1
7053,352,3879,861,0.4472396671772003,0,1
7054,352,3879,3193,0.4431631565093994,0,1
7055,352,3879,1283,0.10139808803796768,0,1
7056,352,3879,1751,0.15279993414878845,0,1
7057,352,3879,508,0.29169395565986633,0,1
7058,352,3879,2033,0.02378721535205841,0,1
7059,352,3879,692,0.005641563329845667,0,1
7060,353,1527,1527,0.9989942908287048,1,1
7061,353,1527,3207,4.559892840916291e-05,0,1
7062,353,1527,351,2.834476799762342e-05,0,1
7063,353,1527,3342,0.00024192515411414206,0,1
7064,353,1527,1584,0.024003399536013603,0,1
7065,353,1527,386,4.3168424213035905e-07,0,1
7066,353,1527,2026,8.382277883356437e-06,0,1
7067,353,1527,3704,1.2806964150513522e-05,0,1
7068,353,1527,1641,0.016453322023153305,0,1
7069,353,1527,3601,1.4695878235215787e-05,0,1
7070,353,1527,1665,0.002619100734591484,0,1
7071,353,1527,3593,1.872608481789939e-05,0,1
7072,353,1527,3056,0.052555665373802185,0,1
7073,353,1527,3855,0.023710422217845917,0,1
7074,353,1527,2122,0.1644352227449417,0,1
7075,353,1527,1050,7.48854290577583e-06,0,1
7076,353,1527,4095,3.09128631670319e-06,0,1
7077,353,1527,4091,3.992840356659144e-05,0,1
7078,353,1527,3084,1.3622508049593307e-05,0,1
7079,353,1527,1052,0.0003000122378580272,0,1
7080,354,841,841,0.6348727345466614,1,1
7081,354,841,475,0.26829108595848083,0,1
7082,354,841,1254,0.48729413747787476,0,1
7083,354,841,3784,0.16797949373722076,0,1
7084,354,841,3058,0.29998424649238586,0,1
7085,354,841,1579,0.4221723675727844,0,1
7086,354,841,2738,0.1366489827632904,0,1
7087,354,841,2499,0.032838303595781326,0,1
7088,354,841,554,0.01581725664436817,0,1
7089,354,841,2529,0.14649978280067444,0,1
7090,354,841,1033,0.11550557613372803,0,1
7091,354,841,2220,0.009114144369959831,0,1
7092,354,841,2060,0.06605225056409836,0,1
7093,354,841,1266,0.022058958187699318,0,1
7094,354,841,1405,0.06121396645903587,0,1
7095,354,841,4064,0.31403669714927673,0,1
7096,354,841,1863,0.1733212023973465,0,1
7097,354,841,3326,0.28660041093826294,0,1
7098,354,841,1871,0.07598255574703217,0,1
7099,354,841,1366,0.044675201177597046,0,1
7100,355,3642,3642,0.6204956769943237,1,3
7101,355,3642,3828,0.40268978476524353,0,3
7102,355,3642,1747,0.7052350640296936,0,3
7103,355,3642,3514,0.24303388595581055,0,3
7104,355,3642,1006,0.43248218297958374,0,3
7105,355,3642,826,0.7035220265388489,0,3
7106,355,3642,1975,0.46948012709617615,0,3
7107,355,3642,1750,0.4997267425060272,0,3
7108,355,3642,686,0.28670454025268555,0,3
7109,355,3642,4060,0.29825571179389954,0,3
7110,355,3642,1821,0.4977189004421234,0,3
7111,355,3642,447,0.5705822110176086,0,3
7112,355,3642,3862,0.33577096462249756,0,3
7113,355,3642,2679,0.5330252051353455,0,3
7114,355,3642,3838,0.5481886863708496,0,3
7115,355,3642,2892,0.4166022837162018,0,3
7116,355,3642,2386,0.19392989575862885,0,3
7117,355,3642,146,0.5476335287094116,0,3
7118,355,3642,340,0.23752786219120026,0,3
7119,355,3642,3070,0.6041600108146667,0,3
7120,356,469,469,0.6951133012771606,1,3
7121,356,469,1544,0.3571509122848511,0,3
7122,356,469,4175,0.7717831134796143,0,3
7123,356,469,3972,0.3365411162376404,0,3
7124,356,469,2125,0.44158676266670227,0,3
7125,356,469,537,0.46322008967399597,0,3
7126,356,469,3244,0.45310673117637634,0,3
7127,356,469,464,0.8594802618026733,0,3
7128,356,469,2096,0.12658870220184326,0,3
7129,356,469,880,0.16601045429706573,0,3
7130,356,469,1048,0.06465103477239609,0,3
7131,356,469,1169,0.43642932176589966,0,3
7132,356,469,1533,0.37032580375671387,0,3
7133,356,469,1615,0.4834288954734802,0,3
7134,356,469,815,0.11629466712474823,0,3
7135,356,469,2467,0.359768271446228,0,3
7136,356,469,3887,0.08726268261671066,0,3
7137,356,469,2958,0.14354416728019714,0,3
7138,356,469,97,0.15799954533576965,0,3
7139,356,469,139,0.13590334355831146,0,3
7140,357,752,752,0.9608848094940186,1,1
7141,357,752,3826,0.07002631574869156,0,1
7142,357,752,274,0.25703707337379456,0,1
7143,357,752,2396,0.0026228411588817835,0,1
7144,357,752,4127,0.02212376333773136,0,1
7145,357,752,2525,0.005821372848004103,0,1
7146,357,752,3960,0.006793855689466,0,1
7147,357,752,2050,0.45912447571754456,0,1
7148,357,752,2730,0.012758370488882065,0,1
7149,357,752,2916,0.05228709056973457,0,1
7150,357,752,2132,0.0029070416931062937,0,1
7151,357,752,1935,0.0036212035920470953,0,1
7152,357,752,3578,0.038344044238328934,0,1
7153,357,752,295,0.11359094828367233,0,1
7154,357,752,2133,0.0054483418352901936,0,1
7155,357,752,1850,0.21007703244686127,0,1
7156,357,752,2734,0.014247243292629719,0,1
7157,357,752,2231,0.08319588750600815,0,1
7158,357,752,1979,0.024915218353271484,0,1
7159,357,752,4034,0.0001539808581583202,0,1
7160,358,2159,2159,0.8946720361709595,1,1
7161,358,2159,836,0.17959733307361603,0,1
7162,358,2159,2317,0.13864541053771973,0,1
7163,358,2159,3120,0.18500742316246033,0,1
7164,358,2159,2172,0.005090024322271347,0,1
7165,358,2159,3912,5.601398879662156e-05,0,1
7166,358,2159,2071,0.016887467354536057,0,1
7167,358,2159,1209,0.0017984965816140175,0,1
7168,358,2159,2676,0.07451611757278442,0,1
7169,358,2159,370,0.14428317546844482,0,1
7170,358,2159,1837,0.0009587452514097095,0,1
7171,358,2159,3763,0.0033703534863889217,0,1
7172,358,2159,89,0.00026066938880831003,0,1
7173,358,2159,3707,0.0007529294234700501,0,1
7174,358,2159,2646,0.0043526445515453815,0,1
7175,358,2159,862,0.14468641579151154,0,1
7176,358,2159,1489,0.49714788794517517,0,1
7177,358,2159,2938,0.004710931330919266,0,1
7178,358,2159,1487,0.27402958273887634,0,1
7179,358,2159,2566,0.00011286290100542828,0,1
7180,359,653,653,0.7298370003700256,1,1
7181,359,653,1066,0.006930057890713215,0,1
7182,359,653,2274,0.2121361792087555,0,1
7183,359,653,3053,0.002352355280891061,0,1
7184,359,653,3240,0.06906752288341522,0,1
7185,359,653,1748,0.25375398993492126,0,1
7186,359,653,3724,0.06646692007780075,0,1
7187,359,653,3252,0.2509715259075165,0,1
7188,359,653,2104,0.019488567486405373,0,1
7189,359,653,2815,0.00901889055967331,0,1
7190,359,653,3990,0.21340276300907135,0,1
7191,359,653,4026,0.023161333054304123,0,1
7192,359,653,968,0.15392649173736572,0,1
7193,359,653,1221,0.0747571811079979,0,1
7194,359,653,3958,0.09183628857135773,0,1
7195,359,653,3582,0.03810665383934975,0,1
7196,359,653,3186,0.08117233216762543,0,1
7197,359,653,2496,0.3056398630142212,0,1
7198,359,653,518,0.0027211857959628105,0,1
7199,359,653,802,0.1269913613796234,0,1
7200,360,3497,3497,0.8291383385658264,1,1
7201,360,3497,862,0.021811317652463913,0,1
7202,360,3497,1452,0.0822693333029747,0,1
7203,360,3497,1415,0.24382777512073517,0,1
7204,360,3497,2995,0.7283240556716919,0,1
7205,360,3497,2796,0.28120946884155273,0,1
7206,360,3497,2110,0.04605770483613014,0,1
7207,360,3497,1626,0.6714313626289368,0,1
7208,360,3497,1294,0.7883031964302063,0,1
7209,360,3497,2099,0.0089956596493721,0,1
7210,360,3497,956,0.302377849817276,0,1
7211,360,3497,2643,0.20551364123821259,0,1
7212,360,3497,2846,0.15504935383796692,0,1
7213,360,3497,2053,0.145106241106987,0,1
7214,360,3497,3097,0.12636783719062805,0,1
7215,360,3497,377,0.33893710374832153,0,1
7216,360,3497,765,0.5055264234542847,0,1
7217,360,3497,2754,0.06685275584459305,0,1
7218,360,3497,2840,0.4998789131641388,0,1
7219,360,3497,3323,0.44144973158836365,0,1
7220,361,1573,1573,0.7247433066368103,1,1
7221,361,1573,2976,0.03140047937631607,0,1
7222,361,1573,1028,0.274034321308136,0,1
7223,361,1573,1854,0.5376036763191223,0,1
7224,361,1573,2251,0.08014129847288132,0,1
7225,361,1573,2238,0.3237067461013794,0,1
7226,361,1573,2892,0.2743411660194397,0,1
7227,361,1573,3916,0.571965754032135,0,1
7228,361,1573,2348,0.09835711121559143,0,1
7229,361,1573,274,0.3750634789466858,0,1
7230,361,1573,218,0.15739932656288147,0,1
7231,361,1573,63,0.14775505661964417,0,1
7232,361,1573,1708,0.0923592746257782,0,1
7233,361,1573,818,0.49144718050956726,0,1
7234,361,1573,766,0.14740879833698273,0,1
7235,361,1573,1974,0.2685565650463104,0,1
7236,361,1573,726,0.32806316018104553,0,1
7237,361,1573,1528,0.14701730012893677,0,1
7238,361,1573,2146,0.03357269614934921,0,1
7239,361,1573,1880,0.10919786244630814,0,1
7240,362,995,995,0.6254971027374268,1,1
7241,362,995,3651,0.3288869559764862,0,1
7242,362,995,1433,0.0002785985416267067,0,1
7243,362,995,1341,0.241359680891037,0,1
7244,362,995,1974,0.30305272340774536,0,1
7245,362,995,1754,0.02696220949292183,0,1
7246,362,995,2315,0.2982698976993561,0,1
7247,362,995,1237,0.05618155375123024,0,1
7248,362,995,824,0.37882956862449646,0,1
7249,362,995,3483,0.04857069253921509,0,1
7250,362,995,3157,0.3738997280597687,0,1
7251,362,995,721,0.06615103781223297,0,1
7252,362,995,1903,0.39642855525016785,0,1
7253,362,995,2392,0.10852666199207306,0,1
7254,362,995,1673,0.183993399143219,0,1
7255,362,995,2091,0.26556864380836487,0,1
7256,362,995,1786,0.11083846539258957,0,1
7257,362,995,3943,0.0047845495864748955,0,1
7258,362,995,1294,0.2372695803642273,0,1
7259,362,995,897,0.495243638753891,0,1
7260,363,1465,1465,0.9544021487236023,1,1
7261,363,1465,2868,0.000318652018904686,0,1
7262,363,1465,3434,3.74652081518434e-05,0,1
7263,363,1465,52,0.83681720495224,0,1
7264,363,1465,1773,0.23756897449493408,0,1
7265,363,1465,1714,0.04501284658908844,0,1
7266,363,1465,3647,0.0047439387999475,0,1
7267,363,1465,4100,0.018035199493169785,0,1
7268,363,1465,889,0.0007475519087165594,0,1
7269,363,1465,2469,5.9974736359436065e-05,0,1
7270,363,1465,2693,0.00027585052885115147,0,1
7271,363,1465,760,0.350910484790802,0,1
7272,363,1465,2960,0.10071878135204315,0,1
7273,363,1465,712,0.21353664994239807,0,1
7274,363,1465,1176,0.019035961478948593,0,1
7275,363,1465,3564,0.05009901523590088,0,1
7276,363,1465,1314,0.054911818355321884,0,1
7277,363,1465,3865,7.082894444465637e-05,0,1
7278,363,1465,1526,0.031909238547086716,0,1
7279,363,1465,394,0.10695242136716843,0,1
7280,364,2933,2933,0.6766048669815063,1,1
7281,364,2933,3972,0.04137315973639488,0,1
7282,364,2933,222,0.09816634654998779,0,1
7283,364,2933,2451,0.12437795102596283,0,1
7284,364,2933,3993,0.15645599365234375,0,1
7285,364,2933,1409,0.011311139911413193,0,1
7286,364,2933,1032,0.013506869785487652,0,1
7287,364,2933,4140,0.21609047055244446,0,1
7288,364,2933,605,0.13237176835536957,0,1
7289,364,2933,478,0.03399008885025978,0,1
7290,364,2933,864,0.06309019774198532,0,1
7291,364,2933,2401,0.23432554304599762,0,1
7292,364,2933,2036,0.4725089371204376,0,1
7293,364,2933,1808,0.026545163244009018,0,1
7294,364,2933,2615,0.1671910583972931,0,1
7295,364,2933,3870,0.21658116579055786,0,1
7296,364,2933,803,0.5887758731842041,0,1
7297,364,2933,1586,0.39896729588508606,0,1
7298,364,2933,714,0.2363763451576233,0,1
7299,364,2933,3314,0.04793478175997734,0,1
7300,365,1931,1931,0.6924024820327759,1,2
7301,365,1931,4071,0.28214406967163086,0,2
7302,365,1931,295,0.6129921674728394,0,2
7303,365,1931,2805,0.21034842729568481,0,2
7304,365,1931,928,0.6280888915061951,0,2
7305,365,1931,1465,0.6822022199630737,0,2
7306,365,1931,3979,0.31622013449668884,0,2
7307,365,1931,1677,0.33381861448287964,0,2
7308,365,1931,515,0.1046830415725708,0,2
7309,365,1931,92,0.6535802483558655,0,2
7310,365,1931,3635,0.31581977009773254,0,2
7311,365,1931,3602,0.65507972240448,0,2
7312,365,1931,2154,0.293173223733902,0,2
7313,365,1931,692,0.34149250388145447,0,2
7314,365,1931,1599,0.5079295635223389,0,2
7315,365,1931,789,0.9155096411705017,0,2
7316,365,1931,1006,0.5247610211372375,0,2
7317,365,1931,3705,0.32366806268692017,0,2
7318,365,1931,2338,0.6715186834335327,0,2
7319,365,1931,281,0.24443559348583221,0,2
7320,366,1399,1399,0.9852197170257568,1,1
7321,366,1399,991,0.021060649305582047,0,1
7322,366,1399,725,0.010466162115335464,0,1
7323,366,1399,1239,0.0015737188514322042,0,1
7324,366,1399,807,0.5989990830421448,0,1
7325,366,1399,1004,0.014691473916172981,0,1
7326,366,1399,2171,0.11306589096784592,0,1
7327,366,1399,1335,0.0014447226421907544,0,1
7328,366,1399,1513,3.1943862268235534e-05,0,1
7329,366,1399,130,0.3601282835006714,0,1
7330,366,1399,2540,0.00017765481607057154,0,1
7331,366,1399,3218,0.6029373407363892,0,1
7332,366,1399,3614,0.013074438087642193,0,1
7333,366,1399,1609,0.029750574380159378,0,1
7334,366,1399,2984,0.00595862278714776,0,1
7335,366,1399,696,0.08167855441570282,0,1
7336,366,1399,376,0.14672450721263885,0,1
7337,366,1399,3451,0.061383914202451706,0,1
7338,366,1399,2068,0.3986063301563263,0,1
7339,366,1399,953,0.3377862274646759,0,1
7340,367,3989,3989,0.8663164377212524,1,1
7341,367,3989,827,0.4115005433559418,0,1
7342,367,3989,3393,0.07082077860832214,0,1
7343,367,3989,112,0.3807899057865143,0,1
7344,367,3989,2979,0.08126315474510193,0,1
7345,367,3989,2698,0.4358348846435547,0,1
7346,367,3989,154,0.658923327922821,0,1
7347,367,3989,3917,0.24543434381484985,0,1
7348,367,3989,1168,0.4620366394519806,0,1
7349,367,3989,1335,0.41221994161605835,0,1
7350,367,3989,2126,0.39408567547798157,0,1
7351,367,3989,2420,0.12161167711019516,0,1
7352,367,3989,3912,0.7361937165260315,0,1
7353,367,3989,3268,0.4757644236087799,0,1
7354,367,3989,3820,0.044448379427194595,0,1
7355,367,3989,1711,0.6720594167709351,0,1
7356,367,3989,633,0.01528589241206646,0,1
7357,367,3989,793,0.06157389655709267,0,1
7358,367,3989,1944,0.44487860798835754,0,1
7359,367,3989,1328,0.5213640332221985,0,1
7360,368,593,593,0.5476301312446594,1,4
7361,368,593,2693,0.21066737174987793,0,4
7362,368,593,2211,0.4879724681377411,0,4
7363,368,593,1705,0.4804055392742157,0,4
7364,368,593,1274,0.34019801020622253,0,4
7365,368,593,347,0.49439293146133423,0,4
7366,368,593,1081,0.5168030261993408,0,4
7367,368,593,2671,0.49679017066955566,0,4
7368,368,593,2449,0.2388654351234436,0,4
7369,368,593,3649,0.5761163234710693,0,4
7370,368,593,3725,0.4966309368610382,0,4
7371,368,593,2302,0.6288283467292786,0,4
7372,368,593,99,0.5001259446144104,0,4
7373,368,593,1575,0.4398534893989563,0,4
7374,368,593,1372,0.2889634966850281,0,4
7375,368,593,1701,0.4550469219684601,0,4
7376,368,593,3904,0.38143041729927063,0,4
7377,368,593,1856,0.21598520874977112,0,4
7378,368,593,1621,0.6982114315032959,0,4
7379,368,593,1252,0.07371906191110611,0,4
7380,369,91,91,0.5450971722602844,1,12
7381,369,91,1227,0.4686242341995239,0,12
7382,369,91,845,0.6603548526763916,0,12
7383,369,91,3120,0.5386724472045898,0,12
7384,369,91,1213,0.5821778774261475,0,12
7385,369,91,1955,0.5621288418769836,0,12
7386,369,91,1533,0.30222684144973755,0,12
7387,369,91,1780,0.545681893825531,0,12
7388,369,91,530,0.5847087502479553,0,12
7389,369,91,1065,0.628791332244873,0,12
7390,369,91,3021,0.5240653157234192,0,12
7391,369,91,3823,0.5491682887077332,0,12
7392,369,91,4107,0.5669951438903809,0,12
7393,369,91,1866,0.49041131138801575,0,12
7394,369,91,431,0.6507827043533325,0,12
7395,369,91,2658,0.5032223463058472,0,12
7396,369,91,2081,0.46062755584716797,0,12
7397,369,91,1195,0.48649081587791443,0,12
7398,369,91,1412,0.5847163200378418,0,12
7399,369,91,2203,0.5921145677566528,0,12
7400,370,1987,1987,0.5358277559280396,1,3
7401,370,1987,267,0.23402529954910278,0,3
7402,370,1987,2963,0.3958457410335541,0,3
7403,370,1987,2512,0.1927647739648819,0,3
7404,370,1987,2235,0.32100147008895874,0,3
7405,370,1987,1976,0.4776075780391693,0,3
7406,370,1987,2868,0.20542944967746735,0,3
7407,370,1987,1925,0.7058811783790588,0,3
7408,370,1987,1708,0.3199003338813782,0,3
7409,370,1987,3312,0.21273022890090942,0,3
7410,370,1987,943,0.5663037896156311,0,3
7411,370,1987,189,0.39002862572669983,0,3
7412,370,1987,3925,0.2849542796611786,0,3
7413,370,1987,382,0.278037965297699,0,3
7414,370,1987,2892,0.46989190578460693,0,3
7415,370,1987,3361,0.48004788160324097,0,3
7416,370,1987,3855,0.3407400846481323,0,3
7417,370,1987,2906,0.5085247159004211,0,3
7418,370,1987,2989,0.1454622894525528,0,3
7419,370,1987,1307,0.41518914699554443,0,3
7420,371,1216,1216,0.7019906044006348,1,1
7421,371,1216,649,0.21433484554290771,0,1
7422,371,1216,2573,0.2738285958766937,0,1
7423,371,1216,10,0.44551825523376465,0,1
7424,371,1216,3886,0.01639086753129959,0,1
7425,371,1216,1301,0.26051387190818787,0,1
7426,371,1216,1314,0.19757391512393951,0,1
7427,371,1216,4047,0.28148913383483887,0,1
7428,371,1216,2230,0.2663889527320862,0,1
7429,371,1216,3121,0.06241505965590477,0,1
7430,371,1216,1873,0.1953437477350235,0,1
7431,371,1216,4114,0.13018301129341125,0,1
7432,371,1216,2918,0.022857872769236565,0,1
7433,371,1216,3324,0.08213405311107635,0,1
7434,371,1216,273,0.24726586043834686,0,1
7435,371,1216,184,0.4473949074745178,0,1
7436,371,1216,1241,0.2859010398387909,0,1
7437,371,1216,54,0.24249163269996643,0,1
7438,371,1216,1436,0.025586212053894997,0,1
7439,371,1216,588,0.1255435049533844,0,1
7440,372,2562,2562,0.7059169411659241,1,1
7441,372,2562,2952,0.43384668231010437,0,1
7442,372,2562,1422,0.3837467432022095,0,1
7443,372,2562,913,0.49541157484054565,0,1
7444,372,2562,2763,0.04284399375319481,0,1
7445,372,2562,684,0.43534284830093384,0,1
7446,372,2562,1587,0.11297730356454849,0,1
7447,372,2562,1617,0.22308993339538574,0,1
7448,372,2562,1110,0.5772536396980286,0,1
7449,372,2562,2909,0.21512918174266815,0,1
7450,372,2562,867,0.08637085556983948,0,1
7451,372,2562,1741,0.48279380798339844,0,1
7452,372,2562,3093,0.15602365136146545,0,1
7453,372,2562,568,0.525676429271698,0,1
7454,372,2562,2413,0.3689231276512146,0,1
7455,372,2562,3546,0.36796754598617554,0,1
7456,372,2562,225,0.5078557133674622,0,1
7457,372,2562,2452,0.1398724764585495,0,1
7458,372,2562,2057,0.5344172716140747,0,1
7459,372,2562,1089,0.14172182977199554,0,1
7460,373,2861,2861,0.48306626081466675,1,1
7461,373,2861,612,0.04906683787703514,0,1
7462,373,2861,2046,0.39077481627464294,0,1
7463,373,2861,2210,0.12740671634674072,0,1
7464,373,2861,1843,0.28511831164360046,0,1
7465,373,2861,3865,0.017078697681427002,0,1
7466,373,2861,963,0.10224361717700958,0,1
7467,373,2861,2829,0.06073721498250961,0,1
7468,373,2861,2509,0.3918304145336151,0,1
7469,373,2861,3174,0.35118240118026733,0,1
7470,373,2861,1625,0.185156911611557,0,1
7471,373,2861,2364,0.20080170035362244,0,1
7472,373,2861,980,0.3121349513530731,0,1
7473,373,2861,3722,0.2272893488407135,0,1
7474,373,2861,1034,0.31095612049102783,0,1
7475,373,2861,3650,0.12151800841093063,0,1
7476,373,2861,3832,0.10027961432933807,0,1
7477,373,2861,3859,0.20859500765800476,0,1
7478,373,2861,2185,0.05059734731912613,0,1
7479,373,2861,2068,0.18699145317077637,0,1
7480,374,3209,3209,0.7324075102806091,1,2
7481,374,3209,1431,0.1144552230834961,0,2
7482,374,3209,1099,0.561377227306366,0,2
7483,374,3209,876,0.5320463180541992,0,2
7484,374,3209,1870,0.30379608273506165,0,2
7485,374,3209,2024,0.2670776844024658,0,2
7486,374,3209,929,0.466137170791626,0,2
7487,374,3209,2790,0.31097412109375,0,2
7488,374,3209,1297,0.08559299260377884,0,2
7489,374,3209,4061,0.2855731248855591,0,2
7490,374,3209,1258,0.03787587955594063,0,2
7491,374,3209,1444,0.4367194175720215,0,2
7492,374,3209,438,0.23216792941093445,0,2
7493,374,3209,2953,0.048833250999450684,0,2
7494,374,3209,1310,0.7554794549942017,0,2
7495,374,3209,783,0.36069515347480774,0,2
7496,374,3209,4023,0.6249291896820068,0,2
7497,374,3209,2637,0.45141321420669556,0,2
7498,374,3209,468,0.061531905084848404,0,2
7499,374,3209,760,0.3934650123119354,0,2
7500,375,1936,1936,0.7259500622749329,1,1
7501,375,1936,1941,0.5048700571060181,0,1
7502,375,1936,593,0.4648734927177429,0,1
7503,375,1936,2051,0.45741012692451477,0,1
7504,375,1936,2865,0.17257000505924225,0,1
7505,375,1936,3279,0.11435112357139587,0,1
7506,375,1936,1872,0.5800883173942566,0,1
7507,375,1936,1642,0.3650353252887726,0,1
7508,375,1936,1001,0.42919641733169556,0,1
7509,375,1936,3935,0.07342200726270676,0,1
7510,375,1936,1796,0.3501151502132416,0,1
7511,375,1936,405,0.2625551223754883,0,1
7512,375,1936,3042,0.7000426650047302,0,1
7513,375,1936,2943,0.16855859756469727,0,1
7514,375,1936,3586,0.08050192147493362,0,1
7515,375,1936,1722,0.5158616900444031,0,1
7516,375,1936,4141,0.524131715297699,0,1
7517,375,1936,3750,0.7152426838874817,0,1
7518,375,1936,74,0.5166993737220764,0,1
7519,375,1936,629,0.3187910318374634,0,1
7520,376,3977,3977,0.7418692708015442,1,2
7521,376,3977,3875,0.9936506152153015,0,2
7522,376,3977,195,0.009616579860448837,0,2
7523,376,3977,2658,0.2621934711933136,0,2
7524,376,3977,3269,0.06797808408737183,0,2
7525,376,3977,3258,0.3484935164451599,0,2
7526,376,3977,813,0.45814672112464905,0,2
7527,376,3977,1547,0.09099218994379044,0,2
7528,376,3977,2853,0.04834377020597458,0,2
7529,376,3977,1092,0.0356920063495636,0,2
7530,376,3977,1860,0.039258621633052826,0,2
7531,376,3977,3343,0.6997470259666443,0,2
7532,376,3977,3747,0.4529637098312378,0,2
7533,376,3977,2324,0.07650859653949738,0,2
7534,376,3977,3930,0.5273042321205139,0,2
7535,376,3977,4116,0.015990912914276123,0,2
7536,376,3977,932,0.11085233092308044,0,2
7537,376,3977,2615,0.5892316102981567,0,2
7538,376,3977,751,0.3536839783191681,0,2
7539,376,3977,3795,0.47013697028160095,0,2
7540,377,3709,3709,0.6971119046211243,1,2
7541,377,3709,2107,0.3079443573951721,0,2
7542,377,3709,1071,0.24455955624580383,0,2
7543,377,3709,1299,0.24377387762069702,0,2
7544,377,3709,3691,0.6668657064437866,0,2
7545,377,3709,1671,0.08739650249481201,0,2
7546,377,3709,3472,0.09072061628103256,0,2
7547,377,3709,3783,0.027573630213737488,0,2
7548,377,3709,3333,0.19137609004974365,0,2
7549,377,3709,3848,0.10738906264305115,0,2
7550,377,3709,2432,0.2997329831123352,0,2
7551,377,3709,308,0.4208691716194153,0,2
7552,377,3709,228,0.799319863319397,0,2
7553,377,3709,2106,0.4646042287349701,0,2
7554,377,3709,2992,0.375592440366745,0,2
7555,377,3709,1645,0.028969932347536087,0,2
7556,377,3709,1382,0.4156895577907562,0,2
7557,377,3709,3169,0.4731483459472656,0,2
7558,377,3709,3757,0.043704211711883545,0,2
7559,377,3709,1799,0.055915579199790955,0,2
7560,378,3488,3488,0.7634224891662598,1,1
7561,378,3488,399,0.1351802796125412,0,1
7562,378,3488,1896,0.08879505097866058,0,1
7563,378,3488,3747,0.496805876493454,0,1
7564,378,3488,3063,0.2877037525177002,0,1
7565,378,3488,3338,0.5703703761100769,0,1
7566,378,3488,3346,0.38797953724861145,0,1
7567,378,3488,3497,0.5555566549301147,0,1
7568,378,3488,2183,0.4430939257144928,0,1
7569,378,3488,3264,0.5838302373886108,0,1
7570,378,3488,489,0.07795283943414688,0,1
7571,378,3488,1752,0.07826082408428192,0,1
7572,378,3488,1694,0.4426814317703247,0,1
7573,378,3488,3017,0.1748742163181305,0,1
7574,378,3488,3432,0.46605077385902405,0,1
7575,378,3488,1476,0.398297518491745,0,1
7576,378,3488,1029,0.14330558478832245,0,1
7577,378,3488,5,0.36957409977912903,0,1
7578,378,3488,1921,0.019386807456612587,0,1
7579,378,3488,3565,0.22267313301563263,0,1
7580,379,1776,1776,0.5192139148712158,1,1
7581,379,1776,629,0.4770212769508362,0,1
7582,379,1776,2560,0.39210188388824463,0,1
7583,379,1776,3036,0.4815693199634552,0,1
7584,379,1776,3032,0.47283151745796204,0,1
7585,379,1776,1564,0.2774965465068817,0,1
7586,379,1776,853,0.32608193159103394,0,1
7587,379,1776,707,0.34863799810409546,0,1
7588,379,1776,2653,0.44191446900367737,0,1
7589,379,1776,2528,0.39131277799606323,0,1
7590,379,1776,3460,0.1133154034614563,0,1
7591,379,1776,445,0.3924919068813324,0,1
7592,379,1776,3214,0.3658730089664459,0,1
7593,379,1776,1047,0.3678949475288391,0,1
7594,379,1776,863,0.14078284800052643,0,1
7595,379,1776,2418,0.1520727276802063,0,1
7596,379,1776,153,0.4317181408405304,0,1
7597,379,1776,1968,0.3601379990577698,0,1
7598,379,1776,2619,0.45400121808052063,0,1
7599,379,1776,1212,0.366062194108963,0,1
7600,380,535,535,0.6740592122077942,1,4
7601,380,535,763,0.6504513025283813,0,4
7602,380,535,3897,0.5286203622817993,0,4
7603,380,535,2011,0.21165074408054352,0,4
7604,380,535,4080,0.009443530812859535,0,4
7605,380,535,959,0.009994321502745152,0,4
7606,380,535,1676,0.7486444115638733,0,4
7607,380,535,2519,0.016577545553445816,0,4
7608,380,535,1314,0.35104966163635254,0,4
7609,380,535,1067,0.06022448465228081,0,4
7610,380,535,2148,0.8145480155944824,0,4
7611,380,535,2862,0.113315649330616,0,4
7612,380,535,2353,0.009502995759248734,0,4
7613,380,535,2198,0.13621798157691956,0,4
7614,380,535,591,0.14901994168758392,0,4
7615,380,535,817,0.0709984302520752,0,4
7616,380,535,755,0.4707299470901489,0,4
7617,380,535,3011,0.01573980785906315,0,4
7618,380,535,303,0.46350643038749695,0,4
7619,380,535,1608,0.8665633797645569,0,4
7620,381,887,887,0.6645150184631348,1,1
7621,381,887,1681,0.22615903615951538,0,1
7622,381,887,672,0.43466779589653015,0,1
7623,381,887,741,0.4716980755329132,0,1
7624,381,887,3251,0.22024652361869812,0,1
7625,381,887,4086,0.5158565044403076,0,1
7626,381,887,124,0.3727739751338959,0,1
7627,381,887,156,0.6080716848373413,0,1
7628,381,887,2218,0.5225642919540405,0,1
7629,381,887,1815,0.6445136666297913,0,1
7630,381,887,3040,0.5948977470397949,0,1
7631,381,887,1816,0.02971372939646244,0,1
7632,381,887,2455,0.4442026615142822,0,1
7633,381,887,2922,0.28708478808403015,0,1
7634,381,887,3594,0.5340592861175537,0,1
7635,381,887,2379,0.4782523810863495,0,1
7636,381,887,1248,0.03196979686617851,0,1
7637,381,887,3216,0.23596113920211792,0,1
7638,381,887,1161,0.35836830735206604,0,1
7639,381,887,1929,0.4100952446460724,0,1
7640,382,2106,2106,0.6960055232048035,1,2
7641,382,2106,3352,0.3424343168735504,0,2
7642,382,2106,4130,0.6066035628318787,0,2
7643,382,2106,3900,0.05834411084651947,0,2
7644,382,2106,917,0.5300894379615784,0,2
7645,382,2106,832,0.10729346424341202,0,2
7646,382,2106,3508,0.340201199054718,0,2
7647,382,2106,4172,0.091952845454216,0,2
7648,382,2106,164,0.4794594943523407,0,2
7649,382,2106,3875,0.9274871945381165,0,2
7650,382,2106,3144,0.3616398572921753,0,2
7651,382,2106,3249,0.0327780544757843,0,2
7652,382,2106,635,0.36953598260879517,0,2
7653,382,2106,718,0.34401148557662964,0,2
7654,382,2106,376,0.1218561977148056,0,2
7655,382,2106,4031,0.4807591140270233,0,2
7656,382,2106,2893,0.07307939976453781,0,2
7657,382,2106,1355,0.5200422406196594,0,2
7658,382,2106,176,0.4001375734806061,0,2
7659,382,2106,2026,0.07514342665672302,0,2
7660,383,2169,2169,0.6723362803459167,1,3
7661,383,2169,3657,0.5166522860527039,0,3
7662,383,2169,3971,0.14236734807491302,0,3
7663,383,2169,3849,0.514336347579956,0,3
7664,383,2169,2228,0.47240951657295227,0,3
7665,383,2169,3023,0.45000195503234863,0,3
7666,383,2169,823,0.0484686940908432,0,3
7667,383,2169,2537,0.8498423099517822,0,3
7668,383,2169,3833,0.48217102885246277,0,3
7669,383,2169,2663,0.2923198342323303,0,3
7670,383,2169,59,0.4482629895210266,0,3
7671,383,2169,2677,0.7186989188194275,0,3
7672,383,2169,3549,0.5616840720176697,0,3
7673,383,2169,3233,0.5389822125434875,0,3
7674,383,2169,2751,0.4596017003059387,0,3
7675,383,2169,1464,0.2437610626220703,0,3
7676,383,2169,3889,0.14692865312099457,0,3
7677,383,2169,2519,0.26106002926826477,0,3
7678,383,2169,1381,0.22796671092510223,0,3
7679,383,2169,774,0.2715452313423157,0,3
7680,384,3867,3867,0.6351031064987183,1,1
7681,384,3867,3489,0.010062765330076218,0,1
7682,384,3867,2525,0.1354319453239441,0,1
7683,384,3867,1236,0.014715347439050674,0,1
7684,384,3867,2620,0.33873116970062256,0,1
7685,384,3867,1653,0.10499418526887894,0,1
7686,384,3867,3671,0.014263961464166641,0,1
7687,384,3867,978,0.04002103582024574,0,1
7688,384,3867,1848,0.6144800782203674,0,1
7689,384,3867,3919,0.19752654433250427,0,1
7690,384,3867,375,0.07492011040449142,0,1
7691,384,3867,128,0.2999473512172699,0,1
7692,384,3867,422,0.19122780859470367,0,1
7693,384,3867,3177,0.21060508489608765,0,1
7694,384,3867,3507,0.0856667309999466,0,1
7695,384,3867,3894,0.06682222336530685,0,1
7696,384,3867,574,0.00334746646694839,0,1
7697,384,3867,501,0.027264416217803955,0,1
7698,384,3867,3390,0.04125157743692398,0,1
7699,384,3867,2743,0.1701311320066452,0,1
7700,385,3493,3493,0.6224385499954224,1,2
7701,385,3493,1242,0.23859742283821106,0,2
7702,385,3493,218,0.16093894839286804,0,2
7703,385,3493,3942,0.13261936604976654,0,2
7704,385,3493,3601,0.14410382509231567,0,2
7705,385,3493,1028,0.2605731189250946,0,2
7706,385,3493,1342,0.32586631178855896,0,2
7707,385,3493,1218,0.2526427209377289,0,2
7708,385,3493,2024,0.34211036562919617,0,2
7709,385,3493,2193,0.4249417185783386,0,2
7710,385,3493,1812,0.43418729305267334,0,2
7711,385,3493,1205,0.39847439527511597,0,2
7712,385,3493,3681,0.6104174256324768,0,2
7713,385,3493,403,0.2149917632341385,0,2
7714,385,3493,1279,0.1488867700099945,0,2
7715,385,3493,3285,0.19138866662979126,0,2
7716,385,3493,3984,0.6522926688194275,0,2
7717,385,3493,2159,0.16871367394924164,0,2
7718,385,3493,3490,0.5749596357345581,0,2
7719,385,3493,2057,0.4733279049396515,0,2
7720,386,603,603,0.6287801861763,1,2
7721,386,603,1839,0.01886390894651413,0,2
7722,386,603,2249,0.036449987441301346,0,2
7723,386,603,81,0.29074281454086304,0,2
7724,386,603,2448,0.038103435188531876,0,2
7725,386,603,3722,0.18976430594921112,0,2
7726,386,603,791,0.0037568446714431047,0,2
7727,386,603,4141,0.05818500742316246,0,2
7728,386,603,110,0.29281365871429443,0,2
7729,386,603,3435,0.21327272057533264,0,2
7730,386,603,1887,0.3260485529899597,0,2
7731,386,603,3270,0.03916162997484207,0,2
7732,386,603,1922,0.29799115657806396,0,2
7733,386,603,228,0.07349544763565063,0,2
7734,386,603,3528,0.2841600477695465,0,2
7735,386,603,1672,0.01716684177517891,0,2
7736,386,603,3709,0.16489043831825256,0,2
7737,386,603,3878,0.008786222897469997,0,2
7738,386,603,587,0.779915988445282,0,2
7739,386,603,1243,0.09656479209661484,0,2
7740,387,2556,2556,0.992133378982544,1,1
7741,387,2556,1496,0.7174663543701172,0,1
7742,387,2556,2316,0.3368459939956665,0,1
7743,387,2556,1233,0.06325870007276535,0,1
7744,387,2556,2656,0.9707880020141602,0,1
7745,387,2556,3679,0.09029940515756607,0,1
7746,387,2556,497,0.7642591595649719,0,1
7747,387,2556,3302,0.4479142427444458,0,1
7748,387,2556,4141,0.041447799652814865,0,1
7749,387,2556,3539,0.3247165083885193,0,1
7750,387,2556,2991,0.19022579491138458,0,1
7751,387,2556,2183,0.8753955960273743,0,1
7752,387,2556,1789,0.038771871477365494,0,1
7753,387,2556,3727,0.07589119672775269,0,1
7754,387,2556,4107,0.20818938314914703,0,1
7755,387,2556,2230,0.3989105224609375,0,1
7756,387,2556,1651,0.2126726508140564,0,1
7757,387,2556,660,0.6137351989746094,0,1
7758,387,2556,3742,0.1007814034819603,0,1
7759,387,2556,3691,0.8689947724342346,0,1
7760,388,1638,1638,0.5090075135231018,1,1
7761,388,1638,2628,0.10683110356330872,0,1
7762,388,1638,839,0.3969542682170868,0,1
7763,388,1638,3824,0.3572772443294525,0,1
7764,388,1638,524,0.4073563516139984,0,1
7765,388,1638,1624,0.15209700167179108,0,1
7766,388,1638,1418,0.30739015340805054,0,1
7767,388,1638,941,0.2365819215774536,0,1
7768,388,1638,2484,0.20880663394927979,0,1
7769,388,1638,2607,0.18408167362213135,0,1
7770,388,1638,1070,0.22033508121967316,0,1
7771,388,1638,1659,0.20559348165988922,0,1
7772,388,1638,1928,0.09403000771999359,0,1
7773,388,1638,3335,0.2606123983860016,0,1
7774,388,1638,548,0.15551063418388367,0,1
7775,388,1638,759,0.057666435837745667,0,1
7776,388,1638,1907,0.34324607253074646,0,1
7777,388,1638,2446,0.28371870517730713,0,1
7778,388,1638,3809,0.3789547085762024,0,1
7779,388,1638,3018,0.0705360472202301,0,1
7780,389,246,246,0.7555757761001587,1,3
7781,389,246,498,0.33116716146469116,0,3
7782,389,246,372,0.616579532623291,0,3
7783,389,246,202,0.49298471212387085,0,3
7784,389,246,1555,0.11385521292686462,0,3
7785,389,246,554,0.14850054681301117,0,3
7786,389,246,4117,0.4657972455024719,0,3
7787,389,246,1917,0.41353845596313477,0,3
7788,389,246,2770,0.048165980726480484,0,3
7789,389,246,1769,0.8919422626495361,0,3
7790,389,246,56,0.6363618969917297,0,3
7791,389,246,2716,0.7653847932815552,0,3
7792,389,246,733,0.7076059579849243,0,3
7793,389,246,3504,0.3122949004173279,0,3
7794,389,246,284,0.06930568069219589,0,3
7795,389,246,2489,0.6397799849510193,0,3
7796,389,246,1256,0.4204973578453064,0,3
7797,389,246,2000,0.2438015639781952,0,3
7798,389,246,2557,0.6416712999343872,0,3
7799,389,246,3118,0.39677679538726807,0,3
7800,390,1775,1775,0.6946302652359009,1,1
7801,390,1775,3245,0.365204781293869,0,1
7802,390,1775,1176,0.23287250101566315,0,1
7803,390,1775,494,0.14749473333358765,0,1
7804,390,1775,3963,0.026616591960191727,0,1
7805,390,1775,2848,0.49496379494667053,0,1
7806,390,1775,594,0.18194371461868286,0,1
7807,390,1775,2485,0.049814801663160324,0,1
7808,390,1775,3501,0.47263431549072266,0,1
7809,390,1775,2305,0.3980238735675812,0,1
7810,390,1775,2117,0.0598682165145874,0,1
7811,390,1775,2419,0.03350501507520676,0,1
7812,390,1775,518,0.3388235867023468,0,1
7813,390,1775,292,0.2626075744628906,0,1
7814,390,1775,188,0.5046687126159668,0,1
7815,390,1775,2178,0.33608704805374146,0,1
7816,390,1775,3905,0.13892999291419983,0,1
7817,390,1775,1053,0.2773241400718689,0,1
7818,390,1775,2307,0.09029421955347061,0,1
7819,390,1775,3442,0.4094894826412201,0,1
7820,391,4040,4040,0.5148196220397949,1,1
7821,391,4040,340,0.22053661942481995,0,1
7822,391,4040,605,0.15686708688735962,0,1
7823,391,4040,3194,0.333788126707077,0,1
7824,391,4040,2002,0.3729665279388428,0,1
7825,391,4040,3640,0.10224834829568863,0,1
7826,391,4040,66,0.17926493287086487,0,1
7827,391,4040,2841,0.43760281801223755,0,1
7828,391,4040,623,0.4825648367404938,0,1
7829,391,4040,1880,0.12462050467729568,0,1
7830,391,4040,122,0.37150898575782776,0,1
7831,391,4040,2332,0.41059160232543945,0,1
7832,391,4040,2778,0.041275423020124435,0,1
7833,391,4040,1473,0.471832275390625,0,1
7834,391,4040,1291,0.08792708814144135,0,1
7835,391,4040,3342,0.03577229753136635,0,1
7836,391,4040,861,0.41650742292404175,0,1
7837,391,4040,1159,0.15730293095111847,0,1
7838,391,4040,1283,0.39813563227653503,0,1
7839,391,4040,1550,0.31827613711357117,0,1
7840,392,3733,3733,0.5853344202041626,1,3
7841,392,3733,1275,0.26113590598106384,0,3
7842,392,3733,3623,0.554484486579895,0,3
7843,392,3733,2428,0.45201414823532104,0,3
7844,392,3733,2237,0.49828001856803894,0,3
7845,392,3733,963,0.585852861404419,0,3
7846,392,3733,2864,0.17261064052581787,0,3
7847,392,3733,1670,0.46837031841278076,0,3
7848,392,3733,132,0.21517342329025269,0,3
7849,392,3733,2817,0.3238442838191986,0,3
7850,392,3733,2962,0.19623532891273499,0,3
7851,392,3733,1840,0.3941020667552948,0,3
7852,392,3733,2978,0.12790897488594055,0,3
7853,392,3733,3302,0.1984715461730957,0,3
7854,392,3733,2007,0.5496227741241455,0,3
7855,392,3733,2358,0.29023224115371704,0,3
7856,392,3733,2835,0.6177871227264404,0,3
7857,392,3733,3332,0.4889253079891205,0,3
7858,392,3733,1785,0.4544578790664673,0,3
7859,392,3733,1859,0.3423946797847748,0,3
7860,393,414,414,0.7593727111816406,1,1
7861,393,414,3221,0.0701567754149437,0,1
7862,393,414,1115,0.15169070661067963,0,1
7863,393,414,230,0.3383813202381134,0,1
7864,393,414,87,0.14682219922542572,0,1
7865,393,414,815,0.02077314630150795,0,1
7866,393,414,386,0.0010803568875417113,0,1
7867,393,414,653,0.08819915354251862,0,1
7868,393,414,385,0.43865901231765747,0,1
7869,393,414,203,0.009456872940063477,0,1
7870,393,414,1150,0.01498678419739008,0,1
7871,393,414,3102,0.03726473078131676,0,1
7872,393,414,1523,0.19258159399032593,0,1
7873,393,414,1118,0.020405331626534462,0,1
7874,393,414,1468,0.006634993944317102,0,1
7875,393,414,4083,0.024085430428385735,0,1
7876,393,414,2483,0.0009118423913605511,0,1
7877,393,414,535,0.39386796951293945,0,1
7878,393,414,3386,0.033923547714948654,0,1
7879,393,414,737,0.019468655809760094,0,1
7880,394,630,630,0.7344144582748413,1,2
7881,394,630,3822,0.1897340565919876,0,2
7882,394,630,1564,0.17880746722221375,0,2
7883,394,630,2678,0.024656027555465698,0,2
7884,394,630,3417,0.0074891396798193455,0,2
7885,394,630,4159,0.48308807611465454,0,2
7886,394,630,3689,0.6496457457542419,0,2
7887,394,630,1201,0.10503289848566055,0,2
7888,394,630,12,0.04728800430893898,0,2
7889,394,630,2091,0.6092833280563354,0,2
7890,394,630,3834,0.34859612584114075,0,2
7891,394,630,3625,0.6348370313644409,0,2
7892,394,630,9,0.21000243723392487,0,2
7893,394,630,3545,0.4318729639053345,0,2
7894,394,630,1493,0.11217223852872849,0,2
7895,394,630,307,0.33097341656684875,0,2
7896,394,630,3894,0.4950398802757263,0,2
7897,394,630,3004,0.07528038322925568,0,2
7898,394,630,3145,0.910916805267334,0,2
7899,394,630,1714,0.4485795497894287,0,2
7900,395,1718,1718,0.6395490765571594,1,1
7901,395,1718,45,0.2549164295196533,0,1
7902,395,1718,1352,0.15007995069026947,0,1
7903,395,1718,3643,0.225996196269989,0,1
7904,395,1718,1085,0.22318324446678162,0,1
7905,395,1718,4123,0.5291702151298523,0,1
7906,395,1718,1614,0.4647251069545746,0,1
7907,395,1718,3202,0.4854632616043091,0,1
7908,395,1718,3706,0.4315697252750397,0,1
7909,395,1718,1359,0.25084856152534485,0,1
7910,395,1718,736,0.431638240814209,0,1
7911,395,1718,2135,0.5149242281913757,0,1
7912,395,1718,639,0.27082738280296326,0,1
7913,395,1718,2680,0.37558433413505554,0,1
7914,395,1718,1174,0.5868551135063171,0,1
7915,395,1718,2163,0.22921256721019745,0,1
7916,395,1718,1172,0.42146921157836914,0,1
7917,395,1718,1185,0.5138327479362488,0,1
7918,395,1718,3411,0.6005008816719055,0,1
7919,395,1718,4169,0.5606627464294434,0,1
7920,396,2379,2379,0.600607693195343,1,2
7921,396,2379,284,0.27600014209747314,0,2
7922,396,2379,3186,0.6875470876693726,0,2
7923,396,2379,3511,0.4611894488334656,0,2
7924,396,2379,1114,0.5221046209335327,0,2
7925,396,2379,1032,0.2969953119754791,0,2
7926,396,2379,930,0.258259117603302,0,2
7927,396,2379,2439,0.2854035794734955,0,2
7928,396,2379,3269,0.5367488265037537,0,2
7929,396,2379,301,0.5067434310913086,0,2
7930,396,2379,1388,0.26242971420288086,0,2
7931,396,2379,4080,0.21873733401298523,0,2
7932,396,2379,1787,0.3469528555870056,0,2
7933,396,2379,1096,0.32280877232551575,0,2
7934,396,2379,2019,0.4980095326900482,0,2
7935,396,2379,3103,0.4723488688468933,0,2
7936,396,2379,2610,0.04176749661564827,0,2
7937,396,2379,2357,0.30744239687919617,0,2
7938,396,2379,4128,0.41690561175346375,0,2
7939,396,2379,559,0.5222627520561218,0,2
7940,397,73,73,0.8190127611160278,1,1
7941,397,73,3409,0.009415626525878906,0,1
7942,397,73,14,0.01780429109930992,0,1
7943,397,73,592,0.17153042554855347,0,1
7944,397,73,1976,0.2505645453929901,0,1
7945,397,73,2556,0.2941671311855316,0,1
7946,397,73,361,0.02272345870733261,0,1
7947,397,73,2379,0.3339117169380188,0,1
7948,397,73,240,0.7692326903343201,0,1
7949,397,73,2833,0.19823306798934937,0,1
7950,397,73,3467,0.004566570743918419,0,1
7951,397,73,2405,0.03387206420302391,0,1
7952,397,73,2454,0.006756528280675411,0,1
7953,397,73,3949,0.2624496817588806,0,1
7954,397,73,658,0.1761966198682785,0,1
7955,397,73,2602,0.06125447899103165,0,1
7956,397,73,1646,0.19430707395076752,0,1
7957,397,73,3775,0.03699781745672226,0,1
7958,397,73,2212,0.18535858392715454,0,1
7959,397,73,2468,0.033248189836740494,0,1
7960,398,898,898,0.7056829333305359,1,1
7961,398,898,576,0.015739111229777336,0,1
7962,398,898,1334,0.013598572462797165,0,1
7963,398,898,241,0.01434091106057167,0,1
7964,398,898,2642,0.00346599193289876,0,1
7965,398,898,1603,0.10761070251464844,0,1
7966,398,898,206,0.07648374885320663,0,1
7967,398,898,3714,0.045926786959171295,0,1
7968,398,898,524,0.0017153837252408266,0,1
7969,398,898,2220,0.0014135385863482952,0,1
7970,398,898,3904,0.009479711763560772,0,1
7971,398,898,2300,0.002336002653464675,0,1
7972,398,898,3046,0.06804826855659485,0,1
7973,398,898,475,0.18316975235939026,0,1
7974,398,898,3057,0.01914210431277752,0,1
7975,398,898,2332,0.26439306139945984,0,1
7976,398,898,1916,0.03057669848203659,0,1
7977,398,898,2870,0.012347917072474957,0,1
7978,398,898,719,0.01282302476465702,0,1
7979,398,898,4039,0.0030483752489089966,0,1
7980,399,1014,1014,0.8839514255523682,1,1
7981,399,1014,2630,0.03363707661628723,0,1
7982,399,1014,1704,0.1121080070734024,0,1
7983,399,1014,1883,0.0026385076344013214,0,1
7984,399,1014,3896,0.08450689911842346,0,1
7985,399,1014,1753,0.052973099052906036,0,1
7986,399,1014,1206,0.20898237824440002,0,1
7987,399,1014,1758,0.020748620852828026,0,1
7988,399,1014,2068,0.08721926808357239,0,1
7989,399,1014,120,0.005441029090434313,0,1
7990,399,1014,4081,0.003955519758164883,0,1
7991,399,1014,2814,0.15224604308605194,0,1
7992,399,1014,2524,0.12602485716342926,0,1
7993,399,1014,1838,0.04244407266378403,0,1
7994,399,1014,1097,0.011103468015789986,0,1
7995,399,1014,4118,0.003475904231891036,0,1
7996,399,1014,3034,0.0013442341005429626,0,1
7997,399,1014,616,0.22595550119876862,0,1
7998,399,1014,18,0.12605051696300507,0,1
7999,399,1014,602,0.02044961415231228,0,1
8000,400,3385,3385,0.7020560503005981,1,3
8001,400,3385,399,0.38317734003067017,0,3
8002,400,3385,1737,0.4984580874443054,0,3
8003,400,3385,1908,0.4246077835559845,0,3
8004,400,3385,243,0.5304286479949951,0,3
8005,400,3385,2291,0.028902120888233185,0,3
8006,400,3385,3211,0.4075688421726227,0,3
8007,400,3385,3249,0.8874066472053528,0,3
8008,400,3385,640,0.3154093623161316,0,3
8009,400,3385,1629,0.4151073396205902,0,3
8010,400,3385,103,0.15441536903381348,0,3
8011,400,3385,1055,0.37914401292800903,0,3
8012,400,3385,2145,0.8763129115104675,0,3
8013,400,3385,2761,0.010891401208937168,0,3
8014,400,3385,3966,0.4850497245788574,0,3
8015,400,3385,748,0.31636422872543335,0,3
8016,400,3385,3219,0.20237517356872559,0,3
8017,400,3385,3512,0.3293052911758423,0,3
8018,400,3385,3140,0.3471032381057739,0,3
8019,400,3385,3970,0.0637318342924118,0,3
8020,401,649,649,0.7705089449882507,1,1
8021,401,649,311,0.07407606393098831,0,1
8022,401,649,1543,0.13312853872776031,0,1
8023,401,649,261,0.0026171905919909477,0,1
8024,401,649,1020,0.00041541375685483217,0,1
8025,401,649,2239,0.001814349670894444,0,1
8026,401,649,820,0.037431493401527405,0,1
8027,401,649,907,0.0030342210084199905,0,1
8028,401,649,3674,0.0005877104704268277,0,1
8029,401,649,2838,0.004785575903952122,0,1
8030,401,649,322,0.0003083691990468651,0,1
8031,401,649,4048,0.0015623485669493675,0,1
8032,401,649,897,0.003932873252779245,0,1
8033,401,649,38,0.000451881205663085,0,1
8034,401,649,573,0.7633348703384399,0,1
8035,401,649,2746,5.9225196309853345e-05,0,1
8036,401,649,3979,0.03449253737926483,0,1
8037,401,649,2565,2.0779345959454076e-06,0,1
8038,401,649,863,0.008126314729452133,0,1
8039,401,649,2419,0.0007224720320664346,0,1
8040,402,1946,1946,0.5809222459793091,1,3
8041,402,1946,1623,0.7195202112197876,0,3
8042,402,1946,1973,0.5143742561340332,0,3
8043,402,1946,1214,0.33298730850219727,0,3
8044,402,1946,1819,0.3706390857696533,0,3
8045,402,1946,1133,0.3231225907802582,0,3
8046,402,1946,2726,0.49043452739715576,0,3
8047,402,1946,4046,0.43042346835136414,0,3
8048,402,1946,1680,0.3733101785182953,0,3
8049,402,1946,1848,0.3956913650035858,0,3
8050,402,1946,3766,0.5190792679786682,0,3
8051,402,1946,3097,0.22876805067062378,0,3
8052,402,1946,2803,0.34332337975502014,0,3
8053,402,1946,2715,0.4507460594177246,0,3
8054,402,1946,4138,0.6235067248344421,0,3
8055,402,1946,2198,0.18397092819213867,0,3
8056,402,1946,1536,0.32896631956100464,0,3
8057,402,1946,3489,0.19091150164604187,0,3
8058,402,1946,3963,0.31287476420402527,0,3
8059,402,1946,3655,0.28675538301467896,0,3
8060,403,3981,3981,0.7869656085968018,1,1
8061,403,3981,2170,0.08963365852832794,0,1
8062,403,3981,3153,0.35851791501045227,0,1
8063,403,3981,470,0.20443721115589142,0,1
8064,403,3981,1221,0.10730992257595062,0,1
8065,403,3981,3592,0.71859210729599,0,1
8066,403,3981,453,0.48850125074386597,0,1
8067,403,3981,786,0.4601934254169464,0,1
8068,403,3981,149,0.270384818315506,0,1
8069,403,3981,2579,0.1742231249809265,0,1
8070,403,3981,3071,0.6519740223884583,0,1
8071,403,3981,1567,0.289485901594162,0,1
8072,403,3981,193,0.04800907522439957,0,1
8073,403,3981,3946,0.6915693879127502,0,1
8074,403,3981,2284,0.6117317080497742,0,1
8075,403,3981,2406,0.45451584458351135,0,1
8076,403,3981,2929,0.5370117425918579,0,1
8077,403,3981,2070,0.08303450793027878,0,1
8078,403,3981,1682,0.251272052526474,0,1
8079,403,3981,448,0.15182989835739136,0,1
8080,404,809,809,0.5074781775474548,1,3
8081,404,809,2404,0.4301629364490509,0,3
8082,404,809,2994,0.16381002962589264,0,3
8083,404,809,1605,0.28207486867904663,0,3
8084,404,809,4137,0.10178469121456146,0,3
8085,404,809,456,0.661933183670044,0,3
8086,404,809,1980,0.1548607051372528,0,3
8087,404,809,680,0.03356169909238815,0,3
8088,404,809,1651,0.5770125389099121,0,3
8089,404,809,2856,0.42551344633102417,0,3
8090,404,809,719,0.3908141255378723,0,3
8091,404,809,2444,0.37303319573402405,0,3
8092,404,809,4049,0.12976817786693573,0,3
8093,404,809,2075,0.10686518996953964,0,3
8094,404,809,70,0.282930463552475,0,3
8095,404,809,3272,0.3515826463699341,0,3
8096,404,809,2714,0.3261139690876007,0,3
8097,404,809,3807,0.420368492603302,0,3
8098,404,809,3644,0.20265763998031616,0,3
8099,404,809,1948,0.26051726937294006,0,3
8100,405,2008,2008,0.6440578103065491,1,1
8101,405,2008,39,0.009912187233567238,0,1
8102,405,2008,547,0.38270071148872375,0,1
8103,405,2008,3650,0.06983105093240738,0,1
8104,405,2008,3123,0.43861857056617737,0,1
8105,405,2008,2885,0.047384023666381836,0,1
8106,405,2008,4144,0.023144099861383438,0,1
8107,405,2008,520,0.3529399335384369,0,1
8108,405,2008,3940,0.06446817517280579,0,1
8109,405,2008,421,0.5402310490608215,0,1
8110,405,2008,958,0.07433895766735077,0,1
8111,405,2008,385,0.18504488468170166,0,1
8112,405,2008,1883,0.20154058933258057,0,1
8113,405,2008,3365,0.20217393338680267,0,1
8114,405,2008,2652,0.08065285533666611,0,1
8115,405,2008,356,0.0834745541214943,0,1
8116,405,2008,3472,0.029046867042779922,0,1
8117,405,2008,3185,0.41028258204460144,0,1
8118,405,2008,151,0.07450029253959656,0,1
8119,405,2008,2348,0.24637356400489807,0,1
8120,406,2694,2694,0.725437343120575,1,2
8121,406,2694,2099,0.0037291385233402252,0,2
8122,406,2694,3383,0.31706851720809937,0,2
8123,406,2694,1238,0.2957179844379425,0,2
8124,406,2694,3884,0.4695277810096741,0,2
8125,406,2694,2962,0.7923261523246765,0,2
8126,406,2694,2007,0.3834283947944641,0,2
8127,406,2694,2422,0.25817033648490906,0,2
8128,406,2694,3963,0.28283435106277466,0,2
8129,406,2694,1662,0.3979462683200836,0,2
8130,406,2694,2059,0.15808087587356567,0,2
8131,406,2694,1757,0.4597042202949524,0,2
8132,406,2694,3276,0.0881679579615593,0,2
8133,406,2694,2280,0.034587450325489044,0,2
8134,406,2694,2564,0.6814619898796082,0,2
8135,406,2694,1813,0.42816925048828125,0,2
8136,406,2694,367,0.1279061883687973,0,2
8137,406,2694,3686,0.08461440354585648,0,2
8138,406,2694,3294,0.09855271875858307,0,2
8139,406,2694,522,0.006211241707205772,0,2
8140,407,3327,3327,0.7951802611351013,1,2
8141,407,3327,3406,0.3512308597564697,0,2
8142,407,3327,2822,0.06431850045919418,0,2
8143,407,3327,1195,0.18612688779830933,0,2
8144,407,3327,3948,0.625420093536377,0,2
8145,407,3327,1501,0.9543548226356506,0,2
8146,407,3327,3995,0.630402684211731,0,2
8147,407,3327,1378,0.20964400470256805,0,2
8148,407,3327,3140,0.5928295254707336,0,2
8149,407,3327,177,0.5311928391456604,0,2
8150,407,3327,3795,0.564873218536377,0,2
8151,407,3327,1535,0.13200722634792328,0,2
8152,407,3327,3489,0.7929187417030334,0,2
8153,407,3327,4020,0.4263676106929779,0,2
8154,407,3327,2176,0.04217768460512161,0,2
8155,407,3327,1910,0.4023474454879761,0,2
8156,407,3327,2668,0.46829795837402344,0,2
8157,407,3327,2989,0.029649244621396065,0,2
8158,407,3327,1573,0.6101969480514526,0,2
8159,407,3327,2286,0.05092719569802284,0,2
8160,408,3268,3268,0.6907361149787903,1,3
8161,408,3268,3190,0.7135329842567444,0,3
8162,408,3268,3005,0.6007866859436035,0,3
8163,408,3268,2024,0.8471760153770447,0,3
8164,408,3268,182,0.5983200073242188,0,3
8165,408,3268,2301,0.16617541015148163,0,3
8166,408,3268,1093,0.3620578944683075,0,3
8167,408,3268,3668,0.42242854833602905,0,3
8168,408,3268,3753,0.06388635188341141,0,3
8169,408,3268,2916,0.27576562762260437,0,3
8170,408,3268,937,0.5570735335350037,0,3
8171,408,3268,3644,0.19848482310771942,0,3
8172,408,3268,2851,0.08589337021112442,0,3
8173,408,3268,2775,0.4256317615509033,0,3
8174,408,3268,2525,0.3095320463180542,0,3
8175,408,3268,154,0.6127249002456665,0,3
8176,408,3268,1728,0.21799536049365997,0,3
8177,408,3268,2062,0.41736021637916565,0,3
8178,408,3268,3967,0.12258776277303696,0,3
8179,408,3268,3183,0.21428710222244263,0,3
8180,409,2493,2493,0.7526658177375793,1,1
8181,409,2493,2008,0.5205844044685364,0,1
8182,409,2493,984,0.5115293860435486,0,1
8183,409,2493,1436,0.05916345864534378,0,1
8184,409,2493,43,0.42597612738609314,0,1
8185,409,2493,3572,0.2061675488948822,0,1
8186,409,2493,1575,0.15899641811847687,0,1
8187,409,2493,833,0.13161127269268036,0,1
8188,409,2493,321,0.4605560302734375,0,1
8189,409,2493,962,0.47476738691329956,0,1
8190,409,2493,2115,0.5704718828201294,0,1
8191,409,2493,1676,0.05479254573583603,0,1
8192,409,2493,2298,0.462931364774704,0,1
8193,409,2493,3919,0.4581451416015625,0,1
8194,409,2493,863,0.24179579317569733,0,1
8195,409,2493,1646,0.41896894574165344,0,1
8196,409,2493,2966,0.6113727688789368,0,1
8197,409,2493,2190,0.0720096006989479,0,1
8198,409,2493,826,0.3896959125995636,0,1
8199,409,2493,215,0.4636848568916321,0,1
8200,410,1039,1039,0.6994434595108032,1,1
8201,410,1039,1538,0.16599653661251068,0,1
8202,410,1039,3358,0.2946680784225464,0,1
8203,410,1039,2998,0.594323456287384,0,1
8204,410,1039,2392,0.05977587774395943,0,1
8205,410,1039,2829,0.04944729432463646,0,1
8206,410,1039,3971,0.316271036863327,0,1
8207,410,1039,2509,0.3170408606529236,0,1
8208,410,1039,3922,0.03500451520085335,0,1
8209,410,1039,652,0.08309385925531387,0,1
8210,410,1039,3122,0.19639195501804352,0,1
8211,410,1039,3763,0.3341025412082672,0,1
8212,410,1039,3360,0.3375053405761719,0,1
8213,410,1039,1636,0.01787874661386013,0,1
8214,410,1039,1561,0.35202211141586304,0,1
8215,410,1039,3491,0.013436677865684032,0,1
8216,410,1039,3807,0.025556176900863647,0,1
8217,410,1039,671,0.03784014657139778,0,1
8218,410,1039,1676,0.05246485769748688,0,1
8219,410,1039,514,0.034563008695840836,0,1
8220,411,711,711,0.6825143098831177,1,5
8221,411,711,2881,0.49075427651405334,0,5
8222,411,711,823,0.03771257773041725,0,5
8223,411,711,737,0.920784592628479,0,5
8224,411,711,1651,0.13243506848812103,0,5
8225,411,711,641,0.4341391324996948,0,5
8226,411,711,3965,0.0811096727848053,0,5
8227,411,711,1336,0.8883183598518372,0,5
8228,411,711,1127,0.4457630515098572,0,5
8229,411,711,3117,0.44220757484436035,0,5
8230,411,711,94,0.4236198365688324,0,5
8231,411,711,3249,0.9634028673171997,0,5
8232,411,711,1766,0.1428781896829605,0,5
8233,411,711,2765,0.7146447896957397,0,5
8234,411,711,2920,0.16172491014003754,0,5
8235,411,711,2154,0.4805072844028473,0,5
8236,411,711,1313,0.4745403826236725,0,5
8237,411,711,2692,0.40376657247543335,0,5
8238,411,711,1447,0.2625032365322113,0,5
8239,411,711,2379,0.4297061264514923,0,5
8240,412,3118,3118,0.4775197207927704,1,1
8241,412,3118,1226,0.1741454154253006,0,1
8242,412,3118,556,0.1507105827331543,0,1
8243,412,3118,3693,0.37420132756233215,0,1
8244,412,3118,4102,0.2873785197734833,0,1
8245,412,3118,3283,0.09619507938623428,0,1
8246,412,3118,1925,0.29860344529151917,0,1
8247,412,3118,2906,0.051354777067899704,0,1
8248,412,3118,3344,0.22550924122333527,0,1
8249,412,3118,3539,0.384335994720459,0,1
8250,412,3118,1750,0.3952639698982239,0,1
8251,412,3118,1176,0.12459181994199753,0,1
8252,412,3118,2333,0.23641331493854523,0,1
8253,412,3118,3466,0.05212438479065895,0,1
8254,412,3118,2980,0.32331931591033936,0,1
8255,412,3118,1342,0.23945853114128113,0,1
8256,412,3118,840,0.06926669180393219,0,1
8257,412,3118,3282,0.179657444357872,0,1
8258,412,3118,613,0.41587138175964355,0,1
8259,412,3118,2193,0.36130771040916443,0,1
8260,413,2388,2388,0.8553183078765869,1,1
8261,413,2388,1355,0.47420603036880493,0,1
8262,413,2388,1430,0.05605597421526909,0,1
8263,413,2388,2026,0.003286629682406783,0,1
8264,413,2388,188,0.10283999145030975,0,1
8265,413,2388,377,0.020573537796735764,0,1
8266,413,2388,720,0.22547410428524017,0,1
8267,413,2388,74,0.06043469160795212,0,1
8268,413,2388,1420,0.22337350249290466,0,1
8269,413,2388,2420,0.0006591156707145274,0,1
8270,413,2388,990,0.011978975497186184,0,1
8271,413,2388,2801,0.07322879880666733,0,1
8272,413,2388,2965,0.001055598258972168,0,1
8273,413,2388,480,0.11647394299507141,0,1
8274,413,2388,2728,0.05742878466844559,0,1
8275,413,2388,65,0.00041941716335713863,0,1
8276,413,2388,3832,0.002204203512519598,0,1
8277,413,2388,3190,0.00708512170240283,0,1
8278,413,2388,4156,2.9685055778827518e-05,0,1
8279,413,2388,605,0.1299733817577362,0,1
8280,414,1887,1887,0.5499540567398071,1,5
8281,414,1887,2484,0.4151413142681122,0,5
8282,414,1887,2106,0.60469651222229,0,5
8283,414,1887,655,0.4887034296989441,0,5
8284,414,1887,3728,0.14066724479198456,0,5
8285,414,1887,2230,0.44715046882629395,0,5
8286,414,1887,17,0.447459876537323,0,5
8287,414,1887,2980,0.5623438954353333,0,5
8288,414,1887,1672,0.24484890699386597,0,5
8289,414,1887,2478,0.3752984404563904,0,5
8290,414,1887,2603,0.5408089756965637,0,5
8291,414,1887,174,0.6803794503211975,0,5
8292,414,1887,3066,0.46972423791885376,0,5
8293,414,1887,979,0.2793169617652893,0,5
8294,414,1887,1868,0.42917943000793457,0,5
8295,414,1887,3655,0.13462749123573303,0,5
8296,414,1887,214,0.5422640442848206,0,5
8297,414,1887,817,0.5239545702934265,0,5
8298,414,1887,3846,0.1959630399942398,0,5
8299,414,1887,811,0.6428657174110413,0,5
8300,415,1720,1720,0.6922284960746765,1,3
8301,415,1720,3459,0.07482036203145981,0,3
8302,415,1720,1304,0.32555317878723145,0,3
8303,415,1720,2969,0.2613320052623749,0,3
8304,415,1720,4028,0.544826328754425,0,3
8305,415,1720,2844,0.5755607485771179,0,3
8306,415,1720,2381,0.32454225420951843,0,3
8307,415,1720,3943,0.058179933577775955,0,3
8308,415,1720,2799,0.38652658462524414,0,3
8309,415,1720,2384,0.25716665387153625,0,3
8310,415,1720,3334,0.7612208127975464,0,3
8311,415,1720,971,0.5287132263183594,0,3
8312,415,1720,1971,0.06185948848724365,0,3
8313,415,1720,3912,0.39086002111434937,0,3
8314,415,1720,3141,0.7149515748023987,0,3
8315,415,1720,2744,0.0879574790596962,0,3
8316,415,1720,3881,0.5572759509086609,0,3
8317,415,1720,3266,0.3250805139541626,0,3
8318,415,1720,47,0.4894455373287201,0,3
8319,415,1720,1347,0.5813257098197937,0,3
8320,416,1968,1968,0.4268784821033478,1,1
8321,416,1968,2363,0.03991185128688812,0,1
8322,416,1968,847,0.21372097730636597,0,1
8323,416,1968,2449,0.070677749812603,0,1
8324,416,1968,3022,0.12010713666677475,0,1
8325,416,1968,310,0.1819331794977188,0,1
8326,416,1968,1908,0.27364295721054077,0,1
8327,416,1968,2713,0.26280641555786133,0,1
8328,416,1968,3064,0.18230675160884857,0,1
8329,416,1968,1864,0.1457870453596115,0,1
8330,416,1968,346,0.12931182980537415,0,1
8331,416,1968,447,0.1356210559606552,0,1
8332,416,1968,3922,0.02012333832681179,0,1
8333,416,1968,2569,0.05715899169445038,0,1
8334,416,1968,635,0.12478620558977127,0,1
8335,416,1968,4126,0.0933181494474411,0,1
8336,416,1968,1071,0.3214620351791382,0,1
8337,416,1968,1521,0.3025926947593689,0,1
8338,416,1968,2450,0.26184433698654175,0,1
8339,416,1968,1735,0.19216454029083252,0,1
8340,417,384,384,0.803014874458313,1,4
8341,417,384,177,0.7715390920639038,0,4
8342,417,384,3131,0.8666372299194336,0,4
8343,417,384,74,0.49650660157203674,0,4
8344,417,384,1780,0.5571479797363281,0,4
8345,417,384,973,0.6316195726394653,0,4
8346,417,384,4035,0.5321157574653625,0,4
8347,417,384,3048,0.8043484687805176,0,4
8348,417,384,697,0.3664015531539917,0,4
8349,417,384,299,0.5262548327445984,0,4
8350,417,384,562,0.8543843030929565,0,4
8351,417,384,1103,0.7450072169303894,0,4
8352,417,384,3171,0.3769441246986389,0,4
8353,417,384,3807,0.3384447693824768,0,4
8354,417,384,1666,0.5541477799415588,0,4
8355,417,384,3859,0.4836098849773407,0,4
8356,417,384,1600,0.5396493077278137,0,4
8357,417,384,3465,0.5628765821456909,0,4
8358,417,384,1907,0.5771035552024841,0,4
8359,417,384,1899,0.1671268790960312,0,4
8360,418,1404,1404,0.6051903367042542,1,1
8361,418,1404,2449,0.12991876900196075,0,1
8362,418,1404,2837,0.5251738429069519,0,1
8363,418,1404,3431,0.24122141301631927,0,1
8364,418,1404,3220,0.16980573534965515,0,1
8365,418,1404,1031,0.30314865708351135,0,1
8366,418,1404,3287,0.22054019570350647,0,1
8367,418,1404,1932,0.5061301589012146,0,1
8368,418,1404,1876,0.5575150847434998,0,1
8369,418,1404,3456,0.22896677255630493,0,1
8370,418,1404,3854,0.06400687247514725,0,1
8371,418,1404,1611,0.41310372948646545,0,1
8372,418,1404,1104,0.44433993101119995,0,1
8373,418,1404,2715,0.4897410571575165,0,1
8374,418,1404,2376,0.11797486990690231,0,1
8375,418,1404,2504,0.377645343542099,0,1
8376,418,1404,183,0.47115427255630493,0,1
8377,418,1404,2104,0.3144225776195526,0,1
8378,418,1404,2784,0.4809015393257141,0,1
8379,418,1404,3715,0.11758500337600708,0,1
8380,419,3538,3538,0.5843093395233154,1,2
8381,419,3538,1796,0.33267509937286377,0,2
8382,419,3538,730,0.3752070665359497,0,2
8383,419,3538,776,0.08039318770170212,0,2
8384,419,3538,3607,0.14590008556842804,0,2
8385,419,3538,525,0.2699180245399475,0,2
8386,419,3538,2022,0.043098922818899155,0,2
8387,419,3538,866,0.20555751025676727,0,2
8388,419,3538,734,0.022610250860452652,0,2
8389,419,3538,1518,0.06087276712059975,0,2
8390,419,3538,2923,0.4453160762786865,0,2
8391,419,3538,4062,0.1835845559835434,0,2
8392,419,3538,3117,0.448403537273407,0,2
8393,419,3538,1244,0.09667811542749405,0,2
8394,419,3538,2913,0.4622092545032501,0,2
8395,419,3538,156,0.3160962760448456,0,2
8396,419,3538,1235,0.5835062861442566,0,2
8397,419,3538,709,0.3861863911151886,0,2
8398,419,3538,3994,0.6364853978157043,0,2
8399,419,3538,896,0.0435020737349987,0,2
8400,420,839,839,0.8285192251205444,1,2
8401,420,839,3208,0.052422650158405304,0,2
8402,420,839,1306,0.864273190498352,0,2
8403,420,839,3907,0.3048638105392456,0,2
8404,420,839,920,0.17031487822532654,0,2
8405,420,839,2632,0.0004974448238499463,0,2
8406,420,839,2348,0.23047234117984772,0,2
8407,420,839,3223,0.31297534704208374,0,2
8408,420,839,1070,0.07890557497739792,0,2
8409,420,839,848,0.3096683919429779,0,2
8410,420,839,1637,0.46150481700897217,0,2
8411,420,839,1629,0.3926748037338257,0,2
8412,420,839,1988,0.281044065952301,0,2
8413,420,839,2465,0.18262484669685364,0,2
8414,420,839,1053,0.00025899100000970066,0,2
8415,420,839,477,0.5169560313224792,0,2
8416,420,839,859,0.049942027777433395,0,2
8417,420,839,2671,0.3576371371746063,0,2
8418,420,839,4005,0.22562021017074585,0,2
8419,420,839,2854,0.28543615341186523,0,2
8420,421,221,221,0.6074467301368713,1,1
8421,421,221,1136,0.1441608965396881,0,1
8422,421,221,306,0.3824235200881958,0,1
8423,421,221,3816,0.47409453988075256,0,1
8424,421,221,1660,0.12263482809066772,0,1
8425,421,221,1154,0.4185391664505005,0,1
8426,421,221,3540,0.1758822798728943,0,1
8427,421,221,871,0.4991728663444519,0,1
8428,421,221,3453,0.5509335398674011,0,1
8429,421,221,476,0.37801799178123474,0,1
8430,421,221,3570,0.49906644225120544,0,1
8431,421,221,2112,0.2648981511592865,0,1
8432,421,221,147,0.2990712523460388,0,1
8433,421,221,3608,0.3497086465358734,0,1
8434,421,221,2826,0.5885207056999207,0,1
8435,421,221,3778,0.5826897621154785,0,1
8436,421,221,443,0.4486303925514221,0,1
8437,421,221,445,0.5863635540008545,0,1
8438,421,221,813,0.21185733377933502,0,1
8439,421,221,3321,0.5608561038970947,0,1
8440,422,212,212,0.9342243671417236,1,1
8441,422,212,2677,0.013829712755978107,0,1
8442,422,212,2666,0.10883457958698273,0,1
8443,422,212,459,0.8454904556274414,0,1
8444,422,212,1107,0.037111081182956696,0,1
8445,422,212,3866,0.003161708125844598,0,1
8446,422,212,2069,0.02784178964793682,0,1
8447,422,212,3753,0.8876937031745911,0,1
8448,422,212,18,0.378060519695282,0,1
8449,422,212,2734,0.30823129415512085,0,1
8450,422,212,1999,0.44945016503334045,0,1
8451,422,212,2619,0.026612339541316032,0,1
8452,422,212,2266,0.5077852010726929,0,1
8453,422,212,1719,0.4090370833873749,0,1
8454,422,212,568,0.18458245694637299,0,1
8455,422,212,2979,0.4320604205131531,0,1
8456,422,212,3640,0.5644457936286926,0,1
8457,422,212,1583,0.24972420930862427,0,1
8458,422,212,104,0.11197464168071747,0,1
8459,422,212,1579,0.01306127943098545,0,1
8460,423,3148,3148,0.8125513792037964,1,1
8461,423,3148,3394,0.03084920346736908,0,1
8462,423,3148,3268,0.5564022064208984,0,1
8463,423,3148,2064,0.10256854444742203,0,1
8464,423,3148,2509,0.4704369008541107,0,1
8465,423,3148,641,0.24165593087673187,0,1
8466,423,3148,353,0.10670336335897446,0,1
8467,423,3148,3390,0.6144581437110901,0,1
8468,423,3148,1392,0.12697839736938477,0,1
8469,423,3148,3149,0.21881955862045288,0,1
8470,423,3148,1690,0.4911623001098633,0,1
8471,423,3148,3030,0.1656261682510376,0,1
8472,423,3148,3969,0.6228314638137817,0,1
8473,423,3148,2725,0.40695345401763916,0,1
8474,423,3148,104,0.2623317837715149,0,1
8475,423,3148,3519,0.31474828720092773,0,1
8476,423,3148,2558,0.057257357984781265,0,1
8477,423,3148,1857,0.26269423961639404,0,1
8478,423,3148,525,0.14811235666275024,0,1
8479,423,3148,1409,0.1367790848016739,0,1
8480,424,3331,3331,0.6836571097373962,1,3
8481,424,3331,4011,0.27438583970069885,0,3
8482,424,3331,2439,0.702149510383606,0,3
8483,424,3331,1766,0.3023708164691925,0,3
8484,424,3331,2945,0.5247392058372498,0,3
8485,424,3331,419,0.5595324039459229,0,3
8486,424,3331,2133,0.3827115297317505,0,3
8487,424,3331,1478,0.5941874384880066,0,3
8488,424,3331,4084,0.6103708744049072,0,3
8489,424,3331,1247,0.6409681439399719,0,3
8490,424,3331,36,0.5138832330703735,0,3
8491,424,3331,153,0.4993332028388977,0,3
8492,424,3331,347,0.5182322859764099,0,3
8493,424,3331,365,0.5663068890571594,0,3
8494,424,3331,1720,0.5754491686820984,0,3
8495,424,3331,3928,0.3268282413482666,0,3
8496,424,3331,2334,0.47759702801704407,0,3
8497,424,3331,3748,0.21125252544879913,0,3
8498,424,3331,1816,0.7772628664970398,0,3
8499,424,3331,1859,0.06068273261189461,0,3
8500,425,693,693,0.9951789379119873,1,1
8501,425,693,3503,0.0268113911151886,0,1
8502,425,693,390,0.5203093886375427,0,1
8503,425,693,199,8.560308924643323e-05,0,1
8504,425,693,841,0.7550264000892639,0,1
8505,425,693,307,0.41448748111724854,0,1
8506,425,693,1714,0.006890609860420227,0,1
8507,425,693,2176,0.03593183308839798,0,1
8508,425,693,942,0.14194262027740479,0,1
8509,425,693,1940,0.00040375496610067785,0,1
8510,425,693,1824,0.1992407739162445,0,1
8511,425,693,1255,0.02204638533294201,0,1
8512,425,693,466,0.003103815019130707,0,1
8513,425,693,2984,0.02623027190566063,0,1
8514,425,693,250,0.12064173817634583,0,1
8515,425,693,2972,0.03174120932817459,0,1
8516,425,693,3470,0.0007740046130493283,0,1
8517,425,693,3053,0.9855943322181702,0,1
8518,425,693,1331,0.12074261903762817,0,1
8519,425,693,3428,4.204665310680866e-05,0,1
8520,426,2285,2285,0.49549150466918945,1,3
8521,426,2285,3712,0.10748065263032913,0,3
8522,426,2285,398,0.4152078330516815,0,3
8523,426,2285,2818,0.3820516765117645,0,3
8524,426,2285,1643,0.2555106580257416,0,3
8525,426,2285,2499,0.35430005192756653,0,3
8526,426,2285,1836,0.5608933568000793,0,3
8527,426,2285,3764,0.04868215695023537,0,3
8528,426,2285,1075,0.18987193703651428,0,3
8529,426,2285,1765,0.4095127284526825,0,3
8530,426,2285,307,0.4088667035102844,0,3
8531,426,2285,693,0.35910648107528687,0,3
8532,426,2285,1281,0.24892431497573853,0,3
8533,426,2285,2168,0.14756177365779877,0,3
8534,426,2285,1203,0.38197192549705505,0,3
8535,426,2285,70,0.37825554609298706,0,3
8536,426,2285,318,0.36381614208221436,0,3
8537,426,2285,3252,0.32297253608703613,0,3
8538,426,2285,1343,0.6575601100921631,0,3
8539,426,2285,1200,0.1876695156097412,0,3
8540,427,2588,2588,0.6593465209007263,1,1
8541,427,2588,271,0.4740602374076843,0,1
8542,427,2588,1261,0.21947622299194336,0,1
8543,427,2588,3403,0.4747457802295685,0,1
8544,427,2588,2027,0.4846895933151245,0,1
8545,427,2588,1428,0.4160572588443756,0,1
8546,427,2588,3699,0.23114268481731415,0,1
8547,427,2588,1682,0.16596247255802155,0,1
8548,427,2588,1390,0.20157480239868164,0,1
8549,427,2588,3989,0.4586915671825409,0,1
8550,427,2588,2137,0.5476648807525635,0,1
8551,427,2588,630,0.5850076079368591,0,1
8552,427,2588,1921,0.5195306539535522,0,1
8553,427,2588,2654,0.3427085876464844,0,1
8554,427,2588,3100,0.06886011362075806,0,1
8555,427,2588,3598,0.20620602369308472,0,1
8556,427,2588,54,0.4179479479789734,0,1
8557,427,2588,2733,0.2512234151363373,0,1
8558,427,2588,2926,0.36927780508995056,0,1
8559,427,2588,497,0.19053427875041962,0,1
8560,428,453,453,0.6122103333473206,1,2
8561,428,453,3737,0.1912909746170044,0,2
8562,428,453,1834,0.4366995096206665,0,2
8563,428,453,3011,0.45410868525505066,0,2
8564,428,453,1333,0.40154027938842773,0,2
8565,428,453,1906,0.4339699447154999,0,2
8566,428,453,1865,0.47895482182502747,0,2
8567,428,453,2112,0.2806176245212555,0,2
8568,428,453,1873,0.4535338878631592,0,2
8569,428,453,1386,0.1682439148426056,0,2
8570,428,453,3986,0.4331330955028534,0,2
8571,428,453,2431,0.45286956429481506,0,2
8572,428,453,803,0.3147830069065094,0,2
8573,428,453,3893,0.38768619298934937,0,2
8574,428,453,2868,0.21254535019397736,0,2
8575,428,453,3298,0.6475439667701721,0,2
8576,428,453,1548,0.10917831212282181,0,2
8577,428,453,2753,0.3999636471271515,0,2
8578,428,453,412,0.2828253507614136,0,2
8579,428,453,3599,0.4305424988269806,0,2
8580,429,913,913,0.8184084296226501,1,1
8581,429,913,840,0.05956015735864639,0,1
8582,429,913,1832,0.053521085530519485,0,1
8583,429,913,183,0.29832813143730164,0,1
8584,429,913,771,0.06837654113769531,0,1
8585,429,913,677,0.2016461342573166,0,1
8586,429,913,515,0.002035119105130434,0,1
8587,429,913,591,0.025461221113801003,0,1
8588,429,913,376,0.00313841225579381,0,1
8589,429,913,1627,0.013635675422847271,0,1
8590,429,913,3412,0.0022105975076556206,0,1
8591,429,913,78,0.011002425104379654,0,1
8592,429,913,3059,0.22588494420051575,0,1
8593,429,913,1921,0.590717077255249,0,1
8594,429,913,1285,0.008682003244757652,0,1
8595,429,913,2781,0.024768805131316185,0,1
8596,429,913,2101,0.009535158984363079,0,1
8597,429,913,2524,0.3568671941757202,0,1
8598,429,913,64,0.058653902262449265,0,1
8599,429,913,4164,0.00538681773468852,0,1
8600,430,1965,1965,0.5151374340057373,1,4
8601,430,1965,680,0.038842737674713135,0,4
8602,430,1965,1134,0.0862191691994667,0,4
8603,430,1965,754,0.3740602433681488,0,4
8604,430,1965,3534,0.5867823958396912,0,4
8605,430,1965,2532,0.33050423860549927,0,4
8606,430,1965,3759,0.3802248239517212,0,4
8607,430,1965,3099,0.39105454087257385,0,4
8608,430,1965,1436,0.06691055744886398,0,4
8609,430,1965,1686,0.2547885477542877,0,4
8610,430,1965,608,0.05130232498049736,0,4
8611,430,1965,4172,0.06533174216747284,0,4
8612,430,1965,2123,0.6473917961120605,0,4
8613,430,1965,118,0.8425817489624023,0,4
8614,430,1965,2888,0.47844070196151733,0,4
8615,430,1965,563,0.43809425830841064,0,4
8616,430,1965,2073,0.16356618702411652,0,4
8617,430,1965,3839,0.4430244565010071,0,4
8618,430,1965,104,0.42683619260787964,0,4
8619,430,1965,37,0.16953691840171814,0,4
8620,431,1494,1494,0.6455895304679871,1,3
8621,431,1494,1456,0.46774551272392273,0,3
8622,431,1494,4097,0.7482489943504333,0,3
8623,431,1494,941,0.20814578235149384,0,3
8624,431,1494,305,0.6099877953529358,0,3
8625,431,1494,955,0.46927952766418457,0,3
8626,431,1494,333,0.29918235540390015,0,3
8627,431,1494,4082,0.6344828605651855,0,3
8628,431,1494,3111,0.5006991028785706,0,3
8629,431,1494,1559,0.5398882627487183,0,3
8630,431,1494,2805,0.2070314884185791,0,3
8631,431,1494,1158,0.5613906383514404,0,3
8632,431,1494,896,0.5099104046821594,0,3
8633,431,1494,2261,0.28035518527030945,0,3
8634,431,1494,2014,0.4722590446472168,0,3
8635,431,1494,1415,0.34276437759399414,0,3
8636,431,1494,2192,0.9129015207290649,0,3
8637,431,1494,297,0.0992484763264656,0,3
8638,431,1494,400,0.4621250629425049,0,3
8639,431,1494,549,0.5923557281494141,0,3
8640,432,3651,3651,0.7730230689048767,1,2
8641,432,3651,3057,0.024429766461253166,0,2
8642,432,3651,3621,0.0729760080575943,0,2
8643,432,3651,1093,0.2081131935119629,0,2
8644,432,3651,3818,0.5234832167625427,0,2
8645,432,3651,1064,0.03608652949333191,0,2
8646,432,3651,3532,0.35136985778808594,0,2
8647,432,3651,1795,0.38292479515075684,0,2
8648,432,3651,962,0.5052382349967957,0,2
8649,432,3651,1108,0.09143051505088806,0,2
8650,432,3651,81,0.45556876063346863,0,2
8651,432,3651,1502,0.07549450546503067,0,2
8652,432,3651,772,0.6122660636901855,0,2
8653,432,3651,2046,0.40946313738822937,0,2
8654,432,3651,1941,0.9661522507667542,0,2
8655,432,3651,1360,0.2873556911945343,0,2
8656,432,3651,60,0.06621281802654266,0,2
8657,432,3651,2293,0.6918461322784424,0,2
8658,432,3651,4111,0.303603857755661,0,2
8659,432,3651,1083,0.2550373375415802,0,2
8660,433,3739,3739,0.8322193026542664,1,1
8661,433,3739,3795,0.10989458858966827,0,1
8662,433,3739,909,0.0064101205207407475,0,1
8663,433,3739,1990,0.017394106835126877,0,1
8664,433,3739,946,0.018605079501867294,0,1
8665,433,3739,3571,0.15223844349384308,0,1
8666,433,3739,3251,0.09215406328439713,0,1
8667,433,3739,1378,0.2828842103481293,0,1
8668,433,3739,3735,0.002513674320653081,0,1
8669,433,3739,3525,7.1656824729871e-05,0,1
8670,433,3739,3234,0.0003332412743475288,0,1
8671,433,3739,2972,0.0015778045635670424,0,1
8672,433,3739,3392,0.004946570377796888,0,1
8673,433,3739,3779,0.12176518142223358,0,1
8674,433,3739,1701,0.5490619540214539,0,1
8675,433,3739,2210,0.01027622353285551,0,1
8676,433,3739,12,0.23593869805335999,0,1
8677,433,3739,3614,0.017693784087896347,0,1
8678,433,3739,2030,0.09106360375881195,0,1
8679,433,3739,2338,0.004401723854243755,0,1
8680,434,2626,2626,0.5615928769111633,1,3
8681,434,2626,3858,0.05223117768764496,0,3
8682,434,2626,55,0.2734244465827942,0,3
8683,434,2626,3419,0.19662690162658691,0,3
8684,434,2626,771,0.17541928589344025,0,3
8685,434,2626,3818,0.4457571804523468,0,3
8686,434,2626,1529,0.331880658864975,0,3
8687,434,2626,1414,0.3901868760585785,0,3
8688,434,2626,2953,0.04245412349700928,0,3
8689,434,2626,3024,0.21469250321388245,0,3
8690,434,2626,1359,0.4280809760093689,0,3
8691,434,2626,3810,0.026972372084856033,0,3
8692,434,2626,434,0.621947169303894,0,3
8693,434,2626,3015,0.10697542130947113,0,3
8694,434,2626,3409,0.40655434131622314,0,3
8695,434,2626,121,0.36506468057632446,0,3
8696,434,2626,1477,0.7600342035293579,0,3
8697,434,2626,3420,0.45593899488449097,0,3
8698,434,2626,2964,0.02371024712920189,0,3
8699,434,2626,3930,0.3364526033401489,0,3
8700,435,1139,1139,0.5367368459701538,1,3
8701,435,1139,4167,0.5106022357940674,0,3
8702,435,1139,302,0.4192618429660797,0,3
8703,435,1139,2692,0.5476623177528381,0,3
8704,435,1139,2747,0.45825856924057007,0,3
8705,435,1139,2919,0.5807434320449829,0,3
8706,435,1139,2236,0.4511086046695709,0,3
8707,435,1139,2834,0.5207439064979553,0,3
8708,435,1139,2873,0.2539706826210022,0,3
8709,435,1139,1966,0.3244825303554535,0,3
8710,435,1139,3891,0.4031297564506531,0,3
8711,435,1139,511,0.41746455430984497,0,3
8712,435,1139,935,0.2192399948835373,0,3
8713,435,1139,3690,0.3614620864391327,0,3
8714,435,1139,2343,0.1896376758813858,0,3
8715,435,1139,4020,0.4881770610809326,0,3
8716,435,1139,1559,0.49788928031921387,0,3
8717,435,1139,1321,0.30172860622406006,0,3
8718,435,1139,1575,0.5202764272689819,0,3
8719,435,1139,4007,0.496230810880661,0,3
8720,436,82,82,0.6183452010154724,1,5
8721,436,82,1462,0.6105396151542664,0,5
8722,436,82,2111,0.3525240123271942,0,5
8723,436,82,4018,0.5015854239463806,0,5
8724,436,82,109,0.4895155727863312,0,5
8725,436,82,1927,0.300035297870636,0,5
8726,436,82,286,0.64470374584198,0,5
8727,436,82,3720,0.7221071720123291,0,5
8728,436,82,3517,0.36273789405822754,0,5
8729,436,82,1200,0.4188728332519531,0,5
8730,436,82,284,0.6220628023147583,0,5
8731,436,82,1421,0.4576846957206726,0,5
8732,436,82,2895,0.536044180393219,0,5
8733,436,82,1375,0.4390498697757721,0,5
8734,436,82,2340,0.568467915058136,0,5
8735,436,82,2145,0.8892354369163513,0,5
8736,436,82,2137,0.5445652008056641,0,5
8737,436,82,1517,0.4611384868621826,0,5
8738,436,82,1057,0.0994032472372055,0,5
8739,436,82,2833,0.5950199365615845,0,5
8740,437,3713,3713,0.6087390780448914,1,2
8741,437,3713,2908,0.14346052706241608,0,2
8742,437,3713,2943,0.09446709603071213,0,2
8743,437,3713,818,0.2641192674636841,0,2
8744,437,3713,3378,0.39593517780303955,0,2
8745,437,3713,5,0.34161174297332764,0,2
8746,437,3713,2647,0.41972047090530396,0,2
8747,437,3713,299,0.10669951885938644,0,2
8748,437,3713,2586,0.03438137471675873,0,2
8749,437,3713,511,0.33034300804138184,0,2
8750,437,3713,3081,0.3226238191127777,0,2
8751,437,3713,2306,0.265017569065094,0,2
8752,437,3713,3576,0.3587051331996918,0,2
8753,437,3713,372,0.26177534461021423,0,2
8754,437,3713,3651,0.5346542000770569,0,2
8755,437,3713,3578,0.17346806824207306,0,2
8756,437,3713,3627,0.7897791862487793,0,2
8757,437,3713,4094,0.5405897498130798,0,2
8758,437,3713,543,0.4451552927494049,0,2
8759,437,3713,2211,0.47435352206230164,0,2
8760,438,2137,2137,0.611585795879364,1,1
8761,438,2137,2623,0.1164243072271347,0,1
8762,438,2137,2698,0.48828235268592834,0,1
8763,438,2137,3440,0.1696440726518631,0,1
8764,438,2137,1805,0.37659674882888794,0,1
8765,438,2137,4111,0.10505545139312744,0,1
8766,438,2137,3233,0.4660395383834839,0,1
8767,438,2137,2595,0.15895035862922668,0,1
8768,438,2137,183,0.48203155398368835,0,1
8769,438,2137,4076,0.011129274033010006,0,1
8770,438,2137,3062,0.01123941969126463,0,1
8771,438,2137,1255,0.28322455286979675,0,1
8772,438,2137,2552,0.23929950594902039,0,1
8773,438,2137,1018,0.07229194790124893,0,1
8774,438,2137,2653,0.021917246282100677,0,1
8775,438,2137,3580,0.10178466886281967,0,1
8776,438,2137,3320,0.23263733088970184,0,1
8777,438,2137,887,0.4522644281387329,0,1
8778,438,2137,2503,0.23929104208946228,0,1
8779,438,2137,3619,0.07756328582763672,0,1
8780,439,3946,3946,0.739948034286499,1,3
8781,439,3946,4029,0.005698737222701311,0,3
8782,439,3946,2856,0.6002908945083618,0,3
8783,439,3946,1677,0.1536831110715866,0,3
8784,439,3946,349,0.7404270768165588,0,3
8785,439,3946,717,0.2580241858959198,0,3
8786,439,3946,3683,0.46410906314849854,0,3
8787,439,3946,3842,0.3536505401134491,0,3
8788,439,3946,1604,0.5338101983070374,0,3
8789,439,3946,896,0.23124243319034576,0,3
8790,439,3946,359,0.49262621998786926,0,3
8791,439,3946,1521,0.518685519695282,0,3
8792,439,3946,129,0.2876489758491516,0,3
8793,439,3946,3144,0.6911690831184387,0,3
8794,439,3946,3750,0.8707761168479919,0,3
8795,439,3946,1885,0.015080070123076439,0,3
8796,439,3946,3493,0.5198296904563904,0,3
8797,439,3946,1795,0.5029099583625793,0,3
8798,439,3946,245,0.5019521713256836,0,3
8799,439,3946,422,0.3402160406112671,0,3
8800,440,2038,2038,0.586173415184021,1,8
8801,440,2038,3409,0.5317301154136658,0,8
8802,440,2038,3767,0.694200873374939,0,8
8803,440,2038,1426,0.5025952458381653,0,8
8804,440,2038,2643,0.7104730606079102,0,8
8805,440,2038,2027,0.6029658317565918,0,8
8806,440,2038,3912,0.39773261547088623,0,8
8807,440,2038,570,0.5798831582069397,0,8
8808,440,2038,3740,0.8563867807388306,0,8
8809,440,2038,3495,0.2891885042190552,0,8
8810,440,2038,1179,0.5928825736045837,0,8
8811,440,2038,3681,0.6343334913253784,0,8
8812,440,2038,1109,0.4006291925907135,0,8
8813,440,2038,4011,0.21664905548095703,0,8
8814,440,2038,2363,0.18926966190338135,0,8
8815,440,2038,4066,0.6355437636375427,0,8
8816,440,2038,621,0.5382497906684875,0,8
8817,440,2038,1963,0.3137779235839844,0,8
8818,440,2038,769,0.4616769254207611,0,8
8819,440,2038,3054,0.443111389875412,0,8
8820,441,10,10,0.5725383162498474,1,3
8821,441,10,2598,0.23332282900810242,0,3
8822,441,10,2147,0.1862243115901947,0,3
8823,441,10,1357,0.29071539640426636,0,3
8824,441,10,1332,0.07266418635845184,0,3
8825,441,10,1020,0.16265656054019928,0,3
8826,441,10,29,0.4149896800518036,0,3
8827,441,10,2528,0.6583741307258606,0,3
8828,441,10,3496,0.32040104269981384,0,3
8829,441,10,1342,0.4890134930610657,0,3
8830,441,10,3253,0.1289757788181305,0,3
8831,441,10,1608,0.5357034206390381,0,3
8832,441,10,1245,0.43618422746658325,0,3
8833,441,10,377,0.36843183636665344,0,3
8834,441,10,1364,0.3254041373729706,0,3
8835,441,10,1823,0.2490982860326767,0,3
8836,441,10,3613,0.22612139582633972,0,3
8837,441,10,1203,0.47698265314102173,0,3
8838,441,10,1535,0.4703116714954376,0,3
8839,441,10,2177,0.7185255885124207,0,3
8840,442,122,122,0.5110735297203064,1,2
8841,442,122,1816,0.3856423497200012,0,2
8842,442,122,3007,0.31155580282211304,0,2
8843,442,122,3365,0.15668195486068726,0,2
8844,442,122,4100,0.3206629157066345,0,2
8845,442,122,2934,0.31981751322746277,0,2
8846,442,122,2628,0.1971096694469452,0,2
8847,442,122,612,0.5598703026771545,0,2
8848,442,122,3316,0.034499943256378174,0,2
8849,442,122,1480,0.43629738688468933,0,2
8850,442,122,2490,0.3758860230445862,0,2
8851,442,122,260,0.15919488668441772,0,2
8852,442,122,1158,0.2083878070116043,0,2
8853,442,122,2075,0.1761624664068222,0,2
8854,442,122,2672,0.14849837124347687,0,2
8855,442,122,418,0.16844971477985382,0,2
8856,442,122,2885,0.14319579303264618,0,2
8857,442,122,3726,0.08573723584413528,0,2
8858,442,122,2293,0.2562408149242401,0,2
8859,442,122,3704,0.3184126615524292,0,2
8860,443,2936,2936,0.5797964930534363,1,2
8861,443,2936,3321,0.5074469447135925,0,2
8862,443,2936,3781,0.5514941811561584,0,2
8863,443,2936,895,0.5178112983703613,0,2
8864,443,2936,1280,0.36011356115341187,0,2
8865,443,2936,55,0.41453149914741516,0,2
8866,443,2936,3104,0.559061586856842,0,2
8867,443,2936,1969,0.46221765875816345,0,2
8868,443,2936,4057,0.5317062735557556,0,2
8869,443,2936,242,0.3262532651424408,0,2
8870,443,2936,1316,0.42095857858657837,0,2
8871,443,2936,3289,0.22816625237464905,0,2
8872,443,2936,872,0.09781841188669205,0,2
8873,443,2936,2825,0.7606012225151062,0,2
8874,443,2936,2173,0.37021124362945557,0,2
8875,443,2936,840,0.11345405876636505,0,2
8876,443,2936,2296,0.37496891617774963,0,2
8877,443,2936,666,0.49867767095565796,0,2
8878,443,2936,1661,0.28928059339523315,0,2
8879,443,2936,873,0.5080327987670898,0,2
8880,444,291,291,0.5522518754005432,1,4
8881,444,291,2482,0.17873021960258484,0,4
8882,444,291,2214,0.49185416102409363,0,4
8883,444,291,1921,0.3194751441478729,0,4
8884,444,291,3384,0.31128770112991333,0,4
8885,444,291,628,0.47098222374916077,0,4
8886,444,291,2250,0.5706018805503845,0,4
8887,444,291,145,0.4696454703807831,0,4
8888,444,291,2007,0.5258622765541077,0,4
8889,444,291,2039,0.5091696977615356,0,4
8890,444,291,901,0.4551304578781128,0,4
8891,444,291,1948,0.34280213713645935,0,4
8892,444,291,1738,0.5452444553375244,0,4
8893,444,291,1935,0.7666382193565369,0,4
8894,444,291,3540,0.10320525616407394,0,4
8895,444,291,3822,0.4300920367240906,0,4
8896,444,291,2880,0.4958638548851013,0,4
8897,444,291,2629,0.6030422449111938,0,4
8898,444,291,484,0.4370330274105072,0,4
8899,444,291,3273,0.058084532618522644,0,4
8900,445,2405,2405,0.8240227699279785,1,1
8901,445,2405,1872,0.08529221266508102,0,1
8902,445,2405,4080,0.7835578918457031,0,1
8903,445,2405,2372,0.1776656210422516,0,1
8904,445,2405,3276,0.12653112411499023,0,1
8905,445,2405,2583,0.1055624708533287,0,1
8906,445,2405,1081,0.2591901421546936,0,1
8907,445,2405,4139,0.7007063031196594,0,1
8908,445,2405,1562,0.4189254641532898,0,1
8909,445,2405,3762,0.7332062125205994,0,1
8910,445,2405,2302,0.2603636682033539,0,1
8911,445,2405,1139,0.43226152658462524,0,1
8912,445,2405,3742,0.16320203244686127,0,1
8913,445,2405,1780,0.4552232027053833,0,1
8914,445,2405,3066,0.010698783211410046,0,1
8915,445,2405,1494,0.5624845623970032,0,1
8916,445,2405,638,0.0470757782459259,0,1
8917,445,2405,730,0.17588916420936584,0,1
8918,445,2405,2728,0.5159680843353271,0,1
8919,445,2405,253,0.05776175856590271,0,1
8920,446,1732,1732,0.8097063302993774,1,1
8921,446,1732,2644,0.0266505628824234,0,1
8922,446,1732,3115,0.025423243641853333,0,1
8923,446,1732,596,0.19445031881332397,0,1
8924,446,1732,3044,0.01872614398598671,0,1
8925,446,1732,3578,0.03196284919977188,0,1
8926,446,1732,204,0.037006229162216187,0,1
8927,446,1732,489,0.2630572021007538,0,1
8928,446,1732,2928,0.028437212109565735,0,1
8929,446,1732,1615,0.013384548015892506,0,1
8930,446,1732,964,0.2356296330690384,0,1
8931,446,1732,3558,0.0705224871635437,0,1
8932,446,1732,1271,0.017439071089029312,0,1
8933,446,1732,3104,0.05973036587238312,0,1
8934,446,1732,1503,0.003559867851436138,0,1
8935,446,1732,2455,0.0031636052299290895,0,1
8936,446,1732,4005,0.06571472436189651,0,1
8937,446,1732,869,0.19955579936504364,0,1
8938,446,1732,40,0.06468018144369125,0,1
8939,446,1732,4106,0.08759360015392303,0,1
8940,447,1542,1542,0.7746098041534424,1,4
8941,447,1542,2287,0.814032793045044,0,4
8942,447,1542,2360,0.8288658261299133,0,4
8943,447,1542,2034,0.7740121483802795,0,4
8944,447,1542,977,0.540906548500061,0,4
8945,447,1542,2575,0.1090836226940155,0,4
8946,447,1542,2000,0.055037569254636765,0,4
8947,447,1542,32,0.547245979309082,0,4
8948,447,1542,57,0.13245348632335663,0,4
8949,447,1542,2392,0.5306614637374878,0,4
8950,447,1542,2927,0.3557925522327423,0,4
8951,447,1542,2157,0.8144474029541016,0,4
8952,447,1542,3689,0.7332298159599304,0,4
8953,447,1542,3458,0.697074830532074,0,4
8954,447,1542,2586,0.6944833993911743,0,4
8955,447,1542,275,0.27632805705070496,0,4
8956,447,1542,2173,0.3854290843009949,0,4
8957,447,1542,973,0.6268725395202637,0,4
8958,447,1542,3003,0.7487175464630127,0,4
8959,447,1542,2888,0.5607389211654663,0,4
8960,448,1770,1770,0.8384044766426086,1,3
8961,448,1770,1735,0.2852694094181061,0,3
8962,448,1770,2835,0.4021705985069275,0,3
8963,448,1770,3898,0.8501244187355042,0,3
8964,448,1770,2285,0.32612013816833496,0,3
8965,448,1770,3479,0.9788642525672913,0,3
8966,448,1770,1776,0.32909369468688965,0,3
8967,448,1770,1074,0.02567070536315441,0,3
8968,448,1770,1582,0.49614468216896057,0,3
8969,448,1770,3891,0.29933327436447144,0,3
8970,448,1770,2175,0.18460457026958466,0,3
8971,448,1770,1933,0.1865064650774002,0,3
8972,448,1770,2888,0.42755576968193054,0,3
8973,448,1770,2091,0.4702208936214447,0,3
8974,448,1770,1671,0.2553368806838989,0,3
8975,448,1770,2887,0.19529086351394653,0,3
8976,448,1770,2858,0.17290133237838745,0,3
8977,448,1770,2364,0.37477660179138184,0,3
8978,448,1770,2334,0.4630836248397827,0,3
8979,448,1770,298,0.24952228367328644,0,3
8980,449,1952,1952,0.7978340983390808,1,1
8981,449,1952,2724,0.32270103693008423,0,1
8982,449,1952,282,0.2745009958744049,0,1
8983,449,1952,3942,0.3085705041885376,0,1
8984,449,1952,1545,0.041781045496463776,0,1
8985,449,1952,705,0.7551892995834351,0,1
8986,449,1952,1654,0.532667875289917,0,1
8987,449,1952,2412,0.39747729897499084,0,1
8988,449,1952,735,0.1966126263141632,0,1
8989,449,1952,2215,0.01450425386428833,0,1
8990,449,1952,4171,0.4016854166984558,0,1
8991,449,1952,3799,0.13905277848243713,0,1
8992,449,1952,1681,0.20757469534873962,0,1
8993,449,1952,1741,0.2974233627319336,0,1
8994,449,1952,3719,0.5712359547615051,0,1
8995,449,1952,2757,0.41442930698394775,0,1
8996,449,1952,2631,0.10511761158704758,0,1
8997,449,1952,3254,0.3064257800579071,0,1
8998,449,1952,1622,0.1361638456583023,0,1
8999,449,1952,3123,0.4506862163543701,0,1
9000,450,2476,2476,0.6110767722129822,1,3
9001,450,2476,2298,0.689013659954071,0,3
9002,450,2476,2627,0.03408091515302658,0,3
9003,450,2476,2582,0.1756569892168045,0,3
9004,450,2476,134,0.6277639269828796,0,3
9005,450,2476,2910,0.005479809828102589,0,3
9006,450,2476,37,0.238534078001976,0,3
9007,450,2476,2704,0.12582272291183472,0,3
9008,450,2476,1463,0.13699626922607422,0,3
9009,450,2476,4089,0.10013215988874435,0,3
9010,450,2476,1104,0.4156588315963745,0,3
9011,450,2476,3958,0.28642043471336365,0,3
9012,450,2476,3104,0.3129211366176605,0,3
9013,450,2476,902,0.18105724453926086,0,3
9014,450,2476,2367,0.2861950397491455,0,3
9015,450,2476,1805,0.3914485275745392,0,3
9016,450,2476,1931,0.4759330749511719,0,3
9017,450,2476,1721,0.21480119228363037,0,3
9018,450,2476,3575,0.5805402994155884,0,3
9019,450,2476,389,0.38243404030799866,0,3
9020,451,3193,3193,0.8499235510826111,1,1
9021,451,3193,810,0.3357790410518646,0,1
9022,451,3193,872,0.043061159551143646,0,1
9023,451,3193,1528,0.8448015451431274,0,1
9024,451,3193,424,0.04698147252202034,0,1
9025,451,3193,1358,0.2659370005130768,0,1
9026,451,3193,2291,0.07930587977170944,0,1
9027,451,3193,1739,0.2096625715494156,0,1
9028,451,3193,1840,0.13595715165138245,0,1
9029,451,3193,1234,0.49048131704330444,0,1
9030,451,3193,3130,0.5388138890266418,0,1
9031,451,3193,1088,0.35752636194229126,0,1
9032,451,3193,2634,0.48168322443962097,0,1
9033,451,3193,3812,0.05767480656504631,0,1
9034,451,3193,3032,0.19479504227638245,0,1
9035,451,3193,369,0.38395771384239197,0,1
9036,451,3193,2358,0.18983666598796844,0,1
9037,451,3193,1942,0.3423825800418854,0,1
9038,451,3193,2168,0.47285258769989014,0,1
9039,451,3193,2281,0.2682596743106842,0,1
9040,452,2662,2662,0.6638902425765991,1,5
9041,452,2662,2370,0.7581791877746582,0,5
9042,452,2662,3391,0.41496068239212036,0,5
9043,452,2662,3211,0.41187024116516113,0,5
9044,452,2662,1891,0.6083742380142212,0,5
9045,452,2662,1241,0.5577353835105896,0,5
9046,452,2662,3048,0.5864405035972595,0,5
9047,452,2662,269,0.04007473587989807,0,5
9048,452,2662,183,0.8673508763313293,0,5
9049,452,2662,3726,0.46272897720336914,0,5
9050,452,2662,1502,0.018195740878582,0,5
9051,452,2662,1993,0.8497677445411682,0,5
9052,452,2662,1103,0.12891893088817596,0,5
9053,452,2662,2644,0.4487778842449188,0,5
9054,452,2662,1902,0.7232908606529236,0,5
9055,452,2662,1256,0.08855514973402023,0,5
9056,452,2662,4136,0.020709259435534477,0,5
9057,452,2662,4049,0.4717153310775757,0,5
9058,452,2662,2434,0.5236408710479736,0,5
9059,452,2662,335,0.11866673827171326,0,5
9060,453,2981,2981,0.7832908630371094,1,1
9061,453,2981,3480,0.44350144267082214,0,1
9062,453,2981,1664,0.43719038367271423,0,1
9063,453,2981,3174,0.4959353804588318,0,1
9064,453,2981,223,0.039983224123716354,0,1
9065,453,2981,3860,0.19863848388195038,0,1
9066,453,2981,335,0.17883820831775665,0,1
9067,453,2981,3063,0.1161963939666748,0,1
9068,453,2981,2865,0.34568271040916443,0,1
9069,453,2981,2011,0.46598830819129944,0,1
9070,453,2981,1082,0.05257325991988182,0,1
9071,453,2981,2359,0.226098895072937,0,1
9072,453,2981,309,0.5796783566474915,0,1
9073,453,2981,355,0.5429662466049194,0,1
9074,453,2981,1929,0.090243399143219,0,1
9075,453,2981,1451,0.11587929725646973,0,1
9076,453,2981,3134,0.10531485825777054,0,1
9077,453,2981,2585,0.4970451295375824,0,1
9078,453,2981,3992,0.4260011315345764,0,1
9079,453,2981,3734,0.1580248475074768,0,1
9080,454,4016,4016,0.96270751953125,1,1
9081,454,4016,2853,0.024899745360016823,0,1
9082,454,4016,211,0.5609440803527832,0,1
9083,454,4016,2022,0.0009263058891519904,0,1
9084,454,4016,3049,0.12361883372068405,0,1
9085,454,4016,3919,0.6662800312042236,0,1
9086,454,4016,537,0.2536563277244568,0,1
9087,454,4016,1641,0.16223874688148499,0,1
9088,454,4016,1036,0.2989305853843689,0,1
9089,454,4016,2821,0.7573375105857849,0,1
9090,454,4016,364,0.40378424525260925,0,1
9091,454,4016,398,0.09624762088060379,0,1
9092,454,4016,2266,0.8179566264152527,0,1
9093,454,4016,301,0.3089493215084076,0,1
9094,454,4016,1312,0.17854368686676025,0,1
9095,454,4016,3210,0.00209849257953465,0,1
9096,454,4016,945,0.8949429392814636,0,1
9097,454,4016,3343,0.012320075184106827,0,1
9098,454,4016,123,0.6451329588890076,0,1
9099,454,4016,823,0.00014804287638980895,0,1
9100,455,2490,2490,0.7809160351753235,1,2
9101,455,2490,3229,0.19612495601177216,0,2
9102,455,2490,4161,0.12383667379617691,0,2
9103,455,2490,3717,0.3546604812145233,0,2
9104,455,2490,2840,0.6494914293289185,0,2
9105,455,2490,1694,0.5527282953262329,0,2
9106,455,2490,2555,0.6345825791358948,0,2
9107,455,2490,178,0.2242918312549591,0,2
9108,455,2490,1842,0.28288334608078003,0,2
9109,455,2490,3504,0.030664701014757156,0,2
9110,455,2490,1191,0.48038753867149353,0,2
9111,455,2490,335,0.7891032695770264,0,2
9112,455,2490,296,0.6196939945220947,0,2
9113,455,2490,3244,0.4853948950767517,0,2
9114,455,2490,86,0.3186739385128021,0,2
9115,455,2490,253,0.33957967162132263,0,2
9116,455,2490,1173,0.2474077194929123,0,2
9117,455,2490,610,0.06011452525854111,0,2
9118,455,2490,633,0.18328450620174408,0,2
9119,455,2490,1743,0.38903409242630005,0,2
9120,456,243,243,0.6804754734039307,1,3
9121,456,243,2423,0.3377109169960022,0,3
9122,456,243,3847,0.385451078414917,0,3
9123,456,243,1167,0.8240882158279419,0,3
9124,456,243,3508,0.014904662035405636,0,3
9125,456,243,1756,0.02908984012901783,0,3
9126,456,243,1663,0.5990309715270996,0,3
9127,456,243,1055,0.2041512280702591,0,3
9128,456,243,1834,0.5881422162055969,0,3
9129,456,243,620,0.4695096015930176,0,3
9130,456,243,410,0.8042246103286743,0,3
9131,456,243,722,0.03730619326233864,0,3
9132,456,243,1947,0.21210989356040955,0,3
9133,456,243,2010,0.38170090317726135,0,3
9134,456,243,3807,0.3379521071910858,0,3
9135,456,243,3862,0.26216548681259155,0,3
9136,456,243,3680,0.06544578075408936,0,3
9137,456,243,1447,0.38152796030044556,0,3
9138,456,243,2092,0.24765704572200775,0,3
9139,456,243,4041,0.17872050404548645,0,3
9140,457,2671,2671,0.6403100490570068,1,2
9141,457,2671,2756,0.05042602866888046,0,2
9142,457,2671,2574,0.2078274041414261,0,2
9143,457,2671,229,0.3041822612285614,0,2
9144,457,2671,2303,0.050134509801864624,0,2
9145,457,2671,3840,0.3657338619232178,0,2
9146,457,2671,1942,0.048032842576503754,0,2
9147,457,2671,3109,0.20993256568908691,0,2
9148,457,2671,4112,0.08098563551902771,0,2
9149,457,2671,1256,0.2214856743812561,0,2
9150,457,2671,3433,0.3632413148880005,0,2
9151,457,2671,1994,0.4151877164840698,0,2
9152,457,2671,3934,0.06968469172716141,0,2
9153,457,2671,414,0.6492862701416016,0,2
9154,457,2671,3829,0.13484476506710052,0,2
9155,457,2671,1774,0.3000926375389099,0,2
9156,457,2671,87,0.35955968499183655,0,2
9157,457,2671,2802,0.33956179022789,0,2
9158,457,2671,3418,0.027727564796805382,0,2
9159,457,2671,3624,0.13525685667991638,0,2
9160,458,2193,2193,0.6089941263198853,1,1
9161,458,2193,862,0.05527523532509804,0,1
9162,458,2193,1475,0.08967245370149612,0,1
9163,458,2193,837,0.3797641098499298,0,1
9164,458,2193,1942,0.11357050389051437,0,1
9165,458,2193,2369,0.2619698643684387,0,1
9166,458,2193,850,0.47984686493873596,0,1
9167,458,2193,716,0.44352591037750244,0,1
9168,458,2193,880,0.248151957988739,0,1
9169,458,2193,3989,0.5024608969688416,0,1
9170,458,2193,9,0.3712143003940582,0,1
9171,458,2193,2660,0.44937580823898315,0,1
9172,458,2193,2553,0.3760271668434143,0,1
9173,458,2193,2719,0.22415250539779663,0,1
9174,458,2193,330,0.16102877259254456,0,1
9175,458,2193,874,0.3340165615081787,0,1
9176,458,2193,3890,0.4658680260181427,0,1
9177,458,2193,129,0.21392063796520233,0,1
9178,458,2193,1801,0.3392704427242279,0,1
9179,458,2193,3646,0.1497935652732849,0,1
9180,459,1614,1614,0.6456741690635681,1,1
9181,459,1614,1191,0.5020910501480103,0,1
9182,459,1614,3372,0.07181486487388611,0,1
9183,459,1614,1656,0.06281720101833344,0,1
9184,459,1614,1952,0.503780722618103,0,1
9185,459,1614,2443,0.3813892602920532,0,1
9186,459,1614,784,0.028853004798293114,0,1
9187,459,1614,524,0.14602455496788025,0,1
9188,459,1614,187,0.3473122715950012,0,1
9189,459,1614,293,0.46727174520492554,0,1
9190,459,1614,2514,0.39757972955703735,0,1
9191,459,1614,776,0.180642768740654,0,1
9192,459,1614,2216,0.4519083797931671,0,1
9193,459,1614,3210,0.07408975809812546,0,1
9194,459,1614,3873,0.4076104760169983,0,1
9195,459,1614,747,0.2933211624622345,0,1
9196,459,1614,522,0.12419533729553223,0,1
9197,459,1614,2379,0.49640658497810364,0,1
9198,459,1614,946,0.3464038372039795,0,1
9199,459,1614,1688,0.09823164343833923,0,1
9200,460,2620,2620,0.6139158606529236,1,2
9201,460,2620,1679,0.5781766772270203,0,2
9202,460,2620,3907,0.465899795293808,0,2
9203,460,2620,3289,0.4462932348251343,0,2
9204,460,2620,579,0.17447467148303986,0,2
9205,460,2620,2180,0.4657285213470459,0,2
9206,460,2620,2936,0.4196186363697052,0,2
9207,460,2620,1750,0.4580187499523163,0,2
9208,460,2620,1396,0.48280301690101624,0,2
9209,460,2620,4045,0.5251277685165405,0,2
9210,460,2620,3819,0.6915535926818848,0,2
9211,460,2620,2806,0.3077153265476227,0,2
9212,460,2620,795,0.47315746545791626,0,2
9213,460,2620,1172,0.3974093198776245,0,2
9214,460,2620,1067,0.055932290852069855,0,2
9215,460,2620,2951,0.09465203434228897,0,2
9216,460,2620,2888,0.5485080480575562,0,2
9217,460,2620,3941,0.504542887210846,0,2
9218,460,2620,591,0.2783637046813965,0,2
9219,460,2620,2242,0.1226217970252037,0,2
9220,461,3047,3047,0.5899750590324402,1,1
9221,461,3047,652,0.3369273543357849,0,1
9222,461,3047,1074,0.21233567595481873,0,1
9223,461,3047,1391,0.03033481352031231,0,1
9224,461,3047,975,0.33823519945144653,0,1
9225,461,3047,3471,0.19798444211483002,0,1
9226,461,3047,1873,0.22792278230190277,0,1
9227,461,3047,1578,0.1850733458995819,0,1
9228,461,3047,2560,0.07706976681947708,0,1
9229,461,3047,4082,0.3864853084087372,0,1
9230,461,3047,1477,0.15611198544502258,0,1
9231,461,3047,1258,0.09101200103759766,0,1
9232,461,3047,669,0.07664461433887482,0,1
9233,461,3047,1461,0.15404868125915527,0,1
9234,461,3047,3068,0.09597545862197876,0,1
9235,461,3047,2938,0.5331392884254456,0,1
9236,461,3047,1222,0.061968475580215454,0,1
9237,461,3047,1766,0.17587482929229736,0,1
9238,461,3047,1589,0.15576767921447754,0,1
9239,461,3047,3855,0.18870295584201813,0,1
9240,462,3290,3290,0.5868118405342102,1,2
9241,462,3290,970,0.114003486931324,0,2
9242,462,3290,2696,0.3958130180835724,0,2
9243,462,3290,3785,0.4435625970363617,0,2
9244,462,3290,766,0.6246412992477417,0,2
9245,462,3290,4178,0.41521093249320984,0,2
9246,462,3290,1245,0.45821550488471985,0,2
9247,462,3290,1267,0.308321088552475,0,2
9248,462,3290,3596,0.3870261609554291,0,2
9249,462,3290,1804,0.12292338162660599,0,2
9250,462,3290,901,0.34416598081588745,0,2
9251,462,3290,139,0.14142854511737823,0,2
9252,462,3290,3463,0.34380072355270386,0,2
9253,462,3290,43,0.4294475317001343,0,2
9254,462,3290,97,0.31756412982940674,0,2
9255,462,3290,3680,0.5544267296791077,0,2
9256,462,3290,265,0.5663273930549622,0,2
9257,462,3290,3081,0.19108963012695312,0,2
9258,462,3290,1756,0.5556965470314026,0,2
9259,462,3290,1778,0.4494618773460388,0,2
9260,463,3442,3442,0.6824737191200256,1,2
9261,463,3442,847,0.23386159539222717,0,2
9262,463,3442,145,0.49714168906211853,0,2
9263,463,3442,3546,0.15187333524227142,0,2
9264,463,3442,3615,0.38134849071502686,0,2
9265,463,3442,2985,0.6124292016029358,0,2
9266,463,3442,1099,0.2550874948501587,0,2
9267,463,3442,2940,0.4340931177139282,0,2
9268,463,3442,4157,0.5532602071762085,0,2
9269,463,3442,782,0.27283909916877747,0,2
9270,463,3442,956,0.4932005703449249,0,2
9271,463,3442,913,0.4419805109500885,0,2
9272,463,3442,4061,0.1700161248445511,0,2
9273,463,3442,2996,0.3646441400051117,0,2
9274,463,3442,2767,0.33066970109939575,0,2
9275,463,3442,459,0.23038780689239502,0,2
9276,463,3442,1289,0.5275952219963074,0,2
9277,463,3442,1158,0.01586311310529709,0,2
9278,463,3442,3424,0.6970956325531006,0,2
9279,463,3442,4158,0.25016817450523376,0,2
9280,464,1289,1289,0.622593104839325,1,2
9281,464,1289,2449,0.04181736335158348,0,2
9282,464,1289,1185,0.5944825410842896,0,2
9283,464,1289,2568,0.4762197434902191,0,2
9284,464,1289,2942,0.38475871086120605,0,2
9285,464,1289,1812,0.23886188864707947,0,2
9286,464,1289,959,0.1947726160287857,0,2
9287,464,1289,3038,0.49022966623306274,0,2
9288,464,1289,2868,0.19334185123443604,0,2
9289,464,1289,1205,0.4138094186782837,0,2
9290,464,1289,193,0.06309438496828079,0,2
9291,464,1289,3427,0.4794815182685852,0,2
9292,464,1289,1354,0.036120980978012085,0,2
9293,464,1289,1065,0.22112055122852325,0,2
9294,464,1289,983,0.36926648020744324,0,2
9295,464,1289,1837,0.6864054799079895,0,2
9296,464,1289,2026,0.045302726328372955,0,2
9297,464,1289,1366,0.49675798416137695,0,2
9298,464,1289,1176,0.29129624366760254,0,2
9299,464,1289,2859,0.2185307741165161,0,2
9300,465,1583,1583,0.7377093434333801,1,2
9301,465,1583,3407,0.005363753531128168,0,2
9302,465,1583,3143,0.06998828798532486,0,2
9303,465,1583,3350,0.41816091537475586,0,2
9304,465,1583,2216,0.40349850058555603,0,2
9305,465,1583,3842,0.25961410999298096,0,2
9306,465,1583,1528,0.07731513679027557,0,2
9307,465,1583,3336,0.33143508434295654,0,2
9308,465,1583,947,0.08379623293876648,0,2
9309,465,1583,3710,0.03521260991692543,0,2
9310,465,1583,2658,0.0038408867549151182,0,2
9311,465,1583,156,0.15921831130981445,0,2
9312,465,1583,2400,0.0035743366461247206,0,2
9313,465,1583,2272,0.8060920238494873,0,2
9314,465,1583,610,0.04887058585882187,0,2
9315,465,1583,4086,0.09144832193851471,0,2
9316,465,1583,828,0.02813980169594288,0,2
9317,465,1583,1974,0.25078248977661133,0,2
9318,465,1583,484,0.6689706444740295,0,2
9319,465,1583,3215,0.19298702478408813,0,2
9320,466,1904,1904,0.5331069827079773,1,2
9321,466,1904,1427,0.28796833753585815,0,2
9322,466,1904,3570,0.1704302877187729,0,2
9323,466,1904,2500,0.2551177144050598,0,2
9324,466,1904,664,0.42494434118270874,0,2
9325,466,1904,1325,0.43792951107025146,0,2
9326,466,1904,2135,0.40582188963890076,0,2
9327,466,1904,1784,0.37632226943969727,0,2
9328,466,1904,1812,0.2518483102321625,0,2
9329,466,1904,2662,0.4837677776813507,0,2
9330,466,1904,46,0.5536577701568604,0,2
9331,466,1904,2905,0.08991780877113342,0,2
9332,466,1904,1693,0.12300277501344681,0,2
9333,466,1904,227,0.4088509678840637,0,2
9334,466,1904,565,0.33845868706703186,0,2
9335,466,1904,1643,0.05083969980478287,0,2
9336,466,1904,3024,0.48327264189720154,0,2
9337,466,1904,489,0.1029229462146759,0,2
9338,466,1904,1770,0.35387253761291504,0,2
9339,466,1904,81,0.43433675169944763,0,2
9340,467,3422,3422,0.9239798784255981,1,1
9341,467,3422,1102,0.12751539051532745,0,1
9342,467,3422,1237,0.47451698780059814,0,1
9343,467,3422,1815,0.044195447117090225,0,1
9344,467,3422,882,0.3559901714324951,0,1
9345,467,3422,70,0.5598259568214417,0,1
9346,467,3422,753,0.2567448914051056,0,1
9347,467,3422,3317,0.47601550817489624,0,1
9348,467,3422,4137,0.14061236381530762,0,1
9349,467,3422,530,0.5708009004592896,0,1
9350,467,3422,2517,0.8824061155319214,0,1
9351,467,3422,2551,0.025179052725434303,0,1
9352,467,3422,2918,0.3937464654445648,0,1
9353,467,3422,3448,0.6319371461868286,0,1
9354,467,3422,468,0.052387140691280365,0,1
9355,467,3422,3445,0.8095117211341858,0,1
9356,467,3422,839,0.5587441325187683,0,1
9357,467,3422,1904,0.5095375776290894,0,1
9358,467,3422,298,0.7608877420425415,0,1
9359,467,3422,320,0.051019374281167984,0,1
9360,468,716,716,0.6369835138320923,1,2
9361,468,716,1829,0.1542915403842926,0,2
9362,468,716,304,0.404877632856369,0,2
9363,468,716,3196,0.11512009799480438,0,2
9364,468,716,3870,0.21914874017238617,0,2
9365,468,716,1093,0.410122275352478,0,2
9366,468,716,2011,0.2806507647037506,0,2
9367,468,716,2470,0.1677415370941162,0,2
9368,468,716,1489,0.5116584300994873,0,2
9369,468,716,2263,0.3316560387611389,0,2
9370,468,716,1539,0.3751666843891144,0,2
9371,468,716,2902,0.7372229695320129,0,2
9372,468,716,3175,0.12740348279476166,0,2
9373,468,716,393,0.4157114326953888,0,2
9374,468,716,4169,0.2565920054912567,0,2
9375,468,716,3213,0.07808241993188858,0,2
9376,468,716,53,0.6164319515228271,0,2
9377,468,716,2087,0.37323644757270813,0,2
9378,468,716,2079,0.16466166079044342,0,2
9379,468,716,2610,0.006124763283878565,0,2
9380,469,3480,3480,0.5377431511878967,1,4
9381,469,3480,2193,0.2783811688423157,0,4
9382,469,3480,604,0.4525681734085083,0,4
9383,469,3480,2980,0.3325231075286865,0,4
9384,469,3480,2793,0.30287060141563416,0,4
9385,469,3480,2321,0.06338291615247726,0,4
9386,469,3480,1985,0.26673823595046997,0,4
9387,469,3480,1801,0.44473370909690857,0,4
9388,469,3480,3788,0.3069939613342285,0,4
9389,469,3480,1958,0.5306006073951721,0,4
9390,469,3480,639,0.3444482684135437,0,4
9391,469,3480,669,0.6209782361984253,0,4
9392,469,3480,1322,0.12151958793401718,0,4
9393,469,3480,3367,0.8249972462654114,0,4
9394,469,3480,2463,0.38093075156211853,0,4
9395,469,3480,4022,0.3985564112663269,0,4
9396,469,3480,2725,0.4452812969684601,0,4
9397,469,3480,442,0.6843907833099365,0,4
9398,469,3480,2663,0.3142969608306885,0,4
9399,469,3480,3647,0.08557157218456268,0,4
9400,470,3678,3678,0.678422212600708,1,1
9401,470,3678,1821,0.38527125120162964,0,1
9402,470,3678,3714,0.2798716127872467,0,1
9403,470,3678,1772,0.4793720245361328,0,1
9404,470,3678,3115,0.1802707314491272,0,1
9405,470,3678,1210,0.227073535323143,0,1
9406,470,3678,3118,0.4892390966415405,0,1
9407,470,3678,3221,0.44654011726379395,0,1
9408,470,3678,3258,0.49884259700775146,0,1
9409,470,3678,3719,0.48390358686447144,0,1
9410,470,3678,3754,0.40429192781448364,0,1
9411,470,3678,1644,0.5789238214492798,0,1
9412,470,3678,2277,0.4435770511627197,0,1
9413,470,3678,2104,0.06813427805900574,0,1
9414,470,3678,3646,0.12130054086446762,0,1
9415,470,3678,3477,0.02847290225327015,0,1
9416,470,3678,1302,0.4030362665653229,0,1
9417,470,3678,2333,0.1019248440861702,0,1
9418,470,3678,2823,0.5083596706390381,0,1
9419,470,3678,1677,0.07205270975828171,0,1
9420,471,1561,1561,0.5773212909698486,1,1
9421,471,1561,1051,0.4847111105918884,0,1
9422,471,1561,2918,0.17697405815124512,0,1
9423,471,1561,1153,0.511616587638855,0,1
9424,471,1561,892,0.5677083134651184,0,1
9425,471,1561,594,0.5680077075958252,0,1
9426,471,1561,1290,0.4749586880207062,0,1
9427,471,1561,2467,0.434673935174942,0,1
9428,471,1561,1488,0.5772027969360352,0,1
9429,471,1561,1900,0.5185047388076782,0,1
9430,471,1561,2166,0.46350806951522827,0,1
9431,471,1561,1502,0.28077298402786255,0,1
9432,471,1561,3539,0.46772873401641846,0,1
9433,471,1561,1977,0.5662395358085632,0,1
9434,471,1561,1054,0.4935632050037384,0,1
9435,471,1561,468,0.37438663840293884,0,1
9436,471,1561,2228,0.19461818039417267,0,1
9437,471,1561,3639,0.4350132644176483,0,1
9438,471,1561,224,0.5500025153160095,0,1
9439,471,1561,2766,0.48599904775619507,0,1
9440,472,2407,2407,0.9018831253051758,1,1
9441,472,2407,312,0.003930132370442152,0,1
9442,472,2407,1083,0.11191663146018982,0,1
9443,472,2407,277,0.17177335917949677,0,1
9444,472,2407,2296,0.00596547219902277,0,1
9445,472,2407,2983,0.004292999394237995,0,1
9446,472,2407,448,0.15362291038036346,0,1
9447,472,2407,2382,0.3400649428367615,0,1
9448,472,2407,3930,0.0515567772090435,0,1
9449,472,2407,2279,2.1450798158184625e-05,0,1
9450,472,2407,316,0.04330984875559807,0,1
9451,472,2407,3648,0.0014608720084652305,0,1
9452,472,2407,3917,7.572250615339726e-05,0,1
9453,472,2407,930,0.06821763515472412,0,1
9454,472,2407,151,0.0012849736958742142,0,1
9455,472,2407,2244,0.055872686207294464,0,1
9456,472,2407,2525,0.004428691230714321,0,1
9457,472,2407,2452,0.30561068654060364,0,1
9458,472,2407,3971,0.02414446882903576,0,1
9459,472,2407,3143,0.04617941379547119,0,1
9460,473,1677,1677,0.9969757795333862,1,1
9461,473,1677,3460,0.0005029739695601165,0,1
9462,473,1677,4110,0.04796992242336273,0,1
9463,473,1677,3864,2.3377471734420396e-05,0,1
9464,473,1677,3951,2.54488259088248e-05,0,1
9465,473,1677,1154,0.00035115628270432353,0,1
9466,473,1677,1610,0.10787960141897202,0,1
9467,473,1677,1353,2.7748183129006065e-05,0,1
9468,473,1677,3577,0.07931101322174072,0,1
9469,473,1677,432,0.0005929760518483818,0,1
9470,473,1677,3651,0.004974809940904379,0,1
9471,473,1677,519,0.0034107959363609552,0,1
9472,473,1677,1848,0.332004189491272,0,1
9473,473,1677,596,0.11332663893699646,0,1
9474,473,1677,700,0.002047373680397868,0,1
9475,473,1677,803,0.1596963107585907,0,1
9476,473,1677,188,0.1375603824853897,0,1
9477,473,1677,2006,0.0202439296990633,0,1
9478,473,1677,2155,0.0034512958955019712,0,1
9479,473,1677,1180,0.0008565900498069823,0,1
9480,474,3896,3896,0.5984328389167786,1,3
9481,474,3896,540,0.5333631634712219,0,3
9482,474,3896,1440,0.3579293489456177,0,3
9483,474,3896,314,0.4864034950733185,0,3
9484,474,3896,410,0.34328165650367737,0,3
9485,474,3896,3556,0.32570314407348633,0,3
9486,474,3896,2089,0.13144327700138092,0,3
9487,474,3896,2601,0.25597482919692993,0,3
9488,474,3896,1892,0.6135299801826477,0,3
9489,474,3896,1417,0.5019122362136841,0,3
9490,474,3896,2002,0.6682442426681519,0,3
9491,474,3896,2693,0.06671307981014252,0,3
9492,474,3896,667,0.3972437083721161,0,3
9493,474,3896,2236,0.4734549820423126,0,3
9494,474,3896,1806,0.1467093527317047,0,3
9495,474,3896,1508,0.2821134626865387,0,3
9496,474,3896,904,0.3084695339202881,0,3
9497,474,3896,334,0.27722272276878357,0,3
9498,474,3896,3464,0.5483882427215576,0,3
9499,474,3896,2473,0.2735218107700348,0,3
9500,475,3724,3724,0.8187997341156006,1,1
9501,475,3724,3841,0.2502318322658539,0,1
9502,475,3724,1517,0.31249040365219116,0,1
9503,475,3724,1820,0.011823974549770355,0,1
9504,475,3724,3653,0.43624910712242126,0,1
9505,475,3724,1900,0.434283584356308,0,1
9506,475,3724,2319,0.03268418461084366,0,1
9507,475,3724,170,0.06047123298048973,0,1
9508,475,3724,1217,0.6843132376670837,0,1
9509,475,3724,3972,0.2610814571380615,0,1
9510,475,3724,2911,0.10505128651857376,0,1
9511,475,3724,1791,0.39111611247062683,0,1
9512,475,3724,1963,0.30821940302848816,0,1
9513,475,3724,1712,0.3169138431549072,0,1
9514,475,3724,429,0.8028414845466614,0,1
9515,475,3724,2921,0.19341418147087097,0,1
9516,475,3724,483,0.2429620325565338,0,1
9517,475,3724,715,0.013646473176777363,0,1
9518,475,3724,838,0.09121130406856537,0,1
9519,475,3724,3056,0.37706559896469116,0,1
9520,476,3519,3519,0.7189124226570129,1,1
9521,476,3519,3366,0.2776249945163727,0,1
9522,476,3519,195,0.3046433627605438,0,1
9523,476,3519,607,0.13231925666332245,0,1
9524,476,3519,3096,0.024993326514959335,0,1
9525,476,3519,3112,0.04513400048017502,0,1
9526,476,3519,3106,0.024126335978507996,0,1
9527,476,3519,3924,0.01222974993288517,0,1
9528,476,3519,408,0.40814971923828125,0,1
9529,476,3519,2777,0.004160305485129356,0,1
9530,476,3519,1026,0.0007859587203711271,0,1
9531,476,3519,1163,0.3449527621269226,0,1
9532,476,3519,3311,0.02743249386548996,0,1
9533,476,3519,1679,0.1574709415435791,0,1
9534,476,3519,2667,0.1462988704442978,0,1
9535,476,3519,4170,0.0014759022742509842,0,1
9536,476,3519,1584,0.02249867096543312,0,1
9537,476,3519,3157,0.20092925429344177,0,1
9538,476,3519,2507,0.03696277737617493,0,1
9539,476,3519,950,0.04888558387756348,0,1
9540,477,3623,3623,0.7923025488853455,1,1
9541,477,3623,2386,0.4854176938533783,0,1
9542,477,3623,1970,0.2644352614879608,0,1
9543,477,3623,3647,0.1005999967455864,0,1
9544,477,3623,650,0.20243515074253082,0,1
9545,477,3623,2838,0.7040727734565735,0,1
9546,477,3623,937,0.09043508023023605,0,1
9547,477,3623,3816,0.18014183640480042,0,1
9548,477,3623,1959,0.2434449940919876,0,1
9549,477,3623,446,0.08938661962747574,0,1
9550,477,3623,865,0.5263047218322754,0,1
9551,477,3623,2658,0.5118340253829956,0,1
9552,477,3623,1849,0.4502722918987274,0,1
9553,477,3623,2758,0.3924584686756134,0,1
9554,477,3623,3441,0.03658989071846008,0,1
9555,477,3623,2012,0.6598171591758728,0,1
9556,477,3623,3857,0.024691706523299217,0,1
9557,477,3623,1113,0.2601397633552551,0,1
9558,477,3623,2853,0.780600368976593,0,1
9559,477,3623,44,0.34597039222717285,0,1
9560,478,1460,1460,0.7240809202194214,1,2
9561,478,1460,1383,0.22237055003643036,0,2
9562,478,1460,1369,0.3710326850414276,0,2
9563,478,1460,378,0.21190866827964783,0,2
9564,478,1460,3610,0.6395439505577087,0,2
9565,478,1460,4128,0.5653069615364075,0,2
9566,478,1460,3282,0.23839160799980164,0,2
9567,478,1460,3387,0.048804379999637604,0,2
9568,478,1460,349,0.7673741579055786,0,2
9569,478,1460,543,0.41955292224884033,0,2
9570,478,1460,3341,0.2861863672733307,0,2
9571,478,1460,2675,0.46516871452331543,0,2
9572,478,1460,1357,0.2632620930671692,0,2
9573,478,1460,4023,0.49278679490089417,0,2
9574,478,1460,350,0.16355402767658234,0,2
9575,478,1460,1789,0.20290300250053406,0,2
9576,478,1460,2345,0.44870230555534363,0,2
9577,478,1460,1766,0.036271657794713974,0,2
9578,478,1460,660,0.19328276813030243,0,2
9579,478,1460,3015,0.04676991328597069,0,2
9580,479,1119,1119,0.6775194406509399,1,3
9581,479,1119,3370,0.487764835357666,0,3
9582,479,1119,1561,0.42873185873031616,0,3
9583,479,1119,2315,0.29970279335975647,0,3
9584,479,1119,2260,0.12362772226333618,0,3
9585,479,1119,1041,0.4259568154811859,0,3
9586,479,1119,3767,0.721194863319397,0,3
9587,479,1119,243,0.49798405170440674,0,3
9588,479,1119,1263,0.14324407279491425,0,3
9589,479,1119,3041,0.03855837509036064,0,3
9590,479,1119,3051,0.5648782253265381,0,3
9591,479,1119,877,0.4564398229122162,0,3
9592,479,1119,1966,0.22429126501083374,0,3
9593,479,1119,623,0.44230905175209045,0,3
9594,479,1119,3362,0.10644011944532394,0,3
9595,479,1119,878,0.1299651563167572,0,3
9596,479,1119,3136,0.6055874228477478,0,3
9597,479,1119,670,0.4476315379142761,0,3
9598,479,1119,1740,0.7667648196220398,0,3
9599,479,1119,2703,0.31058573722839355,0,3
9600,480,2786,2786,0.7517383098602295,1,1
9601,480,2786,3867,0.23760773241519928,0,1
9602,480,2786,28,0.0247749462723732,0,1
9603,480,2786,3380,0.06003870442509651,0,1
9604,480,2786,960,0.03798471763730049,0,1
9605,480,2786,3177,0.18061178922653198,0,1
9606,480,2786,3386,0.021044643595814705,0,1
9607,480,2786,3395,0.03347240760922432,0,1
9608,480,2786,1767,0.02448640577495098,0,1
9609,480,2786,2237,0.17208965122699738,0,1
9610,480,2786,379,0.004833119455724955,0,1
9611,480,2786,1644,0.0044974591583013535,0,1
9612,480,2786,765,0.06368575990200043,0,1
9613,480,2786,418,0.01686275377869606,0,1
9614,480,2786,651,0.08626369386911392,0,1
9615,480,2786,2984,0.41076281666755676,0,1
9616,480,2786,2673,0.06486856192350388,0,1
9617,480,2786,2636,0.07290633022785187,0,1
9618,480,2786,2197,0.0661759302020073,0,1
9619,480,2786,3004,0.0004825403157155961,0,1
9620,481,1996,1996,0.5601648092269897,1,1
9621,481,1996,695,0.4235135316848755,0,1
9622,481,1996,80,0.3243730366230011,0,1
9623,481,1996,4076,0.46641188859939575,0,1
9624,481,1996,1880,0.22515812516212463,0,1
9625,481,1996,1227,0.23435527086257935,0,1
9626,481,1996,671,0.5198857188224792,0,1
9627,481,1996,2078,0.29488033056259155,0,1
9628,481,1996,226,0.38868841528892517,0,1
9629,481,1996,288,0.3800819516181946,0,1
9630,481,1996,3266,0.5143432021141052,0,1
9631,481,1996,1702,0.43152865767478943,0,1
9632,481,1996,3848,0.34301215410232544,0,1
9633,481,1996,96,0.29009807109832764,0,1
9634,481,1996,1760,0.4074079990386963,0,1
9635,481,1996,3591,0.27000319957733154,0,1
9636,481,1996,620,0.45238757133483887,0,1
9637,481,1996,571,0.3872140347957611,0,1
9638,481,1996,3032,0.43029800057411194,0,1
9639,481,1996,2775,0.473945289850235,0,1
9640,482,3038,3038,0.57787024974823,1,3
9641,482,3038,1705,0.4992731809616089,0,3
9642,482,3038,1098,0.23770274221897125,0,3
9643,482,3038,321,0.5563271641731262,0,3
9644,482,3038,1045,0.4221552014350891,0,3
9645,482,3038,1708,0.29711052775382996,0,3
9646,482,3038,1968,0.48060640692710876,0,3
9647,482,3038,1086,0.5159623026847839,0,3
9648,482,3038,1827,0.2823633551597595,0,3
9649,482,3038,57,0.41640791296958923,0,3
9650,482,3038,3141,0.5020909309387207,0,3
9651,482,3038,1159,0.42949995398521423,0,3
9652,482,3038,1805,0.5408805012702942,0,3
9653,482,3038,1972,0.5877758860588074,0,3
9654,482,3038,1576,0.6850926876068115,0,3
9655,482,3038,237,0.42946603894233704,0,3
9656,482,3038,2948,0.45127731561660767,0,3
9657,482,3038,2841,0.5604549050331116,0,3
9658,482,3038,1761,0.05099550634622574,0,3
9659,482,3038,761,0.4729413092136383,0,3
9660,483,2390,2390,0.9220971465110779,1,2
9661,483,2390,1234,0.607187032699585,0,2
9662,483,2390,863,0.5753040313720703,0,2
9663,483,2390,1299,0.14423279464244843,0,2
9664,483,2390,403,0.848259449005127,0,2
9665,483,2390,1125,0.5555081963539124,0,2
9666,483,2390,2441,0.06867340207099915,0,2
9667,483,2390,2778,0.003287161234766245,0,2
9668,483,2390,3231,0.03177015855908394,0,2
9669,483,2390,3600,0.7114588618278503,0,2
9670,483,2390,2749,0.9836055636405945,0,2
9671,483,2390,1984,0.24645639955997467,0,2
9672,483,2390,2768,0.3850470185279846,0,2
9673,483,2390,2048,0.6229943037033081,0,2
9674,483,2390,1761,0.001067679957486689,0,2
9675,483,2390,3126,0.006887908559292555,0,2
9676,483,2390,1580,0.1305873990058899,0,2
9677,483,2390,535,0.4509040415287018,0,2
9678,483,2390,4110,0.2893151342868805,0,2
9679,483,2390,2842,0.18227872252464294,0,2
9680,484,3779,3779,0.714637041091919,1,6
9681,484,3779,3047,0.4074544906616211,0,6
9682,484,3779,3352,0.8130003213882446,0,6
9683,484,3779,583,0.2681392431259155,0,6
9684,484,3779,399,0.20018219947814941,0,6
9685,484,3779,2841,0.4961530864238739,0,6
9686,484,3779,658,0.6691138744354248,0,6
9687,484,3779,2878,0.7827020883560181,0,6
9688,484,3779,2787,0.3824160397052765,0,6
9689,484,3779,1554,0.7546799778938293,0,6
9690,484,3779,1053,0.17660477757453918,0,6
9691,484,3779,1613,0.2042609602212906,0,6
9692,484,3779,1860,0.19177202880382538,0,6
9693,484,3779,2238,0.1572834998369217,0,6
9694,484,3779,2258,0.2970309555530548,0,6
9695,484,3779,1512,0.3998299241065979,0,6
9696,484,3779,513,0.070335753262043,0,6
9697,484,3779,2282,0.8971049785614014,0,6
9698,484,3779,2270,0.8878728747367859,0,6
9699,484,3779,3011,0.39319393038749695,0,6
9700,485,2559,2559,0.5814427137374878,1,2
9701,485,2559,1369,0.3911205530166626,0,2
9702,485,2559,1581,0.35191187262535095,0,2
9703,485,2559,2551,0.41813886165618896,0,2
9704,485,2559,35,0.6661589741706848,0,2
9705,485,2559,1377,0.3566986620426178,0,2
9706,485,2559,2021,0.31359484791755676,0,2
9707,485,2559,3574,0.21675904095172882,0,2
9708,485,2559,3759,0.4721369743347168,0,2
9709,485,2559,3680,0.35861122608184814,0,2
9710,485,2559,1341,0.5202435255050659,0,2
9711,485,2559,3271,0.07266918569803238,0,2
9712,485,2559,412,0.16409696638584137,0,2
9713,485,2559,228,0.35326361656188965,0,2
9714,485,2559,130,0.5271547436714172,0,2
9715,485,2559,2474,0.3127044141292572,0,2
9716,485,2559,44,0.4867173135280609,0,2
9717,485,2559,1139,0.5228785276412964,0,2
9718,485,2559,2195,0.38334140181541443,0,2
9719,485,2559,1223,0.45584914088249207,0,2
9720,486,3059,3059,0.5074546337127686,1,3
9721,486,3059,3137,0.4487040340900421,0,3
9722,486,3059,1580,0.3489833176136017,0,3
9723,486,3059,2961,0.3966171443462372,0,3
9724,486,3059,142,0.38076701760292053,0,3
9725,486,3059,106,0.32372644543647766,0,3
9726,486,3059,942,0.40591108798980713,0,3
9727,486,3059,1,0.5268364548683167,0,3
9728,486,3059,242,0.3112018406391144,0,3
9729,486,3059,1515,0.21696600317955017,0,3
9730,486,3059,3492,0.3164304196834564,0,3
9731,486,3059,2406,0.46169355511665344,0,3
9732,486,3059,246,0.4740786850452423,0,3
9733,486,3059,1788,0.22726772725582123,0,3
9734,486,3059,3613,0.30502986907958984,0,3
9735,486,3059,1549,0.32512590289115906,0,3
9736,486,3059,3333,0.40383151173591614,0,3
9737,486,3059,23,0.439822793006897,0,3
9738,486,3059,2036,0.5230309963226318,0,3
9739,486,3059,2532,0.27702319622039795,0,3
9740,487,1532,1532,0.9546954035758972,1,1
9741,487,1532,750,0.10771359503269196,0,1
9742,487,1532,1096,0.013042973354458809,0,1
9743,487,1532,387,0.16620677709579468,0,1
9744,487,1532,794,0.019676918163895607,0,1
9745,487,1532,2687,0.044081758707761765,0,1
9746,487,1532,1412,0.05544450879096985,0,1
9747,487,1532,2198,0.00329649168998003,0,1
9748,487,1532,381,0.27849286794662476,0,1
9749,487,1532,2678,0.010576903820037842,0,1
9750,487,1532,2070,0.0048555368557572365,0,1
9751,487,1532,3552,0.007397662382572889,0,1
9752,487,1532,3688,0.03396172448992729,0,1
9753,487,1532,2386,0.030246024951338768,0,1
9754,487,1532,682,0.017249751836061478,0,1
9755,487,1532,3762,0.0005515374359674752,0,1
9756,487,1532,1192,0.0018574161222204566,0,1
9757,487,1532,1915,0.07774050533771515,0,1
9758,487,1532,1238,0.10057490319013596,0,1
9759,487,1532,3962,7.315466791624203e-05,0,1
9760,488,2907,2907,0.8062960505485535,1,1
9761,488,2907,2990,0.5584666728973389,0,1
9762,488,2907,603,0.370383620262146,0,1
9763,488,2907,1540,0.035559602081775665,0,1
9764,488,2907,385,0.5104687809944153,0,1
9765,488,2907,2836,0.025425465777516365,0,1
9766,488,2907,2356,0.057568926364183426,0,1
9767,488,2907,419,0.3162823021411896,0,1
9768,488,2907,805,0.0053991046734154224,0,1
9769,488,2907,659,0.7893218398094177,0,1
9770,488,2907,4062,0.12291783094406128,0,1
9771,488,2907,1056,0.427712619304657,0,1
9772,488,2907,1838,0.030666472390294075,0,1
9773,488,2907,3558,0.5149562358856201,0,1
9774,488,2907,3383,0.3754732310771942,0,1
9775,488,2907,382,0.005130616948008537,0,1
9776,488,2907,1187,0.44058120250701904,0,1
9777,488,2907,3677,0.020731542259454727,0,1
9778,488,2907,3665,0.5916666984558105,0,1
9779,488,2907,3976,0.413772851228714,0,1
9780,489,3602,3602,0.8686160445213318,1,1
9781,489,3602,2490,0.4686155319213867,0,1
9782,489,3602,3059,0.3933633863925934,0,1
9783,489,3602,4123,0.5600013732910156,0,1
9784,489,3602,1956,0.1789962351322174,0,1
9785,489,3602,1465,0.645167887210846,0,1
9786,489,3602,3824,0.3934933543205261,0,1
9787,489,3602,3981,0.682403564453125,0,1
9788,489,3602,3912,0.6672540307044983,0,1
9789,489,3602,3170,0.05582568049430847,0,1
9790,489,3602,2820,0.7110127806663513,0,1
9791,489,3602,3663,0.21556295454502106,0,1
9792,489,3602,4084,0.7480224967002869,0,1
9793,489,3602,2968,0.06553184241056442,0,1
9794,489,3602,1707,0.01840551197528839,0,1
9795,489,3602,3284,0.07194218784570694,0,1
9796,489,3602,3557,0.44686266779899597,0,1
9797,489,3602,3789,0.027474703267216682,0,1
9798,489,3602,689,0.5393653512001038,0,1
9799,489,3602,461,0.06111812964081764,0,1
9800,490,532,532,0.7031667232513428,1,3
9801,490,532,668,0.05747336521744728,0,3
9802,490,532,2830,0.14371877908706665,0,3
9803,490,532,3424,0.011365775018930435,0,3
9804,490,532,360,0.3788166046142578,0,3
9805,490,532,1495,0.09197530150413513,0,3
9806,490,532,277,0.48350173234939575,0,3
9807,490,532,1034,0.46432435512542725,0,3
9808,490,532,3688,0.5678942799568176,0,3
9809,490,532,3185,0.5263823866844177,0,3
9810,490,532,995,0.4064422845840454,0,3
9811,490,532,283,0.1980244517326355,0,3
9812,490,532,2866,0.04767388477921486,0,3
9813,490,532,2201,0.7975197434425354,0,3
9814,490,532,1688,0.186045303940773,0,3
9815,490,532,2640,0.2750108242034912,0,3
9816,490,532,4,0.6218245029449463,0,3
9817,490,532,955,0.4108193814754486,0,3
9818,490,532,2042,0.5371916890144348,0,3
9819,490,532,2459,0.7207580804824829,0,3
9820,491,1333,1333,0.65203857421875,1,2
9821,491,1333,1655,0.647252082824707,0,2
9822,491,1333,3020,0.47403109073638916,0,2
9823,491,1333,3415,0.2220498025417328,0,2
9824,491,1333,3813,0.4478580951690674,0,2
9825,491,1333,3427,0.4572627544403076,0,2
9826,491,1333,256,0.47195184230804443,0,2
9827,491,1333,3964,0.5423005819320679,0,2
9828,491,1333,1413,0.3895637094974518,0,2
9829,491,1333,300,0.4818575382232666,0,2
9830,491,1333,2960,0.17000073194503784,0,2
9831,491,1333,959,0.9038076996803284,0,2
9832,491,1333,3495,0.04077237844467163,0,2
9833,491,1333,1684,0.06307561695575714,0,2
9834,491,1333,1234,0.513972282409668,0,2
9835,491,1333,3955,0.6306020021438599,0,2
9836,491,1333,2900,0.49290788173675537,0,2
9837,491,1333,3627,0.2377852201461792,0,2
9838,491,1333,1981,0.39713966846466064,0,2
9839,491,1333,388,0.3558484613895416,0,2
9840,492,2317,2317,0.5899031162261963,1,2
9841,492,2317,212,0.28955164551734924,0,2
9842,492,2317,787,0.0575699657201767,0,2
9843,492,2317,3979,0.05616069585084915,0,2
9844,492,2317,3291,0.3927795886993408,0,2
9845,492,2317,543,0.5336315035820007,0,2
9846,492,2317,2204,0.4460316002368927,0,2
9847,492,2317,2887,0.3951590657234192,0,2
9848,492,2317,4093,0.09497351944446564,0,2
9849,492,2317,846,0.16265365481376648,0,2
9850,492,2317,1305,0.5376380681991577,0,2
9851,492,2317,967,0.5976188778877258,0,2
9852,492,2317,1153,0.016381535679101944,0,2
9853,492,2317,2046,0.5110492706298828,0,2
9854,492,2317,3865,0.05471346899867058,0,2
9855,492,2317,560,0.42240896821022034,0,2
9856,492,2317,684,0.3985691964626312,0,2
9857,492,2317,3966,0.5325797200202942,0,2
9858,492,2317,3934,0.10194148123264313,0,2
9859,492,2317,366,0.29057401418685913,0,2
9860,493,1551,1551,0.8153902888298035,1,1
9861,493,1551,34,0.2804194688796997,0,1
9862,493,1551,1199,0.05757648125290871,0,1
9863,493,1551,3712,0.0071408008225262165,0,1
9864,493,1551,2944,0.2593975067138672,0,1
9865,493,1551,2947,0.018135063350200653,0,1
9866,493,1551,3868,0.00014702843327540904,0,1
9867,493,1551,2114,0.4372182786464691,0,1
9868,493,1551,2304,0.06590176373720169,0,1
9869,493,1551,1838,0.19151292741298676,0,1
9870,493,1551,2171,0.20522069931030273,0,1
9871,493,1551,1043,0.4369274973869324,0,1
9872,493,1551,2218,0.06744462996721268,0,1
9873,493,1551,2015,0.011966198682785034,0,1
9874,493,1551,99,0.27285128831863403,0,1
9875,493,1551,2653,0.34982165694236755,0,1
9876,493,1551,2065,0.008242129348218441,0,1
9877,493,1551,2812,0.057449281215667725,0,1
9878,493,1551,3489,0.0019043972715735435,0,1
9879,493,1551,3482,0.20802132785320282,0,1
9880,494,4131,4131,0.8018935322761536,1,2
9881,494,4131,950,0.03880074620246887,0,2
9882,494,4131,2955,0.06118065491318703,0,2
9883,494,4131,1557,0.8219395875930786,0,2
9884,494,4131,2788,0.0522361695766449,0,2
9885,494,4131,2243,0.06745202839374542,0,2
9886,494,4131,3553,0.07839345186948776,0,2
9887,494,4131,813,0.015842149034142494,0,2
9888,494,4131,2698,0.3325585424900055,0,2
9889,494,4131,728,0.3742705285549164,0,2
9890,494,4131,2842,0.2752572298049927,0,2
9891,494,4131,1811,0.017011698335409164,0,2
9892,494,4131,710,0.4117598235607147,0,2
9893,494,4131,2537,0.28206005692481995,0,2
9894,494,4131,1478,0.30023476481437683,0,2
9895,494,4131,387,0.09391780942678452,0,2
9896,494,4131,322,0.10974755883216858,0,2
9897,494,4131,4125,0.007292918860912323,0,2
9898,494,4131,2734,0.27377602458000183,0,2
9899,494,4131,1592,0.40755948424339294,0,2
9900,495,4127,4127,0.7398064732551575,1,1
9901,495,4127,3521,0.46091383695602417,0,1
9902,495,4127,2174,0.05597730353474617,0,1
9903,495,4127,2707,0.03743224963545799,0,1
9904,495,4127,2656,0.07297436147928238,0,1
9905,495,4127,3791,0.5163540244102478,0,1
9906,495,4127,3891,0.4590737521648407,0,1
9907,495,4127,3355,0.17339874804019928,0,1
9908,495,4127,1230,0.05828985199332237,0,1
9909,495,4127,2166,0.05609934777021408,0,1
9910,495,4127,2546,0.4163431227207184,0,1
9911,495,4127,644,0.6995425820350647,0,1
9912,495,4127,3115,0.18253763020038605,0,1
9913,495,4127,4106,0.42142465710639954,0,1
9914,495,4127,261,0.04259102791547775,0,1
9915,495,4127,353,0.3321215510368347,0,1
9916,495,4127,4155,0.5435913801193237,0,1
9917,495,4127,3862,0.023611657321453094,0,1
9918,495,4127,37,0.026781676337122917,0,1
9919,495,4127,2922,0.14039717614650726,0,1
9920,496,1873,1873,0.6134832501411438,1,1
9921,496,1873,4006,0.3910829722881317,0,1
9922,496,1873,2758,0.32178354263305664,0,1
9923,496,1873,1282,0.22665154933929443,0,1
9924,496,1873,1743,0.18128637969493866,0,1
9925,496,1873,3514,0.05293712392449379,0,1
9926,496,1873,2210,0.37715989351272583,0,1
9927,496,1873,3340,0.17897403240203857,0,1
9928,496,1873,1116,0.5098134875297546,0,1
9929,496,1873,1938,0.471394807100296,0,1
9930,496,1873,3207,0.012867411598563194,0,1
9931,496,1873,1100,0.049946803599596024,0,1
9932,496,1873,3849,0.36363938450813293,0,1
9933,496,1873,2474,0.12400196492671967,0,1
9934,496,1873,3971,0.08093918859958649,0,1
9935,496,1873,4129,0.06754294037818909,0,1
9936,496,1873,2351,0.041163161396980286,0,1
9937,496,1873,2039,0.39978301525115967,0,1
9938,496,1873,1632,0.09303503483533859,0,1
9939,496,1873,3930,0.3702455163002014,0,1
9940,497,2618,2618,0.7330695986747742,1,2
9941,497,2618,1661,0.10001171380281448,0,2
9942,497,2618,3907,0.5667432546615601,0,2
9943,497,2618,553,0.13149255514144897,0,2
9944,497,2618,1237,0.5898106694221497,0,2
9945,497,2618,1776,0.3381449580192566,0,2
9946,497,2618,2730,0.900439977645874,0,2
9947,497,2618,3071,0.6045036315917969,0,2
9948,497,2618,994,0.4669497311115265,0,2
9949,497,2618,372,0.6255729794502258,0,2
9950,497,2618,1181,0.4166354537010193,0,2
9951,497,2618,2157,0.206825390458107,0,2
9952,497,2618,2629,0.41167500615119934,0,2
9953,497,2618,851,0.2377616912126541,0,2
9954,497,2618,1368,0.7124950885772705,0,2
9955,497,2618,1458,0.45673805475234985,0,2
9956,497,2618,3718,0.500400185585022,0,2
9957,497,2618,11,0.19286884367465973,0,2
9958,497,2618,1212,0.7120836973190308,0,2
9959,497,2618,2260,0.598646879196167,0,2
9960,498,245,245,0.6001611351966858,1,1
9961,498,245,3614,0.4300353229045868,0,1
9962,498,245,2781,0.08506463468074799,0,1
9963,498,245,1138,0.07610189914703369,0,1
9964,498,245,2732,0.4812593162059784,0,1
9965,498,245,2934,0.4546354115009308,0,1
9966,498,245,2399,0.45807042717933655,0,1
9967,498,245,1027,0.4491511881351471,0,1
9968,498,245,2730,0.34249231219291687,0,1
9969,498,245,359,0.5387663841247559,0,1
9970,498,245,3387,0.1493048220872879,0,1
9971,498,245,2817,0.09813223779201508,0,1
9972,498,245,1241,0.506759762763977,0,1
9973,498,245,1070,0.22077594697475433,0,1
9974,498,245,2576,0.4303661286830902,0,1
9975,498,245,860,0.39833247661590576,0,1
9976,498,245,3900,0.07389640063047409,0,1
9977,498,245,2542,0.22796042263507843,0,1
9978,498,245,4039,0.08454294502735138,0,1
9979,498,245,4023,0.44916868209838867,0,1
9980,499,161,161,0.9580485820770264,1,3
9981,499,161,1728,0.32641470432281494,0,3
9982,499,161,3654,0.08382517844438553,0,3
9983,499,161,1744,0.005339480936527252,0,3
9984,499,161,2276,0.32579487562179565,0,3
9985,499,161,1646,0.300260454416275,0,3
9986,499,161,3148,0.5756031274795532,0,3
9987,499,161,2520,0.3145960867404938,0,3
9988,499,161,955,0.45412713289260864,0,3
9989,499,161,3038,0.5200412273406982,0,3
9990,499,161,4139,0.601415753364563,0,3
9991,499,161,1730,0.15713930130004883,0,3
9992,499,161,2803,0.9786683917045593,0,3
9993,499,161,815,0.24533332884311676,0,3
9994,499,161,1011,0.5534366965293884,0,3
9995,499,161,2717,0.9821969270706177,0,3
9996,499,161,3084,0.09741462767124176,0,3
9997,499,161,3592,0.03365573287010193,0,3
9998,499,161,3131,0.2148689180612564,0,3
9999,499,161,2376,0.010890779085457325,0,3
10000,500,804,804,0.6702018976211548,1,2
10001,500,804,2129,0.02214326336979866,0,2
10002,500,804,620,0.44463035464286804,0,2
10003,500,804,2022,0.11427994817495346,0,2
10004,500,804,2640,0.2497057467699051,0,2
10005,500,804,3042,0.38194236159324646,0,2
10006,500,804,381,0.5949476361274719,0,2
10007,500,804,1261,0.5148683786392212,0,2
10008,500,804,1718,0.5463690161705017,0,2
10009,500,804,3481,0.4779299795627594,0,2
10010,500,804,3410,0.33941754698753357,0,2
10011,500,804,1526,0.5654502511024475,0,2
10012,500,804,3715,0.10910216718912125,0,2
10013,500,804,3108,0.23740670084953308,0,2
10014,500,804,3900,0.10943683236837387,0,2
10015,500,804,1052,0.86062091588974,0,2
10016,500,804,3693,0.4382098913192749,0,2
10017,500,804,2290,0.4521520137786865,0,2
10018,500,804,270,0.6073664426803589,0,2
10019,500,804,2486,0.5037667155265808,0,2
10020,501,2267,2267,0.6404376029968262,1,6
10021,501,2267,3212,0.19774162769317627,0,6
10022,501,2267,3687,0.3005915880203247,0,6
10023,501,2267,3148,0.6516736745834351,0,6
10024,501,2267,2657,0.6900629997253418,0,6
10025,501,2267,3129,0.5257217884063721,0,6
10026,501,2267,2592,0.5185964107513428,0,6
10027,501,2267,670,0.586596667766571,0,6
10028,501,2267,1844,0.5059814453125,0,6
10029,501,2267,2986,0.3694003224372864,0,6
10030,501,2267,2962,0.8936392068862915,0,6
10031,501,2267,1273,0.1293117105960846,0,6
10032,501,2267,3965,0.34063807129859924,0,6
10033,501,2267,3827,0.13870027661323547,0,6
10034,501,2267,1860,0.3429289162158966,0,6
10035,501,2267,2559,0.4934424161911011,0,6
10036,501,2267,2201,0.6549332737922668,0,6
10037,501,2267,119,0.7914284467697144,0,6
10038,501,2267,1073,0.5299786925315857,0,6
10039,501,2267,3390,0.4192051291465759,0,6
10040,502,2081,2081,0.7036498785018921,1,1
10041,502,2081,3797,0.13923880457878113,0,1
10042,502,2081,3200,0.24710585176944733,0,1
10043,502,2081,1650,0.1760968565940857,0,1
10044,502,2081,2787,0.3494234085083008,0,1
10045,502,2081,194,0.07728379219770432,0,1
10046,502,2081,2630,0.41987985372543335,0,1
10047,502,2081,1340,0.3496997654438019,0,1
10048,502,2081,2047,0.3161589503288269,0,1
10049,502,2081,526,0.08484156429767609,0,1
10050,502,2081,1202,0.1218314915895462,0,1
10051,502,2081,69,0.20508888363838196,0,1
10052,502,2081,1205,0.3030723035335541,0,1
10053,502,2081,2080,0.10750207304954529,0,1
10054,502,2081,2329,0.33023014664649963,0,1
10055,502,2081,653,0.2156381756067276,0,1
10056,502,2081,1798,0.33754467964172363,0,1
10057,502,2081,1052,0.16679982841014862,0,1
10058,502,2081,709,0.4043017625808716,0,1
10059,502,2081,412,0.019510747864842415,0,1
10060,503,1762,1762,0.6590341925621033,1,3
10061,503,1762,1534,0.45116448402404785,0,3
10062,503,1762,1548,0.3648592531681061,0,3
10063,503,1762,390,0.15071557462215424,0,3
10064,503,1762,3716,0.3160806894302368,0,3
10065,503,1762,2205,0.2603324055671692,0,3
10066,503,1762,2005,0.5428884029388428,0,3
10067,503,1762,686,0.18806423246860504,0,3
10068,503,1762,919,0.3472982347011566,0,3
10069,503,1762,3182,0.4184183180332184,0,3
10070,503,1762,394,0.13052313029766083,0,3
10071,503,1762,2837,0.6964046359062195,0,3
10072,503,1762,2488,0.1740259975194931,0,3
10073,503,1762,1362,0.3956533670425415,0,3
10074,503,1762,2318,0.19350306689739227,0,3
10075,503,1762,1062,0.2661803662776947,0,3
10076,503,1762,1103,0.12671680748462677,0,3
10077,503,1762,3051,0.8188558220863342,0,3
10078,503,1762,3449,0.20291580259799957,0,3
10079,503,1762,3068,0.35000425577163696,0,3
10080,504,3060,3060,0.5575329065322876,1,1
10081,504,3060,3647,0.22798576951026917,0,1
10082,504,3060,2455,0.21292681992053986,0,1
10083,504,3060,135,0.1111382469534874,0,1
10084,504,3060,1393,0.2767757773399353,0,1
10085,504,3060,649,0.3267368972301483,0,1
10086,504,3060,1961,0.143878772854805,0,1
10087,504,3060,2051,0.4032231569290161,0,1
10088,504,3060,3756,0.3143268823623657,0,1
10089,504,3060,1383,0.1329154372215271,0,1
10090,504,3060,403,0.13867434859275818,0,1
10091,504,3060,2335,0.28826823830604553,0,1
10092,504,3060,58,0.12728892266750336,0,1
10093,504,3060,1867,0.09505664557218552,0,1
10094,504,3060,1426,0.34712743759155273,0,1
10095,504,3060,1106,0.08168628811836243,0,1
10096,504,3060,1003,0.39494767785072327,0,1
10097,504,3060,2765,0.5460758805274963,0,1
10098,504,3060,518,0.4142533242702484,0,1
10099,504,3060,929,0.5324488878250122,0,1
10100,505,1280,1280,0.7770995497703552,1,1
10101,505,1280,2973,0.029392432421445847,0,1
10102,505,1280,3016,0.06149441748857498,0,1
10103,505,1280,2691,0.008684664033353329,0,1
10104,505,1280,331,0.0054600536823272705,0,1
10105,505,1280,3520,0.013346259482204914,0,1
10106,505,1280,1949,0.05241132527589798,0,1
10107,505,1280,146,0.09928254038095474,0,1
10108,505,1280,892,0.2569255828857422,0,1
10109,505,1280,4162,0.03272249549627304,0,1
10110,505,1280,2040,0.018888482823967934,0,1
10111,505,1280,4091,0.34316399693489075,0,1
10112,505,1280,1579,0.14194856584072113,0,1
10113,505,1280,1492,0.24692805111408234,0,1
10114,505,1280,1228,0.20306286215782166,0,1
10115,505,1280,621,0.03531928360462189,0,1
10116,505,1280,1425,0.3507019281387329,0,1
10117,505,1280,3117,0.12879428267478943,0,1
10118,505,1280,3132,0.0535639263689518,0,1
10119,505,1280,576,0.09166236221790314,0,1
10120,506,1328,1328,0.7089900970458984,1,1
10121,506,1328,2988,0.49175968766212463,0,1
10122,506,1328,1684,0.002570356009528041,0,1
10123,506,1328,707,0.03122822567820549,0,1
10124,506,1328,1523,0.3070620894432068,0,1
10125,506,1328,4081,0.3054003417491913,0,1
10126,506,1328,1436,0.005122416652739048,0,1
10127,506,1328,386,0.11973825097084045,0,1
10128,506,1328,2024,0.025069572031497955,0,1
10129,506,1328,737,0.06497332453727722,0,1
10130,506,1328,4011,0.2752602696418762,0,1
10131,506,1328,875,0.04031158611178398,0,1
10132,506,1328,3853,0.0370173417031765,0,1
10133,506,1328,227,0.32258370518684387,0,1
10134,506,1328,4090,0.20977380871772766,0,1
10135,506,1328,2351,0.03395599126815796,0,1
10136,506,1328,1232,0.13847775757312775,0,1
10137,506,1328,1585,0.04726429283618927,0,1
10138,506,1328,861,0.5406131148338318,0,1
10139,506,1328,611,0.3011235296726227,0,1
10140,507,1340,1340,0.5106996297836304,1,2
10141,507,1340,1445,0.1671527922153473,0,2
10142,507,1340,3133,0.37445253133773804,0,2
10143,507,1340,1171,0.12497282773256302,0,2
10144,507,1340,894,0.7231879234313965,0,2
10145,507,1340,2983,0.4107673466205597,0,2
10146,507,1340,3556,0.03718472644686699,0,2
10147,507,1340,1375,0.4686485230922699,0,2
10148,507,1340,261,0.3596397936344147,0,2
10149,507,1340,145,0.45346346497535706,0,2
10150,507,1340,2971,0.05406960844993591,0,2
10151,507,1340,2032,0.05190747603774071,0,2
10152,507,1340,1466,0.25650379061698914,0,2
10153,507,1340,105,0.33968740701675415,0,2
10154,507,1340,3330,0.10366588085889816,0,2
10155,507,1340,3915,0.03855639696121216,0,2
10156,507,1340,3345,0.3712046146392822,0,2
10157,507,1340,33,0.06697633862495422,0,2
10158,507,1340,581,0.44135594367980957,0,2
10159,507,1340,2204,0.05319233238697052,0,2
10160,508,2508,2508,0.6105180382728577,1,1
10161,508,2508,672,0.3852003514766693,0,1
10162,508,2508,3914,0.46196210384368896,0,1
10163,508,2508,2851,0.2810767889022827,0,1
10164,508,2508,2148,0.522773802280426,0,1
10165,508,2508,3506,0.2971033453941345,0,1
10166,508,2508,2839,0.061774592846632004,0,1
10167,508,2508,1609,0.3426741361618042,0,1
10168,508,2508,479,0.09735129773616791,0,1
10169,508,2508,376,0.3206905722618103,0,1
10170,508,2508,2041,0.28171664476394653,0,1
10171,508,2508,1677,0.10945144295692444,0,1
10172,508,2508,3674,0.151045560836792,0,1
10173,508,2508,622,0.444575697183609,0,1
10174,508,2508,341,0.4177333116531372,0,1
10175,508,2508,985,0.5529326796531677,0,1
10176,508,2508,2643,0.4769347012042999,0,1
10177,508,2508,236,0.07258420437574387,0,1
10178,508,2508,2145,0.5465556979179382,0,1
10179,508,2508,403,0.4488808512687683,0,1
10180,509,1966,1966,0.9960173964500427,1,1
10181,509,1966,872,0.06021180748939514,0,1
10182,509,1966,2829,0.0018908277852460742,0,1
10183,509,1966,929,0.0010695124510675669,0,1
10184,509,1966,3443,0.040464870631694794,0,1
10185,509,1966,4131,0.024164829403162003,0,1
10186,509,1966,696,0.051150642335414886,0,1
10187,509,1966,2855,0.002070570597425103,0,1
10188,509,1966,1848,0.40047669410705566,0,1
10189,509,1966,132,0.002338665770366788,0,1
10190,509,1966,836,0.04655484855175018,0,1
10191,509,1966,479,0.0004749676736537367,0,1
10192,509,1966,1244,0.012637924402952194,0,1
10193,509,1966,1575,0.012015928514301777,0,1
10194,509,1966,1402,0.01661325804889202,0,1
10195,509,1966,1071,0.0005495153600350022,0,1
10196,509,1966,3124,0.17784303426742554,0,1
10197,509,1966,735,0.3382866680622101,0,1
10198,509,1966,1724,0.0033563326578587294,0,1
10199,509,1966,2099,0.00027505322941578925,0,1
10200,510,3577,3577,0.5382120609283447,1,1
10201,510,3577,1924,0.3099583685398102,0,1
10202,510,3577,1547,0.20401208102703094,0,1
10203,510,3577,2022,0.24699318408966064,0,1
10204,510,3577,2706,0.48340052366256714,0,1
10205,510,3577,3179,0.4586990773677826,0,1
10206,510,3577,3061,0.3733299970626831,0,1
10207,510,3577,2787,0.40425390005111694,0,1
10208,510,3577,516,0.3492126166820526,0,1
10209,510,3577,1587,0.16796736419200897,0,1
10210,510,3577,2238,0.2360544353723526,0,1
10211,510,3577,928,0.4443129897117615,0,1
10212,510,3577,3937,0.42489707469940186,0,1
10213,510,3577,1586,0.1621021330356598,0,1
10214,510,3577,1432,0.47333523631095886,0,1
10215,510,3577,1030,0.32595640420913696,0,1
10216,510,3577,1810,0.2502900958061218,0,1
10217,510,3577,2924,0.12478549033403397,0,1
10218,510,3577,3626,0.3928486108779907,0,1
10219,510,3577,2457,0.44641515612602234,0,1
10220,511,2622,2622,0.7520111203193665,1,2
10221,511,2622,570,0.13499541580677032,0,2
10222,511,2622,1697,0.5063716173171997,0,2
10223,511,2622,1106,0.08801264315843582,0,2
10224,511,2622,1548,0.13684438169002533,0,2
10225,511,2622,3218,0.07733787596225739,0,2
10226,511,2622,2829,0.3361917734146118,0,2
10227,511,2622,3663,0.15924137830734253,0,2
10228,511,2622,1238,0.04838595166802406,0,2
10229,511,2622,95,0.35834014415740967,0,2
10230,511,2622,1448,0.6531063318252563,0,2
10231,511,2622,719,0.2900617718696594,0,2
10232,511,2622,97,0.13154859840869904,0,2
10233,511,2622,1848,0.3527790606021881,0,2
10234,511,2622,2598,0.11223198473453522,0,2
10235,511,2622,2075,0.06554786115884781,0,2
10236,511,2622,171,0.7943276166915894,0,2
10237,511,2622,3196,0.6776372194290161,0,2
10238,511,2622,2529,0.6029052734375,0,2
10239,511,2622,3976,0.603492259979248,0,2
10240,512,184,184,0.5847406983375549,1,1
10241,512,184,264,0.5325025320053101,0,1
10242,512,184,1851,0.27043119072914124,0,1
10243,512,184,2068,0.36702823638916016,0,1
10244,512,184,4100,0.28307849168777466,0,1
10245,512,184,691,0.18762189149856567,0,1
10246,512,184,238,0.2951955497264862,0,1
10247,512,184,205,0.37725237011909485,0,1
10248,512,184,2016,0.1957242488861084,0,1
10249,512,184,2479,0.13237261772155762,0,1
10250,512,184,1902,0.3968908190727234,0,1
10251,512,184,693,0.36612072587013245,0,1
10252,512,184,2830,0.12068254500627518,0,1
10253,512,184,1978,0.23106981813907623,0,1
10254,512,184,669,0.3367418348789215,0,1
10255,512,184,3692,0.15513399243354797,0,1
10256,512,184,1872,0.1604471206665039,0,1
10257,512,184,2768,0.08860442042350769,0,1
10258,512,184,907,0.034293536096811295,0,1
10259,512,184,3542,0.31807464361190796,0,1
10260,513,3219,3219,0.8264303207397461,1,1
10261,513,3219,2685,0.3190372586250305,0,1
10262,513,3219,1464,0.3173656165599823,0,1
10263,513,3219,354,0.036562420427799225,0,1
10264,513,3219,2879,0.320278137922287,0,1
10265,513,3219,2131,0.07038180530071259,0,1
10266,513,3219,1,0.36560845375061035,0,1
10267,513,3219,3496,0.024871734902262688,0,1
10268,513,3219,4023,0.4748624265193939,0,1
10269,513,3219,3237,0.645067572593689,0,1
10270,513,3219,3595,0.657565712928772,0,1
10271,513,3219,2388,0.166616752743721,0,1
10272,513,3219,595,0.015318921767175198,0,1
10273,513,3219,3345,0.000909135676920414,0,1
10274,513,3219,748,0.6034168601036072,0,1
10275,513,3219,1560,0.6975841522216797,0,1
10276,513,3219,2145,0.5354322195053101,0,1
10277,513,3219,2722,0.3095985949039459,0,1
10278,513,3219,2516,0.05245881527662277,0,1
10279,513,3219,2593,0.0171379204839468,0,1
10280,514,3825,3825,0.8162376284599304,1,3
10281,514,3825,2098,0.3751445412635803,0,3
10282,514,3825,3875,0.9497556090354919,0,3
10283,514,3825,3013,0.16073669493198395,0,3
10284,514,3825,1238,0.01014801301062107,0,3
10285,514,3825,2529,0.6346556544303894,0,3
10286,514,3825,2373,0.020009588450193405,0,3
10287,514,3825,1010,0.15047988295555115,0,3
10288,514,3825,4052,0.012475986033678055,0,3
10289,514,3825,1517,0.34167996048927307,0,3
10290,514,3825,3315,0.11617497354745865,0,3
10291,514,3825,2657,0.6586813926696777,0,3
10292,514,3825,3112,0.14129382371902466,0,3
10293,514,3825,1062,0.23756399750709534,0,3
10294,514,3825,4010,0.46492692828178406,0,3
10295,514,3825,563,0.24058957397937775,0,3
10296,514,3825,1354,0.06563819199800491,0,3
10297,514,3825,3293,0.46390292048454285,0,3
10298,514,3825,3934,0.016698993742465973,0,3
10299,514,3825,3330,0.9364258050918579,0,3
10300,515,172,172,0.6533010005950928,1,1
10301,515,172,205,0.6252793073654175,0,1
10302,515,172,533,0.3682696521282196,0,1
10303,515,172,2511,0.11940407007932663,0,1
10304,515,172,1326,0.04649607837200165,0,1
10305,515,172,1108,0.23027442395687103,0,1
10306,515,172,322,0.0352020338177681,0,1
10307,515,172,1306,0.19932323694229126,0,1
10308,515,172,3878,0.05992082133889198,0,1
10309,515,172,969,0.32540223002433777,0,1
10310,515,172,508,0.4040748178958893,0,1
10311,515,172,203,0.04999782517552376,0,1
10312,515,172,2363,0.24990811944007874,0,1
10313,515,172,928,0.36667436361312866,0,1
10314,515,172,41,0.42579320073127747,0,1
10315,515,172,2791,0.15857882797718048,0,1
10316,515,172,2327,0.29238376021385193,0,1
10317,515,172,954,0.36100760102272034,0,1
10318,515,172,363,0.15813477337360382,0,1
10319,515,172,3132,0.18807676434516907,0,1
10320,516,2194,2194,0.639009416103363,1,2
10321,516,2194,3577,0.5085818767547607,0,2
10322,516,2194,280,0.36891862750053406,0,2
10323,516,2194,3040,0.5510408878326416,0,2
10324,516,2194,3579,0.3278798758983612,0,2
10325,516,2194,273,0.17050929367542267,0,2
10326,516,2194,3575,0.10881558060646057,0,2
10327,516,2194,2780,0.24352878332138062,0,2
10328,516,2194,973,0.4890133738517761,0,2
10329,516,2194,987,0.28989148139953613,0,2
10330,516,2194,2531,0.4287298917770386,0,2
10331,516,2194,2751,0.49627864360809326,0,2
10332,516,2194,1917,0.644618809223175,0,2
10333,516,2194,1340,0.43403160572052,0,2
10334,516,2194,2874,0.3576452434062958,0,2
10335,516,2194,568,0.5537572503089905,0,2
10336,516,2194,4057,0.5425704717636108,0,2
10337,516,2194,3328,0.414031058549881,0,2
10338,516,2194,3756,0.417547345161438,0,2
10339,516,2194,1856,0.3453807234764099,0,2
10340,517,313,313,0.6292152404785156,1,4
10341,517,313,2623,0.5475143194198608,0,4
10342,517,313,4027,0.6666996479034424,0,4
10343,517,313,265,0.8724091053009033,0,4
10344,517,313,3983,0.1549174040555954,0,4
10345,517,313,906,0.7535170316696167,0,4
10346,517,313,3586,0.19491392374038696,0,4
10347,517,313,3771,0.4304637014865875,0,4
10348,517,313,479,0.3887070119380951,0,4
10349,517,313,1325,0.37353137135505676,0,4
10350,517,313,3665,0.30552157759666443,0,4
10351,517,313,3985,0.20093263685703278,0,4
10352,517,313,3708,0.46260178089141846,0,4
10353,517,313,281,0.1234147921204567,0,4
10354,517,313,445,0.3470534384250641,0,4
10355,517,313,3610,0.22969470918178558,0,4
10356,517,313,2318,0.5229542255401611,0,4
10357,517,313,1678,0.38926899433135986,0,4
10358,517,313,2520,0.15857209265232086,0,4
10359,517,313,2151,0.5502867102622986,0,4
10360,518,3403,3403,0.9424679279327393,1,2
10361,518,3403,3546,0.8648771047592163,0,2
10362,518,3403,51,0.4421837031841278,0,2
10363,518,3403,4056,0.974599301815033,0,2
10364,518,3403,4034,0.8709346055984497,0,2
10365,518,3403,3440,0.5235904455184937,0,2
10366,518,3403,1601,0.6718048453330994,0,2
10367,518,3403,266,0.13770151138305664,0,2
10368,518,3403,4112,0.10208960622549057,0,2
10369,518,3403,2097,0.5508809685707092,0,2
10370,518,3403,157,0.4641224145889282,0,2
10371,518,3403,2426,0.4812615215778351,0,2
10372,518,3403,1797,0.10431299358606339,0,2
10373,518,3403,3042,0.5660959482192993,0,2
10374,518,3403,2385,0.6592347025871277,0,2
10375,518,3403,3346,0.4956323206424713,0,2
10376,518,3403,256,0.08792977035045624,0,2
10377,518,3403,3747,0.7451294660568237,0,2
10378,518,3403,2963,0.8423718214035034,0,2
10379,518,3403,1863,0.7297791242599487,0,2
10380,519,3499,3499,0.6864280104637146,1,3
10381,519,3499,3868,0.4151369333267212,0,3
10382,519,3499,3744,0.312178373336792,0,3
10383,519,3499,4084,0.47695955634117126,0,3
10384,519,3499,1057,0.23536290228366852,0,3
10385,519,3499,1665,0.7793105840682983,0,3
10386,519,3499,2250,0.5241366624832153,0,3
10387,519,3499,1696,0.15661339461803436,0,3
10388,519,3499,4027,0.5642116069793701,0,3
10389,519,3499,440,0.5384868383407593,0,3
10390,519,3499,3902,0.5767995715141296,0,3
10391,519,3499,167,0.22894832491874695,0,3
10392,519,3499,2053,0.37090635299682617,0,3
10393,519,3499,3810,0.36910581588745117,0,3
10394,519,3499,1636,0.11781342327594757,0,3
10395,519,3499,4089,0.8375622630119324,0,3
10396,519,3499,1859,0.3145819306373596,0,3
10397,519,3499,1800,0.24438844621181488,0,3
10398,519,3499,1474,0.17984046041965485,0,3
10399,519,3499,652,0.097468301653862,0,3
10400,520,1142,1142,0.49756190180778503,1,1
10401,520,1142,198,0.45306524634361267,0,1
10402,520,1142,1906,0.14051726460456848,0,1
10403,520,1142,1477,0.2974184453487396,0,1
10404,520,1142,1100,0.11597034335136414,0,1
10405,520,1142,69,0.231143057346344,0,1
10406,520,1142,2743,0.33493250608444214,0,1
10407,520,1142,2759,0.24197688698768616,0,1
10408,520,1142,2412,0.42715638875961304,0,1
10409,520,1142,247,0.2805883288383484,0,1
10410,520,1142,3086,0.32133209705352783,0,1
10411,520,1142,1307,0.3291770815849304,0,1
10412,520,1142,288,0.2799299359321594,0,1
10413,520,1142,4055,0.2289734184741974,0,1
10414,520,1142,2485,0.27851980924606323,0,1
10415,520,1142,124,0.28360334038734436,0,1
10416,520,1142,2624,0.20648521184921265,0,1
10417,520,1142,4088,0.20664362609386444,0,1
10418,520,1142,1627,0.24770168960094452,0,1
10419,520,1142,2158,0.4613398015499115,0,1
10420,521,41,41,0.5558825135231018,1,1
10421,521,41,3374,0.05648192763328552,0,1
10422,521,41,584,0.2556209862232208,0,1
10423,521,41,2718,0.178350031375885,0,1
10424,521,41,534,0.41218793392181396,0,1
10425,521,41,865,0.3783450722694397,0,1
10426,521,41,1445,0.15099218487739563,0,1
10427,521,41,3009,0.4064560830593109,0,1
10428,521,41,997,0.3894890248775482,0,1
10429,521,41,1333,0.35349467396736145,0,1
10430,521,41,1779,0.3693081736564636,0,1
10431,521,41,4080,0.11284958571195602,0,1
10432,521,41,2581,0.05258934572339058,0,1
10433,521,41,1831,0.11926388740539551,0,1
10434,521,41,3562,0.08235377818346024,0,1
10435,521,41,818,0.46006762981414795,0,1
10436,521,41,1793,0.05678807571530342,0,1
10437,521,41,3579,0.11510399729013443,0,1
10438,521,41,1632,0.07765006273984909,0,1
10439,521,41,2504,0.01922430470585823,0,1
10440,522,2600,2600,0.6368378400802612,1,1
10441,522,2600,3737,0.21310411393642426,0,1
10442,522,2600,3267,0.5314578413963318,0,1
10443,522,2600,1499,0.28996264934539795,0,1
10444,522,2600,2296,0.11536426097154617,0,1
10445,522,2600,4075,0.2834988534450531,0,1
10446,522,2600,3636,0.20845040678977966,0,1
10447,522,2600,2888,0.5134726762771606,0,1
10448,522,2600,304,0.28209221363067627,0,1
10449,522,2600,26,0.4839418828487396,0,1
10450,522,2600,4106,0.3376505970954895,0,1
10451,522,2600,2830,0.6159590482711792,0,1
10452,522,2600,2821,0.5812517404556274,0,1
10453,522,2600,3041,0.03674928843975067,0,1
10454,522,2600,3554,0.28717929124832153,0,1
10455,522,2600,932,0.18989971280097961,0,1
10456,522,2600,2864,0.22750015556812286,0,1
10457,522,2600,3929,0.4534805417060852,0,1
10458,522,2600,3604,0.07031968235969543,0,1
10459,522,2600,3261,0.1946078985929489,0,1
10460,523,258,258,0.49448880553245544,1,1
10461,523,258,1758,0.07998505234718323,0,1
10462,523,258,420,0.29862549901008606,0,1
10463,523,258,3016,0.12909294664859772,0,1
10464,523,258,684,0.3438529074192047,0,1
10465,523,258,1184,0.017781024798750877,0,1
10466,523,258,2933,0.307500958442688,0,1
10467,523,258,3930,0.2663179039955139,0,1
10468,523,258,187,0.09188951551914215,0,1
10469,523,258,832,0.02810775302350521,0,1
10470,523,258,718,0.0969085842370987,0,1
10471,523,258,2444,0.28717732429504395,0,1
10472,523,258,367,0.23786181211471558,0,1
10473,523,258,2778,0.21962912380695343,0,1
10474,523,258,351,0.05497092008590698,0,1
10475,523,258,3485,0.30472826957702637,0,1
10476,523,258,1655,0.05648357421159744,0,1
10477,523,258,4169,0.15137504041194916,0,1
10478,523,258,1081,0.4470148980617523,0,1
10479,523,258,3776,0.18369393050670624,0,1
10480,524,1086,1086,0.4297536015510559,1,5
10481,524,1086,3031,0.14363910257816315,0,5
10482,524,1086,2209,0.22139376401901245,0,5
10483,524,1086,2776,0.2955566942691803,0,5
10484,524,1086,317,0.4645636975765228,0,5
10485,524,1086,372,0.32681840658187866,0,5
10486,524,1086,942,0.303999125957489,0,5
10487,524,1086,1867,0.04459739476442337,0,5
10488,524,1086,522,0.12898099422454834,0,5
10489,524,1086,508,0.38363754749298096,0,5
10490,524,1086,3971,0.08796004205942154,0,5
10491,524,1086,2921,0.1033172756433487,0,5
10492,524,1086,1506,0.4213486611843109,0,5
10493,524,1086,2199,0.49627941846847534,0,5
10494,524,1086,2659,0.4803094267845154,0,5
10495,524,1086,1015,0.11098036170005798,0,5
10496,524,1086,81,0.4578384757041931,0,5
10497,524,1086,3147,0.25424936413764954,0,5
10498,524,1086,3547,0.2747756838798523,0,5
10499,524,1086,1183,0.04517289623618126,0,5
10500,525,1003,1003,0.5970984697341919,1,4
10501,525,1003,485,0.23820331692695618,0,4
10502,525,1003,3664,0.6091023087501526,0,4
10503,525,1003,2075,0.08528183400630951,0,4
10504,525,1003,2262,0.7916418313980103,0,4
10505,525,1003,3719,0.5077762007713318,0,4
10506,525,1003,4156,0.25800269842147827,0,4
10507,525,1003,1160,0.48802608251571655,0,4
10508,525,1003,3515,0.6364477276802063,0,4
10509,525,1003,3783,0.25896814465522766,0,4
10510,525,1003,1243,0.5785866379737854,0,4
10511,525,1003,2950,0.21280746161937714,0,4
10512,525,1003,113,0.5464471578598022,0,4
10513,525,1003,2157,0.40424004197120667,0,4
10514,525,1003,2609,0.19253656268119812,0,4
10515,525,1003,349,0.5909486413002014,0,4
10516,525,1003,3327,0.5375970602035522,0,4
10517,525,1003,226,0.3954901099205017,0,4
10518,525,1003,3662,0.5541623830795288,0,4
10519,525,1003,412,0.26222532987594604,0,4
10520,526,4106,4106,0.5933610200881958,1,4
10521,526,4106,3197,0.21220079064369202,0,4
10522,526,4106,3911,0.3870883882045746,0,4
10523,526,4106,2572,0.20934031903743744,0,4
10524,526,4106,1600,0.2050650268793106,0,4
10525,526,4106,2080,0.6583344340324402,0,4
10526,526,4106,1369,0.35315391421318054,0,4
10527,526,4106,1037,0.34889841079711914,0,4
10528,526,4106,2432,0.2941645383834839,0,4
10529,526,4106,241,0.17453308403491974,0,4
10530,526,4106,2257,0.6360993981361389,0,4
10531,526,4106,794,0.05809750780463219,0,4
10532,526,4106,3254,0.16031548380851746,0,4
10533,526,4106,4163,0.37755927443504333,0,4
10534,526,4106,80,0.2626682221889496,0,4
10535,526,4106,2979,0.6837436556816101,0,4
10536,526,4106,3245,0.163154736161232,0,4
10537,526,4106,1691,0.2899482250213623,0,4
10538,526,4106,1828,0.39304810762405396,0,4
10539,526,4106,1845,0.43525469303131104,0,4
10540,527,892,892,0.6857364773750305,1,6
10541,527,892,2054,0.5739662051200867,0,6
10542,527,892,2116,0.5501588582992554,0,6
10543,527,892,3557,0.48655927181243896,0,6
10544,527,892,1671,0.4015423357486725,0,6
10545,527,892,3738,0.1786232441663742,0,6
10546,527,892,1065,0.7394880652427673,0,6
10547,527,892,2583,0.959749698638916,0,6
10548,527,892,3294,0.7432819604873657,0,6
10549,527,892,3636,0.155583456158638,0,6
10550,527,892,4068,0.14158226549625397,0,6
10551,527,892,2327,0.8288369178771973,0,6
10552,527,892,4161,0.21797184646129608,0,6
10553,527,892,49,0.4611804187297821,0,6
10554,527,892,1949,0.3217702805995941,0,6
10555,527,892,3896,0.48848533630371094,0,6
10556,527,892,1846,0.5819087028503418,0,6
10557,527,892,3803,0.3576333820819855,0,6
10558,527,892,3614,0.37190139293670654,0,6
10559,527,892,1857,0.8785987496376038,0,6
10560,528,153,153,0.5753450393676758,1,1
10561,528,153,4120,0.24484547972679138,0,1
10562,528,153,959,0.3941039443016052,0,1
10563,528,153,3925,0.4085748493671417,0,1
10564,528,153,1693,0.18804635107517242,0,1
10565,528,153,1144,0.4381738603115082,0,1
10566,528,153,596,0.4996517300605774,0,1
10567,528,153,3617,0.3626350462436676,0,1
10568,528,153,985,0.48456302285194397,0,1
10569,528,153,3268,0.5100943446159363,0,1
10570,528,153,761,0.4564617872238159,0,1
10571,528,153,934,0.34133270382881165,0,1
10572,528,153,4036,0.4635971188545227,0,1
10573,528,153,3821,0.3753431439399719,0,1
10574,528,153,4059,0.3706468939781189,0,1
10575,528,153,1064,0.22970792651176453,0,1
10576,528,153,1930,0.41311749815940857,0,1
10577,528,153,1812,0.47418662905693054,0,1
10578,528,153,1672,0.09114901721477509,0,1
10579,528,153,3646,0.33024144172668457,0,1
10580,529,695,695,0.9657914042472839,1,2
10581,529,695,3892,0.00201562512665987,0,2
10582,529,695,4024,0.23383140563964844,0,2
10583,529,695,872,0.1310984045267105,0,2
10584,529,695,3799,0.21891021728515625,0,2
10585,529,695,547,0.13769225776195526,0,2
10586,529,695,1640,0.9858104586601257,0,2
10587,529,695,3617,0.008384646847844124,0,2
10588,529,695,910,0.012440657243132591,0,2
10589,529,695,3335,0.01594342477619648,0,2
10590,529,695,1190,0.00203590071760118,0,2
10591,529,695,3937,2.395967567281332e-05,0,2
10592,529,695,636,0.0005675536813214421,0,2
10593,529,695,1110,0.033080536872148514,0,2
10594,529,695,1792,0.002955548232421279,0,2
10595,529,695,2535,0.07212162762880325,0,2
10596,529,695,1966,0.03180079907178879,0,2
10597,529,695,1580,0.005522964987903833,0,2
10598,529,695,2448,0.04696904867887497,0,2
10599,529,695,1229,0.7062000036239624,0,2
10600,530,3406,3406,0.5933958292007446,1,4
10601,530,3406,3645,0.07999585568904877,0,4
10602,530,3406,3140,0.5340419411659241,0,4
10603,530,3406,3702,0.5869461297988892,0,4
10604,530,3406,4128,0.6018115878105164,0,4
10605,530,3406,2493,0.44118231534957886,0,4
10606,530,3406,4015,0.29090240597724915,0,4
10607,530,3406,484,0.2196751832962036,0,4
10608,530,3406,3528,0.4380435645580292,0,4
10609,530,3406,958,0.5979831218719482,0,4
10610,530,3406,29,0.44374290108680725,0,4
10611,530,3406,3211,0.5051396489143372,0,4
10612,530,3406,2712,0.6676082611083984,0,4
10613,530,3406,3878,0.37770017981529236,0,4
10614,530,3406,2896,0.5842457413673401,0,4
10615,530,3406,1378,0.3042459785938263,0,4
10616,530,3406,3929,0.24819836020469666,0,4
10617,530,3406,30,0.4551093280315399,0,4
10618,530,3406,2771,0.04522025212645531,0,4
10619,530,3406,1987,0.4625181257724762,0,4
10620,531,2787,2787,0.5788070559501648,1,2
10621,531,2787,630,0.43745914101600647,0,2
10622,531,2787,3414,0.2866712510585785,0,2
10623,531,2787,2347,0.43473580479621887,0,2
10624,531,2787,240,0.3074643015861511,0,2
10625,531,2787,891,0.24849845468997955,0,2
10626,531,2787,2086,0.13524186611175537,0,2
10627,531,2787,1073,0.22120390832424164,0,2
10628,531,2787,3996,0.07654000073671341,0,2
10629,531,2787,744,0.4537874162197113,0,2
10630,531,2787,286,0.7493336200714111,0,2
10631,531,2787,2429,0.3233994245529175,0,2
10632,531,2787,1205,0.3791457712650299,0,2
10633,531,2787,451,0.14209559559822083,0,2
10634,531,2787,1987,0.4680710434913635,0,2
10635,531,2787,3327,0.3998699486255646,0,2
10636,531,2787,3400,0.1859903186559677,0,2
10637,531,2787,3780,0.21106013655662537,0,2
10638,531,2787,1563,0.2867279350757599,0,2
10639,531,2787,1010,0.2719058692455292,0,2
10640,532,1869,1869,0.623190701007843,1,1
10641,532,1869,2705,0.2971775531768799,0,1
10642,532,1869,1683,0.42298731207847595,0,1
10643,532,1869,2239,0.22995173931121826,0,1
10644,532,1869,866,0.256020724773407,0,1
10645,532,1869,787,0.45043712854385376,0,1
10646,532,1869,3939,0.36878249049186707,0,1
10647,532,1869,79,0.5221946239471436,0,1
10648,532,1869,1493,0.14177806675434113,0,1
10649,532,1869,1436,0.10974908620119095,0,1
10650,532,1869,3857,0.1851235032081604,0,1
10651,532,1869,3257,0.2470824122428894,0,1
10652,532,1869,3392,0.3102492392063141,0,1
10653,532,1869,1188,0.14914338290691376,0,1
10654,532,1869,239,0.36336198449134827,0,1
10655,532,1869,3353,0.36582332849502563,0,1
10656,532,1869,1821,0.39419877529144287,0,1
10657,532,1869,3838,0.11826477944850922,0,1
10658,532,1869,529,0.28409528732299805,0,1
10659,532,1869,2739,0.14522375166416168,0,1
10660,533,1185,1185,0.8173413276672363,1,2
10661,533,1185,2476,0.5264496207237244,0,2
10662,533,1185,73,0.31408435106277466,0,2
10663,533,1185,2528,0.31198441982269287,0,2
10664,533,1185,2353,0.9613922834396362,0,2
10665,533,1185,2040,0.06578852236270905,0,2
10666,533,1185,1791,0.46038708090782166,0,2
10667,533,1185,3000,0.6768479347229004,0,2
10668,533,1185,2184,0.027799617499113083,0,2
10669,533,1185,148,0.441125750541687,0,2
10670,533,1185,1438,0.11170093715190887,0,2
10671,533,1185,3337,0.031077684834599495,0,2
10672,533,1185,1451,0.18643724918365479,0,2
10673,533,1185,985,0.6242324113845825,0,2
10674,533,1185,3425,0.15926669538021088,0,2
10675,533,1185,2202,0.7476876974105835,0,2
10676,533,1185,1129,0.4218929409980774,0,2
10677,533,1185,3007,0.612935483455658,0,2
10678,533,1185,3486,0.4784083366394043,0,2
10679,533,1185,2029,0.6868723630905151,0,2
10680,534,3221,3221,0.753771960735321,1,2
10681,534,3221,4075,0.5518391132354736,0,2
10682,534,3221,605,0.24093098938465118,0,2
10683,534,3221,788,0.10669659823179245,0,2
10684,534,3221,3945,0.3571426272392273,0,2
10685,534,3221,3819,0.02984595112502575,0,2
10686,534,3221,1676,0.17451408505439758,0,2
10687,534,3221,1447,0.1270872801542282,0,2
10688,534,3221,133,0.04478707164525986,0,2
10689,534,3221,2585,0.446359246969223,0,2
10690,534,3221,1940,0.6610217094421387,0,2
10691,534,3221,1419,0.23782925307750702,0,2
10692,534,3221,2123,0.8986035585403442,0,2
10693,534,3221,213,0.14616259932518005,0,2
10694,534,3221,1068,0.24626478552818298,0,2
10695,534,3221,469,0.41949471831321716,0,2
10696,534,3221,1523,0.47908249497413635,0,2
10697,534,3221,1770,0.6341488361358643,0,2
10698,534,3221,2697,0.6379923820495605,0,2
10699,534,3221,2110,0.1279834359884262,0,2
10700,535,2014,2014,0.5206515789031982,1,1
10701,535,2014,3028,0.025571594014763832,0,1
10702,535,2014,1747,0.22064422070980072,0,1
10703,535,2014,672,0.37063005566596985,0,1
10704,535,2014,2152,0.3631899356842041,0,1
10705,535,2014,3608,0.11704645305871964,0,1
10706,535,2014,1078,0.21137671172618866,0,1
10707,535,2014,376,0.09001582115888596,0,1
10708,535,2014,3897,0.15859456360340118,0,1
10709,535,2014,128,0.30859318375587463,0,1
10710,535,2014,2652,0.16599853336811066,0,1
10711,535,2014,638,0.11822187155485153,0,1
10712,535,2014,4146,0.020539412274956703,0,1
10713,535,2014,1407,0.1640445590019226,0,1
10714,535,2014,1954,0.22301752865314484,0,1
10715,535,2014,1910,0.34110093116760254,0,1
10716,535,2014,541,0.2889290452003479,0,1
10717,535,2014,3555,0.1644454002380371,0,1
10718,535,2014,1568,0.06137792766094208,0,1
10719,535,2014,2892,0.04168199747800827,0,1
10720,536,2854,2854,0.691981852054596,1,4
10721,536,2854,3544,0.5641563534736633,0,4
10722,536,2854,519,0.5369853377342224,0,4
10723,536,2854,3393,0.3558679521083832,0,4
10724,536,2854,2167,0.271490216255188,0,4
10725,536,2854,193,0.18293960392475128,0,4
10726,536,2854,1081,0.48163533210754395,0,4
10727,536,2854,1026,0.12998858094215393,0,4
10728,536,2854,711,0.45952677726745605,0,4
10729,536,2854,3637,0.6773656010627747,0,4
10730,536,2854,3810,0.31751108169555664,0,4
10731,536,2854,3899,0.1366032212972641,0,4
10732,536,2854,325,0.16239118576049805,0,4
10733,536,2854,1964,0.48886406421661377,0,4
10734,536,2854,3441,0.2909833788871765,0,4
10735,536,2854,1651,0.8621846437454224,0,4
10736,536,2854,3283,0.7583775520324707,0,4
10737,536,2854,1605,0.6314557790756226,0,4
10738,536,2854,456,0.4517805874347687,0,4
10739,536,2854,3994,0.8074148893356323,0,4
10740,537,3005,3005,0.8533008098602295,1,2
10741,537,3005,1082,0.4051992893218994,0,2
10742,537,3005,3312,0.45430710911750793,0,2
10743,537,3005,1976,0.44568419456481934,0,2
10744,537,3005,2246,0.18029135465621948,0,2
10745,537,3005,1034,0.7090046405792236,0,2
10746,537,3005,2577,0.8926042318344116,0,2
10747,537,3005,2740,0.07172694802284241,0,2
10748,537,3005,2332,0.5757042169570923,0,2
10749,537,3005,3311,0.18886438012123108,0,2
10750,537,3005,4040,0.5173161029815674,0,2
10751,537,3005,2050,0.3622336983680725,0,2
10752,537,3005,1141,0.4527961313724518,0,2
10753,537,3005,2340,0.5439281463623047,0,2
10754,537,3005,4168,0.23301978409290314,0,2
10755,537,3005,3071,0.5591917037963867,0,2
10756,537,3005,2685,0.6160885095596313,0,2
10757,537,3005,4103,0.6701294183731079,0,2
10758,537,3005,1150,0.20772898197174072,0,2
10759,537,3005,4134,0.5263659358024597,0,2
10760,538,3903,3903,0.7059926986694336,1,1
10761,538,3903,1719,0.4052925705909729,0,1
10762,538,3903,2943,0.3297622501850128,0,1
10763,538,3903,64,0.06600400805473328,0,1
10764,538,3903,1256,0.224612295627594,0,1
10765,538,3903,2529,0.6051393747329712,0,1
10766,538,3903,3910,0.16253544390201569,0,1
10767,538,3903,2568,0.3880610167980194,0,1
10768,538,3903,2385,0.17705722153186798,0,1
10769,538,3903,1777,0.19547003507614136,0,1
10770,538,3903,3510,0.39686164259910583,0,1
10771,538,3903,1429,0.4039769768714905,0,1
10772,538,3903,2999,0.45848608016967773,0,1
10773,538,3903,1883,0.15204444527626038,0,1
10774,538,3903,1203,0.22510555386543274,0,1
10775,538,3903,3552,0.28555670380592346,0,1
10776,538,3903,2962,0.05200041085481644,0,1
10777,538,3903,256,0.028677722439169884,0,1
10778,538,3903,2900,0.14024274051189423,0,1
10779,538,3903,1025,0.14627724885940552,0,1
10780,539,871,871,0.49873459339141846,1,3
10781,539,871,2309,0.06662194430828094,0,3
10782,539,871,343,0.42035970091819763,0,3
10783,539,871,1190,0.06310015916824341,0,3
10784,539,871,3853,0.22147589921951294,0,3
10785,539,871,2498,0.5200218558311462,0,3
10786,539,871,1684,0.06548045575618744,0,3
10787,539,871,2343,0.14809639751911163,0,3
10788,539,871,2026,0.017209969460964203,0,3
10789,539,871,4020,0.3235405385494232,0,3
10790,539,871,4041,0.2271878570318222,0,3
10791,539,871,1559,0.4305262565612793,0,3
10792,539,871,3552,0.14670050144195557,0,3
10793,539,871,2240,0.4523066282272339,0,3
10794,539,871,3165,0.2312602400779724,0,3
10795,539,871,326,0.9631308913230896,0,3
10796,539,871,1611,0.11561153084039688,0,3
10797,539,871,3279,0.3461756408214569,0,3
10798,539,871,2536,0.01490436028689146,0,3
10799,539,871,923,0.18044152855873108,0,3
10800,540,1021,1021,0.8131424784660339,1,1
10801,540,1021,69,0.019906992092728615,0,1
10802,540,1021,3045,0.004893911071121693,0,1
10803,540,1021,228,0.004207404796034098,0,1
10804,540,1021,2906,0.0635438784956932,0,1
10805,540,1021,3782,0.19618865847587585,0,1
10806,540,1021,2762,0.0016915035666897893,0,1
10807,540,1021,3107,0.08283631503582001,0,1
10808,540,1021,184,0.27366742491722107,0,1
10809,540,1021,108,0.004429271444678307,0,1
10810,540,1021,673,0.09426034986972809,0,1
10811,540,1021,3149,0.0021099348086863756,0,1
10812,540,1021,1016,0.019607283174991608,0,1
10813,540,1021,1790,0.02571486122906208,0,1
10814,540,1021,2410,4.2383442632853985e-05,0,1
10815,540,1021,988,0.027008773759007454,0,1
10816,540,1021,3123,0.049247078597545624,0,1
10817,540,1021,753,0.008875254541635513,0,1
10818,540,1021,3583,8.487018203595653e-05,0,1
10819,540,1021,741,0.06190057098865509,0,1
10820,541,2597,2597,0.546779453754425,1,3
10821,541,2597,3378,0.10114770382642746,0,3
10822,541,2597,27,0.31806227564811707,0,3
10823,541,2597,1930,0.21799400448799133,0,3
10824,541,2597,384,0.5185795426368713,0,3
10825,541,2597,1784,0.17588284611701965,0,3
10826,541,2597,2550,0.1683841496706009,0,3
10827,541,2597,3613,0.1836303174495697,0,3
10828,541,2597,3772,0.15350957214832306,0,3
10829,541,2597,2610,0.05207090452313423,0,3
10830,541,2597,124,0.1334279477596283,0,3
10831,541,2597,2140,0.6181607842445374,0,3
10832,541,2597,1237,0.5317838191986084,0,3
10833,541,2597,3559,0.23093636333942413,0,3
10834,541,2597,1670,0.502324104309082,0,3
10835,541,2597,1112,0.4773145318031311,0,3
10836,541,2597,2255,0.1849304437637329,0,3
10837,541,2597,4142,0.3242029845714569,0,3
10838,541,2597,1668,0.5500070452690125,0,3
10839,541,2597,338,0.1815417855978012,0,3
10840,542,311,311,0.5336426496505737,1,1
10841,542,311,1204,0.5089409947395325,0,1
10842,542,311,3851,0.465559720993042,0,1
10843,542,311,1618,0.34086528420448303,0,1
10844,542,311,3987,0.1707146167755127,0,1
10845,542,311,2753,0.4434109628200531,0,1
10846,542,311,312,0.4453921318054199,0,1
10847,542,311,4124,0.4054590165615082,0,1
10848,542,311,769,0.5287418961524963,0,1
10849,542,311,1843,0.4512002170085907,0,1
10850,542,311,999,0.4957273006439209,0,1
10851,542,311,1800,0.294744074344635,0,1
10852,542,311,2989,0.29729101061820984,0,1
10853,542,311,2547,0.38632121682167053,0,1
10854,542,311,3220,0.4599660634994507,0,1
10855,542,311,1795,0.3850765526294708,0,1
10856,542,311,19,0.43409445881843567,0,1
10857,542,311,1044,0.16985471546649933,0,1
10858,542,311,4020,0.47686633467674255,0,1
10859,542,311,524,0.1491544246673584,0,1
10860,543,1034,1034,0.755477249622345,1,1
10861,543,1034,453,0.4266163110733032,0,1
10862,543,1034,605,0.151450976729393,0,1
10863,543,1034,338,0.1072169840335846,0,1
10864,543,1034,780,0.13985246419906616,0,1
10865,543,1034,2767,0.6020487546920776,0,1
10866,543,1034,2409,0.00784315075725317,0,1
10867,543,1034,3472,0.05824613198637962,0,1
10868,543,1034,908,0.042610447853803635,0,1
10869,543,1034,1101,0.45278674364089966,0,1
10870,543,1034,2906,0.12387058138847351,0,1
10871,543,1034,906,0.17296358942985535,0,1
10872,543,1034,2170,0.6531166434288025,0,1
10873,543,1034,3144,0.13081346452236176,0,1
10874,543,1034,2373,0.09050996601581573,0,1
10875,543,1034,191,0.011155626736581326,0,1
10876,543,1034,3049,0.03932265564799309,0,1
10877,543,1034,2763,0.10674404352903366,0,1
10878,543,1034,2284,0.28408464789390564,0,1
10879,543,1034,577,0.24020373821258545,0,1
10880,544,43,43,0.5665093660354614,1,2
10881,544,43,829,0.05583812668919563,0,2
10882,544,43,3,0.6388648152351379,0,2
10883,544,43,3987,0.21560561656951904,0,2
10884,544,43,3114,0.24913664162158966,0,2
10885,544,43,3462,0.20743833482265472,0,2
10886,544,43,3578,0.3182460069656372,0,2
10887,544,43,2617,0.36670875549316406,0,2
10888,544,43,4014,0.35064658522605896,0,2
10889,544,43,1453,0.05185416340827942,0,2
10890,544,43,3882,0.39316198229789734,0,2
10891,544,43,920,0.15549087524414062,0,2
10892,544,43,2960,0.2630409300327301,0,2
10893,544,43,3159,0.08387242257595062,0,2
10894,544,43,1463,0.10925538837909698,0,2
10895,544,43,3880,0.17938636243343353,0,2
10896,544,43,75,0.1290409117937088,0,2
10897,544,43,257,0.22437462210655212,0,2
10898,544,43,612,0.18265119194984436,0,2
10899,544,43,1414,0.3938082158565521,0,2
10900,545,3932,3932,0.9314397573471069,1,1
10901,545,3932,326,0.2111617922782898,0,1
10902,545,3932,882,0.002476880792528391,0,1
10903,545,3932,3809,0.34321269392967224,0,1
10904,545,3932,939,0.1190800741314888,0,1
10905,545,3932,2506,0.6027480363845825,0,1
10906,545,3932,30,0.4201366901397705,0,1
10907,545,3932,2127,0.0732152983546257,0,1
10908,545,3932,2990,0.153170645236969,0,1
10909,545,3932,494,0.6264528036117554,0,1
10910,545,3932,3347,0.2677444815635681,0,1
10911,545,3932,3910,0.06320755928754807,0,1
10912,545,3932,3385,0.5901506543159485,0,1
10913,545,3932,957,0.5480732321739197,0,1
10914,545,3932,1123,0.20223240554332733,0,1
10915,545,3932,377,0.847257137298584,0,1
10916,545,3932,3429,0.034962523728609085,0,1
10917,545,3932,3334,0.8564687967300415,0,1
10918,545,3932,3515,0.09833736717700958,0,1
10919,545,3932,2189,0.42429760098457336,0,1
10920,546,739,739,0.6484131813049316,1,1
10921,546,739,3349,0.0167672261595726,0,1
10922,546,739,1614,0.31190618872642517,0,1
10923,546,739,1632,0.13705772161483765,0,1
10924,546,739,2653,0.05644933134317398,0,1
10925,546,739,4070,0.12189566344022751,0,1
10926,546,739,3328,0.0831562951207161,0,1
10927,546,739,307,0.4884187579154968,0,1
10928,546,739,2598,0.0979253351688385,0,1
10929,546,739,1287,0.07664754986763,0,1
10930,546,739,3632,0.01203931961208582,0,1
10931,546,739,1836,0.1094670370221138,0,1
10932,546,739,3560,0.1517975926399231,0,1
10933,546,739,1432,0.009762606583535671,0,1
10934,546,739,2056,0.1497894823551178,0,1
10935,546,739,2655,0.1302918940782547,0,1
10936,546,739,3713,0.2616063356399536,0,1
10937,546,739,100,0.10826852172613144,0,1
10938,546,739,1082,0.18132807314395905,0,1
10939,546,739,2680,0.5988624095916748,0,1
10940,547,1037,1037,0.5238637328147888,1,1
10941,547,1037,2601,0.19430136680603027,0,1
10942,547,1037,1756,0.1611759066581726,0,1
10943,547,1037,195,0.35288205742836,0,1
10944,547,1037,3622,0.14539889991283417,0,1
10945,547,1037,1028,0.17786957323551178,0,1
10946,547,1037,4141,0.2395363450050354,0,1
10947,547,1037,326,0.36662784218788147,0,1
10948,547,1037,285,0.4151894152164459,0,1
10949,547,1037,2216,0.39939627051353455,0,1
10950,547,1037,627,0.33991920948028564,0,1
10951,547,1037,1448,0.22903308272361755,0,1
10952,547,1037,2900,0.2549203038215637,0,1
10953,547,1037,2424,0.23928506672382355,0,1
10954,547,1037,2237,0.11014348268508911,0,1
10955,547,1037,3566,0.18426893651485443,0,1
10956,547,1037,2348,0.17990554869174957,0,1
10957,547,1037,3325,0.19501693546772003,0,1
10958,547,1037,2148,0.48043936491012573,0,1
10959,547,1037,1292,0.1930464804172516,0,1
10960,548,672,672,0.6122452020645142,1,1
10961,548,672,3844,0.05845749005675316,0,1
10962,548,672,2163,0.1570008397102356,0,1
10963,548,672,2491,0.2903193533420563,0,1
10964,548,672,2242,0.08474177867174149,0,1
10965,548,672,808,0.0770704373717308,0,1
10966,548,672,3748,0.5377212166786194,0,1
10967,548,672,3872,0.2976941168308258,0,1
10968,548,672,2958,0.27692434191703796,0,1
10969,548,672,1636,0.07892193645238876,0,1
10970,548,672,3878,0.20237654447555542,0,1
10971,548,672,4023,0.40306514501571655,0,1
10972,548,672,3233,0.14390483498573303,0,1
10973,548,672,3609,0.26090648770332336,0,1
10974,548,672,1982,0.027096571400761604,0,1
10975,548,672,2592,0.4217571020126343,0,1
10976,548,672,3650,0.14426983892917633,0,1
10977,548,672,1695,0.08662787079811096,0,1
10978,548,672,437,0.3873397707939148,0,1
10979,548,672,2970,0.20933084189891815,0,1
10980,549,3379,3379,0.8563696146011353,1,2
10981,549,3379,1220,0.029593076556921005,0,2
10982,549,3379,930,0.4325637221336365,0,2
10983,549,3379,4086,0.48783886432647705,0,2
10984,549,3379,2008,0.5396775603294373,0,2
10985,549,3379,3193,0.5440216660499573,0,2
10986,549,3379,3597,0.9369950890541077,0,2
10987,549,3379,390,0.07503262907266617,0,2
10988,549,3379,4140,0.49972668290138245,0,2
10989,549,3379,3963,0.030607866123318672,0,2
10990,549,3379,3329,0.07640591263771057,0,2
10991,549,3379,3677,0.03138711303472519,0,2
10992,549,3379,136,0.027673598378896713,0,2
10993,549,3379,472,0.4659430682659149,0,2
10994,549,3379,1737,0.3279843032360077,0,2
10995,549,3379,3974,0.5807120203971863,0,2
10996,549,3379,3042,0.18949063122272491,0,2
10997,549,3379,1160,0.3890451192855835,0,2
10998,549,3379,131,0.033368371427059174,0,2
10999,549,3379,521,0.18728922307491302,0,2
11000,550,1228,1228,0.530522346496582,1,4
11001,550,1228,3772,0.4578861594200134,0,4
11002,550,1228,2129,0.048105038702487946,0,4
11003,550,1228,403,0.42767515778541565,0,4
11004,550,1228,3996,0.1815745085477829,0,4
11005,550,1228,3472,0.16651876270771027,0,4
11006,550,1228,3420,0.44410523772239685,0,4
11007,550,1228,3103,0.45311957597732544,0,4
11008,550,1228,3306,0.3949023187160492,0,4
11009,550,1228,3627,0.589326024055481,0,4
11010,550,1228,1796,0.3627035617828369,0,4
11011,550,1228,2779,0.4348120391368866,0,4
11012,550,1228,896,0.684259831905365,0,4
11013,550,1228,3584,0.5028389096260071,0,4
11014,550,1228,4103,0.4808589220046997,0,4
11015,550,1228,752,0.3371911644935608,0,4
11016,550,1228,1728,0.27947837114334106,0,4
11017,550,1228,287,0.4033118784427643,0,4
11018,550,1228,3652,0.5568328499794006,0,4
11019,550,1228,2474,0.19606547057628632,0,4
11020,551,2471,2471,0.8889007568359375,1,2
11021,551,2471,4108,0.94741290807724,0,2
11022,551,2471,3945,0.03959918022155762,0,2
11023,551,2471,2527,0.22826044261455536,0,2
11024,551,2471,1459,0.0849451795220375,0,2
11025,551,2471,6,0.3177061676979065,0,2
11026,551,2471,1213,0.3951666057109833,0,2
11027,551,2471,1958,0.24549438059329987,0,2
11028,551,2471,476,0.20188166201114655,0,2
11029,551,2471,785,0.5551843047142029,0,2
11030,551,2471,2228,0.0021168433595448732,0,2
11031,551,2471,256,0.7351539731025696,0,2
11032,551,2471,2280,0.24601425230503082,0,2
11033,551,2471,3597,0.09307260066270828,0,2
11034,551,2471,2648,0.1826808750629425,0,2
11035,551,2471,3497,0.7597984671592712,0,2
11036,551,2471,3926,0.16070479154586792,0,2
11037,551,2471,2999,0.3263907730579376,0,2
11038,551,2471,2638,0.059586476534605026,0,2
11039,551,2471,2580,0.580647349357605,0,2
11040,552,622,622,0.6173558831214905,1,2
11041,552,622,503,0.5069515109062195,0,2
11042,552,622,2341,0.46909090876579285,0,2
11043,552,622,3271,0.5305709838867188,0,2
11044,552,622,998,0.5047099590301514,0,2
11045,552,622,1099,0.542814314365387,0,2
11046,552,622,569,0.3722224533557892,0,2
11047,552,622,3439,0.3534872233867645,0,2
11048,552,622,3942,0.7285552024841309,0,2
11049,552,622,3258,0.5955140590667725,0,2
11050,552,622,1998,0.23714597523212433,0,2
11051,552,622,4109,0.552188515663147,0,2
11052,552,622,1593,0.5520610809326172,0,2
11053,552,622,1584,0.28652223944664,0,2
11054,552,622,2594,0.27105480432510376,0,2
11055,552,622,2421,0.6036041378974915,0,2
11056,552,622,1868,0.5551620125770569,0,2
11057,552,622,1360,0.49765923619270325,0,2
11058,552,622,1227,0.20049890875816345,0,2
11059,552,622,3719,0.5042506456375122,0,2
11060,553,4142,4142,0.8289082050323486,1,2
11061,553,4142,1560,0.6128244996070862,0,2
11062,553,4142,1243,0.27099600434303284,0,2
11063,553,4142,804,0.474487841129303,0,2
11064,553,4142,2179,0.06718108057975769,0,2
11065,553,4142,2726,0.2542039155960083,0,2
11066,553,4142,1503,0.07410122454166412,0,2
11067,553,4142,296,0.039181001484394073,0,2
11068,553,4142,1825,0.2159804254770279,0,2
11069,553,4142,4031,0.5118921995162964,0,2
11070,553,4142,3736,0.6138818264007568,0,2
11071,553,4142,3386,0.03410128876566887,0,2
11072,553,4142,3114,0.8785909414291382,0,2
11073,553,4142,2141,0.08257078379392624,0,2
11074,553,4142,2767,0.492231547832489,0,2
11075,553,4142,1618,0.5442107319831848,0,2
11076,553,4142,3154,0.79045170545578,0,2
11077,553,4142,3605,0.5676900148391724,0,2
11078,553,4142,330,0.08717097342014313,0,2
11079,553,4142,680,0.2251167893409729,0,2
11080,554,1506,1506,0.6684972643852234,1,3
11081,554,1506,2677,0.4206647276878357,0,3
11082,554,1506,4015,0.4038035273551941,0,3
11083,554,1506,2466,0.3465644121170044,0,3
11084,554,1506,3282,0.6268874406814575,0,3
11085,554,1506,2963,0.4011166989803314,0,3
11086,554,1506,1096,0.33653706312179565,0,3
11087,554,1506,904,0.7705690264701843,0,3
11088,554,1506,3318,0.5283255577087402,0,3
11089,554,1506,2208,0.5032302737236023,0,3
11090,554,1506,1483,0.8488165736198425,0,3
11091,554,1506,2411,0.3996632695198059,0,3
11092,554,1506,3995,0.36710336804389954,0,3
11093,554,1506,2890,0.43116721510887146,0,3
11094,554,1506,3088,0.17953133583068848,0,3
11095,554,1506,3697,0.49571919441223145,0,3
11096,554,1506,211,0.5047463774681091,0,3
11097,554,1506,2377,0.22923333942890167,0,3
11098,554,1506,1961,0.6099634170532227,0,3
11099,554,1506,1905,0.6551510095596313,0,3
11100,555,362,362,0.5400256514549255,1,1
11101,555,362,444,0.48102012276649475,0,1
11102,555,362,3668,0.4706003665924072,0,1
11103,555,362,4054,0.5125983357429504,0,1
11104,555,362,3461,0.5245531797409058,0,1
11105,555,362,4013,0.38859665393829346,0,1
11106,555,362,36,0.442975252866745,0,1
11107,555,362,2007,0.4650820791721344,0,1
11108,555,362,11,0.30485618114471436,0,1
11109,555,362,751,0.4356214106082916,0,1
11110,555,362,3119,0.4798486828804016,0,1
11111,555,362,1285,0.40971776843070984,0,1
11112,555,362,2365,0.4934639036655426,0,1
11113,555,362,3023,0.3614177107810974,0,1
11114,555,362,1624,0.32419493794441223,0,1
11115,555,362,1675,0.3835778534412384,0,1
11116,555,362,1557,0.25830507278442383,0,1
11117,555,362,1094,0.5249966979026794,0,1
11118,555,362,165,0.47504475712776184,0,1
11119,555,362,3628,0.44521549344062805,0,1
11120,556,768,768,0.564956784248352,1,7
11121,556,768,2110,0.42346107959747314,0,7
11122,556,768,3070,0.567813515663147,0,7
11123,556,768,1314,0.40689486265182495,0,7
11124,556,768,3367,0.36114344000816345,0,7
11125,556,768,1238,0.31566280126571655,0,7
11126,556,768,269,0.5484718084335327,0,7
11127,556,768,2313,0.5469805002212524,0,7
11128,556,768,2128,0.6274598240852356,0,7
11129,556,768,1602,0.5561413168907166,0,7
11130,556,768,1468,0.3195691406726837,0,7
11131,556,768,4121,0.6032461524009705,0,7
11132,556,768,1827,0.5637797117233276,0,7
11133,556,768,1988,0.7041183710098267,0,7
11134,556,768,3979,0.6593664288520813,0,7
11135,556,768,3214,0.4318102300167084,0,7
11136,556,768,4151,0.628239095211029,0,7
11137,556,768,1948,0.38945305347442627,0,7
11138,556,768,1589,0.3449825942516327,0,7
11139,556,768,1229,0.43085363507270813,0,7
11140,557,2293,2293,0.7690621614456177,1,1
11141,557,2293,3704,0.009024969302117825,0,1
11142,557,2293,2,0.6918411254882812,0,1
11143,557,2293,1868,0.411476194858551,0,1
11144,557,2293,2550,0.006867806427180767,0,1
11145,557,2293,3462,0.5135827660560608,0,1
11146,557,2293,1271,0.3182395100593567,0,1
11147,557,2293,2124,0.20405074954032898,0,1
11148,557,2293,2286,0.08872002363204956,0,1
11149,557,2293,1891,0.6189693212509155,0,1
11150,557,2293,269,0.04293425753712654,0,1
11151,557,2293,1916,0.1375368982553482,0,1
11152,557,2293,3755,0.316715270280838,0,1
11153,557,2293,3021,0.5694587230682373,0,1
11154,557,2293,3598,0.2387571930885315,0,1
11155,557,2293,2264,0.2839643657207489,0,1
11156,557,2293,1467,0.4970351755619049,0,1
11157,557,2293,3410,0.14775754511356354,0,1
11158,557,2293,3570,0.766467809677124,0,1
11159,557,2293,2115,0.6135223507881165,0,1
11160,558,457,457,0.49730420112609863,1,3
11161,558,457,2546,0.41231054067611694,0,3
11162,558,457,679,0.23942098021507263,0,3
11163,558,457,1579,0.3353809118270874,0,3
11164,558,457,3912,0.14398805797100067,0,3
11165,558,457,791,0.09206781536340714,0,3
11166,558,457,72,0.13335354626178741,0,3
11167,558,457,598,0.48003050684928894,0,3
11168,558,457,1002,0.1404065638780594,0,3
11169,558,457,2260,0.42709481716156006,0,3
11170,558,457,3992,0.5517022013664246,0,3
11171,558,457,2203,0.0691101998090744,0,3
11172,558,457,1281,0.1685916781425476,0,3
11173,558,457,2341,0.45988795161247253,0,3
11174,558,457,1594,0.021499894559383392,0,3
11175,558,457,3542,0.4687959849834442,0,3
11176,558,457,2824,0.5205710530281067,0,3
11177,558,457,419,0.4377285838127136,0,3
11178,558,457,1795,0.11839326471090317,0,3
11179,558,457,3471,0.4696289300918579,0,3
11180,559,455,455,0.5675879120826721,1,2
11181,559,455,3009,0.016766300424933434,0,2
11182,559,455,2150,0.012349313125014305,0,2
11183,559,455,3853,0.0381334014236927,0,2
11184,559,455,1769,0.2993587255477905,0,2
11185,559,455,2745,0.19853553175926208,0,2
11186,559,455,1659,0.07074300199747086,0,2
11187,559,455,1895,0.097491055727005,0,2
11188,559,455,1284,0.02047654241323471,0,2
11189,559,455,3788,0.1574614942073822,0,2
11190,559,455,1003,0.24472971260547638,0,2
11191,559,455,3523,0.010195235721766949,0,2
11192,559,455,1704,0.5021366477012634,0,2
11193,559,455,662,0.0695781260728836,0,2
11194,559,455,658,0.6196994781494141,0,2
11195,559,455,1739,0.11820343881845474,0,2
11196,559,455,2367,0.14609526097774506,0,2
11197,559,455,196,0.1637060046195984,0,2
11198,559,455,1239,0.014817755669355392,0,2
11199,559,455,1174,0.02489336207509041,0,2
11200,560,1994,1994,0.6077741980552673,1,3
11201,560,1994,308,0.31203433871269226,0,3
11202,560,1994,170,0.28989386558532715,0,3
11203,560,1994,2101,0.34286221861839294,0,3
11204,560,1994,2003,0.4558313190937042,0,3
11205,560,1994,322,0.5009751915931702,0,3
11206,560,1994,2999,0.39165040850639343,0,3
11207,560,1994,11,0.2428278923034668,0,3
11208,560,1994,245,0.49325788021087646,0,3
11209,560,1994,1465,0.42612677812576294,0,3
11210,560,1994,1071,0.2651388347148895,0,3
11211,560,1994,1229,0.47038716077804565,0,3
11212,560,1994,3267,0.25719016790390015,0,3
11213,560,1994,3965,0.22103777527809143,0,3
11214,560,1994,3009,0.6107683777809143,0,3
11215,560,1994,348,0.18860149383544922,0,3
11216,560,1994,168,0.2042621374130249,0,3
11217,560,1994,4139,0.47746458649635315,0,3
11218,560,1994,3033,0.5155069828033447,0,3
11219,560,1994,3912,0.65012127161026,0,3
11220,561,3102,3102,0.9614514112472534,1,3
11221,561,3102,2190,0.6160366535186768,0,3
11222,561,3102,349,0.7767452597618103,0,3
11223,561,3102,929,0.05712384358048439,0,3
11224,561,3102,3055,0.6374571323394775,0,3
11225,561,3102,270,0.7269092798233032,0,3
11226,561,3102,2283,0.4603593945503235,0,3
11227,561,3102,4153,0.27972352504730225,0,3
11228,561,3102,3898,0.07145797461271286,0,3
11229,561,3102,1721,0.2889663279056549,0,3
11230,561,3102,3626,0.9415816068649292,0,3
11231,561,3102,231,0.05195346847176552,0,3
11232,561,3102,2957,0.4295373260974884,0,3
11233,561,3102,17,0.037626441568136215,0,3
11234,561,3102,478,0.9635851383209229,0,3
11235,561,3102,854,0.3804429769515991,0,3
11236,561,3102,2721,0.9992831349372864,0,3
11237,561,3102,2524,0.4149267077445984,0,3
11238,561,3102,2564,0.7677977681159973,0,3
11239,561,3102,3650,0.20612823963165283,0,3
11240,562,3486,3486,0.5902774333953857,1,1
11241,562,3486,2948,0.19466374814510345,0,1
11242,562,3486,1771,0.09032651036977768,0,1
11243,562,3486,1449,0.450236976146698,0,1
11244,562,3486,3197,0.45217373967170715,0,1
11245,562,3486,369,0.5074894428253174,0,1
11246,562,3486,1982,0.07005837559700012,0,1
11247,562,3486,1016,0.5758125185966492,0,1
11248,562,3486,3940,0.29881972074508667,0,1
11249,562,3486,2396,0.0427788682281971,0,1
11250,562,3486,2779,0.19029463827610016,0,1
11251,562,3486,2835,0.1148335337638855,0,1
11252,562,3486,1392,0.5398151874542236,0,1
11253,562,3486,3563,0.34201931953430176,0,1
11254,562,3486,3226,0.13077034056186676,0,1
11255,562,3486,343,0.4667844772338867,0,1
11256,562,3486,28,0.3884803354740143,0,1
11257,562,3486,2633,0.17748647928237915,0,1
11258,562,3486,702,0.17371200025081635,0,1
11259,562,3486,3896,0.41090139746665955,0,1
11260,563,1212,1212,0.9984706044197083,1,1
11261,563,1212,1444,0.07813666760921478,0,1
11262,563,1212,759,6.666278932243586e-05,0,1
11263,563,1212,2421,9.687740202934947e-06,0,1
11264,563,1212,3061,0.0003580886113923043,0,1
11265,563,1212,4142,0.005412102676928043,0,1
11266,563,1212,3490,0.04422029107809067,0,1
11267,563,1212,295,0.08533724397420883,0,1
11268,563,1212,2258,0.0058853887021541595,0,1
11269,563,1212,3291,0.31493449211120605,0,1
11270,563,1212,3318,0.00016015836445149034,0,1
11271,563,1212,1437,6.501259122160263e-06,0,1
11272,563,1212,186,0.0019730341155081987,0,1
11273,563,1212,3188,0.16758745908737183,0,1
11274,563,1212,2999,0.03440757840871811,0,1
11275,563,1212,3081,0.00289815291762352,0,1
11276,563,1212,2233,0.15867696702480316,0,1
11277,563,1212,3214,7.356208516284823e-05,0,1
11278,563,1212,2993,2.5992056862378377e-07,0,1
11279,563,1212,2425,0.20394261181354523,0,1
11280,564,2039,2039,0.5442285537719727,1,1
11281,564,2039,3596,0.3902454972267151,0,1
11282,564,2039,2532,0.12116719037294388,0,1
11283,564,2039,2284,0.23768308758735657,0,1
11284,564,2039,2935,0.4634110629558563,0,1
11285,564,2039,2519,0.1260419338941574,0,1
11286,564,2039,1746,0.25284865498542786,0,1
11287,564,2039,584,0.09191982448101044,0,1
11288,564,2039,3157,0.4752998948097229,0,1
11289,564,2039,3384,0.494306355714798,0,1
11290,564,2039,1549,0.10895203799009323,0,1
11291,564,2039,1285,0.5217849612236023,0,1
11292,564,2039,415,0.3397079408168793,0,1
11293,564,2039,1406,0.36561617255210876,0,1
11294,564,2039,1128,0.2457047551870346,0,1
11295,564,2039,4176,0.4140617549419403,0,1
11296,564,2039,2821,0.22050608694553375,0,1
11297,564,2039,574,0.30556097626686096,0,1
11298,564,2039,2175,0.17063094675540924,0,1
11299,564,2039,3373,0.11003437638282776,0,1
11300,565,2444,2444,0.6543232798576355,1,2
11301,565,2444,496,0.45900312066078186,0,2
11302,565,2444,3909,0.5092737674713135,0,2
11303,565,2444,1807,0.3955381512641907,0,2
11304,565,2444,2138,0.4482325613498688,0,2
11305,565,2444,124,0.2882169485092163,0,2
11306,565,2444,3530,0.19015029072761536,0,2
11307,565,2444,2434,0.31118568778038025,0,2
11308,565,2444,2266,0.34377187490463257,0,2
11309,565,2444,1377,0.19090601801872253,0,2
11310,565,2444,3546,0.25400614738464355,0,2
11311,565,2444,3751,0.5753731727600098,0,2
11312,565,2444,1085,0.18705768883228302,0,2
11313,565,2444,777,0.26826027035713196,0,2
11314,565,2444,2088,0.46602508425712585,0,2
11315,565,2444,1174,0.6598192453384399,0,2
11316,565,2444,1493,0.3719695508480072,0,2
11317,565,2444,880,0.5035170912742615,0,2
11318,565,2444,3658,0.060804542154073715,0,2
11319,565,2444,1413,0.2657785415649414,0,2
11320,566,137,137,0.6095636487007141,1,1
11321,566,137,450,0.25231218338012695,0,1
11322,566,137,2972,0.04504656791687012,0,1
11323,566,137,1103,0.05499577149748802,0,1
11324,566,137,628,0.33235418796539307,0,1
11325,566,137,1295,0.023548299446702003,0,1
11326,566,137,2542,0.16796401143074036,0,1
11327,566,137,594,0.01941831223666668,0,1
11328,566,137,1504,0.18091610074043274,0,1
11329,566,137,1773,0.41477397084236145,0,1
11330,566,137,3664,0.2596707344055176,0,1
11331,566,137,3909,0.13517645001411438,0,1
11332,566,137,3605,0.469571053981781,0,1
11333,566,137,3965,0.07624349743127823,0,1
11334,566,137,526,0.17283500730991364,0,1
11335,566,137,3344,0.36912739276885986,0,1
11336,566,137,2198,0.03297155722975731,0,1
11337,566,137,3682,0.07638079673051834,0,1
11338,566,137,2263,0.35946521162986755,0,1
11339,566,137,2341,0.39664414525032043,0,1
11340,567,3719,3719,0.6680424809455872,1,2
11341,567,3719,2348,0.11475133150815964,0,2
11342,567,3719,1641,0.11342187970876694,0,2
11343,567,3719,2877,0.12328112870454788,0,2
11344,567,3719,2601,0.3225554823875427,0,2
11345,567,3719,389,0.31659191846847534,0,2
11346,567,3719,3343,0.19561626017093658,0,2
11347,567,3719,1956,0.60992431640625,0,2
11348,567,3719,66,0.21936388313770294,0,2
11349,567,3719,3060,0.3588358759880066,0,2
11350,567,3719,317,0.48779961466789246,0,2
11351,567,3719,2811,0.17657093703746796,0,2
11352,567,3719,4101,0.23542355000972748,0,2
11353,567,3719,3305,0.10789433121681213,0,2
11354,567,3719,3494,0.3400210440158844,0,2
11355,567,3719,2963,0.3706057071685791,0,2
11356,567,3719,3233,0.09866432100534439,0,2
11357,567,3719,2002,0.9505870938301086,0,2
11358,567,3719,94,0.048883505165576935,0,2
11359,567,3719,2310,0.08995305001735687,0,2
11360,568,337,337,0.809459388256073,1,1
11361,568,337,3032,0.5027309656143188,0,1
11362,568,337,2635,0.002729149302467704,0,1
11363,568,337,2442,0.01695605181157589,0,1
11364,568,337,1753,0.42061877250671387,0,1
11365,568,337,2169,0.10749773681163788,0,1
11366,568,337,271,0.03776070475578308,0,1
11367,568,337,853,0.011614838615059853,0,1
11368,568,337,1965,0.14051300287246704,0,1
11369,568,337,4044,0.00170083565171808,0,1
11370,568,337,3408,6.613552977796644e-05,0,1
11371,568,337,136,0.21389147639274597,0,1
11372,568,337,3174,0.07691328972578049,0,1
11373,568,337,837,0.2580810785293579,0,1
11374,568,337,1252,7.26054931874387e-05,0,1
11375,568,337,3072,0.003607942257076502,0,1
11376,568,337,3939,0.002301499480381608,0,1
11377,568,337,4161,0.003370882011950016,0,1
11378,568,337,548,0.0015082317404448986,0,1
11379,568,337,3311,0.022514263167977333,0,1
11380,569,3958,3958,0.7618618011474609,1,2
11381,569,3958,3730,0.3512946367263794,0,2
11382,569,3958,2640,0.3319452106952667,0,2
11383,569,3958,154,0.4599834084510803,0,2
11384,569,3958,3473,0.7269620299339294,0,2
11385,569,3958,3636,0.3488886058330536,0,2
11386,569,3958,1429,0.5233899354934692,0,2
11387,569,3958,2738,0.21401919424533844,0,2
11388,569,3958,1725,0.6013759970664978,0,2
11389,569,3958,3889,0.13511541485786438,0,2
11390,569,3958,2150,0.06472226977348328,0,2
11391,569,3958,1165,0.7049122452735901,0,2
11392,569,3958,1909,0.5347358584403992,0,2
11393,569,3958,3817,0.6572040915489197,0,2
11394,569,3958,663,0.12671919167041779,0,2
11395,569,3958,3921,0.008634253405034542,0,2
11396,569,3958,963,0.243795245885849,0,2
11397,569,3958,3903,0.4901784360408783,0,2
11398,569,3958,1020,0.3587093651294708,0,2
11399,569,3958,959,0.8788653612136841,0,2
11400,570,4086,4086,0.8900139927864075,1,2
11401,570,4086,2181,0.14255104959011078,0,2
11402,570,4086,145,0.407945841550827,0,2
11403,570,4086,575,0.3544670343399048,0,2
11404,570,4086,2129,0.0600741021335125,0,2
11405,570,4086,853,0.5927220582962036,0,2
11406,570,4086,1941,0.7028429508209229,0,2
11407,570,4086,754,0.5053631067276001,0,2
11408,570,4086,1760,0.598950207233429,0,2
11409,570,4086,1717,0.46021562814712524,0,2
11410,570,4086,88,0.25794366002082825,0,2
11411,570,4086,336,0.3310965299606323,0,2
11412,570,4086,4071,0.5152846574783325,0,2
11413,570,4086,606,0.6138235330581665,0,2
11414,570,4086,1887,0.38421395421028137,0,2
11415,570,4086,981,0.6369998455047607,0,2
11416,570,4086,1862,0.9926446676254272,0,2
11417,570,4086,1186,0.005977983586490154,0,2
11418,570,4086,1928,0.6799677014350891,0,2
11419,570,4086,1084,0.33587557077407837,0,2
11420,571,3537,3537,0.8044683337211609,1,2
11421,571,3537,885,0.17010390758514404,0,2
11422,571,3537,2364,0.38501450419425964,0,2
11423,571,3537,1011,0.2502063512802124,0,2
11424,571,3537,4109,0.5511072278022766,0,2
11425,571,3537,1736,0.40528157353401184,0,2
11426,571,3537,3451,0.3826676309108734,0,2
11427,571,3537,3015,0.004202680662274361,0,2
11428,571,3537,1093,0.033753782510757446,0,2
11429,571,3537,3778,0.5297325849533081,0,2
11430,571,3537,706,0.004589641932398081,0,2
11431,571,3537,2866,0.011361323297023773,0,2
11432,571,3537,2579,0.8920291066169739,0,2
11433,571,3537,1988,0.04931024834513664,0,2
11434,571,3537,381,0.3048594892024994,0,2
11435,571,3537,3326,0.38615554571151733,0,2
11436,571,3537,521,0.08083799481391907,0,2
11437,571,3537,3011,0.017636051401495934,0,2
11438,571,3537,905,0.050667427480220795,0,2
11439,571,3537,3171,0.5467290282249451,0,2
11440,572,90,90,0.8873078227043152,1,1
11441,572,90,382,0.01920376904308796,0,1
11442,572,90,3314,0.010311350226402283,0,1
11443,572,90,2584,0.08272943645715714,0,1
11444,572,90,1042,0.003920824732631445,0,1
11445,572,90,1176,0.3953492045402527,0,1
11446,572,90,2316,0.20604392886161804,0,1
11447,572,90,4038,0.00013268200564198196,0,1
11448,572,90,1198,0.23930346965789795,0,1
11449,572,90,512,0.26653823256492615,0,1
11450,572,90,451,0.0825095921754837,0,1
11451,572,90,2315,0.1345880925655365,0,1
11452,572,90,254,0.0323822908103466,0,1
11453,572,90,993,0.29656174778938293,0,1
11454,572,90,2760,0.19486559927463531,0,1
11455,572,90,1147,0.03844814375042915,0,1
11456,572,90,981,0.0006441507721319795,0,1
11457,572,90,3877,3.4006734495051205e-06,0,1
11458,572,90,3216,0.018696488812565804,0,1
11459,572,90,2409,1.5636526313755894e-06,0,1
11460,573,2134,2134,0.6535584926605225,1,1
11461,573,2134,3070,0.531088650226593,0,1
11462,573,2134,3897,0.08100824803113937,0,1
11463,573,2134,3810,0.19632616639137268,0,1
11464,573,2134,1176,0.4086686074733734,0,1
11465,573,2134,1842,0.20891788601875305,0,1
11466,573,2134,1521,0.4266578257083893,0,1
11467,573,2134,751,0.6353732347488403,0,1
11468,573,2134,1129,0.2987842261791229,0,1
11469,573,2134,3569,0.14035004377365112,0,1
11470,573,2134,2817,0.21671684086322784,0,1
11471,573,2134,540,0.47722578048706055,0,1
11472,573,2134,3805,0.3065112233161926,0,1
11473,573,2134,3546,0.2977542281150818,0,1
11474,573,2134,3698,0.6131158471107483,0,1
11475,573,2134,1540,0.18485590815544128,0,1
11476,573,2134,3085,0.4640987813472748,0,1
11477,573,2134,1265,0.47091159224510193,0,1
11478,573,2134,514,0.14062462747097015,0,1
11479,573,2134,740,0.14962004125118256,0,1
11480,574,2432,2432,0.7953486442565918,1,2
11481,574,2432,3607,0.03357471898198128,0,2
11482,574,2432,1286,0.6444781422615051,0,2
11483,574,2432,1547,0.40494173765182495,0,2
11484,574,2432,2319,0.7608179450035095,0,2
11485,574,2432,997,0.3623945116996765,0,2
11486,574,2432,2042,0.1794767826795578,0,2
11487,574,2432,1600,0.09626270085573196,0,2
11488,574,2432,88,0.5952092409133911,0,2
11489,574,2432,774,0.10027547925710678,0,2
11490,574,2432,2654,0.20473070442676544,0,2
11491,574,2432,3016,0.046524643898010254,0,2
11492,574,2432,472,0.4265558421611786,0,2
11493,574,2432,552,0.3618209660053253,0,2
11494,574,2432,979,0.08466137200593948,0,2
11495,574,2432,4128,0.14542485773563385,0,2
11496,574,2432,1526,0.2031778246164322,0,2
11497,574,2432,2436,0.8538081049919128,0,2
11498,574,2432,1321,0.20641271770000458,0,2
11499,574,2432,2169,0.2454032599925995,0,2
11500,575,391,391,0.5323835015296936,1,3
11501,575,391,2680,0.40913525223731995,0,3
11502,575,391,3744,0.4996717870235443,0,3
11503,575,391,3128,0.31185582280158997,0,3
11504,575,391,1712,0.5147454142570496,0,3
11505,575,391,3772,0.6995212435722351,0,3
11506,575,391,2959,0.46332529187202454,0,3
11507,575,391,1797,0.3038535714149475,0,3
11508,575,391,1723,0.4603928327560425,0,3
11509,575,391,2556,0.620969295501709,0,3
11510,575,391,3020,0.4386047124862671,0,3
11511,575,391,3375,0.2971241772174835,0,3
11512,575,391,4154,0.36835533380508423,0,3
11513,575,391,2829,0.3577843904495239,0,3
11514,575,391,2113,0.3334498703479767,0,3
11515,575,391,3045,0.2176896333694458,0,3
11516,575,391,978,0.39061519503593445,0,3
11517,575,391,3356,0.4677840769290924,0,3
11518,575,391,2817,0.386889785528183,0,3
11519,575,391,829,0.44502079486846924,0,3
11520,576,1313,1313,0.591566264629364,1,2
11521,576,1313,3467,0.5383750796318054,0,2
11522,576,1313,1656,0.10551101714372635,0,2
11523,576,1313,2079,0.17570418119430542,0,2
11524,576,1313,157,0.4340502619743347,0,2
11525,576,1313,3149,0.34228166937828064,0,2
11526,576,1313,3033,0.4101771414279938,0,2
11527,576,1313,1694,0.3592762351036072,0,2
11528,576,1313,3522,0.2720654606819153,0,2
11529,576,1313,2563,0.5074644088745117,0,2
11530,576,1313,709,0.4308166205883026,0,2
11531,576,1313,1909,0.5112721920013428,0,2
11532,576,1313,1267,0.33289024233818054,0,2
11533,576,1313,436,0.4888485074043274,0,2
11534,576,1313,127,0.4817548394203186,0,2
11535,576,1313,1058,0.11007347702980042,0,2
11536,576,1313,1806,0.7555084824562073,0,2
11537,576,1313,675,0.10697846859693527,0,2
11538,576,1313,916,0.28956082463264465,0,2
11539,576,1313,1131,0.4968920946121216,0,2
11540,577,1341,1341,0.774238646030426,1,1
11541,577,1341,3309,0.4126100242137909,0,1
11542,577,1341,1306,0.28705570101737976,0,1
11543,577,1341,935,0.03071432188153267,0,1
11544,577,1341,2393,0.49324849247932434,0,1
11545,577,1341,2224,0.021679949015378952,0,1
11546,577,1341,818,0.07985033839941025,0,1
11547,577,1341,2578,0.6439151167869568,0,1
11548,577,1341,840,0.11261958628892899,0,1
11549,577,1341,3761,0.20367315411567688,0,1
11550,577,1341,2168,0.3641425669193268,0,1
11551,577,1341,1931,0.5452467203140259,0,1
11552,577,1341,4061,0.1855846792459488,0,1
11553,577,1341,4007,0.6254338622093201,0,1
11554,577,1341,1366,0.5227808356285095,0,1
11555,577,1341,1933,0.21366500854492188,0,1
11556,577,1341,71,0.17512637376785278,0,1
11557,577,1341,2200,0.10659201443195343,0,1
11558,577,1341,2245,0.6788749098777771,0,1
11559,577,1341,3333,0.178180530667305,0,1
11560,578,3177,3177,0.8754940032958984,1,1
11561,578,3177,2302,0.02066933922469616,0,1
11562,578,3177,4144,0.03764885291457176,0,1
11563,578,3177,3857,0.02197311259806156,0,1
11564,578,3177,1311,0.40794670581817627,0,1
11565,578,3177,2014,0.28964996337890625,0,1
11566,578,3177,1221,0.35770654678344727,0,1
11567,578,3177,1732,0.3012922406196594,0,1
11568,578,3177,4077,0.86771160364151,0,1
11569,578,3177,1980,0.7763382196426392,0,1
11570,578,3177,1696,0.026068609207868576,0,1
11571,578,3177,1652,0.16128788888454437,0,1
11572,578,3177,1063,0.4982427954673767,0,1
11573,578,3177,2280,0.06075673922896385,0,1
11574,578,3177,2258,0.0067763496190309525,0,1
11575,578,3177,2313,0.08643388003110886,0,1
11576,578,3177,3409,0.36263254284858704,0,1
11577,578,3177,1955,0.08271145075559616,0,1
11578,578,3177,1330,0.47052109241485596,0,1
11579,578,3177,2754,0.015310307033360004,0,1
11580,579,3299,3299,0.5946124196052551,1,1
11581,579,3299,526,0.4041477143764496,0,1
11582,579,3299,1367,0.3927043080329895,0,1
11583,579,3299,3047,0.37481194734573364,0,1
11584,579,3299,2075,0.016779981553554535,0,1
11585,579,3299,3856,0.3743104040622711,0,1
11586,579,3299,1743,0.12072094529867172,0,1
11587,579,3299,1549,0.04628440737724304,0,1
11588,579,3299,1295,0.14952078461647034,0,1
11589,579,3299,279,0.06611627340316772,0,1
11590,579,3299,2959,0.29952505230903625,0,1
11591,579,3299,2314,0.28601038455963135,0,1
11592,579,3299,3361,0.33298128843307495,0,1
11593,579,3299,2435,0.07905430346727371,0,1
11594,579,3299,371,0.3017590045928955,0,1
11595,579,3299,748,0.4354283809661865,0,1
11596,579,3299,2750,0.2924231290817261,0,1
11597,579,3299,1871,0.24813932180404663,0,1
11598,579,3299,1586,0.06974298506975174,0,1
11599,579,3299,4040,0.36946016550064087,0,1
11600,580,1472,1472,0.6819599866867065,1,1
11601,580,1472,1273,0.0712369978427887,0,1
11602,580,1472,3171,0.1676306575536728,0,1
11603,580,1472,217,0.40199699997901917,0,1
11604,580,1472,1196,0.21589644253253937,0,1
11605,580,1472,3749,0.6186563968658447,0,1
11606,580,1472,2164,0.09337179362773895,0,1
11607,580,1472,1079,0.20663568377494812,0,1
11608,580,1472,3554,0.09112279117107391,0,1
11609,580,1472,2625,0.003915989771485329,0,1
11610,580,1472,163,0.1428747922182083,0,1
11611,580,1472,3951,0.010043404065072536,0,1
11612,580,1472,3039,0.3422814607620239,0,1
11613,580,1472,2524,0.46200722455978394,0,1
11614,580,1472,3647,0.2895183861255646,0,1
11615,580,1472,3891,0.018508343026041985,0,1
11616,580,1472,837,0.22818925976753235,0,1
11617,580,1472,1564,0.023862259462475777,0,1
11618,580,1472,3357,0.026242008432745934,0,1
11619,580,1472,971,0.3052196204662323,0,1
11620,581,2114,2114,0.8656555414199829,1,1
11621,581,2114,3553,0.05731164291501045,0,1
11622,581,2114,3998,0.004748423583805561,0,1
11623,581,2114,3698,0.07142391055822372,0,1
11624,581,2114,2685,0.0167432501912117,0,1
11625,581,2114,414,0.05275139585137367,0,1
11626,581,2114,1445,0.0025202517863363028,0,1
11627,581,2114,789,0.0005982632865197957,0,1
11628,581,2114,1948,0.012052399106323719,0,1
11629,581,2114,1080,0.33386945724487305,0,1
11630,581,2114,89,0.027571113780140877,0,1
11631,581,2114,185,0.5605444312095642,0,1
11632,581,2114,2553,0.0012760303216055036,0,1
11633,581,2114,1257,0.016040777787566185,0,1
11634,581,2114,1192,0.07125171273946762,0,1
11635,581,2114,1263,0.32049262523651123,0,1
11636,581,2114,1878,0.02579852193593979,0,1
11637,581,2114,3760,0.057529814541339874,0,1
11638,581,2114,2354,0.19755543768405914,0,1
11639,581,2114,2455,0.0003499071463011205,0,1
11640,582,1871,1871,0.8512136340141296,1,1
11641,582,1871,325,0.0023862929083406925,0,1
11642,582,1871,3421,0.005543441511690617,0,1
11643,582,1871,1966,0.00127549865283072,0,1
11644,582,1871,1347,0.06796761602163315,0,1
11645,582,1871,1823,0.227869912981987,0,1
11646,582,1871,3615,0.010795550420880318,0,1
11647,582,1871,454,0.26740339398384094,0,1
11648,582,1871,3446,0.02651500515639782,0,1
11649,582,1871,1216,0.04786556586623192,0,1
11650,582,1871,579,0.003726548980921507,0,1
11651,582,1871,3784,0.005163197871297598,0,1
11652,582,1871,651,0.5440954566001892,0,1
11653,582,1871,2511,0.0022929355036467314,0,1
11654,582,1871,526,0.5636407136917114,0,1
11655,582,1871,4178,0.01047179289162159,0,1
11656,582,1871,1435,0.03331897407770157,0,1
11657,582,1871,696,0.3133736848831177,0,1
11658,582,1871,3207,0.001848218496888876,0,1
11659,582,1871,830,0.6194798946380615,0,1
11660,583,1288,1288,0.5616023540496826,1,7
11661,583,1288,4104,0.5830353498458862,0,7
11662,583,1288,406,0.409715861082077,0,7
11663,583,1288,3459,0.21502920985221863,0,7
11664,583,1288,303,0.5404494404792786,0,7
11665,583,1288,74,0.5134830474853516,0,7
11666,583,1288,1420,0.7364925742149353,0,7
11667,583,1288,131,0.3564290404319763,0,7
11668,583,1288,3616,0.38745784759521484,0,7
11669,583,1288,3571,0.5539606809616089,0,7
11670,583,1288,557,0.22293061017990112,0,7
11671,583,1288,2427,0.5044468641281128,0,7
11672,583,1288,1048,0.4586973786354065,0,7
11673,583,1288,2544,0.5655602812767029,0,7
11674,583,1288,2508,0.5301996469497681,0,7
11675,583,1288,278,0.5867940187454224,0,7
11676,583,1288,258,0.4852501153945923,0,7
11677,583,1288,1335,0.5738720297813416,0,7
11678,583,1288,4089,0.6938778162002563,0,7
11679,583,1288,1948,0.47598621249198914,0,7
11680,584,1861,1861,0.9979091286659241,1,1
11681,584,1861,2185,4.919646380585618e-05,0,1
11682,584,1861,2659,0.0012670602882280946,0,1
11683,584,1861,523,0.000420296419179067,0,1
11684,584,1861,1227,0.0021910800132900476,0,1
11685,584,1861,589,0.03330500051379204,0,1
11686,584,1861,4114,0.00010971470328513533,0,1
11687,584,1861,1396,0.13385015726089478,0,1
11688,584,1861,48,0.03703079745173454,0,1
11689,584,1861,3737,0.0021928311325609684,0,1
11690,584,1861,214,0.45032793283462524,0,1
11691,584,1861,1975,0.194557324051857,0,1
11692,584,1861,124,1.7945279978448525e-05,0,1
11693,584,1861,3108,0.02330579236149788,0,1
11694,584,1861,3721,0.0006254715844988823,0,1
11695,584,1861,2522,0.0006471857195720077,0,1
11696,584,1861,448,0.008630973286926746,0,1
11697,584,1861,2263,0.08217503875494003,0,1
11698,584,1861,1536,1.0650774129317142e-05,0,1
11699,584,1861,3751,0.016338925808668137,0,1
11700,585,689,689,0.6262908577919006,1,3
11701,585,689,2998,0.5893690586090088,0,3
11702,585,689,2494,0.449461430311203,0,3
11703,585,689,3262,0.3508792519569397,0,3
11704,585,689,4032,0.2732071280479431,0,3
11705,585,689,2823,0.7332298755645752,0,3
11706,585,689,1774,0.4569627642631531,0,3
11707,585,689,1723,0.3517042100429535,0,3
11708,585,689,133,0.2757432758808136,0,3
11709,585,689,1553,0.4503972828388214,0,3
11710,585,689,188,0.5670940279960632,0,3
11711,585,689,2632,0.2256515771150589,0,3
11712,585,689,2994,0.5286979675292969,0,3
11713,585,689,2593,0.30294084548950195,0,3
11714,585,689,2074,0.312043160200119,0,3
11715,585,689,1544,0.566858172416687,0,3
11716,585,689,3889,0.36101120710372925,0,3
11717,585,689,4146,0.6938033103942871,0,3
11718,585,689,2046,0.4644449055194855,0,3
11719,585,689,1593,0.5496501922607422,0,3
11720,586,961,961,0.9943076968193054,1,1
11721,586,961,2126,0.02607974037528038,0,1
11722,586,961,2549,0.0005475358921103179,0,1
11723,586,961,1445,0.014220820739865303,0,1
11724,586,961,1803,0.0055380393750965595,0,1
11725,586,961,1736,0.009418077766895294,0,1
11726,586,961,1729,0.00022375401749741286,0,1
11727,586,961,2968,0.0017136584501713514,0,1
11728,586,961,673,0.06272848695516586,0,1
11729,586,961,326,0.004008798394352198,0,1
11730,586,961,3107,0.00019610428716987371,0,1
11731,586,961,3531,0.16447030007839203,0,1
11732,586,961,1392,0.0039045398589223623,0,1
11733,586,961,4154,0.0037815896794199944,0,1
11734,586,961,1409,1.8423236269882182e-06,0,1
11735,586,961,914,0.00040805168100632727,0,1
11736,586,961,761,0.06586872786283493,0,1
11737,586,961,744,0.004780554678291082,0,1
11738,586,961,472,0.06358913332223892,0,1
11739,586,961,1202,0.7348006963729858,0,1
11740,587,36,36,0.6754249930381775,1,1
11741,587,36,2847,0.03700033202767372,0,1
11742,587,36,345,0.1387273371219635,0,1
11743,587,36,2813,0.0037961250636726618,0,1
11744,587,36,339,0.012019649147987366,0,1
11745,587,36,1269,0.39727267622947693,0,1
11746,587,36,2275,0.018151653930544853,0,1
11747,587,36,2268,0.37439388036727905,0,1
11748,587,36,3265,0.192399799823761,0,1
11749,587,36,1550,0.27312928438186646,0,1
11750,587,36,221,0.19137832522392273,0,1
11751,587,36,2703,0.0008104765438474715,0,1
11752,587,36,1607,0.18319252133369446,0,1
11753,587,36,2375,0.21588803827762604,0,1
11754,587,36,4096,0.21834318339824677,0,1
11755,587,36,1907,0.1793685406446457,0,1
11756,587,36,3135,0.048473913222551346,0,1
11757,587,36,3328,0.03816262260079384,0,1
11758,587,36,1501,0.01247331965714693,0,1
11759,587,36,2446,0.15549758076667786,0,1
11760,588,290,290,0.5877602100372314,1,2
11761,588,290,2303,0.04509802907705307,0,2
11762,588,290,4123,0.44961175322532654,0,2
11763,588,290,2865,0.27954837679862976,0,2
11764,588,290,2717,0.25246569514274597,0,2
11765,588,290,1642,0.22217221558094025,0,2
11766,588,290,1933,0.49768581986427307,0,2
11767,588,290,1308,0.3674556612968445,0,2
11768,588,290,4075,0.3803335428237915,0,2
11769,588,290,3200,0.42627760767936707,0,2
11770,588,290,2578,0.6021731495857239,0,2
11771,588,290,3645,0.07233093678951263,0,2
11772,588,290,901,0.24568597972393036,0,2
11773,588,290,2711,0.41050785779953003,0,2
11774,588,290,2189,0.10352859646081924,0,2
11775,588,290,1476,0.4525471329689026,0,2
11776,588,290,491,0.41719987988471985,0,2
11777,588,290,1619,0.55813068151474,0,2
11778,588,290,369,0.4351063370704651,0,2
11779,588,290,2948,0.21698884665966034,0,2
11780,589,1559,1559,0.6803199648857117,1,2
11781,589,1559,3776,0.5787497162818909,0,2
11782,589,1559,71,0.2092059999704361,0,2
11783,589,1559,2626,0.5217852592468262,0,2
11784,589,1559,485,0.3665773570537567,0,2
11785,589,1559,2246,0.12989749014377594,0,2
11786,589,1559,1070,0.1973714381456375,0,2
11787,589,1559,340,0.399663507938385,0,2
11788,589,1559,2672,0.07744719833135605,0,2
11789,589,1559,3668,0.38519978523254395,0,2
11790,589,1559,1112,0.4655662477016449,0,2
11791,589,1559,1100,0.03642603009939194,0,2
11792,589,1559,1329,0.38777321577072144,0,2
11793,589,1559,4101,0.3741704523563385,0,2
11794,589,1559,1437,0.3643357753753662,0,2
11795,589,1559,4115,0.39574477076530457,0,2
11796,589,1559,1283,0.33199405670166016,0,2
11797,589,1559,1697,0.3976544439792633,0,2
11798,589,1559,331,0.30342552065849304,0,2
11799,589,1559,2666,0.8414645195007324,0,2
11800,590,3192,3192,0.7793899178504944,1,1
11801,590,3192,3798,0.045353323221206665,0,1
11802,590,3192,112,0.30573129653930664,0,1
11803,590,3192,2543,0.068720243871212,0,1
11804,590,3192,1377,0.17243579030036926,0,1
11805,590,3192,1413,0.1553410142660141,0,1
11806,590,3192,93,0.1594274342060089,0,1
11807,590,3192,2689,0.6980352997779846,0,1
11808,590,3192,484,0.24356774985790253,0,1
11809,590,3192,2540,0.045388780534267426,0,1
11810,590,3192,2565,0.208792582154274,0,1
11811,590,3192,1508,0.7650811672210693,0,1
11812,590,3192,4086,0.5430338382720947,0,1
11813,590,3192,714,0.17235557734966278,0,1
11814,590,3192,1447,0.016552269458770752,0,1
11815,590,3192,1092,0.029545508325099945,0,1
11816,590,3192,620,0.3553171157836914,0,1
11817,590,3192,1422,0.12623870372772217,0,1
11818,590,3192,726,0.34852516651153564,0,1
11819,590,3192,4080,0.45873257517814636,0,1
11820,591,1198,1198,0.7002246379852295,1,3
11821,591,1198,2803,0.020288988947868347,0,3
11822,591,1198,686,0.255161851644516,0,3
11823,591,1198,3396,0.44557467103004456,0,3
11824,591,1198,3384,0.15386207401752472,0,3
11825,591,1198,1328,0.3755311667919159,0,3
11826,591,1198,1060,0.0599072240293026,0,3
11827,591,1198,4119,0.8199630379676819,0,3
11828,591,1198,602,0.6252855062484741,0,3
11829,591,1198,1844,0.48018285632133484,0,3
11830,591,1198,2232,0.44364798069000244,0,3
11831,591,1198,1208,0.11485398560762405,0,3
11832,591,1198,2030,0.8250315189361572,0,3
11833,591,1198,827,0.45243147015571594,0,3
11834,591,1198,1027,0.3607538640499115,0,3
11835,591,1198,2323,0.3586612641811371,0,3
11836,591,1198,1119,0.3510890007019043,0,3
11837,591,1198,3531,0.31808048486709595,0,3
11838,591,1198,3773,0.4051344096660614,0,3
11839,591,1198,2818,0.46842890977859497,0,3
11840,592,2023,2023,0.7337543368339539,1,3
11841,592,2023,2115,0.6750392317771912,0,3
11842,592,2023,240,0.30527305603027344,0,3
11843,592,2023,3797,0.5915380120277405,0,3
11844,592,2023,3875,0.9105497598648071,0,3
11845,592,2023,506,0.26811322569847107,0,3
11846,592,2023,2249,0.19314557313919067,0,3
11847,592,2023,839,0.5149878263473511,0,3
11848,592,2023,2600,0.5215831398963928,0,3
11849,592,2023,226,0.23701228201389313,0,3
11850,592,2023,4085,0.43591541051864624,0,3
11851,592,2023,3306,0.37649789452552795,0,3
11852,592,2023,2269,0.037944767624139786,0,3
11853,592,2023,2703,0.4879354238510132,0,3
11854,592,2023,2529,0.5064269304275513,0,3
11855,592,2023,4095,0.7692940831184387,0,3
11856,592,2023,2679,0.6894102692604065,0,3
11857,592,2023,1955,0.10945058614015579,0,3
11858,592,2023,2502,0.1394609957933426,0,3
11859,592,2023,2633,0.06790325790643692,0,3
11860,593,1725,1725,0.687297523021698,1,2
11861,593,1725,2707,0.2559702396392822,0,2
11862,593,1725,4044,0.3244720697402954,0,2
11863,593,1725,2557,0.557716429233551,0,2
11864,593,1725,2340,0.4977366030216217,0,2
11865,593,1725,955,0.5407047271728516,0,2
11866,593,1725,1409,0.3386138379573822,0,2
11867,593,1725,1187,0.4467121958732605,0,2
11868,593,1725,1079,0.46456149220466614,0,2
11869,593,1725,904,0.491569846868515,0,2
11870,593,1725,315,0.2681463658809662,0,2
11871,593,1725,598,0.1959192007780075,0,2
11872,593,1725,1955,0.4230404496192932,0,2
11873,593,1725,3548,0.7293505072593689,0,2
11874,593,1725,564,0.1368892937898636,0,2
11875,593,1725,3689,0.34188756346702576,0,2
11876,593,1725,410,0.26398128271102905,0,2
11877,593,1725,1974,0.36056017875671387,0,2
11878,593,1725,3130,0.587921142578125,0,2
11879,593,1725,3950,0.3891960084438324,0,2
11880,594,1356,1356,0.7465917468070984,1,1
11881,594,1356,2669,0.0010579782538115978,0,1
11882,594,1356,2927,0.0006591806886717677,0,1
11883,594,1356,2763,0.0036924651358276606,0,1
11884,594,1356,235,0.040696561336517334,0,1
11885,594,1356,1405,0.3827682435512543,0,1
11886,594,1356,797,0.11380753666162491,0,1
11887,594,1356,2822,0.033732011914253235,0,1
11888,594,1356,1474,0.0027550612576305866,0,1
11889,594,1356,2250,0.050085242837667465,0,1
11890,594,1356,1184,0.0023163598962128162,0,1
11891,594,1356,2527,0.044827356934547424,0,1
11892,594,1356,3384,0.005915851332247257,0,1
11893,594,1356,29,0.6084751486778259,0,1
11894,594,1356,3089,0.1703314334154129,0,1
11895,594,1356,2748,0.027023877948522568,0,1
11896,594,1356,766,0.0051275440491735935,0,1
11897,594,1356,2714,0.00011422015086282045,0,1
11898,594,1356,3928,0.0007144149858504534,0,1
11899,594,1356,1595,0.11971666663885117,0,1
11900,595,3818,3818,0.7361814379692078,1,2
11901,595,3818,2790,0.7761743664741516,0,2
11902,595,3818,890,0.017476104199886322,0,2
11903,595,3818,851,0.36511802673339844,0,2
11904,595,3818,1084,0.3616598844528198,0,2
11905,595,3818,398,0.3211697041988373,0,2
11906,595,3818,3879,0.3382362425327301,0,2
11907,595,3818,2272,0.07603944092988968,0,2
11908,595,3818,159,0.44443315267562866,0,2
11909,595,3818,93,0.09344050288200378,0,2
11910,595,3818,152,0.1392068713903427,0,2
11911,595,3818,3871,0.32498419284820557,0,2
11912,595,3818,3174,0.4386925995349884,0,2
11913,595,3818,1025,0.2581220865249634,0,2
11914,595,3818,1199,0.5189112424850464,0,2
11915,595,3818,3969,0.502114474773407,0,2
11916,595,3818,3933,0.3287007212638855,0,2
11917,595,3818,3822,0.6419873237609863,0,2
11918,595,3818,3919,0.5139148235321045,0,2
11919,595,3818,3095,0.2641480267047882,0,2
11920,596,4148,4148,0.6744652986526489,1,3
11921,596,4148,2472,0.008810038678348064,0,3
11922,596,4148,1391,0.01079200766980648,0,3
11923,596,4148,2130,0.31485098600387573,0,3
11924,596,4148,3073,0.41156408190727234,0,3
11925,596,4148,3137,0.4105590879917145,0,3
11926,596,4148,4029,0.11730373650789261,0,3
11927,596,4148,4048,0.04804784059524536,0,3
11928,596,4148,1123,0.41560718417167664,0,3
11929,596,4148,4114,0.13828085362911224,0,3
11930,596,4148,3322,0.01089057419449091,0,3
11931,596,4148,598,0.3375471830368042,0,3
11932,596,4148,286,0.9350728988647461,0,3
11933,596,4148,3461,0.42718422412872314,0,3
11934,596,4148,3616,0.12176823616027832,0,3
11935,596,4148,3575,0.2962836027145386,0,3
11936,596,4148,480,0.4304787814617157,0,3
11937,596,4148,2467,0.3479718565940857,0,3
11938,596,4148,887,0.47406700253486633,0,3
11939,596,4148,3765,0.8366779088973999,0,3
11940,597,4085,4085,0.9969336986541748,1,2
11941,597,4085,1590,0.02333115041255951,0,2
11942,597,4085,770,0.015871429815888405,0,2
11943,597,4085,1911,0.03849686682224274,0,2
11944,597,4085,2642,0.00017965126608032733,0,2
11945,597,4085,2838,2.9527402148232795e-05,0,2
11946,597,4085,3065,0.037888359278440475,0,2
11947,597,4085,3508,0.3272925019264221,0,2
11948,597,4085,3030,0.7912696003913879,0,2
11949,597,4085,1061,0.19651243090629578,0,2
11950,597,4085,1281,0.027237245813012123,0,2
11951,597,4085,2697,0.041929375380277634,0,2
11952,597,4085,1579,0.31355953216552734,0,2
11953,597,4085,3017,0.06039668619632721,0,2
11954,597,4085,2812,6.934808993719344e-07,0,2
11955,597,4085,620,0.2739228308200836,0,2
11956,597,4085,2221,0.01661742478609085,0,2
11957,597,4085,1204,0.006964055821299553,0,2
11958,597,4085,1903,0.9984094500541687,0,2
11959,597,4085,3983,4.894860921922373e-06,0,2
11960,598,3250,3250,0.9201592803001404,1,2
11961,598,3250,2712,0.6777034401893616,0,2
11962,598,3250,1135,0.44728273153305054,0,2
11963,598,3250,2130,0.32758840918540955,0,2
11964,598,3250,1299,0.6874086856842041,0,2
11965,598,3250,818,0.943167507648468,0,2
11966,598,3250,1607,0.6315941214561462,0,2
11967,598,3250,1190,0.4246821105480194,0,2
11968,598,3250,819,0.02012399211525917,0,2
11969,598,3250,1322,0.21357062458992004,0,2
11970,598,3250,2853,0.02410828322172165,0,2
11971,598,3250,525,0.057493116706609726,0,2
11972,598,3250,1544,0.5735107660293579,0,2
11973,598,3250,3960,0.6449993848800659,0,2
11974,598,3250,703,0.1414850950241089,0,2
11975,598,3250,1623,0.5335293412208557,0,2
11976,598,3250,1626,0.5657203197479248,0,2
11977,598,3250,1289,0.5842286944389343,0,2
11978,598,3250,1702,0.11034762859344482,0,2
11979,598,3250,2621,0.0835169330239296,0,2
11980,599,714,714,0.9286373853683472,1,1
11981,599,714,49,0.10031244158744812,0,1
11982,599,714,1670,0.11090264469385147,0,1
11983,599,714,3262,0.00022679803078062832,0,1
11984,599,714,1159,0.3152291774749756,0,1
11985,599,714,355,0.09152824431657791,0,1
11986,599,714,1191,0.11348429322242737,0,1
11987,599,714,1752,0.0401165634393692,0,1
11988,599,714,2876,0.0009515442070551217,0,1
11989,599,714,1307,0.37691569328308105,0,1
11990,599,714,532,0.09049783647060394,0,1
11991,599,714,3167,0.0761215016245842,0,1
11992,599,714,3937,0.0037440615706145763,0,1
11993,599,714,2322,0.06658558547496796,0,1
11994,599,714,2296,0.004968028981238604,0,1
11995,599,714,3687,0.015597912482917309,0,1
11996,599,714,2439,0.02563951350748539,0,1
11997,599,714,4058,0.006120364647358656,0,1
11998,599,714,1199,0.014229915104806423,0,1
11999,599,714,3845,0.00031950409174896777,0,1
12000,600,2657,2657,0.7232933044433594,1,1
12001,600,2657,3776,0.5826640129089355,0,1
12002,600,2657,1513,0.15703366696834564,0,1
12003,600,2657,1762,0.48353928327560425,0,1
12004,600,2657,622,0.45138677954673767,0,1
12005,600,2657,1830,0.0279292743653059,0,1
12006,600,2657,1355,0.041850171983242035,0,1
12007,600,2657,608,0.015872018411755562,0,1
12008,600,2657,425,0.3425239622592926,0,1
12009,600,2657,2248,0.0845402330160141,0,1
12010,600,2657,1174,0.3370245397090912,0,1
12011,600,2657,977,0.4233236610889435,0,1
12012,600,2657,1487,0.048987481743097305,0,1
12013,600,2657,2662,0.5306155681610107,0,1
12014,600,2657,777,0.13159139454364777,0,1
12015,600,2657,659,0.2469937652349472,0,1
12016,600,2657,1202,0.21326248347759247,0,1
12017,600,2657,1615,0.20901332795619965,0,1
12018,600,2657,3886,0.0641251727938652,0,1
12019,600,2657,2668,0.4685802459716797,0,1
12020,601,1534,1534,0.6236666440963745,1,13
12021,601,1534,3550,0.6996247172355652,0,13
12022,601,1534,2689,0.6538273096084595,0,13
12023,601,1534,2048,0.6397180557250977,0,13
12024,601,1534,4038,0.6786208152770996,0,13
12025,601,1534,3005,0.6542166471481323,0,13
12026,601,1534,3736,0.500566840171814,0,13
12027,601,1534,691,0.3926370143890381,0,13
12028,601,1534,2110,0.27012526988983154,0,13
12029,601,1534,4053,0.3276165723800659,0,13
12030,601,1534,175,0.6066551208496094,0,13
12031,601,1534,1216,0.5901458263397217,0,13
12032,601,1534,2825,0.7644917964935303,0,13
12033,601,1534,1490,0.6462277173995972,0,13
12034,601,1534,191,0.23202548921108246,0,13
12035,601,1534,4025,0.632261335849762,0,13
12036,601,1534,4120,0.6247401833534241,0,13
12037,601,1534,1298,0.7358860969543457,0,13
12038,601,1534,698,0.7144581079483032,0,13
12039,601,1534,3360,0.6596900820732117,0,13
12040,602,1705,1705,0.5095354914665222,1,4
12041,602,1705,1703,0.35026276111602783,0,4
12042,602,1705,2078,0.39555731415748596,0,4
12043,602,1705,3356,0.5089238882064819,0,4
12044,602,1705,2249,0.2228725254535675,0,4
12045,602,1705,946,0.34432661533355713,0,4
12046,602,1705,1963,0.2722070515155792,0,4
12047,602,1705,254,0.5173472762107849,0,4
12048,602,1705,148,0.38928255438804626,0,4
12049,602,1705,594,0.49671104550361633,0,4
12050,602,1705,1378,0.5728108882904053,0,4
12051,602,1705,724,0.4865047037601471,0,4
12052,602,1705,268,0.4474463164806366,0,4
12053,602,1705,4011,0.2965083420276642,0,4
12054,602,1705,3158,0.29623717069625854,0,4
12055,602,1705,1190,0.2948458194732666,0,4
12056,602,1705,2904,0.4508575201034546,0,4
12057,602,1705,1990,0.2520574927330017,0,4
12058,602,1705,3010,0.23514226078987122,0,4
12059,602,1705,1601,0.5373517870903015,0,4
12060,603,3058,3058,0.5774617791175842,1,1
12061,603,3058,4006,0.433420330286026,0,1
12062,603,3058,3654,0.5037562251091003,0,1
12063,603,3058,2382,0.3970883786678314,0,1
12064,603,3058,1927,0.41517385840415955,0,1
12065,603,3058,1184,0.06656773388385773,0,1
12066,603,3058,288,0.3848201334476471,0,1
12067,603,3058,837,0.21503084897994995,0,1
12068,603,3058,3473,0.0898587554693222,0,1
12069,603,3058,1876,0.20855194330215454,0,1
12070,603,3058,811,0.4531494677066803,0,1
12071,603,3058,3402,0.07944204658269882,0,1
12072,603,3058,1508,0.312659353017807,0,1
12073,603,3058,1695,0.3010713756084442,0,1
12074,603,3058,923,0.112855926156044,0,1
12075,603,3058,3120,0.49562326073646545,0,1
12076,603,3058,985,0.5238669514656067,0,1
12077,603,3058,2457,0.4694127142429352,0,1
12078,603,3058,2257,0.5712862014770508,0,1
12079,603,3058,468,0.22316136956214905,0,1
12080,604,3426,3426,0.8594541549682617,1,1
12081,604,3426,4101,0.16571232676506042,0,1
12082,604,3426,3682,0.15985216200351715,0,1
12083,604,3426,319,0.6177599430084229,0,1
12084,604,3426,172,0.47866401076316833,0,1
12085,604,3426,1418,0.7723680734634399,0,1
12086,604,3426,1716,0.06190674751996994,0,1
12087,604,3426,1549,0.23136352002620697,0,1
12088,604,3426,2256,0.1951068490743637,0,1
12089,604,3426,1744,0.14086954295635223,0,1
12090,604,3426,243,0.4432733654975891,0,1
12091,604,3426,4110,0.5160250663757324,0,1
12092,604,3426,3234,0.3798407018184662,0,1
12093,604,3426,3260,0.15052643418312073,0,1
12094,604,3426,3376,0.44308534264564514,0,1
12095,604,3426,2879,0.17627105116844177,0,1
12096,604,3426,2154,0.3591199517250061,0,1
12097,604,3426,1958,0.24333007633686066,0,1
12098,604,3426,2592,0.4192582666873932,0,1
12099,604,3426,2049,0.06659132987260818,0,1
12100,605,2901,2901,0.8703404664993286,1,1
12101,605,2901,2573,0.081696517765522,0,1
12102,605,2901,2414,0.8368838429450989,0,1
12103,605,2901,3216,0.1661301702260971,0,1
12104,605,2901,2759,0.5352107882499695,0,1
12105,605,2901,1940,0.012807226739823818,0,1
12106,605,2901,3085,0.755268394947052,0,1
12107,605,2901,258,0.3875308632850647,0,1
12108,605,2901,3904,0.05552997812628746,0,1
12109,605,2901,4024,0.010802813805639744,0,1
12110,605,2901,3050,0.5020555853843689,0,1
12111,605,2901,1433,0.007884640246629715,0,1
12112,605,2901,2028,0.2393035590648651,0,1
12113,605,2901,1534,0.32523640990257263,0,1
12114,605,2901,858,0.4826723635196686,0,1
12115,605,2901,3503,0.14046849310398102,0,1
12116,605,2901,1492,0.4593437910079956,0,1
12117,605,2901,3953,0.2895573079586029,0,1
12118,605,2901,3434,0.03312698379158974,0,1
12119,605,2901,180,0.349884033203125,0,1
12120,606,113,113,0.7851835489273071,1,2
12121,606,113,3957,0.38498127460479736,0,2
12122,606,113,2920,0.34204956889152527,0,2
12123,606,113,3012,0.005021723918616772,0,2
12124,606,113,1116,0.33213523030281067,0,2
12125,606,113,2195,0.7422860860824585,0,2
12126,606,113,67,0.02412758208811283,0,2
12127,606,113,3817,0.5441207885742188,0,2
12128,606,113,945,0.6294013261795044,0,2
12129,606,113,3,0.15795379877090454,0,2
12130,606,113,2117,0.14692029356956482,0,2
12131,606,113,3952,0.4813710153102875,0,2
12132,606,113,3812,0.023642027750611305,0,2
12133,606,113,4066,0.6460795402526855,0,2
12134,606,113,668,0.10023831576108932,0,2
12135,606,113,1309,0.0017968553584069014,0,2
12136,606,113,4062,0.8123321533203125,0,2
12137,606,113,3879,0.4471248686313629,0,2
12138,606,113,476,0.6874545812606812,0,2
12139,606,113,382,0.02652551792562008,0,2
12140,607,1675,1675,0.9982669353485107,1,1
12141,607,1675,529,0.04889775440096855,0,1
12142,607,1675,257,0.0003056990390177816,0,1
12143,607,1675,2268,0.06831396371126175,0,1
12144,607,1675,2,0.0033652624115347862,0,1
12145,607,1675,385,0.17927883565425873,0,1
12146,607,1675,3862,2.453712795613683e-06,0,1
12147,607,1675,3094,0.017633499577641487,0,1
12148,607,1675,1833,1.2603123650478665e-05,0,1
12149,607,1675,2964,0.000510935380589217,0,1
12150,607,1675,3236,0.00021637420286424458,0,1
12151,607,1675,3709,0.010706346482038498,0,1
12152,607,1675,2229,0.03767149895429611,0,1
12153,607,1675,100,0.026752492412924767,0,1
12154,607,1675,1422,0.006552933715283871,0,1
12155,607,1675,1618,0.0066613694652915,0,1
12156,607,1675,2240,0.07231651246547699,0,1
12157,607,1675,1247,0.02043861337006092,0,1
12158,607,1675,1923,0.0022835799027234316,0,1
12159,607,1675,2882,6.045320333214477e-06,0,1
12160,608,3693,3693,0.87131267786026,1,1
12161,608,3693,3219,0.6704941391944885,0,1
12162,608,3693,100,0.19331742823123932,0,1
12163,608,3693,1685,0.41746824979782104,0,1
12164,608,3693,798,0.052593570202589035,0,1
12165,608,3693,3281,0.4432618319988251,0,1
12166,608,3693,3071,0.5378048419952393,0,1
12167,608,3693,172,0.1696944683790207,0,1
12168,608,3693,490,0.016624752432107925,0,1
12169,608,3693,2534,0.0690218061208725,0,1
12170,608,3693,2358,0.22717255353927612,0,1
12171,608,3693,1539,0.14545565843582153,0,1
12172,608,3693,1928,0.16929912567138672,0,1
12173,608,3693,3144,0.04045582190155983,0,1
12174,608,3693,1759,0.07763967663049698,0,1
12175,608,3693,486,0.07001849263906479,0,1
12176,608,3693,3926,0.12699787318706512,0,1
12177,608,3693,1432,0.012005936354398727,0,1
12178,608,3693,831,0.11250372231006622,0,1
12179,608,3693,2676,0.5970838069915771,0,1
12180,609,3966,3966,0.583564043045044,1,5
12181,609,3966,2091,0.38717731833457947,0,5
12182,609,3966,343,0.589012622833252,0,5
12183,609,3966,1155,0.37754949927330017,0,5
12184,609,3966,3973,0.3312208950519562,0,5
12185,609,3966,1194,0.2064056098461151,0,5
12186,609,3966,1147,0.19749228656291962,0,5
12187,609,3966,657,0.6741915941238403,0,5
12188,609,3966,1494,0.4938940107822418,0,5
12189,609,3966,3697,0.5582989454269409,0,5
12190,609,3966,564,0.499677449464798,0,5
12191,609,3966,3645,0.27134084701538086,0,5
12192,609,3966,2869,0.3784942030906677,0,5
12193,609,3966,2269,0.19198495149612427,0,5
12194,609,3966,339,0.38860493898391724,0,5
12195,609,3966,3492,0.24044498801231384,0,5
12196,609,3966,300,0.3855154514312744,0,5
12197,609,3966,148,0.590374767780304,0,5
12198,609,3966,3441,0.712784469127655,0,5
12199,609,3966,3547,0.47494855523109436,0,5
12200,610,2152,2152,0.9999728202819824,1,1
12201,610,2152,522,0.1281360238790512,0,1
12202,610,2152,3739,0.14463187754154205,0,1
12203,610,2152,1359,0.01993538811802864,0,1
12204,610,2152,1784,0.021986166015267372,0,1
12205,610,2152,3930,0.007326443213969469,0,1
12206,610,2152,411,0.14385594427585602,0,1
12207,610,2152,1571,0.962579071521759,0,1
12208,610,2152,884,0.545113205909729,0,1
12209,610,2152,302,0.026541030034422874,0,1
12210,610,2152,801,5.750251602876233e-06,0,1
12211,610,2152,3098,0.011408412829041481,0,1
12212,610,2152,2434,9.07975572772557e-06,0,1
12213,610,2152,1344,0.1517591029405594,0,1
12214,610,2152,2647,0.3106708526611328,0,1
12215,610,2152,2801,0.02908708155155182,0,1
12216,610,2152,538,9.418270929018036e-05,0,1
12217,610,2152,3876,0.05668921023607254,0,1
12218,610,2152,2125,0.08603009581565857,0,1
12219,610,2152,590,0.0018493612296879292,0,1
12220,611,2456,2456,0.8342539668083191,1,2
12221,611,2456,3797,5.890577995160129e-06,0,2
12222,611,2456,3501,0.021886590868234634,0,2
12223,611,2456,3467,0.0074389344081282616,0,2
12224,611,2456,2777,0.006677114404737949,0,2
12225,611,2456,3942,0.0018952317768707871,0,2
12226,611,2456,555,1.6271158528979868e-05,0,2
12227,611,2456,2635,0.0011514198267832398,0,2
12228,611,2456,1045,0.04631118103861809,0,2
12229,611,2456,3779,0.05987061560153961,0,2
12230,611,2456,363,0.8402873277664185,0,2
12231,611,2456,313,0.3008643686771393,0,2
12232,611,2456,3972,0.0031651544850319624,0,2
12233,611,2456,360,0.11278939992189407,0,2
12234,611,2456,3259,0.06020846962928772,0,2
12235,611,2456,3609,0.0010990363080054522,0,2
12236,611,2456,3760,0.1006515696644783,0,2
12237,611,2456,3,0.0067084175534546375,0,2
12238,611,2456,3485,0.012560766190290451,0,2
12239,611,2456,1919,0.17381849884986877,0,2
12240,612,3452,3452,0.7205768823623657,1,3
12241,612,3452,2292,0.0376255176961422,0,3
12242,612,3452,3384,0.04742157459259033,0,3
12243,612,3452,895,0.5761612057685852,0,3
12244,612,3452,3254,0.2018193006515503,0,3
12245,612,3452,2291,0.23027119040489197,0,3
12246,612,3452,3397,0.4195062816143036,0,3
12247,612,3452,1062,0.5970203280448914,0,3
12248,612,3452,3712,0.7222859859466553,0,3
12249,612,3452,977,0.472368985414505,0,3
12250,612,3452,1014,0.332674503326416,0,3
12251,612,3452,2938,0.906857430934906,0,3
12252,612,3452,2950,0.17712441086769104,0,3
12253,612,3452,48,0.558622419834137,0,3
12254,612,3452,3444,0.20076104998588562,0,3
12255,612,3452,2466,0.39328572154045105,0,3
12256,612,3452,1708,0.03190217539668083,0,3
12257,612,3452,2833,0.15386231243610382,0,3
12258,612,3452,2158,0.5528749227523804,0,3
12259,612,3452,2246,0.6721475720405579,0,3
12260,613,159,159,0.5249297618865967,1,1
12261,613,159,1941,0.25334104895591736,0,1
12262,613,159,514,0.2203991413116455,0,1
12263,613,159,1554,0.2507677674293518,0,1
12264,613,159,1810,0.284995973110199,0,1
12265,613,159,1884,0.3466010093688965,0,1
12266,613,159,2129,0.22571679949760437,0,1
12267,613,159,1613,0.20423893630504608,0,1
12268,613,159,2124,0.3461475074291229,0,1
12269,613,159,2179,0.12164068222045898,0,1
12270,613,159,3212,0.23617897927761078,0,1
12271,613,159,2075,0.0632687509059906,0,1
12272,613,159,1993,0.399910569190979,0,1
12273,613,159,100,0.31739696860313416,0,1
12274,613,159,440,0.29819539189338684,0,1
12275,613,159,628,0.43587726354599,0,1
12276,613,159,1823,0.1602197289466858,0,1
12277,613,159,2658,0.3975279629230499,0,1
12278,613,159,3198,0.09423874318599701,0,1
12279,613,159,4109,0.20126532018184662,0,1
12280,614,3501,3501,0.8836549520492554,1,2
12281,614,3501,2119,0.43137988448143005,0,2
12282,614,3501,933,0.37446877360343933,0,2
12283,614,3501,3877,0.9812631607055664,0,2
12284,614,3501,274,0.3552471697330475,0,2
12285,614,3501,2132,0.6822764277458191,0,2
12286,614,3501,2810,0.05076978728175163,0,2
12287,614,3501,3179,0.6629785895347595,0,2
12288,614,3501,2312,0.5545495748519897,0,2
12289,614,3501,3965,0.08749010413885117,0,2
12290,614,3501,259,0.24059303104877472,0,2
12291,614,3501,3065,0.499305784702301,0,2
12292,614,3501,233,0.43485027551651,0,2
12293,614,3501,1821,0.43255355954170227,0,2
12294,614,3501,2514,0.6708172559738159,0,2
12295,614,3501,4112,0.09943199157714844,0,2
12296,614,3501,1121,0.37052983045578003,0,2
12297,614,3501,3365,0.3506677746772766,0,2
12298,614,3501,3863,0.027388541027903557,0,2
12299,614,3501,1578,0.08012509346008301,0,2
12300,615,49,49,0.6688286662101746,1,3
12301,615,49,3584,0.38350775837898254,0,3
12302,615,49,819,0.1058351919054985,0,3
12303,615,49,2929,0.5650104880332947,0,3
12304,615,49,3952,0.7178741097450256,0,3
12305,615,49,3145,0.8559045791625977,0,3
12306,615,49,2255,0.46279269456863403,0,3
12307,615,49,4157,0.6004031896591187,0,3
12308,615,49,3504,0.43557992577552795,0,3
12309,615,49,1254,0.1843431144952774,0,3
12310,615,49,792,0.606272280216217,0,3
12311,615,49,1051,0.47903117537498474,0,3
12312,615,49,2882,0.3827653229236603,0,3
12313,615,49,426,0.27398860454559326,0,3
12314,615,49,1637,0.5124006867408752,0,3
12315,615,49,1518,0.3867395520210266,0,3
12316,615,49,2992,0.21440671384334564,0,3
12317,615,49,3561,0.6015695929527283,0,3
12318,615,49,4077,0.639893651008606,0,3
12319,615,49,3305,0.5148561000823975,0,3
12320,616,416,416,0.6022819876670837,1,2
12321,616,416,53,0.2791142165660858,0,2
12322,616,416,1229,0.31616756319999695,0,2
12323,616,416,2081,0.5066859722137451,0,2
12324,616,416,3287,0.05657322332262993,0,2
12325,616,416,3971,0.04485123232007027,0,2
12326,616,416,419,0.3645331859588623,0,2
12327,616,416,705,0.3429928719997406,0,2
12328,616,416,1740,0.29057660698890686,0,2
12329,616,416,3029,0.46768617630004883,0,2
12330,616,416,3817,0.5420748591423035,0,2
12331,616,416,4077,0.7039055228233337,0,2
12332,616,416,2302,0.45907139778137207,0,2
12333,616,416,3368,0.6017798781394958,0,2
12334,616,416,2078,0.43337881565093994,0,2
12335,616,416,904,0.15027737617492676,0,2
12336,616,416,2718,0.46018150448799133,0,2
12337,616,416,4114,0.5330504775047302,0,2
12338,616,416,3464,0.46831807494163513,0,2
12339,616,416,3319,0.4838588237762451,0,2
12340,617,785,785,0.8503148555755615,1,2
12341,617,785,1877,0.3156188130378723,0,2
12342,617,785,3871,0.7033841013908386,0,2
12343,617,785,3203,0.07224556058645248,0,2
12344,617,785,2085,0.6832653284072876,0,2
12345,617,785,3415,0.06420637667179108,0,2
12346,617,785,1931,0.5230743885040283,0,2
12347,617,785,2825,0.8221486806869507,0,2
12348,617,785,3066,0.012541541829705238,0,2
12349,617,785,2156,0.7307719588279724,0,2
12350,617,785,1986,0.2853195369243622,0,2
12351,617,785,2547,0.03294488042593002,0,2
12352,617,785,942,0.1689312905073166,0,2
12353,617,785,3669,0.6177594065666199,0,2
12354,617,785,223,0.037304192781448364,0,2
12355,617,785,3160,0.34840184450149536,0,2
12356,617,785,3473,0.6975771188735962,0,2
12357,617,785,430,0.050381869077682495,0,2
12358,617,785,2503,0.8632764220237732,0,2
12359,617,785,2009,0.41907769441604614,0,2
12360,618,3103,3103,0.7276164293289185,1,6
12361,618,3103,1732,0.33440884947776794,0,6
12362,618,3103,609,0.4064089059829712,0,6
12363,618,3103,4066,0.6346067786216736,0,6
12364,618,3103,2743,0.6332478523254395,0,6
12365,618,3103,2433,0.8450072407722473,0,6
12366,618,3103,1621,0.8458635210990906,0,6
12367,618,3103,483,0.047418657690286636,0,6
12368,618,3103,269,0.38370078802108765,0,6
12369,618,3103,2987,0.05693909898400307,0,6
12370,618,3103,3709,0.6471449136734009,0,6
12371,618,3103,3300,0.16795997321605682,0,6
12372,618,3103,286,0.7424640655517578,0,6
12373,618,3103,177,0.7822006344795227,0,6
12374,618,3103,3933,0.8103281855583191,0,6
12375,618,3103,2407,0.28512856364250183,0,6
12376,618,3103,4040,0.43849608302116394,0,6
12377,618,3103,3623,0.5303087830543518,0,6
12378,618,3103,3787,0.5546191334724426,0,6
12379,618,3103,1858,0.4638935923576355,0,6
12380,619,1531,1531,0.6984718441963196,1,4
12381,619,1531,3302,0.8801738619804382,0,4
12382,619,1531,1973,0.4750378429889679,0,4
12383,619,1531,1443,0.4173532724380493,0,4
12384,619,1531,787,0.11500348150730133,0,4
12385,619,1531,220,0.4336167871952057,0,4
12386,619,1531,2980,0.5654446482658386,0,4
12387,619,1531,1376,0.319654643535614,0,4
12388,619,1531,3458,0.1973104476928711,0,4
12389,619,1531,1616,0.1567627191543579,0,4
12390,619,1531,3942,0.22610807418823242,0,4
12391,619,1531,3941,0.2963314354419708,0,4
12392,619,1531,4014,0.4350828528404236,0,4
12393,619,1531,2262,0.7528569102287292,0,4
12394,619,1531,1972,0.5422819256782532,0,4
12395,619,1531,2706,0.5229591131210327,0,4
12396,619,1531,139,0.14876225590705872,0,4
12397,619,1531,979,0.3034917414188385,0,4
12398,619,1531,1448,0.7065398097038269,0,4
12399,619,1531,2248,0.2888320982456207,0,4
12400,620,3916,3916,0.8040614128112793,1,1
12401,620,3916,630,0.4438953399658203,0,1
12402,620,3916,1831,0.07278066873550415,0,1
12403,620,3916,258,0.2658328413963318,0,1
12404,620,3916,4070,0.003483447479084134,0,1
12405,620,3916,57,0.059348128736019135,0,1
12406,620,3916,1985,0.04097651690244675,0,1
12407,620,3916,1269,0.29784029722213745,0,1
12408,620,3916,160,0.06857957690954208,0,1
12409,620,3916,2584,0.37031030654907227,0,1
12410,620,3916,3837,0.04110756516456604,0,1
12411,620,3916,3249,0.41881048679351807,0,1
12412,620,3916,748,0.45476505160331726,0,1
12413,620,3916,1161,0.23585501313209534,0,1
12414,620,3916,3167,0.51710045337677,0,1
12415,620,3916,1703,0.03653785586357117,0,1
12416,620,3916,531,0.4240108132362366,0,1
12417,620,3916,1217,0.05595175921916962,0,1
12418,620,3916,3745,0.20501863956451416,0,1
12419,620,3916,479,0.06990078091621399,0,1
12420,621,3267,3267,0.9990373849868774,1,1
12421,621,3267,980,0.015271794982254505,0,1
12422,621,3267,1597,0.03787006065249443,0,1
12423,621,3267,3609,5.353541928343475e-05,0,1
12424,621,3267,970,0.04611498489975929,0,1
12425,621,3267,643,0.00616998877376318,0,1
12426,621,3267,2200,0.001301150768995285,0,1
12427,621,3267,427,0.016135649755597115,0,1
12428,621,3267,2002,3.9164624467957765e-05,0,1
12429,621,3267,1107,0.010327636264264584,0,1
12430,621,3267,2646,3.026065132871736e-05,0,1
12431,621,3267,2742,0.017123131081461906,0,1
12432,621,3267,3149,0.0002979507844429463,0,1
12433,621,3267,297,0.0002547116600908339,0,1
12434,621,3267,2770,1.1068718208662176e-07,0,1
12435,621,3267,318,0.008321631699800491,0,1
12436,621,3267,1207,0.03295668214559555,0,1
12437,621,3267,632,0.0002480126859154552,0,1
12438,621,3267,269,1.1315560186631046e-05,0,1
12439,621,3267,1678,0.00021482871670741588,0,1
12440,622,1466,1466,0.6553286910057068,1,1
12441,622,1466,2899,0.5297918915748596,0,1
12442,622,1466,1574,0.3421085774898529,0,1
12443,622,1466,2107,0.1887047439813614,0,1
12444,622,1466,3335,0.29183924198150635,0,1
12445,622,1466,184,0.46186962723731995,0,1
12446,622,1466,666,0.4752562940120697,0,1
12447,622,1466,1757,0.09123170375823975,0,1
12448,622,1466,583,0.23901444673538208,0,1
12449,622,1466,2887,0.2257319688796997,0,1
12450,622,1466,3123,0.4112129807472229,0,1
12451,622,1466,861,0.46714818477630615,0,1
12452,622,1466,1545,0.03790230304002762,0,1
12453,622,1466,4172,0.07356876879930496,0,1
12454,622,1466,2058,0.4196924567222595,0,1
12455,622,1466,1238,0.05232442170381546,0,1
12456,622,1466,2127,0.5508994460105896,0,1
12457,622,1466,1880,0.273568719625473,0,1
12458,622,1466,682,0.26675450801849365,0,1
12459,622,1466,769,0.3631643056869507,0,1
12460,623,3238,3238,0.7023724913597107,1,2
12461,623,3238,3686,0.22626332938671112,0,2
12462,623,3238,2496,0.36212342977523804,0,2
12463,623,3238,966,0.08567599207162857,0,2
12464,623,3238,934,0.06671716272830963,0,2
12465,623,3238,2321,0.27051836252212524,0,2
12466,623,3238,576,0.09772589057683945,0,2
12467,623,3238,3106,0.6343323588371277,0,2
12468,623,3238,1670,0.3758171796798706,0,2
12469,623,3238,121,0.2953650653362274,0,2
12470,623,3238,1204,0.36235225200653076,0,2
12471,623,3238,1276,0.24499903619289398,0,2
12472,623,3238,4111,0.08658494800329208,0,2
12473,623,3238,1747,0.45775163173675537,0,2
12474,623,3238,1754,0.009084384888410568,0,2
12475,623,3238,366,0.41819843649864197,0,2
12476,623,3238,26,0.11006957292556763,0,2
12477,623,3238,3003,0.2959010899066925,0,2
12478,623,3238,2272,0.8777360916137695,0,2
12479,623,3238,2383,0.31829020380973816,0,2
12480,624,2082,2082,0.71395343542099,1,1
12481,624,2082,3327,0.37553566694259644,0,1
12482,624,2082,3933,0.05917899310588837,0,1
12483,624,2082,2520,0.08281153440475464,0,1
12484,624,2082,664,0.4331350028514862,0,1
12485,624,2082,1171,0.014425450935959816,0,1
12486,624,2082,3364,0.4178444445133209,0,1
12487,624,2082,825,0.6300659775733948,0,1
12488,624,2082,569,0.48460686206817627,0,1
12489,624,2082,3790,0.29161378741264343,0,1
12490,624,2082,2326,0.532493531703949,0,1
12491,624,2082,3192,0.5338246822357178,0,1
12492,624,2082,3797,0.11362811177968979,0,1
12493,624,2082,2135,0.4504503607749939,0,1
12494,624,2082,1408,0.16495829820632935,0,1
12495,624,2082,2605,0.6384963989257812,0,1
12496,624,2082,3442,0.3811134994029999,0,1
12497,624,2082,3927,0.10344637185335159,0,1
12498,624,2082,2808,0.3869505524635315,0,1
12499,624,2082,3744,0.10229305922985077,0,1
12500,625,2048,2048,0.6420989632606506,1,1
12501,625,2048,279,0.5461060404777527,0,1
12502,625,2048,3049,0.3162822127342224,0,1
12503,625,2048,2125,0.4317810535430908,0,1
12504,625,2048,4051,0.1467425674200058,0,1
12505,625,2048,1236,0.36378559470176697,0,1
12506,625,2048,2281,0.14566762745380402,0,1
12507,625,2048,461,0.24457547068595886,0,1
12508,625,2048,3695,0.4580562710762024,0,1
12509,625,2048,4118,0.26170825958251953,0,1
12510,625,2048,1301,0.37312185764312744,0,1
12511,625,2048,1493,0.11749845743179321,0,1
12512,625,2048,3062,0.004554288927465677,0,1
12513,625,2048,2702,0.10971932858228683,0,1
12514,625,2048,1049,0.21014098823070526,0,1
12515,625,2048,1838,0.12891705334186554,0,1
12516,625,2048,951,0.05843556672334671,0,1
12517,625,2048,1135,0.30329763889312744,0,1
12518,625,2048,1242,0.20228609442710876,0,1
12519,625,2048,3944,0.031254418194293976,0,1
12520,626,3620,3620,0.8804306983947754,1,2
12521,626,3620,3748,0.1971093863248825,0,2
12522,626,3620,2920,0.06492891162633896,0,2
12523,626,3620,341,0.07755330950021744,0,2
12524,626,3620,3191,0.6351670622825623,0,2
12525,626,3620,3415,0.10178706049919128,0,2
12526,626,3620,3624,0.9037297964096069,0,2
12527,626,3620,2818,0.5188597440719604,0,2
12528,626,3620,517,0.14001385867595673,0,2
12529,626,3620,425,0.6175223588943481,0,2
12530,626,3620,2464,0.5767645835876465,0,2
12531,626,3620,2486,0.31242528557777405,0,2
12532,626,3620,288,0.1735367476940155,0,2
12533,626,3620,1471,0.06526791304349899,0,2
12534,626,3620,249,0.1619412750005722,0,2
12535,626,3620,2849,0.5933353304862976,0,2
12536,626,3620,2871,0.45015108585357666,0,2
12537,626,3620,3831,0.05063905194401741,0,2
12538,626,3620,1208,0.003628697246313095,0,2
12539,626,3620,3585,0.7339949011802673,0,2
12540,627,264,264,0.9354732036590576,1,1
12541,627,264,2949,0.0024423408322036266,0,1
12542,627,264,3877,6.810519698774442e-05,0,1
12543,627,264,3456,0.07088092714548111,0,1
12544,627,264,2959,0.08045745640993118,0,1
12545,627,264,576,0.01194912288337946,0,1
12546,627,264,65,0.0061970972456038,0,1
12547,627,264,585,0.12077577412128448,0,1
12548,627,264,1813,0.1609533429145813,0,1
12549,627,264,1764,0.06839381158351898,0,1
12550,627,264,1577,0.06044790521264076,0,1
12551,627,264,3250,0.02263185754418373,0,1
12552,627,264,2608,3.2482676033396274e-05,0,1
12553,627,264,1503,0.04445245862007141,0,1
12554,627,264,1611,0.008763379417359829,0,1
12555,627,264,3227,0.0029090146999806166,0,1
12556,627,264,1199,0.005311048589646816,0,1
12557,627,264,3648,0.0001881589414551854,0,1
12558,627,264,1135,0.038682449609041214,0,1
12559,627,264,2198,0.0016344920732080936,0,1
12560,628,370,370,0.5582537055015564,1,4
12561,628,370,285,0.38945457339286804,0,4
12562,628,370,2547,0.20617862045764923,0,4
12563,628,370,2607,0.19638465344905853,0,4
12564,628,370,3142,0.23027239739894867,0,4
12565,628,370,661,0.6448721885681152,0,4
12566,628,370,1974,0.3993479013442993,0,4
12567,628,370,3477,0.05148190259933472,0,4
12568,628,370,305,0.5096973776817322,0,4
12569,628,370,263,0.4233241379261017,0,4
12570,628,370,1844,0.5553240180015564,0,4
12571,628,370,4147,0.4411675035953522,0,4
12572,628,370,3917,0.053680017590522766,0,4
12573,628,370,2079,0.1740979105234146,0,4
12574,628,370,652,0.12801222503185272,0,4
12575,628,370,3638,0.18096542358398438,0,4
12576,628,370,1477,0.5932784080505371,0,4
12577,628,370,3780,0.6124343872070312,0,4
12578,628,370,2039,0.4511357843875885,0,4
12579,628,370,3365,0.12627489864826202,0,4
12580,629,2685,2685,0.852196991443634,1,2
12581,629,2685,1350,0.0016122335800901055,0,2
12582,629,2685,1557,0.8423001766204834,0,2
12583,629,2685,2994,0.666351318359375,0,2
12584,629,2685,819,0.010273706167936325,0,2
12585,629,2685,2821,0.6348845958709717,0,2
12586,629,2685,1686,0.04724227637052536,0,2
12587,629,2685,2800,0.3090677261352539,0,2
12588,629,2685,2107,0.32648080587387085,0,2
12589,629,2685,3017,0.5967898964881897,0,2
12590,629,2685,3131,0.2787535786628723,0,2
12591,629,2685,292,0.9480682015419006,0,2
12592,629,2685,2391,0.40155255794525146,0,2
12593,629,2685,897,0.0055097127333283424,0,2
12594,629,2685,2243,0.008325201459228992,0,2
12595,629,2685,4080,0.12612758576869965,0,2
12596,629,2685,785,0.26844197511672974,0,2
12597,629,2685,1944,0.42591962218284607,0,2
12598,629,2685,259,0.33092933893203735,0,2
12599,629,2685,1829,0.24997776746749878,0,2
12600,630,477,477,0.637458324432373,1,1
12601,630,477,686,0.36801978945732117,0,1
12602,630,477,368,0.4751986563205719,0,1
12603,630,477,1519,0.46577998995780945,0,1
12604,630,477,3917,0.041236069053411484,0,1
12605,630,477,2525,0.4705127477645874,0,1
12606,630,477,4003,0.5169416069984436,0,1
12607,630,477,2074,0.243813157081604,0,1
12608,630,477,3528,0.47967401146888733,0,1
12609,630,477,2827,0.3812110126018524,0,1
12610,630,477,3529,0.1595497727394104,0,1
12611,630,477,4084,0.6008158922195435,0,1
12612,630,477,1872,0.14259105920791626,0,1
12613,630,477,3646,0.37177515029907227,0,1
12614,630,477,661,0.31181800365448,0,1
12615,630,477,2211,0.3628118634223938,0,1
12616,630,477,38,0.2381511628627777,0,1
12617,630,477,2269,0.16920769214630127,0,1
12618,630,477,3780,0.18480511009693146,0,1
12619,630,477,2941,0.11451934278011322,0,1
12620,631,1780,1780,0.507070779800415,1,3
12621,631,1780,4120,0.09784626960754395,0,3
12622,631,1780,880,0.33595046401023865,0,3
12623,631,1780,636,0.1802724301815033,0,3
12624,631,1780,3515,0.3460410535335541,0,3
12625,631,1780,3494,0.12012467533349991,0,3
12626,631,1780,3017,0.2792087495326996,0,3
12627,631,1780,1001,0.3283827602863312,0,3
12628,631,1780,2969,0.09988877177238464,0,3
12629,631,1780,281,0.043865472078323364,0,3
12630,631,1780,1507,0.40099450945854187,0,3
12631,631,1780,2043,0.10086113214492798,0,3
12632,631,1780,2923,0.5430687665939331,0,3
12633,631,1780,2000,0.10126549750566483,0,3
12634,631,1780,1333,0.3867414593696594,0,3
12635,631,1780,660,0.434478759765625,0,3
12636,631,1780,3508,0.03625674545764923,0,3
12637,631,1780,32,0.44137606024742126,0,3
12638,631,1780,2807,0.22962866723537445,0,3
12639,631,1780,3354,0.9323845505714417,0,3
12640,632,1719,1719,0.6512047648429871,1,3
12641,632,1719,1298,0.3427079916000366,0,3
12642,632,1719,2333,0.24224138259887695,0,3
12643,632,1719,2293,0.501645565032959,0,3
12644,632,1719,2652,0.2985270321369171,0,3
12645,632,1719,438,0.3406616151332855,0,3
12646,632,1719,1980,0.7716488838195801,0,3
12647,632,1719,1945,0.35034218430519104,0,3
12648,632,1719,822,0.5655641555786133,0,3
12649,632,1719,603,0.45420703291893005,0,3
12650,632,1719,2387,0.41768282651901245,0,3
12651,632,1719,3716,0.2622529864311218,0,3
12652,632,1719,2332,0.44571453332901,0,3
12653,632,1719,4104,0.41935333609580994,0,3
12654,632,1719,282,0.42424291372299194,0,3
12655,632,1719,2866,0.05077102780342102,0,3
12656,632,1719,512,0.3112591803073883,0,3
12657,632,1719,378,0.7440919280052185,0,3
12658,632,1719,342,0.1672440469264984,0,3
12659,632,1719,2735,0.445616751909256,0,3
12660,633,4096,4096,0.7409803867340088,1,2
12661,633,4096,2842,0.9074648022651672,0,2
12662,633,4096,874,0.1542740911245346,0,2
12663,633,4096,2812,0.12370263040065765,0,2
12664,633,4096,1972,0.22920215129852295,0,2
12665,633,4096,2935,0.22100688517093658,0,2
12666,633,4096,581,0.4958176612854004,0,2
12667,633,4096,3725,0.533479630947113,0,2
12668,633,4096,3364,0.7143079042434692,0,2
12669,633,4096,3163,0.48741957545280457,0,2
12670,633,4096,1225,0.5563132762908936,0,2
12671,633,4096,3270,0.27168238162994385,0,2
12672,633,4096,124,0.21415233612060547,0,2
12673,633,4096,3707,0.6516621112823486,0,2
12674,633,4096,1215,0.024172019213438034,0,2
12675,633,4096,2539,0.16009660065174103,0,2
12676,633,4096,1129,0.4753148853778839,0,2
12677,633,4096,4083,0.25283753871917725,0,2
12678,633,4096,1476,0.4608393907546997,0,2
12679,633,4096,281,0.2556662857532501,0,2
12680,634,4005,4005,0.94578617811203,1,1
12681,634,4005,3877,0.005192628595978022,0,1
12682,634,4005,347,0.6887227892875671,0,1
12683,634,4005,1273,0.06107519194483757,0,1
12684,634,4005,2003,0.014047438278794289,0,1
12685,634,4005,3103,0.392476350069046,0,1
12686,634,4005,1481,0.11044039577245712,0,1
12687,634,4005,1786,0.13630123436450958,0,1
12688,634,4005,3461,0.8133302927017212,0,1
12689,634,4005,465,0.007559880614280701,0,1
12690,634,4005,490,0.6149068474769592,0,1
12691,634,4005,1760,0.373498797416687,0,1
12692,634,4005,591,0.02559829317033291,0,1
12693,634,4005,1217,0.2328999936580658,0,1
12694,634,4005,226,0.017374590039253235,0,1
12695,634,4005,748,0.5750117897987366,0,1
12696,634,4005,2827,0.060290124267339706,0,1
12697,634,4005,1522,0.2660064697265625,0,1
12698,634,4005,1792,0.04783046618103981,0,1
12699,634,4005,3407,0.1693706214427948,0,1
12700,635,540,540,0.5700063705444336,1,1
12701,635,540,881,0.2014634907245636,0,1
12702,635,540,3297,0.33656764030456543,0,1
12703,635,540,1408,0.42116060853004456,0,1
12704,635,540,1831,0.2955957353115082,0,1
12705,635,540,3939,0.15158194303512573,0,1
12706,635,540,3021,0.3584849536418915,0,1
12707,635,540,4163,0.5209250450134277,0,1
12708,635,540,3434,0.145535409450531,0,1
12709,635,540,1944,0.40999582409858704,0,1
12710,635,540,1134,0.276441365480423,0,1
12711,635,540,2579,0.11163783818483353,0,1
12712,635,540,781,0.058808259665966034,0,1
12713,635,540,847,0.25413814187049866,0,1
12714,635,540,2202,0.2792692482471466,0,1
12715,635,540,2303,0.16167286038398743,0,1
12716,635,540,659,0.11045373976230621,0,1
12717,635,540,1029,0.49133098125457764,0,1
12718,635,540,3823,0.19522634148597717,0,1
12719,635,540,3530,0.08381490409374237,0,1
12720,636,949,949,0.6864821314811707,1,2
12721,636,949,773,0.10677331686019897,0,2
12722,636,949,2457,0.5781692266464233,0,2
12723,636,949,1071,0.3616812825202942,0,2
12724,636,949,3797,0.2163451462984085,0,2
12725,636,949,3242,0.53130042552948,0,2
12726,636,949,4074,0.5955936908721924,0,2
12727,636,949,71,0.1642184555530548,0,2
12728,636,949,489,0.11089785397052765,0,2
12729,636,949,2937,0.13186055421829224,0,2
12730,636,949,1744,0.0508606992661953,0,2
12731,636,949,3032,0.540838897228241,0,2
12732,636,949,356,0.11070524156093597,0,2
12733,636,949,1030,0.3997558653354645,0,2
12734,636,949,2387,0.8898208141326904,0,2
12735,636,949,1301,0.2693968713283539,0,2
12736,636,949,3464,0.6267199516296387,0,2
12737,636,949,2909,0.2890833616256714,0,2
12738,636,949,2977,0.08133578300476074,0,2
12739,636,949,2955,0.5193768739700317,0,2
12740,637,2986,2986,0.9588771462440491,1,1
12741,637,2986,2525,0.00672328844666481,0,1
12742,637,2986,464,0.011145994998514652,0,1
12743,637,2986,622,0.12969034910202026,0,1
12744,637,2986,3650,0.011436481028795242,0,1
12745,637,2986,2857,0.009953654371201992,0,1
12746,637,2986,3666,0.011420885100960732,0,1
12747,637,2986,2247,0.012856071814894676,0,1
12748,637,2986,959,0.0030768041033297777,0,1
12749,637,2986,1131,0.11105847358703613,0,1
12750,637,2986,573,0.15533526241779327,0,1
12751,637,2986,1527,0.043879907578229904,0,1
12752,637,2986,2371,0.012034827843308449,0,1
12753,637,2986,2908,8.839000429361477e-07,0,1
12754,637,2986,1766,0.0053314464166760445,0,1
12755,637,2986,2682,0.035243794322013855,0,1
12756,637,2986,1771,0.0014143814332783222,0,1
12757,637,2986,814,0.0008573555969633162,0,1
12758,637,2986,3104,0.020137563347816467,0,1
12759,637,2986,3727,0.0016044696094468236,0,1
12760,638,427,427,0.8124745488166809,1,1
12761,638,427,2294,0.0007972968742251396,0,1
12762,638,427,2488,0.1986330896615982,0,1
12763,638,427,3187,0.003730054246261716,0,1
12764,638,427,3992,0.06416228413581848,0,1
12765,638,427,980,0.08536475151777267,0,1
12766,638,427,2799,0.0025394014082849026,0,1
12767,638,427,754,0.01462880615144968,0,1
12768,638,427,3728,0.01766488142311573,0,1
12769,638,427,2215,0.02518300898373127,0,1
12770,638,427,1214,0.29717814922332764,0,1
12771,638,427,295,0.12884284555912018,0,1
12772,638,427,2470,0.001360278925858438,0,1
12773,638,427,3351,0.04167119413614273,0,1
12774,638,427,1969,0.02097756415605545,0,1
12775,638,427,3279,0.008223483338952065,0,1
12776,638,427,667,0.10045026242733002,0,1
12777,638,427,3881,0.0007073641754686832,0,1
12778,638,427,858,0.36056455969810486,0,1
12779,638,427,3799,0.13853488862514496,0,1
12780,639,1384,1384,0.6838033199310303,1,1
12781,639,1384,1193,0.20789051055908203,0,1
12782,639,1384,2921,0.2455352246761322,0,1
12783,639,1384,1501,0.09565996378660202,0,1
12784,639,1384,1904,0.461174339056015,0,1
12785,639,1384,1126,0.18847376108169556,0,1
12786,639,1384,798,0.341780424118042,0,1
12787,639,1384,4016,0.5653932690620422,0,1
12788,639,1384,710,0.4385448694229126,0,1
12789,639,1384,524,0.14506465196609497,0,1
12790,639,1384,2998,0.5218581557273865,0,1
12791,639,1384,400,0.3660255968570709,0,1
12792,639,1384,1418,0.31803420186042786,0,1
12793,639,1384,2773,0.09847395867109299,0,1
12794,639,1384,1473,0.35941198468208313,0,1
12795,639,1384,2381,0.25169968605041504,0,1
12796,639,1384,1457,0.6548957228660583,0,1
12797,639,1384,3508,0.46618616580963135,0,1
12798,639,1384,2520,0.4846462905406952,0,1
12799,639,1384,1354,0.23039942979812622,0,1
12800,640,628,628,0.5225839614868164,1,1
12801,640,628,1547,0.2574034631252289,0,1
12802,640,628,3780,0.1812596470117569,0,1
12803,640,628,2168,0.08687307685613632,0,1
12804,640,628,3627,0.4988364279270172,0,1
12805,640,628,3535,0.30584388971328735,0,1
12806,640,628,1969,0.27738937735557556,0,1
12807,640,628,3414,0.11729586124420166,0,1
12808,640,628,2018,0.2459978610277176,0,1
12809,640,628,2909,0.0997142493724823,0,1
12810,640,628,3853,0.1536005139350891,0,1
12811,640,628,416,0.3858904242515564,0,1
12812,640,628,2401,0.46150803565979004,0,1
12813,640,628,2830,0.1978982537984848,0,1
12814,640,628,2647,0.4329097270965576,0,1
12815,640,628,2896,0.26939892768859863,0,1
12816,640,628,3481,0.3516688346862793,0,1
12817,640,628,1264,0.18018577992916107,0,1
12818,640,628,3102,0.44565150141716003,0,1
12819,640,628,2903,0.35204580426216125,0,1
12820,641,2316,2316,0.6089381575584412,1,2
12821,641,2316,62,0.3664352595806122,0,2
12822,641,2316,1013,0.3098428547382355,0,2
12823,641,2316,3600,0.291042298078537,0,2
12824,641,2316,1672,0.2667143940925598,0,2
12825,641,2316,1895,0.4991321861743927,0,2
12826,641,2316,1205,0.4615509510040283,0,2
12827,641,2316,1652,0.54999178647995,0,2
12828,641,2316,3948,0.5985147356987,0,2
12829,641,2316,133,0.604272186756134,0,2
12830,641,2316,2219,0.4656464159488678,0,2
12831,641,2316,3424,0.19992223381996155,0,2
12832,641,2316,3095,0.1910509169101715,0,2
12833,641,2316,1064,0.14979320764541626,0,2
12834,641,2316,1155,0.6150034070014954,0,2
12835,641,2316,3360,0.38863101601600647,0,2
12836,641,2316,2410,0.1454019844532013,0,2
12837,641,2316,917,0.5502527952194214,0,2
12838,641,2316,1221,0.5321736931800842,0,2
12839,641,2316,111,0.24792781472206116,0,2
12840,642,2263,2263,0.738837718963623,1,1
12841,642,2263,187,0.013027391396462917,0,1
12842,642,2263,1243,0.11754761636257172,0,1
12843,642,2263,2010,0.3211572468280792,0,1
12844,642,2263,1899,0.0683983713388443,0,1
12845,642,2263,1061,0.6341167092323303,0,1
12846,642,2263,2514,0.1677687019109726,0,1
12847,642,2263,3603,0.0442887619137764,0,1
12848,642,2263,3824,0.2550928294658661,0,1
12849,642,2263,1090,0.12962442636489868,0,1
12850,642,2263,991,0.019849754869937897,0,1
12851,642,2263,2880,0.35830917954444885,0,1
12852,642,2263,4,0.03032008558511734,0,1
12853,642,2263,3136,0.08939763903617859,0,1
12854,642,2263,222,0.2307262420654297,0,1
12855,642,2263,3173,0.2726953625679016,0,1
12856,642,2263,3199,0.06494489312171936,0,1
12857,642,2263,3544,0.0037346731405705214,0,1
12858,642,2263,3371,0.0029392640572041273,0,1
12859,642,2263,4168,0.14414262771606445,0,1
12860,643,3257,3257,0.92770916223526,1,1
12861,643,3257,2230,0.04255061596632004,0,1
12862,643,3257,1441,0.08286785334348679,0,1
12863,643,3257,4071,1.398145377606852e-05,0,1
12864,643,3257,380,0.007595230359584093,0,1
12865,643,3257,1668,0.001508131274022162,0,1
12866,643,3257,398,0.24101042747497559,0,1
12867,643,3257,3445,0.0001574957132106647,0,1
12868,643,3257,3404,0.0060081277042627335,0,1
12869,643,3257,1690,0.10649685561656952,0,1
12870,643,3257,2084,9.431230137124658e-05,0,1
12871,643,3257,824,0.00963639561086893,0,1
12872,643,3257,1454,0.0001223275321535766,0,1
12873,643,3257,1275,7.524125248892233e-05,0,1
12874,643,3257,1166,0.004136316478252411,0,1
12875,643,3257,2002,7.944487151689827e-05,0,1
12876,643,3257,489,0.0001682519941823557,0,1
12877,643,3257,4012,6.970977847231552e-05,0,1
12878,643,3257,2707,0.5355162620544434,0,1
12879,643,3257,3552,0.20560868084430695,0,1
12880,644,2305,2305,0.735735297203064,1,1
12881,644,2305,136,0.01059398427605629,0,1
12882,644,2305,1496,0.022077906876802444,0,1
12883,644,2305,2698,0.404135137796402,0,1
12884,644,2305,248,0.1832667887210846,0,1
12885,644,2305,767,0.41025176644325256,0,1
12886,644,2305,1472,0.438481867313385,0,1
12887,644,2305,91,0.37956205010414124,0,1
12888,644,2305,1030,0.1499205082654953,0,1
12889,644,2305,3086,0.09851571917533875,0,1
12890,644,2305,2670,0.5653071999549866,0,1
12891,644,2305,3506,0.2887771725654602,0,1
12892,644,2305,2963,0.46105068922042847,0,1
12893,644,2305,81,0.39492103457450867,0,1
12894,644,2305,3974,0.5990910530090332,0,1
12895,644,2305,2066,0.004654968623071909,0,1
12896,644,2305,3637,0.4420880377292633,0,1
12897,644,2305,3836,0.3477977514266968,0,1
12898,644,2305,1069,0.416503369808197,0,1
12899,644,2305,1987,0.3236338198184967,0,1
12900,645,1976,1976,0.5249038338661194,1,7
12901,645,1976,3287,0.6667619347572327,0,7
12902,645,1976,2037,0.30370238423347473,0,7
12903,645,1976,2369,0.30592846870422363,0,7
12904,645,1976,3529,0.2761732041835785,0,7
12905,645,1976,408,0.46501612663269043,0,7
12906,645,1976,1243,0.5913642048835754,0,7
12907,645,1976,4023,0.4693855941295624,0,7
12908,645,1976,2834,0.5993066430091858,0,7
12909,645,1976,3379,0.4908919930458069,0,7
12910,645,1976,1349,0.48580360412597656,0,7
12911,645,1976,3706,0.4429944157600403,0,7
12912,645,1976,151,0.6151534914970398,0,7
12913,645,1976,998,0.5043831467628479,0,7
12914,645,1976,2431,0.49649444222450256,0,7
12915,645,1976,2678,0.3461992144584656,0,7
12916,645,1976,315,0.6075351238250732,0,7
12917,645,1976,1283,0.40634816884994507,0,7
12918,645,1976,507,0.5927178263664246,0,7
12919,645,1976,3991,0.3376051187515259,0,7
12920,646,2342,2342,0.5957077145576477,1,1
12921,646,2342,339,0.25292885303497314,0,1
12922,646,2342,3825,0.41645878553390503,0,1
12923,646,2342,1153,0.0661783218383789,0,1
12924,646,2342,3581,0.22834788262844086,0,1
12925,646,2342,1224,0.3609754145145416,0,1
12926,646,2342,4167,0.02542213909327984,0,1
12927,646,2342,1470,0.36852604150772095,0,1
12928,646,2342,935,0.1916199028491974,0,1
12929,646,2342,532,0.4150819182395935,0,1
12930,646,2342,1961,0.5013477206230164,0,1
12931,646,2342,362,0.41304513812065125,0,1
12932,646,2342,135,0.1350581794977188,0,1
12933,646,2342,1300,0.27307218313217163,0,1
12934,646,2342,3348,0.11614767462015152,0,1
12935,646,2342,204,0.37070003151893616,0,1
12936,646,2342,883,0.1726457178592682,0,1
12937,646,2342,2287,0.5596610903739929,0,1
12938,646,2342,3107,0.07958614826202393,0,1
12939,646,2342,4083,0.582783043384552,0,1
12940,647,3614,3614,0.9179223775863647,1,1
12941,647,3614,3029,0.6025709509849548,0,1
12942,647,3614,2377,0.6731871366500854,0,1
12943,647,3614,2178,0.1724260449409485,0,1
12944,647,3614,2851,0.3249049186706543,0,1
12945,647,3614,2972,0.2705197036266327,0,1
12946,647,3614,2481,0.6230807900428772,0,1
12947,647,3614,40,0.3200923502445221,0,1
12948,647,3614,1342,0.42890095710754395,0,1
12949,647,3614,2668,0.7471610903739929,0,1
12950,647,3614,802,0.2650412917137146,0,1
12951,647,3614,862,0.005508999805897474,0,1
12952,647,3614,933,0.340605229139328,0,1
12953,647,3614,1920,0.2191658765077591,0,1
12954,647,3614,1256,0.12215861678123474,0,1
12955,647,3614,4076,0.004215783905237913,0,1
12956,647,3614,2274,0.7024146914482117,0,1
12957,647,3614,368,0.5985352396965027,0,1
12958,647,3614,2832,0.17793244123458862,0,1
12959,647,3614,3561,0.6861673593521118,0,1
12960,648,2426,2426,0.7046622633934021,1,1
12961,648,2426,252,0.13627932965755463,0,1
12962,648,2426,204,0.3646734654903412,0,1
12963,648,2426,936,0.26700925827026367,0,1
12964,648,2426,3612,0.4462337791919708,0,1
12965,648,2426,1927,0.24897295236587524,0,1
12966,648,2426,2456,0.3261122405529022,0,1
12967,648,2426,338,0.2100772112607956,0,1
12968,648,2426,3126,0.21775786578655243,0,1
12969,648,2426,3256,0.4885528087615967,0,1
12970,648,2426,608,0.22785159945487976,0,1
12971,648,2426,3524,0.19231495261192322,0,1
12972,648,2426,2839,0.017076095566153526,0,1
12973,648,2426,4170,0.20605063438415527,0,1
12974,648,2426,2884,0.23088344931602478,0,1
12975,648,2426,266,0.32797959446907043,0,1
12976,648,2426,3576,0.3392426073551178,0,1
12977,648,2426,673,0.45685455203056335,0,1
12978,648,2426,2940,0.42377355694770813,0,1
12979,648,2426,34,0.4785439372062683,0,1
12980,649,2459,2459,0.9116058349609375,1,1
12981,649,2459,751,0.19908690452575684,0,1
12982,649,2459,83,0.4901091456413269,0,1
12983,649,2459,2701,0.029888303950428963,0,1
12984,649,2459,232,0.2792430818080902,0,1
12985,649,2459,854,0.3184615969657898,0,1
12986,649,2459,1031,0.14645060896873474,0,1
12987,649,2459,63,0.020001623779535294,0,1
12988,649,2459,1550,0.3325869143009186,0,1
12989,649,2459,485,0.2243346869945526,0,1
12990,649,2459,1913,0.7981045246124268,0,1
12991,649,2459,2297,0.23221954703330994,0,1
12992,649,2459,487,0.014849684201180935,0,1
12993,649,2459,3795,0.49110594391822815,0,1
12994,649,2459,2582,0.052138425409793854,0,1
12995,649,2459,1137,0.09970931708812714,0,1
12996,649,2459,2388,0.22913843393325806,0,1
12997,649,2459,85,0.2472679316997528,0,1
12998,649,2459,2392,0.11032839119434357,0,1
12999,649,2459,4024,0.02034171111881733,0,1
13000,650,3436,3436,0.8065062165260315,1,1
13001,650,3436,1053,0.0657031387090683,0,1
13002,650,3436,1042,0.3389016091823578,0,1
13003,650,3436,1302,0.3251585364341736,0,1
13004,650,3436,3306,0.2783002257347107,0,1
13005,650,3436,1829,0.13377399742603302,0,1
13006,650,3436,2856,0.38627174496650696,0,1
13007,650,3436,2726,0.04099128395318985,0,1
13008,650,3436,1828,0.18232181668281555,0,1
13009,650,3436,3000,0.581118106842041,0,1
13010,650,3436,628,0.355166494846344,0,1
13011,650,3436,3065,0.3763362467288971,0,1
13012,650,3436,3423,0.5623453855514526,0,1
13013,650,3436,1874,0.00937467347830534,0,1
13014,650,3436,3737,0.36156347393989563,0,1
13015,650,3436,1909,0.5102306604385376,0,1
13016,650,3436,2231,0.4260406792163849,0,1
13017,650,3436,1038,0.14385364949703217,0,1
13018,650,3436,2140,0.2744414508342743,0,1
13019,650,3436,21,0.055470749735832214,0,1
13020,651,3528,3528,0.792460560798645,1,3
13021,651,3528,1499,0.0414879210293293,0,3
13022,651,3528,46,0.21069395542144775,0,3
13023,651,3528,3046,0.4822414219379425,0,3
13024,651,3528,3864,0.05676225945353508,0,3
13025,651,3528,265,0.16245369613170624,0,3
13026,651,3528,1696,0.8120251297950745,0,3
13027,651,3528,3348,0.8535292148590088,0,3
13028,651,3528,703,0.4532283544540405,0,3
13029,651,3528,2557,0.18205027282238007,0,3
13030,651,3528,2595,0.47448819875717163,0,3
13031,651,3528,2251,0.04328633472323418,0,3
13032,651,3528,3043,0.05009353160858154,0,3
13033,651,3528,3418,0.4427954852581024,0,3
13034,651,3528,386,0.7299338579177856,0,3
13035,651,3528,2793,0.008576678112149239,0,3
13036,651,3528,2772,0.17234386503696442,0,3
13037,651,3528,176,0.35149747133255005,0,3
13038,651,3528,493,0.005015576258301735,0,3
13039,651,3528,4052,0.5871028304100037,0,3
13040,652,3884,3884,0.7059928774833679,1,2
13041,652,3884,247,0.3456408381462097,0,2
13042,652,3884,1735,0.659278929233551,0,2
13043,652,3884,2667,0.23413360118865967,0,2
13044,652,3884,2417,0.561734139919281,0,2
13045,652,3884,1971,0.03463781997561455,0,2
13046,652,3884,1848,0.37006205320358276,0,2
13047,652,3884,1171,0.08308324962854385,0,2
13048,652,3884,4098,0.4185415804386139,0,2
13049,652,3884,1243,0.3727671205997467,0,2
13050,652,3884,3164,0.6033881902694702,0,2
13051,652,3884,4070,0.30408230423927307,0,2
13052,652,3884,2097,0.5051949620246887,0,2
13053,652,3884,1382,0.49087947607040405,0,2
13054,652,3884,3489,0.12278363108634949,0,2
13055,652,3884,1782,0.15160049498081207,0,2
13056,652,3884,3968,0.14520560204982758,0,2
13057,652,3884,4106,0.4816591143608093,0,2
13058,652,3884,3661,0.7830010652542114,0,2
13059,652,3884,771,0.2250867635011673,0,2
13060,653,2723,2723,0.6144798398017883,1,4
13061,653,2723,1867,0.23283594846725464,0,4
13062,653,2723,3764,0.4835491180419922,0,4
13063,653,2723,2817,0.2241652011871338,0,4
13064,653,2723,669,0.2924124002456665,0,4
13065,653,2723,3423,0.23220586776733398,0,4
13066,653,2723,488,0.6132585406303406,0,4
13067,653,2723,929,0.25724756717681885,0,4
13068,653,2723,1922,0.7980232238769531,0,4
13069,653,2723,511,0.6667661666870117,0,4
13070,653,2723,4145,0.36547204852104187,0,4
13071,653,2723,3534,0.4619201123714447,0,4
13072,653,2723,229,0.3133617341518402,0,4
13073,653,2723,352,0.7732976675033569,0,4
13074,653,2723,3555,0.37546393275260925,0,4
13075,653,2723,4135,0.296062707901001,0,4
13076,653,2723,444,0.23755158483982086,0,4
13077,653,2723,3899,0.22199667990207672,0,4
13078,653,2723,1901,0.5689755082130432,0,4
13079,653,2723,662,0.24612119793891907,0,4
13080,654,110,110,0.5788231492042542,1,3
13081,654,110,2621,0.21604691445827484,0,3
13082,654,110,1541,0.40963491797447205,0,3
13083,654,110,3750,0.5048354268074036,0,3
13084,654,110,3417,0.1896081417798996,0,3
13085,654,110,1773,0.5141711235046387,0,3
13086,654,110,760,0.6962059140205383,0,3
13087,654,110,397,0.4670581519603729,0,3
13088,654,110,3685,0.2609710097312927,0,3
13089,654,110,2751,0.5265570282936096,0,3
13090,654,110,989,0.2540164291858673,0,3
13091,654,110,3210,0.050323519855737686,0,3
13092,654,110,1038,0.23444263637065887,0,3
13093,654,110,441,0.6105520725250244,0,3
13094,654,110,68,0.12853708863258362,0,3
13095,654,110,1926,0.39929986000061035,0,3
13096,654,110,3454,0.36398768424987793,0,3
13097,654,110,4111,0.4562641382217407,0,3
13098,654,110,2105,0.2744293510913849,0,3
13099,654,110,2641,0.29395627975463867,0,3
13100,655,188,188,0.6192984580993652,1,3
13101,655,188,2781,0.09459970146417618,0,3
13102,655,188,2703,0.22681529819965363,0,3
13103,655,188,3043,0.1904984712600708,0,3
13104,655,188,1663,0.5041804909706116,0,3
13105,655,188,1453,0.10861867666244507,0,3
13106,655,188,3148,0.44405704736709595,0,3
13107,655,188,1941,0.12097955495119095,0,3
13108,655,188,615,0.4265640079975128,0,3
13109,655,188,1342,0.6928582787513733,0,3
13110,655,188,2940,0.42235928773880005,0,3
13111,655,188,595,0.020424583926796913,0,3
13112,655,188,689,0.49791577458381653,0,3
13113,655,188,466,0.42416682839393616,0,3
13114,655,188,1882,0.34216609597206116,0,3
13115,655,188,3753,0.2329053282737732,0,3
13116,655,188,1948,0.1045517846941948,0,3
13117,655,188,392,0.3636813759803772,0,3
13118,655,188,2121,0.47972679138183594,0,3
13119,655,188,183,0.6801967620849609,0,3
13120,656,1168,1168,0.5662462711334229,1,3
13121,656,1168,1686,0.4808146059513092,0,3
13122,656,1168,3102,0.6609571576118469,0,3
13123,656,1168,1815,0.13588020205497742,0,3
13124,656,1168,4176,0.5064716935157776,0,3
13125,656,1168,2507,0.35560449957847595,0,3
13126,656,1168,1452,0.2458299845457077,0,3
13127,656,1168,3038,0.5274466872215271,0,3
13128,656,1168,1320,0.2826169729232788,0,3
13129,656,1168,1363,0.38710683584213257,0,3
13130,656,1168,3008,0.7854622602462769,0,3
13131,656,1168,1101,0.5477335453033447,0,3
13132,656,1168,788,0.281060129404068,0,3
13133,656,1168,877,0.497568279504776,0,3
13134,656,1168,1277,0.3276825547218323,0,3
13135,656,1168,3703,0.5463761687278748,0,3
13136,656,1168,227,0.5072965025901794,0,3
13137,656,1168,3907,0.510243833065033,0,3
13138,656,1168,3965,0.2270270138978958,0,3
13139,656,1168,2846,0.3151289224624634,0,3
13140,657,764,764,0.6086480021476746,1,2
13141,657,764,4044,0.41177958250045776,0,2
13142,657,764,3501,0.4898494482040405,0,2
13143,657,764,3702,0.4975307881832123,0,2
13144,657,764,194,0.35597875714302063,0,2
13145,657,764,1894,0.14272581040859222,0,2
13146,657,764,401,0.2265167087316513,0,2
13147,657,764,2978,0.14905808866024017,0,2
13148,657,764,40,0.21287374198436737,0,2
13149,657,764,1846,0.44700706005096436,0,2
13150,657,764,2714,0.4182060658931732,0,2
13151,657,764,169,0.6633634567260742,0,2
13152,657,764,2356,0.2024538815021515,0,2
13153,657,764,2647,0.42958155274391174,0,2
13154,657,764,3670,0.22939501702785492,0,2
13155,657,764,3953,0.21469491720199585,0,2
13156,657,764,1000,0.2827985882759094,0,2
13157,657,764,2692,0.41885364055633545,0,2
13158,657,764,3610,0.02887430414557457,0,2
13159,657,764,3326,0.498661071062088,0,2
13160,658,681,681,0.5972474217414856,1,1
13161,658,681,2788,0.3158876597881317,0,1
13162,658,681,3349,0.2762773334980011,0,1
13163,658,681,835,0.4265057146549225,0,1
13164,658,681,3821,0.28537851572036743,0,1
13165,658,681,258,0.4413280487060547,0,1
13166,658,681,3595,0.5835848450660706,0,1
13167,658,681,3721,0.5744355320930481,0,1
13168,658,681,3607,0.25604844093322754,0,1
13169,658,681,4156,0.1588095724582672,0,1
13170,658,681,986,0.503225564956665,0,1
13171,658,681,2493,0.5290939211845398,0,1
13172,658,681,3506,0.4231026768684387,0,1
13173,658,681,1665,0.46748507022857666,0,1
13174,658,681,1661,0.31831175088882446,0,1
13175,658,681,3311,0.3585958778858185,0,1
13176,658,681,2283,0.09182034432888031,0,1
13177,658,681,2322,0.3870548605918884,0,1
13178,658,681,2604,0.21314556896686554,0,1
13179,658,681,3158,0.3486841022968292,0,1
13180,659,1685,1685,0.6219715476036072,1,4
13181,659,1685,524,0.5489045977592468,0,4
13182,659,1685,378,0.54388827085495,0,4
13183,659,1685,463,0.5751244425773621,0,4
13184,659,1685,138,0.7743749022483826,0,4
13185,659,1685,281,0.25999540090560913,0,4
13186,659,1685,3073,0.5375658273696899,0,4
13187,659,1685,2614,0.4601714611053467,0,4
13188,659,1685,1987,0.5503669381141663,0,4
13189,659,1685,53,0.6119975447654724,0,4
13190,659,1685,3272,0.5172756314277649,0,4
13191,659,1685,3687,0.33788979053497314,0,4
13192,659,1685,1460,0.6066727042198181,0,4
13193,659,1685,3966,0.5806968212127686,0,4
13194,659,1685,3076,0.6815253496170044,0,4
13195,659,1685,2004,0.5979633331298828,0,4
13196,659,1685,1706,0.5715588331222534,0,4
13197,659,1685,3995,0.658143937587738,0,4
13198,659,1685,624,0.4124028980731964,0,4
13199,659,1685,3769,0.5056001543998718,0,4
13200,660,1225,1225,0.9985803365707397,1,2
13201,660,1225,1474,0.0029035236220806837,0,2
13202,660,1225,374,1.208832259180781e-06,0,2
13203,660,1225,1287,0.999194324016571,0,2
13204,660,1225,4129,0.0007821486797183752,0,2
13205,660,1225,2661,5.956780569249531e-06,0,2
13206,660,1225,1566,0.2955840826034546,0,2
13207,660,1225,490,0.0017042971448972821,0,2
13208,660,1225,3,0.02171781286597252,0,2
13209,660,1225,1417,0.1904216706752777,0,2
13210,660,1225,921,0.15411637723445892,0,2
13211,660,1225,257,6.127320375526324e-05,0,2
13212,660,1225,4041,0.016428492963314056,0,2
13213,660,1225,546,0.05186179652810097,0,2
13214,660,1225,594,9.920409866026603e-06,0,2
13215,660,1225,181,0.00015365335275419056,0,2
13216,660,1225,3586,9.063093784789089e-06,0,2
13217,660,1225,2751,0.18527382612228394,0,2
13218,660,1225,522,2.3388854515360435e-06,0,2
13219,660,1225,1205,0.05286509171128273,0,2
13220,661,1848,1848,0.5786678791046143,1,1
13221,661,1848,4131,0.08771707117557526,0,1
13222,661,1848,3182,0.0019709826447069645,0,1
13223,661,1848,2513,0.10777471959590912,0,1
13224,661,1848,4022,0.11121878027915955,0,1
13225,661,1848,2098,0.02133648283779621,0,1
13226,661,1848,2924,0.009618809446692467,0,1
13227,661,1848,2888,0.1988990157842636,0,1
13228,661,1848,1293,0.23149274289608002,0,1
13229,661,1848,1708,0.006791314110159874,0,1
13230,661,1848,3745,0.09569195657968521,0,1
13231,661,1848,1518,0.09501200914382935,0,1
13232,661,1848,759,0.009928354062139988,0,1
13233,661,1848,2113,0.05362682417035103,0,1
13234,661,1848,444,0.0701228454709053,0,1
13235,661,1848,137,0.17495983839035034,0,1
13236,661,1848,53,0.0783025398850441,0,1
13237,661,1848,1726,0.4690678119659424,0,1
13238,661,1848,308,0.14537137746810913,0,1
13239,661,1848,2219,0.3295474648475647,0,1
13240,662,3419,3419,0.7559462785720825,1,2
13241,662,3419,2601,0.2454640120267868,0,2
13242,662,3419,3603,0.010601519607007504,0,2
13243,662,3419,2819,0.09461032599210739,0,2
13244,662,3419,1345,0.0451219379901886,0,2
13245,662,3419,2268,0.05143056809902191,0,2
13246,662,3419,4095,0.8114650249481201,0,2
13247,662,3419,723,0.519432544708252,0,2
13248,662,3419,697,0.6629841923713684,0,2
13249,662,3419,3757,0.420265793800354,0,2
13250,662,3419,1400,0.19419953227043152,0,2
13251,662,3419,611,0.4224136471748352,0,2
13252,662,3419,4109,0.5927388072013855,0,2
13253,662,3419,1758,0.14663606882095337,0,2
13254,662,3419,241,0.32387790083885193,0,2
13255,662,3419,880,0.7407949566841125,0,2
13256,662,3419,2145,0.6561264395713806,0,2
13257,662,3419,4124,0.10016921162605286,0,2
13258,662,3419,2247,0.2585606873035431,0,2
13259,662,3419,2500,0.23226584494113922,0,2
13260,663,3157,3157,0.7146548628807068,1,2
13261,663,3157,32,0.5281721353530884,0,2
13262,663,3157,4050,0.3025240898132324,0,2
13263,663,3157,351,0.28736698627471924,0,2
13264,663,3157,2342,0.6012119054794312,0,2
13265,663,3157,3519,0.5048123598098755,0,2
13266,663,3157,2048,0.6164194345474243,0,2
13267,663,3157,1893,0.4552757143974304,0,2
13268,663,3157,1868,0.5024586915969849,0,2
13269,663,3157,4120,0.6003724336624146,0,2
13270,663,3157,3695,0.522223949432373,0,2
13271,663,3157,2513,0.7333892583847046,0,2
13272,663,3157,3958,0.6101120114326477,0,2
13273,663,3157,2468,0.6131629943847656,0,2
13274,663,3157,709,0.614642858505249,0,2
13275,663,3157,954,0.5070480108261108,0,2
13276,663,3157,1685,0.5530651807785034,0,2
13277,663,3157,1782,0.29145026206970215,0,2
13278,663,3157,388,0.25822028517723083,0,2
13279,663,3157,655,0.4752611219882965,0,2
13280,664,1079,1079,0.7923336029052734,1,1
13281,664,1079,1904,0.17554818093776703,0,1
13282,664,1079,902,0.009455894120037556,0,1
13283,664,1079,3197,0.06878545135259628,0,1
13284,664,1079,3399,0.09164628386497498,0,1
13285,664,1079,1471,0.36545494198799133,0,1
13286,664,1079,426,0.09164278954267502,0,1
13287,664,1079,2890,0.03509547561407089,0,1
13288,664,1079,3080,0.06338757276535034,0,1
13289,664,1079,477,0.42393454909324646,0,1
13290,664,1079,2795,0.042816031724214554,0,1
13291,664,1079,3659,0.06879187375307083,0,1
13292,664,1079,3526,0.003512795316055417,0,1
13293,664,1079,132,0.15161021053791046,0,1
13294,664,1079,1801,0.32532739639282227,0,1
13295,664,1079,170,0.403361052274704,0,1
13296,664,1079,2761,0.0003475369303487241,0,1
13297,664,1079,373,0.014447946101427078,0,1
13298,664,1079,2985,0.01598380133509636,0,1
13299,664,1079,1197,0.28830820322036743,0,1
13300,665,585,585,0.6206170916557312,1,4
13301,665,585,2335,0.333883136510849,0,4
13302,665,585,391,0.4180240035057068,0,4
13303,665,585,3979,0.2515353262424469,0,4
13304,665,585,2429,0.5107282996177673,0,4
13305,665,585,174,0.7657231092453003,0,4
13306,665,585,3298,0.2418230026960373,0,4
13307,665,585,3700,0.020935310050845146,0,4
13308,665,585,569,0.10044019669294357,0,4
13309,665,585,3781,0.4369669258594513,0,4
13310,665,585,1535,0.08861283212900162,0,4
13311,665,585,2754,0.6878204345703125,0,4
13312,665,585,1569,0.2168954759836197,0,4
13313,665,585,1576,0.19610841572284698,0,4
13314,665,585,4126,0.14978766441345215,0,4
13315,665,585,1257,0.21965079009532928,0,4
13316,665,585,4071,0.055393874645233154,0,4
13317,665,585,3918,0.038884371519088745,0,4
13318,665,585,3195,0.8007969856262207,0,4
13319,665,585,3641,0.45649829506874084,0,4
13320,666,2059,2059,0.9992972612380981,1,1
13321,666,2059,682,0.9938532114028931,0,1
13322,666,2059,763,0.009952676482498646,0,1
13323,666,2059,910,0.00618359399959445,0,1
13324,666,2059,1345,0.002881483407691121,0,1
13325,666,2059,1924,0.015180435962975025,0,1
13326,666,2059,1729,5.787203463114565e-07,0,1
13327,666,2059,1852,7.375538552878425e-05,0,1
13328,666,2059,2610,3.917071111914083e-09,0,1
13329,666,2059,1581,0.0006817663088440895,0,1
13330,666,2059,1273,5.134967523190426e-06,0,1
13331,666,2059,1087,0.003976552747189999,0,1
13332,666,2059,3127,0.007978606969118118,0,1
13333,666,2059,867,0.00038041657535359263,0,1
13334,666,2059,724,2.256051629956346e-06,0,1
13335,666,2059,568,0.06969867646694183,0,1
13336,666,2059,45,0.0043924301862716675,0,1
13337,666,2059,2223,0.13071784377098083,0,1
13338,666,2059,1923,4.00302087655291e-06,0,1
13339,666,2059,2093,0.03788985311985016,0,1
13340,667,1213,1213,0.7035577893257141,1,2
13341,667,1213,3217,0.5976194143295288,0,2
13342,667,1213,383,0.7857789397239685,0,2
13343,667,1213,3945,0.3442293703556061,0,2
13344,667,1213,3207,0.351798415184021,0,2
13345,667,1213,819,0.304145872592926,0,2
13346,667,1213,1237,0.5776669383049011,0,2
13347,667,1213,2130,0.4653979539871216,0,2
13348,667,1213,2844,0.4348684847354889,0,2
13349,667,1213,3997,0.4438997507095337,0,2
13350,667,1213,1339,0.6933940052986145,0,2
13351,667,1213,990,0.3294549882411957,0,2
13352,667,1213,781,0.20237810909748077,0,2
13353,667,1213,163,0.4919707477092743,0,2
13354,667,1213,1230,0.5087864995002747,0,2
13355,667,1213,2207,0.6242393255233765,0,2
13356,667,1213,2536,0.2338206022977829,0,2
13357,667,1213,4086,0.41908732056617737,0,2
13358,667,1213,1810,0.5345066785812378,0,2
13359,667,1213,2734,0.2855727970600128,0,2
13360,668,2932,2932,0.9635094404220581,1,1
13361,668,2932,273,0.07963737845420837,0,1
13362,668,2932,2695,0.8208565711975098,0,1
13363,668,2932,3470,0.0970267727971077,0,1
13364,668,2932,50,0.4977310597896576,0,1
13365,668,2932,326,0.17485514283180237,0,1
13366,668,2932,666,0.6082219481468201,0,1
13367,668,2932,4017,0.46746963262557983,0,1
13368,668,2932,3440,0.06446748971939087,0,1
13369,668,2932,299,0.4379517436027527,0,1
13370,668,2932,198,0.4462326169013977,0,1
13371,668,2932,2661,0.9164078831672668,0,1
13372,668,2932,1313,0.5336434245109558,0,1
13373,668,2932,3957,0.5669064521789551,0,1
13374,668,2932,2844,0.618269681930542,0,1
13375,668,2932,3624,0.920793890953064,0,1
13376,668,2932,1645,0.011632845737040043,0,1
13377,668,2932,2275,0.2853751480579376,0,1
13378,668,2932,154,0.5225208401679993,0,1
13379,668,2932,144,0.6962100863456726,0,1
13380,669,381,381,0.7554818987846375,1,1
13381,669,381,2777,0.1339506357908249,0,1
13382,669,381,692,0.004283735062927008,0,1
13383,669,381,3221,0.06788219511508942,0,1
13384,669,381,2755,0.310869961977005,0,1
13385,669,381,2575,0.01413979846984148,0,1
13386,669,381,1976,0.2608000338077545,0,1
13387,669,381,601,0.028220536187291145,0,1
13388,669,381,1839,0.016729315742850304,0,1
13389,669,381,1264,0.023616181686520576,0,1
13390,669,381,1074,0.12853729724884033,0,1
13391,669,381,456,0.2264595776796341,0,1
13392,669,381,1005,0.0025481306947767735,0,1
13393,669,381,4101,0.0037255296483635902,0,1
13394,669,381,2557,0.16292713582515717,0,1
13395,669,381,2173,0.07277574390172958,0,1
13396,669,381,3354,0.5608988404273987,0,1
13397,669,381,3392,0.011843321844935417,0,1
13398,669,381,2637,0.2338842898607254,0,1
13399,669,381,2270,0.03344486281275749,0,1
13400,670,3089,3089,0.5570949912071228,1,3
13401,670,3089,2460,0.5004701614379883,0,3
13402,670,3089,1491,0.525046706199646,0,3
13403,670,3089,149,0.5799630880355835,0,3
13404,670,3089,1315,0.3026546239852905,0,3
13405,670,3089,1685,0.5189036726951599,0,3
13406,670,3089,102,0.5180610418319702,0,3
13407,670,3089,1459,0.6141133904457092,0,3
13408,670,3089,2211,0.3977571725845337,0,3
13409,670,3089,3850,0.226293683052063,0,3
13410,670,3089,926,0.19296151399612427,0,3
13411,670,3089,1748,0.4640553593635559,0,3
13412,670,3089,2195,0.17132678627967834,0,3
13413,670,3089,1847,0.48169440031051636,0,3
13414,670,3089,92,0.43336954712867737,0,3
13415,670,3089,3906,0.35802415013313293,0,3
13416,670,3089,1986,0.44047126173973083,0,3
13417,670,3089,3531,0.42276644706726074,0,3
13418,670,3089,2799,0.19367079436779022,0,3
13419,670,3089,3659,0.3809863030910492,0,3
13420,671,777,777,0.9009919166564941,1,1
13421,671,777,1517,0.19688990712165833,0,1
13422,671,777,2084,0.004184667486697435,0,1
13423,671,777,1121,0.21358782052993774,0,1
13424,671,777,993,0.35146307945251465,0,1
13425,671,777,2612,0.2443917840719223,0,1
13426,671,777,1521,0.04138119891285896,0,1
13427,671,777,2228,2.1483629097929224e-06,0,1
13428,671,777,3143,0.02165374346077442,0,1
13429,671,777,2675,0.3598739206790924,0,1
13430,671,777,1278,0.25688353180885315,0,1
13431,671,777,3441,0.23458391427993774,0,1
13432,671,777,3350,0.6387441754341125,0,1
13433,671,777,41,0.04907356947660446,0,1
13434,671,777,3049,0.019834324717521667,0,1
13435,671,777,1769,0.26487475633621216,0,1
13436,671,777,1894,0.0038159748073667288,0,1
13437,671,777,427,0.3417642414569855,0,1
13438,671,777,2739,0.0021027305629104376,0,1
13439,671,777,669,0.005633159540593624,0,1
13440,672,1473,1473,0.5437283515930176,1,2
13441,672,1473,1381,0.12664464116096497,0,2
13442,672,1473,362,0.3662957549095154,0,2
13443,672,1473,4021,0.13223005831241608,0,2
13444,672,1473,1266,0.041851308196783066,0,2
13445,672,1473,1987,0.37878358364105225,0,2
13446,672,1473,3521,0.1933620274066925,0,2
13447,672,1473,1229,0.4931887984275818,0,2
13448,672,1473,2269,0.04097836837172508,0,2
13449,672,1473,1391,0.08118417114019394,0,2
13450,672,1473,1270,0.015301217325031757,0,2
13451,672,1473,1426,0.35243457555770874,0,2
13452,672,1473,3367,0.6799843311309814,0,2
13453,672,1473,679,0.035706862807273865,0,2
13454,672,1473,1252,0.0016554001485928893,0,2
13455,672,1473,205,0.3269282281398773,0,2
13456,672,1473,3557,0.28026649355888367,0,2
13457,672,1473,806,0.15025639533996582,0,2
13458,672,1473,188,0.2656607925891876,0,2
13459,672,1473,4093,0.04773170128464699,0,2
13460,673,3888,3888,0.8233111500740051,1,1
13461,673,3888,1271,0.18049298226833344,0,1
13462,673,3888,134,0.061386026442050934,0,1
13463,673,3888,2784,0.4663848578929901,0,1
13464,673,3888,830,0.13150063157081604,0,1
13465,673,3888,1042,0.6287969350814819,0,1
13466,673,3888,2755,0.4469735324382782,0,1
13467,673,3888,2854,0.5626386404037476,0,1
13468,673,3888,3784,0.15576577186584473,0,1
13469,673,3888,2519,0.17237669229507446,0,1
13470,673,3888,3758,0.17143425345420837,0,1
13471,673,3888,516,0.3403846323490143,0,1
13472,673,3888,3136,0.30780020356178284,0,1
13473,673,3888,37,0.06853226572275162,0,1
13474,673,3888,1545,0.5900931358337402,0,1
13475,673,3888,1452,0.11413125693798065,0,1
13476,673,3888,982,0.265190452337265,0,1
13477,673,3888,926,0.46399950981140137,0,1
13478,673,3888,1792,0.27287718653678894,0,1
13479,673,3888,677,0.5001339912414551,0,1
13480,674,1152,1152,0.5734127163887024,1,5
13481,674,1152,3271,0.397777795791626,0,5
13482,674,1152,3401,0.562125563621521,0,5
13483,674,1152,1486,0.49484673142433167,0,5
13484,674,1152,2691,0.5523174405097961,0,5
13485,674,1152,3961,0.3510631024837494,0,5
13486,674,1152,10,0.5075345039367676,0,5
13487,674,1152,1150,0.38691192865371704,0,5
13488,674,1152,2371,0.5772408843040466,0,5
13489,674,1152,3513,0.3402678370475769,0,5
13490,674,1152,586,0.6049718260765076,0,5
13491,674,1152,801,0.3743347227573395,0,5
13492,674,1152,387,0.5904297232627869,0,5
13493,674,1152,669,0.4983946681022644,0,5
13494,674,1152,617,0.447009414434433,0,5
13495,674,1152,4170,0.5128082633018494,0,5
13496,674,1152,3447,0.39463627338409424,0,5
13497,674,1152,1144,0.4185563623905182,0,5
13498,674,1152,3052,0.5756409168243408,0,5
13499,674,1152,2845,0.5093508362770081,0,5
13500,675,903,903,0.9469783902168274,1,1
13501,675,903,3966,0.10726293176412582,0,1
13502,675,903,1649,0.015863634645938873,0,1
13503,675,903,1238,0.004633345175534487,0,1
13504,675,903,85,0.3320941925048828,0,1
13505,675,903,3490,0.01231805607676506,0,1
13506,675,903,1326,0.004269050899893045,0,1
13507,675,903,264,0.35277819633483887,0,1
13508,675,903,3734,0.0009490833035670221,0,1
13509,675,903,948,0.03622607886791229,0,1
13510,675,903,1312,0.003329654922708869,0,1
13511,675,903,3455,0.0004989202716387808,0,1
13512,675,903,1048,0.4034198820590973,0,1
13513,675,903,4174,0.15005353093147278,0,1
13514,675,903,2110,0.00194366869982332,0,1
13515,675,903,745,0.06372326612472534,0,1
13516,675,903,2117,0.0034601399675011635,0,1
13517,675,903,1836,0.1994645744562149,0,1
13518,675,903,2031,3.144644506392069e-05,0,1
13519,675,903,4053,0.026694903150200844,0,1
13520,676,4064,4064,0.5258857607841492,1,1
13521,676,4064,2673,0.21678736805915833,0,1
13522,676,4064,45,0.35571029782295227,0,1
13523,676,4064,1126,0.46729958057403564,0,1
13524,676,4064,1330,0.3722739517688751,0,1
13525,676,4064,1775,0.36409422755241394,0,1
13526,676,4064,988,0.1562327891588211,0,1
13527,676,4064,2456,0.384431391954422,0,1
13528,676,4064,2889,0.2301299273967743,0,1
13529,676,4064,3095,0.1467536836862564,0,1
13530,676,4064,3470,0.1998453587293625,0,1
13531,676,4064,1759,0.1894269436597824,0,1
13532,676,4064,1555,0.11749711632728577,0,1
13533,676,4064,995,0.3867150545120239,0,1
13534,676,4064,715,0.30398645997047424,0,1
13535,676,4064,2733,0.3265360891819,0,1
13536,676,4064,2594,0.28660908341407776,0,1
13537,676,4064,3588,0.09710988402366638,0,1
13538,676,4064,3672,0.43261629343032837,0,1
13539,676,4064,3182,0.13917917013168335,0,1
13540,677,3516,3516,0.7696720957756042,1,1
13541,677,3516,4148,0.576704204082489,0,1
13542,677,3516,1475,0.05419136956334114,0,1
13543,677,3516,2461,0.3873608708381653,0,1
13544,677,3516,1851,0.3099377155303955,0,1
13545,677,3516,1911,0.22431762516498566,0,1
13546,677,3516,3234,0.17283563315868378,0,1
13547,677,3516,4059,0.17229007184505463,0,1
13548,677,3516,2631,0.1876942366361618,0,1
13549,677,3516,2560,0.2952507734298706,0,1
13550,677,3516,1721,0.39827287197113037,0,1
13551,677,3516,4073,0.4517773985862732,0,1
13552,677,3516,2257,0.032763075083494186,0,1
13553,677,3516,3443,0.20315025746822357,0,1
13554,677,3516,1200,0.05551670119166374,0,1
13555,677,3516,2655,0.21471253037452698,0,1
13556,677,3516,3150,0.37501177191734314,0,1
13557,677,3516,3988,0.519265353679657,0,1
13558,677,3516,3871,0.09572536498308182,0,1
13559,677,3516,1607,0.39730364084243774,0,1
13560,678,1017,1017,0.9104357957839966,1,1
13561,678,1017,2858,0.3601374924182892,0,1
13562,678,1017,2531,0.09608900547027588,0,1
13563,678,1017,3470,0.23603138327598572,0,1
13564,678,1017,689,0.49635830521583557,0,1
13565,678,1017,360,0.4479251503944397,0,1
13566,678,1017,2523,0.4748261868953705,0,1
13567,678,1017,206,0.5290545225143433,0,1
13568,678,1017,2318,0.12573543190956116,0,1
13569,678,1017,695,0.15730205178260803,0,1
13570,678,1017,3738,0.1302102655172348,0,1
13571,678,1017,2111,0.25312915444374084,0,1
13572,678,1017,3733,0.44307246804237366,0,1
13573,678,1017,1307,0.15630145370960236,0,1
13574,678,1017,2253,0.183430016040802,0,1
13575,678,1017,2569,0.03281093388795853,0,1
13576,678,1017,989,0.03811797872185707,0,1
13577,678,1017,2484,0.5912529230117798,0,1
13578,678,1017,508,0.49617287516593933,0,1
13579,678,1017,706,0.18220531940460205,0,1
13580,679,1115,1115,0.69978928565979,1,2
13581,679,1115,240,0.3439251482486725,0,2
13582,679,1115,3297,0.6547966599464417,0,2
13583,679,1115,2036,0.22471068799495697,0,2
13584,679,1115,686,0.30817610025405884,0,2
13585,679,1115,4177,0.6705970168113708,0,2
13586,679,1115,2765,0.33228933811187744,0,2
13587,679,1115,2272,0.25349751114845276,0,2
13588,679,1115,2046,0.49012064933776855,0,2
13589,679,1115,1683,0.5150495171546936,0,2
13590,679,1115,4098,0.5531346797943115,0,2
13591,679,1115,3109,0.689604640007019,0,2
13592,679,1115,128,0.6437928080558777,0,2
13593,679,1115,2881,0.21139264106750488,0,2
13594,679,1115,2807,0.15204735100269318,0,2
13595,679,1115,3239,0.42001792788505554,0,2
13596,679,1115,1352,0.22879770398139954,0,2
13597,679,1115,123,0.8192464709281921,0,2
13598,679,1115,1210,0.2698630690574646,0,2
13599,679,1115,765,0.3453305661678314,0,2
13600,680,3160,3160,0.704900860786438,1,2
13601,680,3160,114,0.019605128094553947,0,2
13602,680,3160,1245,0.3510737419128418,0,2
13603,680,3160,2655,0.08079775422811508,0,2
13604,680,3160,660,0.6315292716026306,0,2
13605,680,3160,1656,0.018208889290690422,0,2
13606,680,3160,33,0.5805788040161133,0,2
13607,680,3160,3496,0.05535373091697693,0,2
13608,680,3160,4143,0.05153501406311989,0,2
13609,680,3160,75,0.12185665220022202,0,2
13610,680,3160,1457,0.13238205015659332,0,2
13611,680,3160,397,0.41806474328041077,0,2
13612,680,3160,94,0.732672393321991,0,2
13613,680,3160,663,0.06978310644626617,0,2
13614,680,3160,959,0.07637928426265717,0,2
13615,680,3160,3199,0.23775282502174377,0,2
13616,680,3160,367,0.018148072063922882,0,2
13617,680,3160,3255,0.051950789988040924,0,2
13618,680,3160,1011,0.34866800904273987,0,2
13619,680,3160,2130,0.26698464155197144,0,2
13620,681,1036,1036,0.5547314286231995,1,1
13621,681,1036,1703,0.18146352469921112,0,1
13622,681,1036,2474,0.0959344208240509,0,1
13623,681,1036,3480,0.37421944737434387,0,1
13624,681,1036,3781,0.41154906153678894,0,1
13625,681,1036,1931,0.4639101028442383,0,1
13626,681,1036,2371,0.5437951683998108,0,1
13627,681,1036,2377,0.2722794711589813,0,1
13628,681,1036,3317,0.49511444568634033,0,1
13629,681,1036,2077,0.30667993426322937,0,1
13630,681,1036,1541,0.16780498623847961,0,1
13631,681,1036,3133,0.4608508348464966,0,1
13632,681,1036,1836,0.5147643089294434,0,1
13633,681,1036,809,0.37651997804641724,0,1
13634,681,1036,4177,0.02765565551817417,0,1
13635,681,1036,2263,0.4505700170993805,0,1
13636,681,1036,3962,0.3665619194507599,0,1
13637,681,1036,1259,0.07327450811862946,0,1
13638,681,1036,2928,0.3217429518699646,0,1
13639,681,1036,2150,0.4129154682159424,0,1
13640,682,2650,2650,0.607991635799408,1,2
13641,682,2650,1700,0.5473166108131409,0,2
13642,682,2650,1133,0.17046122252941132,0,2
13643,682,2650,355,0.06721270829439163,0,2
13644,682,2650,1057,0.04650280997157097,0,2
13645,682,2650,1850,0.46593934297561646,0,2
13646,682,2650,3598,0.3055479824542999,0,2
13647,682,2650,3840,0.49323341250419617,0,2
13648,682,2650,2112,0.4837718605995178,0,2
13649,682,2650,4084,0.6734950542449951,0,2
13650,682,2650,1286,0.13830174505710602,0,2
13651,682,2650,339,0.07397682964801788,0,2
13652,682,2650,1466,0.4331092834472656,0,2
13653,682,2650,1616,0.07552878558635712,0,2
13654,682,2650,75,0.023458704352378845,0,2
13655,682,2650,663,0.27681416273117065,0,2
13656,682,2650,3559,0.13753537833690643,0,2
13657,682,2650,4095,0.24757933616638184,0,2
13658,682,2650,3788,0.49153026938438416,0,2
13659,682,2650,2746,0.21430566906929016,0,2
13660,683,1900,1900,0.5999300479888916,1,1
13661,683,1900,1237,0.5953491926193237,0,1
13662,683,1900,2057,0.08370483666658401,0,1
13663,683,1900,1949,0.2845892012119293,0,1
13664,683,1900,767,0.44413134455680847,0,1
13665,683,1900,1533,0.2896265685558319,0,1
13666,683,1900,1704,0.3177536427974701,0,1
13667,683,1900,1483,0.48214370012283325,0,1
13668,683,1900,241,0.1440989077091217,0,1
13669,683,1900,3922,0.3318917453289032,0,1
13670,683,1900,322,0.30530938506126404,0,1
13671,683,1900,821,0.4634963274002075,0,1
13672,683,1900,1792,0.35714539885520935,0,1
13673,683,1900,3605,0.3381730318069458,0,1
13674,683,1900,1286,0.5389626622200012,0,1
13675,683,1900,3151,0.44889748096466064,0,1
13676,683,1900,1156,0.29979750514030457,0,1
13677,683,1900,2865,0.5033283829689026,0,1
13678,683,1900,2860,0.32093608379364014,0,1
13679,683,1900,134,0.36953768134117126,0,1
13680,684,617,617,0.8666687607765198,1,1
13681,684,617,1035,0.20870597660541534,0,1
13682,684,617,3474,0.5130847692489624,0,1
13683,684,617,850,0.26925408840179443,0,1
13684,684,617,2305,0.5683183073997498,0,1
13685,684,617,1520,0.2822277247905731,0,1
13686,684,617,1126,0.04784679040312767,0,1
13687,684,617,1181,0.298506498336792,0,1
13688,684,617,3873,0.4892961084842682,0,1
13689,684,617,1393,0.08353118598461151,0,1
13690,684,617,4107,0.3358762860298157,0,1
13691,684,617,1345,0.5473658442497253,0,1
13692,684,617,3415,0.08142811805009842,0,1
13693,684,617,505,0.05199266970157623,0,1
13694,684,617,1683,0.31574106216430664,0,1
13695,684,617,3836,0.05904117599129677,0,1
13696,684,617,1475,0.03974396362900734,0,1
13697,684,617,2699,0.04140143468976021,0,1
13698,684,617,2938,0.17145997285842896,0,1
13699,684,617,1317,0.8551846742630005,0,1
13700,685,820,820,0.7211251854896545,1,2
13701,685,820,646,0.28897756338119507,0,2
13702,685,820,1751,0.05471364036202431,0,2
13703,685,820,2568,0.6410912871360779,0,2
13704,685,820,1483,0.29815030097961426,0,2
13705,685,820,607,0.4971347451210022,0,2
13706,685,820,3552,0.16154387593269348,0,2
13707,685,820,171,0.7690719962120056,0,2
13708,685,820,2200,0.09061391651630402,0,2
13709,685,820,3410,0.2738189697265625,0,2
13710,685,820,4096,0.6374620199203491,0,2
13711,685,820,3947,0.04685339331626892,0,2
13712,685,820,4155,0.6571992039680481,0,2
13713,685,820,550,0.13599419593811035,0,2
13714,685,820,3395,0.22232012450695038,0,2
13715,685,820,668,0.09875962883234024,0,2
13716,685,820,448,0.2453751266002655,0,2
13717,685,820,967,0.2573317885398865,0,2
13718,685,820,873,0.5998501777648926,0,2
13719,685,820,1394,0.5905227065086365,0,2
13720,686,205,205,0.6597889065742493,1,1
13721,686,205,126,0.12824735045433044,0,1
13722,686,205,822,0.37323954701423645,0,1
13723,686,205,740,0.3731496036052704,0,1
13724,686,205,1200,0.177226260304451,0,1
13725,686,205,261,0.20966927707195282,0,1
13726,686,205,2909,0.07946323603391647,0,1
13727,686,205,1894,0.07617291808128357,0,1
13728,686,205,2657,0.3039854168891907,0,1
13729,686,205,909,0.5041630864143372,0,1
13730,686,205,2165,0.1367744654417038,0,1
13731,686,205,3351,0.41677653789520264,0,1
13732,686,205,1989,0.17888964712619781,0,1
13733,686,205,1442,0.40675896406173706,0,1
13734,686,205,3090,0.011590803973376751,0,1
13735,686,205,1781,0.42546507716178894,0,1
13736,686,205,1934,0.1422349214553833,0,1
13737,686,205,852,0.19399826228618622,0,1
13738,686,205,2467,0.049997758120298386,0,1
13739,686,205,1478,0.3660889267921448,0,1
13740,687,821,821,0.9884878993034363,1,2
13741,687,821,901,0.2175685316324234,0,2
13742,687,821,432,0.08333263546228409,0,2
13743,687,821,4038,0.0005759219056926668,0,2
13744,687,821,3220,0.0030863580759614706,0,2
13745,687,821,3641,0.20177026093006134,0,2
13746,687,821,765,0.0005206961650401354,0,2
13747,687,821,2302,0.2811156213283539,0,2
13748,687,821,649,0.2566501498222351,0,2
13749,687,821,3640,0.0003427402989473194,0,2
13750,687,821,2892,0.00010032254067482427,0,2
13751,687,821,4059,0.0005735447630286217,0,2
13752,687,821,3356,0.1690906137228012,0,2
13753,687,821,532,0.031143896281719208,0,2
13754,687,821,1650,0.001344175892882049,0,2
13755,687,821,3064,0.004362640902400017,0,2
13756,687,821,380,0.003857310628518462,0,2
13757,687,821,2958,0.018791798502206802,0,2
13758,687,821,2489,0.9933444261550903,0,2
13759,687,821,3654,0.8922099471092224,0,2
13760,688,738,738,0.8449221849441528,1,2
13761,688,738,395,0.1606503129005432,0,2
13762,688,738,2220,0.007017368916422129,0,2
13763,688,738,76,0.6373655796051025,0,2
13764,688,738,1675,0.9623674750328064,0,2
13765,688,738,898,0.7456079125404358,0,2
13766,688,738,248,0.15054287016391754,0,2
13767,688,738,684,0.34144312143325806,0,2
13768,688,738,2582,0.11326570808887482,0,2
13769,688,738,2347,0.04407389834523201,0,2
13770,688,738,3903,0.2716526687145233,0,2
13771,688,738,2089,0.48887836933135986,0,2
13772,688,738,1028,0.3693367838859558,0,2
13773,688,738,301,0.440197616815567,0,2
13774,688,738,3749,0.5613180994987488,0,2
13775,688,738,2283,0.008750498294830322,0,2
13776,688,738,80,0.27520430088043213,0,2
13777,688,738,1218,0.22625942528247833,0,2
13778,688,738,1999,0.7531554698944092,0,2
13779,688,738,836,0.5291832685470581,0,2
13780,689,1920,1920,0.9963096976280212,1,1
13781,689,1920,1007,0.0007313844980672002,0,1
13782,689,1920,591,0.0007768908981233835,0,1
13783,689,1920,1713,0.020858829841017723,0,1
13784,689,1920,749,0.03830839321017265,0,1
13785,689,1920,1866,0.009131227619946003,0,1
13786,689,1920,2850,0.01125909574329853,0,1
13787,689,1920,3754,0.00047336265561170876,0,1
13788,689,1920,1208,0.00017727121303323656,0,1
13789,689,1920,3735,0.0010837307199835777,0,1
13790,689,1920,3804,0.05711613968014717,0,1
13791,689,1920,2835,0.00017140393902081996,0,1
13792,689,1920,4040,0.057888150215148926,0,1
13793,689,1920,2111,0.0001312383683398366,0,1
13794,689,1920,2806,0.004503502976149321,0,1
13795,689,1920,1801,0.43024614453315735,0,1
13796,689,1920,3625,0.03383107855916023,0,1
13797,689,1920,884,0.04703136906027794,0,1
13798,689,1920,2676,0.01822063885629177,0,1
13799,689,1920,41,0.10646920651197433,0,1
13800,690,984,984,0.6726856827735901,1,4
13801,690,984,2887,0.8072840571403503,0,4
13802,690,984,924,0.26257801055908203,0,4
13803,690,984,2216,0.5246942043304443,0,4
13804,690,984,398,0.12569716572761536,0,4
13805,690,984,3242,0.4368042051792145,0,4
13806,690,984,2258,0.1326083242893219,0,4
13807,690,984,3407,0.8893900513648987,0,4
13808,690,984,3158,0.11147113889455795,0,4
13809,690,984,1375,0.417834609746933,0,4
13810,690,984,3734,0.09589413553476334,0,4
13811,690,984,578,0.29560333490371704,0,4
13812,690,984,748,0.5783150792121887,0,4
13813,690,984,84,0.42873722314834595,0,4
13814,690,984,1364,0.10698167979717255,0,4
13815,690,984,2626,0.5683417320251465,0,4
13816,690,984,2550,0.009196151979267597,0,4
13817,690,984,1634,0.721611499786377,0,4
13818,690,984,3817,0.6170644164085388,0,4
13819,690,984,772,0.27454105019569397,0,4
13820,691,1426,1426,0.5546147227287292,1,1
13821,691,1426,329,0.21207131445407867,0,1
13822,691,1426,1292,0.2511392831802368,0,1
13823,691,1426,109,0.4994736611843109,0,1
13824,691,1426,3402,0.18021509051322937,0,1
13825,691,1426,2639,0.3727640211582184,0,1
13826,691,1426,2573,0.23499704897403717,0,1
13827,691,1426,207,0.48878487944602966,0,1
13828,691,1426,357,0.16416028141975403,0,1
13829,691,1426,3898,0.27636003494262695,0,1
13830,691,1426,1360,0.3062443733215332,0,1
13831,691,1426,2427,0.42127567529678345,0,1
13832,691,1426,3548,0.38962170481681824,0,1
13833,691,1426,694,0.43315553665161133,0,1
13834,691,1426,2083,0.48215046525001526,0,1
13835,691,1426,2541,0.4058937728404999,0,1
13836,691,1426,3955,0.35267749428749084,0,1
13837,691,1426,3730,0.34942328929901123,0,1
13838,691,1426,1144,0.38962987065315247,0,1
13839,691,1426,1928,0.4081640839576721,0,1
13840,692,2102,2102,0.763878345489502,1,2
13841,692,2102,2637,0.3374800980091095,0,2
13842,692,2102,3814,0.42243194580078125,0,2
13843,692,2102,3812,0.06593488901853561,0,2
13844,692,2102,2167,0.9605713486671448,0,2
13845,692,2102,2358,0.032704390585422516,0,2
13846,692,2102,245,0.26262474060058594,0,2
13847,692,2102,2221,0.03512017801403999,0,2
13848,692,2102,2950,0.008464784361422062,0,2
13849,692,2102,825,0.17404215037822723,0,2
13850,692,2102,2799,0.3303917348384857,0,2
13851,692,2102,999,0.375016987323761,0,2
13852,692,2102,436,0.2492460161447525,0,2
13853,692,2102,3585,0.18248555064201355,0,2
13854,692,2102,2160,0.009980941191315651,0,2
13855,692,2102,1675,0.09537982195615768,0,2
13856,692,2102,88,0.20944485068321228,0,2
13857,692,2102,269,0.2536791265010834,0,2
13858,692,2102,507,0.03238217160105705,0,2
13859,692,2102,2544,0.11460508406162262,0,2
13860,693,2845,2845,0.9291555881500244,1,2
13861,693,2845,681,0.5463427305221558,0,2
13862,693,2845,3871,0.22565560042858124,0,2
13863,693,2845,3916,0.5744233131408691,0,2
13864,693,2845,39,0.34131234884262085,0,2
13865,693,2845,3420,0.7424881458282471,0,2
13866,693,2845,3266,0.6311171054840088,0,2
13867,693,2845,1048,0.9564921259880066,0,2
13868,693,2845,3822,0.09554266929626465,0,2
13869,693,2845,664,0.506251871585846,0,2
13870,693,2845,2957,0.4239325523376465,0,2
13871,693,2845,1777,0.17183247208595276,0,2
13872,693,2845,4091,0.03863472491502762,0,2
13873,693,2845,3468,0.382540225982666,0,2
13874,693,2845,2832,0.024104636162519455,0,2
13875,693,2845,624,0.054026491940021515,0,2
13876,693,2845,2296,0.18567772209644318,0,2
13877,693,2845,3071,0.6666083931922913,0,2
13878,693,2845,3470,0.016834650188684464,0,2
13879,693,2845,2054,0.3750624358654022,0,2
13880,694,3109,3109,0.9321706891059875,1,1
13881,694,3109,718,0.04889754578471184,0,1
13882,694,3109,3654,0.10837742686271667,0,1
13883,694,3109,24,0.5196583867073059,0,1
13884,694,3109,1356,0.3878405690193176,0,1
13885,694,3109,122,0.3461177349090576,0,1
13886,694,3109,1926,0.09469068050384521,0,1
13887,694,3109,922,0.03328341245651245,0,1
13888,694,3109,1712,0.7045361399650574,0,1
13889,694,3109,3006,0.49221745133399963,0,1
13890,694,3109,3730,0.32518962025642395,0,1
13891,694,3109,1022,0.06345800310373306,0,1
13892,694,3109,3683,0.04455086961388588,0,1
13893,694,3109,437,0.05820082128047943,0,1
13894,694,3109,3838,0.2568739652633667,0,1
13895,694,3109,1841,0.04526839032769203,0,1
13896,694,3109,3131,0.7693972587585449,0,1
13897,694,3109,177,0.3463710844516754,0,1
13898,694,3109,3057,0.042702388018369675,0,1
13899,694,3109,1579,0.1058177575469017,0,1
13900,695,2637,2637,0.7144539952278137,1,2
13901,695,2637,1361,0.46397921442985535,0,2
13902,695,2637,3162,0.570347011089325,0,2
13903,695,2637,2377,0.40675556659698486,0,2
13904,695,2637,2491,0.42844119668006897,0,2
13905,695,2637,3095,0.6729593873023987,0,2
13906,695,2637,3383,0.4899785816669464,0,2
13907,695,2637,2134,0.6126267910003662,0,2
13908,695,2637,3881,0.2657211422920227,0,2
13909,695,2637,1909,0.43047764897346497,0,2
13910,695,2637,2055,0.13093897700309753,0,2
13911,695,2637,2610,0.43150800466537476,0,2
13912,695,2637,2774,0.433895468711853,0,2
13913,695,2637,1174,0.595598042011261,0,2
13914,695,2637,1970,0.37126624584198,0,2
13915,695,2637,749,0.19316652417182922,0,2
13916,695,2637,982,0.3779378831386566,0,2
13917,695,2637,30,0.5352515578269958,0,2
13918,695,2637,2162,0.047308288514614105,0,2
13919,695,2637,2229,0.766556978225708,0,2
13920,696,2808,2808,0.8986863493919373,1,1
13921,696,2808,896,0.7770915627479553,0,1
13922,696,2808,4102,0.3913138806819916,0,1
13923,696,2808,381,0.2928737699985504,0,1
13924,696,2808,240,0.22430536150932312,0,1
13925,696,2808,2980,0.44657036662101746,0,1
13926,696,2808,1269,0.35911792516708374,0,1
13927,696,2808,1817,0.7875012159347534,0,1
13928,696,2808,3823,0.03631938248872757,0,1
13929,696,2808,1839,0.5479832291603088,0,1
13930,696,2808,3949,0.3849141597747803,0,1
13931,696,2808,25,0.7815876007080078,0,1
13932,696,2808,1802,0.727282702922821,0,1
13933,696,2808,2469,0.1708722561597824,0,1
13934,696,2808,556,0.16765815019607544,0,1
13935,696,2808,2770,0.15484200417995453,0,1
13936,696,2808,2128,0.46918943524360657,0,1
13937,696,2808,3263,0.3939906656742096,0,1
13938,696,2808,2444,0.5668362975120544,0,1
13939,696,2808,1126,0.22433699667453766,0,1
13940,697,4002,4002,0.9181817173957825,1,1
13941,697,4002,1950,0.39266473054885864,0,1
13942,697,4002,1303,0.002428619656711817,0,1
13943,697,4002,1359,0.2155424952507019,0,1
13944,697,4002,295,0.353793740272522,0,1
13945,697,4002,3425,0.0002407459105597809,0,1
13946,697,4002,2555,0.7569847702980042,0,1
13947,697,4002,625,0.0303439162671566,0,1
13948,697,4002,2397,0.018156595528125763,0,1
13949,697,4002,3240,0.0008393303141929209,0,1
13950,697,4002,2379,0.26325368881225586,0,1
13951,697,4002,2505,0.2222542017698288,0,1
13952,697,4002,2370,0.03350713476538658,0,1
13953,697,4002,2604,0.04037574306130409,0,1
13954,697,4002,1320,0.1902107149362564,0,1
13955,697,4002,755,0.08566020429134369,0,1
13956,697,4002,463,0.0452975332736969,0,1
13957,697,4002,1490,0.027093343436717987,0,1
13958,697,4002,2545,0.18774650990962982,0,1
13959,697,4002,2219,0.26987263560295105,0,1
13960,698,495,495,0.5333457589149475,1,4
13961,698,495,1522,0.3922354280948639,0,4
13962,698,495,1791,0.4640480577945709,0,4
13963,698,495,3578,0.24555006623268127,0,4
13964,698,495,1007,0.36833855509757996,0,4
13965,698,495,2752,0.4952750504016876,0,4
13966,698,495,3839,0.5669417977333069,0,4
13967,698,495,1518,0.2583436071872711,0,4
13968,698,495,1276,0.4763861894607544,0,4
13969,698,495,1364,0.31234464049339294,0,4
13970,698,495,2487,0.6365901231765747,0,4
13971,698,495,3726,0.3301844894886017,0,4
13972,698,495,708,0.4651145040988922,0,4
13973,698,495,2598,0.3722383677959442,0,4
13974,698,495,1330,0.49890580773353577,0,4
13975,698,495,2924,0.20850975811481476,0,4
13976,698,495,429,0.5662867426872253,0,4
13977,698,495,3774,0.38331910967826843,0,4
13978,698,495,1510,0.44768956303596497,0,4
13979,698,495,1738,0.5251742601394653,0,4
13980,699,3792,3792,0.5361070036888123,1,6
13981,699,3792,2137,0.4934599995613098,0,6
13982,699,3792,816,0.33221668004989624,0,6
13983,699,3792,921,0.5094143152236938,0,6
13984,699,3792,842,0.4960092604160309,0,6
13985,699,3792,2223,0.5211556553840637,0,6
13986,699,3792,2486,0.48024508357048035,0,6
13987,699,3792,711,0.5444527864456177,0,6
13988,699,3792,980,0.481820672750473,0,6
13989,699,3792,2867,0.47049468755722046,0,6
13990,699,3792,4132,0.5716270208358765,0,6
13991,699,3792,2668,0.5476187467575073,0,6
13992,699,3792,3567,0.5453190207481384,0,6
13993,699,3792,2501,0.36771270632743835,0,6
13994,699,3792,2954,0.4800412654876709,0,6
13995,699,3792,1564,0.4713507294654846,0,6
13996,699,3792,871,0.4818460941314697,0,6
13997,699,3792,2494,0.4613289535045624,0,6
13998,699,3792,1445,0.48777318000793457,0,6
13999,699,3792,3279,0.5379347205162048,0,6
14000,700,696,696,0.9675337672233582,1,1
14001,700,696,227,0.09140012413263321,0,1
14002,700,696,1322,0.007106151431798935,0,1
14003,700,696,1057,0.0027538600843399763,0,1
14004,700,696,1466,0.025795400142669678,0,1
14005,700,696,877,0.23954638838768005,0,1
14006,700,696,2252,0.1321915239095688,0,1
14007,700,696,612,0.09065668284893036,0,1
14008,700,696,3714,0.010710291564464569,0,1
14009,700,696,3559,0.0002145382750313729,0,1
14010,700,696,2308,0.1899259090423584,0,1
14011,700,696,1201,0.006795259192585945,0,1
14012,700,696,242,0.016498100012540817,0,1
14013,700,696,4106,0.04879635572433472,0,1
14014,700,696,4155,0.000134273839648813,0,1
14015,700,696,1972,0.030679091811180115,0,1
14016,700,696,83,0.0002611943054944277,0,1
14017,700,696,732,0.20248302817344666,0,1
14018,700,696,998,0.11872254312038422,0,1
14019,700,696,37,0.03451748564839363,0,1
14020,701,1187,1187,0.6246852874755859,1,1
14021,701,1187,2442,0.25507375597953796,0,1
14022,701,1187,1343,0.38456299901008606,0,1
14023,701,1187,1690,0.4977407455444336,0,1
14024,701,1187,2157,0.40078064799308777,0,1
14025,701,1187,1229,0.367519348859787,0,1
14026,701,1187,3454,0.12746712565422058,0,1
14027,701,1187,2445,0.1937560886144638,0,1
14028,701,1187,1729,0.2536514401435852,0,1
14029,701,1187,2281,0.25244688987731934,0,1
14030,701,1187,3425,0.06404250115156174,0,1
14031,701,1187,1081,0.418938010931015,0,1
14032,701,1187,1370,0.2920905351638794,0,1
14033,701,1187,64,0.48610687255859375,0,1
14034,701,1187,2672,0.09715033322572708,0,1
14035,701,1187,611,0.48040345311164856,0,1
14036,701,1187,95,0.4676402807235718,0,1
14037,701,1187,1580,0.1971244215965271,0,1
14038,701,1187,3495,0.249396413564682,0,1
14039,701,1187,1504,0.31903931498527527,0,1
14040,702,3064,3064,0.9532089829444885,1,1
14041,702,3064,3290,0.25439873337745667,0,1
14042,702,3064,1540,0.18092718720436096,0,1
14043,702,3064,273,0.01461965311318636,0,1
14044,702,3064,1356,0.060535117983818054,0,1
14045,702,3064,3593,0.2862280607223511,0,1
14046,702,3064,17,0.017283404245972633,0,1
14047,702,3064,1943,0.04346968233585358,0,1
14048,702,3064,871,0.40736863017082214,0,1
14049,702,3064,1794,0.5162436366081238,0,1
14050,702,3064,3381,0.08965113759040833,0,1
14051,702,3064,463,0.06863024830818176,0,1
14052,702,3064,2206,0.2156558334827423,0,1
14053,702,3064,3263,0.3758885860443115,0,1
14054,702,3064,740,0.0362924188375473,0,1
14055,702,3064,1222,0.589336097240448,0,1
14056,702,3064,1828,0.2892709970474243,0,1
14057,702,3064,3805,0.04039976745843887,0,1
14058,702,3064,2833,0.022855810821056366,0,1
14059,702,3064,3203,0.06860347092151642,0,1
14060,703,1382,1382,0.5081211924552917,1,3
14061,703,1382,1633,0.30093005299568176,0,3
14062,703,1382,653,0.353507399559021,0,3
14063,703,1382,667,0.23985938727855682,0,3
14064,703,1382,1653,0.45909661054611206,0,3
14065,703,1382,2870,0.04257810115814209,0,3
14066,703,1382,437,0.5161156058311462,0,3
14067,703,1382,613,0.461938738822937,0,3
14068,703,1382,2034,0.9020965099334717,0,3
14069,703,1382,2213,0.03393108397722244,0,3
14070,703,1382,3572,0.03596217930316925,0,3
14071,703,1382,1624,0.07195044308900833,0,3
14072,703,1382,3810,0.13265711069107056,0,3
14073,703,1382,4056,0.08537901937961578,0,3
14074,703,1382,2950,0.10760119557380676,0,3
14075,703,1382,1622,0.13071773946285248,0,3
14076,703,1382,3019,0.32579365372657776,0,3
14077,703,1382,2315,0.3151372969150543,0,3
14078,703,1382,1404,0.37532877922058105,0,3
14079,703,1382,3044,0.2414546012878418,0,3
14080,704,1434,1434,0.768095850944519,1,1
14081,704,1434,3537,0.21753084659576416,0,1
14082,704,1434,70,0.12702703475952148,0,1
14083,704,1434,2216,0.4913179874420166,0,1
14084,704,1434,1817,0.38551947474479675,0,1
14085,704,1434,1929,0.3052431046962738,0,1
14086,704,1434,3692,0.2109738439321518,0,1
14087,704,1434,3612,0.30932730436325073,0,1
14088,704,1434,3046,0.10814207792282104,0,1
14089,704,1434,3825,0.3829927146434784,0,1
14090,704,1434,1810,0.208632230758667,0,1
14091,704,1434,833,0.3306678831577301,0,1
14092,704,1434,2294,0.5583940148353577,0,1
14093,704,1434,3694,0.04394690319895744,0,1
14094,704,1434,1289,0.47524696588516235,0,1
14095,704,1434,3948,0.26042449474334717,0,1
14096,704,1434,2889,0.2031349241733551,0,1
14097,704,1434,1837,0.13800528645515442,0,1
14098,704,1434,101,0.45641499757766724,0,1
14099,704,1434,678,0.002941204234957695,0,1
14100,705,1969,1969,0.7952656149864197,1,1
14101,705,1969,247,0.18620650470256805,0,1
14102,705,1969,970,0.3604070544242859,0,1
14103,705,1969,3185,0.3076900839805603,0,1
14104,705,1969,711,0.4215291440486908,0,1
14105,705,1969,3351,0.28505128622055054,0,1
14106,705,1969,1372,0.1777869611978531,0,1
14107,705,1969,1137,0.015187137760221958,0,1
14108,705,1969,3688,0.22986987233161926,0,1
14109,705,1969,2871,0.2743159830570221,0,1
14110,705,1969,25,0.016942910850048065,0,1
14111,705,1969,2797,0.0037338961847126484,0,1
14112,705,1969,1083,0.056017015129327774,0,1
14113,705,1969,52,0.3284570276737213,0,1
14114,705,1969,1899,0.3375454545021057,0,1
14115,705,1969,1499,0.056184738874435425,0,1
14116,705,1969,344,0.07593721151351929,0,1
14117,705,1969,1381,0.033965691924095154,0,1
14118,705,1969,2078,0.6207935214042664,0,1
14119,705,1969,597,0.08430925011634827,0,1
14120,706,3353,3353,0.7711482644081116,1,1
14121,706,3353,2671,0.555231511592865,0,1
14122,706,3353,3277,0.050461627542972565,0,1
14123,706,3353,1852,0.039967071264982224,0,1
14124,706,3353,2880,0.3527226150035858,0,1
14125,706,3353,2835,0.015599749982357025,0,1
14126,706,3353,837,0.5165107846260071,0,1
14127,706,3353,538,0.007808359805494547,0,1
14128,706,3353,3149,0.04570741206407547,0,1
14129,706,3353,4163,0.32180055975914,0,1
14130,706,3353,3683,0.10954545438289642,0,1
14131,706,3353,2407,0.08252467960119247,0,1
14132,706,3353,787,0.10168486088514328,0,1
14133,706,3353,3885,0.08415061235427856,0,1
14134,706,3353,2403,0.14489534497261047,0,1
14135,706,3353,3857,0.21046580374240875,0,1
14136,706,3353,2492,0.02269870787858963,0,1
14137,706,3353,3463,0.03389871120452881,0,1
14138,706,3353,2482,0.024344103410840034,0,1
14139,706,3353,821,0.456757128238678,0,1
14140,707,572,572,0.9616259336471558,1,1
14141,707,572,3261,0.0011102600255981088,0,1
14142,707,572,3582,0.002427942818030715,0,1
14143,707,572,2667,0.00027380415122024715,0,1
14144,707,572,2210,0.13203631341457367,0,1
14145,707,572,2167,3.0261232950579142e-06,0,1
14146,707,572,1315,0.020176149904727936,0,1
14147,707,572,668,0.0032068276777863503,0,1
14148,707,572,1804,0.0014849479775875807,0,1
14149,707,572,2646,0.0032164398580789566,0,1
14150,707,572,1502,0.0010312441736459732,0,1
14151,707,572,1563,0.006453597452491522,0,1
14152,707,572,2119,0.06044849008321762,0,1
14153,707,572,3316,0.002185480436310172,0,1
14154,707,572,2163,0.10195839405059814,0,1
14155,707,572,2035,0.00022011701366864145,0,1
14156,707,572,2773,0.03744977340102196,0,1
14157,707,572,3927,0.0028603477403521538,0,1
14158,707,572,516,0.06158779188990593,0,1
14159,707,572,2176,0.008273428305983543,0,1
14160,708,546,546,0.5831702351570129,1,2
14161,708,546,948,0.33165428042411804,0,2
14162,708,546,795,0.3431871235370636,0,2
14163,708,546,227,0.389152854681015,0,2
14164,708,546,3931,0.7622187733650208,0,2
14165,708,546,1666,0.39134201407432556,0,2
14166,708,546,3243,0.09811479598283768,0,2
14167,708,546,3075,0.10077318549156189,0,2
14168,708,546,1928,0.30575841665267944,0,2
14169,708,546,1904,0.45224136114120483,0,2
14170,708,546,172,0.3915756046772003,0,2
14171,708,546,3073,0.42336001992225647,0,2
14172,708,546,3299,0.3621536195278168,0,2
14173,708,546,1718,0.3992181420326233,0,2
14174,708,546,3169,0.41433340311050415,0,2
14175,708,546,2447,0.2506594955921173,0,2
14176,708,546,3891,0.25240159034729004,0,2
14177,708,546,290,0.35356009006500244,0,2
14178,708,546,2585,0.27962490916252136,0,2
14179,708,546,2079,0.39199140667915344,0,2
14180,709,3070,3070,0.6431742906570435,1,3
14181,709,3070,1510,0.5923834443092346,0,3
14182,709,3070,3913,0.19868610799312592,0,3
14183,709,3070,3017,0.4176458716392517,0,3
14184,709,3070,3517,0.5206677317619324,0,3
14185,709,3070,3040,0.6702205538749695,0,3
14186,709,3070,1629,0.45195019245147705,0,3
14187,709,3070,1316,0.17614787817001343,0,3
14188,709,3070,927,0.5702584981918335,0,3
14189,709,3070,3723,0.056276775896549225,0,3
14190,709,3070,1790,0.17632029950618744,0,3
14191,709,3070,462,0.4963100254535675,0,3
14192,709,3070,1290,0.27235525846481323,0,3
14193,709,3070,2138,0.47785842418670654,0,3
14194,709,3070,334,0.39234575629234314,0,3
14195,709,3070,53,0.4425853490829468,0,3
14196,709,3070,253,0.49638378620147705,0,3
14197,709,3070,2070,0.6479488611221313,0,3
14198,709,3070,1654,0.5220134258270264,0,3
14199,709,3070,1960,0.5315564870834351,0,3
14200,710,22,22,0.9485125541687012,1,1
14201,710,22,2810,0.08427034318447113,0,1
14202,710,22,1861,0.05399592965841293,0,1
14203,710,22,2577,0.0001489188289269805,0,1
14204,710,22,1477,0.014530975371599197,0,1
14205,710,22,3431,0.0034330785274505615,0,1
14206,710,22,1274,0.009907330386340618,0,1
14207,710,22,111,0.0031710455659776926,0,1
14208,710,22,3291,0.007182619534432888,0,1
14209,710,22,3475,0.04436600208282471,0,1
14210,710,22,3975,0.07348743081092834,0,1
14211,710,22,2474,4.7974419430829585e-05,0,1
14212,710,22,2887,0.004700363613665104,0,1
14213,710,22,1962,0.4580864906311035,0,1
14214,710,22,1590,0.0004538198991212994,0,1
14215,710,22,1378,0.7736502289772034,0,1
14216,710,22,1053,0.00035610696068033576,0,1
14217,710,22,2024,0.0022413041442632675,0,1
14218,710,22,1930,0.010311040095984936,0,1
14219,710,22,3777,0.015278823673725128,0,1
14220,711,3976,3976,0.8646717071533203,1,1
14221,711,3976,546,0.4979303777217865,0,1
14222,711,3976,46,0.2750994861125946,0,1
14223,711,3976,3029,0.4067263901233673,0,1
14224,711,3976,3068,0.19040954113006592,0,1
14225,711,3976,3127,0.4111880660057068,0,1
14226,711,3976,299,0.5583615899085999,0,1
14227,711,3976,3242,0.4286777079105377,0,1
14228,711,3976,1205,0.42254123091697693,0,1
14229,711,3976,628,0.500613272190094,0,1
14230,711,3976,2760,0.3565903604030609,0,1
14231,711,3976,742,0.25056198239326477,0,1
14232,711,3976,3793,0.10426898300647736,0,1
14233,711,3976,4170,0.13681432604789734,0,1
14234,711,3976,1030,0.42957085371017456,0,1
14235,711,3976,3957,0.5203131437301636,0,1
14236,711,3976,1431,0.02310602180659771,0,1
14237,711,3976,3992,0.32988491654396057,0,1
14238,711,3976,4057,0.36042043566703796,0,1
14239,711,3976,1848,0.5341318249702454,0,1
14240,712,3747,3747,0.8948938846588135,1,1
14241,712,3747,230,0.3786131739616394,0,1
14242,712,3747,3834,0.7375198602676392,0,1
14243,712,3747,3405,0.0040265414863824844,0,1
14244,712,3747,1092,0.1766917109489441,0,1
14245,712,3747,359,0.5821360945701599,0,1
14246,712,3747,820,0.7231531739234924,0,1
14247,712,3747,4068,0.12004788219928741,0,1
14248,712,3747,124,0.8376964926719666,0,1
14249,712,3747,1194,0.2787144184112549,0,1
14250,712,3747,2588,0.5261698365211487,0,1
14251,712,3747,1884,0.8112781047821045,0,1
14252,712,3747,1010,0.2657404839992523,0,1
14253,712,3747,3647,0.2056552618741989,0,1
14254,712,3747,1541,0.022750800475478172,0,1
14255,712,3747,278,0.16696032881736755,0,1
14256,712,3747,3481,0.8493534326553345,0,1
14257,712,3747,2774,0.48973795771598816,0,1
14258,712,3747,771,0.4164770841598511,0,1
14259,712,3747,2096,0.12247533351182938,0,1
14260,713,3397,3397,0.7690343260765076,1,4
14261,713,3397,383,0.3335687518119812,0,4
14262,713,3397,1676,0.2391769140958786,0,4
14263,713,3397,1453,0.8172838687896729,0,4
14264,713,3397,1726,0.048946090042591095,0,4
14265,713,3397,260,0.7679311633110046,0,4
14266,713,3397,2782,0.1911177933216095,0,4
14267,713,3397,788,0.13193470239639282,0,4
14268,713,3397,4071,0.6337684988975525,0,4
14269,713,3397,2929,0.5540922284126282,0,4
14270,713,3397,937,0.44778695702552795,0,4
14271,713,3397,917,0.5678039789199829,0,4
14272,713,3397,762,0.454578697681427,0,4
14273,713,3397,2843,0.8607327938079834,0,4
14274,713,3397,3787,0.7115769982337952,0,4
14275,713,3397,477,0.36737045645713806,0,4
14276,713,3397,1888,0.08151471614837646,0,4
14277,713,3397,959,0.9686737656593323,0,4
14278,713,3397,1768,0.2431555539369583,0,4
14279,713,3397,3573,0.030363168567419052,0,4
14280,714,95,95,0.8712902069091797,1,2
14281,714,95,2141,0.21158796548843384,0,2
14282,714,95,616,0.487785667181015,0,2
14283,714,95,1710,0.6217051148414612,0,2
14284,714,95,565,0.30747106671333313,0,2
14285,714,95,1477,0.9053406715393066,0,2
14286,714,95,1165,0.2754392921924591,0,2
14287,714,95,1979,0.06631182134151459,0,2
14288,714,95,2083,0.16533923149108887,0,2
14289,714,95,2756,0.12316646426916122,0,2
14290,714,95,443,0.5077667832374573,0,2
14291,714,95,1140,0.42857110500335693,0,2
14292,714,95,3895,0.5652993321418762,0,2
14293,714,95,46,0.8019533753395081,0,2
14294,714,95,1317,0.1517183929681778,0,2
14295,714,95,123,0.010415521450340748,0,2
14296,714,95,174,0.10139250755310059,0,2
14297,714,95,2239,0.39090824127197266,0,2
14298,714,95,372,0.7734546661376953,0,2
14299,714,95,262,0.3320983350276947,0,2
14300,715,3420,3420,0.885646402835846,1,2
14301,715,3420,2646,0.5439589619636536,0,2
14302,715,3420,1997,0.006312222685664892,0,2
14303,715,3420,593,0.4778936207294464,0,2
14304,715,3420,3806,0.6958036422729492,0,2
14305,715,3420,3518,0.671542763710022,0,2
14306,715,3420,94,0.9411311745643616,0,2
14307,715,3420,382,0.0022819172590970993,0,2
14308,715,3420,3079,0.0032959182281047106,0,2
14309,715,3420,3799,0.2864888608455658,0,2
14310,715,3420,2241,0.010762866586446762,0,2
14311,715,3420,3869,0.6201413869857788,0,2
14312,715,3420,2223,0.44385653734207153,0,2
14313,715,3420,1744,0.0489879734814167,0,2
14314,715,3420,3283,0.2947218716144562,0,2
14315,715,3420,184,0.45603278279304504,0,2
14316,715,3420,3665,0.6252521276473999,0,2
14317,715,3420,1541,0.10987777262926102,0,2
14318,715,3420,3629,0.13758698105812073,0,2
14319,715,3420,2406,0.6945621967315674,0,2
14320,716,1657,1657,0.8464669585227966,1,1
14321,716,1657,823,0.14850811660289764,0,1
14322,716,1657,1159,0.3636366128921509,0,1
14323,716,1657,4092,0.03175286948680878,0,1
14324,716,1657,2735,0.029729371890425682,0,1
14325,716,1657,1047,0.13423115015029907,0,1
14326,716,1657,3926,0.004373170901089907,0,1
14327,716,1657,1250,0.06299582123756409,0,1
14328,716,1657,3464,0.002117576776072383,0,1
14329,716,1657,2731,0.2563760578632355,0,1
14330,716,1657,3260,0.009337752126157284,0,1
14331,716,1657,873,0.2255304753780365,0,1
14332,716,1657,2098,0.01378030888736248,0,1
14333,716,1657,1003,0.18519754707813263,0,1
14334,716,1657,411,0.24562279880046844,0,1
14335,716,1657,4077,0.0054845986887812614,0,1
14336,716,1657,4166,0.010625869035720825,0,1
14337,716,1657,660,0.11641457676887512,0,1
14338,716,1657,1532,0.25912120938301086,0,1
14339,716,1657,506,0.05514320731163025,0,1
14340,717,3146,3146,0.848990261554718,1,2
14341,717,3146,1190,0.17277441918849945,0,2
14342,717,3146,2558,0.19551779329776764,0,2
14343,717,3146,2906,0.018642287701368332,0,2
14344,717,3146,232,0.3025149703025818,0,2
14345,717,3146,1294,0.5073357224464417,0,2
14346,717,3146,1331,0.14292095601558685,0,2
14347,717,3146,1637,0.4375457167625427,0,2
14348,717,3146,1625,0.3991784155368805,0,2
14349,717,3146,2409,0.01957269199192524,0,2
14350,717,3146,1354,0.08710508793592453,0,2
14351,717,3146,2807,0.10318654775619507,0,2
14352,717,3146,2747,0.06215374916791916,0,2
14353,717,3146,1833,0.4040704667568207,0,2
14354,717,3146,655,0.41672858595848083,0,2
14355,717,3146,1715,0.7165956497192383,0,2
14356,717,3146,2760,0.45829641819000244,0,2
14357,717,3146,2210,0.6265314221382141,0,2
14358,717,3146,265,0.08915292471647263,0,2
14359,717,3146,818,0.9726084470748901,0,2
14360,718,915,915,0.7364434599876404,1,2
14361,718,915,3011,0.025269953534007072,0,2
14362,718,915,2242,0.16535043716430664,0,2
14363,718,915,2998,0.47522327303886414,0,2
14364,718,915,3904,0.13745439052581787,0,2
14365,718,915,1045,0.11110562831163406,0,2
14366,718,915,745,0.41876134276390076,0,2
14367,718,915,530,0.7211858034133911,0,2
14368,718,915,964,0.43925005197525024,0,2
14369,718,915,635,0.05650002136826515,0,2
14370,718,915,981,0.02152811922132969,0,2
14371,718,915,2897,0.4493599236011505,0,2
14372,718,915,1613,0.22348879277706146,0,2
14373,718,915,432,0.4921654164791107,0,2
14374,718,915,802,0.12475523352622986,0,2
14375,718,915,3361,0.4588928818702698,0,2
14376,718,915,4176,0.28310292959213257,0,2
14377,718,915,2727,0.14544132351875305,0,2
14378,718,915,2583,0.919399082660675,0,2
14379,718,915,1848,0.4778618812561035,0,2
14380,719,552,552,0.5617359280586243,1,3
14381,719,552,1416,0.35851314663887024,0,3
14382,719,552,1557,0.4362763464450836,0,3
14383,719,552,3790,0.12627141177654266,0,3
14384,719,552,3448,0.44179433584213257,0,3
14385,719,552,1144,0.10586006194353104,0,3
14386,719,552,2580,0.45831573009490967,0,3
14387,719,552,1399,0.40033504366874695,0,3
14388,719,552,1748,0.11492789536714554,0,3
14389,719,552,2794,0.35459253191947937,0,3
14390,719,552,1982,0.09957560151815414,0,3
14391,719,552,327,0.39800143241882324,0,3
14392,719,552,806,0.3530386686325073,0,3
14393,719,552,3573,0.21012923121452332,0,3
14394,719,552,3968,0.5961192846298218,0,3
14395,719,552,1800,0.3307921886444092,0,3
14396,719,552,3858,0.1474292129278183,0,3
14397,719,552,1779,0.4356655776500702,0,3
14398,719,552,421,0.5632140636444092,0,3
14399,719,552,733,0.4155625104904175,0,3
14400,720,3736,3736,0.7241054177284241,1,2
14401,720,3736,943,0.22137998044490814,0,2
14402,720,3736,278,0.5854403376579285,0,2
14403,720,3736,3141,0.3397074341773987,0,2
14404,720,3736,1988,0.07123369723558426,0,2
14405,720,3736,3617,0.06574783474206924,0,2
14406,720,3736,1125,0.4259442687034607,0,2
14407,720,3736,2772,0.2507729232311249,0,2
14408,720,3736,2185,0.22094103693962097,0,2
14409,720,3736,3335,0.32175371050834656,0,2
14410,720,3736,3118,0.4410540461540222,0,2
14411,720,3736,2713,0.30238690972328186,0,2
14412,720,3736,2938,0.1551840752363205,0,2
14413,720,3736,19,0.18526716530323029,0,2
14414,720,3736,3752,0.7405461668968201,0,2
14415,720,3736,1721,0.06974031776189804,0,2
14416,720,3736,1094,0.3623294234275818,0,2
14417,720,3736,3212,0.04077167063951492,0,2
14418,720,3736,831,0.21324166655540466,0,2
14419,720,3736,1823,0.2744908332824707,0,2
14420,721,3756,3756,0.5580795407295227,1,2
14421,721,3756,3089,0.4485205411911011,0,2
14422,721,3756,3271,0.47970646619796753,0,2
14423,721,3756,1560,0.08358471095561981,0,2
14424,721,3756,2399,0.374342679977417,0,2
14425,721,3756,1492,0.504743754863739,0,2
14426,721,3756,1515,0.07680808752775192,0,2
14427,721,3756,2659,0.1577727049589157,0,2
14428,721,3756,2453,0.26337066292762756,0,2
14429,721,3756,3401,0.561518669128418,0,2
14430,721,3756,1981,0.3346414864063263,0,2
14431,721,3756,3182,0.06199483945965767,0,2
14432,721,3756,3543,0.33264049887657166,0,2
14433,721,3756,175,0.45087185502052307,0,2
14434,721,3756,670,0.3798774182796478,0,2
14435,721,3756,2778,0.34030264616012573,0,2
14436,721,3756,3626,0.15342234075069427,0,2
14437,721,3756,3161,0.2869001030921936,0,2
14438,721,3756,3770,0.33200663328170776,0,2
14439,721,3756,2089,0.10641399770975113,0,2
14440,722,2814,2814,0.6022980213165283,1,2
14441,722,2814,3166,0.6772845387458801,0,2
14442,722,2814,1207,0.5176973938941956,0,2
14443,722,2814,324,0.22939057648181915,0,2
14444,722,2814,757,0.26949870586395264,0,2
14445,722,2814,138,0.5136349201202393,0,2
14446,722,2814,321,0.546470582485199,0,2
14447,722,2814,2351,0.3499285578727722,0,2
14448,722,2814,966,0.23797480762004852,0,2
14449,722,2814,3662,0.5977329611778259,0,2
14450,722,2814,3440,0.34342992305755615,0,2
14451,722,2814,946,0.5108925700187683,0,2
14452,722,2814,4133,0.30051183700561523,0,2
14453,722,2814,520,0.526901364326477,0,2
14454,722,2814,3796,0.5727553963661194,0,2
14455,722,2814,2084,0.5328635573387146,0,2
14456,722,2814,52,0.5592864155769348,0,2
14457,722,2814,2616,0.559888482093811,0,2
14458,722,2814,2276,0.534882128238678,0,2
14459,722,2814,3731,0.3034788966178894,0,2
14460,723,3665,3665,0.8069009780883789,1,2
14461,723,3665,3835,0.2521505355834961,0,2
14462,723,3665,1868,0.07350285351276398,0,2
14463,723,3665,2581,0.04895344749093056,0,2
14464,723,3665,2861,0.36202964186668396,0,2
14465,723,3665,3294,0.9344149231910706,0,2
14466,723,3665,3961,0.17366094887256622,0,2
14467,723,3665,673,0.3333989381790161,0,2
14468,723,3665,1175,0.39355501532554626,0,2
14469,723,3665,3476,0.05502551421523094,0,2
14470,723,3665,221,0.461710125207901,0,2
14471,723,3665,2209,0.1622592657804489,0,2
14472,723,3665,2999,0.33101436495780945,0,2
14473,723,3665,2752,0.4671706259250641,0,2
14474,723,3665,1101,0.17441608011722565,0,2
14475,723,3665,1211,0.4368443787097931,0,2
14476,723,3665,3812,0.0633329376578331,0,2
14477,723,3665,1238,0.022384285926818848,0,2
14478,723,3665,4038,0.018565353006124496,0,2
14479,723,3665,1470,0.053047459572553635,0,2
14480,724,3563,3563,0.8532009124755859,1,1
14481,724,3563,1804,0.17261718213558197,0,1
14482,724,3563,3241,0.2905340790748596,0,1
14483,724,3563,2871,0.41790708899497986,0,1
14484,724,3563,3537,0.6060419082641602,0,1
14485,724,3563,183,0.5662404894828796,0,1
14486,724,3563,2824,0.5756056904792786,0,1
14487,724,3563,3373,0.7663315534591675,0,1
14488,724,3563,401,0.2643044888973236,0,1
14489,724,3563,2437,0.21399269998073578,0,1
14490,724,3563,2661,0.7199596166610718,0,1
14491,724,3563,4155,0.34074607491493225,0,1
14492,724,3563,816,0.16992652416229248,0,1
14493,724,3563,1684,0.0021264469251036644,0,1
14494,724,3563,2946,0.4906301498413086,0,1
14495,724,3563,134,0.5660780072212219,0,1
14496,724,3563,1473,0.30308812856674194,0,1
14497,724,3563,3155,0.25039297342300415,0,1
14498,724,3563,1801,0.3325170874595642,0,1
14499,724,3563,3955,0.582545816898346,0,1
14500,725,211,211,0.5928446054458618,1,2
14501,725,211,3579,0.3676389753818512,0,2
14502,725,211,3788,0.444872111082077,0,2
14503,725,211,1007,0.08051397651433945,0,2
14504,725,211,1796,0.5491177439689636,0,2
14505,725,211,293,0.24840565025806427,0,2
14506,725,211,3392,0.5441405177116394,0,2
14507,725,211,417,0.4160005450248718,0,2
14508,725,211,6,0.49376580119132996,0,2
14509,725,211,32,0.5029652714729309,0,2
14510,725,211,2315,0.45632296800613403,0,2
14511,725,211,486,0.3353576362133026,0,2
14512,725,211,4087,0.34291186928749084,0,2
14513,725,211,3737,0.28753161430358887,0,2
14514,725,211,3797,0.10507208108901978,0,2
14515,725,211,27,0.1810133010149002,0,2
14516,725,211,3688,0.4960649907588959,0,2
14517,725,211,52,0.6409027576446533,0,2
14518,725,211,811,0.3230169117450714,0,2
14519,725,211,2336,0.39675989747047424,0,2
14520,726,2757,2757,0.6857516169548035,1,2
14521,726,2757,561,0.0962214544415474,0,2
14522,726,2757,2230,0.40881240367889404,0,2
14523,726,2757,3391,0.5547075867652893,0,2
14524,726,2757,1783,0.40770813822746277,0,2
14525,726,2757,3137,0.237256720662117,0,2
14526,726,2757,3817,0.3433043360710144,0,2
14527,726,2757,2300,0.6276723742485046,0,2
14528,726,2757,1546,0.3018467426300049,0,2
14529,726,2757,2592,0.4339299499988556,0,2
14530,726,2757,2006,0.2757886052131653,0,2
14531,726,2757,1793,0.25131261348724365,0,2
14532,726,2757,1702,0.48607802391052246,0,2
14533,726,2757,133,0.12114229798316956,0,2
14534,726,2757,3686,0.4776877164840698,0,2
14535,726,2757,3574,0.3115011155605316,0,2
14536,726,2757,945,0.05549861118197441,0,2
14537,726,2757,2870,0.09481614083051682,0,2
14538,726,2757,1834,0.6591021418571472,0,2
14539,726,2757,2643,0.8562818765640259,0,2
14540,727,4159,4159,0.5906749367713928,1,4
14541,727,4159,327,0.32694658637046814,0,4
14542,727,4159,69,0.13305065035820007,0,4
14543,727,4159,2660,0.40045973658561707,0,4
14544,727,4159,437,0.1923501193523407,0,4
14545,727,4159,2870,0.14678055047988892,0,4
14546,727,4159,3652,0.6598734259605408,0,4
14547,727,4159,1397,0.3693612217903137,0,4
14548,727,4159,2759,0.5777849555015564,0,4
14549,727,4159,208,0.44407495856285095,0,4
14550,727,4159,3765,0.32429561018943787,0,4
14551,727,4159,2791,0.6259816288948059,0,4
14552,727,4159,4026,0.6652494072914124,0,4
14553,727,4159,318,0.47345608472824097,0,4
14554,727,4159,789,0.13681921362876892,0,4
14555,727,4159,2984,0.07913003861904144,0,4
14556,727,4159,2519,0.043681975454092026,0,4
14557,727,4159,923,0.36142662167549133,0,4
14558,727,4159,2318,0.23102788627147675,0,4
14559,727,4159,2100,0.46158167719841003,0,4
14560,728,1694,1694,0.630084753036499,1,3
14561,728,1694,3706,0.2812545895576477,0,3
14562,728,1694,3324,0.3609621822834015,0,3
14563,728,1694,2420,0.5342239737510681,0,3
14564,728,1694,3892,0.249872088432312,0,3
14565,728,1694,365,0.46705731749534607,0,3
14566,728,1694,3394,0.7884632349014282,0,3
14567,728,1694,2784,0.5544478297233582,0,3
14568,728,1694,3575,0.1524048149585724,0,3
14569,728,1694,2462,0.3203974962234497,0,3
14570,728,1694,157,0.47774815559387207,0,3
14571,728,1694,2998,0.4202292263507843,0,3
14572,728,1694,3646,0.2138325423002243,0,3
14573,728,1694,1215,0.10824614018201828,0,3
14574,728,1694,488,0.28276997804641724,0,3
14575,728,1694,2777,0.1680576503276825,0,3
14576,728,1694,2338,0.7662434577941895,0,3
14577,728,1694,3301,0.3602888286113739,0,3
14578,728,1694,918,0.3594369888305664,0,3
14579,728,1694,3833,0.49346354603767395,0,3
14580,729,3293,3293,0.55510413646698,1,1
14581,729,3293,3403,0.465618759393692,0,1
14582,729,3293,1850,0.42823725938796997,0,1
14583,729,3293,1190,0.06838231533765793,0,1
14584,729,3293,947,0.2923597991466522,0,1
14585,729,3293,1937,0.2388002574443817,0,1
14586,729,3293,299,0.1866709142923355,0,1
14587,729,3293,3999,0.39855310320854187,0,1
14588,729,3293,2807,0.18499264121055603,0,1
14589,729,3293,3040,0.293356329202652,0,1
14590,729,3293,1795,0.12756851315498352,0,1
14591,729,3293,1124,0.33371642231941223,0,1
14592,729,3293,1562,0.5017802715301514,0,1
14593,729,3293,1325,0.2288244217634201,0,1
14594,729,3293,2087,0.3095081150531769,0,1
14595,729,3293,2461,0.4195324182510376,0,1
14596,729,3293,2242,0.2441856414079666,0,1
14597,729,3293,2107,0.3406374752521515,0,1
14598,729,3293,93,0.2635594606399536,0,1
14599,729,3293,1731,0.3533785343170166,0,1
14600,730,1781,1781,0.5530006885528564,1,2
14601,730,1781,2403,0.35069647431373596,0,2
14602,730,1781,1489,0.5733380913734436,0,2
14603,730,1781,2434,0.2851821482181549,0,2
14604,730,1781,1749,0.18172353506088257,0,2
14605,730,1781,1571,0.48086807131767273,0,2
14606,730,1781,3923,0.4151042103767395,0,2
14607,730,1781,359,0.5089811086654663,0,2
14608,730,1781,1156,0.36970964074134827,0,2
14609,730,1781,138,0.4636892080307007,0,2
14610,730,1781,256,0.3342408239841461,0,2
14611,730,1781,509,0.500296950340271,0,2
14612,730,1781,1108,0.14207977056503296,0,2
14613,730,1781,2016,0.2847438454627991,0,2
14614,730,1781,551,0.2949545681476593,0,2
14615,730,1781,786,0.08393584936857224,0,2
14616,730,1781,609,0.11969201266765594,0,2
14617,730,1781,340,0.30518752336502075,0,2
14618,730,1781,1371,0.36854028701782227,0,2
14619,730,1781,1537,0.09187038242816925,0,2
14620,731,417,417,0.9196584224700928,1,1
14621,731,417,2788,0.0007535333861596882,0,1
14622,731,417,253,0.008841398172080517,0,1
14623,731,417,2718,0.04481513053178787,0,1
14624,731,417,1736,0.02709263190627098,0,1
14625,731,417,3413,0.0019504199735820293,0,1
14626,731,417,11,0.5804975032806396,0,1
14627,731,417,887,0.15086859464645386,0,1
14628,731,417,2428,0.005144655704498291,0,1
14629,731,417,4024,0.005004259292036295,0,1
14630,731,417,1285,0.662742018699646,0,1
14631,731,417,4013,0.000922689912840724,0,1
14632,731,417,2236,0.08942823112010956,0,1
14633,731,417,3110,0.15047085285186768,0,1
14634,731,417,2605,0.003371124155819416,0,1
14635,731,417,3561,0.07390619069337845,0,1
14636,731,417,3383,0.12315487861633301,0,1
14637,731,417,28,0.31879669427871704,0,1
14638,731,417,458,0.013404157012701035,0,1
14639,731,417,232,0.34496569633483887,0,1
14640,732,1847,1847,0.6882654428482056,1,2
14641,732,1847,3811,0.3310335874557495,0,2
14642,732,1847,2058,0.007485093083232641,0,2
14643,732,1847,1376,0.1091560646891594,0,2
14644,732,1847,3707,0.3650438189506531,0,2
14645,732,1847,2118,0.1956084817647934,0,2
14646,732,1847,1148,0.05414954945445061,0,2
14647,732,1847,1881,0.02136281505227089,0,2
14648,732,1847,2562,0.49427127838134766,0,2
14649,732,1847,3671,0.012758677825331688,0,2
14650,732,1847,2856,0.1793774515390396,0,2
14651,732,1847,4114,0.37282606959342957,0,2
14652,732,1847,574,0.12963230907917023,0,2
14653,732,1847,1577,0.29166436195373535,0,2
14654,732,1847,2644,0.1122642308473587,0,2
14655,732,1847,2879,0.05602232366800308,0,2
14656,732,1847,2134,0.47659263014793396,0,2
14657,732,1847,3875,0.9288613200187683,0,2
14658,732,1847,2473,0.11690718680620193,0,2
14659,732,1847,3716,0.05625290051102638,0,2
14660,733,2332,2332,0.5508356690406799,1,2
14661,733,2332,197,0.08677606284618378,0,2
14662,733,2332,749,0.32465091347694397,0,2
14663,733,2332,506,0.44874072074890137,0,2
14664,733,2332,2673,0.36014029383659363,0,2
14665,733,2332,1614,0.4891250431537628,0,2
14666,733,2332,2032,0.13496653735637665,0,2
14667,733,2332,3595,0.3141273260116577,0,2
14668,733,2332,1235,0.40428420901298523,0,2
14669,733,2332,4031,0.5125203132629395,0,2
14670,733,2332,20,0.4408606290817261,0,2
14671,733,2332,158,0.29582691192626953,0,2
14672,733,2332,1598,0.6463820338249207,0,2
14673,733,2332,1172,0.3651849627494812,0,2
14674,733,2332,280,0.08579361438751221,0,2
14675,733,2332,1796,0.2493230253458023,0,2
14676,733,2332,1700,0.28598982095718384,0,2
14677,733,2332,2260,0.5058971643447876,0,2
14678,733,2332,279,0.030935099348425865,0,2
14679,733,2332,2482,0.08056047558784485,0,2
14680,734,1155,1155,0.8819357752799988,1,1
14681,734,1155,1979,0.1076856479048729,0,1
14682,734,1155,1335,0.0025794170796871185,0,1
14683,734,1155,109,0.017372798174619675,0,1
14684,734,1155,3387,0.022443877533078194,0,1
14685,734,1155,3788,0.07854349911212921,0,1
14686,734,1155,3236,0.008167586289346218,0,1
14687,734,1155,530,0.062778539955616,0,1
14688,734,1155,4037,0.005624421406537294,0,1
14689,734,1155,2633,0.20046751201152802,0,1
14690,734,1155,2164,0.03168956935405731,0,1
14691,734,1155,3605,0.1389908343553543,0,1
14692,734,1155,1018,1.6202344340854324e-05,0,1
14693,734,1155,3565,0.005873184185475111,0,1
14694,734,1155,3643,0.0002870718599297106,0,1
14695,734,1155,3832,0.0017408926505595446,0,1
14696,734,1155,1053,1.9462899217614904e-05,0,1
14697,734,1155,3789,0.0007465139497071505,0,1
14698,734,1155,3500,0.14557260274887085,0,1
14699,734,1155,2637,0.1053348109126091,0,1
14700,735,6,6,0.7396625876426697,1,3
14701,735,6,1594,0.20798885822296143,0,3
14702,735,6,2849,0.7720432281494141,0,3
14703,735,6,3269,0.47706153988838196,0,3
14704,735,6,436,0.4983604848384857,0,3
14705,735,6,2825,0.3803098201751709,0,3
14706,735,6,610,0.40524160861968994,0,3
14707,735,6,2772,0.19456450641155243,0,3
14708,735,6,5,0.7589596509933472,0,3
14709,735,6,2445,0.7109876275062561,0,3
14710,735,6,3612,0.5885511040687561,0,3
14711,735,6,2123,0.42294591665267944,0,3
14712,735,6,2850,0.01514947135001421,0,3
14713,735,6,3910,0.18050530552864075,0,3
14714,735,6,2798,0.4267030358314514,0,3
14715,735,6,2879,0.0796872153878212,0,3
14716,735,6,1741,0.5958595871925354,0,3
14717,735,6,1896,0.29255521297454834,0,3
14718,735,6,1264,0.4098937213420868,0,3
14719,735,6,361,0.6003037691116333,0,3
14720,736,1893,1893,0.5269514918327332,1,1
14721,736,1893,1968,0.48425331711769104,0,1
14722,736,1893,500,0.3704351782798767,0,1
14723,736,1893,3750,0.24383993446826935,0,1
14724,736,1893,2550,0.3099338412284851,0,1
14725,736,1893,727,0.34031206369400024,0,1
14726,736,1893,3390,0.4533224105834961,0,1
14727,736,1893,3613,0.2880212962627411,0,1
14728,736,1893,2321,0.4143490791320801,0,1
14729,736,1893,846,0.497634619474411,0,1
14730,736,1893,2635,0.18493983149528503,0,1
14731,736,1893,2695,0.30869537591934204,0,1
14732,736,1893,1627,0.32476672530174255,0,1
14733,736,1893,3224,0.5030632019042969,0,1
14734,736,1893,1917,0.4963293969631195,0,1
14735,736,1893,210,0.5182127356529236,0,1
14736,736,1893,1174,0.5088787078857422,0,1
14737,736,1893,3892,0.4132830500602722,0,1
14738,736,1893,2342,0.4836716055870056,0,1
14739,736,1893,682,0.47721102833747864,0,1
14740,737,1738,1738,0.6513736844062805,1,3
14741,737,1738,1236,0.6109534502029419,0,3
14742,737,1738,1890,0.2943407893180847,0,3
14743,737,1738,2732,0.7980902194976807,0,3
14744,737,1738,1916,0.09064239263534546,0,3
14745,737,1738,2990,0.4535040557384491,0,3
14746,737,1738,3452,0.6243411898612976,0,3
14747,737,1738,994,0.4642064571380615,0,3
14748,737,1738,1929,0.05369061604142189,0,3
14749,737,1738,3647,0.09138937294483185,0,3
14750,737,1738,691,0.274213582277298,0,3
14751,737,1738,2562,0.574525773525238,0,3
14752,737,1738,684,0.4510490894317627,0,3
14753,737,1738,3946,0.5869376063346863,0,3
14754,737,1738,692,0.40235191583633423,0,3
14755,737,1738,2392,0.6820270419120789,0,3
14756,737,1738,2496,0.4221644997596741,0,3
14757,737,1738,3738,0.5552818775177002,0,3
14758,737,1738,1647,0.2350253164768219,0,3
14759,737,1738,4083,0.3549063503742218,0,3
14760,738,1949,1949,0.9603861570358276,1,1
14761,738,1949,2196,0.7921671271324158,0,1
14762,738,1949,1104,0.07778458297252655,0,1
14763,738,1949,505,0.18180252611637115,0,1
14764,738,1949,396,0.6152521967887878,0,1
14765,738,1949,1675,0.3223649859428406,0,1
14766,738,1949,1562,0.41918015480041504,0,1
14767,738,1949,3800,0.021113727241754532,0,1
14768,738,1949,3978,0.6335923671722412,0,1
14769,738,1949,1937,0.23977695405483246,0,1
14770,738,1949,3422,0.6879896521568298,0,1
14771,738,1949,1070,0.035636674612760544,0,1
14772,738,1949,623,0.43469613790512085,0,1
14773,738,1949,3814,0.06359212845563889,0,1
14774,738,1949,4082,0.5454707741737366,0,1
14775,738,1949,3243,0.3933250904083252,0,1
14776,738,1949,590,0.2368754893541336,0,1
14777,738,1949,2456,0.09283420443534851,0,1
14778,738,1949,98,0.216107577085495,0,1
14779,738,1949,3692,0.04780443757772446,0,1
14780,739,670,670,0.8638004660606384,1,2
14781,739,670,2612,0.40216726064682007,0,2
14782,739,670,3261,0.15721780061721802,0,2
14783,739,670,2916,0.6413509249687195,0,2
14784,739,670,3638,0.24432657659053802,0,2
14785,739,670,2757,0.4297301769256592,0,2
14786,739,670,4133,0.015537578612565994,0,2
14787,739,670,688,0.6128969788551331,0,2
14788,739,670,1342,0.4000850021839142,0,2
14789,739,670,302,0.25046852231025696,0,2
14790,739,670,1683,0.545324981212616,0,2
14791,739,670,1287,0.25323885679244995,0,2
14792,739,670,544,0.6378981471061707,0,2
14793,739,670,2716,0.9080747961997986,0,2
14794,739,670,1919,0.5597865581512451,0,2
14795,739,670,2679,0.6922792196273804,0,2
14796,739,670,3616,0.6699682474136353,0,2
14797,739,670,183,0.7812746167182922,0,2
14798,739,670,3237,0.3770335912704468,0,2
14799,739,670,2218,0.5281655192375183,0,2
14800,740,3992,3992,0.8238089084625244,1,2
14801,740,3992,3241,0.16312338411808014,0,2
14802,740,3992,4137,0.11287132650613785,0,2
14803,740,3992,3114,0.8538663983345032,0,2
14804,740,3992,1008,0.11049388349056244,0,2
14805,740,3992,842,0.36454927921295166,0,2
14806,740,3992,3270,0.046101417392492294,0,2
14807,740,3992,2849,0.2672199308872223,0,2
14808,740,3992,1615,0.1307450234889984,0,2
14809,740,3992,2532,0.4513680338859558,0,2
14810,740,3992,787,0.10706710815429688,0,2
14811,740,3992,3209,0.5520524978637695,0,2
14812,740,3992,2802,0.676934003829956,0,2
14813,740,3992,899,0.3134247064590454,0,2
14814,740,3992,750,0.5881696939468384,0,2
14815,740,3992,1656,0.08212384581565857,0,2
14816,740,3992,2810,0.14956623315811157,0,2
14817,740,3992,3093,0.05555250123143196,0,2
14818,740,3992,2003,0.04307134822010994,0,2
14819,740,3992,2991,0.7584059238433838,0,2
14820,741,3080,3080,0.8349930047988892,1,1
14821,741,3080,2623,0.037774670869112015,0,1
14822,741,3080,1309,0.024384411051869392,0,1
14823,741,3080,2624,0.1705818623304367,0,1
14824,741,3080,2482,0.023408817127346992,0,1
14825,741,3080,3519,0.20064707100391388,0,1
14826,741,3080,2306,0.21580961346626282,0,1
14827,741,3080,770,0.13884337246418,0,1
14828,741,3080,1413,0.28885984420776367,0,1
14829,741,3080,190,0.09650182723999023,0,1
14830,741,3080,380,0.08665496855974197,0,1
14831,741,3080,1577,0.1536814123392105,0,1
14832,741,3080,3549,0.4449765980243683,0,1
14833,741,3080,4020,0.41689467430114746,0,1
14834,741,3080,929,0.5611280798912048,0,1
14835,741,3080,4077,0.40390831232070923,0,1
14836,741,3080,3560,0.24507200717926025,0,1
14837,741,3080,308,0.22192281484603882,0,1
14838,741,3080,3872,0.02080862782895565,0,1
14839,741,3080,4125,0.09116426110267639,0,1
14840,742,713,713,0.7213789820671082,1,1
14841,742,713,3771,0.2529810965061188,0,1
14842,742,713,3416,0.013190197758376598,0,1
14843,742,713,2349,0.04527530446648598,0,1
14844,742,713,527,0.041747964918613434,0,1
14845,742,713,2012,0.07560108602046967,0,1
14846,742,713,1813,0.19671519100666046,0,1
14847,742,713,2015,0.0179640743881464,0,1
14848,742,713,1847,0.16545365750789642,0,1
14849,742,713,1658,0.6231080889701843,0,1
14850,742,713,925,0.14167623221874237,0,1
14851,742,713,3251,0.1414635330438614,0,1
14852,742,713,3525,0.006482542958110571,0,1
14853,742,713,3440,0.02782479114830494,0,1
14854,742,713,392,0.05615532770752907,0,1
14855,742,713,165,0.09006969630718231,0,1
14856,742,713,1323,0.1499020755290985,0,1
14857,742,713,1687,0.04039411246776581,0,1
14858,742,713,532,0.09151868522167206,0,1
14859,742,713,3467,0.05840848386287689,0,1
14860,743,4022,4022,0.8384495377540588,1,3
14861,743,4022,3675,0.11996926367282867,0,3
14862,743,4022,2141,0.22882531583309174,0,3
14863,743,4022,3309,0.3951464295387268,0,3
14864,743,4022,3284,0.41238927841186523,0,3
14865,743,4022,1155,0.43846991658210754,0,3
14866,743,4022,553,0.15507297217845917,0,3
14867,743,4022,2975,0.5933205485343933,0,3
14868,743,4022,466,0.407869428396225,0,3
14869,743,4022,578,0.34280434250831604,0,3
14870,743,4022,1180,0.2013130635023117,0,3
14871,743,4022,1645,0.05529829487204552,0,3
14872,743,4022,385,0.33660128712654114,0,3
14873,743,4022,3275,0.4883498549461365,0,3
14874,743,4022,2659,0.9162138104438782,0,3
14875,743,4022,2161,0.9544274806976318,0,3
14876,743,4022,3186,0.07023487240076065,0,3
14877,743,4022,619,0.1775478720664978,0,3
14878,743,4022,3579,0.2923997640609741,0,3
14879,743,4022,4079,0.8214340806007385,0,3
14880,744,3531,3531,0.708631157875061,1,1
14881,744,3531,1206,0.6079204678535461,0,1
14882,744,3531,934,0.03852076083421707,0,1
14883,744,3531,28,0.5803351998329163,0,1
14884,744,3531,2941,0.03682341054081917,0,1
14885,744,3531,431,0.6189217567443848,0,1
14886,744,3531,2794,0.4356064200401306,0,1
14887,744,3531,2629,0.4734475016593933,0,1
14888,744,3531,3595,0.46312418580055237,0,1
14889,744,3531,3389,0.10691557824611664,0,1
14890,744,3531,1080,0.4176960289478302,0,1
14891,744,3531,1455,0.2643592059612274,0,1
14892,744,3531,2664,0.13424454629421234,0,1
14893,744,3531,3030,0.2744568884372711,0,1
14894,744,3531,2180,0.18045933544635773,0,1
14895,744,3531,686,0.03809864819049835,0,1
14896,744,3531,885,0.44905751943588257,0,1
14897,744,3531,1475,0.2789430618286133,0,1
14898,744,3531,2607,0.29513445496559143,0,1
14899,744,3531,1218,0.6933213472366333,0,1
14900,745,855,855,0.9349207282066345,1,1
14901,745,855,3731,2.430187123536598e-06,0,1
14902,745,855,590,0.09155334532260895,0,1
14903,745,855,1845,0.009010327979922295,0,1
14904,745,855,1533,0.001273590954951942,0,1
14905,745,855,2077,8.067854651017115e-05,0,1
14906,745,855,3187,0.003954133950173855,0,1
14907,745,855,3382,0.000166324942256324,0,1
14908,745,855,3436,0.026044758036732674,0,1
14909,745,855,2184,0.020674536004662514,0,1
14910,745,855,1405,0.017331983894109726,0,1
14911,745,855,1854,0.056331515312194824,0,1
14912,745,855,3637,0.014508336782455444,0,1
14913,745,855,2669,0.00040633813478052616,0,1
14914,745,855,2000,3.699707303894684e-05,0,1
14915,745,855,3230,0.0019959877245128155,0,1
14916,745,855,2150,1.2677862287091557e-05,0,1
14917,745,855,3206,1.676536339800805e-05,0,1
14918,745,855,1299,0.007812010124325752,0,1
14919,745,855,227,0.07381933927536011,0,1
14920,746,2427,2427,0.8671820759773254,1,1
14921,746,2427,1211,0.5206037163734436,0,1
14922,746,2427,2551,0.10230083763599396,0,1
14923,746,2427,3722,0.37406399846076965,0,1
14924,746,2427,2659,0.4442126750946045,0,1
14925,746,2427,839,0.39573386311531067,0,1
14926,746,2427,2731,0.0867898166179657,0,1
14927,746,2427,592,0.24365754425525665,0,1
14928,746,2427,2960,0.030394958332180977,0,1
14929,746,2427,2085,0.6141530871391296,0,1
14930,746,2427,690,0.27677634358406067,0,1
14931,746,2427,2023,0.6637393236160278,0,1
14932,746,2427,1332,0.31365537643432617,0,1
14933,746,2427,277,0.5046578049659729,0,1
14934,746,2427,3060,0.545417845249176,0,1
14935,746,2427,1565,0.07188188284635544,0,1
14936,746,2427,3229,0.42456793785095215,0,1
14937,746,2427,3067,0.0656842291355133,0,1
14938,746,2427,2330,0.38072898983955383,0,1
14939,746,2427,4179,0.08568604290485382,0,1
14940,747,613,613,0.6128941178321838,1,4
14941,747,613,2919,0.5962091684341431,0,4
14942,747,613,3258,0.4344669580459595,0,4
14943,747,613,2909,0.14730961620807648,0,4
14944,747,613,399,0.6286666989326477,0,4
14945,747,613,1904,0.45523500442504883,0,4
14946,747,613,3319,0.3398071229457855,0,4
14947,747,613,2378,0.525254487991333,0,4
14948,747,613,747,0.5483173131942749,0,4
14949,747,613,192,0.6557480096817017,0,4
14950,747,613,1133,0.15436148643493652,0,4
14951,747,613,4153,0.34016093611717224,0,4
14952,747,613,953,0.6308783888816833,0,4
14953,747,613,3326,0.4524165391921997,0,4
14954,747,613,1032,0.3032834827899933,0,4
14955,747,613,1367,0.20202301442623138,0,4
14956,747,613,1889,0.36551451683044434,0,4
14957,747,613,3458,0.4959244132041931,0,4
14958,747,613,103,0.1585284322500229,0,4
14959,747,613,1265,0.25483301281929016,0,4
14960,748,1689,1689,0.9590736031532288,1,1
14961,748,1689,3220,0.006454098969697952,0,1
14962,748,1689,1550,0.10654205083847046,0,1
14963,748,1689,913,0.06806804984807968,0,1
14964,748,1689,273,0.07572097331285477,0,1
14965,748,1689,4157,0.02361789159476757,0,1
14966,748,1689,962,0.128665030002594,0,1
14967,748,1689,1935,0.006395437754690647,0,1
14968,748,1689,2681,0.005617744754999876,0,1
14969,748,1689,3150,0.0225735604763031,0,1
14970,748,1689,3156,0.002019785577431321,0,1
14971,748,1689,1871,0.19367346167564392,0,1
14972,748,1689,1915,0.021168243139982224,0,1
14973,748,1689,3205,0.1943991631269455,0,1
14974,748,1689,81,0.15633393824100494,0,1
14975,748,1689,3343,0.009205733425915241,0,1
14976,748,1689,2307,0.003540400182828307,0,1
14977,748,1689,3345,0.00016244695871137083,0,1
14978,748,1689,3100,0.03403206169605255,0,1
14979,748,1689,3375,0.0016946798423305154,0,1
14980,749,404,404,0.9600924253463745,1,1
14981,749,404,1595,0.25084686279296875,0,1
14982,749,404,4102,0.10338906198740005,0,1
14983,749,404,1878,0.006453906651586294,0,1
14984,749,404,1972,0.006501574534922838,0,1
14985,749,404,1195,0.02919032797217369,0,1
14986,749,404,3922,0.00039953499799594283,0,1
14987,749,404,1625,0.11082927882671356,0,1
14988,749,404,1864,0.005612366832792759,0,1
14989,749,404,629,0.048596855252981186,0,1
14990,749,404,70,0.24883437156677246,0,1
14991,749,404,1172,0.11214293539524078,0,1
14992,749,404,53,0.0716133713722229,0,1
14993,749,404,720,0.15572328865528107,0,1
14994,749,404,364,0.05535160377621651,0,1
14995,749,404,3523,7.700065907556564e-05,0,1
14996,749,404,2741,0.07811778038740158,0,1
14997,749,404,2682,0.0053306398913264275,0,1
14998,749,404,954,0.11889878660440445,0,1
14999,749,404,3356,0.15679892897605896,0,1
15000,750,3659,3659,0.9402074813842773,1,1
15001,750,3659,265,0.04179379343986511,0,1
15002,750,3659,3399,0.2528027594089508,0,1
15003,750,3659,597,0.0140223428606987,0,1
15004,750,3659,3468,0.042536694556474686,0,1
15005,750,3659,3956,0.08140647411346436,0,1
15006,750,3659,1583,0.3142111599445343,0,1
15007,750,3659,1122,0.12042763829231262,0,1
15008,750,3659,3681,0.7785323262214661,0,1
15009,750,3659,2354,0.5362386107444763,0,1
15010,750,3659,3947,0.0014297461602836847,0,1
15011,750,3659,3055,0.40548256039619446,0,1
15012,750,3659,29,0.27070653438568115,0,1
15013,750,3659,4029,0.12645107507705688,0,1
15014,750,3659,1102,0.8729602098464966,0,1
15015,750,3659,3097,0.004208138678222895,0,1
15016,750,3659,2117,0.0049173650331795216,0,1
15017,750,3659,717,0.08251184970140457,0,1
15018,750,3659,2683,0.11842126399278641,0,1
15019,750,3659,817,0.11579076200723648,0,1
15020,751,2966,2966,0.7247536778450012,1,2
15021,751,2966,2445,0.04407704994082451,0,2
15022,751,2966,4012,0.2672908306121826,0,2
15023,751,2966,785,0.31662145256996155,0,2
15024,751,2966,1764,0.520922839641571,0,2
15025,751,2966,718,0.468759149312973,0,2
15026,751,2966,334,0.012059981003403664,0,2
15027,751,2966,1653,0.09967782348394394,0,2
15028,751,2966,3025,0.04994175583124161,0,2
15029,751,2966,2807,0.11609291285276413,0,2
15030,751,2966,2313,0.6767877340316772,0,2
15031,751,2966,3813,0.15435172617435455,0,2
15032,751,2966,3845,0.7495443224906921,0,2
15033,751,2966,4161,0.02974097430706024,0,2
15034,751,2966,823,0.31516534090042114,0,2
15035,751,2966,2497,0.38704851269721985,0,2
15036,751,2966,3445,0.07269782572984695,0,2
15037,751,2966,163,0.3983340561389923,0,2
15038,751,2966,268,0.43573227524757385,0,2
15039,751,2966,3886,0.5534844398498535,0,2
15040,752,4157,4157,0.7495041489601135,1,1
15041,752,4157,3073,0.33505645394325256,0,1
15042,752,4157,3355,0.597385585308075,0,1
15043,752,4157,627,0.13089466094970703,0,1
15044,752,4157,355,0.6988561749458313,0,1
15045,752,4157,3144,0.14401699602603912,0,1
15046,752,4157,3308,0.40847867727279663,0,1
15047,752,4157,4115,0.6930485367774963,0,1
15048,752,4157,1816,0.004646302666515112,0,1
15049,752,4157,2803,0.24410207569599152,0,1
15050,752,4157,25,0.22534485161304474,0,1
15051,752,4157,891,0.06935799866914749,0,1
15052,752,4157,4044,0.3507886528968811,0,1
15053,752,4157,148,0.11304440349340439,0,1
15054,752,4157,3707,0.11689664423465729,0,1
15055,752,4157,4139,0.47572389245033264,0,1
15056,752,4157,3906,0.12313995510339737,0,1
15057,752,4157,899,0.18166008591651917,0,1
15058,752,4157,2677,0.25134745240211487,0,1
15059,752,4157,3600,0.28381121158599854,0,1
15060,753,3356,3356,0.5811868906021118,1,2
15061,753,3356,3167,0.49495357275009155,0,2
15062,753,3356,3052,0.30796945095062256,0,2
15063,753,3356,4016,0.5149404406547546,0,2
15064,753,3356,1994,0.4152136445045471,0,2
15065,753,3356,229,0.3138751685619354,0,2
15066,753,3356,4053,0.5451847910881042,0,2
15067,753,3356,839,0.5291654467582703,0,2
15068,753,3356,3087,0.06666487455368042,0,2
15069,753,3356,2714,0.1585088074207306,0,2
15070,753,3356,9,0.14050717651844025,0,2
15071,753,3356,2948,0.11400259286165237,0,2
15072,753,3356,310,0.4280690848827362,0,2
15073,753,3356,1777,0.05280616506934166,0,2
15074,753,3356,2861,0.5082567930221558,0,2
15075,753,3356,844,0.148427352309227,0,2
15076,753,3356,3825,0.3926070034503937,0,2
15077,753,3356,1284,0.14470574259757996,0,2
15078,753,3356,2392,0.5511910915374756,0,2
15079,753,3356,2313,0.6066683530807495,0,2
15080,754,2126,2126,0.8799721002578735,1,1
15081,754,2126,702,0.0013873614370822906,0,1
15082,754,2126,3508,0.00048312568105757236,0,1
15083,754,2126,2425,0.25680315494537354,0,1
15084,754,2126,815,0.0005485976580530405,0,1
15085,754,2126,2403,0.06386866420507431,0,1
15086,754,2126,2379,0.13995027542114258,0,1
15087,754,2126,363,0.41230782866477966,0,1
15088,754,2126,576,0.005086203571408987,0,1
15089,754,2126,453,0.064139723777771,0,1
15090,754,2126,3120,0.1422598510980606,0,1
15091,754,2126,203,0.003695123828947544,0,1
15092,754,2126,3361,0.17179463803768158,0,1
15093,754,2126,613,0.13175180554389954,0,1
15094,754,2126,3339,0.005651906132698059,0,1
15095,754,2126,1959,0.001782611245289445,0,1
15096,754,2126,600,0.05516470596194267,0,1
15097,754,2126,3652,0.2267145812511444,0,1
15098,754,2126,1169,0.1322152018547058,0,1
15099,754,2126,2556,0.11967416852712631,0,1
15100,755,472,472,0.5574817061424255,1,1
15101,755,472,1135,0.5284514427185059,0,1
15102,755,472,2457,0.41320887207984924,0,1
15103,755,472,1890,0.22135871648788452,0,1
15104,755,472,1786,0.2298445701599121,0,1
15105,755,472,4110,0.3921171724796295,0,1
15106,755,472,2771,0.05817031487822533,0,1
15107,755,472,589,0.3216768503189087,0,1
15108,755,472,581,0.5424173474311829,0,1
15109,755,472,1698,0.3778676688671112,0,1
15110,755,472,3683,0.39645346999168396,0,1
15111,755,472,843,0.09239578247070312,0,1
15112,755,472,531,0.3353883624076843,0,1
15113,755,472,438,0.05323561653494835,0,1
15114,755,472,2678,0.022243978455662727,0,1
15115,755,472,444,0.3477698862552643,0,1
15116,755,472,3163,0.25719282031059265,0,1
15117,755,472,985,0.23655720055103302,0,1
15118,755,472,2542,0.09721475839614868,0,1
15119,755,472,962,0.4353359341621399,0,1
15120,756,3029,3029,0.765099287033081,1,2
15121,756,3029,3217,0.10352431237697601,0,2
15122,756,3029,1275,0.3774318993091583,0,2
15123,756,3029,2669,0.059624798595905304,0,2
15124,756,3029,2892,0.8405418992042542,0,2
15125,756,3029,2097,0.5164085030555725,0,2
15126,756,3029,3482,0.4711238443851471,0,2
15127,756,3029,2672,0.0734986662864685,0,2
15128,756,3029,86,0.6024161577224731,0,2
15129,756,3029,3096,0.09859437495470047,0,2
15130,756,3029,3530,0.01799308881163597,0,2
15131,756,3029,1274,0.029899798333644867,0,2
15132,756,3029,2014,0.35812908411026,0,2
15133,756,3029,341,0.3237669765949249,0,2
15134,756,3029,2058,0.035278212279081345,0,2
15135,756,3029,2659,0.06074008345603943,0,2
15136,756,3029,2527,0.7550392150878906,0,2
15137,756,3029,1931,0.5442326664924622,0,2
15138,756,3029,181,0.2926505208015442,0,2
15139,756,3029,1685,0.47491252422332764,0,2
15140,757,637,637,0.7004724144935608,1,2
15141,757,637,882,0.07182387262582779,0,2
15142,757,637,2284,0.28167182207107544,0,2
15143,757,637,3940,0.17487621307373047,0,2
15144,757,637,3138,0.32885631918907166,0,2
15145,757,637,1376,0.05440915748476982,0,2
15146,757,637,3861,0.6964549422264099,0,2
15147,757,637,3251,0.211101233959198,0,2
15148,757,637,2044,0.26773861050605774,0,2
15149,757,637,165,0.08124113827943802,0,2
15150,757,637,1101,0.4522704780101776,0,2
15151,757,637,377,0.3455379605293274,0,2
15152,757,637,357,0.04601096361875534,0,2
15153,757,637,2848,0.5434958934783936,0,2
15154,757,637,3923,0.5087869763374329,0,2
15155,757,637,1848,0.216830313205719,0,2
15156,757,637,3624,0.748931348323822,0,2
15157,757,637,3496,0.17229615151882172,0,2
15158,757,637,739,0.19430387020111084,0,2
15159,757,637,3750,0.1812170147895813,0,2
15160,758,1241,1241,0.8286264538764954,1,2
15161,758,1241,4015,0.1223231703042984,0,2
15162,758,1241,3519,0.33105477690696716,0,2
15163,758,1241,700,0.07030908763408661,0,2
15164,758,1241,4005,0.6596665382385254,0,2
15165,758,1241,2907,0.5544009208679199,0,2
15166,758,1241,1856,0.10927172750234604,0,2
15167,758,1241,1724,0.04306686669588089,0,2
15168,758,1241,476,0.7555819153785706,0,2
15169,758,1241,553,0.14409208297729492,0,2
15170,758,1241,109,0.2296963483095169,0,2
15171,758,1241,1432,0.02669426053762436,0,2
15172,758,1241,4142,0.5422197580337524,0,2
15173,758,1241,2471,0.603705883026123,0,2
15174,758,1241,289,0.31746500730514526,0,2
15175,758,1241,416,0.4740886986255646,0,2
15176,758,1241,1983,0.14509794116020203,0,2
15177,758,1241,420,0.17070677876472473,0,2
15178,758,1241,2434,0.9031492471694946,0,2
15179,758,1241,764,0.4713253974914551,0,2
15180,759,3335,3335,0.870455801486969,1,1
15181,759,3335,3325,0.5056430697441101,0,1
15182,759,3335,3366,0.44907817244529724,0,1
15183,759,3335,1446,0.06514419615268707,0,1
15184,759,3335,710,0.4770011901855469,0,1
15185,759,3335,1226,0.3148568272590637,0,1
15186,759,3335,1235,0.7504072785377502,0,1
15187,759,3335,2425,0.1726340800523758,0,1
15188,759,3335,3448,0.5204813480377197,0,1
15189,759,3335,587,0.43082210421562195,0,1
15190,759,3335,3177,0.6136446595191956,0,1
15191,759,3335,4108,0.6319971680641174,0,1
15192,759,3335,2168,0.3527803421020508,0,1
15193,759,3335,2580,0.6221135854721069,0,1
15194,759,3335,3419,0.6667736768722534,0,1
15195,759,3335,3661,0.6719646453857422,0,1
15196,759,3335,3093,0.02124144323170185,0,1
15197,759,3335,1111,0.48104554414749146,0,1
15198,759,3335,16,0.17085182666778564,0,1
15199,759,3335,764,0.395812064409256,0,1
15200,760,3104,3104,0.8163434863090515,1,1
15201,760,3104,509,0.3675270080566406,0,1
15202,760,3104,3020,0.31671619415283203,0,1
15203,760,3104,1937,0.22323542833328247,0,1
15204,760,3104,2803,0.3323182463645935,0,1
15205,760,3104,71,0.11119580268859863,0,1
15206,760,3104,2400,0.2208426147699356,0,1
15207,760,3104,1077,0.6535329818725586,0,1
15208,760,3104,255,0.4706205427646637,0,1
15209,760,3104,2394,0.49721455574035645,0,1
15210,760,3104,1519,0.5030779838562012,0,1
15211,760,3104,89,0.025453470647335052,0,1
15212,760,3104,1796,0.49445265531539917,0,1
15213,760,3104,2452,0.027154432609677315,0,1
15214,760,3104,730,0.37338653206825256,0,1
15215,760,3104,1009,0.16621598601341248,0,1
15216,760,3104,2589,0.616548478603363,0,1
15217,760,3104,1827,0.311860591173172,0,1
15218,760,3104,2916,0.4603297710418701,0,1
15219,760,3104,1993,0.5328598022460938,0,1
15220,761,1205,1205,0.5546786189079285,1,4
15221,761,1205,1741,0.3763873875141144,0,4
15222,761,1205,2485,0.5864907503128052,0,4
15223,761,1205,3416,0.37721970677375793,0,4
15224,761,1205,3637,0.51032954454422,0,4
15225,761,1205,4086,0.603495180606842,0,4
15226,761,1205,2116,0.3080393970012665,0,4
15227,761,1205,3985,0.3100622296333313,0,4
15228,761,1205,3614,0.5352588295936584,0,4
15229,761,1205,685,0.26703163981437683,0,4
15230,761,1205,2340,0.5072475075721741,0,4
15231,761,1205,999,0.4414210617542267,0,4
15232,761,1205,1786,0.2800242304801941,0,4
15233,761,1205,2446,0.4630425274372101,0,4
15234,761,1205,2100,0.47091761231422424,0,4
15235,761,1205,63,0.3907108008861542,0,4
15236,761,1205,3172,0.5958403944969177,0,4
15237,761,1205,1941,0.4637593924999237,0,4
15238,761,1205,3613,0.3606473505496979,0,4
15239,761,1205,3122,0.4811911880970001,0,4
15240,762,2206,2206,0.6395719647407532,1,1
15241,762,2206,574,0.19356225430965424,0,1
15242,762,2206,3452,0.35005104541778564,0,1
15243,762,2206,41,0.39733001589775085,0,1
15244,762,2206,2168,0.010171876288950443,0,1
15245,762,2206,3367,0.5610729455947876,0,1
15246,762,2206,2600,0.33509770035743713,0,1
15247,762,2206,1383,0.1841268390417099,0,1
15248,762,2206,3376,0.3808383047580719,0,1
15249,762,2206,1995,0.34078076481819153,0,1
15250,762,2206,248,0.17761199176311493,0,1
15251,762,2206,3388,0.09996553510427475,0,1
15252,762,2206,2999,0.1405189037322998,0,1
15253,762,2206,1453,0.08387657254934311,0,1
15254,762,2206,1822,0.05797184258699417,0,1
15255,762,2206,3520,0.10221856087446213,0,1
15256,762,2206,1414,0.39478811621665955,0,1
15257,762,2206,2907,0.24082538485527039,0,1
15258,762,2206,2079,0.24466940760612488,0,1
15259,762,2206,3786,0.07220868021249771,0,1
15260,763,1849,1849,0.6786879897117615,1,1
15261,763,1849,3236,0.27102798223495483,0,1
15262,763,1849,1915,0.3680045008659363,0,1
15263,763,1849,3761,0.12009655684232712,0,1
15264,763,1849,1433,0.0010983392130583525,0,1
15265,763,1849,1308,0.14482516050338745,0,1
15266,763,1849,3797,0.1332310289144516,0,1
15267,763,1849,2561,0.45771464705467224,0,1
15268,763,1849,2767,0.03354119881987572,0,1
15269,763,1849,3053,0.5963670611381531,0,1
15270,763,1849,758,0.16979345679283142,0,1
15271,763,1849,920,0.022070875391364098,0,1
15272,763,1849,2479,0.09071200340986252,0,1
15273,763,1849,657,0.11976414173841476,0,1
15274,763,1849,2083,0.5032140612602234,0,1
15275,763,1849,1558,0.19529084861278534,0,1
15276,763,1849,1336,0.12580054998397827,0,1
15277,763,1849,1458,0.43792542815208435,0,1
15278,763,1849,711,0.24311305582523346,0,1
15279,763,1849,2831,0.05514611303806305,0,1
15280,764,3055,3055,0.6713917851448059,1,2
15281,764,3055,3591,0.22858946025371552,0,2
15282,764,3055,704,0.3111073970794678,0,2
15283,764,3055,99,0.19741974771022797,0,2
15284,764,3055,810,0.5231594443321228,0,2
15285,764,3055,2799,0.18015865981578827,0,2
15286,764,3055,647,0.49982136487960815,0,2
15287,764,3055,1142,0.497941255569458,0,2
15288,764,3055,2142,0.6878958344459534,0,2
15289,764,3055,3888,0.566038966178894,0,2
15290,764,3055,713,0.41601359844207764,0,2
15291,764,3055,2634,0.08105716854333878,0,2
15292,764,3055,3935,0.08694490790367126,0,2
15293,764,3055,2514,0.5082128047943115,0,2
15294,764,3055,983,0.201371431350708,0,2
15295,764,3055,1562,0.49326926469802856,0,2
15296,764,3055,1958,0.2531130313873291,0,2
15297,764,3055,3625,0.43177530169487,0,2
15298,764,3055,3942,0.3032614588737488,0,2
15299,764,3055,2426,0.5583142042160034,0,2
15300,765,1629,1629,0.5017819404602051,1,1
15301,765,1629,1977,0.4297787845134735,0,1
15302,765,1629,1797,0.10958846658468246,0,1
15303,765,1629,695,0.3418324589729309,0,1
15304,765,1629,1712,0.43655434250831604,0,1
15305,765,1629,476,0.32890570163726807,0,1
15306,765,1629,1714,0.35782355070114136,0,1
15307,765,1629,2046,0.4573991894721985,0,1
15308,765,1629,3520,0.3045881390571594,0,1
15309,765,1629,469,0.43691104650497437,0,1
15310,765,1629,3088,0.10319396108388901,0,1
15311,765,1629,1485,0.2730013430118561,0,1
15312,765,1629,427,0.4239709675312042,0,1
15313,765,1629,2870,0.35408762097358704,0,1
15314,765,1629,3958,0.4506167769432068,0,1
15315,765,1629,2154,0.47122108936309814,0,1
15316,765,1629,2681,0.2362179309129715,0,1
15317,765,1629,2051,0.43268826603889465,0,1
15318,765,1629,2531,0.03680279478430748,0,1
15319,765,1629,842,0.4277791380882263,0,1
15320,766,3849,3849,0.5814360976219177,1,1
15321,766,3849,2986,0.2433260679244995,0,1
15322,766,3849,4104,0.38900044560432434,0,1
15323,766,3849,318,0.2985110878944397,0,1
15324,766,3849,2159,0.3579249978065491,0,1
15325,766,3849,3826,0.376383900642395,0,1
15326,766,3849,7,0.5247591137886047,0,1
15327,766,3849,1059,0.1419415920972824,0,1
15328,766,3849,3893,0.3551541864871979,0,1
15329,766,3849,1720,0.5059816241264343,0,1
15330,766,3849,294,0.24726930260658264,0,1
15331,766,3849,1831,0.19910283386707306,0,1
15332,766,3849,2655,0.47298070788383484,0,1
15333,766,3849,666,0.4764679968357086,0,1
15334,766,3849,10,0.47645512223243713,0,1
15335,766,3849,384,0.42848658561706543,0,1
15336,766,3849,722,0.27925533056259155,0,1
15337,766,3849,1487,0.1903303563594818,0,1
15338,766,3849,909,0.503576934337616,0,1
15339,766,3849,2424,0.3095141649246216,0,1
15340,767,3666,3666,0.843192458152771,1,1
15341,767,3666,1643,0.11657823622226715,0,1
15342,767,3666,2834,0.13014402985572815,0,1
15343,767,3666,3584,0.7970443964004517,0,1
15344,767,3666,2686,0.7181685566902161,0,1
15345,767,3666,4120,0.5128828287124634,0,1
15346,767,3666,394,0.09784885495901108,0,1
15347,767,3666,1023,0.05029554292559624,0,1
15348,767,3666,1906,0.1947144716978073,0,1
15349,767,3666,2177,0.25583791732788086,0,1
15350,767,3666,90,0.4705757796764374,0,1
15351,767,3666,3894,0.2220579981803894,0,1
15352,767,3666,452,0.4763071835041046,0,1
15353,767,3666,390,0.07538806647062302,0,1
15354,767,3666,3064,0.7081100940704346,0,1
15355,767,3666,151,0.023132456466555595,0,1
15356,767,3666,17,0.03797433525323868,0,1
15357,767,3666,3399,0.6790769100189209,0,1
15358,767,3666,593,0.42641693353652954,0,1
15359,767,3666,1088,0.38580015301704407,0,1
15360,768,3334,3334,0.9757534265518188,1,1
15361,768,3334,3316,0.9657270312309265,0,1
15362,768,3334,1364,0.5304973125457764,0,1
15363,768,3334,2146,0.030276082456111908,0,1
15364,768,3334,1013,0.47093379497528076,0,1
15365,768,3334,508,0.39988353848457336,0,1
15366,768,3334,961,0.05096002668142319,0,1
15367,768,3334,3883,0.14614692330360413,0,1
15368,768,3334,3719,0.6320042610168457,0,1
15369,768,3334,664,0.41459378600120544,0,1
15370,768,3334,4128,0.6479216814041138,0,1
15371,768,3334,3016,0.6452615857124329,0,1
15372,768,3334,3543,0.49633997678756714,0,1
15373,768,3334,1702,0.07426129281520844,0,1
15374,768,3334,3739,0.25419968366622925,0,1
15375,768,3334,1660,0.0002620248997118324,0,1
15376,768,3334,576,0.17077244818210602,0,1
15377,768,3334,3265,0.11904814094305038,0,1
15378,768,3334,757,0.4284493327140808,0,1
15379,768,3334,2412,0.5175746083259583,0,1
15380,769,3802,3802,0.7315857410430908,1,2
15381,769,3802,2619,0.09139127284288406,0,2
15382,769,3802,728,0.058062080293893814,0,2
15383,769,3802,1639,0.1725117564201355,0,2
15384,769,3802,127,0.36363014578819275,0,2
15385,769,3802,3405,0.005203477572649717,0,2
15386,769,3802,277,0.48436784744262695,0,2
15387,769,3802,2613,0.4651186168193817,0,2
15388,769,3802,2148,0.05459373816847801,0,2
15389,769,3802,2336,0.310937762260437,0,2
15390,769,3802,3901,0.024909891188144684,0,2
15391,769,3802,1535,0.026375634595751762,0,2
15392,769,3802,1205,0.39774101972579956,0,2
15393,769,3802,1263,0.07286057621240616,0,2
15394,769,3802,3609,0.3162699043750763,0,2
15395,769,3802,3566,0.10257155448198318,0,2
15396,769,3802,3548,0.8440441489219666,0,2
15397,769,3802,4000,0.6277711987495422,0,2
15398,769,3802,985,0.5693663954734802,0,2
15399,769,3802,3923,0.3609546720981598,0,2
15400,770,3668,3668,0.5584552884101868,1,3
15401,770,3668,3962,0.6914439797401428,0,3
15402,770,3668,3977,0.5623971223831177,0,3
15403,770,3668,4080,0.34949153661727905,0,3
15404,770,3668,2598,0.3801218569278717,0,3
15405,770,3668,4120,0.4064141809940338,0,3
15406,770,3668,854,0.5016807913780212,0,3
15407,770,3668,411,0.4992346465587616,0,3
15408,770,3668,3636,0.26697981357574463,0,3
15409,770,3668,3698,0.5411642789840698,0,3
15410,770,3668,1827,0.5158308148384094,0,3
15411,770,3668,1463,0.42361778020858765,0,3
15412,770,3668,3998,0.4123080372810364,0,3
15413,770,3668,4146,0.3653700649738312,0,3
15414,770,3668,1437,0.4934220016002655,0,3
15415,770,3668,592,0.4713776409626007,0,3
15416,770,3668,4164,0.3623221814632416,0,3
15417,770,3668,3273,0.24849830567836761,0,3
15418,770,3668,3887,0.4714566767215729,0,3
15419,770,3668,1375,0.5396468043327332,0,3
15420,771,1791,1791,0.5116094350814819,1,3
15421,771,1791,160,0.47698092460632324,0,3
15422,771,1791,2256,0.20093898475170135,0,3
15423,771,1791,1108,0.3393402695655823,0,3
15424,771,1791,1975,0.5012519955635071,0,3
15425,771,1791,1023,0.5513295531272888,0,3
15426,771,1791,3240,0.26059862971305847,0,3
15427,771,1791,3015,0.1808975487947464,0,3
15428,771,1791,1093,0.6514952182769775,0,3
15429,771,1791,2528,0.2035340517759323,0,3
15430,771,1791,3280,0.2859489917755127,0,3
15431,771,1791,551,0.31765782833099365,0,3
15432,771,1791,2188,0.36268720030784607,0,3
15433,771,1791,2420,0.19731135666370392,0,3
15434,771,1791,3940,0.21406814455986023,0,3
15435,771,1791,195,0.2733975052833557,0,3
15436,771,1791,3851,0.4949103593826294,0,3
15437,771,1791,957,0.49808332324028015,0,3
15438,771,1791,1344,0.43475887179374695,0,3
15439,771,1791,97,0.3682543933391571,0,3
15440,772,2028,2028,0.6536188125610352,1,3
15441,772,2028,2959,0.29698020219802856,0,3
15442,772,2028,2039,0.39135921001434326,0,3
15443,772,2028,3685,0.22986145317554474,0,3
15444,772,2028,25,0.10818110406398773,0,3
15445,772,2028,1888,0.013297603465616703,0,3
15446,772,2028,2239,0.24114727973937988,0,3
15447,772,2028,698,0.3215199410915375,0,3
15448,772,2028,1562,0.4545644521713257,0,3
15449,772,2028,170,0.7645043134689331,0,3
15450,772,2028,2236,0.40163177251815796,0,3
15451,772,2028,88,0.7595131397247314,0,3
15452,772,2028,1211,0.40490710735321045,0,3
15453,772,2028,816,0.3671739101409912,0,3
15454,772,2028,3679,0.14582392573356628,0,3
15455,772,2028,3340,0.030301067978143692,0,3
15456,772,2028,4178,0.17246712744235992,0,3
15457,772,2028,225,0.46981799602508545,0,3
15458,772,2028,3113,0.36912912130355835,0,3
15459,772,2028,538,0.020305072888731956,0,3
15460,773,2509,2509,0.6694208383560181,1,2
15461,773,2509,3751,0.3935643434524536,0,2
15462,773,2509,2637,0.4754485487937927,0,2
15463,773,2509,897,0.7920385003089905,0,2
15464,773,2509,1191,0.4132344424724579,0,2
15465,773,2509,2451,0.043136902153491974,0,2
15466,773,2509,1879,0.623862087726593,0,2
15467,773,2509,4121,0.48191818594932556,0,2
15468,773,2509,377,0.27137336134910583,0,2
15469,773,2509,230,0.21554048359394073,0,2
15470,773,2509,2001,0.1851765513420105,0,2
15471,773,2509,1241,0.3818682134151459,0,2
15472,773,2509,2208,0.22492170333862305,0,2
15473,773,2509,2183,0.4092733860015869,0,2
15474,773,2509,989,0.08795224130153656,0,2
15475,773,2509,2998,0.35774892568588257,0,2
15476,773,2509,930,0.06855447590351105,0,2
15477,773,2509,4109,0.2793220579624176,0,2
15478,773,2509,2702,0.10904094576835632,0,2
15479,773,2509,1771,0.042410217225551605,0,2
15480,774,2857,2857,0.6740977168083191,1,1
15481,774,2857,3233,0.11603835970163345,0,1
15482,774,2857,1548,0.03408791124820709,0,1
15483,774,2857,4054,0.024272911250591278,0,1
15484,774,2857,1908,0.188370943069458,0,1
15485,774,2857,851,0.013726980425417423,0,1
15486,774,2857,944,0.022273285314440727,0,1
15487,774,2857,3746,0.016428925096988678,0,1
15488,774,2857,527,0.0070642330683767796,0,1
15489,774,2857,1593,0.24080337584018707,0,1
15490,774,2857,3311,0.1723451465368271,0,1
15491,774,2857,2994,0.056539155542850494,0,1
15492,774,2857,3980,0.00706818513572216,0,1
15493,774,2857,2140,0.06571512669324875,0,1
15494,774,2857,2529,0.34228724241256714,0,1
15495,774,2857,2513,0.17759253084659576,0,1
15496,774,2857,3483,0.0041969455778598785,0,1
15497,774,2857,2899,0.02445506677031517,0,1
15498,774,2857,3890,0.2157406359910965,0,1
15499,774,2857,535,0.3429688513278961,0,1
15500,775,3202,3202,0.6454771161079407,1,2
15501,775,3202,2960,0.11697862297296524,0,2
15502,775,3202,2619,0.4534567892551422,0,2
15503,775,3202,3116,0.3363243639469147,0,2
15504,775,3202,294,0.11480378359556198,0,2
15505,775,3202,3951,0.716796338558197,0,2
15506,775,3202,2123,0.4718319773674011,0,2
15507,775,3202,431,0.15131992101669312,0,2
15508,775,3202,2748,0.1726396083831787,0,2
15509,775,3202,2645,0.33465179800987244,0,2
15510,775,3202,4127,0.5889873504638672,0,2
15511,775,3202,2700,0.2371600717306137,0,2
15512,775,3202,1590,0.2628691494464874,0,2
15513,775,3202,3267,0.11810068041086197,0,2
15514,775,3202,1981,0.6198751330375671,0,2
15515,775,3202,149,0.5614298582077026,0,2
15516,775,3202,258,0.3455994725227356,0,2
15517,775,3202,3467,0.2778628468513489,0,2
15518,775,3202,2066,0.050943564623594284,0,2
15519,775,3202,3455,0.43505433201789856,0,2
15520,776,4140,4140,0.5866500735282898,1,2
15521,776,4140,1645,0.15964199602603912,0,2
15522,776,4140,2316,0.3922741711139679,0,2
15523,776,4140,1336,0.7109209299087524,0,2
15524,776,4140,302,0.3555121123790741,0,2
15525,776,4140,2470,0.04132741689682007,0,2
15526,776,4140,1151,0.42835426330566406,0,2
15527,776,4140,1805,0.41867637634277344,0,2
15528,776,4140,1356,0.2378944605588913,0,2
15529,776,4140,3990,0.45528051257133484,0,2
15530,776,4140,642,0.0800788551568985,0,2
15531,776,4140,3131,0.5745497345924377,0,2
15532,776,4140,3073,0.36312422156333923,0,2
15533,776,4140,1256,0.2565383017063141,0,2
15534,776,4140,1806,0.21200932562351227,0,2
15535,776,4140,2857,0.3779221475124359,0,2
15536,776,4140,484,0.3629680573940277,0,2
15537,776,4140,467,0.5846770405769348,0,2
15538,776,4140,1437,0.2633834183216095,0,2
15539,776,4140,1428,0.35488447546958923,0,2
15540,777,3427,3427,0.6161364912986755,1,1
15541,777,3427,2063,0.3788260817527771,0,1
15542,777,3427,3325,0.59810870885849,0,1
15543,777,3427,3042,0.08116194605827332,0,1
15544,777,3427,2755,0.4301255941390991,0,1
15545,777,3427,3041,0.13963182270526886,0,1
15546,777,3427,2097,0.5272791981697083,0,1
15547,777,3427,3894,0.2702263295650482,0,1
15548,777,3427,208,0.3938354551792145,0,1
15549,777,3427,2112,0.16694775223731995,0,1
15550,777,3427,2399,0.46995002031326294,0,1
15551,777,3427,912,0.1075100228190422,0,1
15552,777,3427,1881,0.19452989101409912,0,1
15553,777,3427,2053,0.16395898163318634,0,1
15554,777,3427,1748,0.1243143081665039,0,1
15555,777,3427,3144,0.11686446517705917,0,1
15556,777,3427,2248,0.1536516547203064,0,1
15557,777,3427,3563,0.5161810517311096,0,1
15558,777,3427,1680,0.35896050930023193,0,1
15559,777,3427,90,0.34642165899276733,0,1
15560,778,259,259,0.8761356472969055,1,1
15561,778,259,1097,0.026072995737195015,0,1
15562,778,259,656,0.20232093334197998,0,1
15563,778,259,1798,0.05204536020755768,0,1
15564,778,259,3151,0.28850117325782776,0,1
15565,778,259,2036,0.10353626310825348,0,1
15566,778,259,2281,0.048129092901945114,0,1
15567,778,259,1717,0.0005355357425287366,0,1
15568,778,259,1337,0.017276706174016,0,1
15569,778,259,3576,0.03472417965531349,0,1
15570,778,259,1895,0.13252288103103638,0,1
15571,778,259,733,0.0022764629684388638,0,1
15572,778,259,1367,0.02051396854221821,0,1
15573,778,259,2474,0.0019667325541377068,0,1
15574,778,259,3670,8.362536027561873e-05,0,1
15575,778,259,3725,0.16687840223312378,0,1
15576,778,259,611,0.19508127868175507,0,1
15577,778,259,1274,6.942563777556643e-05,0,1
15578,778,259,3882,0.08497512340545654,0,1
15579,778,259,3406,0.1323566734790802,0,1
15580,779,3681,3681,0.9294905662536621,1,1
15581,779,3681,494,0.1149221882224083,0,1
15582,779,3681,1555,0.5392464399337769,0,1
15583,779,3681,973,0.35612866282463074,0,1
15584,779,3681,279,0.918009877204895,0,1
15585,779,3681,730,0.30376800894737244,0,1
15586,779,3681,2593,0.028371278196573257,0,1
15587,779,3681,1210,0.19280168414115906,0,1
15588,779,3681,2645,0.24747970700263977,0,1
15589,779,3681,1503,0.02914491854608059,0,1
15590,779,3681,1828,0.3104378879070282,0,1
15591,779,3681,337,0.3165079653263092,0,1
15592,779,3681,3903,0.5052509903907776,0,1
15593,779,3681,1873,0.48269811272621155,0,1
15594,779,3681,2940,0.4484100639820099,0,1
15595,779,3681,1866,0.08246242254972458,0,1
15596,779,3681,1397,0.324654757976532,0,1
15597,779,3681,1374,0.09978979825973511,0,1
15598,779,3681,120,0.06156601011753082,0,1
15599,779,3681,4134,0.0366237536072731,0,1
15600,780,1110,1110,0.6638736128807068,1,1
15601,780,1110,3180,0.26381611824035645,0,1
15602,780,1110,200,0.2475249320268631,0,1
15603,780,1110,3590,0.08038381487131119,0,1
15604,780,1110,2335,0.386080801486969,0,1
15605,780,1110,3072,0.5403203368186951,0,1
15606,780,1110,1914,0.04000834748148918,0,1
15607,780,1110,326,0.31034228205680847,0,1
15608,780,1110,798,0.2443131059408188,0,1
15609,780,1110,2727,0.4098990559577942,0,1
15610,780,1110,1359,0.06305922567844391,0,1
15611,780,1110,1244,0.11687090992927551,0,1
15612,780,1110,1054,0.338614821434021,0,1
15613,780,1110,491,0.3067382276058197,0,1
15614,780,1110,3286,0.41590604186058044,0,1
15615,780,1110,2533,0.6575949788093567,0,1
15616,780,1110,260,0.19806568324565887,0,1
15617,780,1110,2856,0.2455417513847351,0,1
15618,780,1110,926,0.12496192753314972,0,1
15619,780,1110,3207,0.05123052000999451,0,1
15620,781,1908,1908,0.5359908938407898,1,2
15621,781,1908,2619,0.13113433122634888,0,2
15622,781,1908,2971,0.12870711088180542,0,2
15623,781,1908,2924,0.1429874449968338,0,2
15624,781,1908,3034,0.25284048914909363,0,2
15625,781,1908,2865,0.10501547157764435,0,2
15626,781,1908,3582,0.3293067514896393,0,2
15627,781,1908,3371,0.07754367589950562,0,2
15628,781,1908,1488,0.28271356225013733,0,2
15629,781,1908,3140,0.2823058068752289,0,2
15630,781,1908,2252,0.3836374878883362,0,2
15631,781,1908,2417,0.027558952569961548,0,2
15632,781,1908,2805,0.09648489952087402,0,2
15633,781,1908,2249,0.1377221941947937,0,2
15634,781,1908,2448,0.16865737736225128,0,2
15635,781,1908,950,0.30858880281448364,0,2
15636,781,1908,3594,0.34646689891815186,0,2
15637,781,1908,3212,0.06317272782325745,0,2
15638,781,1908,2891,0.19364704191684723,0,2
15639,781,1908,803,0.5504891276359558,0,2
15640,782,1160,1160,0.6636775135993958,1,2
15641,782,1160,162,0.7104671001434326,0,2
15642,782,1160,2214,0.4988243877887726,0,2
15643,782,1160,1886,0.38160404562950134,0,2
15644,782,1160,1326,0.06042797863483429,0,2
15645,782,1160,1901,0.17048683762550354,0,2
15646,782,1160,262,0.19885404407978058,0,2
15647,782,1160,1793,0.4475555121898651,0,2
15648,782,1160,254,0.496306836605072,0,2
15649,782,1160,42,0.5304783582687378,0,2
15650,782,1160,307,0.4696608781814575,0,2
15651,782,1160,3955,0.37561631202697754,0,2
15652,782,1160,2324,0.40580371022224426,0,2
15653,782,1160,308,0.5874465107917786,0,2
15654,782,1160,1975,0.4397145211696625,0,2
15655,782,1160,519,0.5680500268936157,0,2
15656,782,1160,2431,0.39852815866470337,0,2
15657,782,1160,1325,0.320154070854187,0,2
15658,782,1160,4157,0.33746787905693054,0,2
15659,782,1160,391,0.37689971923828125,0,2
15660,783,2378,2378,0.5909822583198547,1,3
15661,783,2378,2452,0.24298277497291565,0,3
15662,783,2378,3514,0.0820978581905365,0,3
15663,783,2378,3902,0.4455488324165344,0,3
15664,783,2378,4142,0.4744625389575958,0,3
15665,783,2378,368,0.464645117521286,0,3
15666,783,2378,15,0.6226609349250793,0,3
15667,783,2378,3383,0.4507388174533844,0,3
15668,783,2378,2056,0.6265384554862976,0,3
15669,783,2378,3564,0.21855314075946808,0,3
15670,783,2378,1445,0.42838820815086365,0,3
15671,783,2378,3674,0.28093525767326355,0,3
15672,783,2378,3679,0.44804075360298157,0,3
15673,783,2378,3038,0.5088290572166443,0,3
15674,783,2378,2081,0.35745561122894287,0,3
15675,783,2378,3981,0.5356411337852478,0,3
15676,783,2378,2835,0.09376175701618195,0,3
15677,783,2378,99,0.25855541229248047,0,3
15678,783,2378,1559,0.5184563994407654,0,3
15679,783,2378,4157,0.43249914050102234,0,3
15680,784,46,46,0.9964928030967712,1,1
15681,784,46,507,0.5591250061988831,0,1
15682,784,46,1008,6.033050158293918e-05,0,1
15683,784,46,1616,5.1493454520823434e-05,0,1
15684,784,46,3364,0.00356396846473217,0,1
15685,784,46,2973,0.006141240242868662,0,1
15686,784,46,3238,0.3173842132091522,0,1
15687,784,46,365,0.07668545842170715,0,1
15688,784,46,2518,0.06641801446676254,0,1
15689,784,46,260,0.0005254598800092936,0,1
15690,784,46,205,0.16286052763462067,0,1
15691,784,46,4013,0.07178603857755661,0,1
15692,784,46,1311,0.00045637247967533767,0,1
15693,784,46,2193,0.022578539326786995,0,1
15694,784,46,2793,0.01118936762213707,0,1
15695,784,46,2922,0.7924639582633972,0,1
15696,784,46,3334,0.0036712007131427526,0,1
15697,784,46,965,0.5456384420394897,0,1
15698,784,46,785,0.016664491966366768,0,1
15699,784,46,589,0.1929076761007309,0,1
15700,785,2828,2828,0.9589470624923706,1,1
15701,785,2828,1384,0.5410059094429016,0,1
15702,785,2828,177,0.9375266432762146,0,1
15703,785,2828,2046,0.4343388080596924,0,1
15704,785,2828,1552,0.06726851314306259,0,1
15705,785,2828,3208,0.06553362309932709,0,1
15706,785,2828,3937,0.7631651759147644,0,1
15707,785,2828,2837,0.9316225647926331,0,1
15708,785,2828,2036,0.12956009805202484,0,1
15709,785,2828,2906,0.4310277998447418,0,1
15710,785,2828,327,0.7946048974990845,0,1
15711,785,2828,3852,0.2554428279399872,0,1
15712,785,2828,48,0.5871132612228394,0,1
15713,785,2828,1602,0.646436870098114,0,1
15714,785,2828,2112,0.7918862700462341,0,1
15715,785,2828,2420,0.6863105893135071,0,1
15716,785,2828,261,0.6003355979919434,0,1
15717,785,2828,2317,0.6875454187393188,0,1
15718,785,2828,3576,0.3898420035839081,0,1
15719,785,2828,1912,0.07441087812185287,0,1
15720,786,1054,1054,0.5667060017585754,1,1
15721,786,1054,3759,0.09647326171398163,0,1
15722,786,1054,1705,0.32391753792762756,0,1
15723,786,1054,3964,0.023972220718860626,0,1
15724,786,1054,1508,0.00737478444352746,0,1
15725,786,1054,758,0.1667586863040924,0,1
15726,786,1054,451,0.16950573027133942,0,1
15727,786,1054,759,0.005213558208197355,0,1
15728,786,1054,1039,0.4842524230480194,0,1
15729,786,1054,142,0.03210488334298134,0,1
15730,786,1054,489,0.02336849644780159,0,1
15731,786,1054,563,0.20150303840637207,0,1
15732,786,1054,4159,0.19330811500549316,0,1
15733,786,1054,3165,0.12204521894454956,0,1
15734,786,1054,2688,0.0673263669013977,0,1
15735,786,1054,1034,0.11675342172384262,0,1
15736,786,1054,959,0.008978221565485,0,1
15737,786,1054,3423,0.04167468845844269,0,1
15738,786,1054,958,0.008777930401265621,0,1
15739,786,1054,2725,0.2651863396167755,0,1
15740,787,2940,2940,0.5716937184333801,1,1
15741,787,2940,1069,0.3796955645084381,0,1
15742,787,2940,818,0.02154802717268467,0,1
15743,787,2940,4059,0.4264202415943146,0,1
15744,787,2940,3379,0.31323444843292236,0,1
15745,787,2940,3050,0.3166063129901886,0,1
15746,787,2940,23,0.2565405070781708,0,1
15747,787,2940,2963,0.4075772762298584,0,1
15748,787,2940,1446,0.14935550093650818,0,1
15749,787,2940,1963,0.005545723717659712,0,1
15750,787,2940,2104,0.2640222907066345,0,1
15751,787,2940,3189,0.27826446294784546,0,1
15752,787,2940,1447,0.09007862955331802,0,1
15753,787,2940,3424,0.04113124683499336,0,1
15754,787,2940,2510,0.41141262650489807,0,1
15755,787,2940,1810,0.3026098310947418,0,1
15756,787,2940,708,0.3705728054046631,0,1
15757,787,2940,3285,0.03652001544833183,0,1
15758,787,2940,2110,0.04930727183818817,0,1
15759,787,2940,3504,0.22979657351970673,0,1
15760,788,2725,2725,0.6470696330070496,1,3
15761,788,2725,2804,0.7097334265708923,0,3
15762,788,2725,664,0.5978294610977173,0,3
15763,788,2725,1331,0.5269272923469543,0,3
15764,788,2725,3188,0.5226258039474487,0,3
15765,788,2725,2254,0.5843653082847595,0,3
15766,788,2725,2410,0.06858867406845093,0,3
15767,788,2725,195,0.12779878079891205,0,3
15768,788,2725,3281,0.5670111179351807,0,3
15769,788,2725,2859,0.26152122020721436,0,3
15770,788,2725,3383,0.5006720423698425,0,3
15771,788,2725,1217,0.4989018738269806,0,3
15772,788,2725,1882,0.5106870532035828,0,3
15773,788,2725,35,0.5911684632301331,0,3
15774,788,2725,368,0.537996768951416,0,3
15775,788,2725,3097,0.14847634732723236,0,3
15776,788,2725,4117,0.5342767238616943,0,3
15777,788,2725,583,0.5991239547729492,0,3
15778,788,2725,3322,0.11801797151565552,0,3
15779,788,2725,644,0.7688420414924622,0,3
15780,789,1618,1618,0.7091864943504333,1,3
15781,789,1618,3156,0.3195330500602722,0,3
15782,789,1618,2407,0.3596203923225403,0,3
15783,789,1618,2195,0.7574098706245422,0,3
15784,789,1618,1776,0.3883204162120819,0,3
15785,789,1618,2374,0.8938140273094177,0,3
15786,789,1618,508,0.4508587718009949,0,3
15787,789,1618,500,0.15759426355361938,0,3
15788,789,1618,1829,0.01738656871020794,0,3
15789,789,1618,2422,0.41547688841819763,0,3
15790,789,1618,1939,0.3404000699520111,0,3
15791,789,1618,2145,0.37200650572776794,0,3
15792,789,1618,3944,0.004372469149529934,0,3
15793,789,1618,1297,0.07636337727308273,0,3
15794,789,1618,689,0.47106024622917175,0,3
15795,789,1618,2819,0.504834771156311,0,3
15796,789,1618,3403,0.6693254113197327,0,3
15797,789,1618,403,0.34294143319129944,0,3
15798,789,1618,2954,0.2942613661289215,0,3
15799,789,1618,3123,0.4334341287612915,0,3
15800,790,4121,4121,0.6651644110679626,1,3
15801,790,4121,1753,0.30140799283981323,0,3
15802,790,4121,3740,0.959428071975708,0,3
15803,790,4121,2300,0.6551098227500916,0,3
15804,790,4121,3179,0.6110151410102844,0,3
15805,790,4121,2572,0.31207436323165894,0,3
15806,790,4121,2446,0.5908387303352356,0,3
15807,790,4121,367,0.365165650844574,0,3
15808,790,4121,4078,0.11851838231086731,0,3
15809,790,4121,1912,0.49056071043014526,0,3
15810,790,4121,1689,0.21620118618011475,0,3
15811,790,4121,2213,0.2162499725818634,0,3
15812,790,4121,3536,0.6361966729164124,0,3
15813,790,4121,4064,0.37975314259529114,0,3
15814,790,4121,3222,0.3373930752277374,0,3
15815,790,4121,1989,0.6911052465438843,0,3
15816,790,4121,3564,0.16250216960906982,0,3
15817,790,4121,1973,0.48206019401550293,0,3
15818,790,4121,1367,0.16650715470314026,0,3
15819,790,4121,60,0.3668968081474304,0,3
15820,791,2886,2886,0.5164201855659485,1,2
15821,791,2886,2741,0.43699297308921814,0,2
15822,791,2886,2653,0.048723381012678146,0,2
15823,791,2886,370,0.38972052931785583,0,2
15824,791,2886,2065,0.3775484263896942,0,2
15825,791,2886,888,0.3942968547344208,0,2
15826,791,2886,3660,0.4683641493320465,0,2
15827,791,2886,1216,0.3469669222831726,0,2
15828,791,2886,1069,0.4024967551231384,0,2
15829,791,2886,2620,0.3970929682254791,0,2
15830,791,2886,3874,0.4327062666416168,0,2
15831,791,2886,1703,0.1557268649339676,0,2
15832,791,2886,1764,0.4437475800514221,0,2
15833,791,2886,1157,0.26961594820022583,0,2
15834,791,2886,570,0.4997609853744507,0,2
15835,791,2886,2969,0.5464815497398376,0,2
15836,791,2886,145,0.3938863277435303,0,2
15837,791,2886,3748,0.368760347366333,0,2
15838,791,2886,2891,0.2485802173614502,0,2
15839,791,2886,3780,0.2466805875301361,0,2
15840,792,1348,1348,0.5407218933105469,1,1
15841,792,1348,226,0.14855130016803741,0,1
15842,792,1348,3551,0.40205276012420654,0,1
15843,792,1348,530,0.4001734256744385,0,1
15844,792,1348,3391,0.21040381491184235,0,1
15845,792,1348,145,0.42290881276130676,0,1
15846,792,1348,2780,0.14261750876903534,0,1
15847,792,1348,3500,0.1462947130203247,0,1
15848,792,1348,2886,0.3886825442314148,0,1
15849,792,1348,1610,0.4144825041294098,0,1
15850,792,1348,3292,0.45812031626701355,0,1
15851,792,1348,3355,0.5105653405189514,0,1
15852,792,1348,3958,0.34326794743537903,0,1
15853,792,1348,169,0.21904057264328003,0,1
15854,792,1348,1862,0.0637652575969696,0,1
15855,792,1348,818,0.12261579930782318,0,1
15856,792,1348,2798,0.3524673879146576,0,1
15857,792,1348,3341,0.2678332030773163,0,1
15858,792,1348,2824,0.5172436237335205,0,1
15859,792,1348,1187,0.4838933050632477,0,1
15860,793,1179,1179,0.6904775500297546,1,3
15861,793,1179,3715,0.17637516558170319,0,3
15862,793,1179,978,0.22964845597743988,0,3
15863,793,1179,4052,0.039193104952573776,0,3
15864,793,1179,2367,0.202767476439476,0,3
15865,793,1179,749,0.2325906753540039,0,3
15866,793,1179,2307,0.0974009782075882,0,3
15867,793,1179,1052,0.6996268033981323,0,3
15868,793,1179,40,0.20191770792007446,0,3
15869,793,1179,2102,0.633982241153717,0,3
15870,793,1179,2390,0.6058481931686401,0,3
15871,793,1179,2705,0.5909644365310669,0,3
15872,793,1179,3270,0.09316319972276688,0,3
15873,793,1179,3828,0.28084033727645874,0,3
15874,793,1179,1171,0.0733606219291687,0,3
15875,793,1179,3604,0.04193491116166115,0,3
15876,793,1179,246,0.48200318217277527,0,3
15877,793,1179,2837,0.6998161673545837,0,3
15878,793,1179,2644,0.2851046919822693,0,3
15879,793,1179,1289,0.5308898091316223,0,3
15880,794,2800,2800,0.7089838981628418,1,3
15881,794,2800,3341,0.10004588216543198,0,3
15882,794,2800,1193,0.8938000798225403,0,3
15883,794,2800,102,0.5263392329216003,0,3
15884,794,2800,3149,0.025531280785799026,0,3
15885,794,2800,878,0.7204535007476807,0,3
15886,794,2800,2354,0.31752023100852966,0,3
15887,794,2800,3234,0.05971555411815643,0,3
15888,794,2800,3343,0.25060799717903137,0,3
15889,794,2800,3413,0.0038004645612090826,0,3
15890,794,2800,916,0.10537660121917725,0,3
15891,794,2800,3489,0.011645626276731491,0,3
15892,794,2800,2535,0.212624654173851,0,3
15893,794,2800,1412,0.3928491175174713,0,3
15894,794,2800,860,0.15363150835037231,0,3
15895,794,2800,2814,0.41489705443382263,0,3
15896,794,2800,1442,0.252078115940094,0,3
15897,794,2800,2077,0.04304693639278412,0,3
15898,794,2800,4123,0.26070988178253174,0,3
15899,794,2800,3631,0.03532556816935539,0,3
15900,795,2818,2818,0.7998841404914856,1,1
15901,795,2818,2403,0.4230189621448517,0,1
15902,795,2818,1062,0.4701157510280609,0,1
15903,795,2818,181,0.10263480991125107,0,1
15904,795,2818,3385,0.358808308839798,0,1
15905,795,2818,2288,0.09726648032665253,0,1
15906,795,2818,602,0.43360015749931335,0,1
15907,795,2818,2832,0.25927722454071045,0,1
15908,795,2818,1101,0.5178701281547546,0,1
15909,795,2818,4066,0.3142954707145691,0,1
15910,795,2818,1595,0.35417038202285767,0,1
15911,795,2818,3346,0.28430768847465515,0,1
15912,795,2818,4163,0.45975202322006226,0,1
15913,795,2818,4044,0.3355337381362915,0,1
15914,795,2818,63,0.16081033647060394,0,1
15915,795,2818,2460,0.596026599407196,0,1
15916,795,2818,2621,0.026482990011572838,0,1
15917,795,2818,213,0.2585018277168274,0,1
15918,795,2818,731,0.26281869411468506,0,1
15919,795,2818,785,0.2924047112464905,0,1
15920,796,596,596,0.5607332587242126,1,5
15921,796,596,1198,0.5114102959632874,0,5
15922,796,596,1845,0.5081912875175476,0,5
15923,796,596,534,0.44391244649887085,0,5
15924,796,596,3760,0.5075545310974121,0,5
15925,796,596,2222,0.2376527041196823,0,5
15926,796,596,3569,0.22364330291748047,0,5
15927,796,596,1477,0.6149126291275024,0,5
15928,796,596,1353,0.1932220160961151,0,5
15929,796,596,2485,0.2834569215774536,0,5
15930,796,596,876,0.4875544309616089,0,5
15931,796,596,2238,0.4600505530834198,0,5
15932,796,596,4040,0.48100510239601135,0,5
15933,796,596,3823,0.3039236068725586,0,5
15934,796,596,44,0.5758540034294128,0,5
15935,796,596,749,0.3436368405818939,0,5
15936,796,596,94,0.5609399676322937,0,5
15937,796,596,3877,0.6749750971794128,0,5
15938,796,596,3714,0.26312917470932007,0,5
15939,796,596,2163,0.44482359290122986,0,5
15940,797,2521,2521,0.947675347328186,1,1
15941,797,2521,904,0.0596868135035038,0,1
15942,797,2521,946,0.3559369444847107,0,1
15943,797,2521,3815,0.6986390352249146,0,1
15944,797,2521,71,0.06573192775249481,0,1
15945,797,2521,2351,0.07003872841596603,0,1
15946,797,2521,3131,0.9342638850212097,0,1
15947,797,2521,3264,0.252964586019516,0,1
15948,797,2521,2676,0.6046550869941711,0,1
15949,797,2521,3211,0.38019001483917236,0,1
15950,797,2521,3276,0.3831111490726471,0,1
15951,797,2521,2496,0.35908693075180054,0,1
15952,797,2521,3816,0.21677307784557343,0,1
15953,797,2521,1069,0.6419109106063843,0,1
15954,797,2521,3260,0.11273917555809021,0,1
15955,797,2521,3408,0.3965436518192291,0,1
15956,797,2521,648,0.3230239450931549,0,1
15957,797,2521,2903,0.4609121084213257,0,1
15958,797,2521,2760,0.4613305628299713,0,1
15959,797,2521,2061,0.804447591304779,0,1
15960,798,1080,1080,0.538499653339386,1,2
15961,798,1080,583,0.3907826840877533,0,2
15962,798,1080,479,0.5082593560218811,0,2
15963,798,1080,3565,0.3743131756782532,0,2
15964,798,1080,3225,0.4492656886577606,0,2
15965,798,1080,117,0.8054146766662598,0,2
15966,798,1080,499,0.14246495068073273,0,2
15967,798,1080,2214,0.44457805156707764,0,2
15968,798,1080,2483,0.24467094242572784,0,2
15969,798,1080,1233,0.30221185088157654,0,2
15970,798,1080,545,0.4437074065208435,0,2
15971,798,1080,670,0.33024683594703674,0,2
15972,798,1080,2902,0.38672977685928345,0,2
15973,798,1080,3876,0.42827436327934265,0,2
15974,798,1080,4119,0.1696917563676834,0,2
15975,798,1080,2457,0.4519990086555481,0,2
15976,798,1080,724,0.33215370774269104,0,2
15977,798,1080,698,0.2456587553024292,0,2
15978,798,1080,2431,0.4520782232284546,0,2
15979,798,1080,2451,0.21631045639514923,0,2
15980,799,982,982,0.9623994827270508,1,1
15981,799,982,1040,0.01130724884569645,0,1
15982,799,982,377,0.0001794978597899899,0,1
15983,799,982,3090,3.3479667763458565e-05,0,1
15984,799,982,1607,0.059713393449783325,0,1
15985,799,982,3231,0.0011397255584597588,0,1
15986,799,982,1155,0.501372218132019,0,1
15987,799,982,1672,0.00026393544976599514,0,1
15988,799,982,3062,1.4167451922730834e-07,0,1
15989,799,982,3593,0.0028289707843214273,0,1
15990,799,982,3104,0.02077900432050228,0,1
15991,799,982,3570,0.0014969619223847985,0,1
15992,799,982,2249,0.00022421148605644703,0,1
15993,799,982,1351,0.023432718589901924,0,1
15994,799,982,3521,0.0628565177321434,0,1
15995,799,982,3083,7.110085425665602e-05,0,1
15996,799,982,1283,0.0993255078792572,0,1
15997,799,982,2858,0.0008288594544865191,0,1
15998,799,982,1908,0.205653578042984,0,1
15999,799,982,2413,0.01712658256292343,0,1
16000,800,3019,3019,0.6771116256713867,1,2
16001,800,3019,3485,0.24750693142414093,0,2
16002,800,3019,3904,0.30242443084716797,0,2
16003,800,3019,902,0.10850847512483597,0,2
16004,800,3019,2722,0.04017965495586395,0,2
16005,800,3019,2683,0.37985944747924805,0,2
16006,800,3019,483,0.08221685886383057,0,2
16007,800,3019,925,0.2682945430278778,0,2
16008,800,3019,1112,0.39466392993927,0,2
16009,800,3019,926,0.24399447441101074,0,2
16010,800,3019,975,0.4390985071659088,0,2
16011,800,3019,1721,0.21727052330970764,0,2
16012,800,3019,2716,0.7255539298057556,0,2
16013,800,3019,238,0.3903217315673828,0,2
16014,800,3019,2310,0.1239800900220871,0,2
16015,800,3019,1848,0.3767276704311371,0,2
16016,800,3019,3513,0.10526133328676224,0,2
16017,800,3019,2592,0.4392467439174652,0,2
16018,800,3019,944,0.3296467661857605,0,2
16019,800,3019,3291,0.34213221073150635,0,2
16020,801,3641,3641,0.5477240681648254,1,2
16021,801,3641,2880,0.4799887537956238,0,2
16022,801,3641,3119,0.5111420154571533,0,2
16023,801,3641,1212,0.5392467975616455,0,2
16024,801,3641,2199,0.53534334897995,0,2
16025,801,3641,3494,0.12771882116794586,0,2
16026,801,3641,2479,0.6493265628814697,0,2
16027,801,3641,720,0.500102698802948,0,2
16028,801,3641,1502,0.23603206872940063,0,2
16029,801,3641,2241,0.4418785274028778,0,2
16030,801,3641,3309,0.13687141239643097,0,2
16031,801,3641,1769,0.466867595911026,0,2
16032,801,3641,2874,0.2609046399593353,0,2
16033,801,3641,1809,0.3023739159107208,0,2
16034,801,3641,387,0.4033888280391693,0,2
16035,801,3641,3479,0.3056322932243347,0,2
16036,801,3641,641,0.43102675676345825,0,2
16037,801,3641,3224,0.47470811009407043,0,2
16038,801,3641,841,0.4646693170070648,0,2
16039,801,3641,1492,0.4418029487133026,0,2
16040,802,955,955,0.619854211807251,1,2
16041,802,955,438,0.19747649133205414,0,2
16042,802,955,845,0.33730608224868774,0,2
16043,802,955,3017,0.2395237684249878,0,2
16044,802,955,2400,0.49447348713874817,0,2
16045,802,955,13,0.42542997002601624,0,2
16046,802,955,1960,0.4884784519672394,0,2
16047,802,955,2955,0.42854398488998413,0,2
16048,802,955,2690,0.40887442231178284,0,2
16049,802,955,4020,0.5944588780403137,0,2
16050,802,955,2228,0.18697671592235565,0,2
16051,802,955,1541,0.2409277856349945,0,2
16052,802,955,1401,0.35086706280708313,0,2
16053,802,955,3075,0.6946979761123657,0,2
16054,802,955,2370,0.177454873919487,0,2
16055,802,955,1452,0.16274487972259521,0,2
16056,802,955,2689,0.5121608376502991,0,2
16057,802,955,2647,0.45368871092796326,0,2
16058,802,955,3779,0.4602566361427307,0,2
16059,802,955,2936,0.513962984085083,0,2
16060,803,551,551,0.9612144827842712,1,2
16061,803,551,2751,0.16868528723716736,0,2
16062,803,551,3440,2.394170041952748e-05,0,2
16063,803,551,2052,0.00395825644955039,0,2
16064,803,551,1397,0.405013769865036,0,2
16065,803,551,1702,0.11706531047821045,0,2
16066,803,551,2658,0.00032998278038576245,0,2
16067,803,551,1016,0.004983789753168821,0,2
16068,803,551,306,0.2300853431224823,0,2
16069,803,551,105,0.3456050157546997,0,2
16070,803,551,651,0.37086188793182373,0,2
16071,803,551,3957,0.017872292548418045,0,2
16072,803,551,4051,0.004516116343438625,0,2
16073,803,551,2408,8.260327740572393e-05,0,2
16074,803,551,1612,0.0019232798367738724,0,2
16075,803,551,2534,0.00017869284783955663,0,2
16076,803,551,1501,0.000792978797107935,0,2
16077,803,551,1240,0.9617145657539368,0,2
16078,803,551,2022,2.978860948132933e-06,0,2
16079,803,551,2385,0.003417816711589694,0,2
16080,804,1088,1088,0.5805823802947998,1,1
16081,804,1088,3036,0.5573291778564453,0,1
16082,804,1088,3020,0.41782519221305847,0,1
16083,804,1088,2779,0.35501518845558167,0,1
16084,804,1088,3123,0.4462431073188782,0,1
16085,804,1088,1786,0.27624934911727905,0,1
16086,804,1088,1234,0.44264212250709534,0,1
16087,804,1088,3207,0.36650580167770386,0,1
16088,804,1088,2177,0.46782049536705017,0,1
16089,804,1088,3496,0.2516091465950012,0,1
16090,804,1088,3659,0.3867292106151581,0,1
16091,804,1088,1301,0.296072781085968,0,1
16092,804,1088,2206,0.42847272753715515,0,1
16093,804,1088,246,0.5306683778762817,0,1
16094,804,1088,2724,0.17200161516666412,0,1
16095,804,1088,2187,0.35815587639808655,0,1
16096,804,1088,1802,0.38466352224349976,0,1
16097,804,1088,3561,0.3587130606174469,0,1
16098,804,1088,805,0.12154709547758102,0,1
16099,804,1088,3187,0.48916199803352356,0,1
16100,805,20,20,0.7746480703353882,1,2
16101,805,20,820,0.23937517404556274,0,2
16102,805,20,745,0.2976503372192383,0,2
16103,805,20,1861,0.9081303477287292,0,2
16104,805,20,673,0.2101193368434906,0,2
16105,805,20,2827,0.014105793088674545,0,2
16106,805,20,1521,0.1680011749267578,0,2
16107,805,20,1397,0.12271132320165634,0,2
16108,805,20,1900,0.32336580753326416,0,2
16109,805,20,2319,0.12530916929244995,0,2
16110,805,20,702,0.031245965510606766,0,2
16111,805,20,3840,0.28286051750183105,0,2
16112,805,20,730,0.02555231563746929,0,2
16113,805,20,96,0.21273596584796906,0,2
16114,805,20,2725,0.28361013531684875,0,2
16115,805,20,2879,0.03311949223279953,0,2
16116,805,20,514,0.006279044784605503,0,2
16117,805,20,2793,0.00767910061404109,0,2
16118,805,20,1090,0.07328445464372635,0,2
16119,805,20,3013,0.07528036087751389,0,2
16120,806,1169,1169,0.5207295417785645,1,8
16121,806,1169,943,0.6683573722839355,0,8
16122,806,1169,3803,0.5852342844009399,0,8
16123,806,1169,3020,0.42870017886161804,0,8
16124,806,1169,1181,0.48284414410591125,0,8
16125,806,1169,211,0.4758414924144745,0,8
16126,806,1169,1652,0.37942367792129517,0,8
16127,806,1169,2811,0.19869370758533478,0,8
16128,806,1169,1887,0.46599680185317993,0,8
16129,806,1169,541,0.14611177146434784,0,8
16130,806,1169,555,0.2254054993391037,0,8
16131,806,1169,1407,0.6397594213485718,0,8
16132,806,1169,1486,0.4713978171348572,0,8
16133,806,1169,2328,0.5214177966117859,0,8
16134,806,1169,28,0.6239011883735657,0,8
16135,806,1169,527,0.45165279507637024,0,8
16136,806,1169,967,0.5791940689086914,0,8
16137,806,1169,3280,0.2353428602218628,0,8
16138,806,1169,4056,0.534513533115387,0,8
16139,806,1169,203,0.3833470046520233,0,8
16140,807,3557,3557,0.6557416915893555,1,2
16141,807,3557,256,0.5719994902610779,0,2
16142,807,3557,1166,0.8818148970603943,0,2
16143,807,3557,17,0.3908780813217163,0,2
16144,807,3557,4141,0.5520029067993164,0,2
16145,807,3557,384,0.6300820708274841,0,2
16146,807,3557,3438,0.34026578068733215,0,2
16147,807,3557,3964,0.40083518624305725,0,2
16148,807,3557,468,0.037572864443063736,0,2
16149,807,3557,3787,0.5042053461074829,0,2
16150,807,3557,1289,0.5588926672935486,0,2
16151,807,3557,3661,0.2971648871898651,0,2
16152,807,3557,1621,0.5278229713439941,0,2
16153,807,3557,825,0.4920603930950165,0,2
16154,807,3557,2291,0.18765215575695038,0,2
16155,807,3557,258,0.42975878715515137,0,2
16156,807,3557,3931,0.503039538860321,0,2
16157,807,3557,662,0.2933743894100189,0,2
16158,807,3557,2615,0.505549430847168,0,2
16159,807,3557,2250,0.6302603483200073,0,2
16160,808,2046,2046,0.5837392210960388,1,1
16161,808,2046,3294,0.1466759294271469,0,1
16162,808,2046,2577,0.09114103764295578,0,1
16163,808,2046,3006,0.4498443901538849,0,1
16164,808,2046,1654,0.48347580432891846,0,1
16165,808,2046,3712,0.2057054042816162,0,1
16166,808,2046,1384,0.35903266072273254,0,1
16167,808,2046,4022,0.3640710711479187,0,1
16168,808,2046,1467,0.2545875012874603,0,1
16169,808,2046,2502,0.24432961642742157,0,1
16170,808,2046,2176,0.2852308452129364,0,1
16171,808,2046,3352,0.1468532234430313,0,1
16172,808,2046,2669,0.12010549753904343,0,1
16173,808,2046,3376,0.4103022515773773,0,1
16174,808,2046,2329,0.10414023697376251,0,1
16175,808,2046,3806,0.17741671204566956,0,1
16176,808,2046,3029,0.4450274109840393,0,1
16177,808,2046,3729,0.06786923855543137,0,1
16178,808,2046,1568,0.10229113698005676,0,1
16179,808,2046,3403,0.27480030059814453,0,1
16180,809,3478,3478,0.9078033566474915,1,2
16181,809,3478,2479,0.5733667612075806,0,2
16182,809,3478,2856,0.42823612689971924,0,2
16183,809,3478,938,0.35104742646217346,0,2
16184,809,3478,863,0.02391105517745018,0,2
16185,809,3478,844,0.24456669390201569,0,2
16186,809,3478,1440,0.06414610892534256,0,2
16187,809,3478,3745,0.27951639890670776,0,2
16188,809,3478,2389,0.04128449037671089,0,2
16189,809,3478,2130,0.27764424681663513,0,2
16190,809,3478,1229,0.07677935063838959,0,2
16191,809,3478,3563,0.8145769834518433,0,2
16192,809,3478,3560,0.8654312491416931,0,2
16193,809,3478,705,0.9244071245193481,0,2
16194,809,3478,1867,0.004799922928214073,0,2
16195,809,3478,3632,0.3189964294433594,0,2
16196,809,3478,2650,0.5310052633285522,0,2
16197,809,3478,3597,0.3396611213684082,0,2
16198,809,3478,396,0.027396200224757195,0,2
16199,809,3478,2726,0.6608227491378784,0,2
16200,810,4151,4151,0.7399914264678955,1,4
16201,810,4151,765,0.8221810460090637,0,4
16202,810,4151,2582,0.21002446115016937,0,4
16203,810,4151,3620,0.7478484511375427,0,4
16204,810,4151,680,0.09896541386842728,0,4
16205,810,4151,3702,0.7312847971916199,0,4
16206,810,4151,1890,0.18431977927684784,0,4
16207,810,4151,2685,0.602025032043457,0,4
16208,810,4151,2133,0.44818347692489624,0,4
16209,810,4151,846,0.1796792596578598,0,4
16210,810,4151,3847,0.4902975559234619,0,4
16211,810,4151,3811,0.6494742631912231,0,4
16212,810,4151,1574,0.22874026000499725,0,4
16213,810,4151,2629,0.5436920523643494,0,4
16214,810,4151,1583,0.5087010860443115,0,4
16215,810,4151,1858,0.6710284948348999,0,4
16216,810,4151,1773,0.44347235560417175,0,4
16217,810,4151,3412,0.7565472722053528,0,4
16218,810,4151,1084,0.40337517857551575,0,4
16219,810,4151,951,0.11148903518915176,0,4
16220,811,1546,1546,0.8289791941642761,1,1
16221,811,1546,1434,0.3454875648021698,0,1
16222,811,1546,1606,0.4503287076950073,0,1
16223,811,1546,2022,0.002693327609449625,0,1
16224,811,1546,2549,0.08314009755849838,0,1
16225,811,1546,923,0.6487599611282349,0,1
16226,811,1546,4072,0.08825957030057907,0,1
16227,811,1546,2331,0.5350142121315002,0,1
16228,811,1546,4016,0.7426475882530212,0,1
16229,811,1546,2803,0.10459871590137482,0,1
16230,811,1546,2447,0.5949808955192566,0,1
16231,811,1546,2828,0.4685205817222595,0,1
16232,811,1546,951,0.10389812290668488,0,1
16233,811,1546,3648,0.5715534090995789,0,1
16234,811,1546,1092,0.05510016158223152,0,1
16235,811,1546,3378,0.031962692737579346,0,1
16236,811,1546,948,0.5634275674819946,0,1
16237,811,1546,4105,0.46321988105773926,0,1
16238,811,1546,2144,0.10810809582471848,0,1
16239,811,1546,2655,0.2594470679759979,0,1
16240,812,2867,2867,0.7638205885887146,1,1
16241,812,2867,3331,0.31404542922973633,0,1
16242,812,2867,3171,0.2077297568321228,0,1
16243,812,2867,3182,0.005236257798969746,0,1
16244,812,2867,20,0.7507491707801819,0,1
16245,812,2867,3701,0.33038240671157837,0,1
16246,812,2867,1476,0.24892479181289673,0,1
16247,812,2867,3269,0.5520927906036377,0,1
16248,812,2867,180,0.038380254060029984,0,1
16249,812,2867,3875,0.3139452636241913,0,1
16250,812,2867,3340,0.04476306587457657,0,1
16251,812,2867,1759,0.05879826843738556,0,1
16252,812,2867,1137,0.05780044198036194,0,1
16253,812,2867,2564,0.22866059839725494,0,1
16254,812,2867,1935,0.39900919795036316,0,1
16255,812,2867,3551,0.3821446895599365,0,1
16256,812,2867,3867,0.4345545470714569,0,1
16257,812,2867,4119,0.44109514355659485,0,1
16258,812,2867,796,0.0982995331287384,0,1
16259,812,2867,2455,0.03163627162575722,0,1
16260,813,3611,3611,0.9467394948005676,1,1
16261,813,3611,186,0.819027304649353,0,1
16262,813,3611,2581,0.008347129449248314,0,1
16263,813,3611,2297,0.5086391568183899,0,1
16264,813,3611,1643,0.08627333492040634,0,1
16265,813,3611,3564,0.12383423000574112,0,1
16266,813,3611,3094,0.7852230668067932,0,1
16267,813,3611,3068,0.8439334034919739,0,1
16268,813,3611,776,0.04126780852675438,0,1
16269,813,3611,1811,0.037072405219078064,0,1
16270,813,3611,780,0.08105117827653885,0,1
16271,813,3611,1094,0.9073436260223389,0,1
16272,813,3611,1981,0.7989736199378967,0,1
16273,813,3611,343,0.10190938413143158,0,1
16274,813,3611,586,0.5651658177375793,0,1
16275,813,3611,2961,0.6772457361221313,0,1
16276,813,3611,1598,0.35982295870780945,0,1
16277,813,3611,497,0.03203229978680611,0,1
16278,813,3611,1025,0.1023385301232338,0,1
16279,813,3611,2719,0.23328687250614166,0,1
16280,814,2240,2240,0.7686356902122498,1,1
16281,814,2240,1234,0.4404665529727936,0,1
16282,814,2240,705,0.12872570753097534,0,1
16283,814,2240,1635,0.66227126121521,0,1
16284,814,2240,1098,0.19223783910274506,0,1
16285,814,2240,2681,0.2671733796596527,0,1
16286,814,2240,2409,0.11018994450569153,0,1
16287,814,2240,3492,0.4981452226638794,0,1
16288,814,2240,334,0.07985549420118332,0,1
16289,814,2240,1861,0.38971859216690063,0,1
16290,814,2240,3178,0.2352294623851776,0,1
16291,814,2240,3446,0.6305797100067139,0,1
16292,814,2240,3994,0.499723345041275,0,1
16293,814,2240,3539,0.5191951394081116,0,1
16294,814,2240,1622,0.1863434612751007,0,1
16295,814,2240,2107,0.2270132154226303,0,1
16296,814,2240,419,0.4571007490158081,0,1
16297,814,2240,995,0.4722574055194855,0,1
16298,814,2240,558,0.6956899166107178,0,1
16299,814,2240,2528,0.09928154200315475,0,1
16300,815,3803,3803,0.9784780740737915,1,1
16301,815,3803,726,0.6061250567436218,0,1
16302,815,3803,3002,0.5474739670753479,0,1
16303,815,3803,2099,0.015655776485800743,0,1
16304,815,3803,3886,0.16286084055900574,0,1
16305,815,3803,203,0.3679168224334717,0,1
16306,815,3803,3482,0.5187662243843079,0,1
16307,815,3803,330,0.026731088757514954,0,1
16308,815,3803,428,0.10672535747289658,0,1
16309,815,3803,1948,0.012613101862370968,0,1
16310,815,3803,3515,0.9443979263305664,0,1
16311,815,3803,3811,0.643363893032074,0,1
16312,815,3803,604,0.1132131889462471,0,1
16313,815,3803,3355,0.5354199409484863,0,1
16314,815,3803,1063,0.6207098364830017,0,1
16315,815,3803,1023,0.025910889729857445,0,1
16316,815,3803,3699,0.016995446756482124,0,1
16317,815,3803,1030,0.48187926411628723,0,1
16318,815,3803,2109,0.09991582483053207,0,1
16319,815,3803,52,0.1375846564769745,0,1
16320,816,1670,1670,0.5860475897789001,1,1
16321,816,1670,3823,0.49346065521240234,0,1
16322,816,1670,1506,0.3946814239025116,0,1
16323,816,1670,2778,0.5704872608184814,0,1
16324,816,1670,2535,0.11625712364912033,0,1
16325,816,1670,1183,0.1442946046590805,0,1
16326,816,1670,726,0.17696161568164825,0,1
16327,816,1670,2036,0.24897916615009308,0,1
16328,816,1670,2076,0.14508816599845886,0,1
16329,816,1670,3755,0.007284669205546379,0,1
16330,816,1670,919,0.1580040156841278,0,1
16331,816,1670,1177,0.3134956657886505,0,1
16332,816,1670,1858,0.19156695902347565,0,1
16333,816,1670,3305,0.06946896016597748,0,1
16334,816,1670,3943,0.369013249874115,0,1
16335,816,1670,87,0.4880049526691437,0,1
16336,816,1670,1516,0.3927347958087921,0,1
16337,816,1670,1179,0.2879732549190521,0,1
16338,816,1670,3797,0.012213855050504208,0,1
16339,816,1670,1697,0.4819156229496002,0,1
16340,817,3766,3766,0.9170028567314148,1,2
16341,817,3766,1676,0.03133820742368698,0,2
16342,817,3766,3917,0.8501012921333313,0,2
16343,817,3766,767,0.5037164092063904,0,2
16344,817,3766,2842,0.9272060990333557,0,2
16345,817,3766,3940,0.27033960819244385,0,2
16346,817,3766,3841,0.20808997750282288,0,2
16347,817,3766,630,0.6232092380523682,0,2
16348,817,3766,2586,0.0038669107016175985,0,2
16349,817,3766,1648,0.23362602293491364,0,2
16350,817,3766,3174,0.5302361845970154,0,2
16351,817,3766,632,0.011618830263614655,0,2
16352,817,3766,1147,0.03471030294895172,0,2
16353,817,3766,1692,0.022854033857584,0,2
16354,817,3766,3025,0.2672267556190491,0,2
16355,817,3766,3872,0.5202736854553223,0,2
16356,817,3766,1598,0.900991678237915,0,2
16357,817,3766,1301,0.24376097321510315,0,2
16358,817,3766,3810,0.456529438495636,0,2
16359,817,3766,1828,0.23289872705936432,0,2
16360,818,2689,2689,0.8521527051925659,1,1
16361,818,2689,2704,0.0030561992898583412,0,1
16362,818,2689,1502,0.059163592755794525,0,1
16363,818,2689,2699,0.03477083891630173,0,1
16364,818,2689,2908,0.3014034330844879,0,1
16365,818,2689,3000,0.7462959289550781,0,1
16366,818,2689,1812,0.3372434377670288,0,1
16367,818,2689,3903,0.3676503598690033,0,1
16368,818,2689,2182,0.49162566661834717,0,1
16369,818,2689,2600,0.48114246129989624,0,1
16370,818,2689,1809,0.11592164635658264,0,1
16371,818,2689,1438,0.013860441744327545,0,1
16372,818,2689,963,0.3257148265838623,0,1
16373,818,2689,511,0.5047849416732788,0,1
16374,818,2689,1340,0.33525145053863525,0,1
16375,818,2689,2280,0.050299420952796936,0,1
16376,818,2689,4179,0.6954192519187927,0,1
16377,818,2689,1974,0.3011404871940613,0,1
16378,818,2689,1709,0.04316406697034836,0,1
16379,818,2689,2574,0.4890458881855011,0,1
16380,819,1302,1302,0.5395367741584778,1,6
16381,819,1302,861,0.49841657280921936,0,6
16382,819,1302,734,0.582481324672699,0,6
16383,819,1302,483,0.47825706005096436,0,6
16384,819,1302,2239,0.36164727807044983,0,6
16385,819,1302,3972,0.6079365015029907,0,6
16386,819,1302,1585,0.3605528175830841,0,6
16387,819,1302,583,0.7211940884590149,0,6
16388,819,1302,1246,0.33296841382980347,0,6
16389,819,1302,1491,0.3296893835067749,0,6
16390,819,1302,2682,0.21131643652915955,0,6
16391,819,1302,741,0.45755258202552795,0,6
16392,819,1302,1689,0.41561469435691833,0,6
16393,819,1302,344,0.5451156497001648,0,6
16394,819,1302,1990,0.26247668266296387,0,6
16395,819,1302,3622,0.4240550696849823,0,6
16396,819,1302,1902,0.7389034032821655,0,6
16397,819,1302,2299,0.45530033111572266,0,6
16398,819,1302,3894,0.4790169596672058,0,6
16399,819,1302,948,0.5368396639823914,0,6
16400,820,3511,3511,0.63210129737854,1,4
16401,820,3511,3456,0.1488565355539322,0,4
16402,820,3511,2571,0.1726628690958023,0,4
16403,820,3511,3061,0.18510982394218445,0,4
16404,820,3511,1853,0.2733761668205261,0,4
16405,820,3511,498,0.16906045377254486,0,4
16406,820,3511,3812,0.15121033787727356,0,4
16407,820,3511,2441,0.7381398677825928,0,4
16408,820,3511,2360,0.5875588059425354,0,4
16409,820,3511,3889,0.5297523736953735,0,4
16410,820,3511,1183,0.41603267192840576,0,4
16411,820,3511,750,0.3854110538959503,0,4
16412,820,3511,545,0.2834329605102539,0,4
16413,820,3511,3179,0.6733609437942505,0,4
16414,820,3511,1748,0.21999798715114594,0,4
16415,820,3511,3826,0.456285685300827,0,4
16416,820,3511,3174,0.5443611741065979,0,4
16417,820,3511,1272,0.44662022590637207,0,4
16418,820,3511,2012,0.6379076242446899,0,4
16419,820,3511,2047,0.5302658081054688,0,4
16420,821,3907,3907,0.7083158493041992,1,4
16421,821,3907,3463,0.37136849761009216,0,4
16422,821,3907,231,0.1849977970123291,0,4
16423,821,3907,2054,0.8199771642684937,0,4
16424,821,3907,1451,0.6220452785491943,0,4
16425,821,3907,3743,0.5436583161354065,0,4
16426,821,3907,854,0.45610156655311584,0,4
16427,821,3907,2225,0.6517755389213562,0,4
16428,821,3907,848,0.4347648620605469,0,4
16429,821,3907,3652,0.8161023855209351,0,4
16430,821,3907,920,0.2688228487968445,0,4
16431,821,3907,2111,0.22388745844364166,0,4
16432,821,3907,1292,0.14250005781650543,0,4
16433,821,3907,4145,0.11306098848581314,0,4
16434,821,3907,3622,0.06775131821632385,0,4
16435,821,3907,2817,0.13453906774520874,0,4
16436,821,3907,3234,0.02609904296696186,0,4
16437,821,3907,3708,0.5008215308189392,0,4
16438,821,3907,2127,0.35048946738243103,0,4
16439,821,3907,1514,0.7709769606590271,0,4
16440,822,1425,1425,0.6219613552093506,1,1
16441,822,1425,3555,0.1353108435869217,0,1
16442,822,1425,3061,0.28553447127342224,0,1
16443,822,1425,748,0.26169976592063904,0,1
16444,822,1425,1059,0.17241117358207703,0,1
16445,822,1425,3384,0.07705790549516678,0,1
16446,822,1425,3159,0.017283888533711433,0,1
16447,822,1425,1946,0.32498934864997864,0,1
16448,822,1425,1211,0.33604946732521057,0,1
16449,822,1425,2137,0.31804701685905457,0,1
16450,822,1425,707,0.16101117432117462,0,1
16451,822,1425,1264,0.08710626512765884,0,1
16452,822,1425,1034,0.23651419579982758,0,1
16453,822,1425,4048,0.149378702044487,0,1
16454,822,1425,3675,0.09576869010925293,0,1
16455,822,1425,2586,0.1370174139738083,0,1
16456,822,1425,2028,0.3845367431640625,0,1
16457,822,1425,1029,0.4367308020591736,0,1
16458,822,1425,1708,0.039942361414432526,0,1
16459,822,1425,3908,0.0063088140450417995,0,1
16460,823,50,50,0.6052473187446594,1,2
16461,823,50,4176,0.3992268741130829,0,2
16462,823,50,714,0.32791656255722046,0,2
16463,823,50,3008,0.1515088528394699,0,2
16464,823,50,399,0.7559223771095276,0,2
16465,823,50,2809,0.272807776927948,0,2
16466,823,50,2370,0.5666034817695618,0,2
16467,823,50,625,0.18821154534816742,0,2
16468,823,50,3938,0.33939722180366516,0,2
16469,823,50,1253,0.5695914030075073,0,2
16470,823,50,976,0.1255520135164261,0,2
16471,823,50,2647,0.5131413340568542,0,2
16472,823,50,1574,0.16732390224933624,0,2
16473,823,50,2947,0.3261910676956177,0,2
16474,823,50,2420,0.2772059440612793,0,2
16475,823,50,1894,0.3885897696018219,0,2
16476,823,50,2528,0.35363563895225525,0,2
16477,823,50,3692,0.3277653157711029,0,2
16478,823,50,2104,0.1582726687192917,0,2
16479,823,50,204,0.5580958127975464,0,2
16480,824,2095,2095,0.6206210255622864,1,3
16481,824,2095,2558,0.365263968706131,0,3
16482,824,2095,3761,0.12253139168024063,0,3
16483,824,2095,2480,0.38623788952827454,0,3
16484,824,2095,3373,0.5961034297943115,0,3
16485,824,2095,3755,0.4873233139514923,0,3
16486,824,2095,2708,0.5850973725318909,0,3
16487,824,2095,1144,0.15168341994285583,0,3
16488,824,2095,2254,0.46488967537879944,0,3
16489,824,2095,945,0.6141394376754761,0,3
16490,824,2095,3921,0.4890161156654358,0,3
16491,824,2095,2801,0.5051582455635071,0,3
16492,824,2095,3832,0.32770776748657227,0,3
16493,824,2095,1603,0.11154016107320786,0,3
16494,824,2095,1549,0.848384439945221,0,3
16495,824,2095,3429,0.1398315131664276,0,3
16496,824,2095,744,0.6279080510139465,0,3
16497,824,2095,2127,0.28898799419403076,0,3
16498,824,2095,3202,0.45033326745033264,0,3
16499,824,2095,714,0.3605717420578003,0,3
16500,825,615,615,0.5370621085166931,1,3
16501,825,615,1016,0.7103818655014038,0,3
16502,825,615,3158,0.4370875954627991,0,3
16503,825,615,2504,0.4614831507205963,0,3
16504,825,615,3435,0.38372641801834106,0,3
16505,825,615,1710,0.39954107999801636,0,3
16506,825,615,3657,0.3342296779155731,0,3
16507,825,615,2817,0.2613576352596283,0,3
16508,825,615,2873,0.0916425809264183,0,3
16509,825,615,3173,0.304779589176178,0,3
16510,825,615,2495,0.09107621759176254,0,3
16511,825,615,1363,0.09921793639659882,0,3
16512,825,615,51,0.46244367957115173,0,3
16513,825,615,2247,0.5919790267944336,0,3
16514,825,615,3864,0.24167397618293762,0,3
16515,825,615,3640,0.18480926752090454,0,3
16516,825,615,1467,0.09697263687849045,0,3
16517,825,615,1415,0.4183514714241028,0,3
16518,825,615,2756,0.09757557511329651,0,3
16519,825,615,760,0.3033372759819031,0,3
16520,826,985,985,0.9808336496353149,1,1
16521,826,985,599,0.8705599904060364,0,1
16522,826,985,3237,0.16684381663799286,0,1
16523,826,985,3979,0.006650836672633886,0,1
16524,826,985,1172,0.44114950299263,0,1
16525,826,985,3162,0.8284395933151245,0,1
16526,826,985,2582,0.03687846660614014,0,1
16527,826,985,478,0.19553914666175842,0,1
16528,826,985,2161,0.5220584273338318,0,1
16529,826,985,2434,0.36326101422309875,0,1
16530,826,985,3868,0.03195851668715477,0,1
16531,826,985,2908,0.5080226063728333,0,1
16532,826,985,1776,0.3962455093860626,0,1
16533,826,985,1098,0.1675596386194229,0,1
16534,826,985,3976,0.638027012348175,0,1
16535,826,985,3793,0.16494125127792358,0,1
16536,826,985,3638,0.3052945137023926,0,1
16537,826,985,2579,0.7639251947402954,0,1
16538,826,985,381,0.3400416970252991,0,1
16539,826,985,217,0.5301873683929443,0,1
16540,827,1673,1673,0.8619454503059387,1,1
16541,827,1673,1357,0.005586681887507439,0,1
16542,827,1673,2539,0.5234619975090027,0,1
16543,827,1673,774,0.0011745274532586336,0,1
16544,827,1673,2426,0.17647825181484222,0,1
16545,827,1673,3966,0.29101642966270447,0,1
16546,827,1673,1666,0.19649435579776764,0,1
16547,827,1673,2424,0.2538742423057556,0,1
16548,827,1673,2591,0.006169907283037901,0,1
16549,827,1673,1167,0.15150780975818634,0,1
16550,827,1673,4044,0.0071955835446715355,0,1
16551,827,1673,2680,0.06630538403987885,0,1
16552,827,1673,2740,0.007722990587353706,0,1
16553,827,1673,1021,0.11476568877696991,0,1
16554,827,1673,2636,0.14460071921348572,0,1
16555,827,1673,2019,0.05216113477945328,0,1
16556,827,1673,3942,0.0003974934224970639,0,1
16557,827,1673,1104,0.29590141773223877,0,1
16558,827,1673,1245,0.18644408881664276,0,1
16559,827,1673,2134,0.16532161831855774,0,1
16560,828,1802,1802,0.7388707399368286,1,1
16561,828,1802,3544,0.11648708581924438,0,1
16562,828,1802,1610,0.37013328075408936,0,1
16563,828,1802,1014,0.23703542351722717,0,1
16564,828,1802,2245,0.420667827129364,0,1
16565,828,1802,2797,0.04340615123510361,0,1
16566,828,1802,3119,0.4437139928340912,0,1
16567,828,1802,3235,0.0354606918990612,0,1
16568,828,1802,102,0.30640941858291626,0,1
16569,828,1802,4069,0.4074344038963318,0,1
16570,828,1802,2548,0.731730043888092,0,1
16571,828,1802,1636,0.00801737792789936,0,1
16572,828,1802,2982,0.4518568813800812,0,1
16573,828,1802,3579,0.40289223194122314,0,1
16574,828,1802,303,0.3258081376552582,0,1
16575,828,1802,2641,0.3046573996543884,0,1
16576,828,1802,3506,0.3926159739494324,0,1
16577,828,1802,495,0.3629032075405121,0,1
16578,828,1802,3475,0.4875187277793884,0,1
16579,828,1802,1648,0.08832237869501114,0,1
16580,829,607,607,0.6886312961578369,1,1
16581,829,607,264,0.3880465030670166,0,1
16582,829,607,2082,0.5670481324195862,0,1
16583,829,607,3934,0.30114367604255676,0,1
16584,829,607,3485,0.5375494956970215,0,1
16585,829,607,219,0.47065964341163635,0,1
16586,829,607,3780,0.3730795085430145,0,1
16587,829,607,1016,0.1725309044122696,0,1
16588,829,607,275,0.21290287375450134,0,1
16589,829,607,104,0.27011188864707947,0,1
16590,829,607,3717,0.16027873754501343,0,1
16591,829,607,2896,0.0607016459107399,0,1
16592,829,607,2831,0.4612882435321808,0,1
16593,829,607,1783,0.4334951639175415,0,1
16594,829,607,3065,0.5322860479354858,0,1
16595,829,607,3246,0.45289427042007446,0,1
16596,829,607,1035,0.3658226728439331,0,1
16597,829,607,1555,0.2926329970359802,0,1
16598,829,607,266,0.48869237303733826,0,1
16599,829,607,2667,0.4034876823425293,0,1
16600,830,2331,2331,0.6206053495407104,1,3
16601,830,2331,3949,0.37428417801856995,0,3
16602,830,2331,1412,0.16613984107971191,0,3
16603,830,2331,2143,0.3592969477176666,0,3
16604,830,2331,2747,0.1001204401254654,0,3
16605,830,2331,2821,0.4756620228290558,0,3
16606,830,2331,3632,0.3141075074672699,0,3
16607,830,2331,3688,0.5279977321624756,0,3
16608,830,2331,2663,0.38560667634010315,0,3
16609,830,2331,2683,0.4166131913661957,0,3
16610,830,2331,1171,0.031567443162202835,0,3
16611,830,2331,1760,0.4206610321998596,0,3
16612,830,2331,2262,0.6377810835838318,0,3
16613,830,2331,2603,0.44970372319221497,0,3
16614,830,2331,3702,0.647193431854248,0,3
16615,830,2331,2982,0.5888411402702332,0,3
16616,830,2331,3677,0.11368116736412048,0,3
16617,830,2331,2547,0.1455172449350357,0,3
16618,830,2331,3442,0.46469220519065857,0,3
16619,830,2331,160,0.20475533604621887,0,3
16620,831,59,59,0.9032458066940308,1,1
16621,831,59,1912,0.00011161284783156589,0,1
16622,831,59,2456,0.015248256735503674,0,1
16623,831,59,1681,6.386329914676026e-05,0,1
16624,831,59,3978,8.377222548006102e-05,0,1
16625,831,59,2580,0.0199809018522501,0,1
16626,831,59,3985,5.386419616115745e-06,0,1
16627,831,59,717,0.0037210879381746054,0,1
16628,831,59,382,0.000579061743337661,0,1
16629,831,59,3695,0.05394963547587395,0,1
16630,831,59,1228,0.09673553705215454,0,1
16631,831,59,2993,0.00023979818797670305,0,1
16632,831,59,2061,4.182190969004296e-05,0,1
16633,831,59,653,0.05126504227519035,0,1
16634,831,59,1350,0.012008284218609333,0,1
16635,831,59,2622,0.028150591999292374,0,1
16636,831,59,2934,0.04879915714263916,0,1
16637,831,59,3566,2.472633866545948e-07,0,1
16638,831,59,1363,4.8806094127940014e-05,0,1
16639,831,59,143,0.1843491941690445,0,1
16640,832,2308,2308,0.6290170550346375,1,1
16641,832,2308,1672,0.23752358555793762,0,1
16642,832,2308,393,0.5730054378509521,0,1
16643,832,2308,3332,0.3598456382751465,0,1
16644,832,2308,1165,0.1620073914527893,0,1
16645,832,2308,215,0.13030798733234406,0,1
16646,832,2308,2329,0.09513510018587112,0,1
16647,832,2308,1969,0.3972700834274292,0,1
16648,832,2308,3476,0.11752400547266006,0,1
16649,832,2308,1047,0.18544501066207886,0,1
16650,832,2308,1687,0.5334941744804382,0,1
16651,832,2308,1475,0.09506731480360031,0,1
16652,832,2308,3797,0.01988719031214714,0,1
16653,832,2308,2644,0.2838033437728882,0,1
16654,832,2308,1292,0.06634518504142761,0,1
16655,832,2308,831,0.5249614715576172,0,1
16656,832,2308,1732,0.33250781893730164,0,1
16657,832,2308,3395,0.05281127989292145,0,1
16658,832,2308,3892,0.3930210471153259,0,1
16659,832,2308,1772,0.44757184386253357,0,1
16660,833,2514,2514,0.6578496694564819,1,2
16661,833,2514,2448,0.1516680270433426,0,2
16662,833,2514,969,0.21586084365844727,0,2
16663,833,2514,634,0.5376996994018555,0,2
16664,833,2514,3575,0.12504732608795166,0,2
16665,833,2514,1481,0.3093035817146301,0,2
16666,833,2514,2647,0.5272133946418762,0,2
16667,833,2514,626,0.44048190116882324,0,2
16668,833,2514,1790,0.40629902482032776,0,2
16669,833,2514,1199,0.22588716447353363,0,2
16670,833,2514,1397,0.4223991930484772,0,2
16671,833,2514,3225,0.5160062909126282,0,2
16672,833,2514,1391,0.04892740398645401,0,2
16673,833,2514,98,0.3743177652359009,0,2
16674,833,2514,3074,0.46432310342788696,0,2
16675,833,2514,489,0.06859934329986572,0,2
16676,833,2514,2753,0.6883199214935303,0,2
16677,833,2514,2099,0.06607414036989212,0,2
16678,833,2514,3322,0.04583046957850456,0,2
16679,833,2514,1460,0.592703104019165,0,2
16680,834,1977,1977,0.6859142780303955,1,3
16681,834,1977,3556,0.040735673159360886,0,3
16682,834,1977,4130,0.1272096335887909,0,3
16683,834,1977,1569,0.12120528519153595,0,3
16684,834,1977,732,0.7979690432548523,0,3
16685,834,1977,3749,0.3881601393222809,0,3
16686,834,1977,1194,0.052959807217121124,0,3
16687,834,1977,4033,0.18875335156917572,0,3
16688,834,1977,915,0.3994862735271454,0,3
16689,834,1977,1954,0.448803186416626,0,3
16690,834,1977,3655,0.03513091057538986,0,3
16691,834,1977,3099,0.12349613010883331,0,3
16692,834,1977,881,0.13750101625919342,0,3
16693,834,1977,1726,0.27385541796684265,0,3
16694,834,1977,1851,0.72269606590271,0,3
16695,834,1977,1192,0.0879986435174942,0,3
16696,834,1977,3868,0.008117925375699997,0,3
16697,834,1977,555,0.029038788750767708,0,3
16698,834,1977,2866,0.026880791410803795,0,3
16699,834,1977,722,0.025767285376787186,0,3
16700,835,1562,1562,0.5668962001800537,1,1
16701,835,1562,720,0.5390167236328125,0,1
16702,835,1562,268,0.30383941531181335,0,1
16703,835,1562,1774,0.4127061665058136,0,1
16704,835,1562,2211,0.30741533637046814,0,1
16705,835,1562,2887,0.19668526947498322,0,1
16706,835,1562,607,0.4295700490474701,0,1
16707,835,1562,3739,0.2989172637462616,0,1
16708,835,1562,3146,0.2982242703437805,0,1
16709,835,1562,199,0.13471898436546326,0,1
16710,835,1562,544,0.2844543159008026,0,1
16711,835,1562,807,0.482578843832016,0,1
16712,835,1562,2478,0.36943191289901733,0,1
16713,835,1562,1162,0.35633981227874756,0,1
16714,835,1562,2951,0.1393595039844513,0,1
16715,835,1562,2652,0.05342662334442139,0,1
16716,835,1562,2919,0.2755711078643799,0,1
16717,835,1562,1798,0.43149128556251526,0,1
16718,835,1562,2735,0.21207474172115326,0,1
16719,835,1562,2573,0.19544334709644318,0,1
