candidate_id,query_row,movie_local,link_local,score,label,rank_of_positive
0,0,2852,2852,0.5,1,1
1,0,2852,2029,0.5,0,1
2,0,2852,1446,0.5,0,1
3,0,2852,3210,0.5,0,1
4,0,2852,101,0.5,0,1
5,0,2852,203,0.5,0,1
6,0,2852,2819,0.5,0,1
7,0,2852,3127,0.5,0,1
8,0,2852,1279,0.5,0,1
9,0,2852,4166,0.5,0,1
10,0,2852,3305,0.5,0,1
11,0,2852,3765,0.5,0,1
12,0,2852,2949,0.5,0,1
13,0,2852,2316,0.5,0,1
14,0,2852,567,0.5,0,1
15,0,2852,771,0.5,0,1
16,0,2852,2569,0.5,0,1
17,0,2852,749,0.5,0,1
18,0,2852,2258,0.5,0,1
19,0,2852,1090,0.5,0,1
20,1,1674,1674,0.5,1,1
21,1,1674,2725,0.5,0,1
22,1,1674,2403,0.5,0,1
23,1,1674,2539,0.5,0,1
24,1,1674,1746,0.5,0,1
25,1,1674,956,0.5,0,1
26,1,1674,3225,0.5,0,1
27,1,1674,1256,0.5,0,1
28,1,1674,3514,0.5,0,1
29,1,1674,2097,0.5,0,1
30,1,1674,823,0.5,0,1
31,1,1674,3242,0.5,0,1
32,1,1674,2206,0.5,0,1
33,1,1674,3931,0.5,0,1
34,1,1674,3715,0.5,0,1
35,1,1674,2891,0.5,0,1
36,1,1674,2511,0.5,0,1
37,1,1674,3605,0.5,0,1
38,1,1674,62,0.5,0,1
39,1,1674,2581,0.5,0,1
40,2,2613,2613,0.5,1,1
41,2,2613,2695,0.5,0,1
42,2,2613,691,0.5,0,1
43,2,2613,3134,0.5,0,1
44,2,2613,2679,0.5,0,1
45,2,2613,2846,0.5,0,1
46,2,2613,960,0.5,0,1
47,2,2613,3971,0.5,0,1
48,2,2613,24,0.5,0,1
49,2,2613,2896,0.5,0,1
50,2,2613,164,0.5,0,1
51,2,2613,1460,0.5,0,1
52,2,2613,2567,0.5,0,1
53,2,2613,2765,0.5,0,1
54,2,2613,267,0.5,0,1
55,2,2613,806,0.5,0,1
56,2,2613,1075,0.5,0,1
57,2,2613,3933,0.5,0,1
58,2,2613,2509,0.5,0,1
59,2,2613,2342,0.5,0,1
60,3,2715,2715,0.5,1,1
61,3,2715,1759,0.5,0,1
62,3,2715,3669,0.5,0,1
63,3,2715,1788,0.5,0,1
64,3,2715,278,0.5,0,1
65,3,2715,683,0.5,0,1
66,3,2715,1325,0.5,0,1
67,3,2715,1870,0.5,0,1
68,3,2715,1229,0.5,0,1
69,3,2715,2642,0.5,0,1
70,3,2715,979,0.5,0,1
71,3,2715,3103,0.5,0,1
72,3,2715,2665,0.5,0,1
73,3,2715,3307,0.5,0,1
74,3,2715,864,0.5,0,1
75,3,2715,3989,0.5,0,1
76,3,2715,1609,0.5,0,1
77,3,2715,2564,0.5,0,1
78,3,2715,1416,0.5,0,1
79,3,2715,1429,0.5,0,1
80,4,2019,2019,0.5,1,1
81,4,2019,690,0.5,0,1
82,4,2019,1170,0.5,0,1
83,4,2019,1150,0.5,0,1
84,4,2019,63,0.5,0,1
85,4,2019,2822,0.5,0,1
86,4,2019,3261,0.5,0,1
87,4,2019,4126,0.5,0,1
88,4,2019,3935,0.5,0,1
89,4,2019,3975,0.5,0,1
90,4,2019,3375,0.5,0,1
91,4,2019,1231,0.5,0,1
92,4,2019,158,0.5,0,1
93,4,2019,3954,0.5,0,1
94,4,2019,3078,0.5,0,1
95,4,2019,2585,0.5,0,1
96,4,2019,700,0.5,0,1
97,4,2019,3186,0.5,0,1
98,4,2019,3652,0.5,0,1
99,4,2019,3391,0.5,0,1
100,5,141,141,0.5,1,1
101,5,141,3846,0.5,0,1
102,5,141,1072,0.5,0,1
103,5,141,2298,0.5,0,1
104,5,141,3936,0.5,0,1
105,5,141,505,0.5,0,1
106,5,141,148,0.5,0,1
107,5,141,3748,0.5,0,1
108,5,141,2820,0.5,0,1
109,5,141,3295,0.5,0,1
110,5,141,185,0.5,0,1
111,5,141,1957,0.5,0,1
112,5,141,3351,0.5,0,1
113,5,141,2489,0.5,0,1
114,5,141,3799,0.5,0,1
115,5,141,3823,0.5,0,1
116,5,141,3325,0.5,0,1
117,5,141,2080,0.5,0,1
118,5,141,4123,0.5,0,1
119,5,141,13,0.5,0,1
120,6,1550,1550,0.5,1,1
121,6,1550,1498,0.5,0,1
122,6,1550,3665,0.5,0,1
123,6,1550,305,0.5,0,1
124,6,1550,1748,0.5,0,1
125,6,1550,4045,0.5,0,1
126,6,1550,3798,0.5,0,1
127,6,1550,1816,0.5,0,1
128,6,1550,1307,0.5,0,1
129,6,1550,3402,0.5,0,1
130,6,1550,2745,0.5,0,1
131,6,1550,916,0.5,0,1
132,6,1550,975,0.5,0,1
133,6,1550,1545,0.5,0,1
134,6,1550,761,0.5,0,1
135,6,1550,344,0.5,0,1
136,6,1550,3353,0.5,0,1
137,6,1550,1925,0.5,0,1
138,6,1550,216,0.5,0,1
139,6,1550,13,0.5,0,1
140,7,621,621,0.5,1,1
141,7,621,3015,0.5,0,1
142,7,621,2329,0.5,0,1
143,7,621,649,0.5,0,1
144,7,621,3738,0.5,0,1
145,7,621,4106,0.5,0,1
146,7,621,697,0.5,0,1
147,7,621,2526,0.5,0,1
148,7,621,3081,0.5,0,1
149,7,621,1688,0.5,0,1
150,7,621,2353,0.5,0,1
151,7,621,2252,0.5,0,1
152,7,621,3240,0.5,0,1
153,7,621,339,0.5,0,1
154,7,621,2631,0.5,0,1
155,7,621,3227,0.5,0,1
156,7,621,3430,0.5,0,1
157,7,621,314,0.5,0,1
158,7,621,2741,0.5,0,1
159,7,621,1798,0.5,0,1
160,8,1076,1076,0.5,1,1
161,8,1076,1401,0.5,0,1
162,8,1076,349,0.5,0,1
163,8,1076,3269,0.5,0,1
164,8,1076,1681,0.5,0,1
165,8,1076,3279,0.5,0,1
166,8,1076,908,0.5,0,1
167,8,1076,2439,0.5,0,1
168,8,1076,4009,0.5,0,1
169,8,1076,2837,0.5,0,1
170,8,1076,89,0.5,0,1
171,8,1076,3029,0.5,0,1
172,8,1076,449,0.5,0,1
173,8,1076,1988,0.5,0,1
174,8,1076,1299,0.5,0,1
175,8,1076,3520,0.5,0,1
176,8,1076,3803,0.5,0,1
177,8,1076,3398,0.5,0,1
178,8,1076,3604,0.5,0,1
179,8,1076,324,0.5,0,1
180,9,2045,2045,0.5,1,1
181,9,2045,2470,0.5,0,1
182,9,2045,1566,0.5,0,1
183,9,2045,2845,0.5,0,1
184,9,2045,145,0.5,0,1
185,9,2045,3173,0.5,0,1
186,9,2045,2980,0.5,0,1
187,9,2045,512,0.5,0,1
188,9,2045,1554,0.5,0,1
189,9,2045,2605,0.5,0,1
190,9,2045,2345,0.5,0,1
191,9,2045,2552,0.5,0,1
192,9,2045,3154,0.5,0,1
193,9,2045,3485,0.5,0,1
194,9,2045,3190,0.5,0,1
195,9,2045,3022,0.5,0,1
196,9,2045,1757,0.5,0,1
197,9,2045,2971,0.5,0,1
198,9,2045,1923,0.5,0,1
199,9,2045,3474,0.5,0,1
200,10,2494,2494,0.5,1,1
201,10,2494,1407,0.5,0,1
202,10,2494,3545,0.5,0,1
203,10,2494,356,0.5,0,1
204,10,2494,518,0.5,0,1
205,10,2494,1541,0.5,0,1
206,10,2494,3975,0.5,0,1
207,10,2494,1359,0.5,0,1
208,10,2494,3046,0.5,0,1
209,10,2494,2637,0.5,0,1
210,10,2494,3766,0.5,0,1
211,10,2494,1131,0.5,0,1
212,10,2494,1659,0.5,0,1
213,10,2494,1583,0.5,0,1
214,10,2494,3322,0.5,0,1
215,10,2494,362,0.5,0,1
216,10,2494,3270,0.5,0,1
217,10,2494,2116,0.5,0,1
218,10,2494,4051,0.5,0,1
219,10,2494,116,0.5,0,1
220,11,1056,1056,0.5,1,1
221,11,1056,1141,0.5,0,1
222,11,1056,720,0.5,0,1
223,11,1056,297,0.5,0,1
224,11,1056,327,0.5,0,1
225,11,1056,2133,0.5,0,1
226,11,1056,927,0.5,0,1
227,11,1056,1449,0.5,0,1
228,11,1056,3122,0.5,0,1
229,11,1056,2266,0.5,0,1
230,11,1056,3151,0.5,0,1
231,11,1056,944,0.5,0,1
232,11,1056,948,0.5,0,1
233,11,1056,1563,0.5,0,1
234,11,1056,1615,0.5,0,1
235,11,1056,420,0.5,0,1
236,11,1056,2363,0.5,0,1
237,11,1056,3343,0.5,0,1
238,11,1056,1394,0.5,0,1
239,11,1056,2166,0.5,0,1
240,12,2615,2615,0.5,1,1
241,12,2615,770,0.5,0,1
242,12,2615,311,0.5,0,1
243,12,2615,1657,0.5,0,1
244,12,2615,3039,0.5,0,1
245,12,2615,169,0.5,0,1
246,12,2615,1940,0.5,0,1
247,12,2615,2222,0.5,0,1
248,12,2615,3414,0.5,0,1
249,12,2615,179,0.5,0,1
250,12,2615,219,0.5,0,1
251,12,2615,4056,0.5,0,1
252,12,2615,32,0.5,0,1
253,12,2615,1163,0.5,0,1
254,12,2615,146,0.5,0,1
255,12,2615,919,0.5,0,1
256,12,2615,1015,0.5,0,1
257,12,2615,478,0.5,0,1
258,12,2615,2031,0.5,0,1
259,12,2615,1771,0.5,0,1
260,13,3297,3297,0.5,1,1
261,13,3297,345,0.5,0,1
262,13,3297,2190,0.5,0,1
263,13,3297,325,0.5,0,1
264,13,3297,3169,0.5,0,1
265,13,3297,2397,0.5,0,1
266,13,3297,3697,0.5,0,1
267,13,3297,544,0.5,0,1
268,13,3297,1217,0.5,0,1
269,13,3297,698,0.5,0,1
270,13,3297,783,0.5,0,1
271,13,3297,1525,0.5,0,1
272,13,3297,279,0.5,0,1
273,13,3297,2866,0.5,0,1
274,13,3297,1630,0.5,0,1
275,13,3297,969,0.5,0,1
276,13,3297,1722,0.5,0,1
277,13,3297,2623,0.5,0,1
278,13,3297,722,0.5,0,1
279,13,3297,3627,0.5,0,1
280,14,369,369,0.5,1,1
281,14,369,421,0.5,0,1
282,14,369,3009,0.5,0,1
283,14,369,877,0.5,0,1
284,14,369,1581,0.5,0,1
285,14,369,485,0.5,0,1
286,14,369,691,0.5,0,1
287,14,369,84,0.5,0,1
288,14,369,3223,0.5,0,1
289,14,369,3083,0.5,0,1
290,14,369,1735,0.5,0,1
291,14,369,1113,0.5,0,1
292,14,369,650,0.5,0,1
293,14,369,2581,0.5,0,1
294,14,369,1304,0.5,0,1
295,14,369,1461,0.5,0,1
296,14,369,2687,0.5,0,1
297,14,369,1391,0.5,0,1
298,14,369,3841,0.5,0,1
299,14,369,3151,0.5,0,1
300,15,443,443,0.5,1,1
301,15,443,368,0.5,0,1
302,15,443,3547,0.5,0,1
303,15,443,3920,0.5,0,1
304,15,443,2943,0.5,0,1
305,15,443,1393,0.5,0,1
306,15,443,914,0.5,0,1
307,15,443,1760,0.5,0,1
308,15,443,3028,0.5,0,1
309,15,443,3112,0.5,0,1
310,15,443,263,0.5,0,1
311,15,443,585,0.5,0,1
312,15,443,3882,0.5,0,1
313,15,443,2369,0.5,0,1
314,15,443,2267,0.5,0,1
315,15,443,884,0.5,0,1
316,15,443,1203,0.5,0,1
317,15,443,1356,0.5,0,1
318,15,443,3609,0.5,0,1
319,15,443,3975,0.5,0,1
320,16,1637,1637,0.5,1,1
321,16,1637,3159,0.5,0,1
322,16,1637,1247,0.5,0,1
323,16,1637,1809,0.5,0,1
324,16,1637,3442,0.5,0,1
325,16,1637,2055,0.5,0,1
326,16,1637,1893,0.5,0,1
327,16,1637,1572,0.5,0,1
328,16,1637,621,0.5,0,1
329,16,1637,2054,0.5,0,1
330,16,1637,793,0.5,0,1
331,16,1637,3596,0.5,0,1
332,16,1637,478,0.5,0,1
333,16,1637,2925,0.5,0,1
334,16,1637,3257,0.5,0,1
335,16,1637,2104,0.5,0,1
336,16,1637,608,0.5,0,1
337,16,1637,1706,0.5,0,1
338,16,1637,3200,0.5,0,1
339,16,1637,619,0.5,0,1
340,17,3840,3840,0.5,1,1
341,17,3840,878,0.5,0,1
342,17,3840,2582,0.5,0,1
343,17,3840,3172,0.5,0,1
344,17,3840,3099,0.5,0,1
345,17,3840,563,0.5,0,1
346,17,3840,3986,0.5,0,1
347,17,3840,3730,0.5,0,1
348,17,3840,428,0.5,0,1
349,17,3840,3369,0.5,0,1
350,17,3840,518,0.5,0,1
351,17,3840,165,0.5,0,1
352,17,3840,3544,0.5,0,1
353,17,3840,3276,0.5,0,1
354,17,3840,1262,0.5,0,1
355,17,3840,2748,0.5,0,1
356,17,3840,187,0.5,0,1
357,17,3840,2221,0.5,0,1
358,17,3840,2678,0.5,0,1
359,17,3840,3977,0.5,0,1
360,18,2720,2720,0.5,1,1
361,18,2720,3878,0.5,0,1
362,18,2720,1227,0.5,0,1
363,18,2720,3481,0.5,0,1
364,18,2720,1693,0.5,0,1
365,18,2720,3995,0.5,0,1
366,18,2720,488,0.5,0,1
367,18,2720,2215,0.5,0,1
368,18,2720,2866,0.5,0,1
369,18,2720,1411,0.5,0,1
370,18,2720,2876,0.5,0,1
371,18,2720,1442,0.5,0,1
372,18,2720,1254,0.5,0,1
373,18,2720,200,0.5,0,1
374,18,2720,2401,0.5,0,1
375,18,2720,2820,0.5,0,1
376,18,2720,1014,0.5,0,1
377,18,2720,3993,0.5,0,1
378,18,2720,2188,0.5,0,1
379,18,2720,1162,0.5,0,1
380,19,2776,2776,0.5,1,1
381,19,2776,1538,0.5,0,1
382,19,2776,1697,0.5,0,1
383,19,2776,1230,0.5,0,1
384,19,2776,3530,0.5,0,1
385,19,2776,748,0.5,0,1
386,19,2776,1747,0.5,0,1
387,19,2776,2813,0.5,0,1
388,19,2776,701,0.5,0,1
389,19,2776,3586,0.5,0,1
390,19,2776,2182,0.5,0,1
391,19,2776,3950,0.5,0,1
392,19,2776,1077,0.5,0,1
393,19,2776,2191,0.5,0,1
394,19,2776,1792,0.5,0,1
395,19,2776,1685,0.5,0,1
396,19,2776,731,0.5,0,1
397,19,2776,2049,0.5,0,1
398,19,2776,2540,0.5,0,1
399,19,2776,658,0.5,0,1
400,20,145,145,0.5,1,1
401,20,145,3121,0.5,0,1
402,20,145,350,0.5,0,1
403,20,145,839,0.5,0,1
404,20,145,1824,0.5,0,1
405,20,145,1613,0.5,0,1
406,20,145,1219,0.5,0,1
407,20,145,534,0.5,0,1
408,20,145,3512,0.5,0,1
409,20,145,2955,0.5,0,1
410,20,145,1795,0.5,0,1
411,20,145,3261,0.5,0,1
412,20,145,3809,0.5,0,1
413,20,145,3025,0.5,0,1
414,20,145,3715,0.5,0,1
415,20,145,37,0.5,0,1
416,20,145,470,0.5,0,1
417,20,145,734,0.5,0,1
418,20,145,859,0.5,0,1
419,20,145,183,0.5,0,1
420,21,999,999,0.5,1,1
421,21,999,2182,0.5,0,1
422,21,999,2953,0.5,0,1
423,21,999,1959,0.5,0,1
424,21,999,2225,0.5,0,1
425,21,999,3023,0.5,0,1
426,21,999,2287,0.5,0,1
427,21,999,1572,0.5,0,1
428,21,999,499,0.5,0,1
429,21,999,424,0.5,0,1
430,21,999,3541,0.5,0,1
431,21,999,167,0.5,0,1
432,21,999,4099,0.5,0,1
433,21,999,960,0.5,0,1
434,21,999,3994,0.5,0,1
435,21,999,3778,0.5,0,1
436,21,999,3260,0.5,0,1
437,21,999,2628,0.5,0,1
438,21,999,890,0.5,0,1
439,21,999,1556,0.5,0,1
440,22,1975,1975,0.5,1,1
441,22,1975,659,0.5,0,1
442,22,1975,393,0.5,0,1
443,22,1975,7,0.5,0,1
444,22,1975,1333,0.5,0,1
445,22,1975,2701,0.5,0,1
446,22,1975,581,0.5,0,1
447,22,1975,621,0.5,0,1
448,22,1975,3289,0.5,0,1
449,22,1975,847,0.5,0,1
450,22,1975,1297,0.5,0,1
451,22,1975,2860,0.5,0,1
452,22,1975,1942,0.5,0,1
453,22,1975,626,0.5,0,1
454,22,1975,2819,0.5,0,1
455,22,1975,2792,0.5,0,1
456,22,1975,1247,0.5,0,1
457,22,1975,122,0.5,0,1
458,22,1975,347,0.5,0,1
459,22,1975,1102,0.5,0,1
460,23,30,30,0.5,1,1
461,23,30,240,0.5,0,1
462,23,30,2208,0.5,0,1
463,23,30,1919,0.5,0,1
464,23,30,3353,0.5,0,1
465,23,30,291,0.5,0,1
466,23,30,1534,0.5,0,1
467,23,30,1967,0.5,0,1
468,23,30,3048,0.5,0,1
469,23,30,1922,0.5,0,1
470,23,30,2031,0.5,0,1
471,23,30,621,0.5,0,1
472,23,30,1054,0.5,0,1
473,23,30,3340,0.5,0,1
474,23,30,2400,0.5,0,1
475,23,30,1193,0.5,0,1
476,23,30,3524,0.5,0,1
477,23,30,2039,0.5,0,1
478,23,30,2369,0.5,0,1
479,23,30,613,0.5,0,1
480,24,144,144,0.5,1,1
481,24,144,1790,0.5,0,1
482,24,144,2837,0.5,0,1
483,24,144,3019,0.5,0,1
484,24,144,2441,0.5,0,1
485,24,144,987,0.5,0,1
486,24,144,3187,0.5,0,1
487,24,144,2831,0.5,0,1
488,24,144,2492,0.5,0,1
489,24,144,3933,0.5,0,1
490,24,144,1530,0.5,0,1
491,24,144,2022,0.5,0,1
492,24,144,4173,0.5,0,1
493,24,144,4063,0.5,0,1
494,24,144,2784,0.5,0,1
495,24,144,4150,0.5,0,1
496,24,144,3380,0.5,0,1
497,24,144,3671,0.5,0,1
498,24,144,3323,0.5,0,1
499,24,144,1744,0.5,0,1
500,25,3119,3119,0.5,1,1
501,25,3119,3852,0.5,0,1
502,25,3119,594,0.5,0,1
503,25,3119,2810,0.5,0,1
504,25,3119,2357,0.5,0,1
505,25,3119,3619,0.5,0,1
506,25,3119,2599,0.5,0,1
507,25,3119,3967,0.5,0,1
508,25,3119,1460,0.5,0,1
509,25,3119,1449,0.5,0,1
510,25,3119,3412,0.5,0,1
511,25,3119,1483,0.5,0,1
512,25,3119,1656,0.5,0,1
513,25,3119,2965,0.5,0,1
514,25,3119,1429,0.5,0,1
515,25,3119,2980,0.5,0,1
516,25,3119,3300,0.5,0,1
517,25,3119,968,0.5,0,1
518,25,3119,4048,0.5,0,1
519,25,3119,896,0.5,0,1
520,26,3975,3975,0.5,1,1
521,26,3975,3566,0.5,0,1
522,26,3975,1220,0.5,0,1
523,26,3975,353,0.5,0,1
524,26,3975,1914,0.5,0,1
525,26,3975,697,0.5,0,1
526,26,3975,4039,0.5,0,1
527,26,3975,716,0.5,0,1
528,26,3975,2079,0.5,0,1
529,26,3975,4014,0.5,0,1
530,26,3975,899,0.5,0,1
531,26,3975,2299,0.5,0,1
532,26,3975,1366,0.5,0,1
533,26,3975,799,0.5,0,1
534,26,3975,2966,0.5,0,1
535,26,3975,1340,0.5,0,1
536,26,3975,2122,0.5,0,1
537,26,3975,143,0.5,0,1
538,26,3975,2708,0.5,0,1
539,26,3975,3170,0.5,0,1
540,27,2340,2340,0.5,1,1
541,27,2340,3076,0.5,0,1
542,27,2340,2804,0.5,0,1
543,27,2340,3975,0.5,0,1
544,27,2340,816,0.5,0,1
545,27,2340,2843,0.5,0,1
546,27,2340,3735,0.5,0,1
547,27,2340,3513,0.5,0,1
548,27,2340,648,0.5,0,1
549,27,2340,2643,0.5,0,1
550,27,2340,3501,0.5,0,1
551,27,2340,3830,0.5,0,1
552,27,2340,938,0.5,0,1
553,27,2340,1031,0.5,0,1
554,27,2340,3853,0.5,0,1
555,27,2340,3011,0.5,0,1
556,27,2340,2618,0.5,0,1
557,27,2340,3638,0.5,0,1
558,27,2340,678,0.5,0,1
559,27,2340,872,0.5,0,1
560,28,1919,1919,0.5,1,1
561,28,1919,3065,0.5,0,1
562,28,1919,2639,0.5,0,1
563,28,1919,362,0.5,0,1
564,28,1919,4163,0.5,0,1
565,28,1919,1595,0.5,0,1
566,28,1919,1275,0.5,0,1
567,28,1919,943,0.5,0,1
568,28,1919,2573,0.5,0,1
569,28,1919,2373,0.5,0,1
570,28,1919,3217,0.5,0,1
571,28,1919,3650,0.5,0,1
572,28,1919,1098,0.5,0,1
573,28,1919,208,0.5,0,1
574,28,1919,3121,0.5,0,1
575,28,1919,1783,0.5,0,1
576,28,1919,529,0.5,0,1
577,28,1919,510,0.5,0,1
578,28,1919,507,0.5,0,1
579,28,1919,47,0.5,0,1
580,29,2412,2412,0.5,1,1
581,29,2412,2521,0.5,0,1
582,29,2412,341,0.5,0,1
583,29,2412,3936,0.5,0,1
584,29,2412,3209,0.5,0,1
585,29,2412,3488,0.5,0,1
586,29,2412,1909,0.5,0,1
587,29,2412,3484,0.5,0,1
588,29,2412,794,0.5,0,1
589,29,2412,4100,0.5,0,1
590,29,2412,2908,0.5,0,1
591,29,2412,480,0.5,0,1
592,29,2412,4120,0.5,0,1
593,29,2412,760,0.5,0,1
594,29,2412,141,0.5,0,1
595,29,2412,3157,0.5,0,1
596,29,2412,199,0.5,0,1
597,29,2412,3568,0.5,0,1
598,29,2412,3809,0.5,0,1
599,29,2412,2502,0.5,0,1
600,30,2100,2100,0.5,1,1
601,30,2100,941,0.5,0,1
602,30,2100,2408,0.5,0,1
603,30,2100,386,0.5,0,1
604,30,2100,1677,0.5,0,1
605,30,2100,2268,0.5,0,1
606,30,2100,2346,0.5,0,1
607,30,2100,3455,0.5,0,1
608,30,2100,1610,0.5,0,1
609,30,2100,2896,0.5,0,1
610,30,2100,1597,0.5,0,1
611,30,2100,212,0.5,0,1
612,30,2100,1744,0.5,0,1
613,30,2100,3385,0.5,0,1
614,30,2100,3696,0.5,0,1
615,30,2100,3352,0.5,0,1
616,30,2100,837,0.5,0,1
617,30,2100,3553,0.5,0,1
618,30,2100,3124,0.5,0,1
619,30,2100,3244,0.5,0,1
620,31,3571,3571,0.5,1,1
621,31,3571,545,0.5,0,1
622,31,3571,2928,0.5,0,1
623,31,3571,1669,0.5,0,1
624,31,3571,3584,0.5,0,1
625,31,3571,4099,0.5,0,1
626,31,3571,3366,0.5,0,1
627,31,3571,3712,0.5,0,1
628,31,3571,2793,0.5,0,1
629,31,3571,331,0.5,0,1
630,31,3571,214,0.5,0,1
631,31,3571,957,0.5,0,1
632,31,3571,3564,0.5,0,1
633,31,3571,2510,0.5,0,1
634,31,3571,1262,0.5,0,1
635,31,3571,3049,0.5,0,1
636,31,3571,2933,0.5,0,1
637,31,3571,3167,0.5,0,1
638,31,3571,1069,0.5,0,1
639,31,3571,2417,0.5,0,1
640,32,933,933,0.5,1,1
641,32,933,4106,0.5,0,1
642,32,933,175,0.5,0,1
643,32,933,2767,0.5,0,1
644,32,933,3651,0.5,0,1
645,32,933,3217,0.5,0,1
646,32,933,1765,0.5,0,1
647,32,933,1850,0.5,0,1
648,32,933,570,0.5,0,1
649,32,933,3372,0.5,0,1
650,32,933,462,0.5,0,1
651,32,933,3972,0.5,0,1
652,32,933,981,0.5,0,1
653,32,933,4095,0.5,0,1
654,32,933,3092,0.5,0,1
655,32,933,2713,0.5,0,1
656,32,933,548,0.5,0,1
657,32,933,912,0.5,0,1
658,32,933,2352,0.5,0,1
659,32,933,2925,0.5,0,1
660,33,3475,3475,0.5,1,1
661,33,3475,2660,0.5,0,1
662,33,3475,1922,0.5,0,1
663,33,3475,403,0.5,0,1
664,33,3475,1850,0.5,0,1
665,33,3475,2091,0.5,0,1
666,33,3475,4154,0.5,0,1
667,33,3475,1172,0.5,0,1
668,33,3475,56,0.5,0,1
669,33,3475,3945,0.5,0,1
670,33,3475,3356,0.5,0,1
671,33,3475,367,0.5,0,1
672,33,3475,393,0.5,0,1
673,33,3475,1599,0.5,0,1
674,33,3475,1006,0.5,0,1
675,33,3475,4102,0.5,0,1
676,33,3475,2222,0.5,0,1
677,33,3475,3891,0.5,0,1
678,33,3475,3057,0.5,0,1
679,33,3475,2711,0.5,0,1
680,34,888,888,0.5,1,1
681,34,888,2133,0.5,0,1
682,34,888,3450,0.5,0,1
683,34,888,1195,0.5,0,1
684,34,888,3679,0.5,0,1
685,34,888,2364,0.5,0,1
686,34,888,1446,0.5,0,1
687,34,888,364,0.5,0,1
688,34,888,244,0.5,0,1
689,34,888,1147,0.5,0,1
690,34,888,2662,0.5,0,1
691,34,888,2688,0.5,0,1
692,34,888,891,0.5,0,1
693,34,888,1913,0.5,0,1
694,34,888,190,0.5,0,1
695,34,888,2747,0.5,0,1
696,34,888,2640,0.5,0,1
697,34,888,424,0.5,0,1
698,34,888,2590,0.5,0,1
699,34,888,3015,0.5,0,1
700,35,2916,2916,0.5,1,1
701,35,2916,2225,0.5,0,1
702,35,2916,4023,0.5,0,1
703,35,2916,576,0.5,0,1
704,35,2916,2275,0.5,0,1
705,35,2916,134,0.5,0,1
706,35,2916,3684,0.5,0,1
707,35,2916,3499,0.5,0,1
708,35,2916,1360,0.5,0,1
709,35,2916,2061,0.5,0,1
710,35,2916,2233,0.5,0,1
711,35,2916,3812,0.5,0,1
712,35,2916,82,0.5,0,1
713,35,2916,693,0.5,0,1
714,35,2916,1123,0.5,0,1
715,35,2916,135,0.5,0,1
716,35,2916,2388,0.5,0,1
717,35,2916,2222,0.5,0,1
718,35,2916,47,0.5,0,1
719,35,2916,3025,0.5,0,1
720,36,3855,3855,0.5,1,1
721,36,3855,2876,0.5,0,1
722,36,3855,3537,0.5,0,1
723,36,3855,1002,0.5,0,1
724,36,3855,2131,0.5,0,1
725,36,3855,1916,0.5,0,1
726,36,3855,2192,0.5,0,1
727,36,3855,341,0.5,0,1
728,36,3855,3921,0.5,0,1
729,36,3855,585,0.5,0,1
730,36,3855,669,0.5,0,1
731,36,3855,2189,0.5,0,1
732,36,3855,2329,0.5,0,1
733,36,3855,297,0.5,0,1
734,36,3855,3388,0.5,0,1
735,36,3855,663,0.5,0,1
736,36,3855,1918,0.5,0,1
737,36,3855,1266,0.5,0,1
738,36,3855,316,0.5,0,1
739,36,3855,4002,0.5,0,1
740,37,1051,1051,0.5,1,1
741,37,1051,621,0.5,0,1
742,37,1051,3023,0.5,0,1
743,37,1051,2449,0.5,0,1
744,37,1051,99,0.5,0,1
745,37,1051,2779,0.5,0,1
746,37,1051,1092,0.5,0,1
747,37,1051,208,0.5,0,1
748,37,1051,1073,0.5,0,1
749,37,1051,3526,0.5,0,1
750,37,1051,546,0.5,0,1
751,37,1051,2902,0.5,0,1
752,37,1051,3279,0.5,0,1
753,37,1051,2304,0.5,0,1
754,37,1051,259,0.5,0,1
755,37,1051,1216,0.5,0,1
756,37,1051,1930,0.5,0,1
757,37,1051,3412,0.5,0,1
758,37,1051,3807,0.5,0,1
759,37,1051,1429,0.5,0,1
760,38,295,295,0.5,1,1
761,38,295,844,0.5,0,1
762,38,295,1079,0.5,0,1
763,38,295,798,0.5,0,1
764,38,295,2248,0.5,0,1
765,38,295,1485,0.5,0,1
766,38,295,1891,0.5,0,1
767,38,295,615,0.5,0,1
768,38,295,3407,0.5,0,1
769,38,295,3137,0.5,0,1
770,38,295,4128,0.5,0,1
771,38,295,2636,0.5,0,1
772,38,295,3846,0.5,0,1
773,38,295,1644,0.5,0,1
774,38,295,461,0.5,0,1
775,38,295,1736,0.5,0,1
776,38,295,123,0.5,0,1
777,38,295,3758,0.5,0,1
778,38,295,1032,0.5,0,1
779,38,295,1561,0.5,0,1
780,39,3702,3702,0.5,1,1
781,39,3702,234,0.5,0,1
782,39,3702,2374,0.5,0,1
783,39,3702,3032,0.5,0,1
784,39,3702,3212,0.5,0,1
785,39,3702,2803,0.5,0,1
786,39,3702,962,0.5,0,1
787,39,3702,3597,0.5,0,1
788,39,3702,2135,0.5,0,1
789,39,3702,517,0.5,0,1
790,39,3702,2362,0.5,0,1
791,39,3702,1807,0.5,0,1
792,39,3702,3306,0.5,0,1
793,39,3702,2665,0.5,0,1
794,39,3702,507,0.5,0,1
795,39,3702,2174,0.5,0,1
796,39,3702,768,0.5,0,1
797,39,3702,2750,0.5,0,1
798,39,3702,3082,0.5,0,1
799,39,3702,576,0.5,0,1
800,40,3074,3074,0.5,1,1
801,40,3074,1184,0.5,0,1
802,40,3074,2700,0.5,0,1
803,40,3074,1443,0.5,0,1
804,40,3074,105,0.5,0,1
805,40,3074,2783,0.5,0,1
806,40,3074,2171,0.5,0,1
807,40,3074,1201,0.5,0,1
808,40,3074,2688,0.5,0,1
809,40,3074,3514,0.5,0,1
810,40,3074,1006,0.5,0,1
811,40,3074,1961,0.5,0,1
812,40,3074,3644,0.5,0,1
813,40,3074,1684,0.5,0,1
814,40,3074,3391,0.5,0,1
815,40,3074,3643,0.5,0,1
816,40,3074,2702,0.5,0,1
817,40,3074,2187,0.5,0,1
818,40,3074,2224,0.5,0,1
819,40,3074,1859,0.5,0,1
820,41,4007,4007,0.5,1,1
821,41,4007,2629,0.5,0,1
822,41,4007,3619,0.5,0,1
823,41,4007,2295,0.5,0,1
824,41,4007,3375,0.5,0,1
825,41,4007,1475,0.5,0,1
826,41,4007,69,0.5,0,1
827,41,4007,3959,0.5,0,1
828,41,4007,823,0.5,0,1
829,41,4007,1112,0.5,0,1
830,41,4007,578,0.5,0,1
831,41,4007,3466,0.5,0,1
832,41,4007,106,0.5,0,1
833,41,4007,3403,0.5,0,1
834,41,4007,2203,0.5,0,1
835,41,4007,2922,0.5,0,1
836,41,4007,2432,0.5,0,1
837,41,4007,2654,0.5,0,1
838,41,4007,71,0.5,0,1
839,41,4007,491,0.5,0,1
840,42,606,606,0.5,1,1
841,42,606,4113,0.5,0,1
842,42,606,1762,0.5,0,1
843,42,606,811,0.5,0,1
844,42,606,3299,0.5,0,1
845,42,606,3275,0.5,0,1
846,42,606,4061,0.5,0,1
847,42,606,3447,0.5,0,1
848,42,606,3184,0.5,0,1
849,42,606,3053,0.5,0,1
850,42,606,319,0.5,0,1
851,42,606,1050,0.5,0,1
852,42,606,1152,0.5,0,1
853,42,606,2872,0.5,0,1
854,42,606,1512,0.5,0,1
855,42,606,485,0.5,0,1
856,42,606,3982,0.5,0,1
857,42,606,283,0.5,0,1
858,42,606,2142,0.5,0,1
859,42,606,111,0.5,0,1
860,43,1932,1932,0.5,1,1
861,43,1932,168,0.5,0,1
862,43,1932,3794,0.5,0,1
863,43,1932,3665,0.5,0,1
864,43,1932,1256,0.5,0,1
865,43,1932,1652,0.5,0,1
866,43,1932,4025,0.5,0,1
867,43,1932,1991,0.5,0,1
868,43,1932,4106,0.5,0,1
869,43,1932,1370,0.5,0,1
870,43,1932,196,0.5,0,1
871,43,1932,178,0.5,0,1
872,43,1932,3297,0.5,0,1
873,43,1932,1190,0.5,0,1
874,43,1932,1638,0.5,0,1
875,43,1932,3444,0.5,0,1
876,43,1932,3536,0.5,0,1
877,43,1932,704,0.5,0,1
878,43,1932,514,0.5,0,1
879,43,1932,143,0.5,0,1
880,44,3205,3205,0.5,1,1
881,44,3205,3480,0.5,0,1
882,44,3205,3292,0.5,0,1
883,44,3205,1650,0.5,0,1
884,44,3205,1830,0.5,0,1
885,44,3205,1878,0.5,0,1
886,44,3205,1825,0.5,0,1
887,44,3205,1971,0.5,0,1
888,44,3205,3110,0.5,0,1
889,44,3205,1145,0.5,0,1
890,44,3205,2351,0.5,0,1
891,44,3205,3238,0.5,0,1
892,44,3205,3691,0.5,0,1
893,44,3205,3420,0.5,0,1
894,44,3205,3433,0.5,0,1
895,44,3205,105,0.5,0,1
896,44,3205,926,0.5,0,1
897,44,3205,3003,0.5,0,1
898,44,3205,120,0.5,0,1
899,44,3205,3520,0.5,0,1
900,45,16,16,0.5,1,1
901,45,16,4005,0.5,0,1
902,45,16,3695,0.5,0,1
903,45,16,1616,0.5,0,1
904,45,16,871,0.5,0,1
905,45,16,3019,0.5,0,1
906,45,16,1050,0.5,0,1
907,45,16,875,0.5,0,1
908,45,16,1060,0.5,0,1
909,45,16,3042,0.5,0,1
910,45,16,4131,0.5,0,1
911,45,16,368,0.5,0,1
912,45,16,3970,0.5,0,1
913,45,16,725,0.5,0,1
914,45,16,102,0.5,0,1
915,45,16,3910,0.5,0,1
916,45,16,841,0.5,0,1
917,45,16,3389,0.5,0,1
918,45,16,2563,0.5,0,1
919,45,16,295,0.5,0,1
920,46,54,54,0.5,1,1
921,46,54,2531,0.5,0,1
922,46,54,2748,0.5,0,1
923,46,54,3168,0.5,0,1
924,46,54,1179,0.5,0,1
925,46,54,2536,0.5,0,1
926,46,54,2301,0.5,0,1
927,46,54,2842,0.5,0,1
928,46,54,1729,0.5,0,1
929,46,54,3976,0.5,0,1
930,46,54,235,0.5,0,1
931,46,54,1646,0.5,0,1
932,46,54,2993,0.5,0,1
933,46,54,3124,0.5,0,1
934,46,54,4036,0.5,0,1
935,46,54,454,0.5,0,1
936,46,54,4080,0.5,0,1
937,46,54,2430,0.5,0,1
938,46,54,1629,0.5,0,1
939,46,54,4049,0.5,0,1
940,47,3969,3969,0.5,1,1
941,47,3969,238,0.5,0,1
942,47,3969,2786,0.5,0,1
943,47,3969,939,0.5,0,1
944,47,3969,960,0.5,0,1
945,47,3969,3832,0.5,0,1
946,47,3969,3428,0.5,0,1
947,47,3969,1698,0.5,0,1
948,47,3969,811,0.5,0,1
949,47,3969,4008,0.5,0,1
950,47,3969,1124,0.5,0,1
951,47,3969,2430,0.5,0,1
952,47,3969,1194,0.5,0,1
953,47,3969,1767,0.5,0,1
954,47,3969,1252,0.5,0,1
955,47,3969,4073,0.5,0,1
956,47,3969,3486,0.5,0,1
957,47,3969,1969,0.5,0,1
958,47,3969,3720,0.5,0,1
959,47,3969,1876,0.5,0,1
960,48,3224,3224,0.5,1,1
961,48,3224,1464,0.5,0,1
962,48,3224,644,0.5,0,1
963,48,3224,3683,0.5,0,1
964,48,3224,3495,0.5,0,1
965,48,3224,3535,0.5,0,1
966,48,3224,1741,0.5,0,1
967,48,3224,1561,0.5,0,1
968,48,3224,2477,0.5,0,1
969,48,3224,1278,0.5,0,1
970,48,3224,117,0.5,0,1
971,48,3224,2547,0.5,0,1
972,48,3224,2485,0.5,0,1
973,48,3224,2060,0.5,0,1
974,48,3224,2016,0.5,0,1
975,48,3224,478,0.5,0,1
976,48,3224,3517,0.5,0,1
977,48,3224,758,0.5,0,1
978,48,3224,2638,0.5,0,1
979,48,3224,3000,0.5,0,1
980,49,1567,1567,0.5,1,1
981,49,1567,3504,0.5,0,1
982,49,1567,1269,0.5,0,1
983,49,1567,965,0.5,0,1
984,49,1567,1671,0.5,0,1
985,49,1567,2981,0.5,0,1
986,49,1567,3007,0.5,0,1
987,49,1567,786,0.5,0,1
988,49,1567,1652,0.5,0,1
989,49,1567,309,0.5,0,1
990,49,1567,2066,0.5,0,1
991,49,1567,676,0.5,0,1
992,49,1567,1170,0.5,0,1
993,49,1567,912,0.5,0,1
994,49,1567,1426,0.5,0,1
995,49,1567,975,0.5,0,1
996,49,1567,1486,0.5,0,1
997,49,1567,3844,0.5,0,1
998,49,1567,756,0.5,0,1
999,49,1567,1986,0.5,0,1
1000,50,3919,3919,0.5,1,1
1001,50,3919,3352,0.5,0,1
1002,50,3919,2577,0.5,0,1
1003,50,3919,3210,0.5,0,1
1004,50,3919,603,0.5,0,1
1005,50,3919,3368,0.5,0,1
1006,50,3919,105,0.5,0,1
1007,50,3919,141,0.5,0,1
1008,50,3919,1133,0.5,0,1
1009,50,3919,2595,0.5,0,1
1010,50,3919,1051,0.5,0,1
1011,50,3919,3898,0.5,0,1
1012,50,3919,2884,0.5,0,1
1013,50,3919,2862,0.5,0,1
1014,50,3919,878,0.5,0,1
1015,50,3919,3780,0.5,0,1
1016,50,3919,226,0.5,0,1
1017,50,3919,1994,0.5,0,1
1018,50,3919,3508,0.5,0,1
1019,50,3919,3839,0.5,0,1
1020,51,178,178,0.5,1,1
1021,51,178,2132,0.5,0,1
1022,51,178,1605,0.5,0,1
1023,51,178,1143,0.5,0,1
1024,51,178,2258,0.5,0,1
1025,51,178,3604,0.5,0,1
1026,51,178,3309,0.5,0,1
1027,51,178,1171,0.5,0,1
1028,51,178,2018,0.5,0,1
1029,51,178,1410,0.5,0,1
1030,51,178,3549,0.5,0,1
1031,51,178,30,0.5,0,1
1032,51,178,3620,0.5,0,1
1033,51,178,3253,0.5,0,1
1034,51,178,1717,0.5,0,1
1035,51,178,933,0.5,0,1
1036,51,178,2744,0.5,0,1
1037,51,178,58,0.5,0,1
1038,51,178,3033,0.5,0,1
1039,51,178,2507,0.5,0,1
1040,52,420,420,0.5,1,1
1041,52,420,2078,0.5,0,1
1042,52,420,3573,0.5,0,1
1043,52,420,2983,0.5,0,1
1044,52,420,1553,0.5,0,1
1045,52,420,1969,0.5,0,1
1046,52,420,3724,0.5,0,1
1047,52,420,3417,0.5,0,1
1048,52,420,725,0.5,0,1
1049,52,420,261,0.5,0,1
1050,52,420,1315,0.5,0,1
1051,52,420,3896,0.5,0,1
1052,52,420,1492,0.5,0,1
1053,52,420,3669,0.5,0,1
1054,52,420,1827,0.5,0,1
1055,52,420,666,0.5,0,1
1056,52,420,58,0.5,0,1
1057,52,420,3437,0.5,0,1
1058,52,420,3980,0.5,0,1
1059,52,420,2313,0.5,0,1
1060,53,1736,1736,0.5,1,1
1061,53,1736,3006,0.5,0,1
1062,53,1736,2791,0.5,0,1
1063,53,1736,2305,0.5,0,1
1064,53,1736,1959,0.5,0,1
1065,53,1736,2529,0.5,0,1
1066,53,1736,1352,0.5,0,1
1067,53,1736,1833,0.5,0,1
1068,53,1736,224,0.5,0,1
1069,53,1736,1176,0.5,0,1
1070,53,1736,1215,0.5,0,1
1071,53,1736,4059,0.5,0,1
1072,53,1736,3654,0.5,0,1
1073,53,1736,2141,0.5,0,1
1074,53,1736,356,0.5,0,1
1075,53,1736,90,0.5,0,1
1076,53,1736,3849,0.5,0,1
1077,53,1736,1272,0.5,0,1
1078,53,1736,1219,0.5,0,1
1079,53,1736,3150,0.5,0,1
1080,54,2446,2446,0.5,1,1
1081,54,2446,2484,0.5,0,1
1082,54,2446,4089,0.5,0,1
1083,54,2446,1353,0.5,0,1
1084,54,2446,816,0.5,0,1
1085,54,2446,2827,0.5,0,1
1086,54,2446,0,0.5,0,1
1087,54,2446,1008,0.5,0,1
1088,54,2446,629,0.5,0,1
1089,54,2446,3201,0.5,0,1
1090,54,2446,3780,0.5,0,1
1091,54,2446,994,0.5,0,1
1092,54,2446,3116,0.5,0,1
1093,54,2446,2662,0.5,0,1
1094,54,2446,787,0.5,0,1
1095,54,2446,3752,0.5,0,1
1096,54,2446,3697,0.5,0,1
1097,54,2446,351,0.5,0,1
1098,54,2446,4094,0.5,0,1
1099,54,2446,3434,0.5,0,1
1100,55,3179,3179,0.5,1,1
1101,55,3179,3570,0.5,0,1
1102,55,3179,3242,0.5,0,1
1103,55,3179,3138,0.5,0,1
1104,55,3179,702,0.5,0,1
1105,55,3179,2089,0.5,0,1
1106,55,3179,3071,0.5,0,1
1107,55,3179,766,0.5,0,1
1108,55,3179,1079,0.5,0,1
1109,55,3179,3619,0.5,0,1
1110,55,3179,3434,0.5,0,1
1111,55,3179,2911,0.5,0,1
1112,55,3179,1963,0.5,0,1
1113,55,3179,300,0.5,0,1
1114,55,3179,877,0.5,0,1
1115,55,3179,2174,0.5,0,1
1116,55,3179,1187,0.5,0,1
1117,55,3179,104,0.5,0,1
1118,55,3179,3530,0.5,0,1
1119,55,3179,910,0.5,0,1
1120,56,1368,1368,0.5,1,1
1121,56,1368,3173,0.5,0,1
1122,56,1368,829,0.5,0,1
1123,56,1368,3648,0.5,0,1
1124,56,1368,3105,0.5,0,1
1125,56,1368,2820,0.5,0,1
1126,56,1368,1290,0.5,0,1
1127,56,1368,668,0.5,0,1
1128,56,1368,1664,0.5,0,1
1129,56,1368,420,0.5,0,1
1130,56,1368,2251,0.5,0,1
1131,56,1368,2426,0.5,0,1
1132,56,1368,2578,0.5,0,1
1133,56,1368,3983,0.5,0,1
1134,56,1368,3675,0.5,0,1
1135,56,1368,3088,0.5,0,1
1136,56,1368,726,0.5,0,1
1137,56,1368,117,0.5,0,1
1138,56,1368,2817,0.5,0,1
1139,56,1368,3114,0.5,0,1
1140,57,1327,1327,0.5,1,1
1141,57,1327,111,0.5,0,1
1142,57,1327,372,0.5,0,1
1143,57,1327,89,0.5,0,1
1144,57,1327,2895,0.5,0,1
1145,57,1327,2600,0.5,0,1
1146,57,1327,291,0.5,0,1
1147,57,1327,3213,0.5,0,1
1148,57,1327,2956,0.5,0,1
1149,57,1327,1574,0.5,0,1
1150,57,1327,2423,0.5,0,1
1151,57,1327,2383,0.5,0,1
1152,57,1327,3735,0.5,0,1
1153,57,1327,3318,0.5,0,1
1154,57,1327,777,0.5,0,1
1155,57,1327,12,0.5,0,1
1156,57,1327,1296,0.5,0,1
1157,57,1327,3475,0.5,0,1
1158,57,1327,3156,0.5,0,1
1159,57,1327,179,0.5,0,1
1160,58,1882,1882,0.5,1,1
1161,58,1882,2837,0.5,0,1
1162,58,1882,1153,0.5,0,1
1163,58,1882,3183,0.5,0,1
1164,58,1882,3353,0.5,0,1
1165,58,1882,3447,0.5,0,1
1166,58,1882,2624,0.5,0,1
1167,58,1882,3301,0.5,0,1
1168,58,1882,762,0.5,0,1
1169,58,1882,263,0.5,0,1
1170,58,1882,3729,0.5,0,1
1171,58,1882,1969,0.5,0,1
1172,58,1882,2043,0.5,0,1
1173,58,1882,186,0.5,0,1
1174,58,1882,2211,0.5,0,1
1175,58,1882,1904,0.5,0,1
1176,58,1882,345,0.5,0,1
1177,58,1882,1652,0.5,0,1
1178,58,1882,3958,0.5,0,1
1179,58,1882,1045,0.5,0,1
1180,59,3306,3306,0.5,1,1
1181,59,3306,436,0.5,0,1
1182,59,3306,2532,0.5,0,1
1183,59,3306,1583,0.5,0,1
1184,59,3306,433,0.5,0,1
1185,59,3306,905,0.5,0,1
1186,59,3306,404,0.5,0,1
1187,59,3306,2977,0.5,0,1
1188,59,3306,337,0.5,0,1
1189,59,3306,240,0.5,0,1
1190,59,3306,1096,0.5,0,1
1191,59,3306,2752,0.5,0,1
1192,59,3306,885,0.5,0,1
1193,59,3306,3994,0.5,0,1
1194,59,3306,967,0.5,0,1
1195,59,3306,227,0.5,0,1
1196,59,3306,2036,0.5,0,1
1197,59,3306,2816,0.5,0,1
1198,59,3306,1847,0.5,0,1
1199,59,3306,2210,0.5,0,1
1200,60,2841,2841,0.5,1,1
1201,60,2841,3470,0.5,0,1
1202,60,2841,3310,0.5,0,1
1203,60,2841,1365,0.5,0,1
1204,60,2841,3479,0.5,0,1
1205,60,2841,66,0.5,0,1
1206,60,2841,394,0.5,0,1
1207,60,2841,2085,0.5,0,1
1208,60,2841,580,0.5,0,1
1209,60,2841,650,0.5,0,1
1210,60,2841,2915,0.5,0,1
1211,60,2841,829,0.5,0,1
1212,60,2841,1772,0.5,0,1
1213,60,2841,856,0.5,0,1
1214,60,2841,2863,0.5,0,1
1215,60,2841,399,0.5,0,1
1216,60,2841,3653,0.5,0,1
1217,60,2841,1269,0.5,0,1
1218,60,2841,675,0.5,0,1
1219,60,2841,307,0.5,0,1
1220,61,508,508,0.5,1,1
1221,61,508,2908,0.5,0,1
1222,61,508,3161,0.5,0,1
1223,61,508,3925,0.5,0,1
1224,61,508,3980,0.5,0,1
1225,61,508,3260,0.5,0,1
1226,61,508,649,0.5,0,1
1227,61,508,2444,0.5,0,1
1228,61,508,1500,0.5,0,1
1229,61,508,869,0.5,0,1
1230,61,508,3534,0.5,0,1
1231,61,508,128,0.5,0,1
1232,61,508,1944,0.5,0,1
1233,61,508,2336,0.5,0,1
1234,61,508,1022,0.5,0,1
1235,61,508,1770,0.5,0,1
1236,61,508,2969,0.5,0,1
1237,61,508,3524,0.5,0,1
1238,61,508,3753,0.5,0,1
1239,61,508,2035,0.5,0,1
1240,62,3612,3612,0.5,1,1
1241,62,3612,2285,0.5,0,1
1242,62,3612,4016,0.5,0,1
1243,62,3612,280,0.5,0,1
1244,62,3612,3044,0.5,0,1
1245,62,3612,2775,0.5,0,1
1246,62,3612,2466,0.5,0,1
1247,62,3612,3376,0.5,0,1
1248,62,3612,1962,0.5,0,1
1249,62,3612,153,0.5,0,1
1250,62,3612,1064,0.5,0,1
1251,62,3612,1976,0.5,0,1
1252,62,3612,2916,0.5,0,1
1253,62,3612,1478,0.5,0,1
1254,62,3612,3501,0.5,0,1
1255,62,3612,3405,0.5,0,1
1256,62,3612,3827,0.5,0,1
1257,62,3612,452,0.5,0,1
1258,62,3612,2854,0.5,0,1
1259,62,3612,3445,0.5,0,1
1260,63,962,962,0.5,1,1
1261,63,962,609,0.5,0,1
1262,63,962,2080,0.5,0,1
1263,63,962,2406,0.5,0,1
1264,63,962,80,0.5,0,1
1265,63,962,2598,0.5,0,1
1266,63,962,720,0.5,0,1
1267,63,962,1700,0.5,0,1
1268,63,962,574,0.5,0,1
1269,63,962,923,0.5,0,1
1270,63,962,83,0.5,0,1
1271,63,962,297,0.5,0,1
1272,63,962,1721,0.5,0,1
1273,63,962,1542,0.5,0,1
1274,63,962,2593,0.5,0,1
1275,63,962,1038,0.5,0,1
1276,63,962,1422,0.5,0,1
1277,63,962,2479,0.5,0,1
1278,63,962,126,0.5,0,1
1279,63,962,2481,0.5,0,1
1280,64,3637,3637,0.5,1,1
1281,64,3637,4176,0.5,0,1
1282,64,3637,1911,0.5,0,1
1283,64,3637,3670,0.5,0,1
1284,64,3637,1570,0.5,0,1
1285,64,3637,915,0.5,0,1
1286,64,3637,2371,0.5,0,1
1287,64,3637,1799,0.5,0,1
1288,64,3637,3332,0.5,0,1
1289,64,3637,1749,0.5,0,1
1290,64,3637,3221,0.5,0,1
1291,64,3637,1447,0.5,0,1
1292,64,3637,992,0.5,0,1
1293,64,3637,738,0.5,0,1
1294,64,3637,3413,0.5,0,1
1295,64,3637,2997,0.5,0,1
1296,64,3637,468,0.5,0,1
1297,64,3637,1132,0.5,0,1
1298,64,3637,4160,0.5,0,1
1299,64,3637,255,0.5,0,1
1300,65,3432,3432,0.5,1,1
1301,65,3432,1201,0.5,0,1
1302,65,3432,1249,0.5,0,1
1303,65,3432,1427,0.5,0,1
1304,65,3432,108,0.5,0,1
1305,65,3432,2906,0.5,0,1
1306,65,3432,3184,0.5,0,1
1307,65,3432,1759,0.5,0,1
1308,65,3432,2349,0.5,0,1
1309,65,3432,3972,0.5,0,1
1310,65,3432,647,0.5,0,1
1311,65,3432,2787,0.5,0,1
1312,65,3432,71,0.5,0,1
1313,65,3432,1671,0.5,0,1
1314,65,3432,759,0.5,0,1
1315,65,3432,3428,0.5,0,1
1316,65,3432,4046,0.5,0,1
1317,65,3432,3663,0.5,0,1
1318,65,3432,3657,0.5,0,1
1319,65,3432,1228,0.5,0,1
1320,66,3021,3021,0.5,1,1
1321,66,3021,3874,0.5,0,1
1322,66,3021,3929,0.5,0,1
1323,66,3021,2847,0.5,0,1
1324,66,3021,274,0.5,0,1
1325,66,3021,1146,0.5,0,1
1326,66,3021,3185,0.5,0,1
1327,66,3021,813,0.5,0,1
1328,66,3021,537,0.5,0,1
1329,66,3021,1268,0.5,0,1
1330,66,3021,1016,0.5,0,1
1331,66,3021,136,0.5,0,1
1332,66,3021,1044,0.5,0,1
1333,66,3021,1810,0.5,0,1
1334,66,3021,180,0.5,0,1
1335,66,3021,1017,0.5,0,1
1336,66,3021,2893,0.5,0,1
1337,66,3021,2779,0.5,0,1
1338,66,3021,328,0.5,0,1
1339,66,3021,2,0.5,0,1
1340,67,2524,2524,0.5,1,1
1341,67,2524,2548,0.5,0,1
1342,67,2524,4101,0.5,0,1
1343,67,2524,2297,0.5,0,1
1344,67,2524,2777,0.5,0,1
1345,67,2524,1312,0.5,0,1
1346,67,2524,3439,0.5,0,1
1347,67,2524,2593,0.5,0,1
1348,67,2524,2629,0.5,0,1
1349,67,2524,333,0.5,0,1
1350,67,2524,3292,0.5,0,1
1351,67,2524,1461,0.5,0,1
1352,67,2524,789,0.5,0,1
1353,67,2524,2809,0.5,0,1
1354,67,2524,2371,0.5,0,1
1355,67,2524,614,0.5,0,1
1356,67,2524,3881,0.5,0,1
1357,67,2524,1233,0.5,0,1
1358,67,2524,164,0.5,0,1
1359,67,2524,1979,0.5,0,1
1360,68,4025,4025,0.5,1,1
1361,68,4025,3885,0.5,0,1
1362,68,4025,1585,0.5,0,1
1363,68,4025,229,0.5,0,1
1364,68,4025,1773,0.5,0,1
1365,68,4025,935,0.5,0,1
1366,68,4025,371,0.5,0,1
1367,68,4025,1375,0.5,0,1
1368,68,4025,752,0.5,0,1
1369,68,4025,62,0.5,0,1
1370,68,4025,1586,0.5,0,1
1371,68,4025,3903,0.5,0,1
1372,68,4025,798,0.5,0,1
1373,68,4025,1465,0.5,0,1
1374,68,4025,2346,0.5,0,1
1375,68,4025,569,0.5,0,1
1376,68,4025,2957,0.5,0,1
1377,68,4025,1982,0.5,0,1
1378,68,4025,155,0.5,0,1
1379,68,4025,147,0.5,0,1
1380,69,3326,3326,0.5,1,1
1381,69,3326,3485,0.5,0,1
1382,69,3326,2916,0.5,0,1
1383,69,3326,1322,0.5,0,1
1384,69,3326,204,0.5,0,1
1385,69,3326,4175,0.5,0,1
1386,69,3326,1112,0.5,0,1
1387,69,3326,2660,0.5,0,1
1388,69,3326,2896,0.5,0,1
1389,69,3326,2292,0.5,0,1
1390,69,3326,2094,0.5,0,1
1391,69,3326,335,0.5,0,1
1392,69,3326,3793,0.5,0,1
1393,69,3326,2004,0.5,0,1
1394,69,3326,3679,0.5,0,1
1395,69,3326,2164,0.5,0,1
1396,69,3326,2261,0.5,0,1
1397,69,3326,3982,0.5,0,1
1398,69,3326,960,0.5,0,1
1399,69,3326,552,0.5,0,1
1400,70,155,155,0.5,1,1
1401,70,155,2631,0.5,0,1
1402,70,155,2798,0.5,0,1
1403,70,155,2762,0.5,0,1
1404,70,155,3918,0.5,0,1
1405,70,155,3188,0.5,0,1
1406,70,155,3418,0.5,0,1
1407,70,155,275,0.5,0,1
1408,70,155,1465,0.5,0,1
1409,70,155,2060,0.5,0,1
1410,70,155,3023,0.5,0,1
1411,70,155,844,0.5,0,1
1412,70,155,2347,0.5,0,1
1413,70,155,1429,0.5,0,1
1414,70,155,4070,0.5,0,1
1415,70,155,332,0.5,0,1
1416,70,155,1032,0.5,0,1
1417,70,155,3791,0.5,0,1
1418,70,155,3620,0.5,0,1
1419,70,155,3302,0.5,0,1
1420,71,578,578,0.5,1,1
1421,71,578,3267,0.5,0,1
1422,71,578,1268,0.5,0,1
1423,71,578,2481,0.5,0,1
1424,71,578,3788,0.5,0,1
1425,71,578,3643,0.5,0,1
1426,71,578,3376,0.5,0,1
1427,71,578,1394,0.5,0,1
1428,71,578,2500,0.5,0,1
1429,71,578,2257,0.5,0,1
1430,71,578,1618,0.5,0,1
1431,71,578,1814,0.5,0,1
1432,71,578,868,0.5,0,1
1433,71,578,2347,0.5,0,1
1434,71,578,1842,0.5,0,1
1435,71,578,950,0.5,0,1
1436,71,578,2087,0.5,0,1
1437,71,578,4094,0.5,0,1
1438,71,578,597,0.5,0,1
1439,71,578,787,0.5,0,1
1440,72,1315,1315,0.5,1,1
1441,72,1315,617,0.5,0,1
1442,72,1315,3942,0.5,0,1
1443,72,1315,1572,0.5,0,1
1444,72,1315,3188,0.5,0,1
1445,72,1315,64,0.5,0,1
1446,72,1315,746,0.5,0,1
1447,72,1315,2866,0.5,0,1
1448,72,1315,489,0.5,0,1
1449,72,1315,559,0.5,0,1
1450,72,1315,432,0.5,0,1
1451,72,1315,3712,0.5,0,1
1452,72,1315,4146,0.5,0,1
1453,72,1315,2998,0.5,0,1
1454,72,1315,941,0.5,0,1
1455,72,1315,2328,0.5,0,1
1456,72,1315,2535,0.5,0,1
1457,72,1315,1691,0.5,0,1
1458,72,1315,17,0.5,0,1
1459,72,1315,1802,0.5,0,1
1460,73,4178,4178,0.5,1,1
1461,73,4178,777,0.5,0,1
1462,73,4178,1862,0.5,0,1
1463,73,4178,1064,0.5,0,1
1464,73,4178,1131,0.5,0,1
1465,73,4178,848,0.5,0,1
1466,73,4178,1211,0.5,0,1
1467,73,4178,1998,0.5,0,1
1468,73,4178,306,0.5,0,1
1469,73,4178,1230,0.5,0,1
1470,73,4178,221,0.5,0,1
1471,73,4178,2641,0.5,0,1
1472,73,4178,3664,0.5,0,1
1473,73,4178,332,0.5,0,1
1474,73,4178,1376,0.5,0,1
1475,73,4178,3771,0.5,0,1
1476,73,4178,3631,0.5,0,1
1477,73,4178,1251,0.5,0,1
1478,73,4178,68,0.5,0,1
1479,73,4178,1187,0.5,0,1
1480,74,2341,2341,0.5,1,1
1481,74,2341,2386,0.5,0,1
1482,74,2341,1579,0.5,0,1
1483,74,2341,2354,0.5,0,1
1484,74,2341,3630,0.5,0,1
1485,74,2341,511,0.5,0,1
1486,74,2341,302,0.5,0,1
1487,74,2341,1126,0.5,0,1
1488,74,2341,3753,0.5,0,1
1489,74,2341,2805,0.5,0,1
1490,74,2341,3709,0.5,0,1
1491,74,2341,3992,0.5,0,1
1492,74,2341,3723,0.5,0,1
1493,74,2341,909,0.5,0,1
1494,74,2341,2207,0.5,0,1
1495,74,2341,1519,0.5,0,1
1496,74,2341,3273,0.5,0,1
1497,74,2341,1292,0.5,0,1
1498,74,2341,3306,0.5,0,1
1499,74,2341,2295,0.5,0,1
1500,75,3788,3788,0.5,1,1
1501,75,3788,1794,0.5,0,1
1502,75,3788,318,0.5,0,1
1503,75,3788,3732,0.5,0,1
1504,75,3788,1704,0.5,0,1
1505,75,3788,1875,0.5,0,1
1506,75,3788,477,0.5,0,1
1507,75,3788,687,0.5,0,1
1508,75,3788,3447,0.5,0,1
1509,75,3788,1438,0.5,0,1
1510,75,3788,195,0.5,0,1
1511,75,3788,1319,0.5,0,1
1512,75,3788,558,0.5,0,1
1513,75,3788,1498,0.5,0,1
1514,75,3788,2593,0.5,0,1
1515,75,3788,3043,0.5,0,1
1516,75,3788,3868,0.5,0,1
1517,75,3788,2712,0.5,0,1
1518,75,3788,3453,0.5,0,1
1519,75,3788,1291,0.5,0,1
1520,76,1964,1964,0.5,1,1
1521,76,1964,4122,0.5,0,1
1522,76,1964,2575,0.5,0,1
1523,76,1964,2246,0.5,0,1
1524,76,1964,844,0.5,0,1
1525,76,1964,407,0.5,0,1
1526,76,1964,2042,0.5,0,1
1527,76,1964,2200,0.5,0,1
1528,76,1964,1597,0.5,0,1
1529,76,1964,1541,0.5,0,1
1530,76,1964,3411,0.5,0,1
1531,76,1964,570,0.5,0,1
1532,76,1964,3384,0.5,0,1
1533,76,1964,266,0.5,0,1
1534,76,1964,4097,0.5,0,1
1535,76,1964,3108,0.5,0,1
1536,76,1964,1623,0.5,0,1
1537,76,1964,1507,0.5,0,1
1538,76,1964,1504,0.5,0,1
1539,76,1964,1256,0.5,0,1
1540,77,3664,3664,0.5,1,1
1541,77,3664,1082,0.5,0,1
1542,77,3664,1240,0.5,0,1
1543,77,3664,1635,0.5,0,1
1544,77,3664,3237,0.5,0,1
1545,77,3664,65,0.5,0,1
1546,77,3664,434,0.5,0,1
1547,77,3664,4098,0.5,0,1
1548,77,3664,3652,0.5,0,1
1549,77,3664,1649,0.5,0,1
1550,77,3664,3667,0.5,0,1
1551,77,3664,2262,0.5,0,1
1552,77,3664,1924,0.5,0,1
1553,77,3664,949,0.5,0,1
1554,77,3664,4111,0.5,0,1
1555,77,3664,642,0.5,0,1
1556,77,3664,3041,0.5,0,1
1557,77,3664,1508,0.5,0,1
1558,77,3664,2135,0.5,0,1
1559,77,3664,1572,0.5,0,1
1560,78,910,910,0.5,1,1
1561,78,910,2153,0.5,0,1
1562,78,910,3873,0.5,0,1
1563,78,910,2435,0.5,0,1
1564,78,910,1533,0.5,0,1
1565,78,910,313,0.5,0,1
1566,78,910,2050,0.5,0,1
1567,78,910,3348,0.5,0,1
1568,78,910,2747,0.5,0,1
1569,78,910,2063,0.5,0,1
1570,78,910,676,0.5,0,1
1571,78,910,719,0.5,0,1
1572,78,910,1343,0.5,0,1
1573,78,910,3766,0.5,0,1
1574,78,910,2401,0.5,0,1
1575,78,910,478,0.5,0,1
1576,78,910,3974,0.5,0,1
1577,78,910,1788,0.5,0,1
1578,78,910,1101,0.5,0,1
1579,78,910,3306,0.5,0,1
1580,79,121,121,0.5,1,1
1581,79,121,739,0.5,0,1
1582,79,121,2273,0.5,0,1
1583,79,121,1895,0.5,0,1
1584,79,121,610,0.5,0,1
1585,79,121,1470,0.5,0,1
1586,79,121,1197,0.5,0,1
1587,79,121,2554,0.5,0,1
1588,79,121,3987,0.5,0,1
1589,79,121,3079,0.5,0,1
1590,79,121,2402,0.5,0,1
1591,79,121,3366,0.5,0,1
1592,79,121,703,0.5,0,1
1593,79,121,4052,0.5,0,1
1594,79,121,2106,0.5,0,1
1595,79,121,419,0.5,0,1
1596,79,121,1473,0.5,0,1
1597,79,121,2994,0.5,0,1
1598,79,121,2504,0.5,0,1
1599,79,121,3280,0.5,0,1
1600,80,3377,3377,0.5,1,1
1601,80,3377,1598,0.5,0,1
1602,80,3377,553,0.5,0,1
1603,80,3377,3977,0.5,0,1
1604,80,3377,666,0.5,0,1
1605,80,3377,360,0.5,0,1
1606,80,3377,1990,0.5,0,1
1607,80,3377,2225,0.5,0,1
1608,80,3377,748,0.5,0,1
1609,80,3377,175,0.5,0,1
1610,80,3377,3466,0.5,0,1
1611,80,3377,3373,0.5,0,1
1612,80,3377,840,0.5,0,1
1613,80,3377,3454,0.5,0,1
1614,80,3377,2679,0.5,0,1
1615,80,3377,4002,0.5,0,1
1616,80,3377,3436,0.5,0,1
1617,80,3377,1634,0.5,0,1
1618,80,3377,752,0.5,0,1
1619,80,3377,1925,0.5,0,1
1620,81,3120,3120,0.5,1,1
1621,81,3120,2153,0.5,0,1
1622,81,3120,1172,0.5,0,1
1623,81,3120,3697,0.5,0,1
1624,81,3120,305,0.5,0,1
1625,81,3120,1272,0.5,0,1
1626,81,3120,3874,0.5,0,1
1627,81,3120,94,0.5,0,1
1628,81,3120,693,0.5,0,1
1629,81,3120,1206,0.5,0,1
1630,81,3120,2318,0.5,0,1
1631,81,3120,2170,0.5,0,1
1632,81,3120,169,0.5,0,1
1633,81,3120,3798,0.5,0,1
1634,81,3120,4156,0.5,0,1
1635,81,3120,1502,0.5,0,1
1636,81,3120,1894,0.5,0,1
1637,81,3120,2632,0.5,0,1
1638,81,3120,1964,0.5,0,1
1639,81,3120,2700,0.5,0,1
1640,82,895,895,0.5,1,1
1641,82,895,2904,0.5,0,1
1642,82,895,416,0.5,0,1
1643,82,895,1905,0.5,0,1
1644,82,895,4174,0.5,0,1
1645,82,895,1406,0.5,0,1
1646,82,895,4006,0.5,0,1
1647,82,895,505,0.5,0,1
1648,82,895,1230,0.5,0,1
1649,82,895,2549,0.5,0,1
1650,82,895,405,0.5,0,1
1651,82,895,1176,0.5,0,1
1652,82,895,2564,0.5,0,1
1653,82,895,1875,0.5,0,1
1654,82,895,4036,0.5,0,1
1655,82,895,2693,0.5,0,1
1656,82,895,3429,0.5,0,1
1657,82,895,3971,0.5,0,1
1658,82,895,209,0.5,0,1
1659,82,895,3595,0.5,0,1
1660,83,2104,2104,0.5,1,1
1661,83,2104,2317,0.5,0,1
1662,83,2104,2964,0.5,0,1
1663,83,2104,1588,0.5,0,1
1664,83,2104,3046,0.5,0,1
1665,83,2104,3356,0.5,0,1
1666,83,2104,3923,0.5,0,1
1667,83,2104,1730,0.5,0,1
1668,83,2104,1087,0.5,0,1
1669,83,2104,1579,0.5,0,1
1670,83,2104,583,0.5,0,1
1671,83,2104,2619,0.5,0,1
1672,83,2104,1562,0.5,0,1
1673,83,2104,2046,0.5,0,1
1674,83,2104,4092,0.5,0,1
1675,83,2104,1298,0.5,0,1
1676,83,2104,683,0.5,0,1
1677,83,2104,4128,0.5,0,1
1678,83,2104,2691,0.5,0,1
1679,83,2104,1110,0.5,0,1
1680,84,3321,3321,0.5,1,1
1681,84,3321,154,0.5,0,1
1682,84,3321,624,0.5,0,1
1683,84,3321,1262,0.5,0,1
1684,84,3321,3668,0.5,0,1
1685,84,3321,3596,0.5,0,1
1686,84,3321,560,0.5,0,1
1687,84,3321,1608,0.5,0,1
1688,84,3321,3236,0.5,0,1
1689,84,3321,1886,0.5,0,1
1690,84,3321,3367,0.5,0,1
1691,84,3321,3538,0.5,0,1
1692,84,3321,3607,0.5,0,1
1693,84,3321,2678,0.5,0,1
1694,84,3321,1813,0.5,0,1
1695,84,3321,814,0.5,0,1
1696,84,3321,765,0.5,0,1
1697,84,3321,505,0.5,0,1
1698,84,3321,2600,0.5,0,1
1699,84,3321,3569,0.5,0,1
1700,85,2315,2315,0.5,1,1
1701,85,2315,1791,0.5,0,1
1702,85,2315,397,0.5,0,1
1703,85,2315,1120,0.5,0,1
1704,85,2315,862,0.5,0,1
1705,85,2315,2549,0.5,0,1
1706,85,2315,1344,0.5,0,1
1707,85,2315,103,0.5,0,1
1708,85,2315,2814,0.5,0,1
1709,85,2315,2983,0.5,0,1
1710,85,2315,56,0.5,0,1
1711,85,2315,2911,0.5,0,1
1712,85,2315,1941,0.5,0,1
1713,85,2315,1584,0.5,0,1
1714,85,2315,3234,0.5,0,1
1715,85,2315,1636,0.5,0,1
1716,85,2315,3961,0.5,0,1
1717,85,2315,1451,0.5,0,1
1718,85,2315,2795,0.5,0,1
1719,85,2315,182,0.5,0,1
1720,86,1055,1055,0.5,1,1
1721,86,1055,3531,0.5,0,1
1722,86,1055,2064,0.5,0,1
1723,86,1055,181,0.5,0,1
1724,86,1055,4056,0.5,0,1
1725,86,1055,2942,0.5,0,1
1726,86,1055,1995,0.5,0,1
1727,86,1055,1282,0.5,0,1
1728,86,1055,3767,0.5,0,1
1729,86,1055,1815,0.5,0,1
1730,86,1055,789,0.5,0,1
1731,86,1055,3431,0.5,0,1
1732,86,1055,3021,0.5,0,1
1733,86,1055,763,0.5,0,1
1734,86,1055,2885,0.5,0,1
1735,86,1055,1653,0.5,0,1
1736,86,1055,3853,0.5,0,1
1737,86,1055,1547,0.5,0,1
1738,86,1055,1109,0.5,0,1
1739,86,1055,3868,0.5,0,1
1740,87,709,709,0.5,1,1
1741,87,709,2395,0.5,0,1
1742,87,709,3799,0.5,0,1
1743,87,709,692,0.5,0,1
1744,87,709,2371,0.5,0,1
1745,87,709,1804,0.5,0,1
1746,87,709,2856,0.5,0,1
1747,87,709,607,0.5,0,1
1748,87,709,2249,0.5,0,1
1749,87,709,286,0.5,0,1
1750,87,709,1761,0.5,0,1
1751,87,709,3352,0.5,0,1
1752,87,709,274,0.5,0,1
1753,87,709,249,0.5,0,1
1754,87,709,1436,0.5,0,1
1755,87,709,2789,0.5,0,1
1756,87,709,2818,0.5,0,1
1757,87,709,3986,0.5,0,1
1758,87,709,2562,0.5,0,1
1759,87,709,1327,0.5,0,1
1760,88,504,504,0.5,1,1
1761,88,504,2378,0.5,0,1
1762,88,504,127,0.5,0,1
1763,88,504,1651,0.5,0,1
1764,88,504,629,0.5,0,1
1765,88,504,3486,0.5,0,1
1766,88,504,3673,0.5,0,1
1767,88,504,307,0.5,0,1
1768,88,504,2684,0.5,0,1
1769,88,504,688,0.5,0,1
1770,88,504,2692,0.5,0,1
1771,88,504,423,0.5,0,1
1772,88,504,524,0.5,0,1
1773,88,504,2131,0.5,0,1
1774,88,504,532,0.5,0,1
1775,88,504,2449,0.5,0,1
1776,88,504,2053,0.5,0,1
1777,88,504,700,0.5,0,1
1778,88,504,2042,0.5,0,1
1779,88,504,2821,0.5,0,1
1780,89,3111,3111,0.5,1,1
1781,89,3111,2886,0.5,0,1
1782,89,3111,3269,0.5,0,1
1783,89,3111,4102,0.5,0,1
1784,89,3111,1093,0.5,0,1
1785,89,3111,2638,0.5,0,1
1786,89,3111,206,0.5,0,1
1787,89,3111,1751,0.5,0,1
1788,89,3111,1463,0.5,0,1
1789,89,3111,2266,0.5,0,1
1790,89,3111,21,0.5,0,1
1791,89,3111,3507,0.5,0,1
1792,89,3111,2604,0.5,0,1
1793,89,3111,2125,0.5,0,1
1794,89,3111,2543,0.5,0,1
1795,89,3111,2382,0.5,0,1
1796,89,3111,553,0.5,0,1
1797,89,3111,316,0.5,0,1
1798,89,3111,3201,0.5,0,1
1799,89,3111,3497,0.5,0,1
1800,90,3688,3688,0.5,1,1
1801,90,3688,1612,0.5,0,1
1802,90,3688,974,0.5,0,1
1803,90,3688,112,0.5,0,1
1804,90,3688,3094,0.5,0,1
1805,90,3688,12,0.5,0,1
1806,90,3688,2129,0.5,0,1
1807,90,3688,479,0.5,0,1
1808,90,3688,110,0.5,0,1
1809,90,3688,2244,0.5,0,1
1810,90,3688,2926,0.5,0,1
1811,90,3688,3913,0.5,0,1
1812,90,3688,1,0.5,0,1
1813,90,3688,3674,0.5,0,1
1814,90,3688,3242,0.5,0,1
1815,90,3688,1095,0.5,0,1
1816,90,3688,2091,0.5,0,1
1817,90,3688,3627,0.5,0,1
1818,90,3688,680,0.5,0,1
1819,90,3688,1167,0.5,0,1
1820,91,3791,3791,0.5,1,1
1821,91,3791,2656,0.5,0,1
1822,91,3791,1587,0.5,0,1
1823,91,3791,3266,0.5,0,1
1824,91,3791,4131,0.5,0,1
1825,91,3791,2422,0.5,0,1
1826,91,3791,2300,0.5,0,1
1827,91,3791,3664,0.5,0,1
1828,91,3791,309,0.5,0,1
1829,91,3791,2408,0.5,0,1
1830,91,3791,1018,0.5,0,1
1831,91,3791,822,0.5,0,1
1832,91,3791,2633,0.5,0,1
1833,91,3791,2297,0.5,0,1
1834,91,3791,3510,0.5,0,1
1835,91,3791,1223,0.5,0,1
1836,91,3791,24,0.5,0,1
1837,91,3791,861,0.5,0,1
1838,91,3791,3523,0.5,0,1
1839,91,3791,2107,0.5,0,1
1840,92,1889,1889,0.5,1,1
1841,92,1889,4041,0.5,0,1
1842,92,1889,1196,0.5,0,1
1843,92,1889,186,0.5,0,1
1844,92,1889,3252,0.5,0,1
1845,92,1889,217,0.5,0,1
1846,92,1889,3243,0.5,0,1
1847,92,1889,816,0.5,0,1
1848,92,1889,3622,0.5,0,1
1849,92,1889,3308,0.5,0,1
1850,92,1889,3651,0.5,0,1
1851,92,1889,624,0.5,0,1
1852,92,1889,2382,0.5,0,1
1853,92,1889,3824,0.5,0,1
1854,92,1889,634,0.5,0,1
1855,92,1889,257,0.5,0,1
1856,92,1889,3844,0.5,0,1
1857,92,1889,2603,0.5,0,1
1858,92,1889,1977,0.5,0,1
1859,92,1889,1702,0.5,0,1
1860,93,3576,3576,0.5,1,1
1861,93,3576,2724,0.5,0,1
1862,93,3576,3302,0.5,0,1
1863,93,3576,183,0.5,0,1
1864,93,3576,2814,0.5,0,1
1865,93,3576,959,0.5,0,1
1866,93,3576,2927,0.5,0,1
1867,93,3576,564,0.5,0,1
1868,93,3576,1763,0.5,0,1
1869,93,3576,1244,0.5,0,1
1870,93,3576,2947,0.5,0,1
1871,93,3576,1936,0.5,0,1
1872,93,3576,3434,0.5,0,1
1873,93,3576,3420,0.5,0,1
1874,93,3576,440,0.5,0,1
1875,93,3576,2005,0.5,0,1
1876,93,3576,2016,0.5,0,1
1877,93,3576,1708,0.5,0,1
1878,93,3576,131,0.5,0,1
1879,93,3576,2551,0.5,0,1
1880,94,1427,1427,0.5,1,1
1881,94,1427,1108,0.5,0,1
1882,94,1427,3620,0.5,0,1
1883,94,1427,2452,0.5,0,1
1884,94,1427,3679,0.5,0,1
1885,94,1427,1164,0.5,0,1
1886,94,1427,2428,0.5,0,1
1887,94,1427,3806,0.5,0,1
1888,94,1427,627,0.5,0,1
1889,94,1427,3387,0.5,0,1
1890,94,1427,3684,0.5,0,1
1891,94,1427,1148,0.5,0,1
1892,94,1427,647,0.5,0,1
1893,94,1427,3407,0.5,0,1
1894,94,1427,2847,0.5,0,1
1895,94,1427,846,0.5,0,1
1896,94,1427,582,0.5,0,1
1897,94,1427,1444,0.5,0,1
1898,94,1427,1585,0.5,0,1
1899,94,1427,3026,0.5,0,1
1900,95,1163,1163,0.5,1,1
1901,95,1163,3135,0.5,0,1
1902,95,1163,173,0.5,0,1
1903,95,1163,293,0.5,0,1
1904,95,1163,2160,0.5,0,1
1905,95,1163,1077,0.5,0,1
1906,95,1163,1594,0.5,0,1
1907,95,1163,1162,0.5,0,1
1908,95,1163,91,0.5,0,1
1909,95,1163,2098,0.5,0,1
1910,95,1163,3249,0.5,0,1
1911,95,1163,998,0.5,0,1
1912,95,1163,452,0.5,0,1
1913,95,1163,34,0.5,0,1
1914,95,1163,4009,0.5,0,1
1915,95,1163,1246,0.5,0,1
1916,95,1163,2442,0.5,0,1
1917,95,1163,1135,0.5,0,1
1918,95,1163,2547,0.5,0,1
1919,95,1163,3484,0.5,0,1
1920,96,1846,1846,0.5,1,1
1921,96,1846,54,0.5,0,1
1922,96,1846,1782,0.5,0,1
1923,96,1846,3458,0.5,0,1
1924,96,1846,713,0.5,0,1
1925,96,1846,1456,0.5,0,1
1926,96,1846,2294,0.5,0,1
1927,96,1846,3814,0.5,0,1
1928,96,1846,1,0.5,0,1
1929,96,1846,2478,0.5,0,1
1930,96,1846,2479,0.5,0,1
1931,96,1846,1640,0.5,0,1
1932,96,1846,1826,0.5,0,1
1933,96,1846,3524,0.5,0,1
1934,96,1846,785,0.5,0,1
1935,96,1846,3970,0.5,0,1
1936,96,1846,2079,0.5,0,1
1937,96,1846,2477,0.5,0,1
1938,96,1846,1352,0.5,0,1
1939,96,1846,1778,0.5,0,1
1940,97,2743,2743,0.5,1,1
1941,97,2743,2634,0.5,0,1
1942,97,2743,3675,0.5,0,1
1943,97,2743,1105,0.5,0,1
1944,97,2743,860,0.5,0,1
1945,97,2743,3917,0.5,0,1
1946,97,2743,2899,0.5,0,1
1947,97,2743,3262,0.5,0,1
1948,97,2743,3158,0.5,0,1
1949,97,2743,2094,0.5,0,1
1950,97,2743,455,0.5,0,1
1951,97,2743,3557,0.5,0,1
1952,97,2743,351,0.5,0,1
1953,97,2743,3520,0.5,0,1
1954,97,2743,4011,0.5,0,1
1955,97,2743,3921,0.5,0,1
1956,97,2743,2862,0.5,0,1
1957,97,2743,2694,0.5,0,1
1958,97,2743,1811,0.5,0,1
1959,97,2743,2043,0.5,0,1
1960,98,4031,4031,0.5,1,1
1961,98,4031,1619,0.5,0,1
1962,98,4031,1785,0.5,0,1
1963,98,4031,4062,0.5,0,1
1964,98,4031,3402,0.5,0,1
1965,98,4031,3279,0.5,0,1
1966,98,4031,1736,0.5,0,1
1967,98,4031,435,0.5,0,1
1968,98,4031,3584,0.5,0,1
1969,98,4031,1673,0.5,0,1
1970,98,4031,1850,0.5,0,1
1971,98,4031,2706,0.5,0,1
1972,98,4031,3674,0.5,0,1
1973,98,4031,1783,0.5,0,1
1974,98,4031,1559,0.5,0,1
1975,98,4031,855,0.5,0,1
1976,98,4031,1054,0.5,0,1
1977,98,4031,3963,0.5,0,1
1978,98,4031,2772,0.5,0,1
1979,98,4031,3007,0.5,0,1
1980,99,873,873,0.5,1,1
1981,99,873,3370,0.5,0,1
1982,99,873,515,0.5,0,1
1983,99,873,3104,0.5,0,1
1984,99,873,1659,0.5,0,1
1985,99,873,2117,0.5,0,1
1986,99,873,1256,0.5,0,1
1987,99,873,594,0.5,0,1
1988,99,873,4093,0.5,0,1
1989,99,873,547,0.5,0,1
1990,99,873,1016,0.5,0,1
1991,99,873,2826,0.5,0,1
1992,99,873,528,0.5,0,1
1993,99,873,1923,0.5,0,1
1994,99,873,404,0.5,0,1
1995,99,873,587,0.5,0,1
1996,99,873,469,0.5,0,1
1997,99,873,50,0.5,0,1
1998,99,873,2920,0.5,0,1
1999,99,873,2793,0.5,0,1
2000,100,2956,2956,0.5,1,1
2001,100,2956,661,0.5,0,1
2002,100,2956,3370,0.5,0,1
2003,100,2956,3378,0.5,0,1
2004,100,2956,3153,0.5,0,1
2005,100,2956,1615,0.5,0,1
2006,100,2956,2843,0.5,0,1
2007,100,2956,866,0.5,0,1
2008,100,2956,293,0.5,0,1
2009,100,2956,1784,0.5,0,1
2010,100,2956,3050,0.5,0,1
2011,100,2956,2411,0.5,0,1
2012,100,2956,1091,0.5,0,1
2013,100,2956,2449,0.5,0,1
2014,100,2956,2169,0.5,0,1
2015,100,2956,769,0.5,0,1
2016,100,2956,3656,0.5,0,1
2017,100,2956,113,0.5,0,1
2018,100,2956,3237,0.5,0,1
2019,100,2956,3889,0.5,0,1
2020,101,1521,1521,0.5,1,1
2021,101,1521,3060,0.5,0,1
2022,101,1521,4120,0.5,0,1
2023,101,1521,1099,0.5,0,1
2024,101,1521,2166,0.5,0,1
2025,101,1521,2592,0.5,0,1
2026,101,1521,3936,0.5,0,1
2027,101,1521,721,0.5,0,1
2028,101,1521,696,0.5,0,1
2029,101,1521,2763,0.5,0,1
2030,101,1521,1381,0.5,0,1
2031,101,1521,2942,0.5,0,1
2032,101,1521,2497,0.5,0,1
2033,101,1521,672,0.5,0,1
2034,101,1521,3508,0.5,0,1
2035,101,1521,507,0.5,0,1
2036,101,1521,2416,0.5,0,1
2037,101,1521,3410,0.5,0,1
2038,101,1521,1913,0.5,0,1
2039,101,1521,2164,0.5,0,1
2040,102,2925,2925,0.5,1,1
2041,102,2925,3093,0.5,0,1
2042,102,2925,1550,0.5,0,1
2043,102,2925,1960,0.5,0,1
2044,102,2925,1126,0.5,0,1
2045,102,2925,4171,0.5,0,1
2046,102,2925,2657,0.5,0,1
2047,102,2925,2313,0.5,0,1
2048,102,2925,1731,0.5,0,1
2049,102,2925,3460,0.5,0,1
2050,102,2925,706,0.5,0,1
2051,102,2925,606,0.5,0,1
2052,102,2925,3130,0.5,0,1
2053,102,2925,1286,0.5,0,1
2054,102,2925,1154,0.5,0,1
2055,102,2925,1297,0.5,0,1
2056,102,2925,1477,0.5,0,1
2057,102,2925,3685,0.5,0,1
2058,102,2925,3832,0.5,0,1
2059,102,2925,1352,0.5,0,1
2060,103,2783,2783,0.5,1,1
2061,103,2783,1304,0.5,0,1
2062,103,2783,3178,0.5,0,1
2063,103,2783,1479,0.5,0,1
2064,103,2783,2995,0.5,0,1
2065,103,2783,3323,0.5,0,1
2066,103,2783,1301,0.5,0,1
2067,103,2783,662,0.5,0,1
2068,103,2783,336,0.5,0,1
2069,103,2783,1331,0.5,0,1
2070,103,2783,3871,0.5,0,1
2071,103,2783,2735,0.5,0,1
2072,103,2783,768,0.5,0,1
2073,103,2783,3430,0.5,0,1
2074,103,2783,1504,0.5,0,1
2075,103,2783,2211,0.5,0,1
2076,103,2783,22,0.5,0,1
2077,103,2783,3574,0.5,0,1
2078,103,2783,1087,0.5,0,1
2079,103,2783,3452,0.5,0,1
2080,104,3955,3955,0.5,1,1
2081,104,3955,3881,0.5,0,1
2082,104,3955,958,0.5,0,1
2083,104,3955,1722,0.5,0,1
2084,104,3955,2916,0.5,0,1
2085,104,3955,2838,0.5,0,1
2086,104,3955,3027,0.5,0,1
2087,104,3955,292,0.5,0,1
2088,104,3955,2580,0.5,0,1
2089,104,3955,2396,0.5,0,1
2090,104,3955,751,0.5,0,1
2091,104,3955,1024,0.5,0,1
2092,104,3955,1772,0.5,0,1
2093,104,3955,1550,0.5,0,1
2094,104,3955,273,0.5,0,1
2095,104,3955,394,0.5,0,1
2096,104,3955,1832,0.5,0,1
2097,104,3955,5,0.5,0,1
2098,104,3955,673,0.5,0,1
2099,104,3955,31,0.5,0,1
2100,105,1234,1234,0.5,1,1
2101,105,1234,2818,0.5,0,1
2102,105,1234,2902,0.5,0,1
2103,105,1234,1900,0.5,0,1
2104,105,1234,2136,0.5,0,1
2105,105,1234,444,0.5,0,1
2106,105,1234,2663,0.5,0,1
2107,105,1234,2929,0.5,0,1
2108,105,1234,487,0.5,0,1
2109,105,1234,1515,0.5,0,1
2110,105,1234,210,0.5,0,1
2111,105,1234,3699,0.5,0,1
2112,105,1234,1724,0.5,0,1
2113,105,1234,2422,0.5,0,1
2114,105,1234,3945,0.5,0,1
2115,105,1234,23,0.5,0,1
2116,105,1234,1540,0.5,0,1
2117,105,1234,1723,0.5,0,1
2118,105,1234,1385,0.5,0,1
2119,105,1234,1434,0.5,0,1
2120,106,112,112,0.5,1,1
2121,106,112,240,0.5,0,1
2122,106,112,764,0.5,0,1
2123,106,112,3014,0.5,0,1
2124,106,112,3760,0.5,0,1
2125,106,112,3716,0.5,0,1
2126,106,112,321,0.5,0,1
2127,106,112,1582,0.5,0,1
2128,106,112,3224,0.5,0,1
2129,106,112,1613,0.5,0,1
2130,106,112,1088,0.5,0,1
2131,106,112,2165,0.5,0,1
2132,106,112,1922,0.5,0,1
2133,106,112,2796,0.5,0,1
2134,106,112,2166,0.5,0,1
2135,106,112,894,0.5,0,1
2136,106,112,1561,0.5,0,1
2137,106,112,546,0.5,0,1
2138,106,112,794,0.5,0,1
2139,106,112,3065,0.5,0,1
2140,107,3826,3826,0.5,1,1
2141,107,3826,3573,0.5,0,1
2142,107,3826,2473,0.5,0,1
2143,107,3826,2646,0.5,0,1
2144,107,3826,3558,0.5,0,1
2145,107,3826,2868,0.5,0,1
2146,107,3826,2094,0.5,0,1
2147,107,3826,390,0.5,0,1
2148,107,3826,3500,0.5,0,1
2149,107,3826,2629,0.5,0,1
2150,107,3826,2272,0.5,0,1
2151,107,3826,377,0.5,0,1
2152,107,3826,2411,0.5,0,1
2153,107,3826,3924,0.5,0,1
2154,107,3826,3788,0.5,0,1
2155,107,3826,2124,0.5,0,1
2156,107,3826,3086,0.5,0,1
2157,107,3826,3435,0.5,0,1
2158,107,3826,2254,0.5,0,1
2159,107,3826,2286,0.5,0,1
2160,108,4123,4123,0.5,1,1
2161,108,4123,1928,0.5,0,1
2162,108,4123,270,0.5,0,1
2163,108,4123,2526,0.5,0,1
2164,108,4123,2760,0.5,0,1
2165,108,4123,635,0.5,0,1
2166,108,4123,2038,0.5,0,1
2167,108,4123,3216,0.5,0,1
2168,108,4123,653,0.5,0,1
2169,108,4123,3666,0.5,0,1
2170,108,4123,1339,0.5,0,1
2171,108,4123,4134,0.5,0,1
2172,108,4123,2407,0.5,0,1
2173,108,4123,2455,0.5,0,1
2174,108,4123,3199,0.5,0,1
2175,108,4123,1912,0.5,0,1
2176,108,4123,39,0.5,0,1
2177,108,4123,1647,0.5,0,1
2178,108,4123,1141,0.5,0,1
2179,108,4123,174,0.5,0,1
2180,109,208,208,0.5,1,1
2181,109,208,3404,0.5,0,1
2182,109,208,1964,0.5,0,1
2183,109,208,405,0.5,0,1
2184,109,208,3097,0.5,0,1
2185,109,208,2844,0.5,0,1
2186,109,208,1695,0.5,0,1
2187,109,208,341,0.5,0,1
2188,109,208,194,0.5,0,1
2189,109,208,3525,0.5,0,1
2190,109,208,3433,0.5,0,1
2191,109,208,4090,0.5,0,1
2192,109,208,2762,0.5,0,1
2193,109,208,1351,0.5,0,1
2194,109,208,3535,0.5,0,1
2195,109,208,3796,0.5,0,1
2196,109,208,3341,0.5,0,1
2197,109,208,3547,0.5,0,1
2198,109,208,953,0.5,0,1
2199,109,208,3804,0.5,0,1
2200,110,3605,3605,0.5,1,1
2201,110,3605,2074,0.5,0,1
2202,110,3605,3338,0.5,0,1
2203,110,3605,1396,0.5,0,1
2204,110,3605,2015,0.5,0,1
2205,110,3605,3296,0.5,0,1
2206,110,3605,1973,0.5,0,1
2207,110,3605,1940,0.5,0,1
2208,110,3605,2032,0.5,0,1
2209,110,3605,1721,0.5,0,1
2210,110,3605,2583,0.5,0,1
2211,110,3605,3287,0.5,0,1
2212,110,3605,1131,0.5,0,1
2213,110,3605,1497,0.5,0,1
2214,110,3605,1540,0.5,0,1
2215,110,3605,2413,0.5,0,1
2216,110,3605,3176,0.5,0,1
2217,110,3605,1578,0.5,0,1
2218,110,3605,452,0.5,0,1
2219,110,3605,2613,0.5,0,1
2220,111,3667,3667,0.5,1,1
2221,111,3667,1627,0.5,0,1
2222,111,3667,1575,0.5,0,1
2223,111,3667,4098,0.5,0,1
2224,111,3667,2770,0.5,0,1
2225,111,3667,418,0.5,0,1
2226,111,3667,45,0.5,0,1
2227,111,3667,3982,0.5,0,1
2228,111,3667,2138,0.5,0,1
2229,111,3667,2605,0.5,0,1
2230,111,3667,3437,0.5,0,1
2231,111,3667,822,0.5,0,1
2232,111,3667,3292,0.5,0,1
2233,111,3667,1128,0.5,0,1
2234,111,3667,2320,0.5,0,1
2235,111,3667,3021,0.5,0,1
2236,111,3667,75,0.5,0,1
2237,111,3667,4044,0.5,0,1
2238,111,3667,420,0.5,0,1
2239,111,3667,2646,0.5,0,1
2240,112,2844,2844,0.5,1,1
2241,112,2844,1052,0.5,0,1
2242,112,2844,3956,0.5,0,1
2243,112,2844,962,0.5,0,1
2244,112,2844,2807,0.5,0,1
2245,112,2844,4093,0.5,0,1
2246,112,2844,1592,0.5,0,1
2247,112,2844,677,0.5,0,1
2248,112,2844,2638,0.5,0,1
2249,112,2844,481,0.5,0,1
2250,112,2844,498,0.5,0,1
2251,112,2844,3169,0.5,0,1
2252,112,2844,617,0.5,0,1
2253,112,2844,1002,0.5,0,1
2254,112,2844,2252,0.5,0,1
2255,112,2844,2857,0.5,0,1
2256,112,2844,2091,0.5,0,1
2257,112,2844,3566,0.5,0,1
2258,112,2844,596,0.5,0,1
2259,112,2844,1175,0.5,0,1
2260,113,2578,2578,0.5,1,1
2261,113,2578,2429,0.5,0,1
2262,113,2578,424,0.5,0,1
2263,113,2578,3880,0.5,0,1
2264,113,2578,3588,0.5,0,1
2265,113,2578,1114,0.5,0,1
2266,113,2578,3532,0.5,0,1
2267,113,2578,1009,0.5,0,1
2268,113,2578,678,0.5,0,1
2269,113,2578,2773,0.5,0,1
2270,113,2578,1809,0.5,0,1
2271,113,2578,3541,0.5,0,1
2272,113,2578,716,0.5,0,1
2273,113,2578,2251,0.5,0,1
2274,113,2578,925,0.5,0,1
2275,113,2578,3470,0.5,0,1
2276,113,2578,1893,0.5,0,1
2277,113,2578,3535,0.5,0,1
2278,113,2578,3984,0.5,0,1
2279,113,2578,588,0.5,0,1
2280,114,314,314,0.5,1,1
2281,114,314,731,0.5,0,1
2282,114,314,4026,0.5,0,1
2283,114,314,1159,0.5,0,1
2284,114,314,399,0.5,0,1
2285,114,314,1087,0.5,0,1
2286,114,314,2317,0.5,0,1
2287,114,314,3181,0.5,0,1
2288,114,314,3455,0.5,0,1
2289,114,314,2216,0.5,0,1
2290,114,314,1497,0.5,0,1
2291,114,314,864,0.5,0,1
2292,114,314,923,0.5,0,1
2293,114,314,143,0.5,0,1
2294,114,314,3024,0.5,0,1
2295,114,314,1208,0.5,0,1
2296,114,314,403,0.5,0,1
2297,114,314,50,0.5,0,1
2298,114,314,3141,0.5,0,1
2299,114,314,330,0.5,0,1
2300,115,1750,1750,0.5,1,1
2301,115,1750,1511,0.5,0,1
2302,115,1750,1354,0.5,0,1
2303,115,1750,956,0.5,0,1
2304,115,1750,1744,0.5,0,1
2305,115,1750,3524,0.5,0,1
2306,115,1750,2354,0.5,0,1
2307,115,1750,74,0.5,0,1
2308,115,1750,1227,0.5,0,1
2309,115,1750,2154,0.5,0,1
2310,115,1750,750,0.5,0,1
2311,115,1750,1575,0.5,0,1
2312,115,1750,234,0.5,0,1
2313,115,1750,1056,0.5,0,1
2314,115,1750,4009,0.5,0,1
2315,115,1750,3165,0.5,0,1
2316,115,1750,4086,0.5,0,1
2317,115,1750,601,0.5,0,1
2318,115,1750,1356,0.5,0,1
2319,115,1750,3224,0.5,0,1
2320,116,3923,3923,0.5,1,1
2321,116,3923,1512,0.5,0,1
2322,116,3923,2248,0.5,0,1
2323,116,3923,2736,0.5,0,1
2324,116,3923,215,0.5,0,1
2325,116,3923,2052,0.5,0,1
2326,116,3923,3838,0.5,0,1
2327,116,3923,1629,0.5,0,1
2328,116,3923,1168,0.5,0,1
2329,116,3923,3066,0.5,0,1
2330,116,3923,1095,0.5,0,1
2331,116,3923,2429,0.5,0,1
2332,116,3923,2873,0.5,0,1
2333,116,3923,922,0.5,0,1
2334,116,3923,569,0.5,0,1
2335,116,3923,1848,0.5,0,1
2336,116,3923,3034,0.5,0,1
2337,116,3923,3780,0.5,0,1
2338,116,3923,1013,0.5,0,1
2339,116,3923,45,0.5,0,1
2340,117,3732,3732,0.5,1,1
2341,117,3732,452,0.5,0,1
2342,117,3732,218,0.5,0,1
2343,117,3732,1422,0.5,0,1
2344,117,3732,59,0.5,0,1
2345,117,3732,1290,0.5,0,1
2346,117,3732,1951,0.5,0,1
2347,117,3732,1407,0.5,0,1
2348,117,3732,1446,0.5,0,1
2349,117,3732,743,0.5,0,1
2350,117,3732,3142,0.5,0,1
2351,117,3732,2529,0.5,0,1
2352,117,3732,2973,0.5,0,1
2353,117,3732,1520,0.5,0,1
2354,117,3732,3269,0.5,0,1
2355,117,3732,803,0.5,0,1
2356,117,3732,2693,0.5,0,1
2357,117,3732,843,0.5,0,1
2358,117,3732,4152,0.5,0,1
2359,117,3732,3506,0.5,0,1
2360,118,1414,1414,0.5,1,1
2361,118,1414,3294,0.5,0,1
2362,118,1414,4134,0.5,0,1
2363,118,1414,2755,0.5,0,1
2364,118,1414,4121,0.5,0,1
2365,118,1414,489,0.5,0,1
2366,118,1414,473,0.5,0,1
2367,118,1414,3392,0.5,0,1
2368,118,1414,2863,0.5,0,1
2369,118,1414,1895,0.5,0,1
2370,118,1414,1505,0.5,0,1
2371,118,1414,3014,0.5,0,1
2372,118,1414,3057,0.5,0,1
2373,118,1414,3878,0.5,0,1
2374,118,1414,379,0.5,0,1
2375,118,1414,1399,0.5,0,1
2376,118,1414,1793,0.5,0,1
2377,118,1414,628,0.5,0,1
2378,118,1414,3442,0.5,0,1
2379,118,1414,2611,0.5,0,1
2380,119,3130,3130,0.5,1,1
2381,119,3130,1899,0.5,0,1
2382,119,3130,881,0.5,0,1
2383,119,3130,2860,0.5,0,1
2384,119,3130,4029,0.5,0,1
2385,119,3130,1301,0.5,0,1
2386,119,3130,2254,0.5,0,1
2387,119,3130,483,0.5,0,1
2388,119,3130,3865,0.5,0,1
2389,119,3130,831,0.5,0,1
2390,119,3130,3658,0.5,0,1
2391,119,3130,3166,0.5,0,1
2392,119,3130,1299,0.5,0,1
2393,119,3130,1852,0.5,0,1
2394,119,3130,833,0.5,0,1
2395,119,3130,2339,0.5,0,1
2396,119,3130,1734,0.5,0,1
2397,119,3130,891,0.5,0,1
2398,119,3130,182,0.5,0,1
2399,119,3130,3812,0.5,0,1
2400,120,3777,3777,0.5,1,1
2401,120,3777,3116,0.5,0,1
2402,120,3777,4107,0.5,0,1
2403,120,3777,685,0.5,0,1
2404,120,3777,1017,0.5,0,1
2405,120,3777,3893,0.5,0,1
2406,120,3777,942,0.5,0,1
2407,120,3777,1697,0.5,0,1
2408,120,3777,3440,0.5,0,1
2409,120,3777,3723,0.5,0,1
2410,120,3777,4142,0.5,0,1
2411,120,3777,358,0.5,0,1
2412,120,3777,1743,0.5,0,1
2413,120,3777,3654,0.5,0,1
2414,120,3777,1168,0.5,0,1
2415,120,3777,1112,0.5,0,1
2416,120,3777,3545,0.5,0,1
2417,120,3777,1682,0.5,0,1
2418,120,3777,1799,0.5,0,1
2419,120,3777,1476,0.5,0,1
2420,121,3542,3542,0.5,1,1
2421,121,3542,1671,0.5,0,1
2422,121,3542,3920,0.5,0,1
2423,121,3542,3639,0.5,0,1
2424,121,3542,504,0.5,0,1
2425,121,3542,3050,0.5,0,1
2426,121,3542,1333,0.5,0,1
2427,121,3542,2768,0.5,0,1
2428,121,3542,903,0.5,0,1
2429,121,3542,3156,0.5,0,1
2430,121,3542,3637,0.5,0,1
2431,121,3542,214,0.5,0,1
2432,121,3542,2849,0.5,0,1
2433,121,3542,1899,0.5,0,1
2434,121,3542,1940,0.5,0,1
2435,121,3542,702,0.5,0,1
2436,121,3542,3537,0.5,0,1
2437,121,3542,2893,0.5,0,1
2438,121,3542,2411,0.5,0,1
2439,121,3542,2524,0.5,0,1
2440,122,2004,2004,0.5,1,1
2441,122,2004,1486,0.5,0,1
2442,122,2004,1290,0.5,0,1
2443,122,2004,4103,0.5,0,1
2444,122,2004,1798,0.5,0,1
2445,122,2004,3883,0.5,0,1
2446,122,2004,3054,0.5,0,1
2447,122,2004,597,0.5,0,1
2448,122,2004,3442,0.5,0,1
2449,122,2004,2526,0.5,0,1
2450,122,2004,2384,0.5,0,1
2451,122,2004,2117,0.5,0,1
2452,122,2004,2731,0.5,0,1
2453,122,2004,2515,0.5,0,1
2454,122,2004,2877,0.5,0,1
2455,122,2004,2870,0.5,0,1
2456,122,2004,305,0.5,0,1
2457,122,2004,1451,0.5,0,1
2458,122,2004,2899,0.5,0,1
2459,122,2004,181,0.5,0,1
2460,123,2557,2557,0.5,1,1
2461,123,2557,267,0.5,0,1
2462,123,2557,2274,0.5,0,1
2463,123,2557,2107,0.5,0,1
2464,123,2557,1099,0.5,0,1
2465,123,2557,3175,0.5,0,1
2466,123,2557,2644,0.5,0,1
2467,123,2557,1923,0.5,0,1
2468,123,2557,363,0.5,0,1
2469,123,2557,2119,0.5,0,1
2470,123,2557,1306,0.5,0,1
2471,123,2557,307,0.5,0,1
2472,123,2557,2543,0.5,0,1
2473,123,2557,2175,0.5,0,1
2474,123,2557,505,0.5,0,1
2475,123,2557,1599,0.5,0,1
2476,123,2557,3966,0.5,0,1
2477,123,2557,3312,0.5,0,1
2478,123,2557,1697,0.5,0,1
2479,123,2557,3065,0.5,0,1
2480,124,3768,3768,0.5,1,1
2481,124,3768,3110,0.5,0,1
2482,124,3768,2157,0.5,0,1
2483,124,3768,1664,0.5,0,1
2484,124,3768,3639,0.5,0,1
2485,124,3768,2140,0.5,0,1
2486,124,3768,4047,0.5,0,1
2487,124,3768,3230,0.5,0,1
2488,124,3768,1243,0.5,0,1
2489,124,3768,3457,0.5,0,1
2490,124,3768,2957,0.5,0,1
2491,124,3768,3435,0.5,0,1
2492,124,3768,1126,0.5,0,1
2493,124,3768,3566,0.5,0,1
2494,124,3768,3539,0.5,0,1
2495,124,3768,3481,0.5,0,1
2496,124,3768,2807,0.5,0,1
2497,124,3768,3631,0.5,0,1
2498,124,3768,3344,0.5,0,1
2499,124,3768,3088,0.5,0,1
2500,125,3957,3957,0.5,1,1
2501,125,3957,4034,0.5,0,1
2502,125,3957,2302,0.5,0,1
2503,125,3957,1084,0.5,0,1
2504,125,3957,3293,0.5,0,1
2505,125,3957,4042,0.5,0,1
2506,125,3957,555,0.5,0,1
2507,125,3957,2046,0.5,0,1
2508,125,3957,4124,0.5,0,1
2509,125,3957,115,0.5,0,1
2510,125,3957,1203,0.5,0,1
2511,125,3957,2339,0.5,0,1
2512,125,3957,3705,0.5,0,1
2513,125,3957,1633,0.5,0,1
2514,125,3957,924,0.5,0,1
2515,125,3957,2833,0.5,0,1
2516,125,3957,3215,0.5,0,1
2517,125,3957,3865,0.5,0,1
2518,125,3957,81,0.5,0,1
2519,125,3957,4004,0.5,0,1
2520,126,4113,4113,0.5,1,1
2521,126,4113,3849,0.5,0,1
2522,126,4113,3731,0.5,0,1
2523,126,4113,2034,0.5,0,1
2524,126,4113,3044,0.5,0,1
2525,126,4113,1132,0.5,0,1
2526,126,4113,1430,0.5,0,1
2527,126,4113,1718,0.5,0,1
2528,126,4113,168,0.5,0,1
2529,126,4113,3016,0.5,0,1
2530,126,4113,2980,0.5,0,1
2531,126,4113,3732,0.5,0,1
2532,126,4113,385,0.5,0,1
2533,126,4113,639,0.5,0,1
2534,126,4113,2,0.5,0,1
2535,126,4113,1250,0.5,0,1
2536,126,4113,3428,0.5,0,1
2537,126,4113,4,0.5,0,1
2538,126,4113,944,0.5,0,1
2539,126,4113,183,0.5,0,1
2540,127,2122,2122,0.5,1,1
2541,127,2122,2330,0.5,0,1
2542,127,2122,3944,0.5,0,1
2543,127,2122,516,0.5,0,1
2544,127,2122,4166,0.5,0,1
2545,127,2122,2456,0.5,0,1
2546,127,2122,1378,0.5,0,1
2547,127,2122,1993,0.5,0,1
2548,127,2122,1035,0.5,0,1
2549,127,2122,1739,0.5,0,1
2550,127,2122,85,0.5,0,1
2551,127,2122,3347,0.5,0,1
2552,127,2122,498,0.5,0,1
2553,127,2122,4070,0.5,0,1
2554,127,2122,1231,0.5,0,1
2555,127,2122,847,0.5,0,1
2556,127,2122,2210,0.5,0,1
2557,127,2122,492,0.5,0,1
2558,127,2122,3478,0.5,0,1
2559,127,2122,547,0.5,0,1
2560,128,3859,3859,0.5,1,1
2561,128,3859,2819,0.5,0,1
2562,128,3859,3676,0.5,0,1
2563,128,3859,2640,0.5,0,1
2564,128,3859,2310,0.5,0,1
2565,128,3859,1082,0.5,0,1
2566,128,3859,2475,0.5,0,1
2567,128,3859,3551,0.5,0,1
2568,128,3859,2793,0.5,0,1
2569,128,3859,3454,0.5,0,1
2570,128,3859,1475,0.5,0,1
2571,128,3859,1554,0.5,0,1
2572,128,3859,3843,0.5,0,1
2573,128,3859,1641,0.5,0,1
2574,128,3859,43,0.5,0,1
2575,128,3859,1488,0.5,0,1
2576,128,3859,585,0.5,0,1
2577,128,3859,538,0.5,0,1
2578,128,3859,3467,0.5,0,1
2579,128,3859,92,0.5,0,1
2580,129,3743,3743,0.5,1,1
2581,129,3743,3920,0.5,0,1
2582,129,3743,1504,0.5,0,1
2583,129,3743,3122,0.5,0,1
2584,129,3743,3064,0.5,0,1
2585,129,3743,728,0.5,0,1
2586,129,3743,3569,0.5,0,1
2587,129,3743,374,0.5,0,1
2588,129,3743,812,0.5,0,1
2589,129,3743,237,0.5,0,1
2590,129,3743,3477,0.5,0,1
2591,129,3743,1788,0.5,0,1
2592,129,3743,2179,0.5,0,1
2593,129,3743,25,0.5,0,1
2594,129,3743,1490,0.5,0,1
2595,129,3743,562,0.5,0,1
2596,129,3743,2556,0.5,0,1
2597,129,3743,1417,0.5,0,1
2598,129,3743,1414,0.5,0,1
2599,129,3743,3589,0.5,0,1
2600,130,200,200,0.5,1,1
2601,130,200,2658,0.5,0,1
2602,130,200,1050,0.5,0,1
2603,130,200,1460,0.5,0,1
2604,130,200,1428,0.5,0,1
2605,130,200,2296,0.5,0,1
2606,130,200,1930,0.5,0,1
2607,130,200,1577,0.5,0,1
2608,130,200,1457,0.5,0,1
2609,130,200,2773,0.5,0,1
2610,130,200,224,0.5,0,1
2611,130,200,2995,0.5,0,1
2612,130,200,3949,0.5,0,1
2613,130,200,46,0.5,0,1
2614,130,200,494,0.5,0,1
2615,130,200,477,0.5,0,1
2616,130,200,895,0.5,0,1
2617,130,200,12,0.5,0,1
2618,130,200,1427,0.5,0,1
2619,130,200,1144,0.5,0,1
2620,131,3110,3110,0.5,1,1
2621,131,3110,2309,0.5,0,1
2622,131,3110,3990,0.5,0,1
2623,131,3110,1597,0.5,0,1
2624,131,3110,1987,0.5,0,1
2625,131,3110,2178,0.5,0,1
2626,131,3110,3760,0.5,0,1
2627,131,3110,2831,0.5,0,1
2628,131,3110,4027,0.5,0,1
2629,131,3110,1436,0.5,0,1
2630,131,3110,1191,0.5,0,1
2631,131,3110,4054,0.5,0,1
2632,131,3110,3302,0.5,0,1
2633,131,3110,3250,0.5,0,1
2634,131,3110,1546,0.5,0,1
2635,131,3110,3263,0.5,0,1
2636,131,3110,3993,0.5,0,1
2637,131,3110,963,0.5,0,1
2638,131,3110,1359,0.5,0,1
2639,131,3110,3014,0.5,0,1
2640,132,196,196,0.5,1,1
2641,132,196,1746,0.5,0,1
2642,132,196,3863,0.5,0,1
2643,132,196,1638,0.5,0,1
2644,132,196,3603,0.5,0,1
2645,132,196,2426,0.5,0,1
2646,132,196,2071,0.5,0,1
2647,132,196,726,0.5,0,1
2648,132,196,1467,0.5,0,1
2649,132,196,3419,0.5,0,1
2650,132,196,2308,0.5,0,1
2651,132,196,1656,0.5,0,1
2652,132,196,3253,0.5,0,1
2653,132,196,1110,0.5,0,1
2654,132,196,2572,0.5,0,1
2655,132,196,3078,0.5,0,1
2656,132,196,3216,0.5,0,1
2657,132,196,126,0.5,0,1
2658,132,196,3864,0.5,0,1
2659,132,196,366,0.5,0,1
2660,133,3171,3171,0.5,1,1
2661,133,3171,1892,0.5,0,1
2662,133,3171,3017,0.5,0,1
2663,133,3171,3448,0.5,0,1
2664,133,3171,286,0.5,0,1
2665,133,3171,4047,0.5,0,1
2666,133,3171,3246,0.5,0,1
2667,133,3171,3299,0.5,0,1
2668,133,3171,2367,0.5,0,1
2669,133,3171,2794,0.5,0,1
2670,133,3171,2012,0.5,0,1
2671,133,3171,4102,0.5,0,1
2672,133,3171,1795,0.5,0,1
2673,133,3171,1660,0.5,0,1
2674,133,3171,3276,0.5,0,1
2675,133,3171,3553,0.5,0,1
2676,133,3171,1606,0.5,0,1
2677,133,3171,1695,0.5,0,1
2678,133,3171,15,0.5,0,1
2679,133,3171,945,0.5,0,1
2680,134,3874,3874,0.5,1,1
2681,134,3874,3527,0.5,0,1
2682,134,3874,757,0.5,0,1
2683,134,3874,1819,0.5,0,1
2684,134,3874,2122,0.5,0,1
2685,134,3874,2936,0.5,0,1
2686,134,3874,3055,0.5,0,1
2687,134,3874,3594,0.5,0,1
2688,134,3874,126,0.5,0,1
2689,134,3874,1513,0.5,0,1
2690,134,3874,175,0.5,0,1
2691,134,3874,3424,0.5,0,1
2692,134,3874,2422,0.5,0,1
2693,134,3874,49,0.5,0,1
2694,134,3874,3465,0.5,0,1
2695,134,3874,2840,0.5,0,1
2696,134,3874,2014,0.5,0,1
2697,134,3874,2343,0.5,0,1
2698,134,3874,3767,0.5,0,1
2699,134,3874,2141,0.5,0,1
2700,135,560,560,0.5,1,1
2701,135,560,1962,0.5,0,1
2702,135,560,1684,0.5,0,1
2703,135,560,1757,0.5,0,1
2704,135,560,3598,0.5,0,1
2705,135,560,58,0.5,0,1
2706,135,560,569,0.5,0,1
2707,135,560,2248,0.5,0,1
2708,135,560,879,0.5,0,1
2709,135,560,2438,0.5,0,1
2710,135,560,1334,0.5,0,1
2711,135,560,2402,0.5,0,1
2712,135,560,3028,0.5,0,1
2713,135,560,350,0.5,0,1
2714,135,560,1544,0.5,0,1
2715,135,560,3239,0.5,0,1
2716,135,560,2512,0.5,0,1
2717,135,560,4177,0.5,0,1
2718,135,560,347,0.5,0,1
2719,135,560,1779,0.5,0,1
2720,136,240,240,0.5,1,1
2721,136,240,2985,0.5,0,1
2722,136,240,1511,0.5,0,1
2723,136,240,1496,0.5,0,1
2724,136,240,633,0.5,0,1
2725,136,240,4111,0.5,0,1
2726,136,240,2736,0.5,0,1
2727,136,240,2414,0.5,0,1
2728,136,240,2691,0.5,0,1
2729,136,240,289,0.5,0,1
2730,136,240,1733,0.5,0,1
2731,136,240,1538,0.5,0,1
2732,136,240,2705,0.5,0,1
2733,136,240,3400,0.5,0,1
2734,136,240,1257,0.5,0,1
2735,136,240,2168,0.5,0,1
2736,136,240,1987,0.5,0,1
2737,136,240,1856,0.5,0,1
2738,136,240,1044,0.5,0,1
2739,136,240,3979,0.5,0,1
2740,137,4047,4047,0.5,1,1
2741,137,4047,2822,0.5,0,1
2742,137,4047,51,0.5,0,1
2743,137,4047,3657,0.5,0,1
2744,137,4047,2044,0.5,0,1
2745,137,4047,3024,0.5,0,1
2746,137,4047,969,0.5,0,1
2747,137,4047,3323,0.5,0,1
2748,137,4047,3296,0.5,0,1
2749,137,4047,227,0.5,0,1
2750,137,4047,512,0.5,0,1
2751,137,4047,3721,0.5,0,1
2752,137,4047,1783,0.5,0,1
2753,137,4047,4179,0.5,0,1
2754,137,4047,323,0.5,0,1
2755,137,4047,3791,0.5,0,1
2756,137,4047,3512,0.5,0,1
2757,137,4047,3834,0.5,0,1
2758,137,4047,3792,0.5,0,1
2759,137,4047,2652,0.5,0,1
2760,138,1423,1423,0.5,1,1
2761,138,1423,2534,0.5,0,1
2762,138,1423,3986,0.5,0,1
2763,138,1423,1851,0.5,0,1
2764,138,1423,1680,0.5,0,1
2765,138,1423,2137,0.5,0,1
2766,138,1423,1307,0.5,0,1
2767,138,1423,66,0.5,0,1
2768,138,1423,253,0.5,0,1
2769,138,1423,2794,0.5,0,1
2770,138,1423,1015,0.5,0,1
2771,138,1423,967,0.5,0,1
2772,138,1423,513,0.5,0,1
2773,138,1423,37,0.5,0,1
2774,138,1423,3101,0.5,0,1
2775,138,1423,3062,0.5,0,1
2776,138,1423,1340,0.5,0,1
2777,138,1423,3150,0.5,0,1
2778,138,1423,297,0.5,0,1
2779,138,1423,3438,0.5,0,1
2780,139,2276,2276,0.5,1,1
2781,139,2276,279,0.5,0,1
2782,139,2276,2249,0.5,0,1
2783,139,2276,1493,0.5,0,1
2784,139,2276,190,0.5,0,1
2785,139,2276,3182,0.5,0,1
2786,139,2276,1028,0.5,0,1
2787,139,2276,3893,0.5,0,1
2788,139,2276,1433,0.5,0,1
2789,139,2276,3922,0.5,0,1
2790,139,2276,74,0.5,0,1
2791,139,2276,3080,0.5,0,1
2792,139,2276,688,0.5,0,1
2793,139,2276,2846,0.5,0,1
2794,139,2276,987,0.5,0,1
2795,139,2276,2394,0.5,0,1
2796,139,2276,1901,0.5,0,1
2797,139,2276,529,0.5,0,1
2798,139,2276,3983,0.5,0,1
2799,139,2276,464,0.5,0,1
2800,140,928,928,0.5,1,1
2801,140,928,3076,0.5,0,1
2802,140,928,3727,0.5,0,1
2803,140,928,1529,0.5,0,1
2804,140,928,2827,0.5,0,1
2805,140,928,1657,0.5,0,1
2806,140,928,391,0.5,0,1
2807,140,928,2388,0.5,0,1
2808,140,928,2909,0.5,0,1
2809,140,928,207,0.5,0,1
2810,140,928,923,0.5,0,1
2811,140,928,4042,0.5,0,1
2812,140,928,1703,0.5,0,1
2813,140,928,259,0.5,0,1
2814,140,928,2581,0.5,0,1
2815,140,928,4031,0.5,0,1
2816,140,928,3230,0.5,0,1
2817,140,928,1467,0.5,0,1
2818,140,928,3239,0.5,0,1
2819,140,928,1227,0.5,0,1
2820,141,29,29,0.5,1,1
2821,141,29,670,0.5,0,1
2822,141,29,2100,0.5,0,1
2823,141,29,1576,0.5,0,1
2824,141,29,1350,0.5,0,1
2825,141,29,167,0.5,0,1
2826,141,29,3739,0.5,0,1
2827,141,29,1035,0.5,0,1
2828,141,29,134,0.5,0,1
2829,141,29,4105,0.5,0,1
2830,141,29,3117,0.5,0,1
2831,141,29,1219,0.5,0,1
2832,141,29,2810,0.5,0,1
2833,141,29,1163,0.5,0,1
2834,141,29,1699,0.5,0,1
2835,141,29,2936,0.5,0,1
2836,141,29,326,0.5,0,1
2837,141,29,2300,0.5,0,1
2838,141,29,2824,0.5,0,1
2839,141,29,1877,0.5,0,1
2840,142,3936,3936,0.5,1,1
2841,142,3936,4173,0.5,0,1
2842,142,3936,2168,0.5,0,1
2843,142,3936,2262,0.5,0,1
2844,142,3936,3069,0.5,0,1
2845,142,3936,541,0.5,0,1
2846,142,3936,3835,0.5,0,1
2847,142,3936,2115,0.5,0,1
2848,142,3936,1323,0.5,0,1
2849,142,3936,1470,0.5,0,1
2850,142,3936,2699,0.5,0,1
2851,142,3936,1295,0.5,0,1
2852,142,3936,3743,0.5,0,1
2853,142,3936,330,0.5,0,1
2854,142,3936,3511,0.5,0,1
2855,142,3936,1944,0.5,0,1
2856,142,3936,1356,0.5,0,1
2857,142,3936,3520,0.5,0,1
2858,142,3936,596,0.5,0,1
2859,142,3936,4002,0.5,0,1
2860,143,556,556,0.5,1,1
2861,143,556,484,0.5,0,1
2862,143,556,41,0.5,0,1
2863,143,556,819,0.5,0,1
2864,143,556,1678,0.5,0,1
2865,143,556,577,0.5,0,1
2866,143,556,61,0.5,0,1
2867,143,556,1398,0.5,0,1
2868,143,556,3392,0.5,0,1
2869,143,556,76,0.5,0,1
2870,143,556,1803,0.5,0,1
2871,143,556,3265,0.5,0,1
2872,143,556,2863,0.5,0,1
2873,143,556,916,0.5,0,1
2874,143,556,624,0.5,0,1
2875,143,556,4072,0.5,0,1
2876,143,556,2298,0.5,0,1
2877,143,556,2211,0.5,0,1
2878,143,556,1812,0.5,0,1
2879,143,556,547,0.5,0,1
2880,144,328,328,0.5,1,1
2881,144,328,760,0.5,0,1
2882,144,328,125,0.5,0,1
2883,144,328,2416,0.5,0,1
2884,144,328,2532,0.5,0,1
2885,144,328,437,0.5,0,1
2886,144,328,1494,0.5,0,1
2887,144,328,1029,0.5,0,1
2888,144,328,3686,0.5,0,1
2889,144,328,2429,0.5,0,1
2890,144,328,2934,0.5,0,1
2891,144,328,2273,0.5,0,1
2892,144,328,2087,0.5,0,1
2893,144,328,595,0.5,0,1
2894,144,328,2608,0.5,0,1
2895,144,328,1890,0.5,0,1
2896,144,328,1352,0.5,0,1
2897,144,328,1936,0.5,0,1
2898,144,328,3733,0.5,0,1
2899,144,328,1419,0.5,0,1
2900,145,1156,1156,0.5,1,1
2901,145,1156,2503,0.5,0,1
2902,145,1156,2992,0.5,0,1
2903,145,1156,1263,0.5,0,1
2904,145,1156,294,0.5,0,1
2905,145,1156,2292,0.5,0,1
2906,145,1156,2502,0.5,0,1
2907,145,1156,2727,0.5,0,1
2908,145,1156,285,0.5,0,1
2909,145,1156,2402,0.5,0,1
2910,145,1156,421,0.5,0,1
2911,145,1156,1170,0.5,0,1
2912,145,1156,3400,0.5,0,1
2913,145,1156,3320,0.5,0,1
2914,145,1156,1080,0.5,0,1
2915,145,1156,2963,0.5,0,1
2916,145,1156,1293,0.5,0,1
2917,145,1156,2853,0.5,0,1
2918,145,1156,2610,0.5,0,1
2919,145,1156,2568,0.5,0,1
2920,146,4099,4099,0.5,1,1
2921,146,4099,2599,0.5,0,1
2922,146,4099,1647,0.5,0,1
2923,146,4099,1694,0.5,0,1
2924,146,4099,2174,0.5,0,1
2925,146,4099,3968,0.5,0,1
2926,146,4099,4062,0.5,0,1
2927,146,4099,706,0.5,0,1
2928,146,4099,2950,0.5,0,1
2929,146,4099,2055,0.5,0,1
2930,146,4099,3428,0.5,0,1
2931,146,4099,2673,0.5,0,1
2932,146,4099,1688,0.5,0,1
2933,146,4099,2640,0.5,0,1
2934,146,4099,55,0.5,0,1
2935,146,4099,2561,0.5,0,1
2936,146,4099,1361,0.5,0,1
2937,146,4099,3141,0.5,0,1
2938,146,4099,2670,0.5,0,1
2939,146,4099,3715,0.5,0,1
2940,147,1821,1821,0.5,1,1
2941,147,1821,1464,0.5,0,1
2942,147,1821,666,0.5,0,1
2943,147,1821,2864,0.5,0,1
2944,147,1821,4146,0.5,0,1
2945,147,1821,785,0.5,0,1
2946,147,1821,3054,0.5,0,1
2947,147,1821,941,0.5,0,1
2948,147,1821,2414,0.5,0,1
2949,147,1821,2395,0.5,0,1
2950,147,1821,187,0.5,0,1
2951,147,1821,2557,0.5,0,1
2952,147,1821,771,0.5,0,1
2953,147,1821,788,0.5,0,1
2954,147,1821,1782,0.5,0,1
2955,147,1821,2507,0.5,0,1
2956,147,1821,966,0.5,0,1
2957,147,1821,2962,0.5,0,1
2958,147,1821,2633,0.5,0,1
2959,147,1821,3430,0.5,0,1
2960,148,436,436,0.5,1,1
2961,148,436,1151,0.5,0,1
2962,148,436,2321,0.5,0,1
2963,148,436,3993,0.5,0,1
2964,148,436,3397,0.5,0,1
2965,148,436,2410,0.5,0,1
2966,148,436,2259,0.5,0,1
2967,148,436,2460,0.5,0,1
2968,148,436,2714,0.5,0,1
2969,148,436,481,0.5,0,1
2970,148,436,1513,0.5,0,1
2971,148,436,2163,0.5,0,1
2972,148,436,1718,0.5,0,1
2973,148,436,1273,0.5,0,1
2974,148,436,1482,0.5,0,1
2975,148,436,989,0.5,0,1
2976,148,436,1319,0.5,0,1
2977,148,436,1339,0.5,0,1
2978,148,436,4085,0.5,0,1
2979,148,436,2704,0.5,0,1
2980,149,964,964,0.5,1,1
2981,149,964,3134,0.5,0,1
2982,149,964,3394,0.5,0,1
2983,149,964,3180,0.5,0,1
2984,149,964,2772,0.5,0,1
2985,149,964,2854,0.5,0,1
2986,149,964,3281,0.5,0,1
2987,149,964,3292,0.5,0,1
2988,149,964,3162,0.5,0,1
2989,149,964,2368,0.5,0,1
2990,149,964,3195,0.5,0,1
2991,149,964,2116,0.5,0,1
2992,149,964,3680,0.5,0,1
2993,149,964,2692,0.5,0,1
2994,149,964,516,0.5,0,1
2995,149,964,2635,0.5,0,1
2996,149,964,1602,0.5,0,1
2997,149,964,700,0.5,0,1
2998,149,964,3566,0.5,0,1
2999,149,964,3196,0.5,0,1
3000,150,1727,1727,0.5,1,1
3001,150,1727,2849,0.5,0,1
3002,150,1727,592,0.5,0,1
3003,150,1727,3356,0.5,0,1
3004,150,1727,1424,0.5,0,1
3005,150,1727,1072,0.5,0,1
3006,150,1727,1874,0.5,0,1
3007,150,1727,1825,0.5,0,1
3008,150,1727,1391,0.5,0,1
3009,150,1727,1714,0.5,0,1
3010,150,1727,1868,0.5,0,1
3011,150,1727,2261,0.5,0,1
3012,150,1727,3145,0.5,0,1
3013,150,1727,563,0.5,0,1
3014,150,1727,2557,0.5,0,1
3015,150,1727,310,0.5,0,1
3016,150,1727,436,0.5,0,1
3017,150,1727,1540,0.5,0,1
3018,150,1727,4103,0.5,0,1
3019,150,1727,2652,0.5,0,1
3020,151,948,948,0.5,1,1
3021,151,948,652,0.5,0,1
3022,151,948,4132,0.5,0,1
3023,151,948,1641,0.5,0,1
3024,151,948,614,0.5,0,1
3025,151,948,2170,0.5,0,1
3026,151,948,2528,0.5,0,1
3027,151,948,3379,0.5,0,1
3028,151,948,3585,0.5,0,1
3029,151,948,3746,0.5,0,1
3030,151,948,1106,0.5,0,1
3031,151,948,3863,0.5,0,1
3032,151,948,1915,0.5,0,1
3033,151,948,3663,0.5,0,1
3034,151,948,3373,0.5,0,1
3035,151,948,2783,0.5,0,1
3036,151,948,2299,0.5,0,1
3037,151,948,4126,0.5,0,1
3038,151,948,2956,0.5,0,1
3039,151,948,55,0.5,0,1
3040,152,1081,1081,0.5,1,1
3041,152,1081,3769,0.5,0,1
3042,152,1081,1111,0.5,0,1
3043,152,1081,2719,0.5,0,1
3044,152,1081,3797,0.5,0,1
3045,152,1081,443,0.5,0,1
3046,152,1081,2648,0.5,0,1
3047,152,1081,233,0.5,0,1
3048,152,1081,1534,0.5,0,1
3049,152,1081,3209,0.5,0,1
3050,152,1081,1859,0.5,0,1
3051,152,1081,3578,0.5,0,1
3052,152,1081,423,0.5,0,1
3053,152,1081,2646,0.5,0,1
3054,152,1081,3400,0.5,0,1
3055,152,1081,3371,0.5,0,1
3056,152,1081,1886,0.5,0,1
3057,152,1081,3848,0.5,0,1
3058,152,1081,872,0.5,0,1
3059,152,1081,3922,0.5,0,1
3060,153,1211,1211,0.5,1,1
3061,153,1211,1296,0.5,0,1
3062,153,1211,3825,0.5,0,1
3063,153,1211,476,0.5,0,1
3064,153,1211,1227,0.5,0,1
3065,153,1211,1516,0.5,0,1
3066,153,1211,2090,0.5,0,1
3067,153,1211,2377,0.5,0,1
3068,153,1211,4058,0.5,0,1
3069,153,1211,2606,0.5,0,1
3070,153,1211,3945,0.5,0,1
3071,153,1211,1356,0.5,0,1
3072,153,1211,2071,0.5,0,1
3073,153,1211,3521,0.5,0,1
3074,153,1211,1135,0.5,0,1
3075,153,1211,3276,0.5,0,1
3076,153,1211,3950,0.5,0,1
3077,153,1211,2385,0.5,0,1
3078,153,1211,1253,0.5,0,1
3079,153,1211,3013,0.5,0,1
3080,154,2051,2051,0.5,1,1
3081,154,2051,2391,0.5,0,1
3082,154,2051,370,0.5,0,1
3083,154,2051,3949,0.5,0,1
3084,154,2051,556,0.5,0,1
3085,154,2051,1433,0.5,0,1
3086,154,2051,56,0.5,0,1
3087,154,2051,3630,0.5,0,1
3088,154,2051,4005,0.5,0,1
3089,154,2051,1092,0.5,0,1
3090,154,2051,3814,0.5,0,1
3091,154,2051,617,0.5,0,1
3092,154,2051,110,0.5,0,1
3093,154,2051,1559,0.5,0,1
3094,154,2051,3730,0.5,0,1
3095,154,2051,2020,0.5,0,1
3096,154,2051,146,0.5,0,1
3097,154,2051,4158,0.5,0,1
3098,154,2051,3782,0.5,0,1
3099,154,2051,160,0.5,0,1
3100,155,1207,1207,0.5,1,1
3101,155,1207,1167,0.5,0,1
3102,155,1207,2252,0.5,0,1
3103,155,1207,2882,0.5,0,1
3104,155,1207,2260,0.5,0,1
3105,155,1207,2035,0.5,0,1
3106,155,1207,2309,0.5,0,1
3107,155,1207,3707,0.5,0,1
3108,155,1207,3620,0.5,0,1
3109,155,1207,3025,0.5,0,1
3110,155,1207,3875,0.5,0,1
3111,155,1207,317,0.5,0,1
3112,155,1207,2607,0.5,0,1
3113,155,1207,1169,0.5,0,1
3114,155,1207,1627,0.5,0,1
3115,155,1207,1779,0.5,0,1
3116,155,1207,3851,0.5,0,1
3117,155,1207,1044,0.5,0,1
3118,155,1207,1142,0.5,0,1
3119,155,1207,2244,0.5,0,1
3120,156,1683,1683,0.5,1,1
3121,156,1683,3753,0.5,0,1
3122,156,1683,3502,0.5,0,1
3123,156,1683,162,0.5,0,1
3124,156,1683,1631,0.5,0,1
3125,156,1683,3509,0.5,0,1
3126,156,1683,1649,0.5,0,1
3127,156,1683,1331,0.5,0,1
3128,156,1683,3036,0.5,0,1
3129,156,1683,1571,0.5,0,1
3130,156,1683,4099,0.5,0,1
3131,156,1683,1003,0.5,0,1
3132,156,1683,1224,0.5,0,1
3133,156,1683,372,0.5,0,1
3134,156,1683,2405,0.5,0,1
3135,156,1683,1375,0.5,0,1
3136,156,1683,294,0.5,0,1
3137,156,1683,127,0.5,0,1
3138,156,1683,3948,0.5,0,1
3139,156,1683,2114,0.5,0,1
3140,157,3007,3007,0.5,1,1
3141,157,3007,1445,0.5,0,1
3142,157,3007,2938,0.5,0,1
3143,157,3007,562,0.5,0,1
3144,157,3007,3945,0.5,0,1
3145,157,3007,1742,0.5,0,1
3146,157,3007,1859,0.5,0,1
3147,157,3007,1009,0.5,0,1
3148,157,3007,490,0.5,0,1
3149,157,3007,3424,0.5,0,1
3150,157,3007,351,0.5,0,1
3151,157,3007,172,0.5,0,1
3152,157,3007,1114,0.5,0,1
3153,157,3007,2754,0.5,0,1
3154,157,3007,2659,0.5,0,1
3155,157,3007,3634,0.5,0,1
3156,157,3007,3752,0.5,0,1
3157,157,3007,357,0.5,0,1
3158,157,3007,3790,0.5,0,1
3159,157,3007,2161,0.5,0,1
3160,158,4023,4023,0.5,1,1
3161,158,4023,160,0.5,0,1
3162,158,4023,3020,0.5,0,1
3163,158,4023,3725,0.5,0,1
3164,158,4023,1433,0.5,0,1
3165,158,4023,3315,0.5,0,1
3166,158,4023,730,0.5,0,1
3167,158,4023,2008,0.5,0,1
3168,158,4023,1482,0.5,0,1
3169,158,4023,3332,0.5,0,1
3170,158,4023,2434,0.5,0,1
3171,158,4023,1970,0.5,0,1
3172,158,4023,1071,0.5,0,1
3173,158,4023,1082,0.5,0,1
3174,158,4023,3054,0.5,0,1
3175,158,4023,711,0.5,0,1
3176,158,4023,178,0.5,0,1
3177,158,4023,3919,0.5,0,1
3178,158,4023,891,0.5,0,1
3179,158,4023,3245,0.5,0,1
3180,159,2975,2975,0.5,1,1
3181,159,2975,2787,0.5,0,1
3182,159,2975,817,0.5,0,1
3183,159,2975,4120,0.5,0,1
3184,159,2975,225,0.5,0,1
3185,159,2975,954,0.5,0,1
3186,159,2975,2543,0.5,0,1
3187,159,2975,4014,0.5,0,1
3188,159,2975,463,0.5,0,1
3189,159,2975,1082,0.5,0,1
3190,159,2975,2804,0.5,0,1
3191,159,2975,1240,0.5,0,1
3192,159,2975,3091,0.5,0,1
3193,159,2975,829,0.5,0,1
3194,159,2975,1715,0.5,0,1
3195,159,2975,203,0.5,0,1
3196,159,2975,2083,0.5,0,1
3197,159,2975,530,0.5,0,1
3198,159,2975,3293,0.5,0,1
3199,159,2975,1499,0.5,0,1
3200,160,48,48,0.5,1,1
3201,160,48,2234,0.5,0,1
3202,160,48,2026,0.5,0,1
3203,160,48,1083,0.5,0,1
3204,160,48,1661,0.5,0,1
3205,160,48,69,0.5,0,1
3206,160,48,3446,0.5,0,1
3207,160,48,1264,0.5,0,1
3208,160,48,285,0.5,0,1
3209,160,48,219,0.5,0,1
3210,160,48,852,0.5,0,1
3211,160,48,3552,0.5,0,1
3212,160,48,1522,0.5,0,1
3213,160,48,1301,0.5,0,1
3214,160,48,3585,0.5,0,1
3215,160,48,299,0.5,0,1
3216,160,48,1222,0.5,0,1
3217,160,48,3668,0.5,0,1
3218,160,48,831,0.5,0,1
3219,160,48,1705,0.5,0,1
3220,161,3885,3885,0.5,1,1
3221,161,3885,409,0.5,0,1
3222,161,3885,3004,0.5,0,1
3223,161,3885,651,0.5,0,1
3224,161,3885,795,0.5,0,1
3225,161,3885,4151,0.5,0,1
3226,161,3885,2972,0.5,0,1
3227,161,3885,2855,0.5,0,1
3228,161,3885,3071,0.5,0,1
3229,161,3885,1205,0.5,0,1
3230,161,3885,4174,0.5,0,1
3231,161,3885,3232,0.5,0,1
3232,161,3885,2413,0.5,0,1
3233,161,3885,2469,0.5,0,1
3234,161,3885,2928,0.5,0,1
3235,161,3885,3410,0.5,0,1
3236,161,3885,1437,0.5,0,1
3237,161,3885,2305,0.5,0,1
3238,161,3885,1522,0.5,0,1
3239,161,3885,3879,0.5,0,1
3240,162,1944,1944,0.5,1,1
3241,162,1944,2582,0.5,0,1
3242,162,1944,3211,0.5,0,1
3243,162,1944,113,0.5,0,1
3244,162,1944,981,0.5,0,1
3245,162,1944,156,0.5,0,1
3246,162,1944,1972,0.5,0,1
3247,162,1944,542,0.5,0,1
3248,162,1944,1197,0.5,0,1
3249,162,1944,809,0.5,0,1
3250,162,1944,3170,0.5,0,1
3251,162,1944,3790,0.5,0,1
3252,162,1944,1292,0.5,0,1
3253,162,1944,3804,0.5,0,1
3254,162,1944,2841,0.5,0,1
3255,162,1944,478,0.5,0,1
3256,162,1944,2481,0.5,0,1
3257,162,1944,2796,0.5,0,1
3258,162,1944,595,0.5,0,1
3259,162,1944,1099,0.5,0,1
3260,163,1519,1519,0.5,1,1
3261,163,1519,2854,0.5,0,1
3262,163,1519,379,0.5,0,1
3263,163,1519,4090,0.5,0,1
3264,163,1519,3855,0.5,0,1
3265,163,1519,3512,0.5,0,1
3266,163,1519,3214,0.5,0,1
3267,163,1519,947,0.5,0,1
3268,163,1519,3682,0.5,0,1
3269,163,1519,546,0.5,0,1
3270,163,1519,2857,0.5,0,1
3271,163,1519,247,0.5,0,1
3272,163,1519,2921,0.5,0,1
3273,163,1519,3143,0.5,0,1
3274,163,1519,485,0.5,0,1
3275,163,1519,536,0.5,0,1
3276,163,1519,617,0.5,0,1
3277,163,1519,841,0.5,0,1
3278,163,1519,466,0.5,0,1
3279,163,1519,1239,0.5,0,1
3280,164,3000,3000,0.5,1,1
3281,164,3000,2316,0.5,0,1
3282,164,3000,3610,0.5,0,1
3283,164,3000,355,0.5,0,1
3284,164,3000,2725,0.5,0,1
3285,164,3000,1152,0.5,0,1
3286,164,3000,2531,0.5,0,1
3287,164,3000,1596,0.5,0,1
3288,164,3000,1676,0.5,0,1
3289,164,3000,2410,0.5,0,1
3290,164,3000,3919,0.5,0,1
3291,164,3000,694,0.5,0,1
3292,164,3000,1044,0.5,0,1
3293,164,3000,1779,0.5,0,1
3294,164,3000,2874,0.5,0,1
3295,164,3000,3072,0.5,0,1
3296,164,3000,1854,0.5,0,1
3297,164,3000,2913,0.5,0,1
3298,164,3000,2196,0.5,0,1
3299,164,3000,2457,0.5,0,1
3300,165,3794,3794,0.5,1,1
3301,165,3794,3864,0.5,0,1
3302,165,3794,99,0.5,0,1
3303,165,3794,2945,0.5,0,1
3304,165,3794,321,0.5,0,1
3305,165,3794,1365,0.5,0,1
3306,165,3794,1579,0.5,0,1
3307,165,3794,1644,0.5,0,1
3308,165,3794,1778,0.5,0,1
3309,165,3794,1789,0.5,0,1
3310,165,3794,502,0.5,0,1
3311,165,3794,3117,0.5,0,1
3312,165,3794,1354,0.5,0,1
3313,165,3794,161,0.5,0,1
3314,165,3794,1984,0.5,0,1
3315,165,3794,1035,0.5,0,1
3316,165,3794,2441,0.5,0,1
3317,165,3794,3646,0.5,0,1
3318,165,3794,2187,0.5,0,1
3319,165,3794,2604,0.5,0,1
3320,166,2262,2262,0.5,1,1
3321,166,2262,2860,0.5,0,1
3322,166,2262,1317,0.5,0,1
3323,166,2262,1721,0.5,0,1
3324,166,2262,2134,0.5,0,1
3325,166,2262,252,0.5,0,1
3326,166,2262,1553,0.5,0,1
3327,166,2262,1742,0.5,0,1
3328,166,2262,2128,0.5,0,1
3329,166,2262,2405,0.5,0,1
3330,166,2262,433,0.5,0,1
3331,166,2262,2636,0.5,0,1
3332,166,2262,1239,0.5,0,1
3333,166,2262,3243,0.5,0,1
3334,166,2262,2521,0.5,0,1
3335,166,2262,419,0.5,0,1
3336,166,2262,343,0.5,0,1
3337,166,2262,2963,0.5,0,1
3338,166,2262,2840,0.5,0,1
3339,166,2262,2877,0.5,0,1
3340,167,956,956,0.5,1,1
3341,167,956,161,0.5,0,1
3342,167,956,412,0.5,0,1
3343,167,956,2077,0.5,0,1
3344,167,956,2482,0.5,0,1
3345,167,956,27,0.5,0,1
3346,167,956,152,0.5,0,1
3347,167,956,294,0.5,0,1
3348,167,956,2936,0.5,0,1
3349,167,956,3450,0.5,0,1
3350,167,956,3688,0.5,0,1
3351,167,956,2831,0.5,0,1
3352,167,956,2112,0.5,0,1
3353,167,956,1017,0.5,0,1
3354,167,956,2947,0.5,0,1
3355,167,956,3468,0.5,0,1
3356,167,956,3320,0.5,0,1
3357,167,956,1989,0.5,0,1
3358,167,956,4011,0.5,0,1
3359,167,956,1084,0.5,0,1
3360,168,2036,2036,0.5,1,1
3361,168,2036,1287,0.5,0,1
3362,168,2036,1433,0.5,0,1
3363,168,2036,2274,0.5,0,1
3364,168,2036,713,0.5,0,1
3365,168,2036,1933,0.5,0,1
3366,168,2036,1040,0.5,0,1
3367,168,2036,197,0.5,0,1
3368,168,2036,3154,0.5,0,1
3369,168,2036,2396,0.5,0,1
3370,168,2036,2504,0.5,0,1
3371,168,2036,3712,0.5,0,1
3372,168,2036,4050,0.5,0,1
3373,168,2036,170,0.5,0,1
3374,168,2036,2564,0.5,0,1
3375,168,2036,517,0.5,0,1
3376,168,2036,1275,0.5,0,1
3377,168,2036,1500,0.5,0,1
3378,168,2036,1241,0.5,0,1
3379,168,2036,3423,0.5,0,1
3380,169,586,586,0.5,1,1
3381,169,586,978,0.5,0,1
3382,169,586,794,0.5,0,1
3383,169,586,1376,0.5,0,1
3384,169,586,3265,0.5,0,1
3385,169,586,318,0.5,0,1
3386,169,586,833,0.5,0,1
3387,169,586,3204,0.5,0,1
3388,169,586,277,0.5,0,1
3389,169,586,3078,0.5,0,1
3390,169,586,1037,0.5,0,1
3391,169,586,1275,0.5,0,1
3392,169,586,1717,0.5,0,1
3393,169,586,3258,0.5,0,1
3394,169,586,1654,0.5,0,1
3395,169,586,3985,0.5,0,1
3396,169,586,921,0.5,0,1
3397,169,586,4086,0.5,0,1
3398,169,586,2348,0.5,0,1
3399,169,586,1993,0.5,0,1
3400,170,2904,2904,0.5,1,1
3401,170,2904,1992,0.5,0,1
3402,170,2904,879,0.5,0,1
3403,170,2904,1256,0.5,0,1
3404,170,2904,3453,0.5,0,1
3405,170,2904,441,0.5,0,1
3406,170,2904,2554,0.5,0,1
3407,170,2904,1300,0.5,0,1
3408,170,2904,347,0.5,0,1
3409,170,2904,2577,0.5,0,1
3410,170,2904,3411,0.5,0,1
3411,170,2904,713,0.5,0,1
3412,170,2904,3961,0.5,0,1
3413,170,2904,3358,0.5,0,1
3414,170,2904,3469,0.5,0,1
3415,170,2904,3617,0.5,0,1
3416,170,2904,3936,0.5,0,1
3417,170,2904,2742,0.5,0,1
3418,170,2904,443,0.5,0,1
3419,170,2904,4118,0.5,0,1
3420,171,3032,3032,0.5,1,1
3421,171,3032,679,0.5,0,1
3422,171,3032,1401,0.5,0,1
3423,171,3032,1382,0.5,0,1
3424,171,3032,667,0.5,0,1
3425,171,3032,2136,0.5,0,1
3426,171,3032,3783,0.5,0,1
3427,171,3032,1652,0.5,0,1
3428,171,3032,2285,0.5,0,1
3429,171,3032,2214,0.5,0,1
3430,171,3032,2558,0.5,0,1
3431,171,3032,3438,0.5,0,1
3432,171,3032,1461,0.5,0,1
3433,171,3032,4089,0.5,0,1
3434,171,3032,182,0.5,0,1
3435,171,3032,3036,0.5,0,1
3436,171,3032,994,0.5,0,1
3437,171,3032,2915,0.5,0,1
3438,171,3032,1906,0.5,0,1
3439,171,3032,1295,0.5,0,1
3440,172,3543,3543,0.5,1,1
3441,172,3543,935,0.5,0,1
3442,172,3543,254,0.5,0,1
3443,172,3543,562,0.5,0,1
3444,172,3543,2732,0.5,0,1
3445,172,3543,1507,0.5,0,1
3446,172,3543,2749,0.5,0,1
3447,172,3543,901,0.5,0,1
3448,172,3543,3328,0.5,0,1
3449,172,3543,3161,0.5,0,1
3450,172,3543,2253,0.5,0,1
3451,172,3543,2511,0.5,0,1
3452,172,3543,3438,0.5,0,1
3453,172,3543,1226,0.5,0,1
3454,172,3543,2684,0.5,0,1
3455,172,3543,1599,0.5,0,1
3456,172,3543,1837,0.5,0,1
3457,172,3543,1961,0.5,0,1
3458,172,3543,2811,0.5,0,1
3459,172,3543,2521,0.5,0,1
3460,173,1909,1909,0.5,1,1
3461,173,1909,1000,0.5,0,1
3462,173,1909,573,0.5,0,1
3463,173,1909,1107,0.5,0,1
3464,173,1909,202,0.5,0,1
3465,173,1909,3187,0.5,0,1
3466,173,1909,2878,0.5,0,1
3467,173,1909,2924,0.5,0,1
3468,173,1909,2454,0.5,0,1
3469,173,1909,4030,0.5,0,1
3470,173,1909,716,0.5,0,1
3471,173,1909,1643,0.5,0,1
3472,173,1909,2544,0.5,0,1
3473,173,1909,3229,0.5,0,1
3474,173,1909,1559,0.5,0,1
3475,173,1909,3386,0.5,0,1
3476,173,1909,1988,0.5,0,1
3477,173,1909,694,0.5,0,1
3478,173,1909,582,0.5,0,1
3479,173,1909,248,0.5,0,1
3480,174,3151,3151,0.5,1,1
3481,174,3151,411,0.5,0,1
3482,174,3151,3576,0.5,0,1
3483,174,3151,413,0.5,0,1
3484,174,3151,2028,0.5,0,1
3485,174,3151,1573,0.5,0,1
3486,174,3151,2764,0.5,0,1
3487,174,3151,1371,0.5,0,1
3488,174,3151,2527,0.5,0,1
3489,174,3151,766,0.5,0,1
3490,174,3151,1664,0.5,0,1
3491,174,3151,767,0.5,0,1
3492,174,3151,3824,0.5,0,1
3493,174,3151,124,0.5,0,1
3494,174,3151,997,0.5,0,1
3495,174,3151,212,0.5,0,1
3496,174,3151,1300,0.5,0,1
3497,174,3151,442,0.5,0,1
3498,174,3151,967,0.5,0,1
3499,174,3151,4019,0.5,0,1
3500,175,3990,3990,0.5,1,1
3501,175,3990,2645,0.5,0,1
3502,175,3990,2488,0.5,0,1
3503,175,3990,2447,0.5,0,1
3504,175,3990,1452,0.5,0,1
3505,175,3990,3742,0.5,0,1
3506,175,3990,4167,0.5,0,1
3507,175,3990,3587,0.5,0,1
3508,175,3990,1102,0.5,0,1
3509,175,3990,1239,0.5,0,1
3510,175,3990,3581,0.5,0,1
3511,175,3990,4053,0.5,0,1
3512,175,3990,2169,0.5,0,1
3513,175,3990,1505,0.5,0,1
3514,175,3990,2312,0.5,0,1
3515,175,3990,1776,0.5,0,1
3516,175,3990,2635,0.5,0,1
3517,175,3990,2737,0.5,0,1
3518,175,3990,3563,0.5,0,1
3519,175,3990,2961,0.5,0,1
3520,176,1783,1783,0.5,1,1
3521,176,1783,3926,0.5,0,1
3522,176,1783,2583,0.5,0,1
3523,176,1783,1695,0.5,0,1
3524,176,1783,1698,0.5,0,1
3525,176,1783,879,0.5,0,1
3526,176,1783,2471,0.5,0,1
3527,176,1783,2335,0.5,0,1
3528,176,1783,44,0.5,0,1
3529,176,1783,2013,0.5,0,1
3530,176,1783,3375,0.5,0,1
3531,176,1783,1687,0.5,0,1
3532,176,1783,453,0.5,0,1
3533,176,1783,2788,0.5,0,1
3534,176,1783,2446,0.5,0,1
3535,176,1783,3463,0.5,0,1
3536,176,1783,978,0.5,0,1
3537,176,1783,2442,0.5,0,1
3538,176,1783,3509,0.5,0,1
3539,176,1783,497,0.5,0,1
3540,177,666,666,0.5,1,1
3541,177,666,3188,0.5,0,1
3542,177,666,1004,0.5,0,1
3543,177,666,4026,0.5,0,1
3544,177,666,2632,0.5,0,1
3545,177,666,3878,0.5,0,1
3546,177,666,2227,0.5,0,1
3547,177,666,1892,0.5,0,1
3548,177,666,3084,0.5,0,1
3549,177,666,1722,0.5,0,1
3550,177,666,2958,0.5,0,1
3551,177,666,1492,0.5,0,1
3552,177,666,1188,0.5,0,1
3553,177,666,2188,0.5,0,1
3554,177,666,1666,0.5,0,1
3555,177,666,95,0.5,0,1
3556,177,666,3512,0.5,0,1
3557,177,666,828,0.5,0,1
3558,177,666,3493,0.5,0,1
3559,177,666,3236,0.5,0,1
3560,178,2728,2728,0.5,1,1
3561,178,2728,596,0.5,0,1
3562,178,2728,3075,0.5,0,1
3563,178,2728,969,0.5,0,1
3564,178,2728,2088,0.5,0,1
3565,178,2728,1551,0.5,0,1
3566,178,2728,2039,0.5,0,1
3567,178,2728,1257,0.5,0,1
3568,178,2728,4055,0.5,0,1
3569,178,2728,2816,0.5,0,1
3570,178,2728,2202,0.5,0,1
3571,178,2728,2775,0.5,0,1
3572,178,2728,528,0.5,0,1
3573,178,2728,1783,0.5,0,1
3574,178,2728,163,0.5,0,1
3575,178,2728,2584,0.5,0,1
3576,178,2728,1495,0.5,0,1
3577,178,2728,1058,0.5,0,1
3578,178,2728,642,0.5,0,1
3579,178,2728,2423,0.5,0,1
3580,179,779,779,0.5,1,1
3581,179,779,3774,0.5,0,1
3582,179,779,715,0.5,0,1
3583,179,779,1506,0.5,0,1
3584,179,779,3602,0.5,0,1
3585,179,779,3069,0.5,0,1
3586,179,779,2809,0.5,0,1
3587,179,779,3922,0.5,0,1
3588,179,779,3320,0.5,0,1
3589,179,779,2126,0.5,0,1
3590,179,779,456,0.5,0,1
3591,179,779,628,0.5,0,1
3592,179,779,1357,0.5,0,1
3593,179,779,4092,0.5,0,1
3594,179,779,435,0.5,0,1
3595,179,779,2810,0.5,0,1
3596,179,779,1998,0.5,0,1
3597,179,779,2903,0.5,0,1
3598,179,779,2103,0.5,0,1
3599,179,779,438,0.5,0,1
3600,180,2323,2323,0.5,1,1
3601,180,2323,738,0.5,0,1
3602,180,2323,1347,0.5,0,1
3603,180,2323,1409,0.5,0,1
3604,180,2323,3186,0.5,0,1
3605,180,2323,2914,0.5,0,1
3606,180,2323,1195,0.5,0,1
3607,180,2323,2850,0.5,0,1
3608,180,2323,641,0.5,0,1
3609,180,2323,164,0.5,0,1
3610,180,2323,1929,0.5,0,1
3611,180,2323,121,0.5,0,1
3612,180,2323,258,0.5,0,1
3613,180,2323,3599,0.5,0,1
3614,180,2323,3238,0.5,0,1
3615,180,2323,3483,0.5,0,1
3616,180,2323,1490,0.5,0,1
3617,180,2323,3115,0.5,0,1
3618,180,2323,1299,0.5,0,1
3619,180,2323,1954,0.5,0,1
3620,181,1845,1845,0.5,1,1
3621,181,1845,3656,0.5,0,1
3622,181,1845,787,0.5,0,1
3623,181,1845,1843,0.5,0,1
3624,181,1845,3363,0.5,0,1
3625,181,1845,3018,0.5,0,1
3626,181,1845,1262,0.5,0,1
3627,181,1845,4066,0.5,0,1
3628,181,1845,2258,0.5,0,1
3629,181,1845,2129,0.5,0,1
3630,181,1845,266,0.5,0,1
3631,181,1845,1010,0.5,0,1
3632,181,1845,1698,0.5,0,1
3633,181,1845,762,0.5,0,1
3634,181,1845,2427,0.5,0,1
3635,181,1845,1236,0.5,0,1
3636,181,1845,112,0.5,0,1
3637,181,1845,323,0.5,0,1
3638,181,1845,617,0.5,0,1
3639,181,1845,2061,0.5,0,1
3640,182,2944,2944,0.5,1,1
3641,182,2944,4118,0.5,0,1
3642,182,2944,4132,0.5,0,1
3643,182,2944,1210,0.5,0,1
3644,182,2944,4150,0.5,0,1
3645,182,2944,3713,0.5,0,1
3646,182,2944,541,0.5,0,1
3647,182,2944,2722,0.5,0,1
3648,182,2944,2142,0.5,0,1
3649,182,2944,2770,0.5,0,1
3650,182,2944,4157,0.5,0,1
3651,182,2944,56,0.5,0,1
3652,182,2944,2690,0.5,0,1
3653,182,2944,543,0.5,0,1
3654,182,2944,2658,0.5,0,1
3655,182,2944,2477,0.5,0,1
3656,182,2944,1663,0.5,0,1
3657,182,2944,3957,0.5,0,1
3658,182,2944,175,0.5,0,1
3659,182,2944,3962,0.5,0,1
3660,183,1191,1191,0.5,1,1
3661,183,1191,2793,0.5,0,1
3662,183,1191,3507,0.5,0,1
3663,183,1191,1765,0.5,0,1
3664,183,1191,3072,0.5,0,1
3665,183,1191,3653,0.5,0,1
3666,183,1191,540,0.5,0,1
3667,183,1191,287,0.5,0,1
3668,183,1191,1528,0.5,0,1
3669,183,1191,2929,0.5,0,1
3670,183,1191,2188,0.5,0,1
3671,183,1191,2133,0.5,0,1
3672,183,1191,1409,0.5,0,1
3673,183,1191,3809,0.5,0,1
3674,183,1191,1566,0.5,0,1
3675,183,1191,2391,0.5,0,1
3676,183,1191,280,0.5,0,1
3677,183,1191,1879,0.5,0,1
3678,183,1191,1082,0.5,0,1
3679,183,1191,1354,0.5,0,1
3680,184,4041,4041,0.5,1,1
3681,184,4041,2073,0.5,0,1
3682,184,4041,3645,0.5,0,1
3683,184,4041,3193,0.5,0,1
3684,184,4041,3714,0.5,0,1
3685,184,4041,1578,0.5,0,1
3686,184,4041,3135,0.5,0,1
3687,184,4041,872,0.5,0,1
3688,184,4041,1294,0.5,0,1
3689,184,4041,3554,0.5,0,1
3690,184,4041,1133,0.5,0,1
3691,184,4041,2524,0.5,0,1
3692,184,4041,1942,0.5,0,1
3693,184,4041,3005,0.5,0,1
3694,184,4041,3128,0.5,0,1
3695,184,4041,763,0.5,0,1
3696,184,4041,3741,0.5,0,1
3697,184,4041,3300,0.5,0,1
3698,184,4041,2594,0.5,0,1
3699,184,4041,160,0.5,0,1
3700,185,1157,1157,0.5,1,1
3701,185,1157,595,0.5,0,1
3702,185,1157,3003,0.5,0,1
3703,185,1157,2176,0.5,0,1
3704,185,1157,299,0.5,0,1
3705,185,1157,2407,0.5,0,1
3706,185,1157,393,0.5,0,1
3707,185,1157,3982,0.5,0,1
3708,185,1157,1173,0.5,0,1
3709,185,1157,3674,0.5,0,1
3710,185,1157,767,0.5,0,1
3711,185,1157,3848,0.5,0,1
3712,185,1157,2618,0.5,0,1
3713,185,1157,1757,0.5,0,1
3714,185,1157,2594,0.5,0,1
3715,185,1157,2414,0.5,0,1
3716,185,1157,2659,0.5,0,1
3717,185,1157,3724,0.5,0,1
3718,185,1157,2894,0.5,0,1
3719,185,1157,417,0.5,0,1
3720,186,1863,1863,0.5,1,1
3721,186,1863,2852,0.5,0,1
3722,186,1863,3304,0.5,0,1
3723,186,1863,3791,0.5,0,1
3724,186,1863,3266,0.5,0,1
3725,186,1863,328,0.5,0,1
3726,186,1863,2460,0.5,0,1
3727,186,1863,1448,0.5,0,1
3728,186,1863,1805,0.5,0,1
3729,186,1863,604,0.5,0,1
3730,186,1863,741,0.5,0,1
3731,186,1863,238,0.5,0,1
3732,186,1863,3634,0.5,0,1
3733,186,1863,1712,0.5,0,1
3734,186,1863,1362,0.5,0,1
3735,186,1863,2750,0.5,0,1
3736,186,1863,1816,0.5,0,1
3737,186,1863,3113,0.5,0,1
3738,186,1863,1929,0.5,0,1
3739,186,1863,2114,0.5,0,1
3740,187,4147,4147,0.5,1,1
3741,187,4147,1755,0.5,0,1
3742,187,4147,1860,0.5,0,1
3743,187,4147,1599,0.5,0,1
3744,187,4147,2661,0.5,0,1
3745,187,4147,1454,0.5,0,1
3746,187,4147,2485,0.5,0,1
3747,187,4147,4109,0.5,0,1
3748,187,4147,3697,0.5,0,1
3749,187,4147,958,0.5,0,1
3750,187,4147,610,0.5,0,1
3751,187,4147,3437,0.5,0,1
3752,187,4147,1241,0.5,0,1
3753,187,4147,4074,0.5,0,1
3754,187,4147,2906,0.5,0,1
3755,187,4147,1696,0.5,0,1
3756,187,4147,3596,0.5,0,1
3757,187,4147,2696,0.5,0,1
3758,187,4147,3076,0.5,0,1
3759,187,4147,1487,0.5,0,1
3760,188,1068,1068,0.5,1,1
3761,188,1068,11,0.5,0,1
3762,188,1068,1927,0.5,0,1
3763,188,1068,2225,0.5,0,1
3764,188,1068,63,0.5,0,1
3765,188,1068,831,0.5,0,1
3766,188,1068,3631,0.5,0,1
3767,188,1068,1881,0.5,0,1
3768,188,1068,2935,0.5,0,1
3769,188,1068,1607,0.5,0,1
3770,188,1068,2833,0.5,0,1
3771,188,1068,3590,0.5,0,1
3772,188,1068,3097,0.5,0,1
3773,188,1068,3079,0.5,0,1
3774,188,1068,1051,0.5,0,1
3775,188,1068,249,0.5,0,1
3776,188,1068,2189,0.5,0,1
3777,188,1068,3675,0.5,0,1
3778,188,1068,3645,0.5,0,1
3779,188,1068,1744,0.5,0,1
3780,189,2027,2027,0.5,1,1
3781,189,2027,2734,0.5,0,1
3782,189,2027,2893,0.5,0,1
3783,189,2027,2264,0.5,0,1
3784,189,2027,2961,0.5,0,1
3785,189,2027,3133,0.5,0,1
3786,189,2027,3793,0.5,0,1
3787,189,2027,2836,0.5,0,1
3788,189,2027,3193,0.5,0,1
3789,189,2027,2220,0.5,0,1
3790,189,2027,3961,0.5,0,1
3791,189,2027,732,0.5,0,1
3792,189,2027,2251,0.5,0,1
3793,189,2027,1606,0.5,0,1
3794,189,2027,2240,0.5,0,1
3795,189,2027,1532,0.5,0,1
3796,189,2027,2854,0.5,0,1
3797,189,2027,1042,0.5,0,1
3798,189,2027,3217,0.5,0,1
3799,189,2027,3115,0.5,0,1
3800,190,1622,1622,0.5,1,1
3801,190,1622,337,0.5,0,1
3802,190,1622,3664,0.5,0,1
3803,190,1622,2437,0.5,0,1
3804,190,1622,2967,0.5,0,1
3805,190,1622,315,0.5,0,1
3806,190,1622,1963,0.5,0,1
3807,190,1622,2798,0.5,0,1
3808,190,1622,1686,0.5,0,1
3809,190,1622,3941,0.5,0,1
3810,190,1622,1213,0.5,0,1
3811,190,1622,2499,0.5,0,1
3812,190,1622,2282,0.5,0,1
3813,190,1622,3121,0.5,0,1
3814,190,1622,4058,0.5,0,1
3815,190,1622,2893,0.5,0,1
3816,190,1622,2576,0.5,0,1
3817,190,1622,3288,0.5,0,1
3818,190,1622,735,0.5,0,1
3819,190,1622,551,0.5,0,1
3820,191,3902,3902,0.5,1,1
3821,191,3902,1145,0.5,0,1
3822,191,3902,3450,0.5,0,1
3823,191,3902,232,0.5,0,1
3824,191,3902,2141,0.5,0,1
3825,191,3902,3152,0.5,0,1
3826,191,3902,2354,0.5,0,1
3827,191,3902,2068,0.5,0,1
3828,191,3902,2162,0.5,0,1
3829,191,3902,3905,0.5,0,1
3830,191,3902,1946,0.5,0,1
3831,191,3902,641,0.5,0,1
3832,191,3902,2250,0.5,0,1
3833,191,3902,2409,0.5,0,1
3834,191,3902,934,0.5,0,1
3835,191,3902,2146,0.5,0,1
3836,191,3902,2628,0.5,0,1
3837,191,3902,3837,0.5,0,1
3838,191,3902,48,0.5,0,1
3839,191,3902,2222,0.5,0,1
3840,192,3914,3914,0.5,1,1
3841,192,3914,2306,0.5,0,1
3842,192,3914,1564,0.5,0,1
3843,192,3914,977,0.5,0,1
3844,192,3914,3485,0.5,0,1
3845,192,3914,3520,0.5,0,1
3846,192,3914,686,0.5,0,1
3847,192,3914,708,0.5,0,1
3848,192,3914,2361,0.5,0,1
3849,192,3914,3219,0.5,0,1
3850,192,3914,1352,0.5,0,1
3851,192,3914,2171,0.5,0,1
3852,192,3914,944,0.5,0,1
3853,192,3914,2421,0.5,0,1
3854,192,3914,1511,0.5,0,1
3855,192,3914,3694,0.5,0,1
3856,192,3914,3047,0.5,0,1
3857,192,3914,2822,0.5,0,1
3858,192,3914,127,0.5,0,1
3859,192,3914,1338,0.5,0,1
3860,193,346,346,0.5,1,1
3861,193,346,2478,0.5,0,1
3862,193,346,3725,0.5,0,1
3863,193,346,1163,0.5,0,1
3864,193,346,1331,0.5,0,1
3865,193,346,2679,0.5,0,1
3866,193,346,323,0.5,0,1
3867,193,346,4145,0.5,0,1
3868,193,346,1606,0.5,0,1
3869,193,346,3523,0.5,0,1
3870,193,346,648,0.5,0,1
3871,193,346,161,0.5,0,1
3872,193,346,754,0.5,0,1
3873,193,346,3497,0.5,0,1
3874,193,346,4059,0.5,0,1
3875,193,346,2025,0.5,0,1
3876,193,346,2728,0.5,0,1
3877,193,346,3598,0.5,0,1
3878,193,346,4060,0.5,0,1
3879,193,346,1830,0.5,0,1
3880,194,2592,2592,0.5,1,1
3881,194,2592,674,0.5,0,1
3882,194,2592,3951,0.5,0,1
3883,194,2592,2867,0.5,0,1
3884,194,2592,3718,0.5,0,1
3885,194,2592,2629,0.5,0,1
3886,194,2592,4128,0.5,0,1
3887,194,2592,1191,0.5,0,1
3888,194,2592,555,0.5,0,1
3889,194,2592,1011,0.5,0,1
3890,194,2592,3678,0.5,0,1
3891,194,2592,3610,0.5,0,1
3892,194,2592,3445,0.5,0,1
3893,194,2592,2321,0.5,0,1
3894,194,2592,186,0.5,0,1
3895,194,2592,4172,0.5,0,1
3896,194,2592,3589,0.5,0,1
3897,194,2592,1339,0.5,0,1
3898,194,2592,2423,0.5,0,1
3899,194,2592,3362,0.5,0,1
3900,195,1114,1114,0.5,1,1
3901,195,1114,2161,0.5,0,1
3902,195,1114,819,0.5,0,1
3903,195,1114,1851,0.5,0,1
3904,195,1114,837,0.5,0,1
3905,195,1114,2169,0.5,0,1
3906,195,1114,612,0.5,0,1
3907,195,1114,217,0.5,0,1
3908,195,1114,1978,0.5,0,1
3909,195,1114,3856,0.5,0,1
3910,195,1114,1524,0.5,0,1
3911,195,1114,3321,0.5,0,1
3912,195,1114,207,0.5,0,1
3913,195,1114,1096,0.5,0,1
3914,195,1114,418,0.5,0,1
3915,195,1114,982,0.5,0,1
3916,195,1114,2988,0.5,0,1
3917,195,1114,2397,0.5,0,1
3918,195,1114,1231,0.5,0,1
3919,195,1114,2673,0.5,0,1
3920,196,4163,4163,0.5,1,1
3921,196,4163,132,0.5,0,1
3922,196,4163,2316,0.5,0,1
3923,196,4163,725,0.5,0,1
3924,196,4163,1417,0.5,0,1
3925,196,4163,603,0.5,0,1
3926,196,4163,3324,0.5,0,1
3927,196,4163,548,0.5,0,1
3928,196,4163,4089,0.5,0,1
3929,196,4163,493,0.5,0,1
3930,196,4163,1716,0.5,0,1
3931,196,4163,4091,0.5,0,1
3932,196,4163,1755,0.5,0,1
3933,196,4163,265,0.5,0,1
3934,196,4163,159,0.5,0,1
3935,196,4163,1706,0.5,0,1
3936,196,4163,806,0.5,0,1
3937,196,4163,1270,0.5,0,1
3938,196,4163,1747,0.5,0,1
3939,196,4163,1027,0.5,0,1
3940,197,1741,1741,0.5,1,1
3941,197,1741,291,0.5,0,1
3942,197,1741,693,0.5,0,1
3943,197,1741,717,0.5,0,1
3944,197,1741,3272,0.5,0,1
3945,197,1741,743,0.5,0,1
3946,197,1741,3150,0.5,0,1
3947,197,1741,2421,0.5,0,1
3948,197,1741,3290,0.5,0,1
3949,197,1741,1712,0.5,0,1
3950,197,1741,2367,0.5,0,1
3951,197,1741,3560,0.5,0,1
3952,197,1741,3466,0.5,0,1
3953,197,1741,4004,0.5,0,1
3954,197,1741,1134,0.5,0,1
3955,197,1741,3645,0.5,0,1
3956,197,1741,885,0.5,0,1
3957,197,1741,1574,0.5,0,1
3958,197,1741,1672,0.5,0,1
3959,197,1741,3684,0.5,0,1
3960,198,542,542,0.5,1,1
3961,198,542,813,0.5,0,1
3962,198,542,3262,0.5,0,1
3963,198,542,1177,0.5,0,1
3964,198,542,3621,0.5,0,1
3965,198,542,2234,0.5,0,1
3966,198,542,34,0.5,0,1
3967,198,542,759,0.5,0,1
3968,198,542,45,0.5,0,1
3969,198,542,192,0.5,0,1
3970,198,542,2427,0.5,0,1
3971,198,542,2259,0.5,0,1
3972,198,542,65,0.5,0,1
3973,198,542,1396,0.5,0,1
3974,198,542,3943,0.5,0,1
3975,198,542,414,0.5,0,1
3976,198,542,1730,0.5,0,1
3977,198,542,1775,0.5,0,1
3978,198,542,608,0.5,0,1
3979,198,542,2720,0.5,0,1
3980,199,973,973,0.5,1,1
3981,199,973,3437,0.5,0,1
3982,199,973,852,0.5,0,1
3983,199,973,504,0.5,0,1
3984,199,973,1827,0.5,0,1
3985,199,973,3029,0.5,0,1
3986,199,973,2078,0.5,0,1
3987,199,973,1028,0.5,0,1
3988,199,973,3134,0.5,0,1
3989,199,973,3073,0.5,0,1
3990,199,973,2771,0.5,0,1
3991,199,973,1880,0.5,0,1
3992,199,973,2967,0.5,0,1
3993,199,973,843,0.5,0,1
3994,199,973,2497,0.5,0,1
3995,199,973,921,0.5,0,1
3996,199,973,2257,0.5,0,1
3997,199,973,1640,0.5,0,1
3998,199,973,323,0.5,0,1
3999,199,973,302,0.5,0,1
4000,200,422,422,0.5,1,1
4001,200,422,4146,0.5,0,1
4002,200,422,151,0.5,0,1
4003,200,422,3814,0.5,0,1
4004,200,422,874,0.5,0,1
4005,200,422,2250,0.5,0,1
4006,200,422,1080,0.5,0,1
4007,200,422,1705,0.5,0,1
4008,200,422,1944,0.5,0,1
4009,200,422,1581,0.5,0,1
4010,200,422,2730,0.5,0,1
4011,200,422,464,0.5,0,1
4012,200,422,28,0.5,0,1
4013,200,422,1859,0.5,0,1
4014,200,422,3685,0.5,0,1
4015,200,422,3143,0.5,0,1
4016,200,422,52,0.5,0,1
4017,200,422,2227,0.5,0,1
4018,200,422,1285,0.5,0,1
4019,200,422,2140,0.5,0,1
4020,201,1464,1464,0.5,1,1
4021,201,1464,3794,0.5,0,1
4022,201,1464,317,0.5,0,1
4023,201,1464,3406,0.5,0,1
4024,201,1464,1820,0.5,0,1
4025,201,1464,291,0.5,0,1
4026,201,1464,2625,0.5,0,1
4027,201,1464,1255,0.5,0,1
4028,201,1464,3038,0.5,0,1
4029,201,1464,3983,0.5,0,1
4030,201,1464,2876,0.5,0,1
4031,201,1464,3110,0.5,0,1
4032,201,1464,2426,0.5,0,1
4033,201,1464,728,0.5,0,1
4034,201,1464,1396,0.5,0,1
4035,201,1464,72,0.5,0,1
4036,201,1464,231,0.5,0,1
4037,201,1464,2358,0.5,0,1
4038,201,1464,3790,0.5,0,1
4039,201,1464,2302,0.5,0,1
4040,202,1130,1130,0.5,1,1
4041,202,1130,582,0.5,0,1
4042,202,1130,2453,0.5,0,1
4043,202,1130,1596,0.5,0,1
4044,202,1130,1795,0.5,0,1
4045,202,1130,2962,0.5,0,1
4046,202,1130,1654,0.5,0,1
4047,202,1130,1308,0.5,0,1
4048,202,1130,2622,0.5,0,1
4049,202,1130,1559,0.5,0,1
4050,202,1130,1850,0.5,0,1
4051,202,1130,1470,0.5,0,1
4052,202,1130,348,0.5,0,1
4053,202,1130,1883,0.5,0,1
4054,202,1130,3418,0.5,0,1
4055,202,1130,2443,0.5,0,1
4056,202,1130,4,0.5,0,1
4057,202,1130,2950,0.5,0,1
4058,202,1130,2146,0.5,0,1
4059,202,1130,3440,0.5,0,1
4060,203,4174,4174,0.5,1,1
4061,203,4174,1818,0.5,0,1
4062,203,4174,2772,0.5,0,1
4063,203,4174,2175,0.5,0,1
4064,203,4174,2838,0.5,0,1
4065,203,4174,4161,0.5,0,1
4066,203,4174,2646,0.5,0,1
4067,203,4174,1985,0.5,0,1
4068,203,4174,2845,0.5,0,1
4069,203,4174,2917,0.5,0,1
4070,203,4174,1253,0.5,0,1
4071,203,4174,3130,0.5,0,1
4072,203,4174,739,0.5,0,1
4073,203,4174,2776,0.5,0,1
4074,203,4174,2559,0.5,0,1
4075,203,4174,580,0.5,0,1
4076,203,4174,3362,0.5,0,1
4077,203,4174,3116,0.5,0,1
4078,203,4174,3334,0.5,0,1
4079,203,4174,2048,0.5,0,1
4080,204,986,986,0.5,1,1
4081,204,986,588,0.5,0,1
4082,204,986,243,0.5,0,1
4083,204,986,173,0.5,0,1
4084,204,986,1131,0.5,0,1
4085,204,986,785,0.5,0,1
4086,204,986,3760,0.5,0,1
4087,204,986,111,0.5,0,1
4088,204,986,95,0.5,0,1
4089,204,986,274,0.5,0,1
4090,204,986,674,0.5,0,1
4091,204,986,3010,0.5,0,1
4092,204,986,2480,0.5,0,1
4093,204,986,2948,0.5,0,1
4094,204,986,434,0.5,0,1
4095,204,986,2315,0.5,0,1
4096,204,986,2676,0.5,0,1
4097,204,986,1839,0.5,0,1
4098,204,986,1164,0.5,0,1
4099,204,986,4026,0.5,0,1
4100,205,2158,2158,0.5,1,1
4101,205,2158,1450,0.5,0,1
4102,205,2158,56,0.5,0,1
4103,205,2158,954,0.5,0,1
4104,205,2158,3116,0.5,0,1
4105,205,2158,1391,0.5,0,1
4106,205,2158,2318,0.5,0,1
4107,205,2158,2834,0.5,0,1
4108,205,2158,3982,0.5,0,1
4109,205,2158,3377,0.5,0,1
4110,205,2158,3848,0.5,0,1
4111,205,2158,2696,0.5,0,1
4112,205,2158,1923,0.5,0,1
4113,205,2158,2859,0.5,0,1
4114,205,2158,976,0.5,0,1
4115,205,2158,2355,0.5,0,1
4116,205,2158,2931,0.5,0,1
4117,205,2158,77,0.5,0,1
4118,205,2158,2652,0.5,0,1
4119,205,2158,1353,0.5,0,1
4120,206,3204,3204,0.5,1,1
4121,206,3204,2521,0.5,0,1
4122,206,3204,1295,0.5,0,1
4123,206,3204,2752,0.5,0,1
4124,206,3204,3437,0.5,0,1
4125,206,3204,266,0.5,0,1
4126,206,3204,3269,0.5,0,1
4127,206,3204,197,0.5,0,1
4128,206,3204,14,0.5,0,1
4129,206,3204,3858,0.5,0,1
4130,206,3204,3038,0.5,0,1
4131,206,3204,120,0.5,0,1
4132,206,3204,2459,0.5,0,1
4133,206,3204,4045,0.5,0,1
4134,206,3204,838,0.5,0,1
4135,206,3204,2658,0.5,0,1
4136,206,3204,3770,0.5,0,1
4137,206,3204,2532,0.5,0,1
4138,206,3204,1462,0.5,0,1
4139,206,3204,2875,0.5,0,1
4140,207,677,677,0.5,1,1
4141,207,677,509,0.5,0,1
4142,207,677,3977,0.5,0,1
4143,207,677,1666,0.5,0,1
4144,207,677,242,0.5,0,1
4145,207,677,3337,0.5,0,1
4146,207,677,2432,0.5,0,1
4147,207,677,3988,0.5,0,1
4148,207,677,3795,0.5,0,1
4149,207,677,87,0.5,0,1
4150,207,677,1482,0.5,0,1
4151,207,677,495,0.5,0,1
4152,207,677,3104,0.5,0,1
4153,207,677,3637,0.5,0,1
4154,207,677,3381,0.5,0,1
4155,207,677,927,0.5,0,1
4156,207,677,970,0.5,0,1
4157,207,677,3432,0.5,0,1
4158,207,677,2847,0.5,0,1
4159,207,677,3191,0.5,0,1
4160,208,3122,3122,0.5,1,1
4161,208,3122,549,0.5,0,1
4162,208,3122,2892,0.5,0,1
4163,208,3122,4078,0.5,0,1
4164,208,3122,2924,0.5,0,1
4165,208,3122,227,0.5,0,1
4166,208,3122,2748,0.5,0,1
4167,208,3122,103,0.5,0,1
4168,208,3122,2664,0.5,0,1
4169,208,3122,1685,0.5,0,1
4170,208,3122,3257,0.5,0,1
4171,208,3122,443,0.5,0,1
4172,208,3122,2293,0.5,0,1
4173,208,3122,1022,0.5,0,1
4174,208,3122,1669,0.5,0,1
4175,208,3122,3547,0.5,0,1
4176,208,3122,3649,0.5,0,1
4177,208,3122,85,0.5,0,1
4178,208,3122,2872,0.5,0,1
4179,208,3122,3364,0.5,0,1
4180,209,3672,3672,0.5,1,1
4181,209,3672,1919,0.5,0,1
4182,209,3672,2300,0.5,0,1
4183,209,3672,1349,0.5,0,1
4184,209,3672,299,0.5,0,1
4185,209,3672,2318,0.5,0,1
4186,209,3672,492,0.5,0,1
4187,209,3672,4144,0.5,0,1
4188,209,3672,2616,0.5,0,1
4189,209,3672,958,0.5,0,1
4190,209,3672,1484,0.5,0,1
4191,209,3672,2196,0.5,0,1
4192,209,3672,1487,0.5,0,1
4193,209,3672,442,0.5,0,1
4194,209,3672,2852,0.5,0,1
4195,209,3672,3734,0.5,0,1
4196,209,3672,178,0.5,0,1
4197,209,3672,208,0.5,0,1
4198,209,3672,2853,0.5,0,1
4199,209,3672,1156,0.5,0,1
4200,210,3890,3890,0.5,1,1
4201,210,3890,884,0.5,0,1
4202,210,3890,3842,0.5,0,1
4203,210,3890,2266,0.5,0,1
4204,210,3890,2008,0.5,0,1
4205,210,3890,3807,0.5,0,1
4206,210,3890,1815,0.5,0,1
4207,210,3890,1386,0.5,0,1
4208,210,3890,2340,0.5,0,1
4209,210,3890,2196,0.5,0,1
4210,210,3890,1361,0.5,0,1
4211,210,3890,165,0.5,0,1
4212,210,3890,3232,0.5,0,1
4213,210,3890,1440,0.5,0,1
4214,210,3890,2970,0.5,0,1
4215,210,3890,2056,0.5,0,1
4216,210,3890,988,0.5,0,1
4217,210,3890,3184,0.5,0,1
4218,210,3890,183,0.5,0,1
4219,210,3890,1334,0.5,0,1
4220,211,1415,1415,0.5,1,1
4221,211,1415,2878,0.5,0,1
4222,211,1415,1139,0.5,0,1
4223,211,1415,2761,0.5,0,1
4224,211,1415,3216,0.5,0,1
4225,211,1415,2569,0.5,0,1
4226,211,1415,1613,0.5,0,1
4227,211,1415,2714,0.5,0,1
4228,211,1415,3891,0.5,0,1
4229,211,1415,4135,0.5,0,1
4230,211,1415,2954,0.5,0,1
4231,211,1415,668,0.5,0,1
4232,211,1415,2101,0.5,0,1
4233,211,1415,2671,0.5,0,1
4234,211,1415,1287,0.5,0,1
4235,211,1415,391,0.5,0,1
4236,211,1415,1618,0.5,0,1
4237,211,1415,3829,0.5,0,1
4238,211,1415,3968,0.5,0,1
4239,211,1415,2904,0.5,0,1
4240,212,268,268,0.5,1,1
4241,212,268,298,0.5,0,1
4242,212,268,2353,0.5,0,1
4243,212,268,750,0.5,0,1
4244,212,268,3135,0.5,0,1
4245,212,268,544,0.5,0,1
4246,212,268,1430,0.5,0,1
4247,212,268,3883,0.5,0,1
4248,212,268,2706,0.5,0,1
4249,212,268,401,0.5,0,1
4250,212,268,656,0.5,0,1
4251,212,268,545,0.5,0,1
4252,212,268,1706,0.5,0,1
4253,212,268,1547,0.5,0,1
4254,212,268,2322,0.5,0,1
4255,212,268,591,0.5,0,1
4256,212,268,2866,0.5,0,1
4257,212,268,2879,0.5,0,1
4258,212,268,1683,0.5,0,1
4259,212,268,730,0.5,0,1
4260,213,2760,2760,0.5,1,1
4261,213,2760,1107,0.5,0,1
4262,213,2760,2493,0.5,0,1
4263,213,2760,1909,0.5,0,1
4264,213,2760,2831,0.5,0,1
4265,213,2760,2046,0.5,0,1
4266,213,2760,1839,0.5,0,1
4267,213,2760,220,0.5,0,1
4268,213,2760,687,0.5,0,1
4269,213,2760,8,0.5,0,1
4270,213,2760,726,0.5,0,1
4271,213,2760,3275,0.5,0,1
4272,213,2760,573,0.5,0,1
4273,213,2760,3029,0.5,0,1
4274,213,2760,3222,0.5,0,1
4275,213,2760,1187,0.5,0,1
4276,213,2760,4103,0.5,0,1
4277,213,2760,3218,0.5,0,1
4278,213,2760,531,0.5,0,1
4279,213,2760,176,0.5,0,1
4280,214,2395,2395,0.5,1,1
4281,214,2395,2629,0.5,0,1
4282,214,2395,1044,0.5,0,1
4283,214,2395,2385,0.5,0,1
4284,214,2395,3922,0.5,0,1
4285,214,2395,3511,0.5,0,1
4286,214,2395,4047,0.5,0,1
4287,214,2395,1414,0.5,0,1
4288,214,2395,1250,0.5,0,1
4289,214,2395,2437,0.5,0,1
4290,214,2395,394,0.5,0,1
4291,214,2395,2241,0.5,0,1
4292,214,2395,2703,0.5,0,1
4293,214,2395,4139,0.5,0,1
4294,214,2395,81,0.5,0,1
4295,214,2395,2215,0.5,0,1
4296,214,2395,2876,0.5,0,1
4297,214,2395,3423,0.5,0,1
4298,214,2395,2391,0.5,0,1
4299,214,2395,448,0.5,0,1
4300,215,254,254,0.5,1,1
4301,215,254,1651,0.5,0,1
4302,215,254,492,0.5,0,1
4303,215,254,2970,0.5,0,1
4304,215,254,3325,0.5,0,1
4305,215,254,474,0.5,0,1
4306,215,254,2118,0.5,0,1
4307,215,254,1669,0.5,0,1
4308,215,254,3306,0.5,0,1
4309,215,254,3600,0.5,0,1
4310,215,254,3662,0.5,0,1
4311,215,254,1402,0.5,0,1
4312,215,254,2588,0.5,0,1
4313,215,254,432,0.5,0,1
4314,215,254,2352,0.5,0,1
4315,215,254,469,0.5,0,1
4316,215,254,3399,0.5,0,1
4317,215,254,1717,0.5,0,1
4318,215,254,3769,0.5,0,1
4319,215,254,2814,0.5,0,1
4320,216,641,641,0.5,1,1
4321,216,641,301,0.5,0,1
4322,216,641,955,0.5,0,1
4323,216,641,2033,0.5,0,1
4324,216,641,4056,0.5,0,1
4325,216,641,3046,0.5,0,1
4326,216,641,148,0.5,0,1
4327,216,641,57,0.5,0,1
4328,216,641,2736,0.5,0,1
4329,216,641,885,0.5,0,1
4330,216,641,2905,0.5,0,1
4331,216,641,3320,0.5,0,1
4332,216,641,3371,0.5,0,1
4333,216,641,1682,0.5,0,1
4334,216,641,3883,0.5,0,1
4335,216,641,2639,0.5,0,1
4336,216,641,2183,0.5,0,1
4337,216,641,582,0.5,0,1
4338,216,641,2215,0.5,0,1
4339,216,641,3216,0.5,0,1
4340,217,2116,2116,0.5,1,1
4341,217,2116,3066,0.5,0,1
4342,217,2116,160,0.5,0,1
4343,217,2116,2964,0.5,0,1
4344,217,2116,1063,0.5,0,1
4345,217,2116,1268,0.5,0,1
4346,217,2116,1715,0.5,0,1
4347,217,2116,1442,0.5,0,1
4348,217,2116,2892,0.5,0,1
4349,217,2116,3117,0.5,0,1
4350,217,2116,1084,0.5,0,1
4351,217,2116,3275,0.5,0,1
4352,217,2116,3096,0.5,0,1
4353,217,2116,2976,0.5,0,1
4354,217,2116,539,0.5,0,1
4355,217,2116,3858,0.5,0,1
4356,217,2116,2640,0.5,0,1
4357,217,2116,3886,0.5,0,1
4358,217,2116,1516,0.5,0,1
4359,217,2116,2130,0.5,0,1
4360,218,3649,3649,0.5,1,1
4361,218,3649,1850,0.5,0,1
4362,218,3649,1849,0.5,0,1
4363,218,3649,3188,0.5,0,1
4364,218,3649,2884,0.5,0,1
4365,218,3649,1499,0.5,0,1
4366,218,3649,3400,0.5,0,1
4367,218,3649,1000,0.5,0,1
4368,218,3649,1836,0.5,0,1
4369,218,3649,3245,0.5,0,1
4370,218,3649,171,0.5,0,1
4371,218,3649,1100,0.5,0,1
4372,218,3649,3392,0.5,0,1
4373,218,3649,2033,0.5,0,1
4374,218,3649,2056,0.5,0,1
4375,218,3649,4136,0.5,0,1
4376,218,3649,3149,0.5,0,1
4377,218,3649,3518,0.5,0,1
4378,218,3649,60,0.5,0,1
4379,218,3649,90,0.5,0,1
4380,219,547,547,0.5,1,1
4381,219,547,2253,0.5,0,1
4382,219,547,4106,0.5,0,1
4383,219,547,2419,0.5,0,1
4384,219,547,2445,0.5,0,1
4385,219,547,4057,0.5,0,1
4386,219,547,575,0.5,0,1
4387,219,547,2415,0.5,0,1
4388,219,547,4116,0.5,0,1
4389,219,547,1819,0.5,0,1
4390,219,547,1760,0.5,0,1
4391,219,547,1893,0.5,0,1
4392,219,547,602,0.5,0,1
4393,219,547,2609,0.5,0,1
4394,219,547,1687,0.5,0,1
4395,219,547,2693,0.5,0,1
4396,219,547,1680,0.5,0,1
4397,219,547,1000,0.5,0,1
4398,219,547,18,0.5,0,1
4399,219,547,1803,0.5,0,1
4400,220,282,282,0.5,1,1
4401,220,282,2119,0.5,0,1
4402,220,282,2679,0.5,0,1
4403,220,282,76,0.5,0,1
4404,220,282,2120,0.5,0,1
4405,220,282,99,0.5,0,1
4406,220,282,2929,0.5,0,1
4407,220,282,2964,0.5,0,1
4408,220,282,1699,0.5,0,1
4409,220,282,618,0.5,0,1
4410,220,282,2296,0.5,0,1
4411,220,282,1532,0.5,0,1
4412,220,282,456,0.5,0,1
4413,220,282,911,0.5,0,1
4414,220,282,3654,0.5,0,1
4415,220,282,2241,0.5,0,1
4416,220,282,2886,0.5,0,1
4417,220,282,943,0.5,0,1
4418,220,282,4035,0.5,0,1
4419,220,282,2188,0.5,0,1
4420,221,3657,3657,0.5,1,1
4421,221,3657,2748,0.5,0,1
4422,221,3657,2081,0.5,0,1
4423,221,3657,2476,0.5,0,1
4424,221,3657,2463,0.5,0,1
4425,221,3657,3752,0.5,0,1
4426,221,3657,1355,0.5,0,1
4427,221,3657,890,0.5,0,1
4428,221,3657,102,0.5,0,1
4429,221,3657,3042,0.5,0,1
4430,221,3657,3051,0.5,0,1
4431,221,3657,3471,0.5,0,1
4432,221,3657,1424,0.5,0,1
4433,221,3657,3582,0.5,0,1
4434,221,3657,3441,0.5,0,1
4435,221,3657,3854,0.5,0,1
4436,221,3657,3171,0.5,0,1
4437,221,3657,902,0.5,0,1
4438,221,3657,407,0.5,0,1
4439,221,3657,1679,0.5,0,1
4440,222,2802,2802,0.5,1,1
4441,222,2802,2664,0.5,0,1
4442,222,2802,720,0.5,0,1
4443,222,2802,2714,0.5,0,1
4444,222,2802,3703,0.5,0,1
4445,222,2802,3107,0.5,0,1
4446,222,2802,2534,0.5,0,1
4447,222,2802,3083,0.5,0,1
4448,222,2802,696,0.5,0,1
4449,222,2802,2056,0.5,0,1
4450,222,2802,2416,0.5,0,1
4451,222,2802,381,0.5,0,1
4452,222,2802,617,0.5,0,1
4453,222,2802,1232,0.5,0,1
4454,222,2802,3684,0.5,0,1
4455,222,2802,3294,0.5,0,1
4456,222,2802,3767,0.5,0,1
4457,222,2802,2848,0.5,0,1
4458,222,2802,1462,0.5,0,1
4459,222,2802,989,0.5,0,1
4460,223,2675,2675,0.5,1,1
4461,223,2675,1243,0.5,0,1
4462,223,2675,2298,0.5,0,1
4463,223,2675,2914,0.5,0,1
4464,223,2675,395,0.5,0,1
4465,223,2675,936,0.5,0,1
4466,223,2675,2694,0.5,0,1
4467,223,2675,1424,0.5,0,1
4468,223,2675,35,0.5,0,1
4469,223,2675,141,0.5,0,1
4470,223,2675,1802,0.5,0,1
4471,223,2675,414,0.5,0,1
4472,223,2675,185,0.5,0,1
4473,223,2675,3084,0.5,0,1
4474,223,2675,712,0.5,0,1
4475,223,2675,2657,0.5,0,1
4476,223,2675,870,0.5,0,1
4477,223,2675,1840,0.5,0,1
4478,223,2675,1486,0.5,0,1
4479,223,2675,1161,0.5,0,1
4480,224,517,517,0.5,1,1
4481,224,517,3376,0.5,0,1
4482,224,517,1137,0.5,0,1
4483,224,517,832,0.5,0,1
4484,224,517,3431,0.5,0,1
4485,224,517,95,0.5,0,1
4486,224,517,54,0.5,0,1
4487,224,517,2199,0.5,0,1
4488,224,517,1055,0.5,0,1
4489,224,517,1891,0.5,0,1
4490,224,517,479,0.5,0,1
4491,224,517,836,0.5,0,1
4492,224,517,460,0.5,0,1
4493,224,517,3178,0.5,0,1
4494,224,517,3869,0.5,0,1
4495,224,517,4165,0.5,0,1
4496,224,517,3418,0.5,0,1
4497,224,517,68,0.5,0,1
4498,224,517,4030,0.5,0,1
4499,224,517,3328,0.5,0,1
4500,225,3561,3561,0.5,1,1
4501,225,3561,3927,0.5,0,1
4502,225,3561,1392,0.5,0,1
4503,225,3561,1499,0.5,0,1
4504,225,3561,280,0.5,0,1
4505,225,3561,3350,0.5,0,1
4506,225,3561,496,0.5,0,1
4507,225,3561,3591,0.5,0,1
4508,225,3561,2379,0.5,0,1
4509,225,3561,1316,0.5,0,1
4510,225,3561,2479,0.5,0,1
4511,225,3561,2629,0.5,0,1
4512,225,3561,2546,0.5,0,1
4513,225,3561,3808,0.5,0,1
4514,225,3561,1440,0.5,0,1
4515,225,3561,1646,0.5,0,1
4516,225,3561,3121,0.5,0,1
4517,225,3561,2551,0.5,0,1
4518,225,3561,969,0.5,0,1
4519,225,3561,2671,0.5,0,1
4520,226,2404,2404,0.5,1,1
4521,226,2404,987,0.5,0,1
4522,226,2404,416,0.5,0,1
4523,226,2404,327,0.5,0,1
4524,226,2404,2614,0.5,0,1
4525,226,2404,3983,0.5,0,1
4526,226,2404,2616,0.5,0,1
4527,226,2404,1721,0.5,0,1
4528,226,2404,915,0.5,0,1
4529,226,2404,3731,0.5,0,1
4530,226,2404,1366,0.5,0,1
4531,226,2404,1273,0.5,0,1
4532,226,2404,1630,0.5,0,1
4533,226,2404,2924,0.5,0,1
4534,226,2404,2745,0.5,0,1
4535,226,2404,3903,0.5,0,1
4536,226,2404,763,0.5,0,1
4537,226,2404,2221,0.5,0,1
4538,226,2404,1823,0.5,0,1
4539,226,2404,4148,0.5,0,1
4540,227,3873,3873,0.5,1,1
4541,227,3873,3545,0.5,0,1
4542,227,3873,1468,0.5,0,1
4543,227,3873,3090,0.5,0,1
4544,227,3873,4115,0.5,0,1
4545,227,3873,3283,0.5,0,1
4546,227,3873,2902,0.5,0,1
4547,227,3873,2742,0.5,0,1
4548,227,3873,3081,0.5,0,1
4549,227,3873,179,0.5,0,1
4550,227,3873,1888,0.5,0,1
4551,227,3873,1211,0.5,0,1
4552,227,3873,1578,0.5,0,1
4553,227,3873,790,0.5,0,1
4554,227,3873,2918,0.5,0,1
4555,227,3873,3616,0.5,0,1
4556,227,3873,232,0.5,0,1
4557,227,3873,244,0.5,0,1
4558,227,3873,2986,0.5,0,1
4559,227,3873,3049,0.5,0,1
4560,228,2687,2687,0.5,1,1
4561,228,2687,3954,0.5,0,1
4562,228,2687,2866,0.5,0,1
4563,228,2687,2944,0.5,0,1
4564,228,2687,867,0.5,0,1
4565,228,2687,1766,0.5,0,1
4566,228,2687,2921,0.5,0,1
4567,228,2687,690,0.5,0,1
4568,228,2687,179,0.5,0,1
4569,228,2687,3385,0.5,0,1
4570,228,2687,827,0.5,0,1
4571,228,2687,639,0.5,0,1
4572,228,2687,1851,0.5,0,1
4573,228,2687,447,0.5,0,1
4574,228,2687,122,0.5,0,1
4575,228,2687,1680,0.5,0,1
4576,228,2687,3916,0.5,0,1
4577,228,2687,4064,0.5,0,1
4578,228,2687,494,0.5,0,1
4579,228,2687,3751,0.5,0,1
4580,229,1606,1606,0.5,1,1
4581,229,1606,2791,0.5,0,1
4582,229,1606,3294,0.5,0,1
4583,229,1606,1474,0.5,0,1
4584,229,1606,3354,0.5,0,1
4585,229,1606,1590,0.5,0,1
4586,229,1606,224,0.5,0,1
4587,229,1606,3204,0.5,0,1
4588,229,1606,2115,0.5,0,1
4589,229,1606,164,0.5,0,1
4590,229,1606,631,0.5,0,1
4591,229,1606,3017,0.5,0,1
4592,229,1606,1791,0.5,0,1
4593,229,1606,118,0.5,0,1
4594,229,1606,1202,0.5,0,1
4595,229,1606,3393,0.5,0,1
4596,229,1606,1055,0.5,0,1
4597,229,1606,2376,0.5,0,1
4598,229,1606,1555,0.5,0,1
4599,229,1606,4171,0.5,0,1
4600,230,302,302,0.5,1,1
4601,230,302,1372,0.5,0,1
4602,230,302,112,0.5,0,1
4603,230,302,1373,0.5,0,1
4604,230,302,4070,0.5,0,1
4605,230,302,381,0.5,0,1
4606,230,302,2684,0.5,0,1
4607,230,302,659,0.5,0,1
4608,230,302,3088,0.5,0,1
4609,230,302,224,0.5,0,1
4610,230,302,1807,0.5,0,1
4611,230,302,561,0.5,0,1
4612,230,302,2759,0.5,0,1
4613,230,302,634,0.5,0,1
4614,230,302,4114,0.5,0,1
4615,230,302,2127,0.5,0,1
4616,230,302,3678,0.5,0,1
4617,230,302,2781,0.5,0,1
4618,230,302,114,0.5,0,1
4619,230,302,2011,0.5,0,1
4620,231,1755,1755,0.5,1,1
4621,231,1755,2895,0.5,0,1
4622,231,1755,4117,0.5,0,1
4623,231,1755,2827,0.5,0,1
4624,231,1755,122,0.5,0,1
4625,231,1755,3399,0.5,0,1
4626,231,1755,840,0.5,0,1
4627,231,1755,3849,0.5,0,1
4628,231,1755,2318,0.5,0,1
4629,231,1755,788,0.5,0,1
4630,231,1755,1137,0.5,0,1
4631,231,1755,3511,0.5,0,1
4632,231,1755,1344,0.5,0,1
4633,231,1755,2088,0.5,0,1
4634,231,1755,2129,0.5,0,1
4635,231,1755,424,0.5,0,1
4636,231,1755,3962,0.5,0,1
4637,231,1755,3704,0.5,0,1
4638,231,1755,2029,0.5,0,1
4639,231,1755,3460,0.5,0,1
4640,232,2784,2784,0.5,1,1
4641,232,2784,3577,0.5,0,1
4642,232,2784,3541,0.5,0,1
4643,232,2784,3278,0.5,0,1
4644,232,2784,2704,0.5,0,1
4645,232,2784,3611,0.5,0,1
4646,232,2784,28,0.5,0,1
4647,232,2784,3782,0.5,0,1
4648,232,2784,3086,0.5,0,1
4649,232,2784,1306,0.5,0,1
4650,232,2784,2366,0.5,0,1
4651,232,2784,4007,0.5,0,1
4652,232,2784,492,0.5,0,1
4653,232,2784,2615,0.5,0,1
4654,232,2784,2715,0.5,0,1
4655,232,2784,1100,0.5,0,1
4656,232,2784,3732,0.5,0,1
4657,232,2784,1520,0.5,0,1
4658,232,2784,3579,0.5,0,1
4659,232,2784,1517,0.5,0,1
4660,233,127,127,0.5,1,1
4661,233,127,3179,0.5,0,1
4662,233,127,2958,0.5,0,1
4663,233,127,2534,0.5,0,1
4664,233,127,3288,0.5,0,1
4665,233,127,3822,0.5,0,1
4666,233,127,2878,0.5,0,1
4667,233,127,1802,0.5,0,1
4668,233,127,3644,0.5,0,1
4669,233,127,3598,0.5,0,1
4670,233,127,4038,0.5,0,1
4671,233,127,1377,0.5,0,1
4672,233,127,3377,0.5,0,1
4673,233,127,2721,0.5,0,1
4674,233,127,4135,0.5,0,1
4675,233,127,1417,0.5,0,1
4676,233,127,3408,0.5,0,1
4677,233,127,2851,0.5,0,1
4678,233,127,713,0.5,0,1
4679,233,127,3550,0.5,0,1
4680,234,1087,1087,0.5,1,1
4681,234,1087,1534,0.5,0,1
4682,234,1087,673,0.5,0,1
4683,234,1087,268,0.5,0,1
4684,234,1087,881,0.5,0,1
4685,234,1087,2287,0.5,0,1
4686,234,1087,396,0.5,0,1
4687,234,1087,2439,0.5,0,1
4688,234,1087,539,0.5,0,1
4689,234,1087,2691,0.5,0,1
4690,234,1087,431,0.5,0,1
4691,234,1087,3193,0.5,0,1
4692,234,1087,4132,0.5,0,1
4693,234,1087,2194,0.5,0,1
4694,234,1087,2613,0.5,0,1
4695,234,1087,466,0.5,0,1
4696,234,1087,552,0.5,0,1
4697,234,1087,3689,0.5,0,1
4698,234,1087,3739,0.5,0,1
4699,234,1087,3404,0.5,0,1
4700,235,34,34,0.5,1,1
4701,235,34,3874,0.5,0,1
4702,235,34,1015,0.5,0,1
4703,235,34,3445,0.5,0,1
4704,235,34,3820,0.5,0,1
4705,235,34,3061,0.5,0,1
4706,235,34,1882,0.5,0,1
4707,235,34,2818,0.5,0,1
4708,235,34,2262,0.5,0,1
4709,235,34,2003,0.5,0,1
4710,235,34,3515,0.5,0,1
4711,235,34,995,0.5,0,1
4712,235,34,1881,0.5,0,1
4713,235,34,1199,0.5,0,1
4714,235,34,1336,0.5,0,1
4715,235,34,648,0.5,0,1
4716,235,34,3157,0.5,0,1
4717,235,34,3618,0.5,0,1
4718,235,34,3462,0.5,0,1
4719,235,34,954,0.5,0,1
4720,236,1043,1043,0.5,1,1
4721,236,1043,2254,0.5,0,1
4722,236,1043,3869,0.5,0,1
4723,236,1043,1282,0.5,0,1
4724,236,1043,187,0.5,0,1
4725,236,1043,2252,0.5,0,1
4726,236,1043,2321,0.5,0,1
4727,236,1043,2889,0.5,0,1
4728,236,1043,2310,0.5,0,1
4729,236,1043,365,0.5,0,1
4730,236,1043,1323,0.5,0,1
4731,236,1043,2781,0.5,0,1
4732,236,1043,906,0.5,0,1
4733,236,1043,2971,0.5,0,1
4734,236,1043,3512,0.5,0,1
4735,236,1043,1607,0.5,0,1
4736,236,1043,1066,0.5,0,1
4737,236,1043,3740,0.5,0,1
4738,236,1043,1901,0.5,0,1
4739,236,1043,146,0.5,0,1
4740,237,1482,1482,0.5,1,1
4741,237,1482,2120,0.5,0,1
4742,237,1482,1128,0.5,0,1
4743,237,1482,1126,0.5,0,1
4744,237,1482,387,0.5,0,1
4745,237,1482,1333,0.5,0,1
4746,237,1482,2164,0.5,0,1
4747,237,1482,3118,0.5,0,1
4748,237,1482,1801,0.5,0,1
4749,237,1482,885,0.5,0,1
4750,237,1482,1866,0.5,0,1
4751,237,1482,1663,0.5,0,1
4752,237,1482,2662,0.5,0,1
4753,237,1482,1561,0.5,0,1
4754,237,1482,4075,0.5,0,1
4755,237,1482,346,0.5,0,1
4756,237,1482,3941,0.5,0,1
4757,237,1482,3998,0.5,0,1
4758,237,1482,1492,0.5,0,1
4759,237,1482,3651,0.5,0,1
4760,238,2680,2680,0.5,1,1
4761,238,2680,3769,0.5,0,1
4762,238,2680,1980,0.5,0,1
4763,238,2680,1117,0.5,0,1
4764,238,2680,3082,0.5,0,1
4765,238,2680,1539,0.5,0,1
4766,238,2680,3120,0.5,0,1
4767,238,2680,3782,0.5,0,1
4768,238,2680,2907,0.5,0,1
4769,238,2680,1159,0.5,0,1
4770,238,2680,1589,0.5,0,1
4771,238,2680,4085,0.5,0,1
4772,238,2680,3872,0.5,0,1
4773,238,2680,3069,0.5,0,1
4774,238,2680,1854,0.5,0,1
4775,238,2680,2164,0.5,0,1
4776,238,2680,1625,0.5,0,1
4777,238,2680,3293,0.5,0,1
4778,238,2680,1915,0.5,0,1
4779,238,2680,568,0.5,0,1
4780,239,1917,1917,0.5,1,1
4781,239,1917,279,0.5,0,1
4782,239,1917,3400,0.5,0,1
4783,239,1917,3326,0.5,0,1
4784,239,1917,2479,0.5,0,1
4785,239,1917,183,0.5,0,1
4786,239,1917,1615,0.5,0,1
4787,239,1917,4113,0.5,0,1
4788,239,1917,3719,0.5,0,1
4789,239,1917,2897,0.5,0,1
4790,239,1917,1459,0.5,0,1
4791,239,1917,663,0.5,0,1
4792,239,1917,4042,0.5,0,1
4793,239,1917,3204,0.5,0,1
4794,239,1917,1118,0.5,0,1
4795,239,1917,289,0.5,0,1
4796,239,1917,1164,0.5,0,1
4797,239,1917,2461,0.5,0,1
4798,239,1917,609,0.5,0,1
4799,239,1917,469,0.5,0,1
4800,240,1697,1697,0.5,1,1
4801,240,1697,1887,0.5,0,1
4802,240,1697,2635,0.5,0,1
4803,240,1697,4130,0.5,0,1
4804,240,1697,1714,0.5,0,1
4805,240,1697,620,0.5,0,1
4806,240,1697,2479,0.5,0,1
4807,240,1697,135,0.5,0,1
4808,240,1697,493,0.5,0,1
4809,240,1697,84,0.5,0,1
4810,240,1697,3973,0.5,0,1
4811,240,1697,1953,0.5,0,1
4812,240,1697,1149,0.5,0,1
4813,240,1697,2038,0.5,0,1
4814,240,1697,3004,0.5,0,1
4815,240,1697,1238,0.5,0,1
4816,240,1697,833,0.5,0,1
4817,240,1697,3845,0.5,0,1
4818,240,1697,4167,0.5,0,1
4819,240,1697,1700,0.5,0,1
4820,241,1772,1772,0.5,1,1
4821,241,1772,2909,0.5,0,1
4822,241,1772,2959,0.5,0,1
4823,241,1772,285,0.5,0,1
4824,241,1772,534,0.5,0,1
4825,241,1772,717,0.5,0,1
4826,241,1772,3523,0.5,0,1
4827,241,1772,1143,0.5,0,1
4828,241,1772,1438,0.5,0,1
4829,241,1772,554,0.5,0,1
4830,241,1772,2076,0.5,0,1
4831,241,1772,2935,0.5,0,1
4832,241,1772,2210,0.5,0,1
4833,241,1772,335,0.5,0,1
4834,241,1772,1377,0.5,0,1
4835,241,1772,443,0.5,0,1
4836,241,1772,334,0.5,0,1
4837,241,1772,254,0.5,0,1
4838,241,1772,1077,0.5,0,1
4839,241,1772,603,0.5,0,1
4840,242,3336,3336,0.5,1,1
4841,242,3336,69,0.5,0,1
4842,242,3336,3873,0.5,0,1
4843,242,3336,2539,0.5,0,1
4844,242,3336,3267,0.5,0,1
4845,242,3336,1103,0.5,0,1
4846,242,3336,3051,0.5,0,1
4847,242,3336,2485,0.5,0,1
4848,242,3336,1573,0.5,0,1
4849,242,3336,4101,0.5,0,1
4850,242,3336,3727,0.5,0,1
4851,242,3336,4092,0.5,0,1
4852,242,3336,579,0.5,0,1
4853,242,3336,3224,0.5,0,1
4854,242,3336,2458,0.5,0,1
4855,242,3336,1704,0.5,0,1
4856,242,3336,2565,0.5,0,1
4857,242,3336,3772,0.5,0,1
4858,242,3336,3064,0.5,0,1
4859,242,3336,1929,0.5,0,1
4860,243,503,503,0.5,1,1
4861,243,503,564,0.5,0,1
4862,243,503,2890,0.5,0,1
4863,243,503,3573,0.5,0,1
4864,243,503,635,0.5,0,1
4865,243,503,128,0.5,0,1
4866,243,503,2280,0.5,0,1
4867,243,503,3750,0.5,0,1
4868,243,503,1264,0.5,0,1
4869,243,503,329,0.5,0,1
4870,243,503,1880,0.5,0,1
4871,243,503,1958,0.5,0,1
4872,243,503,1327,0.5,0,1
4873,243,503,703,0.5,0,1
4874,243,503,419,0.5,0,1
4875,243,503,3241,0.5,0,1
4876,243,503,2523,0.5,0,1
4877,243,503,3653,0.5,0,1
4878,243,503,66,0.5,0,1
4879,243,503,2871,0.5,0,1
4880,244,810,810,0.5,1,1
4881,244,810,3104,0.5,0,1
4882,244,810,1902,0.5,0,1
4883,244,810,1082,0.5,0,1
4884,244,810,2524,0.5,0,1
4885,244,810,3881,0.5,0,1
4886,244,810,1227,0.5,0,1
4887,244,810,715,0.5,0,1
4888,244,810,3734,0.5,0,1
4889,244,810,2123,0.5,0,1
4890,244,810,1497,0.5,0,1
4891,244,810,2908,0.5,0,1
4892,244,810,1996,0.5,0,1
4893,244,810,2866,0.5,0,1
4894,244,810,2845,0.5,0,1
4895,244,810,28,0.5,0,1
4896,244,810,3703,0.5,0,1
4897,244,810,915,0.5,0,1
4898,244,810,4022,0.5,0,1
4899,244,810,823,0.5,0,1
4900,245,101,101,0.5,1,1
4901,245,101,1569,0.5,0,1
4902,245,101,1568,0.5,0,1
4903,245,101,2748,0.5,0,1
4904,245,101,2066,0.5,0,1
4905,245,101,3809,0.5,0,1
4906,245,101,627,0.5,0,1
4907,245,101,284,0.5,0,1
4908,245,101,1638,0.5,0,1
4909,245,101,1920,0.5,0,1
4910,245,101,2508,0.5,0,1
4911,245,101,1208,0.5,0,1
4912,245,101,4067,0.5,0,1
4913,245,101,1460,0.5,0,1
4914,245,101,2815,0.5,0,1
4915,245,101,2408,0.5,0,1
4916,245,101,2335,0.5,0,1
4917,245,101,1580,0.5,0,1
4918,245,101,954,0.5,0,1
4919,245,101,3487,0.5,0,1
4920,246,537,537,0.5,1,1
4921,246,537,1040,0.5,0,1
4922,246,537,3306,0.5,0,1
4923,246,537,1146,0.5,0,1
4924,246,537,2295,0.5,0,1
4925,246,537,824,0.5,0,1
4926,246,537,1486,0.5,0,1
4927,246,537,3372,0.5,0,1
4928,246,537,3254,0.5,0,1
4929,246,537,2439,0.5,0,1
4930,246,537,1332,0.5,0,1
4931,246,537,2592,0.5,0,1
4932,246,537,2986,0.5,0,1
4933,246,537,3253,0.5,0,1
4934,246,537,1891,0.5,0,1
4935,246,537,4124,0.5,0,1
4936,246,537,3655,0.5,0,1
4937,246,537,77,0.5,0,1
4938,246,537,2454,0.5,0,1
4939,246,537,580,0.5,0,1
4940,247,2138,2138,0.5,1,1
4941,247,2138,1447,0.5,0,1
4942,247,2138,857,0.5,0,1
4943,247,2138,1611,0.5,0,1
4944,247,2138,909,0.5,0,1
4945,247,2138,1678,0.5,0,1
4946,247,2138,3131,0.5,0,1
4947,247,2138,2798,0.5,0,1
4948,247,2138,2684,0.5,0,1
4949,247,2138,1384,0.5,0,1
4950,247,2138,670,0.5,0,1
4951,247,2138,3373,0.5,0,1
4952,247,2138,3833,0.5,0,1
4953,247,2138,574,0.5,0,1
4954,247,2138,3538,0.5,0,1
4955,247,2138,106,0.5,0,1
4956,247,2138,2552,0.5,0,1
4957,247,2138,3222,0.5,0,1
4958,247,2138,1576,0.5,0,1
4959,247,2138,1876,0.5,0,1
4960,248,3760,3760,0.5,1,1
4961,248,3760,1430,0.5,0,1
4962,248,3760,2375,0.5,0,1
4963,248,3760,1465,0.5,0,1
4964,248,3760,1647,0.5,0,1
4965,248,3760,891,0.5,0,1
4966,248,3760,3489,0.5,0,1
4967,248,3760,3177,0.5,0,1
4968,248,3760,142,0.5,0,1
4969,248,3760,3581,0.5,0,1
4970,248,3760,2767,0.5,0,1
4971,248,3760,2336,0.5,0,1
4972,248,3760,3408,0.5,0,1
4973,248,3760,307,0.5,0,1
4974,248,3760,3171,0.5,0,1
4975,248,3760,3660,0.5,0,1
4976,248,3760,3382,0.5,0,1
4977,248,3760,288,0.5,0,1
4978,248,3760,2309,0.5,0,1
4979,248,3760,562,0.5,0,1
4980,249,1779,1779,0.5,1,1
4981,249,1779,3480,0.5,0,1
4982,249,1779,1970,0.5,0,1
4983,249,1779,2804,0.5,0,1
4984,249,1779,1130,0.5,0,1
4985,249,1779,1484,0.5,0,1
4986,249,1779,373,0.5,0,1
4987,249,1779,3889,0.5,0,1
4988,249,1779,942,0.5,0,1
4989,249,1779,208,0.5,0,1
4990,249,1779,3659,0.5,0,1
4991,249,1779,1862,0.5,0,1
4992,249,1779,4002,0.5,0,1
4993,249,1779,1694,0.5,0,1
4994,249,1779,3278,0.5,0,1
4995,249,1779,156,0.5,0,1
4996,249,1779,2219,0.5,0,1
4997,249,1779,3095,0.5,0,1
4998,249,1779,1528,0.5,0,1
4999,249,1779,940,0.5,0,1
5000,250,4139,4139,0.5,1,1
5001,250,4139,4044,0.5,0,1
5002,250,4139,1994,0.5,0,1
5003,250,4139,2473,0.5,0,1
5004,250,4139,2948,0.5,0,1
5005,250,4139,875,0.5,0,1
5006,250,4139,1324,0.5,0,1
5007,250,4139,278,0.5,0,1
5008,250,4139,1921,0.5,0,1
5009,250,4139,2044,0.5,0,1
5010,250,4139,328,0.5,0,1
5011,250,4139,2425,0.5,0,1
5012,250,4139,4153,0.5,0,1
5013,250,4139,3173,0.5,0,1
5014,250,4139,4010,0.5,0,1
5015,250,4139,996,0.5,0,1
5016,250,4139,1221,0.5,0,1
5017,250,4139,2163,0.5,0,1
5018,250,4139,2551,0.5,0,1
5019,250,4139,3820,0.5,0,1
5020,251,1607,1607,0.5,1,1
5021,251,1607,2039,0.5,0,1
5022,251,1607,1107,0.5,0,1
5023,251,1607,3556,0.5,0,1
5024,251,1607,3744,0.5,0,1
5025,251,1607,3326,0.5,0,1
5026,251,1607,1764,0.5,0,1
5027,251,1607,2081,0.5,0,1
5028,251,1607,737,0.5,0,1
5029,251,1607,3783,0.5,0,1
5030,251,1607,931,0.5,0,1
5031,251,1607,1248,0.5,0,1
5032,251,1607,1780,0.5,0,1
5033,251,1607,3684,0.5,0,1
5034,251,1607,4090,0.5,0,1
5035,251,1607,2421,0.5,0,1
5036,251,1607,2931,0.5,0,1
5037,251,1607,3067,0.5,0,1
5038,251,1607,3892,0.5,0,1
5039,251,1607,264,0.5,0,1
5040,252,3689,3689,0.5,1,1
5041,252,3689,2194,0.5,0,1
5042,252,3689,1958,0.5,0,1
5043,252,3689,1304,0.5,0,1
5044,252,3689,1985,0.5,0,1
5045,252,3689,2043,0.5,0,1
5046,252,3689,457,0.5,0,1
5047,252,3689,3463,0.5,0,1
5048,252,3689,3010,0.5,0,1
5049,252,3689,2342,0.5,0,1
5050,252,3689,2658,0.5,0,1
5051,252,3689,1082,0.5,0,1
5052,252,3689,1128,0.5,0,1
5053,252,3689,3900,0.5,0,1
5054,252,3689,1203,0.5,0,1
5055,252,3689,3315,0.5,0,1
5056,252,3689,2975,0.5,0,1
5057,252,3689,2583,0.5,0,1
5058,252,3689,2330,0.5,0,1
5059,252,3689,2616,0.5,0,1
5060,253,2382,2382,0.5,1,1
5061,253,2382,3546,0.5,0,1
5062,253,2382,1266,0.5,0,1
5063,253,2382,1190,0.5,0,1
5064,253,2382,3189,0.5,0,1
5065,253,2382,1256,0.5,0,1
5066,253,2382,2711,0.5,0,1
5067,253,2382,643,0.5,0,1
5068,253,2382,3805,0.5,0,1
5069,253,2382,1871,0.5,0,1
5070,253,2382,410,0.5,0,1
5071,253,2382,135,0.5,0,1
5072,253,2382,3176,0.5,0,1
5073,253,2382,4061,0.5,0,1
5074,253,2382,2633,0.5,0,1
5075,253,2382,3593,0.5,0,1
5076,253,2382,2557,0.5,0,1
5077,253,2382,667,0.5,0,1
5078,253,2382,3378,0.5,0,1
5079,253,2382,3569,0.5,0,1
5080,254,623,623,0.5,1,1
5081,254,623,854,0.5,0,1
5082,254,623,427,0.5,0,1
5083,254,623,4131,0.5,0,1
5084,254,623,3852,0.5,0,1
5085,254,623,3487,0.5,0,1
5086,254,623,2198,0.5,0,1
5087,254,623,1079,0.5,0,1
5088,254,623,3582,0.5,0,1
5089,254,623,3670,0.5,0,1
5090,254,623,2338,0.5,0,1
5091,254,623,3150,0.5,0,1
5092,254,623,1494,0.5,0,1
5093,254,623,3570,0.5,0,1
5094,254,623,63,0.5,0,1
5095,254,623,1873,0.5,0,1
5096,254,623,838,0.5,0,1
5097,254,623,1740,0.5,0,1
5098,254,623,1862,0.5,0,1
5099,254,623,512,0.5,0,1
5100,255,2612,2612,0.5,1,1
5101,255,2612,1527,0.5,0,1
5102,255,2612,393,0.5,0,1
5103,255,2612,548,0.5,0,1
5104,255,2612,146,0.5,0,1
5105,255,2612,2478,0.5,0,1
5106,255,2612,1855,0.5,0,1
5107,255,2612,1502,0.5,0,1
5108,255,2612,1376,0.5,0,1
5109,255,2612,3444,0.5,0,1
5110,255,2612,1685,0.5,0,1
5111,255,2612,104,0.5,0,1
5112,255,2612,734,0.5,0,1
5113,255,2612,2073,0.5,0,1
5114,255,2612,440,0.5,0,1
5115,255,2612,2260,0.5,0,1
5116,255,2612,3107,0.5,0,1
5117,255,2612,2442,0.5,0,1
5118,255,2612,3647,0.5,0,1
5119,255,2612,2654,0.5,0,1
5120,256,3185,3185,0.5,1,1
5121,256,3185,3027,0.5,0,1
5122,256,3185,3425,0.5,0,1
5123,256,3185,2444,0.5,0,1
5124,256,3185,1067,0.5,0,1
5125,256,3185,3735,0.5,0,1
5126,256,3185,1942,0.5,0,1
5127,256,3185,2424,0.5,0,1
5128,256,3185,533,0.5,0,1
5129,256,3185,3169,0.5,0,1
5130,256,3185,3720,0.5,0,1
5131,256,3185,1218,0.5,0,1
5132,256,3185,3579,0.5,0,1
5133,256,3185,2703,0.5,0,1
5134,256,3185,1496,0.5,0,1
5135,256,3185,811,0.5,0,1
5136,256,3185,2861,0.5,0,1
5137,256,3185,3268,0.5,0,1
5138,256,3185,565,0.5,0,1
5139,256,3185,4133,0.5,0,1
5140,257,3123,3123,0.5,1,1
5141,257,3123,3479,0.5,0,1
5142,257,3123,1360,0.5,0,1
5143,257,3123,898,0.5,0,1
5144,257,3123,1167,0.5,0,1
5145,257,3123,55,0.5,0,1
5146,257,3123,2088,0.5,0,1
5147,257,3123,1686,0.5,0,1
5148,257,3123,1298,0.5,0,1
5149,257,3123,1404,0.5,0,1
5150,257,3123,2395,0.5,0,1
5151,257,3123,3,0.5,0,1
5152,257,3123,3122,0.5,0,1
5153,257,3123,3311,0.5,0,1
5154,257,3123,2070,0.5,0,1
5155,257,3123,1929,0.5,0,1
5156,257,3123,3505,0.5,0,1
5157,257,3123,1700,0.5,0,1
5158,257,3123,2975,0.5,0,1
5159,257,3123,593,0.5,0,1
5160,258,1202,1202,0.5,1,1
5161,258,1202,1172,0.5,0,1
5162,258,1202,4131,0.5,0,1
5163,258,1202,2089,0.5,0,1
5164,258,1202,2639,0.5,0,1
5165,258,1202,562,0.5,0,1
5166,258,1202,3701,0.5,0,1
5167,258,1202,964,0.5,0,1
5168,258,1202,1959,0.5,0,1
5169,258,1202,2419,0.5,0,1
5170,258,1202,2295,0.5,0,1
5171,258,1202,454,0.5,0,1
5172,258,1202,3446,0.5,0,1
5173,258,1202,151,0.5,0,1
5174,258,1202,916,0.5,0,1
5175,258,1202,3106,0.5,0,1
5176,258,1202,4176,0.5,0,1
5177,258,1202,3700,0.5,0,1
5178,258,1202,3610,0.5,0,1
5179,258,1202,1361,0.5,0,1
5180,259,710,710,0.5,1,1
5181,259,710,923,0.5,0,1
5182,259,710,3701,0.5,0,1
5183,259,710,1600,0.5,0,1
5184,259,710,1060,0.5,0,1
5185,259,710,2180,0.5,0,1
5186,259,710,1505,0.5,0,1
5187,259,710,2339,0.5,0,1
5188,259,710,3944,0.5,0,1
5189,259,710,1954,0.5,0,1
5190,259,710,656,0.5,0,1
5191,259,710,1050,0.5,0,1
5192,259,710,3260,0.5,0,1
5193,259,710,2621,0.5,0,1
5194,259,710,3230,0.5,0,1
5195,259,710,2510,0.5,0,1
5196,259,710,1819,0.5,0,1
5197,259,710,414,0.5,0,1
5198,259,710,1511,0.5,0,1
5199,259,710,643,0.5,0,1
5200,260,977,977,0.5,1,1
5201,260,977,3310,0.5,0,1
5202,260,977,3156,0.5,0,1
5203,260,977,1587,0.5,0,1
5204,260,977,1042,0.5,0,1
5205,260,977,847,0.5,0,1
5206,260,977,2886,0.5,0,1
5207,260,977,1110,0.5,0,1
5208,260,977,1081,0.5,0,1
5209,260,977,1967,0.5,0,1
5210,260,977,3989,0.5,0,1
5211,260,977,2648,0.5,0,1
5212,260,977,3348,0.5,0,1
5213,260,977,771,0.5,0,1
5214,260,977,3620,0.5,0,1
5215,260,977,588,0.5,0,1
5216,260,977,2289,0.5,0,1
5217,260,977,3164,0.5,0,1
5218,260,977,2463,0.5,0,1
5219,260,977,2709,0.5,0,1
5220,261,2895,2895,0.5,1,1
5221,261,2895,3470,0.5,0,1
5222,261,2895,3055,0.5,0,1
5223,261,2895,4006,0.5,0,1
5224,261,2895,980,0.5,0,1
5225,261,2895,648,0.5,0,1
5226,261,2895,119,0.5,0,1
5227,261,2895,2034,0.5,0,1
5228,261,2895,267,0.5,0,1
5229,261,2895,4107,0.5,0,1
5230,261,2895,3073,0.5,0,1
5231,261,2895,1343,0.5,0,1
5232,261,2895,1014,0.5,0,1
5233,261,2895,3443,0.5,0,1
5234,261,2895,3226,0.5,0,1
5235,261,2895,1363,0.5,0,1
5236,261,2895,1610,0.5,0,1
5237,261,2895,4146,0.5,0,1
5238,261,2895,1630,0.5,0,1
5239,261,2895,2332,0.5,0,1
5240,262,2218,2218,0.5,1,1
5241,262,2218,2331,0.5,0,1
5242,262,2218,4178,0.5,0,1
5243,262,2218,1890,0.5,0,1
5244,262,2218,616,0.5,0,1
5245,262,2218,4011,0.5,0,1
5246,262,2218,775,0.5,0,1
5247,262,2218,3895,0.5,0,1
5248,262,2218,1044,0.5,0,1
5249,262,2218,3175,0.5,0,1
5250,262,2218,2318,0.5,0,1
5251,262,2218,988,0.5,0,1
5252,262,2218,3270,0.5,0,1
5253,262,2218,2072,0.5,0,1
5254,262,2218,276,0.5,0,1
5255,262,2218,3051,0.5,0,1
5256,262,2218,560,0.5,0,1
5257,262,2218,1511,0.5,0,1
5258,262,2218,3118,0.5,0,1
5259,262,2218,1305,0.5,0,1
5260,263,2734,2734,0.5,1,1
5261,263,2734,4138,0.5,0,1
5262,263,2734,376,0.5,0,1
5263,263,2734,2117,0.5,0,1
5264,263,2734,2933,0.5,0,1
5265,263,2734,2606,0.5,0,1
5266,263,2734,3628,0.5,0,1
5267,263,2734,2755,0.5,0,1
5268,263,2734,52,0.5,0,1
5269,263,2734,539,0.5,0,1
5270,263,2734,3123,0.5,0,1
5271,263,2734,3770,0.5,0,1
5272,263,2734,853,0.5,0,1
5273,263,2734,139,0.5,0,1
5274,263,2734,3625,0.5,0,1
5275,263,2734,2548,0.5,0,1
5276,263,2734,1498,0.5,0,1
5277,263,2734,3312,0.5,0,1
5278,263,2734,532,0.5,0,1
5279,263,2734,3426,0.5,0,1
5280,264,1626,1626,0.5,1,1
5281,264,1626,2523,0.5,0,1
5282,264,1626,1803,0.5,0,1
5283,264,1626,20,0.5,0,1
5284,264,1626,2160,0.5,0,1
5285,264,1626,382,0.5,0,1
5286,264,1626,926,0.5,0,1
5287,264,1626,16,0.5,0,1
5288,264,1626,2514,0.5,0,1
5289,264,1626,1994,0.5,0,1
5290,264,1626,2449,0.5,0,1
5291,264,1626,2139,0.5,0,1
5292,264,1626,544,0.5,0,1
5293,264,1626,3058,0.5,0,1
5294,264,1626,3810,0.5,0,1
5295,264,1626,1341,0.5,0,1
5296,264,1626,1423,0.5,0,1
5297,264,1626,1724,0.5,0,1
5298,264,1626,991,0.5,0,1
5299,264,1626,1593,0.5,0,1
5300,265,616,616,0.5,1,1
5301,265,616,1754,0.5,0,1
5302,265,616,3111,0.5,0,1
5303,265,616,346,0.5,0,1
5304,265,616,1092,0.5,0,1
5305,265,616,1869,0.5,0,1
5306,265,616,367,0.5,0,1
5307,265,616,216,0.5,0,1
5308,265,616,3576,0.5,0,1
5309,265,616,3616,0.5,0,1
5310,265,616,3732,0.5,0,1
5311,265,616,4073,0.5,0,1
5312,265,616,1848,0.5,0,1
5313,265,616,465,0.5,0,1
5314,265,616,3194,0.5,0,1
5315,265,616,684,0.5,0,1
5316,265,616,2653,0.5,0,1
5317,265,616,3654,0.5,0,1
5318,265,616,110,0.5,0,1
5319,265,616,2467,0.5,0,1
5320,266,4057,4057,0.5,1,1
5321,266,4057,3505,0.5,0,1
5322,266,4057,714,0.5,0,1
5323,266,4057,3955,0.5,0,1
5324,266,4057,432,0.5,0,1
5325,266,4057,1056,0.5,0,1
5326,266,4057,526,0.5,0,1
5327,266,4057,857,0.5,0,1
5328,266,4057,3832,0.5,0,1
5329,266,4057,1086,0.5,0,1
5330,266,4057,2957,0.5,0,1
5331,266,4057,951,0.5,0,1
5332,266,4057,3115,0.5,0,1
5333,266,4057,1182,0.5,0,1
5334,266,4057,3268,0.5,0,1
5335,266,4057,1692,0.5,0,1
5336,266,4057,391,0.5,0,1
5337,266,4057,335,0.5,0,1
5338,266,4057,2881,0.5,0,1
5339,266,4057,2697,0.5,0,1
5340,267,3776,3776,0.5,1,1
5341,267,3776,3814,0.5,0,1
5342,267,3776,473,0.5,0,1
5343,267,3776,1330,0.5,0,1
5344,267,3776,2196,0.5,0,1
5345,267,3776,3874,0.5,0,1
5346,267,3776,1109,0.5,0,1
5347,267,3776,1236,0.5,0,1
5348,267,3776,2555,0.5,0,1
5349,267,3776,62,0.5,0,1
5350,267,3776,3073,0.5,0,1
5351,267,3776,549,0.5,0,1
5352,267,3776,26,0.5,0,1
5353,267,3776,884,0.5,0,1
5354,267,3776,891,0.5,0,1
5355,267,3776,2382,0.5,0,1
5356,267,3776,1585,0.5,0,1
5357,267,3776,548,0.5,0,1
5358,267,3776,4063,0.5,0,1
5359,267,3776,441,0.5,0,1
5360,268,1803,1803,0.5,1,1
5361,268,1803,3665,0.5,0,1
5362,268,1803,3401,0.5,0,1
5363,268,1803,3356,0.5,0,1
5364,268,1803,2928,0.5,0,1
5365,268,1803,1466,0.5,0,1
5366,268,1803,3082,0.5,0,1
5367,268,1803,2722,0.5,0,1
5368,268,1803,3841,0.5,0,1
5369,268,1803,613,0.5,0,1
5370,268,1803,1651,0.5,0,1
5371,268,1803,1990,0.5,0,1
5372,268,1803,2279,0.5,0,1
5373,268,1803,2748,0.5,0,1
5374,268,1803,1620,0.5,0,1
5375,268,1803,3711,0.5,0,1
5376,268,1803,1749,0.5,0,1
5377,268,1803,2999,0.5,0,1
5378,268,1803,1811,0.5,0,1
5379,268,1803,3894,0.5,0,1
5380,269,74,74,0.5,1,1
5381,269,74,2509,0.5,0,1
5382,269,74,3420,0.5,0,1
5383,269,74,3429,0.5,0,1
5384,269,74,1334,0.5,0,1
5385,269,74,2973,0.5,0,1
5386,269,74,4106,0.5,0,1
5387,269,74,3567,0.5,0,1
5388,269,74,2870,0.5,0,1
5389,269,74,868,0.5,0,1
5390,269,74,3627,0.5,0,1
5391,269,74,1548,0.5,0,1
5392,269,74,3081,0.5,0,1
5393,269,74,1642,0.5,0,1
5394,269,74,3136,0.5,0,1
5395,269,74,480,0.5,0,1
5396,269,74,1038,0.5,0,1
5397,269,74,985,0.5,0,1
5398,269,74,2542,0.5,0,1
5399,269,74,39,0.5,0,1
5400,270,2399,2399,0.5,1,1
5401,270,2399,2721,0.5,0,1
5402,270,2399,1813,0.5,0,1
5403,270,2399,1838,0.5,0,1
5404,270,2399,1539,0.5,0,1
5405,270,2399,1279,0.5,0,1
5406,270,2399,3438,0.5,0,1
5407,270,2399,1847,0.5,0,1
5408,270,2399,2144,0.5,0,1
5409,270,2399,973,0.5,0,1
5410,270,2399,2062,0.5,0,1
5411,270,2399,1961,0.5,0,1
5412,270,2399,867,0.5,0,1
5413,270,2399,2161,0.5,0,1
5414,270,2399,2410,0.5,0,1
5415,270,2399,1124,0.5,0,1
5416,270,2399,3204,0.5,0,1
5417,270,2399,179,0.5,0,1
5418,270,2399,3570,0.5,0,1
5419,270,2399,3582,0.5,0,1
5420,271,2403,2403,0.5,1,1
5421,271,2403,474,0.5,0,1
5422,271,2403,2926,0.5,0,1
5423,271,2403,1832,0.5,0,1
5424,271,2403,3316,0.5,0,1
5425,271,2403,1118,0.5,0,1
5426,271,2403,1618,0.5,0,1
5427,271,2403,1864,0.5,0,1
5428,271,2403,2906,0.5,0,1
5429,271,2403,3486,0.5,0,1
5430,271,2403,3798,0.5,0,1
5431,271,2403,3292,0.5,0,1
5432,271,2403,246,0.5,0,1
5433,271,2403,3034,0.5,0,1
5434,271,2403,437,0.5,0,1
5435,271,2403,761,0.5,0,1
5436,271,2403,3162,0.5,0,1
5437,271,2403,2750,0.5,0,1
5438,271,2403,273,0.5,0,1
5439,271,2403,2549,0.5,0,1
5440,272,1520,1520,0.5,1,1
5441,272,1520,878,0.5,0,1
5442,272,1520,3146,0.5,0,1
5443,272,1520,4144,0.5,0,1
5444,272,1520,342,0.5,0,1
5445,272,1520,86,0.5,0,1
5446,272,1520,2214,0.5,0,1
5447,272,1520,755,0.5,0,1
5448,272,1520,1073,0.5,0,1
5449,272,1520,2131,0.5,0,1
5450,272,1520,3984,0.5,0,1
5451,272,1520,1070,0.5,0,1
5452,272,1520,1685,0.5,0,1
5453,272,1520,1726,0.5,0,1
5454,272,1520,1448,0.5,0,1
5455,272,1520,2002,0.5,0,1
5456,272,1520,914,0.5,0,1
5457,272,1520,3850,0.5,0,1
5458,272,1520,3087,0.5,0,1
5459,272,1520,2864,0.5,0,1
5460,273,1593,1593,0.5,1,1
5461,273,1593,1943,0.5,0,1
5462,273,1593,1831,0.5,0,1
5463,273,1593,1708,0.5,0,1
5464,273,1593,3154,0.5,0,1
5465,273,1593,1723,0.5,0,1
5466,273,1593,4009,0.5,0,1
5467,273,1593,1503,0.5,0,1
5468,273,1593,3420,0.5,0,1
5469,273,1593,3750,0.5,0,1
5470,273,1593,3962,0.5,0,1
5471,273,1593,1956,0.5,0,1
5472,273,1593,2014,0.5,0,1
5473,273,1593,2600,0.5,0,1
5474,273,1593,1192,0.5,0,1
5475,273,1593,1462,0.5,0,1
5476,273,1593,1841,0.5,0,1
5477,273,1593,1551,0.5,0,1
5478,273,1593,1264,0.5,0,1
5479,273,1593,4105,0.5,0,1
5480,274,3749,3749,0.5,1,1
5481,274,3749,599,0.5,0,1
5482,274,3749,100,0.5,0,1
5483,274,3749,1134,0.5,0,1
5484,274,3749,1243,0.5,0,1
5485,274,3749,1692,0.5,0,1
5486,274,3749,1858,0.5,0,1
5487,274,3749,3656,0.5,0,1
5488,274,3749,90,0.5,0,1
5489,274,3749,1080,0.5,0,1
5490,274,3749,1774,0.5,0,1
5491,274,3749,3284,0.5,0,1
5492,274,3749,116,0.5,0,1
5493,274,3749,1572,0.5,0,1
5494,274,3749,2605,0.5,0,1
5495,274,3749,3390,0.5,0,1
5496,274,3749,2506,0.5,0,1
5497,274,3749,389,0.5,0,1
5498,274,3749,1041,0.5,0,1
5499,274,3749,228,0.5,0,1
5500,275,1529,1529,0.5,1,1
5501,275,1529,4064,0.5,0,1
5502,275,1529,479,0.5,0,1
5503,275,1529,929,0.5,0,1
5504,275,1529,273,0.5,0,1
5505,275,1529,1683,0.5,0,1
5506,275,1529,1869,0.5,0,1
5507,275,1529,3817,0.5,0,1
5508,275,1529,422,0.5,0,1
5509,275,1529,4170,0.5,0,1
5510,275,1529,2821,0.5,0,1
5511,275,1529,41,0.5,0,1
5512,275,1529,3772,0.5,0,1
5513,275,1529,2693,0.5,0,1
5514,275,1529,301,0.5,0,1
5515,275,1529,2551,0.5,0,1
5516,275,1529,2509,0.5,0,1
5517,275,1529,2413,0.5,0,1
5518,275,1529,3530,0.5,0,1
5519,275,1529,3612,0.5,0,1
5520,276,2233,2233,0.5,1,1
5521,276,2233,3370,0.5,0,1
5522,276,2233,735,0.5,0,1
5523,276,2233,2837,0.5,0,1
5524,276,2233,979,0.5,0,1
5525,276,2233,4155,0.5,0,1
5526,276,2233,3164,0.5,0,1
5527,276,2233,1914,0.5,0,1
5528,276,2233,342,0.5,0,1
5529,276,2233,2244,0.5,0,1
5530,276,2233,3768,0.5,0,1
5531,276,2233,703,0.5,0,1
5532,276,2233,2279,0.5,0,1
5533,276,2233,3772,0.5,0,1
5534,276,2233,852,0.5,0,1
5535,276,2233,73,0.5,0,1
5536,276,2233,3299,0.5,0,1
5537,276,2233,2094,0.5,0,1
5538,276,2233,2482,0.5,0,1
5539,276,2233,2403,0.5,0,1
5540,277,1595,1595,0.5,1,1
5541,277,1595,575,0.5,0,1
5542,277,1595,3191,0.5,0,1
5543,277,1595,3263,0.5,0,1
5544,277,1595,1337,0.5,0,1
5545,277,1595,3246,0.5,0,1
5546,277,1595,2138,0.5,0,1
5547,277,1595,3166,0.5,0,1
5548,277,1595,2036,0.5,0,1
5549,277,1595,3712,0.5,0,1
5550,277,1595,1421,0.5,0,1
5551,277,1595,3289,0.5,0,1
5552,277,1595,2682,0.5,0,1
5553,277,1595,551,0.5,0,1
5554,277,1595,3299,0.5,0,1
5555,277,1595,3254,0.5,0,1
5556,277,1595,3512,0.5,0,1
5557,277,1595,267,0.5,0,1
5558,277,1595,3754,0.5,0,1
5559,277,1595,3249,0.5,0,1
5560,278,451,451,0.5,1,1
5561,278,451,1353,0.5,0,1
5562,278,451,2619,0.5,0,1
5563,278,451,1771,0.5,0,1
5564,278,451,2772,0.5,0,1
5565,278,451,1379,0.5,0,1
5566,278,451,1511,0.5,0,1
5567,278,451,1738,0.5,0,1
5568,278,451,2994,0.5,0,1
5569,278,451,3609,0.5,0,1
5570,278,451,3656,0.5,0,1
5571,278,451,4034,0.5,0,1
5572,278,451,602,0.5,0,1
5573,278,451,3170,0.5,0,1
5574,278,451,1576,0.5,0,1
5575,278,451,2851,0.5,0,1
5576,278,451,1261,0.5,0,1
5577,278,451,3895,0.5,0,1
5578,278,451,195,0.5,0,1
5579,278,451,2924,0.5,0,1
5580,279,3435,3435,0.5,1,1
5581,279,3435,2984,0.5,0,1
5582,279,3435,1353,0.5,0,1
5583,279,3435,170,0.5,0,1
5584,279,3435,627,0.5,0,1
5585,279,3435,3054,0.5,0,1
5586,279,3435,150,0.5,0,1
5587,279,3435,563,0.5,0,1
5588,279,3435,3597,0.5,0,1
5589,279,3435,2108,0.5,0,1
5590,279,3435,670,0.5,0,1
5591,279,3435,1732,0.5,0,1
5592,279,3435,3934,0.5,0,1
5593,279,3435,1810,0.5,0,1
5594,279,3435,3990,0.5,0,1
5595,279,3435,1977,0.5,0,1
5596,279,3435,716,0.5,0,1
5597,279,3435,2442,0.5,0,1
5598,279,3435,648,0.5,0,1
5599,279,3435,3098,0.5,0,1
5600,280,1604,1604,0.5,1,1
5601,280,1604,2882,0.5,0,1
5602,280,1604,3372,0.5,0,1
5603,280,1604,1861,0.5,0,1
5604,280,1604,591,0.5,0,1
5605,280,1604,2765,0.5,0,1
5606,280,1604,4178,0.5,0,1
5607,280,1604,2620,0.5,0,1
5608,280,1604,2968,0.5,0,1
5609,280,1604,193,0.5,0,1
5610,280,1604,2046,0.5,0,1
5611,280,1604,1227,0.5,0,1
5612,280,1604,114,0.5,0,1
5613,280,1604,1790,0.5,0,1
5614,280,1604,2687,0.5,0,1
5615,280,1604,1891,0.5,0,1
5616,280,1604,30,0.5,0,1
5617,280,1604,1413,0.5,0,1
5618,280,1604,2706,0.5,0,1
5619,280,1604,146,0.5,0,1
5620,281,315,315,0.5,1,1
5621,281,315,3709,0.5,0,1
5622,281,315,2253,0.5,0,1
5623,281,315,2617,0.5,0,1
5624,281,315,3348,0.5,0,1
5625,281,315,3408,0.5,0,1
5626,281,315,2484,0.5,0,1
5627,281,315,1180,0.5,0,1
5628,281,315,759,0.5,0,1
5629,281,315,1827,0.5,0,1
5630,281,315,1857,0.5,0,1
5631,281,315,312,0.5,0,1
5632,281,315,2053,0.5,0,1
5633,281,315,2974,0.5,0,1
5634,281,315,254,0.5,0,1
5635,281,315,1445,0.5,0,1
5636,281,315,3282,0.5,0,1
5637,281,315,1630,0.5,0,1
5638,281,315,2454,0.5,0,1
5639,281,315,958,0.5,0,1
5640,282,2115,2115,0.5,1,1
5641,282,2115,189,0.5,0,1
5642,282,2115,3334,0.5,0,1
5643,282,2115,1926,0.5,0,1
5644,282,2115,1935,0.5,0,1
5645,282,2115,2968,0.5,0,1
5646,282,2115,2809,0.5,0,1
5647,282,2115,1849,0.5,0,1
5648,282,2115,3753,0.5,0,1
5649,282,2115,584,0.5,0,1
5650,282,2115,243,0.5,0,1
5651,282,2115,2253,0.5,0,1
5652,282,2115,830,0.5,0,1
5653,282,2115,2705,0.5,0,1
5654,282,2115,2191,0.5,0,1
5655,282,2115,1753,0.5,0,1
5656,282,2115,2206,0.5,0,1
5657,282,2115,63,0.5,0,1
5658,282,2115,476,0.5,0,1
5659,282,2115,3768,0.5,0,1
5660,283,790,790,0.5,1,1
5661,283,790,139,0.5,0,1
5662,283,790,3560,0.5,0,1
5663,283,790,919,0.5,0,1
5664,283,790,709,0.5,0,1
5665,283,790,3698,0.5,0,1
5666,283,790,2143,0.5,0,1
5667,283,790,2412,0.5,0,1
5668,283,790,2881,0.5,0,1
5669,283,790,3438,0.5,0,1
5670,283,790,3937,0.5,0,1
5671,283,790,3806,0.5,0,1
5672,283,790,485,0.5,0,1
5673,283,790,1926,0.5,0,1
5674,283,790,245,0.5,0,1
5675,283,790,140,0.5,0,1
5676,283,790,2417,0.5,0,1
5677,283,790,2795,0.5,0,1
5678,283,790,1074,0.5,0,1
5679,283,790,3380,0.5,0,1
5680,284,2697,2697,0.5,1,1
5681,284,2697,2890,0.5,0,1
5682,284,2697,3919,0.5,0,1
5683,284,2697,1214,0.5,0,1
5684,284,2697,2472,0.5,0,1
5685,284,2697,1708,0.5,0,1
5686,284,2697,1888,0.5,0,1
5687,284,2697,2230,0.5,0,1
5688,284,2697,1744,0.5,0,1
5689,284,2697,2770,0.5,0,1
5690,284,2697,3373,0.5,0,1
5691,284,2697,175,0.5,0,1
5692,284,2697,2142,0.5,0,1
5693,284,2697,2015,0.5,0,1
5694,284,2697,401,0.5,0,1
5695,284,2697,4088,0.5,0,1
5696,284,2697,833,0.5,0,1
5697,284,2697,2872,0.5,0,1
5698,284,2697,2716,0.5,0,1
5699,284,2697,1243,0.5,0,1
5700,285,2871,2871,0.5,1,1
5701,285,2871,1207,0.5,0,1
5702,285,2871,911,0.5,0,1
5703,285,2871,3051,0.5,0,1
5704,285,2871,3347,0.5,0,1
5705,285,2871,685,0.5,0,1
5706,285,2871,3531,0.5,0,1
5707,285,2871,2511,0.5,0,1
5708,285,2871,623,0.5,0,1
5709,285,2871,2427,0.5,0,1
5710,285,2871,1573,0.5,0,1
5711,285,2871,3572,0.5,0,1
5712,285,2871,2374,0.5,0,1
5713,285,2871,2542,0.5,0,1
5714,285,2871,2008,0.5,0,1
5715,285,2871,2765,0.5,0,1
5716,285,2871,1356,0.5,0,1
5717,285,2871,2650,0.5,0,1
5718,285,2871,3920,0.5,0,1
5719,285,2871,3655,0.5,0,1
5720,286,2334,2334,0.5,1,1
5721,286,2334,3153,0.5,0,1
5722,286,2334,2923,0.5,0,1
5723,286,2334,1867,0.5,0,1
5724,286,2334,759,0.5,0,1
5725,286,2334,1829,0.5,0,1
5726,286,2334,3105,0.5,0,1
5727,286,2334,772,0.5,0,1
5728,286,2334,2837,0.5,0,1
5729,286,2334,520,0.5,0,1
5730,286,2334,4057,0.5,0,1
5731,286,2334,2828,0.5,0,1
5732,286,2334,704,0.5,0,1
5733,286,2334,1009,0.5,0,1
5734,286,2334,1408,0.5,0,1
5735,286,2334,195,0.5,0,1
5736,286,2334,535,0.5,0,1
5737,286,2334,2672,0.5,0,1
5738,286,2334,2191,0.5,0,1
5739,286,2334,3558,0.5,0,1
5740,287,2752,2752,0.5,1,1
5741,287,2752,1584,0.5,0,1
5742,287,2752,2093,0.5,0,1
5743,287,2752,2843,0.5,0,1
5744,287,2752,2959,0.5,0,1
5745,287,2752,2188,0.5,0,1
5746,287,2752,3428,0.5,0,1
5747,287,2752,718,0.5,0,1
5748,287,2752,3878,0.5,0,1
5749,287,2752,405,0.5,0,1
5750,287,2752,1648,0.5,0,1
5751,287,2752,1919,0.5,0,1
5752,287,2752,3556,0.5,0,1
5753,287,2752,1742,0.5,0,1
5754,287,2752,543,0.5,0,1
5755,287,2752,1677,0.5,0,1
5756,287,2752,1039,0.5,0,1
5757,287,2752,3860,0.5,0,1
5758,287,2752,2225,0.5,0,1
5759,287,2752,2465,0.5,0,1
5760,288,1027,1027,0.5,1,1
5761,288,1027,3172,0.5,0,1
5762,288,1027,1028,0.5,0,1
5763,288,1027,695,0.5,0,1
5764,288,1027,59,0.5,0,1
5765,288,1027,4170,0.5,0,1
5766,288,1027,1852,0.5,0,1
5767,288,1027,4113,0.5,0,1
5768,288,1027,3938,0.5,0,1
5769,288,1027,671,0.5,0,1
5770,288,1027,1819,0.5,0,1
5771,288,1027,4029,0.5,0,1
5772,288,1027,2852,0.5,0,1
5773,288,1027,224,0.5,0,1
5774,288,1027,677,0.5,0,1
5775,288,1027,1267,0.5,0,1
5776,288,1027,284,0.5,0,1
5777,288,1027,221,0.5,0,1
5778,288,1027,4171,0.5,0,1
5779,288,1027,3661,0.5,0,1
5780,289,224,224,0.5,1,1
5781,289,224,3973,0.5,0,1
5782,289,224,3186,0.5,0,1
5783,289,224,2694,0.5,0,1
5784,289,224,76,0.5,0,1
5785,289,224,1480,0.5,0,1
5786,289,224,710,0.5,0,1
5787,289,224,2425,0.5,0,1
5788,289,224,3235,0.5,0,1
5789,289,224,1996,0.5,0,1
5790,289,224,3087,0.5,0,1
5791,289,224,4138,0.5,0,1
5792,289,224,2289,0.5,0,1
5793,289,224,2924,0.5,0,1
5794,289,224,459,0.5,0,1
5795,289,224,3393,0.5,0,1
5796,289,224,2352,0.5,0,1
5797,289,224,2438,0.5,0,1
5798,289,224,279,0.5,0,1
5799,289,224,1154,0.5,0,1
5800,290,1429,1429,0.5,1,1
5801,290,1429,3577,0.5,0,1
5802,290,1429,3733,0.5,0,1
5803,290,1429,362,0.5,0,1
5804,290,1429,1807,0.5,0,1
5805,290,1429,4048,0.5,0,1
5806,290,1429,2448,0.5,0,1
5807,290,1429,3730,0.5,0,1
5808,290,1429,169,0.5,0,1
5809,290,1429,2121,0.5,0,1
5810,290,1429,2251,0.5,0,1
5811,290,1429,964,0.5,0,1
5812,290,1429,2597,0.5,0,1
5813,290,1429,3327,0.5,0,1
5814,290,1429,1134,0.5,0,1
5815,290,1429,270,0.5,0,1
5816,290,1429,1891,0.5,0,1
5817,290,1429,700,0.5,0,1
5818,290,1429,1724,0.5,0,1
5819,290,1429,3173,0.5,0,1
5820,291,3759,3759,0.5,1,1
5821,291,3759,2436,0.5,0,1
5822,291,3759,790,0.5,0,1
5823,291,3759,531,0.5,0,1
5824,291,3759,902,0.5,0,1
5825,291,3759,2838,0.5,0,1
5826,291,3759,1970,0.5,0,1
5827,291,3759,1739,0.5,0,1
5828,291,3759,1275,0.5,0,1
5829,291,3759,4,0.5,0,1
5830,291,3759,3834,0.5,0,1
5831,291,3759,670,0.5,0,1
5832,291,3759,18,0.5,0,1
5833,291,3759,3590,0.5,0,1
5834,291,3759,3755,0.5,0,1
5835,291,3759,3704,0.5,0,1
5836,291,3759,469,0.5,0,1
5837,291,3759,1664,0.5,0,1
5838,291,3759,3844,0.5,0,1
5839,291,3759,2527,0.5,0,1
5840,292,2461,2461,0.5,1,1
5841,292,2461,794,0.5,0,1
5842,292,2461,4141,0.5,0,1
5843,292,2461,967,0.5,0,1
5844,292,2461,617,0.5,0,1
5845,292,2461,3646,0.5,0,1
5846,292,2461,1490,0.5,0,1
5847,292,2461,304,0.5,0,1
5848,292,2461,2868,0.5,0,1
5849,292,2461,350,0.5,0,1
5850,292,2461,881,0.5,0,1
5851,292,2461,1395,0.5,0,1
5852,292,2461,3786,0.5,0,1
5853,292,2461,1876,0.5,0,1
5854,292,2461,1199,0.5,0,1
5855,292,2461,2887,0.5,0,1
5856,292,2461,2335,0.5,0,1
5857,292,2461,3557,0.5,0,1
5858,292,2461,207,0.5,0,1
5859,292,2461,603,0.5,0,1
5860,293,2798,2798,0.5,1,1
5861,293,2798,4076,0.5,0,1
5862,293,2798,1405,0.5,0,1
5863,293,2798,4021,0.5,0,1
5864,293,2798,685,0.5,0,1
5865,293,2798,697,0.5,0,1
5866,293,2798,3949,0.5,0,1
5867,293,2798,1724,0.5,0,1
5868,293,2798,2963,0.5,0,1
5869,293,2798,4103,0.5,0,1
5870,293,2798,95,0.5,0,1
5871,293,2798,1594,0.5,0,1
5872,293,2798,1920,0.5,0,1
5873,293,2798,1188,0.5,0,1
5874,293,2798,416,0.5,0,1
5875,293,2798,1496,0.5,0,1
5876,293,2798,2470,0.5,0,1
5877,293,2798,1578,0.5,0,1
5878,293,2798,2512,0.5,0,1
5879,293,2798,3331,0.5,0,1
5880,294,3258,3258,0.5,1,1
5881,294,3258,3534,0.5,0,1
5882,294,3258,540,0.5,0,1
5883,294,3258,2434,0.5,0,1
5884,294,3258,2551,0.5,0,1
5885,294,3258,2300,0.5,0,1
5886,294,3258,3989,0.5,0,1
5887,294,3258,3157,0.5,0,1
5888,294,3258,1928,0.5,0,1
5889,294,3258,2512,0.5,0,1
5890,294,3258,3905,0.5,0,1
5891,294,3258,1608,0.5,0,1
5892,294,3258,1878,0.5,0,1
5893,294,3258,3886,0.5,0,1
5894,294,3258,3035,0.5,0,1
5895,294,3258,1155,0.5,0,1
5896,294,3258,3086,0.5,0,1
5897,294,3258,414,0.5,0,1
5898,294,3258,135,0.5,0,1
5899,294,3258,2069,0.5,0,1
5900,295,4036,4036,0.5,1,1
5901,295,4036,3292,0.5,0,1
5902,295,4036,1479,0.5,0,1
5903,295,4036,3134,0.5,0,1
5904,295,4036,3184,0.5,0,1
5905,295,4036,2493,0.5,0,1
5906,295,4036,1991,0.5,0,1
5907,295,4036,366,0.5,0,1
5908,295,4036,2304,0.5,0,1
5909,295,4036,1756,0.5,0,1
5910,295,4036,685,0.5,0,1
5911,295,4036,4022,0.5,0,1
5912,295,4036,1706,0.5,0,1
5913,295,4036,2383,0.5,0,1
5914,295,4036,558,0.5,0,1
5915,295,4036,813,0.5,0,1
5916,295,4036,3011,0.5,0,1
5917,295,4036,3478,0.5,0,1
5918,295,4036,2428,0.5,0,1
5919,295,4036,715,0.5,0,1
5920,296,543,543,0.5,1,1
5921,296,543,1566,0.5,0,1
5922,296,543,1245,0.5,0,1
5923,296,543,1452,0.5,0,1
5924,296,543,4118,0.5,0,1
5925,296,543,3557,0.5,0,1
5926,296,543,1523,0.5,0,1
5927,296,543,558,0.5,0,1
5928,296,543,1879,0.5,0,1
5929,296,543,77,0.5,0,1
5930,296,543,2467,0.5,0,1
5931,296,543,3481,0.5,0,1
5932,296,543,3047,0.5,0,1
5933,296,543,3998,0.5,0,1
5934,296,543,346,0.5,0,1
5935,296,543,2583,0.5,0,1
5936,296,543,118,0.5,0,1
5937,296,543,3993,0.5,0,1
5938,296,543,2957,0.5,0,1
5939,296,543,2982,0.5,0,1
5940,297,2012,2012,0.5,1,1
5941,297,2012,834,0.5,0,1
5942,297,2012,4070,0.5,0,1
5943,297,2012,982,0.5,0,1
5944,297,2012,629,0.5,0,1
5945,297,2012,338,0.5,0,1
5946,297,2012,514,0.5,0,1
5947,297,2012,3629,0.5,0,1
5948,297,2012,3452,0.5,0,1
5949,297,2012,1793,0.5,0,1
5950,297,2012,970,0.5,0,1
5951,297,2012,3234,0.5,0,1
5952,297,2012,3954,0.5,0,1
5953,297,2012,955,0.5,0,1
5954,297,2012,617,0.5,0,1
5955,297,2012,3925,0.5,0,1
5956,297,2012,2539,0.5,0,1
5957,297,2012,2073,0.5,0,1
5958,297,2012,2198,0.5,0,1
5959,297,2012,3071,0.5,0,1
5960,298,210,210,0.5,1,1
5961,298,210,3684,0.5,0,1
5962,298,210,4054,0.5,0,1
5963,298,210,2521,0.5,0,1
5964,298,210,2977,0.5,0,1
5965,298,210,3419,0.5,0,1
5966,298,210,493,0.5,0,1
5967,298,210,771,0.5,0,1
5968,298,210,3804,0.5,0,1
5969,298,210,4164,0.5,0,1
5970,298,210,2155,0.5,0,1
5971,298,210,1268,0.5,0,1
5972,298,210,1541,0.5,0,1
5973,298,210,2966,0.5,0,1
5974,298,210,477,0.5,0,1
5975,298,210,2379,0.5,0,1
5976,298,210,3143,0.5,0,1
5977,298,210,3171,0.5,0,1
5978,298,210,143,0.5,0,1
5979,298,210,1734,0.5,0,1
5980,299,1680,1680,0.5,1,1
5981,299,1680,3154,0.5,0,1
5982,299,1680,2277,0.5,0,1
5983,299,1680,9,0.5,0,1
5984,299,1680,1343,0.5,0,1
5985,299,1680,1793,0.5,0,1
5986,299,1680,992,0.5,0,1
5987,299,1680,1727,0.5,0,1
5988,299,1680,2493,0.5,0,1
5989,299,1680,1803,0.5,0,1
5990,299,1680,2686,0.5,0,1
5991,299,1680,436,0.5,0,1
5992,299,1680,308,0.5,0,1
5993,299,1680,2117,0.5,0,1
5994,299,1680,3374,0.5,0,1
5995,299,1680,2759,0.5,0,1
5996,299,1680,1175,0.5,0,1
5997,299,1680,701,0.5,0,1
5998,299,1680,1833,0.5,0,1
5999,299,1680,2848,0.5,0,1
6000,300,3184,3184,0.5,1,1
6001,300,3184,4131,0.5,0,1
6002,300,3184,460,0.5,0,1
6003,300,3184,2951,0.5,0,1
6004,300,3184,3837,0.5,0,1
6005,300,3184,415,0.5,0,1
6006,300,3184,1601,0.5,0,1
6007,300,3184,659,0.5,0,1
6008,300,3184,654,0.5,0,1
6009,300,3184,365,0.5,0,1
6010,300,3184,680,0.5,0,1
6011,300,3184,2844,0.5,0,1
6012,300,3184,1161,0.5,0,1
6013,300,3184,864,0.5,0,1
6014,300,3184,2640,0.5,0,1
6015,300,3184,2117,0.5,0,1
6016,300,3184,3868,0.5,0,1
6017,300,3184,2779,0.5,0,1
6018,300,3184,1657,0.5,0,1
6019,300,3184,1724,0.5,0,1
6020,301,2430,2430,0.5,1,1
6021,301,2430,1086,0.5,0,1
6022,301,2430,3456,0.5,0,1
6023,301,2430,989,0.5,0,1
6024,301,2430,3736,0.5,0,1
6025,301,2430,325,0.5,0,1
6026,301,2430,2063,0.5,0,1
6027,301,2430,2043,0.5,0,1
6028,301,2430,1039,0.5,0,1
6029,301,2430,2246,0.5,0,1
6030,301,2430,3026,0.5,0,1
6031,301,2430,3450,0.5,0,1
6032,301,2430,3752,0.5,0,1
6033,301,2430,3722,0.5,0,1
6034,301,2430,1116,0.5,0,1
6035,301,2430,975,0.5,0,1
6036,301,2430,1843,0.5,0,1
6037,301,2430,1547,0.5,0,1
6038,301,2430,2841,0.5,0,1
6039,301,2430,46,0.5,0,1
6040,302,1938,1938,0.5,1,1
6041,302,1938,688,0.5,0,1
6042,302,1938,3796,0.5,0,1
6043,302,1938,3526,0.5,0,1
6044,302,1938,1007,0.5,0,1
6045,302,1938,796,0.5,0,1
6046,302,1938,3563,0.5,0,1
6047,302,1938,674,0.5,0,1
6048,302,1938,3006,0.5,0,1
6049,302,1938,3477,0.5,0,1
6050,302,1938,1643,0.5,0,1
6051,302,1938,3642,0.5,0,1
6052,302,1938,2328,0.5,0,1
6053,302,1938,486,0.5,0,1
6054,302,1938,1268,0.5,0,1
6055,302,1938,3214,0.5,0,1
6056,302,1938,1742,0.5,0,1
6057,302,1938,2915,0.5,0,1
6058,302,1938,2782,0.5,0,1
6059,302,1938,2811,0.5,0,1
6060,303,365,365,0.5,1,1
6061,303,365,3166,0.5,0,1
6062,303,365,3432,0.5,0,1
6063,303,365,3351,0.5,0,1
6064,303,365,2624,0.5,0,1
6065,303,365,3421,0.5,0,1
6066,303,365,605,0.5,0,1
6067,303,365,3336,0.5,0,1
6068,303,365,634,0.5,0,1
6069,303,365,1700,0.5,0,1
6070,303,365,3977,0.5,0,1
6071,303,365,1356,0.5,0,1
6072,303,365,2619,0.5,0,1
6073,303,365,635,0.5,0,1
6074,303,365,1456,0.5,0,1
6075,303,365,1234,0.5,0,1
6076,303,365,1642,0.5,0,1
6077,303,365,2207,0.5,0,1
6078,303,365,500,0.5,0,1
6079,303,365,3459,0.5,0,1
6080,304,2801,2801,0.5,1,1
6081,304,2801,3325,0.5,0,1
6082,304,2801,1888,0.5,0,1
6083,304,2801,3567,0.5,0,1
6084,304,2801,3845,0.5,0,1
6085,304,2801,3055,0.5,0,1
6086,304,2801,3819,0.5,0,1
6087,304,2801,763,0.5,0,1
6088,304,2801,3267,0.5,0,1
6089,304,2801,3937,0.5,0,1
6090,304,2801,3980,0.5,0,1
6091,304,2801,3990,0.5,0,1
6092,304,2801,2696,0.5,0,1
6093,304,2801,4012,0.5,0,1
6094,304,2801,2581,0.5,0,1
6095,304,2801,1266,0.5,0,1
6096,304,2801,782,0.5,0,1
6097,304,2801,3918,0.5,0,1
6098,304,2801,3961,0.5,0,1
6099,304,2801,95,0.5,0,1
6100,305,3438,3438,0.5,1,1
6101,305,3438,2810,0.5,0,1
6102,305,3438,4140,0.5,0,1
6103,305,3438,3430,0.5,0,1
6104,305,3438,2422,0.5,0,1
6105,305,3438,1819,0.5,0,1
6106,305,3438,3683,0.5,0,1
6107,305,3438,1475,0.5,0,1
6108,305,3438,3828,0.5,0,1
6109,305,3438,1484,0.5,0,1
6110,305,3438,4133,0.5,0,1
6111,305,3438,1020,0.5,0,1
6112,305,3438,637,0.5,0,1
6113,305,3438,942,0.5,0,1
6114,305,3438,3662,0.5,0,1
6115,305,3438,906,0.5,0,1
6116,305,3438,3692,0.5,0,1
6117,305,3438,704,0.5,0,1
6118,305,3438,2501,0.5,0,1
6119,305,3438,2483,0.5,0,1
6120,306,3770,3770,0.5,1,1
6121,306,3770,953,0.5,0,1
6122,306,3770,468,0.5,0,1
6123,306,3770,1733,0.5,0,1
6124,306,3770,1844,0.5,0,1
6125,306,3770,3032,0.5,0,1
6126,306,3770,227,0.5,0,1
6127,306,3770,3870,0.5,0,1
6128,306,3770,1004,0.5,0,1
6129,306,3770,1617,0.5,0,1
6130,306,3770,1433,0.5,0,1
6131,306,3770,3277,0.5,0,1
6132,306,3770,3683,0.5,0,1
6133,306,3770,176,0.5,0,1
6134,306,3770,832,0.5,0,1
6135,306,3770,1780,0.5,0,1
6136,306,3770,3467,0.5,0,1
6137,306,3770,308,0.5,0,1
6138,306,3770,2055,0.5,0,1
6139,306,3770,602,0.5,0,1
6140,307,2711,2711,0.5,1,1
6141,307,2711,1226,0.5,0,1
6142,307,2711,840,0.5,0,1
6143,307,2711,3370,0.5,0,1
6144,307,2711,1864,0.5,0,1
6145,307,2711,4105,0.5,0,1
6146,307,2711,970,0.5,0,1
6147,307,2711,2312,0.5,0,1
6148,307,2711,925,0.5,0,1
6149,307,2711,1017,0.5,0,1
6150,307,2711,3290,0.5,0,1
6151,307,2711,3059,0.5,0,1
6152,307,2711,1908,0.5,0,1
6153,307,2711,599,0.5,0,1
6154,307,2711,2446,0.5,0,1
6155,307,2711,3980,0.5,0,1
6156,307,2711,1304,0.5,0,1
6157,307,2711,3357,0.5,0,1
6158,307,2711,1077,0.5,0,1
6159,307,2711,1344,0.5,0,1
6160,308,2602,2602,0.5,1,1
6161,308,2602,3553,0.5,0,1
6162,308,2602,1396,0.5,0,1
6163,308,2602,3808,0.5,0,1
6164,308,2602,3632,0.5,0,1
6165,308,2602,158,0.5,0,1
6166,308,2602,2902,0.5,0,1
6167,308,2602,801,0.5,0,1
6168,308,2602,2439,0.5,0,1
6169,308,2602,113,0.5,0,1
6170,308,2602,2581,0.5,0,1
6171,308,2602,1980,0.5,0,1
6172,308,2602,3905,0.5,0,1
6173,308,2602,2572,0.5,0,1
6174,308,2602,635,0.5,0,1
6175,308,2602,1726,0.5,0,1
6176,308,2602,2395,0.5,0,1
6177,308,2602,1295,0.5,0,1
6178,308,2602,3258,0.5,0,1
6179,308,2602,1256,0.5,0,1
6180,309,931,931,0.5,1,1
6181,309,931,3280,0.5,0,1
6182,309,931,2419,0.5,0,1
6183,309,931,4018,0.5,0,1
6184,309,931,2477,0.5,0,1
6185,309,931,4118,0.5,0,1
6186,309,931,3012,0.5,0,1
6187,309,931,29,0.5,0,1
6188,309,931,3317,0.5,0,1
6189,309,931,895,0.5,0,1
6190,309,931,2978,0.5,0,1
6191,309,931,1763,0.5,0,1
6192,309,931,190,0.5,0,1
6193,309,931,3437,0.5,0,1
6194,309,931,956,0.5,0,1
6195,309,931,3764,0.5,0,1
6196,309,931,3509,0.5,0,1
6197,309,931,2463,0.5,0,1
6198,309,931,2001,0.5,0,1
6199,309,931,996,0.5,0,1
6200,310,1597,1597,0.5,1,1
6201,310,1597,3435,0.5,0,1
6202,310,1597,2399,0.5,0,1
6203,310,1597,344,0.5,0,1
6204,310,1597,1084,0.5,0,1
6205,310,1597,359,0.5,0,1
6206,310,1597,2177,0.5,0,1
6207,310,1597,715,0.5,0,1
6208,310,1597,2991,0.5,0,1
6209,310,1597,369,0.5,0,1
6210,310,1597,1409,0.5,0,1
6211,310,1597,1290,0.5,0,1
6212,310,1597,1242,0.5,0,1
6213,310,1597,3263,0.5,0,1
6214,310,1597,2039,0.5,0,1
6215,310,1597,597,0.5,0,1
6216,310,1597,2539,0.5,0,1
6217,310,1597,3481,0.5,0,1
6218,310,1597,496,0.5,0,1
6219,310,1597,1143,0.5,0,1
6220,311,2741,2741,0.5,1,1
6221,311,2741,738,0.5,0,1
6222,311,2741,864,0.5,0,1
6223,311,2741,1324,0.5,0,1
6224,311,2741,1524,0.5,0,1
6225,311,2741,501,0.5,0,1
6226,311,2741,438,0.5,0,1
6227,311,2741,2169,0.5,0,1
6228,311,2741,2018,0.5,0,1
6229,311,2741,4010,0.5,0,1
6230,311,2741,1160,0.5,0,1
6231,311,2741,2915,0.5,0,1
6232,311,2741,1963,0.5,0,1
6233,311,2741,3814,0.5,0,1
6234,311,2741,1958,0.5,0,1
6235,311,2741,4064,0.5,0,1
6236,311,2741,120,0.5,0,1
6237,311,2741,2787,0.5,0,1
6238,311,2741,2681,0.5,0,1
6239,311,2741,1387,0.5,0,1
6240,312,2912,2912,0.5,1,1
6241,312,2912,3786,0.5,0,1
6242,312,2912,1783,0.5,0,1
6243,312,2912,1437,0.5,0,1
6244,312,2912,1534,0.5,0,1
6245,312,2912,2160,0.5,0,1
6246,312,2912,1344,0.5,0,1
6247,312,2912,701,0.5,0,1
6248,312,2912,2242,0.5,0,1
6249,312,2912,2207,0.5,0,1
6250,312,2912,855,0.5,0,1
6251,312,2912,3657,0.5,0,1
6252,312,2912,2020,0.5,0,1
6253,312,2912,688,0.5,0,1
6254,312,2912,243,0.5,0,1
6255,312,2912,4083,0.5,0,1
6256,312,2912,703,0.5,0,1
6257,312,2912,3787,0.5,0,1
6258,312,2912,3102,0.5,0,1
6259,312,2912,2894,0.5,0,1
6260,313,2649,2649,0.5,1,1
6261,313,2649,2353,0.5,0,1
6262,313,2649,10,0.5,0,1
6263,313,2649,1317,0.5,0,1
6264,313,2649,607,0.5,0,1
6265,313,2649,2382,0.5,0,1
6266,313,2649,2367,0.5,0,1
6267,313,2649,4108,0.5,0,1
6268,313,2649,3484,0.5,0,1
6269,313,2649,527,0.5,0,1
6270,313,2649,2449,0.5,0,1
6271,313,2649,3903,0.5,0,1
6272,313,2649,3537,0.5,0,1
6273,313,2649,3233,0.5,0,1
6274,313,2649,3637,0.5,0,1
6275,313,2649,1258,0.5,0,1
6276,313,2649,2256,0.5,0,1
6277,313,2649,3422,0.5,0,1
6278,313,2649,397,0.5,0,1
6279,313,2649,193,0.5,0,1
6280,314,3065,3065,0.5,1,1
6281,314,3065,3072,0.5,0,1
6282,314,3065,3538,0.5,0,1
6283,314,3065,2891,0.5,0,1
6284,314,3065,1919,0.5,0,1
6285,314,3065,2042,0.5,0,1
6286,314,3065,3549,0.5,0,1
6287,314,3065,3474,0.5,0,1
6288,314,3065,2624,0.5,0,1
6289,314,3065,1611,0.5,0,1
6290,314,3065,3792,0.5,0,1
6291,314,3065,241,0.5,0,1
6292,314,3065,891,0.5,0,1
6293,314,3065,731,0.5,0,1
6294,314,3065,658,0.5,0,1
6295,314,3065,1706,0.5,0,1
6296,314,3065,3468,0.5,0,1
6297,314,3065,297,0.5,0,1
6298,314,3065,2305,0.5,0,1
6299,314,3065,554,0.5,0,1
6300,315,225,225,0.5,1,1
6301,315,225,1923,0.5,0,1
6302,315,225,2893,0.5,0,1
6303,315,225,318,0.5,0,1
6304,315,225,1926,0.5,0,1
6305,315,225,1662,0.5,0,1
6306,315,225,265,0.5,0,1
6307,315,225,2832,0.5,0,1
6308,315,225,3290,0.5,0,1
6309,315,225,3279,0.5,0,1
6310,315,225,2311,0.5,0,1
6311,315,225,2874,0.5,0,1
6312,315,225,3034,0.5,0,1
6313,315,225,951,0.5,0,1
6314,315,225,2838,0.5,0,1
6315,315,225,920,0.5,0,1
6316,315,225,3501,0.5,0,1
6317,315,225,336,0.5,0,1
6318,315,225,379,0.5,0,1
6319,315,225,1689,0.5,0,1
6320,316,2554,2554,0.5,1,1
6321,316,2554,1581,0.5,0,1
6322,316,2554,3435,0.5,0,1
6323,316,2554,2091,0.5,0,1
6324,316,2554,2118,0.5,0,1
6325,316,2554,3270,0.5,0,1
6326,316,2554,3281,0.5,0,1
6327,316,2554,3706,0.5,0,1
6328,316,2554,2279,0.5,0,1
6329,316,2554,2704,0.5,0,1
6330,316,2554,1450,0.5,0,1
6331,316,2554,3000,0.5,0,1
6332,316,2554,3099,0.5,0,1
6333,316,2554,566,0.5,0,1
6334,316,2554,3615,0.5,0,1
6335,316,2554,3209,0.5,0,1
6336,316,2554,1310,0.5,0,1
6337,316,2554,1108,0.5,0,1
6338,316,2554,1428,0.5,0,1
6339,316,2554,4044,0.5,0,1
6340,317,2394,2394,0.5,1,1
6341,317,2394,854,0.5,0,1
6342,317,2394,625,0.5,0,1
6343,317,2394,441,0.5,0,1
6344,317,2394,3521,0.5,0,1
6345,317,2394,2098,0.5,0,1
6346,317,2394,1249,0.5,0,1
6347,317,2394,2615,0.5,0,1
6348,317,2394,4023,0.5,0,1
6349,317,2394,2690,0.5,0,1
6350,317,2394,52,0.5,0,1
6351,317,2394,3225,0.5,0,1
6352,317,2394,3356,0.5,0,1
6353,317,2394,3831,0.5,0,1
6354,317,2394,3601,0.5,0,1
6355,317,2394,1326,0.5,0,1
6356,317,2394,2189,0.5,0,1
6357,317,2394,458,0.5,0,1
6358,317,2394,294,0.5,0,1
6359,317,2394,1187,0.5,0,1
6360,318,1918,1918,0.5,1,1
6361,318,1918,1853,0.5,0,1
6362,318,1918,3529,0.5,0,1
6363,318,1918,1667,0.5,0,1
6364,318,1918,245,0.5,0,1
6365,318,1918,4136,0.5,0,1
6366,318,1918,480,0.5,0,1
6367,318,1918,2620,0.5,0,1
6368,318,1918,2474,0.5,0,1
6369,318,1918,2235,0.5,0,1
6370,318,1918,1388,0.5,0,1
6371,318,1918,2140,0.5,0,1
6372,318,1918,1036,0.5,0,1
6373,318,1918,3337,0.5,0,1
6374,318,1918,2008,0.5,0,1
6375,318,1918,3161,0.5,0,1
6376,318,1918,1173,0.5,0,1
6377,318,1918,2624,0.5,0,1
6378,318,1918,3004,0.5,0,1
6379,318,1918,1326,0.5,0,1
6380,319,2997,2997,0.5,1,1
6381,319,2997,3395,0.5,0,1
6382,319,2997,1862,0.5,0,1
6383,319,2997,1007,0.5,0,1
6384,319,2997,619,0.5,0,1
6385,319,2997,884,0.5,0,1
6386,319,2997,2899,0.5,0,1
6387,319,2997,3549,0.5,0,1
6388,319,2997,3710,0.5,0,1
6389,319,2997,4103,0.5,0,1
6390,319,2997,1836,0.5,0,1
6391,319,2997,4108,0.5,0,1
6392,319,2997,3227,0.5,0,1
6393,319,2997,2074,0.5,0,1
6394,319,2997,992,0.5,0,1
6395,319,2997,4144,0.5,0,1
6396,319,2997,765,0.5,0,1
6397,319,2997,3151,0.5,0,1
6398,319,2997,2816,0.5,0,1
6399,319,2997,644,0.5,0,1
6400,320,1448,1448,0.5,1,1
6401,320,1448,5,0.5,0,1
6402,320,1448,2414,0.5,0,1
6403,320,1448,660,0.5,0,1
6404,320,1448,1996,0.5,0,1
6405,320,1448,3204,0.5,0,1
6406,320,1448,2872,0.5,0,1
6407,320,1448,4008,0.5,0,1
6408,320,1448,2173,0.5,0,1
6409,320,1448,1827,0.5,0,1
6410,320,1448,2172,0.5,0,1
6411,320,1448,661,0.5,0,1
6412,320,1448,3811,0.5,0,1
6413,320,1448,4018,0.5,0,1
6414,320,1448,2460,0.5,0,1
6415,320,1448,1218,0.5,0,1
6416,320,1448,316,0.5,0,1
6417,320,1448,3619,0.5,0,1
6418,320,1448,3492,0.5,0,1
6419,320,1448,559,0.5,0,1
6420,321,529,529,0.5,1,1
6421,321,529,2978,0.5,0,1
6422,321,529,2143,0.5,0,1
6423,321,529,1334,0.5,0,1
6424,321,529,4089,0.5,0,1
6425,321,529,375,0.5,0,1
6426,321,529,3636,0.5,0,1
6427,321,529,3774,0.5,0,1
6428,321,529,3499,0.5,0,1
6429,321,529,2024,0.5,0,1
6430,321,529,3518,0.5,0,1
6431,321,529,804,0.5,0,1
6432,321,529,3426,0.5,0,1
6433,321,529,3195,0.5,0,1
6434,321,529,1596,0.5,0,1
6435,321,529,2516,0.5,0,1
6436,321,529,3953,0.5,0,1
6437,321,529,1806,0.5,0,1
6438,321,529,1814,0.5,0,1
6439,321,529,1473,0.5,0,1
6440,322,1962,1962,0.5,1,1
6441,322,1962,430,0.5,0,1
6442,322,1962,2462,0.5,0,1
6443,322,1962,800,0.5,0,1
6444,322,1962,2027,0.5,0,1
6445,322,1962,3937,0.5,0,1
6446,322,1962,3669,0.5,0,1
6447,322,1962,4081,0.5,0,1
6448,322,1962,581,0.5,0,1
6449,322,1962,3583,0.5,0,1
6450,322,1962,2871,0.5,0,1
6451,322,1962,1567,0.5,0,1
6452,322,1962,911,0.5,0,1
6453,322,1962,868,0.5,0,1
6454,322,1962,390,0.5,0,1
6455,322,1962,1588,0.5,0,1
6456,322,1962,3084,0.5,0,1
6457,322,1962,1671,0.5,0,1
6458,322,1962,2037,0.5,0,1
6459,322,1962,1349,0.5,0,1
6460,323,3127,3127,0.5,1,1
6461,323,3127,519,0.5,0,1
6462,323,3127,3631,0.5,0,1
6463,323,3127,3264,0.5,0,1
6464,323,3127,610,0.5,0,1
6465,323,3127,3105,0.5,0,1
6466,323,3127,205,0.5,0,1
6467,323,3127,2,0.5,0,1
6468,323,3127,597,0.5,0,1
6469,323,3127,471,0.5,0,1
6470,323,3127,2545,0.5,0,1
6471,323,3127,410,0.5,0,1
6472,323,3127,3224,0.5,0,1
6473,323,3127,3965,0.5,0,1
6474,323,3127,3056,0.5,0,1
6475,323,3127,1189,0.5,0,1
6476,323,3127,2323,0.5,0,1
6477,323,3127,1637,0.5,0,1
6478,323,3127,2483,0.5,0,1
6479,323,3127,3628,0.5,0,1
6480,324,2647,2647,0.5,1,1
6481,324,2647,372,0.5,0,1
6482,324,2647,351,0.5,0,1
6483,324,2647,2413,0.5,0,1
6484,324,2647,2768,0.5,0,1
6485,324,2647,3836,0.5,0,1
6486,324,2647,2305,0.5,0,1
6487,324,2647,587,0.5,0,1
6488,324,2647,808,0.5,0,1
6489,324,2647,4032,0.5,0,1
6490,324,2647,1659,0.5,0,1
6491,324,2647,3112,0.5,0,1
6492,324,2647,670,0.5,0,1
6493,324,2647,3840,0.5,0,1
6494,324,2647,2834,0.5,0,1
6495,324,2647,1255,0.5,0,1
6496,324,2647,3474,0.5,0,1
6497,324,2647,2968,0.5,0,1
6498,324,2647,1918,0.5,0,1
6499,324,2647,645,0.5,0,1
6500,325,2431,2431,0.5,1,1
6501,325,2431,2564,0.5,0,1
6502,325,2431,3953,0.5,0,1
6503,325,2431,606,0.5,0,1
6504,325,2431,265,0.5,0,1
6505,325,2431,495,0.5,0,1
6506,325,2431,2965,0.5,0,1
6507,325,2431,1596,0.5,0,1
6508,325,2431,696,0.5,0,1
6509,325,2431,840,0.5,0,1
6510,325,2431,1791,0.5,0,1
6511,325,2431,2521,0.5,0,1
6512,325,2431,367,0.5,0,1
6513,325,2431,1825,0.5,0,1
6514,325,2431,3240,0.5,0,1
6515,325,2431,2649,0.5,0,1
6516,325,2431,3948,0.5,0,1
6517,325,2431,2354,0.5,0,1
6518,325,2431,2042,0.5,0,1
6519,325,2431,845,0.5,0,1
6520,326,2698,2698,0.5,1,1
6521,326,2698,2119,0.5,0,1
6522,326,2698,2084,0.5,0,1
6523,326,2698,878,0.5,0,1
6524,326,2698,1479,0.5,0,1
6525,326,2698,3189,0.5,0,1
6526,326,2698,3620,0.5,0,1
6527,326,2698,2019,0.5,0,1
6528,326,2698,3809,0.5,0,1
6529,326,2698,3186,0.5,0,1
6530,326,2698,21,0.5,0,1
6531,326,2698,777,0.5,0,1
6532,326,2698,2477,0.5,0,1
6533,326,2698,2083,0.5,0,1
6534,326,2698,1061,0.5,0,1
6535,326,2698,1964,0.5,0,1
6536,326,2698,1873,0.5,0,1
6537,326,2698,227,0.5,0,1
6538,326,2698,3706,0.5,0,1
6539,326,2698,2822,0.5,0,1
6540,327,940,940,0.5,1,1
6541,327,940,1708,0.5,0,1
6542,327,940,2030,0.5,0,1
6543,327,940,2019,0.5,0,1
6544,327,940,2538,0.5,0,1
6545,327,940,2268,0.5,0,1
6546,327,940,1898,0.5,0,1
6547,327,940,1481,0.5,0,1
6548,327,940,828,0.5,0,1
6549,327,940,1758,0.5,0,1
6550,327,940,2263,0.5,0,1
6551,327,940,3226,0.5,0,1
6552,327,940,1288,0.5,0,1
6553,327,940,1645,0.5,0,1
6554,327,940,3536,0.5,0,1
6555,327,940,3811,0.5,0,1
6556,327,940,842,0.5,0,1
6557,327,940,939,0.5,0,1
6558,327,940,3487,0.5,0,1
6559,327,940,3153,0.5,0,1
6560,328,157,157,0.5,1,1
6561,328,157,1801,0.5,0,1
6562,328,157,526,0.5,0,1
6563,328,157,4008,0.5,0,1
6564,328,157,1045,0.5,0,1
6565,328,157,1409,0.5,0,1
6566,328,157,642,0.5,0,1
6567,328,157,331,0.5,0,1
6568,328,157,2791,0.5,0,1
6569,328,157,4123,0.5,0,1
6570,328,157,859,0.5,0,1
6571,328,157,2027,0.5,0,1
6572,328,157,114,0.5,0,1
6573,328,157,1519,0.5,0,1
6574,328,157,2384,0.5,0,1
6575,328,157,3845,0.5,0,1
6576,328,157,3251,0.5,0,1
6577,328,157,1046,0.5,0,1
6578,328,157,3564,0.5,0,1
6579,328,157,1121,0.5,0,1
6580,329,3361,3361,0.5,1,1
6581,329,3361,4137,0.5,0,1
6582,329,3361,937,0.5,0,1
6583,329,3361,2488,0.5,0,1
6584,329,3361,4029,0.5,0,1
6585,329,3361,2266,0.5,0,1
6586,329,3361,3822,0.5,0,1
6587,329,3361,3423,0.5,0,1
6588,329,3361,3976,0.5,0,1
6589,329,3361,174,0.5,0,1
6590,329,3361,1672,0.5,0,1
6591,329,3361,1321,0.5,0,1
6592,329,3361,2729,0.5,0,1
6593,329,3361,2578,0.5,0,1
6594,329,3361,2509,0.5,0,1
6595,329,3361,2093,0.5,0,1
6596,329,3361,3246,0.5,0,1
6597,329,3361,2583,0.5,0,1
6598,329,3361,2232,0.5,0,1
6599,329,3361,3965,0.5,0,1
6600,330,655,655,0.5,1,1
6601,330,655,2325,0.5,0,1
6602,330,655,752,0.5,0,1
6603,330,655,2003,0.5,0,1
6604,330,655,628,0.5,0,1
6605,330,655,1736,0.5,0,1
6606,330,655,3679,0.5,0,1
6607,330,655,1945,0.5,0,1
6608,330,655,1366,0.5,0,1
6609,330,655,437,0.5,0,1
6610,330,655,3783,0.5,0,1
6611,330,655,4160,0.5,0,1
6612,330,655,4124,0.5,0,1
6613,330,655,3248,0.5,0,1
6614,330,655,2772,0.5,0,1
6615,330,655,1268,0.5,0,1
6616,330,655,3458,0.5,0,1
6617,330,655,3722,0.5,0,1
6618,330,655,2104,0.5,0,1
6619,330,655,4153,0.5,0,1
6620,331,2688,2688,0.5,1,1
6621,331,2688,325,0.5,0,1
6622,331,2688,1650,0.5,0,1
6623,331,2688,2890,0.5,0,1
6624,331,2688,2118,0.5,0,1
6625,331,2688,945,0.5,0,1
6626,331,2688,3020,0.5,0,1
6627,331,2688,2331,0.5,0,1
6628,331,2688,2953,0.5,0,1
6629,331,2688,3250,0.5,0,1
6630,331,2688,1381,0.5,0,1
6631,331,2688,2134,0.5,0,1
6632,331,2688,715,0.5,0,1
6633,331,2688,3095,0.5,0,1
6634,331,2688,206,0.5,0,1
6635,331,2688,2389,0.5,0,1
6636,331,2688,1272,0.5,0,1
6637,331,2688,1299,0.5,0,1
6638,331,2688,3231,0.5,0,1
6639,331,2688,1939,0.5,0,1
6640,332,400,400,0.5,1,1
6641,332,400,2632,0.5,0,1
6642,332,400,390,0.5,0,1
6643,332,400,3024,0.5,0,1
6644,332,400,2083,0.5,0,1
6645,332,400,1594,0.5,0,1
6646,332,400,2607,0.5,0,1
6647,332,400,1655,0.5,0,1
6648,332,400,2004,0.5,0,1
6649,332,400,1523,0.5,0,1
6650,332,400,1915,0.5,0,1
6651,332,400,3857,0.5,0,1
6652,332,400,30,0.5,0,1
6653,332,400,2152,0.5,0,1
6654,332,400,503,0.5,0,1
6655,332,400,347,0.5,0,1
6656,332,400,897,0.5,0,1
6657,332,400,2432,0.5,0,1
6658,332,400,3188,0.5,0,1
6659,332,400,1974,0.5,0,1
6660,333,3022,3022,0.5,1,1
6661,333,3022,2064,0.5,0,1
6662,333,3022,1122,0.5,0,1
6663,333,3022,610,0.5,0,1
6664,333,3022,2631,0.5,0,1
6665,333,3022,3132,0.5,0,1
6666,333,3022,2177,0.5,0,1
6667,333,3022,1433,0.5,0,1
6668,333,3022,1751,0.5,0,1
6669,333,3022,26,0.5,0,1
6670,333,3022,1963,0.5,0,1
6671,333,3022,1642,0.5,0,1
6672,333,3022,1819,0.5,0,1
6673,333,3022,1178,0.5,0,1
6674,333,3022,4165,0.5,0,1
6675,333,3022,2572,0.5,0,1
6676,333,3022,3189,0.5,0,1
6677,333,3022,3890,0.5,0,1
6678,333,3022,3163,0.5,0,1
6679,333,3022,2068,0.5,0,1
6680,334,3596,3596,0.5,1,1
6681,334,3596,981,0.5,0,1
6682,334,3596,3356,0.5,0,1
6683,334,3596,4008,0.5,0,1
6684,334,3596,2173,0.5,0,1
6685,334,3596,3119,0.5,0,1
6686,334,3596,2983,0.5,0,1
6687,334,3596,2922,0.5,0,1
6688,334,3596,1954,0.5,0,1
6689,334,3596,1523,0.5,0,1
6690,334,3596,1695,0.5,0,1
6691,334,3596,1770,0.5,0,1
6692,334,3596,2118,0.5,0,1
6693,334,3596,889,0.5,0,1
6694,334,3596,674,0.5,0,1
6695,334,3596,548,0.5,0,1
6696,334,3596,967,0.5,0,1
6697,334,3596,2624,0.5,0,1
6698,334,3596,3086,0.5,0,1
6699,334,3596,1075,0.5,0,1
6700,335,3775,3775,0.5,1,1
6701,335,3775,3498,0.5,0,1
6702,335,3775,1335,0.5,0,1
6703,335,3775,2445,0.5,0,1
6704,335,3775,246,0.5,0,1
6705,335,3775,3449,0.5,0,1
6706,335,3775,30,0.5,0,1
6707,335,3775,2933,0.5,0,1
6708,335,3775,2337,0.5,0,1
6709,335,3775,3714,0.5,0,1
6710,335,3775,3321,0.5,0,1
6711,335,3775,1754,0.5,0,1
6712,335,3775,4109,0.5,0,1
6713,335,3775,3041,0.5,0,1
6714,335,3775,3500,0.5,0,1
6715,335,3775,2721,0.5,0,1
6716,335,3775,1529,0.5,0,1
6717,335,3775,826,0.5,0,1
6718,335,3775,307,0.5,0,1
6719,335,3775,3740,0.5,0,1
6720,336,3510,3510,0.5,1,1
6721,336,3510,2942,0.5,0,1
6722,336,3510,2595,0.5,0,1
6723,336,3510,1160,0.5,0,1
6724,336,3510,31,0.5,0,1
6725,336,3510,2840,0.5,0,1
6726,336,3510,383,0.5,0,1
6727,336,3510,241,0.5,0,1
6728,336,3510,381,0.5,0,1
6729,336,3510,1906,0.5,0,1
6730,336,3510,3443,0.5,0,1
6731,336,3510,1353,0.5,0,1
6732,336,3510,1206,0.5,0,1
6733,336,3510,2393,0.5,0,1
6734,336,3510,623,0.5,0,1
6735,336,3510,1244,0.5,0,1
6736,336,3510,2243,0.5,0,1
6737,336,3510,803,0.5,0,1
6738,336,3510,2688,0.5,0,1
6739,336,3510,122,0.5,0,1
6740,337,1891,1891,0.5,1,1
6741,337,1891,2359,0.5,0,1
6742,337,1891,3995,0.5,0,1
6743,337,1891,3058,0.5,0,1
6744,337,1891,2306,0.5,0,1
6745,337,1891,1675,0.5,0,1
6746,337,1891,1808,0.5,0,1
6747,337,1891,959,0.5,0,1
6748,337,1891,2915,0.5,0,1
6749,337,1891,2156,0.5,0,1
6750,337,1891,3688,0.5,0,1
6751,337,1891,448,0.5,0,1
6752,337,1891,4028,0.5,0,1
6753,337,1891,3462,0.5,0,1
6754,337,1891,960,0.5,0,1
6755,337,1891,2806,0.5,0,1
6756,337,1891,2838,0.5,0,1
6757,337,1891,3034,0.5,0,1
6758,337,1891,3396,0.5,0,1
6759,337,1891,4150,0.5,0,1
6760,338,2336,2336,0.5,1,1
6761,338,2336,579,0.5,0,1
6762,338,2336,3828,0.5,0,1
6763,338,2336,1566,0.5,0,1
6764,338,2336,2880,0.5,0,1
6765,338,2336,2417,0.5,0,1
6766,338,2336,1020,0.5,0,1
6767,338,2336,2,0.5,0,1
6768,338,2336,85,0.5,0,1
6769,338,2336,655,0.5,0,1
6770,338,2336,3258,0.5,0,1
6771,338,2336,3927,0.5,0,1
6772,338,2336,3851,0.5,0,1
6773,338,2336,2328,0.5,0,1
6774,338,2336,467,0.5,0,1
6775,338,2336,1582,0.5,0,1
6776,338,2336,3437,0.5,0,1
6777,338,2336,2979,0.5,0,1
6778,338,2336,3195,0.5,0,1
6779,338,2336,2860,0.5,0,1
6780,339,2674,2674,0.5,1,1
6781,339,2674,3001,0.5,0,1
6782,339,2674,3698,0.5,0,1
6783,339,2674,793,0.5,0,1
6784,339,2674,840,0.5,0,1
6785,339,2674,3867,0.5,0,1
6786,339,2674,775,0.5,0,1
6787,339,2674,2416,0.5,0,1
6788,339,2674,2934,0.5,0,1
6789,339,2674,2984,0.5,0,1
6790,339,2674,3333,0.5,0,1
6791,339,2674,3717,0.5,0,1
6792,339,2674,3624,0.5,0,1
6793,339,2674,3958,0.5,0,1
6794,339,2674,95,0.5,0,1
6795,339,2674,790,0.5,0,1
6796,339,2674,1919,0.5,0,1
6797,339,2674,177,0.5,0,1
6798,339,2674,1920,0.5,0,1
6799,339,2674,243,0.5,0,1
6800,340,307,307,0.5,1,1
6801,340,307,447,0.5,0,1
6802,340,307,3742,0.5,0,1
6803,340,307,1628,0.5,0,1
6804,340,307,1886,0.5,0,1
6805,340,307,1545,0.5,0,1
6806,340,307,420,0.5,0,1
6807,340,307,2676,0.5,0,1
6808,340,307,2467,0.5,0,1
6809,340,307,1995,0.5,0,1
6810,340,307,896,0.5,0,1
6811,340,307,3408,0.5,0,1
6812,340,307,3395,0.5,0,1
6813,340,307,4017,0.5,0,1
6814,340,307,3374,0.5,0,1
6815,340,307,2304,0.5,0,1
6816,340,307,3114,0.5,0,1
6817,340,307,2715,0.5,0,1
6818,340,307,1814,0.5,0,1
6819,340,307,1625,0.5,0,1
6820,341,1172,1172,0.5,1,1
6821,341,1172,3313,0.5,0,1
6822,341,1172,2829,0.5,0,1
6823,341,1172,1794,0.5,0,1
6824,341,1172,2874,0.5,0,1
6825,341,1172,982,0.5,0,1
6826,341,1172,597,0.5,0,1
6827,341,1172,3343,0.5,0,1
6828,341,1172,283,0.5,0,1
6829,341,1172,1282,0.5,0,1
6830,341,1172,111,0.5,0,1
6831,341,1172,4026,0.5,0,1
6832,341,1172,2945,0.5,0,1
6833,341,1172,2349,0.5,0,1
6834,341,1172,835,0.5,0,1
6835,341,1172,2353,0.5,0,1
6836,341,1172,1711,0.5,0,1
6837,341,1172,1819,0.5,0,1
6838,341,1172,388,0.5,0,1
6839,341,1172,1008,0.5,0,1
6840,342,408,408,0.5,1,1
6841,342,408,945,0.5,0,1
6842,342,408,486,0.5,0,1
6843,342,408,2533,0.5,0,1
6844,342,408,737,0.5,0,1
6845,342,408,3823,0.5,0,1
6846,342,408,3312,0.5,0,1
6847,342,408,3241,0.5,0,1
6848,342,408,2779,0.5,0,1
6849,342,408,3152,0.5,0,1
6850,342,408,3149,0.5,0,1
6851,342,408,3751,0.5,0,1
6852,342,408,2883,0.5,0,1
6853,342,408,872,0.5,0,1
6854,342,408,4177,0.5,0,1
6855,342,408,550,0.5,0,1
6856,342,408,493,0.5,0,1
6857,342,408,3053,0.5,0,1
6858,342,408,1932,0.5,0,1
6859,342,408,2021,0.5,0,1
6860,343,1947,1947,0.5,1,1
6861,343,1947,1655,0.5,0,1
6862,343,1947,706,0.5,0,1
6863,343,1947,3347,0.5,0,1
6864,343,1947,1950,0.5,0,1
6865,343,1947,2552,0.5,0,1
6866,343,1947,2629,0.5,0,1
6867,343,1947,132,0.5,0,1
6868,343,1947,176,0.5,0,1
6869,343,1947,2363,0.5,0,1
6870,343,1947,3679,0.5,0,1
6871,343,1947,69,0.5,0,1
6872,343,1947,4006,0.5,0,1
6873,343,1947,2833,0.5,0,1
6874,343,1947,3390,0.5,0,1
6875,343,1947,2377,0.5,0,1
6876,343,1947,9,0.5,0,1
6877,343,1947,239,0.5,0,1
6878,343,1947,3107,0.5,0,1
6879,343,1947,2901,0.5,0,1
6880,344,842,842,0.5,1,1
6881,344,842,3505,0.5,0,1
6882,344,842,1229,0.5,0,1
6883,344,842,1429,0.5,0,1
6884,344,842,2790,0.5,0,1
6885,344,842,3285,0.5,0,1
6886,344,842,2264,0.5,0,1
6887,344,842,2506,0.5,0,1
6888,344,842,3003,0.5,0,1
6889,344,842,3926,0.5,0,1
6890,344,842,2847,0.5,0,1
6891,344,842,1266,0.5,0,1
6892,344,842,1067,0.5,0,1
6893,344,842,588,0.5,0,1
6894,344,842,3506,0.5,0,1
6895,344,842,1107,0.5,0,1
6896,344,842,963,0.5,0,1
6897,344,842,619,0.5,0,1
6898,344,842,2102,0.5,0,1
6899,344,842,3861,0.5,0,1
6900,345,216,216,0.5,1,1
6901,345,216,2812,0.5,0,1
6902,345,216,1686,0.5,0,1
6903,345,216,1901,0.5,0,1
6904,345,216,3925,0.5,0,1
6905,345,216,3911,0.5,0,1
6906,345,216,2790,0.5,0,1
6907,345,216,2645,0.5,0,1
6908,345,216,674,0.5,0,1
6909,345,216,2680,0.5,0,1
6910,345,216,2909,0.5,0,1
6911,345,216,1074,0.5,0,1
6912,345,216,700,0.5,0,1
6913,345,216,3672,0.5,0,1
6914,345,216,86,0.5,0,1
6915,345,216,141,0.5,0,1
6916,345,216,1073,0.5,0,1
6917,345,216,804,0.5,0,1
6918,345,216,2614,0.5,0,1
6919,345,216,2007,0.5,0,1
6920,346,3071,3071,0.5,1,1
6921,346,3071,2310,0.5,0,1
6922,346,3071,2596,0.5,0,1
6923,346,3071,3323,0.5,0,1
6924,346,3071,980,0.5,0,1
6925,346,3071,4049,0.5,0,1
6926,346,3071,3365,0.5,0,1
6927,346,3071,3042,0.5,0,1
6928,346,3071,3282,0.5,0,1
6929,346,3071,885,0.5,0,1
6930,346,3071,1210,0.5,0,1
6931,346,3071,2196,0.5,0,1
6932,346,3071,1960,0.5,0,1
6933,346,3071,638,0.5,0,1
6934,346,3071,2317,0.5,0,1
6935,346,3071,225,0.5,0,1
6936,346,3071,656,0.5,0,1
6937,346,3071,1905,0.5,0,1
6938,346,3071,84,0.5,0,1
6939,346,3071,1810,0.5,0,1
6940,347,3014,3014,0.5,1,1
6941,347,3014,715,0.5,0,1
6942,347,3014,3529,0.5,0,1
6943,347,3014,2167,0.5,0,1
6944,347,3014,1635,0.5,0,1
6945,347,3014,3913,0.5,0,1
6946,347,3014,599,0.5,0,1
6947,347,3014,38,0.5,0,1
6948,347,3014,1666,0.5,0,1
6949,347,3014,3140,0.5,0,1
6950,347,3014,2240,0.5,0,1
6951,347,3014,787,0.5,0,1
6952,347,3014,3810,0.5,0,1
6953,347,3014,3132,0.5,0,1
6954,347,3014,772,0.5,0,1
6955,347,3014,159,0.5,0,1
6956,347,3014,2928,0.5,0,1
6957,347,3014,638,0.5,0,1
6958,347,3014,2864,0.5,0,1
6959,347,3014,4085,0.5,0,1
6960,348,2692,2692,0.5,1,1
6961,348,2692,612,0.5,0,1
6962,348,2692,904,0.5,0,1
6963,348,2692,1091,0.5,0,1
6964,348,2692,554,0.5,0,1
6965,348,2692,726,0.5,0,1
6966,348,2692,1494,0.5,0,1
6967,348,2692,2581,0.5,0,1
6968,348,2692,4006,0.5,0,1
6969,348,2692,1663,0.5,0,1
6970,348,2692,120,0.5,0,1
6971,348,2692,392,0.5,0,1
6972,348,2692,3187,0.5,0,1
6973,348,2692,2476,0.5,0,1
6974,348,2692,1047,0.5,0,1
6975,348,2692,1011,0.5,0,1
6976,348,2692,3606,0.5,0,1
6977,348,2692,983,0.5,0,1
6978,348,2692,2853,0.5,0,1
6979,348,2692,3803,0.5,0,1
6980,349,321,321,0.5,1,1
6981,349,321,4079,0.5,0,1
6982,349,321,140,0.5,0,1
6983,349,321,601,0.5,0,1
6984,349,321,1161,0.5,0,1
6985,349,321,482,0.5,0,1
6986,349,321,3968,0.5,0,1
6987,349,321,2511,0.5,0,1
6988,349,321,3844,0.5,0,1
6989,349,321,3218,0.5,0,1
6990,349,321,4117,0.5,0,1
6991,349,321,2353,0.5,0,1
6992,349,321,3344,0.5,0,1
6993,349,321,3197,0.5,0,1
6994,349,321,2301,0.5,0,1
6995,349,321,383,0.5,0,1
6996,349,321,764,0.5,0,1
6997,349,321,3576,0.5,0,1
6998,349,321,2947,0.5,0,1
6999,349,321,2797,0.5,0,1
7000,350,3242,3242,0.5,1,1
7001,350,3242,118,0.5,0,1
7002,350,3242,4125,0.5,0,1
7003,350,3242,3968,0.5,0,1
7004,350,3242,3774,0.5,0,1
7005,350,3242,2874,0.5,0,1
7006,350,3242,352,0.5,0,1
7007,350,3242,2957,0.5,0,1
7008,350,3242,3928,0.5,0,1
7009,350,3242,1190,0.5,0,1
7010,350,3242,1184,0.5,0,1
7011,350,3242,2349,0.5,0,1
7012,350,3242,1399,0.5,0,1
7013,350,3242,3347,0.5,0,1
7014,350,3242,2157,0.5,0,1
7015,350,3242,1231,0.5,0,1
7016,350,3242,4077,0.5,0,1
7017,350,3242,930,0.5,0,1
7018,350,3242,878,0.5,0,1
7019,350,3242,3260,0.5,0,1
7020,351,2212,2212,0.5,1,1
7021,351,2212,3591,0.5,0,1
7022,351,2212,737,0.5,0,1
7023,351,2212,2203,0.5,0,1
7024,351,2212,285,0.5,0,1
7025,351,2212,1787,0.5,0,1
7026,351,2212,3886,0.5,0,1
7027,351,2212,820,0.5,0,1
7028,351,2212,3462,0.5,0,1
7029,351,2212,3592,0.5,0,1
7030,351,2212,417,0.5,0,1
7031,351,2212,1130,0.5,0,1
7032,351,2212,2088,0.5,0,1
7033,351,2212,805,0.5,0,1
7034,351,2212,8,0.5,0,1
7035,351,2212,455,0.5,0,1
7036,351,2212,682,0.5,0,1
7037,351,2212,4020,0.5,0,1
7038,351,2212,1386,0.5,0,1
7039,351,2212,940,0.5,0,1
7040,352,3879,3879,0.5,1,1
7041,352,3879,2936,0.5,0,1
7042,352,3879,4074,0.5,0,1
7043,352,3879,478,0.5,0,1
7044,352,3879,4057,0.5,0,1
7045,352,3879,4165,0.5,0,1
7046,352,3879,4048,0.5,0,1
7047,352,3879,4173,0.5,0,1
7048,352,3879,1051,0.5,0,1
7049,352,3879,105,0.5,0,1
7050,352,3879,2423,0.5,0,1
7051,352,3879,1637,0.5,0,1
7052,352,3879,1951,0.5,0,1
7053,352,3879,861,0.5,0,1
7054,352,3879,3193,0.5,0,1
7055,352,3879,1283,0.5,0,1
7056,352,3879,1751,0.5,0,1
7057,352,3879,508,0.5,0,1
7058,352,3879,2033,0.5,0,1
7059,352,3879,692,0.5,0,1
7060,353,1527,1527,0.5,1,1
7061,353,1527,3207,0.5,0,1
7062,353,1527,351,0.5,0,1
7063,353,1527,3342,0.5,0,1
7064,353,1527,1584,0.5,0,1
7065,353,1527,386,0.5,0,1
7066,353,1527,2026,0.5,0,1
7067,353,1527,3704,0.5,0,1
7068,353,1527,1641,0.5,0,1
7069,353,1527,3601,0.5,0,1
7070,353,1527,1665,0.5,0,1
7071,353,1527,3593,0.5,0,1
7072,353,1527,3056,0.5,0,1
7073,353,1527,3855,0.5,0,1
7074,353,1527,2122,0.5,0,1
7075,353,1527,1050,0.5,0,1
7076,353,1527,4095,0.5,0,1
7077,353,1527,4091,0.5,0,1
7078,353,1527,3084,0.5,0,1
7079,353,1527,1052,0.5,0,1
7080,354,841,841,0.5,1,1
7081,354,841,475,0.5,0,1
7082,354,841,1254,0.5,0,1
7083,354,841,3784,0.5,0,1
7084,354,841,3058,0.5,0,1
7085,354,841,1579,0.5,0,1
7086,354,841,2738,0.5,0,1
7087,354,841,2499,0.5,0,1
7088,354,841,554,0.5,0,1
7089,354,841,2529,0.5,0,1
7090,354,841,1033,0.5,0,1
7091,354,841,2220,0.5,0,1
7092,354,841,2060,0.5,0,1
7093,354,841,1266,0.5,0,1
7094,354,841,1405,0.5,0,1
7095,354,841,4064,0.5,0,1
7096,354,841,1863,0.5,0,1
7097,354,841,3326,0.5,0,1
7098,354,841,1871,0.5,0,1
7099,354,841,1366,0.5,0,1
7100,355,3642,3642,0.5,1,1
7101,355,3642,3828,0.5,0,1
7102,355,3642,1747,0.5,0,1
7103,355,3642,3514,0.5,0,1
7104,355,3642,1006,0.5,0,1
7105,355,3642,826,0.5,0,1
7106,355,3642,1975,0.5,0,1
7107,355,3642,1750,0.5,0,1
7108,355,3642,686,0.5,0,1
7109,355,3642,4060,0.5,0,1
7110,355,3642,1821,0.5,0,1
7111,355,3642,447,0.5,0,1
7112,355,3642,3862,0.5,0,1
7113,355,3642,2679,0.5,0,1
7114,355,3642,3838,0.5,0,1
7115,355,3642,2892,0.5,0,1
7116,355,3642,2386,0.5,0,1
7117,355,3642,146,0.5,0,1
7118,355,3642,340,0.5,0,1
7119,355,3642,3070,0.5,0,1
7120,356,469,469,0.5,1,1
7121,356,469,1544,0.5,0,1
7122,356,469,4175,0.5,0,1
7123,356,469,3972,0.5,0,1
7124,356,469,2125,0.5,0,1
7125,356,469,537,0.5,0,1
7126,356,469,3244,0.5,0,1
7127,356,469,464,0.5,0,1
7128,356,469,2096,0.5,0,1
7129,356,469,880,0.5,0,1
7130,356,469,1048,0.5,0,1
7131,356,469,1169,0.5,0,1
7132,356,469,1533,0.5,0,1
7133,356,469,1615,0.5,0,1
7134,356,469,815,0.5,0,1
7135,356,469,2467,0.5,0,1
7136,356,469,3887,0.5,0,1
7137,356,469,2958,0.5,0,1
7138,356,469,97,0.5,0,1
7139,356,469,139,0.5,0,1
7140,357,752,752,0.5,1,1
7141,357,752,3826,0.5,0,1
7142,357,752,274,0.5,0,1
7143,357,752,2396,0.5,0,1
7144,357,752,4127,0.5,0,1
7145,357,752,2525,0.5,0,1
7146,357,752,3960,0.5,0,1
7147,357,752,2050,0.5,0,1
7148,357,752,2730,0.5,0,1
7149,357,752,2916,0.5,0,1
7150,357,752,2132,0.5,0,1
7151,357,752,1935,0.5,0,1
7152,357,752,3578,0.5,0,1
7153,357,752,295,0.5,0,1
7154,357,752,2133,0.5,0,1
7155,357,752,1850,0.5,0,1
7156,357,752,2734,0.5,0,1
7157,357,752,2231,0.5,0,1
7158,357,752,1979,0.5,0,1
7159,357,752,4034,0.5,0,1
7160,358,2159,2159,0.5,1,1
7161,358,2159,836,0.5,0,1
7162,358,2159,2317,0.5,0,1
7163,358,2159,3120,0.5,0,1
7164,358,2159,2172,0.5,0,1
7165,358,2159,3912,0.5,0,1
7166,358,2159,2071,0.5,0,1
7167,358,2159,1209,0.5,0,1
7168,358,2159,2676,0.5,0,1
7169,358,2159,370,0.5,0,1
7170,358,2159,1837,0.5,0,1
7171,358,2159,3763,0.5,0,1
7172,358,2159,89,0.5,0,1
7173,358,2159,3707,0.5,0,1
7174,358,2159,2646,0.5,0,1
7175,358,2159,862,0.5,0,1
7176,358,2159,1489,0.5,0,1
7177,358,2159,2938,0.5,0,1
7178,358,2159,1487,0.5,0,1
7179,358,2159,2566,0.5,0,1
7180,359,653,653,0.5,1,1
7181,359,653,1066,0.5,0,1
7182,359,653,2274,0.5,0,1
7183,359,653,3053,0.5,0,1
7184,359,653,3240,0.5,0,1
7185,359,653,1748,0.5,0,1
7186,359,653,3724,0.5,0,1
7187,359,653,3252,0.5,0,1
7188,359,653,2104,0.5,0,1
7189,359,653,2815,0.5,0,1
7190,359,653,3990,0.5,0,1
7191,359,653,4026,0.5,0,1
7192,359,653,968,0.5,0,1
7193,359,653,1221,0.5,0,1
7194,359,653,3958,0.5,0,1
7195,359,653,3582,0.5,0,1
7196,359,653,3186,0.5,0,1
7197,359,653,2496,0.5,0,1
7198,359,653,518,0.5,0,1
7199,359,653,802,0.5,0,1
7200,360,3497,3497,0.5,1,1
7201,360,3497,862,0.5,0,1
7202,360,3497,1452,0.5,0,1
7203,360,3497,1415,0.5,0,1
7204,360,3497,2995,0.5,0,1
7205,360,3497,2796,0.5,0,1
7206,360,3497,2110,0.5,0,1
7207,360,3497,1626,0.5,0,1
7208,360,3497,1294,0.5,0,1
7209,360,3497,2099,0.5,0,1
7210,360,3497,956,0.5,0,1
7211,360,3497,2643,0.5,0,1
7212,360,3497,2846,0.5,0,1
7213,360,3497,2053,0.5,0,1
7214,360,3497,3097,0.5,0,1
7215,360,3497,377,0.5,0,1
7216,360,3497,765,0.5,0,1
7217,360,3497,2754,0.5,0,1
7218,360,3497,2840,0.5,0,1
7219,360,3497,3323,0.5,0,1
7220,361,1573,1573,0.5,1,1
7221,361,1573,2976,0.5,0,1
7222,361,1573,1028,0.5,0,1
7223,361,1573,1854,0.5,0,1
7224,361,1573,2251,0.5,0,1
7225,361,1573,2238,0.5,0,1
7226,361,1573,2892,0.5,0,1
7227,361,1573,3916,0.5,0,1
7228,361,1573,2348,0.5,0,1
7229,361,1573,274,0.5,0,1
7230,361,1573,218,0.5,0,1
7231,361,1573,63,0.5,0,1
7232,361,1573,1708,0.5,0,1
7233,361,1573,818,0.5,0,1
7234,361,1573,766,0.5,0,1
7235,361,1573,1974,0.5,0,1
7236,361,1573,726,0.5,0,1
7237,361,1573,1528,0.5,0,1
7238,361,1573,2146,0.5,0,1
7239,361,1573,1880,0.5,0,1
7240,362,995,995,0.5,1,1
7241,362,995,3651,0.5,0,1
7242,362,995,1433,0.5,0,1
7243,362,995,1341,0.5,0,1
7244,362,995,1974,0.5,0,1
7245,362,995,1754,0.5,0,1
7246,362,995,2315,0.5,0,1
7247,362,995,1237,0.5,0,1
7248,362,995,824,0.5,0,1
7249,362,995,3483,0.5,0,1
7250,362,995,3157,0.5,0,1
7251,362,995,721,0.5,0,1
7252,362,995,1903,0.5,0,1
7253,362,995,2392,0.5,0,1
7254,362,995,1673,0.5,0,1
7255,362,995,2091,0.5,0,1
7256,362,995,1786,0.5,0,1
7257,362,995,3943,0.5,0,1
7258,362,995,1294,0.5,0,1
7259,362,995,897,0.5,0,1
7260,363,1465,1465,0.5,1,1
7261,363,1465,2868,0.5,0,1
7262,363,1465,3434,0.5,0,1
7263,363,1465,52,0.5,0,1
7264,363,1465,1773,0.5,0,1
7265,363,1465,1714,0.5,0,1
7266,363,1465,3647,0.5,0,1
7267,363,1465,4100,0.5,0,1
7268,363,1465,889,0.5,0,1
7269,363,1465,2469,0.5,0,1
7270,363,1465,2693,0.5,0,1
7271,363,1465,760,0.5,0,1
7272,363,1465,2960,0.5,0,1
7273,363,1465,712,0.5,0,1
7274,363,1465,1176,0.5,0,1
7275,363,1465,3564,0.5,0,1
7276,363,1465,1314,0.5,0,1
7277,363,1465,3865,0.5,0,1
7278,363,1465,1526,0.5,0,1
7279,363,1465,394,0.5,0,1
7280,364,2933,2933,0.5,1,1
7281,364,2933,3972,0.5,0,1
7282,364,2933,222,0.5,0,1
7283,364,2933,2451,0.5,0,1
7284,364,2933,3993,0.5,0,1
7285,364,2933,1409,0.5,0,1
7286,364,2933,1032,0.5,0,1
7287,364,2933,4140,0.5,0,1
7288,364,2933,605,0.5,0,1
7289,364,2933,478,0.5,0,1
7290,364,2933,864,0.5,0,1
7291,364,2933,2401,0.5,0,1
7292,364,2933,2036,0.5,0,1
7293,364,2933,1808,0.5,0,1
7294,364,2933,2615,0.5,0,1
7295,364,2933,3870,0.5,0,1
7296,364,2933,803,0.5,0,1
7297,364,2933,1586,0.5,0,1
7298,364,2933,714,0.5,0,1
7299,364,2933,3314,0.5,0,1
7300,365,1931,1931,0.5,1,1
7301,365,1931,4071,0.5,0,1
7302,365,1931,295,0.5,0,1
7303,365,1931,2805,0.5,0,1
7304,365,1931,928,0.5,0,1
7305,365,1931,1465,0.5,0,1
7306,365,1931,3979,0.5,0,1
7307,365,1931,1677,0.5,0,1
7308,365,1931,515,0.5,0,1
7309,365,1931,92,0.5,0,1
7310,365,1931,3635,0.5,0,1
7311,365,1931,3602,0.5,0,1
7312,365,1931,2154,0.5,0,1
7313,365,1931,692,0.5,0,1
7314,365,1931,1599,0.5,0,1
7315,365,1931,789,0.5,0,1
7316,365,1931,1006,0.5,0,1
7317,365,1931,3705,0.5,0,1
7318,365,1931,2338,0.5,0,1
7319,365,1931,281,0.5,0,1
7320,366,1399,1399,0.5,1,1
7321,366,1399,991,0.5,0,1
7322,366,1399,725,0.5,0,1
7323,366,1399,1239,0.5,0,1
7324,366,1399,807,0.5,0,1
7325,366,1399,1004,0.5,0,1
7326,366,1399,2171,0.5,0,1
7327,366,1399,1335,0.5,0,1
7328,366,1399,1513,0.5,0,1
7329,366,1399,130,0.5,0,1
7330,366,1399,2540,0.5,0,1
7331,366,1399,3218,0.5,0,1
7332,366,1399,3614,0.5,0,1
7333,366,1399,1609,0.5,0,1
7334,366,1399,2984,0.5,0,1
7335,366,1399,696,0.5,0,1
7336,366,1399,376,0.5,0,1
7337,366,1399,3451,0.5,0,1
7338,366,1399,2068,0.5,0,1
7339,366,1399,953,0.5,0,1
7340,367,3989,3989,0.5,1,1
7341,367,3989,827,0.5,0,1
7342,367,3989,3393,0.5,0,1
7343,367,3989,112,0.5,0,1
7344,367,3989,2979,0.5,0,1
7345,367,3989,2698,0.5,0,1
7346,367,3989,154,0.5,0,1
7347,367,3989,3917,0.5,0,1
7348,367,3989,1168,0.5,0,1
7349,367,3989,1335,0.5,0,1
7350,367,3989,2126,0.5,0,1
7351,367,3989,2420,0.5,0,1
7352,367,3989,3912,0.5,0,1
7353,367,3989,3268,0.5,0,1
7354,367,3989,3820,0.5,0,1
7355,367,3989,1711,0.5,0,1
7356,367,3989,633,0.5,0,1
7357,367,3989,793,0.5,0,1
7358,367,3989,1944,0.5,0,1
7359,367,3989,1328,0.5,0,1
7360,368,593,593,0.5,1,1
7361,368,593,2693,0.5,0,1
7362,368,593,2211,0.5,0,1
7363,368,593,1705,0.5,0,1
7364,368,593,1274,0.5,0,1
7365,368,593,347,0.5,0,1
7366,368,593,1081,0.5,0,1
7367,368,593,2671,0.5,0,1
7368,368,593,2449,0.5,0,1
7369,368,593,3649,0.5,0,1
7370,368,593,3725,0.5,0,1
7371,368,593,2302,0.5,0,1
7372,368,593,99,0.5,0,1
7373,368,593,1575,0.5,0,1
7374,368,593,1372,0.5,0,1
7375,368,593,1701,0.5,0,1
7376,368,593,3904,0.5,0,1
7377,368,593,1856,0.5,0,1
7378,368,593,1621,0.5,0,1
7379,368,593,1252,0.5,0,1
7380,369,91,91,0.5,1,1
7381,369,91,1227,0.5,0,1
7382,369,91,845,0.5,0,1
7383,369,91,3120,0.5,0,1
7384,369,91,1213,0.5,0,1
7385,369,91,1955,0.5,0,1
7386,369,91,1533,0.5,0,1
7387,369,91,1780,0.5,0,1
7388,369,91,530,0.5,0,1
7389,369,91,1065,0.5,0,1
7390,369,91,3021,0.5,0,1
7391,369,91,3823,0.5,0,1
7392,369,91,4107,0.5,0,1
7393,369,91,1866,0.5,0,1
7394,369,91,431,0.5,0,1
7395,369,91,2658,0.5,0,1
7396,369,91,2081,0.5,0,1
7397,369,91,1195,0.5,0,1
7398,369,91,1412,0.5,0,1
7399,369,91,2203,0.5,0,1
7400,370,1987,1987,0.5,1,1
7401,370,1987,267,0.5,0,1
7402,370,1987,2963,0.5,0,1
7403,370,1987,2512,0.5,0,1
7404,370,1987,2235,0.5,0,1
7405,370,1987,1976,0.5,0,1
7406,370,1987,2868,0.5,0,1
7407,370,1987,1925,0.5,0,1
7408,370,1987,1708,0.5,0,1
7409,370,1987,3312,0.5,0,1
7410,370,1987,943,0.5,0,1
7411,370,1987,189,0.5,0,1
7412,370,1987,3925,0.5,0,1
7413,370,1987,382,0.5,0,1
7414,370,1987,2892,0.5,0,1
7415,370,1987,3361,0.5,0,1
7416,370,1987,3855,0.5,0,1
7417,370,1987,2906,0.5,0,1
7418,370,1987,2989,0.5,0,1
7419,370,1987,1307,0.5,0,1
7420,371,1216,1216,0.5,1,1
7421,371,1216,649,0.5,0,1
7422,371,1216,2573,0.5,0,1
7423,371,1216,10,0.5,0,1
7424,371,1216,3886,0.5,0,1
7425,371,1216,1301,0.5,0,1
7426,371,1216,1314,0.5,0,1
7427,371,1216,4047,0.5,0,1
7428,371,1216,2230,0.5,0,1
7429,371,1216,3121,0.5,0,1
7430,371,1216,1873,0.5,0,1
7431,371,1216,4114,0.5,0,1
7432,371,1216,2918,0.5,0,1
7433,371,1216,3324,0.5,0,1
7434,371,1216,273,0.5,0,1
7435,371,1216,184,0.5,0,1
7436,371,1216,1241,0.5,0,1
7437,371,1216,54,0.5,0,1
7438,371,1216,1436,0.5,0,1
7439,371,1216,588,0.5,0,1
7440,372,2562,2562,0.5,1,1
7441,372,2562,2952,0.5,0,1
7442,372,2562,1422,0.5,0,1
7443,372,2562,913,0.5,0,1
7444,372,2562,2763,0.5,0,1
7445,372,2562,684,0.5,0,1
7446,372,2562,1587,0.5,0,1
7447,372,2562,1617,0.5,0,1
7448,372,2562,1110,0.5,0,1
7449,372,2562,2909,0.5,0,1
7450,372,2562,867,0.5,0,1
7451,372,2562,1741,0.5,0,1
7452,372,2562,3093,0.5,0,1
7453,372,2562,568,0.5,0,1
7454,372,2562,2413,0.5,0,1
7455,372,2562,3546,0.5,0,1
7456,372,2562,225,0.5,0,1
7457,372,2562,2452,0.5,0,1
7458,372,2562,2057,0.5,0,1
7459,372,2562,1089,0.5,0,1
7460,373,2861,2861,0.5,1,1
7461,373,2861,612,0.5,0,1
7462,373,2861,2046,0.5,0,1
7463,373,2861,2210,0.5,0,1
7464,373,2861,1843,0.5,0,1
7465,373,2861,3865,0.5,0,1
7466,373,2861,963,0.5,0,1
7467,373,2861,2829,0.5,0,1
7468,373,2861,2509,0.5,0,1
7469,373,2861,3174,0.5,0,1
7470,373,2861,1625,0.5,0,1
7471,373,2861,2364,0.5,0,1
7472,373,2861,980,0.5,0,1
7473,373,2861,3722,0.5,0,1
7474,373,2861,1034,0.5,0,1
7475,373,2861,3650,0.5,0,1
7476,373,2861,3832,0.5,0,1
7477,373,2861,3859,0.5,0,1
7478,373,2861,2185,0.5,0,1
7479,373,2861,2068,0.5,0,1
7480,374,3209,3209,0.5,1,1
7481,374,3209,1431,0.5,0,1
7482,374,3209,1099,0.5,0,1
7483,374,3209,876,0.5,0,1
7484,374,3209,1870,0.5,0,1
7485,374,3209,2024,0.5,0,1
7486,374,3209,929,0.5,0,1
7487,374,3209,2790,0.5,0,1
7488,374,3209,1297,0.5,0,1
7489,374,3209,4061,0.5,0,1
7490,374,3209,1258,0.5,0,1
7491,374,3209,1444,0.5,0,1
7492,374,3209,438,0.5,0,1
7493,374,3209,2953,0.5,0,1
7494,374,3209,1310,0.5,0,1
7495,374,3209,783,0.5,0,1
7496,374,3209,4023,0.5,0,1
7497,374,3209,2637,0.5,0,1
7498,374,3209,468,0.5,0,1
7499,374,3209,760,0.5,0,1
7500,375,1936,1936,0.5,1,1
7501,375,1936,1941,0.5,0,1
7502,375,1936,593,0.5,0,1
7503,375,1936,2051,0.5,0,1
7504,375,1936,2865,0.5,0,1
7505,375,1936,3279,0.5,0,1
7506,375,1936,1872,0.5,0,1
7507,375,1936,1642,0.5,0,1
7508,375,1936,1001,0.5,0,1
7509,375,1936,3935,0.5,0,1
7510,375,1936,1796,0.5,0,1
7511,375,1936,405,0.5,0,1
7512,375,1936,3042,0.5,0,1
7513,375,1936,2943,0.5,0,1
7514,375,1936,3586,0.5,0,1
7515,375,1936,1722,0.5,0,1
7516,375,1936,4141,0.5,0,1
7517,375,1936,3750,0.5,0,1
7518,375,1936,74,0.5,0,1
7519,375,1936,629,0.5,0,1
7520,376,3977,3977,0.5,1,1
7521,376,3977,3875,0.5,0,1
7522,376,3977,195,0.5,0,1
7523,376,3977,2658,0.5,0,1
7524,376,3977,3269,0.5,0,1
7525,376,3977,3258,0.5,0,1
7526,376,3977,813,0.5,0,1
7527,376,3977,1547,0.5,0,1
7528,376,3977,2853,0.5,0,1
7529,376,3977,1092,0.5,0,1
7530,376,3977,1860,0.5,0,1
7531,376,3977,3343,0.5,0,1
7532,376,3977,3747,0.5,0,1
7533,376,3977,2324,0.5,0,1
7534,376,3977,3930,0.5,0,1
7535,376,3977,4116,0.5,0,1
7536,376,3977,932,0.5,0,1
7537,376,3977,2615,0.5,0,1
7538,376,3977,751,0.5,0,1
7539,376,3977,3795,0.5,0,1
7540,377,3709,3709,0.5,1,1
7541,377,3709,2107,0.5,0,1
7542,377,3709,1071,0.5,0,1
7543,377,3709,1299,0.5,0,1
7544,377,3709,3691,0.5,0,1
7545,377,3709,1671,0.5,0,1
7546,377,3709,3472,0.5,0,1
7547,377,3709,3783,0.5,0,1
7548,377,3709,3333,0.5,0,1
7549,377,3709,3848,0.5,0,1
7550,377,3709,2432,0.5,0,1
7551,377,3709,308,0.5,0,1
7552,377,3709,228,0.5,0,1
7553,377,3709,2106,0.5,0,1
7554,377,3709,2992,0.5,0,1
7555,377,3709,1645,0.5,0,1
7556,377,3709,1382,0.5,0,1
7557,377,3709,3169,0.5,0,1
7558,377,3709,3757,0.5,0,1
7559,377,3709,1799,0.5,0,1
7560,378,3488,3488,0.5,1,1
7561,378,3488,399,0.5,0,1
7562,378,3488,1896,0.5,0,1
7563,378,3488,3747,0.5,0,1
7564,378,3488,3063,0.5,0,1
7565,378,3488,3338,0.5,0,1
7566,378,3488,3346,0.5,0,1
7567,378,3488,3497,0.5,0,1
7568,378,3488,2183,0.5,0,1
7569,378,3488,3264,0.5,0,1
7570,378,3488,489,0.5,0,1
7571,378,3488,1752,0.5,0,1
7572,378,3488,1694,0.5,0,1
7573,378,3488,3017,0.5,0,1
7574,378,3488,3432,0.5,0,1
7575,378,3488,1476,0.5,0,1
7576,378,3488,1029,0.5,0,1
7577,378,3488,5,0.5,0,1
7578,378,3488,1921,0.5,0,1
7579,378,3488,3565,0.5,0,1
7580,379,1776,1776,0.5,1,1
7581,379,1776,629,0.5,0,1
7582,379,1776,2560,0.5,0,1
7583,379,1776,3036,0.5,0,1
7584,379,1776,3032,0.5,0,1
7585,379,1776,1564,0.5,0,1
7586,379,1776,853,0.5,0,1
7587,379,1776,707,0.5,0,1
7588,379,1776,2653,0.5,0,1
7589,379,1776,2528,0.5,0,1
7590,379,1776,3460,0.5,0,1
7591,379,1776,445,0.5,0,1
7592,379,1776,3214,0.5,0,1
7593,379,1776,1047,0.5,0,1
7594,379,1776,863,0.5,0,1
7595,379,1776,2418,0.5,0,1
7596,379,1776,153,0.5,0,1
7597,379,1776,1968,0.5,0,1
7598,379,1776,2619,0.5,0,1
7599,379,1776,1212,0.5,0,1
7600,380,535,535,0.5,1,1
7601,380,535,763,0.5,0,1
7602,380,535,3897,0.5,0,1
7603,380,535,2011,0.5,0,1
7604,380,535,4080,0.5,0,1
7605,380,535,959,0.5,0,1
7606,380,535,1676,0.5,0,1
7607,380,535,2519,0.5,0,1
7608,380,535,1314,0.5,0,1
7609,380,535,1067,0.5,0,1
7610,380,535,2148,0.5,0,1
7611,380,535,2862,0.5,0,1
7612,380,535,2353,0.5,0,1
7613,380,535,2198,0.5,0,1
7614,380,535,591,0.5,0,1
7615,380,535,817,0.5,0,1
7616,380,535,755,0.5,0,1
7617,380,535,3011,0.5,0,1
7618,380,535,303,0.5,0,1
7619,380,535,1608,0.5,0,1
7620,381,887,887,0.5,1,1
7621,381,887,1681,0.5,0,1
7622,381,887,672,0.5,0,1
7623,381,887,741,0.5,0,1
7624,381,887,3251,0.5,0,1
7625,381,887,4086,0.5,0,1
7626,381,887,124,0.5,0,1
7627,381,887,156,0.5,0,1
7628,381,887,2218,0.5,0,1
7629,381,887,1815,0.5,0,1
7630,381,887,3040,0.5,0,1
7631,381,887,1816,0.5,0,1
7632,381,887,2455,0.5,0,1
7633,381,887,2922,0.5,0,1
7634,381,887,3594,0.5,0,1
7635,381,887,2379,0.5,0,1
7636,381,887,1248,0.5,0,1
7637,381,887,3216,0.5,0,1
7638,381,887,1161,0.5,0,1
7639,381,887,1929,0.5,0,1
7640,382,2106,2106,0.5,1,1
7641,382,2106,3352,0.5,0,1
7642,382,2106,4130,0.5,0,1
7643,382,2106,3900,0.5,0,1
7644,382,2106,917,0.5,0,1
7645,382,2106,832,0.5,0,1
7646,382,2106,3508,0.5,0,1
7647,382,2106,4172,0.5,0,1
7648,382,2106,164,0.5,0,1
7649,382,2106,3875,0.5,0,1
7650,382,2106,3144,0.5,0,1
7651,382,2106,3249,0.5,0,1
7652,382,2106,635,0.5,0,1
7653,382,2106,718,0.5,0,1
7654,382,2106,376,0.5,0,1
7655,382,2106,4031,0.5,0,1
7656,382,2106,2893,0.5,0,1
7657,382,2106,1355,0.5,0,1
7658,382,2106,176,0.5,0,1
7659,382,2106,2026,0.5,0,1
7660,383,2169,2169,0.5,1,1
7661,383,2169,3657,0.5,0,1
7662,383,2169,3971,0.5,0,1
7663,383,2169,3849,0.5,0,1
7664,383,2169,2228,0.5,0,1
7665,383,2169,3023,0.5,0,1
7666,383,2169,823,0.5,0,1
7667,383,2169,2537,0.5,0,1
7668,383,2169,3833,0.5,0,1
7669,383,2169,2663,0.5,0,1
7670,383,2169,59,0.5,0,1
7671,383,2169,2677,0.5,0,1
7672,383,2169,3549,0.5,0,1
7673,383,2169,3233,0.5,0,1
7674,383,2169,2751,0.5,0,1
7675,383,2169,1464,0.5,0,1
7676,383,2169,3889,0.5,0,1
7677,383,2169,2519,0.5,0,1
7678,383,2169,1381,0.5,0,1
7679,383,2169,774,0.5,0,1
7680,384,3867,3867,0.5,1,1
7681,384,3867,3489,0.5,0,1
7682,384,3867,2525,0.5,0,1
7683,384,3867,1236,0.5,0,1
7684,384,3867,2620,0.5,0,1
7685,384,3867,1653,0.5,0,1
7686,384,3867,3671,0.5,0,1
7687,384,3867,978,0.5,0,1
7688,384,3867,1848,0.5,0,1
7689,384,3867,3919,0.5,0,1
7690,384,3867,375,0.5,0,1
7691,384,3867,128,0.5,0,1
7692,384,3867,422,0.5,0,1
7693,384,3867,3177,0.5,0,1
7694,384,3867,3507,0.5,0,1
7695,384,3867,3894,0.5,0,1
7696,384,3867,574,0.5,0,1
7697,384,3867,501,0.5,0,1
7698,384,3867,3390,0.5,0,1
7699,384,3867,2743,0.5,0,1
7700,385,3493,3493,0.5,1,1
7701,385,3493,1242,0.5,0,1
7702,385,3493,218,0.5,0,1
7703,385,3493,3942,0.5,0,1
7704,385,3493,3601,0.5,0,1
7705,385,3493,1028,0.5,0,1
7706,385,3493,1342,0.5,0,1
7707,385,3493,1218,0.5,0,1
7708,385,3493,2024,0.5,0,1
7709,385,3493,2193,0.5,0,1
7710,385,3493,1812,0.5,0,1
7711,385,3493,1205,0.5,0,1
7712,385,3493,3681,0.5,0,1
7713,385,3493,403,0.5,0,1
7714,385,3493,1279,0.5,0,1
7715,385,3493,3285,0.5,0,1
7716,385,3493,3984,0.5,0,1
7717,385,3493,2159,0.5,0,1
7718,385,3493,3490,0.5,0,1
7719,385,3493,2057,0.5,0,1
7720,386,603,603,0.5,1,1
7721,386,603,1839,0.5,0,1
7722,386,603,2249,0.5,0,1
7723,386,603,81,0.5,0,1
7724,386,603,2448,0.5,0,1
7725,386,603,3722,0.5,0,1
7726,386,603,791,0.5,0,1
7727,386,603,4141,0.5,0,1
7728,386,603,110,0.5,0,1
7729,386,603,3435,0.5,0,1
7730,386,603,1887,0.5,0,1
7731,386,603,3270,0.5,0,1
7732,386,603,1922,0.5,0,1
7733,386,603,228,0.5,0,1
7734,386,603,3528,0.5,0,1
7735,386,603,1672,0.5,0,1
7736,386,603,3709,0.5,0,1
7737,386,603,3878,0.5,0,1
7738,386,603,587,0.5,0,1
7739,386,603,1243,0.5,0,1
7740,387,2556,2556,0.5,1,1
7741,387,2556,1496,0.5,0,1
7742,387,2556,2316,0.5,0,1
7743,387,2556,1233,0.5,0,1
7744,387,2556,2656,0.5,0,1
7745,387,2556,3679,0.5,0,1
7746,387,2556,497,0.5,0,1
7747,387,2556,3302,0.5,0,1
7748,387,2556,4141,0.5,0,1
7749,387,2556,3539,0.5,0,1
7750,387,2556,2991,0.5,0,1
7751,387,2556,2183,0.5,0,1
7752,387,2556,1789,0.5,0,1
7753,387,2556,3727,0.5,0,1
7754,387,2556,4107,0.5,0,1
7755,387,2556,2230,0.5,0,1
7756,387,2556,1651,0.5,0,1
7757,387,2556,660,0.5,0,1
7758,387,2556,3742,0.5,0,1
7759,387,2556,3691,0.5,0,1
7760,388,1638,1638,0.5,1,1
7761,388,1638,2628,0.5,0,1
7762,388,1638,839,0.5,0,1
7763,388,1638,3824,0.5,0,1
7764,388,1638,524,0.5,0,1
7765,388,1638,1624,0.5,0,1
7766,388,1638,1418,0.5,0,1
7767,388,1638,941,0.5,0,1
7768,388,1638,2484,0.5,0,1
7769,388,1638,2607,0.5,0,1
7770,388,1638,1070,0.5,0,1
7771,388,1638,1659,0.5,0,1
7772,388,1638,1928,0.5,0,1
7773,388,1638,3335,0.5,0,1
7774,388,1638,548,0.5,0,1
7775,388,1638,759,0.5,0,1
7776,388,1638,1907,0.5,0,1
7777,388,1638,2446,0.5,0,1
7778,388,1638,3809,0.5,0,1
7779,388,1638,3018,0.5,0,1
7780,389,246,246,0.5,1,1
7781,389,246,498,0.5,0,1
7782,389,246,372,0.5,0,1
7783,389,246,202,0.5,0,1
7784,389,246,1555,0.5,0,1
7785,389,246,554,0.5,0,1
7786,389,246,4117,0.5,0,1
7787,389,246,1917,0.5,0,1
7788,389,246,2770,0.5,0,1
7789,389,246,1769,0.5,0,1
7790,389,246,56,0.5,0,1
7791,389,246,2716,0.5,0,1
7792,389,246,733,0.5,0,1
7793,389,246,3504,0.5,0,1
7794,389,246,284,0.5,0,1
7795,389,246,2489,0.5,0,1
7796,389,246,1256,0.5,0,1
7797,389,246,2000,0.5,0,1
7798,389,246,2557,0.5,0,1
7799,389,246,3118,0.5,0,1
7800,390,1775,1775,0.5,1,1
7801,390,1775,3245,0.5,0,1
7802,390,1775,1176,0.5,0,1
7803,390,1775,494,0.5,0,1
7804,390,1775,3963,0.5,0,1
7805,390,1775,2848,0.5,0,1
7806,390,1775,594,0.5,0,1
7807,390,1775,2485,0.5,0,1
7808,390,1775,3501,0.5,0,1
7809,390,1775,2305,0.5,0,1
7810,390,1775,2117,0.5,0,1
7811,390,1775,2419,0.5,0,1
7812,390,1775,518,0.5,0,1
7813,390,1775,292,0.5,0,1
7814,390,1775,188,0.5,0,1
7815,390,1775,2178,0.5,0,1
7816,390,1775,3905,0.5,0,1
7817,390,1775,1053,0.5,0,1
7818,390,1775,2307,0.5,0,1
7819,390,1775,3442,0.5,0,1
7820,391,4040,4040,0.5,1,1
7821,391,4040,340,0.5,0,1
7822,391,4040,605,0.5,0,1
7823,391,4040,3194,0.5,0,1
7824,391,4040,2002,0.5,0,1
7825,391,4040,3640,0.5,0,1
7826,391,4040,66,0.5,0,1
7827,391,4040,2841,0.5,0,1
7828,391,4040,623,0.5,0,1
7829,391,4040,1880,0.5,0,1
7830,391,4040,122,0.5,0,1
7831,391,4040,2332,0.5,0,1
7832,391,4040,2778,0.5,0,1
7833,391,4040,1473,0.5,0,1
7834,391,4040,1291,0.5,0,1
7835,391,4040,3342,0.5,0,1
7836,391,4040,861,0.5,0,1
7837,391,4040,1159,0.5,0,1
7838,391,4040,1283,0.5,0,1
7839,391,4040,1550,0.5,0,1
7840,392,3733,3733,0.5,1,1
7841,392,3733,1275,0.5,0,1
7842,392,3733,3623,0.5,0,1
7843,392,3733,2428,0.5,0,1
7844,392,3733,2237,0.5,0,1
7845,392,3733,963,0.5,0,1
7846,392,3733,2864,0.5,0,1
7847,392,3733,1670,0.5,0,1
7848,392,3733,132,0.5,0,1
7849,392,3733,2817,0.5,0,1
7850,392,3733,2962,0.5,0,1
7851,392,3733,1840,0.5,0,1
7852,392,3733,2978,0.5,0,1
7853,392,3733,3302,0.5,0,1
7854,392,3733,2007,0.5,0,1
7855,392,3733,2358,0.5,0,1
7856,392,3733,2835,0.5,0,1
7857,392,3733,3332,0.5,0,1
7858,392,3733,1785,0.5,0,1
7859,392,3733,1859,0.5,0,1
7860,393,414,414,0.5,1,1
7861,393,414,3221,0.5,0,1
7862,393,414,1115,0.5,0,1
7863,393,414,230,0.5,0,1
7864,393,414,87,0.5,0,1
7865,393,414,815,0.5,0,1
7866,393,414,386,0.5,0,1
7867,393,414,653,0.5,0,1
7868,393,414,385,0.5,0,1
7869,393,414,203,0.5,0,1
7870,393,414,1150,0.5,0,1
7871,393,414,3102,0.5,0,1
7872,393,414,1523,0.5,0,1
7873,393,414,1118,0.5,0,1
7874,393,414,1468,0.5,0,1
7875,393,414,4083,0.5,0,1
7876,393,414,2483,0.5,0,1
7877,393,414,535,0.5,0,1
7878,393,414,3386,0.5,0,1
7879,393,414,737,0.5,0,1
7880,394,630,630,0.5,1,1
7881,394,630,3822,0.5,0,1
7882,394,630,1564,0.5,0,1
7883,394,630,2678,0.5,0,1
7884,394,630,3417,0.5,0,1
7885,394,630,4159,0.5,0,1
7886,394,630,3689,0.5,0,1
7887,394,630,1201,0.5,0,1
7888,394,630,12,0.5,0,1
7889,394,630,2091,0.5,0,1
7890,394,630,3834,0.5,0,1
7891,394,630,3625,0.5,0,1
7892,394,630,9,0.5,0,1
7893,394,630,3545,0.5,0,1
7894,394,630,1493,0.5,0,1
7895,394,630,307,0.5,0,1
7896,394,630,3894,0.5,0,1
7897,394,630,3004,0.5,0,1
7898,394,630,3145,0.5,0,1
7899,394,630,1714,0.5,0,1
7900,395,1718,1718,0.5,1,1
7901,395,1718,45,0.5,0,1
7902,395,1718,1352,0.5,0,1
7903,395,1718,3643,0.5,0,1
7904,395,1718,1085,0.5,0,1
7905,395,1718,4123,0.5,0,1
7906,395,1718,1614,0.5,0,1
7907,395,1718,3202,0.5,0,1
7908,395,1718,3706,0.5,0,1
7909,395,1718,1359,0.5,0,1
7910,395,1718,736,0.5,0,1
7911,395,1718,2135,0.5,0,1
7912,395,1718,639,0.5,0,1
7913,395,1718,2680,0.5,0,1
7914,395,1718,1174,0.5,0,1
7915,395,1718,2163,0.5,0,1
7916,395,1718,1172,0.5,0,1
7917,395,1718,1185,0.5,0,1
7918,395,1718,3411,0.5,0,1
7919,395,1718,4169,0.5,0,1
7920,396,2379,2379,0.5,1,1
7921,396,2379,284,0.5,0,1
7922,396,2379,3186,0.5,0,1
7923,396,2379,3511,0.5,0,1
7924,396,2379,1114,0.5,0,1
7925,396,2379,1032,0.5,0,1
7926,396,2379,930,0.5,0,1
7927,396,2379,2439,0.5,0,1
7928,396,2379,3269,0.5,0,1
7929,396,2379,301,0.5,0,1
7930,396,2379,1388,0.5,0,1
7931,396,2379,4080,0.5,0,1
7932,396,2379,1787,0.5,0,1
7933,396,2379,1096,0.5,0,1
7934,396,2379,2019,0.5,0,1
7935,396,2379,3103,0.5,0,1
7936,396,2379,2610,0.5,0,1
7937,396,2379,2357,0.5,0,1
7938,396,2379,4128,0.5,0,1
7939,396,2379,559,0.5,0,1
7940,397,73,73,0.5,1,1
7941,397,73,3409,0.5,0,1
7942,397,73,14,0.5,0,1
7943,397,73,592,0.5,0,1
7944,397,73,1976,0.5,0,1
7945,397,73,2556,0.5,0,1
7946,397,73,361,0.5,0,1
7947,397,73,2379,0.5,0,1
7948,397,73,240,0.5,0,1
7949,397,73,2833,0.5,0,1
7950,397,73,3467,0.5,0,1
7951,397,73,2405,0.5,0,1
7952,397,73,2454,0.5,0,1
7953,397,73,3949,0.5,0,1
7954,397,73,658,0.5,0,1
7955,397,73,2602,0.5,0,1
7956,397,73,1646,0.5,0,1
7957,397,73,3775,0.5,0,1
7958,397,73,2212,0.5,0,1
7959,397,73,2468,0.5,0,1
7960,398,898,898,0.5,1,1
7961,398,898,576,0.5,0,1
7962,398,898,1334,0.5,0,1
7963,398,898,241,0.5,0,1
7964,398,898,2642,0.5,0,1
7965,398,898,1603,0.5,0,1
7966,398,898,206,0.5,0,1
7967,398,898,3714,0.5,0,1
7968,398,898,524,0.5,0,1
7969,398,898,2220,0.5,0,1
7970,398,898,3904,0.5,0,1
7971,398,898,2300,0.5,0,1
7972,398,898,3046,0.5,0,1
7973,398,898,475,0.5,0,1
7974,398,898,3057,0.5,0,1
7975,398,898,2332,0.5,0,1
7976,398,898,1916,0.5,0,1
7977,398,898,2870,0.5,0,1
7978,398,898,719,0.5,0,1
7979,398,898,4039,0.5,0,1
7980,399,1014,1014,0.5,1,1
7981,399,1014,2630,0.5,0,1
7982,399,1014,1704,0.5,0,1
7983,399,1014,1883,0.5,0,1
7984,399,1014,3896,0.5,0,1
7985,399,1014,1753,0.5,0,1
7986,399,1014,1206,0.5,0,1
7987,399,1014,1758,0.5,0,1
7988,399,1014,2068,0.5,0,1
7989,399,1014,120,0.5,0,1
7990,399,1014,4081,0.5,0,1
7991,399,1014,2814,0.5,0,1
7992,399,1014,2524,0.5,0,1
7993,399,1014,1838,0.5,0,1
7994,399,1014,1097,0.5,0,1
7995,399,1014,4118,0.5,0,1
7996,399,1014,3034,0.5,0,1
7997,399,1014,616,0.5,0,1
7998,399,1014,18,0.5,0,1
7999,399,1014,602,0.5,0,1
8000,400,3385,3385,0.5,1,1
8001,400,3385,399,0.5,0,1
8002,400,3385,1737,0.5,0,1
8003,400,3385,1908,0.5,0,1
8004,400,3385,243,0.5,0,1
8005,400,3385,2291,0.5,0,1
8006,400,3385,3211,0.5,0,1
8007,400,3385,3249,0.5,0,1
8008,400,3385,640,0.5,0,1
8009,400,3385,1629,0.5,0,1
8010,400,3385,103,0.5,0,1
8011,400,3385,1055,0.5,0,1
8012,400,3385,2145,0.5,0,1
8013,400,3385,2761,0.5,0,1
8014,400,3385,3966,0.5,0,1
8015,400,3385,748,0.5,0,1
8016,400,3385,3219,0.5,0,1
8017,400,3385,3512,0.5,0,1
8018,400,3385,3140,0.5,0,1
8019,400,3385,3970,0.5,0,1
8020,401,649,649,0.5,1,1
8021,401,649,311,0.5,0,1
8022,401,649,1543,0.5,0,1
8023,401,649,261,0.5,0,1
8024,401,649,1020,0.5,0,1
8025,401,649,2239,0.5,0,1
8026,401,649,820,0.5,0,1
8027,401,649,907,0.5,0,1
8028,401,649,3674,0.5,0,1
8029,401,649,2838,0.5,0,1
8030,401,649,322,0.5,0,1
8031,401,649,4048,0.5,0,1
8032,401,649,897,0.5,0,1
8033,401,649,38,0.5,0,1
8034,401,649,573,0.5,0,1
8035,401,649,2746,0.5,0,1
8036,401,649,3979,0.5,0,1
8037,401,649,2565,0.5,0,1
8038,401,649,863,0.5,0,1
8039,401,649,2419,0.5,0,1
8040,402,1946,1946,0.5,1,1
8041,402,1946,1623,0.5,0,1
8042,402,1946,1973,0.5,0,1
8043,402,1946,1214,0.5,0,1
8044,402,1946,1819,0.5,0,1
8045,402,1946,1133,0.5,0,1
8046,402,1946,2726,0.5,0,1
8047,402,1946,4046,0.5,0,1
8048,402,1946,1680,0.5,0,1
8049,402,1946,1848,0.5,0,1
8050,402,1946,3766,0.5,0,1
8051,402,1946,3097,0.5,0,1
8052,402,1946,2803,0.5,0,1
8053,402,1946,2715,0.5,0,1
8054,402,1946,4138,0.5,0,1
8055,402,1946,2198,0.5,0,1
8056,402,1946,1536,0.5,0,1
8057,402,1946,3489,0.5,0,1
8058,402,1946,3963,0.5,0,1
8059,402,1946,3655,0.5,0,1
8060,403,3981,3981,0.5,1,1
8061,403,3981,2170,0.5,0,1
8062,403,3981,3153,0.5,0,1
8063,403,3981,470,0.5,0,1
8064,403,3981,1221,0.5,0,1
8065,403,3981,3592,0.5,0,1
8066,403,3981,453,0.5,0,1
8067,403,3981,786,0.5,0,1
8068,403,3981,149,0.5,0,1
8069,403,3981,2579,0.5,0,1
8070,403,3981,3071,0.5,0,1
8071,403,3981,1567,0.5,0,1
8072,403,3981,193,0.5,0,1
8073,403,3981,3946,0.5,0,1
8074,403,3981,2284,0.5,0,1
8075,403,3981,2406,0.5,0,1
8076,403,3981,2929,0.5,0,1
8077,403,3981,2070,0.5,0,1
8078,403,3981,1682,0.5,0,1
8079,403,3981,448,0.5,0,1
8080,404,809,809,0.5,1,1
8081,404,809,2404,0.5,0,1
8082,404,809,2994,0.5,0,1
8083,404,809,1605,0.5,0,1
8084,404,809,4137,0.5,0,1
8085,404,809,456,0.5,0,1
8086,404,809,1980,0.5,0,1
8087,404,809,680,0.5,0,1
8088,404,809,1651,0.5,0,1
8089,404,809,2856,0.5,0,1
8090,404,809,719,0.5,0,1
8091,404,809,2444,0.5,0,1
8092,404,809,4049,0.5,0,1
8093,404,809,2075,0.5,0,1
8094,404,809,70,0.5,0,1
8095,404,809,3272,0.5,0,1
8096,404,809,2714,0.5,0,1
8097,404,809,3807,0.5,0,1
8098,404,809,3644,0.5,0,1
8099,404,809,1948,0.5,0,1
8100,405,2008,2008,0.5,1,1
8101,405,2008,39,0.5,0,1
8102,405,2008,547,0.5,0,1
8103,405,2008,3650,0.5,0,1
8104,405,2008,3123,0.5,0,1
8105,405,2008,2885,0.5,0,1
8106,405,2008,4144,0.5,0,1
8107,405,2008,520,0.5,0,1
8108,405,2008,3940,0.5,0,1
8109,405,2008,421,0.5,0,1
8110,405,2008,958,0.5,0,1
8111,405,2008,385,0.5,0,1
8112,405,2008,1883,0.5,0,1
8113,405,2008,3365,0.5,0,1
8114,405,2008,2652,0.5,0,1
8115,405,2008,356,0.5,0,1
8116,405,2008,3472,0.5,0,1
8117,405,2008,3185,0.5,0,1
8118,405,2008,151,0.5,0,1
8119,405,2008,2348,0.5,0,1
8120,406,2694,2694,0.5,1,1
8121,406,2694,2099,0.5,0,1
8122,406,2694,3383,0.5,0,1
8123,406,2694,1238,0.5,0,1
8124,406,2694,3884,0.5,0,1
8125,406,2694,2962,0.5,0,1
8126,406,2694,2007,0.5,0,1
8127,406,2694,2422,0.5,0,1
8128,406,2694,3963,0.5,0,1
8129,406,2694,1662,0.5,0,1
8130,406,2694,2059,0.5,0,1
8131,406,2694,1757,0.5,0,1
8132,406,2694,3276,0.5,0,1
8133,406,2694,2280,0.5,0,1
8134,406,2694,2564,0.5,0,1
8135,406,2694,1813,0.5,0,1
8136,406,2694,367,0.5,0,1
8137,406,2694,3686,0.5,0,1
8138,406,2694,3294,0.5,0,1
8139,406,2694,522,0.5,0,1
8140,407,3327,3327,0.5,1,1
8141,407,3327,3406,0.5,0,1
8142,407,3327,2822,0.5,0,1
8143,407,3327,1195,0.5,0,1
8144,407,3327,3948,0.5,0,1
8145,407,3327,1501,0.5,0,1
8146,407,3327,3995,0.5,0,1
8147,407,3327,1378,0.5,0,1
8148,407,3327,3140,0.5,0,1
8149,407,3327,177,0.5,0,1
8150,407,3327,3795,0.5,0,1
8151,407,3327,1535,0.5,0,1
8152,407,3327,3489,0.5,0,1
8153,407,3327,4020,0.5,0,1
8154,407,3327,2176,0.5,0,1
8155,407,3327,1910,0.5,0,1
8156,407,3327,2668,0.5,0,1
8157,407,3327,2989,0.5,0,1
8158,407,3327,1573,0.5,0,1
8159,407,3327,2286,0.5,0,1
8160,408,3268,3268,0.5,1,1
8161,408,3268,3190,0.5,0,1
8162,408,3268,3005,0.5,0,1
8163,408,3268,2024,0.5,0,1
8164,408,3268,182,0.5,0,1
8165,408,3268,2301,0.5,0,1
8166,408,3268,1093,0.5,0,1
8167,408,3268,3668,0.5,0,1
8168,408,3268,3753,0.5,0,1
8169,408,3268,2916,0.5,0,1
8170,408,3268,937,0.5,0,1
8171,408,3268,3644,0.5,0,1
8172,408,3268,2851,0.5,0,1
8173,408,3268,2775,0.5,0,1
8174,408,3268,2525,0.5,0,1
8175,408,3268,154,0.5,0,1
8176,408,3268,1728,0.5,0,1
8177,408,3268,2062,0.5,0,1
8178,408,3268,3967,0.5,0,1
8179,408,3268,3183,0.5,0,1
8180,409,2493,2493,0.5,1,1
8181,409,2493,2008,0.5,0,1
8182,409,2493,984,0.5,0,1
8183,409,2493,1436,0.5,0,1
8184,409,2493,43,0.5,0,1
8185,409,2493,3572,0.5,0,1
8186,409,2493,1575,0.5,0,1
8187,409,2493,833,0.5,0,1
8188,409,2493,321,0.5,0,1
8189,409,2493,962,0.5,0,1
8190,409,2493,2115,0.5,0,1
8191,409,2493,1676,0.5,0,1
8192,409,2493,2298,0.5,0,1
8193,409,2493,3919,0.5,0,1
8194,409,2493,863,0.5,0,1
8195,409,2493,1646,0.5,0,1
8196,409,2493,2966,0.5,0,1
8197,409,2493,2190,0.5,0,1
8198,409,2493,826,0.5,0,1
8199,409,2493,215,0.5,0,1
8200,410,1039,1039,0.5,1,1
8201,410,1039,1538,0.5,0,1
8202,410,1039,3358,0.5,0,1
8203,410,1039,2998,0.5,0,1
8204,410,1039,2392,0.5,0,1
8205,410,1039,2829,0.5,0,1
8206,410,1039,3971,0.5,0,1
8207,410,1039,2509,0.5,0,1
8208,410,1039,3922,0.5,0,1
8209,410,1039,652,0.5,0,1
8210,410,1039,3122,0.5,0,1
8211,410,1039,3763,0.5,0,1
8212,410,1039,3360,0.5,0,1
8213,410,1039,1636,0.5,0,1
8214,410,1039,1561,0.5,0,1
8215,410,1039,3491,0.5,0,1
8216,410,1039,3807,0.5,0,1
8217,410,1039,671,0.5,0,1
8218,410,1039,1676,0.5,0,1
8219,410,1039,514,0.5,0,1
8220,411,711,711,0.5,1,1
8221,411,711,2881,0.5,0,1
8222,411,711,823,0.5,0,1
8223,411,711,737,0.5,0,1
8224,411,711,1651,0.5,0,1
8225,411,711,641,0.5,0,1
8226,411,711,3965,0.5,0,1
8227,411,711,1336,0.5,0,1
8228,411,711,1127,0.5,0,1
8229,411,711,3117,0.5,0,1
8230,411,711,94,0.5,0,1
8231,411,711,3249,0.5,0,1
8232,411,711,1766,0.5,0,1
8233,411,711,2765,0.5,0,1
8234,411,711,2920,0.5,0,1
8235,411,711,2154,0.5,0,1
8236,411,711,1313,0.5,0,1
8237,411,711,2692,0.5,0,1
8238,411,711,1447,0.5,0,1
8239,411,711,2379,0.5,0,1
8240,412,3118,3118,0.5,1,1
8241,412,3118,1226,0.5,0,1
8242,412,3118,556,0.5,0,1
8243,412,3118,3693,0.5,0,1
8244,412,3118,4102,0.5,0,1
8245,412,3118,3283,0.5,0,1
8246,412,3118,1925,0.5,0,1
8247,412,3118,2906,0.5,0,1
8248,412,3118,3344,0.5,0,1
8249,412,3118,3539,0.5,0,1
8250,412,3118,1750,0.5,0,1
8251,412,3118,1176,0.5,0,1
8252,412,3118,2333,0.5,0,1
8253,412,3118,3466,0.5,0,1
8254,412,3118,2980,0.5,0,1
8255,412,3118,1342,0.5,0,1
8256,412,3118,840,0.5,0,1
8257,412,3118,3282,0.5,0,1
8258,412,3118,613,0.5,0,1
8259,412,3118,2193,0.5,0,1
8260,413,2388,2388,0.5,1,1
8261,413,2388,1355,0.5,0,1
8262,413,2388,1430,0.5,0,1
8263,413,2388,2026,0.5,0,1
8264,413,2388,188,0.5,0,1
8265,413,2388,377,0.5,0,1
8266,413,2388,720,0.5,0,1
8267,413,2388,74,0.5,0,1
8268,413,2388,1420,0.5,0,1
8269,413,2388,2420,0.5,0,1
8270,413,2388,990,0.5,0,1
8271,413,2388,2801,0.5,0,1
8272,413,2388,2965,0.5,0,1
8273,413,2388,480,0.5,0,1
8274,413,2388,2728,0.5,0,1
8275,413,2388,65,0.5,0,1
8276,413,2388,3832,0.5,0,1
8277,413,2388,3190,0.5,0,1
8278,413,2388,4156,0.5,0,1
8279,413,2388,605,0.5,0,1
8280,414,1887,1887,0.5,1,1
8281,414,1887,2484,0.5,0,1
8282,414,1887,2106,0.5,0,1
8283,414,1887,655,0.5,0,1
8284,414,1887,3728,0.5,0,1
8285,414,1887,2230,0.5,0,1
8286,414,1887,17,0.5,0,1
8287,414,1887,2980,0.5,0,1
8288,414,1887,1672,0.5,0,1
8289,414,1887,2478,0.5,0,1
8290,414,1887,2603,0.5,0,1
8291,414,1887,174,0.5,0,1
8292,414,1887,3066,0.5,0,1
8293,414,1887,979,0.5,0,1
8294,414,1887,1868,0.5,0,1
8295,414,1887,3655,0.5,0,1
8296,414,1887,214,0.5,0,1
8297,414,1887,817,0.5,0,1
8298,414,1887,3846,0.5,0,1
8299,414,1887,811,0.5,0,1
8300,415,1720,1720,0.5,1,1
8301,415,1720,3459,0.5,0,1
8302,415,1720,1304,0.5,0,1
8303,415,1720,2969,0.5,0,1
8304,415,1720,4028,0.5,0,1
8305,415,1720,2844,0.5,0,1
8306,415,1720,2381,0.5,0,1
8307,415,1720,3943,0.5,0,1
8308,415,1720,2799,0.5,0,1
8309,415,1720,2384,0.5,0,1
8310,415,1720,3334,0.5,0,1
8311,415,1720,971,0.5,0,1
8312,415,1720,1971,0.5,0,1
8313,415,1720,3912,0.5,0,1
8314,415,1720,3141,0.5,0,1
8315,415,1720,2744,0.5,0,1
8316,415,1720,3881,0.5,0,1
8317,415,1720,3266,0.5,0,1
8318,415,1720,47,0.5,0,1
8319,415,1720,1347,0.5,0,1
8320,416,1968,1968,0.5,1,1
8321,416,1968,2363,0.5,0,1
8322,416,1968,847,0.5,0,1
8323,416,1968,2449,0.5,0,1
8324,416,1968,3022,0.5,0,1
8325,416,1968,310,0.5,0,1
8326,416,1968,1908,0.5,0,1
8327,416,1968,2713,0.5,0,1
8328,416,1968,3064,0.5,0,1
8329,416,1968,1864,0.5,0,1
8330,416,1968,346,0.5,0,1
8331,416,1968,447,0.5,0,1
8332,416,1968,3922,0.5,0,1
8333,416,1968,2569,0.5,0,1
8334,416,1968,635,0.5,0,1
8335,416,1968,4126,0.5,0,1
8336,416,1968,1071,0.5,0,1
8337,416,1968,1521,0.5,0,1
8338,416,1968,2450,0.5,0,1
8339,416,1968,1735,0.5,0,1
8340,417,384,384,0.5,1,1
8341,417,384,177,0.5,0,1
8342,417,384,3131,0.5,0,1
8343,417,384,74,0.5,0,1
8344,417,384,1780,0.5,0,1
8345,417,384,973,0.5,0,1
8346,417,384,4035,0.5,0,1
8347,417,384,3048,0.5,0,1
8348,417,384,697,0.5,0,1
8349,417,384,299,0.5,0,1
8350,417,384,562,0.5,0,1
8351,417,384,1103,0.5,0,1
8352,417,384,3171,0.5,0,1
8353,417,384,3807,0.5,0,1
8354,417,384,1666,0.5,0,1
8355,417,384,3859,0.5,0,1
8356,417,384,1600,0.5,0,1
8357,417,384,3465,0.5,0,1
8358,417,384,1907,0.5,0,1
8359,417,384,1899,0.5,0,1
8360,418,1404,1404,0.5,1,1
8361,418,1404,2449,0.5,0,1
8362,418,1404,2837,0.5,0,1
8363,418,1404,3431,0.5,0,1
8364,418,1404,3220,0.5,0,1
8365,418,1404,1031,0.5,0,1
8366,418,1404,3287,0.5,0,1
8367,418,1404,1932,0.5,0,1
8368,418,1404,1876,0.5,0,1
8369,418,1404,3456,0.5,0,1
8370,418,1404,3854,0.5,0,1
8371,418,1404,1611,0.5,0,1
8372,418,1404,1104,0.5,0,1
8373,418,1404,2715,0.5,0,1
8374,418,1404,2376,0.5,0,1
8375,418,1404,2504,0.5,0,1
8376,418,1404,183,0.5,0,1
8377,418,1404,2104,0.5,0,1
8378,418,1404,2784,0.5,0,1
8379,418,1404,3715,0.5,0,1
8380,419,3538,3538,0.5,1,1
8381,419,3538,1796,0.5,0,1
8382,419,3538,730,0.5,0,1
8383,419,3538,776,0.5,0,1
8384,419,3538,3607,0.5,0,1
8385,419,3538,525,0.5,0,1
8386,419,3538,2022,0.5,0,1
8387,419,3538,866,0.5,0,1
8388,419,3538,734,0.5,0,1
8389,419,3538,1518,0.5,0,1
8390,419,3538,2923,0.5,0,1
8391,419,3538,4062,0.5,0,1
8392,419,3538,3117,0.5,0,1
8393,419,3538,1244,0.5,0,1
8394,419,3538,2913,0.5,0,1
8395,419,3538,156,0.5,0,1
8396,419,3538,1235,0.5,0,1
8397,419,3538,709,0.5,0,1
8398,419,3538,3994,0.5,0,1
8399,419,3538,896,0.5,0,1
8400,420,839,839,0.5,1,1
8401,420,839,3208,0.5,0,1
8402,420,839,1306,0.5,0,1
8403,420,839,3907,0.5,0,1
8404,420,839,920,0.5,0,1
8405,420,839,2632,0.5,0,1
8406,420,839,2348,0.5,0,1
8407,420,839,3223,0.5,0,1
8408,420,839,1070,0.5,0,1
8409,420,839,848,0.5,0,1
8410,420,839,1637,0.5,0,1
8411,420,839,1629,0.5,0,1
8412,420,839,1988,0.5,0,1
8413,420,839,2465,0.5,0,1
8414,420,839,1053,0.5,0,1
8415,420,839,477,0.5,0,1
8416,420,839,859,0.5,0,1
8417,420,839,2671,0.5,0,1
8418,420,839,4005,0.5,0,1
8419,420,839,2854,0.5,0,1
8420,421,221,221,0.5,1,1
8421,421,221,1136,0.5,0,1
8422,421,221,306,0.5,0,1
8423,421,221,3816,0.5,0,1
8424,421,221,1660,0.5,0,1
8425,421,221,1154,0.5,0,1
8426,421,221,3540,0.5,0,1
8427,421,221,871,0.5,0,1
8428,421,221,3453,0.5,0,1
8429,421,221,476,0.5,0,1
8430,421,221,3570,0.5,0,1
8431,421,221,2112,0.5,0,1
8432,421,221,147,0.5,0,1
8433,421,221,3608,0.5,0,1
8434,421,221,2826,0.5,0,1
8435,421,221,3778,0.5,0,1
8436,421,221,443,0.5,0,1
8437,421,221,445,0.5,0,1
8438,421,221,813,0.5,0,1
8439,421,221,3321,0.5,0,1
8440,422,212,212,0.5,1,1
8441,422,212,2677,0.5,0,1
8442,422,212,2666,0.5,0,1
8443,422,212,459,0.5,0,1
8444,422,212,1107,0.5,0,1
8445,422,212,3866,0.5,0,1
8446,422,212,2069,0.5,0,1
8447,422,212,3753,0.5,0,1
8448,422,212,18,0.5,0,1
8449,422,212,2734,0.5,0,1
8450,422,212,1999,0.5,0,1
8451,422,212,2619,0.5,0,1
8452,422,212,2266,0.5,0,1
8453,422,212,1719,0.5,0,1
8454,422,212,568,0.5,0,1
8455,422,212,2979,0.5,0,1
8456,422,212,3640,0.5,0,1
8457,422,212,1583,0.5,0,1
8458,422,212,104,0.5,0,1
8459,422,212,1579,0.5,0,1
8460,423,3148,3148,0.5,1,1
8461,423,3148,3394,0.5,0,1
8462,423,3148,3268,0.5,0,1
8463,423,3148,2064,0.5,0,1
8464,423,3148,2509,0.5,0,1
8465,423,3148,641,0.5,0,1
8466,423,3148,353,0.5,0,1
8467,423,3148,3390,0.5,0,1
8468,423,3148,1392,0.5,0,1
8469,423,3148,3149,0.5,0,1
8470,423,3148,1690,0.5,0,1
8471,423,3148,3030,0.5,0,1
8472,423,3148,3969,0.5,0,1
8473,423,3148,2725,0.5,0,1
8474,423,3148,104,0.5,0,1
8475,423,3148,3519,0.5,0,1
8476,423,3148,2558,0.5,0,1
8477,423,3148,1857,0.5,0,1
8478,423,3148,525,0.5,0,1
8479,423,3148,1409,0.5,0,1
8480,424,3331,3331,0.5,1,1
8481,424,3331,4011,0.5,0,1
8482,424,3331,2439,0.5,0,1
8483,424,3331,1766,0.5,0,1
8484,424,3331,2945,0.5,0,1
8485,424,3331,419,0.5,0,1
8486,424,3331,2133,0.5,0,1
8487,424,3331,1478,0.5,0,1
8488,424,3331,4084,0.5,0,1
8489,424,3331,1247,0.5,0,1
8490,424,3331,36,0.5,0,1
8491,424,3331,153,0.5,0,1
8492,424,3331,347,0.5,0,1
8493,424,3331,365,0.5,0,1
8494,424,3331,1720,0.5,0,1
8495,424,3331,3928,0.5,0,1
8496,424,3331,2334,0.5,0,1
8497,424,3331,3748,0.5,0,1
8498,424,3331,1816,0.5,0,1
8499,424,3331,1859,0.5,0,1
8500,425,693,693,0.5,1,1
8501,425,693,3503,0.5,0,1
8502,425,693,390,0.5,0,1
8503,425,693,199,0.5,0,1
8504,425,693,841,0.5,0,1
8505,425,693,307,0.5,0,1
8506,425,693,1714,0.5,0,1
8507,425,693,2176,0.5,0,1
8508,425,693,942,0.5,0,1
8509,425,693,1940,0.5,0,1
8510,425,693,1824,0.5,0,1
8511,425,693,1255,0.5,0,1
8512,425,693,466,0.5,0,1
8513,425,693,2984,0.5,0,1
8514,425,693,250,0.5,0,1
8515,425,693,2972,0.5,0,1
8516,425,693,3470,0.5,0,1
8517,425,693,3053,0.5,0,1
8518,425,693,1331,0.5,0,1
8519,425,693,3428,0.5,0,1
8520,426,2285,2285,0.5,1,1
8521,426,2285,3712,0.5,0,1
8522,426,2285,398,0.5,0,1
8523,426,2285,2818,0.5,0,1
8524,426,2285,1643,0.5,0,1
8525,426,2285,2499,0.5,0,1
8526,426,2285,1836,0.5,0,1
8527,426,2285,3764,0.5,0,1
8528,426,2285,1075,0.5,0,1
8529,426,2285,1765,0.5,0,1
8530,426,2285,307,0.5,0,1
8531,426,2285,693,0.5,0,1
8532,426,2285,1281,0.5,0,1
8533,426,2285,2168,0.5,0,1
8534,426,2285,1203,0.5,0,1
8535,426,2285,70,0.5,0,1
8536,426,2285,318,0.5,0,1
8537,426,2285,3252,0.5,0,1
8538,426,2285,1343,0.5,0,1
8539,426,2285,1200,0.5,0,1
8540,427,2588,2588,0.5,1,1
8541,427,2588,271,0.5,0,1
8542,427,2588,1261,0.5,0,1
8543,427,2588,3403,0.5,0,1
8544,427,2588,2027,0.5,0,1
8545,427,2588,1428,0.5,0,1
8546,427,2588,3699,0.5,0,1
8547,427,2588,1682,0.5,0,1
8548,427,2588,1390,0.5,0,1
8549,427,2588,3989,0.5,0,1
8550,427,2588,2137,0.5,0,1
8551,427,2588,630,0.5,0,1
8552,427,2588,1921,0.5,0,1
8553,427,2588,2654,0.5,0,1
8554,427,2588,3100,0.5,0,1
8555,427,2588,3598,0.5,0,1
8556,427,2588,54,0.5,0,1
8557,427,2588,2733,0.5,0,1
8558,427,2588,2926,0.5,0,1
8559,427,2588,497,0.5,0,1
8560,428,453,453,0.5,1,1
8561,428,453,3737,0.5,0,1
8562,428,453,1834,0.5,0,1
8563,428,453,3011,0.5,0,1
8564,428,453,1333,0.5,0,1
8565,428,453,1906,0.5,0,1
8566,428,453,1865,0.5,0,1
8567,428,453,2112,0.5,0,1
8568,428,453,1873,0.5,0,1
8569,428,453,1386,0.5,0,1
8570,428,453,3986,0.5,0,1
8571,428,453,2431,0.5,0,1
8572,428,453,803,0.5,0,1
8573,428,453,3893,0.5,0,1
8574,428,453,2868,0.5,0,1
8575,428,453,3298,0.5,0,1
8576,428,453,1548,0.5,0,1
8577,428,453,2753,0.5,0,1
8578,428,453,412,0.5,0,1
8579,428,453,3599,0.5,0,1
8580,429,913,913,0.5,1,1
8581,429,913,840,0.5,0,1
8582,429,913,1832,0.5,0,1
8583,429,913,183,0.5,0,1
8584,429,913,771,0.5,0,1
8585,429,913,677,0.5,0,1
8586,429,913,515,0.5,0,1
8587,429,913,591,0.5,0,1
8588,429,913,376,0.5,0,1
8589,429,913,1627,0.5,0,1
8590,429,913,3412,0.5,0,1
8591,429,913,78,0.5,0,1
8592,429,913,3059,0.5,0,1
8593,429,913,1921,0.5,0,1
8594,429,913,1285,0.5,0,1
8595,429,913,2781,0.5,0,1
8596,429,913,2101,0.5,0,1
8597,429,913,2524,0.5,0,1
8598,429,913,64,0.5,0,1
8599,429,913,4164,0.5,0,1
8600,430,1965,1965,0.5,1,1
8601,430,1965,680,0.5,0,1
8602,430,1965,1134,0.5,0,1
8603,430,1965,754,0.5,0,1
8604,430,1965,3534,0.5,0,1
8605,430,1965,2532,0.5,0,1
8606,430,1965,3759,0.5,0,1
8607,430,1965,3099,0.5,0,1
8608,430,1965,1436,0.5,0,1
8609,430,1965,1686,0.5,0,1
8610,430,1965,608,0.5,0,1
8611,430,1965,4172,0.5,0,1
8612,430,1965,2123,0.5,0,1
8613,430,1965,118,0.5,0,1
8614,430,1965,2888,0.5,0,1
8615,430,1965,563,0.5,0,1
8616,430,1965,2073,0.5,0,1
8617,430,1965,3839,0.5,0,1
8618,430,1965,104,0.5,0,1
8619,430,1965,37,0.5,0,1
8620,431,1494,1494,0.5,1,1
8621,431,1494,1456,0.5,0,1
8622,431,1494,4097,0.5,0,1
8623,431,1494,941,0.5,0,1
8624,431,1494,305,0.5,0,1
8625,431,1494,955,0.5,0,1
8626,431,1494,333,0.5,0,1
8627,431,1494,4082,0.5,0,1
8628,431,1494,3111,0.5,0,1
8629,431,1494,1559,0.5,0,1
8630,431,1494,2805,0.5,0,1
8631,431,1494,1158,0.5,0,1
8632,431,1494,896,0.5,0,1
8633,431,1494,2261,0.5,0,1
8634,431,1494,2014,0.5,0,1
8635,431,1494,1415,0.5,0,1
8636,431,1494,2192,0.5,0,1
8637,431,1494,297,0.5,0,1
8638,431,1494,400,0.5,0,1
8639,431,1494,549,0.5,0,1
8640,432,3651,3651,0.5,1,1
8641,432,3651,3057,0.5,0,1
8642,432,3651,3621,0.5,0,1
8643,432,3651,1093,0.5,0,1
8644,432,3651,3818,0.5,0,1
8645,432,3651,1064,0.5,0,1
8646,432,3651,3532,0.5,0,1
8647,432,3651,1795,0.5,0,1
8648,432,3651,962,0.5,0,1
8649,432,3651,1108,0.5,0,1
8650,432,3651,81,0.5,0,1
8651,432,3651,1502,0.5,0,1
8652,432,3651,772,0.5,0,1
8653,432,3651,2046,0.5,0,1
8654,432,3651,1941,0.5,0,1
8655,432,3651,1360,0.5,0,1
8656,432,3651,60,0.5,0,1
8657,432,3651,2293,0.5,0,1
8658,432,3651,4111,0.5,0,1
8659,432,3651,1083,0.5,0,1
8660,433,3739,3739,0.5,1,1
8661,433,3739,3795,0.5,0,1
8662,433,3739,909,0.5,0,1
8663,433,3739,1990,0.5,0,1
8664,433,3739,946,0.5,0,1
8665,433,3739,3571,0.5,0,1
8666,433,3739,3251,0.5,0,1
8667,433,3739,1378,0.5,0,1
8668,433,3739,3735,0.5,0,1
8669,433,3739,3525,0.5,0,1
8670,433,3739,3234,0.5,0,1
8671,433,3739,2972,0.5,0,1
8672,433,3739,3392,0.5,0,1
8673,433,3739,3779,0.5,0,1
8674,433,3739,1701,0.5,0,1
8675,433,3739,2210,0.5,0,1
8676,433,3739,12,0.5,0,1
8677,433,3739,3614,0.5,0,1
8678,433,3739,2030,0.5,0,1
8679,433,3739,2338,0.5,0,1
8680,434,2626,2626,0.5,1,1
8681,434,2626,3858,0.5,0,1
8682,434,2626,55,0.5,0,1
8683,434,2626,3419,0.5,0,1
8684,434,2626,771,0.5,0,1
8685,434,2626,3818,0.5,0,1
8686,434,2626,1529,0.5,0,1
8687,434,2626,1414,0.5,0,1
8688,434,2626,2953,0.5,0,1
8689,434,2626,3024,0.5,0,1
8690,434,2626,1359,0.5,0,1
8691,434,2626,3810,0.5,0,1
8692,434,2626,434,0.5,0,1
8693,434,2626,3015,0.5,0,1
8694,434,2626,3409,0.5,0,1
8695,434,2626,121,0.5,0,1
8696,434,2626,1477,0.5,0,1
8697,434,2626,3420,0.5,0,1
8698,434,2626,2964,0.5,0,1
8699,434,2626,3930,0.5,0,1
8700,435,1139,1139,0.5,1,1
8701,435,1139,4167,0.5,0,1
8702,435,1139,302,0.5,0,1
8703,435,1139,2692,0.5,0,1
8704,435,1139,2747,0.5,0,1
8705,435,1139,2919,0.5,0,1
8706,435,1139,2236,0.5,0,1
8707,435,1139,2834,0.5,0,1
8708,435,1139,2873,0.5,0,1
8709,435,1139,1966,0.5,0,1
8710,435,1139,3891,0.5,0,1
8711,435,1139,511,0.5,0,1
8712,435,1139,935,0.5,0,1
8713,435,1139,3690,0.5,0,1
8714,435,1139,2343,0.5,0,1
8715,435,1139,4020,0.5,0,1
8716,435,1139,1559,0.5,0,1
8717,435,1139,1321,0.5,0,1
8718,435,1139,1575,0.5,0,1
8719,435,1139,4007,0.5,0,1
8720,436,82,82,0.5,1,1
8721,436,82,1462,0.5,0,1
8722,436,82,2111,0.5,0,1
8723,436,82,4018,0.5,0,1
8724,436,82,109,0.5,0,1
8725,436,82,1927,0.5,0,1
8726,436,82,286,0.5,0,1
8727,436,82,3720,0.5,0,1
8728,436,82,3517,0.5,0,1
8729,436,82,1200,0.5,0,1
8730,436,82,284,0.5,0,1
8731,436,82,1421,0.5,0,1
8732,436,82,2895,0.5,0,1
8733,436,82,1375,0.5,0,1
8734,436,82,2340,0.5,0,1
8735,436,82,2145,0.5,0,1
8736,436,82,2137,0.5,0,1
8737,436,82,1517,0.5,0,1
8738,436,82,1057,0.5,0,1
8739,436,82,2833,0.5,0,1
8740,437,3713,3713,0.5,1,1
8741,437,3713,2908,0.5,0,1
8742,437,3713,2943,0.5,0,1
8743,437,3713,818,0.5,0,1
8744,437,3713,3378,0.5,0,1
8745,437,3713,5,0.5,0,1
8746,437,3713,2647,0.5,0,1
8747,437,3713,299,0.5,0,1
8748,437,3713,2586,0.5,0,1
8749,437,3713,511,0.5,0,1
8750,437,3713,3081,0.5,0,1
8751,437,3713,2306,0.5,0,1
8752,437,3713,3576,0.5,0,1
8753,437,3713,372,0.5,0,1
8754,437,3713,3651,0.5,0,1
8755,437,3713,3578,0.5,0,1
8756,437,3713,3627,0.5,0,1
8757,437,3713,4094,0.5,0,1
8758,437,3713,543,0.5,0,1
8759,437,3713,2211,0.5,0,1
8760,438,2137,2137,0.5,1,1
8761,438,2137,2623,0.5,0,1
8762,438,2137,2698,0.5,0,1
8763,438,2137,3440,0.5,0,1
8764,438,2137,1805,0.5,0,1
8765,438,2137,4111,0.5,0,1
8766,438,2137,3233,0.5,0,1
8767,438,2137,2595,0.5,0,1
8768,438,2137,183,0.5,0,1
8769,438,2137,4076,0.5,0,1
8770,438,2137,3062,0.5,0,1
8771,438,2137,1255,0.5,0,1
8772,438,2137,2552,0.5,0,1
8773,438,2137,1018,0.5,0,1
8774,438,2137,2653,0.5,0,1
8775,438,2137,3580,0.5,0,1
8776,438,2137,3320,0.5,0,1
8777,438,2137,887,0.5,0,1
8778,438,2137,2503,0.5,0,1
8779,438,2137,3619,0.5,0,1
8780,439,3946,3946,0.5,1,1
8781,439,3946,4029,0.5,0,1
8782,439,3946,2856,0.5,0,1
8783,439,3946,1677,0.5,0,1
8784,439,3946,349,0.5,0,1
8785,439,3946,717,0.5,0,1
8786,439,3946,3683,0.5,0,1
8787,439,3946,3842,0.5,0,1
8788,439,3946,1604,0.5,0,1
8789,439,3946,896,0.5,0,1
8790,439,3946,359,0.5,0,1
8791,439,3946,1521,0.5,0,1
8792,439,3946,129,0.5,0,1
8793,439,3946,3144,0.5,0,1
8794,439,3946,3750,0.5,0,1
8795,439,3946,1885,0.5,0,1
8796,439,3946,3493,0.5,0,1
8797,439,3946,1795,0.5,0,1
8798,439,3946,245,0.5,0,1
8799,439,3946,422,0.5,0,1
8800,440,2038,2038,0.5,1,1
8801,440,2038,3409,0.5,0,1
8802,440,2038,3767,0.5,0,1
8803,440,2038,1426,0.5,0,1
8804,440,2038,2643,0.5,0,1
8805,440,2038,2027,0.5,0,1
8806,440,2038,3912,0.5,0,1
8807,440,2038,570,0.5,0,1
8808,440,2038,3740,0.5,0,1
8809,440,2038,3495,0.5,0,1
8810,440,2038,1179,0.5,0,1
8811,440,2038,3681,0.5,0,1
8812,440,2038,1109,0.5,0,1
8813,440,2038,4011,0.5,0,1
8814,440,2038,2363,0.5,0,1
8815,440,2038,4066,0.5,0,1
8816,440,2038,621,0.5,0,1
8817,440,2038,1963,0.5,0,1
8818,440,2038,769,0.5,0,1
8819,440,2038,3054,0.5,0,1
8820,441,10,10,0.5,1,1
8821,441,10,2598,0.5,0,1
8822,441,10,2147,0.5,0,1
8823,441,10,1357,0.5,0,1
8824,441,10,1332,0.5,0,1
8825,441,10,1020,0.5,0,1
8826,441,10,29,0.5,0,1
8827,441,10,2528,0.5,0,1
8828,441,10,3496,0.5,0,1
8829,441,10,1342,0.5,0,1
8830,441,10,3253,0.5,0,1
8831,441,10,1608,0.5,0,1
8832,441,10,1245,0.5,0,1
8833,441,10,377,0.5,0,1
8834,441,10,1364,0.5,0,1
8835,441,10,1823,0.5,0,1
8836,441,10,3613,0.5,0,1
8837,441,10,1203,0.5,0,1
8838,441,10,1535,0.5,0,1
8839,441,10,2177,0.5,0,1
8840,442,122,122,0.5,1,1
8841,442,122,1816,0.5,0,1
8842,442,122,3007,0.5,0,1
8843,442,122,3365,0.5,0,1
8844,442,122,4100,0.5,0,1
8845,442,122,2934,0.5,0,1
8846,442,122,2628,0.5,0,1
8847,442,122,612,0.5,0,1
8848,442,122,3316,0.5,0,1
8849,442,122,1480,0.5,0,1
8850,442,122,2490,0.5,0,1
8851,442,122,260,0.5,0,1
8852,442,122,1158,0.5,0,1
8853,442,122,2075,0.5,0,1
8854,442,122,2672,0.5,0,1
8855,442,122,418,0.5,0,1
8856,442,122,2885,0.5,0,1
8857,442,122,3726,0.5,0,1
8858,442,122,2293,0.5,0,1
8859,442,122,3704,0.5,0,1
8860,443,2936,2936,0.5,1,1
8861,443,2936,3321,0.5,0,1
8862,443,2936,3781,0.5,0,1
8863,443,2936,895,0.5,0,1
8864,443,2936,1280,0.5,0,1
8865,443,2936,55,0.5,0,1
8866,443,2936,3104,0.5,0,1
8867,443,2936,1969,0.5,0,1
8868,443,2936,4057,0.5,0,1
8869,443,2936,242,0.5,0,1
8870,443,2936,1316,0.5,0,1
8871,443,2936,3289,0.5,0,1
8872,443,2936,872,0.5,0,1
8873,443,2936,2825,0.5,0,1
8874,443,2936,2173,0.5,0,1
8875,443,2936,840,0.5,0,1
8876,443,2936,2296,0.5,0,1
8877,443,2936,666,0.5,0,1
8878,443,2936,1661,0.5,0,1
8879,443,2936,873,0.5,0,1
8880,444,291,291,0.5,1,1
8881,444,291,2482,0.5,0,1
8882,444,291,2214,0.5,0,1
8883,444,291,1921,0.5,0,1
8884,444,291,3384,0.5,0,1
8885,444,291,628,0.5,0,1
8886,444,291,2250,0.5,0,1
8887,444,291,145,0.5,0,1
8888,444,291,2007,0.5,0,1
8889,444,291,2039,0.5,0,1
8890,444,291,901,0.5,0,1
8891,444,291,1948,0.5,0,1
8892,444,291,1738,0.5,0,1
8893,444,291,1935,0.5,0,1
8894,444,291,3540,0.5,0,1
8895,444,291,3822,0.5,0,1
8896,444,291,2880,0.5,0,1
8897,444,291,2629,0.5,0,1
8898,444,291,484,0.5,0,1
8899,444,291,3273,0.5,0,1
8900,445,2405,2405,0.5,1,1
8901,445,2405,1872,0.5,0,1
8902,445,2405,4080,0.5,0,1
8903,445,2405,2372,0.5,0,1
8904,445,2405,3276,0.5,0,1
8905,445,2405,2583,0.5,0,1
8906,445,2405,1081,0.5,0,1
8907,445,2405,4139,0.5,0,1
8908,445,2405,1562,0.5,0,1
8909,445,2405,3762,0.5,0,1
8910,445,2405,2302,0.5,0,1
8911,445,2405,1139,0.5,0,1
8912,445,2405,3742,0.5,0,1
8913,445,2405,1780,0.5,0,1
8914,445,2405,3066,0.5,0,1
8915,445,2405,1494,0.5,0,1
8916,445,2405,638,0.5,0,1
8917,445,2405,730,0.5,0,1
8918,445,2405,2728,0.5,0,1
8919,445,2405,253,0.5,0,1
8920,446,1732,1732,0.5,1,1
8921,446,1732,2644,0.5,0,1
8922,446,1732,3115,0.5,0,1
8923,446,1732,596,0.5,0,1
8924,446,1732,3044,0.5,0,1
8925,446,1732,3578,0.5,0,1
8926,446,1732,204,0.5,0,1
8927,446,1732,489,0.5,0,1
8928,446,1732,2928,0.5,0,1
8929,446,1732,1615,0.5,0,1
8930,446,1732,964,0.5,0,1
8931,446,1732,3558,0.5,0,1
8932,446,1732,1271,0.5,0,1
8933,446,1732,3104,0.5,0,1
8934,446,1732,1503,0.5,0,1
8935,446,1732,2455,0.5,0,1
8936,446,1732,4005,0.5,0,1
8937,446,1732,869,0.5,0,1
8938,446,1732,40,0.5,0,1
8939,446,1732,4106,0.5,0,1
8940,447,1542,1542,0.5,1,1
8941,447,1542,2287,0.5,0,1
8942,447,1542,2360,0.5,0,1
8943,447,1542,2034,0.5,0,1
8944,447,1542,977,0.5,0,1
8945,447,1542,2575,0.5,0,1
8946,447,1542,2000,0.5,0,1
8947,447,1542,32,0.5,0,1
8948,447,1542,57,0.5,0,1
8949,447,1542,2392,0.5,0,1
8950,447,1542,2927,0.5,0,1
8951,447,1542,2157,0.5,0,1
8952,447,1542,3689,0.5,0,1
8953,447,1542,3458,0.5,0,1
8954,447,1542,2586,0.5,0,1
8955,447,1542,275,0.5,0,1
8956,447,1542,2173,0.5,0,1
8957,447,1542,973,0.5,0,1
8958,447,1542,3003,0.5,0,1
8959,447,1542,2888,0.5,0,1
8960,448,1770,1770,0.5,1,1
8961,448,1770,1735,0.5,0,1
8962,448,1770,2835,0.5,0,1
8963,448,1770,3898,0.5,0,1
8964,448,1770,2285,0.5,0,1
8965,448,1770,3479,0.5,0,1
8966,448,1770,1776,0.5,0,1
8967,448,1770,1074,0.5,0,1
8968,448,1770,1582,0.5,0,1
8969,448,1770,3891,0.5,0,1
8970,448,1770,2175,0.5,0,1
8971,448,1770,1933,0.5,0,1
8972,448,1770,2888,0.5,0,1
8973,448,1770,2091,0.5,0,1
8974,448,1770,1671,0.5,0,1
8975,448,1770,2887,0.5,0,1
8976,448,1770,2858,0.5,0,1
8977,448,1770,2364,0.5,0,1
8978,448,1770,2334,0.5,0,1
8979,448,1770,298,0.5,0,1
8980,449,1952,1952,0.5,1,1
8981,449,1952,2724,0.5,0,1
8982,449,1952,282,0.5,0,1
8983,449,1952,3942,0.5,0,1
8984,449,1952,1545,0.5,0,1
8985,449,1952,705,0.5,0,1
8986,449,1952,1654,0.5,0,1
8987,449,1952,2412,0.5,0,1
8988,449,1952,735,0.5,0,1
8989,449,1952,2215,0.5,0,1
8990,449,1952,4171,0.5,0,1
8991,449,1952,3799,0.5,0,1
8992,449,1952,1681,0.5,0,1
8993,449,1952,1741,0.5,0,1
8994,449,1952,3719,0.5,0,1
8995,449,1952,2757,0.5,0,1
8996,449,1952,2631,0.5,0,1
8997,449,1952,3254,0.5,0,1
8998,449,1952,1622,0.5,0,1
8999,449,1952,3123,0.5,0,1
9000,450,2476,2476,0.5,1,1
9001,450,2476,2298,0.5,0,1
9002,450,2476,2627,0.5,0,1
9003,450,2476,2582,0.5,0,1
9004,450,2476,134,0.5,0,1
9005,450,2476,2910,0.5,0,1
9006,450,2476,37,0.5,0,1
9007,450,2476,2704,0.5,0,1
9008,450,2476,1463,0.5,0,1
9009,450,2476,4089,0.5,0,1
9010,450,2476,1104,0.5,0,1
9011,450,2476,3958,0.5,0,1
9012,450,2476,3104,0.5,0,1
9013,450,2476,902,0.5,0,1
9014,450,2476,2367,0.5,0,1
9015,450,2476,1805,0.5,0,1
9016,450,2476,1931,0.5,0,1
9017,450,2476,1721,0.5,0,1
9018,450,2476,3575,0.5,0,1
9019,450,2476,389,0.5,0,1
9020,451,3193,3193,0.5,1,1
9021,451,3193,810,0.5,0,1
9022,451,3193,872,0.5,0,1
9023,451,3193,1528,0.5,0,1
9024,451,3193,424,0.5,0,1
9025,451,3193,1358,0.5,0,1
9026,451,3193,2291,0.5,0,1
9027,451,3193,1739,0.5,0,1
9028,451,3193,1840,0.5,0,1
9029,451,3193,1234,0.5,0,1
9030,451,3193,3130,0.5,0,1
9031,451,3193,1088,0.5,0,1
9032,451,3193,2634,0.5,0,1
9033,451,3193,3812,0.5,0,1
9034,451,3193,3032,0.5,0,1
9035,451,3193,369,0.5,0,1
9036,451,3193,2358,0.5,0,1
9037,451,3193,1942,0.5,0,1
9038,451,3193,2168,0.5,0,1
9039,451,3193,2281,0.5,0,1
9040,452,2662,2662,0.5,1,1
9041,452,2662,2370,0.5,0,1
9042,452,2662,3391,0.5,0,1
9043,452,2662,3211,0.5,0,1
9044,452,2662,1891,0.5,0,1
9045,452,2662,1241,0.5,0,1
9046,452,2662,3048,0.5,0,1
9047,452,2662,269,0.5,0,1
9048,452,2662,183,0.5,0,1
9049,452,2662,3726,0.5,0,1
9050,452,2662,1502,0.5,0,1
9051,452,2662,1993,0.5,0,1
9052,452,2662,1103,0.5,0,1
9053,452,2662,2644,0.5,0,1
9054,452,2662,1902,0.5,0,1
9055,452,2662,1256,0.5,0,1
9056,452,2662,4136,0.5,0,1
9057,452,2662,4049,0.5,0,1
9058,452,2662,2434,0.5,0,1
9059,452,2662,335,0.5,0,1
9060,453,2981,2981,0.5,1,1
9061,453,2981,3480,0.5,0,1
9062,453,2981,1664,0.5,0,1
9063,453,2981,3174,0.5,0,1
9064,453,2981,223,0.5,0,1
9065,453,2981,3860,0.5,0,1
9066,453,2981,335,0.5,0,1
9067,453,2981,3063,0.5,0,1
9068,453,2981,2865,0.5,0,1
9069,453,2981,2011,0.5,0,1
9070,453,2981,1082,0.5,0,1
9071,453,2981,2359,0.5,0,1
9072,453,2981,309,0.5,0,1
9073,453,2981,355,0.5,0,1
9074,453,2981,1929,0.5,0,1
9075,453,2981,1451,0.5,0,1
9076,453,2981,3134,0.5,0,1
9077,453,2981,2585,0.5,0,1
9078,453,2981,3992,0.5,0,1
9079,453,2981,3734,0.5,0,1
9080,454,4016,4016,0.5,1,1
9081,454,4016,2853,0.5,0,1
9082,454,4016,211,0.5,0,1
9083,454,4016,2022,0.5,0,1
9084,454,4016,3049,0.5,0,1
9085,454,4016,3919,0.5,0,1
9086,454,4016,537,0.5,0,1
9087,454,4016,1641,0.5,0,1
9088,454,4016,1036,0.5,0,1
9089,454,4016,2821,0.5,0,1
9090,454,4016,364,0.5,0,1
9091,454,4016,398,0.5,0,1
9092,454,4016,2266,0.5,0,1
9093,454,4016,301,0.5,0,1
9094,454,4016,1312,0.5,0,1
9095,454,4016,3210,0.5,0,1
9096,454,4016,945,0.5,0,1
9097,454,4016,3343,0.5,0,1
9098,454,4016,123,0.5,0,1
9099,454,4016,823,0.5,0,1
9100,455,2490,2490,0.5,1,1
9101,455,2490,3229,0.5,0,1
9102,455,2490,4161,0.5,0,1
9103,455,2490,3717,0.5,0,1
9104,455,2490,2840,0.5,0,1
9105,455,2490,1694,0.5,0,1
9106,455,2490,2555,0.5,0,1
9107,455,2490,178,0.5,0,1
9108,455,2490,1842,0.5,0,1
9109,455,2490,3504,0.5,0,1
9110,455,2490,1191,0.5,0,1
9111,455,2490,335,0.5,0,1
9112,455,2490,296,0.5,0,1
9113,455,2490,3244,0.5,0,1
9114,455,2490,86,0.5,0,1
9115,455,2490,253,0.5,0,1
9116,455,2490,1173,0.5,0,1
9117,455,2490,610,0.5,0,1
9118,455,2490,633,0.5,0,1
9119,455,2490,1743,0.5,0,1
9120,456,243,243,0.5,1,1
9121,456,243,2423,0.5,0,1
9122,456,243,3847,0.5,0,1
9123,456,243,1167,0.5,0,1
9124,456,243,3508,0.5,0,1
9125,456,243,1756,0.5,0,1
9126,456,243,1663,0.5,0,1
9127,456,243,1055,0.5,0,1
9128,456,243,1834,0.5,0,1
9129,456,243,620,0.5,0,1
9130,456,243,410,0.5,0,1
9131,456,243,722,0.5,0,1
9132,456,243,1947,0.5,0,1
9133,456,243,2010,0.5,0,1
9134,456,243,3807,0.5,0,1
9135,456,243,3862,0.5,0,1
9136,456,243,3680,0.5,0,1
9137,456,243,1447,0.5,0,1
9138,456,243,2092,0.5,0,1
9139,456,243,4041,0.5,0,1
9140,457,2671,2671,0.5,1,1
9141,457,2671,2756,0.5,0,1
9142,457,2671,2574,0.5,0,1
9143,457,2671,229,0.5,0,1
9144,457,2671,2303,0.5,0,1
9145,457,2671,3840,0.5,0,1
9146,457,2671,1942,0.5,0,1
9147,457,2671,3109,0.5,0,1
9148,457,2671,4112,0.5,0,1
9149,457,2671,1256,0.5,0,1
9150,457,2671,3433,0.5,0,1
9151,457,2671,1994,0.5,0,1
9152,457,2671,3934,0.5,0,1
9153,457,2671,414,0.5,0,1
9154,457,2671,3829,0.5,0,1
9155,457,2671,1774,0.5,0,1
9156,457,2671,87,0.5,0,1
9157,457,2671,2802,0.5,0,1
9158,457,2671,3418,0.5,0,1
9159,457,2671,3624,0.5,0,1
9160,458,2193,2193,0.5,1,1
9161,458,2193,862,0.5,0,1
9162,458,2193,1475,0.5,0,1
9163,458,2193,837,0.5,0,1
9164,458,2193,1942,0.5,0,1
9165,458,2193,2369,0.5,0,1
9166,458,2193,850,0.5,0,1
9167,458,2193,716,0.5,0,1
9168,458,2193,880,0.5,0,1
9169,458,2193,3989,0.5,0,1
9170,458,2193,9,0.5,0,1
9171,458,2193,2660,0.5,0,1
9172,458,2193,2553,0.5,0,1
9173,458,2193,2719,0.5,0,1
9174,458,2193,330,0.5,0,1
9175,458,2193,874,0.5,0,1
9176,458,2193,3890,0.5,0,1
9177,458,2193,129,0.5,0,1
9178,458,2193,1801,0.5,0,1
9179,458,2193,3646,0.5,0,1
9180,459,1614,1614,0.5,1,1
9181,459,1614,1191,0.5,0,1
9182,459,1614,3372,0.5,0,1
9183,459,1614,1656,0.5,0,1
9184,459,1614,1952,0.5,0,1
9185,459,1614,2443,0.5,0,1
9186,459,1614,784,0.5,0,1
9187,459,1614,524,0.5,0,1
9188,459,1614,187,0.5,0,1
9189,459,1614,293,0.5,0,1
9190,459,1614,2514,0.5,0,1
9191,459,1614,776,0.5,0,1
9192,459,1614,2216,0.5,0,1
9193,459,1614,3210,0.5,0,1
9194,459,1614,3873,0.5,0,1
9195,459,1614,747,0.5,0,1
9196,459,1614,522,0.5,0,1
9197,459,1614,2379,0.5,0,1
9198,459,1614,946,0.5,0,1
9199,459,1614,1688,0.5,0,1
9200,460,2620,2620,0.5,1,1
9201,460,2620,1679,0.5,0,1
9202,460,2620,3907,0.5,0,1
9203,460,2620,3289,0.5,0,1
9204,460,2620,579,0.5,0,1
9205,460,2620,2180,0.5,0,1
9206,460,2620,2936,0.5,0,1
9207,460,2620,1750,0.5,0,1
9208,460,2620,1396,0.5,0,1
9209,460,2620,4045,0.5,0,1
9210,460,2620,3819,0.5,0,1
9211,460,2620,2806,0.5,0,1
9212,460,2620,795,0.5,0,1
9213,460,2620,1172,0.5,0,1
9214,460,2620,1067,0.5,0,1
9215,460,2620,2951,0.5,0,1
9216,460,2620,2888,0.5,0,1
9217,460,2620,3941,0.5,0,1
9218,460,2620,591,0.5,0,1
9219,460,2620,2242,0.5,0,1
9220,461,3047,3047,0.5,1,1
9221,461,3047,652,0.5,0,1
9222,461,3047,1074,0.5,0,1
9223,461,3047,1391,0.5,0,1
9224,461,3047,975,0.5,0,1
9225,461,3047,3471,0.5,0,1
9226,461,3047,1873,0.5,0,1
9227,461,3047,1578,0.5,0,1
9228,461,3047,2560,0.5,0,1
9229,461,3047,4082,0.5,0,1
9230,461,3047,1477,0.5,0,1
9231,461,3047,1258,0.5,0,1
9232,461,3047,669,0.5,0,1
9233,461,3047,1461,0.5,0,1
9234,461,3047,3068,0.5,0,1
9235,461,3047,2938,0.5,0,1
9236,461,3047,1222,0.5,0,1
9237,461,3047,1766,0.5,0,1
9238,461,3047,1589,0.5,0,1
9239,461,3047,3855,0.5,0,1
9240,462,3290,3290,0.5,1,1
9241,462,3290,970,0.5,0,1
9242,462,3290,2696,0.5,0,1
9243,462,3290,3785,0.5,0,1
9244,462,3290,766,0.5,0,1
9245,462,3290,4178,0.5,0,1
9246,462,3290,1245,0.5,0,1
9247,462,3290,1267,0.5,0,1
9248,462,3290,3596,0.5,0,1
9249,462,3290,1804,0.5,0,1
9250,462,3290,901,0.5,0,1
9251,462,3290,139,0.5,0,1
9252,462,3290,3463,0.5,0,1
9253,462,3290,43,0.5,0,1
9254,462,3290,97,0.5,0,1
9255,462,3290,3680,0.5,0,1
9256,462,3290,265,0.5,0,1
9257,462,3290,3081,0.5,0,1
9258,462,3290,1756,0.5,0,1
9259,462,3290,1778,0.5,0,1
9260,463,3442,3442,0.5,1,1
9261,463,3442,847,0.5,0,1
9262,463,3442,145,0.5,0,1
9263,463,3442,3546,0.5,0,1
9264,463,3442,3615,0.5,0,1
9265,463,3442,2985,0.5,0,1
9266,463,3442,1099,0.5,0,1
9267,463,3442,2940,0.5,0,1
9268,463,3442,4157,0.5,0,1
9269,463,3442,782,0.5,0,1
9270,463,3442,956,0.5,0,1
9271,463,3442,913,0.5,0,1
9272,463,3442,4061,0.5,0,1
9273,463,3442,2996,0.5,0,1
9274,463,3442,2767,0.5,0,1
9275,463,3442,459,0.5,0,1
9276,463,3442,1289,0.5,0,1
9277,463,3442,1158,0.5,0,1
9278,463,3442,3424,0.5,0,1
9279,463,3442,4158,0.5,0,1
9280,464,1289,1289,0.5,1,1
9281,464,1289,2449,0.5,0,1
9282,464,1289,1185,0.5,0,1
9283,464,1289,2568,0.5,0,1
9284,464,1289,2942,0.5,0,1
9285,464,1289,1812,0.5,0,1
9286,464,1289,959,0.5,0,1
9287,464,1289,3038,0.5,0,1
9288,464,1289,2868,0.5,0,1
9289,464,1289,1205,0.5,0,1
9290,464,1289,193,0.5,0,1
9291,464,1289,3427,0.5,0,1
9292,464,1289,1354,0.5,0,1
9293,464,1289,1065,0.5,0,1
9294,464,1289,983,0.5,0,1
9295,464,1289,1837,0.5,0,1
9296,464,1289,2026,0.5,0,1
9297,464,1289,1366,0.5,0,1
9298,464,1289,1176,0.5,0,1
9299,464,1289,2859,0.5,0,1
9300,465,1583,1583,0.5,1,1
9301,465,1583,3407,0.5,0,1
9302,465,1583,3143,0.5,0,1
9303,465,1583,3350,0.5,0,1
9304,465,1583,2216,0.5,0,1
9305,465,1583,3842,0.5,0,1
9306,465,1583,1528,0.5,0,1
9307,465,1583,3336,0.5,0,1
9308,465,1583,947,0.5,0,1
9309,465,1583,3710,0.5,0,1
9310,465,1583,2658,0.5,0,1
9311,465,1583,156,0.5,0,1
9312,465,1583,2400,0.5,0,1
9313,465,1583,2272,0.5,0,1
9314,465,1583,610,0.5,0,1
9315,465,1583,4086,0.5,0,1
9316,465,1583,828,0.5,0,1
9317,465,1583,1974,0.5,0,1
9318,465,1583,484,0.5,0,1
9319,465,1583,3215,0.5,0,1
9320,466,1904,1904,0.5,1,1
9321,466,1904,1427,0.5,0,1
9322,466,1904,3570,0.5,0,1
9323,466,1904,2500,0.5,0,1
9324,466,1904,664,0.5,0,1
9325,466,1904,1325,0.5,0,1
9326,466,1904,2135,0.5,0,1
9327,466,1904,1784,0.5,0,1
9328,466,1904,1812,0.5,0,1
9329,466,1904,2662,0.5,0,1
9330,466,1904,46,0.5,0,1
9331,466,1904,2905,0.5,0,1
9332,466,1904,1693,0.5,0,1
9333,466,1904,227,0.5,0,1
9334,466,1904,565,0.5,0,1
9335,466,1904,1643,0.5,0,1
9336,466,1904,3024,0.5,0,1
9337,466,1904,489,0.5,0,1
9338,466,1904,1770,0.5,0,1
9339,466,1904,81,0.5,0,1
9340,467,3422,3422,0.5,1,1
9341,467,3422,1102,0.5,0,1
9342,467,3422,1237,0.5,0,1
9343,467,3422,1815,0.5,0,1
9344,467,3422,882,0.5,0,1
9345,467,3422,70,0.5,0,1
9346,467,3422,753,0.5,0,1
9347,467,3422,3317,0.5,0,1
9348,467,3422,4137,0.5,0,1
9349,467,3422,530,0.5,0,1
9350,467,3422,2517,0.5,0,1
9351,467,3422,2551,0.5,0,1
9352,467,3422,2918,0.5,0,1
9353,467,3422,3448,0.5,0,1
9354,467,3422,468,0.5,0,1
9355,467,3422,3445,0.5,0,1
9356,467,3422,839,0.5,0,1
9357,467,3422,1904,0.5,0,1
9358,467,3422,298,0.5,0,1
9359,467,3422,320,0.5,0,1
9360,468,716,716,0.5,1,1
9361,468,716,1829,0.5,0,1
9362,468,716,304,0.5,0,1
9363,468,716,3196,0.5,0,1
9364,468,716,3870,0.5,0,1
9365,468,716,1093,0.5,0,1
9366,468,716,2011,0.5,0,1
9367,468,716,2470,0.5,0,1
9368,468,716,1489,0.5,0,1
9369,468,716,2263,0.5,0,1
9370,468,716,1539,0.5,0,1
9371,468,716,2902,0.5,0,1
9372,468,716,3175,0.5,0,1
9373,468,716,393,0.5,0,1
9374,468,716,4169,0.5,0,1
9375,468,716,3213,0.5,0,1
9376,468,716,53,0.5,0,1
9377,468,716,2087,0.5,0,1
9378,468,716,2079,0.5,0,1
9379,468,716,2610,0.5,0,1
9380,469,3480,3480,0.5,1,1
9381,469,3480,2193,0.5,0,1
9382,469,3480,604,0.5,0,1
9383,469,3480,2980,0.5,0,1
9384,469,3480,2793,0.5,0,1
9385,469,3480,2321,0.5,0,1
9386,469,3480,1985,0.5,0,1
9387,469,3480,1801,0.5,0,1
9388,469,3480,3788,0.5,0,1
9389,469,3480,1958,0.5,0,1
9390,469,3480,639,0.5,0,1
9391,469,3480,669,0.5,0,1
9392,469,3480,1322,0.5,0,1
9393,469,3480,3367,0.5,0,1
9394,469,3480,2463,0.5,0,1
9395,469,3480,4022,0.5,0,1
9396,469,3480,2725,0.5,0,1
9397,469,3480,442,0.5,0,1
9398,469,3480,2663,0.5,0,1
9399,469,3480,3647,0.5,0,1
9400,470,3678,3678,0.5,1,1
9401,470,3678,1821,0.5,0,1
9402,470,3678,3714,0.5,0,1
9403,470,3678,1772,0.5,0,1
9404,470,3678,3115,0.5,0,1
9405,470,3678,1210,0.5,0,1
9406,470,3678,3118,0.5,0,1
9407,470,3678,3221,0.5,0,1
9408,470,3678,3258,0.5,0,1
9409,470,3678,3719,0.5,0,1
9410,470,3678,3754,0.5,0,1
9411,470,3678,1644,0.5,0,1
9412,470,3678,2277,0.5,0,1
9413,470,3678,2104,0.5,0,1
9414,470,3678,3646,0.5,0,1
9415,470,3678,3477,0.5,0,1
9416,470,3678,1302,0.5,0,1
9417,470,3678,2333,0.5,0,1
9418,470,3678,2823,0.5,0,1
9419,470,3678,1677,0.5,0,1
9420,471,1561,1561,0.5,1,1
9421,471,1561,1051,0.5,0,1
9422,471,1561,2918,0.5,0,1
9423,471,1561,1153,0.5,0,1
9424,471,1561,892,0.5,0,1
9425,471,1561,594,0.5,0,1
9426,471,1561,1290,0.5,0,1
9427,471,1561,2467,0.5,0,1
9428,471,1561,1488,0.5,0,1
9429,471,1561,1900,0.5,0,1
9430,471,1561,2166,0.5,0,1
9431,471,1561,1502,0.5,0,1
9432,471,1561,3539,0.5,0,1
9433,471,1561,1977,0.5,0,1
9434,471,1561,1054,0.5,0,1
9435,471,1561,468,0.5,0,1
9436,471,1561,2228,0.5,0,1
9437,471,1561,3639,0.5,0,1
9438,471,1561,224,0.5,0,1
9439,471,1561,2766,0.5,0,1
9440,472,2407,2407,0.5,1,1
9441,472,2407,312,0.5,0,1
9442,472,2407,1083,0.5,0,1
9443,472,2407,277,0.5,0,1
9444,472,2407,2296,0.5,0,1
9445,472,2407,2983,0.5,0,1
9446,472,2407,448,0.5,0,1
9447,472,2407,2382,0.5,0,1
9448,472,2407,3930,0.5,0,1
9449,472,2407,2279,0.5,0,1
9450,472,2407,316,0.5,0,1
9451,472,2407,3648,0.5,0,1
9452,472,2407,3917,0.5,0,1
9453,472,2407,930,0.5,0,1
9454,472,2407,151,0.5,0,1
9455,472,2407,2244,0.5,0,1
9456,472,2407,2525,0.5,0,1
9457,472,2407,2452,0.5,0,1
9458,472,2407,3971,0.5,0,1
9459,472,2407,3143,0.5,0,1
9460,473,1677,1677,0.5,1,1
9461,473,1677,3460,0.5,0,1
9462,473,1677,4110,0.5,0,1
9463,473,1677,3864,0.5,0,1
9464,473,1677,3951,0.5,0,1
9465,473,1677,1154,0.5,0,1
9466,473,1677,1610,0.5,0,1
9467,473,1677,1353,0.5,0,1
9468,473,1677,3577,0.5,0,1
9469,473,1677,432,0.5,0,1
9470,473,1677,3651,0.5,0,1
9471,473,1677,519,0.5,0,1
9472,473,1677,1848,0.5,0,1
9473,473,1677,596,0.5,0,1
9474,473,1677,700,0.5,0,1
9475,473,1677,803,0.5,0,1
9476,473,1677,188,0.5,0,1
9477,473,1677,2006,0.5,0,1
9478,473,1677,2155,0.5,0,1
9479,473,1677,1180,0.5,0,1
9480,474,3896,3896,0.5,1,1
9481,474,3896,540,0.5,0,1
9482,474,3896,1440,0.5,0,1
9483,474,3896,314,0.5,0,1
9484,474,3896,410,0.5,0,1
9485,474,3896,3556,0.5,0,1
9486,474,3896,2089,0.5,0,1
9487,474,3896,2601,0.5,0,1
9488,474,3896,1892,0.5,0,1
9489,474,3896,1417,0.5,0,1
9490,474,3896,2002,0.5,0,1
9491,474,3896,2693,0.5,0,1
9492,474,3896,667,0.5,0,1
9493,474,3896,2236,0.5,0,1
9494,474,3896,1806,0.5,0,1
9495,474,3896,1508,0.5,0,1
9496,474,3896,904,0.5,0,1
9497,474,3896,334,0.5,0,1
9498,474,3896,3464,0.5,0,1
9499,474,3896,2473,0.5,0,1
9500,475,3724,3724,0.5,1,1
9501,475,3724,3841,0.5,0,1
9502,475,3724,1517,0.5,0,1
9503,475,3724,1820,0.5,0,1
9504,475,3724,3653,0.5,0,1
9505,475,3724,1900,0.5,0,1
9506,475,3724,2319,0.5,0,1
9507,475,3724,170,0.5,0,1
9508,475,3724,1217,0.5,0,1
9509,475,3724,3972,0.5,0,1
9510,475,3724,2911,0.5,0,1
9511,475,3724,1791,0.5,0,1
9512,475,3724,1963,0.5,0,1
9513,475,3724,1712,0.5,0,1
9514,475,3724,429,0.5,0,1
9515,475,3724,2921,0.5,0,1
9516,475,3724,483,0.5,0,1
9517,475,3724,715,0.5,0,1
9518,475,3724,838,0.5,0,1
9519,475,3724,3056,0.5,0,1
9520,476,3519,3519,0.5,1,1
9521,476,3519,3366,0.5,0,1
9522,476,3519,195,0.5,0,1
9523,476,3519,607,0.5,0,1
9524,476,3519,3096,0.5,0,1
9525,476,3519,3112,0.5,0,1
9526,476,3519,3106,0.5,0,1
9527,476,3519,3924,0.5,0,1
9528,476,3519,408,0.5,0,1
9529,476,3519,2777,0.5,0,1
9530,476,3519,1026,0.5,0,1
9531,476,3519,1163,0.5,0,1
9532,476,3519,3311,0.5,0,1
9533,476,3519,1679,0.5,0,1
9534,476,3519,2667,0.5,0,1
9535,476,3519,4170,0.5,0,1
9536,476,3519,1584,0.5,0,1
9537,476,3519,3157,0.5,0,1
9538,476,3519,2507,0.5,0,1
9539,476,3519,950,0.5,0,1
9540,477,3623,3623,0.5,1,1
9541,477,3623,2386,0.5,0,1
9542,477,3623,1970,0.5,0,1
9543,477,3623,3647,0.5,0,1
9544,477,3623,650,0.5,0,1
9545,477,3623,2838,0.5,0,1
9546,477,3623,937,0.5,0,1
9547,477,3623,3816,0.5,0,1
9548,477,3623,1959,0.5,0,1
9549,477,3623,446,0.5,0,1
9550,477,3623,865,0.5,0,1
9551,477,3623,2658,0.5,0,1
9552,477,3623,1849,0.5,0,1
9553,477,3623,2758,0.5,0,1
9554,477,3623,3441,0.5,0,1
9555,477,3623,2012,0.5,0,1
9556,477,3623,3857,0.5,0,1
9557,477,3623,1113,0.5,0,1
9558,477,3623,2853,0.5,0,1
9559,477,3623,44,0.5,0,1
9560,478,1460,1460,0.5,1,1
9561,478,1460,1383,0.5,0,1
9562,478,1460,1369,0.5,0,1
9563,478,1460,378,0.5,0,1
9564,478,1460,3610,0.5,0,1
9565,478,1460,4128,0.5,0,1
9566,478,1460,3282,0.5,0,1
9567,478,1460,3387,0.5,0,1
9568,478,1460,349,0.5,0,1
9569,478,1460,543,0.5,0,1
9570,478,1460,3341,0.5,0,1
9571,478,1460,2675,0.5,0,1
9572,478,1460,1357,0.5,0,1
9573,478,1460,4023,0.5,0,1
9574,478,1460,350,0.5,0,1
9575,478,1460,1789,0.5,0,1
9576,478,1460,2345,0.5,0,1
9577,478,1460,1766,0.5,0,1
9578,478,1460,660,0.5,0,1
9579,478,1460,3015,0.5,0,1
9580,479,1119,1119,0.5,1,1
9581,479,1119,3370,0.5,0,1
9582,479,1119,1561,0.5,0,1
9583,479,1119,2315,0.5,0,1
9584,479,1119,2260,0.5,0,1
9585,479,1119,1041,0.5,0,1
9586,479,1119,3767,0.5,0,1
9587,479,1119,243,0.5,0,1
9588,479,1119,1263,0.5,0,1
9589,479,1119,3041,0.5,0,1
9590,479,1119,3051,0.5,0,1
9591,479,1119,877,0.5,0,1
9592,479,1119,1966,0.5,0,1
9593,479,1119,623,0.5,0,1
9594,479,1119,3362,0.5,0,1
9595,479,1119,878,0.5,0,1
9596,479,1119,3136,0.5,0,1
9597,479,1119,670,0.5,0,1
9598,479,1119,1740,0.5,0,1
9599,479,1119,2703,0.5,0,1
9600,480,2786,2786,0.5,1,1
9601,480,2786,3867,0.5,0,1
9602,480,2786,28,0.5,0,1
9603,480,2786,3380,0.5,0,1
9604,480,2786,960,0.5,0,1
9605,480,2786,3177,0.5,0,1
9606,480,2786,3386,0.5,0,1
9607,480,2786,3395,0.5,0,1
9608,480,2786,1767,0.5,0,1
9609,480,2786,2237,0.5,0,1
9610,480,2786,379,0.5,0,1
9611,480,2786,1644,0.5,0,1
9612,480,2786,765,0.5,0,1
9613,480,2786,418,0.5,0,1
9614,480,2786,651,0.5,0,1
9615,480,2786,2984,0.5,0,1
9616,480,2786,2673,0.5,0,1
9617,480,2786,2636,0.5,0,1
9618,480,2786,2197,0.5,0,1
9619,480,2786,3004,0.5,0,1
9620,481,1996,1996,0.5,1,1
9621,481,1996,695,0.5,0,1
9622,481,1996,80,0.5,0,1
9623,481,1996,4076,0.5,0,1
9624,481,1996,1880,0.5,0,1
9625,481,1996,1227,0.5,0,1
9626,481,1996,671,0.5,0,1
9627,481,1996,2078,0.5,0,1
9628,481,1996,226,0.5,0,1
9629,481,1996,288,0.5,0,1
9630,481,1996,3266,0.5,0,1
9631,481,1996,1702,0.5,0,1
9632,481,1996,3848,0.5,0,1
9633,481,1996,96,0.5,0,1
9634,481,1996,1760,0.5,0,1
9635,481,1996,3591,0.5,0,1
9636,481,1996,620,0.5,0,1
9637,481,1996,571,0.5,0,1
9638,481,1996,3032,0.5,0,1
9639,481,1996,2775,0.5,0,1
9640,482,3038,3038,0.5,1,1
9641,482,3038,1705,0.5,0,1
9642,482,3038,1098,0.5,0,1
9643,482,3038,321,0.5,0,1
9644,482,3038,1045,0.5,0,1
9645,482,3038,1708,0.5,0,1
9646,482,3038,1968,0.5,0,1
9647,482,3038,1086,0.5,0,1
9648,482,3038,1827,0.5,0,1
9649,482,3038,57,0.5,0,1
9650,482,3038,3141,0.5,0,1
9651,482,3038,1159,0.5,0,1
9652,482,3038,1805,0.5,0,1
9653,482,3038,1972,0.5,0,1
9654,482,3038,1576,0.5,0,1
9655,482,3038,237,0.5,0,1
9656,482,3038,2948,0.5,0,1
9657,482,3038,2841,0.5,0,1
9658,482,3038,1761,0.5,0,1
9659,482,3038,761,0.5,0,1
9660,483,2390,2390,0.5,1,1
9661,483,2390,1234,0.5,0,1
9662,483,2390,863,0.5,0,1
9663,483,2390,1299,0.5,0,1
9664,483,2390,403,0.5,0,1
9665,483,2390,1125,0.5,0,1
9666,483,2390,2441,0.5,0,1
9667,483,2390,2778,0.5,0,1
9668,483,2390,3231,0.5,0,1
9669,483,2390,3600,0.5,0,1
9670,483,2390,2749,0.5,0,1
9671,483,2390,1984,0.5,0,1
9672,483,2390,2768,0.5,0,1
9673,483,2390,2048,0.5,0,1
9674,483,2390,1761,0.5,0,1
9675,483,2390,3126,0.5,0,1
9676,483,2390,1580,0.5,0,1
9677,483,2390,535,0.5,0,1
9678,483,2390,4110,0.5,0,1
9679,483,2390,2842,0.5,0,1
9680,484,3779,3779,0.5,1,1
9681,484,3779,3047,0.5,0,1
9682,484,3779,3352,0.5,0,1
9683,484,3779,583,0.5,0,1
9684,484,3779,399,0.5,0,1
9685,484,3779,2841,0.5,0,1
9686,484,3779,658,0.5,0,1
9687,484,3779,2878,0.5,0,1
9688,484,3779,2787,0.5,0,1
9689,484,3779,1554,0.5,0,1
9690,484,3779,1053,0.5,0,1
9691,484,3779,1613,0.5,0,1
9692,484,3779,1860,0.5,0,1
9693,484,3779,2238,0.5,0,1
9694,484,3779,2258,0.5,0,1
9695,484,3779,1512,0.5,0,1
9696,484,3779,513,0.5,0,1
9697,484,3779,2282,0.5,0,1
9698,484,3779,2270,0.5,0,1
9699,484,3779,3011,0.5,0,1
9700,485,2559,2559,0.5,1,1
9701,485,2559,1369,0.5,0,1
9702,485,2559,1581,0.5,0,1
9703,485,2559,2551,0.5,0,1
9704,485,2559,35,0.5,0,1
9705,485,2559,1377,0.5,0,1
9706,485,2559,2021,0.5,0,1
9707,485,2559,3574,0.5,0,1
9708,485,2559,3759,0.5,0,1
9709,485,2559,3680,0.5,0,1
9710,485,2559,1341,0.5,0,1
9711,485,2559,3271,0.5,0,1
9712,485,2559,412,0.5,0,1
9713,485,2559,228,0.5,0,1
9714,485,2559,130,0.5,0,1
9715,485,2559,2474,0.5,0,1
9716,485,2559,44,0.5,0,1
9717,485,2559,1139,0.5,0,1
9718,485,2559,2195,0.5,0,1
9719,485,2559,1223,0.5,0,1
9720,486,3059,3059,0.5,1,1
9721,486,3059,3137,0.5,0,1
9722,486,3059,1580,0.5,0,1
9723,486,3059,2961,0.5,0,1
9724,486,3059,142,0.5,0,1
9725,486,3059,106,0.5,0,1
9726,486,3059,942,0.5,0,1
9727,486,3059,1,0.5,0,1
9728,486,3059,242,0.5,0,1
9729,486,3059,1515,0.5,0,1
9730,486,3059,3492,0.5,0,1
9731,486,3059,2406,0.5,0,1
9732,486,3059,246,0.5,0,1
9733,486,3059,1788,0.5,0,1
9734,486,3059,3613,0.5,0,1
9735,486,3059,1549,0.5,0,1
9736,486,3059,3333,0.5,0,1
9737,486,3059,23,0.5,0,1
9738,486,3059,2036,0.5,0,1
9739,486,3059,2532,0.5,0,1
9740,487,1532,1532,0.5,1,1
9741,487,1532,750,0.5,0,1
9742,487,1532,1096,0.5,0,1
9743,487,1532,387,0.5,0,1
9744,487,1532,794,0.5,0,1
9745,487,1532,2687,0.5,0,1
9746,487,1532,1412,0.5,0,1
9747,487,1532,2198,0.5,0,1
9748,487,1532,381,0.5,0,1
9749,487,1532,2678,0.5,0,1
9750,487,1532,2070,0.5,0,1
9751,487,1532,3552,0.5,0,1
9752,487,1532,3688,0.5,0,1
9753,487,1532,2386,0.5,0,1
9754,487,1532,682,0.5,0,1
9755,487,1532,3762,0.5,0,1
9756,487,1532,1192,0.5,0,1
9757,487,1532,1915,0.5,0,1
9758,487,1532,1238,0.5,0,1
9759,487,1532,3962,0.5,0,1
9760,488,2907,2907,0.5,1,1
9761,488,2907,2990,0.5,0,1
9762,488,2907,603,0.5,0,1
9763,488,2907,1540,0.5,0,1
9764,488,2907,385,0.5,0,1
9765,488,2907,2836,0.5,0,1
9766,488,2907,2356,0.5,0,1
9767,488,2907,419,0.5,0,1
9768,488,2907,805,0.5,0,1
9769,488,2907,659,0.5,0,1
9770,488,2907,4062,0.5,0,1
9771,488,2907,1056,0.5,0,1
9772,488,2907,1838,0.5,0,1
9773,488,2907,3558,0.5,0,1
9774,488,2907,3383,0.5,0,1
9775,488,2907,382,0.5,0,1
9776,488,2907,1187,0.5,0,1
9777,488,2907,3677,0.5,0,1
9778,488,2907,3665,0.5,0,1
9779,488,2907,3976,0.5,0,1
9780,489,3602,3602,0.5,1,1
9781,489,3602,2490,0.5,0,1
9782,489,3602,3059,0.5,0,1
9783,489,3602,4123,0.5,0,1
9784,489,3602,1956,0.5,0,1
9785,489,3602,1465,0.5,0,1
9786,489,3602,3824,0.5,0,1
9787,489,3602,3981,0.5,0,1
9788,489,3602,3912,0.5,0,1
9789,489,3602,3170,0.5,0,1
9790,489,3602,2820,0.5,0,1
9791,489,3602,3663,0.5,0,1
9792,489,3602,4084,0.5,0,1
9793,489,3602,2968,0.5,0,1
9794,489,3602,1707,0.5,0,1
9795,489,3602,3284,0.5,0,1
9796,489,3602,3557,0.5,0,1
9797,489,3602,3789,0.5,0,1
9798,489,3602,689,0.5,0,1
9799,489,3602,461,0.5,0,1
9800,490,532,532,0.5,1,1
9801,490,532,668,0.5,0,1
9802,490,532,2830,0.5,0,1
9803,490,532,3424,0.5,0,1
9804,490,532,360,0.5,0,1
9805,490,532,1495,0.5,0,1
9806,490,532,277,0.5,0,1
9807,490,532,1034,0.5,0,1
9808,490,532,3688,0.5,0,1
9809,490,532,3185,0.5,0,1
9810,490,532,995,0.5,0,1
9811,490,532,283,0.5,0,1
9812,490,532,2866,0.5,0,1
9813,490,532,2201,0.5,0,1
9814,490,532,1688,0.5,0,1
9815,490,532,2640,0.5,0,1
9816,490,532,4,0.5,0,1
9817,490,532,955,0.5,0,1
9818,490,532,2042,0.5,0,1
9819,490,532,2459,0.5,0,1
9820,491,1333,1333,0.5,1,1
9821,491,1333,1655,0.5,0,1
9822,491,1333,3020,0.5,0,1
9823,491,1333,3415,0.5,0,1
9824,491,1333,3813,0.5,0,1
9825,491,1333,3427,0.5,0,1
9826,491,1333,256,0.5,0,1
9827,491,1333,3964,0.5,0,1
9828,491,1333,1413,0.5,0,1
9829,491,1333,300,0.5,0,1
9830,491,1333,2960,0.5,0,1
9831,491,1333,959,0.5,0,1
9832,491,1333,3495,0.5,0,1
9833,491,1333,1684,0.5,0,1
9834,491,1333,1234,0.5,0,1
9835,491,1333,3955,0.5,0,1
9836,491,1333,2900,0.5,0,1
9837,491,1333,3627,0.5,0,1
9838,491,1333,1981,0.5,0,1
9839,491,1333,388,0.5,0,1
9840,492,2317,2317,0.5,1,1
9841,492,2317,212,0.5,0,1
9842,492,2317,787,0.5,0,1
9843,492,2317,3979,0.5,0,1
9844,492,2317,3291,0.5,0,1
9845,492,2317,543,0.5,0,1
9846,492,2317,2204,0.5,0,1
9847,492,2317,2887,0.5,0,1
9848,492,2317,4093,0.5,0,1
9849,492,2317,846,0.5,0,1
9850,492,2317,1305,0.5,0,1
9851,492,2317,967,0.5,0,1
9852,492,2317,1153,0.5,0,1
9853,492,2317,2046,0.5,0,1
9854,492,2317,3865,0.5,0,1
9855,492,2317,560,0.5,0,1
9856,492,2317,684,0.5,0,1
9857,492,2317,3966,0.5,0,1
9858,492,2317,3934,0.5,0,1
9859,492,2317,366,0.5,0,1
9860,493,1551,1551,0.5,1,1
9861,493,1551,34,0.5,0,1
9862,493,1551,1199,0.5,0,1
9863,493,1551,3712,0.5,0,1
9864,493,1551,2944,0.5,0,1
9865,493,1551,2947,0.5,0,1
9866,493,1551,3868,0.5,0,1
9867,493,1551,2114,0.5,0,1
9868,493,1551,2304,0.5,0,1
9869,493,1551,1838,0.5,0,1
9870,493,1551,2171,0.5,0,1
9871,493,1551,1043,0.5,0,1
9872,493,1551,2218,0.5,0,1
9873,493,1551,2015,0.5,0,1
9874,493,1551,99,0.5,0,1
9875,493,1551,2653,0.5,0,1
9876,493,1551,2065,0.5,0,1
9877,493,1551,2812,0.5,0,1
9878,493,1551,3489,0.5,0,1
9879,493,1551,3482,0.5,0,1
9880,494,4131,4131,0.5,1,1
9881,494,4131,950,0.5,0,1
9882,494,4131,2955,0.5,0,1
9883,494,4131,1557,0.5,0,1
9884,494,4131,2788,0.5,0,1
9885,494,4131,2243,0.5,0,1
9886,494,4131,3553,0.5,0,1
9887,494,4131,813,0.5,0,1
9888,494,4131,2698,0.5,0,1
9889,494,4131,728,0.5,0,1
9890,494,4131,2842,0.5,0,1
9891,494,4131,1811,0.5,0,1
9892,494,4131,710,0.5,0,1
9893,494,4131,2537,0.5,0,1
9894,494,4131,1478,0.5,0,1
9895,494,4131,387,0.5,0,1
9896,494,4131,322,0.5,0,1
9897,494,4131,4125,0.5,0,1
9898,494,4131,2734,0.5,0,1
9899,494,4131,1592,0.5,0,1
9900,495,4127,4127,0.5,1,1
9901,495,4127,3521,0.5,0,1
9902,495,4127,2174,0.5,0,1
9903,495,4127,2707,0.5,0,1
9904,495,4127,2656,0.5,0,1
9905,495,4127,3791,0.5,0,1
9906,495,4127,3891,0.5,0,1
9907,495,4127,3355,0.5,0,1
9908,495,4127,1230,0.5,0,1
9909,495,4127,2166,0.5,0,1
9910,495,4127,2546,0.5,0,1
9911,495,4127,644,0.5,0,1
9912,495,4127,3115,0.5,0,1
9913,495,4127,4106,0.5,0,1
9914,495,4127,261,0.5,0,1
9915,495,4127,353,0.5,0,1
9916,495,4127,4155,0.5,0,1
9917,495,4127,3862,0.5,0,1
9918,495,4127,37,0.5,0,1
9919,495,4127,2922,0.5,0,1
9920,496,1873,1873,0.5,1,1
9921,496,1873,4006,0.5,0,1
9922,496,1873,2758,0.5,0,1
9923,496,1873,1282,0.5,0,1
9924,496,1873,1743,0.5,0,1
9925,496,1873,3514,0.5,0,1
9926,496,1873,2210,0.5,0,1
9927,496,1873,3340,0.5,0,1
9928,496,1873,1116,0.5,0,1
9929,496,1873,1938,0.5,0,1
9930,496,1873,3207,0.5,0,1
9931,496,1873,1100,0.5,0,1
9932,496,1873,3849,0.5,0,1
9933,496,1873,2474,0.5,0,1
9934,496,1873,3971,0.5,0,1
9935,496,1873,4129,0.5,0,1
9936,496,1873,2351,0.5,0,1
9937,496,1873,2039,0.5,0,1
9938,496,1873,1632,0.5,0,1
9939,496,1873,3930,0.5,0,1
9940,497,2618,2618,0.5,1,1
9941,497,2618,1661,0.5,0,1
9942,497,2618,3907,0.5,0,1
9943,497,2618,553,0.5,0,1
9944,497,2618,1237,0.5,0,1
9945,497,2618,1776,0.5,0,1
9946,497,2618,2730,0.5,0,1
9947,497,2618,3071,0.5,0,1
9948,497,2618,994,0.5,0,1
9949,497,2618,372,0.5,0,1
9950,497,2618,1181,0.5,0,1
9951,497,2618,2157,0.5,0,1
9952,497,2618,2629,0.5,0,1
9953,497,2618,851,0.5,0,1
9954,497,2618,1368,0.5,0,1
9955,497,2618,1458,0.5,0,1
9956,497,2618,3718,0.5,0,1
9957,497,2618,11,0.5,0,1
9958,497,2618,1212,0.5,0,1
9959,497,2618,2260,0.5,0,1
9960,498,245,245,0.5,1,1
9961,498,245,3614,0.5,0,1
9962,498,245,2781,0.5,0,1
9963,498,245,1138,0.5,0,1
9964,498,245,2732,0.5,0,1
9965,498,245,2934,0.5,0,1
9966,498,245,2399,0.5,0,1
9967,498,245,1027,0.5,0,1
9968,498,245,2730,0.5,0,1
9969,498,245,359,0.5,0,1
9970,498,245,3387,0.5,0,1
9971,498,245,2817,0.5,0,1
9972,498,245,1241,0.5,0,1
9973,498,245,1070,0.5,0,1
9974,498,245,2576,0.5,0,1
9975,498,245,860,0.5,0,1
9976,498,245,3900,0.5,0,1
9977,498,245,2542,0.5,0,1
9978,498,245,4039,0.5,0,1
9979,498,245,4023,0.5,0,1
9980,499,161,161,0.5,1,1
9981,499,161,1728,0.5,0,1
9982,499,161,3654,0.5,0,1
9983,499,161,1744,0.5,0,1
9984,499,161,2276,0.5,0,1
9985,499,161,1646,0.5,0,1
9986,499,161,3148,0.5,0,1
9987,499,161,2520,0.5,0,1
9988,499,161,955,0.5,0,1
9989,499,161,3038,0.5,0,1
9990,499,161,4139,0.5,0,1
9991,499,161,1730,0.5,0,1
9992,499,161,2803,0.5,0,1
9993,499,161,815,0.5,0,1
9994,499,161,1011,0.5,0,1
9995,499,161,2717,0.5,0,1
9996,499,161,3084,0.5,0,1
9997,499,161,3592,0.5,0,1
9998,499,161,3131,0.5,0,1
9999,499,161,2376,0.5,0,1
10000,500,804,804,0.5,1,1
10001,500,804,2129,0.5,0,1
10002,500,804,620,0.5,0,1
10003,500,804,2022,0.5,0,1
10004,500,804,2640,0.5,0,1
10005,500,804,3042,0.5,0,1
10006,500,804,381,0.5,0,1
10007,500,804,1261,0.5,0,1
10008,500,804,1718,0.5,0,1
10009,500,804,3481,0.5,0,1
10010,500,804,3410,0.5,0,1
10011,500,804,1526,0.5,0,1
10012,500,804,3715,0.5,0,1
10013,500,804,3108,0.5,0,1
10014,500,804,3900,0.5,0,1
10015,500,804,1052,0.5,0,1
10016,500,804,3693,0.5,0,1
10017,500,804,2290,0.5,0,1
10018,500,804,270,0.5,0,1
10019,500,804,2486,0.5,0,1
10020,501,2267,2267,0.5,1,1
10021,501,2267,3212,0.5,0,1
10022,501,2267,3687,0.5,0,1
10023,501,2267,3148,0.5,0,1
10024,501,2267,2657,0.5,0,1
10025,501,2267,3129,0.5,0,1
10026,501,2267,2592,0.5,0,1
10027,501,2267,670,0.5,0,1
10028,501,2267,1844,0.5,0,1
10029,501,2267,2986,0.5,0,1
10030,501,2267,2962,0.5,0,1
10031,501,2267,1273,0.5,0,1
10032,501,2267,3965,0.5,0,1
10033,501,2267,3827,0.5,0,1
10034,501,2267,1860,0.5,0,1
10035,501,2267,2559,0.5,0,1
10036,501,2267,2201,0.5,0,1
10037,501,2267,119,0.5,0,1
10038,501,2267,1073,0.5,0,1
10039,501,2267,3390,0.5,0,1
10040,502,2081,2081,0.5,1,1
10041,502,2081,3797,0.5,0,1
10042,502,2081,3200,0.5,0,1
10043,502,2081,1650,0.5,0,1
10044,502,2081,2787,0.5,0,1
10045,502,2081,194,0.5,0,1
10046,502,2081,2630,0.5,0,1
10047,502,2081,1340,0.5,0,1
10048,502,2081,2047,0.5,0,1
10049,502,2081,526,0.5,0,1
10050,502,2081,1202,0.5,0,1
10051,502,2081,69,0.5,0,1
10052,502,2081,1205,0.5,0,1
10053,502,2081,2080,0.5,0,1
10054,502,2081,2329,0.5,0,1
10055,502,2081,653,0.5,0,1
10056,502,2081,1798,0.5,0,1
10057,502,2081,1052,0.5,0,1
10058,502,2081,709,0.5,0,1
10059,502,2081,412,0.5,0,1
10060,503,1762,1762,0.5,1,1
10061,503,1762,1534,0.5,0,1
10062,503,1762,1548,0.5,0,1
10063,503,1762,390,0.5,0,1
10064,503,1762,3716,0.5,0,1
10065,503,1762,2205,0.5,0,1
10066,503,1762,2005,0.5,0,1
10067,503,1762,686,0.5,0,1
10068,503,1762,919,0.5,0,1
10069,503,1762,3182,0.5,0,1
10070,503,1762,394,0.5,0,1
10071,503,1762,2837,0.5,0,1
10072,503,1762,2488,0.5,0,1
10073,503,1762,1362,0.5,0,1
10074,503,1762,2318,0.5,0,1
10075,503,1762,1062,0.5,0,1
10076,503,1762,1103,0.5,0,1
10077,503,1762,3051,0.5,0,1
10078,503,1762,3449,0.5,0,1
10079,503,1762,3068,0.5,0,1
10080,504,3060,3060,0.5,1,1
10081,504,3060,3647,0.5,0,1
10082,504,3060,2455,0.5,0,1
10083,504,3060,135,0.5,0,1
10084,504,3060,1393,0.5,0,1
10085,504,3060,649,0.5,0,1
10086,504,3060,1961,0.5,0,1
10087,504,3060,2051,0.5,0,1
10088,504,3060,3756,0.5,0,1
10089,504,3060,1383,0.5,0,1
10090,504,3060,403,0.5,0,1
10091,504,3060,2335,0.5,0,1
10092,504,3060,58,0.5,0,1
10093,504,3060,1867,0.5,0,1
10094,504,3060,1426,0.5,0,1
10095,504,3060,1106,0.5,0,1
10096,504,3060,1003,0.5,0,1
10097,504,3060,2765,0.5,0,1
10098,504,3060,518,0.5,0,1
10099,504,3060,929,0.5,0,1
10100,505,1280,1280,0.5,1,1
10101,505,1280,2973,0.5,0,1
10102,505,1280,3016,0.5,0,1
10103,505,1280,2691,0.5,0,1
10104,505,1280,331,0.5,0,1
10105,505,1280,3520,0.5,0,1
10106,505,1280,1949,0.5,0,1
10107,505,1280,146,0.5,0,1
10108,505,1280,892,0.5,0,1
10109,505,1280,4162,0.5,0,1
10110,505,1280,2040,0.5,0,1
10111,505,1280,4091,0.5,0,1
10112,505,1280,1579,0.5,0,1
10113,505,1280,1492,0.5,0,1
10114,505,1280,1228,0.5,0,1
10115,505,1280,621,0.5,0,1
10116,505,1280,1425,0.5,0,1
10117,505,1280,3117,0.5,0,1
10118,505,1280,3132,0.5,0,1
10119,505,1280,576,0.5,0,1
10120,506,1328,1328,0.5,1,1
10121,506,1328,2988,0.5,0,1
10122,506,1328,1684,0.5,0,1
10123,506,1328,707,0.5,0,1
10124,506,1328,1523,0.5,0,1
10125,506,1328,4081,0.5,0,1
10126,506,1328,1436,0.5,0,1
10127,506,1328,386,0.5,0,1
10128,506,1328,2024,0.5,0,1
10129,506,1328,737,0.5,0,1
10130,506,1328,4011,0.5,0,1
10131,506,1328,875,0.5,0,1
10132,506,1328,3853,0.5,0,1
10133,506,1328,227,0.5,0,1
10134,506,1328,4090,0.5,0,1
10135,506,1328,2351,0.5,0,1
10136,506,1328,1232,0.5,0,1
10137,506,1328,1585,0.5,0,1
10138,506,1328,861,0.5,0,1
10139,506,1328,611,0.5,0,1
10140,507,1340,1340,0.5,1,1
10141,507,1340,1445,0.5,0,1
10142,507,1340,3133,0.5,0,1
10143,507,1340,1171,0.5,0,1
10144,507,1340,894,0.5,0,1
10145,507,1340,2983,0.5,0,1
10146,507,1340,3556,0.5,0,1
10147,507,1340,1375,0.5,0,1
10148,507,1340,261,0.5,0,1
10149,507,1340,145,0.5,0,1
10150,507,1340,2971,0.5,0,1
10151,507,1340,2032,0.5,0,1
10152,507,1340,1466,0.5,0,1
10153,507,1340,105,0.5,0,1
10154,507,1340,3330,0.5,0,1
10155,507,1340,3915,0.5,0,1
10156,507,1340,3345,0.5,0,1
10157,507,1340,33,0.5,0,1
10158,507,1340,581,0.5,0,1
10159,507,1340,2204,0.5,0,1
10160,508,2508,2508,0.5,1,1
10161,508,2508,672,0.5,0,1
10162,508,2508,3914,0.5,0,1
10163,508,2508,2851,0.5,0,1
10164,508,2508,2148,0.5,0,1
10165,508,2508,3506,0.5,0,1
10166,508,2508,2839,0.5,0,1
10167,508,2508,1609,0.5,0,1
10168,508,2508,479,0.5,0,1
10169,508,2508,376,0.5,0,1
10170,508,2508,2041,0.5,0,1
10171,508,2508,1677,0.5,0,1
10172,508,2508,3674,0.5,0,1
10173,508,2508,622,0.5,0,1
10174,508,2508,341,0.5,0,1
10175,508,2508,985,0.5,0,1
10176,508,2508,2643,0.5,0,1
10177,508,2508,236,0.5,0,1
10178,508,2508,2145,0.5,0,1
10179,508,2508,403,0.5,0,1
10180,509,1966,1966,0.5,1,1
10181,509,1966,872,0.5,0,1
10182,509,1966,2829,0.5,0,1
10183,509,1966,929,0.5,0,1
10184,509,1966,3443,0.5,0,1
10185,509,1966,4131,0.5,0,1
10186,509,1966,696,0.5,0,1
10187,509,1966,2855,0.5,0,1
10188,509,1966,1848,0.5,0,1
10189,509,1966,132,0.5,0,1
10190,509,1966,836,0.5,0,1
10191,509,1966,479,0.5,0,1
10192,509,1966,1244,0.5,0,1
10193,509,1966,1575,0.5,0,1
10194,509,1966,1402,0.5,0,1
10195,509,1966,1071,0.5,0,1
10196,509,1966,3124,0.5,0,1
10197,509,1966,735,0.5,0,1
10198,509,1966,1724,0.5,0,1
10199,509,1966,2099,0.5,0,1
10200,510,3577,3577,0.5,1,1
10201,510,3577,1924,0.5,0,1
10202,510,3577,1547,0.5,0,1
10203,510,3577,2022,0.5,0,1
10204,510,3577,2706,0.5,0,1
10205,510,3577,3179,0.5,0,1
10206,510,3577,3061,0.5,0,1
10207,510,3577,2787,0.5,0,1
10208,510,3577,516,0.5,0,1
10209,510,3577,1587,0.5,0,1
10210,510,3577,2238,0.5,0,1
10211,510,3577,928,0.5,0,1
10212,510,3577,3937,0.5,0,1
10213,510,3577,1586,0.5,0,1
10214,510,3577,1432,0.5,0,1
10215,510,3577,1030,0.5,0,1
10216,510,3577,1810,0.5,0,1
10217,510,3577,2924,0.5,0,1
10218,510,3577,3626,0.5,0,1
10219,510,3577,2457,0.5,0,1
10220,511,2622,2622,0.5,1,1
10221,511,2622,570,0.5,0,1
10222,511,2622,1697,0.5,0,1
10223,511,2622,1106,0.5,0,1
10224,511,2622,1548,0.5,0,1
10225,511,2622,3218,0.5,0,1
10226,511,2622,2829,0.5,0,1
10227,511,2622,3663,0.5,0,1
10228,511,2622,1238,0.5,0,1
10229,511,2622,95,0.5,0,1
10230,511,2622,1448,0.5,0,1
10231,511,2622,719,0.5,0,1
10232,511,2622,97,0.5,0,1
10233,511,2622,1848,0.5,0,1
10234,511,2622,2598,0.5,0,1
10235,511,2622,2075,0.5,0,1
10236,511,2622,171,0.5,0,1
10237,511,2622,3196,0.5,0,1
10238,511,2622,2529,0.5,0,1
10239,511,2622,3976,0.5,0,1
10240,512,184,184,0.5,1,1
10241,512,184,264,0.5,0,1
10242,512,184,1851,0.5,0,1
10243,512,184,2068,0.5,0,1
10244,512,184,4100,0.5,0,1
10245,512,184,691,0.5,0,1
10246,512,184,238,0.5,0,1
10247,512,184,205,0.5,0,1
10248,512,184,2016,0.5,0,1
10249,512,184,2479,0.5,0,1
10250,512,184,1902,0.5,0,1
10251,512,184,693,0.5,0,1
10252,512,184,2830,0.5,0,1
10253,512,184,1978,0.5,0,1
10254,512,184,669,0.5,0,1
10255,512,184,3692,0.5,0,1
10256,512,184,1872,0.5,0,1
10257,512,184,2768,0.5,0,1
10258,512,184,907,0.5,0,1
10259,512,184,3542,0.5,0,1
10260,513,3219,3219,0.5,1,1
10261,513,3219,2685,0.5,0,1
10262,513,3219,1464,0.5,0,1
10263,513,3219,354,0.5,0,1
10264,513,3219,2879,0.5,0,1
10265,513,3219,2131,0.5,0,1
10266,513,3219,1,0.5,0,1
10267,513,3219,3496,0.5,0,1
10268,513,3219,4023,0.5,0,1
10269,513,3219,3237,0.5,0,1
10270,513,3219,3595,0.5,0,1
10271,513,3219,2388,0.5,0,1
10272,513,3219,595,0.5,0,1
10273,513,3219,3345,0.5,0,1
10274,513,3219,748,0.5,0,1
10275,513,3219,1560,0.5,0,1
10276,513,3219,2145,0.5,0,1
10277,513,3219,2722,0.5,0,1
10278,513,3219,2516,0.5,0,1
10279,513,3219,2593,0.5,0,1
10280,514,3825,3825,0.5,1,1
10281,514,3825,2098,0.5,0,1
10282,514,3825,3875,0.5,0,1
10283,514,3825,3013,0.5,0,1
10284,514,3825,1238,0.5,0,1
10285,514,3825,2529,0.5,0,1
10286,514,3825,2373,0.5,0,1
10287,514,3825,1010,0.5,0,1
10288,514,3825,4052,0.5,0,1
10289,514,3825,1517,0.5,0,1
10290,514,3825,3315,0.5,0,1
10291,514,3825,2657,0.5,0,1
10292,514,3825,3112,0.5,0,1
10293,514,3825,1062,0.5,0,1
10294,514,3825,4010,0.5,0,1
10295,514,3825,563,0.5,0,1
10296,514,3825,1354,0.5,0,1
10297,514,3825,3293,0.5,0,1
10298,514,3825,3934,0.5,0,1
10299,514,3825,3330,0.5,0,1
10300,515,172,172,0.5,1,1
10301,515,172,205,0.5,0,1
10302,515,172,533,0.5,0,1
10303,515,172,2511,0.5,0,1
10304,515,172,1326,0.5,0,1
10305,515,172,1108,0.5,0,1
10306,515,172,322,0.5,0,1
10307,515,172,1306,0.5,0,1
10308,515,172,3878,0.5,0,1
10309,515,172,969,0.5,0,1
10310,515,172,508,0.5,0,1
10311,515,172,203,0.5,0,1
10312,515,172,2363,0.5,0,1
10313,515,172,928,0.5,0,1
10314,515,172,41,0.5,0,1
10315,515,172,2791,0.5,0,1
10316,515,172,2327,0.5,0,1
10317,515,172,954,0.5,0,1
10318,515,172,363,0.5,0,1
10319,515,172,3132,0.5,0,1
10320,516,2194,2194,0.5,1,1
10321,516,2194,3577,0.5,0,1
10322,516,2194,280,0.5,0,1
10323,516,2194,3040,0.5,0,1
10324,516,2194,3579,0.5,0,1
10325,516,2194,273,0.5,0,1
10326,516,2194,3575,0.5,0,1
10327,516,2194,2780,0.5,0,1
10328,516,2194,973,0.5,0,1
10329,516,2194,987,0.5,0,1
10330,516,2194,2531,0.5,0,1
10331,516,2194,2751,0.5,0,1
10332,516,2194,1917,0.5,0,1
10333,516,2194,1340,0.5,0,1
10334,516,2194,2874,0.5,0,1
10335,516,2194,568,0.5,0,1
10336,516,2194,4057,0.5,0,1
10337,516,2194,3328,0.5,0,1
10338,516,2194,3756,0.5,0,1
10339,516,2194,1856,0.5,0,1
10340,517,313,313,0.5,1,1
10341,517,313,2623,0.5,0,1
10342,517,313,4027,0.5,0,1
10343,517,313,265,0.5,0,1
10344,517,313,3983,0.5,0,1
10345,517,313,906,0.5,0,1
10346,517,313,3586,0.5,0,1
10347,517,313,3771,0.5,0,1
10348,517,313,479,0.5,0,1
10349,517,313,1325,0.5,0,1
10350,517,313,3665,0.5,0,1
10351,517,313,3985,0.5,0,1
10352,517,313,3708,0.5,0,1
10353,517,313,281,0.5,0,1
10354,517,313,445,0.5,0,1
10355,517,313,3610,0.5,0,1
10356,517,313,2318,0.5,0,1
10357,517,313,1678,0.5,0,1
10358,517,313,2520,0.5,0,1
10359,517,313,2151,0.5,0,1
10360,518,3403,3403,0.5,1,1
10361,518,3403,3546,0.5,0,1
10362,518,3403,51,0.5,0,1
10363,518,3403,4056,0.5,0,1
10364,518,3403,4034,0.5,0,1
10365,518,3403,3440,0.5,0,1
10366,518,3403,1601,0.5,0,1
10367,518,3403,266,0.5,0,1
10368,518,3403,4112,0.5,0,1
10369,518,3403,2097,0.5,0,1
10370,518,3403,157,0.5,0,1
10371,518,3403,2426,0.5,0,1
10372,518,3403,1797,0.5,0,1
10373,518,3403,3042,0.5,0,1
10374,518,3403,2385,0.5,0,1
10375,518,3403,3346,0.5,0,1
10376,518,3403,256,0.5,0,1
10377,518,3403,3747,0.5,0,1
10378,518,3403,2963,0.5,0,1
10379,518,3403,1863,0.5,0,1
10380,519,3499,3499,0.5,1,1
10381,519,3499,3868,0.5,0,1
10382,519,3499,3744,0.5,0,1
10383,519,3499,4084,0.5,0,1
10384,519,3499,1057,0.5,0,1
10385,519,3499,1665,0.5,0,1
10386,519,3499,2250,0.5,0,1
10387,519,3499,1696,0.5,0,1
10388,519,3499,4027,0.5,0,1
10389,519,3499,440,0.5,0,1
10390,519,3499,3902,0.5,0,1
10391,519,3499,167,0.5,0,1
10392,519,3499,2053,0.5,0,1
10393,519,3499,3810,0.5,0,1
10394,519,3499,1636,0.5,0,1
10395,519,3499,4089,0.5,0,1
10396,519,3499,1859,0.5,0,1
10397,519,3499,1800,0.5,0,1
10398,519,3499,1474,0.5,0,1
10399,519,3499,652,0.5,0,1
10400,520,1142,1142,0.5,1,1
10401,520,1142,198,0.5,0,1
10402,520,1142,1906,0.5,0,1
10403,520,1142,1477,0.5,0,1
10404,520,1142,1100,0.5,0,1
10405,520,1142,69,0.5,0,1
10406,520,1142,2743,0.5,0,1
10407,520,1142,2759,0.5,0,1
10408,520,1142,2412,0.5,0,1
10409,520,1142,247,0.5,0,1
10410,520,1142,3086,0.5,0,1
10411,520,1142,1307,0.5,0,1
10412,520,1142,288,0.5,0,1
10413,520,1142,4055,0.5,0,1
10414,520,1142,2485,0.5,0,1
10415,520,1142,124,0.5,0,1
10416,520,1142,2624,0.5,0,1
10417,520,1142,4088,0.5,0,1
10418,520,1142,1627,0.5,0,1
10419,520,1142,2158,0.5,0,1
10420,521,41,41,0.5,1,1
10421,521,41,3374,0.5,0,1
10422,521,41,584,0.5,0,1
10423,521,41,2718,0.5,0,1
10424,521,41,534,0.5,0,1
10425,521,41,865,0.5,0,1
10426,521,41,1445,0.5,0,1
10427,521,41,3009,0.5,0,1
10428,521,41,997,0.5,0,1
10429,521,41,1333,0.5,0,1
10430,521,41,1779,0.5,0,1
10431,521,41,4080,0.5,0,1
10432,521,41,2581,0.5,0,1
10433,521,41,1831,0.5,0,1
10434,521,41,3562,0.5,0,1
10435,521,41,818,0.5,0,1
10436,521,41,1793,0.5,0,1
10437,521,41,3579,0.5,0,1
10438,521,41,1632,0.5,0,1
10439,521,41,2504,0.5,0,1
10440,522,2600,2600,0.5,1,1
10441,522,2600,3737,0.5,0,1
10442,522,2600,3267,0.5,0,1
10443,522,2600,1499,0.5,0,1
10444,522,2600,2296,0.5,0,1
10445,522,2600,4075,0.5,0,1
10446,522,2600,3636,0.5,0,1
10447,522,2600,2888,0.5,0,1
10448,522,2600,304,0.5,0,1
10449,522,2600,26,0.5,0,1
10450,522,2600,4106,0.5,0,1
10451,522,2600,2830,0.5,0,1
10452,522,2600,2821,0.5,0,1
10453,522,2600,3041,0.5,0,1
10454,522,2600,3554,0.5,0,1
10455,522,2600,932,0.5,0,1
10456,522,2600,2864,0.5,0,1
10457,522,2600,3929,0.5,0,1
10458,522,2600,3604,0.5,0,1
10459,522,2600,3261,0.5,0,1
10460,523,258,258,0.5,1,1
10461,523,258,1758,0.5,0,1
10462,523,258,420,0.5,0,1
10463,523,258,3016,0.5,0,1
10464,523,258,684,0.5,0,1
10465,523,258,1184,0.5,0,1
10466,523,258,2933,0.5,0,1
10467,523,258,3930,0.5,0,1
10468,523,258,187,0.5,0,1
10469,523,258,832,0.5,0,1
10470,523,258,718,0.5,0,1
10471,523,258,2444,0.5,0,1
10472,523,258,367,0.5,0,1
10473,523,258,2778,0.5,0,1
10474,523,258,351,0.5,0,1
10475,523,258,3485,0.5,0,1
10476,523,258,1655,0.5,0,1
10477,523,258,4169,0.5,0,1
10478,523,258,1081,0.5,0,1
10479,523,258,3776,0.5,0,1
10480,524,1086,1086,0.5,1,1
10481,524,1086,3031,0.5,0,1
10482,524,1086,2209,0.5,0,1
10483,524,1086,2776,0.5,0,1
10484,524,1086,317,0.5,0,1
10485,524,1086,372,0.5,0,1
10486,524,1086,942,0.5,0,1
10487,524,1086,1867,0.5,0,1
10488,524,1086,522,0.5,0,1
10489,524,1086,508,0.5,0,1
10490,524,1086,3971,0.5,0,1
10491,524,1086,2921,0.5,0,1
10492,524,1086,1506,0.5,0,1
10493,524,1086,2199,0.5,0,1
10494,524,1086,2659,0.5,0,1
10495,524,1086,1015,0.5,0,1
10496,524,1086,81,0.5,0,1
10497,524,1086,3147,0.5,0,1
10498,524,1086,3547,0.5,0,1
10499,524,1086,1183,0.5,0,1
10500,525,1003,1003,0.5,1,1
10501,525,1003,485,0.5,0,1
10502,525,1003,3664,0.5,0,1
10503,525,1003,2075,0.5,0,1
10504,525,1003,2262,0.5,0,1
10505,525,1003,3719,0.5,0,1
10506,525,1003,4156,0.5,0,1
10507,525,1003,1160,0.5,0,1
10508,525,1003,3515,0.5,0,1
10509,525,1003,3783,0.5,0,1
10510,525,1003,1243,0.5,0,1
10511,525,1003,2950,0.5,0,1
10512,525,1003,113,0.5,0,1
10513,525,1003,2157,0.5,0,1
10514,525,1003,2609,0.5,0,1
10515,525,1003,349,0.5,0,1
10516,525,1003,3327,0.5,0,1
10517,525,1003,226,0.5,0,1
10518,525,1003,3662,0.5,0,1
10519,525,1003,412,0.5,0,1
10520,526,4106,4106,0.5,1,1
10521,526,4106,3197,0.5,0,1
10522,526,4106,3911,0.5,0,1
10523,526,4106,2572,0.5,0,1
10524,526,4106,1600,0.5,0,1
10525,526,4106,2080,0.5,0,1
10526,526,4106,1369,0.5,0,1
10527,526,4106,1037,0.5,0,1
10528,526,4106,2432,0.5,0,1
10529,526,4106,241,0.5,0,1
10530,526,4106,2257,0.5,0,1
10531,526,4106,794,0.5,0,1
10532,526,4106,3254,0.5,0,1
10533,526,4106,4163,0.5,0,1
10534,526,4106,80,0.5,0,1
10535,526,4106,2979,0.5,0,1
10536,526,4106,3245,0.5,0,1
10537,526,4106,1691,0.5,0,1
10538,526,4106,1828,0.5,0,1
10539,526,4106,1845,0.5,0,1
10540,527,892,892,0.5,1,1
10541,527,892,2054,0.5,0,1
10542,527,892,2116,0.5,0,1
10543,527,892,3557,0.5,0,1
10544,527,892,1671,0.5,0,1
10545,527,892,3738,0.5,0,1
10546,527,892,1065,0.5,0,1
10547,527,892,2583,0.5,0,1
10548,527,892,3294,0.5,0,1
10549,527,892,3636,0.5,0,1
10550,527,892,4068,0.5,0,1
10551,527,892,2327,0.5,0,1
10552,527,892,4161,0.5,0,1
10553,527,892,49,0.5,0,1
10554,527,892,1949,0.5,0,1
10555,527,892,3896,0.5,0,1
10556,527,892,1846,0.5,0,1
10557,527,892,3803,0.5,0,1
10558,527,892,3614,0.5,0,1
10559,527,892,1857,0.5,0,1
10560,528,153,153,0.5,1,1
10561,528,153,4120,0.5,0,1
10562,528,153,959,0.5,0,1
10563,528,153,3925,0.5,0,1
10564,528,153,1693,0.5,0,1
10565,528,153,1144,0.5,0,1
10566,528,153,596,0.5,0,1
10567,528,153,3617,0.5,0,1
10568,528,153,985,0.5,0,1
10569,528,153,3268,0.5,0,1
10570,528,153,761,0.5,0,1
10571,528,153,934,0.5,0,1
10572,528,153,4036,0.5,0,1
10573,528,153,3821,0.5,0,1
10574,528,153,4059,0.5,0,1
10575,528,153,1064,0.5,0,1
10576,528,153,1930,0.5,0,1
10577,528,153,1812,0.5,0,1
10578,528,153,1672,0.5,0,1
10579,528,153,3646,0.5,0,1
10580,529,695,695,0.5,1,1
10581,529,695,3892,0.5,0,1
10582,529,695,4024,0.5,0,1
10583,529,695,872,0.5,0,1
10584,529,695,3799,0.5,0,1
10585,529,695,547,0.5,0,1
10586,529,695,1640,0.5,0,1
10587,529,695,3617,0.5,0,1
10588,529,695,910,0.5,0,1
10589,529,695,3335,0.5,0,1
10590,529,695,1190,0.5,0,1
10591,529,695,3937,0.5,0,1
10592,529,695,636,0.5,0,1
10593,529,695,1110,0.5,0,1
10594,529,695,1792,0.5,0,1
10595,529,695,2535,0.5,0,1
10596,529,695,1966,0.5,0,1
10597,529,695,1580,0.5,0,1
10598,529,695,2448,0.5,0,1
10599,529,695,1229,0.5,0,1
10600,530,3406,3406,0.5,1,1
10601,530,3406,3645,0.5,0,1
10602,530,3406,3140,0.5,0,1
10603,530,3406,3702,0.5,0,1
10604,530,3406,4128,0.5,0,1
10605,530,3406,2493,0.5,0,1
10606,530,3406,4015,0.5,0,1
10607,530,3406,484,0.5,0,1
10608,530,3406,3528,0.5,0,1
10609,530,3406,958,0.5,0,1
10610,530,3406,29,0.5,0,1
10611,530,3406,3211,0.5,0,1
10612,530,3406,2712,0.5,0,1
10613,530,3406,3878,0.5,0,1
10614,530,3406,2896,0.5,0,1
10615,530,3406,1378,0.5,0,1
10616,530,3406,3929,0.5,0,1
10617,530,3406,30,0.5,0,1
10618,530,3406,2771,0.5,0,1
10619,530,3406,1987,0.5,0,1
10620,531,2787,2787,0.5,1,1
10621,531,2787,630,0.5,0,1
10622,531,2787,3414,0.5,0,1
10623,531,2787,2347,0.5,0,1
10624,531,2787,240,0.5,0,1
10625,531,2787,891,0.5,0,1
10626,531,2787,2086,0.5,0,1
10627,531,2787,1073,0.5,0,1
10628,531,2787,3996,0.5,0,1
10629,531,2787,744,0.5,0,1
10630,531,2787,286,0.5,0,1
10631,531,2787,2429,0.5,0,1
10632,531,2787,1205,0.5,0,1
10633,531,2787,451,0.5,0,1
10634,531,2787,1987,0.5,0,1
10635,531,2787,3327,0.5,0,1
10636,531,2787,3400,0.5,0,1
10637,531,2787,3780,0.5,0,1
10638,531,2787,1563,0.5,0,1
10639,531,2787,1010,0.5,0,1
10640,532,1869,1869,0.5,1,1
10641,532,1869,2705,0.5,0,1
10642,532,1869,1683,0.5,0,1
10643,532,1869,2239,0.5,0,1
10644,532,1869,866,0.5,0,1
10645,532,1869,787,0.5,0,1
10646,532,1869,3939,0.5,0,1
10647,532,1869,79,0.5,0,1
10648,532,1869,1493,0.5,0,1
10649,532,1869,1436,0.5,0,1
10650,532,1869,3857,0.5,0,1
10651,532,1869,3257,0.5,0,1
10652,532,1869,3392,0.5,0,1
10653,532,1869,1188,0.5,0,1
10654,532,1869,239,0.5,0,1
10655,532,1869,3353,0.5,0,1
10656,532,1869,1821,0.5,0,1
10657,532,1869,3838,0.5,0,1
10658,532,1869,529,0.5,0,1
10659,532,1869,2739,0.5,0,1
10660,533,1185,1185,0.5,1,1
10661,533,1185,2476,0.5,0,1
10662,533,1185,73,0.5,0,1
10663,533,1185,2528,0.5,0,1
10664,533,1185,2353,0.5,0,1
10665,533,1185,2040,0.5,0,1
10666,533,1185,1791,0.5,0,1
10667,533,1185,3000,0.5,0,1
10668,533,1185,2184,0.5,0,1
10669,533,1185,148,0.5,0,1
10670,533,1185,1438,0.5,0,1
10671,533,1185,3337,0.5,0,1
10672,533,1185,1451,0.5,0,1
10673,533,1185,985,0.5,0,1
10674,533,1185,3425,0.5,0,1
10675,533,1185,2202,0.5,0,1
10676,533,1185,1129,0.5,0,1
10677,533,1185,3007,0.5,0,1
10678,533,1185,3486,0.5,0,1
10679,533,1185,2029,0.5,0,1
10680,534,3221,3221,0.5,1,1
10681,534,3221,4075,0.5,0,1
10682,534,3221,605,0.5,0,1
10683,534,3221,788,0.5,0,1
10684,534,3221,3945,0.5,0,1
10685,534,3221,3819,0.5,0,1
10686,534,3221,1676,0.5,0,1
10687,534,3221,1447,0.5,0,1
10688,534,3221,133,0.5,0,1
10689,534,3221,2585,0.5,0,1
10690,534,3221,1940,0.5,0,1
10691,534,3221,1419,0.5,0,1
10692,534,3221,2123,0.5,0,1
10693,534,3221,213,0.5,0,1
10694,534,3221,1068,0.5,0,1
10695,534,3221,469,0.5,0,1
10696,534,3221,1523,0.5,0,1
10697,534,3221,1770,0.5,0,1
10698,534,3221,2697,0.5,0,1
10699,534,3221,2110,0.5,0,1
10700,535,2014,2014,0.5,1,1
10701,535,2014,3028,0.5,0,1
10702,535,2014,1747,0.5,0,1
10703,535,2014,672,0.5,0,1
10704,535,2014,2152,0.5,0,1
10705,535,2014,3608,0.5,0,1
10706,535,2014,1078,0.5,0,1
10707,535,2014,376,0.5,0,1
10708,535,2014,3897,0.5,0,1
10709,535,2014,128,0.5,0,1
10710,535,2014,2652,0.5,0,1
10711,535,2014,638,0.5,0,1
10712,535,2014,4146,0.5,0,1
10713,535,2014,1407,0.5,0,1
10714,535,2014,1954,0.5,0,1
10715,535,2014,1910,0.5,0,1
10716,535,2014,541,0.5,0,1
10717,535,2014,3555,0.5,0,1
10718,535,2014,1568,0.5,0,1
10719,535,2014,2892,0.5,0,1
10720,536,2854,2854,0.5,1,1
10721,536,2854,3544,0.5,0,1
10722,536,2854,519,0.5,0,1
10723,536,2854,3393,0.5,0,1
10724,536,2854,2167,0.5,0,1
10725,536,2854,193,0.5,0,1
10726,536,2854,1081,0.5,0,1
10727,536,2854,1026,0.5,0,1
10728,536,2854,711,0.5,0,1
10729,536,2854,3637,0.5,0,1
10730,536,2854,3810,0.5,0,1
10731,536,2854,3899,0.5,0,1
10732,536,2854,325,0.5,0,1
10733,536,2854,1964,0.5,0,1
10734,536,2854,3441,0.5,0,1
10735,536,2854,1651,0.5,0,1
10736,536,2854,3283,0.5,0,1
10737,536,2854,1605,0.5,0,1
10738,536,2854,456,0.5,0,1
10739,536,2854,3994,0.5,0,1
10740,537,3005,3005,0.5,1,1
10741,537,3005,1082,0.5,0,1
10742,537,3005,3312,0.5,0,1
10743,537,3005,1976,0.5,0,1
10744,537,3005,2246,0.5,0,1
10745,537,3005,1034,0.5,0,1
10746,537,3005,2577,0.5,0,1
10747,537,3005,2740,0.5,0,1
10748,537,3005,2332,0.5,0,1
10749,537,3005,3311,0.5,0,1
10750,537,3005,4040,0.5,0,1
10751,537,3005,2050,0.5,0,1
10752,537,3005,1141,0.5,0,1
10753,537,3005,2340,0.5,0,1
10754,537,3005,4168,0.5,0,1
10755,537,3005,3071,0.5,0,1
10756,537,3005,2685,0.5,0,1
10757,537,3005,4103,0.5,0,1
10758,537,3005,1150,0.5,0,1
10759,537,3005,4134,0.5,0,1
10760,538,3903,3903,0.5,1,1
10761,538,3903,1719,0.5,0,1
10762,538,3903,2943,0.5,0,1
10763,538,3903,64,0.5,0,1
10764,538,3903,1256,0.5,0,1
10765,538,3903,2529,0.5,0,1
10766,538,3903,3910,0.5,0,1
10767,538,3903,2568,0.5,0,1
10768,538,3903,2385,0.5,0,1
10769,538,3903,1777,0.5,0,1
10770,538,3903,3510,0.5,0,1
10771,538,3903,1429,0.5,0,1
10772,538,3903,2999,0.5,0,1
10773,538,3903,1883,0.5,0,1
10774,538,3903,1203,0.5,0,1
10775,538,3903,3552,0.5,0,1
10776,538,3903,2962,0.5,0,1
10777,538,3903,256,0.5,0,1
10778,538,3903,2900,0.5,0,1
10779,538,3903,1025,0.5,0,1
10780,539,871,871,0.5,1,1
10781,539,871,2309,0.5,0,1
10782,539,871,343,0.5,0,1
10783,539,871,1190,0.5,0,1
10784,539,871,3853,0.5,0,1
10785,539,871,2498,0.5,0,1
10786,539,871,1684,0.5,0,1
10787,539,871,2343,0.5,0,1
10788,539,871,2026,0.5,0,1
10789,539,871,4020,0.5,0,1
10790,539,871,4041,0.5,0,1
10791,539,871,1559,0.5,0,1
10792,539,871,3552,0.5,0,1
10793,539,871,2240,0.5,0,1
10794,539,871,3165,0.5,0,1
10795,539,871,326,0.5,0,1
10796,539,871,1611,0.5,0,1
10797,539,871,3279,0.5,0,1
10798,539,871,2536,0.5,0,1
10799,539,871,923,0.5,0,1
10800,540,1021,1021,0.5,1,1
10801,540,1021,69,0.5,0,1
10802,540,1021,3045,0.5,0,1
10803,540,1021,228,0.5,0,1
10804,540,1021,2906,0.5,0,1
10805,540,1021,3782,0.5,0,1
10806,540,1021,2762,0.5,0,1
10807,540,1021,3107,0.5,0,1
10808,540,1021,184,0.5,0,1
10809,540,1021,108,0.5,0,1
10810,540,1021,673,0.5,0,1
10811,540,1021,3149,0.5,0,1
10812,540,1021,1016,0.5,0,1
10813,540,1021,1790,0.5,0,1
10814,540,1021,2410,0.5,0,1
10815,540,1021,988,0.5,0,1
10816,540,1021,3123,0.5,0,1
10817,540,1021,753,0.5,0,1
10818,540,1021,3583,0.5,0,1
10819,540,1021,741,0.5,0,1
10820,541,2597,2597,0.5,1,1
10821,541,2597,3378,0.5,0,1
10822,541,2597,27,0.5,0,1
10823,541,2597,1930,0.5,0,1
10824,541,2597,384,0.5,0,1
10825,541,2597,1784,0.5,0,1
10826,541,2597,2550,0.5,0,1
10827,541,2597,3613,0.5,0,1
10828,541,2597,3772,0.5,0,1
10829,541,2597,2610,0.5,0,1
10830,541,2597,124,0.5,0,1
10831,541,2597,2140,0.5,0,1
10832,541,2597,1237,0.5,0,1
10833,541,2597,3559,0.5,0,1
10834,541,2597,1670,0.5,0,1
10835,541,2597,1112,0.5,0,1
10836,541,2597,2255,0.5,0,1
10837,541,2597,4142,0.5,0,1
10838,541,2597,1668,0.5,0,1
10839,541,2597,338,0.5,0,1
10840,542,311,311,0.5,1,1
10841,542,311,1204,0.5,0,1
10842,542,311,3851,0.5,0,1
10843,542,311,1618,0.5,0,1
10844,542,311,3987,0.5,0,1
10845,542,311,2753,0.5,0,1
10846,542,311,312,0.5,0,1
10847,542,311,4124,0.5,0,1
10848,542,311,769,0.5,0,1
10849,542,311,1843,0.5,0,1
10850,542,311,999,0.5,0,1
10851,542,311,1800,0.5,0,1
10852,542,311,2989,0.5,0,1
10853,542,311,2547,0.5,0,1
10854,542,311,3220,0.5,0,1
10855,542,311,1795,0.5,0,1
10856,542,311,19,0.5,0,1
10857,542,311,1044,0.5,0,1
10858,542,311,4020,0.5,0,1
10859,542,311,524,0.5,0,1
10860,543,1034,1034,0.5,1,1
10861,543,1034,453,0.5,0,1
10862,543,1034,605,0.5,0,1
10863,543,1034,338,0.5,0,1
10864,543,1034,780,0.5,0,1
10865,543,1034,2767,0.5,0,1
10866,543,1034,2409,0.5,0,1
10867,543,1034,3472,0.5,0,1
10868,543,1034,908,0.5,0,1
10869,543,1034,1101,0.5,0,1
10870,543,1034,2906,0.5,0,1
10871,543,1034,906,0.5,0,1
10872,543,1034,2170,0.5,0,1
10873,543,1034,3144,0.5,0,1
10874,543,1034,2373,0.5,0,1
10875,543,1034,191,0.5,0,1
10876,543,1034,3049,0.5,0,1
10877,543,1034,2763,0.5,0,1
10878,543,1034,2284,0.5,0,1
10879,543,1034,577,0.5,0,1
10880,544,43,43,0.5,1,1
10881,544,43,829,0.5,0,1
10882,544,43,3,0.5,0,1
10883,544,43,3987,0.5,0,1
10884,544,43,3114,0.5,0,1
10885,544,43,3462,0.5,0,1
10886,544,43,3578,0.5,0,1
10887,544,43,2617,0.5,0,1
10888,544,43,4014,0.5,0,1
10889,544,43,1453,0.5,0,1
10890,544,43,3882,0.5,0,1
10891,544,43,920,0.5,0,1
10892,544,43,2960,0.5,0,1
10893,544,43,3159,0.5,0,1
10894,544,43,1463,0.5,0,1
10895,544,43,3880,0.5,0,1
10896,544,43,75,0.5,0,1
10897,544,43,257,0.5,0,1
10898,544,43,612,0.5,0,1
10899,544,43,1414,0.5,0,1
10900,545,3932,3932,0.5,1,1
10901,545,3932,326,0.5,0,1
10902,545,3932,882,0.5,0,1
10903,545,3932,3809,0.5,0,1
10904,545,3932,939,0.5,0,1
10905,545,3932,2506,0.5,0,1
10906,545,3932,30,0.5,0,1
10907,545,3932,2127,0.5,0,1
10908,545,3932,2990,0.5,0,1
10909,545,3932,494,0.5,0,1
10910,545,3932,3347,0.5,0,1
10911,545,3932,3910,0.5,0,1
10912,545,3932,3385,0.5,0,1
10913,545,3932,957,0.5,0,1
10914,545,3932,1123,0.5,0,1
10915,545,3932,377,0.5,0,1
10916,545,3932,3429,0.5,0,1
10917,545,3932,3334,0.5,0,1
10918,545,3932,3515,0.5,0,1
10919,545,3932,2189,0.5,0,1
10920,546,739,739,0.5,1,1
10921,546,739,3349,0.5,0,1
10922,546,739,1614,0.5,0,1
10923,546,739,1632,0.5,0,1
10924,546,739,2653,0.5,0,1
10925,546,739,4070,0.5,0,1
10926,546,739,3328,0.5,0,1
10927,546,739,307,0.5,0,1
10928,546,739,2598,0.5,0,1
10929,546,739,1287,0.5,0,1
10930,546,739,3632,0.5,0,1
10931,546,739,1836,0.5,0,1
10932,546,739,3560,0.5,0,1
10933,546,739,1432,0.5,0,1
10934,546,739,2056,0.5,0,1
10935,546,739,2655,0.5,0,1
10936,546,739,3713,0.5,0,1
10937,546,739,100,0.5,0,1
10938,546,739,1082,0.5,0,1
10939,546,739,2680,0.5,0,1
10940,547,1037,1037,0.5,1,1
10941,547,1037,2601,0.5,0,1
10942,547,1037,1756,0.5,0,1
10943,547,1037,195,0.5,0,1
10944,547,1037,3622,0.5,0,1
10945,547,1037,1028,0.5,0,1
10946,547,1037,4141,0.5,0,1
10947,547,1037,326,0.5,0,1
10948,547,1037,285,0.5,0,1
10949,547,1037,2216,0.5,0,1
10950,547,1037,627,0.5,0,1
10951,547,1037,1448,0.5,0,1
10952,547,1037,2900,0.5,0,1
10953,547,1037,2424,0.5,0,1
10954,547,1037,2237,0.5,0,1
10955,547,1037,3566,0.5,0,1
10956,547,1037,2348,0.5,0,1
10957,547,1037,3325,0.5,0,1
10958,547,1037,2148,0.5,0,1
10959,547,1037,1292,0.5,0,1
10960,548,672,672,0.5,1,1
10961,548,672,3844,0.5,0,1
10962,548,672,2163,0.5,0,1
10963,548,672,2491,0.5,0,1
10964,548,672,2242,0.5,0,1
10965,548,672,808,0.5,0,1
10966,548,672,3748,0.5,0,1
10967,548,672,3872,0.5,0,1
10968,548,672,2958,0.5,0,1
10969,548,672,1636,0.5,0,1
10970,548,672,3878,0.5,0,1
10971,548,672,4023,0.5,0,1
10972,548,672,3233,0.5,0,1
10973,548,672,3609,0.5,0,1
10974,548,672,1982,0.5,0,1
10975,548,672,2592,0.5,0,1
10976,548,672,3650,0.5,0,1
10977,548,672,1695,0.5,0,1
10978,548,672,437,0.5,0,1
10979,548,672,2970,0.5,0,1
10980,549,3379,3379,0.5,1,1
10981,549,3379,1220,0.5,0,1
10982,549,3379,930,0.5,0,1
10983,549,3379,4086,0.5,0,1
10984,549,3379,2008,0.5,0,1
10985,549,3379,3193,0.5,0,1
10986,549,3379,3597,0.5,0,1
10987,549,3379,390,0.5,0,1
10988,549,3379,4140,0.5,0,1
10989,549,3379,3963,0.5,0,1
10990,549,3379,3329,0.5,0,1
10991,549,3379,3677,0.5,0,1
10992,549,3379,136,0.5,0,1
10993,549,3379,472,0.5,0,1
10994,549,3379,1737,0.5,0,1
10995,549,3379,3974,0.5,0,1
10996,549,3379,3042,0.5,0,1
10997,549,3379,1160,0.5,0,1
10998,549,3379,131,0.5,0,1
10999,549,3379,521,0.5,0,1
11000,550,1228,1228,0.5,1,1
11001,550,1228,3772,0.5,0,1
11002,550,1228,2129,0.5,0,1
11003,550,1228,403,0.5,0,1
11004,550,1228,3996,0.5,0,1
11005,550,1228,3472,0.5,0,1
11006,550,1228,3420,0.5,0,1
11007,550,1228,3103,0.5,0,1
11008,550,1228,3306,0.5,0,1
11009,550,1228,3627,0.5,0,1
11010,550,1228,1796,0.5,0,1
11011,550,1228,2779,0.5,0,1
11012,550,1228,896,0.5,0,1
11013,550,1228,3584,0.5,0,1
11014,550,1228,4103,0.5,0,1
11015,550,1228,752,0.5,0,1
11016,550,1228,1728,0.5,0,1
11017,550,1228,287,0.5,0,1
11018,550,1228,3652,0.5,0,1
11019,550,1228,2474,0.5,0,1
11020,551,2471,2471,0.5,1,1
11021,551,2471,4108,0.5,0,1
11022,551,2471,3945,0.5,0,1
11023,551,2471,2527,0.5,0,1
11024,551,2471,1459,0.5,0,1
11025,551,2471,6,0.5,0,1
11026,551,2471,1213,0.5,0,1
11027,551,2471,1958,0.5,0,1
11028,551,2471,476,0.5,0,1
11029,551,2471,785,0.5,0,1
11030,551,2471,2228,0.5,0,1
11031,551,2471,256,0.5,0,1
11032,551,2471,2280,0.5,0,1
11033,551,2471,3597,0.5,0,1
11034,551,2471,2648,0.5,0,1
11035,551,2471,3497,0.5,0,1
11036,551,2471,3926,0.5,0,1
11037,551,2471,2999,0.5,0,1
11038,551,2471,2638,0.5,0,1
11039,551,2471,2580,0.5,0,1
11040,552,622,622,0.5,1,1
11041,552,622,503,0.5,0,1
11042,552,622,2341,0.5,0,1
11043,552,622,3271,0.5,0,1
11044,552,622,998,0.5,0,1
11045,552,622,1099,0.5,0,1
11046,552,622,569,0.5,0,1
11047,552,622,3439,0.5,0,1
11048,552,622,3942,0.5,0,1
11049,552,622,3258,0.5,0,1
11050,552,622,1998,0.5,0,1
11051,552,622,4109,0.5,0,1
11052,552,622,1593,0.5,0,1
11053,552,622,1584,0.5,0,1
11054,552,622,2594,0.5,0,1
11055,552,622,2421,0.5,0,1
11056,552,622,1868,0.5,0,1
11057,552,622,1360,0.5,0,1
11058,552,622,1227,0.5,0,1
11059,552,622,3719,0.5,0,1
11060,553,4142,4142,0.5,1,1
11061,553,4142,1560,0.5,0,1
11062,553,4142,1243,0.5,0,1
11063,553,4142,804,0.5,0,1
11064,553,4142,2179,0.5,0,1
11065,553,4142,2726,0.5,0,1
11066,553,4142,1503,0.5,0,1
11067,553,4142,296,0.5,0,1
11068,553,4142,1825,0.5,0,1
11069,553,4142,4031,0.5,0,1
11070,553,4142,3736,0.5,0,1
11071,553,4142,3386,0.5,0,1
11072,553,4142,3114,0.5,0,1
11073,553,4142,2141,0.5,0,1
11074,553,4142,2767,0.5,0,1
11075,553,4142,1618,0.5,0,1
11076,553,4142,3154,0.5,0,1
11077,553,4142,3605,0.5,0,1
11078,553,4142,330,0.5,0,1
11079,553,4142,680,0.5,0,1
11080,554,1506,1506,0.5,1,1
11081,554,1506,2677,0.5,0,1
11082,554,1506,4015,0.5,0,1
11083,554,1506,2466,0.5,0,1
11084,554,1506,3282,0.5,0,1
11085,554,1506,2963,0.5,0,1
11086,554,1506,1096,0.5,0,1
11087,554,1506,904,0.5,0,1
11088,554,1506,3318,0.5,0,1
11089,554,1506,2208,0.5,0,1
11090,554,1506,1483,0.5,0,1
11091,554,1506,2411,0.5,0,1
11092,554,1506,3995,0.5,0,1
11093,554,1506,2890,0.5,0,1
11094,554,1506,3088,0.5,0,1
11095,554,1506,3697,0.5,0,1
11096,554,1506,211,0.5,0,1
11097,554,1506,2377,0.5,0,1
11098,554,1506,1961,0.5,0,1
11099,554,1506,1905,0.5,0,1
11100,555,362,362,0.5,1,1
11101,555,362,444,0.5,0,1
11102,555,362,3668,0.5,0,1
11103,555,362,4054,0.5,0,1
11104,555,362,3461,0.5,0,1
11105,555,362,4013,0.5,0,1
11106,555,362,36,0.5,0,1
11107,555,362,2007,0.5,0,1
11108,555,362,11,0.5,0,1
11109,555,362,751,0.5,0,1
11110,555,362,3119,0.5,0,1
11111,555,362,1285,0.5,0,1
11112,555,362,2365,0.5,0,1
11113,555,362,3023,0.5,0,1
11114,555,362,1624,0.5,0,1
11115,555,362,1675,0.5,0,1
11116,555,362,1557,0.5,0,1
11117,555,362,1094,0.5,0,1
11118,555,362,165,0.5,0,1
11119,555,362,3628,0.5,0,1
11120,556,768,768,0.5,1,1
11121,556,768,2110,0.5,0,1
11122,556,768,3070,0.5,0,1
11123,556,768,1314,0.5,0,1
11124,556,768,3367,0.5,0,1
11125,556,768,1238,0.5,0,1
11126,556,768,269,0.5,0,1
11127,556,768,2313,0.5,0,1
11128,556,768,2128,0.5,0,1
11129,556,768,1602,0.5,0,1
11130,556,768,1468,0.5,0,1
11131,556,768,4121,0.5,0,1
11132,556,768,1827,0.5,0,1
11133,556,768,1988,0.5,0,1
11134,556,768,3979,0.5,0,1
11135,556,768,3214,0.5,0,1
11136,556,768,4151,0.5,0,1
11137,556,768,1948,0.5,0,1
11138,556,768,1589,0.5,0,1
11139,556,768,1229,0.5,0,1
11140,557,2293,2293,0.5,1,1
11141,557,2293,3704,0.5,0,1
11142,557,2293,2,0.5,0,1
11143,557,2293,1868,0.5,0,1
11144,557,2293,2550,0.5,0,1
11145,557,2293,3462,0.5,0,1
11146,557,2293,1271,0.5,0,1
11147,557,2293,2124,0.5,0,1
11148,557,2293,2286,0.5,0,1
11149,557,2293,1891,0.5,0,1
11150,557,2293,269,0.5,0,1
11151,557,2293,1916,0.5,0,1
11152,557,2293,3755,0.5,0,1
11153,557,2293,3021,0.5,0,1
11154,557,2293,3598,0.5,0,1
11155,557,2293,2264,0.5,0,1
11156,557,2293,1467,0.5,0,1
11157,557,2293,3410,0.5,0,1
11158,557,2293,3570,0.5,0,1
11159,557,2293,2115,0.5,0,1
11160,558,457,457,0.5,1,1
11161,558,457,2546,0.5,0,1
11162,558,457,679,0.5,0,1
11163,558,457,1579,0.5,0,1
11164,558,457,3912,0.5,0,1
11165,558,457,791,0.5,0,1
11166,558,457,72,0.5,0,1
11167,558,457,598,0.5,0,1
11168,558,457,1002,0.5,0,1
11169,558,457,2260,0.5,0,1
11170,558,457,3992,0.5,0,1
11171,558,457,2203,0.5,0,1
11172,558,457,1281,0.5,0,1
11173,558,457,2341,0.5,0,1
11174,558,457,1594,0.5,0,1
11175,558,457,3542,0.5,0,1
11176,558,457,2824,0.5,0,1
11177,558,457,419,0.5,0,1
11178,558,457,1795,0.5,0,1
11179,558,457,3471,0.5,0,1
11180,559,455,455,0.5,1,1
11181,559,455,3009,0.5,0,1
11182,559,455,2150,0.5,0,1
11183,559,455,3853,0.5,0,1
11184,559,455,1769,0.5,0,1
11185,559,455,2745,0.5,0,1
11186,559,455,1659,0.5,0,1
11187,559,455,1895,0.5,0,1
11188,559,455,1284,0.5,0,1
11189,559,455,3788,0.5,0,1
11190,559,455,1003,0.5,0,1
11191,559,455,3523,0.5,0,1
11192,559,455,1704,0.5,0,1
11193,559,455,662,0.5,0,1
11194,559,455,658,0.5,0,1
11195,559,455,1739,0.5,0,1
11196,559,455,2367,0.5,0,1
11197,559,455,196,0.5,0,1
11198,559,455,1239,0.5,0,1
11199,559,455,1174,0.5,0,1
11200,560,1994,1994,0.5,1,1
11201,560,1994,308,0.5,0,1
11202,560,1994,170,0.5,0,1
11203,560,1994,2101,0.5,0,1
11204,560,1994,2003,0.5,0,1
11205,560,1994,322,0.5,0,1
11206,560,1994,2999,0.5,0,1
11207,560,1994,11,0.5,0,1
11208,560,1994,245,0.5,0,1
11209,560,1994,1465,0.5,0,1
11210,560,1994,1071,0.5,0,1
11211,560,1994,1229,0.5,0,1
11212,560,1994,3267,0.5,0,1
11213,560,1994,3965,0.5,0,1
11214,560,1994,3009,0.5,0,1
11215,560,1994,348,0.5,0,1
11216,560,1994,168,0.5,0,1
11217,560,1994,4139,0.5,0,1
11218,560,1994,3033,0.5,0,1
11219,560,1994,3912,0.5,0,1
11220,561,3102,3102,0.5,1,1
11221,561,3102,2190,0.5,0,1
11222,561,3102,349,0.5,0,1
11223,561,3102,929,0.5,0,1
11224,561,3102,3055,0.5,0,1
11225,561,3102,270,0.5,0,1
11226,561,3102,2283,0.5,0,1
11227,561,3102,4153,0.5,0,1
11228,561,3102,3898,0.5,0,1
11229,561,3102,1721,0.5,0,1
11230,561,3102,3626,0.5,0,1
11231,561,3102,231,0.5,0,1
11232,561,3102,2957,0.5,0,1
11233,561,3102,17,0.5,0,1
11234,561,3102,478,0.5,0,1
11235,561,3102,854,0.5,0,1
11236,561,3102,2721,0.5,0,1
11237,561,3102,2524,0.5,0,1
11238,561,3102,2564,0.5,0,1
11239,561,3102,3650,0.5,0,1
11240,562,3486,3486,0.5,1,1
11241,562,3486,2948,0.5,0,1
11242,562,3486,1771,0.5,0,1
11243,562,3486,1449,0.5,0,1
11244,562,3486,3197,0.5,0,1
11245,562,3486,369,0.5,0,1
11246,562,3486,1982,0.5,0,1
11247,562,3486,1016,0.5,0,1
11248,562,3486,3940,0.5,0,1
11249,562,3486,2396,0.5,0,1
11250,562,3486,2779,0.5,0,1
11251,562,3486,2835,0.5,0,1
11252,562,3486,1392,0.5,0,1
11253,562,3486,3563,0.5,0,1
11254,562,3486,3226,0.5,0,1
11255,562,3486,343,0.5,0,1
11256,562,3486,28,0.5,0,1
11257,562,3486,2633,0.5,0,1
11258,562,3486,702,0.5,0,1
11259,562,3486,3896,0.5,0,1
11260,563,1212,1212,0.5,1,1
11261,563,1212,1444,0.5,0,1
11262,563,1212,759,0.5,0,1
11263,563,1212,2421,0.5,0,1
11264,563,1212,3061,0.5,0,1
11265,563,1212,4142,0.5,0,1
11266,563,1212,3490,0.5,0,1
11267,563,1212,295,0.5,0,1
11268,563,1212,2258,0.5,0,1
11269,563,1212,3291,0.5,0,1
11270,563,1212,3318,0.5,0,1
11271,563,1212,1437,0.5,0,1
11272,563,1212,186,0.5,0,1
11273,563,1212,3188,0.5,0,1
11274,563,1212,2999,0.5,0,1
11275,563,1212,3081,0.5,0,1
11276,563,1212,2233,0.5,0,1
11277,563,1212,3214,0.5,0,1
11278,563,1212,2993,0.5,0,1
11279,563,1212,2425,0.5,0,1
11280,564,2039,2039,0.5,1,1
11281,564,2039,3596,0.5,0,1
11282,564,2039,2532,0.5,0,1
11283,564,2039,2284,0.5,0,1
11284,564,2039,2935,0.5,0,1
11285,564,2039,2519,0.5,0,1
11286,564,2039,1746,0.5,0,1
11287,564,2039,584,0.5,0,1
11288,564,2039,3157,0.5,0,1
11289,564,2039,3384,0.5,0,1
11290,564,2039,1549,0.5,0,1
11291,564,2039,1285,0.5,0,1
11292,564,2039,415,0.5,0,1
11293,564,2039,1406,0.5,0,1
11294,564,2039,1128,0.5,0,1
11295,564,2039,4176,0.5,0,1
11296,564,2039,2821,0.5,0,1
11297,564,2039,574,0.5,0,1
11298,564,2039,2175,0.5,0,1
11299,564,2039,3373,0.5,0,1
11300,565,2444,2444,0.5,1,1
11301,565,2444,496,0.5,0,1
11302,565,2444,3909,0.5,0,1
11303,565,2444,1807,0.5,0,1
11304,565,2444,2138,0.5,0,1
11305,565,2444,124,0.5,0,1
11306,565,2444,3530,0.5,0,1
11307,565,2444,2434,0.5,0,1
11308,565,2444,2266,0.5,0,1
11309,565,2444,1377,0.5,0,1
11310,565,2444,3546,0.5,0,1
11311,565,2444,3751,0.5,0,1
11312,565,2444,1085,0.5,0,1
11313,565,2444,777,0.5,0,1
11314,565,2444,2088,0.5,0,1
11315,565,2444,1174,0.5,0,1
11316,565,2444,1493,0.5,0,1
11317,565,2444,880,0.5,0,1
11318,565,2444,3658,0.5,0,1
11319,565,2444,1413,0.5,0,1
11320,566,137,137,0.5,1,1
11321,566,137,450,0.5,0,1
11322,566,137,2972,0.5,0,1
11323,566,137,1103,0.5,0,1
11324,566,137,628,0.5,0,1
11325,566,137,1295,0.5,0,1
11326,566,137,2542,0.5,0,1
11327,566,137,594,0.5,0,1
11328,566,137,1504,0.5,0,1
11329,566,137,1773,0.5,0,1
11330,566,137,3664,0.5,0,1
11331,566,137,3909,0.5,0,1
11332,566,137,3605,0.5,0,1
11333,566,137,3965,0.5,0,1
11334,566,137,526,0.5,0,1
11335,566,137,3344,0.5,0,1
11336,566,137,2198,0.5,0,1
11337,566,137,3682,0.5,0,1
11338,566,137,2263,0.5,0,1
11339,566,137,2341,0.5,0,1
11340,567,3719,3719,0.5,1,1
11341,567,3719,2348,0.5,0,1
11342,567,3719,1641,0.5,0,1
11343,567,3719,2877,0.5,0,1
11344,567,3719,2601,0.5,0,1
11345,567,3719,389,0.5,0,1
11346,567,3719,3343,0.5,0,1
11347,567,3719,1956,0.5,0,1
11348,567,3719,66,0.5,0,1
11349,567,3719,3060,0.5,0,1
11350,567,3719,317,0.5,0,1
11351,567,3719,2811,0.5,0,1
11352,567,3719,4101,0.5,0,1
11353,567,3719,3305,0.5,0,1
11354,567,3719,3494,0.5,0,1
11355,567,3719,2963,0.5,0,1
11356,567,3719,3233,0.5,0,1
11357,567,3719,2002,0.5,0,1
11358,567,3719,94,0.5,0,1
11359,567,3719,2310,0.5,0,1
11360,568,337,337,0.5,1,1
11361,568,337,3032,0.5,0,1
11362,568,337,2635,0.5,0,1
11363,568,337,2442,0.5,0,1
11364,568,337,1753,0.5,0,1
11365,568,337,2169,0.5,0,1
11366,568,337,271,0.5,0,1
11367,568,337,853,0.5,0,1
11368,568,337,1965,0.5,0,1
11369,568,337,4044,0.5,0,1
11370,568,337,3408,0.5,0,1
11371,568,337,136,0.5,0,1
11372,568,337,3174,0.5,0,1
11373,568,337,837,0.5,0,1
11374,568,337,1252,0.5,0,1
11375,568,337,3072,0.5,0,1
11376,568,337,3939,0.5,0,1
11377,568,337,4161,0.5,0,1
11378,568,337,548,0.5,0,1
11379,568,337,3311,0.5,0,1
11380,569,3958,3958,0.5,1,1
11381,569,3958,3730,0.5,0,1
11382,569,3958,2640,0.5,0,1
11383,569,3958,154,0.5,0,1
11384,569,3958,3473,0.5,0,1
11385,569,3958,3636,0.5,0,1
11386,569,3958,1429,0.5,0,1
11387,569,3958,2738,0.5,0,1
11388,569,3958,1725,0.5,0,1
11389,569,3958,3889,0.5,0,1
11390,569,3958,2150,0.5,0,1
11391,569,3958,1165,0.5,0,1
11392,569,3958,1909,0.5,0,1
11393,569,3958,3817,0.5,0,1
11394,569,3958,663,0.5,0,1
11395,569,3958,3921,0.5,0,1
11396,569,3958,963,0.5,0,1
11397,569,3958,3903,0.5,0,1
11398,569,3958,1020,0.5,0,1
11399,569,3958,959,0.5,0,1
11400,570,4086,4086,0.5,1,1
11401,570,4086,2181,0.5,0,1
11402,570,4086,145,0.5,0,1
11403,570,4086,575,0.5,0,1
11404,570,4086,2129,0.5,0,1
11405,570,4086,853,0.5,0,1
11406,570,4086,1941,0.5,0,1
11407,570,4086,754,0.5,0,1
11408,570,4086,1760,0.5,0,1
11409,570,4086,1717,0.5,0,1
11410,570,4086,88,0.5,0,1
11411,570,4086,336,0.5,0,1
11412,570,4086,4071,0.5,0,1
11413,570,4086,606,0.5,0,1
11414,570,4086,1887,0.5,0,1
11415,570,4086,981,0.5,0,1
11416,570,4086,1862,0.5,0,1
11417,570,4086,1186,0.5,0,1
11418,570,4086,1928,0.5,0,1
11419,570,4086,1084,0.5,0,1
11420,571,3537,3537,0.5,1,1
11421,571,3537,885,0.5,0,1
11422,571,3537,2364,0.5,0,1
11423,571,3537,1011,0.5,0,1
11424,571,3537,4109,0.5,0,1
11425,571,3537,1736,0.5,0,1
11426,571,3537,3451,0.5,0,1
11427,571,3537,3015,0.5,0,1
11428,571,3537,1093,0.5,0,1
11429,571,3537,3778,0.5,0,1
11430,571,3537,706,0.5,0,1
11431,571,3537,2866,0.5,0,1
11432,571,3537,2579,0.5,0,1
11433,571,3537,1988,0.5,0,1
11434,571,3537,381,0.5,0,1
11435,571,3537,3326,0.5,0,1
11436,571,3537,521,0.5,0,1
11437,571,3537,3011,0.5,0,1
11438,571,3537,905,0.5,0,1
11439,571,3537,3171,0.5,0,1
11440,572,90,90,0.5,1,1
11441,572,90,382,0.5,0,1
11442,572,90,3314,0.5,0,1
11443,572,90,2584,0.5,0,1
11444,572,90,1042,0.5,0,1
11445,572,90,1176,0.5,0,1
11446,572,90,2316,0.5,0,1
11447,572,90,4038,0.5,0,1
11448,572,90,1198,0.5,0,1
11449,572,90,512,0.5,0,1
11450,572,90,451,0.5,0,1
11451,572,90,2315,0.5,0,1
11452,572,90,254,0.5,0,1
11453,572,90,993,0.5,0,1
11454,572,90,2760,0.5,0,1
11455,572,90,1147,0.5,0,1
11456,572,90,981,0.5,0,1
11457,572,90,3877,0.5,0,1
11458,572,90,3216,0.5,0,1
11459,572,90,2409,0.5,0,1
11460,573,2134,2134,0.5,1,1
11461,573,2134,3070,0.5,0,1
11462,573,2134,3897,0.5,0,1
11463,573,2134,3810,0.5,0,1
11464,573,2134,1176,0.5,0,1
11465,573,2134,1842,0.5,0,1
11466,573,2134,1521,0.5,0,1
11467,573,2134,751,0.5,0,1
11468,573,2134,1129,0.5,0,1
11469,573,2134,3569,0.5,0,1
11470,573,2134,2817,0.5,0,1
11471,573,2134,540,0.5,0,1
11472,573,2134,3805,0.5,0,1
11473,573,2134,3546,0.5,0,1
11474,573,2134,3698,0.5,0,1
11475,573,2134,1540,0.5,0,1
11476,573,2134,3085,0.5,0,1
11477,573,2134,1265,0.5,0,1
11478,573,2134,514,0.5,0,1
11479,573,2134,740,0.5,0,1
11480,574,2432,2432,0.5,1,1
11481,574,2432,3607,0.5,0,1
11482,574,2432,1286,0.5,0,1
11483,574,2432,1547,0.5,0,1
11484,574,2432,2319,0.5,0,1
11485,574,2432,997,0.5,0,1
11486,574,2432,2042,0.5,0,1
11487,574,2432,1600,0.5,0,1
11488,574,2432,88,0.5,0,1
11489,574,2432,774,0.5,0,1
11490,574,2432,2654,0.5,0,1
11491,574,2432,3016,0.5,0,1
11492,574,2432,472,0.5,0,1
11493,574,2432,552,0.5,0,1
11494,574,2432,979,0.5,0,1
11495,574,2432,4128,0.5,0,1
11496,574,2432,1526,0.5,0,1
11497,574,2432,2436,0.5,0,1
11498,574,2432,1321,0.5,0,1
11499,574,2432,2169,0.5,0,1
11500,575,391,391,0.5,1,1
11501,575,391,2680,0.5,0,1
11502,575,391,3744,0.5,0,1
11503,575,391,3128,0.5,0,1
11504,575,391,1712,0.5,0,1
11505,575,391,3772,0.5,0,1
11506,575,391,2959,0.5,0,1
11507,575,391,1797,0.5,0,1
11508,575,391,1723,0.5,0,1
11509,575,391,2556,0.5,0,1
11510,575,391,3020,0.5,0,1
11511,575,391,3375,0.5,0,1
11512,575,391,4154,0.5,0,1
11513,575,391,2829,0.5,0,1
11514,575,391,2113,0.5,0,1
11515,575,391,3045,0.5,0,1
11516,575,391,978,0.5,0,1
11517,575,391,3356,0.5,0,1
11518,575,391,2817,0.5,0,1
11519,575,391,829,0.5,0,1
11520,576,1313,1313,0.5,1,1
11521,576,1313,3467,0.5,0,1
11522,576,1313,1656,0.5,0,1
11523,576,1313,2079,0.5,0,1
11524,576,1313,157,0.5,0,1
11525,576,1313,3149,0.5,0,1
11526,576,1313,3033,0.5,0,1
11527,576,1313,1694,0.5,0,1
11528,576,1313,3522,0.5,0,1
11529,576,1313,2563,0.5,0,1
11530,576,1313,709,0.5,0,1
11531,576,1313,1909,0.5,0,1
11532,576,1313,1267,0.5,0,1
11533,576,1313,436,0.5,0,1
11534,576,1313,127,0.5,0,1
11535,576,1313,1058,0.5,0,1
11536,576,1313,1806,0.5,0,1
11537,576,1313,675,0.5,0,1
11538,576,1313,916,0.5,0,1
11539,576,1313,1131,0.5,0,1
11540,577,1341,1341,0.5,1,1
11541,577,1341,3309,0.5,0,1
11542,577,1341,1306,0.5,0,1
11543,577,1341,935,0.5,0,1
11544,577,1341,2393,0.5,0,1
11545,577,1341,2224,0.5,0,1
11546,577,1341,818,0.5,0,1
11547,577,1341,2578,0.5,0,1
11548,577,1341,840,0.5,0,1
11549,577,1341,3761,0.5,0,1
11550,577,1341,2168,0.5,0,1
11551,577,1341,1931,0.5,0,1
11552,577,1341,4061,0.5,0,1
11553,577,1341,4007,0.5,0,1
11554,577,1341,1366,0.5,0,1
11555,577,1341,1933,0.5,0,1
11556,577,1341,71,0.5,0,1
11557,577,1341,2200,0.5,0,1
11558,577,1341,2245,0.5,0,1
11559,577,1341,3333,0.5,0,1
11560,578,3177,3177,0.5,1,1
11561,578,3177,2302,0.5,0,1
11562,578,3177,4144,0.5,0,1
11563,578,3177,3857,0.5,0,1
11564,578,3177,1311,0.5,0,1
11565,578,3177,2014,0.5,0,1
11566,578,3177,1221,0.5,0,1
11567,578,3177,1732,0.5,0,1
11568,578,3177,4077,0.5,0,1
11569,578,3177,1980,0.5,0,1
11570,578,3177,1696,0.5,0,1
11571,578,3177,1652,0.5,0,1
11572,578,3177,1063,0.5,0,1
11573,578,3177,2280,0.5,0,1
11574,578,3177,2258,0.5,0,1
11575,578,3177,2313,0.5,0,1
11576,578,3177,3409,0.5,0,1
11577,578,3177,1955,0.5,0,1
11578,578,3177,1330,0.5,0,1
11579,578,3177,2754,0.5,0,1
11580,579,3299,3299,0.5,1,1
11581,579,3299,526,0.5,0,1
11582,579,3299,1367,0.5,0,1
11583,579,3299,3047,0.5,0,1
11584,579,3299,2075,0.5,0,1
11585,579,3299,3856,0.5,0,1
11586,579,3299,1743,0.5,0,1
11587,579,3299,1549,0.5,0,1
11588,579,3299,1295,0.5,0,1
11589,579,3299,279,0.5,0,1
11590,579,3299,2959,0.5,0,1
11591,579,3299,2314,0.5,0,1
11592,579,3299,3361,0.5,0,1
11593,579,3299,2435,0.5,0,1
11594,579,3299,371,0.5,0,1
11595,579,3299,748,0.5,0,1
11596,579,3299,2750,0.5,0,1
11597,579,3299,1871,0.5,0,1
11598,579,3299,1586,0.5,0,1
11599,579,3299,4040,0.5,0,1
11600,580,1472,1472,0.5,1,1
11601,580,1472,1273,0.5,0,1
11602,580,1472,3171,0.5,0,1
11603,580,1472,217,0.5,0,1
11604,580,1472,1196,0.5,0,1
11605,580,1472,3749,0.5,0,1
11606,580,1472,2164,0.5,0,1
11607,580,1472,1079,0.5,0,1
11608,580,1472,3554,0.5,0,1
11609,580,1472,2625,0.5,0,1
11610,580,1472,163,0.5,0,1
11611,580,1472,3951,0.5,0,1
11612,580,1472,3039,0.5,0,1
11613,580,1472,2524,0.5,0,1
11614,580,1472,3647,0.5,0,1
11615,580,1472,3891,0.5,0,1
11616,580,1472,837,0.5,0,1
11617,580,1472,1564,0.5,0,1
11618,580,1472,3357,0.5,0,1
11619,580,1472,971,0.5,0,1
11620,581,2114,2114,0.5,1,1
11621,581,2114,3553,0.5,0,1
11622,581,2114,3998,0.5,0,1
11623,581,2114,3698,0.5,0,1
11624,581,2114,2685,0.5,0,1
11625,581,2114,414,0.5,0,1
11626,581,2114,1445,0.5,0,1
11627,581,2114,789,0.5,0,1
11628,581,2114,1948,0.5,0,1
11629,581,2114,1080,0.5,0,1
11630,581,2114,89,0.5,0,1
11631,581,2114,185,0.5,0,1
11632,581,2114,2553,0.5,0,1
11633,581,2114,1257,0.5,0,1
11634,581,2114,1192,0.5,0,1
11635,581,2114,1263,0.5,0,1
11636,581,2114,1878,0.5,0,1
11637,581,2114,3760,0.5,0,1
11638,581,2114,2354,0.5,0,1
11639,581,2114,2455,0.5,0,1
11640,582,1871,1871,0.5,1,1
11641,582,1871,325,0.5,0,1
11642,582,1871,3421,0.5,0,1
11643,582,1871,1966,0.5,0,1
11644,582,1871,1347,0.5,0,1
11645,582,1871,1823,0.5,0,1
11646,582,1871,3615,0.5,0,1
11647,582,1871,454,0.5,0,1
11648,582,1871,3446,0.5,0,1
11649,582,1871,1216,0.5,0,1
11650,582,1871,579,0.5,0,1
11651,582,1871,3784,0.5,0,1
11652,582,1871,651,0.5,0,1
11653,582,1871,2511,0.5,0,1
11654,582,1871,526,0.5,0,1
11655,582,1871,4178,0.5,0,1
11656,582,1871,1435,0.5,0,1
11657,582,1871,696,0.5,0,1
11658,582,1871,3207,0.5,0,1
11659,582,1871,830,0.5,0,1
11660,583,1288,1288,0.5,1,1
11661,583,1288,4104,0.5,0,1
11662,583,1288,406,0.5,0,1
11663,583,1288,3459,0.5,0,1
11664,583,1288,303,0.5,0,1
11665,583,1288,74,0.5,0,1
11666,583,1288,1420,0.5,0,1
11667,583,1288,131,0.5,0,1
11668,583,1288,3616,0.5,0,1
11669,583,1288,3571,0.5,0,1
11670,583,1288,557,0.5,0,1
11671,583,1288,2427,0.5,0,1
11672,583,1288,1048,0.5,0,1
11673,583,1288,2544,0.5,0,1
11674,583,1288,2508,0.5,0,1
11675,583,1288,278,0.5,0,1
11676,583,1288,258,0.5,0,1
11677,583,1288,1335,0.5,0,1
11678,583,1288,4089,0.5,0,1
11679,583,1288,1948,0.5,0,1
11680,584,1861,1861,0.5,1,1
11681,584,1861,2185,0.5,0,1
11682,584,1861,2659,0.5,0,1
11683,584,1861,523,0.5,0,1
11684,584,1861,1227,0.5,0,1
11685,584,1861,589,0.5,0,1
11686,584,1861,4114,0.5,0,1
11687,584,1861,1396,0.5,0,1
11688,584,1861,48,0.5,0,1
11689,584,1861,3737,0.5,0,1
11690,584,1861,214,0.5,0,1
11691,584,1861,1975,0.5,0,1
11692,584,1861,124,0.5,0,1
11693,584,1861,3108,0.5,0,1
11694,584,1861,3721,0.5,0,1
11695,584,1861,2522,0.5,0,1
11696,584,1861,448,0.5,0,1
11697,584,1861,2263,0.5,0,1
11698,584,1861,1536,0.5,0,1
11699,584,1861,3751,0.5,0,1
11700,585,689,689,0.5,1,1
11701,585,689,2998,0.5,0,1
11702,585,689,2494,0.5,0,1
11703,585,689,3262,0.5,0,1
11704,585,689,4032,0.5,0,1
11705,585,689,2823,0.5,0,1
11706,585,689,1774,0.5,0,1
11707,585,689,1723,0.5,0,1
11708,585,689,133,0.5,0,1
11709,585,689,1553,0.5,0,1
11710,585,689,188,0.5,0,1
11711,585,689,2632,0.5,0,1
11712,585,689,2994,0.5,0,1
11713,585,689,2593,0.5,0,1
11714,585,689,2074,0.5,0,1
11715,585,689,1544,0.5,0,1
11716,585,689,3889,0.5,0,1
11717,585,689,4146,0.5,0,1
11718,585,689,2046,0.5,0,1
11719,585,689,1593,0.5,0,1
11720,586,961,961,0.5,1,1
11721,586,961,2126,0.5,0,1
11722,586,961,2549,0.5,0,1
11723,586,961,1445,0.5,0,1
11724,586,961,1803,0.5,0,1
11725,586,961,1736,0.5,0,1
11726,586,961,1729,0.5,0,1
11727,586,961,2968,0.5,0,1
11728,586,961,673,0.5,0,1
11729,586,961,326,0.5,0,1
11730,586,961,3107,0.5,0,1
11731,586,961,3531,0.5,0,1
11732,586,961,1392,0.5,0,1
11733,586,961,4154,0.5,0,1
11734,586,961,1409,0.5,0,1
11735,586,961,914,0.5,0,1
11736,586,961,761,0.5,0,1
11737,586,961,744,0.5,0,1
11738,586,961,472,0.5,0,1
11739,586,961,1202,0.5,0,1
11740,587,36,36,0.5,1,1
11741,587,36,2847,0.5,0,1
11742,587,36,345,0.5,0,1
11743,587,36,2813,0.5,0,1
11744,587,36,339,0.5,0,1
11745,587,36,1269,0.5,0,1
11746,587,36,2275,0.5,0,1
11747,587,36,2268,0.5,0,1
11748,587,36,3265,0.5,0,1
11749,587,36,1550,0.5,0,1
11750,587,36,221,0.5,0,1
11751,587,36,2703,0.5,0,1
11752,587,36,1607,0.5,0,1
11753,587,36,2375,0.5,0,1
11754,587,36,4096,0.5,0,1
11755,587,36,1907,0.5,0,1
11756,587,36,3135,0.5,0,1
11757,587,36,3328,0.5,0,1
11758,587,36,1501,0.5,0,1
11759,587,36,2446,0.5,0,1
11760,588,290,290,0.5,1,1
11761,588,290,2303,0.5,0,1
11762,588,290,4123,0.5,0,1
11763,588,290,2865,0.5,0,1
11764,588,290,2717,0.5,0,1
11765,588,290,1642,0.5,0,1
11766,588,290,1933,0.5,0,1
11767,588,290,1308,0.5,0,1
11768,588,290,4075,0.5,0,1
11769,588,290,3200,0.5,0,1
11770,588,290,2578,0.5,0,1
11771,588,290,3645,0.5,0,1
11772,588,290,901,0.5,0,1
11773,588,290,2711,0.5,0,1
11774,588,290,2189,0.5,0,1
11775,588,290,1476,0.5,0,1
11776,588,290,491,0.5,0,1
11777,588,290,1619,0.5,0,1
11778,588,290,369,0.5,0,1
11779,588,290,2948,0.5,0,1
11780,589,1559,1559,0.5,1,1
11781,589,1559,3776,0.5,0,1
11782,589,1559,71,0.5,0,1
11783,589,1559,2626,0.5,0,1
11784,589,1559,485,0.5,0,1
11785,589,1559,2246,0.5,0,1
11786,589,1559,1070,0.5,0,1
11787,589,1559,340,0.5,0,1
11788,589,1559,2672,0.5,0,1
11789,589,1559,3668,0.5,0,1
11790,589,1559,1112,0.5,0,1
11791,589,1559,1100,0.5,0,1
11792,589,1559,1329,0.5,0,1
11793,589,1559,4101,0.5,0,1
11794,589,1559,1437,0.5,0,1
11795,589,1559,4115,0.5,0,1
11796,589,1559,1283,0.5,0,1
11797,589,1559,1697,0.5,0,1
11798,589,1559,331,0.5,0,1
11799,589,1559,2666,0.5,0,1
11800,590,3192,3192,0.5,1,1
11801,590,3192,3798,0.5,0,1
11802,590,3192,112,0.5,0,1
11803,590,3192,2543,0.5,0,1
11804,590,3192,1377,0.5,0,1
11805,590,3192,1413,0.5,0,1
11806,590,3192,93,0.5,0,1
11807,590,3192,2689,0.5,0,1
11808,590,3192,484,0.5,0,1
11809,590,3192,2540,0.5,0,1
11810,590,3192,2565,0.5,0,1
11811,590,3192,1508,0.5,0,1
11812,590,3192,4086,0.5,0,1
11813,590,3192,714,0.5,0,1
11814,590,3192,1447,0.5,0,1
11815,590,3192,1092,0.5,0,1
11816,590,3192,620,0.5,0,1
11817,590,3192,1422,0.5,0,1
11818,590,3192,726,0.5,0,1
11819,590,3192,4080,0.5,0,1
11820,591,1198,1198,0.5,1,1
11821,591,1198,2803,0.5,0,1
11822,591,1198,686,0.5,0,1
11823,591,1198,3396,0.5,0,1
11824,591,1198,3384,0.5,0,1
11825,591,1198,1328,0.5,0,1
11826,591,1198,1060,0.5,0,1
11827,591,1198,4119,0.5,0,1
11828,591,1198,602,0.5,0,1
11829,591,1198,1844,0.5,0,1
11830,591,1198,2232,0.5,0,1
11831,591,1198,1208,0.5,0,1
11832,591,1198,2030,0.5,0,1
11833,591,1198,827,0.5,0,1
11834,591,1198,1027,0.5,0,1
11835,591,1198,2323,0.5,0,1
11836,591,1198,1119,0.5,0,1
11837,591,1198,3531,0.5,0,1
11838,591,1198,3773,0.5,0,1
11839,591,1198,2818,0.5,0,1
11840,592,2023,2023,0.5,1,1
11841,592,2023,2115,0.5,0,1
11842,592,2023,240,0.5,0,1
11843,592,2023,3797,0.5,0,1
11844,592,2023,3875,0.5,0,1
11845,592,2023,506,0.5,0,1
11846,592,2023,2249,0.5,0,1
11847,592,2023,839,0.5,0,1
11848,592,2023,2600,0.5,0,1
11849,592,2023,226,0.5,0,1
11850,592,2023,4085,0.5,0,1
11851,592,2023,3306,0.5,0,1
11852,592,2023,2269,0.5,0,1
11853,592,2023,2703,0.5,0,1
11854,592,2023,2529,0.5,0,1
11855,592,2023,4095,0.5,0,1
11856,592,2023,2679,0.5,0,1
11857,592,2023,1955,0.5,0,1
11858,592,2023,2502,0.5,0,1
11859,592,2023,2633,0.5,0,1
11860,593,1725,1725,0.5,1,1
11861,593,1725,2707,0.5,0,1
11862,593,1725,4044,0.5,0,1
11863,593,1725,2557,0.5,0,1
11864,593,1725,2340,0.5,0,1
11865,593,1725,955,0.5,0,1
11866,593,1725,1409,0.5,0,1
11867,593,1725,1187,0.5,0,1
11868,593,1725,1079,0.5,0,1
11869,593,1725,904,0.5,0,1
11870,593,1725,315,0.5,0,1
11871,593,1725,598,0.5,0,1
11872,593,1725,1955,0.5,0,1
11873,593,1725,3548,0.5,0,1
11874,593,1725,564,0.5,0,1
11875,593,1725,3689,0.5,0,1
11876,593,1725,410,0.5,0,1
11877,593,1725,1974,0.5,0,1
11878,593,1725,3130,0.5,0,1
11879,593,1725,3950,0.5,0,1
11880,594,1356,1356,0.5,1,1
11881,594,1356,2669,0.5,0,1
11882,594,1356,2927,0.5,0,1
11883,594,1356,2763,0.5,0,1
11884,594,1356,235,0.5,0,1
11885,594,1356,1405,0.5,0,1
11886,594,1356,797,0.5,0,1
11887,594,1356,2822,0.5,0,1
11888,594,1356,1474,0.5,0,1
11889,594,1356,2250,0.5,0,1
11890,594,1356,1184,0.5,0,1
11891,594,1356,2527,0.5,0,1
11892,594,1356,3384,0.5,0,1
11893,594,1356,29,0.5,0,1
11894,594,1356,3089,0.5,0,1
11895,594,1356,2748,0.5,0,1
11896,594,1356,766,0.5,0,1
11897,594,1356,2714,0.5,0,1
11898,594,1356,3928,0.5,0,1
11899,594,1356,1595,0.5,0,1
11900,595,3818,3818,0.5,1,1
11901,595,3818,2790,0.5,0,1
11902,595,3818,890,0.5,0,1
11903,595,3818,851,0.5,0,1
11904,595,3818,1084,0.5,0,1
11905,595,3818,398,0.5,0,1
11906,595,3818,3879,0.5,0,1
11907,595,3818,2272,0.5,0,1
11908,595,3818,159,0.5,0,1
11909,595,3818,93,0.5,0,1
11910,595,3818,152,0.5,0,1
11911,595,3818,3871,0.5,0,1
11912,595,3818,3174,0.5,0,1
11913,595,3818,1025,0.5,0,1
11914,595,3818,1199,0.5,0,1
11915,595,3818,3969,0.5,0,1
11916,595,3818,3933,0.5,0,1
11917,595,3818,3822,0.5,0,1
11918,595,3818,3919,0.5,0,1
11919,595,3818,3095,0.5,0,1
11920,596,4148,4148,0.5,1,1
11921,596,4148,2472,0.5,0,1
11922,596,4148,1391,0.5,0,1
11923,596,4148,2130,0.5,0,1
11924,596,4148,3073,0.5,0,1
11925,596,4148,3137,0.5,0,1
11926,596,4148,4029,0.5,0,1
11927,596,4148,4048,0.5,0,1
11928,596,4148,1123,0.5,0,1
11929,596,4148,4114,0.5,0,1
11930,596,4148,3322,0.5,0,1
11931,596,4148,598,0.5,0,1
11932,596,4148,286,0.5,0,1
11933,596,4148,3461,0.5,0,1
11934,596,4148,3616,0.5,0,1
11935,596,4148,3575,0.5,0,1
11936,596,4148,480,0.5,0,1
11937,596,4148,2467,0.5,0,1
11938,596,4148,887,0.5,0,1
11939,596,4148,3765,0.5,0,1
11940,597,4085,4085,0.5,1,1
11941,597,4085,1590,0.5,0,1
11942,597,4085,770,0.5,0,1
11943,597,4085,1911,0.5,0,1
11944,597,4085,2642,0.5,0,1
11945,597,4085,2838,0.5,0,1
11946,597,4085,3065,0.5,0,1
11947,597,4085,3508,0.5,0,1
11948,597,4085,3030,0.5,0,1
11949,597,4085,1061,0.5,0,1
11950,597,4085,1281,0.5,0,1
11951,597,4085,2697,0.5,0,1
11952,597,4085,1579,0.5,0,1
11953,597,4085,3017,0.5,0,1
11954,597,4085,2812,0.5,0,1
11955,597,4085,620,0.5,0,1
11956,597,4085,2221,0.5,0,1
11957,597,4085,1204,0.5,0,1
11958,597,4085,1903,0.5,0,1
11959,597,4085,3983,0.5,0,1
11960,598,3250,3250,0.5,1,1
11961,598,3250,2712,0.5,0,1
11962,598,3250,1135,0.5,0,1
11963,598,3250,2130,0.5,0,1
11964,598,3250,1299,0.5,0,1
11965,598,3250,818,0.5,0,1
11966,598,3250,1607,0.5,0,1
11967,598,3250,1190,0.5,0,1
11968,598,3250,819,0.5,0,1
11969,598,3250,1322,0.5,0,1
11970,598,3250,2853,0.5,0,1
11971,598,3250,525,0.5,0,1
11972,598,3250,1544,0.5,0,1
11973,598,3250,3960,0.5,0,1
11974,598,3250,703,0.5,0,1
11975,598,3250,1623,0.5,0,1
11976,598,3250,1626,0.5,0,1
11977,598,3250,1289,0.5,0,1
11978,598,3250,1702,0.5,0,1
11979,598,3250,2621,0.5,0,1
11980,599,714,714,0.5,1,1
11981,599,714,49,0.5,0,1
11982,599,714,1670,0.5,0,1
11983,599,714,3262,0.5,0,1
11984,599,714,1159,0.5,0,1
11985,599,714,355,0.5,0,1
11986,599,714,1191,0.5,0,1
11987,599,714,1752,0.5,0,1
11988,599,714,2876,0.5,0,1
11989,599,714,1307,0.5,0,1
11990,599,714,532,0.5,0,1
11991,599,714,3167,0.5,0,1
11992,599,714,3937,0.5,0,1
11993,599,714,2322,0.5,0,1
11994,599,714,2296,0.5,0,1
11995,599,714,3687,0.5,0,1
11996,599,714,2439,0.5,0,1
11997,599,714,4058,0.5,0,1
11998,599,714,1199,0.5,0,1
11999,599,714,3845,0.5,0,1
12000,600,2657,2657,0.5,1,1
12001,600,2657,3776,0.5,0,1
12002,600,2657,1513,0.5,0,1
12003,600,2657,1762,0.5,0,1
12004,600,2657,622,0.5,0,1
12005,600,2657,1830,0.5,0,1
12006,600,2657,1355,0.5,0,1
12007,600,2657,608,0.5,0,1
12008,600,2657,425,0.5,0,1
12009,600,2657,2248,0.5,0,1
12010,600,2657,1174,0.5,0,1
12011,600,2657,977,0.5,0,1
12012,600,2657,1487,0.5,0,1
12013,600,2657,2662,0.5,0,1
12014,600,2657,777,0.5,0,1
12015,600,2657,659,0.5,0,1
12016,600,2657,1202,0.5,0,1
12017,600,2657,1615,0.5,0,1
12018,600,2657,3886,0.5,0,1
12019,600,2657,2668,0.5,0,1
12020,601,1534,1534,0.5,1,1
12021,601,1534,3550,0.5,0,1
12022,601,1534,2689,0.5,0,1
12023,601,1534,2048,0.5,0,1
12024,601,1534,4038,0.5,0,1
12025,601,1534,3005,0.5,0,1
12026,601,1534,3736,0.5,0,1
12027,601,1534,691,0.5,0,1
12028,601,1534,2110,0.5,0,1
12029,601,1534,4053,0.5,0,1
12030,601,1534,175,0.5,0,1
12031,601,1534,1216,0.5,0,1
12032,601,1534,2825,0.5,0,1
12033,601,1534,1490,0.5,0,1
12034,601,1534,191,0.5,0,1
12035,601,1534,4025,0.5,0,1
12036,601,1534,4120,0.5,0,1
12037,601,1534,1298,0.5,0,1
12038,601,1534,698,0.5,0,1
12039,601,1534,3360,0.5,0,1
12040,602,1705,1705,0.5,1,1
12041,602,1705,1703,0.5,0,1
12042,602,1705,2078,0.5,0,1
12043,602,1705,3356,0.5,0,1
12044,602,1705,2249,0.5,0,1
12045,602,1705,946,0.5,0,1
12046,602,1705,1963,0.5,0,1
12047,602,1705,254,0.5,0,1
12048,602,1705,148,0.5,0,1
12049,602,1705,594,0.5,0,1
12050,602,1705,1378,0.5,0,1
12051,602,1705,724,0.5,0,1
12052,602,1705,268,0.5,0,1
12053,602,1705,4011,0.5,0,1
12054,602,1705,3158,0.5,0,1
12055,602,1705,1190,0.5,0,1
12056,602,1705,2904,0.5,0,1
12057,602,1705,1990,0.5,0,1
12058,602,1705,3010,0.5,0,1
12059,602,1705,1601,0.5,0,1
12060,603,3058,3058,0.5,1,1
12061,603,3058,4006,0.5,0,1
12062,603,3058,3654,0.5,0,1
12063,603,3058,2382,0.5,0,1
12064,603,3058,1927,0.5,0,1
12065,603,3058,1184,0.5,0,1
12066,603,3058,288,0.5,0,1
12067,603,3058,837,0.5,0,1
12068,603,3058,3473,0.5,0,1
12069,603,3058,1876,0.5,0,1
12070,603,3058,811,0.5,0,1
12071,603,3058,3402,0.5,0,1
12072,603,3058,1508,0.5,0,1
12073,603,3058,1695,0.5,0,1
12074,603,3058,923,0.5,0,1
12075,603,3058,3120,0.5,0,1
12076,603,3058,985,0.5,0,1
12077,603,3058,2457,0.5,0,1
12078,603,3058,2257,0.5,0,1
12079,603,3058,468,0.5,0,1
12080,604,3426,3426,0.5,1,1
12081,604,3426,4101,0.5,0,1
12082,604,3426,3682,0.5,0,1
12083,604,3426,319,0.5,0,1
12084,604,3426,172,0.5,0,1
12085,604,3426,1418,0.5,0,1
12086,604,3426,1716,0.5,0,1
12087,604,3426,1549,0.5,0,1
12088,604,3426,2256,0.5,0,1
12089,604,3426,1744,0.5,0,1
12090,604,3426,243,0.5,0,1
12091,604,3426,4110,0.5,0,1
12092,604,3426,3234,0.5,0,1
12093,604,3426,3260,0.5,0,1
12094,604,3426,3376,0.5,0,1
12095,604,3426,2879,0.5,0,1
12096,604,3426,2154,0.5,0,1
12097,604,3426,1958,0.5,0,1
12098,604,3426,2592,0.5,0,1
12099,604,3426,2049,0.5,0,1
12100,605,2901,2901,0.5,1,1
12101,605,2901,2573,0.5,0,1
12102,605,2901,2414,0.5,0,1
12103,605,2901,3216,0.5,0,1
12104,605,2901,2759,0.5,0,1
12105,605,2901,1940,0.5,0,1
12106,605,2901,3085,0.5,0,1
12107,605,2901,258,0.5,0,1
12108,605,2901,3904,0.5,0,1
12109,605,2901,4024,0.5,0,1
12110,605,2901,3050,0.5,0,1
12111,605,2901,1433,0.5,0,1
12112,605,2901,2028,0.5,0,1
12113,605,2901,1534,0.5,0,1
12114,605,2901,858,0.5,0,1
12115,605,2901,3503,0.5,0,1
12116,605,2901,1492,0.5,0,1
12117,605,2901,3953,0.5,0,1
12118,605,2901,3434,0.5,0,1
12119,605,2901,180,0.5,0,1
12120,606,113,113,0.5,1,1
12121,606,113,3957,0.5,0,1
12122,606,113,2920,0.5,0,1
12123,606,113,3012,0.5,0,1
12124,606,113,1116,0.5,0,1
12125,606,113,2195,0.5,0,1
12126,606,113,67,0.5,0,1
12127,606,113,3817,0.5,0,1
12128,606,113,945,0.5,0,1
12129,606,113,3,0.5,0,1
12130,606,113,2117,0.5,0,1
12131,606,113,3952,0.5,0,1
12132,606,113,3812,0.5,0,1
12133,606,113,4066,0.5,0,1
12134,606,113,668,0.5,0,1
12135,606,113,1309,0.5,0,1
12136,606,113,4062,0.5,0,1
12137,606,113,3879,0.5,0,1
12138,606,113,476,0.5,0,1
12139,606,113,382,0.5,0,1
12140,607,1675,1675,0.5,1,1
12141,607,1675,529,0.5,0,1
12142,607,1675,257,0.5,0,1
12143,607,1675,2268,0.5,0,1
12144,607,1675,2,0.5,0,1
12145,607,1675,385,0.5,0,1
12146,607,1675,3862,0.5,0,1
12147,607,1675,3094,0.5,0,1
12148,607,1675,1833,0.5,0,1
12149,607,1675,2964,0.5,0,1
12150,607,1675,3236,0.5,0,1
12151,607,1675,3709,0.5,0,1
12152,607,1675,2229,0.5,0,1
12153,607,1675,100,0.5,0,1
12154,607,1675,1422,0.5,0,1
12155,607,1675,1618,0.5,0,1
12156,607,1675,2240,0.5,0,1
12157,607,1675,1247,0.5,0,1
12158,607,1675,1923,0.5,0,1
12159,607,1675,2882,0.5,0,1
12160,608,3693,3693,0.5,1,1
12161,608,3693,3219,0.5,0,1
12162,608,3693,100,0.5,0,1
12163,608,3693,1685,0.5,0,1
12164,608,3693,798,0.5,0,1
12165,608,3693,3281,0.5,0,1
12166,608,3693,3071,0.5,0,1
12167,608,3693,172,0.5,0,1
12168,608,3693,490,0.5,0,1
12169,608,3693,2534,0.5,0,1
12170,608,3693,2358,0.5,0,1
12171,608,3693,1539,0.5,0,1
12172,608,3693,1928,0.5,0,1
12173,608,3693,3144,0.5,0,1
12174,608,3693,1759,0.5,0,1
12175,608,3693,486,0.5,0,1
12176,608,3693,3926,0.5,0,1
12177,608,3693,1432,0.5,0,1
12178,608,3693,831,0.5,0,1
12179,608,3693,2676,0.5,0,1
12180,609,3966,3966,0.5,1,1
12181,609,3966,2091,0.5,0,1
12182,609,3966,343,0.5,0,1
12183,609,3966,1155,0.5,0,1
12184,609,3966,3973,0.5,0,1
12185,609,3966,1194,0.5,0,1
12186,609,3966,1147,0.5,0,1
12187,609,3966,657,0.5,0,1
12188,609,3966,1494,0.5,0,1
12189,609,3966,3697,0.5,0,1
12190,609,3966,564,0.5,0,1
12191,609,3966,3645,0.5,0,1
12192,609,3966,2869,0.5,0,1
12193,609,3966,2269,0.5,0,1
12194,609,3966,339,0.5,0,1
12195,609,3966,3492,0.5,0,1
12196,609,3966,300,0.5,0,1
12197,609,3966,148,0.5,0,1
12198,609,3966,3441,0.5,0,1
12199,609,3966,3547,0.5,0,1
12200,610,2152,2152,0.5,1,1
12201,610,2152,522,0.5,0,1
12202,610,2152,3739,0.5,0,1
12203,610,2152,1359,0.5,0,1
12204,610,2152,1784,0.5,0,1
12205,610,2152,3930,0.5,0,1
12206,610,2152,411,0.5,0,1
12207,610,2152,1571,0.5,0,1
12208,610,2152,884,0.5,0,1
12209,610,2152,302,0.5,0,1
12210,610,2152,801,0.5,0,1
12211,610,2152,3098,0.5,0,1
12212,610,2152,2434,0.5,0,1
12213,610,2152,1344,0.5,0,1
12214,610,2152,2647,0.5,0,1
12215,610,2152,2801,0.5,0,1
12216,610,2152,538,0.5,0,1
12217,610,2152,3876,0.5,0,1
12218,610,2152,2125,0.5,0,1
12219,610,2152,590,0.5,0,1
12220,611,2456,2456,0.5,1,1
12221,611,2456,3797,0.5,0,1
12222,611,2456,3501,0.5,0,1
12223,611,2456,3467,0.5,0,1
12224,611,2456,2777,0.5,0,1
12225,611,2456,3942,0.5,0,1
12226,611,2456,555,0.5,0,1
12227,611,2456,2635,0.5,0,1
12228,611,2456,1045,0.5,0,1
12229,611,2456,3779,0.5,0,1
12230,611,2456,363,0.5,0,1
12231,611,2456,313,0.5,0,1
12232,611,2456,3972,0.5,0,1
12233,611,2456,360,0.5,0,1
12234,611,2456,3259,0.5,0,1
12235,611,2456,3609,0.5,0,1
12236,611,2456,3760,0.5,0,1
12237,611,2456,3,0.5,0,1
12238,611,2456,3485,0.5,0,1
12239,611,2456,1919,0.5,0,1
12240,612,3452,3452,0.5,1,1
12241,612,3452,2292,0.5,0,1
12242,612,3452,3384,0.5,0,1
12243,612,3452,895,0.5,0,1
12244,612,3452,3254,0.5,0,1
12245,612,3452,2291,0.5,0,1
12246,612,3452,3397,0.5,0,1
12247,612,3452,1062,0.5,0,1
12248,612,3452,3712,0.5,0,1
12249,612,3452,977,0.5,0,1
12250,612,3452,1014,0.5,0,1
12251,612,3452,2938,0.5,0,1
12252,612,3452,2950,0.5,0,1
12253,612,3452,48,0.5,0,1
12254,612,3452,3444,0.5,0,1
12255,612,3452,2466,0.5,0,1
12256,612,3452,1708,0.5,0,1
12257,612,3452,2833,0.5,0,1
12258,612,3452,2158,0.5,0,1
12259,612,3452,2246,0.5,0,1
12260,613,159,159,0.5,1,1
12261,613,159,1941,0.5,0,1
12262,613,159,514,0.5,0,1
12263,613,159,1554,0.5,0,1
12264,613,159,1810,0.5,0,1
12265,613,159,1884,0.5,0,1
12266,613,159,2129,0.5,0,1
12267,613,159,1613,0.5,0,1
12268,613,159,2124,0.5,0,1
12269,613,159,2179,0.5,0,1
12270,613,159,3212,0.5,0,1
12271,613,159,2075,0.5,0,1
12272,613,159,1993,0.5,0,1
12273,613,159,100,0.5,0,1
12274,613,159,440,0.5,0,1
12275,613,159,628,0.5,0,1
12276,613,159,1823,0.5,0,1
12277,613,159,2658,0.5,0,1
12278,613,159,3198,0.5,0,1
12279,613,159,4109,0.5,0,1
12280,614,3501,3501,0.5,1,1
12281,614,3501,2119,0.5,0,1
12282,614,3501,933,0.5,0,1
12283,614,3501,3877,0.5,0,1
12284,614,3501,274,0.5,0,1
12285,614,3501,2132,0.5,0,1
12286,614,3501,2810,0.5,0,1
12287,614,3501,3179,0.5,0,1
12288,614,3501,2312,0.5,0,1
12289,614,3501,3965,0.5,0,1
12290,614,3501,259,0.5,0,1
12291,614,3501,3065,0.5,0,1
12292,614,3501,233,0.5,0,1
12293,614,3501,1821,0.5,0,1
12294,614,3501,2514,0.5,0,1
12295,614,3501,4112,0.5,0,1
12296,614,3501,1121,0.5,0,1
12297,614,3501,3365,0.5,0,1
12298,614,3501,3863,0.5,0,1
12299,614,3501,1578,0.5,0,1
12300,615,49,49,0.5,1,1
12301,615,49,3584,0.5,0,1
12302,615,49,819,0.5,0,1
12303,615,49,2929,0.5,0,1
12304,615,49,3952,0.5,0,1
12305,615,49,3145,0.5,0,1
12306,615,49,2255,0.5,0,1
12307,615,49,4157,0.5,0,1
12308,615,49,3504,0.5,0,1
12309,615,49,1254,0.5,0,1
12310,615,49,792,0.5,0,1
12311,615,49,1051,0.5,0,1
12312,615,49,2882,0.5,0,1
12313,615,49,426,0.5,0,1
12314,615,49,1637,0.5,0,1
12315,615,49,1518,0.5,0,1
12316,615,49,2992,0.5,0,1
12317,615,49,3561,0.5,0,1
12318,615,49,4077,0.5,0,1
12319,615,49,3305,0.5,0,1
12320,616,416,416,0.5,1,1
12321,616,416,53,0.5,0,1
12322,616,416,1229,0.5,0,1
12323,616,416,2081,0.5,0,1
12324,616,416,3287,0.5,0,1
12325,616,416,3971,0.5,0,1
12326,616,416,419,0.5,0,1
12327,616,416,705,0.5,0,1
12328,616,416,1740,0.5,0,1
12329,616,416,3029,0.5,0,1
12330,616,416,3817,0.5,0,1
12331,616,416,4077,0.5,0,1
12332,616,416,2302,0.5,0,1
12333,616,416,3368,0.5,0,1
12334,616,416,2078,0.5,0,1
12335,616,416,904,0.5,0,1
12336,616,416,2718,0.5,0,1
12337,616,416,4114,0.5,0,1
12338,616,416,3464,0.5,0,1
12339,616,416,3319,0.5,0,1
12340,617,785,785,0.5,1,1
12341,617,785,1877,0.5,0,1
12342,617,785,3871,0.5,0,1
12343,617,785,3203,0.5,0,1
12344,617,785,2085,0.5,0,1
12345,617,785,3415,0.5,0,1
12346,617,785,1931,0.5,0,1
12347,617,785,2825,0.5,0,1
12348,617,785,3066,0.5,0,1
12349,617,785,2156,0.5,0,1
12350,617,785,1986,0.5,0,1
12351,617,785,2547,0.5,0,1
12352,617,785,942,0.5,0,1
12353,617,785,3669,0.5,0,1
12354,617,785,223,0.5,0,1
12355,617,785,3160,0.5,0,1
12356,617,785,3473,0.5,0,1
12357,617,785,430,0.5,0,1
12358,617,785,2503,0.5,0,1
12359,617,785,2009,0.5,0,1
12360,618,3103,3103,0.5,1,1
12361,618,3103,1732,0.5,0,1
12362,618,3103,609,0.5,0,1
12363,618,3103,4066,0.5,0,1
12364,618,3103,2743,0.5,0,1
12365,618,3103,2433,0.5,0,1
12366,618,3103,1621,0.5,0,1
12367,618,3103,483,0.5,0,1
12368,618,3103,269,0.5,0,1
12369,618,3103,2987,0.5,0,1
12370,618,3103,3709,0.5,0,1
12371,618,3103,3300,0.5,0,1
12372,618,3103,286,0.5,0,1
12373,618,3103,177,0.5,0,1
12374,618,3103,3933,0.5,0,1
12375,618,3103,2407,0.5,0,1
12376,618,3103,4040,0.5,0,1
12377,618,3103,3623,0.5,0,1
12378,618,3103,3787,0.5,0,1
12379,618,3103,1858,0.5,0,1
12380,619,1531,1531,0.5,1,1
12381,619,1531,3302,0.5,0,1
12382,619,1531,1973,0.5,0,1
12383,619,1531,1443,0.5,0,1
12384,619,1531,787,0.5,0,1
12385,619,1531,220,0.5,0,1
12386,619,1531,2980,0.5,0,1
12387,619,1531,1376,0.5,0,1
12388,619,1531,3458,0.5,0,1
12389,619,1531,1616,0.5,0,1
12390,619,1531,3942,0.5,0,1
12391,619,1531,3941,0.5,0,1
12392,619,1531,4014,0.5,0,1
12393,619,1531,2262,0.5,0,1
12394,619,1531,1972,0.5,0,1
12395,619,1531,2706,0.5,0,1
12396,619,1531,139,0.5,0,1
12397,619,1531,979,0.5,0,1
12398,619,1531,1448,0.5,0,1
12399,619,1531,2248,0.5,0,1
12400,620,3916,3916,0.5,1,1
12401,620,3916,630,0.5,0,1
12402,620,3916,1831,0.5,0,1
12403,620,3916,258,0.5,0,1
12404,620,3916,4070,0.5,0,1
12405,620,3916,57,0.5,0,1
12406,620,3916,1985,0.5,0,1
12407,620,3916,1269,0.5,0,1
12408,620,3916,160,0.5,0,1
12409,620,3916,2584,0.5,0,1
12410,620,3916,3837,0.5,0,1
12411,620,3916,3249,0.5,0,1
12412,620,3916,748,0.5,0,1
12413,620,3916,1161,0.5,0,1
12414,620,3916,3167,0.5,0,1
12415,620,3916,1703,0.5,0,1
12416,620,3916,531,0.5,0,1
12417,620,3916,1217,0.5,0,1
12418,620,3916,3745,0.5,0,1
12419,620,3916,479,0.5,0,1
12420,621,3267,3267,0.5,1,1
12421,621,3267,980,0.5,0,1
12422,621,3267,1597,0.5,0,1
12423,621,3267,3609,0.5,0,1
12424,621,3267,970,0.5,0,1
12425,621,3267,643,0.5,0,1
12426,621,3267,2200,0.5,0,1
12427,621,3267,427,0.5,0,1
12428,621,3267,2002,0.5,0,1
12429,621,3267,1107,0.5,0,1
12430,621,3267,2646,0.5,0,1
12431,621,3267,2742,0.5,0,1
12432,621,3267,3149,0.5,0,1
12433,621,3267,297,0.5,0,1
12434,621,3267,2770,0.5,0,1
12435,621,3267,318,0.5,0,1
12436,621,3267,1207,0.5,0,1
12437,621,3267,632,0.5,0,1
12438,621,3267,269,0.5,0,1
12439,621,3267,1678,0.5,0,1
12440,622,1466,1466,0.5,1,1
12441,622,1466,2899,0.5,0,1
12442,622,1466,1574,0.5,0,1
12443,622,1466,2107,0.5,0,1
12444,622,1466,3335,0.5,0,1
12445,622,1466,184,0.5,0,1
12446,622,1466,666,0.5,0,1
12447,622,1466,1757,0.5,0,1
12448,622,1466,583,0.5,0,1
12449,622,1466,2887,0.5,0,1
12450,622,1466,3123,0.5,0,1
12451,622,1466,861,0.5,0,1
12452,622,1466,1545,0.5,0,1
12453,622,1466,4172,0.5,0,1
12454,622,1466,2058,0.5,0,1
12455,622,1466,1238,0.5,0,1
12456,622,1466,2127,0.5,0,1
12457,622,1466,1880,0.5,0,1
12458,622,1466,682,0.5,0,1
12459,622,1466,769,0.5,0,1
12460,623,3238,3238,0.5,1,1
12461,623,3238,3686,0.5,0,1
12462,623,3238,2496,0.5,0,1
12463,623,3238,966,0.5,0,1
12464,623,3238,934,0.5,0,1
12465,623,3238,2321,0.5,0,1
12466,623,3238,576,0.5,0,1
12467,623,3238,3106,0.5,0,1
12468,623,3238,1670,0.5,0,1
12469,623,3238,121,0.5,0,1
12470,623,3238,1204,0.5,0,1
12471,623,3238,1276,0.5,0,1
12472,623,3238,4111,0.5,0,1
12473,623,3238,1747,0.5,0,1
12474,623,3238,1754,0.5,0,1
12475,623,3238,366,0.5,0,1
12476,623,3238,26,0.5,0,1
12477,623,3238,3003,0.5,0,1
12478,623,3238,2272,0.5,0,1
12479,623,3238,2383,0.5,0,1
12480,624,2082,2082,0.5,1,1
12481,624,2082,3327,0.5,0,1
12482,624,2082,3933,0.5,0,1
12483,624,2082,2520,0.5,0,1
12484,624,2082,664,0.5,0,1
12485,624,2082,1171,0.5,0,1
12486,624,2082,3364,0.5,0,1
12487,624,2082,825,0.5,0,1
12488,624,2082,569,0.5,0,1
12489,624,2082,3790,0.5,0,1
12490,624,2082,2326,0.5,0,1
12491,624,2082,3192,0.5,0,1
12492,624,2082,3797,0.5,0,1
12493,624,2082,2135,0.5,0,1
12494,624,2082,1408,0.5,0,1
12495,624,2082,2605,0.5,0,1
12496,624,2082,3442,0.5,0,1
12497,624,2082,3927,0.5,0,1
12498,624,2082,2808,0.5,0,1
12499,624,2082,3744,0.5,0,1
12500,625,2048,2048,0.5,1,1
12501,625,2048,279,0.5,0,1
12502,625,2048,3049,0.5,0,1
12503,625,2048,2125,0.5,0,1
12504,625,2048,4051,0.5,0,1
12505,625,2048,1236,0.5,0,1
12506,625,2048,2281,0.5,0,1
12507,625,2048,461,0.5,0,1
12508,625,2048,3695,0.5,0,1
12509,625,2048,4118,0.5,0,1
12510,625,2048,1301,0.5,0,1
12511,625,2048,1493,0.5,0,1
12512,625,2048,3062,0.5,0,1
12513,625,2048,2702,0.5,0,1
12514,625,2048,1049,0.5,0,1
12515,625,2048,1838,0.5,0,1
12516,625,2048,951,0.5,0,1
12517,625,2048,1135,0.5,0,1
12518,625,2048,1242,0.5,0,1
12519,625,2048,3944,0.5,0,1
12520,626,3620,3620,0.5,1,1
12521,626,3620,3748,0.5,0,1
12522,626,3620,2920,0.5,0,1
12523,626,3620,341,0.5,0,1
12524,626,3620,3191,0.5,0,1
12525,626,3620,3415,0.5,0,1
12526,626,3620,3624,0.5,0,1
12527,626,3620,2818,0.5,0,1
12528,626,3620,517,0.5,0,1
12529,626,3620,425,0.5,0,1
12530,626,3620,2464,0.5,0,1
12531,626,3620,2486,0.5,0,1
12532,626,3620,288,0.5,0,1
12533,626,3620,1471,0.5,0,1
12534,626,3620,249,0.5,0,1
12535,626,3620,2849,0.5,0,1
12536,626,3620,2871,0.5,0,1
12537,626,3620,3831,0.5,0,1
12538,626,3620,1208,0.5,0,1
12539,626,3620,3585,0.5,0,1
12540,627,264,264,0.5,1,1
12541,627,264,2949,0.5,0,1
12542,627,264,3877,0.5,0,1
12543,627,264,3456,0.5,0,1
12544,627,264,2959,0.5,0,1
12545,627,264,576,0.5,0,1
12546,627,264,65,0.5,0,1
12547,627,264,585,0.5,0,1
12548,627,264,1813,0.5,0,1
12549,627,264,1764,0.5,0,1
12550,627,264,1577,0.5,0,1
12551,627,264,3250,0.5,0,1
12552,627,264,2608,0.5,0,1
12553,627,264,1503,0.5,0,1
12554,627,264,1611,0.5,0,1
12555,627,264,3227,0.5,0,1
12556,627,264,1199,0.5,0,1
12557,627,264,3648,0.5,0,1
12558,627,264,1135,0.5,0,1
12559,627,264,2198,0.5,0,1
12560,628,370,370,0.5,1,1
12561,628,370,285,0.5,0,1
12562,628,370,2547,0.5,0,1
12563,628,370,2607,0.5,0,1
12564,628,370,3142,0.5,0,1
12565,628,370,661,0.5,0,1
12566,628,370,1974,0.5,0,1
12567,628,370,3477,0.5,0,1
12568,628,370,305,0.5,0,1
12569,628,370,263,0.5,0,1
12570,628,370,1844,0.5,0,1
12571,628,370,4147,0.5,0,1
12572,628,370,3917,0.5,0,1
12573,628,370,2079,0.5,0,1
12574,628,370,652,0.5,0,1
12575,628,370,3638,0.5,0,1
12576,628,370,1477,0.5,0,1
12577,628,370,3780,0.5,0,1
12578,628,370,2039,0.5,0,1
12579,628,370,3365,0.5,0,1
12580,629,2685,2685,0.5,1,1
12581,629,2685,1350,0.5,0,1
12582,629,2685,1557,0.5,0,1
12583,629,2685,2994,0.5,0,1
12584,629,2685,819,0.5,0,1
12585,629,2685,2821,0.5,0,1
12586,629,2685,1686,0.5,0,1
12587,629,2685,2800,0.5,0,1
12588,629,2685,2107,0.5,0,1
12589,629,2685,3017,0.5,0,1
12590,629,2685,3131,0.5,0,1
12591,629,2685,292,0.5,0,1
12592,629,2685,2391,0.5,0,1
12593,629,2685,897,0.5,0,1
12594,629,2685,2243,0.5,0,1
12595,629,2685,4080,0.5,0,1
12596,629,2685,785,0.5,0,1
12597,629,2685,1944,0.5,0,1
12598,629,2685,259,0.5,0,1
12599,629,2685,1829,0.5,0,1
12600,630,477,477,0.5,1,1
12601,630,477,686,0.5,0,1
12602,630,477,368,0.5,0,1
12603,630,477,1519,0.5,0,1
12604,630,477,3917,0.5,0,1
12605,630,477,2525,0.5,0,1
12606,630,477,4003,0.5,0,1
12607,630,477,2074,0.5,0,1
12608,630,477,3528,0.5,0,1
12609,630,477,2827,0.5,0,1
12610,630,477,3529,0.5,0,1
12611,630,477,4084,0.5,0,1
12612,630,477,1872,0.5,0,1
12613,630,477,3646,0.5,0,1
12614,630,477,661,0.5,0,1
12615,630,477,2211,0.5,0,1
12616,630,477,38,0.5,0,1
12617,630,477,2269,0.5,0,1
12618,630,477,3780,0.5,0,1
12619,630,477,2941,0.5,0,1
12620,631,1780,1780,0.5,1,1
12621,631,1780,4120,0.5,0,1
12622,631,1780,880,0.5,0,1
12623,631,1780,636,0.5,0,1
12624,631,1780,3515,0.5,0,1
12625,631,1780,3494,0.5,0,1
12626,631,1780,3017,0.5,0,1
12627,631,1780,1001,0.5,0,1
12628,631,1780,2969,0.5,0,1
12629,631,1780,281,0.5,0,1
12630,631,1780,1507,0.5,0,1
12631,631,1780,2043,0.5,0,1
12632,631,1780,2923,0.5,0,1
12633,631,1780,2000,0.5,0,1
12634,631,1780,1333,0.5,0,1
12635,631,1780,660,0.5,0,1
12636,631,1780,3508,0.5,0,1
12637,631,1780,32,0.5,0,1
12638,631,1780,2807,0.5,0,1
12639,631,1780,3354,0.5,0,1
12640,632,1719,1719,0.5,1,1
12641,632,1719,1298,0.5,0,1
12642,632,1719,2333,0.5,0,1
12643,632,1719,2293,0.5,0,1
12644,632,1719,2652,0.5,0,1
12645,632,1719,438,0.5,0,1
12646,632,1719,1980,0.5,0,1
12647,632,1719,1945,0.5,0,1
12648,632,1719,822,0.5,0,1
12649,632,1719,603,0.5,0,1
12650,632,1719,2387,0.5,0,1
12651,632,1719,3716,0.5,0,1
12652,632,1719,2332,0.5,0,1
12653,632,1719,4104,0.5,0,1
12654,632,1719,282,0.5,0,1
12655,632,1719,2866,0.5,0,1
12656,632,1719,512,0.5,0,1
12657,632,1719,378,0.5,0,1
12658,632,1719,342,0.5,0,1
12659,632,1719,2735,0.5,0,1
12660,633,4096,4096,0.5,1,1
12661,633,4096,2842,0.5,0,1
12662,633,4096,874,0.5,0,1
12663,633,4096,2812,0.5,0,1
12664,633,4096,1972,0.5,0,1
12665,633,4096,2935,0.5,0,1
12666,633,4096,581,0.5,0,1
12667,633,4096,3725,0.5,0,1
12668,633,4096,3364,0.5,0,1
12669,633,4096,3163,0.5,0,1
12670,633,4096,1225,0.5,0,1
12671,633,4096,3270,0.5,0,1
12672,633,4096,124,0.5,0,1
12673,633,4096,3707,0.5,0,1
12674,633,4096,1215,0.5,0,1
12675,633,4096,2539,0.5,0,1
12676,633,4096,1129,0.5,0,1
12677,633,4096,4083,0.5,0,1
12678,633,4096,1476,0.5,0,1
12679,633,4096,281,0.5,0,1
12680,634,4005,4005,0.5,1,1
12681,634,4005,3877,0.5,0,1
12682,634,4005,347,0.5,0,1
12683,634,4005,1273,0.5,0,1
12684,634,4005,2003,0.5,0,1
12685,634,4005,3103,0.5,0,1
12686,634,4005,1481,0.5,0,1
12687,634,4005,1786,0.5,0,1
12688,634,4005,3461,0.5,0,1
12689,634,4005,465,0.5,0,1
12690,634,4005,490,0.5,0,1
12691,634,4005,1760,0.5,0,1
12692,634,4005,591,0.5,0,1
12693,634,4005,1217,0.5,0,1
12694,634,4005,226,0.5,0,1
12695,634,4005,748,0.5,0,1
12696,634,4005,2827,0.5,0,1
12697,634,4005,1522,0.5,0,1
12698,634,4005,1792,0.5,0,1
12699,634,4005,3407,0.5,0,1
12700,635,540,540,0.5,1,1
12701,635,540,881,0.5,0,1
12702,635,540,3297,0.5,0,1
12703,635,540,1408,0.5,0,1
12704,635,540,1831,0.5,0,1
12705,635,540,3939,0.5,0,1
12706,635,540,3021,0.5,0,1
12707,635,540,4163,0.5,0,1
12708,635,540,3434,0.5,0,1
12709,635,540,1944,0.5,0,1
12710,635,540,1134,0.5,0,1
12711,635,540,2579,0.5,0,1
12712,635,540,781,0.5,0,1
12713,635,540,847,0.5,0,1
12714,635,540,2202,0.5,0,1
12715,635,540,2303,0.5,0,1
12716,635,540,659,0.5,0,1
12717,635,540,1029,0.5,0,1
12718,635,540,3823,0.5,0,1
12719,635,540,3530,0.5,0,1
12720,636,949,949,0.5,1,1
12721,636,949,773,0.5,0,1
12722,636,949,2457,0.5,0,1
12723,636,949,1071,0.5,0,1
12724,636,949,3797,0.5,0,1
12725,636,949,3242,0.5,0,1
12726,636,949,4074,0.5,0,1
12727,636,949,71,0.5,0,1
12728,636,949,489,0.5,0,1
12729,636,949,2937,0.5,0,1
12730,636,949,1744,0.5,0,1
12731,636,949,3032,0.5,0,1
12732,636,949,356,0.5,0,1
12733,636,949,1030,0.5,0,1
12734,636,949,2387,0.5,0,1
12735,636,949,1301,0.5,0,1
12736,636,949,3464,0.5,0,1
12737,636,949,2909,0.5,0,1
12738,636,949,2977,0.5,0,1
12739,636,949,2955,0.5,0,1
12740,637,2986,2986,0.5,1,1
12741,637,2986,2525,0.5,0,1
12742,637,2986,464,0.5,0,1
12743,637,2986,622,0.5,0,1
12744,637,2986,3650,0.5,0,1
12745,637,2986,2857,0.5,0,1
12746,637,2986,3666,0.5,0,1
12747,637,2986,2247,0.5,0,1
12748,637,2986,959,0.5,0,1
12749,637,2986,1131,0.5,0,1
12750,637,2986,573,0.5,0,1
12751,637,2986,1527,0.5,0,1
12752,637,2986,2371,0.5,0,1
12753,637,2986,2908,0.5,0,1
12754,637,2986,1766,0.5,0,1
12755,637,2986,2682,0.5,0,1
12756,637,2986,1771,0.5,0,1
12757,637,2986,814,0.5,0,1
12758,637,2986,3104,0.5,0,1
12759,637,2986,3727,0.5,0,1
12760,638,427,427,0.5,1,1
12761,638,427,2294,0.5,0,1
12762,638,427,2488,0.5,0,1
12763,638,427,3187,0.5,0,1
12764,638,427,3992,0.5,0,1
12765,638,427,980,0.5,0,1
12766,638,427,2799,0.5,0,1
12767,638,427,754,0.5,0,1
12768,638,427,3728,0.5,0,1
12769,638,427,2215,0.5,0,1
12770,638,427,1214,0.5,0,1
12771,638,427,295,0.5,0,1
12772,638,427,2470,0.5,0,1
12773,638,427,3351,0.5,0,1
12774,638,427,1969,0.5,0,1
12775,638,427,3279,0.5,0,1
12776,638,427,667,0.5,0,1
12777,638,427,3881,0.5,0,1
12778,638,427,858,0.5,0,1
12779,638,427,3799,0.5,0,1
12780,639,1384,1384,0.5,1,1
12781,639,1384,1193,0.5,0,1
12782,639,1384,2921,0.5,0,1
12783,639,1384,1501,0.5,0,1
12784,639,1384,1904,0.5,0,1
12785,639,1384,1126,0.5,0,1
12786,639,1384,798,0.5,0,1
12787,639,1384,4016,0.5,0,1
12788,639,1384,710,0.5,0,1
12789,639,1384,524,0.5,0,1
12790,639,1384,2998,0.5,0,1
12791,639,1384,400,0.5,0,1
12792,639,1384,1418,0.5,0,1
12793,639,1384,2773,0.5,0,1
12794,639,1384,1473,0.5,0,1
12795,639,1384,2381,0.5,0,1
12796,639,1384,1457,0.5,0,1
12797,639,1384,3508,0.5,0,1
12798,639,1384,2520,0.5,0,1
12799,639,1384,1354,0.5,0,1
12800,640,628,628,0.5,1,1
12801,640,628,1547,0.5,0,1
12802,640,628,3780,0.5,0,1
12803,640,628,2168,0.5,0,1
12804,640,628,3627,0.5,0,1
12805,640,628,3535,0.5,0,1
12806,640,628,1969,0.5,0,1
12807,640,628,3414,0.5,0,1
12808,640,628,2018,0.5,0,1
12809,640,628,2909,0.5,0,1
12810,640,628,3853,0.5,0,1
12811,640,628,416,0.5,0,1
12812,640,628,2401,0.5,0,1
12813,640,628,2830,0.5,0,1
12814,640,628,2647,0.5,0,1
12815,640,628,2896,0.5,0,1
12816,640,628,3481,0.5,0,1
12817,640,628,1264,0.5,0,1
12818,640,628,3102,0.5,0,1
12819,640,628,2903,0.5,0,1
12820,641,2316,2316,0.5,1,1
12821,641,2316,62,0.5,0,1
12822,641,2316,1013,0.5,0,1
12823,641,2316,3600,0.5,0,1
12824,641,2316,1672,0.5,0,1
12825,641,2316,1895,0.5,0,1
12826,641,2316,1205,0.5,0,1
12827,641,2316,1652,0.5,0,1
12828,641,2316,3948,0.5,0,1
12829,641,2316,133,0.5,0,1
12830,641,2316,2219,0.5,0,1
12831,641,2316,3424,0.5,0,1
12832,641,2316,3095,0.5,0,1
12833,641,2316,1064,0.5,0,1
12834,641,2316,1155,0.5,0,1
12835,641,2316,3360,0.5,0,1
12836,641,2316,2410,0.5,0,1
12837,641,2316,917,0.5,0,1
12838,641,2316,1221,0.5,0,1
12839,641,2316,111,0.5,0,1
12840,642,2263,2263,0.5,1,1
12841,642,2263,187,0.5,0,1
12842,642,2263,1243,0.5,0,1
12843,642,2263,2010,0.5,0,1
12844,642,2263,1899,0.5,0,1
12845,642,2263,1061,0.5,0,1
12846,642,2263,2514,0.5,0,1
12847,642,2263,3603,0.5,0,1
12848,642,2263,3824,0.5,0,1
12849,642,2263,1090,0.5,0,1
12850,642,2263,991,0.5,0,1
12851,642,2263,2880,0.5,0,1
12852,642,2263,4,0.5,0,1
12853,642,2263,3136,0.5,0,1
12854,642,2263,222,0.5,0,1
12855,642,2263,3173,0.5,0,1
12856,642,2263,3199,0.5,0,1
12857,642,2263,3544,0.5,0,1
12858,642,2263,3371,0.5,0,1
12859,642,2263,4168,0.5,0,1
12860,643,3257,3257,0.5,1,1
12861,643,3257,2230,0.5,0,1
12862,643,3257,1441,0.5,0,1
12863,643,3257,4071,0.5,0,1
12864,643,3257,380,0.5,0,1
12865,643,3257,1668,0.5,0,1
12866,643,3257,398,0.5,0,1
12867,643,3257,3445,0.5,0,1
12868,643,3257,3404,0.5,0,1
12869,643,3257,1690,0.5,0,1
12870,643,3257,2084,0.5,0,1
12871,643,3257,824,0.5,0,1
12872,643,3257,1454,0.5,0,1
12873,643,3257,1275,0.5,0,1
12874,643,3257,1166,0.5,0,1
12875,643,3257,2002,0.5,0,1
12876,643,3257,489,0.5,0,1
12877,643,3257,4012,0.5,0,1
12878,643,3257,2707,0.5,0,1
12879,643,3257,3552,0.5,0,1
12880,644,2305,2305,0.5,1,1
12881,644,2305,136,0.5,0,1
12882,644,2305,1496,0.5,0,1
12883,644,2305,2698,0.5,0,1
12884,644,2305,248,0.5,0,1
12885,644,2305,767,0.5,0,1
12886,644,2305,1472,0.5,0,1
12887,644,2305,91,0.5,0,1
12888,644,2305,1030,0.5,0,1
12889,644,2305,3086,0.5,0,1
12890,644,2305,2670,0.5,0,1
12891,644,2305,3506,0.5,0,1
12892,644,2305,2963,0.5,0,1
12893,644,2305,81,0.5,0,1
12894,644,2305,3974,0.5,0,1
12895,644,2305,2066,0.5,0,1
12896,644,2305,3637,0.5,0,1
12897,644,2305,3836,0.5,0,1
12898,644,2305,1069,0.5,0,1
12899,644,2305,1987,0.5,0,1
12900,645,1976,1976,0.5,1,1
12901,645,1976,3287,0.5,0,1
12902,645,1976,2037,0.5,0,1
12903,645,1976,2369,0.5,0,1
12904,645,1976,3529,0.5,0,1
12905,645,1976,408,0.5,0,1
12906,645,1976,1243,0.5,0,1
12907,645,1976,4023,0.5,0,1
12908,645,1976,2834,0.5,0,1
12909,645,1976,3379,0.5,0,1
12910,645,1976,1349,0.5,0,1
12911,645,1976,3706,0.5,0,1
12912,645,1976,151,0.5,0,1
12913,645,1976,998,0.5,0,1
12914,645,1976,2431,0.5,0,1
12915,645,1976,2678,0.5,0,1
12916,645,1976,315,0.5,0,1
12917,645,1976,1283,0.5,0,1
12918,645,1976,507,0.5,0,1
12919,645,1976,3991,0.5,0,1
12920,646,2342,2342,0.5,1,1
12921,646,2342,339,0.5,0,1
12922,646,2342,3825,0.5,0,1
12923,646,2342,1153,0.5,0,1
12924,646,2342,3581,0.5,0,1
12925,646,2342,1224,0.5,0,1
12926,646,2342,4167,0.5,0,1
12927,646,2342,1470,0.5,0,1
12928,646,2342,935,0.5,0,1
12929,646,2342,532,0.5,0,1
12930,646,2342,1961,0.5,0,1
12931,646,2342,362,0.5,0,1
12932,646,2342,135,0.5,0,1
12933,646,2342,1300,0.5,0,1
12934,646,2342,3348,0.5,0,1
12935,646,2342,204,0.5,0,1
12936,646,2342,883,0.5,0,1
12937,646,2342,2287,0.5,0,1
12938,646,2342,3107,0.5,0,1
12939,646,2342,4083,0.5,0,1
12940,647,3614,3614,0.5,1,1
12941,647,3614,3029,0.5,0,1
12942,647,3614,2377,0.5,0,1
12943,647,3614,2178,0.5,0,1
12944,647,3614,2851,0.5,0,1
12945,647,3614,2972,0.5,0,1
12946,647,3614,2481,0.5,0,1
12947,647,3614,40,0.5,0,1
12948,647,3614,1342,0.5,0,1
12949,647,3614,2668,0.5,0,1
12950,647,3614,802,0.5,0,1
12951,647,3614,862,0.5,0,1
12952,647,3614,933,0.5,0,1
12953,647,3614,1920,0.5,0,1
12954,647,3614,1256,0.5,0,1
12955,647,3614,4076,0.5,0,1
12956,647,3614,2274,0.5,0,1
12957,647,3614,368,0.5,0,1
12958,647,3614,2832,0.5,0,1
12959,647,3614,3561,0.5,0,1
12960,648,2426,2426,0.5,1,1
12961,648,2426,252,0.5,0,1
12962,648,2426,204,0.5,0,1
12963,648,2426,936,0.5,0,1
12964,648,2426,3612,0.5,0,1
12965,648,2426,1927,0.5,0,1
12966,648,2426,2456,0.5,0,1
12967,648,2426,338,0.5,0,1
12968,648,2426,3126,0.5,0,1
12969,648,2426,3256,0.5,0,1
12970,648,2426,608,0.5,0,1
12971,648,2426,3524,0.5,0,1
12972,648,2426,2839,0.5,0,1
12973,648,2426,4170,0.5,0,1
12974,648,2426,2884,0.5,0,1
12975,648,2426,266,0.5,0,1
12976,648,2426,3576,0.5,0,1
12977,648,2426,673,0.5,0,1
12978,648,2426,2940,0.5,0,1
12979,648,2426,34,0.5,0,1
12980,649,2459,2459,0.5,1,1
12981,649,2459,751,0.5,0,1
12982,649,2459,83,0.5,0,1
12983,649,2459,2701,0.5,0,1
12984,649,2459,232,0.5,0,1
12985,649,2459,854,0.5,0,1
12986,649,2459,1031,0.5,0,1
12987,649,2459,63,0.5,0,1
12988,649,2459,1550,0.5,0,1
12989,649,2459,485,0.5,0,1
12990,649,2459,1913,0.5,0,1
12991,649,2459,2297,0.5,0,1
12992,649,2459,487,0.5,0,1
12993,649,2459,3795,0.5,0,1
12994,649,2459,2582,0.5,0,1
12995,649,2459,1137,0.5,0,1
12996,649,2459,2388,0.5,0,1
12997,649,2459,85,0.5,0,1
12998,649,2459,2392,0.5,0,1
12999,649,2459,4024,0.5,0,1
13000,650,3436,3436,0.5,1,1
13001,650,3436,1053,0.5,0,1
13002,650,3436,1042,0.5,0,1
13003,650,3436,1302,0.5,0,1
13004,650,3436,3306,0.5,0,1
13005,650,3436,1829,0.5,0,1
13006,650,3436,2856,0.5,0,1
13007,650,3436,2726,0.5,0,1
13008,650,3436,1828,0.5,0,1
13009,650,3436,3000,0.5,0,1
13010,650,3436,628,0.5,0,1
13011,650,3436,3065,0.5,0,1
13012,650,3436,3423,0.5,0,1
13013,650,3436,1874,0.5,0,1
13014,650,3436,3737,0.5,0,1
13015,650,3436,1909,0.5,0,1
13016,650,3436,2231,0.5,0,1
13017,650,3436,1038,0.5,0,1
13018,650,3436,2140,0.5,0,1
13019,650,3436,21,0.5,0,1
13020,651,3528,3528,0.5,1,1
13021,651,3528,1499,0.5,0,1
13022,651,3528,46,0.5,0,1
13023,651,3528,3046,0.5,0,1
13024,651,3528,3864,0.5,0,1
13025,651,3528,265,0.5,0,1
13026,651,3528,1696,0.5,0,1
13027,651,3528,3348,0.5,0,1
13028,651,3528,703,0.5,0,1
13029,651,3528,2557,0.5,0,1
13030,651,3528,2595,0.5,0,1
13031,651,3528,2251,0.5,0,1
13032,651,3528,3043,0.5,0,1
13033,651,3528,3418,0.5,0,1
13034,651,3528,386,0.5,0,1
13035,651,3528,2793,0.5,0,1
13036,651,3528,2772,0.5,0,1
13037,651,3528,176,0.5,0,1
13038,651,3528,493,0.5,0,1
13039,651,3528,4052,0.5,0,1
13040,652,3884,3884,0.5,1,1
13041,652,3884,247,0.5,0,1
13042,652,3884,1735,0.5,0,1
13043,652,3884,2667,0.5,0,1
13044,652,3884,2417,0.5,0,1
13045,652,3884,1971,0.5,0,1
13046,652,3884,1848,0.5,0,1
13047,652,3884,1171,0.5,0,1
13048,652,3884,4098,0.5,0,1
13049,652,3884,1243,0.5,0,1
13050,652,3884,3164,0.5,0,1
13051,652,3884,4070,0.5,0,1
13052,652,3884,2097,0.5,0,1
13053,652,3884,1382,0.5,0,1
13054,652,3884,3489,0.5,0,1
13055,652,3884,1782,0.5,0,1
13056,652,3884,3968,0.5,0,1
13057,652,3884,4106,0.5,0,1
13058,652,3884,3661,0.5,0,1
13059,652,3884,771,0.5,0,1
13060,653,2723,2723,0.5,1,1
13061,653,2723,1867,0.5,0,1
13062,653,2723,3764,0.5,0,1
13063,653,2723,2817,0.5,0,1
13064,653,2723,669,0.5,0,1
13065,653,2723,3423,0.5,0,1
13066,653,2723,488,0.5,0,1
13067,653,2723,929,0.5,0,1
13068,653,2723,1922,0.5,0,1
13069,653,2723,511,0.5,0,1
13070,653,2723,4145,0.5,0,1
13071,653,2723,3534,0.5,0,1
13072,653,2723,229,0.5,0,1
13073,653,2723,352,0.5,0,1
13074,653,2723,3555,0.5,0,1
13075,653,2723,4135,0.5,0,1
13076,653,2723,444,0.5,0,1
13077,653,2723,3899,0.5,0,1
13078,653,2723,1901,0.5,0,1
13079,653,2723,662,0.5,0,1
13080,654,110,110,0.5,1,1
13081,654,110,2621,0.5,0,1
13082,654,110,1541,0.5,0,1
13083,654,110,3750,0.5,0,1
13084,654,110,3417,0.5,0,1
13085,654,110,1773,0.5,0,1
13086,654,110,760,0.5,0,1
13087,654,110,397,0.5,0,1
13088,654,110,3685,0.5,0,1
13089,654,110,2751,0.5,0,1
13090,654,110,989,0.5,0,1
13091,654,110,3210,0.5,0,1
13092,654,110,1038,0.5,0,1
13093,654,110,441,0.5,0,1
13094,654,110,68,0.5,0,1
13095,654,110,1926,0.5,0,1
13096,654,110,3454,0.5,0,1
13097,654,110,4111,0.5,0,1
13098,654,110,2105,0.5,0,1
13099,654,110,2641,0.5,0,1
13100,655,188,188,0.5,1,1
13101,655,188,2781,0.5,0,1
13102,655,188,2703,0.5,0,1
13103,655,188,3043,0.5,0,1
13104,655,188,1663,0.5,0,1
13105,655,188,1453,0.5,0,1
13106,655,188,3148,0.5,0,1
13107,655,188,1941,0.5,0,1
13108,655,188,615,0.5,0,1
13109,655,188,1342,0.5,0,1
13110,655,188,2940,0.5,0,1
13111,655,188,595,0.5,0,1
13112,655,188,689,0.5,0,1
13113,655,188,466,0.5,0,1
13114,655,188,1882,0.5,0,1
13115,655,188,3753,0.5,0,1
13116,655,188,1948,0.5,0,1
13117,655,188,392,0.5,0,1
13118,655,188,2121,0.5,0,1
13119,655,188,183,0.5,0,1
13120,656,1168,1168,0.5,1,1
13121,656,1168,1686,0.5,0,1
13122,656,1168,3102,0.5,0,1
13123,656,1168,1815,0.5,0,1
13124,656,1168,4176,0.5,0,1
13125,656,1168,2507,0.5,0,1
13126,656,1168,1452,0.5,0,1
13127,656,1168,3038,0.5,0,1
13128,656,1168,1320,0.5,0,1
13129,656,1168,1363,0.5,0,1
13130,656,1168,3008,0.5,0,1
13131,656,1168,1101,0.5,0,1
13132,656,1168,788,0.5,0,1
13133,656,1168,877,0.5,0,1
13134,656,1168,1277,0.5,0,1
13135,656,1168,3703,0.5,0,1
13136,656,1168,227,0.5,0,1
13137,656,1168,3907,0.5,0,1
13138,656,1168,3965,0.5,0,1
13139,656,1168,2846,0.5,0,1
13140,657,764,764,0.5,1,1
13141,657,764,4044,0.5,0,1
13142,657,764,3501,0.5,0,1
13143,657,764,3702,0.5,0,1
13144,657,764,194,0.5,0,1
13145,657,764,1894,0.5,0,1
13146,657,764,401,0.5,0,1
13147,657,764,2978,0.5,0,1
13148,657,764,40,0.5,0,1
13149,657,764,1846,0.5,0,1
13150,657,764,2714,0.5,0,1
13151,657,764,169,0.5,0,1
13152,657,764,2356,0.5,0,1
13153,657,764,2647,0.5,0,1
13154,657,764,3670,0.5,0,1
13155,657,764,3953,0.5,0,1
13156,657,764,1000,0.5,0,1
13157,657,764,2692,0.5,0,1
13158,657,764,3610,0.5,0,1
13159,657,764,3326,0.5,0,1
13160,658,681,681,0.5,1,1
13161,658,681,2788,0.5,0,1
13162,658,681,3349,0.5,0,1
13163,658,681,835,0.5,0,1
13164,658,681,3821,0.5,0,1
13165,658,681,258,0.5,0,1
13166,658,681,3595,0.5,0,1
13167,658,681,3721,0.5,0,1
13168,658,681,3607,0.5,0,1
13169,658,681,4156,0.5,0,1
13170,658,681,986,0.5,0,1
13171,658,681,2493,0.5,0,1
13172,658,681,3506,0.5,0,1
13173,658,681,1665,0.5,0,1
13174,658,681,1661,0.5,0,1
13175,658,681,3311,0.5,0,1
13176,658,681,2283,0.5,0,1
13177,658,681,2322,0.5,0,1
13178,658,681,2604,0.5,0,1
13179,658,681,3158,0.5,0,1
13180,659,1685,1685,0.5,1,1
13181,659,1685,524,0.5,0,1
13182,659,1685,378,0.5,0,1
13183,659,1685,463,0.5,0,1
13184,659,1685,138,0.5,0,1
13185,659,1685,281,0.5,0,1
13186,659,1685,3073,0.5,0,1
13187,659,1685,2614,0.5,0,1
13188,659,1685,1987,0.5,0,1
13189,659,1685,53,0.5,0,1
13190,659,1685,3272,0.5,0,1
13191,659,1685,3687,0.5,0,1
13192,659,1685,1460,0.5,0,1
13193,659,1685,3966,0.5,0,1
13194,659,1685,3076,0.5,0,1
13195,659,1685,2004,0.5,0,1
13196,659,1685,1706,0.5,0,1
13197,659,1685,3995,0.5,0,1
13198,659,1685,624,0.5,0,1
13199,659,1685,3769,0.5,0,1
13200,660,1225,1225,0.5,1,1
13201,660,1225,1474,0.5,0,1
13202,660,1225,374,0.5,0,1
13203,660,1225,1287,0.5,0,1
13204,660,1225,4129,0.5,0,1
13205,660,1225,2661,0.5,0,1
13206,660,1225,1566,0.5,0,1
13207,660,1225,490,0.5,0,1
13208,660,1225,3,0.5,0,1
13209,660,1225,1417,0.5,0,1
13210,660,1225,921,0.5,0,1
13211,660,1225,257,0.5,0,1
13212,660,1225,4041,0.5,0,1
13213,660,1225,546,0.5,0,1
13214,660,1225,594,0.5,0,1
13215,660,1225,181,0.5,0,1
13216,660,1225,3586,0.5,0,1
13217,660,1225,2751,0.5,0,1
13218,660,1225,522,0.5,0,1
13219,660,1225,1205,0.5,0,1
13220,661,1848,1848,0.5,1,1
13221,661,1848,4131,0.5,0,1
13222,661,1848,3182,0.5,0,1
13223,661,1848,2513,0.5,0,1
13224,661,1848,4022,0.5,0,1
13225,661,1848,2098,0.5,0,1
13226,661,1848,2924,0.5,0,1
13227,661,1848,2888,0.5,0,1
13228,661,1848,1293,0.5,0,1
13229,661,1848,1708,0.5,0,1
13230,661,1848,3745,0.5,0,1
13231,661,1848,1518,0.5,0,1
13232,661,1848,759,0.5,0,1
13233,661,1848,2113,0.5,0,1
13234,661,1848,444,0.5,0,1
13235,661,1848,137,0.5,0,1
13236,661,1848,53,0.5,0,1
13237,661,1848,1726,0.5,0,1
13238,661,1848,308,0.5,0,1
13239,661,1848,2219,0.5,0,1
13240,662,3419,3419,0.5,1,1
13241,662,3419,2601,0.5,0,1
13242,662,3419,3603,0.5,0,1
13243,662,3419,2819,0.5,0,1
13244,662,3419,1345,0.5,0,1
13245,662,3419,2268,0.5,0,1
13246,662,3419,4095,0.5,0,1
13247,662,3419,723,0.5,0,1
13248,662,3419,697,0.5,0,1
13249,662,3419,3757,0.5,0,1
13250,662,3419,1400,0.5,0,1
13251,662,3419,611,0.5,0,1
13252,662,3419,4109,0.5,0,1
13253,662,3419,1758,0.5,0,1
13254,662,3419,241,0.5,0,1
13255,662,3419,880,0.5,0,1
13256,662,3419,2145,0.5,0,1
13257,662,3419,4124,0.5,0,1
13258,662,3419,2247,0.5,0,1
13259,662,3419,2500,0.5,0,1
13260,663,3157,3157,0.5,1,1
13261,663,3157,32,0.5,0,1
13262,663,3157,4050,0.5,0,1
13263,663,3157,351,0.5,0,1
13264,663,3157,2342,0.5,0,1
13265,663,3157,3519,0.5,0,1
13266,663,3157,2048,0.5,0,1
13267,663,3157,1893,0.5,0,1
13268,663,3157,1868,0.5,0,1
13269,663,3157,4120,0.5,0,1
13270,663,3157,3695,0.5,0,1
13271,663,3157,2513,0.5,0,1
13272,663,3157,3958,0.5,0,1
13273,663,3157,2468,0.5,0,1
13274,663,3157,709,0.5,0,1
13275,663,3157,954,0.5,0,1
13276,663,3157,1685,0.5,0,1
13277,663,3157,1782,0.5,0,1
13278,663,3157,388,0.5,0,1
13279,663,3157,655,0.5,0,1
13280,664,1079,1079,0.5,1,1
13281,664,1079,1904,0.5,0,1
13282,664,1079,902,0.5,0,1
13283,664,1079,3197,0.5,0,1
13284,664,1079,3399,0.5,0,1
13285,664,1079,1471,0.5,0,1
13286,664,1079,426,0.5,0,1
13287,664,1079,2890,0.5,0,1
13288,664,1079,3080,0.5,0,1
13289,664,1079,477,0.5,0,1
13290,664,1079,2795,0.5,0,1
13291,664,1079,3659,0.5,0,1
13292,664,1079,3526,0.5,0,1
13293,664,1079,132,0.5,0,1
13294,664,1079,1801,0.5,0,1
13295,664,1079,170,0.5,0,1
13296,664,1079,2761,0.5,0,1
13297,664,1079,373,0.5,0,1
13298,664,1079,2985,0.5,0,1
13299,664,1079,1197,0.5,0,1
13300,665,585,585,0.5,1,1
13301,665,585,2335,0.5,0,1
13302,665,585,391,0.5,0,1
13303,665,585,3979,0.5,0,1
13304,665,585,2429,0.5,0,1
13305,665,585,174,0.5,0,1
13306,665,585,3298,0.5,0,1
13307,665,585,3700,0.5,0,1
13308,665,585,569,0.5,0,1
13309,665,585,3781,0.5,0,1
13310,665,585,1535,0.5,0,1
13311,665,585,2754,0.5,0,1
13312,665,585,1569,0.5,0,1
13313,665,585,1576,0.5,0,1
13314,665,585,4126,0.5,0,1
13315,665,585,1257,0.5,0,1
13316,665,585,4071,0.5,0,1
13317,665,585,3918,0.5,0,1
13318,665,585,3195,0.5,0,1
13319,665,585,3641,0.5,0,1
13320,666,2059,2059,0.5,1,1
13321,666,2059,682,0.5,0,1
13322,666,2059,763,0.5,0,1
13323,666,2059,910,0.5,0,1
13324,666,2059,1345,0.5,0,1
13325,666,2059,1924,0.5,0,1
13326,666,2059,1729,0.5,0,1
13327,666,2059,1852,0.5,0,1
13328,666,2059,2610,0.5,0,1
13329,666,2059,1581,0.5,0,1
13330,666,2059,1273,0.5,0,1
13331,666,2059,1087,0.5,0,1
13332,666,2059,3127,0.5,0,1
13333,666,2059,867,0.5,0,1
13334,666,2059,724,0.5,0,1
13335,666,2059,568,0.5,0,1
13336,666,2059,45,0.5,0,1
13337,666,2059,2223,0.5,0,1
13338,666,2059,1923,0.5,0,1
13339,666,2059,2093,0.5,0,1
13340,667,1213,1213,0.5,1,1
13341,667,1213,3217,0.5,0,1
13342,667,1213,383,0.5,0,1
13343,667,1213,3945,0.5,0,1
13344,667,1213,3207,0.5,0,1
13345,667,1213,819,0.5,0,1
13346,667,1213,1237,0.5,0,1
13347,667,1213,2130,0.5,0,1
13348,667,1213,2844,0.5,0,1
13349,667,1213,3997,0.5,0,1
13350,667,1213,1339,0.5,0,1
13351,667,1213,990,0.5,0,1
13352,667,1213,781,0.5,0,1
13353,667,1213,163,0.5,0,1
13354,667,1213,1230,0.5,0,1
13355,667,1213,2207,0.5,0,1
13356,667,1213,2536,0.5,0,1
13357,667,1213,4086,0.5,0,1
13358,667,1213,1810,0.5,0,1
13359,667,1213,2734,0.5,0,1
13360,668,2932,2932,0.5,1,1
13361,668,2932,273,0.5,0,1
13362,668,2932,2695,0.5,0,1
13363,668,2932,3470,0.5,0,1
13364,668,2932,50,0.5,0,1
13365,668,2932,326,0.5,0,1
13366,668,2932,666,0.5,0,1
13367,668,2932,4017,0.5,0,1
13368,668,2932,3440,0.5,0,1
13369,668,2932,299,0.5,0,1
13370,668,2932,198,0.5,0,1
13371,668,2932,2661,0.5,0,1
13372,668,2932,1313,0.5,0,1
13373,668,2932,3957,0.5,0,1
13374,668,2932,2844,0.5,0,1
13375,668,2932,3624,0.5,0,1
13376,668,2932,1645,0.5,0,1
13377,668,2932,2275,0.5,0,1
13378,668,2932,154,0.5,0,1
13379,668,2932,144,0.5,0,1
13380,669,381,381,0.5,1,1
13381,669,381,2777,0.5,0,1
13382,669,381,692,0.5,0,1
13383,669,381,3221,0.5,0,1
13384,669,381,2755,0.5,0,1
13385,669,381,2575,0.5,0,1
13386,669,381,1976,0.5,0,1
13387,669,381,601,0.5,0,1
13388,669,381,1839,0.5,0,1
13389,669,381,1264,0.5,0,1
13390,669,381,1074,0.5,0,1
13391,669,381,456,0.5,0,1
13392,669,381,1005,0.5,0,1
13393,669,381,4101,0.5,0,1
13394,669,381,2557,0.5,0,1
13395,669,381,2173,0.5,0,1
13396,669,381,3354,0.5,0,1
13397,669,381,3392,0.5,0,1
13398,669,381,2637,0.5,0,1
13399,669,381,2270,0.5,0,1
13400,670,3089,3089,0.5,1,1
13401,670,3089,2460,0.5,0,1
13402,670,3089,1491,0.5,0,1
13403,670,3089,149,0.5,0,1
13404,670,3089,1315,0.5,0,1
13405,670,3089,1685,0.5,0,1
13406,670,3089,102,0.5,0,1
13407,670,3089,1459,0.5,0,1
13408,670,3089,2211,0.5,0,1
13409,670,3089,3850,0.5,0,1
13410,670,3089,926,0.5,0,1
13411,670,3089,1748,0.5,0,1
13412,670,3089,2195,0.5,0,1
13413,670,3089,1847,0.5,0,1
13414,670,3089,92,0.5,0,1
13415,670,3089,3906,0.5,0,1
13416,670,3089,1986,0.5,0,1
13417,670,3089,3531,0.5,0,1
13418,670,3089,2799,0.5,0,1
13419,670,3089,3659,0.5,0,1
13420,671,777,777,0.5,1,1
13421,671,777,1517,0.5,0,1
13422,671,777,2084,0.5,0,1
13423,671,777,1121,0.5,0,1
13424,671,777,993,0.5,0,1
13425,671,777,2612,0.5,0,1
13426,671,777,1521,0.5,0,1
13427,671,777,2228,0.5,0,1
13428,671,777,3143,0.5,0,1
13429,671,777,2675,0.5,0,1
13430,671,777,1278,0.5,0,1
13431,671,777,3441,0.5,0,1
13432,671,777,3350,0.5,0,1
13433,671,777,41,0.5,0,1
13434,671,777,3049,0.5,0,1
13435,671,777,1769,0.5,0,1
13436,671,777,1894,0.5,0,1
13437,671,777,427,0.5,0,1
13438,671,777,2739,0.5,0,1
13439,671,777,669,0.5,0,1
13440,672,1473,1473,0.5,1,1
13441,672,1473,1381,0.5,0,1
13442,672,1473,362,0.5,0,1
13443,672,1473,4021,0.5,0,1
13444,672,1473,1266,0.5,0,1
13445,672,1473,1987,0.5,0,1
13446,672,1473,3521,0.5,0,1
13447,672,1473,1229,0.5,0,1
13448,672,1473,2269,0.5,0,1
13449,672,1473,1391,0.5,0,1
13450,672,1473,1270,0.5,0,1
13451,672,1473,1426,0.5,0,1
13452,672,1473,3367,0.5,0,1
13453,672,1473,679,0.5,0,1
13454,672,1473,1252,0.5,0,1
13455,672,1473,205,0.5,0,1
13456,672,1473,3557,0.5,0,1
13457,672,1473,806,0.5,0,1
13458,672,1473,188,0.5,0,1
13459,672,1473,4093,0.5,0,1
13460,673,3888,3888,0.5,1,1
13461,673,3888,1271,0.5,0,1
13462,673,3888,134,0.5,0,1
13463,673,3888,2784,0.5,0,1
13464,673,3888,830,0.5,0,1
13465,673,3888,1042,0.5,0,1
13466,673,3888,2755,0.5,0,1
13467,673,3888,2854,0.5,0,1
13468,673,3888,3784,0.5,0,1
13469,673,3888,2519,0.5,0,1
13470,673,3888,3758,0.5,0,1
13471,673,3888,516,0.5,0,1
13472,673,3888,3136,0.5,0,1
13473,673,3888,37,0.5,0,1
13474,673,3888,1545,0.5,0,1
13475,673,3888,1452,0.5,0,1
13476,673,3888,982,0.5,0,1
13477,673,3888,926,0.5,0,1
13478,673,3888,1792,0.5,0,1
13479,673,3888,677,0.5,0,1
13480,674,1152,1152,0.5,1,1
13481,674,1152,3271,0.5,0,1
13482,674,1152,3401,0.5,0,1
13483,674,1152,1486,0.5,0,1
13484,674,1152,2691,0.5,0,1
13485,674,1152,3961,0.5,0,1
13486,674,1152,10,0.5,0,1
13487,674,1152,1150,0.5,0,1
13488,674,1152,2371,0.5,0,1
13489,674,1152,3513,0.5,0,1
13490,674,1152,586,0.5,0,1
13491,674,1152,801,0.5,0,1
13492,674,1152,387,0.5,0,1
13493,674,1152,669,0.5,0,1
13494,674,1152,617,0.5,0,1
13495,674,1152,4170,0.5,0,1
13496,674,1152,3447,0.5,0,1
13497,674,1152,1144,0.5,0,1
13498,674,1152,3052,0.5,0,1
13499,674,1152,2845,0.5,0,1
13500,675,903,903,0.5,1,1
13501,675,903,3966,0.5,0,1
13502,675,903,1649,0.5,0,1
13503,675,903,1238,0.5,0,1
13504,675,903,85,0.5,0,1
13505,675,903,3490,0.5,0,1
13506,675,903,1326,0.5,0,1
13507,675,903,264,0.5,0,1
13508,675,903,3734,0.5,0,1
13509,675,903,948,0.5,0,1
13510,675,903,1312,0.5,0,1
13511,675,903,3455,0.5,0,1
13512,675,903,1048,0.5,0,1
13513,675,903,4174,0.5,0,1
13514,675,903,2110,0.5,0,1
13515,675,903,745,0.5,0,1
13516,675,903,2117,0.5,0,1
13517,675,903,1836,0.5,0,1
13518,675,903,2031,0.5,0,1
13519,675,903,4053,0.5,0,1
13520,676,4064,4064,0.5,1,1
13521,676,4064,2673,0.5,0,1
13522,676,4064,45,0.5,0,1
13523,676,4064,1126,0.5,0,1
13524,676,4064,1330,0.5,0,1
13525,676,4064,1775,0.5,0,1
13526,676,4064,988,0.5,0,1
13527,676,4064,2456,0.5,0,1
13528,676,4064,2889,0.5,0,1
13529,676,4064,3095,0.5,0,1
13530,676,4064,3470,0.5,0,1
13531,676,4064,1759,0.5,0,1
13532,676,4064,1555,0.5,0,1
13533,676,4064,995,0.5,0,1
13534,676,4064,715,0.5,0,1
13535,676,4064,2733,0.5,0,1
13536,676,4064,2594,0.5,0,1
13537,676,4064,3588,0.5,0,1
13538,676,4064,3672,0.5,0,1
13539,676,4064,3182,0.5,0,1
13540,677,3516,3516,0.5,1,1
13541,677,3516,4148,0.5,0,1
13542,677,3516,1475,0.5,0,1
13543,677,3516,2461,0.5,0,1
13544,677,3516,1851,0.5,0,1
13545,677,3516,1911,0.5,0,1
13546,677,3516,3234,0.5,0,1
13547,677,3516,4059,0.5,0,1
13548,677,3516,2631,0.5,0,1
13549,677,3516,2560,0.5,0,1
13550,677,3516,1721,0.5,0,1
13551,677,3516,4073,0.5,0,1
13552,677,3516,2257,0.5,0,1
13553,677,3516,3443,0.5,0,1
13554,677,3516,1200,0.5,0,1
13555,677,3516,2655,0.5,0,1
13556,677,3516,3150,0.5,0,1
13557,677,3516,3988,0.5,0,1
13558,677,3516,3871,0.5,0,1
13559,677,3516,1607,0.5,0,1
13560,678,1017,1017,0.5,1,1
13561,678,1017,2858,0.5,0,1
13562,678,1017,2531,0.5,0,1
13563,678,1017,3470,0.5,0,1
13564,678,1017,689,0.5,0,1
13565,678,1017,360,0.5,0,1
13566,678,1017,2523,0.5,0,1
13567,678,1017,206,0.5,0,1
13568,678,1017,2318,0.5,0,1
13569,678,1017,695,0.5,0,1
13570,678,1017,3738,0.5,0,1
13571,678,1017,2111,0.5,0,1
13572,678,1017,3733,0.5,0,1
13573,678,1017,1307,0.5,0,1
13574,678,1017,2253,0.5,0,1
13575,678,1017,2569,0.5,0,1
13576,678,1017,989,0.5,0,1
13577,678,1017,2484,0.5,0,1
13578,678,1017,508,0.5,0,1
13579,678,1017,706,0.5,0,1
13580,679,1115,1115,0.5,1,1
13581,679,1115,240,0.5,0,1
13582,679,1115,3297,0.5,0,1
13583,679,1115,2036,0.5,0,1
13584,679,1115,686,0.5,0,1
13585,679,1115,4177,0.5,0,1
13586,679,1115,2765,0.5,0,1
13587,679,1115,2272,0.5,0,1
13588,679,1115,2046,0.5,0,1
13589,679,1115,1683,0.5,0,1
13590,679,1115,4098,0.5,0,1
13591,679,1115,3109,0.5,0,1
13592,679,1115,128,0.5,0,1
13593,679,1115,2881,0.5,0,1
13594,679,1115,2807,0.5,0,1
13595,679,1115,3239,0.5,0,1
13596,679,1115,1352,0.5,0,1
13597,679,1115,123,0.5,0,1
13598,679,1115,1210,0.5,0,1
13599,679,1115,765,0.5,0,1
13600,680,3160,3160,0.5,1,1
13601,680,3160,114,0.5,0,1
13602,680,3160,1245,0.5,0,1
13603,680,3160,2655,0.5,0,1
13604,680,3160,660,0.5,0,1
13605,680,3160,1656,0.5,0,1
13606,680,3160,33,0.5,0,1
13607,680,3160,3496,0.5,0,1
13608,680,3160,4143,0.5,0,1
13609,680,3160,75,0.5,0,1
13610,680,3160,1457,0.5,0,1
13611,680,3160,397,0.5,0,1
13612,680,3160,94,0.5,0,1
13613,680,3160,663,0.5,0,1
13614,680,3160,959,0.5,0,1
13615,680,3160,3199,0.5,0,1
13616,680,3160,367,0.5,0,1
13617,680,3160,3255,0.5,0,1
13618,680,3160,1011,0.5,0,1
13619,680,3160,2130,0.5,0,1
13620,681,1036,1036,0.5,1,1
13621,681,1036,1703,0.5,0,1
13622,681,1036,2474,0.5,0,1
13623,681,1036,3480,0.5,0,1
13624,681,1036,3781,0.5,0,1
13625,681,1036,1931,0.5,0,1
13626,681,1036,2371,0.5,0,1
13627,681,1036,2377,0.5,0,1
13628,681,1036,3317,0.5,0,1
13629,681,1036,2077,0.5,0,1
13630,681,1036,1541,0.5,0,1
13631,681,1036,3133,0.5,0,1
13632,681,1036,1836,0.5,0,1
13633,681,1036,809,0.5,0,1
13634,681,1036,4177,0.5,0,1
13635,681,1036,2263,0.5,0,1
13636,681,1036,3962,0.5,0,1
13637,681,1036,1259,0.5,0,1
13638,681,1036,2928,0.5,0,1
13639,681,1036,2150,0.5,0,1
13640,682,2650,2650,0.5,1,1
13641,682,2650,1700,0.5,0,1
13642,682,2650,1133,0.5,0,1
13643,682,2650,355,0.5,0,1
13644,682,2650,1057,0.5,0,1
13645,682,2650,1850,0.5,0,1
13646,682,2650,3598,0.5,0,1
13647,682,2650,3840,0.5,0,1
13648,682,2650,2112,0.5,0,1
13649,682,2650,4084,0.5,0,1
13650,682,2650,1286,0.5,0,1
13651,682,2650,339,0.5,0,1
13652,682,2650,1466,0.5,0,1
13653,682,2650,1616,0.5,0,1
13654,682,2650,75,0.5,0,1
13655,682,2650,663,0.5,0,1
13656,682,2650,3559,0.5,0,1
13657,682,2650,4095,0.5,0,1
13658,682,2650,3788,0.5,0,1
13659,682,2650,2746,0.5,0,1
13660,683,1900,1900,0.5,1,1
13661,683,1900,1237,0.5,0,1
13662,683,1900,2057,0.5,0,1
13663,683,1900,1949,0.5,0,1
13664,683,1900,767,0.5,0,1
13665,683,1900,1533,0.5,0,1
13666,683,1900,1704,0.5,0,1
13667,683,1900,1483,0.5,0,1
13668,683,1900,241,0.5,0,1
13669,683,1900,3922,0.5,0,1
13670,683,1900,322,0.5,0,1
13671,683,1900,821,0.5,0,1
13672,683,1900,1792,0.5,0,1
13673,683,1900,3605,0.5,0,1
13674,683,1900,1286,0.5,0,1
13675,683,1900,3151,0.5,0,1
13676,683,1900,1156,0.5,0,1
13677,683,1900,2865,0.5,0,1
13678,683,1900,2860,0.5,0,1
13679,683,1900,134,0.5,0,1
13680,684,617,617,0.5,1,1
13681,684,617,1035,0.5,0,1
13682,684,617,3474,0.5,0,1
13683,684,617,850,0.5,0,1
13684,684,617,2305,0.5,0,1
13685,684,617,1520,0.5,0,1
13686,684,617,1126,0.5,0,1
13687,684,617,1181,0.5,0,1
13688,684,617,3873,0.5,0,1
13689,684,617,1393,0.5,0,1
13690,684,617,4107,0.5,0,1
13691,684,617,1345,0.5,0,1
13692,684,617,3415,0.5,0,1
13693,684,617,505,0.5,0,1
13694,684,617,1683,0.5,0,1
13695,684,617,3836,0.5,0,1
13696,684,617,1475,0.5,0,1
13697,684,617,2699,0.5,0,1
13698,684,617,2938,0.5,0,1
13699,684,617,1317,0.5,0,1
13700,685,820,820,0.5,1,1
13701,685,820,646,0.5,0,1
13702,685,820,1751,0.5,0,1
13703,685,820,2568,0.5,0,1
13704,685,820,1483,0.5,0,1
13705,685,820,607,0.5,0,1
13706,685,820,3552,0.5,0,1
13707,685,820,171,0.5,0,1
13708,685,820,2200,0.5,0,1
13709,685,820,3410,0.5,0,1
13710,685,820,4096,0.5,0,1
13711,685,820,3947,0.5,0,1
13712,685,820,4155,0.5,0,1
13713,685,820,550,0.5,0,1
13714,685,820,3395,0.5,0,1
13715,685,820,668,0.5,0,1
13716,685,820,448,0.5,0,1
13717,685,820,967,0.5,0,1
13718,685,820,873,0.5,0,1
13719,685,820,1394,0.5,0,1
13720,686,205,205,0.5,1,1
13721,686,205,126,0.5,0,1
13722,686,205,822,0.5,0,1
13723,686,205,740,0.5,0,1
13724,686,205,1200,0.5,0,1
13725,686,205,261,0.5,0,1
13726,686,205,2909,0.5,0,1
13727,686,205,1894,0.5,0,1
13728,686,205,2657,0.5,0,1
13729,686,205,909,0.5,0,1
13730,686,205,2165,0.5,0,1
13731,686,205,3351,0.5,0,1
13732,686,205,1989,0.5,0,1
13733,686,205,1442,0.5,0,1
13734,686,205,3090,0.5,0,1
13735,686,205,1781,0.5,0,1
13736,686,205,1934,0.5,0,1
13737,686,205,852,0.5,0,1
13738,686,205,2467,0.5,0,1
13739,686,205,1478,0.5,0,1
13740,687,821,821,0.5,1,1
13741,687,821,901,0.5,0,1
13742,687,821,432,0.5,0,1
13743,687,821,4038,0.5,0,1
13744,687,821,3220,0.5,0,1
13745,687,821,3641,0.5,0,1
13746,687,821,765,0.5,0,1
13747,687,821,2302,0.5,0,1
13748,687,821,649,0.5,0,1
13749,687,821,3640,0.5,0,1
13750,687,821,2892,0.5,0,1
13751,687,821,4059,0.5,0,1
13752,687,821,3356,0.5,0,1
13753,687,821,532,0.5,0,1
13754,687,821,1650,0.5,0,1
13755,687,821,3064,0.5,0,1
13756,687,821,380,0.5,0,1
13757,687,821,2958,0.5,0,1
13758,687,821,2489,0.5,0,1
13759,687,821,3654,0.5,0,1
13760,688,738,738,0.5,1,1
13761,688,738,395,0.5,0,1
13762,688,738,2220,0.5,0,1
13763,688,738,76,0.5,0,1
13764,688,738,1675,0.5,0,1
13765,688,738,898,0.5,0,1
13766,688,738,248,0.5,0,1
13767,688,738,684,0.5,0,1
13768,688,738,2582,0.5,0,1
13769,688,738,2347,0.5,0,1
13770,688,738,3903,0.5,0,1
13771,688,738,2089,0.5,0,1
13772,688,738,1028,0.5,0,1
13773,688,738,301,0.5,0,1
13774,688,738,3749,0.5,0,1
13775,688,738,2283,0.5,0,1
13776,688,738,80,0.5,0,1
13777,688,738,1218,0.5,0,1
13778,688,738,1999,0.5,0,1
13779,688,738,836,0.5,0,1
13780,689,1920,1920,0.5,1,1
13781,689,1920,1007,0.5,0,1
13782,689,1920,591,0.5,0,1
13783,689,1920,1713,0.5,0,1
13784,689,1920,749,0.5,0,1
13785,689,1920,1866,0.5,0,1
13786,689,1920,2850,0.5,0,1
13787,689,1920,3754,0.5,0,1
13788,689,1920,1208,0.5,0,1
13789,689,1920,3735,0.5,0,1
13790,689,1920,3804,0.5,0,1
13791,689,1920,2835,0.5,0,1
13792,689,1920,4040,0.5,0,1
13793,689,1920,2111,0.5,0,1
13794,689,1920,2806,0.5,0,1
13795,689,1920,1801,0.5,0,1
13796,689,1920,3625,0.5,0,1
13797,689,1920,884,0.5,0,1
13798,689,1920,2676,0.5,0,1
13799,689,1920,41,0.5,0,1
13800,690,984,984,0.5,1,1
13801,690,984,2887,0.5,0,1
13802,690,984,924,0.5,0,1
13803,690,984,2216,0.5,0,1
13804,690,984,398,0.5,0,1
13805,690,984,3242,0.5,0,1
13806,690,984,2258,0.5,0,1
13807,690,984,3407,0.5,0,1
13808,690,984,3158,0.5,0,1
13809,690,984,1375,0.5,0,1
13810,690,984,3734,0.5,0,1
13811,690,984,578,0.5,0,1
13812,690,984,748,0.5,0,1
13813,690,984,84,0.5,0,1
13814,690,984,1364,0.5,0,1
13815,690,984,2626,0.5,0,1
13816,690,984,2550,0.5,0,1
13817,690,984,1634,0.5,0,1
13818,690,984,3817,0.5,0,1
13819,690,984,772,0.5,0,1
13820,691,1426,1426,0.5,1,1
13821,691,1426,329,0.5,0,1
13822,691,1426,1292,0.5,0,1
13823,691,1426,109,0.5,0,1
13824,691,1426,3402,0.5,0,1
13825,691,1426,2639,0.5,0,1
13826,691,1426,2573,0.5,0,1
13827,691,1426,207,0.5,0,1
13828,691,1426,357,0.5,0,1
13829,691,1426,3898,0.5,0,1
13830,691,1426,1360,0.5,0,1
13831,691,1426,2427,0.5,0,1
13832,691,1426,3548,0.5,0,1
13833,691,1426,694,0.5,0,1
13834,691,1426,2083,0.5,0,1
13835,691,1426,2541,0.5,0,1
13836,691,1426,3955,0.5,0,1
13837,691,1426,3730,0.5,0,1
13838,691,1426,1144,0.5,0,1
13839,691,1426,1928,0.5,0,1
13840,692,2102,2102,0.5,1,1
13841,692,2102,2637,0.5,0,1
13842,692,2102,3814,0.5,0,1
13843,692,2102,3812,0.5,0,1
13844,692,2102,2167,0.5,0,1
13845,692,2102,2358,0.5,0,1
13846,692,2102,245,0.5,0,1
13847,692,2102,2221,0.5,0,1
13848,692,2102,2950,0.5,0,1
13849,692,2102,825,0.5,0,1
13850,692,2102,2799,0.5,0,1
13851,692,2102,999,0.5,0,1
13852,692,2102,436,0.5,0,1
13853,692,2102,3585,0.5,0,1
13854,692,2102,2160,0.5,0,1
13855,692,2102,1675,0.5,0,1
13856,692,2102,88,0.5,0,1
13857,692,2102,269,0.5,0,1
13858,692,2102,507,0.5,0,1
13859,692,2102,2544,0.5,0,1
13860,693,2845,2845,0.5,1,1
13861,693,2845,681,0.5,0,1
13862,693,2845,3871,0.5,0,1
13863,693,2845,3916,0.5,0,1
13864,693,2845,39,0.5,0,1
13865,693,2845,3420,0.5,0,1
13866,693,2845,3266,0.5,0,1
13867,693,2845,1048,0.5,0,1
13868,693,2845,3822,0.5,0,1
13869,693,2845,664,0.5,0,1
13870,693,2845,2957,0.5,0,1
13871,693,2845,1777,0.5,0,1
13872,693,2845,4091,0.5,0,1
13873,693,2845,3468,0.5,0,1
13874,693,2845,2832,0.5,0,1
13875,693,2845,624,0.5,0,1
13876,693,2845,2296,0.5,0,1
13877,693,2845,3071,0.5,0,1
13878,693,2845,3470,0.5,0,1
13879,693,2845,2054,0.5,0,1
13880,694,3109,3109,0.5,1,1
13881,694,3109,718,0.5,0,1
13882,694,3109,3654,0.5,0,1
13883,694,3109,24,0.5,0,1
13884,694,3109,1356,0.5,0,1
13885,694,3109,122,0.5,0,1
13886,694,3109,1926,0.5,0,1
13887,694,3109,922,0.5,0,1
13888,694,3109,1712,0.5,0,1
13889,694,3109,3006,0.5,0,1
13890,694,3109,3730,0.5,0,1
13891,694,3109,1022,0.5,0,1
13892,694,3109,3683,0.5,0,1
13893,694,3109,437,0.5,0,1
13894,694,3109,3838,0.5,0,1
13895,694,3109,1841,0.5,0,1
13896,694,3109,3131,0.5,0,1
13897,694,3109,177,0.5,0,1
13898,694,3109,3057,0.5,0,1
13899,694,3109,1579,0.5,0,1
13900,695,2637,2637,0.5,1,1
13901,695,2637,1361,0.5,0,1
13902,695,2637,3162,0.5,0,1
13903,695,2637,2377,0.5,0,1
13904,695,2637,2491,0.5,0,1
13905,695,2637,3095,0.5,0,1
13906,695,2637,3383,0.5,0,1
13907,695,2637,2134,0.5,0,1
13908,695,2637,3881,0.5,0,1
13909,695,2637,1909,0.5,0,1
13910,695,2637,2055,0.5,0,1
13911,695,2637,2610,0.5,0,1
13912,695,2637,2774,0.5,0,1
13913,695,2637,1174,0.5,0,1
13914,695,2637,1970,0.5,0,1
13915,695,2637,749,0.5,0,1
13916,695,2637,982,0.5,0,1
13917,695,2637,30,0.5,0,1
13918,695,2637,2162,0.5,0,1
13919,695,2637,2229,0.5,0,1
13920,696,2808,2808,0.5,1,1
13921,696,2808,896,0.5,0,1
13922,696,2808,4102,0.5,0,1
13923,696,2808,381,0.5,0,1
13924,696,2808,240,0.5,0,1
13925,696,2808,2980,0.5,0,1
13926,696,2808,1269,0.5,0,1
13927,696,2808,1817,0.5,0,1
13928,696,2808,3823,0.5,0,1
13929,696,2808,1839,0.5,0,1
13930,696,2808,3949,0.5,0,1
13931,696,2808,25,0.5,0,1
13932,696,2808,1802,0.5,0,1
13933,696,2808,2469,0.5,0,1
13934,696,2808,556,0.5,0,1
13935,696,2808,2770,0.5,0,1
13936,696,2808,2128,0.5,0,1
13937,696,2808,3263,0.5,0,1
13938,696,2808,2444,0.5,0,1
13939,696,2808,1126,0.5,0,1
13940,697,4002,4002,0.5,1,1
13941,697,4002,1950,0.5,0,1
13942,697,4002,1303,0.5,0,1
13943,697,4002,1359,0.5,0,1
13944,697,4002,295,0.5,0,1
13945,697,4002,3425,0.5,0,1
13946,697,4002,2555,0.5,0,1
13947,697,4002,625,0.5,0,1
13948,697,4002,2397,0.5,0,1
13949,697,4002,3240,0.5,0,1
13950,697,4002,2379,0.5,0,1
13951,697,4002,2505,0.5,0,1
13952,697,4002,2370,0.5,0,1
13953,697,4002,2604,0.5,0,1
13954,697,4002,1320,0.5,0,1
13955,697,4002,755,0.5,0,1
13956,697,4002,463,0.5,0,1
13957,697,4002,1490,0.5,0,1
13958,697,4002,2545,0.5,0,1
13959,697,4002,2219,0.5,0,1
13960,698,495,495,0.5,1,1
13961,698,495,1522,0.5,0,1
13962,698,495,1791,0.5,0,1
13963,698,495,3578,0.5,0,1
13964,698,495,1007,0.5,0,1
13965,698,495,2752,0.5,0,1
13966,698,495,3839,0.5,0,1
13967,698,495,1518,0.5,0,1
13968,698,495,1276,0.5,0,1
13969,698,495,1364,0.5,0,1
13970,698,495,2487,0.5,0,1
13971,698,495,3726,0.5,0,1
13972,698,495,708,0.5,0,1
13973,698,495,2598,0.5,0,1
13974,698,495,1330,0.5,0,1
13975,698,495,2924,0.5,0,1
13976,698,495,429,0.5,0,1
13977,698,495,3774,0.5,0,1
13978,698,495,1510,0.5,0,1
13979,698,495,1738,0.5,0,1
13980,699,3792,3792,0.5,1,1
13981,699,3792,2137,0.5,0,1
13982,699,3792,816,0.5,0,1
13983,699,3792,921,0.5,0,1
13984,699,3792,842,0.5,0,1
13985,699,3792,2223,0.5,0,1
13986,699,3792,2486,0.5,0,1
13987,699,3792,711,0.5,0,1
13988,699,3792,980,0.5,0,1
13989,699,3792,2867,0.5,0,1
13990,699,3792,4132,0.5,0,1
13991,699,3792,2668,0.5,0,1
13992,699,3792,3567,0.5,0,1
13993,699,3792,2501,0.5,0,1
13994,699,3792,2954,0.5,0,1
13995,699,3792,1564,0.5,0,1
13996,699,3792,871,0.5,0,1
13997,699,3792,2494,0.5,0,1
13998,699,3792,1445,0.5,0,1
13999,699,3792,3279,0.5,0,1
14000,700,696,696,0.5,1,1
14001,700,696,227,0.5,0,1
14002,700,696,1322,0.5,0,1
14003,700,696,1057,0.5,0,1
14004,700,696,1466,0.5,0,1
14005,700,696,877,0.5,0,1
14006,700,696,2252,0.5,0,1
14007,700,696,612,0.5,0,1
14008,700,696,3714,0.5,0,1
14009,700,696,3559,0.5,0,1
14010,700,696,2308,0.5,0,1
14011,700,696,1201,0.5,0,1
14012,700,696,242,0.5,0,1
14013,700,696,4106,0.5,0,1
14014,700,696,4155,0.5,0,1
14015,700,696,1972,0.5,0,1
14016,700,696,83,0.5,0,1
14017,700,696,732,0.5,0,1
14018,700,696,998,0.5,0,1
14019,700,696,37,0.5,0,1
14020,701,1187,1187,0.5,1,1
14021,701,1187,2442,0.5,0,1
14022,701,1187,1343,0.5,0,1
14023,701,1187,1690,0.5,0,1
14024,701,1187,2157,0.5,0,1
14025,701,1187,1229,0.5,0,1
14026,701,1187,3454,0.5,0,1
14027,701,1187,2445,0.5,0,1
14028,701,1187,1729,0.5,0,1
14029,701,1187,2281,0.5,0,1
14030,701,1187,3425,0.5,0,1
14031,701,1187,1081,0.5,0,1
14032,701,1187,1370,0.5,0,1
14033,701,1187,64,0.5,0,1
14034,701,1187,2672,0.5,0,1
14035,701,1187,611,0.5,0,1
14036,701,1187,95,0.5,0,1
14037,701,1187,1580,0.5,0,1
14038,701,1187,3495,0.5,0,1
14039,701,1187,1504,0.5,0,1
14040,702,3064,3064,0.5,1,1
14041,702,3064,3290,0.5,0,1
14042,702,3064,1540,0.5,0,1
14043,702,3064,273,0.5,0,1
14044,702,3064,1356,0.5,0,1
14045,702,3064,3593,0.5,0,1
14046,702,3064,17,0.5,0,1
14047,702,3064,1943,0.5,0,1
14048,702,3064,871,0.5,0,1
14049,702,3064,1794,0.5,0,1
14050,702,3064,3381,0.5,0,1
14051,702,3064,463,0.5,0,1
14052,702,3064,2206,0.5,0,1
14053,702,3064,3263,0.5,0,1
14054,702,3064,740,0.5,0,1
14055,702,3064,1222,0.5,0,1
14056,702,3064,1828,0.5,0,1
14057,702,3064,3805,0.5,0,1
14058,702,3064,2833,0.5,0,1
14059,702,3064,3203,0.5,0,1
14060,703,1382,1382,0.5,1,1
14061,703,1382,1633,0.5,0,1
14062,703,1382,653,0.5,0,1
14063,703,1382,667,0.5,0,1
14064,703,1382,1653,0.5,0,1
14065,703,1382,2870,0.5,0,1
14066,703,1382,437,0.5,0,1
14067,703,1382,613,0.5,0,1
14068,703,1382,2034,0.5,0,1
14069,703,1382,2213,0.5,0,1
14070,703,1382,3572,0.5,0,1
14071,703,1382,1624,0.5,0,1
14072,703,1382,3810,0.5,0,1
14073,703,1382,4056,0.5,0,1
14074,703,1382,2950,0.5,0,1
14075,703,1382,1622,0.5,0,1
14076,703,1382,3019,0.5,0,1
14077,703,1382,2315,0.5,0,1
14078,703,1382,1404,0.5,0,1
14079,703,1382,3044,0.5,0,1
14080,704,1434,1434,0.5,1,1
14081,704,1434,3537,0.5,0,1
14082,704,1434,70,0.5,0,1
14083,704,1434,2216,0.5,0,1
14084,704,1434,1817,0.5,0,1
14085,704,1434,1929,0.5,0,1
14086,704,1434,3692,0.5,0,1
14087,704,1434,3612,0.5,0,1
14088,704,1434,3046,0.5,0,1
14089,704,1434,3825,0.5,0,1
14090,704,1434,1810,0.5,0,1
14091,704,1434,833,0.5,0,1
14092,704,1434,2294,0.5,0,1
14093,704,1434,3694,0.5,0,1
14094,704,1434,1289,0.5,0,1
14095,704,1434,3948,0.5,0,1
14096,704,1434,2889,0.5,0,1
14097,704,1434,1837,0.5,0,1
14098,704,1434,101,0.5,0,1
14099,704,1434,678,0.5,0,1
14100,705,1969,1969,0.5,1,1
14101,705,1969,247,0.5,0,1
14102,705,1969,970,0.5,0,1
14103,705,1969,3185,0.5,0,1
14104,705,1969,711,0.5,0,1
14105,705,1969,3351,0.5,0,1
14106,705,1969,1372,0.5,0,1
14107,705,1969,1137,0.5,0,1
14108,705,1969,3688,0.5,0,1
14109,705,1969,2871,0.5,0,1
14110,705,1969,25,0.5,0,1
14111,705,1969,2797,0.5,0,1
14112,705,1969,1083,0.5,0,1
14113,705,1969,52,0.5,0,1
14114,705,1969,1899,0.5,0,1
14115,705,1969,1499,0.5,0,1
14116,705,1969,344,0.5,0,1
14117,705,1969,1381,0.5,0,1
14118,705,1969,2078,0.5,0,1
14119,705,1969,597,0.5,0,1
14120,706,3353,3353,0.5,1,1
14121,706,3353,2671,0.5,0,1
14122,706,3353,3277,0.5,0,1
14123,706,3353,1852,0.5,0,1
14124,706,3353,2880,0.5,0,1
14125,706,3353,2835,0.5,0,1
14126,706,3353,837,0.5,0,1
14127,706,3353,538,0.5,0,1
14128,706,3353,3149,0.5,0,1
14129,706,3353,4163,0.5,0,1
14130,706,3353,3683,0.5,0,1
14131,706,3353,2407,0.5,0,1
14132,706,3353,787,0.5,0,1
14133,706,3353,3885,0.5,0,1
14134,706,3353,2403,0.5,0,1
14135,706,3353,3857,0.5,0,1
14136,706,3353,2492,0.5,0,1
14137,706,3353,3463,0.5,0,1
14138,706,3353,2482,0.5,0,1
14139,706,3353,821,0.5,0,1
14140,707,572,572,0.5,1,1
14141,707,572,3261,0.5,0,1
14142,707,572,3582,0.5,0,1
14143,707,572,2667,0.5,0,1
14144,707,572,2210,0.5,0,1
14145,707,572,2167,0.5,0,1
14146,707,572,1315,0.5,0,1
14147,707,572,668,0.5,0,1
14148,707,572,1804,0.5,0,1
14149,707,572,2646,0.5,0,1
14150,707,572,1502,0.5,0,1
14151,707,572,1563,0.5,0,1
14152,707,572,2119,0.5,0,1
14153,707,572,3316,0.5,0,1
14154,707,572,2163,0.5,0,1
14155,707,572,2035,0.5,0,1
14156,707,572,2773,0.5,0,1
14157,707,572,3927,0.5,0,1
14158,707,572,516,0.5,0,1
14159,707,572,2176,0.5,0,1
14160,708,546,546,0.5,1,1
14161,708,546,948,0.5,0,1
14162,708,546,795,0.5,0,1
14163,708,546,227,0.5,0,1
14164,708,546,3931,0.5,0,1
14165,708,546,1666,0.5,0,1
14166,708,546,3243,0.5,0,1
14167,708,546,3075,0.5,0,1
14168,708,546,1928,0.5,0,1
14169,708,546,1904,0.5,0,1
14170,708,546,172,0.5,0,1
14171,708,546,3073,0.5,0,1
14172,708,546,3299,0.5,0,1
14173,708,546,1718,0.5,0,1
14174,708,546,3169,0.5,0,1
14175,708,546,2447,0.5,0,1
14176,708,546,3891,0.5,0,1
14177,708,546,290,0.5,0,1
14178,708,546,2585,0.5,0,1
14179,708,546,2079,0.5,0,1
14180,709,3070,3070,0.5,1,1
14181,709,3070,1510,0.5,0,1
14182,709,3070,3913,0.5,0,1
14183,709,3070,3017,0.5,0,1
14184,709,3070,3517,0.5,0,1
14185,709,3070,3040,0.5,0,1
14186,709,3070,1629,0.5,0,1
14187,709,3070,1316,0.5,0,1
14188,709,3070,927,0.5,0,1
14189,709,3070,3723,0.5,0,1
14190,709,3070,1790,0.5,0,1
14191,709,3070,462,0.5,0,1
14192,709,3070,1290,0.5,0,1
14193,709,3070,2138,0.5,0,1
14194,709,3070,334,0.5,0,1
14195,709,3070,53,0.5,0,1
14196,709,3070,253,0.5,0,1
14197,709,3070,2070,0.5,0,1
14198,709,3070,1654,0.5,0,1
14199,709,3070,1960,0.5,0,1
14200,710,22,22,0.5,1,1
14201,710,22,2810,0.5,0,1
14202,710,22,1861,0.5,0,1
14203,710,22,2577,0.5,0,1
14204,710,22,1477,0.5,0,1
14205,710,22,3431,0.5,0,1
14206,710,22,1274,0.5,0,1
14207,710,22,111,0.5,0,1
14208,710,22,3291,0.5,0,1
14209,710,22,3475,0.5,0,1
14210,710,22,3975,0.5,0,1
14211,710,22,2474,0.5,0,1
14212,710,22,2887,0.5,0,1
14213,710,22,1962,0.5,0,1
14214,710,22,1590,0.5,0,1
14215,710,22,1378,0.5,0,1
14216,710,22,1053,0.5,0,1
14217,710,22,2024,0.5,0,1
14218,710,22,1930,0.5,0,1
14219,710,22,3777,0.5,0,1
14220,711,3976,3976,0.5,1,1
14221,711,3976,546,0.5,0,1
14222,711,3976,46,0.5,0,1
14223,711,3976,3029,0.5,0,1
14224,711,3976,3068,0.5,0,1
14225,711,3976,3127,0.5,0,1
14226,711,3976,299,0.5,0,1
14227,711,3976,3242,0.5,0,1
14228,711,3976,1205,0.5,0,1
14229,711,3976,628,0.5,0,1
14230,711,3976,2760,0.5,0,1
14231,711,3976,742,0.5,0,1
14232,711,3976,3793,0.5,0,1
14233,711,3976,4170,0.5,0,1
14234,711,3976,1030,0.5,0,1
14235,711,3976,3957,0.5,0,1
14236,711,3976,1431,0.5,0,1
14237,711,3976,3992,0.5,0,1
14238,711,3976,4057,0.5,0,1
14239,711,3976,1848,0.5,0,1
14240,712,3747,3747,0.5,1,1
14241,712,3747,230,0.5,0,1
14242,712,3747,3834,0.5,0,1
14243,712,3747,3405,0.5,0,1
14244,712,3747,1092,0.5,0,1
14245,712,3747,359,0.5,0,1
14246,712,3747,820,0.5,0,1
14247,712,3747,4068,0.5,0,1
14248,712,3747,124,0.5,0,1
14249,712,3747,1194,0.5,0,1
14250,712,3747,2588,0.5,0,1
14251,712,3747,1884,0.5,0,1
14252,712,3747,1010,0.5,0,1
14253,712,3747,3647,0.5,0,1
14254,712,3747,1541,0.5,0,1
14255,712,3747,278,0.5,0,1
14256,712,3747,3481,0.5,0,1
14257,712,3747,2774,0.5,0,1
14258,712,3747,771,0.5,0,1
14259,712,3747,2096,0.5,0,1
14260,713,3397,3397,0.5,1,1
14261,713,3397,383,0.5,0,1
14262,713,3397,1676,0.5,0,1
14263,713,3397,1453,0.5,0,1
14264,713,3397,1726,0.5,0,1
14265,713,3397,260,0.5,0,1
14266,713,3397,2782,0.5,0,1
14267,713,3397,788,0.5,0,1
14268,713,3397,4071,0.5,0,1
14269,713,3397,2929,0.5,0,1
14270,713,3397,937,0.5,0,1
14271,713,3397,917,0.5,0,1
14272,713,3397,762,0.5,0,1
14273,713,3397,2843,0.5,0,1
14274,713,3397,3787,0.5,0,1
14275,713,3397,477,0.5,0,1
14276,713,3397,1888,0.5,0,1
14277,713,3397,959,0.5,0,1
14278,713,3397,1768,0.5,0,1
14279,713,3397,3573,0.5,0,1
14280,714,95,95,0.5,1,1
14281,714,95,2141,0.5,0,1
14282,714,95,616,0.5,0,1
14283,714,95,1710,0.5,0,1
14284,714,95,565,0.5,0,1
14285,714,95,1477,0.5,0,1
14286,714,95,1165,0.5,0,1
14287,714,95,1979,0.5,0,1
14288,714,95,2083,0.5,0,1
14289,714,95,2756,0.5,0,1
14290,714,95,443,0.5,0,1
14291,714,95,1140,0.5,0,1
14292,714,95,3895,0.5,0,1
14293,714,95,46,0.5,0,1
14294,714,95,1317,0.5,0,1
14295,714,95,123,0.5,0,1
14296,714,95,174,0.5,0,1
14297,714,95,2239,0.5,0,1
14298,714,95,372,0.5,0,1
14299,714,95,262,0.5,0,1
14300,715,3420,3420,0.5,1,1
14301,715,3420,2646,0.5,0,1
14302,715,3420,1997,0.5,0,1
14303,715,3420,593,0.5,0,1
14304,715,3420,3806,0.5,0,1
14305,715,3420,3518,0.5,0,1
14306,715,3420,94,0.5,0,1
14307,715,3420,382,0.5,0,1
14308,715,3420,3079,0.5,0,1
14309,715,3420,3799,0.5,0,1
14310,715,3420,2241,0.5,0,1
14311,715,3420,3869,0.5,0,1
14312,715,3420,2223,0.5,0,1
14313,715,3420,1744,0.5,0,1
14314,715,3420,3283,0.5,0,1
14315,715,3420,184,0.5,0,1
14316,715,3420,3665,0.5,0,1
14317,715,3420,1541,0.5,0,1
14318,715,3420,3629,0.5,0,1
14319,715,3420,2406,0.5,0,1
14320,716,1657,1657,0.5,1,1
14321,716,1657,823,0.5,0,1
14322,716,1657,1159,0.5,0,1
14323,716,1657,4092,0.5,0,1
14324,716,1657,2735,0.5,0,1
14325,716,1657,1047,0.5,0,1
14326,716,1657,3926,0.5,0,1
14327,716,1657,1250,0.5,0,1
14328,716,1657,3464,0.5,0,1
14329,716,1657,2731,0.5,0,1
14330,716,1657,3260,0.5,0,1
14331,716,1657,873,0.5,0,1
14332,716,1657,2098,0.5,0,1
14333,716,1657,1003,0.5,0,1
14334,716,1657,411,0.5,0,1
14335,716,1657,4077,0.5,0,1
14336,716,1657,4166,0.5,0,1
14337,716,1657,660,0.5,0,1
14338,716,1657,1532,0.5,0,1
14339,716,1657,506,0.5,0,1
14340,717,3146,3146,0.5,1,1
14341,717,3146,1190,0.5,0,1
14342,717,3146,2558,0.5,0,1
14343,717,3146,2906,0.5,0,1
14344,717,3146,232,0.5,0,1
14345,717,3146,1294,0.5,0,1
14346,717,3146,1331,0.5,0,1
14347,717,3146,1637,0.5,0,1
14348,717,3146,1625,0.5,0,1
14349,717,3146,2409,0.5,0,1
14350,717,3146,1354,0.5,0,1
14351,717,3146,2807,0.5,0,1
14352,717,3146,2747,0.5,0,1
14353,717,3146,1833,0.5,0,1
14354,717,3146,655,0.5,0,1
14355,717,3146,1715,0.5,0,1
14356,717,3146,2760,0.5,0,1
14357,717,3146,2210,0.5,0,1
14358,717,3146,265,0.5,0,1
14359,717,3146,818,0.5,0,1
14360,718,915,915,0.5,1,1
14361,718,915,3011,0.5,0,1
14362,718,915,2242,0.5,0,1
14363,718,915,2998,0.5,0,1
14364,718,915,3904,0.5,0,1
14365,718,915,1045,0.5,0,1
14366,718,915,745,0.5,0,1
14367,718,915,530,0.5,0,1
14368,718,915,964,0.5,0,1
14369,718,915,635,0.5,0,1
14370,718,915,981,0.5,0,1
14371,718,915,2897,0.5,0,1
14372,718,915,1613,0.5,0,1
14373,718,915,432,0.5,0,1
14374,718,915,802,0.5,0,1
14375,718,915,3361,0.5,0,1
14376,718,915,4176,0.5,0,1
14377,718,915,2727,0.5,0,1
14378,718,915,2583,0.5,0,1
14379,718,915,1848,0.5,0,1
14380,719,552,552,0.5,1,1
14381,719,552,1416,0.5,0,1
14382,719,552,1557,0.5,0,1
14383,719,552,3790,0.5,0,1
14384,719,552,3448,0.5,0,1
14385,719,552,1144,0.5,0,1
14386,719,552,2580,0.5,0,1
14387,719,552,1399,0.5,0,1
14388,719,552,1748,0.5,0,1
14389,719,552,2794,0.5,0,1
14390,719,552,1982,0.5,0,1
14391,719,552,327,0.5,0,1
14392,719,552,806,0.5,0,1
14393,719,552,3573,0.5,0,1
14394,719,552,3968,0.5,0,1
14395,719,552,1800,0.5,0,1
14396,719,552,3858,0.5,0,1
14397,719,552,1779,0.5,0,1
14398,719,552,421,0.5,0,1
14399,719,552,733,0.5,0,1
14400,720,3736,3736,0.5,1,1
14401,720,3736,943,0.5,0,1
14402,720,3736,278,0.5,0,1
14403,720,3736,3141,0.5,0,1
14404,720,3736,1988,0.5,0,1
14405,720,3736,3617,0.5,0,1
14406,720,3736,1125,0.5,0,1
14407,720,3736,2772,0.5,0,1
14408,720,3736,2185,0.5,0,1
14409,720,3736,3335,0.5,0,1
14410,720,3736,3118,0.5,0,1
14411,720,3736,2713,0.5,0,1
14412,720,3736,2938,0.5,0,1
14413,720,3736,19,0.5,0,1
14414,720,3736,3752,0.5,0,1
14415,720,3736,1721,0.5,0,1
14416,720,3736,1094,0.5,0,1
14417,720,3736,3212,0.5,0,1
14418,720,3736,831,0.5,0,1
14419,720,3736,1823,0.5,0,1
14420,721,3756,3756,0.5,1,1
14421,721,3756,3089,0.5,0,1
14422,721,3756,3271,0.5,0,1
14423,721,3756,1560,0.5,0,1
14424,721,3756,2399,0.5,0,1
14425,721,3756,1492,0.5,0,1
14426,721,3756,1515,0.5,0,1
14427,721,3756,2659,0.5,0,1
14428,721,3756,2453,0.5,0,1
14429,721,3756,3401,0.5,0,1
14430,721,3756,1981,0.5,0,1
14431,721,3756,3182,0.5,0,1
14432,721,3756,3543,0.5,0,1
14433,721,3756,175,0.5,0,1
14434,721,3756,670,0.5,0,1
14435,721,3756,2778,0.5,0,1
14436,721,3756,3626,0.5,0,1
14437,721,3756,3161,0.5,0,1
14438,721,3756,3770,0.5,0,1
14439,721,3756,2089,0.5,0,1
14440,722,2814,2814,0.5,1,1
14441,722,2814,3166,0.5,0,1
14442,722,2814,1207,0.5,0,1
14443,722,2814,324,0.5,0,1
14444,722,2814,757,0.5,0,1
14445,722,2814,138,0.5,0,1
14446,722,2814,321,0.5,0,1
14447,722,2814,2351,0.5,0,1
14448,722,2814,966,0.5,0,1
14449,722,2814,3662,0.5,0,1
14450,722,2814,3440,0.5,0,1
14451,722,2814,946,0.5,0,1
14452,722,2814,4133,0.5,0,1
14453,722,2814,520,0.5,0,1
14454,722,2814,3796,0.5,0,1
14455,722,2814,2084,0.5,0,1
14456,722,2814,52,0.5,0,1
14457,722,2814,2616,0.5,0,1
14458,722,2814,2276,0.5,0,1
14459,722,2814,3731,0.5,0,1
14460,723,3665,3665,0.5,1,1
14461,723,3665,3835,0.5,0,1
14462,723,3665,1868,0.5,0,1
14463,723,3665,2581,0.5,0,1
14464,723,3665,2861,0.5,0,1
14465,723,3665,3294,0.5,0,1
14466,723,3665,3961,0.5,0,1
14467,723,3665,673,0.5,0,1
14468,723,3665,1175,0.5,0,1
14469,723,3665,3476,0.5,0,1
14470,723,3665,221,0.5,0,1
14471,723,3665,2209,0.5,0,1
14472,723,3665,2999,0.5,0,1
14473,723,3665,2752,0.5,0,1
14474,723,3665,1101,0.5,0,1
14475,723,3665,1211,0.5,0,1
14476,723,3665,3812,0.5,0,1
14477,723,3665,1238,0.5,0,1
14478,723,3665,4038,0.5,0,1
14479,723,3665,1470,0.5,0,1
14480,724,3563,3563,0.5,1,1
14481,724,3563,1804,0.5,0,1
14482,724,3563,3241,0.5,0,1
14483,724,3563,2871,0.5,0,1
14484,724,3563,3537,0.5,0,1
14485,724,3563,183,0.5,0,1
14486,724,3563,2824,0.5,0,1
14487,724,3563,3373,0.5,0,1
14488,724,3563,401,0.5,0,1
14489,724,3563,2437,0.5,0,1
14490,724,3563,2661,0.5,0,1
14491,724,3563,4155,0.5,0,1
14492,724,3563,816,0.5,0,1
14493,724,3563,1684,0.5,0,1
14494,724,3563,2946,0.5,0,1
14495,724,3563,134,0.5,0,1
14496,724,3563,1473,0.5,0,1
14497,724,3563,3155,0.5,0,1
14498,724,3563,1801,0.5,0,1
14499,724,3563,3955,0.5,0,1
14500,725,211,211,0.5,1,1
14501,725,211,3579,0.5,0,1
14502,725,211,3788,0.5,0,1
14503,725,211,1007,0.5,0,1
14504,725,211,1796,0.5,0,1
14505,725,211,293,0.5,0,1
14506,725,211,3392,0.5,0,1
14507,725,211,417,0.5,0,1
14508,725,211,6,0.5,0,1
14509,725,211,32,0.5,0,1
14510,725,211,2315,0.5,0,1
14511,725,211,486,0.5,0,1
14512,725,211,4087,0.5,0,1
14513,725,211,3737,0.5,0,1
14514,725,211,3797,0.5,0,1
14515,725,211,27,0.5,0,1
14516,725,211,3688,0.5,0,1
14517,725,211,52,0.5,0,1
14518,725,211,811,0.5,0,1
14519,725,211,2336,0.5,0,1
14520,726,2757,2757,0.5,1,1
14521,726,2757,561,0.5,0,1
14522,726,2757,2230,0.5,0,1
14523,726,2757,3391,0.5,0,1
14524,726,2757,1783,0.5,0,1
14525,726,2757,3137,0.5,0,1
14526,726,2757,3817,0.5,0,1
14527,726,2757,2300,0.5,0,1
14528,726,2757,1546,0.5,0,1
14529,726,2757,2592,0.5,0,1
14530,726,2757,2006,0.5,0,1
14531,726,2757,1793,0.5,0,1
14532,726,2757,1702,0.5,0,1
14533,726,2757,133,0.5,0,1
14534,726,2757,3686,0.5,0,1
14535,726,2757,3574,0.5,0,1
14536,726,2757,945,0.5,0,1
14537,726,2757,2870,0.5,0,1
14538,726,2757,1834,0.5,0,1
14539,726,2757,2643,0.5,0,1
14540,727,4159,4159,0.5,1,1
14541,727,4159,327,0.5,0,1
14542,727,4159,69,0.5,0,1
14543,727,4159,2660,0.5,0,1
14544,727,4159,437,0.5,0,1
14545,727,4159,2870,0.5,0,1
14546,727,4159,3652,0.5,0,1
14547,727,4159,1397,0.5,0,1
14548,727,4159,2759,0.5,0,1
14549,727,4159,208,0.5,0,1
14550,727,4159,3765,0.5,0,1
14551,727,4159,2791,0.5,0,1
14552,727,4159,4026,0.5,0,1
14553,727,4159,318,0.5,0,1
14554,727,4159,789,0.5,0,1
14555,727,4159,2984,0.5,0,1
14556,727,4159,2519,0.5,0,1
14557,727,4159,923,0.5,0,1
14558,727,4159,2318,0.5,0,1
14559,727,4159,2100,0.5,0,1
14560,728,1694,1694,0.5,1,1
14561,728,1694,3706,0.5,0,1
14562,728,1694,3324,0.5,0,1
14563,728,1694,2420,0.5,0,1
14564,728,1694,3892,0.5,0,1
14565,728,1694,365,0.5,0,1
14566,728,1694,3394,0.5,0,1
14567,728,1694,2784,0.5,0,1
14568,728,1694,3575,0.5,0,1
14569,728,1694,2462,0.5,0,1
14570,728,1694,157,0.5,0,1
14571,728,1694,2998,0.5,0,1
14572,728,1694,3646,0.5,0,1
14573,728,1694,1215,0.5,0,1
14574,728,1694,488,0.5,0,1
14575,728,1694,2777,0.5,0,1
14576,728,1694,2338,0.5,0,1
14577,728,1694,3301,0.5,0,1
14578,728,1694,918,0.5,0,1
14579,728,1694,3833,0.5,0,1
14580,729,3293,3293,0.5,1,1
14581,729,3293,3403,0.5,0,1
14582,729,3293,1850,0.5,0,1
14583,729,3293,1190,0.5,0,1
14584,729,3293,947,0.5,0,1
14585,729,3293,1937,0.5,0,1
14586,729,3293,299,0.5,0,1
14587,729,3293,3999,0.5,0,1
14588,729,3293,2807,0.5,0,1
14589,729,3293,3040,0.5,0,1
14590,729,3293,1795,0.5,0,1
14591,729,3293,1124,0.5,0,1
14592,729,3293,1562,0.5,0,1
14593,729,3293,1325,0.5,0,1
14594,729,3293,2087,0.5,0,1
14595,729,3293,2461,0.5,0,1
14596,729,3293,2242,0.5,0,1
14597,729,3293,2107,0.5,0,1
14598,729,3293,93,0.5,0,1
14599,729,3293,1731,0.5,0,1
14600,730,1781,1781,0.5,1,1
14601,730,1781,2403,0.5,0,1
14602,730,1781,1489,0.5,0,1
14603,730,1781,2434,0.5,0,1
14604,730,1781,1749,0.5,0,1
14605,730,1781,1571,0.5,0,1
14606,730,1781,3923,0.5,0,1
14607,730,1781,359,0.5,0,1
14608,730,1781,1156,0.5,0,1
14609,730,1781,138,0.5,0,1
14610,730,1781,256,0.5,0,1
14611,730,1781,509,0.5,0,1
14612,730,1781,1108,0.5,0,1
14613,730,1781,2016,0.5,0,1
14614,730,1781,551,0.5,0,1
14615,730,1781,786,0.5,0,1
14616,730,1781,609,0.5,0,1
14617,730,1781,340,0.5,0,1
14618,730,1781,1371,0.5,0,1
14619,730,1781,1537,0.5,0,1
14620,731,417,417,0.5,1,1
14621,731,417,2788,0.5,0,1
14622,731,417,253,0.5,0,1
14623,731,417,2718,0.5,0,1
14624,731,417,1736,0.5,0,1
14625,731,417,3413,0.5,0,1
14626,731,417,11,0.5,0,1
14627,731,417,887,0.5,0,1
14628,731,417,2428,0.5,0,1
14629,731,417,4024,0.5,0,1
14630,731,417,1285,0.5,0,1
14631,731,417,4013,0.5,0,1
14632,731,417,2236,0.5,0,1
14633,731,417,3110,0.5,0,1
14634,731,417,2605,0.5,0,1
14635,731,417,3561,0.5,0,1
14636,731,417,3383,0.5,0,1
14637,731,417,28,0.5,0,1
14638,731,417,458,0.5,0,1
14639,731,417,232,0.5,0,1
14640,732,1847,1847,0.5,1,1
14641,732,1847,3811,0.5,0,1
14642,732,1847,2058,0.5,0,1
14643,732,1847,1376,0.5,0,1
14644,732,1847,3707,0.5,0,1
14645,732,1847,2118,0.5,0,1
14646,732,1847,1148,0.5,0,1
14647,732,1847,1881,0.5,0,1
14648,732,1847,2562,0.5,0,1
14649,732,1847,3671,0.5,0,1
14650,732,1847,2856,0.5,0,1
14651,732,1847,4114,0.5,0,1
14652,732,1847,574,0.5,0,1
14653,732,1847,1577,0.5,0,1
14654,732,1847,2644,0.5,0,1
14655,732,1847,2879,0.5,0,1
14656,732,1847,2134,0.5,0,1
14657,732,1847,3875,0.5,0,1
14658,732,1847,2473,0.5,0,1
14659,732,1847,3716,0.5,0,1
14660,733,2332,2332,0.5,1,1
14661,733,2332,197,0.5,0,1
14662,733,2332,749,0.5,0,1
14663,733,2332,506,0.5,0,1
14664,733,2332,2673,0.5,0,1
14665,733,2332,1614,0.5,0,1
14666,733,2332,2032,0.5,0,1
14667,733,2332,3595,0.5,0,1
14668,733,2332,1235,0.5,0,1
14669,733,2332,4031,0.5,0,1
14670,733,2332,20,0.5,0,1
14671,733,2332,158,0.5,0,1
14672,733,2332,1598,0.5,0,1
14673,733,2332,1172,0.5,0,1
14674,733,2332,280,0.5,0,1
14675,733,2332,1796,0.5,0,1
14676,733,2332,1700,0.5,0,1
14677,733,2332,2260,0.5,0,1
14678,733,2332,279,0.5,0,1
14679,733,2332,2482,0.5,0,1
14680,734,1155,1155,0.5,1,1
14681,734,1155,1979,0.5,0,1
14682,734,1155,1335,0.5,0,1
14683,734,1155,109,0.5,0,1
14684,734,1155,3387,0.5,0,1
14685,734,1155,3788,0.5,0,1
14686,734,1155,3236,0.5,0,1
14687,734,1155,530,0.5,0,1
14688,734,1155,4037,0.5,0,1
14689,734,1155,2633,0.5,0,1
14690,734,1155,2164,0.5,0,1
14691,734,1155,3605,0.5,0,1
14692,734,1155,1018,0.5,0,1
14693,734,1155,3565,0.5,0,1
14694,734,1155,3643,0.5,0,1
14695,734,1155,3832,0.5,0,1
14696,734,1155,1053,0.5,0,1
14697,734,1155,3789,0.5,0,1
14698,734,1155,3500,0.5,0,1
14699,734,1155,2637,0.5,0,1
14700,735,6,6,0.5,1,1
14701,735,6,1594,0.5,0,1
14702,735,6,2849,0.5,0,1
14703,735,6,3269,0.5,0,1
14704,735,6,436,0.5,0,1
14705,735,6,2825,0.5,0,1
14706,735,6,610,0.5,0,1
14707,735,6,2772,0.5,0,1
14708,735,6,5,0.5,0,1
14709,735,6,2445,0.5,0,1
14710,735,6,3612,0.5,0,1
14711,735,6,2123,0.5,0,1
14712,735,6,2850,0.5,0,1
14713,735,6,3910,0.5,0,1
14714,735,6,2798,0.5,0,1
14715,735,6,2879,0.5,0,1
14716,735,6,1741,0.5,0,1
14717,735,6,1896,0.5,0,1
14718,735,6,1264,0.5,0,1
14719,735,6,361,0.5,0,1
14720,736,1893,1893,0.5,1,1
14721,736,1893,1968,0.5,0,1
14722,736,1893,500,0.5,0,1
14723,736,1893,3750,0.5,0,1
14724,736,1893,2550,0.5,0,1
14725,736,1893,727,0.5,0,1
14726,736,1893,3390,0.5,0,1
14727,736,1893,3613,0.5,0,1
14728,736,1893,2321,0.5,0,1
14729,736,1893,846,0.5,0,1
14730,736,1893,2635,0.5,0,1
14731,736,1893,2695,0.5,0,1
14732,736,1893,1627,0.5,0,1
14733,736,1893,3224,0.5,0,1
14734,736,1893,1917,0.5,0,1
14735,736,1893,210,0.5,0,1
14736,736,1893,1174,0.5,0,1
14737,736,1893,3892,0.5,0,1
14738,736,1893,2342,0.5,0,1
14739,736,1893,682,0.5,0,1
14740,737,1738,1738,0.5,1,1
14741,737,1738,1236,0.5,0,1
14742,737,1738,1890,0.5,0,1
14743,737,1738,2732,0.5,0,1
14744,737,1738,1916,0.5,0,1
14745,737,1738,2990,0.5,0,1
14746,737,1738,3452,0.5,0,1
14747,737,1738,994,0.5,0,1
14748,737,1738,1929,0.5,0,1
14749,737,1738,3647,0.5,0,1
14750,737,1738,691,0.5,0,1
14751,737,1738,2562,0.5,0,1
14752,737,1738,684,0.5,0,1
14753,737,1738,3946,0.5,0,1
14754,737,1738,692,0.5,0,1
14755,737,1738,2392,0.5,0,1
14756,737,1738,2496,0.5,0,1
14757,737,1738,3738,0.5,0,1
14758,737,1738,1647,0.5,0,1
14759,737,1738,4083,0.5,0,1
14760,738,1949,1949,0.5,1,1
14761,738,1949,2196,0.5,0,1
14762,738,1949,1104,0.5,0,1
14763,738,1949,505,0.5,0,1
14764,738,1949,396,0.5,0,1
14765,738,1949,1675,0.5,0,1
14766,738,1949,1562,0.5,0,1
14767,738,1949,3800,0.5,0,1
14768,738,1949,3978,0.5,0,1
14769,738,1949,1937,0.5,0,1
14770,738,1949,3422,0.5,0,1
14771,738,1949,1070,0.5,0,1
14772,738,1949,623,0.5,0,1
14773,738,1949,3814,0.5,0,1
14774,738,1949,4082,0.5,0,1
14775,738,1949,3243,0.5,0,1
14776,738,1949,590,0.5,0,1
14777,738,1949,2456,0.5,0,1
14778,738,1949,98,0.5,0,1
14779,738,1949,3692,0.5,0,1
14780,739,670,670,0.5,1,1
14781,739,670,2612,0.5,0,1
14782,739,670,3261,0.5,0,1
14783,739,670,2916,0.5,0,1
14784,739,670,3638,0.5,0,1
14785,739,670,2757,0.5,0,1
14786,739,670,4133,0.5,0,1
14787,739,670,688,0.5,0,1
14788,739,670,1342,0.5,0,1
14789,739,670,302,0.5,0,1
14790,739,670,1683,0.5,0,1
14791,739,670,1287,0.5,0,1
14792,739,670,544,0.5,0,1
14793,739,670,2716,0.5,0,1
14794,739,670,1919,0.5,0,1
14795,739,670,2679,0.5,0,1
14796,739,670,3616,0.5,0,1
14797,739,670,183,0.5,0,1
14798,739,670,3237,0.5,0,1
14799,739,670,2218,0.5,0,1
14800,740,3992,3992,0.5,1,1
14801,740,3992,3241,0.5,0,1
14802,740,3992,4137,0.5,0,1
14803,740,3992,3114,0.5,0,1
14804,740,3992,1008,0.5,0,1
14805,740,3992,842,0.5,0,1
14806,740,3992,3270,0.5,0,1
14807,740,3992,2849,0.5,0,1
14808,740,3992,1615,0.5,0,1
14809,740,3992,2532,0.5,0,1
14810,740,3992,787,0.5,0,1
14811,740,3992,3209,0.5,0,1
14812,740,3992,2802,0.5,0,1
14813,740,3992,899,0.5,0,1
14814,740,3992,750,0.5,0,1
14815,740,3992,1656,0.5,0,1
14816,740,3992,2810,0.5,0,1
14817,740,3992,3093,0.5,0,1
14818,740,3992,2003,0.5,0,1
14819,740,3992,2991,0.5,0,1
14820,741,3080,3080,0.5,1,1
14821,741,3080,2623,0.5,0,1
14822,741,3080,1309,0.5,0,1
14823,741,3080,2624,0.5,0,1
14824,741,3080,2482,0.5,0,1
14825,741,3080,3519,0.5,0,1
14826,741,3080,2306,0.5,0,1
14827,741,3080,770,0.5,0,1
14828,741,3080,1413,0.5,0,1
14829,741,3080,190,0.5,0,1
14830,741,3080,380,0.5,0,1
14831,741,3080,1577,0.5,0,1
14832,741,3080,3549,0.5,0,1
14833,741,3080,4020,0.5,0,1
14834,741,3080,929,0.5,0,1
14835,741,3080,4077,0.5,0,1
14836,741,3080,3560,0.5,0,1
14837,741,3080,308,0.5,0,1
14838,741,3080,3872,0.5,0,1
14839,741,3080,4125,0.5,0,1
14840,742,713,713,0.5,1,1
14841,742,713,3771,0.5,0,1
14842,742,713,3416,0.5,0,1
14843,742,713,2349,0.5,0,1
14844,742,713,527,0.5,0,1
14845,742,713,2012,0.5,0,1
14846,742,713,1813,0.5,0,1
14847,742,713,2015,0.5,0,1
14848,742,713,1847,0.5,0,1
14849,742,713,1658,0.5,0,1
14850,742,713,925,0.5,0,1
14851,742,713,3251,0.5,0,1
14852,742,713,3525,0.5,0,1
14853,742,713,3440,0.5,0,1
14854,742,713,392,0.5,0,1
14855,742,713,165,0.5,0,1
14856,742,713,1323,0.5,0,1
14857,742,713,1687,0.5,0,1
14858,742,713,532,0.5,0,1
14859,742,713,3467,0.5,0,1
14860,743,4022,4022,0.5,1,1
14861,743,4022,3675,0.5,0,1
14862,743,4022,2141,0.5,0,1
14863,743,4022,3309,0.5,0,1
14864,743,4022,3284,0.5,0,1
14865,743,4022,1155,0.5,0,1
14866,743,4022,553,0.5,0,1
14867,743,4022,2975,0.5,0,1
14868,743,4022,466,0.5,0,1
14869,743,4022,578,0.5,0,1
14870,743,4022,1180,0.5,0,1
14871,743,4022,1645,0.5,0,1
14872,743,4022,385,0.5,0,1
14873,743,4022,3275,0.5,0,1
14874,743,4022,2659,0.5,0,1
14875,743,4022,2161,0.5,0,1
14876,743,4022,3186,0.5,0,1
14877,743,4022,619,0.5,0,1
14878,743,4022,3579,0.5,0,1
14879,743,4022,4079,0.5,0,1
14880,744,3531,3531,0.5,1,1
14881,744,3531,1206,0.5,0,1
14882,744,3531,934,0.5,0,1
14883,744,3531,28,0.5,0,1
14884,744,3531,2941,0.5,0,1
14885,744,3531,431,0.5,0,1
14886,744,3531,2794,0.5,0,1
14887,744,3531,2629,0.5,0,1
14888,744,3531,3595,0.5,0,1
14889,744,3531,3389,0.5,0,1
14890,744,3531,1080,0.5,0,1
14891,744,3531,1455,0.5,0,1
14892,744,3531,2664,0.5,0,1
14893,744,3531,3030,0.5,0,1
14894,744,3531,2180,0.5,0,1
14895,744,3531,686,0.5,0,1
14896,744,3531,885,0.5,0,1
14897,744,3531,1475,0.5,0,1
14898,744,3531,2607,0.5,0,1
14899,744,3531,1218,0.5,0,1
14900,745,855,855,0.5,1,1
14901,745,855,3731,0.5,0,1
14902,745,855,590,0.5,0,1
14903,745,855,1845,0.5,0,1
14904,745,855,1533,0.5,0,1
14905,745,855,2077,0.5,0,1
14906,745,855,3187,0.5,0,1
14907,745,855,3382,0.5,0,1
14908,745,855,3436,0.5,0,1
14909,745,855,2184,0.5,0,1
14910,745,855,1405,0.5,0,1
14911,745,855,1854,0.5,0,1
14912,745,855,3637,0.5,0,1
14913,745,855,2669,0.5,0,1
14914,745,855,2000,0.5,0,1
14915,745,855,3230,0.5,0,1
14916,745,855,2150,0.5,0,1
14917,745,855,3206,0.5,0,1
14918,745,855,1299,0.5,0,1
14919,745,855,227,0.5,0,1
14920,746,2427,2427,0.5,1,1
14921,746,2427,1211,0.5,0,1
14922,746,2427,2551,0.5,0,1
14923,746,2427,3722,0.5,0,1
14924,746,2427,2659,0.5,0,1
14925,746,2427,839,0.5,0,1
14926,746,2427,2731,0.5,0,1
14927,746,2427,592,0.5,0,1
14928,746,2427,2960,0.5,0,1
14929,746,2427,2085,0.5,0,1
14930,746,2427,690,0.5,0,1
14931,746,2427,2023,0.5,0,1
14932,746,2427,1332,0.5,0,1
14933,746,2427,277,0.5,0,1
14934,746,2427,3060,0.5,0,1
14935,746,2427,1565,0.5,0,1
14936,746,2427,3229,0.5,0,1
14937,746,2427,3067,0.5,0,1
14938,746,2427,2330,0.5,0,1
14939,746,2427,4179,0.5,0,1
14940,747,613,613,0.5,1,1
14941,747,613,2919,0.5,0,1
14942,747,613,3258,0.5,0,1
14943,747,613,2909,0.5,0,1
14944,747,613,399,0.5,0,1
14945,747,613,1904,0.5,0,1
14946,747,613,3319,0.5,0,1
14947,747,613,2378,0.5,0,1
14948,747,613,747,0.5,0,1
14949,747,613,192,0.5,0,1
14950,747,613,1133,0.5,0,1
14951,747,613,4153,0.5,0,1
14952,747,613,953,0.5,0,1
14953,747,613,3326,0.5,0,1
14954,747,613,1032,0.5,0,1
14955,747,613,1367,0.5,0,1
14956,747,613,1889,0.5,0,1
14957,747,613,3458,0.5,0,1
14958,747,613,103,0.5,0,1
14959,747,613,1265,0.5,0,1
14960,748,1689,1689,0.5,1,1
14961,748,1689,3220,0.5,0,1
14962,748,1689,1550,0.5,0,1
14963,748,1689,913,0.5,0,1
14964,748,1689,273,0.5,0,1
14965,748,1689,4157,0.5,0,1
14966,748,1689,962,0.5,0,1
14967,748,1689,1935,0.5,0,1
14968,748,1689,2681,0.5,0,1
14969,748,1689,3150,0.5,0,1
14970,748,1689,3156,0.5,0,1
14971,748,1689,1871,0.5,0,1
14972,748,1689,1915,0.5,0,1
14973,748,1689,3205,0.5,0,1
14974,748,1689,81,0.5,0,1
14975,748,1689,3343,0.5,0,1
14976,748,1689,2307,0.5,0,1
14977,748,1689,3345,0.5,0,1
14978,748,1689,3100,0.5,0,1
14979,748,1689,3375,0.5,0,1
14980,749,404,404,0.5,1,1
14981,749,404,1595,0.5,0,1
14982,749,404,4102,0.5,0,1
14983,749,404,1878,0.5,0,1
14984,749,404,1972,0.5,0,1
14985,749,404,1195,0.5,0,1
14986,749,404,3922,0.5,0,1
14987,749,404,1625,0.5,0,1
14988,749,404,1864,0.5,0,1
14989,749,404,629,0.5,0,1
14990,749,404,70,0.5,0,1
14991,749,404,1172,0.5,0,1
14992,749,404,53,0.5,0,1
14993,749,404,720,0.5,0,1
14994,749,404,364,0.5,0,1
14995,749,404,3523,0.5,0,1
14996,749,404,2741,0.5,0,1
14997,749,404,2682,0.5,0,1
14998,749,404,954,0.5,0,1
14999,749,404,3356,0.5,0,1
15000,750,3659,3659,0.5,1,1
15001,750,3659,265,0.5,0,1
15002,750,3659,3399,0.5,0,1
15003,750,3659,597,0.5,0,1
15004,750,3659,3468,0.5,0,1
15005,750,3659,3956,0.5,0,1
15006,750,3659,1583,0.5,0,1
15007,750,3659,1122,0.5,0,1
15008,750,3659,3681,0.5,0,1
15009,750,3659,2354,0.5,0,1
15010,750,3659,3947,0.5,0,1
15011,750,3659,3055,0.5,0,1
15012,750,3659,29,0.5,0,1
15013,750,3659,4029,0.5,0,1
15014,750,3659,1102,0.5,0,1
15015,750,3659,3097,0.5,0,1
15016,750,3659,2117,0.5,0,1
15017,750,3659,717,0.5,0,1
15018,750,3659,2683,0.5,0,1
15019,750,3659,817,0.5,0,1
15020,751,2966,2966,0.5,1,1
15021,751,2966,2445,0.5,0,1
15022,751,2966,4012,0.5,0,1
15023,751,2966,785,0.5,0,1
15024,751,2966,1764,0.5,0,1
15025,751,2966,718,0.5,0,1
15026,751,2966,334,0.5,0,1
15027,751,2966,1653,0.5,0,1
15028,751,2966,3025,0.5,0,1
15029,751,2966,2807,0.5,0,1
15030,751,2966,2313,0.5,0,1
15031,751,2966,3813,0.5,0,1
15032,751,2966,3845,0.5,0,1
15033,751,2966,4161,0.5,0,1
15034,751,2966,823,0.5,0,1
15035,751,2966,2497,0.5,0,1
15036,751,2966,3445,0.5,0,1
15037,751,2966,163,0.5,0,1
15038,751,2966,268,0.5,0,1
15039,751,2966,3886,0.5,0,1
15040,752,4157,4157,0.5,1,1
15041,752,4157,3073,0.5,0,1
15042,752,4157,3355,0.5,0,1
15043,752,4157,627,0.5,0,1
15044,752,4157,355,0.5,0,1
15045,752,4157,3144,0.5,0,1
15046,752,4157,3308,0.5,0,1
15047,752,4157,4115,0.5,0,1
15048,752,4157,1816,0.5,0,1
15049,752,4157,2803,0.5,0,1
15050,752,4157,25,0.5,0,1
15051,752,4157,891,0.5,0,1
15052,752,4157,4044,0.5,0,1
15053,752,4157,148,0.5,0,1
15054,752,4157,3707,0.5,0,1
15055,752,4157,4139,0.5,0,1
15056,752,4157,3906,0.5,0,1
15057,752,4157,899,0.5,0,1
15058,752,4157,2677,0.5,0,1
15059,752,4157,3600,0.5,0,1
15060,753,3356,3356,0.5,1,1
15061,753,3356,3167,0.5,0,1
15062,753,3356,3052,0.5,0,1
15063,753,3356,4016,0.5,0,1
15064,753,3356,1994,0.5,0,1
15065,753,3356,229,0.5,0,1
15066,753,3356,4053,0.5,0,1
15067,753,3356,839,0.5,0,1
15068,753,3356,3087,0.5,0,1
15069,753,3356,2714,0.5,0,1
15070,753,3356,9,0.5,0,1
15071,753,3356,2948,0.5,0,1
15072,753,3356,310,0.5,0,1
15073,753,3356,1777,0.5,0,1
15074,753,3356,2861,0.5,0,1
15075,753,3356,844,0.5,0,1
15076,753,3356,3825,0.5,0,1
15077,753,3356,1284,0.5,0,1
15078,753,3356,2392,0.5,0,1
15079,753,3356,2313,0.5,0,1
15080,754,2126,2126,0.5,1,1
15081,754,2126,702,0.5,0,1
15082,754,2126,3508,0.5,0,1
15083,754,2126,2425,0.5,0,1
15084,754,2126,815,0.5,0,1
15085,754,2126,2403,0.5,0,1
15086,754,2126,2379,0.5,0,1
15087,754,2126,363,0.5,0,1
15088,754,2126,576,0.5,0,1
15089,754,2126,453,0.5,0,1
15090,754,2126,3120,0.5,0,1
15091,754,2126,203,0.5,0,1
15092,754,2126,3361,0.5,0,1
15093,754,2126,613,0.5,0,1
15094,754,2126,3339,0.5,0,1
15095,754,2126,1959,0.5,0,1
15096,754,2126,600,0.5,0,1
15097,754,2126,3652,0.5,0,1
15098,754,2126,1169,0.5,0,1
15099,754,2126,2556,0.5,0,1
15100,755,472,472,0.5,1,1
15101,755,472,1135,0.5,0,1
15102,755,472,2457,0.5,0,1
15103,755,472,1890,0.5,0,1
15104,755,472,1786,0.5,0,1
15105,755,472,4110,0.5,0,1
15106,755,472,2771,0.5,0,1
15107,755,472,589,0.5,0,1
15108,755,472,581,0.5,0,1
15109,755,472,1698,0.5,0,1
15110,755,472,3683,0.5,0,1
15111,755,472,843,0.5,0,1
15112,755,472,531,0.5,0,1
15113,755,472,438,0.5,0,1
15114,755,472,2678,0.5,0,1
15115,755,472,444,0.5,0,1
15116,755,472,3163,0.5,0,1
15117,755,472,985,0.5,0,1
15118,755,472,2542,0.5,0,1
15119,755,472,962,0.5,0,1
15120,756,3029,3029,0.5,1,1
15121,756,3029,3217,0.5,0,1
15122,756,3029,1275,0.5,0,1
15123,756,3029,2669,0.5,0,1
15124,756,3029,2892,0.5,0,1
15125,756,3029,2097,0.5,0,1
15126,756,3029,3482,0.5,0,1
15127,756,3029,2672,0.5,0,1
15128,756,3029,86,0.5,0,1
15129,756,3029,3096,0.5,0,1
15130,756,3029,3530,0.5,0,1
15131,756,3029,1274,0.5,0,1
15132,756,3029,2014,0.5,0,1
15133,756,3029,341,0.5,0,1
15134,756,3029,2058,0.5,0,1
15135,756,3029,2659,0.5,0,1
15136,756,3029,2527,0.5,0,1
15137,756,3029,1931,0.5,0,1
15138,756,3029,181,0.5,0,1
15139,756,3029,1685,0.5,0,1
15140,757,637,637,0.5,1,1
15141,757,637,882,0.5,0,1
15142,757,637,2284,0.5,0,1
15143,757,637,3940,0.5,0,1
15144,757,637,3138,0.5,0,1
15145,757,637,1376,0.5,0,1
15146,757,637,3861,0.5,0,1
15147,757,637,3251,0.5,0,1
15148,757,637,2044,0.5,0,1
15149,757,637,165,0.5,0,1
15150,757,637,1101,0.5,0,1
15151,757,637,377,0.5,0,1
15152,757,637,357,0.5,0,1
15153,757,637,2848,0.5,0,1
15154,757,637,3923,0.5,0,1
15155,757,637,1848,0.5,0,1
15156,757,637,3624,0.5,0,1
15157,757,637,3496,0.5,0,1
15158,757,637,739,0.5,0,1
15159,757,637,3750,0.5,0,1
15160,758,1241,1241,0.5,1,1
15161,758,1241,4015,0.5,0,1
15162,758,1241,3519,0.5,0,1
15163,758,1241,700,0.5,0,1
15164,758,1241,4005,0.5,0,1
15165,758,1241,2907,0.5,0,1
15166,758,1241,1856,0.5,0,1
15167,758,1241,1724,0.5,0,1
15168,758,1241,476,0.5,0,1
15169,758,1241,553,0.5,0,1
15170,758,1241,109,0.5,0,1
15171,758,1241,1432,0.5,0,1
15172,758,1241,4142,0.5,0,1
15173,758,1241,2471,0.5,0,1
15174,758,1241,289,0.5,0,1
15175,758,1241,416,0.5,0,1
15176,758,1241,1983,0.5,0,1
15177,758,1241,420,0.5,0,1
15178,758,1241,2434,0.5,0,1
15179,758,1241,764,0.5,0,1
15180,759,3335,3335,0.5,1,1
15181,759,3335,3325,0.5,0,1
15182,759,3335,3366,0.5,0,1
15183,759,3335,1446,0.5,0,1
15184,759,3335,710,0.5,0,1
15185,759,3335,1226,0.5,0,1
15186,759,3335,1235,0.5,0,1
15187,759,3335,2425,0.5,0,1
15188,759,3335,3448,0.5,0,1
15189,759,3335,587,0.5,0,1
15190,759,3335,3177,0.5,0,1
15191,759,3335,4108,0.5,0,1
15192,759,3335,2168,0.5,0,1
15193,759,3335,2580,0.5,0,1
15194,759,3335,3419,0.5,0,1
15195,759,3335,3661,0.5,0,1
15196,759,3335,3093,0.5,0,1
15197,759,3335,1111,0.5,0,1
15198,759,3335,16,0.5,0,1
15199,759,3335,764,0.5,0,1
15200,760,3104,3104,0.5,1,1
15201,760,3104,509,0.5,0,1
15202,760,3104,3020,0.5,0,1
15203,760,3104,1937,0.5,0,1
15204,760,3104,2803,0.5,0,1
15205,760,3104,71,0.5,0,1
15206,760,3104,2400,0.5,0,1
15207,760,3104,1077,0.5,0,1
15208,760,3104,255,0.5,0,1
15209,760,3104,2394,0.5,0,1
15210,760,3104,1519,0.5,0,1
15211,760,3104,89,0.5,0,1
15212,760,3104,1796,0.5,0,1
15213,760,3104,2452,0.5,0,1
15214,760,3104,730,0.5,0,1
15215,760,3104,1009,0.5,0,1
15216,760,3104,2589,0.5,0,1
15217,760,3104,1827,0.5,0,1
15218,760,3104,2916,0.5,0,1
15219,760,3104,1993,0.5,0,1
15220,761,1205,1205,0.5,1,1
15221,761,1205,1741,0.5,0,1
15222,761,1205,2485,0.5,0,1
15223,761,1205,3416,0.5,0,1
15224,761,1205,3637,0.5,0,1
15225,761,1205,4086,0.5,0,1
15226,761,1205,2116,0.5,0,1
15227,761,1205,3985,0.5,0,1
15228,761,1205,3614,0.5,0,1
15229,761,1205,685,0.5,0,1
15230,761,1205,2340,0.5,0,1
15231,761,1205,999,0.5,0,1
15232,761,1205,1786,0.5,0,1
15233,761,1205,2446,0.5,0,1
15234,761,1205,2100,0.5,0,1
15235,761,1205,63,0.5,0,1
15236,761,1205,3172,0.5,0,1
15237,761,1205,1941,0.5,0,1
15238,761,1205,3613,0.5,0,1
15239,761,1205,3122,0.5,0,1
15240,762,2206,2206,0.5,1,1
15241,762,2206,574,0.5,0,1
15242,762,2206,3452,0.5,0,1
15243,762,2206,41,0.5,0,1
15244,762,2206,2168,0.5,0,1
15245,762,2206,3367,0.5,0,1
15246,762,2206,2600,0.5,0,1
15247,762,2206,1383,0.5,0,1
15248,762,2206,3376,0.5,0,1
15249,762,2206,1995,0.5,0,1
15250,762,2206,248,0.5,0,1
15251,762,2206,3388,0.5,0,1
15252,762,2206,2999,0.5,0,1
15253,762,2206,1453,0.5,0,1
15254,762,2206,1822,0.5,0,1
15255,762,2206,3520,0.5,0,1
15256,762,2206,1414,0.5,0,1
15257,762,2206,2907,0.5,0,1
15258,762,2206,2079,0.5,0,1
15259,762,2206,3786,0.5,0,1
15260,763,1849,1849,0.5,1,1
15261,763,1849,3236,0.5,0,1
15262,763,1849,1915,0.5,0,1
15263,763,1849,3761,0.5,0,1
15264,763,1849,1433,0.5,0,1
15265,763,1849,1308,0.5,0,1
15266,763,1849,3797,0.5,0,1
15267,763,1849,2561,0.5,0,1
15268,763,1849,2767,0.5,0,1
15269,763,1849,3053,0.5,0,1
15270,763,1849,758,0.5,0,1
15271,763,1849,920,0.5,0,1
15272,763,1849,2479,0.5,0,1
15273,763,1849,657,0.5,0,1
15274,763,1849,2083,0.5,0,1
15275,763,1849,1558,0.5,0,1
15276,763,1849,1336,0.5,0,1
15277,763,1849,1458,0.5,0,1
15278,763,1849,711,0.5,0,1
15279,763,1849,2831,0.5,0,1
15280,764,3055,3055,0.5,1,1
15281,764,3055,3591,0.5,0,1
15282,764,3055,704,0.5,0,1
15283,764,3055,99,0.5,0,1
15284,764,3055,810,0.5,0,1
15285,764,3055,2799,0.5,0,1
15286,764,3055,647,0.5,0,1
15287,764,3055,1142,0.5,0,1
15288,764,3055,2142,0.5,0,1
15289,764,3055,3888,0.5,0,1
15290,764,3055,713,0.5,0,1
15291,764,3055,2634,0.5,0,1
15292,764,3055,3935,0.5,0,1
15293,764,3055,2514,0.5,0,1
15294,764,3055,983,0.5,0,1
15295,764,3055,1562,0.5,0,1
15296,764,3055,1958,0.5,0,1
15297,764,3055,3625,0.5,0,1
15298,764,3055,3942,0.5,0,1
15299,764,3055,2426,0.5,0,1
15300,765,1629,1629,0.5,1,1
15301,765,1629,1977,0.5,0,1
15302,765,1629,1797,0.5,0,1
15303,765,1629,695,0.5,0,1
15304,765,1629,1712,0.5,0,1
15305,765,1629,476,0.5,0,1
15306,765,1629,1714,0.5,0,1
15307,765,1629,2046,0.5,0,1
15308,765,1629,3520,0.5,0,1
15309,765,1629,469,0.5,0,1
15310,765,1629,3088,0.5,0,1
15311,765,1629,1485,0.5,0,1
15312,765,1629,427,0.5,0,1
15313,765,1629,2870,0.5,0,1
15314,765,1629,3958,0.5,0,1
15315,765,1629,2154,0.5,0,1
15316,765,1629,2681,0.5,0,1
15317,765,1629,2051,0.5,0,1
15318,765,1629,2531,0.5,0,1
15319,765,1629,842,0.5,0,1
15320,766,3849,3849,0.5,1,1
15321,766,3849,2986,0.5,0,1
15322,766,3849,4104,0.5,0,1
15323,766,3849,318,0.5,0,1
15324,766,3849,2159,0.5,0,1
15325,766,3849,3826,0.5,0,1
15326,766,3849,7,0.5,0,1
15327,766,3849,1059,0.5,0,1
15328,766,3849,3893,0.5,0,1
15329,766,3849,1720,0.5,0,1
15330,766,3849,294,0.5,0,1
15331,766,3849,1831,0.5,0,1
15332,766,3849,2655,0.5,0,1
15333,766,3849,666,0.5,0,1
15334,766,3849,10,0.5,0,1
15335,766,3849,384,0.5,0,1
15336,766,3849,722,0.5,0,1
15337,766,3849,1487,0.5,0,1
15338,766,3849,909,0.5,0,1
15339,766,3849,2424,0.5,0,1
15340,767,3666,3666,0.5,1,1
15341,767,3666,1643,0.5,0,1
15342,767,3666,2834,0.5,0,1
15343,767,3666,3584,0.5,0,1
15344,767,3666,2686,0.5,0,1
15345,767,3666,4120,0.5,0,1
15346,767,3666,394,0.5,0,1
15347,767,3666,1023,0.5,0,1
15348,767,3666,1906,0.5,0,1
15349,767,3666,2177,0.5,0,1
15350,767,3666,90,0.5,0,1
15351,767,3666,3894,0.5,0,1
15352,767,3666,452,0.5,0,1
15353,767,3666,390,0.5,0,1
15354,767,3666,3064,0.5,0,1
15355,767,3666,151,0.5,0,1
15356,767,3666,17,0.5,0,1
15357,767,3666,3399,0.5,0,1
15358,767,3666,593,0.5,0,1
15359,767,3666,1088,0.5,0,1
15360,768,3334,3334,0.5,1,1
15361,768,3334,3316,0.5,0,1
15362,768,3334,1364,0.5,0,1
15363,768,3334,2146,0.5,0,1
15364,768,3334,1013,0.5,0,1
15365,768,3334,508,0.5,0,1
15366,768,3334,961,0.5,0,1
15367,768,3334,3883,0.5,0,1
15368,768,3334,3719,0.5,0,1
15369,768,3334,664,0.5,0,1
15370,768,3334,4128,0.5,0,1
15371,768,3334,3016,0.5,0,1
15372,768,3334,3543,0.5,0,1
15373,768,3334,1702,0.5,0,1
15374,768,3334,3739,0.5,0,1
15375,768,3334,1660,0.5,0,1
15376,768,3334,576,0.5,0,1
15377,768,3334,3265,0.5,0,1
15378,768,3334,757,0.5,0,1
15379,768,3334,2412,0.5,0,1
15380,769,3802,3802,0.5,1,1
15381,769,3802,2619,0.5,0,1
15382,769,3802,728,0.5,0,1
15383,769,3802,1639,0.5,0,1
15384,769,3802,127,0.5,0,1
15385,769,3802,3405,0.5,0,1
15386,769,3802,277,0.5,0,1
15387,769,3802,2613,0.5,0,1
15388,769,3802,2148,0.5,0,1
15389,769,3802,2336,0.5,0,1
15390,769,3802,3901,0.5,0,1
15391,769,3802,1535,0.5,0,1
15392,769,3802,1205,0.5,0,1
15393,769,3802,1263,0.5,0,1
15394,769,3802,3609,0.5,0,1
15395,769,3802,3566,0.5,0,1
15396,769,3802,3548,0.5,0,1
15397,769,3802,4000,0.5,0,1
15398,769,3802,985,0.5,0,1
15399,769,3802,3923,0.5,0,1
15400,770,3668,3668,0.5,1,1
15401,770,3668,3962,0.5,0,1
15402,770,3668,3977,0.5,0,1
15403,770,3668,4080,0.5,0,1
15404,770,3668,2598,0.5,0,1
15405,770,3668,4120,0.5,0,1
15406,770,3668,854,0.5,0,1
15407,770,3668,411,0.5,0,1
15408,770,3668,3636,0.5,0,1
15409,770,3668,3698,0.5,0,1
15410,770,3668,1827,0.5,0,1
15411,770,3668,1463,0.5,0,1
15412,770,3668,3998,0.5,0,1
15413,770,3668,4146,0.5,0,1
15414,770,3668,1437,0.5,0,1
15415,770,3668,592,0.5,0,1
15416,770,3668,4164,0.5,0,1
15417,770,3668,3273,0.5,0,1
15418,770,3668,3887,0.5,0,1
15419,770,3668,1375,0.5,0,1
15420,771,1791,1791,0.5,1,1
15421,771,1791,160,0.5,0,1
15422,771,1791,2256,0.5,0,1
15423,771,1791,1108,0.5,0,1
15424,771,1791,1975,0.5,0,1
15425,771,1791,1023,0.5,0,1
15426,771,1791,3240,0.5,0,1
15427,771,1791,3015,0.5,0,1
15428,771,1791,1093,0.5,0,1
15429,771,1791,2528,0.5,0,1
15430,771,1791,3280,0.5,0,1
15431,771,1791,551,0.5,0,1
15432,771,1791,2188,0.5,0,1
15433,771,1791,2420,0.5,0,1
15434,771,1791,3940,0.5,0,1
15435,771,1791,195,0.5,0,1
15436,771,1791,3851,0.5,0,1
15437,771,1791,957,0.5,0,1
15438,771,1791,1344,0.5,0,1
15439,771,1791,97,0.5,0,1
15440,772,2028,2028,0.5,1,1
15441,772,2028,2959,0.5,0,1
15442,772,2028,2039,0.5,0,1
15443,772,2028,3685,0.5,0,1
15444,772,2028,25,0.5,0,1
15445,772,2028,1888,0.5,0,1
15446,772,2028,2239,0.5,0,1
15447,772,2028,698,0.5,0,1
15448,772,2028,1562,0.5,0,1
15449,772,2028,170,0.5,0,1
15450,772,2028,2236,0.5,0,1
15451,772,2028,88,0.5,0,1
15452,772,2028,1211,0.5,0,1
15453,772,2028,816,0.5,0,1
15454,772,2028,3679,0.5,0,1
15455,772,2028,3340,0.5,0,1
15456,772,2028,4178,0.5,0,1
15457,772,2028,225,0.5,0,1
15458,772,2028,3113,0.5,0,1
15459,772,2028,538,0.5,0,1
15460,773,2509,2509,0.5,1,1
15461,773,2509,3751,0.5,0,1
15462,773,2509,2637,0.5,0,1
15463,773,2509,897,0.5,0,1
15464,773,2509,1191,0.5,0,1
15465,773,2509,2451,0.5,0,1
15466,773,2509,1879,0.5,0,1
15467,773,2509,4121,0.5,0,1
15468,773,2509,377,0.5,0,1
15469,773,2509,230,0.5,0,1
15470,773,2509,2001,0.5,0,1
15471,773,2509,1241,0.5,0,1
15472,773,2509,2208,0.5,0,1
15473,773,2509,2183,0.5,0,1
15474,773,2509,989,0.5,0,1
15475,773,2509,2998,0.5,0,1
15476,773,2509,930,0.5,0,1
15477,773,2509,4109,0.5,0,1
15478,773,2509,2702,0.5,0,1
15479,773,2509,1771,0.5,0,1
15480,774,2857,2857,0.5,1,1
15481,774,2857,3233,0.5,0,1
15482,774,2857,1548,0.5,0,1
15483,774,2857,4054,0.5,0,1
15484,774,2857,1908,0.5,0,1
15485,774,2857,851,0.5,0,1
15486,774,2857,944,0.5,0,1
15487,774,2857,3746,0.5,0,1
15488,774,2857,527,0.5,0,1
15489,774,2857,1593,0.5,0,1
15490,774,2857,3311,0.5,0,1
15491,774,2857,2994,0.5,0,1
15492,774,2857,3980,0.5,0,1
15493,774,2857,2140,0.5,0,1
15494,774,2857,2529,0.5,0,1
15495,774,2857,2513,0.5,0,1
15496,774,2857,3483,0.5,0,1
15497,774,2857,2899,0.5,0,1
15498,774,2857,3890,0.5,0,1
15499,774,2857,535,0.5,0,1
15500,775,3202,3202,0.5,1,1
15501,775,3202,2960,0.5,0,1
15502,775,3202,2619,0.5,0,1
15503,775,3202,3116,0.5,0,1
15504,775,3202,294,0.5,0,1
15505,775,3202,3951,0.5,0,1
15506,775,3202,2123,0.5,0,1
15507,775,3202,431,0.5,0,1
15508,775,3202,2748,0.5,0,1
15509,775,3202,2645,0.5,0,1
15510,775,3202,4127,0.5,0,1
15511,775,3202,2700,0.5,0,1
15512,775,3202,1590,0.5,0,1
15513,775,3202,3267,0.5,0,1
15514,775,3202,1981,0.5,0,1
15515,775,3202,149,0.5,0,1
15516,775,3202,258,0.5,0,1
15517,775,3202,3467,0.5,0,1
15518,775,3202,2066,0.5,0,1
15519,775,3202,3455,0.5,0,1
15520,776,4140,4140,0.5,1,1
15521,776,4140,1645,0.5,0,1
15522,776,4140,2316,0.5,0,1
15523,776,4140,1336,0.5,0,1
15524,776,4140,302,0.5,0,1
15525,776,4140,2470,0.5,0,1
15526,776,4140,1151,0.5,0,1
15527,776,4140,1805,0.5,0,1
15528,776,4140,1356,0.5,0,1
15529,776,4140,3990,0.5,0,1
15530,776,4140,642,0.5,0,1
15531,776,4140,3131,0.5,0,1
15532,776,4140,3073,0.5,0,1
15533,776,4140,1256,0.5,0,1
15534,776,4140,1806,0.5,0,1
15535,776,4140,2857,0.5,0,1
15536,776,4140,484,0.5,0,1
15537,776,4140,467,0.5,0,1
15538,776,4140,1437,0.5,0,1
15539,776,4140,1428,0.5,0,1
15540,777,3427,3427,0.5,1,1
15541,777,3427,2063,0.5,0,1
15542,777,3427,3325,0.5,0,1
15543,777,3427,3042,0.5,0,1
15544,777,3427,2755,0.5,0,1
15545,777,3427,3041,0.5,0,1
15546,777,3427,2097,0.5,0,1
15547,777,3427,3894,0.5,0,1
15548,777,3427,208,0.5,0,1
15549,777,3427,2112,0.5,0,1
15550,777,3427,2399,0.5,0,1
15551,777,3427,912,0.5,0,1
15552,777,3427,1881,0.5,0,1
15553,777,3427,2053,0.5,0,1
15554,777,3427,1748,0.5,0,1
15555,777,3427,3144,0.5,0,1
15556,777,3427,2248,0.5,0,1
15557,777,3427,3563,0.5,0,1
15558,777,3427,1680,0.5,0,1
15559,777,3427,90,0.5,0,1
15560,778,259,259,0.5,1,1
15561,778,259,1097,0.5,0,1
15562,778,259,656,0.5,0,1
15563,778,259,1798,0.5,0,1
15564,778,259,3151,0.5,0,1
15565,778,259,2036,0.5,0,1
15566,778,259,2281,0.5,0,1
15567,778,259,1717,0.5,0,1
15568,778,259,1337,0.5,0,1
15569,778,259,3576,0.5,0,1
15570,778,259,1895,0.5,0,1
15571,778,259,733,0.5,0,1
15572,778,259,1367,0.5,0,1
15573,778,259,2474,0.5,0,1
15574,778,259,3670,0.5,0,1
15575,778,259,3725,0.5,0,1
15576,778,259,611,0.5,0,1
15577,778,259,1274,0.5,0,1
15578,778,259,3882,0.5,0,1
15579,778,259,3406,0.5,0,1
15580,779,3681,3681,0.5,1,1
15581,779,3681,494,0.5,0,1
15582,779,3681,1555,0.5,0,1
15583,779,3681,973,0.5,0,1
15584,779,3681,279,0.5,0,1
15585,779,3681,730,0.5,0,1
15586,779,3681,2593,0.5,0,1
15587,779,3681,1210,0.5,0,1
15588,779,3681,2645,0.5,0,1
15589,779,3681,1503,0.5,0,1
15590,779,3681,1828,0.5,0,1
15591,779,3681,337,0.5,0,1
15592,779,3681,3903,0.5,0,1
15593,779,3681,1873,0.5,0,1
15594,779,3681,2940,0.5,0,1
15595,779,3681,1866,0.5,0,1
15596,779,3681,1397,0.5,0,1
15597,779,3681,1374,0.5,0,1
15598,779,3681,120,0.5,0,1
15599,779,3681,4134,0.5,0,1
15600,780,1110,1110,0.5,1,1
15601,780,1110,3180,0.5,0,1
15602,780,1110,200,0.5,0,1
15603,780,1110,3590,0.5,0,1
15604,780,1110,2335,0.5,0,1
15605,780,1110,3072,0.5,0,1
15606,780,1110,1914,0.5,0,1
15607,780,1110,326,0.5,0,1
15608,780,1110,798,0.5,0,1
15609,780,1110,2727,0.5,0,1
15610,780,1110,1359,0.5,0,1
15611,780,1110,1244,0.5,0,1
15612,780,1110,1054,0.5,0,1
15613,780,1110,491,0.5,0,1
15614,780,1110,3286,0.5,0,1
15615,780,1110,2533,0.5,0,1
15616,780,1110,260,0.5,0,1
15617,780,1110,2856,0.5,0,1
15618,780,1110,926,0.5,0,1
15619,780,1110,3207,0.5,0,1
15620,781,1908,1908,0.5,1,1
15621,781,1908,2619,0.5,0,1
15622,781,1908,2971,0.5,0,1
15623,781,1908,2924,0.5,0,1
15624,781,1908,3034,0.5,0,1
15625,781,1908,2865,0.5,0,1
15626,781,1908,3582,0.5,0,1
15627,781,1908,3371,0.5,0,1
15628,781,1908,1488,0.5,0,1
15629,781,1908,3140,0.5,0,1
15630,781,1908,2252,0.5,0,1
15631,781,1908,2417,0.5,0,1
15632,781,1908,2805,0.5,0,1
15633,781,1908,2249,0.5,0,1
15634,781,1908,2448,0.5,0,1
15635,781,1908,950,0.5,0,1
15636,781,1908,3594,0.5,0,1
15637,781,1908,3212,0.5,0,1
15638,781,1908,2891,0.5,0,1
15639,781,1908,803,0.5,0,1
15640,782,1160,1160,0.5,1,1
15641,782,1160,162,0.5,0,1
15642,782,1160,2214,0.5,0,1
15643,782,1160,1886,0.5,0,1
15644,782,1160,1326,0.5,0,1
15645,782,1160,1901,0.5,0,1
15646,782,1160,262,0.5,0,1
15647,782,1160,1793,0.5,0,1
15648,782,1160,254,0.5,0,1
15649,782,1160,42,0.5,0,1
15650,782,1160,307,0.5,0,1
15651,782,1160,3955,0.5,0,1
15652,782,1160,2324,0.5,0,1
15653,782,1160,308,0.5,0,1
15654,782,1160,1975,0.5,0,1
15655,782,1160,519,0.5,0,1
15656,782,1160,2431,0.5,0,1
15657,782,1160,1325,0.5,0,1
15658,782,1160,4157,0.5,0,1
15659,782,1160,391,0.5,0,1
15660,783,2378,2378,0.5,1,1
15661,783,2378,2452,0.5,0,1
15662,783,2378,3514,0.5,0,1
15663,783,2378,3902,0.5,0,1
15664,783,2378,4142,0.5,0,1
15665,783,2378,368,0.5,0,1
15666,783,2378,15,0.5,0,1
15667,783,2378,3383,0.5,0,1
15668,783,2378,2056,0.5,0,1
15669,783,2378,3564,0.5,0,1
15670,783,2378,1445,0.5,0,1
15671,783,2378,3674,0.5,0,1
15672,783,2378,3679,0.5,0,1
15673,783,2378,3038,0.5,0,1
15674,783,2378,2081,0.5,0,1
15675,783,2378,3981,0.5,0,1
15676,783,2378,2835,0.5,0,1
15677,783,2378,99,0.5,0,1
15678,783,2378,1559,0.5,0,1
15679,783,2378,4157,0.5,0,1
15680,784,46,46,0.5,1,1
15681,784,46,507,0.5,0,1
15682,784,46,1008,0.5,0,1
15683,784,46,1616,0.5,0,1
15684,784,46,3364,0.5,0,1
15685,784,46,2973,0.5,0,1
15686,784,46,3238,0.5,0,1
15687,784,46,365,0.5,0,1
15688,784,46,2518,0.5,0,1
15689,784,46,260,0.5,0,1
15690,784,46,205,0.5,0,1
15691,784,46,4013,0.5,0,1
15692,784,46,1311,0.5,0,1
15693,784,46,2193,0.5,0,1
15694,784,46,2793,0.5,0,1
15695,784,46,2922,0.5,0,1
15696,784,46,3334,0.5,0,1
15697,784,46,965,0.5,0,1
15698,784,46,785,0.5,0,1
15699,784,46,589,0.5,0,1
15700,785,2828,2828,0.5,1,1
15701,785,2828,1384,0.5,0,1
15702,785,2828,177,0.5,0,1
15703,785,2828,2046,0.5,0,1
15704,785,2828,1552,0.5,0,1
15705,785,2828,3208,0.5,0,1
15706,785,2828,3937,0.5,0,1
15707,785,2828,2837,0.5,0,1
15708,785,2828,2036,0.5,0,1
15709,785,2828,2906,0.5,0,1
15710,785,2828,327,0.5,0,1
15711,785,2828,3852,0.5,0,1
15712,785,2828,48,0.5,0,1
15713,785,2828,1602,0.5,0,1
15714,785,2828,2112,0.5,0,1
15715,785,2828,2420,0.5,0,1
15716,785,2828,261,0.5,0,1
15717,785,2828,2317,0.5,0,1
15718,785,2828,3576,0.5,0,1
15719,785,2828,1912,0.5,0,1
15720,786,1054,1054,0.5,1,1
15721,786,1054,3759,0.5,0,1
15722,786,1054,1705,0.5,0,1
15723,786,1054,3964,0.5,0,1
15724,786,1054,1508,0.5,0,1
15725,786,1054,758,0.5,0,1
15726,786,1054,451,0.5,0,1
15727,786,1054,759,0.5,0,1
15728,786,1054,1039,0.5,0,1
15729,786,1054,142,0.5,0,1
15730,786,1054,489,0.5,0,1
15731,786,1054,563,0.5,0,1
15732,786,1054,4159,0.5,0,1
15733,786,1054,3165,0.5,0,1
15734,786,1054,2688,0.5,0,1
15735,786,1054,1034,0.5,0,1
15736,786,1054,959,0.5,0,1
15737,786,1054,3423,0.5,0,1
15738,786,1054,958,0.5,0,1
15739,786,1054,2725,0.5,0,1
15740,787,2940,2940,0.5,1,1
15741,787,2940,1069,0.5,0,1
15742,787,2940,818,0.5,0,1
15743,787,2940,4059,0.5,0,1
15744,787,2940,3379,0.5,0,1
15745,787,2940,3050,0.5,0,1
15746,787,2940,23,0.5,0,1
15747,787,2940,2963,0.5,0,1
15748,787,2940,1446,0.5,0,1
15749,787,2940,1963,0.5,0,1
15750,787,2940,2104,0.5,0,1
15751,787,2940,3189,0.5,0,1
15752,787,2940,1447,0.5,0,1
15753,787,2940,3424,0.5,0,1
15754,787,2940,2510,0.5,0,1
15755,787,2940,1810,0.5,0,1
15756,787,2940,708,0.5,0,1
15757,787,2940,3285,0.5,0,1
15758,787,2940,2110,0.5,0,1
15759,787,2940,3504,0.5,0,1
15760,788,2725,2725,0.5,1,1
15761,788,2725,2804,0.5,0,1
15762,788,2725,664,0.5,0,1
15763,788,2725,1331,0.5,0,1
15764,788,2725,3188,0.5,0,1
15765,788,2725,2254,0.5,0,1
15766,788,2725,2410,0.5,0,1
15767,788,2725,195,0.5,0,1
15768,788,2725,3281,0.5,0,1
15769,788,2725,2859,0.5,0,1
15770,788,2725,3383,0.5,0,1
15771,788,2725,1217,0.5,0,1
15772,788,2725,1882,0.5,0,1
15773,788,2725,35,0.5,0,1
15774,788,2725,368,0.5,0,1
15775,788,2725,3097,0.5,0,1
15776,788,2725,4117,0.5,0,1
15777,788,2725,583,0.5,0,1
15778,788,2725,3322,0.5,0,1
15779,788,2725,644,0.5,0,1
15780,789,1618,1618,0.5,1,1
15781,789,1618,3156,0.5,0,1
15782,789,1618,2407,0.5,0,1
15783,789,1618,2195,0.5,0,1
15784,789,1618,1776,0.5,0,1
15785,789,1618,2374,0.5,0,1
15786,789,1618,508,0.5,0,1
15787,789,1618,500,0.5,0,1
15788,789,1618,1829,0.5,0,1
15789,789,1618,2422,0.5,0,1
15790,789,1618,1939,0.5,0,1
15791,789,1618,2145,0.5,0,1
15792,789,1618,3944,0.5,0,1
15793,789,1618,1297,0.5,0,1
15794,789,1618,689,0.5,0,1
15795,789,1618,2819,0.5,0,1
15796,789,1618,3403,0.5,0,1
15797,789,1618,403,0.5,0,1
15798,789,1618,2954,0.5,0,1
15799,789,1618,3123,0.5,0,1
15800,790,4121,4121,0.5,1,1
15801,790,4121,1753,0.5,0,1
15802,790,4121,3740,0.5,0,1
15803,790,4121,2300,0.5,0,1
15804,790,4121,3179,0.5,0,1
15805,790,4121,2572,0.5,0,1
15806,790,4121,2446,0.5,0,1
15807,790,4121,367,0.5,0,1
15808,790,4121,4078,0.5,0,1
15809,790,4121,1912,0.5,0,1
15810,790,4121,1689,0.5,0,1
15811,790,4121,2213,0.5,0,1
15812,790,4121,3536,0.5,0,1
15813,790,4121,4064,0.5,0,1
15814,790,4121,3222,0.5,0,1
15815,790,4121,1989,0.5,0,1
15816,790,4121,3564,0.5,0,1
15817,790,4121,1973,0.5,0,1
15818,790,4121,1367,0.5,0,1
15819,790,4121,60,0.5,0,1
15820,791,2886,2886,0.5,1,1
15821,791,2886,2741,0.5,0,1
15822,791,2886,2653,0.5,0,1
15823,791,2886,370,0.5,0,1
15824,791,2886,2065,0.5,0,1
15825,791,2886,888,0.5,0,1
15826,791,2886,3660,0.5,0,1
15827,791,2886,1216,0.5,0,1
15828,791,2886,1069,0.5,0,1
15829,791,2886,2620,0.5,0,1
15830,791,2886,3874,0.5,0,1
15831,791,2886,1703,0.5,0,1
15832,791,2886,1764,0.5,0,1
15833,791,2886,1157,0.5,0,1
15834,791,2886,570,0.5,0,1
15835,791,2886,2969,0.5,0,1
15836,791,2886,145,0.5,0,1
15837,791,2886,3748,0.5,0,1
15838,791,2886,2891,0.5,0,1
15839,791,2886,3780,0.5,0,1
15840,792,1348,1348,0.5,1,1
15841,792,1348,226,0.5,0,1
15842,792,1348,3551,0.5,0,1
15843,792,1348,530,0.5,0,1
15844,792,1348,3391,0.5,0,1
15845,792,1348,145,0.5,0,1
15846,792,1348,2780,0.5,0,1
15847,792,1348,3500,0.5,0,1
15848,792,1348,2886,0.5,0,1
15849,792,1348,1610,0.5,0,1
15850,792,1348,3292,0.5,0,1
15851,792,1348,3355,0.5,0,1
15852,792,1348,3958,0.5,0,1
15853,792,1348,169,0.5,0,1
15854,792,1348,1862,0.5,0,1
15855,792,1348,818,0.5,0,1
15856,792,1348,2798,0.5,0,1
15857,792,1348,3341,0.5,0,1
15858,792,1348,2824,0.5,0,1
15859,792,1348,1187,0.5,0,1
15860,793,1179,1179,0.5,1,1
15861,793,1179,3715,0.5,0,1
15862,793,1179,978,0.5,0,1
15863,793,1179,4052,0.5,0,1
15864,793,1179,2367,0.5,0,1
15865,793,1179,749,0.5,0,1
15866,793,1179,2307,0.5,0,1
15867,793,1179,1052,0.5,0,1
15868,793,1179,40,0.5,0,1
15869,793,1179,2102,0.5,0,1
15870,793,1179,2390,0.5,0,1
15871,793,1179,2705,0.5,0,1
15872,793,1179,3270,0.5,0,1
15873,793,1179,3828,0.5,0,1
15874,793,1179,1171,0.5,0,1
15875,793,1179,3604,0.5,0,1
15876,793,1179,246,0.5,0,1
15877,793,1179,2837,0.5,0,1
15878,793,1179,2644,0.5,0,1
15879,793,1179,1289,0.5,0,1
15880,794,2800,2800,0.5,1,1
15881,794,2800,3341,0.5,0,1
15882,794,2800,1193,0.5,0,1
15883,794,2800,102,0.5,0,1
15884,794,2800,3149,0.5,0,1
15885,794,2800,878,0.5,0,1
15886,794,2800,2354,0.5,0,1
15887,794,2800,3234,0.5,0,1
15888,794,2800,3343,0.5,0,1
15889,794,2800,3413,0.5,0,1
15890,794,2800,916,0.5,0,1
15891,794,2800,3489,0.5,0,1
15892,794,2800,2535,0.5,0,1
15893,794,2800,1412,0.5,0,1
15894,794,2800,860,0.5,0,1
15895,794,2800,2814,0.5,0,1
15896,794,2800,1442,0.5,0,1
15897,794,2800,2077,0.5,0,1
15898,794,2800,4123,0.5,0,1
15899,794,2800,3631,0.5,0,1
15900,795,2818,2818,0.5,1,1
15901,795,2818,2403,0.5,0,1
15902,795,2818,1062,0.5,0,1
15903,795,2818,181,0.5,0,1
15904,795,2818,3385,0.5,0,1
15905,795,2818,2288,0.5,0,1
15906,795,2818,602,0.5,0,1
15907,795,2818,2832,0.5,0,1
15908,795,2818,1101,0.5,0,1
15909,795,2818,4066,0.5,0,1
15910,795,2818,1595,0.5,0,1
15911,795,2818,3346,0.5,0,1
15912,795,2818,4163,0.5,0,1
15913,795,2818,4044,0.5,0,1
15914,795,2818,63,0.5,0,1
15915,795,2818,2460,0.5,0,1
15916,795,2818,2621,0.5,0,1
15917,795,2818,213,0.5,0,1
15918,795,2818,731,0.5,0,1
15919,795,2818,785,0.5,0,1
15920,796,596,596,0.5,1,1
15921,796,596,1198,0.5,0,1
15922,796,596,1845,0.5,0,1
15923,796,596,534,0.5,0,1
15924,796,596,3760,0.5,0,1
15925,796,596,2222,0.5,0,1
15926,796,596,3569,0.5,0,1
15927,796,596,1477,0.5,0,1
15928,796,596,1353,0.5,0,1
15929,796,596,2485,0.5,0,1
15930,796,596,876,0.5,0,1
15931,796,596,2238,0.5,0,1
15932,796,596,4040,0.5,0,1
15933,796,596,3823,0.5,0,1
15934,796,596,44,0.5,0,1
15935,796,596,749,0.5,0,1
15936,796,596,94,0.5,0,1
15937,796,596,3877,0.5,0,1
15938,796,596,3714,0.5,0,1
15939,796,596,2163,0.5,0,1
15940,797,2521,2521,0.5,1,1
15941,797,2521,904,0.5,0,1
15942,797,2521,946,0.5,0,1
15943,797,2521,3815,0.5,0,1
15944,797,2521,71,0.5,0,1
15945,797,2521,2351,0.5,0,1
15946,797,2521,3131,0.5,0,1
15947,797,2521,3264,0.5,0,1
15948,797,2521,2676,0.5,0,1
15949,797,2521,3211,0.5,0,1
15950,797,2521,3276,0.5,0,1
15951,797,2521,2496,0.5,0,1
15952,797,2521,3816,0.5,0,1
15953,797,2521,1069,0.5,0,1
15954,797,2521,3260,0.5,0,1
15955,797,2521,3408,0.5,0,1
15956,797,2521,648,0.5,0,1
15957,797,2521,2903,0.5,0,1
15958,797,2521,2760,0.5,0,1
15959,797,2521,2061,0.5,0,1
15960,798,1080,1080,0.5,1,1
15961,798,1080,583,0.5,0,1
15962,798,1080,479,0.5,0,1
15963,798,1080,3565,0.5,0,1
15964,798,1080,3225,0.5,0,1
15965,798,1080,117,0.5,0,1
15966,798,1080,499,0.5,0,1
15967,798,1080,2214,0.5,0,1
15968,798,1080,2483,0.5,0,1
15969,798,1080,1233,0.5,0,1
15970,798,1080,545,0.5,0,1
15971,798,1080,670,0.5,0,1
15972,798,1080,2902,0.5,0,1
15973,798,1080,3876,0.5,0,1
15974,798,1080,4119,0.5,0,1
15975,798,1080,2457,0.5,0,1
15976,798,1080,724,0.5,0,1
15977,798,1080,698,0.5,0,1
15978,798,1080,2431,0.5,0,1
15979,798,1080,2451,0.5,0,1
15980,799,982,982,0.5,1,1
15981,799,982,1040,0.5,0,1
15982,799,982,377,0.5,0,1
15983,799,982,3090,0.5,0,1
15984,799,982,1607,0.5,0,1
15985,799,982,3231,0.5,0,1
15986,799,982,1155,0.5,0,1
15987,799,982,1672,0.5,0,1
15988,799,982,3062,0.5,0,1
15989,799,982,3593,0.5,0,1
15990,799,982,3104,0.5,0,1
15991,799,982,3570,0.5,0,1
15992,799,982,2249,0.5,0,1
15993,799,982,1351,0.5,0,1
15994,799,982,3521,0.5,0,1
15995,799,982,3083,0.5,0,1
15996,799,982,1283,0.5,0,1
15997,799,982,2858,0.5,0,1
15998,799,982,1908,0.5,0,1
15999,799,982,2413,0.5,0,1
16000,800,3019,3019,0.5,1,1
16001,800,3019,3485,0.5,0,1
16002,800,3019,3904,0.5,0,1
16003,800,3019,902,0.5,0,1
16004,800,3019,2722,0.5,0,1
16005,800,3019,2683,0.5,0,1
16006,800,3019,483,0.5,0,1
16007,800,3019,925,0.5,0,1
16008,800,3019,1112,0.5,0,1
16009,800,3019,926,0.5,0,1
16010,800,3019,975,0.5,0,1
16011,800,3019,1721,0.5,0,1
16012,800,3019,2716,0.5,0,1
16013,800,3019,238,0.5,0,1
16014,800,3019,2310,0.5,0,1
16015,800,3019,1848,0.5,0,1
16016,800,3019,3513,0.5,0,1
16017,800,3019,2592,0.5,0,1
16018,800,3019,944,0.5,0,1
16019,800,3019,3291,0.5,0,1
16020,801,3641,3641,0.5,1,1
16021,801,3641,2880,0.5,0,1
16022,801,3641,3119,0.5,0,1
16023,801,3641,1212,0.5,0,1
16024,801,3641,2199,0.5,0,1
16025,801,3641,3494,0.5,0,1
16026,801,3641,2479,0.5,0,1
16027,801,3641,720,0.5,0,1
16028,801,3641,1502,0.5,0,1
16029,801,3641,2241,0.5,0,1
16030,801,3641,3309,0.5,0,1
16031,801,3641,1769,0.5,0,1
16032,801,3641,2874,0.5,0,1
16033,801,3641,1809,0.5,0,1
16034,801,3641,387,0.5,0,1
16035,801,3641,3479,0.5,0,1
16036,801,3641,641,0.5,0,1
16037,801,3641,3224,0.5,0,1
16038,801,3641,841,0.5,0,1
16039,801,3641,1492,0.5,0,1
16040,802,955,955,0.5,1,1
16041,802,955,438,0.5,0,1
16042,802,955,845,0.5,0,1
16043,802,955,3017,0.5,0,1
16044,802,955,2400,0.5,0,1
16045,802,955,13,0.5,0,1
16046,802,955,1960,0.5,0,1
16047,802,955,2955,0.5,0,1
16048,802,955,2690,0.5,0,1
16049,802,955,4020,0.5,0,1
16050,802,955,2228,0.5,0,1
16051,802,955,1541,0.5,0,1
16052,802,955,1401,0.5,0,1
16053,802,955,3075,0.5,0,1
16054,802,955,2370,0.5,0,1
16055,802,955,1452,0.5,0,1
16056,802,955,2689,0.5,0,1
16057,802,955,2647,0.5,0,1
16058,802,955,3779,0.5,0,1
16059,802,955,2936,0.5,0,1
16060,803,551,551,0.5,1,1
16061,803,551,2751,0.5,0,1
16062,803,551,3440,0.5,0,1
16063,803,551,2052,0.5,0,1
16064,803,551,1397,0.5,0,1
16065,803,551,1702,0.5,0,1
16066,803,551,2658,0.5,0,1
16067,803,551,1016,0.5,0,1
16068,803,551,306,0.5,0,1
16069,803,551,105,0.5,0,1
16070,803,551,651,0.5,0,1
16071,803,551,3957,0.5,0,1
16072,803,551,4051,0.5,0,1
16073,803,551,2408,0.5,0,1
16074,803,551,1612,0.5,0,1
16075,803,551,2534,0.5,0,1
16076,803,551,1501,0.5,0,1
16077,803,551,1240,0.5,0,1
16078,803,551,2022,0.5,0,1
16079,803,551,2385,0.5,0,1
16080,804,1088,1088,0.5,1,1
16081,804,1088,3036,0.5,0,1
16082,804,1088,3020,0.5,0,1
16083,804,1088,2779,0.5,0,1
16084,804,1088,3123,0.5,0,1
16085,804,1088,1786,0.5,0,1
16086,804,1088,1234,0.5,0,1
16087,804,1088,3207,0.5,0,1
16088,804,1088,2177,0.5,0,1
16089,804,1088,3496,0.5,0,1
16090,804,1088,3659,0.5,0,1
16091,804,1088,1301,0.5,0,1
16092,804,1088,2206,0.5,0,1
16093,804,1088,246,0.5,0,1
16094,804,1088,2724,0.5,0,1
16095,804,1088,2187,0.5,0,1
16096,804,1088,1802,0.5,0,1
16097,804,1088,3561,0.5,0,1
16098,804,1088,805,0.5,0,1
16099,804,1088,3187,0.5,0,1
16100,805,20,20,0.5,1,1
16101,805,20,820,0.5,0,1
16102,805,20,745,0.5,0,1
16103,805,20,1861,0.5,0,1
16104,805,20,673,0.5,0,1
16105,805,20,2827,0.5,0,1
16106,805,20,1521,0.5,0,1
16107,805,20,1397,0.5,0,1
16108,805,20,1900,0.5,0,1
16109,805,20,2319,0.5,0,1
16110,805,20,702,0.5,0,1
16111,805,20,3840,0.5,0,1
16112,805,20,730,0.5,0,1
16113,805,20,96,0.5,0,1
16114,805,20,2725,0.5,0,1
16115,805,20,2879,0.5,0,1
16116,805,20,514,0.5,0,1
16117,805,20,2793,0.5,0,1
16118,805,20,1090,0.5,0,1
16119,805,20,3013,0.5,0,1
16120,806,1169,1169,0.5,1,1
16121,806,1169,943,0.5,0,1
16122,806,1169,3803,0.5,0,1
16123,806,1169,3020,0.5,0,1
16124,806,1169,1181,0.5,0,1
16125,806,1169,211,0.5,0,1
16126,806,1169,1652,0.5,0,1
16127,806,1169,2811,0.5,0,1
16128,806,1169,1887,0.5,0,1
16129,806,1169,541,0.5,0,1
16130,806,1169,555,0.5,0,1
16131,806,1169,1407,0.5,0,1
16132,806,1169,1486,0.5,0,1
16133,806,1169,2328,0.5,0,1
16134,806,1169,28,0.5,0,1
16135,806,1169,527,0.5,0,1
16136,806,1169,967,0.5,0,1
16137,806,1169,3280,0.5,0,1
16138,806,1169,4056,0.5,0,1
16139,806,1169,203,0.5,0,1
16140,807,3557,3557,0.5,1,1
16141,807,3557,256,0.5,0,1
16142,807,3557,1166,0.5,0,1
16143,807,3557,17,0.5,0,1
16144,807,3557,4141,0.5,0,1
16145,807,3557,384,0.5,0,1
16146,807,3557,3438,0.5,0,1
16147,807,3557,3964,0.5,0,1
16148,807,3557,468,0.5,0,1
16149,807,3557,3787,0.5,0,1
16150,807,3557,1289,0.5,0,1
16151,807,3557,3661,0.5,0,1
16152,807,3557,1621,0.5,0,1
16153,807,3557,825,0.5,0,1
16154,807,3557,2291,0.5,0,1
16155,807,3557,258,0.5,0,1
16156,807,3557,3931,0.5,0,1
16157,807,3557,662,0.5,0,1
16158,807,3557,2615,0.5,0,1
16159,807,3557,2250,0.5,0,1
16160,808,2046,2046,0.5,1,1
16161,808,2046,3294,0.5,0,1
16162,808,2046,2577,0.5,0,1
16163,808,2046,3006,0.5,0,1
16164,808,2046,1654,0.5,0,1
16165,808,2046,3712,0.5,0,1
16166,808,2046,1384,0.5,0,1
16167,808,2046,4022,0.5,0,1
16168,808,2046,1467,0.5,0,1
16169,808,2046,2502,0.5,0,1
16170,808,2046,2176,0.5,0,1
16171,808,2046,3352,0.5,0,1
16172,808,2046,2669,0.5,0,1
16173,808,2046,3376,0.5,0,1
16174,808,2046,2329,0.5,0,1
16175,808,2046,3806,0.5,0,1
16176,808,2046,3029,0.5,0,1
16177,808,2046,3729,0.5,0,1
16178,808,2046,1568,0.5,0,1
16179,808,2046,3403,0.5,0,1
16180,809,3478,3478,0.5,1,1
16181,809,3478,2479,0.5,0,1
16182,809,3478,2856,0.5,0,1
16183,809,3478,938,0.5,0,1
16184,809,3478,863,0.5,0,1
16185,809,3478,844,0.5,0,1
16186,809,3478,1440,0.5,0,1
16187,809,3478,3745,0.5,0,1
16188,809,3478,2389,0.5,0,1
16189,809,3478,2130,0.5,0,1
16190,809,3478,1229,0.5,0,1
16191,809,3478,3563,0.5,0,1
16192,809,3478,3560,0.5,0,1
16193,809,3478,705,0.5,0,1
16194,809,3478,1867,0.5,0,1
16195,809,3478,3632,0.5,0,1
16196,809,3478,2650,0.5,0,1
16197,809,3478,3597,0.5,0,1
16198,809,3478,396,0.5,0,1
16199,809,3478,2726,0.5,0,1
16200,810,4151,4151,0.5,1,1
16201,810,4151,765,0.5,0,1
16202,810,4151,2582,0.5,0,1
16203,810,4151,3620,0.5,0,1
16204,810,4151,680,0.5,0,1
16205,810,4151,3702,0.5,0,1
16206,810,4151,1890,0.5,0,1
16207,810,4151,2685,0.5,0,1
16208,810,4151,2133,0.5,0,1
16209,810,4151,846,0.5,0,1
16210,810,4151,3847,0.5,0,1
16211,810,4151,3811,0.5,0,1
16212,810,4151,1574,0.5,0,1
16213,810,4151,2629,0.5,0,1
16214,810,4151,1583,0.5,0,1
16215,810,4151,1858,0.5,0,1
16216,810,4151,1773,0.5,0,1
16217,810,4151,3412,0.5,0,1
16218,810,4151,1084,0.5,0,1
16219,810,4151,951,0.5,0,1
16220,811,1546,1546,0.5,1,1
16221,811,1546,1434,0.5,0,1
16222,811,1546,1606,0.5,0,1
16223,811,1546,2022,0.5,0,1
16224,811,1546,2549,0.5,0,1
16225,811,1546,923,0.5,0,1
16226,811,1546,4072,0.5,0,1
16227,811,1546,2331,0.5,0,1
16228,811,1546,4016,0.5,0,1
16229,811,1546,2803,0.5,0,1
16230,811,1546,2447,0.5,0,1
16231,811,1546,2828,0.5,0,1
16232,811,1546,951,0.5,0,1
16233,811,1546,3648,0.5,0,1
16234,811,1546,1092,0.5,0,1
16235,811,1546,3378,0.5,0,1
16236,811,1546,948,0.5,0,1
16237,811,1546,4105,0.5,0,1
16238,811,1546,2144,0.5,0,1
16239,811,1546,2655,0.5,0,1
16240,812,2867,2867,0.5,1,1
16241,812,2867,3331,0.5,0,1
16242,812,2867,3171,0.5,0,1
16243,812,2867,3182,0.5,0,1
16244,812,2867,20,0.5,0,1
16245,812,2867,3701,0.5,0,1
16246,812,2867,1476,0.5,0,1
16247,812,2867,3269,0.5,0,1
16248,812,2867,180,0.5,0,1
16249,812,2867,3875,0.5,0,1
16250,812,2867,3340,0.5,0,1
16251,812,2867,1759,0.5,0,1
16252,812,2867,1137,0.5,0,1
16253,812,2867,2564,0.5,0,1
16254,812,2867,1935,0.5,0,1
16255,812,2867,3551,0.5,0,1
16256,812,2867,3867,0.5,0,1
16257,812,2867,4119,0.5,0,1
16258,812,2867,796,0.5,0,1
16259,812,2867,2455,0.5,0,1
16260,813,3611,3611,0.5,1,1
16261,813,3611,186,0.5,0,1
16262,813,3611,2581,0.5,0,1
16263,813,3611,2297,0.5,0,1
16264,813,3611,1643,0.5,0,1
16265,813,3611,3564,0.5,0,1
16266,813,3611,3094,0.5,0,1
16267,813,3611,3068,0.5,0,1
16268,813,3611,776,0.5,0,1
16269,813,3611,1811,0.5,0,1
16270,813,3611,780,0.5,0,1
16271,813,3611,1094,0.5,0,1
16272,813,3611,1981,0.5,0,1
16273,813,3611,343,0.5,0,1
16274,813,3611,586,0.5,0,1
16275,813,3611,2961,0.5,0,1
16276,813,3611,1598,0.5,0,1
16277,813,3611,497,0.5,0,1
16278,813,3611,1025,0.5,0,1
16279,813,3611,2719,0.5,0,1
16280,814,2240,2240,0.5,1,1
16281,814,2240,1234,0.5,0,1
16282,814,2240,705,0.5,0,1
16283,814,2240,1635,0.5,0,1
16284,814,2240,1098,0.5,0,1
16285,814,2240,2681,0.5,0,1
16286,814,2240,2409,0.5,0,1
16287,814,2240,3492,0.5,0,1
16288,814,2240,334,0.5,0,1
16289,814,2240,1861,0.5,0,1
16290,814,2240,3178,0.5,0,1
16291,814,2240,3446,0.5,0,1
16292,814,2240,3994,0.5,0,1
16293,814,2240,3539,0.5,0,1
16294,814,2240,1622,0.5,0,1
16295,814,2240,2107,0.5,0,1
16296,814,2240,419,0.5,0,1
16297,814,2240,995,0.5,0,1
16298,814,2240,558,0.5,0,1
16299,814,2240,2528,0.5,0,1
16300,815,3803,3803,0.5,1,1
16301,815,3803,726,0.5,0,1
16302,815,3803,3002,0.5,0,1
16303,815,3803,2099,0.5,0,1
16304,815,3803,3886,0.5,0,1
16305,815,3803,203,0.5,0,1
16306,815,3803,3482,0.5,0,1
16307,815,3803,330,0.5,0,1
16308,815,3803,428,0.5,0,1
16309,815,3803,1948,0.5,0,1
16310,815,3803,3515,0.5,0,1
16311,815,3803,3811,0.5,0,1
16312,815,3803,604,0.5,0,1
16313,815,3803,3355,0.5,0,1
16314,815,3803,1063,0.5,0,1
16315,815,3803,1023,0.5,0,1
16316,815,3803,3699,0.5,0,1
16317,815,3803,1030,0.5,0,1
16318,815,3803,2109,0.5,0,1
16319,815,3803,52,0.5,0,1
16320,816,1670,1670,0.5,1,1
16321,816,1670,3823,0.5,0,1
16322,816,1670,1506,0.5,0,1
16323,816,1670,2778,0.5,0,1
16324,816,1670,2535,0.5,0,1
16325,816,1670,1183,0.5,0,1
16326,816,1670,726,0.5,0,1
16327,816,1670,2036,0.5,0,1
16328,816,1670,2076,0.5,0,1
16329,816,1670,3755,0.5,0,1
16330,816,1670,919,0.5,0,1
16331,816,1670,1177,0.5,0,1
16332,816,1670,1858,0.5,0,1
16333,816,1670,3305,0.5,0,1
16334,816,1670,3943,0.5,0,1
16335,816,1670,87,0.5,0,1
16336,816,1670,1516,0.5,0,1
16337,816,1670,1179,0.5,0,1
16338,816,1670,3797,0.5,0,1
16339,816,1670,1697,0.5,0,1
16340,817,3766,3766,0.5,1,1
16341,817,3766,1676,0.5,0,1
16342,817,3766,3917,0.5,0,1
16343,817,3766,767,0.5,0,1
16344,817,3766,2842,0.5,0,1
16345,817,3766,3940,0.5,0,1
16346,817,3766,3841,0.5,0,1
16347,817,3766,630,0.5,0,1
16348,817,3766,2586,0.5,0,1
16349,817,3766,1648,0.5,0,1
16350,817,3766,3174,0.5,0,1
16351,817,3766,632,0.5,0,1
16352,817,3766,1147,0.5,0,1
16353,817,3766,1692,0.5,0,1
16354,817,3766,3025,0.5,0,1
16355,817,3766,3872,0.5,0,1
16356,817,3766,1598,0.5,0,1
16357,817,3766,1301,0.5,0,1
16358,817,3766,3810,0.5,0,1
16359,817,3766,1828,0.5,0,1
16360,818,2689,2689,0.5,1,1
16361,818,2689,2704,0.5,0,1
16362,818,2689,1502,0.5,0,1
16363,818,2689,2699,0.5,0,1
16364,818,2689,2908,0.5,0,1
16365,818,2689,3000,0.5,0,1
16366,818,2689,1812,0.5,0,1
16367,818,2689,3903,0.5,0,1
16368,818,2689,2182,0.5,0,1
16369,818,2689,2600,0.5,0,1
16370,818,2689,1809,0.5,0,1
16371,818,2689,1438,0.5,0,1
16372,818,2689,963,0.5,0,1
16373,818,2689,511,0.5,0,1
16374,818,2689,1340,0.5,0,1
16375,818,2689,2280,0.5,0,1
16376,818,2689,4179,0.5,0,1
16377,818,2689,1974,0.5,0,1
16378,818,2689,1709,0.5,0,1
16379,818,2689,2574,0.5,0,1
16380,819,1302,1302,0.5,1,1
16381,819,1302,861,0.5,0,1
16382,819,1302,734,0.5,0,1
16383,819,1302,483,0.5,0,1
16384,819,1302,2239,0.5,0,1
16385,819,1302,3972,0.5,0,1
16386,819,1302,1585,0.5,0,1
16387,819,1302,583,0.5,0,1
16388,819,1302,1246,0.5,0,1
16389,819,1302,1491,0.5,0,1
16390,819,1302,2682,0.5,0,1
16391,819,1302,741,0.5,0,1
16392,819,1302,1689,0.5,0,1
16393,819,1302,344,0.5,0,1
16394,819,1302,1990,0.5,0,1
16395,819,1302,3622,0.5,0,1
16396,819,1302,1902,0.5,0,1
16397,819,1302,2299,0.5,0,1
16398,819,1302,3894,0.5,0,1
16399,819,1302,948,0.5,0,1
16400,820,3511,3511,0.5,1,1
16401,820,3511,3456,0.5,0,1
16402,820,3511,2571,0.5,0,1
16403,820,3511,3061,0.5,0,1
16404,820,3511,1853,0.5,0,1
16405,820,3511,498,0.5,0,1
16406,820,3511,3812,0.5,0,1
16407,820,3511,2441,0.5,0,1
16408,820,3511,2360,0.5,0,1
16409,820,3511,3889,0.5,0,1
16410,820,3511,1183,0.5,0,1
16411,820,3511,750,0.5,0,1
16412,820,3511,545,0.5,0,1
16413,820,3511,3179,0.5,0,1
16414,820,3511,1748,0.5,0,1
16415,820,3511,3826,0.5,0,1
16416,820,3511,3174,0.5,0,1
16417,820,3511,1272,0.5,0,1
16418,820,3511,2012,0.5,0,1
16419,820,3511,2047,0.5,0,1
16420,821,3907,3907,0.5,1,1
16421,821,3907,3463,0.5,0,1
16422,821,3907,231,0.5,0,1
16423,821,3907,2054,0.5,0,1
16424,821,3907,1451,0.5,0,1
16425,821,3907,3743,0.5,0,1
16426,821,3907,854,0.5,0,1
16427,821,3907,2225,0.5,0,1
16428,821,3907,848,0.5,0,1
16429,821,3907,3652,0.5,0,1
16430,821,3907,920,0.5,0,1
16431,821,3907,2111,0.5,0,1
16432,821,3907,1292,0.5,0,1
16433,821,3907,4145,0.5,0,1
16434,821,3907,3622,0.5,0,1
16435,821,3907,2817,0.5,0,1
16436,821,3907,3234,0.5,0,1
16437,821,3907,3708,0.5,0,1
16438,821,3907,2127,0.5,0,1
16439,821,3907,1514,0.5,0,1
16440,822,1425,1425,0.5,1,1
16441,822,1425,3555,0.5,0,1
16442,822,1425,3061,0.5,0,1
16443,822,1425,748,0.5,0,1
16444,822,1425,1059,0.5,0,1
16445,822,1425,3384,0.5,0,1
16446,822,1425,3159,0.5,0,1
16447,822,1425,1946,0.5,0,1
16448,822,1425,1211,0.5,0,1
16449,822,1425,2137,0.5,0,1
16450,822,1425,707,0.5,0,1
16451,822,1425,1264,0.5,0,1
16452,822,1425,1034,0.5,0,1
16453,822,1425,4048,0.5,0,1
16454,822,1425,3675,0.5,0,1
16455,822,1425,2586,0.5,0,1
16456,822,1425,2028,0.5,0,1
16457,822,1425,1029,0.5,0,1
16458,822,1425,1708,0.5,0,1
16459,822,1425,3908,0.5,0,1
16460,823,50,50,0.5,1,1
16461,823,50,4176,0.5,0,1
16462,823,50,714,0.5,0,1
16463,823,50,3008,0.5,0,1
16464,823,50,399,0.5,0,1
16465,823,50,2809,0.5,0,1
16466,823,50,2370,0.5,0,1
16467,823,50,625,0.5,0,1
16468,823,50,3938,0.5,0,1
16469,823,50,1253,0.5,0,1
16470,823,50,976,0.5,0,1
16471,823,50,2647,0.5,0,1
16472,823,50,1574,0.5,0,1
16473,823,50,2947,0.5,0,1
16474,823,50,2420,0.5,0,1
16475,823,50,1894,0.5,0,1
16476,823,50,2528,0.5,0,1
16477,823,50,3692,0.5,0,1
16478,823,50,2104,0.5,0,1
16479,823,50,204,0.5,0,1
16480,824,2095,2095,0.5,1,1
16481,824,2095,2558,0.5,0,1
16482,824,2095,3761,0.5,0,1
16483,824,2095,2480,0.5,0,1
16484,824,2095,3373,0.5,0,1
16485,824,2095,3755,0.5,0,1
16486,824,2095,2708,0.5,0,1
16487,824,2095,1144,0.5,0,1
16488,824,2095,2254,0.5,0,1
16489,824,2095,945,0.5,0,1
16490,824,2095,3921,0.5,0,1
16491,824,2095,2801,0.5,0,1
16492,824,2095,3832,0.5,0,1
16493,824,2095,1603,0.5,0,1
16494,824,2095,1549,0.5,0,1
16495,824,2095,3429,0.5,0,1
16496,824,2095,744,0.5,0,1
16497,824,2095,2127,0.5,0,1
16498,824,2095,3202,0.5,0,1
16499,824,2095,714,0.5,0,1
16500,825,615,615,0.5,1,1
16501,825,615,1016,0.5,0,1
16502,825,615,3158,0.5,0,1
16503,825,615,2504,0.5,0,1
16504,825,615,3435,0.5,0,1
16505,825,615,1710,0.5,0,1
16506,825,615,3657,0.5,0,1
16507,825,615,2817,0.5,0,1
16508,825,615,2873,0.5,0,1
16509,825,615,3173,0.5,0,1
16510,825,615,2495,0.5,0,1
16511,825,615,1363,0.5,0,1
16512,825,615,51,0.5,0,1
16513,825,615,2247,0.5,0,1
16514,825,615,3864,0.5,0,1
16515,825,615,3640,0.5,0,1
16516,825,615,1467,0.5,0,1
16517,825,615,1415,0.5,0,1
16518,825,615,2756,0.5,0,1
16519,825,615,760,0.5,0,1
16520,826,985,985,0.5,1,1
16521,826,985,599,0.5,0,1
16522,826,985,3237,0.5,0,1
16523,826,985,3979,0.5,0,1
16524,826,985,1172,0.5,0,1
16525,826,985,3162,0.5,0,1
16526,826,985,2582,0.5,0,1
16527,826,985,478,0.5,0,1
16528,826,985,2161,0.5,0,1
16529,826,985,2434,0.5,0,1
16530,826,985,3868,0.5,0,1
16531,826,985,2908,0.5,0,1
16532,826,985,1776,0.5,0,1
16533,826,985,1098,0.5,0,1
16534,826,985,3976,0.5,0,1
16535,826,985,3793,0.5,0,1
16536,826,985,3638,0.5,0,1
16537,826,985,2579,0.5,0,1
16538,826,985,381,0.5,0,1
16539,826,985,217,0.5,0,1
16540,827,1673,1673,0.5,1,1
16541,827,1673,1357,0.5,0,1
16542,827,1673,2539,0.5,0,1
16543,827,1673,774,0.5,0,1
16544,827,1673,2426,0.5,0,1
16545,827,1673,3966,0.5,0,1
16546,827,1673,1666,0.5,0,1
16547,827,1673,2424,0.5,0,1
16548,827,1673,2591,0.5,0,1
16549,827,1673,1167,0.5,0,1
16550,827,1673,4044,0.5,0,1
16551,827,1673,2680,0.5,0,1
16552,827,1673,2740,0.5,0,1
16553,827,1673,1021,0.5,0,1
16554,827,1673,2636,0.5,0,1
16555,827,1673,2019,0.5,0,1
16556,827,1673,3942,0.5,0,1
16557,827,1673,1104,0.5,0,1
16558,827,1673,1245,0.5,0,1
16559,827,1673,2134,0.5,0,1
16560,828,1802,1802,0.5,1,1
16561,828,1802,3544,0.5,0,1
16562,828,1802,1610,0.5,0,1
16563,828,1802,1014,0.5,0,1
16564,828,1802,2245,0.5,0,1
16565,828,1802,2797,0.5,0,1
16566,828,1802,3119,0.5,0,1
16567,828,1802,3235,0.5,0,1
16568,828,1802,102,0.5,0,1
16569,828,1802,4069,0.5,0,1
16570,828,1802,2548,0.5,0,1
16571,828,1802,1636,0.5,0,1
16572,828,1802,2982,0.5,0,1
16573,828,1802,3579,0.5,0,1
16574,828,1802,303,0.5,0,1
16575,828,1802,2641,0.5,0,1
16576,828,1802,3506,0.5,0,1
16577,828,1802,495,0.5,0,1
16578,828,1802,3475,0.5,0,1
16579,828,1802,1648,0.5,0,1
16580,829,607,607,0.5,1,1
16581,829,607,264,0.5,0,1
16582,829,607,2082,0.5,0,1
16583,829,607,3934,0.5,0,1
16584,829,607,3485,0.5,0,1
16585,829,607,219,0.5,0,1
16586,829,607,3780,0.5,0,1
16587,829,607,1016,0.5,0,1
16588,829,607,275,0.5,0,1
16589,829,607,104,0.5,0,1
16590,829,607,3717,0.5,0,1
16591,829,607,2896,0.5,0,1
16592,829,607,2831,0.5,0,1
16593,829,607,1783,0.5,0,1
16594,829,607,3065,0.5,0,1
16595,829,607,3246,0.5,0,1
16596,829,607,1035,0.5,0,1
16597,829,607,1555,0.5,0,1
16598,829,607,266,0.5,0,1
16599,829,607,2667,0.5,0,1
16600,830,2331,2331,0.5,1,1
16601,830,2331,3949,0.5,0,1
16602,830,2331,1412,0.5,0,1
16603,830,2331,2143,0.5,0,1
16604,830,2331,2747,0.5,0,1
16605,830,2331,2821,0.5,0,1
16606,830,2331,3632,0.5,0,1
16607,830,2331,3688,0.5,0,1
16608,830,2331,2663,0.5,0,1
16609,830,2331,2683,0.5,0,1
16610,830,2331,1171,0.5,0,1
16611,830,2331,1760,0.5,0,1
16612,830,2331,2262,0.5,0,1
16613,830,2331,2603,0.5,0,1
16614,830,2331,3702,0.5,0,1
16615,830,2331,2982,0.5,0,1
16616,830,2331,3677,0.5,0,1
16617,830,2331,2547,0.5,0,1
16618,830,2331,3442,0.5,0,1
16619,830,2331,160,0.5,0,1
16620,831,59,59,0.5,1,1
16621,831,59,1912,0.5,0,1
16622,831,59,2456,0.5,0,1
16623,831,59,1681,0.5,0,1
16624,831,59,3978,0.5,0,1
16625,831,59,2580,0.5,0,1
16626,831,59,3985,0.5,0,1
16627,831,59,717,0.5,0,1
16628,831,59,382,0.5,0,1
16629,831,59,3695,0.5,0,1
16630,831,59,1228,0.5,0,1
16631,831,59,2993,0.5,0,1
16632,831,59,2061,0.5,0,1
16633,831,59,653,0.5,0,1
16634,831,59,1350,0.5,0,1
16635,831,59,2622,0.5,0,1
16636,831,59,2934,0.5,0,1
16637,831,59,3566,0.5,0,1
16638,831,59,1363,0.5,0,1
16639,831,59,143,0.5,0,1
16640,832,2308,2308,0.5,1,1
16641,832,2308,1672,0.5,0,1
16642,832,2308,393,0.5,0,1
16643,832,2308,3332,0.5,0,1
16644,832,2308,1165,0.5,0,1
16645,832,2308,215,0.5,0,1
16646,832,2308,2329,0.5,0,1
16647,832,2308,1969,0.5,0,1
16648,832,2308,3476,0.5,0,1
16649,832,2308,1047,0.5,0,1
16650,832,2308,1687,0.5,0,1
16651,832,2308,1475,0.5,0,1
16652,832,2308,3797,0.5,0,1
16653,832,2308,2644,0.5,0,1
16654,832,2308,1292,0.5,0,1
16655,832,2308,831,0.5,0,1
16656,832,2308,1732,0.5,0,1
16657,832,2308,3395,0.5,0,1
16658,832,2308,3892,0.5,0,1
16659,832,2308,1772,0.5,0,1
16660,833,2514,2514,0.5,1,1
16661,833,2514,2448,0.5,0,1
16662,833,2514,969,0.5,0,1
16663,833,2514,634,0.5,0,1
16664,833,2514,3575,0.5,0,1
16665,833,2514,1481,0.5,0,1
16666,833,2514,2647,0.5,0,1
16667,833,2514,626,0.5,0,1
16668,833,2514,1790,0.5,0,1
16669,833,2514,1199,0.5,0,1
16670,833,2514,1397,0.5,0,1
16671,833,2514,3225,0.5,0,1
16672,833,2514,1391,0.5,0,1
16673,833,2514,98,0.5,0,1
16674,833,2514,3074,0.5,0,1
16675,833,2514,489,0.5,0,1
16676,833,2514,2753,0.5,0,1
16677,833,2514,2099,0.5,0,1
16678,833,2514,3322,0.5,0,1
16679,833,2514,1460,0.5,0,1
16680,834,1977,1977,0.5,1,1
16681,834,1977,3556,0.5,0,1
16682,834,1977,4130,0.5,0,1
16683,834,1977,1569,0.5,0,1
16684,834,1977,732,0.5,0,1
16685,834,1977,3749,0.5,0,1
16686,834,1977,1194,0.5,0,1
16687,834,1977,4033,0.5,0,1
16688,834,1977,915,0.5,0,1
16689,834,1977,1954,0.5,0,1
16690,834,1977,3655,0.5,0,1
16691,834,1977,3099,0.5,0,1
16692,834,1977,881,0.5,0,1
16693,834,1977,1726,0.5,0,1
16694,834,1977,1851,0.5,0,1
16695,834,1977,1192,0.5,0,1
16696,834,1977,3868,0.5,0,1
16697,834,1977,555,0.5,0,1
16698,834,1977,2866,0.5,0,1
16699,834,1977,722,0.5,0,1
16700,835,1562,1562,0.5,1,1
16701,835,1562,720,0.5,0,1
16702,835,1562,268,0.5,0,1
16703,835,1562,1774,0.5,0,1
16704,835,1562,2211,0.5,0,1
16705,835,1562,2887,0.5,0,1
16706,835,1562,607,0.5,0,1
16707,835,1562,3739,0.5,0,1
16708,835,1562,3146,0.5,0,1
16709,835,1562,199,0.5,0,1
16710,835,1562,544,0.5,0,1
16711,835,1562,807,0.5,0,1
16712,835,1562,2478,0.5,0,1
16713,835,1562,1162,0.5,0,1
16714,835,1562,2951,0.5,0,1
16715,835,1562,2652,0.5,0,1
16716,835,1562,2919,0.5,0,1
16717,835,1562,1798,0.5,0,1
16718,835,1562,2735,0.5,0,1
16719,835,1562,2573,0.5,0,1
