super_epoch,variant_order,variant_epochs_cumulative,optimizer_steps_cumulative,updates_per_super_epoch,mean_train_loss,validation_check,validation_checks_cumulative,mean_val_filtered_MRR,best_mean_val_filtered_MRR,cycle_seconds,batches_no_changes,train_loss_no_changes,batches_all_inverse_edges,train_loss_all_inverse_edges,batches_universal_edges,train_loss_universal_edges,val_raw_MRR_no_changes,val_filtered_MRR_no_changes,val_Hits@1_no_changes,val_Hits@3_no_changes,val_Hits@10_no_changes,val_accuracy_no_changes,val_precision_no_changes,val_recall_no_changes,val_macro_f1_no_changes,val_raw_MRR_all_inverse_edges,val_filtered_MRR_all_inverse_edges,val_Hits@1_all_inverse_edges,val_Hits@3_all_inverse_edges,val_Hits@10_all_inverse_edges,val_accuracy_all_inverse_edges,val_precision_all_inverse_edges,val_recall_all_inverse_edges,val_macro_f1_all_inverse_edges,val_raw_MRR_universal_edges,val_filtered_MRR_universal_edges,val_Hits@1_universal_edges,val_Hits@3_universal_edges,val_Hits@10_universal_edges,val_accuracy_universal_edges,val_precision_universal_edges,val_recall_universal_edges,val_macro_f1_universal_edges
1,"no_changes,all_inverse_edges,universal_edges",3,3,3,0.693145235379537,0,0,,,4.752801320981234,1,0.6931471228599548,1,0.6931431293487549,1,0.6931454539299011,,,,,,,,,,,,,,,,,,,,,,,,,,,
2,"all_inverse_edges,no_changes,universal_edges",6,6,3,0.6931484540303549,0,0,,,4.687360872980207,1,0.6931465864181519,1,0.6931471824645996,1,0.693151593208313,,,,,,,,,,,,,,,,,,,,,,,,,,,
3,"no_changes,universal_edges,all_inverse_edges",9,9,3,0.6931656002998352,0,0,,,4.688002094859257,1,0.6931471228599548,1,0.6931885480880737,1,0.693161129951477,,,,,,,,,,,,,,,,,,,,,,,,,,,
4,"no_changes,all_inverse_edges,universal_edges",12,12,3,0.6931660572687784,0,0,,,4.680868881056085,1,0.6931904554367065,1,0.6931598782539368,1,0.6931478381156921,,,,,,,,,,,,,,,,,,,,,,,,,,,
5,"no_changes,universal_edges,all_inverse_edges",15,15,3,0.6931434472401937,0,0,,,4.673589484067634,1,0.6931470036506653,1,0.6931408047676086,1,0.6931425333023071,,,,,,,,,,,,,,,,,,,,,,,,,,,
6,"all_inverse_edges,no_changes,universal_edges",18,18,3,0.6931445797284445,0,0,,,4.678788356017321,1,0.6931471228599548,1,0.693139374256134,1,0.6931472420692444,,,,,,,,,,,,,,,,,,,,,,,,,,,
7,"all_inverse_edges,universal_edges,no_changes",21,21,3,0.6931412220001221,0,0,,,4.6812175249215215,1,0.693113386631012,1,0.6931420564651489,1,0.6931682229042053,,,,,,,,,,,,,,,,,,,,,,,,,,,
8,"no_changes,all_inverse_edges,universal_edges",24,24,3,0.693030854066213,0,0,,,4.683643217897043,1,0.6930270791053772,1,0.6929873824119568,1,0.6930781006813049,,,,,,,,,,,,,,,,,,,,,,,,,,,
9,"all_inverse_edges,no_changes,universal_edges",27,27,3,0.6912387212117513,0,0,,,4.6751564219594,1,0.6899890303611755,1,0.6922265291213989,1,0.6915006041526794,,,,,,,,,,,,,,,,,,,,,,,,,,,
10,"universal_edges,no_changes,all_inverse_edges",30,30,3,0.6613756616910299,1,1,0.006514320150017738,0.006514320150017738,20.204139549052343,1,0.6565306782722473,1,0.6396246552467346,1,0.6879716515541077,0.005982952658087015,0.005988383200019598,0.0018127883981542518,0.0054383651944627555,0.014667106130520765,0.5773521010249848,0.5141464323925423,0.6807646671061305,0.39743043911054154,0.0061355954967439175,0.0061382451094686985,0.0013183915622940012,0.004614370468029005,0.014996704021094265,0.5887652358240594,0.5143343908057524,0.6819017798286091,0.40261164113400844,0.007413587067276239,0.0074163321405649185,0.001977587343441002,0.006427158866183257,0.016479894528675015,0.5972249150154458,0.5144037023787216,0.6816941331575478,0.4063401079491946
11,"all_inverse_edges,universal_edges,no_changes",33,33,3,0.624333659807841,0,1,,0.006514320150017738,4.685389143880457,1,0.6211156845092773,1,0.6241640448570251,1,0.6277212500572205,,,,,,,,,,,,,,,,,,,,,,,,,,,
12,"no_changes,all_inverse_edges,universal_edges",36,36,3,0.6273240049680074,0,1,,0.006514320150017738,4.682258588029072,1,0.6712842583656311,1,0.6066492199897766,1,0.6040385365486145,,,,,,,,,,,,,,,,,,,,,,,,,,,
13,"all_inverse_edges,universal_edges,no_changes",39,39,3,0.5806134740511576,0,1,,0.006514320150017738,4.680110229179263,1,0.5809255838394165,1,0.5692232847213745,1,0.5916915535926819,,,,,,,,,,,,,,,,,,,,,,,,,,,
14,"all_inverse_edges,universal_edges,no_changes",42,42,3,0.6449559529622396,0,1,,0.006514320150017738,4.675821938086301,1,0.6555207967758179,1,0.6772802472114563,1,0.6020668148994446,,,,,,,,,,,,,,,,,,,,,,,,,,,
15,"no_changes,universal_edges,all_inverse_edges",45,45,3,0.5892309149106344,0,1,,0.006514320150017738,4.691337002906948,1,0.6284988522529602,1,0.5453219413757324,1,0.5938719511032104,,,,,,,,,,,,,,,,,,,,,,,,,,,
16,"no_changes,all_inverse_edges,universal_edges",48,48,3,0.5513422886530558,0,1,,0.006514320150017738,4.678143667988479,1,0.5588915348052979,1,0.5237864851951599,1,0.5713488459587097,,,,,,,,,,,,,,,,,,,,,,,,,,,
17,"universal_edges,no_changes,all_inverse_edges",51,51,3,0.6281187931696574,0,1,,0.006514320150017738,4.67906728410162,1,0.6378128528594971,1,0.5913081169128418,1,0.6552354097366333,,,,,,,,,,,,,,,,,,,,,,,,,,,
18,"all_inverse_edges,no_changes,universal_edges",54,54,3,0.6386676629384359,0,1,,0.006514320150017738,4.682398681063205,1,0.5910864472389221,1,0.7135159969329834,1,0.6114005446434021,,,,,,,,,,,,,,,,,,,,,,,,,,,
19,"universal_edges,no_changes,all_inverse_edges",57,57,3,0.5843325058619181,0,1,,0.006514320150017738,4.682456369046122,1,0.5975584387779236,1,0.5727112889289856,1,0.5827277898788452,,,,,,,,,,,,,,,,,,,,,,,,,,,
20,"universal_edges,all_inverse_edges,no_changes",60,60,3,0.5441394646962484,1,2,0.003219951099405686,0.006514320150017738,20.227728865109384,1,0.53550124168396,1,0.5355062484741211,1,0.5614109039306641,0.0029039201326668262,0.002910502487793565,0.0,0.000988793671720501,0.005932762030323006,0.7274096190882418,0.5194527074693893,0.7038365194462755,0.4643757502228517,0.004530373029410839,0.004551995079964399,0.00016479894528675015,0.0026367831245880024,0.012030323005932762,0.7376982434371243,0.5209993318230627,0.7152208305866843,0.47019740999442555,0.0021909165661782026,0.002197355730459094,0.00016479894528675015,0.0004943968358602505,0.0032959789057350032,0.7083640311760828,0.520278541145794,0.7219017798286091,0.458205247047588
21,"universal_edges,no_changes,all_inverse_edges",63,63,3,0.5630668699741364,0,2,,0.006514320150017738,4.685755626996979,1,0.652609646320343,1,0.4947568476200104,1,0.5418341159820557,,,,,,,,,,,,,,,,,,,,,,,,,,,
22,"all_inverse_edges,universal_edges,no_changes",66,66,3,0.5107181866963705,0,2,,0.006514320150017738,4.683670677011833,1,0.4912108778953552,1,0.4878625273704529,1,0.5530811548233032,,,,,,,,,,,,,,,,,,,,,,,,,,,
23,"universal_edges,no_changes,all_inverse_edges",69,69,3,0.539443165063858,0,2,,0.006514320150017738,4.675088366027921,1,0.6373248100280762,1,0.4489780366420746,1,0.5320266485214233,,,,,,,,,,,,,,,,,,,,,,,,,,,
24,"universal_edges,no_changes,all_inverse_edges",72,72,3,0.4672708908716838,0,2,,0.006514320150017738,4.682076817145571,1,0.4563353359699249,1,0.4258368909358978,1,0.5196404457092285,,,,,,,,,,,,,,,,,,,,,,,,,,,
25,"all_inverse_edges,no_changes,universal_edges",75,75,3,0.44076939423878986,0,2,,0.006514320150017738,4.6786157800816,1,0.41913825273513794,1,0.4091538190841675,1,0.4940161108970642,,,,,,,,,,,,,,,,,,,,,,,,,,,
26,"all_inverse_edges,no_changes,universal_edges",78,78,3,0.4077775180339813,0,2,,0.006514320150017738,4.6823985821101815,1,0.3810446858406067,1,0.37554028630256653,1,0.46674758195877075,,,,,,,,,,,,,,,,,,,,,,,,,,,
27,"all_inverse_edges,universal_edges,no_changes",81,81,3,0.5894700090090433,0,2,,0.006514320150017738,4.682687087915838,1,0.5721476674079895,1,0.6085068583488464,1,0.5877555012702942,,,,,,,,,,,,,,,,,,,,,,,,,,,
28,"no_changes,universal_edges,all_inverse_edges",84,84,3,0.5283994575341543,0,2,,0.006514320150017738,4.680917609948665,1,0.546955406665802,1,0.4975419342517853,1,0.5407010316848755,,,,,,,,,,,,,,,,,,,,,,,,,,,
29,"all_inverse_edges,no_changes,universal_edges",87,87,3,0.44640453656514484,0,2,,0.006514320150017738,4.669229953084141,1,0.40528085827827454,1,0.4586500823497772,1,0.4752826690673828,,,,,,,,,,,,,,,,,,,,,,,,,,,
30,"no_changes,universal_edges,all_inverse_edges",90,90,3,0.40102367599805194,1,3,0.004721243865787983,0.006514320150017738,20.19333459599875,1,0.39955586194992065,1,0.3613826632499695,1,0.44213250279426575,0.003948256839066744,0.00395641615614295,0.0004943968358602505,0.0013183915622940012,0.006097560975609756,0.8196324014114545,0.5317811794491052,0.7518391562294001,0.5142069875235322,0.006079494021832943,0.006118306890130043,0.0013183915622940012,0.003131179960448253,0.011371127224785761,0.8197810435973995,0.5334858563149858,0.7664502307185235,0.5167004907779428,0.004078377038240433,0.004089008551090956,0.0006591957811470006,0.0016479894528675016,0.005932762030323006,0.8075859216461799,0.5321470231494989,0.7689518787079763,0.5105795342818634
31,"universal_edges,all_inverse_edges,no_changes",93,93,3,0.4629386564095815,0,3,,0.006514320150017738,4.69283968093805,1,0.617662787437439,1,0.34245556592941284,1,0.4286976158618927,,,,,,,,,,,,,,,,,,,,,,,,,,,
32,"no_changes,all_inverse_edges,universal_edges",96,96,3,0.4642574687798818,0,3,,0.006514320150017738,4.68760748510249,1,0.5987412333488464,1,0.34694212675094604,1,0.4470890462398529,,,,,,,,,,,,,,,,,,,,,,,,,,,
33,"no_changes,universal_edges,all_inverse_edges",99,99,3,0.3723859190940857,0,3,,0.006514320150017738,4.67973776999861,1,0.3743179738521576,1,0.3234751522541046,1,0.4193646311759949,,,,,,,,,,,,,,,,,,,,,,,,,,,
34,"no_changes,all_inverse_edges,universal_edges",102,102,3,0.46977338194847107,0,3,,0.006514320150017738,4.685545827029273,1,0.5651489496231079,1,0.29840269684791565,1,0.5457684993743896,,,,,,,,,,,,,,,,,,,,,,,,,,,
35,"no_changes,universal_edges,all_inverse_edges",105,105,3,0.4541861216227214,0,3,,0.006514320150017738,4.684608089039102,1,0.5376627445220947,1,0.32331663370132446,1,0.5015789866447449,,,,,,,,,,,,,,,,,,,,,,,,,,,
36,"no_changes,universal_edges,all_inverse_edges",108,108,3,0.37438416481018066,0,3,,0.006514320150017738,4.682497873902321,1,0.34533482789993286,1,0.3323881924152374,1,0.4454294741153717,,,,,,,,,,,,,,,,,,,,,,,,,,,
37,"universal_edges,all_inverse_edges,no_changes",111,111,3,0.3241352438926697,0,3,,0.006514320150017738,4.681415593018755,1,0.2973559498786926,1,0.28418710827827454,1,0.39086267352104187,,,,,,,,,,,,,,,,,,,,,,,,,,,
38,"all_inverse_edges,no_changes,universal_edges",114,114,3,0.39159364501635235,0,3,,0.006514320150017738,4.685844172025099,1,0.29470691084861755,1,0.4581848084926605,1,0.42188921570777893,,,,,,,,,,,,,,,,,,,,,,,,,,,
39,"no_changes,all_inverse_edges,universal_edges",117,117,3,0.3598921298980713,0,3,,0.006514320150017738,4.67169198510237,1,0.27863818407058716,1,0.4163675308227539,1,0.3846706748008728,,,,,,,,,,,,,,,,,,,,,,,,,,,
40,"universal_edges,no_changes,all_inverse_edges",120,120,3,0.3111484746138255,1,4,0.01070632878690958,0.01070632878690958,20.302996311103925,1,0.28346478939056396,1,0.2803167998790741,1,0.3696638345718384,0.009692446328699589,0.009861260652542114,0.0026367831245880024,0.005603164139749505,0.02059986816084377,0.9084040999392505,0.5581327953079898,0.7622280817402769,0.5792497379537946,0.0139450179412961,0.014056961052119732,0.003790375741595254,0.01005273566249176,0.03048780487804878,0.895136169167733,0.5546922988837164,0.7813019116677653,0.5712671407839246,0.008176056668162346,0.008200764656066895,0.0013183915622940012,0.004614370468029005,0.012689518787079763,0.9036798635076971,0.5574041576055335,0.7727389584706659,0.5772643610811126
41,"universal_edges,all_inverse_edges,no_changes",123,123,3,0.28193748493989307,0,4,,0.01070632878690958,4.678818568121642,1,0.250347375869751,1,0.22642020881175995,1,0.36904487013816833,,,,,,,,,,,,,,,,,,,,,,,,,,,
42,"all_inverse_edges,universal_edges,no_changes",126,126,3,0.27471329768498737,0,4,,0.01070632878690958,4.677698798943311,1,0.23663973808288574,1,0.23810887336730957,1,0.34939128160476685,,,,,,,,,,,,,,,,,,,,,,,,,,,
43,"universal_edges,no_changes,all_inverse_edges",129,129,3,0.2539440592130025,0,4,,0.01070632878690958,4.676417167996988,1,0.22207194566726685,1,0.20630738139152527,1,0.33345285058021545,,,,,,,,,,,,,,,,,,,,,,,,,,,
44,"all_inverse_edges,universal_edges,no_changes",132,132,3,0.2718632717927297,0,4,,0.01070632878690958,4.690151965012774,1,0.24226070940494537,1,0.1971571296453476,1,0.3761719763278961,,,,,,,,,,,,,,,,,,,,,,,,,,,
45,"universal_edges,all_inverse_edges,no_changes",135,135,3,0.2612384110689163,0,4,,0.01070632878690958,4.688559934962541,1,0.2394234538078308,1,0.21532486379146576,1,0.3289669156074524,,,,,,,,,,,,,,,,,,,,,,,,,,,
46,"universal_edges,all_inverse_edges,no_changes",138,138,3,0.48319923877716064,0,4,,0.01070632878690958,4.681913849897683,1,0.5636712908744812,1,0.5491107702255249,1,0.33681565523147583,,,,,,,,,,,,,,,,,,,,,,,,,,,
47,"universal_edges,no_changes,all_inverse_edges",141,141,3,0.3349207639694214,0,4,,0.01070632878690958,4.6802534670569,1,0.26906538009643555,1,0.2569965720176697,1,0.47870033979415894,,,,,,,,,,,,,,,,,,,,,,,,,,,
48,"all_inverse_edges,no_changes,universal_edges",144,144,3,0.2650655508041382,0,4,,0.01070632878690958,4.682425346923992,1,0.2197619378566742,1,0.22140154242515564,1,0.3540331721305847,,,,,,,,,,,,,,,,,,,,,,,,,,,
49,"universal_edges,all_inverse_edges,no_changes",147,147,3,0.27323563396930695,0,4,,0.01070632878690958,4.677380929933861,1,0.23262666165828705,1,0.26059675216674805,1,0.32648348808288574,,,,,,,,,,,,,,,,,,,,,,,,,,,
50,"no_changes,universal_edges,all_inverse_edges",150,150,3,0.4399032195409139,1,5,0.018953583513696987,0.018953583513696987,20.303471664898098,1,0.5024504065513611,1,0.3476458191871643,1,0.4696134328842163,0.017090633511543274,0.01743272878229618,0.005932762030323006,0.013019116677653262,0.03394858272907053,0.8364160430157561,0.5384824569350053,0.7860777851021754,0.5295405014773177,0.024635689333081245,0.024965858086943626,0.008239947264337508,0.01994067237969677,0.05405405405405406,0.8358990267168173,0.539227556846056,0.7930817402768622,0.5304484607814411,0.014305761083960533,0.014462163671851158,0.0032959789057350032,0.00955833882663151,0.03032300593276203,0.8337986480023782,0.5395768126517123,0.7992781806196441,0.5302440698658548
51,"all_inverse_edges,universal_edges,no_changes",153,153,3,0.4292971094449361,0,5,,0.018953583513696987,4.677373870974407,1,0.5021141171455383,1,0.32766568660736084,1,0.4581115245819092,,,,,,,,,,,,,,,,,,,,,,,,,,,
52,"universal_edges,all_inverse_edges,no_changes",156,156,3,0.37460969885190326,0,5,,0.018953583513696987,4.683291959809139,1,0.4950798451900482,1,0.23575803637504578,1,0.39299121499061584,,,,,,,,,,,,,,,,,,,,,,,,,,,
53,"all_inverse_edges,no_changes,universal_edges",159,159,3,0.2497378091017405,0,5,,0.018953583513696987,4.678428787039593,1,0.19580328464508057,1,0.1863785684108734,1,0.3670315742492676,,,,,,,,,,,,,,,,,,,,,,,,,,,
54,"universal_edges,all_inverse_edges,no_changes",162,162,3,0.36089444657166797,0,5,,0.018953583513696987,4.67789102694951,1,0.19607166945934296,1,0.43256229162216187,1,0.45404937863349915,,,,,,,,,,,,,,,,,,,,,,,,,,,
55,"all_inverse_edges,universal_edges,no_changes",165,165,3,0.4205721914768219,0,5,,0.018953583513696987,4.67832412593998,1,0.4563126564025879,1,0.38532137870788574,1,0.42008253931999207,,,,,,,,,,,,,,,,,,,,,,,,,,,
56,"all_inverse_edges,no_changes,universal_edges",168,168,3,0.2984546919663747,0,5,,0.018953583513696987,4.674516586121172,1,0.19371894001960754,1,0.3251599073410034,1,0.3764852285385132,,,,,,,,,,,,,,,,,,,,,,,,,,,
57,"all_inverse_edges,no_changes,universal_edges",171,171,3,0.2244880348443985,0,5,,0.018953583513696987,4.686084201093763,1,0.16678956151008606,1,0.19599507749080658,1,0.31067946553230286,,,,,,,,,,,,,,,,,,,,,,,,,,,
58,"universal_edges,all_inverse_edges,no_changes",174,174,3,0.19466544687747955,0,5,,0.018953583513696987,4.680282948073,1,0.14955002069473267,1,0.14894847571849823,1,0.28549784421920776,,,,,,,,,,,,,,,,,,,,,,,,,,,
59,"no_changes,all_inverse_edges,universal_edges",177,177,3,0.19695470233758292,0,5,,0.018953583513696987,4.683511919109151,1,0.14342355728149414,1,0.1317211538553238,1,0.3157193958759308,,,,,,,,,,,,,,,,,,,,,,,,,,,
60,"all_inverse_edges,universal_edges,no_changes",180,180,3,0.17973009248574576,1,6,0.03459275389711062,0.03459275389711062,20.30343971005641,1,0.13802537322044373,1,0.1287730187177658,1,0.2723918855190277,0.029994841665029526,0.031179429963231087,0.01038233355306526,0.026532630191166775,0.06806196440342782,0.9540631018392854,0.6112418614492132,0.7695253790375741,0.6532041027192919,0.04458945617079735,0.04629288613796234,0.01944627554383652,0.04152933421226104,0.09640738299274884,0.958347874416741,0.6225005431055558,0.7723566249176006,0.6655991366962597,0.025316473096609116,0.026305945590138435,0.0054383651944627555,0.02010547132498352,0.06262359920896507,0.9495133584086238,0.6050216153356545,0.7828707976268952,0.6475336890407396
61,"no_changes,universal_edges,all_inverse_edges",183,183,3,0.17353671044111252,0,6,,0.03459275389711062,4.6861431039869785,1,0.13142770528793335,1,0.11969668418169022,1,0.269485741853714,,,,,,,,,,,,,,,,,,,,,,,,,,,
62,"all_inverse_edges,universal_edges,no_changes",186,186,3,0.1595594882965088,0,6,,0.03459275389711062,4.675931859062985,1,0.11881938576698303,1,0.10477694869041443,1,0.2550821304321289,,,,,,,,,,,,,,,,,,,,,,,,,,,
63,"all_inverse_edges,universal_edges,no_changes",189,189,3,0.27337226271629333,0,6,,0.03459275389711062,4.677117856917903,1,0.15664148330688477,1,0.41278010606765747,1,0.25069519877433777,,,,,,,,,,,,,,,,,,,,,,,,,,,
64,"universal_edges,no_changes,all_inverse_edges",192,192,3,0.1990731805562973,0,6,,0.03459275389711062,4.689164579147473,1,0.14575308561325073,1,0.19924868643283844,1,0.25221776962280273,,,,,,,,,,,,,,,,,,,,,,,,,,,
65,"universal_edges,all_inverse_edges,no_changes",195,195,3,0.3075161079565684,0,6,,0.03459275389711062,4.685402011033148,1,0.3584250807762146,1,0.29219403862953186,1,0.27192920446395874,,,,,,,,,,,,,,,,,,,,,,,,,,,
66,"all_inverse_edges,no_changes,universal_edges",198,198,3,0.23987152179082236,0,6,,0.03459275389711062,4.679732430027798,1,0.16758610308170319,1,0.1243353933095932,1,0.42769306898117065,,,,,,,,,,,,,,,,,,,,,,,,,,,
67,"universal_edges,no_changes,all_inverse_edges",201,201,3,0.29815363387266797,0,6,,0.03459275389711062,4.689424003008753,1,0.28974732756614685,1,0.2279348224401474,1,0.3767787516117096,,,,,,,,,,,,,,,,,,,,,,,,,,,
68,"no_changes,all_inverse_edges,universal_edges",204,204,3,0.32866106927394867,0,6,,0.03459275389711062,4.683616614900529,1,0.4730074405670166,1,0.16868461668491364,1,0.34429115056991577,,,,,,,,,,,,,,,,,,,,,,,,,,,
69,"universal_edges,no_changes,all_inverse_edges",207,207,3,0.24744172394275665,0,6,,0.03459275389711062,4.68174580601044,1,0.1436496376991272,1,0.13262630999088287,1,0.4660492241382599,,,,,,,,,,,,,,,,,,,,,,,,,,,
70,"all_inverse_edges,no_changes,universal_edges",210,210,3,0.259904017051061,1,7,0.05652950952450434,0.05652950952450434,20.326058096950874,1,0.13625356554985046,1,0.34021490812301636,1,0.30324357748031616,0.04983754828572273,0.053270384669303894,0.023236651285431772,0.05355965721819381,0.11090969017798286,0.9560730027014102,0.6182739830238179,0.7792715886618325,0.6621397203768495,0.06916255503892899,0.07466088235378265,0.03642056690837179,0.07547791694133157,0.15326301911667764,0.9569971693357633,0.6230889072669888,0.7900791034937377,0.6687871502759961,0.03981602191925049,0.04165726155042648,0.012689518787079763,0.034278180619644036,0.1008569545154911,0.9519821112360567,0.6127593379036959,0.795596572181938,0.6579056323129407
71,"no_changes,all_inverse_edges,universal_edges",213,213,3,0.22957001129786173,0,7,,0.05652950952450434,4.680024646921083,1,0.12684017419815063,1,0.29191407561302185,1,0.2699557840824127,,,,,,,,,,,,,,,,,,,,,,,,,,,
72,"all_inverse_edges,no_changes,universal_edges",216,216,3,0.2701479842265447,0,7,,0.05652950952450434,4.6818433799780905,1,0.4442126750946045,1,0.13390608131885529,1,0.23232519626617432,,,,,,,,,,,,,,,,,,,,,,,,,,,
73,"no_changes,universal_edges,all_inverse_edges",219,219,3,0.19252431392669678,0,7,,0.05652950952450434,4.678752414882183,1,0.11507494747638702,1,0.2448265254497528,1,0.2176714688539505,,,,,,,,,,,,,,,,,,,,,,,,,,,
74,"all_inverse_edges,no_changes,universal_edges",222,222,3,0.24101094404856363,0,7,,0.05652950952450434,4.684120633872226,1,0.41013550758361816,1,0.09664979577064514,1,0.2162475287914276,,,,,,,,,,,,,,,,,,,,,,,,,,,
75,"all_inverse_edges,no_changes,universal_edges",225,225,3,0.17978461583455405,0,7,,0.05652950952450434,4.68604556680657,1,0.10716304183006287,1,0.2316535860300064,1,0.20053721964359283,,,,,,,,,,,,,,,,,,,,,,,,,,,
76,"all_inverse_edges,universal_edges,no_changes",228,228,3,0.22152173022429147,0,7,,0.05652950952450434,4.680507462006062,1,0.38965246081352234,1,0.08633452653884888,1,0.18857820332050323,,,,,,,,,,,,,,,,,,,,,,,,,,,
77,"all_inverse_edges,no_changes,universal_edges",231,231,3,0.16127852350473404,0,7,,0.05652950952450434,4.6801844970323145,1,0.0953361764550209,1,0.20039600133895874,1,0.18810339272022247,,,,,,,,,,,,,,,,,,,,,,,,,,,
78,"no_changes,all_inverse_edges,universal_edges",234,234,3,0.11751571545998256,0,7,,0.05652950952450434,4.673456819029525,1,0.0946522131562233,1,0.07588452100753784,1,0.18201041221618652,,,,,,,,,,,,,,,,,,,,,,,,,,,
79,"no_changes,all_inverse_edges,universal_edges",237,237,3,0.2106849749883016,0,7,,0.05652950952450434,4.681741745909676,1,0.38485652208328247,1,0.06906655430793762,1,0.1781318485736847,,,,,,,,,,,,,,,,,,,,,,,,,,,
80,"all_inverse_edges,universal_edges,no_changes",240,240,3,0.2886296560366948,1,8,0.08479487647612889,0.08479487647612889,20.257017235970125,1,0.37308618426322937,1,0.1910877376794815,1,0.30171504616737366,0.0702815130352974,0.0767836943268776,0.035102175346077784,0.07860909690177983,0.16265655899802242,0.966355164346556,0.6532713123122706,0.7903295978905736,0.6985391183440265,0.09997662901878357,0.11109334230422974,0.05718523401450231,0.12261041529334213,0.22412656558998023,0.9702069357736502,0.6727006316725771,0.8005306526038234,0.7178085309288836,0.06073988974094391,0.06650759279727936,0.025873434410019776,0.06361239288068557,0.1504614370468029,0.9682681246526297,0.6644991315197468,0.8053559657218194,0.7118402787049196
81,"no_changes,all_inverse_edges,universal_edges",243,243,3,0.147629385193189,0,8,,0.08479487647612889,4.688899928005412,1,0.09248127788305283,1,0.0685446485877037,1,0.2818622291088104,,,,,,,,,,,,,,,,,,,,,,,,,,,
82,"universal_edges,all_inverse_edges,no_changes",246,246,3,0.15337501714626947,0,8,,0.08479487647612889,4.682448344072327,1,0.08495182543992996,1,0.19966387748718262,1,0.17550934851169586,,,,,,,,,,,,,,,,,,,,,,,,,,,
83,"no_changes,all_inverse_edges,universal_edges",249,249,3,0.15241977075735727,0,8,,0.08479487647612889,4.67897112108767,1,0.08534408360719681,1,0.0943971648812294,1,0.27751806378364563,,,,,,,,,,,,,,,,,,,,,,,,,,,
84,"universal_edges,no_changes,all_inverse_edges",252,252,3,0.2476668506860733,0,8,,0.08479487647612889,4.6986600800883025,1,0.3748667538166046,1,0.18613465130329132,1,0.18199914693832397,,,,,,,,,,,,,,,,,,,,,,,,,,,
85,"no_changes,universal_edges,all_inverse_edges",255,255,3,0.318897287050883,0,8,,0.08479487647612889,4.688095304882154,1,0.12428498268127441,1,0.12903451919555664,1,0.7033723592758179,,,,,,,,,,,,,,,,,,,,,,,,,,,
86,"universal_edges,no_changes,all_inverse_edges",258,258,3,0.3250637004772822,0,8,,0.08479487647612889,4.678521492984146,1,0.47854363918304443,1,0.1921096295118332,1,0.304537832736969,,,,,,,,,,,,,,,,,,,,,,,,,,,
87,"all_inverse_edges,universal_edges,no_changes",261,261,3,0.30646003286043805,0,8,,0.08479487647612889,4.689478263026103,1,0.4123031497001648,1,0.1432487666606903,1,0.363828182220459,,,,,,,,,,,,,,,,,,,,,,,,,,,
88,"no_changes,universal_edges,all_inverse_edges",264,264,3,0.2891075213750203,0,8,,0.08479487647612889,4.675131920026615,1,0.1145692765712738,1,0.4269956648349762,1,0.32575762271881104,,,,,,,,,,,,,,,,,,,,,,,,,,,
89,"no_changes,universal_edges,all_inverse_edges",267,267,3,0.1628254527846972,0,8,,0.08479487647612889,4.6828158118296415,1,0.10669984668493271,1,0.10869762301445007,1,0.27307888865470886,,,,,,,,,,,,,,,,,,,,,,,,,,,
90,"universal_edges,no_changes,all_inverse_edges",270,270,3,0.21988705297311148,1,9,0.07699301838874817,0.08479487647612889,20.284288313938305,1,0.12789015471935272,1,0.27833279967308044,1,0.25343820452690125,0.07000147551298141,0.07674987614154816,0.035596572181938034,0.07992748846407383,0.1623269611074489,0.9540049375056548,0.6145232696273537,0.784030982201714,0.6586251575984277,0.09183819591999054,0.10052401572465897,0.050922874093605804,0.10810810810810811,0.2020435069215557,0.9612754792094821,0.6353714732666349,0.7909690177982861,0.6816477221554064,0.05053766444325447,0.053705163300037384,0.01977587343441002,0.051911667765326304,0.12244561634805537,0.9428761616709966,0.5952436011751412,0.7888529993408042,0.6358254992581819
91,"universal_edges,all_inverse_edges,no_changes",273,273,3,0.2428144117196401,0,9,,0.08479487647612889,4.684927428839728,1,0.4023609757423401,1,0.09485958516597748,1,0.23122267425060272,,,,,,,,,,,,,,,,,,,,,,,,,,,
92,"all_inverse_edges,universal_edges,no_changes",276,276,3,0.13536388923724493,0,9,,0.08479487647612889,4.708791664103046,1,0.10416822135448456,1,0.0869060829281807,1,0.21501736342906952,,,,,,,,,,,,,,,,,,,,,,,,,,,
93,"no_changes,universal_edges,all_inverse_edges",279,279,3,0.12286889553070068,0,9,,0.08479487647612889,4.68854191689752,1,0.0895073339343071,1,0.07611452788114548,1,0.20298482477664948,,,,,,,,,,,,,,,,,,,,,,,,,,,
94,"no_changes,universal_edges,all_inverse_edges",282,282,3,0.11460504680871964,0,9,,0.08479487647612889,4.672171219950542,1,0.0899873822927475,1,0.06612611562013626,1,0.18770164251327515,,,,,,,,,,,,,,,,,,,,,,,,,,,
95,"universal_edges,no_changes,all_inverse_edges",285,285,3,0.10128292938073476,0,9,,0.08479487647612889,4.7404639918822795,1,0.07113621383905411,1,0.05712299793958664,1,0.17558957636356354,,,,,,,,,,,,,,,,,,,,,,,,,,,
96,"all_inverse_edges,no_changes,universal_edges",288,288,3,0.09523581713438034,0,9,,0.08479487647612889,4.689406895078719,1,0.06294072419404984,1,0.05429165065288544,1,0.16847507655620575,,,,,,,,,,,,,,,,,,,,,,,,,,,
97,"universal_edges,all_inverse_edges,no_changes",291,291,3,0.09038236861427625,0,9,,0.08479487647612889,4.680136769078672,1,0.058771081268787384,1,0.04980079457163811,1,0.16257523000240326,,,,,,,,,,,,,,,,,,,,,,,,,,,
98,"universal_edges,all_inverse_edges,no_changes",294,294,3,0.14859211320678392,0,9,,0.08479487647612889,4.682366681983694,1,0.0617397241294384,1,0.22278963029384613,1,0.16124698519706726,,,,,,,,,,,,,,,,,,,,,,,,,,,
99,"no_changes,universal_edges,all_inverse_edges",297,297,3,0.1446533997853597,0,9,,0.08479487647612889,4.680717396084219,1,0.06513898074626923,1,0.19164003431797028,1,0.1771811842918396,,,,,,,,,,,,,,,,,,,,,,,,,,,
100,"universal_edges,all_inverse_edges,no_changes",300,300,3,0.15088711430629095,1,10,0.1379905715584755,0.1379905715584755,20.311871884856373,1,0.07627492398023605,1,0.06365568935871124,1,0.31273072957992554,0.11749573051929474,0.1356884241104126,0.07943309162821358,0.15161502966381016,0.25115359261700726,0.9776648958858428,0.7183452589885496,0.7765557020435069,0.743781531429512,0.14610658586025238,0.16988401114940643,0.1051417270929466,0.1961107448912327,0.30009887936717206,0.9778329261829979,0.7218397601323127,0.796829268292683,0.753524545607408,0.09586308896541595,0.10839927941560745,0.04581410678971654,0.12063282794990111,0.246044825313118,0.975732547468559,0.7051377962006067,0.795273566249176,0.7414654315514023
101,"all_inverse_edges,no_changes,universal_edges",303,303,3,0.09459825977683067,0,10,,0.1379905715584755,4.684139708057046,1,0.05838330462574959,1,0.04659922420978546,1,0.17881225049495697,,,,,,,,,,,,,,,,,,,,,,,,,,,
102,"no_changes,all_inverse_edges,universal_edges",306,306,3,0.20783045142889023,0,10,,0.1379905715584755,4.678784020943567,1,0.3654487133026123,1,0.06809667497873306,1,0.18994596600532532,,,,,,,,,,,,,,,,,,,,,,,,,,,
103,"universal_edges,all_inverse_edges,no_changes",309,309,3,0.1420078525940577,0,10,,0.1379905715584755,4.686412272974849,1,0.06920188665390015,1,0.1798797845840454,1,0.1769418865442276,,,,,,,,,,,,,,,,,,,,,,,,,,,
104,"no_changes,all_inverse_edges,universal_edges",312,312,3,0.11021274700760841,0,10,,0.1379905715584755,4.686962626874447,1,0.05976099148392677,1,0.050742439925670624,1,0.22013480961322784,,,,,,,,,,,,,,,,,,,,,,,,,,,
105,"universal_edges,all_inverse_edges,no_changes",315,315,3,0.08693981791536014,0,10,,0.1379905715584755,4.68140567606315,1,0.055726513266563416,1,0.05803840234875679,1,0.1470545381307602,,,,,,,,,,,,,,,,,,,,,,,,,,,
106,"no_changes,all_inverse_edges,universal_edges",318,318,3,0.25797250866889954,0,10,,0.1379905715584755,4.683724483009428,1,0.35024115443229675,1,0.07032936811447144,1,0.3533470034599304,,,,,,,,,,,,,,,,,,,,,,,,,,,
107,"no_changes,all_inverse_edges,universal_edges",321,321,3,0.18835781266291937,0,10,,0.1379905715584755,4.681591521948576,1,0.06969261914491653,1,0.17930921912193298,1,0.31607159972190857,,,,,,,,,,,,,,,,,,,,,,,,,,,
108,"all_inverse_edges,universal_edges,no_changes",324,324,3,0.10444218417008717,0,10,,0.1379905715584755,4.682708787033334,1,0.051989100873470306,1,0.06418745964765549,1,0.19714999198913574,,,,,,,,,,,,,,,,,,,,,,,,,,,
109,"universal_edges,all_inverse_edges,no_changes",327,327,3,0.13620884095629057,0,10,,0.1379905715584755,4.671754342969507,1,0.05423290655016899,1,0.1798476129770279,1,0.1745460033416748,,,,,,,,,,,,,,,,,,,,,,,,,,,
110,"no_changes,all_inverse_edges,universal_edges",330,330,3,0.11851102486252785,1,11,0.13010068237781525,0.1379905715584755,20.238369963131845,1,0.055995505303144455,1,0.07031349837779999,1,0.2292240709066391,0.11305325478315353,0.13032688200473785,0.07053394858272907,0.14634146341463414,0.2529663810151615,0.9803663060477982,0.7452131446151578,0.7705042847725774,0.7571985164376687,0.1415877640247345,0.16825400292873383,0.10102175346077785,0.19297956493078444,0.3101516150296638,0.9808380834205799,0.7507796560041927,0.7801120632827949,0.7645838338588329,0.08313800394535065,0.09172116219997406,0.038068556361239285,0.0942649967040211,0.21275543836519445,0.9781948375922551,0.7240193444410342,0.786031641397495,0.7509894975376997
111,"no_changes,universal_edges,all_inverse_edges",333,333,3,0.1254802606999874,0,11,,0.1379905715584755,4.6896587000228465,1,0.050497133284807205,1,0.17258629202842712,1,0.1533573567867279,,,,,,,,,,,,,,,,,,,,,,,,,,,
112,"universal_edges,all_inverse_edges,no_changes",336,336,3,0.18239132687449455,0,11,,0.1379905715584755,4.6828541399445385,1,0.3559552729129791,1,0.04559287801384926,1,0.14562582969665527,,,,,,,,,,,,,,,,,,,,,,,,,,,
113,"no_changes,universal_edges,all_inverse_edges",339,339,3,0.12771093969543776,0,11,,0.1379905715584755,4.683693641098216,1,0.04720935598015785,1,0.16717904806137085,1,0.16874441504478455,,,,,,,,,,,,,,,,,,,,,,,,,,,
114,"universal_edges,all_inverse_edges,no_changes",342,342,3,0.23193296790122986,0,11,,0.1379905715584755,4.677186444867402,1,0.3469325304031372,1,0.04564821720123291,1,0.30321815609931946,,,,,,,,,,,,,,,,,,,,,,,,,,,
115,"universal_edges,no_changes,all_inverse_edges",345,345,3,0.11783463259538014,0,11,,0.1379905715584755,4.673143069026992,1,0.04758012294769287,1,0.15190935134887695,1,0.15401442348957062,,,,,,,,,,,,,,,,,,,,,,,,,,,
116,"all_inverse_edges,universal_edges,no_changes",348,348,3,0.1729712300002575,0,11,,0.1379905715584755,4.688265562057495,1,0.3432619273662567,1,0.03817116096615791,1,0.13748060166835785,,,,,,,,,,,,,,,,,,,,,,,,,,,
117,"universal_edges,no_changes,all_inverse_edges",351,351,3,0.11248106261094411,0,11,,0.1379905715584755,4.6894995390903205,1,0.0431705117225647,1,0.03879161179065704,1,0.2554810643196106,,,,,,,,,,,,,,,,,,,,,,,,,,,
118,"universal_edges,no_changes,all_inverse_edges",354,354,3,0.20282571017742157,0,11,,0.1379905715584755,4.669919532025233,1,0.33884987235069275,1,0.14312298595905304,1,0.12650427222251892,,,,,,,,,,,,,,,,,,,,,,,,,,,
119,"universal_edges,no_changes,all_inverse_edges",357,357,3,0.06859199454387029,0,11,,0.1379905715584755,4.683713414007798,1,0.045743927359580994,1,0.032923854887485504,1,0.12710820138454437,,,,,,,,,,,,,,,,,,,,,,,,,,,
120,"universal_edges,all_inverse_edges,no_changes",360,360,3,0.10112965355316798,1,12,0.18962815900643668,0.18962815900643668,20.272425512084737,1,0.04276815801858902,1,0.1380009651184082,1,0.12261983752250671,0.1403576284646988,0.16965487599372864,0.10431773236651286,0.19627554383651943,0.3029004614370468,0.9814843537942534,0.7586642095861947,0.775435069215557,0.7667700364408602,0.17825616896152496,0.21996505558490753,0.1501318391562294,0.25411997363216876,0.35547132498352013,0.9833585378779066,0.7837194799769289,0.7825280158206988,0.783122422355895,0.14977453649044037,0.17926454544067383,0.11107448912326962,0.2059986816084377,0.31657877389584704,0.9809738001990512,0.752327518666863,0.7921324983520106,0.7706817943411548
121,"universal_edges,no_changes,all_inverse_edges",363,363,3,0.13686163847645125,0,12,,0.18962815900643668,4.681846774881706,1,0.04031598940491676,1,0.13723009824752808,1,0.23303882777690887,,,,,,,,,,,,,,,,,,,,,,,,,,,
122,"no_changes,universal_edges,all_inverse_edges",366,366,3,0.06588184585173924,0,12,,0.18962815900643668,4.682364058913663,1,0.037908587604761124,1,0.03523879870772362,1,0.124498151242733,,,,,,,,,,,,,,,,,,,,,,,,,,,
123,"all_inverse_edges,no_changes,universal_edges",369,369,3,0.06886851477126281,0,12,,0.18962815900643668,4.677583851153031,1,0.04245496541261673,1,0.030727563425898552,1,0.13342301547527313,,,,,,,,,,,,,,,,,,,,,,,,,,,
124,"universal_edges,all_inverse_edges,no_changes",372,372,3,0.06537152330080669,0,12,,0.18962815900643668,4.679601171053946,1,0.04670111462473869,1,0.0362226627767086,1,0.11319079250097275,,,,,,,,,,,,,,,,,,,,,,,,,,,
125,"all_inverse_edges,no_changes,universal_edges",375,375,3,0.1080414429306984,0,12,,0.18962815900643668,4.673064215108752,1,0.033999331295490265,1,0.032360658049583435,1,0.2577643394470215,,,,,,,,,,,,,,,,,,,,,,,,,,,
126,"universal_edges,all_inverse_edges,no_changes",378,378,3,0.13548315316438675,0,12,,0.18962815900643668,4.681757966987789,1,0.040249891579151154,1,0.20406921207904816,1,0.16213035583496094,,,,,,,,,,,,,,,,,,,,,,,,,,,
127,"no_changes,universal_edges,all_inverse_edges",381,381,3,0.1944188450773557,0,12,,0.18962815900643668,4.6898763498757035,1,0.06293738633394241,1,0.318111777305603,1,0.20220737159252167,,,,,,,,,,,,,,,,,,,,,,,,,,,
128,"universal_edges,all_inverse_edges,no_changes",384,384,3,0.15922827770312628,0,12,,0.18962815900643668,4.685123938834295,1,0.10477504879236221,1,0.20275072753429413,1,0.17015905678272247,,,,,,,,,,,,,,,,,,,,,,,,,,,
129,"all_inverse_edges,universal_edges,no_changes",387,387,3,0.1895459642012914,0,12,,0.18962815900643668,4.678570820018649,1,0.13115037977695465,1,0.15840530395507812,1,0.27908220887184143,,,,,,,,,,,,,,,,,,,,,,,,,,,
130,"all_inverse_edges,universal_edges,no_changes",390,390,3,0.2258335550626119,1,13,0.1925364484389623,0.1925364484389623,20.270659951958805,1,0.3646405339241028,1,0.11837516725063324,1,0.19448496401309967,0.1476936787366867,0.1777024269104004,0.11568885959129861,0.20583388266315095,0.30009887936717206,0.95009500174493,0.6145703797563367,0.821928147659855,0.6625710329835773,0.17916864156723022,0.21602898836135864,0.14469347396176666,0.2536255767963085,0.35234014502307187,0.9580958289710083,0.6350579677189738,0.8326301911667766,0.6873973587913758,0.1549527943134308,0.18387793004512787,0.11914963744232036,0.20715227422544497,0.3141067897165458,0.9539144596533405,0.6264788015402387,0.841156888595913,0.6786083972268094
131,"universal_edges,no_changes,all_inverse_edges",393,393,3,0.1637795368830363,0,13,,0.1925364484389623,4.680072903865948,1,0.127628892660141,1,0.10548672080039978,1,0.2582229971885681,,,,,,,,,,,,,,,,,,,,,,,,,,,
132,"no_changes,universal_edges,all_inverse_edges",396,396,3,0.12964585920174918,0,13,,0.1925364484389623,4.689864153973758,1,0.07020856440067291,1,0.09353268146514893,1,0.22519633173942566,,,,,,,,,,,,,,,,,,,,,,,,,,,
133,"all_inverse_edges,no_changes,universal_edges",399,399,3,0.19662551954388618,0,13,,0.1925364484389623,4.688255387824029,1,0.06200593337416649,1,0.2615725100040436,1,0.2662981152534485,,,,,,,,,,,,,,,,,,,,,,,,,,,
134,"no_changes,universal_edges,all_inverse_edges",402,402,3,0.14252659678459167,0,13,,0.1925364484389623,4.684950907016173,1,0.09797528386116028,1,0.14102362096309662,1,0.18858088552951813,,,,,,,,,,,,,,,,,,,,,,,,,,,
135,"universal_edges,no_changes,all_inverse_edges",405,405,3,0.09515748172998428,0,13,,0.1925364484389623,4.679882545024157,1,0.07485678791999817,1,0.058641038835048676,1,0.151974618434906,,,,,,,,,,,,,,,,,,,,,,,,,,,
136,"universal_edges,no_changes,all_inverse_edges",408,408,3,0.10864313940207164,0,13,,0.1925364484389623,4.67912365286611,1,0.0981486514210701,1,0.05994965881109238,1,0.16783110797405243,,,,,,,,,,,,,,,,,,,,,,,,,,,
137,"no_changes,all_inverse_edges,universal_edges",411,411,3,0.10372293492158254,0,13,,0.1925364484389623,4.675475399941206,1,0.06127604469656944,1,0.05908075347542763,1,0.19081200659275055,,,,,,,,,,,,,,,,,,,,,,,,,,,
138,"no_changes,all_inverse_edges,universal_edges",414,414,3,0.135298702865839,0,13,,0.1925364484389623,4.6761851909104735,1,0.059466537088155746,1,0.2043956220149994,1,0.14203394949436188,,,,,,,,,,,,,,,,,,,,,,,,,,,
139,"all_inverse_edges,no_changes,universal_edges",417,417,3,0.07814862579107285,0,13,,0.1925364484389623,4.679055297048762,1,0.06119579076766968,1,0.04655598849058151,1,0.12669409811496735,,,,,,,,,,,,,,,,,,,,,,,,,,,
140,"no_changes,all_inverse_edges,universal_edges",420,420,3,0.15787679081161818,1,14,0.20611351231733957,0.20611351231733957,20.304529896005988,1,0.04104221239686012,1,0.17450320720672607,1,0.2580849528312683,0.15619447827339172,0.19242636859416962,0.12788398154251812,0.22132498352010546,0.31954515491100854,0.9728372561945016,0.6838732592093619,0.7828147659854976,0.7219784523479483,0.19102804362773895,0.23747961223125458,0.17023731048121293,0.27488464073829927,0.36354647330257084,0.9729988237879199,0.6880451760182626,0.8011470006591959,0.7304364797066406,0.15815377235412598,0.18843455612659454,0.12030323005932762,0.21835860250494396,0.3264667106130521,0.9728695697131852,0.6872678640609757,0.8010810810810811,0.7298075049509025
141,"all_inverse_edges,universal_edges,no_changes",423,423,3,0.07604205360015233,0,14,,0.20611351231733957,4.687448668060824,1,0.052398379892110825,1,0.05228057876229286,1,0.12344720214605331,,,,,,,,,,,,,,,,,,,,,,,,,,,
142,"no_changes,all_inverse_edges,universal_edges",426,426,3,0.10480143999059995,0,14,,0.20611351231733957,4.675425390014425,1,0.046822503209114075,1,0.03625091537833214,1,0.23133090138435364,,,,,,,,,,,,,,,,,,,,,,,,,,,
143,"no_changes,all_inverse_edges,universal_edges",429,429,3,0.10278276229898135,0,14,,0.20611351231733957,4.680472475010902,1,0.042879898101091385,1,0.15505647659301758,1,0.11041191220283508,,,,,,,,,,,,,,,,,,,,,,,,,,,
144,"all_inverse_edges,no_changes,universal_edges",432,432,3,0.09792882452408473,0,14,,0.20611351231733957,4.690529049839824,1,0.04229789972305298,1,0.14139465987682343,1,0.11009391397237778,,,,,,,,,,,,,,,,,,,,,,,,,,,
145,"all_inverse_edges,no_changes,universal_edges",435,435,3,0.060570242504278816,0,14,,0.20611351231733957,4.682388354791328,1,0.03685605898499489,1,0.0384054072201252,1,0.10644926130771637,,,,,,,,,,,,,,,,,,,,,,,,,,,
146,"no_changes,all_inverse_edges,universal_edges",438,438,3,0.054088871305187546,0,14,,0.20611351231733957,4.6791987309698015,1,0.03409915789961815,1,0.026884084567427635,1,0.10128337144851685,,,,,,,,,,,,,,,,,,,,,,,,,,,
147,"all_inverse_edges,universal_edges,no_changes",441,441,3,0.05038989335298538,0,14,,0.20611351231733957,4.676826730137691,1,0.027233729138970375,1,0.025813957676291466,1,0.0981219932436943,,,,,,,,,,,,,,,,,,,,,,,,,,,
148,"all_inverse_edges,no_changes,universal_edges",444,444,3,0.05110499014457067,0,14,,0.20611351231733957,4.682311302982271,1,0.026278488337993622,1,0.024576283991336823,1,0.10246019810438156,,,,,,,,,,,,,,,,,,,,,,,,,,,
149,"universal_edges,no_changes,all_inverse_edges",447,447,3,0.04781417610744635,0,14,,0.20611351231733957,4.6773726779501885,1,0.027366168797016144,1,0.02248782105743885,1,0.09358853846788406,,,,,,,,,,,,,,,,,,,,,,,,,,,
150,"all_inverse_edges,universal_edges,no_changes",450,450,3,0.17272047512233257,1,15,0.23781541486581168,0.23781541486581168,20.264320669928566,1,0.36815157532691956,1,0.0215232465416193,1,0.12848660349845886,0.18108931183815002,0.23269008100032806,0.16710613052076467,0.26565589980224125,0.35959129861568884,0.9837527628058474,0.7916393941771751,0.7712623599208965,0.7810615424462486,0.21123559772968292,0.269305020570755,0.20517468688200396,0.3055372445616348,0.38810151615029664,0.9852133338503496,0.8152457007123746,0.7791133816743573,0.7960237839515645,0.1711794137954712,0.21145114302635193,0.1376071193144364,0.2516479894528675,0.3567897165458141,0.9845799888841495,0.8017128006856853,0.7886420566908372,0.7950248066319372
151,"no_changes,all_inverse_edges,universal_edges",453,453,3,0.06949739220241706,0,15,,0.23781541486581168,4.677400686079636,1,0.02551734633743763,1,0.025052115321159363,1,0.15792271494865417,,,,,,,,,,,,,,,,,,,,,,,,,,,
152,"universal_edges,no_changes,all_inverse_edges",456,456,3,0.17157964780926704,0,15,,0.23781541486581168,4.67610693606548,1,0.3445735275745392,1,0.03333030268549919,1,0.13683511316776276,,,,,,,,,,,,,,,,,,,,,,,,,,,
153,"no_changes,universal_edges,all_inverse_edges",459,459,3,0.07162175141274929,0,15,,0.23781541486581168,4.683789673028514,1,0.034945905208587646,1,0.023897873237729073,1,0.15602147579193115,,,,,,,,,,,,,,,,,,,,,,,,,,,
154,"universal_edges,no_changes,all_inverse_edges",462,462,3,0.056502798572182655,0,15,,0.23781541486581168,4.6732411920093,1,0.028852097690105438,1,0.022107107564806938,1,0.11854919046163559,,,,,,,,,,,,,,,,,,,,,,,,,,,
155,"universal_edges,no_changes,all_inverse_edges",465,465,3,0.11380935274064541,0,15,,0.23781541486581168,4.678983987076208,1,0.027645530179142952,1,0.1417388916015625,1,0.17204363644123077,,,,,,,,,,,,,,,,,,,,,,,,,,,
156,"no_changes,universal_edges,all_inverse_edges",468,468,3,0.19787962237993875,0,15,,0.23781541486581168,4.683042142074555,1,0.32325202226638794,1,0.13220082223415375,1,0.1381860226392746,,,,,,,,,,,,,,,,,,,,,,,,,,,
157,"universal_edges,no_changes,all_inverse_edges",471,471,3,0.10010654913882415,0,15,,0.23781541486581168,4.671027257107198,1,0.036211512982845306,1,0.028883768245577812,1,0.23522436618804932,,,,,,,,,,,,,,,,,,,,,,,,,,,
158,"universal_edges,all_inverse_edges,no_changes",474,474,3,0.05443559462825457,0,15,,0.23781541486581168,4.675638678018004,1,0.028325004503130913,1,0.021240560337901115,1,0.11374121904373169,,,,,,,,,,,,,,,,,,,,,,,,,,,
159,"all_inverse_edges,universal_edges,no_changes",477,477,3,0.04924719346066316,0,15,,0.23781541486581168,4.683545179897919,1,0.023582644760608673,1,0.020768428221344948,1,0.10339050740003586,,,,,,,,,,,,,,,,,,,,,,,,,,,
160,"all_inverse_edges,no_changes,universal_edges",480,480,3,0.14954790038367113,1,16,0.24855970342954,0.24855970342954,20.269558943109587,1,0.3277633786201477,1,0.019775645807385445,1,0.10110467672348022,0.18894080817699432,0.24735163152217865,0.1806196440342782,0.28394858272907053,0.3734344100197759,0.9848255716261455,0.8077409858008574,0.7808536585365854,0.7936503461682214,0.2220277190208435,0.29504328966140747,0.23335530652603823,0.33371786420566907,0.39963744232036913,0.9866028151537477,0.8374444979774842,0.7927422544495715,0.8134287481733855,0.16526377201080322,0.20328418910503387,0.1267303889255109,0.244067237969677,0.3607448912326961,0.9853878268512415,0.8142068787492627,0.7935761371127225,0.8035227640673197
161,"universal_edges,all_inverse_edges,no_changes",483,483,3,0.0868914599219958,0,16,,0.24855970342954,4.704568983055651,1,0.027779435738921165,1,0.022302748635411263,1,0.21059219539165497,,,,,,,,,,,,,,,,,,,,,,,,,,,
162,"universal_edges,no_changes,all_inverse_edges",486,486,3,0.14361250400543213,0,16,,0.24855970342954,4.684823553077877,1,0.31953462958335876,1,0.020822599530220032,1,0.09048028290271759,,,,,,,,,,,,,,,,,,,,,,,,,,,
163,"universal_edges,all_inverse_edges,no_changes",489,489,3,0.07838101995488007,0,16,,0.24855970342954,4.685858569806442,1,0.02504660375416279,1,0.12226557731628418,1,0.08783087879419327,,,,,,,,,,,,,,,,,,,,,,,,,,,
164,"all_inverse_edges,no_changes,universal_edges",492,492,3,0.14661307881275812,0,16,,0.24855970342954,4.689858349040151,1,0.31423479318618774,1,0.02319832146167755,1,0.10240612179040909,,,,,,,,,,,,,,,,,,,,,,,,,,,
165,"all_inverse_edges,universal_edges,no_changes",495,495,3,0.04682924225926399,0,16,,0.24855970342954,4.6774244259577245,1,0.02767711505293846,1,0.022946782410144806,1,0.08986382931470871,,,,,,,,,,,,,,,,,,,,,,,,,,,
166,"no_changes,all_inverse_edges,universal_edges",498,498,3,0.04926558149357637,0,16,,0.24855970342954,4.683423098176718,1,0.022883106023073196,1,0.024160495027899742,1,0.10075314342975616,,,,,,,,,,,,,,,,,,,,,,,,,,,
167,"all_inverse_edges,no_changes,universal_edges",501,501,3,0.08660428660611312,0,16,,0.24855970342954,4.676316667115316,1,0.029535213485360146,1,0.02637850120663643,1,0.20389914512634277,,,,,,,,,,,,,,,,,,,,,,,,,,,
168,"all_inverse_edges,universal_edges,no_changes",504,504,3,0.08472802614172299,0,16,,0.24855970342954,4.691701642004773,1,0.023823946714401245,1,0.031002681702375412,1,0.19935745000839233,,,,,,,,,,,,,,,,,,,,,,,,,,,
169,"all_inverse_edges,no_changes,universal_edges",507,507,3,0.18431991338729858,0,16,,0.24855970342954,4.67894744197838,1,0.31543275713920593,1,0.13290642201900482,1,0.104620561003685,,,,,,,,,,,,,,,,,,,,,,,,,,,
170,"universal_edges,no_changes,all_inverse_edges",510,510,3,0.05433990557988485,1,17,0.2627224822839101,0.2627224822839101,20.28453299892135,1,0.03419402986764908,1,0.036056146025657654,1,0.09276954084634781,0.18885506689548492,0.24459128081798553,0.18111404087013844,0.27785102175346077,0.36156888595912984,0.98461876510657,0.8058029782568461,0.7741265655899803,0.7890533858924562,0.2243812084197998,0.29369494318962097,0.23038892551087672,0.3309162821357943,0.40524060646011867,0.985691573926868,0.8208468433565625,0.7896934739617667,0.804434012413703,0.1977011263370514,0.24988122284412384,0.18226763348714567,0.28477257745550427,0.3764007910349374,0.9854459911848721,0.8154061277902971,0.7929597890573501,0.8037469572583845
171,"universal_edges,no_changes,all_inverse_edges",513,513,3,0.18237418122589588,0,17,,0.2627224822839101,4.6767000230029225,1,0.31107860803604126,1,0.028980975970625877,1,0.2070629596710205,,,,,,,,,,,,,,,,,,,,,,,,,,,
172,"all_inverse_edges,no_changes,universal_edges",516,516,3,0.18127982318401337,0,17,,0.2627224822839101,4.6766433517914265,1,0.3133224844932556,1,0.024498969316482544,1,0.20601801574230194,,,,,,,,,,,,,,,,,,,,,,,,,,,
173,"no_changes,all_inverse_edges,universal_edges",519,519,3,0.09385536052286625,0,17,,0.2627224822839101,4.674909524153918,1,0.030592216178774834,1,0.12301194667816162,1,0.1279619187116623,,,,,,,,,,,,,,,,,,,,,,,,,,,
174,"all_inverse_edges,no_changes,universal_edges",522,522,3,0.08196568861603737,0,17,,0.2627224822839101,4.691072351997718,1,0.033836182206869125,1,0.02904529869556427,1,0.1830155849456787,,,,,,,,,,,,,,,,,,,,,,,,,,,
175,"no_changes,all_inverse_edges,universal_edges",525,525,3,0.06459952828784783,0,17,,0.2627224822839101,4.681891279993579,1,0.027574723586440086,1,0.038895122706890106,1,0.12732873857021332,,,,,,,,,,,,,,,,,,,,,,,,,,,
176,"no_changes,universal_edges,all_inverse_edges",528,528,3,0.19003036121527353,0,17,,0.2627224822839101,4.683263748884201,1,0.3402569890022278,1,0.12162549048662186,1,0.10820860415697098,,,,,,,,,,,,,,,,,,,,,,,,,,,
177,"universal_edges,all_inverse_edges,no_changes",531,531,3,0.08931328107913335,0,17,,0.2627224822839101,4.680867817951366,1,0.05365903675556183,1,0.07183773070573807,1,0.14244307577610016,,,,,,,,,,,,,,,,,,,,,,,,,,,
178,"all_inverse_edges,no_changes,universal_edges",534,534,3,0.12704944238066673,0,17,,0.2627224822839101,4.681983284885064,1,0.03780192509293556,1,0.13743074238300323,1,0.2059156596660614,,,,,,,,,,,,,,,,,,,,,,,,,,,
179,"no_changes,universal_edges,all_inverse_edges",537,537,3,0.07483168070514996,0,17,,0.2627224822839101,4.680998309981078,1,0.044252365827560425,1,0.035725031048059464,1,0.14451764523983002,,,,,,,,,,,,,,,,,,,,,,,,,,,
180,"no_changes,universal_edges,all_inverse_edges",540,540,3,0.10212727511922519,1,18,0.25020772218704224,0.2627224822839101,20.17081050784327,1,0.03377845510840416,1,0.03597985953092575,1,0.23662351071834564,0.1774555891752243,0.23040775954723358,0.16578773895847065,0.2663150955833883,0.35201054713249835,0.9815748316465677,0.7595324370870773,0.7838793671720501,0.7711266042960019,0.21306689083576202,0.2826802134513855,0.2208305866842452,0.32234673698088334,0.3887607119314436,0.9844248839944679,0.7998084095480467,0.7856558998022413,0.792551701168447,0.1856989562511444,0.23753519356250763,0.17254449571522743,0.271094264996704,0.3607448912326961,0.9835976579161658,0.7851118936469663,0.7979927488464074,0.7914018120785064
181,"all_inverse_edges,universal_edges,no_changes",543,543,3,0.19850456962982813,0,18,,0.2627224822839101,4.680814651073888,1,0.3297029435634613,1,0.03656496852636337,1,0.22924579679965973,,,,,,,,,,,,,,,,,,,,,,,,,,,
182,"all_inverse_edges,no_changes,universal_edges",546,546,3,0.2002875804901123,0,18,,0.2627224822839101,4.688164778985083,1,0.3217644691467285,1,0.13736096024513245,1,0.14173731207847595,,,,,,,,,,,,,,,,,,,,,,,,,,,
183,"universal_edges,no_changes,all_inverse_edges",549,549,3,0.15170008254547915,0,18,,0.2627224822839101,4.68575837300159,1,0.32160404324531555,1,0.030248189345002174,1,0.10324801504611969,,,,,,,,,,,,,,,,,,,,,,,,,,,
184,"no_changes,all_inverse_edges,universal_edges",552,552,3,0.11024510984619458,0,18,,0.2627224822839101,4.674035061849281,1,0.03337673842906952,1,0.023590315133333206,1,0.27376827597618103,,,,,,,,,,,,,,,,,,,,,,,,,,,
185,"no_changes,all_inverse_edges,universal_edges",555,555,3,0.0940697727104028,0,18,,0.2627224822839101,4.73054253612645,1,0.03329075500369072,1,0.020270302891731262,1,0.22864826023578644,,,,,,,,,,,,,,,,,,,,,,,,,,,
186,"no_changes,all_inverse_edges,universal_edges",558,558,3,0.06108401219050089,0,18,,0.2627224822839101,4.688979299971834,1,0.02628561295568943,1,0.019183790311217308,1,0.13778263330459595,,,,,,,,,,,,,,,,,,,,,,,,,,,
187,"universal_edges,no_changes,all_inverse_edges",561,561,3,0.04968812006215254,0,18,,0.2627224822839101,4.673896384891123,1,0.026215065270662308,1,0.01766868866980076,1,0.10518060624599457,,,,,,,,,,,,,,,,,,,,,,,,,,,
188,"no_changes,all_inverse_edges,universal_edges",564,564,3,0.1388726302733024,0,18,,0.2627224822839101,4.6887600668706,1,0.02373374067246914,1,0.15154790878295898,1,0.24133624136447906,,,,,,,,,,,,,,,,,,,,,,,,,,,
189,"all_inverse_edges,universal_edges,no_changes",567,567,3,0.11009375130136807,0,18,,0.2627224822839101,4.685697691980749,1,0.045425768941640854,1,0.1258823126554489,1,0.15897317230701447,,,,,,,,,,,,,,,,,,,,,,,,,,,
190,"universal_edges,no_changes,all_inverse_edges",570,570,3,0.20721000929673514,1,19,0.23172623912493387,0.2627224822839101,20.22888404200785,1,0.316432923078537,1,0.13982683420181274,1,0.16537027060985565,0.18040399253368378,0.23513731360435486,0.16216216216216217,0.27554383651944625,0.37030323005932764,0.9870487417115824,0.871922730707452,0.7504943968358603,0.7988410232572565,0.21235203742980957,0.2825072705745697,0.21456822676334872,0.3246539222148978,0.4030982201713909,0.9874688174544702,0.8726426747310888,0.7657284113381675,0.8098321434268778,0.14742855727672577,0.17753413319587708,0.11222808174027686,0.19676994067237968,0.3121292023731048,0.9864864864864865,0.8480821108042489,0.7645814106789717,0.8003717721410468
191,"universal_edges,all_inverse_edges,no_changes",573,573,3,0.21340362603465715,0,19,,0.2627224822839101,4.708311444846913,1,0.31810393929481506,1,0.037138473242521286,1,0.28496846556663513,,,,,,,,,,,,,,,,,,,,,,,,,,,
192,"all_inverse_edges,no_changes,universal_edges",576,576,3,0.07849631148080032,0,19,,0.2627224822839101,4.70927581586875,1,0.02970053441822529,1,0.02112482115626335,1,0.1846635788679123,,,,,,,,,,,,,,,,,,,,,,,,,,,
193,"universal_edges,all_inverse_edges,no_changes",579,579,3,0.07095716521143913,0,19,,0.2627224822839101,4.6963278111070395,1,0.03737173601984978,1,0.03529960662126541,1,0.1402001529932022,,,,,,,,,,,,,,,,,,,,,,,,,,,
194,"no_changes,universal_edges,all_inverse_edges",582,582,3,0.0667013159642617,0,19,,0.2627224822839101,4.6928020438645035,1,0.03130878880620003,1,0.021431660279631615,1,0.14736349880695343,,,,,,,,,,,,,,,,,,,,,,,,,,,
195,"all_inverse_edges,no_changes,universal_edges",585,585,3,0.06492844223976135,0,19,,0.2627224822839101,4.673263473901898,1,0.04398098960518837,1,0.023279692977666855,1,0.12752464413642883,,,,,,,,,,,,,,,,,,,,,,,,,,,
196,"all_inverse_edges,universal_edges,no_changes",588,588,3,0.05927787100275358,0,19,,0.2627224822839101,4.679663761053234,1,0.04037690535187721,1,0.023419834673404694,1,0.11403687298297882,,,,,,,,,,,,,,,,,,,,,,,,,,,
197,"no_changes,universal_edges,all_inverse_edges",591,591,3,0.09064281110962231,0,19,,0.2627224822839101,4.686659327941015,1,0.037203799933195114,1,0.13595907390117645,1,0.09876555949449539,,,,,,,,,,,,,,,,,,,,,,,,,,,
198,"no_changes,all_inverse_edges,universal_edges",594,594,3,0.052236671869953476,0,19,,0.2627224822839101,4.674540772102773,1,0.027306614443659782,1,0.01946503296494484,1,0.1099383682012558,,,,,,,,,,,,,,,,,,,,,,,,,,,
199,"universal_edges,no_changes,all_inverse_edges",597,597,3,0.08135745736459891,0,19,,0.2627224822839101,4.669552598847076,1,0.0228081364184618,1,0.12807810306549072,1,0.09318613260984421,,,,,,,,,,,,,,,,,,,,,,,,,,,
200,"no_changes,all_inverse_edges,universal_edges",600,600,3,0.057442074020703636,1,20,0.24820270637671152,0.2627224822839101,20.202335801906884,1,0.02239023894071579,1,0.022793598473072052,1,0.12714238464832306,0.18015703558921814,0.23581933975219727,0.1610085695451549,0.2762030323005933,0.38117996044825314,0.98713275686016,0.8741025655090975,0.7508602504943969,0.7997960427433911,0.21162308752536774,0.27888378500938416,0.2069874752801582,0.3249835201054713,0.4021094264996704,0.9875140563806274,0.8777255483995481,0.7605833882663151,0.807932830126654,0.18091239035129547,0.22990499436855316,0.1560646011865524,0.26862228081740275,0.3735992089650626,0.9856980366306047,0.8268775131298705,0.7727389584706658,0.7972409021958564
201,"universal_edges,all_inverse_edges,no_changes",603,603,3,0.09041648792723815,0,20,,0.2627224822839101,4.688904782058671,1,0.027733352035284042,1,0.018057608976960182,1,0.22545850276947021,,,,,,,,,,,,,,,,,,,,,,,,,,,
202,"no_changes,universal_edges,all_inverse_edges",606,606,3,0.08336012065410614,0,20,,0.2627224822839101,4.691114868037403,1,0.01862526684999466,1,0.12450157105922699,1,0.10695352405309677,,,,,,,,,,,,,,,,,,,,,,,,,,,
203,"universal_edges,all_inverse_edges,no_changes",609,609,3,0.05306184353927771,0,20,,0.2627224822839101,4.6803348020184785,1,0.03868144750595093,1,0.028937334194779396,1,0.09156674891710281,,,,,,,,,,,,,,,,,,,,,,,,,,,
204,"no_changes,all_inverse_edges,universal_edges",612,612,3,0.059737803414464,0,20,,0.2627224822839101,4.686951188836247,1,0.03047320991754532,1,0.01707105152308941,1,0.13166914880275726,,,,,,,,,,,,,,,,,,,,,,,,,,,
205,"universal_edges,all_inverse_edges,no_changes",615,615,3,0.0819010715931654,0,20,,0.2627224822839101,4.6838277948554605,1,0.022247347980737686,1,0.029450824484229088,1,0.19400504231452942,,,,,,,,,,,,,,,,,,,,,,,,,,,
206,"all_inverse_edges,universal_edges,no_changes",618,618,3,0.09311976035435994,0,20,,0.2627224822839101,4.684952503070235,1,0.03176143020391464,1,0.02044907957315445,1,0.22714877128601074,,,,,,,,,,,,,,,,,,,,,,,,,,,
207,"universal_edges,all_inverse_edges,no_changes",621,621,3,0.10962696063021819,0,20,,0.2627224822839101,4.686207812977955,1,0.029152682051062584,1,0.12596483528614044,1,0.17376336455345154,,,,,,,,,,,,,,,,,,,,,,,,,,,
208,"universal_edges,all_inverse_edges,no_changes",624,624,3,0.05617844561735789,0,20,,0.2627224822839101,4.684003623900935,1,0.02393537200987339,1,0.019178545102477074,1,0.1254214197397232,,,,,,,,,,,,,,,,,,,,,,,,,,,
209,"universal_edges,no_changes,all_inverse_edges",627,627,3,0.07845087846120198,0,20,,0.2627224822839101,4.685294452123344,1,0.020638033747673035,1,0.11751774698495865,1,0.09719685465097427,,,,,,,,,,,,,,,,,,,,,,,,,,,
210,"all_inverse_edges,universal_edges,no_changes",630,630,3,0.053196907664338745,1,21,0.278704971075058,0.278704971075058,20.287659880006686,1,0.022090375423431396,1,0.01829455979168415,1,0.1192057877779007,0.19905535876750946,0.27295130491256714,0.2089650626235992,0.3081740276862228,0.3862887277521424,0.9864606356715395,0.8456215815756845,0.768121292023731,0.8017440744277369,0.22948379814624786,0.3130825459957123,0.255273566249176,0.34574818721160183,0.4126565589980224,0.9868225470807968,0.8450840667363615,0.785909690177983,0.8125871038365149,0.19427967071533203,0.25008106231689453,0.18078444297956492,0.28526697429136455,0.3849703361898484,0.9846510786252537,0.8003710080396025,0.8004680290046144,0.8004195102541427
211,"universal_edges,no_changes,all_inverse_edges",633,633,3,0.07674727278451125,0,21,,0.278704971075058,4.674776209052652,1,0.020176565274596214,1,0.11991268396377563,1,0.0901525691151619,,,,,,,,,,,,,,,,,,,,,,,,,,,
212,"no_changes,all_inverse_edges,universal_edges",636,636,3,0.0486177783459425,0,21,,0.278704971075058,4.684912601020187,1,0.01822698302567005,1,0.015930965542793274,1,0.11169538646936417,,,,,,,,,,,,,,,,,,,,,,,,,,,
213,"no_changes,universal_edges,all_inverse_edges",639,639,3,0.040713208727538586,0,21,,0.278704971075058,4.680803650058806,1,0.018745049834251404,1,0.013242789544165134,1,0.09015178680419922,,,,,,,,,,,,,,,,,,,,,,,,,,,
214,"no_changes,universal_edges,all_inverse_edges",642,642,3,0.0414413046091795,0,21,,0.278704971075058,4.678590427851304,1,0.01626971922814846,1,0.013628456741571426,1,0.0944257378578186,,,,,,,,,,,,,,,,,,,,,,,,,,,
215,"no_changes,all_inverse_edges,universal_edges",645,645,3,0.07987538383652766,0,21,,0.278704971075058,4.677386206109077,1,0.01620432734489441,1,0.012039762921631336,1,0.21138206124305725,,,,,,,,,,,,,,,,,,,,,,,,,,,
216,"all_inverse_edges,no_changes,universal_edges",648,648,3,0.03672499333818754,0,21,,0.278704971075058,4.673498786054552,1,0.015459379181265831,1,0.011319359764456749,1,0.08339624106884003,,,,,,,,,,,,,,,,,,,,,,,,,,,
217,"no_changes,universal_edges,all_inverse_edges",651,651,3,0.03412471121797959,0,21,,0.278704971075058,4.683717521140352,1,0.014756605960428715,1,0.012567538768053055,1,0.075049988925457,,,,,,,,,,,,,,,,,,,,,,,,,,,
218,"universal_edges,all_inverse_edges,no_changes",654,654,3,0.06803296816845734,0,21,,0.278704971075058,4.68897282704711,1,0.014376865699887276,1,0.11855696886777878,1,0.071165069937706,,,,,,,,,,,,,,,,,,,,,,,,,,,
219,"no_changes,universal_edges,all_inverse_edges",657,657,3,0.13742456833521524,0,21,,0.278704971075058,4.6832342750858516,1,0.3090527355670929,1,0.026674926280975342,1,0.07654604315757751,,,,,,,,,,,,,,,,,,,,,,,,,,,
220,"universal_edges,all_inverse_edges,no_changes",660,660,3,0.13499962103863558,1,22,0.3013805150985718,0.3013805150985718,20.291447737952694,1,0.31048956513404846,1,0.02303537167608738,1,0.07147392630577087,0.2139686644077301,0.2972588837146759,0.23829927488464073,0.33371786420566907,0.40194462755438365,0.9870099654891621,0.862633352374288,0.76226433750824,0.8040204367440326,0.24131819605827332,0.3335000276565552,0.27999340804218853,0.36437046802900463,0.4235332893869479,0.9873783396021559,0.8606264552570394,0.7807020435069215,0.8154516583614555,0.20968052744865417,0.27338263392448425,0.2069874752801582,0.3098220171390903,0.3984838497033619,0.9867514573396926,0.8438555724594073,0.7852274225444957,0.8116761874025761
221,"all_inverse_edges,universal_edges,no_changes",663,663,3,0.0419601791848739,0,22,,0.3013805150985718,4.683507147012278,1,0.01920854113996029,1,0.015304118394851685,1,0.09136787801980972,,,,,,,,,,,,,,,,,,,,,,,,,,,
222,"universal_edges,no_changes,all_inverse_edges",666,666,3,0.0675108681122462,0,22,,0.3013805150985718,4.68723768601194,1,0.015524506568908691,1,0.1085633859038353,1,0.0784447118639946,,,,,,,,,,,,,,,,,,,,,,,,,,,
223,"universal_edges,no_changes,all_inverse_edges",669,669,3,0.07080341627200444,0,22,,0.3013805150985718,4.670523080974817,1,0.015191115438938141,1,0.10530828684568405,1,0.09191084653139114,,,,,,,,,,,,,,,,,,,,,,,,,,,
224,"universal_edges,no_changes,all_inverse_edges",672,672,3,0.03442666741708914,0,22,,0.3013805150985718,4.6854869711678475,1,0.014272460713982582,1,0.012935750186443329,1,0.07607179135084152,,,,,,,,,,,,,,,,,,,,,,,,,,,
225,"all_inverse_edges,universal_edges,no_changes",675,675,3,0.1434687121460835,0,22,,0.3013805150985718,4.683080259012058,1,0.31256675720214844,1,0.012479571625590324,1,0.10535980761051178,,,,,,,,,,,,,,,,,,,,,,,,,,,
226,"universal_edges,no_changes,all_inverse_edges",678,678,3,0.041362288097540535,0,22,,0.3013805150985718,4.678544972091913,1,0.02184365876019001,1,0.018379030749201775,1,0.08386417478322983,,,,,,,,,,,,,,,,,,,,,,,,,,,
227,"universal_edges,no_changes,all_inverse_edges",681,681,3,0.048428052415450416,0,22,,0.3013805150985718,4.67678881296888,1,0.02010858803987503,1,0.016771908849477768,1,0.10840366035699844,,,,,,,,,,,,,,,,,,,,,,,,,,,
228,"no_changes,universal_edges,all_inverse_edges",684,684,3,0.04143119075646003,0,22,,0.3013805150985718,4.683872962836176,1,0.017036939039826393,1,0.014955711551010609,1,0.09230092167854309,,,,,,,,,,,,,,,,,,,,,,,,,,,
229,"all_inverse_edges,universal_edges,no_changes",687,687,3,0.13299310021102428,0,22,,0.3013805150985718,4.679808230139315,1,0.3054255545139313,1,0.012544075027108192,1,0.08100967109203339,,,,,,,,,,,,,,,,,,,,,,,,,,,
230,"all_inverse_edges,universal_edges,no_changes",690,690,3,0.037082068622112274,1,23,0.3043641448020935,0.3043641448020935,20.23171511781402,1,0.01741773448884487,1,0.013757126405835152,1,0.0800713449716568,0.21278460323810577,0.29454442858695984,0.23352010547132498,0.3330586684245221,0.4040870138431114,0.9872490855274213,0.8729098942689653,0.7568951878707977,0.80374367501306,0.23989234864711761,0.33571407198905945,0.28378378378378377,0.36552406064601184,0.4245220830586684,0.9878565796786744,0.8847713564489775,0.7643111404087013,0.812877965776876,0.2144370824098587,0.28283393383026123,0.2198417930125247,0.3150955833882663,0.3998022412656559,0.9871392195638967,0.8585356142571541,0.7742814765985497,0.8105381884296012
231,"no_changes,universal_edges,all_inverse_edges",693,693,3,0.06771595031023026,0,23,,0.3043641448020935,4.682973218150437,1,0.015811942517757416,1,0.11174125224351883,1,0.07559465616941452,,,,,,,,,,,,,,,,,,,,,,,,,,,
232,"all_inverse_edges,no_changes,universal_edges",696,696,3,0.03494523465633392,0,23,,0.3043641448020935,4.673178282100707,1,0.015779197216033936,1,0.01284104585647583,1,0.076215460896492,,,,,,,,,,,,,,,,,,,,,,,,,,,
233,"no_changes,universal_edges,all_inverse_edges",699,699,3,0.13050794353087744,0,23,,0.3043641448020935,4.6810271760914475,1,0.30471116304397583,1,0.0178401917219162,1,0.06897247582674026,,,,,,,,,,,,,,,,,,,,,,,,,,,
234,"all_inverse_edges,universal_edges,no_changes",702,702,3,0.07368347141891718,0,23,,0.3043641448020935,4.680376254953444,1,0.016878020018339157,1,0.014684817753732204,1,0.18948757648468018,,,,,,,,,,,,,,,,,,,,,,,,,,,
235,"no_changes,all_inverse_edges,universal_edges",705,705,3,0.039292195190986,0,23,,0.3043641448020935,4.6819740331266075,1,0.015009313821792603,1,0.021411050111055374,1,0.08145622164011002,,,,,,,,,,,,,,,,,,,,,,,,,,,
236,"no_changes,all_inverse_edges,universal_edges",708,708,3,0.07182267121970654,0,23,,0.3043641448020935,4.681223057908937,1,0.014676297083497047,1,0.11818796396255493,1,0.08260375261306763,,,,,,,,,,,,,,,,,,,,,,,,,,,
237,"no_changes,universal_edges,all_inverse_edges",711,711,3,0.048080425088604294,0,23,,0.3043641448020935,4.685611032880843,1,0.013185108080506325,1,0.049500055611133575,1,0.08155611157417297,,,,,,,,,,,,,,,,,,,,,,,,,,,
238,"all_inverse_edges,universal_edges,no_changes",714,714,3,0.10102453238020341,0,23,,0.3043641448020935,4.6773829949088395,1,0.013697822578251362,1,0.11199938505887985,1,0.177376389503479,,,,,,,,,,,,,,,,,,,,,,,,,,,
239,"universal_edges,all_inverse_edges,no_changes",717,717,3,0.033063431891302265,0,23,,0.3043641448020935,4.684131222078577,1,0.01479415688663721,1,0.015963606536388397,1,0.0684325322508812,,,,,,,,,,,,,,,,,,,,,,,,,,,
240,"universal_edges,no_changes,all_inverse_edges",720,720,3,0.0380021749685208,1,24,0.3096594214439392,0.3096594214439392,20.23856466379948,1,0.015628261491656303,1,0.024384193122386932,1,0.07399407029151917,0.21815970540046692,0.30308496952056885,0.242748846407383,0.33849703361898487,0.4100197758734344,0.9879276694197785,0.895867867371966,0.7541727092946605,0.8089294559069671,0.24322979152202606,0.3386157155036926,0.2865853658536585,0.36783124588002636,0.4260052735662492,0.9885933279046621,0.9061708709927287,0.7659789057350033,0.8208481895385972,0.2164679616689682,0.28727757930755615,0.2247857613711272,0.3180619644034278,0.4044166117336849,0.9880827743094601,0.8832779048563684,0.774439683586025,0.8194573219577195
241,"no_changes,universal_edges,all_inverse_edges",723,723,3,0.06775266708185275,0,24,,0.3096594214439392,4.680533687118441,1,0.014654884114861488,1,0.014462827704846859,1,0.17414028942584991,,,,,,,,,,,,,,,,,,,,,,,,,,,
242,"all_inverse_edges,universal_edges,no_changes",726,726,3,0.0670784351726373,0,24,,0.3096594214439392,4.672885216074064,1,0.017990974709391594,1,0.015203578397631645,1,0.16804075241088867,,,,,,,,,,,,,,,,,,,,,,,,,,,
243,"all_inverse_edges,no_changes,universal_edges",729,729,3,0.06704781701167424,0,24,,0.3096594214439392,4.673520636046305,1,0.014775656163692474,1,0.10765072703361511,1,0.07871706783771515,,,,,,,,,,,,,,,,,,,,,,,,,,,
244,"universal_edges,no_changes,all_inverse_edges",732,732,3,0.03783836215734482,0,24,,0.3096594214439392,4.678420922951773,1,0.018993094563484192,1,0.02624671906232834,1,0.06827527284622192,,,,,,,,,,,,,,,,,,,,,,,,,,,
245,"no_changes,universal_edges,all_inverse_edges",735,735,3,0.051993935058514275,0,24,,0.3096594214439392,4.680322742089629,1,0.01695343106985092,1,0.01814137026667595,1,0.12088700383901596,,,,,,,,,,,,,,,,,,,,,,,,,,,
246,"universal_edges,all_inverse_edges,no_changes",738,738,3,0.08207493834197521,0,24,,0.3096594214439392,4.681379050947726,1,0.0167520884424448,1,0.11446944624185562,1,0.11500328034162521,,,,,,,,,,,,,,,,,,,,,,,,,,,
247,"all_inverse_edges,universal_edges,no_changes",741,741,3,0.07220989403625329,0,24,,0.3096594214439392,4.68025389011018,1,0.0199469905346632,1,0.016765296459197998,1,0.17991739511489868,,,,,,,,,,,,,,,,,,,,,,,,,,,
248,"no_changes,all_inverse_edges,universal_edges",744,744,3,0.09527266025543213,0,24,,0.3096594214439392,4.679071485996246,1,0.020204506814479828,1,0.11161413043737411,1,0.15399934351444244,,,,,,,,,,,,,,,,,,,,,,,,,,,
249,"all_inverse_edges,universal_edges,no_changes",747,747,3,0.05232549148301283,0,24,,0.3096594214439392,4.677398635074496,1,0.031617362052202225,1,0.014684746041893959,1,0.11067436635494232,,,,,,,,,,,,,,,,,,,,,,,,,,,
250,"universal_edges,no_changes,all_inverse_edges",750,750,3,0.04812828575571378,1,25,0.30682867765426636,0.3096594214439392,20.17001838888973,1,0.02541687898337841,1,0.030647968873381615,1,0.08832000941038132,0.21299883723258972,0.29473283886909485,0.2351680949241925,0.3295978905735003,0.40194462755438365,0.9813033980896247,0.7558746855978471,0.8078048780487805,0.77929467989114,0.2411676049232483,0.3371364176273346,0.28477257745550427,0.3671720500988794,0.4263348714568227,0.9823632815024493,0.7672447536698321,0.8233651944627554,0.7924725524747424,0.21952655911445618,0.28861677646636963,0.22330257086354646,0.32729070533948584,0.40557020435069213,0.9799850065273308,0.743055739793729,0.8342649967040211,0.7809656405140775
251,"all_inverse_edges,universal_edges,no_changes",753,753,3,0.06461225636303425,0,25,,0.3096594214439392,4.687237290898338,1,0.03634804114699364,1,0.025490963831543922,1,0.13199776411056519,,,,,,,,,,,,,,,,,,,,,,,,,,,
252,"no_changes,universal_edges,all_inverse_edges",756,756,3,0.05939645630617937,0,25,,0.3096594214439392,4.687936421949416,1,0.029545018449425697,1,0.035797394812107086,1,0.11284695565700531,,,,,,,,,,,,,,,,,,,,,,,,,,,
253,"all_inverse_edges,universal_edges,no_changes",759,759,3,0.05967113872369131,0,25,,0.3096594214439392,4.672091212822124,1,0.02180720493197441,1,0.032751116901636124,1,0.12445509433746338,,,,,,,,,,,,,,,,,,,,,,,,,,,
254,"no_changes,universal_edges,all_inverse_edges",762,762,3,0.05210806615650654,0,25,,0.3096594214439392,4.6803974928334355,1,0.016486288979649544,1,0.03512780740857124,1,0.10471010208129883,,,,,,,,,,,,,,,,,,,,,,,,,,,
255,"universal_edges,no_changes,all_inverse_edges",765,765,3,0.04549923228720824,0,25,,0.3096594214439392,4.68344189110212,1,0.025337396189570427,1,0.021481953561306,1,0.08967834711074829,,,,,,,,,,,,,,,,,,,,,,,,,,,
256,"universal_edges,all_inverse_edges,no_changes",768,768,3,0.04137688813110193,0,25,,0.3096594214439392,4.679987391922623,1,0.020384827628731728,1,0.017550703138113022,1,0.08619513362646103,,,,,,,,,,,,,,,,,,,,,,,,,,,
257,"universal_edges,all_inverse_edges,no_changes",771,771,3,0.19456325160960355,0,25,,0.3096594214439392,4.680490342900157,1,0.3441670536994934,1,0.015804728493094444,1,0.22371797263622284,,,,,,,,,,,,,,,,,,,,,,,,,,,
258,"universal_edges,no_changes,all_inverse_edges",774,774,3,0.060522246484955154,0,25,,0.3096594214439392,4.682062214938924,1,0.031487204134464264,1,0.03059188462793827,1,0.11948765069246292,,,,,,,,,,,,,,,,,,,,,,,,,,,
259,"all_inverse_edges,universal_edges,no_changes",777,777,3,0.1896615419536829,0,25,,0.3096594214439392,4.6817184360697865,1,0.34711095690727234,1,0.024798808619379997,1,0.19707486033439636,,,,,,,,,,,,,,,,,,,,,,,,,,,
260,"universal_edges,no_changes,all_inverse_edges",780,780,3,0.04626325021187464,1,26,0.2968931496143341,0.3096594214439392,20.221711663063616,1,0.028449418023228645,1,0.019064364954829216,1,0.09127596765756607,0.20417197048664093,0.2803346514701843,0.21671061305207648,0.31855636123928804,0.39139749505603166,0.9871392195638967,0.8649576037939117,0.7639452867501648,0.8059704821495646,0.23262746632099152,0.3274320363998413,0.2701054713249835,0.36140408701384313,0.4220500988793672,0.9882766554215622,0.8966536867827973,0.7653328938694792,0.8174165837242161,0.21036598086357117,0.2829127609729767,0.22000659195781147,0.3150955833882663,0.39601186552406065,0.9875075936768907,0.8673013178371677,0.7751153592617007,0.8142918425848478
261,"all_inverse_edges,universal_edges,no_changes",783,783,3,0.07862220021585624,0,26,,0.3096594214439392,4.68985564308241,1,0.02141849882900715,1,0.11505119502544403,1,0.09939690679311752,,,,,,,,,,,,,,,,,,,,,,,,,,,
262,"no_changes,universal_edges,all_inverse_edges",786,786,3,0.055893187721570335,0,26,,0.3096594214439392,4.685202988097444,1,0.02202024683356285,1,0.049145471304655075,1,0.09651384502649307,,,,,,,,,,,,,,,,,,,,,,,,,,,
263,"no_changes,universal_edges,all_inverse_edges",789,789,3,0.042318773145476975,0,26,,0.3096594214439392,4.679818983189762,1,0.021394696086645126,1,0.01614394225180149,1,0.08941768109798431,,,,,,,,,,,,,,,,,,,,,,,,,,,
264,"all_inverse_edges,no_changes,universal_edges",792,792,3,0.04483749158680439,0,26,,0.3096594214439392,4.693592050112784,1,0.014956774190068245,1,0.01332077756524086,1,0.10623492300510406,,,,,,,,,,,,,,,,,,,,,,,,,,,
265,"no_changes,universal_edges,all_inverse_edges",795,795,3,0.0881193857640028,0,26,,0.3096594214439392,4.694152323063463,1,0.01617303676903248,1,0.16107574105262756,1,0.08710937947034836,,,,,,,,,,,,,,,,,,,,,,,,,,,
266,"no_changes,universal_edges,all_inverse_edges",798,798,3,0.06136726836363474,0,26,,0.3096594214439392,4.682098995894194,1,0.020272359251976013,1,0.0787075087428093,1,0.08512193709611893,,,,,,,,,,,,,,,,,,,,,,,,,,,
267,"no_changes,universal_edges,all_inverse_edges",801,801,3,0.10207762258748214,0,26,,0.3096594214439392,4.681888832943514,1,0.020623361691832542,1,0.1846189796924591,1,0.10099052637815475,,,,,,,,,,,,,,,,,,,,,,,,,,,
268,"universal_edges,no_changes,all_inverse_edges",804,804,3,0.09020900788406531,0,26,,0.3096594214439392,4.678068049019203,1,0.05965841934084892,1,0.022368764504790306,1,0.1885998398065567,,,,,,,,,,,,,,,,,,,,,,,,,,,
269,"all_inverse_edges,no_changes,universal_edges",807,807,3,0.09499047075708707,0,26,,0.3096594214439392,4.6804890187922865,1,0.04799526557326317,1,0.11942963302135468,1,0.11754651367664337,,,,,,,,,,,,,,,,,,,,,,,,,,,
270,"no_changes,universal_edges,all_inverse_edges",810,810,3,0.08384427428245544,1,27,0.29250476757685345,0.3096594214439392,20.199145335005596,1,0.05442406237125397,1,0.10026761144399643,1,0.09684114903211594,0.2068292498588562,0.27921128273010254,0.21802900461437047,0.31245880026367834,0.39106789716545814,0.9810513526438921,0.7531636597182962,0.8007317073170732,0.774773929623932,0.23321358859539032,0.3201022446155548,0.26549110085695454,0.3505273566249176,0.4124917600527357,0.9840629725852107,0.7901931187131994,0.8087277521423863,0.7991571513403678,0.21171918511390686,0.27820077538490295,0.21341463414634146,0.3121292023731048,0.39337508239947266,0.9827898199490739,0.7729698625834927,0.812439024390244,0.7912930998943452
271,"no_changes,all_inverse_edges,universal_edges",813,813,3,0.0728456216553847,0,27,,0.3096594214439392,4.68235650495626,1,0.03461283817887306,1,0.06725035607814789,1,0.11667367070913315,,,,,,,,,,,,,,,,,,,,,,,,,,,
272,"no_changes,all_inverse_edges,universal_edges",816,816,3,0.11437840759754181,0,27,,0.3096594214439392,4.68769152299501,1,0.025610923767089844,1,0.1923927664756775,1,0.1251315325498581,,,,,,,,,,,,,,,,,,,,,,,,,,,
273,"no_changes,all_inverse_edges,universal_edges",819,819,3,0.1481634477774302,0,27,,0.3096594214439392,4.6805379369761795,1,0.12512557208538055,1,0.18649302423000336,1,0.13287174701690674,,,,,,,,,,,,,,,,,,,,,,,,,,,
274,"universal_edges,no_changes,all_inverse_edges",822,822,3,0.2573900322119395,0,27,,0.3096594214439392,4.685225184075534,1,0.4093002676963806,1,0.2238389402627945,1,0.13903088867664337,,,,,,,,,,,,,,,,,,,,,,,,,,,
275,"universal_edges,no_changes,all_inverse_edges",825,825,3,0.10060823832949002,0,27,,0.3096594214439392,4.675459834979847,1,0.07911919802427292,1,0.04548170045018196,1,0.1772238165140152,,,,,,,,,,,,,,,,,,,,,,,,,,,
276,"universal_edges,all_inverse_edges,no_changes",828,828,3,0.2716376433769862,0,27,,0.3096594214439392,4.679525553947315,1,0.5448389649391174,1,0.12561988830566406,1,0.14445407688617706,,,,,,,,,,,,,,,,,,,,,,,,,,,
277,"universal_edges,all_inverse_edges,no_changes",831,831,3,0.17681158582369486,0,27,,0.3096594214439392,4.685357434907928,1,0.18925893306732178,1,0.17736275494098663,1,0.16381306946277618,,,,,,,,,,,,,,,,,,,,,,,,,,,
278,"all_inverse_edges,no_changes,universal_edges",834,834,3,0.10859524955352147,0,27,,0.3096594214439392,4.690448934910819,1,0.06675725430250168,1,0.12762166559696198,1,0.13140682876110077,,,,,,,,,,,,,,,,,,,,,,,,,,,
279,"universal_edges,all_inverse_edges,no_changes",837,837,3,0.2510764921704928,0,27,,0.3096594214439392,4.678416074952111,1,0.059563107788562775,1,0.4369059205055237,1,0.25676044821739197,,,,,,,,,,,,,,,,,,,,,,,,,,,
280,"no_changes,universal_edges,all_inverse_edges",840,840,3,0.5303665399551392,1,28,0.22376377880573273,0.3096594214439392,20.198639001930133,1,0.45229974389076233,1,0.8232418894767761,1,0.31555798649787903,0.16981883347034454,0.21437421441078186,0.15392221489782465,0.241430454845089,0.33223467369808835,0.9247805912081378,0.5844105714563755,0.842610415293342,0.6216560214705718,0.19759486615657806,0.25057950615882874,0.1855636123928807,0.2844429795649308,0.3699736321687541,0.9131994261119082,0.5772889997081935,0.8570533948582729,0.609508808309114,0.16840672492980957,0.20633761584758759,0.1402439024390244,0.23549769281476599,0.3360250494396836,0.9245608592810889,0.5878411691352599,0.8638167435728412,0.627011980285649
281,"all_inverse_edges,no_changes,universal_edges",843,843,3,0.3745909631252289,0,28,,0.3096594214439392,4.681717552943155,1,0.38077104091644287,1,0.5311304926872253,1,0.21187135577201843,,,,,,,,,,,,,,,,,,,,,,,,,,,
282,"universal_edges,no_changes,all_inverse_edges",846,846,3,0.1677179460724195,0,28,,0.3096594214439392,4.681696649175137,1,0.22121602296829224,1,0.11840277165174484,1,0.16353504359722137,,,,,,,,,,,,,,,,,,,,,,,,,,,
283,"universal_edges,no_changes,all_inverse_edges",849,849,3,0.16978351275126138,0,28,,0.3096594214439392,4.7308554199989885,1,0.16586047410964966,1,0.14281168580055237,1,0.20067837834358215,,,,,,,,,,,,,,,,,,,,,,,,,,,
284,"universal_edges,all_inverse_edges,no_changes",852,852,3,0.4091216002901395,0,28,,0.3096594214439392,4.685708761913702,1,0.09005316346883774,1,0.6778249144554138,1,0.459486722946167,,,,,,,,,,,,,,,,,,,,,,,,,,,
285,"no_changes,all_inverse_edges,universal_edges",855,855,3,0.15525013456741968,0,28,,0.3096594214439392,4.675767820794135,1,0.06850657612085342,1,0.07917547225952148,1,0.31806835532188416,,,,,,,,,,,,,,,,,,,,,,,,,,,
286,"all_inverse_edges,universal_edges,no_changes",858,858,3,0.21926815311113992,0,28,,0.3096594214439392,4.683641029056162,1,0.4116421341896057,1,0.07745721936225891,1,0.16870510578155518,,,,,,,,,,,,,,,,,,,,,,,,,,,
287,"all_inverse_edges,no_changes,universal_edges",861,861,3,0.09391125043233235,0,28,,0.3096594214439392,4.688219267874956,1,0.05384536460042,1,0.051922332495450974,1,0.1759660542011261,,,,,,,,,,,,,,,,,,,,,,,,,,,
288,"universal_edges,no_changes,all_inverse_edges",864,864,3,0.07188525175054868,0,28,,0.3096594214439392,4.689087650971487,1,0.05217371881008148,1,0.03929011896252632,1,0.12419191747903824,,,,,,,,,,,,,,,,,,,,,,,,,,,
289,"universal_edges,all_inverse_edges,no_changes",867,867,3,0.14196316028634706,0,28,,0.3096594214439392,4.675703158834949,1,0.03622821345925331,1,0.1836143583059311,1,0.2060469090938568,,,,,,,,,,,,,,,,,,,,,,,,,,,
290,"universal_edges,all_inverse_edges,no_changes",870,870,3,0.06820522124568622,1,29,0.23307965199152628,0.3096594214439392,20.205181239871308,1,0.03316447138786316,1,0.034066956490278244,1,0.13738423585891724,0.18014416098594666,0.23009465634822845,0.1629861568885959,0.2613711272247858,0.36140408701384313,0.9853684387400313,0.8189137909807981,0.7767699406723797,0.7962739625026332,0.20511968433856964,0.26191550493240356,0.19479235332893868,0.2963085036255768,0.3897495056031641,0.986570501635064,0.8390971565455853,0.7872346736980883,0.8109124626530986,0.16603977978229523,0.20722879469394684,0.13909030982201714,0.234179301252472,0.34146341463414637,0.985349050628821,0.8124440321538628,0.7975939353988135,0.8048285599351046
291,"all_inverse_edges,no_changes,universal_edges",873,873,3,0.08660193035999934,0,29,,0.3096594214439392,4.673329805955291,1,0.031452205032110214,1,0.028798218816518784,1,0.19955536723136902,,,,,,,,,,,,,,,,,,,,,,,,,,,
292,"universal_edges,all_inverse_edges,no_changes",876,876,3,0.09398130824168523,0,29,,0.3096594214439392,4.762232712004334,1,0.030178986489772797,1,0.15253444015979767,1,0.09923049807548523,,,,,,,,,,,,,,,,,,,,,,,,,,,
293,"no_changes,all_inverse_edges,universal_edges",879,879,3,0.2468201176573833,0,29,,0.3096594214439392,4.680668513057753,1,0.3418622314929962,1,0.03032560832798481,1,0.3682725131511688,,,,,,,,,,,,,,,,,,,,,,,,,,,
294,"universal_edges,all_inverse_edges,no_changes",882,882,3,0.10847175866365433,0,29,,0.3096594214439392,4.682706006104127,1,0.0254525076597929,1,0.023390689864754677,1,0.2765720784664154,,,,,,,,,,,,,,,,,,,,,,,,,,,
295,"universal_edges,no_changes,all_inverse_edges",885,885,3,0.058676259592175484,0,29,,0.3096594214439392,4.678259380860254,1,0.025060538202524185,1,0.02676350809633732,1,0.12420473247766495,,,,,,,,,,,,,,,,,,,,,,,,,,,
296,"all_inverse_edges,universal_edges,no_changes",888,888,3,0.08060649658242862,0,29,,0.3096594214439392,4.68081107805483,1,0.026215940713882446,1,0.016060326248407364,1,0.19954322278499603,,,,,,,,,,,,,,,,,,,,,,,,,,,
297,"all_inverse_edges,no_changes,universal_edges",891,891,3,0.20728308459122977,0,29,,0.3096594214439392,4.677625684067607,1,0.3321576416492462,1,0.14562422037124634,1,0.14406739175319672,,,,,,,,,,,,,,,,,,,,,,,,,,,
298,"universal_edges,all_inverse_edges,no_changes",894,894,3,0.17534815023342767,0,29,,0.3096594214439392,4.6824021700304,1,0.32213982939720154,1,0.06115441769361496,1,0.14275020360946655,,,,,,,,,,,,,,,,,,,,,,,,,,,
299,"universal_edges,no_changes,all_inverse_edges",897,897,3,0.05639447271823883,0,29,,0.3096594214439392,4.680869612842798,1,0.03327241167426109,1,0.0296272374689579,1,0.1062837690114975,,,,,,,,,,,,,,,,,,,,,,,,,,,
300,"no_changes,all_inverse_edges,universal_edges",900,900,3,0.06619340802232425,1,30,0.28131233155727386,0.3096594214439392,20.15629205922596,1,0.02497647888958454,1,0.01874588616192341,1,0.15485785901546478,0.21035048365592957,0.2821452021598816,0.21951219512195122,0.3167435728411338,0.39897824653922215,0.9880310726795662,0.8924503034181517,0.7614930784442979,0.8133009310193526,0.23454104363918304,0.31340694427490234,0.2524719841793013,0.3501977587343441,0.4195781147000659,0.9885222381635581,0.9023430550017624,0.7675576796308503,0.8208226524825935,0.19618095457553864,0.24838484823703766,0.18309162821357944,0.2752142386288728,0.3793671720500989,0.98776610182636,0.8798918548456839,0.7671720500988793,0.8132815680934822
301,"universal_edges,no_changes,all_inverse_edges",903,903,3,0.04258254915475845,0,30,,0.3096594214439392,4.6897839398588985,1,0.02143409103155136,1,0.014672510325908661,1,0.09164104610681534,,,,,,,,,,,,,,,,,,,,,,,,,,,
302,"all_inverse_edges,universal_edges,no_changes",906,906,3,0.09538974550863107,0,30,,0.3096594214439392,4.675249892054126,1,0.019744576886296272,1,0.015874776989221573,1,0.25054988265037537,,,,,,,,,,,,,,,,,,,,,,,,,,,
303,"all_inverse_edges,universal_edges,no_changes",909,909,3,0.08874460123479366,0,30,,0.3096594214439392,4.676615115022287,1,0.01895386166870594,1,0.016214564442634583,1,0.23106537759304047,,,,,,,,,,,,,,,,,,,,,,,,,,,
304,"all_inverse_edges,no_changes,universal_edges",912,912,3,0.13425155418614546,0,30,,0.3096594214439392,4.679599731927738,1,0.01930108480155468,1,0.16044197976589203,1,0.22301159799098969,,,,,,,,,,,,,,,,,,,,,,,,,,,
305,"universal_edges,no_changes,all_inverse_edges",915,915,3,0.17444426752626896,0,30,,0.3096594214439392,4.687613922869787,1,0.32230061292648315,1,0.024036793038249016,1,0.1769953966140747,,,,,,,,,,,,,,,,,,,,,,,,,,,
306,"no_changes,all_inverse_edges,universal_edges",918,918,3,0.21779852484663328,0,30,,0.3096594214439392,4.680345828877762,1,0.31395551562309265,1,0.019974779337644577,1,0.3194652795791626,,,,,,,,,,,,,,,,,,,,,,,,,,,
307,"universal_edges,no_changes,all_inverse_edges",921,921,3,0.043202209596832596,0,30,,0.3096594214439392,4.667421004967764,1,0.023862723261117935,1,0.02548268996179104,1,0.0802612155675888,,,,,,,,,,,,,,,,,,,,,,,,,,,
308,"no_changes,universal_edges,all_inverse_edges",924,924,3,0.13105385998884836,0,30,,0.3096594214439392,4.675794434035197,1,0.028018493205308914,1,0.02896806225180626,1,0.33617502450942993,,,,,,,,,,,,,,,,,,,,,,,,,,,
309,"universal_edges,no_changes,all_inverse_edges",927,927,3,0.14742166300614676,0,30,,0.3096594214439392,4.676133187953383,1,0.027969298884272575,1,0.018343763425946236,1,0.39595192670822144,,,,,,,,,,,,,,,,,,,,,,,,,,,
310,"all_inverse_edges,no_changes,universal_edges",930,930,3,0.07676356099545956,1,31,0.2550617977976799,0.3096594214439392,20.19343303120695,1,0.024349285289645195,1,0.01588677242398262,1,0.19005462527275085,0.2223503440618515,0.3068538308143616,0.251977587343441,0.3383322346736981,0.4037574159525379,0.9878113407525172,0.8823021582571906,0.7657415952537904,0.8130808086223309,0.24080103635787964,0.336905300617218,0.2854317732366513,0.36552406064601184,0.4253460777851022,0.9883348197551928,0.8935458609735518,0.7708536585365854,0.820385701029263,0.10221656411886215,0.12142626196146011,0.056361239288068556,0.13299274884640738,0.2628543177323665,0.9835136427675882,0.7864578974394991,0.7797000659195781,0.7830363563154991
311,"all_inverse_edges,universal_edges,no_changes",933,933,3,0.09820806855956714,0,31,,0.3096594214439392,4.68695481098257,1,0.021160747855901718,1,0.13701187074184418,1,0.1364515870809555,,,,,,,,,,,,,,,,,,,,,,,,,,,
312,"no_changes,universal_edges,all_inverse_edges",936,936,3,0.06026993443568548,0,31,,0.3096594214439392,4.685607796069235,1,0.02068045362830162,1,0.0158853642642498,1,0.144243985414505,,,,,,,,,,,,,,,,,,,,,,,,,,,
313,"no_changes,all_inverse_edges,universal_edges",939,939,3,0.04981727836032709,0,31,,0.3096594214439392,4.6959635249804705,1,0.01903410442173481,1,0.014771249145269394,1,0.11564648151397705,,,,,,,,,,,,,,,,,,,,,,,,,,,
314,"universal_edges,all_inverse_edges,no_changes",942,942,3,0.11686843850960334,0,31,,0.3096594214439392,4.688389130868018,1,0.017796222120523453,1,0.013412836007773876,1,0.3193962574005127,,,,,,,,,,,,,,,,,,,,,,,,,,,
315,"universal_edges,no_changes,all_inverse_edges",945,945,3,0.04585793986916542,0,31,,0.3096594214439392,4.678573612123728,1,0.01618880033493042,1,0.011412795633077621,1,0.10997222363948822,,,,,,,,,,,,,,,,,,,,,,,,,,,
316,"universal_edges,no_changes,all_inverse_edges",948,948,3,0.0402059822032849,0,31,,0.3096594214439392,4.689708717865869,1,0.0161263570189476,1,0.011065742000937462,1,0.09342584758996964,,,,,,,,,,,,,,,,,,,,,,,,,,,
317,"no_changes,all_inverse_edges,universal_edges",951,951,3,0.0379709896321098,0,31,,0.3096594214439392,4.68250769819133,1,0.01521031092852354,1,0.010509531944990158,1,0.0881931260228157,,,,,,,,,,,,,,,,,,,,,,,,,,,
318,"no_changes,all_inverse_edges,universal_edges",954,954,3,0.07264748929689328,0,31,,0.3096594214439392,4.678073053015396,1,0.014071873389184475,1,0.126321479678154,1,0.07754911482334137,,,,,,,,,,,,,,,,,,,,,,,,,,,
319,"no_changes,all_inverse_edges,universal_edges",957,957,3,0.03332185931503773,0,31,,0.3096594214439392,4.679788141977042,1,0.014340567402541637,1,0.014114703051745892,1,0.07151030749082565,,,,,,,,,,,,,,,,,,,,,,,,,,,
320,"no_changes,all_inverse_edges,universal_edges",960,960,3,0.033225439178446926,1,32,0.3193409542242686,0.3193409542242686,20.26516766892746,1,0.016330186277627945,1,0.013959038071334362,1,0.06938709318637848,0.22824770212173462,0.3189021050930023,0.264502307185234,0.35299934080421885,0.41216216216216217,0.9879405948272519,0.8908261302468374,0.7601549110085695,0.8118161882988049,0.25273212790489197,0.35581323504447937,0.31048121292023734,0.3783783783783784,0.4327620303230059,0.9883089689402459,0.8929184798561045,0.7706789716545814,0.8200569225031047,0.21350644528865814,0.2833075225353241,0.2148978246539222,0.32481872116018456,0.4077125906394199,0.9881861775692479,0.8854085027613602,0.7754614370468029,0.8208882681706458
321,"universal_edges,all_inverse_edges,no_changes",963,963,3,0.030969545245170593,0,32,,0.3193409542242686,4.681904183933511,1,0.014811892062425613,1,0.011443298310041428,1,0.06665344536304474,,,,,,,,,,,,,,,,,,,,,,,,,,,
322,"universal_edges,no_changes,all_inverse_edges",966,966,3,0.029216202596823376,0,32,,0.3193409542242686,4.679808102082461,1,0.013778820633888245,1,0.010774694383144379,1,0.0630950927734375,,,,,,,,,,,,,,,,,,,,,,,,,,,
323,"universal_edges,no_changes,all_inverse_edges",969,969,3,0.028810493958493073,0,32,,0.3193409542242686,4.686820450937375,1,0.012804749421775341,1,0.009873790666460991,1,0.06375294178724289,,,,,,,,,,,,,,,,,,,,,,,,,,,
324,"all_inverse_edges,universal_edges,no_changes",972,972,3,0.028394500104089577,0,32,,0.3193409542242686,4.679985544877127,1,0.011428921483457088,1,0.009034685790538788,1,0.06471989303827286,,,,,,,,,,,,,,,,,,,,,,,,,,,
325,"no_changes,universal_edges,all_inverse_edges",975,975,3,0.13225087088843188,0,32,,0.3193409542242686,4.682462279917672,1,0.3231624662876129,1,0.010110707953572273,1,0.06347943842411041,,,,,,,,,,,,,,,,,,,,,,,,,,,
326,"no_changes,all_inverse_edges,universal_edges",978,978,3,0.12705722202857336,0,32,,0.3193409542242686,4.684464036952704,1,0.306522935628891,1,0.011167503893375397,1,0.06348122656345367,,,,,,,,,,,,,,,,,,,,,,,,,,,
327,"all_inverse_edges,no_changes,universal_edges",981,981,3,0.20629610617955527,0,32,,0.3193409542242686,4.673452920047566,1,0.307828426361084,1,0.1168094277381897,1,0.1942504644393921,,,,,,,,,,,,,,,,,,,,,,,,,,,
328,"all_inverse_edges,no_changes,universal_edges",984,984,3,0.06334476731717587,0,32,,0.3193409542242686,4.678724986035377,1,0.015085944905877113,1,0.10871817916631699,1,0.0662301778793335,,,,,,,,,,,,,,,,,,,,,,,,,,,
329,"no_changes,universal_edges,all_inverse_edges",987,987,3,0.1250135482599338,0,32,,0.3193409542242686,4.673584517091513,1,0.3018690347671509,1,0.011645345017313957,1,0.06152626499533653,,,,,,,,,,,,,,,,,,,,,,,,,,,
330,"all_inverse_edges,universal_edges,no_changes",990,990,3,0.028324326500296593,1,33,0.3277090787887573,0.3277090787887573,20.26417060010135,1,0.014830420725047588,1,0.01027460303157568,1,0.05986795574426651,0.23451964557170868,0.33313366770744324,0.2811470006591958,0.36651285431773234,0.41875411997363216,0.988205565680458,0.8990808854300254,0.7602900461437047,0.8144664716553465,0.2535344362258911,0.36062556505203247,0.3152603823335531,0.38414634146341464,0.4358932102834542,0.9890651052774438,0.9223223924032413,0.7658965062623599,0.8256195874768814,0.21640662848949432,0.28936800360679626,0.22231377719182596,0.3328938694792353,0.4124917600527357,0.9886191787196091,0.9033896049081012,0.7697066578773896,0.8227166364700487
331,"no_changes,universal_edges,all_inverse_edges",993,993,3,0.06401379654804866,0,33,,0.3277090787887573,4.688048325013369,1,0.014113465324044228,1,0.011952443048357964,1,0.16597548127174377,,,,,,,,,,,,,,,,,,,,,,,,,,,
332,"no_changes,all_inverse_edges,universal_edges",996,996,3,0.0293710899228851,0,33,,0.3277090787887573,4.678750040009618,1,0.011349144391715527,1,0.010800156742334366,1,0.06596396863460541,,,,,,,,,,,,,,,,,,,,,,,,,,,
333,"universal_edges,all_inverse_edges,no_changes",999,999,3,0.1575542138889432,0,33,,0.3277090787887573,4.6879740881267935,1,0.3027585744857788,1,0.012349306605756283,1,0.1575547605752945,,,,,,,,,,,,,,,,,,,,,,,,,,,
334,"no_changes,universal_edges,all_inverse_edges",1002,1002,3,0.03112044557929039,0,33,,0.3277090787887573,4.6842612938489765,1,0.012651867233216763,1,0.011363414116203785,1,0.06934605538845062,,,,,,,,,,,,,,,,,,,,,,,,,,,
335,"no_changes,universal_edges,all_inverse_edges",1005,1005,3,0.06245184286187092,0,33,,0.3277090787887573,4.682703213999048,1,0.014249824918806553,1,0.010251970961689949,1,0.16285373270511627,,,,,,,,,,,,,,,,,,,,,,,,,,,
336,"all_inverse_edges,no_changes,universal_edges",1008,1008,3,0.13512577985723814,0,33,,0.3277090787887573,4.683994072955102,1,0.2983117997646332,1,0.010226476937532425,1,0.0968390628695488,,,,,,,,,,,,,,,,,,,,,,,,,,,
337,"all_inverse_edges,universal_edges,no_changes",1011,1011,3,0.06039122802515825,0,33,,0.3277090787887573,4.678153885062784,1,0.013462389819324017,1,0.01082905288785696,1,0.15688224136829376,,,,,,,,,,,,,,,,,,,,,,,,,,,
338,"no_changes,all_inverse_edges,universal_edges",1014,1014,3,0.12845610734075308,0,33,,0.3277090787887573,4.679225381929427,1,0.29598313570022583,1,0.009816405363380909,1,0.0795687809586525,,,,,,,,,,,,,,,,,,,,,,,,,,,
339,"no_changes,universal_edges,all_inverse_edges",1017,1017,3,0.05826979875564575,0,33,,0.3277090787887573,4.679499916965142,1,0.012062440626323223,1,0.01019227970391512,1,0.1525546759366989,,,,,,,,,,,,,,,,,,,,,,,,,,,
340,"universal_edges,all_inverse_edges,no_changes",1020,1020,3,0.05838864048322042,1,34,0.32535112897555035,0.3277090787887573,20.211884116055444,1,0.012141436338424683,1,0.008800879120826721,1,0.15422360599040985,0.22990821301937103,0.3249962329864502,0.2701054713249835,0.35893210283454186,0.4174357284113382,0.9885480889785051,0.9139149237825185,0.7570731707317073,0.8164220816565677,0.25300222635269165,0.35830026865005493,0.3108108108108108,0.3823335530652604,0.4386947923533289,0.9892202101671255,0.9299309280238612,0.7641990771259064,0.8265001683369031,0.21837690472602844,0.2927568852901459,0.22445616348055372,0.33272907053394857,0.41381015161502965,0.9886902684607132,0.9025587958872965,0.772972972972973,0.8248134645054415
341,"all_inverse_edges,universal_edges,no_changes",1023,1023,3,0.1310124984011054,0,34,,0.3277090787887573,4.680493607884273,1,0.29960501194000244,1,0.008628484793007374,1,0.0848039984703064,,,,,,,,,,,,,,,,,,,,,,,,,,,
342,"universal_edges,all_inverse_edges,no_changes",1026,1026,3,0.027986128504077595,0,34,,0.3277090787887573,4.6868963309098035,1,0.012627587653696537,1,0.009034366346895695,1,0.06229643151164055,,,,,,,,,,,,,,,,,,,,,,,,,,,
343,"all_inverse_edges,no_changes,universal_edges",1029,1029,3,0.06546399680276711,0,34,,0.3277090787887573,4.67962872190401,1,0.012303780764341354,1,0.009302118793129921,1,0.17478609085083008,,,,,,,,,,,,,,,,,,,,,,,,,,,
344,"universal_edges,no_changes,all_inverse_edges",1032,1032,3,0.12523381474117437,0,34,,0.3277090787887573,4.674951235996559,1,0.29741618037223816,1,0.010326297953724861,1,0.06795896589756012,,,,,,,,,,,,,,,,,,,,,,,,,,,
345,"no_changes,universal_edges,all_inverse_edges",1035,1035,3,0.21149723387012878,0,34,,0.3277090787887573,4.684108753921464,1,0.29289063811302185,1,0.010778267867863178,1,0.33082279562950134,,,,,,,,,,,,,,,,,,,,,,,,,,,
346,"no_changes,all_inverse_edges,universal_edges",1038,1038,3,0.17246758534262577,0,34,,0.3277090787887573,4.684426065068692,1,0.2969631850719452,1,0.009373235516250134,1,0.211066335439682,,,,,,,,,,,,,,,,,,,,,,,,,,,
347,"all_inverse_edges,universal_edges,no_changes",1041,1041,3,0.0555011872202158,0,34,,0.3277090787887573,4.681090452009812,1,0.014484040439128876,1,0.010151570662856102,1,0.14186795055866241,,,,,,,,,,,,,,,,,,,,,,,,,,,
348,"no_changes,all_inverse_edges,universal_edges",1044,1044,3,0.05119389078269402,0,34,,0.3277090787887573,4.676875923061743,1,0.012876611202955246,1,0.010870051570236683,1,0.12983500957489014,,,,,,,,,,,,,,,,,,,,,,,,,,,
349,"all_inverse_edges,no_changes,universal_edges",1047,1047,3,0.0822388930246234,0,34,,0.3277090787887573,4.695356996031478,1,0.013437251560389996,1,0.009396156296133995,1,0.2238832712173462,,,,,,,,,,,,,,,,,,,,,,,,,,,
350,"all_inverse_edges,universal_edges,no_changes",1050,1050,3,0.051696887550254665,1,35,0.3331972658634186,0.3331972658634186,20.22676799003966,1,0.013614997267723083,1,0.010991099290549755,1,0.13048456609249115,0.2290581613779068,0.32509535551071167,0.2727422544495715,0.3581081081081081,0.4136453526697429,0.9876885493815193,0.881976548768715,0.761641397495056,0.8100692412666122,0.25264671444892883,0.3608265221118927,0.31657877389584704,0.3852999340804219,0.43704680290046144,0.9882831181252989,0.898039681771681,0.7640441661173369,0.8169110872364783,0.22968679666519165,0.31366991996765137,0.259228740936058,0.34179301252471983,0.40837178642056693,0.9857626636679722,0.8259510314939683,0.7787475280158207,0.8004132475481182
351,"all_inverse_edges,universal_edges,no_changes",1053,1053,3,0.04386922065168619,0,35,,0.3331972658634186,4.6834281699266285,1,0.012343577109277248,1,0.010222773998975754,1,0.10904131084680557,,,,,,,,,,,,,,,,,,,,,,,,,,,
352,"all_inverse_edges,no_changes,universal_edges",1056,1056,3,0.034265048491458096,0,35,,0.3331972658634186,4.681139538995922,1,0.01208073366433382,1,0.009586157277226448,1,0.08112825453281403,,,,,,,,,,,,,,,,,,,,,,,,,,,
353,"no_changes,universal_edges,all_inverse_edges",1059,1059,3,0.13139043003320694,0,35,,0.3331972658634186,4.672478352906182,1,0.314185231924057,1,0.009566381573677063,1,0.07041967660188675,,,,,,,,,,,,,,,,,,,,,,,,,,,
354,"no_changes,all_inverse_edges,universal_edges",1062,1062,3,0.03457265937079986,0,35,,0.3331972658634186,4.6777306091971695,1,0.01649334654211998,1,0.011029086075723171,1,0.07619554549455643,,,,,,,,,,,,,,,,,,,,,,,,,,,
355,"no_changes,all_inverse_edges,universal_edges",1065,1065,3,0.031859065095583596,0,35,,0.3331972658634186,4.686998437158763,1,0.01981372758746147,1,0.010185707360506058,1,0.06557776033878326,,,,,,,,,,,,,,,,,,,,,,,,,,,
356,"universal_edges,no_changes,all_inverse_edges",1068,1068,3,0.1263843746855855,0,35,,0.3331972658634186,4.684526890981942,1,0.3064258098602295,1,0.010326339863240719,1,0.062400974333286285,,,,,,,,,,,,,,,,,,,,,,,,,,,
357,"no_changes,all_inverse_edges,universal_edges",1071,1071,3,0.15984424203634262,0,35,,0.3331972658634186,4.678536422085017,1,0.29521408677101135,1,0.11656538397073746,1,0.06775325536727905,,,,,,,,,,,,,,,,,,,,,,,,,,,
358,"no_changes,all_inverse_edges,universal_edges",1074,1074,3,0.03192569687962532,0,35,,0.3331972658634186,4.680197965120897,1,0.01574750430881977,1,0.014935316517949104,1,0.06509426981210709,,,,,,,,,,,,,,,,,,,,,,,,,,,
359,"all_inverse_edges,no_changes,universal_edges",1077,1077,3,0.12475824356079102,0,35,,0.3331972658634186,4.683758870931342,1,0.29608145356178284,1,0.01548910140991211,1,0.0627041757106781,,,,,,,,,,,,,,,,,,,,,,,,,,,
360,"all_inverse_edges,no_changes,universal_edges",1080,1080,3,0.02966772299259901,1,36,0.3351641396681468,0.3351641396681468,20.269106610910967,1,0.01476050540804863,1,0.012398061342537403,1,0.061844602227211,0.22862355411052704,0.32774075865745544,0.27389584706657877,0.3597560975609756,0.4189189189189189,0.988599790608399,0.9153550670662465,0.7574225444957152,0.8171040949804314,0.25034278631210327,0.3590422570705414,0.3121292023731048,0.38348714568226766,0.4378707976268952,0.9890651052774438,0.9201490353468923,0.7678345418589321,0.8264507085446589,0.2331121861934662,0.3187094032764435,0.263843111404087,0.34904416611733685,0.4161173368490442,0.9886191787196091,0.9008234831748405,0.7724522083058668,0.8238828081603
361,"no_changes,universal_edges,all_inverse_edges",1083,1083,3,0.026017462213834126,0,36,,0.3351641396681468,4.679066972108558,1,0.011021384969353676,1,0.010346805676817894,1,0.05668419599533081,,,,,,,,,,,,,,,,,,,,,,,,,,,
362,"all_inverse_edges,universal_edges,no_changes",1086,1086,3,0.0254774143298467,0,36,,0.3351641396681468,4.682468757964671,1,0.01174509059637785,1,0.008945786394178867,1,0.05574136599898338,,,,,,,,,,,,,,,,,,,,,,,,,,,
363,"all_inverse_edges,universal_edges,no_changes",1089,1089,3,0.056739152098695435,0,36,,0.3351641396681468,4.679167045978829,1,0.010869165882468224,1,0.10332431644201279,1,0.0560239739716053,,,,,,,,,,,,,,,,,,,,,,,,,,,
364,"universal_edges,no_changes,all_inverse_edges",1092,1092,3,0.06414418698598941,0,36,,0.3351641396681468,4.68229340412654,1,0.011450067162513733,1,0.011479579843580723,1,0.16950291395187378,,,,,,,,,,,,,,,,,,,,,,,,,,,
365,"all_inverse_edges,no_changes,universal_edges",1095,1095,3,0.12141527359684308,0,36,,0.3351641396681468,4.6762210538145155,1,0.29282402992248535,1,0.010284185409545898,1,0.061137605458498,,,,,,,,,,,,,,,,,,,,,,,,,,,
366,"no_changes,all_inverse_edges,universal_edges",1098,1098,3,0.05725211029251417,0,36,,0.3351641396681468,4.685089841019362,1,0.010720279067754745,1,0.1050010696053505,1,0.056034982204437256,,,,,,,,,,,,,,,,,,,,,,,,,,,
367,"universal_edges,all_inverse_edges,no_changes",1101,1101,3,0.027112216378251713,0,36,,0.3351641396681468,4.677241740049794,1,0.013027234002947807,1,0.01600566878914833,1,0.052303746342659,,,,,,,,,,,,,,,,,,,,,,,,,,,
368,"universal_edges,no_changes,all_inverse_edges",1104,1104,3,0.05754197792460521,0,36,,0.3351641396681468,4.677148205926642,1,0.01093417126685381,1,0.10457808524370193,1,0.05711367726325989,,,,,,,,,,,,,,,,,,,,,,,,,,,
369,"no_changes,all_inverse_edges,universal_edges",1107,1107,3,0.030413602168361347,0,36,,0.3351641396681468,4.683648915961385,1,0.010653314180672169,1,0.010600813664495945,1,0.06998667865991592,,,,,,,,,,,,,,,,,,,,,,,,,,,
370,"all_inverse_edges,no_changes,universal_edges",1110,1110,3,0.02802881474296252,1,37,0.3422599534193675,0.3422599534193675,20.221966066863388,1,0.010307804681360722,1,0.008389937691390514,1,0.06538870185613632,0.233043372631073,0.33539798855781555,0.28625576796308505,0.36288727752142386,0.4220500988793672,0.98869673116445,0.9165773163503621,0.7594100197758735,0.8189864473558441,0.2538246810436249,0.36851996183395386,0.32580751483190507,0.38859591298615687,0.4418259723137772,0.9890715679811806,0.927269020880072,0.7618622280817402,0.8239304205245195,0.23327133059501648,0.322861909866333,0.2668094924192485,0.35299934080421885,0.4210613052076467,0.9887613582018173,0.9052232590453806,0.772524719841793,0.8253396354830682
371,"universal_edges,all_inverse_edges,no_changes",1113,1113,3,0.06064383188883463,0,37,,0.3422599534193675,4.6816211610566825,1,0.010413371957838535,1,0.011132112704217434,1,0.16038601100444794,,,,,,,,,,,,,,,,,,,,,,,,,,,
372,"universal_edges,no_changes,all_inverse_edges",1116,1116,3,0.02477958674232165,0,37,,0.3422599534193675,4.6793256010860205,1,0.010626031085848808,1,0.008978614583611488,1,0.054734114557504654,,,,,,,,,,,,,,,,,,,,,,,,,,,
373,"no_changes,universal_edges,all_inverse_edges",1119,1119,3,0.12417728857447703,0,37,,0.3422599534193675,4.677439660066739,1,0.29589641094207764,1,0.010634799487888813,1,0.06600065529346466,,,,,,,,,,,,,,,,,,,,,,,,,,,
374,"no_changes,universal_edges,all_inverse_edges",1122,1122,3,0.12048510772486527,0,37,,0.3422599534193675,4.687609075801447,1,0.29067012667655945,1,0.01024688221514225,1,0.060538314282894135,,,,,,,,,,,,,,,,,,,,,,,,,,,
375,"all_inverse_edges,universal_edges,no_changes",1125,1125,3,0.02680788344393174,0,37,,0.3422599534193675,4.683853287016973,1,0.011046486906707287,1,0.008651139214634895,1,0.06072602421045303,,,,,,,,,,,,,,,,,,,,,,,,,,,
376,"universal_edges,all_inverse_edges,no_changes",1128,1128,3,0.1831906015674273,0,37,,0.3422599534193675,4.683037464041263,1,0.2923339009284973,1,0.10299433022737503,1,0.1542435735464096,,,,,,,,,,,,,,,,,,,,,,,,,,,
377,"no_changes,all_inverse_edges,universal_edges",1131,1131,3,0.03258780979861816,0,37,,0.3422599534193675,4.6786929129157215,1,0.010156086646020412,1,0.011080686002969742,1,0.07652665674686432,,,,,,,,,,,,,,,,,,,,,,,,,,,
378,"universal_edges,no_changes,all_inverse_edges",1134,1134,3,0.15173026267439127,0,37,,0.3422599534193675,4.676525286864489,1,0.2945539355278015,1,0.011913116089999676,1,0.14872373640537262,,,,,,,,,,,,,,,,,,,,,,,,,,,
379,"no_changes,universal_edges,all_inverse_edges",1137,1137,3,0.06140471063554287,0,37,,0.3422599534193675,4.668787545990199,1,0.011992963962256908,1,0.008306129835546017,1,0.16391503810882568,,,,,,,,,,,,,,,,,,,,,,,,,,,
380,"no_changes,universal_edges,all_inverse_edges",1140,1140,3,0.05701296248783668,1,38,0.34046029051144916,0.3422599534193675,20.17768136993982,1,0.011170036159455776,1,0.009243041276931763,1,0.1506258100271225,0.23138977587223053,0.33484452962875366,0.28394858272907053,0.3640408701384311,0.41875411997363216,0.9889293884989724,0.9248263970299804,0.7595286750164799,0.8214236532328976,0.25354713201522827,0.3673442006111145,0.3230059327620303,0.38941990771259066,0.4434739617666447,0.9894399420941745,0.9306413365552095,0.770286750164799,0.831395285997685,0.23181158304214478,0.31919214129447937,0.2595583388266315,0.3498681608437706,0.4245220830586684,0.989110344203601,0.9119717524383646,0.7770632827949902,0.8307632465721506
381,"no_changes,universal_edges,all_inverse_edges",1143,1143,3,0.028995699249207973,0,38,,0.3422599534193675,4.68950621294789,1,0.010171949863433838,1,0.010448847897350788,1,0.0663662999868393,,,,,,,,,,,,,,,,,,,,,,,,,,,
382,"no_changes,all_inverse_edges,universal_edges",1146,1146,3,0.056679065649708114,0,38,,0.3422599534193675,4.680661421036348,1,0.010253429412841797,1,0.012220116332173347,1,0.1475636512041092,,,,,,,,,,,,,,,,,,,,,,,,,,,
383,"all_inverse_edges,universal_edges,no_changes",1149,1149,3,0.17372385412454605,0,38,,0.3422599534193675,4.715926795033738,1,0.29041001200675964,1,0.09476455301046371,1,0.1359969973564148,,,,,,,,,,,,,,,,,,,,,,,,,,,
384,"no_changes,universal_edges,all_inverse_edges",1152,1152,3,0.027633807621896267,0,38,,0.3422599534193675,4.678460224997252,1,0.010999261401593685,1,0.013388017192482948,1,0.05851414427161217,,,,,,,,,,,,,,,,,,,,,,,,,,,
385,"no_changes,all_inverse_edges,universal_edges",1155,1155,3,0.027623275915781658,0,38,,0.3422599534193675,4.670677554095164,1,0.011881235055625439,1,0.010978271253407001,1,0.06001032143831253,,,,,,,,,,,,,,,,,,,,,,,,,,,
386,"universal_edges,no_changes,all_inverse_edges",1158,1158,3,0.08238081044207017,0,38,,0.3422599534193675,4.679204215994105,1,0.015355301089584827,1,0.09634444117546082,1,0.13544268906116486,,,,,,,,,,,,,,,,,,,,,,,,,,,
387,"universal_edges,all_inverse_edges,no_changes",1161,1161,3,0.06150142475962639,0,38,,0.3422599534193675,4.684660212136805,1,0.019805390387773514,1,0.095933698117733,1,0.06876518577337265,,,,,,,,,,,,,,,,,,,,,,,,,,,
388,"universal_edges,no_changes,all_inverse_edges",1164,1164,3,0.03189582626024882,0,38,,0.3422599534193675,4.668746706098318,1,0.017309030517935753,1,0.012026960030198097,1,0.06635148823261261,,,,,,,,,,,,,,,,,,,,,,,,,,,
389,"universal_edges,no_changes,all_inverse_edges",1167,1167,3,0.15248334718247256,0,38,,0.3422599534193675,4.679045469965786,1,0.30040404200553894,1,0.008113021031022072,1,0.14893297851085663,,,,,,,,,,,,,,,,,,,,,,,,,,,
390,"no_changes,all_inverse_edges,universal_edges",1170,1170,3,0.12501757312566042,1,39,0.33466370900472003,0.3422599534193675,20.16675838502124,1,0.291726291179657,1,0.009053139947354794,1,0.07427328824996948,0.2325383871793747,0.3308107852935791,0.2786750164798945,0.3620632827949901,0.41974291364535266,0.987914744012305,0.8894777245239166,0.7607877389584707,0.8118533274131936,0.2534017562866211,0.3592671751976013,0.3131179960448253,0.38068556361239286,0.43951878707976266,0.9886644176457663,0.9078248596056131,0.7666611733684905,0.8218597359224398,0.2306547462940216,0.31391316652297974,0.252636783124588,0.3462425840474621,0.4204021094264997,0.9883218943477193,0.8822625322530724,0.7845748187211602,0.8259447658215818
391,"no_changes,all_inverse_edges,universal_edges",1173,1173,3,0.03267235495150089,0,39,,0.3422599534193675,4.681093177990988,1,0.01375814713537693,1,0.009504813700914383,1,0.07475410401821136,,,,,,,,,,,,,,,,,,,,,,,,,,,
392,"universal_edges,all_inverse_edges,no_changes",1176,1176,3,0.06169537144402663,0,39,,0.3422599534193675,4.733188251033425,1,0.013384027406573296,1,0.10541602969169617,1,0.06628605723381042,,,,,,,,,,,,,,,,,,,,,,,,,,,
393,"no_changes,all_inverse_edges,universal_edges",1179,1179,3,0.07946681386480729,0,39,,0.3422599534193675,4.689062908990309,1,0.011906144209206104,1,0.10326948761940002,1,0.12322480976581573,,,,,,,,,,,,,,,,,,,,,,,,,,,
394,"no_changes,all_inverse_edges,universal_edges",1182,1182,3,0.20211910953124365,0,39,,0.3422599534193675,4.680308748036623,1,0.29395759105682373,1,0.10447000712156296,1,0.20792973041534424,,,,,,,,,,,,,,,,,,,,,,,,,,,
395,"all_inverse_edges,universal_edges,no_changes",1185,1185,3,0.07108556075642507,0,39,,0.3422599534193675,4.681942442897707,1,0.022262906655669212,1,0.014050398953258991,1,0.17694337666034698,,,,,,,,,,,,,,,,,,,,,,,,,,,
396,"universal_edges,no_changes,all_inverse_edges",1188,1188,3,0.045876829574505486,0,39,,0.3422599534193675,4.68224918586202,1,0.013990841805934906,1,0.019386161118745804,1,0.10425348579883575,,,,,,,,,,,,,,,,,,,,,,,,,,,
397,"universal_edges,no_changes,all_inverse_edges",1191,1191,3,0.0694865124921004,0,39,,0.3422599534193675,4.679356821114197,1,0.022341415286064148,1,0.031495969742536545,1,0.1546221524477005,,,,,,,,,,,,,,,,,,,,,,,,,,,
398,"universal_edges,no_changes,all_inverse_edges",1194,1194,3,0.07694367443521817,0,39,,0.3422599534193675,4.682987720938399,1,0.02083827368915081,1,0.026593027636408806,1,0.1833997219800949,,,,,,,,,,,,,,,,,,,,,,,,,,,
399,"no_changes,all_inverse_edges,universal_edges",1197,1197,3,0.09912658110260963,0,39,,0.3422599534193675,4.685202193912119,1,0.011792058125138283,1,0.016008274629712105,1,0.2695794105529785,,,,,,,,,,,,,,,,,,,,,,,,,,,
400,"all_inverse_edges,universal_edges,no_changes",1200,1200,3,0.07940957819422086,1,40,0.3327087163925171,0.3422599534193675,20.19168354314752,1,0.014930677600204945,1,0.013491137884557247,1,0.2098069190979004,0.2277868092060089,0.325708270072937,0.2727422544495715,0.35893210283454186,0.4154581410678972,0.9883606705701398,0.9099039919953196,0.7547165458141067,0.8134551293380184,0.24827881157398224,0.3563631474971771,0.31048121292023734,0.38167435728411336,0.4329268292682927,0.9890327917587602,0.9204752797347184,0.7665260382333554,0.8255568049277899,0.23117397725582123,0.31605473160743713,0.26170072511535925,0.34574818721160183,0.41117336849044167,0.9869065622293742,0.845073144833071,0.7898286090969018,0.8149299664803665
401,"no_changes,universal_edges,all_inverse_edges",1203,1203,3,0.05348823747287194,0,40,,0.3422599534193675,4.686212613945827,1,0.011103657074272633,1,0.02428225800395012,1,0.12507879734039307,,,,,,,,,,,,,,,,,,,,,,,,,,,
402,"all_inverse_edges,universal_edges,no_changes",1206,1206,3,0.0770553086573879,0,40,,0.3422599534193675,4.6715317741036415,1,0.01701144501566887,1,0.011249749921262264,1,0.20290473103523254,,,,,,,,,,,,,,,,,,,,,,,,,,,
403,"no_changes,all_inverse_edges,universal_edges",1209,1209,3,0.08048767720659573,0,40,,0.3422599534193675,4.681122552836314,1,0.01753009669482708,1,0.02941146306693554,1,0.1945214718580246,,,,,,,,,,,,,,,,,,,,,,,,,,,
404,"no_changes,all_inverse_edges,universal_edges",1212,1212,3,0.043612536353369556,0,40,,0.3422599534193675,4.675360537832603,1,0.012685039080679417,1,0.0301918126642704,1,0.08796075731515884,,,,,,,,,,,,,,,,,,,,,,,,,,,
405,"no_changes,universal_edges,all_inverse_edges",1215,1215,3,0.09763463648657005,0,40,,0.3422599534193675,4.68598548299633,1,0.013700338080525398,1,0.11283112317323685,1,0.16637244820594788,,,,,,,,,,,,,,,,,,,,,,,,,,,
406,"no_changes,universal_edges,all_inverse_edges",1218,1218,3,0.033531309415896736,0,40,,0.3422599534193675,4.6786519549787045,1,0.011508330702781677,1,0.020385373383760452,1,0.06870022416114807,,,,,,,,,,,,,,,,,,,,,,,,,,,
407,"no_changes,all_inverse_edges,universal_edges",1221,1221,3,0.061853292398154736,0,40,,0.3422599534193675,4.6871231980621815,1,0.014719358645379543,1,0.01539682038128376,1,0.1554436981678009,,,,,,,,,,,,,,,,,,,,,,,,,,,
408,"no_changes,all_inverse_edges,universal_edges",1224,1224,3,0.05895549772928158,0,40,,0.3422599534193675,4.679435316938907,1,0.012276961468160152,1,0.10081084817647934,1,0.06377868354320526,,,,,,,,,,,,,,,,,,,,,,,,,,,
409,"no_changes,universal_edges,all_inverse_edges",1227,1227,3,0.05541892101367315,0,40,,0.3422599534193675,4.682843631133437,1,0.011225166730582714,1,0.008908574469387531,1,0.1461230218410492,,,,,,,,,,,,,,,,,,,,,,,,,,,
410,"no_changes,universal_edges,all_inverse_edges",1230,1230,3,0.0527526397878925,1,41,0.3385220170021057,0.3422599534193675,20.20273101888597,1,0.010428976267576218,1,0.008425883017480373,1,0.1394030600786209,0.23171646893024445,0.3321819007396698,0.27982860909690177,0.3627224785761371,0.42468688200395516,0.9886450295345561,0.9243334165549191,0.7511470006591958,0.8146657164614626,0.25394728779792786,0.36429813504219055,0.3192155570204351,0.3849703361898484,0.44396835860250494,0.9893236134269133,0.9284213795174805,0.7686123928806856,0.8294698058729733,0.2334710657596588,0.3190860152244568,0.257910349373764,0.3518457481872116,0.4269940672379697,0.9890004782400765,0.903958882897058,0.781852340145023,0.831575044079307
411,"all_inverse_edges,no_changes,universal_edges",1233,1233,3,0.026458812567094963,0,41,,0.3422599534193675,4.692467198939994,1,0.010040134191513062,1,0.008665715344250202,1,0.06067058816552162,,,,,,,,,,,,,,,,,,,,,,,,,,,
412,"all_inverse_edges,universal_edges,no_changes",1236,1236,3,0.0235793919612964,0,41,,0.3422599534193675,4.671570742037147,1,0.010274053551256657,1,0.007803366519510746,1,0.052660755813121796,,,,,,,,,,,,,,,,,,,,,,,,,,,
413,"all_inverse_edges,universal_edges,no_changes",1239,1239,3,0.023615275509655476,0,41,,0.3422599534193675,4.6775327830109745,1,0.0096818832680583,1,0.006659552454948425,1,0.0545043908059597,,,,,,,,,,,,,,,,,,,,,,,,,,,
414,"universal_edges,all_inverse_edges,no_changes",1242,1242,3,0.05149043304845691,0,41,,0.3422599534193675,4.672505455091596,1,0.00922794546931982,1,0.007133356761187315,1,0.1381099969148636,,,,,,,,,,,,,,,,,,,,,,,,,,,
415,"universal_edges,all_inverse_edges,no_changes",1245,1245,3,0.050146387269099556,0,41,,0.3422599534193675,4.673379397019744,1,0.008594266138970852,1,0.0065240683034062386,1,0.13532082736492157,,,,,,,,,,,,,,,,,,,,,,,,,,,
416,"no_changes,universal_edges,all_inverse_edges",1248,1248,3,0.05001854229097565,0,41,,0.3422599534193675,4.679639253998175,1,0.00937740970402956,1,0.0067117116414010525,1,0.13396650552749634,,,,,,,,,,,,,,,,,,,,,,,,,,,
417,"universal_edges,all_inverse_edges,no_changes",1251,1251,3,0.022205178781102102,0,41,,0.3422599534193675,4.6797742289491,1,0.008737731724977493,1,0.006860870402306318,1,0.05101693421602249,,,,,,,,,,,,,,,,,,,,,,,,,,,
418,"no_changes,all_inverse_edges,universal_edges",1254,1254,3,0.0271464460529387,0,41,,0.3422599534193675,4.675354685168713,1,0.009073850698769093,1,0.0062919058836996555,1,0.06607358157634735,,,,,,,,,,,,,,,,,,,,,,,,,,,
419,"all_inverse_edges,no_changes,universal_edges",1257,1257,3,0.18477188547452292,0,41,,0.3422599534193675,4.679229269037023,1,0.3032650947570801,1,0.10075566172599792,1,0.15029489994049072,,,,,,,,,,,,,,,,,,,,,,,,,,,
420,"no_changes,all_inverse_edges,universal_edges",1260,1260,3,0.04517726910610994,1,42,0.33468009034792584,0.3422599534193675,20.140178424073383,1,0.015773791819810867,1,0.01813887618482113,1,0.10161913931369781,0.23447421193122864,0.3294864296913147,0.271753460777851,0.3637112722478576,0.4253460777851022,0.9880569234945131,0.8720162333455459,0.7894462755438365,0.8253417522682254,0.2564040720462799,0.3638377785682678,0.3141067897165458,0.3899143045484509,0.44693473961766644,0.9884705365336642,0.8721690849162499,0.8053230059327621,0.8352953055156684,0.23021966218948364,0.31071606278419495,0.24588002636783124,0.34442979564930787,0.42567567567567566,0.987791952641307,0.8489136216644517,0.8219347396176664,0.83485474395107
421,"all_inverse_edges,no_changes,universal_edges",1263,1263,3,0.03119495138525963,0,42,,0.3422599534193675,4.684727239888161,1,0.011999938637018204,1,0.015248507261276245,1,0.06633640825748444,,,,,,,,,,,,,,,,,,,,,,,,,,,
422,"universal_edges,no_changes,all_inverse_edges",1266,1266,3,0.026046271435916424,0,42,,0.3422599534193675,4.677800557110459,1,0.014657789841294289,1,0.010445508174598217,1,0.053035516291856766,,,,,,,,,,,,,,,,,,,,,,,,,,,
423,"all_inverse_edges,universal_edges,no_changes",1269,1269,3,0.04957750594864289,0,42,,0.3422599534193675,4.684130406007171,1,0.01977807655930519,1,0.008952737785875797,1,0.12000170350074768,,,,,,,,,,,,,,,,,,,,,,,,,,,
424,"all_inverse_edges,no_changes,universal_edges",1272,1272,3,0.09894204636414845,0,42,,0.3422599534193675,4.674026613822207,1,0.013143055140972137,1,0.10446874052286148,1,0.17921434342861176,,,,,,,,,,,,,,,,,,,,,,,,,,,
425,"all_inverse_edges,universal_edges,no_changes",1275,1275,3,0.06864231421301763,0,42,,0.3422599534193675,4.688062916044146,1,0.012853726744651794,1,0.015308099798858166,1,0.1777651160955429,,,,,,,,,,,,,,,,,,,,,,,,,,,
426,"all_inverse_edges,no_changes,universal_edges",1278,1278,3,0.0682782397295038,0,42,,0.3422599534193675,4.677696834085509,1,0.011239892803132534,1,0.009675411507487297,1,0.18391941487789154,,,,,,,,,,,,,,,,,,,,,,,,,,,
427,"all_inverse_edges,universal_edges,no_changes",1281,1281,3,0.05418424587696791,0,42,,0.3422599534193675,4.680285722017288,1,0.015000608749687672,1,0.010105203837156296,1,0.13744692504405975,,,,,,,,,,,,,,,,,,,,,,,,,,,
428,"universal_edges,no_changes,all_inverse_edges",1284,1284,3,0.05894166479508082,0,42,,0.3422599534193675,4.681628633989021,1,0.011216262355446815,1,0.007619304582476616,1,0.15798942744731903,,,,,,,,,,,,,,,,,,,,,,,,,,,
429,"universal_edges,no_changes,all_inverse_edges",1287,1287,3,0.03181206248700619,0,42,,0.3422599534193675,4.689762742025778,1,0.010901911184191704,1,0.008533041924238205,1,0.07600123435258865,,,,,,,,,,,,,,,,,,,,,,,,,,,
430,"universal_edges,no_changes,all_inverse_edges",1290,1290,3,0.02565414411947131,1,43,0.3420867125193278,0.3422599534193675,20.189216451952234,1,0.00872685294598341,1,0.007550745736807585,1,0.06068483367562294,0.23704978823661804,0.3397599756717682,0.29185893210283453,0.3676664469347396,0.4225444957152274,0.9885222381635581,0.9263464052287582,0.7457547791694134,0.8108440472860312,0.2527416944503784,0.36415231227874756,0.3210283454185893,0.3862887277521424,0.43655240606460116,0.9890844933886541,0.9387017059485391,0.753309162821358,0.8202214773206249,0.2332230508327484,0.32234784960746765,0.26895187870797627,0.3492089650626236,0.4149637442320369,0.988599790608399,0.9030891148029794,0.7693737640079104,0.8223800246364941
431,"no_changes,all_inverse_edges,universal_edges",1293,1293,3,0.03394274724026521,0,43,,0.3422599534193675,4.6815531339962035,1,0.00853678211569786,1,0.007839253172278404,1,0.08545220643281937,,,,,,,,,,,,,,,,,,,,,,,,,,,
432,"no_changes,universal_edges,all_inverse_edges",1296,1296,3,0.0274457943936189,0,43,,0.3422599534193675,4.6889049739111215,1,0.009275558404624462,1,0.007130295969545841,1,0.0659315288066864,,,,,,,,,,,,,,,,,,,,,,,,,,,
433,"all_inverse_edges,universal_edges,no_changes",1299,1299,3,0.0701892680178086,0,43,,0.3422599534193675,4.674968644976616,1,0.010271476581692696,1,0.10655385255813599,1,0.0937424749135971,,,,,,,,,,,,,,,,,,,,,,,,,,,
434,"universal_edges,all_inverse_edges,no_changes",1302,1302,3,0.032681223625938095,0,43,,0.3422599534193675,4.683184162015095,1,0.009630612097680569,1,0.014720178209245205,1,0.07369288057088852,,,,,,,,,,,,,,,,,,,,,,,,,,,
435,"no_changes,all_inverse_edges,universal_edges",1305,1305,3,0.13510806237657866,0,43,,0.3422599534193675,4.679374918108806,1,0.3010135889053345,1,0.01154186949133873,1,0.09276872873306274,,,,,,,,,,,,,,,,,,,,,,,,,,,
436,"universal_edges,all_inverse_edges,no_changes",1308,1308,3,0.026339724970360596,0,43,,0.3422599534193675,4.6840802419465035,1,0.013604387640953064,1,0.009804495610296726,1,0.055610291659832,,,,,,,,,,,,,,,,,,,,,,,,,,,
437,"no_changes,all_inverse_edges,universal_edges",1311,1311,3,0.19601006557544073,0,43,,0.3422599534193675,4.680740032112226,1,0.2982691824436188,1,0.09891695529222488,1,0.19084405899047852,,,,,,,,,,,,,,,,,,,,,,,,,,,
438,"no_changes,universal_edges,all_inverse_edges",1314,1314,3,0.049723138101398945,0,43,,0.3422599534193675,4.689975945977494,1,0.016579588875174522,1,0.010003195144236088,1,0.12258663028478622,,,,,,,,,,,,,,,,,,,,,,,,,,,
439,"all_inverse_edges,universal_edges,no_changes",1317,1317,3,0.06300048778454463,0,43,,0.3422599534193675,4.675101689063013,1,0.0137840136885643,1,0.10034924000501633,1,0.07486820966005325,,,,,,,,,,,,,,,,,,,,,,,,,,,
440,"universal_edges,no_changes,all_inverse_edges",1320,1320,3,0.03193688578903675,1,44,0.34547916054725647,0.34547916054725647,20.24269774509594,1,0.014444852247834206,1,0.0212220698595047,1,0.06014373525977135,0.2344999462366104,0.3367657959461212,0.28592617007251153,0.36387607119314436,0.42468688200395516,0.9887225819793969,0.9180226855645752,0.7589386947923533,0.8190377251741143,0.2551109492778778,0.3692931532859802,0.3261371127224786,0.3917270929466051,0.4441331575477917,0.9891168069073377,0.9258235484423469,0.7644693473961767,0.8255388180077088,0.23957493901252747,0.33037853240966797,0.2752142386288728,0.3607448912326961,0.4250164798945287,0.9889423139064459,0.9161594118608629,0.7676104152933421,0.825092279127748
441,"universal_edges,no_changes,all_inverse_edges",1323,1323,3,0.02791710353145997,0,44,,0.34547916054725647,4.683188799070194,1,0.010876658372581005,1,0.01084369607269764,1,0.06203095614910126,,,,,,,,,,,,,,,,,,,,,,,,,,,
442,"all_inverse_edges,universal_edges,no_changes",1326,1326,3,0.026544488966464996,0,44,,0.34547916054725647,4.672878609970212,1,0.011742335744202137,1,0.009288239292800426,1,0.058602891862392426,,,,,,,,,,,,,,,,,,,,,,,,,,,
443,"no_changes,all_inverse_edges,universal_edges",1329,1329,3,0.025953807557622593,0,44,,0.34547916054725647,4.6754331341944635,1,0.00851669441908598,1,0.010081782005727291,1,0.059262946248054504,,,,,,,,,,,,,,,,,,,,,,,,,,,
444,"no_changes,universal_edges,all_inverse_edges",1332,1332,3,0.08911153767257929,0,44,,0.34547916054725647,4.68479080311954,1,0.011132295243442059,1,0.09427445381879807,1,0.16192786395549774,,,,,,,,,,,,,,,,,,,,,,,,,,,
445,"all_inverse_edges,universal_edges,no_changes",1335,1335,3,0.028491518460214138,0,44,,0.34547916054725647,4.686555478023365,1,0.012591191567480564,1,0.011766094714403152,1,0.0611172690987587,,,,,,,,,,,,,,,,,,,,,,,,,,,
446,"all_inverse_edges,no_changes,universal_edges",1338,1338,3,0.1238318094983697,0,44,,0.34547916054725647,4.688492256915197,1,0.3030725121498108,1,0.012363980524241924,1,0.056058935821056366,,,,,,,,,,,,,,,,,,,,,,,,,,,
447,"no_changes,all_inverse_edges,universal_edges",1341,1341,3,0.05235746937493483,0,44,,0.34547916054725647,4.689774888800457,1,0.010787328705191612,1,0.09254194796085358,1,0.05374313145875931,,,,,,,,,,,,,,,,,,,,,,,,,,,
448,"universal_edges,all_inverse_edges,no_changes",1344,1344,3,0.14803247526288033,0,44,,0.34547916054725647,4.677633173996583,1,0.3023297190666199,1,0.09363725781440735,1,0.048130448907613754,,,,,,,,,,,,,,,,,,,,,,,,,,,
449,"all_inverse_edges,no_changes,universal_edges",1347,1347,3,0.0303389059069256,0,44,,0.34547916054725647,4.678824295988306,1,0.009532397612929344,1,0.00713001424446702,1,0.07435430586338043,,,,,,,,,,,,,,,,,,,,,,,,,,,
450,"all_inverse_edges,universal_edges,no_changes",1350,1350,3,0.02602748681480686,1,45,0.3399164080619812,0.34547916054725647,20.179019360104576,1,0.010737857781350613,1,0.007398847956210375,1,0.05994575470685959,0.2322576344013214,0.33650967478752136,0.28427818061964405,0.36684245220830586,0.42172050098879366,0.9888906122765521,0.9281117401850509,0.7556328279499012,0.8192651338247365,0.253462016582489,0.36965957283973694,0.3261371127224786,0.3909030982201714,0.44297956493078444,0.9894464047979112,0.9376864013650082,0.7647989452867502,0.8291424127515542,0.22624485194683075,0.3135799765586853,0.2582399472643375,0.34113381674357285,0.4100197758734344,0.9888970749802888,0.9088744457992586,0.7732399472643375,0.8270118380530027
451,"all_inverse_edges,universal_edges,no_changes",1353,1353,3,0.028744020344068606,0,45,,0.34547916054725647,4.677319525042549,1,0.009850526228547096,1,0.007093914318829775,1,0.06928762048482895,,,,,,,,,,,,,,,,,,,,,,,,,,,
452,"no_changes,all_inverse_edges,universal_edges",1356,1356,3,0.030593011217812698,0,45,,0.34547916054725647,4.669729215092957,1,0.01058143936097622,1,0.007514414377510548,1,0.07368317991495132,,,,,,,,,,,,,,,,,,,,,,,,,,,
453,"all_inverse_edges,universal_edges,no_changes",1359,1359,3,0.02502356997380654,0,45,,0.34547916054725647,4.675481442129239,1,0.010249854996800423,1,0.006852037273347378,1,0.05796881765127182,,,,,,,,,,,,,,,,,,,,,,,,,,,
454,"no_changes,universal_edges,all_inverse_edges",1362,1362,3,0.16725623980164528,0,45,,0.34547916054725647,4.6784478710033,1,0.3402872383594513,1,0.10101541876792908,1,0.060466062277555466,,,,,,,,,,,,,,,,,,,,,,,,,,,
455,"all_inverse_edges,no_changes,universal_edges",1365,1365,3,0.03318518896897634,0,45,,0.34547916054725647,4.6791614959947765,1,0.022084740921854973,1,0.012404965236783028,1,0.06506586074829102,,,,,,,,,,,,,,,,,,,,,,,,,,,
456,"no_changes,all_inverse_edges,universal_edges",1368,1368,3,0.02760452249397834,0,45,,0.34547916054725647,4.683280284050852,1,0.016421420499682426,1,0.008826159872114658,1,0.05756598711013794,,,,,,,,,,,,,,,,,,,,,,,,,,,
457,"no_changes,all_inverse_edges,universal_edges",1371,1371,3,0.026224303990602493,0,45,,0.34547916054725647,4.675161111867055,1,0.017219051718711853,1,0.008169181644916534,1,0.05328467860817909,,,,,,,,,,,,,,,,,,,,,,,,,,,
458,"no_changes,universal_edges,all_inverse_edges",1374,1374,3,0.023261199705302715,0,45,,0.34547916054725647,4.687198976054788,1,0.010885698720812798,1,0.009358975104987621,1,0.04953892529010773,,,,,,,,,,,,,,,,,,,,,,,,,,,
459,"no_changes,all_inverse_edges,universal_edges",1377,1377,3,0.02637877967208624,0,45,,0.34547916054725647,4.67308203689754,1,0.01272255927324295,1,0.008041479624807835,1,0.05837230011820793,,,,,,,,,,,,,,,,,,,,,,,,,,,
460,"no_changes,universal_edges,all_inverse_edges",1380,1380,3,0.02295590564608574,1,46,0.34539644916852313,0.34547916054725647,20.167560399044305,1,0.010597692802548409,1,0.007967697456479073,1,0.050302326679229736,0.2348051369190216,0.3421068489551544,0.29383651944627553,0.3711272247857614,0.4205669083717864,0.9886450295345561,0.9330717716251725,0.7443638760711931,0.8114270573582678,0.2550870478153229,0.36900416016578674,0.3261371127224786,0.3882663150955834,0.44034278180619646,0.9891426577222847,0.9451225482904104,0.7504317732366512,0.8195034091581372,0.23307666182518005,0.3250783383846283,0.27191825972313777,0.35299934080421885,0.41084377059986815,0.9887807463130275,0.921567794766593,0.7576763348714568,0.8190624921114645
461,"universal_edges,no_changes,all_inverse_edges",1383,1383,3,0.12052881950512528,0,46,,0.34547916054725647,4.682915822137147,1,0.3022591471672058,1,0.006530858110636473,1,0.05279645323753357,,,,,,,,,,,,,,,,,,,,,,,,,,,
462,"universal_edges,no_changes,all_inverse_edges",1386,1386,3,0.15088578748206297,0,46,,0.34547916054725647,4.684448192128912,1,0.2924575209617615,1,0.008240556344389915,1,0.15195928514003754,,,,,,,,,,,,,,,,,,,,,,,,,,,
463,"no_changes,universal_edges,all_inverse_edges",1389,1389,3,0.02354402095079422,0,46,,0.34547916054725647,4.684033153112978,1,0.009641197510063648,1,0.0076486049219965935,1,0.05334226042032242,,,,,,,,,,,,,,,,,,,,,,,,,,,
464,"no_changes,all_inverse_edges,universal_edges",1392,1392,3,0.023952811180303495,0,46,,0.34547916054725647,4.677897559013218,1,0.009421003982424736,1,0.006515889894217253,1,0.055921539664268494,,,,,,,,,,,,,,,,,,,,,,,,,,,
465,"all_inverse_edges,universal_edges,no_changes",1395,1395,3,0.08123480590681235,0,46,,0.34547916054725647,4.679731867974624,1,0.0088545773178339,1,0.09571430087089539,1,0.13913553953170776,,,,,,,,,,,,,,,,,,,,,,,,,,,
466,"universal_edges,no_changes,all_inverse_edges",1398,1398,3,0.11585138831287622,0,46,,0.34547916054725647,4.683651539031416,1,0.2878319323062897,1,0.008096235804259777,1,0.051625996828079224,,,,,,,,,,,,,,,,,,,,,,,,,,,
467,"all_inverse_edges,universal_edges,no_changes",1401,1401,3,0.049944822366038956,0,46,,0.34547916054725647,4.678913869895041,1,0.008963676169514656,1,0.09039776772260666,1,0.05047302320599556,,,,,,,,,,,,,,,,,,,,,,,,,,,
468,"all_inverse_edges,no_changes,universal_edges",1404,1404,3,0.024700428048769634,0,46,,0.34547916054725647,4.672716909088194,1,0.008233671076595783,1,0.005773528479039669,1,0.06009408459067345,,,,,,,,,,,,,,,,,,,,,,,,,,,
469,"universal_edges,no_changes,all_inverse_edges",1407,1407,3,0.11502779275178909,0,46,,0.34547916054725647,4.685817980905995,1,0.289648175239563,1,0.006367851048707962,1,0.04906735196709633,,,,,,,,,,,,,,,,,,,,,,,,,,,
470,"universal_edges,all_inverse_edges,no_changes",1410,1410,3,0.0527704997609059,1,47,0.34942469994227093,0.34942469994227093,20.2259426349774,1,0.009778937324881554,1,0.08778925985097885,1,0.0607433021068573,0.23686324059963226,0.34436944127082825,0.29482531311799604,0.37475280158206986,0.4278180619644034,0.9884252976075071,0.9162912153730822,0.7510349373764008,0.8123830091216908,0.25605452060699463,0.3708219826221466,0.3256427158866183,0.39353988134475937,0.44693473961766644,0.9890004782400765,0.9285962437154277,0.7585959129861569,0.8217424195915344,0.23844009637832642,0.3330826759338379,0.2781806196440343,0.36288727752142386,0.42649967040210945,0.9887161192756602,0.908366507889248,0.7678180619644035,0.822881112417972
471,"universal_edges,all_inverse_edges,no_changes",1413,1413,3,0.025199453346431255,0,47,,0.34942469994227093,4.682817048160359,1,0.008032180368900299,1,0.008294128812849522,1,0.059272050857543945,,,,,,,,,,,,,,,,,,,,,,,,,,,
472,"universal_edges,all_inverse_edges,no_changes",1416,1416,3,0.025159214312831562,0,47,,0.34942469994227093,4.679655931890011,1,0.008657573722302914,1,0.007182157598435879,1,0.05963791161775589,,,,,,,,,,,,,,,,,,,,,,,,,,,
473,"universal_edges,no_changes,all_inverse_edges",1419,1419,3,0.023976506975789864,0,47,,0.34942469994227093,4.6882535729091614,1,0.007849933579564095,1,0.0061876485124230385,1,0.05789193883538246,,,,,,,,,,,,,,,,,,,,,,,,,,,
474,"all_inverse_edges,no_changes,universal_edges",1422,1422,3,0.12287254460776846,0,47,,0.34942469994227093,4.673182665836066,1,0.29291602969169617,1,0.005740175489336252,1,0.06996142864227295,,,,,,,,,,,,,,,,,,,,,,,,,,,
475,"all_inverse_edges,no_changes,universal_edges",1425,1425,3,0.05546878774960836,0,47,,0.34942469994227093,4.690203855978325,1,0.01041463017463684,1,0.09013338387012482,1,0.06585834920406342,,,,,,,,,,,,,,,,,,,,,,,,,,,
476,"universal_edges,all_inverse_edges,no_changes",1428,1428,3,0.026275379893680412,0,47,,0.34942469994227093,4.68791578989476,1,0.010848119854927063,1,0.008406593464314938,1,0.05957142636179924,,,,,,,,,,,,,,,,,,,,,,,,,,,
477,"no_changes,universal_edges,all_inverse_edges",1431,1431,3,0.06443152700861295,0,47,,0.34942469994227093,4.683538238983601,1,0.008421320468187332,1,0.09412043541669846,1,0.09075282514095306,,,,,,,,,,,,,,,,,,,,,,,,,,,
478,"no_changes,universal_edges,all_inverse_edges",1434,1434,3,0.14203389609853426,0,47,,0.34942469994227093,4.678690031869337,1,0.2980041801929474,1,0.009071167558431625,1,0.11902634054422379,,,,,,,,,,,,,,,,,,,,,,,,,,,
479,"universal_edges,no_changes,all_inverse_edges",1437,1437,3,0.13588448396573463,0,47,,0.34942469994227093,4.670043603982776,1,0.2908606231212616,1,0.007876508869230747,1,0.10891631990671158,,,,,,,,,,,,,,,,,,,,,,,,,,,
480,"universal_edges,no_changes,all_inverse_edges",1440,1440,3,0.05983004036049048,1,48,0.3506384491920471,0.3506384491920471,20.276791792130098,1,0.009335124865174294,1,0.0072544291615486145,1,0.16290056705474854,0.23491071164608002,0.34325364232063293,0.2954845088991431,0.3694792353328939,0.4225444957152274,0.9889681647213928,0.9316398760053699,0.755187870797627,0.819866245177592,0.25442051887512207,0.3729460835456848,0.33223467369808835,0.3918918918918919,0.4411667765326302,0.9894916437240684,0.940240275057891,0.7641760052735662,0.8293559645217465,0.2389041930437088,0.3357156217098236,0.285596572181938,0.3600856954515491,0.42122610415293343,0.9889423139064459,0.9096749285251298,0.7739090309822017,0.8277502356616997
481,"universal_edges,all_inverse_edges,no_changes",1443,1443,3,0.03011461238687237,0,48,,0.3506384491920471,4.6832770050968975,1,0.01039912924170494,1,0.007541433442384005,1,0.07240327447652817,,,,,,,,,,,,,,,,,,,,,,,,,,,
482,"universal_edges,no_changes,all_inverse_edges",1446,1446,3,0.054232516791671515,0,48,,0.3506384491920471,4.672487064963207,1,0.008749048225581646,1,0.006949962582439184,1,0.1469985395669937,,,,,,,,,,,,,,,,,,,,,,,,,,,
483,"universal_edges,all_inverse_edges,no_changes",1449,1449,3,0.02774730883538723,0,48,,0.3506384491920471,4.740267127053812,1,0.010143348947167397,1,0.007478863000869751,1,0.06561971455812454,,,,,,,,,,,,,,,,,,,,,,,,,,,
484,"all_inverse_edges,no_changes,universal_edges",1452,1452,3,0.055087496216098465,0,48,,0.3506384491920471,4.681296250084415,1,0.008325455710291862,1,0.09219782054424286,1,0.06473921239376068,,,,,,,,,,,,,,,,,,,,,,,,,,,
485,"no_changes,all_inverse_edges,universal_edges",1455,1455,3,0.02536960660169522,0,48,,0.3506384491920471,4.673720564926043,1,0.00867103785276413,1,0.008635635487735271,1,0.05880214646458626,,,,,,,,,,,,,,,,,,,,,,,,,,,
486,"no_changes,universal_edges,all_inverse_edges",1458,1458,3,0.05270086694508791,0,48,,0.3506384491920471,4.677655719220638,1,0.008702799677848816,1,0.0073425909504294395,1,0.14205721020698547,,,,,,,,,,,,,,,,,,,,,,,,,,,
487,"universal_edges,no_changes,all_inverse_edges",1461,1461,3,0.04873461555689573,0,48,,0.3506384491920471,4.681572200031951,1,0.008461269550025463,1,0.005998460575938225,1,0.1317441165447235,,,,,,,,,,,,,,,,,,,,,,,,,,,
488,"universal_edges,no_changes,all_inverse_edges",1464,1464,3,0.07637650333344936,0,48,,0.3506384491920471,4.671132736839354,1,0.008441099897027016,1,0.09254828840494156,1,0.12814012169837952,,,,,,,,,,,,,,,,,,,,,,,,,,,
489,"no_changes,universal_edges,all_inverse_edges",1467,1467,3,0.02163721698646744,0,48,,0.3506384491920471,4.677968227071688,1,0.007132848724722862,1,0.0072204177267849445,1,0.050558384507894516,,,,,,,,,,,,,,,,,,,,,,,,,,,
490,"no_changes,universal_edges,all_inverse_edges",1470,1470,3,0.020919117610901594,1,49,0.34842316309611004,0.3506384491920471,20.210408555110916,1,0.008205479010939598,1,0.0070302714593708515,1,0.04752160236239433,0.23598842322826385,0.34193408489227295,0.2900461437046803,0.3735992089650626,0.42748846407382995,0.9889100003877622,0.9470526630280424,0.7423994726433751,0.813222812160391,0.25695303082466125,0.37191540002822876,0.3284442979564931,0.39337508239947266,0.44693473961766644,0.9893559269455969,0.9523493289965891,0.7516710613052077,0.8223456837503165,0.23871776461601257,0.33142000436782837,0.27653263019116675,0.36041529334212263,0.4258404746209624,0.9891491204260214,0.9323071351655549,0.7601252471984179,0.8239727207245124
491,"universal_edges,all_inverse_edges,no_changes",1473,1473,3,0.0189019120298326,0,49,,0.3506384491920471,4.682263776194304,1,0.007425223011523485,1,0.0062396340072155,1,0.04304087907075882,,,,,,,,,,,,,,,,,,,,,,,,,,,
492,"no_changes,all_inverse_edges,universal_edges",1476,1476,3,0.04935698009406527,0,49,,0.3506384491920471,4.698320711962879,1,0.007884093560278416,1,0.0058318679220974445,1,0.13435497879981995,,,,,,,,,,,,,,,,,,,,,,,,,,,
493,"no_changes,all_inverse_edges,universal_edges",1479,1479,3,0.021829829396059115,0,49,,0.3506384491920471,4.685423274990171,1,0.007870564237236977,1,0.005849969107657671,1,0.0517689548432827,,,,,,,,,,,,,,,,,,,,,,,,,,,
494,"universal_edges,all_inverse_edges,no_changes",1482,1482,3,0.14168192818760872,0,49,,0.3506384491920471,4.678253192920238,1,0.29338058829307556,1,0.0878891721367836,1,0.043776024132966995,,,,,,,,,,,,,,,,,,,,,,,,,,,
495,"universal_edges,no_changes,all_inverse_edges",1485,1485,3,0.0315259350463748,0,49,,0.3506384491920471,4.681384854018688,1,0.011298191733658314,1,0.010170314460992813,1,0.07310929894447327,,,,,,,,,,,,,,,,,,,,,,,,,,,
496,"all_inverse_edges,no_changes,universal_edges",1488,1488,3,0.1156366029754281,0,49,,0.3506384491920471,4.675309445010498,1,0.011937974952161312,1,0.011128772050142288,1,0.3238430619239807,,,,,,,,,,,,,,,,,,,,,,,,,,,
497,"no_changes,all_inverse_edges,universal_edges",1491,1491,3,0.20148764364421368,0,49,,0.3506384491920471,4.67767749982886,1,0.29504817724227905,1,0.011866817250847816,1,0.29754793643951416,,,,,,,,,,,,,,,,,,,,,,,,,,,
498,"all_inverse_edges,universal_edges,no_changes",1494,1494,3,0.04773429594933987,0,49,,0.3506384491920471,4.681544214952737,1,0.01173908356577158,1,0.013525531627237797,1,0.11793827265501022,,,,,,,,,,,,,,,,,,,,,,,,,,,
499,"no_changes,universal_edges,all_inverse_edges",1497,1497,3,0.21014495193958282,0,49,,0.3506384491920471,4.680926779052243,1,0.29505956172943115,1,0.099061518907547,1,0.23631377518177032,,,,,,,,,,,,,,,,,,,,,,,,,,,
500,"universal_edges,all_inverse_edges,no_changes",1500,1500,3,0.05756209728618463,1,50,0.34090155363082886,0.3506384491920471,20.133857584092766,1,0.02632535994052887,1,0.020322604104876518,1,0.1260383278131485,0.2293412685394287,0.3255271315574646,0.2752142386288728,0.3548121292023731,0.4116677653263019,0.9861181123734926,0.839686227530638,0.7640705339485827,0.7969140352985427,0.2514643967151642,0.36574816703796387,0.3210283454185893,0.3912326961107449,0.4386947923533289,0.9872426228236845,0.8626504959539991,0.7717501647989453,0.8103880559031773,0.24222001433372498,0.3314293622970581,0.28098220171390903,0.36041529334212263,0.4149637442320369,0.9820659971305595,0.7656953528085568,0.7842913645352669,0.7746598329197383
501,"universal_edges,all_inverse_edges,no_changes",1503,1503,3,0.07488676657279332,0,50,,0.3506384491920471,4.692037999164313,1,0.010798538103699684,1,0.01212473027408123,1,0.20173703134059906,,,,,,,,,,,,,,,,,,,,,,,,,,,
502,"universal_edges,all_inverse_edges,no_changes",1506,1506,3,0.07488076854497194,0,50,,0.3506384491920471,4.68080061301589,1,0.009905110113322735,1,0.02257237210869789,1,0.1921648234128952,,,,,,,,,,,,,,,,,,,,,,,,,,,
503,"all_inverse_edges,universal_edges,no_changes",1509,1509,3,0.07277025872220595,0,50,,0.3506384491920471,4.6869381801225245,1,0.02804897539317608,1,0.012053807266056538,1,0.17820799350738525,,,,,,,,,,,,,,,,,,,,,,,,,,,
504,"universal_edges,no_changes,all_inverse_edges",1512,1512,3,0.04835661811133226,0,50,,0.3506384491920471,4.675155699951574,1,0.022198310121893883,1,0.013013575226068497,1,0.1098579689860344,,,,,,,,,,,,,,,,,,,,,,,,,,,
505,"universal_edges,no_changes,all_inverse_edges",1515,1515,3,0.06363933781782787,0,50,,0.3506384491920471,4.675108195049688,1,0.01263935025781393,1,0.010826208628714085,1,0.16745245456695557,,,,,,,,,,,,,,,,,,,,,,,,,,,
506,"universal_edges,all_inverse_edges,no_changes",1518,1518,3,0.029972741069893043,0,50,,0.3506384491920471,4.681095748208463,1,0.012330078519880772,1,0.011523578315973282,1,0.06606456637382507,,,,,,,,,,,,,,,,,,,,,,,,,,,
507,"all_inverse_edges,no_changes,universal_edges",1521,1521,3,0.129786872304976,0,50,,0.3506384491920471,4.677744210930541,1,0.29902172088623047,1,0.008792976848781109,1,0.08154591917991638,,,,,,,,,,,,,,,,,,,,,,,,,,,
508,"all_inverse_edges,universal_edges,no_changes",1524,1524,3,0.02899889803181092,0,50,,0.3506384491920471,4.692912597907707,1,0.0147342374548316,1,0.011671977117657661,1,0.0605904795229435,,,,,,,,,,,,,,,,,,,,,,,,,,,
509,"all_inverse_edges,no_changes,universal_edges",1527,1527,3,0.03089066594839096,0,50,,0.3506384491920471,4.678970757871866,1,0.013878506608307362,1,0.01161190401762724,1,0.06718158721923828,,,,,,,,,,,,,,,,,,,,,,,,,,,
510,"all_inverse_edges,universal_edges,no_changes",1530,1530,3,0.026168976289530594,1,51,0.33331552147865295,0.3506384491920471,20.19957220298238,1,0.010354922153055668,1,0.007954966276884079,1,0.06019704043865204,0.23346193134784698,0.32693594694137573,0.26961107448912325,0.36255767963085034,0.4199077125906394,0.9888712241653418,0.9359561408142973,0.7490013183915623,0.8159875494598647,0.2511630952358246,0.35376426577568054,0.30273566249176004,0.3829927488464074,0.43951878707976266,0.9893042253157031,0.9450122200825356,0.7551977587343441,0.8234032267443003,0.2335858941078186,0.3192463517189026,0.2615359261700725,0.34772577455504283,0.42023731048121293,0.9888130598317112,0.9063785418065782,0.773035596572182,0.8260755444197283
511,"universal_edges,all_inverse_edges,no_changes",1533,1533,3,0.12771475656578937,0,51,,0.3506384491920471,4.677298495080322,1,0.3121395707130432,1,0.008913363330066204,1,0.06209133565425873,,,,,,,,,,,,,,,,,,,,,,,,,,,
512,"all_inverse_edges,no_changes,universal_edges",1536,1536,3,0.031783162616193295,0,51,,0.3506384491920471,4.675612698076293,1,0.018501877784729004,1,0.008924146182835102,1,0.06792346388101578,,,,,,,,,,,,,,,,,,,,,,,,,,,
513,"universal_edges,no_changes,all_inverse_edges",1539,1539,3,0.03890011397500833,0,51,,0.3506384491920471,4.68147582304664,1,0.03812675178050995,1,0.022202758118510246,1,0.05637083202600479,,,,,,,,,,,,,,,,,,,,,,,,,,,
514,"all_inverse_edges,universal_edges,no_changes",1542,1542,3,0.07085646533717711,0,51,,0.3506384491920471,4.679791350848973,1,0.014433558098971844,1,0.11239892244338989,1,0.08573691546916962,,,,,,,,,,,,,,,,,,,,,,,,,,,
515,"no_changes,all_inverse_edges,universal_edges",1545,1545,3,0.0410671237235268,0,51,,0.3506384491920471,4.692117263097316,1,0.01447610929608345,1,0.014702570624649525,1,0.09402269124984741,,,,,,,,,,,,,,,,,,,,,,,,,,,
516,"no_changes,universal_edges,all_inverse_edges",1548,1548,3,0.06426429065565269,0,51,,0.3506384491920471,4.685850739944726,1,0.01710435189306736,1,0.010811939835548401,1,0.16487658023834229,,,,,,,,,,,,,,,,,,,,,,,,,,,
517,"universal_edges,all_inverse_edges,no_changes",1551,1551,3,0.1290383927213649,0,51,,0.3506384491920471,4.680494477041066,1,0.31211140751838684,1,0.00779753690585494,1,0.0672062337398529,,,,,,,,,,,,,,,,,,,,,,,,,,,
518,"all_inverse_edges,no_changes,universal_edges",1554,1554,3,0.040091391342381634,0,51,,0.3506384491920471,4.682347802910954,1,0.01114695519208908,1,0.009344982914626598,1,0.09978223592042923,,,,,,,,,,,,,,,,,,,,,,,,,,,
519,"no_changes,universal_edges,all_inverse_edges",1557,1557,3,0.12623675633221865,0,51,,0.3506384491920471,4.682033122051507,1,0.2988474667072296,1,0.009389481507241726,1,0.0704733207821846,,,,,,,,,,,,,,,,,,,,,,,,,,,
520,"all_inverse_edges,universal_edges,no_changes",1560,1560,3,0.07762689143419266,1,52,0.3243095874786377,0.3506384491920471,20.172830377938226,1,0.013617977499961853,1,0.10042747110128403,1,0.11883522570133209,0.22394144535064697,0.31790515780448914,0.26203032300593276,0.3531641397495056,0.41430454845088993,0.9875399071955744,0.8971144298464531,0.739601186552406,0.7980724941083891,0.24620358645915985,0.3504452109336853,0.2986156888595913,0.3818391562294001,0.4382003955174687,0.9883025062365091,0.9203930250283192,0.7437046802900461,0.8076199730676175,0.22424976527690887,0.30457839369773865,0.2443968358602505,0.34080421885299933,0.40557020435069213,0.9874494293432601,0.8808339314696543,0.7542518127883981,0.8043807015467944
521,"universal_edges,no_changes,all_inverse_edges",1563,1563,3,0.06158028170466423,0,52,,0.3506384491920471,4.685325817903504,1,0.011313553899526596,1,0.007535181939601898,1,0.1658921092748642,,,,,,,,,,,,,,,,,,,,,,,,,,,
522,"no_changes,all_inverse_edges,universal_edges",1566,1566,3,0.03288138719896475,0,52,,0.3506384491920471,4.694127564784139,1,0.012868438847362995,1,0.008056585676968098,1,0.07771913707256317,,,,,,,,,,,,,,,,,,,,,,,,,,,
523,"universal_edges,no_changes,all_inverse_edges",1569,1569,3,0.026843391669293244,0,52,,0.3506384491920471,4.681306204060093,1,0.015300685539841652,1,0.007276962511241436,1,0.057952526956796646,,,,,,,,,,,,,,,,,,,,,,,,,,,
524,"all_inverse_edges,universal_edges,no_changes",1572,1572,3,0.032935913652181625,0,52,,0.3506384491920471,4.6801430359482765,1,0.009395097382366657,1,0.006596124731004238,1,0.08281651884317398,,,,,,,,,,,,,,,,,,,,,,,,,,,
525,"no_changes,all_inverse_edges,universal_edges",1575,1575,3,0.036088100944956146,0,52,,0.3506384491920471,4.693690840853378,1,0.00931907445192337,1,0.007107926532626152,1,0.09183730185031891,,,,,,,,,,,,,,,,,,,,,,,,,,,
526,"universal_edges,all_inverse_edges,no_changes",1578,1578,3,0.18808858344952264,0,52,,0.3506384491920471,4.680575265083462,1,0.2955365777015686,1,0.10737784951925278,1,0.16135132312774658,,,,,,,,,,,,,,,,,,,,,,,,,,,
527,"no_changes,universal_edges,all_inverse_edges",1581,1581,3,0.039346569838623204,0,52,,0.3506384491920471,4.688753267051652,1,0.012098697014153004,1,0.027071654796600342,1,0.07886935770511627,,,,,,,,,,,,,,,,,,,,,,,,,,,
528,"no_changes,universal_edges,all_inverse_edges",1584,1584,3,0.0288912042354544,0,52,,0.3506384491920471,4.677741233026609,1,0.015079464763402939,1,0.010899039916694164,1,0.0606951080262661,,,,,,,,,,,,,,,,,,,,,,,,,,,
529,"no_changes,universal_edges,all_inverse_edges",1587,1587,3,0.05862598462651173,0,52,,0.3506384491920471,4.6849108908791095,1,0.010464540682733059,1,0.010123882442712784,1,0.15528953075408936,,,,,,,,,,,,,,,,,,,,,,,,,,,
530,"all_inverse_edges,universal_edges,no_changes",1590,1590,3,0.024788274119297665,1,53,0.3455647925535838,0.3506384491920471,20.18112663505599,1,0.009241372346878052,1,0.008771736174821854,1,0.056351713836193085,0.2389151155948639,0.34359973669052124,0.2984508899143046,0.36684245220830586,0.42023731048121293,0.9888712241653418,0.9353012958375406,0.7494858272907053,0.8162159766321961,0.25626739859580994,0.36801841855049133,0.3249835201054713,0.38843111404087016,0.4411667765326302,0.9894011658717541,0.9389130060461812,0.7625148319050759,0.8276764703766049,0.23522278666496277,0.32507622241973877,0.269116677653263,0.3571193144363876,0.41825972313777193,0.9890651052774438,0.9164759004864318,0.7712261041529334,0.8278859510004809
531,"no_changes,universal_edges,all_inverse_edges",1593,1593,3,0.024445802283783753,0,53,,0.3506384491920471,4.68172670295462,1,0.008890748023986816,1,0.009605334140360355,1,0.05484132468700409,,,,,,,,,,,,,,,,,,,,,,,,,,,
532,"all_inverse_edges,universal_edges,no_changes",1596,1596,3,0.023202222151060898,0,53,,0.3506384491920471,4.678799376823008,1,0.009235475212335587,1,0.008399595506489277,1,0.051971595734357834,,,,,,,,,,,,,,,,,,,,,,,,,,,
533,"no_changes,all_inverse_edges,universal_edges",1599,1599,3,0.05477489344775677,0,53,,0.3506384491920471,4.681485389126465,1,0.009007034823298454,1,0.09689397364854813,1,0.05842367187142372,,,,,,,,,,,,,,,,,,,,,,,,,,,
534,"universal_edges,no_changes,all_inverse_edges",1602,1602,3,0.021205016411840916,0,53,,0.3506384491920471,4.671143786050379,1,0.01089131273329258,1,0.007919584400951862,1,0.044804152101278305,,,,,,,,,,,,,,,,,,,,,,,,,,,
535,"all_inverse_edges,universal_edges,no_changes",1605,1605,3,0.030663535309334595,0,53,,0.3506384491920471,4.68981531704776,1,0.0090866070240736,1,0.007862965576350689,1,0.0750410333275795,,,,,,,,,,,,,,,,,,,,,,,,,,,
536,"universal_edges,all_inverse_edges,no_changes",1608,1608,3,0.02615042046333353,0,53,,0.3506384491920471,4.687768894946203,1,0.00884283147752285,1,0.007173141930252314,1,0.06243528798222542,,,,,,,,,,,,,,,,,,,,,,,,,,,
537,"all_inverse_edges,universal_edges,no_changes",1611,1611,3,0.029112948570400476,0,53,,0.3506384491920471,4.688782351091504,1,0.007667962461709976,1,0.006201773416250944,1,0.07346910983324051,,,,,,,,,,,,,,,,,,,,,,,,,,,
538,"no_changes,universal_edges,all_inverse_edges",1614,1614,3,0.05572586180642247,0,53,,0.3506384491920471,4.679239409044385,1,0.007527915295213461,1,0.008647143840789795,1,0.15100252628326416,,,,,,,,,,,,,,,,,,,,,,,,,,,
539,"all_inverse_edges,universal_edges,no_changes",1617,1617,3,0.03716579995428523,0,53,,0.3506384491920471,4.682262519141659,1,0.008619510568678379,1,0.006163862068206072,1,0.09671402722597122,,,,,,,,,,,,,,,,,,,,,,,,,,,
540,"universal_edges,no_changes,all_inverse_edges",1620,1620,3,0.025653025445838768,1,54,0.3530978759129842,0.3530978759129842,20.236327379010618,1,0.007411758881062269,1,0.0064924354664981365,1,0.0630548819899559,0.2456238716840744,0.351540207862854,0.30603164139749506,0.3795319709953856,0.42320369149637443,0.9889552393139194,0.9502523406631405,0.7416150296638102,0.8133146409927562,0.2590121924877167,0.3702751398086548,0.32729070533948584,0.3907382992748846,0.4426499670402109,0.9891878966484419,0.9590384351951482,0.7427027027027027,0.8163128720142232,0.2435917854309082,0.33747828006744385,0.28427818061964405,0.36552406064601184,0.42715886618325644,0.9893236134269133,0.9402148058549369,0.7592452208305867,0.8254203010231408
541,"no_changes,all_inverse_edges,universal_edges",1623,1623,3,0.042766422809412084,0,54,,0.3530978759129842,4.6779934770893306,1,0.006760515738278627,1,0.006019601598381996,1,0.11551915109157562,,,,,,,,,,,,,,,,,,,,,,,,,,,
542,"no_changes,all_inverse_edges,universal_edges",1626,1626,3,0.043722220386068024,0,54,,0.3530978759129842,4.680966150946915,1,0.007266499102115631,1,0.0064230505377054214,1,0.11747711151838303,,,,,,,,,,,,,,,,,,,,,,,,,,,
543,"all_inverse_edges,universal_edges,no_changes",1629,1629,3,0.04702881506333748,0,54,,0.3530978759129842,4.687718068016693,1,0.008645095862448215,1,0.00612235814332962,1,0.12631899118423462,,,,,,,,,,,,,,,,,,,,,,,,,,,
544,"no_changes,universal_edges,all_inverse_edges",1632,1632,3,0.03424262643481294,0,54,,0.3530978759129842,4.6861339821480215,1,0.007337078917771578,1,0.009529750794172287,1,0.08586104959249496,,,,,,,,,,,,,,,,,,,,,,,,,,,
545,"all_inverse_edges,universal_edges,no_changes",1635,1635,3,0.06119646690785885,0,54,,0.3530978759129842,4.6808318719267845,1,0.007976923137903214,1,0.005992872640490532,1,0.1696196049451828,,,,,,,,,,,,,,,,,,,,,,,,,,,
546,"all_inverse_edges,universal_edges,no_changes",1638,1638,3,0.03191315444807211,0,54,,0.3530978759129842,4.68227769411169,1,0.008189355954527855,1,0.018128421157598495,1,0.06942168623209,,,,,,,,,,,,,,,,,,,,,,,,,,,
547,"no_changes,universal_edges,all_inverse_edges",1641,1641,3,0.025607396848499775,0,54,,0.3530978759129842,4.6767202040646225,1,0.008149719797074795,1,0.012467894703149796,1,0.056204576045274734,,,,,,,,,,,,,,,,,,,,,,,,,,,
548,"universal_edges,no_changes,all_inverse_edges",1644,1644,3,0.022020182417084772,0,54,,0.3530978759129842,4.679757557110861,1,0.009469190612435341,1,0.006896647159010172,1,0.04969470947980881,,,,,,,,,,,,,,,,,,,,,,,,,,,
549,"all_inverse_edges,no_changes,universal_edges",1647,1647,3,0.02695070067420602,0,54,,0.3530978759129842,4.698510398855433,1,0.006896643899381161,1,0.005877297837287188,1,0.06807816028594971,,,,,,,,,,,,,,,,,,,,,,,,,,,
550,"all_inverse_edges,no_changes,universal_edges",1650,1650,3,0.06325516042610009,1,55,0.3559100826581319,0.3559100826581319,20.2438400790561,1,0.009554808959364891,1,0.11391019076108932,1,0.06630048155784607,0.2440630942583084,0.3510974049568176,0.30372445616348054,0.3783783783783784,0.4297956493078444,0.9888259852391846,0.9020889414286624,0.7780487804878049,0.8282788702060255,0.2588143050670624,0.3748643398284912,0.3330586684245221,0.3951878707976269,0.44429795649307846,0.9892589863895459,0.9014038229230732,0.7934508899143045,0.8386807097368818,0.24864189326763153,0.3417685031890869,0.2913645352669743,0.3661832564271589,0.42814765985497694,0.9877531764188866,0.8567148595264139,0.8036651285431773,0.8279568353459275
551,"no_changes,all_inverse_edges,universal_edges",1653,1653,3,0.037393853068351746,0,55,,0.3559100826581319,4.714650690089911,1,0.010800054296851158,1,0.02815212495625019,1,0.07322937995195389,,,,,,,,,,,,,,,,,,,,,,,,,,,
552,"universal_edges,no_changes,all_inverse_edges",1656,1656,3,0.02980513001481692,0,55,,0.3559100826581319,4.6876989509910345,1,0.013900731690227985,1,0.012611857615411282,1,0.06290280073881149,,,,,,,,,,,,,,,,,,,,,,,,,,,
553,"no_changes,universal_edges,all_inverse_edges",1659,1659,3,0.06105058640241623,0,55,,0.3559100826581319,4.6816657551098615,1,0.012147147208452225,1,0.01503390446305275,1,0.1559707075357437,,,,,,,,,,,,,,,,,,,,,,,,,,,
554,"universal_edges,no_changes,all_inverse_edges",1662,1662,3,0.03618665753553311,0,55,,0.3559100826581319,4.682123534847051,1,0.017395861446857452,1,0.014442882500588894,1,0.07672122865915298,,,,,,,,,,,,,,,,,,,,,,,,,,,
555,"all_inverse_edges,no_changes,universal_edges",1665,1665,3,0.08544384595006704,0,55,,0.3559100826581319,4.676003255881369,1,0.008466904051601887,1,0.10384784638881683,1,0.1440167874097824,,,,,,,,,,,,,,,,,,,,,,,,,,,
556,"no_changes,all_inverse_edges,universal_edges",1668,1668,3,0.04623316011081139,0,55,,0.3559100826581319,4.688124388922006,1,0.01947733573615551,1,0.010185512714087963,1,0.1090366318821907,,,,,,,,,,,,,,,,,,,,,,,,,,,
557,"all_inverse_edges,universal_edges,no_changes",1671,1671,3,0.04065778044362863,0,55,,0.3559100826581319,4.67847471893765,1,0.04152731969952583,1,0.01336737908422947,1,0.06707864254713058,,,,,,,,,,,,,,,,,,,,,,,,,,,
558,"no_changes,all_inverse_edges,universal_edges",1674,1674,3,0.08137876664598782,0,55,,0.3559100826581319,4.671550825005397,1,0.031935110688209534,1,0.019316505640745163,1,0.1928846836090088,,,,,,,,,,,,,,,,,,,,,,,,,,,
559,"no_changes,all_inverse_edges,universal_edges",1677,1677,3,0.03896923207988342,0,55,,0.3559100826581319,4.67815380403772,1,0.014916764572262764,1,0.014007450081408024,1,0.08798348158597946,,,,,,,,,,,,,,,,,,,,,,,,,,,
560,"no_changes,all_inverse_edges,universal_edges",1680,1680,3,0.04246435003976027,1,56,0.3445118268330892,0.3559100826581319,20.192238139919937,1,0.020320195704698563,1,0.016040707007050514,1,0.09103214740753174,0.2353539913892746,0.3371298611164093,0.2920237310481213,0.36189848384970336,0.4134805537244562,0.987475280158207,0.8802887623252851,0.7558800263678312,0.8053904376023959,0.25505080819129944,0.3663281798362732,0.3271259063941991,0.38266315095583386,0.43243243243243246,0.9886321041270826,0.9100526044475209,0.7634146341463415,0.8201142651915001,0.24069149792194366,0.3300774395465851,0.28180619644034277,0.35431773236651287,0.41216216216216217,0.9865834270425375,0.8405697429171183,0.7844957152274226,0.8098938451934006
561,"all_inverse_edges,universal_edges,no_changes",1683,1683,3,0.04123886736730734,0,56,,0.3559100826581319,4.688053657999262,1,0.014967262744903564,1,0.012097248807549477,1,0.096652090549469,,,,,,,,,,,,,,,,,,,,,,,,,,,
562,"all_inverse_edges,universal_edges,no_changes",1686,1686,3,0.0332129675274094,0,56,,0.3559100826581319,4.683272742899135,1,0.014708600006997585,1,0.010115036740899086,1,0.07481526583433151,,,,,,,,,,,,,,,,,,,,,,,,,,,
563,"universal_edges,no_changes,all_inverse_edges",1689,1689,3,0.07072920290132363,0,56,,0.3559100826581319,4.6794259019661695,1,0.01284298300743103,1,0.015547743067145348,1,0.18379688262939453,,,,,,,,,,,,,,,,,,,,,,,,,,,
564,"all_inverse_edges,universal_edges,no_changes",1692,1692,3,0.15166291035711765,0,56,,0.3559100826581319,4.676191437058151,1,0.021636171266436577,1,0.10625582933425903,1,0.32709673047065735,,,,,,,,,,,,,,,,,,,,,,,,,,,
565,"all_inverse_edges,universal_edges,no_changes",1695,1695,3,0.24896985789140066,0,56,,0.3559100826581319,4.693381873890758,1,0.04391393065452576,1,0.06331031024456024,1,0.639685332775116,,,,,,,,,,,,,,,,,,,,,,,,,,,
566,"all_inverse_edges,universal_edges,no_changes",1698,1698,3,0.281075860063235,0,56,,0.3559100826581319,4.675257396884263,1,0.07130340486764908,1,0.04672727733850479,1,0.725196897983551,,,,,,,,,,,,,,,,,,,,,,,,,,,
567,"no_changes,universal_edges,all_inverse_edges",1701,1701,3,0.2687434082229932,0,56,,0.3559100826581319,4.677347165066749,1,0.32914969325065613,1,0.10981611162424088,1,0.36726441979408264,,,,,,,,,,,,,,,,,,,,,,,,,,,
568,"no_changes,universal_edges,all_inverse_edges",1704,1704,3,0.24830212692419687,0,56,,0.3559100826581319,4.686046811984852,1,0.17608898878097534,1,0.14497549831867218,1,0.4238418936729431,,,,,,,,,,,,,,,,,,,,,,,,,,,
569,"all_inverse_edges,universal_edges,no_changes",1707,1707,3,0.2829476048549016,0,56,,0.3559100826581319,4.672848649090156,1,0.32967135310173035,1,0.23416708409786224,1,0.2850043773651123,,,,,,,,,,,,,,,,,,,,,,,,,,,
570,"no_changes,universal_edges,all_inverse_edges",1710,1710,3,0.1503292452543974,1,57,0.2608206123113632,0.3559100826581319,20.158095949795097,1,0.02853294648230076,1,0.16347111761569977,1,0.25898367166519165,0.19999000430107117,0.2775757312774658,0.22148978246539222,0.30949241924851684,0.3793671720500989,0.9844248839944679,0.8034244144981211,0.7698286090969018,0.7855892266860403,0.2194039672613144,0.30871066451072693,0.25576796308503624,0.34146341463414637,0.39864864864864863,0.986156888595913,0.8384351606461604,0.7686123928806856,0.7993124423816875,0.15926332771778107,0.1961754411458969,0.13595912986156888,0.22050098879367172,0.31954515491100854,0.979319348042447,0.7343922475641508,0.7814370468029004,0.755624112821828
571,"no_changes,universal_edges,all_inverse_edges",1713,1713,3,0.11164108229180177,0,57,,0.3559100826581319,4.681529496097937,1,0.025393987074494362,1,0.13319410383701324,1,0.1763351559638977,,,,,,,,,,,,,,,,,,,,,,,,,,,
572,"universal_edges,all_inverse_edges,no_changes",1716,1716,3,0.1302225279311339,0,57,,0.3559100826581319,4.678230321034789,1,0.025632530450820923,1,0.053182002156972885,1,0.3118530511856079,,,,,,,,,,,,,,,,,,,,,,,,,,,
573,"all_inverse_edges,universal_edges,no_changes",1719,1719,3,0.06060651130974293,0,57,,0.3559100826581319,4.682454650988802,1,0.029513316228985786,1,0.036419566720724106,1,0.11588665097951889,,,,,,,,,,,,,,,,,,,,,,,,,,,
574,"universal_edges,all_inverse_edges,no_changes",1722,1722,3,0.05315611263116201,0,57,,0.3559100826581319,4.683221239130944,1,0.02485615760087967,1,0.03872792422771454,1,0.09588425606489182,,,,,,,,,,,,,,,,,,,,,,,,,,,
575,"universal_edges,no_changes,all_inverse_edges",1725,1725,3,0.044865213334560394,0,57,,0.3559100826581319,4.6701792038511485,1,0.019475683569908142,1,0.018635615706443787,1,0.09648434072732925,,,,,,,,,,,,,,,,,,,,,,,,,,,
576,"universal_edges,no_changes,all_inverse_edges",1728,1728,3,0.07570928583542506,0,57,,0.3559100826581319,4.667795290006325,1,0.017448658123612404,1,0.01659776084125042,1,0.19308143854141235,,,,,,,,,,,,,,,,,,,,,,,,,,,
577,"universal_edges,no_changes,all_inverse_edges",1731,1731,3,0.0722983783731858,0,57,,0.3559100826581319,4.673871074104682,1,0.016936132684350014,1,0.12731756269931793,1,0.07264143973588943,,,,,,,,,,,,,,,,,,,,,,,,,,,
578,"no_changes,all_inverse_edges,universal_edges",1734,1734,3,0.06645459495484829,0,57,,0.3559100826581319,4.67491716821678,1,0.015969300642609596,1,0.11085762828588486,1,0.07253685593605042,,,,,,,,,,,,,,,,,,,,,,,,,,,
579,"no_changes,universal_edges,all_inverse_edges",1737,1737,3,0.03301546381165584,0,57,,0.3559100826581319,4.680342582985759,1,0.013969176448881626,1,0.019960004836320877,1,0.06511721014976501,,,,,,,,,,,,,,,,,,,,,,,,,,,
580,"universal_edges,no_changes,all_inverse_edges",1740,1740,3,0.12834045539299646,1,58,0.31328287720680237,0.3559100826581319,20.187044142978266,1,0.31000518798828125,1,0.01491577923297882,1,0.06010039895772934,0.22321942448616028,0.31018874049186707,0.252636783124588,0.3442649967040211,0.4090309822017139,0.9882895808290356,0.9140047845745047,0.7487046802900461,0.8099130978990461,0.24569973349571228,0.33885031938552856,0.2857613711272248,0.3711272247857614,0.4200725115359262,0.9888324479429214,0.9154026402194825,0.7648088332234674,0.8227581704285878,0.2212010622024536,0.2908095717430115,0.22742254449571522,0.32333553065260384,0.4040870138431114,0.9888582987578683,0.9116810615411954,0.7691825972313777,0.8249066047493079
581,"all_inverse_edges,universal_edges,no_changes",1743,1743,3,0.09596438768009345,0,58,,0.3559100826581319,4.687005571089685,1,0.01722043938934803,1,0.10643051564693451,1,0.1642422080039978,,,,,,,,,,,,,,,,,,,,,,,,,,,
582,"all_inverse_edges,universal_edges,no_changes",1746,1746,3,0.15291415279110274,0,58,,0.3559100826581319,4.670142821967602,1,0.2951301336288452,1,0.010240841656923294,1,0.15337148308753967,,,,,,,,,,,,,,,,,,,,,,,,,,,
583,"all_inverse_edges,no_changes,universal_edges",1749,1749,3,0.05685985957582792,0,58,,0.3559100826581319,4.74881108594127,1,0.01232778187841177,1,0.010405187495052814,1,0.14784660935401917,,,,,,,,,,,,,,,,,,,,,,,,,,,
584,"all_inverse_edges,no_changes,universal_edges",1752,1752,3,0.02659849760433038,0,58,,0.3559100826581319,4.679523229133338,1,0.011251208372414112,1,0.010505386628210545,1,0.058038897812366486,,,,,,,,,,,,,,,,,,,,,,,,,,,
585,"all_inverse_edges,no_changes,universal_edges",1755,1755,3,0.05380463351806005,0,58,,0.3559100826581319,4.673875510925427,1,0.010603612288832664,1,0.008738087490200996,1,0.14207220077514648,,,,,,,,,,,,,,,,,,,,,,,,,,,
586,"universal_edges,no_changes,all_inverse_edges",1758,1758,3,0.023356459413965542,0,58,,0.3559100826581319,4.677808498032391,1,0.011411234736442566,1,0.008262930437922478,1,0.050395213067531586,,,,,,,,,,,,,,,,,,,,,,,,,,,
587,"all_inverse_edges,universal_edges,no_changes",1761,1761,3,0.02325889002531767,0,58,,0.3559100826581319,4.671822123927996,1,0.008955130353569984,1,0.008931308053433895,1,0.05189023166894913,,,,,,,,,,,,,,,,,,,,,,,,,,,
588,"no_changes,universal_edges,all_inverse_edges",1764,1764,3,0.02549961193775137,0,58,,0.3559100826581319,4.667896193917841,1,0.009576033800840378,1,0.00748223764821887,1,0.05944056436419487,,,,,,,,,,,,,,,,,,,,,,,,,,,
589,"no_changes,all_inverse_edges,universal_edges",1767,1767,3,0.05794812676807245,0,58,,0.3559100826581319,4.676384571939707,1,0.009038710966706276,1,0.10728215426206589,1,0.057523515075445175,,,,,,,,,,,,,,,,,,,,,,,,,,,
590,"no_changes,universal_edges,all_inverse_edges",1770,1770,3,0.027032279099027317,1,59,0.33318384488423664,0.3559100826581319,20.17170029389672,1,0.00958249345421791,1,0.01564168371260166,1,0.055872660130262375,0.23674273490905762,0.32914412021636963,0.273731048121292,0.3620632827949901,0.4215557020435069,0.9885157754598214,0.9030644859879797,0.7665853658536586,0.8203359624230162,0.2593879997730255,0.35890427231788635,0.3081740276862228,0.38661832564271587,0.4426499670402109,0.9891426577222847,0.9036718328943134,0.7869314436387607,0.8350146782813417,0.23551054298877716,0.311503142118454,0.24785761371127224,0.3455833882663151,0.42518127883981544,0.9887872090167642,0.8881703236310969,0.793533289386948,0.8339918833079003
591,"all_inverse_edges,no_changes,universal_edges",1773,1773,3,0.02845556102693081,0,59,,0.3559100826581319,4.688748684013262,1,0.011078259907662868,1,0.013315352611243725,1,0.060973070561885834,,,,,,,,,,,,,,,,,,,,,,,,,,,
592,"no_changes,all_inverse_edges,universal_edges",1776,1776,3,0.03037761803716421,0,59,,0.3559100826581319,4.710451103048399,1,0.01058079395443201,1,0.015312876552343369,1,0.06523918360471725,,,,,,,,,,,,,,,,,,,,,,,,,,,
593,"universal_edges,no_changes,all_inverse_edges",1779,1779,3,0.03999445649484793,0,59,,0.3559100826581319,4.692665491020307,1,0.010745467618107796,1,0.04872816801071167,1,0.060509733855724335,,,,,,,,,,,,,,,,,,,,,,,,,,,
594,"all_inverse_edges,universal_edges,no_changes",1782,1782,3,0.03575617944200834,0,59,,0.3559100826581319,4.73363180202432,1,0.00988822989165783,1,0.030998332425951958,1,0.06638197600841522,,,,,,,,,,,,,,,,,,,,,,,,,,,
595,"all_inverse_edges,no_changes,universal_edges",1785,1785,3,0.06058742137004932,0,59,,0.3559100826581319,4.715367621043697,1,0.008689207956194878,1,0.01068268995732069,1,0.16239036619663239,,,,,,,,,,,,,,,,,,,,,,,,,,,
596,"universal_edges,all_inverse_edges,no_changes",1788,1788,3,0.058298337273299694,0,59,,0.3559100826581319,4.716611226089299,1,0.008601940236985683,1,0.009240450337529182,1,0.15705262124538422,,,,,,,,,,,,,,,,,,,,,,,,,,,
597,"no_changes,all_inverse_edges,universal_edges",1791,1791,3,0.0541741126216948,0,59,,0.3559100826581319,4.713153505930677,1,0.008282546885311604,1,0.007260205689817667,1,0.14697958528995514,,,,,,,,,,,,,,,,,,,,,,,,,,,
598,"no_changes,all_inverse_edges,universal_edges",1794,1794,3,0.026732739837219317,0,59,,0.3559100826581319,4.712816623039544,1,0.008339589461684227,1,0.007641755510121584,1,0.06421687453985214,,,,,,,,,,,,,,,,,,,,,,,,,,,
599,"universal_edges,no_changes,all_inverse_edges",1797,1797,3,0.023481999058276415,0,59,,0.3559100826581319,4.741897287080064,1,0.00811238493770361,1,0.007478783372789621,1,0.054854828864336014,,,,,,,,,,,,,,,,,,,,,,,,,,,
600,"no_changes,universal_edges,all_inverse_edges",1800,1800,3,0.05975474355121454,1,60,0.3398755689462026,0.3559100826581319,20.92730812402442,1,0.0072827767580747604,1,0.10917245596647263,1,0.06280899792909622,0.24031609296798706,0.3396381139755249,0.287574159525379,0.3704680290046144,0.42649967040210945,0.9886838057569765,0.9218662513438892,0.7543968358602505,0.8165732266734118,0.2607448101043701,0.3623007535934448,0.3152603823335531,0.3862887277521424,0.44100197758734344,0.9890715679811806,0.9209095175540163,0.7673533289386948,0.8263118447606257,0.23678627610206604,0.31768783926963806,0.2584047462096243,0.3469017798286091,0.4240276862228082,0.9886514922382929,0.8966122212888248,0.7782827949901121,0.82662942322023
601,"no_changes,all_inverse_edges,universal_edges",1803,1803,3,0.03262189496308565,0,60,,0.3559100826581319,4.711255531059578,1,0.008545038290321827,1,0.01007440872490406,1,0.07924623787403107,,,,,,,,,,,,,,,,,,,,,,,,,,,
602,"all_inverse_edges,universal_edges,no_changes",1806,1806,3,0.12416473714013894,0,60,,0.3559100826581319,4.722094784956425,1,0.29868680238723755,1,0.012170540168881416,1,0.06163686886429787,,,,,,,,,,,,,,,,,,,,,,,,,,,
603,"all_inverse_edges,universal_edges,no_changes",1809,1809,3,0.025492499272028606,0,60,,0.3559100826581319,4.73951890389435,1,0.00767512246966362,1,0.009333178400993347,1,0.05946919694542885,,,,,,,,,,,,,,,,,,,,,,,,,,,
604,"universal_edges,all_inverse_edges,no_changes",1812,1812,3,0.11605601323147614,0,60,,0.3559100826581319,4.745568115962669,1,0.2878149747848511,1,0.008210455998778343,1,0.052142608910799026,,,,,,,,,,,,,,,,,,,,,,,,,,,
605,"no_changes,all_inverse_edges,universal_edges",1815,1815,3,0.026492646274467308,0,60,,0.3559100826581319,4.71028164611198,1,0.007602831814438105,1,0.007628825027495623,1,0.0642462819814682,,,,,,,,,,,,,,,,,,,,,,,,,,,
606,"universal_edges,no_changes,all_inverse_edges",1818,1818,3,0.023268268443644047,0,60,,0.3559100826581319,4.726802333956584,1,0.008297489956021309,1,0.00793773028999567,1,0.05356958508491516,,,,,,,,,,,,,,,,,,,,,,,,,,,
607,"universal_edges,all_inverse_edges,no_changes",1821,1821,3,0.0266798905407389,0,60,,0.3559100826581319,4.726303335977718,1,0.007880818098783493,1,0.007570172660052776,1,0.06458868086338043,,,,,,,,,,,,,,,,,,,,,,,,,,,
608,"no_changes,universal_edges,all_inverse_edges",1824,1824,3,0.1222779001109302,0,60,,0.3559100826581319,4.713276704074815,1,0.28893086314201355,1,0.007785981986671686,1,0.07011685520410538,,,,,,,,,,,,,,,,,,,,,,,,,,,
609,"universal_edges,no_changes,all_inverse_edges",1827,1827,3,0.02410597742224733,0,60,,0.3559100826581319,4.712001802865416,1,0.006953111384063959,1,0.008114377036690712,1,0.05725044384598732,,,,,,,,,,,,,,,,,,,,,,,,,,,
610,"no_changes,universal_edges,all_inverse_edges",1830,1830,3,0.02623747180526455,1,61,0.34816716114679974,0.3559100826581319,20.84501599590294,1,0.007274191360920668,1,0.00815413985401392,1,0.06328408420085907,0.24114453792572021,0.34487292170524597,0.2954845088991431,0.3735992089650626,0.4289716545814107,0.9887031938681867,0.9418539192825698,0.7398714568226763,0.8098200915364919,0.2595270872116089,0.37122854590415955,0.3276203032300593,0.39156229400131837,0.44627554383651946,0.9890263290550234,0.9473910580287472,0.7455273566249176,0.8159590833859678,0.24134455621242523,0.32840001583099365,0.273731048121292,0.35744891232696113,0.42419248516809493,0.9888389106466582,0.9283909810330679,0.7538299274884641,0.8179046583732104
611,"all_inverse_edges,no_changes,universal_edges",1833,1833,3,0.0595685283963879,0,61,,0.3559100826581319,4.719194407109171,1,0.007314880378544331,1,0.09598609060049057,1,0.07540461421012878,,,,,,,,,,,,,,,,,,,,,,,,,,,
612,"all_inverse_edges,no_changes,universal_edges",1836,1836,3,0.1176423456830283,0,61,,0.3559100826581319,4.7156508499756455,1,0.2874164879322052,1,0.0071057421155273914,1,0.05840480700135231,,,,,,,,,,,,,,,,,,,,,,,,,,,
613,"no_changes,universal_edges,all_inverse_edges",1839,1839,3,0.11244097383071978,0,61,,0.3559100826581319,4.728484448976815,1,0.2856449782848358,1,0.005763915367424488,1,0.04591402783989906,,,,,,,,,,,,,,,,,,,,,,,,,,,
614,"universal_edges,no_changes,all_inverse_edges",1842,1842,3,0.019299445984264214,0,61,,0.3559100826581319,4.714888624846935,1,0.00797977577894926,1,0.005671016871929169,1,0.044247545301914215,,,,,,,,,,,,,,,,,,,,,,,,,,,
615,"all_inverse_edges,no_changes,universal_edges",1845,1845,3,0.12316929347192247,0,61,,0.3559100826581319,4.733691076980904,1,0.2889934480190277,1,0.00547021022066474,1,0.07504422217607498,,,,,,,,,,,,,,,,,,,,,,,,,,,
616,"no_changes,universal_edges,all_inverse_edges",1848,1848,3,0.051019547196726,0,61,,0.3559100826581319,4.729005506960675,1,0.007534925825893879,1,0.09391028434038162,1,0.05161343142390251,,,,,,,,,,,,,,,,,,,,,,,,,,,
617,"all_inverse_edges,universal_edges,no_changes",1851,1851,3,0.031150986595700186,0,61,,0.3559100826581319,4.706465484108776,1,0.00820391159504652,1,0.006955091375857592,1,0.07829395681619644,,,,,,,,,,,,,,,,,,,,,,,,,,,
618,"universal_edges,all_inverse_edges,no_changes",1854,1854,3,0.02911094979693492,0,61,,0.3559100826581319,4.715328944846988,1,0.008987839333713055,1,0.006865339353680611,1,0.0714796707034111,,,,,,,,,,,,,,,,,,,,,,,,,,,
619,"no_changes,all_inverse_edges,universal_edges",1857,1857,3,0.055904075813790165,0,61,,0.3559100826581319,4.7175000458955765,1,0.008038551546633244,1,0.09380240738391876,1,0.06587126851081848,,,,,,,,,,,,,,,,,,,,,,,,,,,
620,"no_changes,universal_edges,all_inverse_edges",1860,1860,3,0.05457937764003873,1,62,0.3542449275652568,0.3559100826581319,20.836871183943003,1,0.00844202097505331,1,0.006974185351282358,1,0.14832192659378052,0.24130810797214508,0.3453458547592163,0.29878048780487804,0.36931443638760714,0.4260052735662492,0.9886579549420296,0.9278509462721012,0.748731048121292,0.8136577141904878,0.2619463801383972,0.3781275153160095,0.3389914304548451,0.39353988134475937,0.44693473961766644,0.9891491204260214,0.9325107284676286,0.7599637442320368,0.8239011834127509,0.2447316199541092,0.33926141262054443,0.2883981542518128,0.36288727752142386,0.4278180619644034,0.9887290446831336,0.9078170890158361,0.7687936717205011,0.8234306205910016
621,"all_inverse_edges,no_changes,universal_edges",1863,1863,3,0.12639077504475912,0,62,,0.3559100826581319,4.717889269115403,1,0.297411173582077,1,0.0077657997608184814,1,0.07399535179138184,,,,,,,,,,,,,,,,,,,,,,,,,,,
622,"no_changes,all_inverse_edges,universal_edges",1866,1866,3,0.023149854348351557,0,62,,0.3559100826581319,4.7302662041038275,1,0.0078950896859169,1,0.006324269343167543,1,0.05523020401597023,,,,,,,,,,,,,,,,,,,,,,,,,,,
623,"no_changes,universal_edges,all_inverse_edges",1869,1869,3,0.020725798172255356,0,62,,0.3559100826581319,4.718850777950138,1,0.008572650142014027,1,0.0068756043910980225,1,0.04672913998365402,,,,,,,,,,,,,,,,,,,,,,,,,,,
624,"no_changes,universal_edges,all_inverse_edges",1872,1872,3,0.02218726836144924,0,62,,0.3559100826581319,4.715317882830277,1,0.008446977473795414,1,0.0066124433651566505,1,0.05150238424539566,,,,,,,,,,,,,,,,,,,,,,,,,,,
625,"no_changes,universal_edges,all_inverse_edges",1875,1875,3,0.021736823177586,0,62,,0.3559100826581319,4.717084638075903,1,0.00849697832018137,1,0.006129417102783918,1,0.05058407410979271,,,,,,,,,,,,,,,,,,,,,,,,,,,
626,"universal_edges,no_changes,all_inverse_edges",1878,1878,3,0.052565427186588444,0,62,,0.3559100826581319,4.71649473789148,1,0.007778880186378956,1,0.09656785428524017,1,0.05334954708814621,,,,,,,,,,,,,,,,,,,,,,,,,,,
627,"no_changes,universal_edges,all_inverse_edges",1881,1881,3,0.14834175693492094,0,62,,0.3559100826581319,4.720528392121196,1,0.293757826089859,1,0.007918765768408775,1,0.14334867894649506,,,,,,,,,,,,,,,,,,,,,,,,,,,
628,"universal_edges,all_inverse_edges,no_changes",1884,1884,3,0.021891494592030842,0,62,,0.3559100826581319,4.717011968139559,1,0.010686845518648624,1,0.008857491426169872,1,0.04613014683127403,,,,,,,,,,,,,,,,,,,,,,,,,,,
629,"universal_edges,all_inverse_edges,no_changes",1887,1887,3,0.07700234806785981,0,62,,0.3559100826581319,4.7256545489653945,1,0.009215553291141987,1,0.09104526042938232,1,0.13074623048305511,,,,,,,,,,,,,,,,,,,,,,,,,,,
630,"no_changes,universal_edges,all_inverse_edges",1890,1890,3,0.020712070322285097,1,63,0.34679646293322247,0.3559100826581319,20.78323049400933,1,0.008767884224653244,1,0.007595215458422899,1,0.045773111283779144,0.2348809391260147,0.33696770668029785,0.28823335530652605,0.3600856954515491,0.42270929466051416,0.9890263290550234,0.9353415669726773,0.7540870138431114,0.8199691927057363,0.2574501633644104,0.37086883187294006,0.3284442979564931,0.39007910349373764,0.4421555702043507,0.9895368826502255,0.9406879404771701,0.7651680949241925,0.830263153575334,0.23921091854572296,0.33255285024642944,0.277686222808174,0.3607448912326961,0.42715886618325644,0.9893688523530705,0.9277457132239249,0.7705735003295979,0.830767421226311
631,"no_changes,universal_edges,all_inverse_edges",1893,1893,3,0.020877499133348465,0,63,,0.3559100826581319,4.723223308101296,1,0.010044043883681297,1,0.009658778086304665,1,0.04292967543005943,,,,,,,,,,,,,,,,,,,,,,,,,,,
632,"universal_edges,all_inverse_edges,no_changes",1896,1896,3,0.01944983595361312,0,63,,0.3559100826581319,4.7141358179505914,1,0.009132064878940582,1,0.008248611353337765,1,0.04096883162856102,,,,,,,,,,,,,,,,,,,,,,,,,,,
633,"no_changes,all_inverse_edges,universal_edges",1899,1899,3,0.04955523212750753,0,63,,0.3559100826581319,4.732242739992216,1,0.008135604672133923,1,0.006860819645226002,1,0.13366927206516266,,,,,,,,,,,,,,,,,,,,,,,,,,,
634,"universal_edges,no_changes,all_inverse_edges",1902,1902,3,0.018816216848790646,0,63,,0.3559100826581319,4.708398432005197,1,0.007640213239938021,1,0.006231826264411211,1,0.042576611042022705,,,,,,,,,,,,,,,,,,,,,,,,,,,
635,"all_inverse_edges,no_changes,universal_edges",1905,1905,3,0.05163247976452112,0,63,,0.3559100826581319,4.718992901034653,1,0.007952499203383923,1,0.09083669632673264,1,0.05610824376344681,,,,,,,,,,,,,,,,,,,,,,,,,,,
636,"no_changes,universal_edges,all_inverse_edges",1908,1908,3,0.1477532647550106,0,63,,0.3559100826581319,4.719924901844934,1,0.3019983172416687,1,0.08962691575288773,1,0.05163456127047539,,,,,,,,,,,,,,,,,,,,,,,,,,,
637,"no_changes,all_inverse_edges,universal_edges",1911,1911,3,0.03335804399102926,0,63,,0.3559100826581319,4.727817246923223,1,0.009512671269476414,1,0.008088063448667526,1,0.08247339725494385,,,,,,,,,,,,,,,,,,,,,,,,,,,
638,"universal_edges,no_changes,all_inverse_edges",1914,1914,3,0.022127272716412943,0,63,,0.3559100826581319,4.709496394032612,1,0.009331821464002132,1,0.006824884098023176,1,0.050225112587213516,,,,,,,,,,,,,,,,,,,,,,,,,,,
639,"all_inverse_edges,no_changes,universal_edges",1917,1917,3,0.05862765790273746,0,63,,0.3559100826581319,4.734159917104989,1,0.00932814460247755,1,0.006617655977606773,1,0.15993717312812805,,,,,,,,,,,,,,,,,,,,,,,,,,,
640,"no_changes,all_inverse_edges,universal_edges",1920,1920,3,0.0653073148181041,1,64,0.3470115065574646,0.3559100826581319,20.823894741013646,1,0.008813867345452309,1,0.09371212869882584,1,0.09339594841003418,0.24331681430339813,0.34885427355766296,0.3019116677653263,0.3775543836519446,0.42715886618325644,0.9883542078664029,0.9294780396137012,0.7382399472643375,0.8054230464919131,0.2622646987438202,0.3718973994255066,0.3294330916282136,0.39238628872775216,0.4426499670402109,0.9888389106466582,0.9440214501536514,0.742363216875412,0.8124610473337642,0.2374582141637802,0.32028284668922424,0.2608767303889255,0.35102175346077785,0.4240276862228082,0.9883218943477193,0.9087491243564331,0.7545352669742913,0.8129837109045228
641,"all_inverse_edges,no_changes,universal_edges",1923,1923,3,0.0349791714300712,0,64,,0.3559100826581319,4.710453728912398,1,0.009081841446459293,1,0.006487403996288776,1,0.08936826884746552,,,,,,,,,,,,,,,,,,,,,,,,,,,
642,"no_changes,universal_edges,all_inverse_edges",1926,1926,3,0.14845694974064827,0,64,,0.3559100826581319,4.7084431850817055,1,0.29061493277549744,1,0.011839713901281357,1,0.14291620254516602,,,,,,,,,,,,,,,,,,,,,,,,,,,
643,"all_inverse_edges,universal_edges,no_changes",1929,1929,3,0.05531025460610787,0,64,,0.3559100826581319,4.717984553892165,1,0.011964645236730576,1,0.009540130384266376,1,0.14442598819732666,,,,,,,,,,,,,,,,,,,,,,,,,,,
644,"no_changes,all_inverse_edges,universal_edges",1932,1932,3,0.1326768690099319,0,64,,0.3559100826581319,4.71198617387563,1,0.2968144416809082,1,0.00650949589908123,1,0.09470666944980621,,,,,,,,,,,,,,,,,,,,,,,,,,,
645,"no_changes,all_inverse_edges,universal_edges",1935,1935,3,0.05437572735051314,0,64,,0.3559100826581319,4.734414744190872,1,0.010797685012221336,1,0.017464138567447662,1,0.13486535847187042,,,,,,,,,,,,,,,,,,,,,,,,,,,
646,"universal_edges,all_inverse_edges,no_changes",1938,1938,3,0.02575822143505017,0,64,,0.3559100826581319,4.713952339021489,1,0.01050790399312973,1,0.01210548635572195,1,0.05466127395629883,,,,,,,,,,,,,,,,,,,,,,,,,,,
647,"no_changes,all_inverse_edges,universal_edges",1941,1941,3,0.06807803952445586,0,64,,0.3559100826581319,4.720042750937864,1,0.009632903151214123,1,0.09984789788722992,1,0.09475331753492355,,,,,,,,,,,,,,,,,,,,,,,,,,,
648,"no_changes,universal_edges,all_inverse_edges",1944,1944,3,0.15224427171051502,0,64,,0.3559100826581319,4.714719448005781,1,0.289808064699173,1,0.027589848265051842,1,0.13933490216732025,,,,,,,,,,,,,,,,,,,,,,,,,,,
649,"all_inverse_edges,universal_edges,no_changes",1947,1947,3,0.1719501813252767,0,64,,0.3559100826581319,4.717892616055906,1,0.2868696451187134,1,0.09745734930038452,1,0.13152354955673218,,,,,,,,,,,,,,,,,,,,,,,,,,,
650,"universal_edges,no_changes,all_inverse_edges",1950,1950,3,0.044272553796569504,1,65,0.3494949738184611,0.3559100826581319,20.79964226600714,1,0.008464989252388477,1,0.015538454987108707,1,0.10881421715021133,0.2394544780254364,0.3482450246810913,0.30207646671061306,0.3754119973632169,0.42320369149637443,0.9888970749802888,0.9424387480447532,0.7451384311140409,0.814415505173939,0.2562578618526459,0.37174102663993835,0.3325642715886618,0.3877719182597231,0.4408371786420567,0.9892525236858092,0.9509038407515564,0.7496802900461437,0.8203191610488625,0.2365223616361618,0.32849887013435364,0.27603823335530653,0.3548121292023731,0.4161173368490442,0.989110344203601,0.9324870166931345,0.7588134475939354,0.8229841185713994
651,"universal_edges,no_changes,all_inverse_edges",1953,1953,3,0.031399074010550976,0,65,,0.3559100826581319,4.716094333911315,1,0.008278249762952328,1,0.010367626324295998,1,0.0755513459444046,,,,,,,,,,,,,,,,,,,,,,,,,,,
652,"universal_edges,all_inverse_edges,no_changes",1956,1956,3,0.025375437301894028,0,65,,0.3559100826581319,4.721339243929833,1,0.007693847641348839,1,0.01274057012051344,1,0.05569189414381981,,,,,,,,,,,,,,,,,,,,,,,,,,,
653,"universal_edges,all_inverse_edges,no_changes",1959,1959,3,0.05320946080610156,0,65,,0.3559100826581319,4.718629186972976,1,0.007760538253933191,1,0.10210292786359787,1,0.04976491630077362,,,,,,,,,,,,,,,,,,,,,,,,,,,
654,"no_changes,universal_edges,all_inverse_edges",1962,1962,3,0.02465424733236432,0,65,,0.3559100826581319,4.7252058340236545,1,0.007326355669647455,1,0.008810064755380154,1,0.05782632157206535,,,,,,,,,,,,,,,,,,,,,,,,,,,
655,"universal_edges,no_changes,all_inverse_edges",1965,1965,3,0.05539485470702251,0,65,,0.3559100826581319,4.721905682934448,1,0.009216975420713425,1,0.011137404479086399,1,0.1458301842212677,,,,,,,,,,,,,,,,,,,,,,,,,,,
656,"universal_edges,all_inverse_edges,no_changes",1968,1968,3,0.05002267844974995,0,65,,0.3559100826581319,4.714764870004728,1,0.007974321022629738,1,0.09513355046510696,1,0.04696016386151314,,,,,,,,,,,,,,,,,,,,,,,,,,,
657,"all_inverse_edges,no_changes,universal_edges",1971,1971,3,0.050500012623767056,0,65,,0.3559100826581319,4.729374855058268,1,0.007562178187072277,1,0.006973285228013992,1,0.1369645744562149,,,,,,,,,,,,,,,,,,,,,,,,,,,
658,"universal_edges,all_inverse_edges,no_changes",1974,1974,3,0.11441316890219848,0,65,,0.3559100826581319,4.713496651034802,1,0.288531094789505,1,0.00943356566131115,1,0.045274846255779266,,,,,,,,,,,,,,,,,,,,,,,,,,,
659,"all_inverse_edges,universal_edges,no_changes",1977,1977,3,0.1392913001279036,0,65,,0.3559100826581319,4.713146959897131,1,0.2831741273403168,1,0.0905664786696434,1,0.04413329437375069,,,,,,,,,,,,,,,,,,,,,,,,,,,
660,"universal_edges,all_inverse_edges,no_changes",1980,1980,3,0.01905707859744628,1,66,0.350695659716924,0.3559100826581319,20.836706544971094,1,0.008817018009722233,1,0.0071119386702775955,1,0.04124227911233902,0.2403648942708969,0.3442768156528473,0.29416611733684905,0.37277521423862886,0.42649967040210945,0.9885287008672948,0.9284727689735818,0.7443045484508899,0.8102060318708302,0.26052573323249817,0.3725220263004303,0.3284442979564931,0.39403427818061965,0.4457811470006592,0.9890457171662337,0.938928232480661,0.7519973632168754,0.8192098178694122,0.24560774862766266,0.3352881371974945,0.2791694133157548,0.36288727752142386,0.43243243243243246,0.9888712241653418,0.9236836251833872,0.7586914963744231,0.8204491670368574
661,"all_inverse_edges,universal_edges,no_changes",1983,1983,3,0.02152752395098408,0,66,,0.3559100826581319,4.715779569000006,1,0.007675682660192251,1,0.007250099442899227,1,0.049656789749860764,,,,,,,,,,,,,,,,,,,,,,,,,,,
662,"no_changes,all_inverse_edges,universal_edges",1986,1986,3,0.13870445049057403,0,66,,0.3559100826581319,4.730313607957214,1,0.2784666121006012,1,0.006101627834141254,1,0.13154511153697968,,,,,,,,,,,,,,,,,,,,,,,,,,,
663,"universal_edges,no_changes,all_inverse_edges",1989,1989,3,0.023586095155527193,0,66,,0.3559100826581319,4.715115401195362,1,0.009517808444797993,1,0.006363676395267248,1,0.05487680062651634,,,,,,,,,,,,,,,,,,,,,,,,,,,
664,"universal_edges,no_changes,all_inverse_edges",1992,1992,3,0.04496833340575298,0,66,,0.3559100826581319,4.715124693932012,1,0.007644803263247013,1,0.08595282584428787,1,0.041307371109724045,,,,,,,,,,,,,,,,,,,,,,,,,,,
665,"all_inverse_edges,universal_edges,no_changes",1995,1995,3,0.165196659664313,0,66,,0.3559100826581319,4.718647094909102,1,0.2801571488380432,1,0.0853123590350151,1,0.13012047111988068,,,,,,,,,,,,,,,,,,,,,,,,,,,
666,"all_inverse_edges,universal_edges,no_changes",1998,1998,3,0.04485647069911162,0,66,,0.3559100826581319,4.72183887893334,1,0.007652184460312128,1,0.007541447412222624,1,0.11937578022480011,,,,,,,,,,,,,,,,,,,,,,,,,,,
667,"no_changes,all_inverse_edges,universal_edges",2001,2001,3,0.019792282332976658,0,66,,0.3559100826581319,4.729450417915359,1,0.008001130074262619,1,0.006884194910526276,1,0.04449152201414108,,,,,,,,,,,,,,,,,,,,,,,,,,,
668,"universal_edges,no_changes,all_inverse_edges",2004,2004,3,0.10970393630365531,0,66,,0.3559100826581319,4.7208250120747834,1,0.2843019962310791,1,0.006658921018242836,1,0.03815089166164398,,,,,,,,,,,,,,,,,,,,,,,,,,,
669,"no_changes,all_inverse_edges,universal_edges",2007,2007,3,0.051477729342877865,0,66,,0.3559100826581319,4.728419977938756,1,0.009913871996104717,1,0.00852409191429615,1,0.13599522411823273,,,,,,,,,,,,,,,,,,,,,,,,,,,
670,"universal_edges,no_changes,all_inverse_edges",2010,2010,3,0.02071418644239505,1,67,0.3501170774300893,0.3559100826581319,20.88272013491951,1,0.011967133730649948,1,0.007879243232309818,1,0.04229618236422539,0.24023742973804474,0.3460080325603485,0.2953197099538563,0.3750823994726434,0.4309492419248517,0.9883477451626662,0.9166639350112202,0.7482498352010547,0.8102788151938364,0.2594151794910431,0.37361496686935425,0.3295978905735003,0.39304548450889915,0.4487475280158207,0.9893236134269133,0.9374370242653648,0.7613447593935398,0.8263448587301105,0.24152572453022003,0.3307282328605652,0.27158866183256425,0.3612392880685564,0.43408042188529994,0.9890715679811806,0.9198347023994728,0.7683223467369809,0.8267253146888096
671,"all_inverse_edges,universal_edges,no_changes",2013,2013,3,0.12126793526113033,0,67,,0.3559100826581319,4.707123127067462,1,0.2870173454284668,1,0.007056253030896187,1,0.06973020732402802,,,,,,,,,,,,,,,,,,,,,,,,,,,
672,"all_inverse_edges,no_changes,universal_edges",2016,2016,3,0.16634087761243185,0,67,,0.3559100826581319,4.718322564847767,1,0.2855057716369629,1,0.0873052179813385,1,0.12621164321899414,,,,,,,,,,,,,,,,,,,,,,,,,,,
673,"all_inverse_edges,universal_edges,no_changes",2019,2019,3,0.02204365562647581,0,67,,0.3559100826581319,4.724132166011259,1,0.009943479672074318,1,0.00885972660034895,1,0.047327760607004166,,,,,,,,,,,,,,,,,,,,,,,,,,,
674,"no_changes,universal_edges,all_inverse_edges",2022,2022,3,0.16882949819167456,0,67,,0.3559100826581319,4.71437238692306,1,0.2940676808357239,1,0.09017574042081833,1,0.12224507331848145,,,,,,,,,,,,,,,,,,,,,,,,,,,
675,"all_inverse_edges,no_changes,universal_edges",2025,2025,3,0.025386340605715912,0,67,,0.3559100826581319,4.715099120046943,1,0.00865868665277958,1,0.007699851877987385,1,0.05980048328638077,,,,,,,,,,,,,,,,,,,,,,,,,,,
676,"universal_edges,no_changes,all_inverse_edges",2028,2028,3,0.01855290463815133,0,67,,0.3559100826581319,4.717440944164991,1,0.00898794550448656,1,0.007179722189903259,1,0.03949104622006416,,,,,,,,,,,,,,,,,,,,,,,,,,,
677,"no_changes,universal_edges,all_inverse_edges",2031,2031,3,0.03132953401654959,0,67,,0.3559100826581319,4.726019985973835,1,0.009155764244496822,1,0.006711004301905632,1,0.07812183350324631,,,,,,,,,,,,,,,,,,,,,,,,,,,
678,"universal_edges,all_inverse_edges,no_changes",2034,2034,3,0.048749027928958334,0,67,,0.3559100826581319,4.7259912609588355,1,0.009020242840051651,1,0.007297507021576166,1,0.1299293339252472,,,,,,,,,,,,,,,,,,,,,,,,,,,
679,"all_inverse_edges,no_changes,universal_edges",2037,2037,3,0.050183672768374286,0,67,,0.3559100826581319,4.7288160300813615,1,0.00828264094889164,1,0.005938160233199596,1,0.13633021712303162,,,,,,,,,,,,,,,,,,,,,,,,,,,
680,"no_changes,all_inverse_edges,universal_edges",2040,2040,3,0.026781694187472265,1,68,0.3527485926946004,0.3559100826581319,20.787266188999638,1,0.007253214716911316,1,0.005749914329499006,1,0.06734195351600647,0.23968666791915894,0.3515070974826813,0.30702043506921556,0.37673038892551086,0.42369808833223466,0.9885157754598214,0.9342735347911515,0.739614370468029,0.8077602087506857,0.2572959065437317,0.37250903248786926,0.33174027686222807,0.39057350032959787,0.4411667765326302,0.9890198663512867,0.9403492738454049,0.7502076466710612,0.8181061895221939,0.24197348952293396,0.33422964811325073,0.28032300593276205,0.35794330916282135,0.4307844429795649,0.9889487766101827,0.9191988530673671,0.7650296638101517,0.8240453717516774
681,"all_inverse_edges,no_changes,universal_edges",2043,2043,3,0.022207117173820734,0,68,,0.3559100826581319,4.766880935057998,1,0.006727688014507294,1,0.006069436203688383,1,0.053824227303266525,,,,,,,,,,,,,,,,,,,,,,,,,,,
682,"universal_edges,all_inverse_edges,no_changes",2046,2046,3,0.019092885466913383,0,68,,0.3559100826581319,4.731509181903675,1,0.007784400135278702,1,0.006218687631189823,1,0.04327556863427162,,,,,,,,,,,,,,,,,,,,,,,,,,,
683,"no_changes,universal_edges,all_inverse_edges",2049,2049,3,0.02595486119389534,0,68,,0.3559100826581319,4.714348269859329,1,0.006502104457467794,1,0.0060650319792330265,1,0.0652974471449852,,,,,,,,,,,,,,,,,,,,,,,,,,,
684,"all_inverse_edges,no_changes,universal_edges",2052,2052,3,0.02919109941770633,0,68,,0.3559100826581319,4.710283010965213,1,0.007230300456285477,1,0.0063896747305989265,1,0.07395332306623459,,,,,,,,,,,,,,,,,,,,,,,,,,,
685,"no_changes,all_inverse_edges,universal_edges",2055,2055,3,0.027890967826048534,0,68,,0.3559100826581319,4.7209274030756205,1,0.006453918758779764,1,0.0055345273576676846,1,0.07168445736169815,,,,,,,,,,,,,,,,,,,,,,,,,,,
686,"no_changes,universal_edges,all_inverse_edges",2058,2058,3,0.058607130932311215,0,68,,0.3559100826581319,4.715599321061745,1,0.007885090075433254,1,0.10793346166610718,1,0.06000284105539322,,,,,,,,,,,,,,,,,,,,,,,,,,,
687,"no_changes,all_inverse_edges,universal_edges",2061,2061,3,0.03918919060379267,0,68,,0.3559100826581319,4.707107647089288,1,0.008585249073803425,1,0.019939763471484184,1,0.0890425592660904,,,,,,,,,,,,,,,,,,,,,,,,,,,
688,"all_inverse_edges,no_changes,universal_edges",2064,2064,3,0.1314462802062432,0,68,,0.3559100826581319,4.712793447077274,1,0.29504668712615967,1,0.025049054995179176,1,0.07424309849739075,,,,,,,,,,,,,,,,,,,,,,,,,,,
689,"no_changes,universal_edges,all_inverse_edges",2067,2067,3,0.12553821907689175,0,68,,0.3559100826581319,4.711184625979513,1,0.28617390990257263,1,0.01488263625651598,1,0.07555811107158661,,,,,,,,,,,,,,,,,,,,,,,,,,,
690,"all_inverse_edges,no_changes,universal_edges",2070,2070,3,0.029861276348431904,1,69,0.35824835300445557,0.35824835300445557,20.890057164942846,1,0.008002066053450108,1,0.008055112324655056,1,0.07352665066719055,0.24099129438400269,0.3551184833049774,0.31048121292023734,0.3798615688859591,0.43061964403427816,0.9887872090167642,0.9406712425417577,0.7431443638760712,0.8123038616671016,0.2587845027446747,0.37791237235069275,0.33783783783783783,0.39452867501647987,0.4477587343441002,0.98933007613065,0.9433332688431764,0.7571489782465393,0.8245557982304277,0.24549728631973267,0.34171420335769653,0.2910349373764008,0.3651944627554384,0.4317732366512854,0.9889552393139194,0.9188841460337042,0.7655174686882005,0.8243232643615752
691,"universal_edges,all_inverse_edges,no_changes",2073,2073,3,0.05774378590285778,0,69,,0.35824835300445557,4.734490239992738,1,0.010846858844161034,1,0.10793694853782654,1,0.05444755032658577,,,,,,,,,,,,,,,,,,,,,,,,,,,
692,"universal_edges,no_changes,all_inverse_edges",2076,2076,3,0.03144180169329047,0,69,,0.35824835300445557,4.727657658047974,1,0.007510461378842592,1,0.014287333935499191,1,0.07252760976552963,,,,,,,,,,,,,,,,,,,,,,,,,,,
693,"no_changes,universal_edges,all_inverse_edges",2079,2079,3,0.03242742239187161,0,69,,0.35824835300445557,4.7146188139449805,1,0.010341751389205456,1,0.008724655956029892,1,0.07821585983037949,,,,,,,,,,,,,,,,,,,,,,,,,,,
694,"all_inverse_edges,no_changes,universal_edges",2082,2082,3,0.0298138113381962,0,69,,0.35824835300445557,4.718074384145439,1,0.00899120606482029,1,0.007009519729763269,1,0.07344070822000504,,,,,,,,,,,,,,,,,,,,,,,,,,,
695,"all_inverse_edges,no_changes,universal_edges",2085,2085,3,0.02606602292507887,0,69,,0.35824835300445557,4.713858748786151,1,0.0070051406510174274,1,0.00656849192455411,1,0.06462443619966507,,,,,,,,,,,,,,,,,,,,,,,,,,,
696,"no_changes,universal_edges,all_inverse_edges",2088,2088,3,0.055522449469814696,0,69,,0.35824835300445557,4.7139252468477935,1,0.00751440180465579,1,0.006301187910139561,1,0.15275175869464874,,,,,,,,,,,,,,,,,,,,,,,,,,,
697,"no_changes,all_inverse_edges,universal_edges",2091,2091,3,0.11852761746073763,0,69,,0.35824835300445557,4.711724237073213,1,0.28962281346321106,1,0.006885443348437548,1,0.05907459557056427,,,,,,,,,,,,,,,,,,,,,,,,,,,
698,"universal_edges,no_changes,all_inverse_edges",2094,2094,3,0.02541153971105814,0,69,,0.35824835300445557,4.725812447955832,1,0.015830541029572487,1,0.009506155736744404,1,0.05089792236685753,,,,,,,,,,,,,,,,,,,,,,,,,,,
699,"all_inverse_edges,no_changes,universal_edges",2097,2097,3,0.15282814763486385,0,69,,0.35824835300445557,4.721572229871526,1,0.2821364104747772,1,0.008232342079281807,1,0.16811569035053253,,,,,,,,,,,,,,,,,,,,,,,,,,,
700,"no_changes,all_inverse_edges,universal_edges",2100,2100,3,0.05268189279983441,1,70,0.35675759116808575,0.35824835300445557,20.75911425612867,1,0.009943096898496151,1,0.09345325827598572,1,0.05464932322502136,0.23773330450057983,0.34777605533599854,0.29976928147659854,0.3750823994726434,0.42814765985497694,0.9885545516822418,0.9233303866957814,0.7491628213579433,0.8128063090456614,0.2533376216888428,0.37820038199424744,0.33965062623599207,0.3937046802900461,0.44429795649307846,0.9890974187961276,0.9342737712696167,0.7570303230059328,0.8220495524590139,0.24204041063785553,0.34429633617401123,0.29416611733684905,0.36783124588002636,0.43111404087013844,0.9887872090167642,0.91100923073807,0.7675313117996045,0.823477141012686
701,"no_changes,universal_edges,all_inverse_edges",2103,2103,3,0.0519481273368001,0,70,,0.35824835300445557,4.730397243984044,1,0.008218365721404552,1,0.09150166064500809,1,0.056124355643987656,,,,,,,,,,,,,,,,,,,,,,,,,,,
702,"universal_edges,all_inverse_edges,no_changes",2106,2106,3,0.11608029017224908,0,70,,0.35824835300445557,4.701835863990709,1,0.2893502116203308,1,0.007602542173117399,1,0.051288116723299026,,,,,,,,,,,,,,,,,,,,,,,,,,,
703,"no_changes,all_inverse_edges,universal_edges",2109,2109,3,0.04000582840914527,0,70,,0.35824835300445557,4.706431177910417,1,0.01057965774089098,1,0.0073753115721046925,1,0.10206251591444016,,,,,,,,,,,,,,,,,,,,,,,,,,,
704,"all_inverse_edges,universal_edges,no_changes",2112,2112,3,0.039120517360667385,0,70,,0.35824835300445557,4.718352060997859,1,0.014142051339149475,1,0.006580508314073086,1,0.0966389924287796,,,,,,,,,,,,,,,,,,,,,,,,,,,
705,"no_changes,universal_edges,all_inverse_edges",2115,2115,3,0.11650723963975906,0,70,,0.35824835300445557,4.712250645039603,1,0.0127100870013237,1,0.09037379920482635,1,0.24643783271312714,,,,,,,,,,,,,,,,,,,,,,,,,,,
706,"universal_edges,all_inverse_edges,no_changes",2118,2118,3,0.15369794890284538,0,70,,0.35824835300445557,4.707245855825022,1,0.3021009564399719,1,0.01644027605652809,1,0.14255261421203613,,,,,,,,,,,,,,,,,,,,,,,,,,,
707,"universal_edges,no_changes,all_inverse_edges",2121,2121,3,0.16425317774216333,0,70,,0.35824835300445557,4.713895566994324,1,0.3025866150856018,1,0.030748330056667328,1,0.1594245880842209,,,,,,,,,,,,,,,,,,,,,,,,,,,
708,"all_inverse_edges,no_changes,universal_edges",2124,2124,3,0.07467916297415893,0,70,,0.35824835300445557,4.712342303013429,1,0.028955580666661263,1,0.023459304124116898,1,0.1716226041316986,,,,,,,,,,,,,,,,,,,,,,,,,,,
709,"universal_edges,all_inverse_edges,no_changes",2127,2127,3,0.03630579945941766,0,70,,0.35824835300445557,4.720331290969625,1,0.0172004085034132,1,0.012639030814170837,1,0.07907795906066895,,,,,,,,,,,,,,,,,,,,,,,,,,,
710,"all_inverse_edges,no_changes,universal_edges",2130,2130,3,0.05129073901722828,1,71,0.34994953870773315,0.35824835300445557,20.784213853999972,1,0.014312277548015118,1,0.008777022361755371,1,0.13078291714191437,0.23402228951454163,0.33971551060676575,0.2933421226104153,0.3647000659195781,0.4218852999340804,0.9884899246448744,0.9129613544040576,0.7560744891232696,0.8153785642667257,0.2514992952346802,0.37017616629600525,0.33025708635464734,0.3859591298615689,0.4378707976268952,0.9890715679811806,0.9261123244749443,0.7628312458800264,0.8243554848430898,0.24216589331626892,0.33995693922042847,0.2923533289386948,0.3622280817402769,0.4223796967699407,0.9881667894580377,0.8820347311672146,0.779166117336849,0.8222436645365363
711,"all_inverse_edges,no_changes,universal_edges",2133,2133,3,0.0399569229533275,0,71,,0.35824835300445557,4.7222156471107155,1,0.012276829220354557,1,0.009323702193796635,1,0.0982702374458313,,,,,,,,,,,,,,,,,,,,,,,,,,,
712,"universal_edges,all_inverse_edges,no_changes",2136,2136,3,0.033857686445117,0,71,,0.35824835300445557,4.772309126099572,1,0.011885245330631733,1,0.013898258097469807,1,0.07578955590724945,,,,,,,,,,,,,,,,,,,,,,,,,,,
713,"no_changes,universal_edges,all_inverse_edges",2139,2139,3,0.04418136924505234,0,71,,0.35824835300445557,4.718124493025243,1,0.008696063421666622,1,0.010621213354170322,1,0.11322683095932007,,,,,,,,,,,,,,,,,,,,,,,,,,,
714,"no_changes,all_inverse_edges,universal_edges",2142,2142,3,0.05444786914934715,0,71,,0.35824835300445557,4.692874833010137,1,0.014193394221365452,1,0.015311991795897484,1,0.1338382214307785,,,,,,,,,,,,,,,,,,,,,,,,,,,
715,"all_inverse_edges,no_changes,universal_edges",2145,2145,3,0.17556239726642767,0,71,,0.35824835300445557,4.681005192920566,1,0.32147935032844543,1,0.011174755170941353,1,0.19403308629989624,,,,,,,,,,,,,,,,,,,,,,,,,,,
716,"universal_edges,all_inverse_edges,no_changes",2148,2148,3,0.04312115876624981,0,71,,0.35824835300445557,4.6895095319487154,1,0.01102396659553051,1,0.01058328989893198,1,0.10775621980428696,,,,,,,,,,,,,,,,,,,,,,,,,,,
717,"all_inverse_edges,universal_edges,no_changes",2151,2151,3,0.05761872542401155,0,71,,0.35824835300445557,4.695049053989351,1,0.009890500456094742,1,0.008300652727484703,1,0.1546650230884552,,,,,,,,,,,,,,,,,,,,,,,,,,,
718,"no_changes,all_inverse_edges,universal_edges",2154,2154,3,0.028954615506033104,0,71,,0.35824835300445557,4.756892207078636,1,0.009500021114945412,1,0.008946976624429226,1,0.06841684877872467,,,,,,,,,,,,,,,,,,,,,,,,,,,
719,"no_changes,universal_edges,all_inverse_edges",2157,2157,3,0.02171235779921214,0,71,,0.35824835300445557,4.792381257982925,1,0.009114814922213554,1,0.008584560826420784,1,0.047437697649002075,,,,,,,,,,,,,,,,,,,,,,,,,,,
720,"universal_edges,no_changes,all_inverse_edges",2160,2160,3,0.021005480084568262,1,72,0.3457561830679576,0.35824835300445557,22.013315887888893,1,0.008110560476779938,1,0.00625051511451602,1,0.04865536466240883,0.2356078326702118,0.343401163816452,0.29614370468029005,0.37129202373104814,0.41628213579433093,0.9884382230149805,0.9340199348846105,0.737475280158207,0.8058918551644819,0.2536705732345581,0.3648171126842499,0.32333553065260384,0.38513513513513514,0.4352340145023072,0.9889229257952357,0.9547396106362858,0.7378839815425181,0.8111272333172406,0.23809769749641418,0.3290502727031708,0.2771918259723138,0.35596572181938035,0.41578773895847065,0.9883800586813499,0.919377990367073,0.7469742913645352,0.8099913445760334
721,"all_inverse_edges,no_changes,universal_edges",2163,2163,3,0.022033055778592825,0,72,,0.35824835300445557,4.857273107161745,1,0.007935748435556889,1,0.006133026909083128,1,0.05203039199113846,,,,,,,,,,,,,,,,,,,,,,,,,,,
722,"universal_edges,all_inverse_edges,no_changes",2166,2166,3,0.11950753163546324,0,72,,0.35824835300445557,4.8548203718382865,1,0.3068315088748932,1,0.005961203016340733,1,0.04572988301515579,,,,,,,,,,,,,,,,,,,,,,,,,,,
723,"universal_edges,no_changes,all_inverse_edges",2169,2169,3,0.1438460573554039,0,72,,0.35824835300445557,4.867582785198465,1,0.28597965836524963,1,0.10177988559007645,1,0.04377862811088562,,,,,,,,,,,,,,,,,,,,,,,,,,,
724,"all_inverse_edges,universal_edges,no_changes",2172,2172,3,0.02261040809874733,0,72,,0.35824835300445557,4.856524650007486,1,0.01321551576256752,1,0.007664947304874659,1,0.04695076122879982,,,,,,,,,,,,,,,,,,,,,,,,,,,
725,"no_changes,universal_edges,all_inverse_edges",2175,2175,3,0.053468026841680207,0,72,,0.35824835300445557,4.876570593100041,1,0.011630876921117306,1,0.010666335932910442,1,0.13810686767101288,,,,,,,,,,,,,,,,,,,,,,,,,,,
726,"all_inverse_edges,no_changes,universal_edges",2178,2178,3,0.05232420905182759,0,72,,0.35824835300445557,4.84472889220342,1,0.010140820406377316,1,0.09748213738203049,1,0.049349669367074966,,,,,,,,,,,,,,,,,,,,,,,,,,,
727,"no_changes,all_inverse_edges,universal_edges",2181,2181,3,0.018853249804427225,0,72,,0.35824835300445557,4.859927805839106,1,0.008806060999631882,1,0.006821334827691317,1,0.04093235358595848,,,,,,,,,,,,,,,,,,,,,,,,,,,
728,"universal_edges,no_changes,all_inverse_edges",2184,2184,3,0.01818544153744976,0,72,,0.35824835300445557,4.856710475170985,1,0.006846596021205187,1,0.00870452355593443,1,0.039005205035209656,,,,,,,,,,,,,,,,,,,,,,,,,,,
729,"all_inverse_edges,no_changes,universal_edges",2187,2187,3,0.022526102606207132,0,72,,0.35824835300445557,4.859038817929104,1,0.007100199814885855,1,0.005703011527657509,1,0.05477509647607803,,,,,,,,,,,,,,,,,,,,,,,,,,,
730,"no_changes,all_inverse_edges,universal_edges",2190,2190,3,0.05207965181519588,1,73,0.3532729248205821,0.35824835300445557,21.980935737024993,1,0.006830831058323383,1,0.08825705200433731,1,0.06115107238292694,0.24253065884113312,0.3484497368335724,0.3004284772577456,0.37771918259723136,0.4269940672379697,0.9888065971279745,0.9455446780445658,0.7404087013843111,0.8111623409311888,0.25933802127838135,0.3744325339794159,0.3348714568226763,0.3902439024390244,0.4451219512195122,0.9892008220559153,0.9521457639487021,0.7473928806855636,0.8186949636555894,0.2420685887336731,0.33693650364875793,0.285596572181938,0.36058009228740934,0.42320369149637443,0.989207284759652,0.9374321358783073,0.7578938694792353,0.8235903546169632
731,"all_inverse_edges,no_changes,universal_edges",2193,2193,3,0.024717965473731358,0,73,,0.35824835300445557,4.853408672846854,1,0.007437102496623993,1,0.009246617555618286,1,0.0574701763689518,,,,,,,,,,,,,,,,,,,,,,,,,,,
732,"universal_edges,no_changes,all_inverse_edges",2196,2196,3,0.020948211817691725,0,73,,0.35824835300445557,4.8661607429385185,1,0.007500720676034689,1,0.006151698529720306,1,0.049192216247320175,,,,,,,,,,,,,,,,,,,,,,,,,,,
733,"no_changes,all_inverse_edges,universal_edges",2199,2199,3,0.058885635963330664,0,73,,0.35824835300445557,4.848124448908493,1,0.006834796164184809,1,0.08886833488941193,1,0.08095377683639526,,,,,,,,,,,,,,,,,,,,,,,,,,,
734,"no_changes,all_inverse_edges,universal_edges",2202,2202,3,0.041807426139712334,0,73,,0.35824835300445557,4.852496236097068,1,0.007823295891284943,1,0.008454570546746254,1,0.1091444119811058,,,,,,,,,,,,,,,,,,,,,,,,,,,
735,"no_changes,universal_edges,all_inverse_edges",2205,2205,3,0.03622016295169791,0,73,,0.35824835300445557,4.848300773883238,1,0.008697227574884892,1,0.006809263024479151,1,0.09315399825572968,,,,,,,,,,,,,,,,,,,,,,,,,,,
736,"no_changes,all_inverse_edges,universal_edges",2208,2208,3,0.026526425033807755,0,73,,0.35824835300445557,4.86101182596758,1,0.008387514390051365,1,0.005542556755244732,1,0.06564920395612717,,,,,,,,,,,,,,,,,,,,,,,,,,,
737,"no_changes,universal_edges,all_inverse_edges",2211,2211,3,0.021288728807121515,0,73,,0.35824835300445557,4.864173616049811,1,0.008071201853454113,1,0.005293876398354769,1,0.050501108169555664,,,,,,,,,,,,,,,,,,,,,,,,,,,
738,"universal_edges,all_inverse_edges,no_changes",2214,2214,3,0.04866213770583272,0,73,,0.35824835300445557,4.852693380089477,1,0.00738974055275321,1,0.09195812046527863,1,0.046638552099466324,,,,,,,,,,,,,,,,,,,,,,,,,,,
739,"universal_edges,all_inverse_edges,no_changes",2217,2217,3,0.046947086695581675,0,73,,0.35824835300445557,4.848018966848031,1,0.006336140912026167,1,0.08864869177341461,1,0.045856427401304245,,,,,,,,,,,,,,,,,,,,,,,,,,,
740,"universal_edges,all_inverse_edges,no_changes",2220,2220,3,0.11299360264092684,1,74,0.3580727279186249,0.35824835300445557,22.021152620203793,1,0.2873506247997284,1,0.00784658920019865,1,0.04378359392285347,0.24323773384094238,0.3522717356681824,0.30504284772577456,0.3813447593935399,0.42913645352669744,0.9887742836092908,0.9431971733107156,0.7410382333553065,0.811136445413446,0.2608403265476227,0.37605759501457214,0.3355306526038233,0.39156229400131837,0.44528675016479896,0.9890715679811806,0.9447601683650794,0.748618984838497,0.8179043071088647,0.2500660717487335,0.3458888530731201,0.2959789057350033,0.3726104152933421,0.4278180619644034,0.9887613582018173,0.9235387621351313,0.7554054054054054,0.8178302919389282
741,"all_inverse_edges,universal_edges,no_changes",2223,2223,3,0.02137288295974334,0,74,,0.35824835300445557,4.850875929929316,1,0.00785463210195303,1,0.00612303614616394,1,0.05014098063111305,,,,,,,,,,,,,,,,,,,,,,,,,,,
742,"universal_edges,all_inverse_edges,no_changes",2226,2226,3,0.01781408255919814,0,74,,0.35824835300445557,4.8672882579267025,1,0.00815133098512888,1,0.0053346785716712475,1,0.039956238120794296,,,,,,,,,,,,,,,,,,,,,,,,,,,
743,"universal_edges,all_inverse_edges,no_changes",2229,2229,3,0.01812011298413078,0,74,,0.35824835300445557,4.8582275898661464,1,0.006537043489515781,1,0.005413398612290621,1,0.04240989685058594,,,,,,,,,,,,,,,,,,,,,,,,,,,
744,"universal_edges,all_inverse_edges,no_changes",2232,2232,3,0.13768342634042105,0,74,,0.35824835300445557,4.861034273868427,1,0.2836683392524719,1,0.08877884596586227,1,0.040603093802928925,,,,,,,,,,,,,,,,,,,,,,,,,,,
745,"universal_edges,no_changes,all_inverse_edges",2235,2235,3,0.10825011630853017,0,74,,0.35824835300445557,4.848443263908848,1,0.27860021591186523,1,0.007275130599737167,1,0.03887500241398811,,,,,,,,,,,,,,,,,,,,,,,,,,,
746,"universal_edges,no_changes,all_inverse_edges",2238,2238,3,0.050018327155460916,0,74,,0.35824835300445557,4.873197752982378,1,0.00725810369476676,1,0.006913740187883377,1,0.1358831375837326,,,,,,,,,,,,,,,,,,,,,,,,,,,
747,"universal_edges,all_inverse_edges,no_changes",2241,2241,3,0.01694987171019117,0,74,,0.35824835300445557,4.855961644090712,1,0.007531879004091024,1,0.005281326361000538,1,0.03803640976548195,,,,,,,,,,,,,,,,,,,,,,,,,,,
748,"universal_edges,all_inverse_edges,no_changes",2244,2244,3,0.11236097244545817,0,74,,0.35824835300445557,4.853616780135781,1,0.29601651430130005,1,0.006436316762119532,1,0.03463008627295494,,,,,,,,,,,,,,,,,,,,,,,,,,,
749,"all_inverse_edges,no_changes,universal_edges",2247,2247,3,0.01787760015577078,0,74,,0.35824835300445557,4.869502342073247,1,0.00630794744938612,1,0.004539107903838158,1,0.04278574511408806,,,,,,,,,,,,,,,,,,,,,,,,,,,
750,"no_changes,universal_edges,all_inverse_edges",2250,2250,3,0.017139579479893047,1,75,0.35242780049641925,0.35824835300445557,22.072329836897552,1,0.007183592300862074,1,0.006651835981756449,1,0.03758331015706062,0.24188067018985748,0.35211023688316345,0.3073500329597891,0.3765655899802241,0.42649967040210945,0.9887161192756602,0.9460584684002247,0.7374555042847726,0.808745986541154,0.2579392194747925,0.3726145625114441,0.3315754779169413,0.39007910349373764,0.4434739617666447,0.9890069409438133,0.9551103147255637,0.7400263678312459,0.8130793299430904,0.24262289702892303,0.33255860209465027,0.27900461437046803,0.3612392880685564,0.4235332893869479,0.9891038814998643,0.9453943524607198,0.7491199736321688,0.8184806356874538
751,"no_changes,all_inverse_edges,universal_edges",2253,2253,3,0.11934188629190128,0,75,,0.35824835300445557,4.852292930940166,1,0.30892905592918396,1,0.005657512694597244,1,0.04343909025192261,,,,,,,,,,,,,,,,,,,,,,,,,,,
752,"universal_edges,no_changes,all_inverse_edges",2256,2256,3,0.02100816974416375,0,75,,0.35824835300445557,4.84677848382853,1,0.0191507488489151,1,0.006989735644310713,1,0.03688402473926544,,,,,,,,,,,,,,,,,,,,,,,,,,,
753,"no_changes,all_inverse_edges,universal_edges",2259,2259,3,0.04317585068444411,0,75,,0.35824835300445557,4.846779196988791,1,0.020976919680833817,1,0.02039819397032261,1,0.0881524384021759,,,,,,,,,,,,,,,,,,,,,,,,,,,
754,"no_changes,universal_edges,all_inverse_edges",2262,2262,3,0.04016188532114029,0,75,,0.35824835300445557,4.8776400031056255,1,0.03034127689898014,1,0.009508004412055016,1,0.08063637465238571,,,,,,,,,,,,,,,,,,,,,,,,,,,
755,"no_changes,universal_edges,all_inverse_edges",2265,2265,3,0.06504609808325768,0,75,,0.35824835300445557,4.8494027480483055,1,0.009323233738541603,1,0.02028367854654789,1,0.16553138196468353,,,,,,,,,,,,,,,,,,,,,,,,,,,
756,"no_changes,universal_edges,all_inverse_edges",2268,2268,3,0.040147687308490276,0,75,,0.35824835300445557,4.84661289001815,1,0.008681860752403736,1,0.013775650411844254,1,0.09798555076122284,,,,,,,,,,,,,,,,,,,,,,,,,,,
757,"no_changes,universal_edges,all_inverse_edges",2271,2271,3,0.03418065079798301,0,75,,0.35824835300445557,4.852248705923557,1,0.020235126838088036,1,0.014250115491449833,1,0.06805671006441116,,,,,,,,,,,,,,,,,,,,,,,,,,,
758,"all_inverse_edges,no_changes,universal_edges",2274,2274,3,0.03167187670866648,0,75,,0.35824835300445557,4.843153515830636,1,0.014206217601895332,1,0.011549441143870354,1,0.06925997138023376,,,,,,,,,,,,,,,,,,,,,,,,,,,
759,"all_inverse_edges,universal_edges,no_changes",2277,2277,3,0.02442366040001313,0,75,,0.35824835300445557,4.848427546909079,1,0.009573359042406082,1,0.012690403498709202,1,0.0510072186589241,,,,,,,,,,,,,,,,,,,,,,,,,,,
760,"universal_edges,no_changes,all_inverse_edges",2280,2280,3,0.034149342526992164,1,76,0.36116112271944684,0.36116112271944684,22.14867834118195,1,0.007452644407749176,1,0.032129619270563126,1,0.06286576390266418,0.24483998119831085,0.3549463450908661,0.3063612392880686,0.38546473302570866,0.4327620303230059,0.9886062533121357,0.9384782016632993,0.7393375082399473,0.8085517234796911,0.2642556428909302,0.37721553444862366,0.3330586684245221,0.39963744232036913,0.45121951219512196,0.9889487766101827,0.940413156023751,0.7480718523401451,0.8163567661406628,0.2543233633041382,0.3513214886188507,0.3015820698747528,0.3775543836519446,0.4327620303230059,0.9887613582018173,0.9128392069600361,0.7649340804218854,0.8220891431449048
761,"universal_edges,all_inverse_edges,no_changes",2283,2283,3,0.059966814083357654,0,76,,0.36116112271944684,4.857271027984098,1,0.007248387672007084,1,0.11689385026693344,1,0.05575820431113243,,,,,,,,,,,,,,,,,,,,,,,,,,,
762,"universal_edges,no_changes,all_inverse_edges",2286,2286,3,0.12426859140396118,0,76,,0.36116112271944684,4.849048578180373,1,0.3110617399215698,1,0.015501298010349274,1,0.04624273627996445,,,,,,,,,,,,,,,,,,,,,,,,,,,
763,"all_inverse_edges,universal_edges,no_changes",2289,2289,3,0.02794186087946097,0,76,,0.36116112271944684,4.852655672933906,1,0.01416759006679058,1,0.01543375849723816,1,0.05422423407435417,,,,,,,,,,,,,,,,,,,,,,,,,,,
764,"universal_edges,all_inverse_edges,no_changes",2292,2292,3,0.12547552833954492,0,76,,0.36116112271944684,4.847632553894073,1,0.32434505224227905,1,0.009380221366882324,1,0.04270131140947342,,,,,,,,,,,,,,,,,,,,,,,,,,,
765,"universal_edges,all_inverse_edges,no_changes",2295,2295,3,0.11773385697354873,0,76,,0.36116112271944684,4.853149537928402,1,0.29224827885627747,1,0.009387875907123089,1,0.051565416157245636,,,,,,,,,,,,,,,,,,,,,,,,,,,
766,"all_inverse_edges,no_changes,universal_edges",2298,2298,3,0.0833341684192419,0,76,,0.36116112271944684,4.843170769978315,1,0.007046842947602272,1,0.09469672292470932,1,0.14825893938541412,,,,,,,,,,,,,,,,,,,,,,,,,,,
767,"universal_edges,all_inverse_edges,no_changes",2301,2301,3,0.05255619281282028,0,76,,0.36116112271944684,4.850208665011451,1,0.008656644262373447,1,0.0074830446392297745,1,0.1415288895368576,,,,,,,,,,,,,,,,,,,,,,,,,,,
768,"no_changes,all_inverse_edges,universal_edges",2304,2304,3,0.025902791724850733,0,76,,0.36116112271944684,4.842249310109764,1,0.008719414472579956,1,0.0071969483979046345,1,0.06179201230406761,,,,,,,,,,,,,,,,,,,,,,,,,,,
769,"no_changes,universal_edges,all_inverse_edges",2307,2307,3,0.1415364978214105,0,76,,0.36116112271944684,4.866286364151165,1,0.28880107402801514,1,0.08791771531105042,1,0.04789070412516594,,,,,,,,,,,,,,,,,,,,,,,,,,,
770,"all_inverse_edges,universal_edges,no_changes",2310,2310,3,0.053187072897950806,1,77,0.35363579789797467,0.36116112271944684,22.051946464926004,1,0.009418943896889687,1,0.08417589962482452,1,0.06596637517213821,0.2411382794380188,0.351959764957428,0.30866842452208304,0.3739288068556361,0.4250164798945287,0.9888324479429214,0.9386290505748807,0.7459129861568886,0.8141140231895961,0.2559598386287689,0.3725537657737732,0.3314106789716546,0.38859591298615687,0.4446275543836519,0.9892525236858092,0.9499322811001211,0.7503263019116677,0.8206198373265188,0.241244375705719,0.3363938629627228,0.28724456163480555,0.35992089650626236,0.4184245220830587,0.9889358512027092,0.9329041766752996,0.753233355306526,0.8186339106228506
771,"no_changes,all_inverse_edges,universal_edges",2313,2313,3,0.022610471739123266,0,77,,0.36116112271944684,4.868888149037957,1,0.008262964896857738,1,0.007139813620597124,1,0.05242863669991493,,,,,,,,,,,,,,,,,,,,,,,,,,,
772,"universal_edges,no_changes,all_inverse_edges",2316,2316,3,0.018774584867060184,0,77,,0.36116112271944684,4.855363357113674,1,0.008240810595452785,1,0.007344760000705719,1,0.04073818400502205,,,,,,,,,,,,,,,,,,,,,,,,,,,
773,"universal_edges,no_changes,all_inverse_edges",2319,2319,3,0.11984901642426848,0,77,,0.36116112271944684,4.863657628884539,1,0.2855447232723236,1,0.006377697456628084,1,0.06762462854385376,,,,,,,,,,,,,,,,,,,,,,,,,,,
774,"universal_edges,no_changes,all_inverse_edges",2322,2322,3,0.027809742217262585,0,77,,0.36116112271944684,4.850638234056532,1,0.00705473218113184,1,0.005950556136667728,1,0.07042393833398819,,,,,,,,,,,,,,,,,,,,,,,,,,,
775,"no_changes,all_inverse_edges,universal_edges",2325,2325,3,0.06171714079876741,0,77,,0.36116112271944684,4.863095253938809,1,0.00802643783390522,1,0.09096518903970718,1,0.08615979552268982,,,,,,,,,,,,,,,,,,,,,,,,,,,
776,"universal_edges,all_inverse_edges,no_changes",2328,2328,3,0.024213772267103195,0,77,,0.36116112271944684,4.847185957012698,1,0.006659196689724922,1,0.005967603996396065,1,0.0600145161151886,,,,,,,,,,,,,,,,,,,,,,,,,,,
777,"universal_edges,no_changes,all_inverse_edges",2331,2331,3,0.05105164942021171,0,77,,0.36116112271944684,4.848365972051397,1,0.006963671650737524,1,0.0059201642870903015,1,0.1402711123228073,,,,,,,,,,,,,,,,,,,,,,,,,,,
778,"universal_edges,no_changes,all_inverse_edges",2334,2334,3,0.14892756193876266,0,77,,0.36116112271944684,4.871412601089105,1,0.2998223304748535,1,0.005168311297893524,1,0.14179204404354095,,,,,,,,,,,,,,,,,,,,,,,,,,,
779,"no_changes,all_inverse_edges,universal_edges",2337,2337,3,0.025594790776570637,0,77,,0.36116112271944684,4.877855689963326,1,0.006776678375899792,1,0.006270882673561573,1,0.06373681128025055,,,,,,,,,,,,,,,,,,,,,,,,,,,
780,"no_changes,all_inverse_edges,universal_edges",2340,2340,3,0.11415510981654127,1,78,0.353186974922816,0.36116112271944684,22.158309972146526,1,0.28612056374549866,1,0.006576209794729948,1,0.04976855590939522,0.242268368601799,0.35169926285743713,0.3033948582729071,0.3815095583388266,0.4288068556361239,0.9884188349037704,0.9502187594978464,0.7263216875411997,0.7998784642896932,0.26188263297080994,0.37557151913642883,0.3330586684245221,0.39502307185234015,0.44429795649307846,0.9887355073868703,0.9588319980423456,0.7301977587343441,0.8052238591721681,0.23896785080432892,0.3322901427745819,0.2801582069874753,0.35744891232696113,0.42270929466051416,0.988502850052348,0.9330740847459873,0.7400922874093605,0.8078663162953308
781,"universal_edges,all_inverse_edges,no_changes",2343,2343,3,0.07808865358432134,0,78,,0.36116112271944684,4.866618451895192,1,0.010317355394363403,1,0.08714040368795395,1,0.13680820167064667,,,,,,,,,,,,,,,,,,,,,,,,,,,
782,"no_changes,universal_edges,all_inverse_edges",2346,2346,3,0.05632454358662168,0,78,,0.36116112271944684,4.853060852037743,1,0.006622596178203821,1,0.08837726712226868,1,0.07397376745939255,,,,,,,,,,,,,,,,,,,,,,,,,,,
783,"universal_edges,no_changes,all_inverse_edges",2349,2349,3,0.025899678158263367,0,78,,0.36116112271944684,4.8536261059343815,1,0.012137233279645443,1,0.008055459707975388,1,0.057506341487169266,,,,,,,,,,,,,,,,,,,,,,,,,,,
784,"universal_edges,no_changes,all_inverse_edges",2352,2352,3,0.03661326505243778,0,78,,0.36116112271944684,4.863913007080555,1,0.009533637203276157,1,0.007540193386375904,1,0.09276596456766129,,,,,,,,,,,,,,,,,,,,,,,,,,,
785,"universal_edges,no_changes,all_inverse_edges",2355,2355,3,0.14539034090315303,0,78,,0.36116112271944684,4.83954554493539,1,0.2868293225765228,1,0.00778448348864913,1,0.1415572166442871,,,,,,,,,,,,,,,,,,,,,,,,,,,
786,"all_inverse_edges,no_changes,universal_edges",2358,2358,3,0.026995574589818716,0,78,,0.36116112271944684,4.838668283075094,1,0.0075355758890509605,1,0.0075629218481481075,1,0.06588822603225708,,,,,,,,,,,,,,,,,,,,,,,,,,,
787,"no_changes,universal_edges,all_inverse_edges",2361,2361,3,0.05009631998836994,0,78,,0.36116112271944684,4.8574702530168,1,0.008711072616279125,1,0.008108335547149181,1,0.13346955180168152,,,,,,,,,,,,,,,,,,,,,,,,,,,
788,"universal_edges,no_changes,all_inverse_edges",2364,2364,3,0.04831367296477159,0,78,,0.36116112271944684,4.838598059024662,1,0.009548187255859375,1,0.007497595623135567,1,0.12789523601531982,,,,,,,,,,,,,,,,,,,,,,,,,,,
789,"all_inverse_edges,no_changes,universal_edges",2367,2367,3,0.05045097988719741,0,78,,0.36116112271944684,4.834608977893367,1,0.007558316458016634,1,0.006091427989304066,1,0.13770319521427155,,,,,,,,,,,,,,,,,,,,,,,,,,,
790,"no_changes,all_inverse_edges,universal_edges",2370,2370,3,0.026037869974970818,1,79,0.3603372474511464,0.36116112271944684,21.953319369116798,1,0.009905683808028698,1,0.007348201237618923,1,0.06085972487926483,0.24383336305618286,0.357270747423172,0.30998681608437706,0.3843111404087014,0.43012524719841794,0.9885416262747683,0.9416741701221597,0.7352669742913645,0.805829714369469,0.26030629873275757,0.37780508399009705,0.3338826631509558,0.39765985497692813,0.4515491100856954,0.9888582987578683,0.9467907860007091,0.7410810810810811,0.8120345703033311,0.24594582617282867,0.3459359109401703,0.2953197099538563,0.3711272247857614,0.43210283454185894,0.9888389106466582,0.933170413458049,0.7501153592617007,0.816176726662356
791,"universal_edges,all_inverse_edges,no_changes",2373,2373,3,0.020288342299560707,0,79,,0.36116112271944684,4.844600946176797,1,0.0074989269487559795,1,0.006476548966020346,1,0.04688955098390579,,,,,,,,,,,,,,,,,,,,,,,,,,,
792,"all_inverse_edges,no_changes,universal_edges",2376,2376,3,0.14941470992440978,0,79,,0.36116112271944684,4.856636720011011,1,0.28331151604652405,1,0.005301286932080984,1,0.15963132679462433,,,,,,,,,,,,,,,,,,,,,,,,,,,
793,"all_inverse_edges,no_changes,universal_edges",2379,2379,3,0.12967458615700403,0,79,,0.36116112271944684,4.8625836570281535,1,0.015144200064241886,1,0.00895384605973959,1,0.36492571234703064,,,,,,,,,,,,,,,,,,,,,,,,,,,
794,"universal_edges,all_inverse_edges,no_changes",2382,2382,3,0.12216101338466008,0,79,,0.36116112271944684,4.837224065093324,1,0.0104754026979208,1,0.011282624676823616,1,0.34472501277923584,,,,,,,,,,,,,,,,,,,,,,,,,,,
795,"universal_edges,all_inverse_edges,no_changes",2385,2385,3,0.0647721787293752,0,79,,0.36116112271944684,4.861666545970365,1,0.010097294114530087,1,0.011615262366831303,1,0.17260397970676422,,,,,,,,,,,,,,,,,,,,,,,,,,,
796,"universal_edges,all_inverse_edges,no_changes",2388,2388,3,0.146730731241405,0,79,,0.36116112271944684,4.853835945017636,1,0.29259443283081055,1,0.008962870575487614,1,0.13863489031791687,,,,,,,,,,,,,,,,,,,,,,,,,,,
797,"all_inverse_edges,no_changes,universal_edges",2391,2391,3,0.07781826549520095,0,79,,0.36116112271944684,4.842019116971642,1,0.012948366813361645,1,0.010021790862083435,1,0.21048463881015778,,,,,,,,,,,,,,,,,,,,,,,,,,,
798,"no_changes,universal_edges,all_inverse_edges",2394,2394,3,0.1323127429932356,0,79,,0.36116112271944684,4.859608730999753,1,0.28843072056770325,1,0.009306782856583595,1,0.09920072555541992,,,,,,,,,,,,,,,,,,,,,,,,,,,
799,"all_inverse_edges,no_changes,universal_edges",2397,2397,3,0.08258906969179709,0,79,,0.36116112271944684,4.840296314097941,1,0.011653821915388107,1,0.008381473831832409,1,0.22773191332817078,,,,,,,,,,,,,,,,,,,,,,,,,,,
800,"all_inverse_edges,no_changes,universal_edges",2400,2400,3,0.10734671199073394,1,80,0.33670403560002643,0.36116112271944684,21.98641138197854,1,0.010244498960673809,1,0.12332586944103241,1,0.1884697675704956,0.22720257937908173,0.3237094283103943,0.27356624917600525,0.3462425840474621,0.4164469347396177,0.986596352450011,0.8596767287337886,0.7497791694133158,0.7943695377439859,0.25084179639816284,0.36442819237709045,0.32251153592617005,0.38562953197099537,0.4339156229400132,0.9871133687489498,0.8739129890494701,0.7503658536585366,0.7993772913700044,0.2369525134563446,0.3219744861125946,0.27488464073829927,0.34838497033618987,0.4011206328279499,0.9844636602168884,0.808603094581118,0.7533750823994727,0.778133898131238
801,"all_inverse_edges,no_changes,universal_edges",2403,2403,3,0.14595326781272888,0,80,,0.36116112271944684,4.8448130008764565,1,0.2937692105770111,1,0.026743009686470032,1,0.1173475831747055,,,,,,,,,,,,,,,,,,,,,,,,,,,
802,"universal_edges,all_inverse_edges,no_changes",2406,2406,3,0.04075475657979647,0,80,,0.36116112271944684,4.856451241066679,1,0.01442949939519167,1,0.01421686913818121,1,0.09361790120601654,,,,,,,,,,,,,,,,,,,,,,,,,,,
803,"universal_edges,no_changes,all_inverse_edges",2409,2409,3,0.02996362963070472,0,80,,0.36116112271944684,4.85327078984119,1,0.010685221292078495,1,0.007699808105826378,1,0.07150585949420929,,,,,,,,,,,,,,,,,,,,,,,,,,,
804,"no_changes,universal_edges,all_inverse_edges",2412,2412,3,0.02652059495449066,0,80,,0.36116112271944684,4.842253214912489,1,0.007001498248428106,1,0.007077752146869898,1,0.06548253446817398,,,,,,,,,,,,,,,,,,,,,,,,,,,
805,"all_inverse_edges,no_changes,universal_edges",2415,2415,3,0.02507141139358282,0,80,,0.36116112271944684,4.852891806978732,1,0.010470008477568626,1,0.0070765456184744835,1,0.05766768008470535,,,,,,,,,,,,,,,,,,,,,,,,,,,
806,"no_changes,universal_edges,all_inverse_edges",2418,2418,3,0.023175896145403385,0,80,,0.36116112271944684,4.864359320141375,1,0.00840020552277565,1,0.008834759704768658,1,0.05229272320866585,,,,,,,,,,,,,,,,,,,,,,,,,,,
807,"universal_edges,no_changes,all_inverse_edges",2421,2421,3,0.021143320947885513,0,80,,0.36116112271944684,4.860616039950401,1,0.011063325218856335,1,0.006832432933151722,1,0.04553420469164848,,,,,,,,,,,,,,,,,,,,,,,,,,,
808,"all_inverse_edges,universal_edges,no_changes",2424,2424,3,0.04979372397065163,0,80,,0.36116112271944684,4.932456000940874,1,0.007945515215396881,1,0.09360375255346298,1,0.047831904143095016,,,,,,,,,,,,,,,,,,,,,,,,,,,
809,"no_changes,all_inverse_edges,universal_edges",2427,2427,3,0.02199677812556426,0,80,,0.36116112271944684,4.866619317093864,1,0.00882930587977171,1,0.009817874990403652,1,0.04734315350651741,,,,,,,,,,,,,,,,,,,,,,,,,,,
810,"universal_edges,no_changes,all_inverse_edges",2430,2430,3,0.019274591468274593,1,81,0.35524100065231323,0.36116112271944684,22.05043773795478,1,0.008394790813326836,1,0.006271078251302242,1,0.0431579053401947,0.2435702681541443,0.3522097170352936,0.30603164139749506,0.37722478576137114,0.4297956493078444,0.9887807463130275,0.9471379223527416,0.738618984838497,0.8100028777730713,0.26015910506248474,0.37429943680763245,0.33174027686222807,0.39156229400131837,0.4480883322346737,0.9892008220559153,0.9482443507927402,0.7499769281476598,0.819907590586523,0.24546518921852112,0.33921384811401367,0.2870797626895188,0.3691496374423204,0.42814765985497694,0.9889358512027092,0.9287953082157445,0.7564634146341463,0.8201110471248461
811,"all_inverse_edges,no_changes,universal_edges",2433,2433,3,0.08011059121539195,0,81,,0.36116112271944684,4.846911317901686,1,0.007536743767559528,1,0.08783252537250519,1,0.14496250450611115,,,,,,,,,,,,,,,,,,,,,,,,,,,
812,"no_changes,all_inverse_edges,universal_edges",2436,2436,3,0.018586766595641773,0,81,,0.36116112271944684,4.8612089899834245,1,0.0075211976654827595,1,0.006351472344249487,1,0.04188762977719307,,,,,,,,,,,,,,,,,,,,,,,,,,,
813,"universal_edges,all_inverse_edges,no_changes",2439,2439,3,0.0170763263789316,0,81,,0.36116112271944684,4.840671168873087,1,0.007047811523079872,1,0.0051348949782550335,1,0.0390462726354599,,,,,,,,,,,,,,,,,,,,,,,,,,,
814,"universal_edges,no_changes,all_inverse_edges",2442,2442,3,0.017098605167120695,0,81,,0.36116112271944684,4.848835598910227,1,0.006305639166384935,1,0.006202878430485725,1,0.038787297904491425,,,,,,,,,,,,,,,,,,,,,,,,,,,
815,"no_changes,universal_edges,all_inverse_edges",2445,2445,3,0.04709323449060321,0,81,,0.36116112271944684,4.8396957570221275,1,0.0069458577781915665,1,0.0053372797556221485,1,0.1289965659379959,,,,,,,,,,,,,,,,,,,,,,,,,,,
816,"all_inverse_edges,universal_edges,no_changes",2448,2448,3,0.04482101866354545,0,81,,0.36116112271944684,4.852375893155113,1,0.007019086740911007,1,0.08573953062295914,1,0.041704438626766205,,,,,,,,,,,,,,,,,,,,,,,,,,,
817,"no_changes,universal_edges,all_inverse_edges",2451,2451,3,0.044361957193662725,0,81,,0.36116112271944684,4.865379980066791,1,0.006347124930471182,1,0.006432493217289448,1,0.12030625343322754,,,,,,,,,,,,,,,,,,,,,,,,,,,
818,"universal_edges,all_inverse_edges,no_changes",2454,2454,3,0.016377439722418785,0,81,,0.36116112271944684,4.8565972479991615,1,0.007344409357756376,1,0.0050997608341276646,1,0.036688148975372314,,,,,,,,,,,,,,,,,,,,,,,,,,,
819,"all_inverse_edges,universal_edges,no_changes",2457,2457,3,0.017174926431228716,0,81,,0.36116112271944684,4.842449417104945,1,0.006667017471045256,1,0.005259840749204159,1,0.03959792107343674,,,,,,,,,,,,,,,,,,,,,,,,,,,
820,"all_inverse_edges,universal_edges,no_changes",2460,2460,3,0.017723363048086565,1,82,0.3583691616853078,0.36116112271944684,21.916379269212484,1,0.006969178095459938,1,0.0056296237744390965,1,0.04057128727436066,0.2451595962047577,0.35660287737846375,0.3103164139749506,0.38216875411997364,0.43506921555702044,0.9888518360541316,0.9536285454474451,0.736555702043507,0.809711649483757,0.26223981380462646,0.3791705071926117,0.33767303889255107,0.3958470665787739,0.45088991430454844,0.9892783745007562,0.9555054417707192,0.7474324324324324,0.8195412477574695,0.24588942527770996,0.339334100484848,0.28493737640079103,0.3681608437705999,0.43342122610415296,0.9889164630914989,0.9257097236616227,0.7583915622940014,0.8207808651688988
821,"all_inverse_edges,no_changes,universal_edges",2463,2463,3,0.017267596907913685,0,82,,0.36116112271944684,4.846785395871848,1,0.006493430584669113,1,0.005262180231511593,1,0.04004717990756035,,,,,,,,,,,,,,,,,,,,,,,,,,,
822,"no_changes,all_inverse_edges,universal_edges",2466,2466,3,0.017997633510579664,0,82,,0.36116112271944684,4.874315480003133,1,0.005425918847322464,1,0.005610733758658171,1,0.04295624792575836,,,,,,,,,,,,,,,,,,,,,,,,,,,
823,"all_inverse_edges,no_changes,universal_edges",2469,2469,3,0.016598903108388186,0,82,,0.36116112271944684,4.8428168701939285,1,0.006106006447225809,1,0.00480728130787611,1,0.03888342157006264,,,,,,,,,,,,,,,,,,,,,,,,,,,
824,"all_inverse_edges,universal_edges,no_changes",2472,2472,3,0.04410716767112414,0,82,,0.36116112271944684,4.859852608060464,1,0.005638306029140949,1,0.00467598345130682,1,0.12200721353292465,,,,,,,,,,,,,,,,,,,,,,,,,,,
825,"universal_edges,all_inverse_edges,no_changes",2475,2475,3,0.1105177194500963,0,82,,0.36116112271944684,4.842923684976995,1,0.2900218963623047,1,0.005409129895269871,1,0.03612213209271431,,,,,,,,,,,,,,,,,,,,,,,,,,,
826,"universal_edges,no_changes,all_inverse_edges",2478,2478,3,0.10725518967956305,0,82,,0.36116112271944684,4.851301864022389,1,0.27797186374664307,1,0.0074417004361748695,1,0.0363520048558712,,,,,,,,,,,,,,,,,,,,,,,,,,,
827,"universal_edges,all_inverse_edges,no_changes",2481,2481,3,0.04632311252256235,0,82,,0.36116112271944684,4.851268847938627,1,0.010289249941706657,1,0.09161989390850067,1,0.037060193717479706,,,,,,,,,,,,,,,,,,,,,,,,,,,
828,"no_changes,all_inverse_edges,universal_edges",2484,2484,3,0.0214082938618958,0,82,,0.36116112271944684,4.860456645023078,1,0.007802111562341452,1,0.0064333900809288025,1,0.049989379942417145,,,,,,,,,,,,,,,,,,,,,,,,,,,
829,"no_changes,all_inverse_edges,universal_edges",2487,2487,3,0.022289913147687912,0,82,,0.36116112271944684,4.836275527020916,1,0.008371517062187195,1,0.006644044071435928,1,0.05185417830944061,,,,,,,,,,,,,,,,,,,,,,,,,,,
830,"all_inverse_edges,universal_edges,no_changes",2490,2490,3,0.020146211609244347,1,83,0.3635767201582591,0.3635767201582591,21.974889108911157,1,0.009264722466468811,1,0.006612991914153099,1,0.04456092044711113,0.24808330833911896,0.3640875518321991,0.31987475280158206,0.3889255108767304,0.43704680290046144,0.9885351635710315,0.9226060124921578,0.7491529334212261,0.8126043647248459,0.261138379573822,0.38347017765045166,0.34377059986816083,0.3998022412656559,0.45418589321028346,0.9891491204260214,0.9368943475196994,0.7565721819380355,0.8223851282644432,0.2452690750360489,0.34317243099212646,0.2897165458141068,0.37129202373104814,0.4339156229400132,0.9889035376840255,0.914177948883881,0.7682366512854317,0.8249638166115021
831,"no_changes,universal_edges,all_inverse_edges",2493,2493,3,0.11253728391602635,0,83,,0.3635767201582591,4.841442177072167,1,0.2847810387611389,1,0.006226868834346533,1,0.04660394415259361,,,,,,,,,,,,,,,,,,,,,,,,,,,
832,"all_inverse_edges,no_changes,universal_edges",2496,2496,3,0.050804272604485355,0,83,,0.3635767201582591,4.8535679469350725,1,0.008240558207035065,1,0.011358686722815037,1,0.13281357288360596,,,,,,,,,,,,,,,,,,,,,,,,,,,
833,"universal_edges,all_inverse_edges,no_changes",2499,2499,3,0.1215222713847955,0,83,,0.3635767201582591,4.854584841988981,1,0.28631576895713806,1,0.02530331164598465,1,0.05294773355126381,,,,,,,,,,,,,,,,,,,,,,,,,,,
834,"universal_edges,no_changes,all_inverse_edges",2502,2502,3,0.02022732173403104,0,83,,0.3635767201582591,4.856239051092416,1,0.00808180496096611,1,0.010741524398326874,1,0.04185863584280014,,,,,,,,,,,,,,,,,,,,,,,,,,,
835,"universal_edges,no_changes,all_inverse_edges",2505,2505,3,0.022344086008767288,0,83,,0.3635767201582591,4.852255614940077,1,0.00953438226133585,1,0.015022622421383858,1,0.04247525334358215,,,,,,,,,,,,,,,,,,,,,,,,,,,
836,"no_changes,universal_edges,all_inverse_edges",2508,2508,3,0.027160973909000557,0,83,,0.3635767201582591,4.848330595996231,1,0.008176996372640133,1,0.020473817363381386,1,0.05283210799098015,,,,,,,,,,,,,,,,,,,,,,,,,,,
837,"universal_edges,no_changes,all_inverse_edges",2511,2511,3,0.025210576131939888,0,83,,0.3635767201582591,4.844147292897105,1,0.008693043142557144,1,0.020662343129515648,1,0.04627634212374687,,,,,,,,,,,,,,,,,,,,,,,,,,,
838,"no_changes,all_inverse_edges,universal_edges",2514,2514,3,0.028272180041919153,0,83,,0.3635767201582591,4.85173837095499,1,0.006707106251269579,1,0.01602485217154026,1,0.06208458170294762,,,,,,,,,,,,,,,,,,,,,,,,,,,
839,"universal_edges,all_inverse_edges,no_changes",2517,2517,3,0.01977231027558446,0,83,,0.3635767201582591,4.8315164018422365,1,0.007096029352396727,1,0.010450975969433784,1,0.04176992550492287,,,,,,,,,,,,,,,,,,,,,,,,,,,
840,"universal_edges,all_inverse_edges,no_changes",2520,2520,3,0.054180802311748266,1,84,0.3556820849577586,0.3635767201582591,21.972607181873173,1,0.007390117738395929,1,0.008412925526499748,1,0.14673936367034912,0.24171161651611328,0.3550891876220703,0.3117996044825313,0.37969676994067236,0.4260052735662492,0.9886321041270826,0.9468747714168114,0.7345056031641397,0.8063755049299872,0.2556585669517517,0.3718554675579071,0.33223467369808835,0.3879367172050099,0.4414963744232037,0.9888970749802888,0.9548892273848103,0.7370632827949901,0.8104432566966973,0.24421516060829163,0.34010159969329834,0.2900461437046803,0.3650296638101516,0.42649967040210945,0.9888001344242378,0.9299903607817699,0.7513876071193144,0.8163715085237797
841,"universal_edges,all_inverse_edges,no_changes",2523,2523,3,0.06398998045672973,0,84,,0.3635767201582591,4.852176706073806,1,0.0067403195425868034,1,0.09432123601436615,1,0.09090838581323624,,,,,,,,,,,,,,,,,,,,,,,,,,,
842,"no_changes,universal_edges,all_inverse_edges",2526,2526,3,0.024929382372647524,0,84,,0.3635767201582591,4.847208169987425,1,0.006022382993251085,1,0.01297005359083414,1,0.055795710533857346,,,,,,,,,,,,,,,,,,,,,,,,,,,
843,"no_changes,all_inverse_edges,universal_edges",2529,2529,3,0.02775817457586527,0,84,,0.3635767201582591,4.851453671930358,1,0.007055465131998062,1,0.010106644593179226,1,0.06611241400241852,,,,,,,,,,,,,,,,,,,,,,,,,,,
844,"no_changes,universal_edges,all_inverse_edges",2532,2532,3,0.020781194635977347,0,84,,0.3635767201582591,4.862061430001631,1,0.007261961232870817,1,0.007904941216111183,1,0.04717668145895004,,,,,,,,,,,,,,,,,,,,,,,,,,,
845,"no_changes,all_inverse_edges,universal_edges",2535,2535,3,0.05983676373337706,0,84,,0.3635767201582591,4.842626635916531,1,0.007053520064800978,1,0.09161284565925598,1,0.08084392547607422,,,,,,,,,,,,,,,,,,,,,,,,,,,
846,"all_inverse_edges,universal_edges,no_changes",2538,2538,3,0.023859881951163214,0,84,,0.3635767201582591,4.85568237490952,1,0.006254252977669239,1,0.007637797389179468,1,0.05768759548664093,,,,,,,,,,,,,,,,,,,,,,,,,,,
847,"universal_edges,no_changes,all_inverse_edges",2541,2541,3,0.019257488194853067,0,84,,0.3635767201582591,4.855203486979008,1,0.0063465372659265995,1,0.008528643287718296,1,0.04289728403091431,,,,,,,,,,,,,,,,,,,,,,,,,,,
848,"universal_edges,all_inverse_edges,no_changes",2544,2544,3,0.018700696993619204,0,84,,0.3635767201582591,4.84498696308583,1,0.006225257646292448,1,0.006116451695561409,1,0.043760381639003754,,,,,,,,,,,,,,,,,,,,,,,,,,,
849,"universal_edges,no_changes,all_inverse_edges",2547,2547,3,0.07640987091387312,0,84,,0.3635767201582591,4.847847040044144,1,0.005831039045006037,1,0.0905475839972496,1,0.1328509896993637,,,,,,,,,,,,,,,,,,,,,,,,,,,
850,"universal_edges,no_changes,all_inverse_edges",2550,2550,3,0.04746497422456741,1,85,0.3616991937160492,0.3635767201582591,21.931573197012767,1,0.006465422920882702,1,0.008823533542454243,1,0.1271059662103653,0.2442588061094284,0.3600289523601532,0.3182267633487146,0.3808503625576796,0.43061964403427816,0.9888906122765521,0.953542739120472,0.7377059986816085,0.8106976957419975,0.25608429312705994,0.3758951425552368,0.3353658536585366,0.39238628872775216,0.44726433750823996,0.9892266728708623,0.9552851266845088,0.7461140408701384,0.8183644489627577,0.24853849411010742,0.34917348623275757,0.30009887936717206,0.3731048121292024,0.43144363876071196,0.989110344203601,0.93413985801056,0.7575214238628873,0.8224057196957999
851,"all_inverse_edges,universal_edges,no_changes",2553,2553,3,0.04448254142577449,0,85,,0.3635767201582591,4.843682189006358,1,0.006813868414610624,1,0.008086450397968292,1,0.11854730546474457,,,,,,,,,,,,,,,,,,,,,,,,,,,
852,"all_inverse_edges,universal_edges,no_changes",2556,2556,3,0.017868980144460995,0,85,,0.3635767201582591,4.842201698105782,1,0.006411578040570021,1,0.00505845109000802,1,0.04213691130280495,,,,,,,,,,,,,,,,,,,,,,,,,,,
853,"universal_edges,no_changes,all_inverse_edges",2559,2559,3,0.04384567557523648,0,85,,0.3635767201582591,4.849752968177199,1,0.005917645059525967,1,0.0915055200457573,1,0.03411386162042618,,,,,,,,,,,,,,,,,,,,,,,,,,,
854,"no_changes,universal_edges,all_inverse_edges",2562,2562,3,0.0223390933436652,0,85,,0.3635767201582591,4.841962130973116,1,0.006014957558363676,1,0.007843081839382648,1,0.05315924063324928,,,,,,,,,,,,,,,,,,,,,,,,,,,
855,"no_changes,all_inverse_edges,universal_edges",2565,2565,3,0.06195835629478097,0,85,,0.3635767201582591,4.846448986092582,1,0.00668970076367259,1,0.08777126669883728,1,0.09141410142183304,,,,,,,,,,,,,,,,,,,,,,,,,,,
856,"no_changes,all_inverse_edges,universal_edges",2568,2568,3,0.051204586401581764,0,85,,0.3635767201582591,4.861276230076328,1,0.005934620276093483,1,0.00730021670460701,1,0.1403789222240448,,,,,,,,,,,,,,,,,,,,,,,,,,,
857,"all_inverse_edges,no_changes,universal_edges",2571,2571,3,0.053655431450655065,0,85,,0.3635767201582591,4.8443754829932,1,0.005960891488939524,1,0.08687666058540344,1,0.06812874227762222,,,,,,,,,,,,,,,,,,,,,,,,,,,
858,"universal_edges,all_inverse_edges,no_changes",2574,2574,3,0.023912448436021805,0,85,,0.3635767201582591,4.860251086065546,1,0.008735328912734985,1,0.00836995616555214,1,0.05463206022977829,,,,,,,,,,,,,,,,,,,,,,,,,,,
859,"no_changes,all_inverse_edges,universal_edges",2577,2577,3,0.12511549703776836,0,85,,0.3635767201582591,4.842027545906603,1,0.2807386517524719,1,0.009090537205338478,1,0.08551730215549469,,,,,,,,,,,,,,,,,,,,,,,,,,,
860,"all_inverse_edges,no_changes,universal_edges",2580,2580,3,0.05105013477926453,1,86,0.35751571257909137,0.3635767201582591,21.855213129892945,1,0.006959397345781326,1,0.006861141417175531,1,0.13932986557483673,0.24345140159130096,0.35528457164764404,0.30702043506921556,0.38447593935398816,0.4327620303230059,0.9883412824589295,0.9316038367817796,0.7362953197099539,0.804305523166502,0.2585832178592682,0.3761107325553894,0.33272907053394857,0.3958470665787739,0.45023071852340146,0.9886514922382929,0.930952977563791,0.7461437046802901,0.8123543187291071,0.24477452039718628,0.3411518335342407,0.2903757415952538,0.3661832564271589,0.43045484508899146,0.9882572673103519,0.8998036664825597,0.7612854317732366,0.8154250320088603
861,"universal_edges,all_inverse_edges,no_changes",2583,2583,3,0.14452635341634354,0,86,,0.3635767201582591,4.84648421802558,1,0.28902193903923035,1,0.010067972354590893,1,0.13448914885520935,,,,,,,,,,,,,,,,,,,,,,,,,,,
862,"all_inverse_edges,universal_edges,no_changes",2586,2586,3,0.03433501875648896,0,86,,0.3635767201582591,4.842913850210607,1,0.011249296367168427,1,0.009197433479130268,1,0.08255832642316818,,,,,,,,,,,,,,,,,,,,,,,,,,,
863,"universal_edges,all_inverse_edges,no_changes",2589,2589,3,0.05339978324870268,0,86,,0.3635767201582591,4.843409592052922,1,0.008452607318758965,1,0.09141901135444641,1,0.06032773107290268,,,,,,,,,,,,,,,,,,,,,,,,,,,
864,"all_inverse_edges,no_changes,universal_edges",2592,2592,3,0.040247462379435696,0,86,,0.3635767201582591,4.839064612053335,1,0.007783461827784777,1,0.006219687405973673,1,0.10673923790454865,,,,,,,,,,,,,,,,,,,,,,,,,,,
865,"no_changes,universal_edges,all_inverse_edges",2595,2595,3,0.05894283391535282,0,86,,0.3635767201582591,4.838871841086075,1,0.009475341066718102,1,0.10116696357727051,1,0.06618619710206985,,,,,,,,,,,,,,,,,,,,,,,,,,,
866,"no_changes,universal_edges,all_inverse_edges",2598,2598,3,0.05943468678742647,0,86,,0.3635767201582591,4.836758259916678,1,0.008966159075498581,1,0.007163482718169689,1,0.16217441856861115,,,,,,,,,,,,,,,,,,,,,,,,,,,
867,"no_changes,all_inverse_edges,universal_edges",2601,2601,3,0.14442208968102932,0,86,,0.3635767201582591,4.844525400083512,1,0.3001350462436676,1,0.013511376455426216,1,0.11961984634399414,,,,,,,,,,,,,,,,,,,,,,,,,,,
868,"all_inverse_edges,universal_edges,no_changes",2604,2604,3,0.06661302285889785,0,86,,0.3635767201582591,4.926466796081513,1,0.008400416001677513,1,0.10125145316123962,1,0.0901871994137764,,,,,,,,,,,,,,,,,,,,,,,,,,,
869,"no_changes,universal_edges,all_inverse_edges",2607,2607,3,0.09308074073245128,0,86,,0.3635767201582591,4.846064257901162,1,0.008620214648544788,1,0.10784659534692764,1,0.1627754122018814,,,,,,,,,,,,,,,,,,,,,,,,,,,
870,"all_inverse_edges,universal_edges,no_changes",2610,2610,3,0.039386617640654244,1,87,0.3539722164471944,0.3635767201582591,21.919363190885633,1,0.01700180023908615,1,0.03869447484612465,1,0.06246357783675194,0.24316096305847168,0.35101959109306335,0.3038892551087673,0.37821357943309164,0.42913645352669744,0.9884188349037704,0.936665725794199,0.7350428477257746,0.8044551907169754,0.2557108402252197,0.3737170994281769,0.3330586684245221,0.3917270929466051,0.4454515491100857,0.9887031938681867,0.9474940476604141,0.736156888595913,0.8079555082507374,0.24170127511024475,0.337179958820343,0.2887277521423863,0.3607448912326961,0.4230388925510877,0.9878888931973581,0.9004377670851855,0.7481773236651286,0.8056990215381679
871,"all_inverse_edges,universal_edges,no_changes",2613,2613,3,0.03603662302096685,0,87,,0.3635767201582591,4.840151594020426,1,0.035467956215143204,1,0.017063409090042114,1,0.055578503757715225,,,,,,,,,,,,,,,,,,,,,,,,,,,
872,"no_changes,all_inverse_edges,universal_edges",2616,2616,3,0.12630155930916467,0,87,,0.3635767201582591,4.864999281940982,1,0.3061625063419342,1,0.016095809638500214,1,0.05664636194705963,,,,,,,,,,,,,,,,,,,,,,,,,,,
873,"all_inverse_edges,universal_edges,no_changes",2619,2619,3,0.062074764321247734,0,87,,0.3635767201582591,4.850294816773385,1,0.038481250405311584,1,0.10020237416028976,1,0.04754066839814186,,,,,,,,,,,,,,,,,,,,,,,,,,,
874,"universal_edges,all_inverse_edges,no_changes",2622,2622,3,0.10665291547775269,0,87,,0.3635767201582591,4.854342581005767,1,0.07452961802482605,1,0.10392507910728455,1,0.14150404930114746,,,,,,,,,,,,,,,,,,,,,,,,,,,
875,"no_changes,universal_edges,all_inverse_edges",2625,2625,3,0.04782319317261378,0,87,,0.3635767201582591,4.838924607029185,1,0.06325853615999222,1,0.020110882818698883,1,0.06010016053915024,,,,,,,,,,,,,,,,,,,,,,,,,,,
876,"all_inverse_edges,universal_edges,no_changes",2628,2628,3,0.030563464388251305,0,87,,0.3635767201582591,4.848455645143986,1,0.025857718661427498,1,0.015556689351797104,1,0.05027598515152931,,,,,,,,,,,,,,,,,,,,,,,,,,,
877,"all_inverse_edges,no_changes,universal_edges",2631,2631,3,0.0651488620787859,0,87,,0.3635767201582591,4.838547530118376,1,0.015762044116854668,1,0.11419826745986938,1,0.06548627465963364,,,,,,,,,,,,,,,,,,,,,,,,,,,
878,"universal_edges,all_inverse_edges,no_changes",2634,2634,3,0.07892266164223354,0,87,,0.3635767201582591,4.852867076871917,1,0.036785781383514404,1,0.13770022988319397,1,0.06228197365999222,,,,,,,,,,,,,,,,,,,,,,,,,,,
879,"no_changes,universal_edges,all_inverse_edges",2637,2637,3,0.043746696785092354,0,87,,0.3635767201582591,4.847799998009577,1,0.024015922099351883,1,0.017302053049206734,1,0.08992211520671844,,,,,,,,,,,,,,,,,,,,,,,,,,,
880,"all_inverse_edges,universal_edges,no_changes",2640,2640,3,0.0432424433529377,1,88,0.2812449435393016,0.3635767201582591,21.959555571898818,1,0.020989101380109787,1,0.01528330147266388,1,0.09345492720603943,0.19243918359279633,0.2571015954017639,0.1872116018457482,0.29680290046143704,0.38810151615029664,0.9876433104553621,0.9057862461340587,0.7349703361898483,0.7966949011266142,0.22227337956428528,0.30044782161712646,0.23434410019775873,0.34344100197758737,0.41331575477916943,0.9881538640505642,0.9044064570027877,0.7531575477916941,0.8106722746596449,0.21440893411636353,0.2861854135990143,0.21654581410678972,0.3304218852999341,0.4057350032959789,0.9877531764188866,0.8819129991684973,0.7640969017798286,0.8117920526549557
881,"universal_edges,all_inverse_edges,no_changes",2643,2643,3,0.06635847346236308,0,88,,0.3635767201582591,4.842706701019779,1,0.017194081097841263,1,0.0141545245423913,1,0.1677268147468567,,,,,,,,,,,,,,,,,,,,,,,,,,,
882,"no_changes,universal_edges,all_inverse_edges",2646,2646,3,0.14840631994108358,0,88,,0.3635767201582591,4.84520198404789,1,0.34198838472366333,1,0.017523476853966713,1,0.08570709824562073,,,,,,,,,,,,,,,,,,,,,,,,,,,
883,"universal_edges,all_inverse_edges,no_changes",2649,2649,3,0.0358812032888333,0,88,,0.3635767201582591,4.850013148970902,1,0.026038045063614845,1,0.01738470420241356,1,0.0642208606004715,,,,,,,,,,,,,,,,,,,,,,,,,,,
884,"universal_edges,all_inverse_edges,no_changes",2652,2652,3,0.06387085746973753,0,88,,0.3635767201582591,4.851641034008935,1,0.019158238545060158,1,0.015017948113381863,1,0.15743638575077057,,,,,,,,,,,,,,,,,,,,,,,,,,,
885,"no_changes,all_inverse_edges,universal_edges",2655,2655,3,0.08256850950419903,0,88,,0.3635767201582591,4.842186785070226,1,0.014727512374520302,1,0.09641894698143005,1,0.13655906915664673,,,,,,,,,,,,,,,,,,,,,,,,,,,
886,"no_changes,universal_edges,all_inverse_edges",2658,2658,3,0.05101102031767368,0,88,,0.3635767201582591,4.85895255417563,1,0.01552165299654007,1,0.01065107248723507,1,0.1268603354692459,,,,,,,,,,,,,,,,,,,,,,,,,,,
887,"universal_edges,no_changes,all_inverse_edges",2661,2661,3,0.11978255057086547,0,88,,0.3635767201582591,4.841749215032905,1,0.2954924702644348,1,0.010358418338000774,1,0.05349676311016083,,,,,,,,,,,,,,,,,,,,,,,,,,,
888,"no_changes,all_inverse_edges,universal_edges",2664,2664,3,0.12244429128865401,0,88,,0.3635767201582591,4.8615585919469595,1,0.2887226641178131,1,0.009725024923682213,1,0.0688851848244667,,,,,,,,,,,,,,,,,,,,,,,,,,,
889,"all_inverse_edges,universal_edges,no_changes",2667,2667,3,0.024977320805191994,0,88,,0.3635767201582591,4.8778584559913725,1,0.011749470606446266,1,0.00854334607720375,1,0.054639145731925964,,,,,,,,,,,,,,,,,,,,,,,,,,,
890,"all_inverse_edges,no_changes,universal_edges",2670,2670,3,0.021881929133087397,1,89,0.3326364854971568,0.3635767201582591,21.984683458926156,1,0.009052702225744724,1,0.007465647999197245,1,0.04912743717432022,0.23434792459011078,0.3287167549133301,0.27257745550428475,0.3620632827949901,0.42468688200395516,0.9888195225354479,0.926068078598504,0.755112063282795,0.818293676324074,0.2529294490814209,0.35174959897994995,0.3009228740936058,0.3783783783783784,0.43754119973632166,0.9892848372044929,0.940882035791021,0.757610415293342,0.8242824156879338,0.23401759564876556,0.3174431025981903,0.257251153592617,0.3525049439683586,0.41875411997363216,0.9892719117970195,0.9342419665336227,0.76228740936058,0.8262117790520406
891,"no_changes,all_inverse_edges,universal_edges",2673,2673,3,0.021609632453570764,0,89,,0.3635767201582591,4.836859080940485,1,0.01041985023766756,1,0.00683323061093688,1,0.04757581651210785,,,,,,,,,,,,,,,,,,,,,,,,,,,
892,"no_changes,all_inverse_edges,universal_edges",2676,2676,3,0.019723721624662478,0,89,,0.3635767201582591,4.85141740902327,1,0.00932717602699995,1,0.006624895613640547,1,0.04321909323334694,,,,,,,,,,,,,,,,,,,,,,,,,,,
893,"universal_edges,no_changes,all_inverse_edges",2679,2679,3,0.018132930155843496,0,89,,0.3635767201582591,4.839936628006399,1,0.008553373627364635,1,0.006868836935609579,1,0.038976579904556274,,,,,,,,,,,,,,,,,,,,,,,,,,,
894,"no_changes,all_inverse_edges,universal_edges",2682,2682,3,0.12392954528331757,0,89,,0.3635767201582591,4.833935094997287,1,0.3002713620662689,1,0.005581215023994446,1,0.06593605875968933,,,,,,,,,,,,,,,,,,,,,,,,,,,
895,"no_changes,all_inverse_edges,universal_edges",2685,2685,3,0.14690355475371084,0,89,,0.3635767201582591,4.841418860014528,1,0.2902856469154358,1,0.007138014305382967,1,0.14328700304031372,,,,,,,,,,,,,,,,,,,,,,,,,,,
896,"no_changes,all_inverse_edges,universal_edges",2688,2688,3,0.055209146036456026,0,89,,0.3635767201582591,4.85707385907881,1,0.010698892176151276,1,0.005907084327191114,1,0.1490214616060257,,,,,,,,,,,,,,,,,,,,,,,,,,,
897,"universal_edges,no_changes,all_inverse_edges",2691,2691,3,0.03813206342359384,0,89,,0.3635767201582591,4.839506217977032,1,0.008830925449728966,1,0.00559716671705246,1,0.09996809810400009,,,,,,,,,,,,,,,,,,,,,,,,,,,
898,"all_inverse_edges,no_changes,universal_edges",2694,2694,3,0.025633259986837704,0,89,,0.3635767201582591,4.876556013012305,1,0.007549408357590437,1,0.005924160126596689,1,0.06342621147632599,,,,,,,,,,,,,,,,,,,,,,,,,,,
899,"universal_edges,all_inverse_edges,no_changes",2697,2697,3,0.01927973035102089,0,89,,0.3635767201582591,4.872771376976743,1,0.007970882579684258,1,0.00557720335200429,1,0.04429110512137413,,,,,,,,,,,,,,,,,,,,,,,,,,,
900,"no_changes,all_inverse_edges,universal_edges",2700,2700,3,0.03428287353987495,1,90,0.34665145476659137,0.3635767201582591,21.949270833050832,1,0.008718589320778847,1,0.0055641601793468,1,0.0885658711194992,0.23943722248077393,0.34446680545806885,0.29284772577455503,0.3770599868160844,0.42913645352669744,0.9886514922382929,0.9526976909579433,0.7314469347396176,0.8049978101511812,0.25782790780067444,0.3656279444694519,0.31888595912986156,0.38859591298615687,0.44050758075148316,0.9887872090167642,0.9582110367525243,0.7320006591957812,0.8067048712745231,0.23921914398670197,0.3298596143722534,0.2747198417930125,0.3612392880685564,0.4210613052076467,0.9887096565719234,0.9352244273845448,0.7447198417930125,0.8122659254540217
901,"universal_edges,no_changes,all_inverse_edges",2703,2703,3,0.12814994559933743,0,90,,0.3635767201582591,4.848971830913797,1,0.3189757764339447,1,0.005754743702709675,1,0.05971931666135788,,,,,,,,,,,,,,,,,,,,,,,,,,,
902,"universal_edges,no_changes,all_inverse_edges",2706,2706,3,0.12562734509507814,0,90,,0.3635767201582591,4.859467159025371,1,0.3058863878250122,1,0.012686118483543396,1,0.05830952897667885,,,,,,,,,,,,,,,,,,,,,,,,,,,
903,"all_inverse_edges,no_changes,universal_edges",2709,2709,3,0.1652598703900973,0,90,,0.3635767201582591,4.839957165066153,1,0.29099082946777344,1,0.10565274953842163,1,0.09913603216409683,,,,,,,,,,,,,,,,,,,,,,,,,,,
904,"universal_edges,no_changes,all_inverse_edges",2712,2712,3,0.08458518081655104,0,90,,0.3635767201582591,4.840671624056995,1,0.01179253589361906,1,0.10248254984617233,1,0.13948045670986176,,,,,,,,,,,,,,,,,,,,,,,,,,,
905,"universal_edges,no_changes,all_inverse_edges",2715,2715,3,0.041446748189628124,0,90,,0.3635767201582591,4.849859275855124,1,0.011401083320379257,1,0.011479233391582966,1,0.10145992785692215,,,,,,,,,,,,,,,,,,,,,,,,,,,
906,"universal_edges,no_changes,all_inverse_edges",2718,2718,3,0.03678943340977033,0,90,,0.3635767201582591,4.849834979977459,1,0.010901683941483498,1,0.0065643880516290665,1,0.09290222823619843,,,,,,,,,,,,,,,,,,,,,,,,,,,
907,"no_changes,all_inverse_edges,universal_edges",2721,2721,3,0.032117449988921486,0,90,,0.3635767201582591,4.838735603960231,1,0.008378468453884125,1,0.008202102035284042,1,0.07977177947759628,,,,,,,,,,,,,,,,,,,,,,,,,,,
908,"all_inverse_edges,universal_edges,no_changes",2724,2724,3,0.02189266464362542,0,90,,0.3635767201582591,4.837961013894528,1,0.0068076602183282375,1,0.007205672096461058,1,0.05166466161608696,,,,,,,,,,,,,,,,,,,,,,,,,,,
909,"all_inverse_edges,universal_edges,no_changes",2727,2727,3,0.02358464136098822,0,90,,0.3635767201582591,4.849736609030515,1,0.006403467617928982,1,0.006340522784739733,1,0.058009933680295944,,,,,,,,,,,,,,,,,,,,,,,,,,,
910,"universal_edges,no_changes,all_inverse_edges",2730,2730,3,0.05099384874726335,1,91,0.3569545845190684,0.3635767201582591,21.901920016855,1,0.006831639911979437,1,0.007136586122214794,1,0.13901332020759583,0.24363721907138824,0.35469022393226624,0.30965721819380354,0.3810151615029664,0.4289716545814107,0.9887484327943439,0.9487358705722616,0.7366644693473963,0.8086837821463377,0.25982117652893066,0.3727766275405884,0.33174027686222807,0.3912326961107449,0.4436387607119314,0.9890263290550234,0.9457103744641717,0.7466578773895847,0.8164990947887717,0.24743467569351196,0.3433969020843506,0.2956493078444298,0.3681608437705999,0.4233684904416612,0.9888130598317112,0.9256320673423144,0.7552702702702703,0.8182995706686008
911,"all_inverse_edges,no_changes,universal_edges",2733,2733,3,0.04927145751814047,0,91,,0.3635767201582591,4.848171733086929,1,0.006135875359177589,1,0.005258083343505859,1,0.13642041385173798,,,,,,,,,,,,,,,,,,,,,,,,,,,
912,"all_inverse_edges,no_changes,universal_edges",2736,2736,3,0.053199443966150284,0,91,,0.3635767201582591,4.848052049987018,1,0.0063652172684669495,1,0.09749729931354523,1,0.055735815316438675,,,,,,,,,,,,,,,,,,,,,,,,,,,
913,"universal_edges,all_inverse_edges,no_changes",2739,2739,3,0.01985216389099757,0,91,,0.3635767201582591,4.8437189541291445,1,0.007356368936598301,1,0.00817109551280737,1,0.044029027223587036,,,,,,,,,,,,,,,,,,,,,,,,,,,
914,"all_inverse_edges,universal_edges,no_changes",2742,2742,3,0.04694884829223156,0,91,,0.3635767201582591,4.848774845013395,1,0.007233014330267906,1,0.00867130234837532,1,0.12494222819805145,,,,,,,,,,,,,,,,,,,,,,,,,,,
915,"universal_edges,all_inverse_edges,no_changes",2745,2745,3,0.13732950249686837,0,91,,0.3635767201582591,4.842270362889394,1,0.28911611437797546,1,0.0055545601062476635,1,0.11731783300638199,,,,,,,,,,,,,,,,,,,,,,,,,,,
916,"no_changes,all_inverse_edges,universal_edges",2748,2748,3,0.043598473692933716,0,91,,0.3635767201582591,4.835113791050389,1,0.006199345923960209,1,0.006566301919519901,1,0.11802977323532104,,,,,,,,,,,,,,,,,,,,,,,,,,,
917,"all_inverse_edges,universal_edges,no_changes",2751,2751,3,0.04170614263663689,0,91,,0.3635767201582591,4.8465085700154305,1,0.008794642053544521,1,0.005846308544278145,1,0.11047747731208801,,,,,,,,,,,,,,,,,,,,,,,,,,,
918,"no_changes,all_inverse_edges,universal_edges",2754,2754,3,0.019363523771365482,0,91,,0.3635767201582591,4.848388741025701,1,0.006932510063052177,1,0.006337059661746025,1,0.04482100158929825,,,,,,,,,,,,,,,,,,,,,,,,,,,
919,"no_changes,universal_edges,all_inverse_edges",2757,2757,3,0.016452598851174116,0,91,,0.3635767201582591,4.841595798032358,1,0.006943110376596451,1,0.006235780660063028,1,0.03617890551686287,,,,,,,,,,,,,,,,,,,,,,,,,,,
920,"universal_edges,all_inverse_edges,no_changes",2760,2760,3,0.043873872297505535,1,92,0.35993334650993347,0.3635767201582591,21.873232399113476,1,0.006592976860702038,1,0.08617857098579407,1,0.03885006904602051,0.24790970981121063,0.3617493808269501,0.31855636123928804,0.38562953197099537,0.4327620303230059,0.9886127160158724,0.943532347486515,0.7361107448912327,0.8069933724430203,0.2621312737464905,0.37951532006263733,0.3393210283454186,0.39452867501647987,0.45088991430454844,0.9890004782400765,0.951475174290547,0.7421226104152934,0.8140398899250469,0.2437886744737625,0.338535338640213,0.2844429795649308,0.3671720500988794,0.43259723137771916,0.9887742836092908,0.9376178429729207,0.7449143045484509,0.8130288688882291
921,"no_changes,all_inverse_edges,universal_edges",2763,2763,3,0.042640411760658026,0,92,,0.3635767201582591,4.842178032035008,1,0.006523867137730122,1,0.005258805584162474,1,0.11613856256008148,,,,,,,,,,,,,,,,,,,,,,,,,,,
922,"no_changes,universal_edges,all_inverse_edges",2766,2766,3,0.01580589124932885,0,92,,0.3635767201582591,4.83855767804198,1,0.005736616440117359,1,0.005431456957012415,1,0.03624960035085678,,,,,,,,,,,,,,,,,,,,,,,,,,,
923,"no_changes,universal_edges,all_inverse_edges",2769,2769,3,0.0164829408749938,0,92,,0.3635767201582591,4.842488030204549,1,0.006267107557505369,1,0.005780146922916174,1,0.03740156814455986,,,,,,,,,,,,,,,,,,,,,,,,,,,
924,"no_changes,universal_edges,all_inverse_edges",2772,2772,3,0.01590387507652243,0,92,,0.3635767201582591,4.832289732992649,1,0.006287063006311655,1,0.004951723851263523,1,0.03647283837199211,,,,,,,,,,,,,,,,,,,,,,,,,,,
925,"no_changes,all_inverse_edges,universal_edges",2775,2775,3,0.044235941022634506,0,92,,0.3635767201582591,4.844447195995599,1,0.0060874223709106445,1,0.08504010736942291,1,0.04158029332756996,,,,,,,,,,,,,,,,,,,,,,,,,,,
926,"universal_edges,all_inverse_edges,no_changes",2778,2778,3,0.04087397844220201,0,92,,0.3635767201582591,4.842451548902318,1,0.005882438737899065,1,0.08206786960363388,1,0.03467162698507309,,,,,,,,,,,,,,,,,,,,,,,,,,,
927,"universal_edges,all_inverse_edges,no_changes",2781,2781,3,0.017115565792967875,0,92,,0.3635767201582591,4.847180125070736,1,0.005909255240112543,1,0.005268940702080727,1,0.04016850143671036,,,,,,,,,,,,,,,,,,,,,,,,,,,
928,"all_inverse_edges,universal_edges,no_changes",2784,2784,3,0.02107097286110123,0,92,,0.3635767201582591,4.83608709811233,1,0.0059893387369811535,1,0.004285468719899654,1,0.05293811112642288,,,,,,,,,,,,,,,,,,,,,,,,,,,
929,"universal_edges,no_changes,all_inverse_edges",2787,2787,3,0.13424564028779665,0,92,,0.3635767201582591,4.846583988983184,1,0.28010115027427673,1,0.08260677754878998,1,0.04002899304032326,,,,,,,,,,,,,,,,,,,,,,,,,,,
930,"no_changes,universal_edges,all_inverse_edges",2790,2790,3,0.052517261976997055,1,93,0.3611431320508321,0.3635767201582591,21.904384358087555,1,0.007420966401696205,1,0.08800601959228516,1,0.06212479993700981,0.2458147257566452,0.3602342903614044,0.3147659854976928,0.38711272247857614,0.4367172050098879,0.9888970749802888,0.9238519455644363,0.7593506921555702,0.821010843031249,0.26153022050857544,0.37861838936805725,0.33371786420566907,0.39897824653922215,0.4543506921555702,0.9894916437240684,0.9332770543173202,0.7696671061305208,0.831682653495716,0.24716602265834808,0.34457671642303467,0.28988134475939353,0.37326961107448914,0.4401779828609097,0.989207284759652,0.913602545147391,0.7785662491760053,0.832367519381047
931,"no_changes,all_inverse_edges,universal_edges",2793,2793,3,0.05280969369535645,0,93,,0.3635767201582591,4.838783517945558,1,0.00775533402338624,1,0.08641123026609421,1,0.0642625167965889,,,,,,,,,,,,,,,,,,,,,,,,,,,
932,"universal_edges,all_inverse_edges,no_changes",2796,2796,3,0.047911377934118114,0,93,,0.3635767201582591,4.845446088816971,1,0.006442300044000149,1,0.08566009253263474,1,0.05163174122571945,,,,,,,,,,,,,,,,,,,,,,,,,,,
933,"no_changes,all_inverse_edges,universal_edges",2799,2799,3,0.049984890346725784,0,93,,0.3635767201582591,4.838551525957882,1,0.005426350049674511,1,0.005109257064759731,1,0.1394190639257431,,,,,,,,,,,,,,,,,,,,,,,,,,,
934,"no_changes,universal_edges,all_inverse_edges",2802,2802,3,0.11329878773540258,0,93,,0.3635767201582591,4.842914218083024,1,0.28203821182250977,1,0.005720571614801884,1,0.0521375797688961,,,,,,,,,,,,,,,,,,,,,,,,,,,
935,"all_inverse_edges,no_changes,universal_edges",2805,2805,3,0.030181316348413628,0,93,,0.3635767201582591,4.846267190994695,1,0.006406240630894899,1,0.005098991561681032,1,0.07903871685266495,,,,,,,,,,,,,,,,,,,,,,,,,,,
936,"all_inverse_edges,universal_edges,no_changes",2808,2808,3,0.027258859636882942,0,93,,0.3635767201582591,4.847657243022695,1,0.008689749985933304,1,0.00495502445846796,1,0.06813180446624756,,,,,,,,,,,,,,,,,,,,,,,,,,,
937,"universal_edges,no_changes,all_inverse_edges",2811,2811,3,0.02774028293788433,0,93,,0.3635767201582591,4.839965290157124,1,0.01261073537170887,1,0.006379313766956329,1,0.06423079967498779,,,,,,,,,,,,,,,,,,,,,,,,,,,
938,"universal_edges,all_inverse_edges,no_changes",2814,2814,3,0.051256452376643814,0,93,,0.3635767201582591,4.850351389031857,1,0.013418211601674557,1,0.009710847400128841,1,0.13064029812812805,,,,,,,,,,,,,,,,,,,,,,,,,,,
939,"universal_edges,no_changes,all_inverse_edges",2817,2817,3,0.025595978057632845,0,93,,0.3635767201582591,4.844377451809123,1,0.010409696958959103,1,0.00707143684849143,1,0.059306800365448,,,,,,,,,,,,,,,,,,,,,,,,,,,
940,"all_inverse_edges,no_changes,universal_edges",2820,2820,3,0.06461238752429684,1,94,0.3645840287208557,0.3645840287208557,22.005343670025468,1,0.008463948965072632,1,0.005329248029738665,1,0.18004396557807922,0.24776892364025116,0.3626677691936493,0.3202043506921556,0.3859591298615689,0.4347396176664469,0.9885416262747683,0.9500351323935339,0.729937376400791,0.8030675290496991,0.26227593421936035,0.3821639120578766,0.3429466051417271,0.3974950560316414,0.4495715227422544,0.9888001344242378,0.9585430312811349,0.7321687541199736,0.8069276898667138,0.24915900826454163,0.34892040491104126,0.2992748846407383,0.3714568226763349,0.4352340145023072,0.988502850052348,0.931310379210099,0.7413843111404087,0.8085079779805179
941,"universal_edges,no_changes,all_inverse_edges",2823,2823,3,0.07612205638239782,0,94,,0.3645840287208557,4.845170839922503,1,0.008397880010306835,1,0.0939246118068695,1,0.1260436773300171,,,,,,,,,,,,,,,,,,,,,,,,,,,
942,"no_changes,all_inverse_edges,universal_edges",2826,2826,3,0.08678898494690657,0,94,,0.3645840287208557,4.842106907162815,1,0.007052169181406498,1,0.08857620507478714,1,0.16473858058452606,,,,,,,,,,,,,,,,,,,,,,,,,,,
943,"universal_edges,no_changes,all_inverse_edges",2829,2829,3,0.1595000997185707,0,94,,0.3645840287208557,4.854806755902246,1,0.2896340787410736,1,0.10547621548175812,1,0.0833900049328804,,,,,,,,,,,,,,,,,,,,,,,,,,,
944,"no_changes,all_inverse_edges,universal_edges",2832,2832,3,0.2566517104084293,0,94,,0.3645840287208557,4.8330169739201665,1,0.012645457871258259,1,0.011463521048426628,1,0.745846152305603,,,,,,,,,,,,,,,,,,,,,,,,,,,
945,"universal_edges,all_inverse_edges,no_changes",2835,2835,3,0.20497327111661434,0,94,,0.3645840287208557,4.844254473922774,1,0.013018792495131493,1,0.05135723575949669,1,0.5505437850952148,,,,,,,,,,,,,,,,,,,,,,,,,,,
946,"all_inverse_edges,universal_edges,no_changes",2838,2838,3,0.1280252287785212,0,94,,0.3645840287208557,4.855115964077413,1,0.12000502645969391,1,0.07634882628917694,1,0.1877218335866928,,,,,,,,,,,,,,,,,,,,,,,,,,,
947,"all_inverse_edges,universal_edges,no_changes",2841,2841,3,0.09288253014286359,0,94,,0.3645840287208557,4.8430721310433,1,0.015827558934688568,1,0.05778450891375542,1,0.2050355225801468,,,,,,,,,,,,,,,,,,,,,,,,,,,
948,"universal_edges,no_changes,all_inverse_edges",2844,2844,3,0.1494239754974842,0,94,,0.3645840287208557,4.834518946008757,1,0.06162114068865776,1,0.2676251232624054,1,0.11902566254138947,,,,,,,,,,,,,,,,,,,,,,,,,,,
949,"all_inverse_edges,universal_edges,no_changes",2847,2847,3,0.2843453735113144,0,94,,0.3645840287208557,4.864509853068739,1,0.3864694833755493,1,0.15229789912700653,1,0.31426873803138733,,,,,,,,,,,,,,,,,,,,,,,,,,,
950,"no_changes,universal_edges,all_inverse_edges",2850,2850,3,0.257447212934494,1,95,0.2989421784877777,0.3645840287208557,21.89185134205036,1,0.3763175904750824,1,0.19466638565063477,1,0.2013576626777649,0.22105427086353302,0.3132060766220093,0.2643375082399473,0.3442649967040211,0.39650626235992087,0.9736386314578567,0.6924485675536213,0.8043803559657219,0.7347782124374433,0.22895631194114685,0.31333020329475403,0.260547132498352,0.3452537903757416,0.40260382333553063,0.9747889927229956,0.7021879039479988,0.8214403427818062,0.7471632001066548,0.2100478857755661,0.2702902555465698,0.21110744891232697,0.3005932762030323,0.37821357943309164,0.9711117142967932,0.6827272938767802,0.8316776532630191,0.7337702336491259
951,"no_changes,all_inverse_edges,universal_edges",2853,2853,3,0.14149808386961618,0,95,,0.3645840287208557,4.856453506974503,1,0.10475800186395645,1,0.046001799404621124,1,0.273734450340271,,,,,,,,,,,,,,,,,,,,,,,,,,,
952,"universal_edges,all_inverse_edges,no_changes",2856,2856,3,0.07834324116508166,0,95,,0.3645840287208557,4.830589896067977,1,0.04407114163041115,1,0.10147050768136978,1,0.08948807418346405,,,,,,,,,,,,,,,,,,,,,,,,,,,
953,"no_changes,universal_edges,all_inverse_edges",2859,2859,3,0.2368006408214569,0,95,,0.3645840287208557,4.841432910878211,1,0.09894710779190063,1,0.18325847387313843,1,0.42819634079933167,,,,,,,,,,,,,,,,,,,,,,,,,,,
954,"all_inverse_edges,universal_edges,no_changes",2862,2862,3,0.13878174126148224,0,95,,0.3645840287208557,4.8391826211009175,1,0.06392543017864227,1,0.11966665089130402,1,0.23275314271450043,,,,,,,,,,,,,,,,,,,,,,,,,,,
955,"all_inverse_edges,universal_edges,no_changes",2865,2865,3,0.07879473020633061,0,95,,0.3645840287208557,4.836943679954857,1,0.060585737228393555,1,0.048980988562107086,1,0.1268174648284912,,,,,,,,,,,,,,,,,,,,,,,,,,,
956,"all_inverse_edges,universal_edges,no_changes",2868,2868,3,0.16215887914101282,0,95,,0.3645840287208557,4.848838755162433,1,0.08123310655355453,1,0.29771536588668823,1,0.10752816498279572,,,,,,,,,,,,,,,,,,,,,,,,,,,
957,"no_changes,all_inverse_edges,universal_edges",2871,2871,3,0.19024969885746637,0,95,,0.3645840287208557,4.829399197129533,1,0.07512862235307693,1,0.2341962605714798,1,0.2614242136478424,,,,,,,,,,,,,,,,,,,,,,,,,,,
958,"no_changes,universal_edges,all_inverse_edges",2874,2874,3,0.08303029959400494,0,95,,0.3645840287208557,4.847140543162823,1,0.09304995834827423,1,0.062386345118284225,1,0.09365459531545639,,,,,,,,,,,,,,,,,,,,,,,,,,,
959,"universal_edges,no_changes,all_inverse_edges",2877,2877,3,0.06228902315100034,0,95,,0.3645840287208557,4.931741302832961,1,0.06915024667978287,1,0.039249781519174576,1,0.07846704125404358,,,,,,,,,,,,,,,,,,,,,,,,,,,
960,"all_inverse_edges,universal_edges,no_changes",2880,2880,3,0.08339422817031543,1,96,0.30038068691889447,0.3645840287208557,22.009030320914462,1,0.029304921627044678,1,0.028546776622533798,1,0.1923309862613678,0.2079370766878128,0.2864231467247009,0.22429136453526696,0.3210283454185893,0.39304548450889915,0.9869518011555314,0.865495409284883,0.7556130520764668,0.8003966083684437,0.23424990475177765,0.3247136175632477,0.26862228081740275,0.3562953197099539,0.4185893210283454,0.9877079374927294,0.8780243753692633,0.7674653922214898,0.8128577667468045,0.21700170636177063,0.29000529646873474,0.22346736980883322,0.3271259063941991,0.40655899802241263,0.987255548231158,0.8573361754366589,0.7812854317732367,0.8145694453414084
961,"no_changes,all_inverse_edges,universal_edges",2883,2883,3,0.045780561243494354,0,96,,0.3645840287208557,4.839074956951663,1,0.0197832640260458,1,0.04674316197633743,1,0.07081525772809982,,,,,,,,,,,,,,,,,,,,,,,,,,,
962,"no_changes,universal_edges,all_inverse_edges",2886,2886,3,0.08386584619681041,0,96,,0.3645840287208557,4.842579176882282,1,0.030699841678142548,1,0.15136803686618805,1,0.06952966004610062,,,,,,,,,,,,,,,,,,,,,,,,,,,
963,"no_changes,universal_edges,all_inverse_edges",2889,2889,3,0.08225057894984882,0,96,,0.3645840287208557,4.836808182997629,1,0.03388215973973274,1,0.045493461191654205,1,0.16737611591815948,,,,,,,,,,,,,,,,,,,,,,,,,,,
964,"no_changes,all_inverse_edges,universal_edges",2892,2892,3,0.15054810233414173,0,96,,0.3645840287208557,4.83891232102178,1,0.3493332862854004,1,0.027329688891768456,1,0.07498133182525635,,,,,,,,,,,,,,,,,,,,,,,,,,,
965,"universal_edges,no_changes,all_inverse_edges",2895,2895,3,0.06395680829882622,0,96,,0.3645840287208557,4.831589141860604,1,0.021207362413406372,1,0.019781801849603653,1,0.15088126063346863,,,,,,,,,,,,,,,,,,,,,,,,,,,
966,"universal_edges,all_inverse_edges,no_changes",2898,2898,3,0.06451955748101075,0,96,,0.3645840287208557,4.835812095087022,1,0.015127601101994514,1,0.11549784988164902,1,0.06293322145938873,,,,,,,,,,,,,,,,,,,,,,,,,,,
967,"all_inverse_edges,no_changes,universal_edges",2901,2901,3,0.030183080583810806,0,96,,0.3645840287208557,4.836710459087044,1,0.014962022192776203,1,0.01385499071329832,1,0.061732228845357895,,,,,,,,,,,,,,,,,,,,,,,,,,,
968,"universal_edges,no_changes,all_inverse_edges",2904,2904,3,0.025969382375478745,0,96,,0.3645840287208557,4.842700444161892,1,0.011977311223745346,1,0.01210586354136467,1,0.05382497236132622,,,,,,,,,,,,,,,,,,,,,,,,,,,
969,"universal_edges,all_inverse_edges,no_changes",2907,2907,3,0.12412900694956382,0,96,,0.3645840287208557,4.8364375699311495,1,0.30885398387908936,1,0.009265865199267864,1,0.054267171770334244,,,,,,,,,,,,,,,,,,,,,,,,,,,
970,"all_inverse_edges,no_changes,universal_edges",2910,2910,3,0.02625171436617772,1,97,0.33609596888224286,0.3645840287208557,21.889550629770383,1,0.010111228562891483,1,0.008048532530665398,1,0.06059538200497627,0.23208531737327576,0.3318902254104614,0.2771918259723138,0.3642056690837179,0.42221489782465393,0.9883348197551928,0.9074897718251707,0.756156888595913,0.8138621783743363,0.2537354826927185,0.3594503700733185,0.31196440342781806,0.38315754779169414,0.43951878707976266,0.9890069409438133,0.9286361525562972,0.7587607119314437,0.8218832940270023,0.23324839770793915,0.3169473111629486,0.255932762030323,0.35036255767963087,0.4228740936058009,0.9890327917587602,0.9172923255000205,0.7694330916282136,0.826797617895809
971,"all_inverse_edges,universal_edges,no_changes",2913,2913,3,0.022708851223190624,0,97,,0.3645840287208557,4.849468547850847,1,0.009491540491580963,1,0.008256999775767326,1,0.05037801340222359,,,,,,,,,,,,,,,,,,,,,,,,,,,
972,"universal_edges,no_changes,all_inverse_edges",2916,2916,3,0.021740559954196215,0,97,,0.3645840287208557,4.8369140480645,1,0.010163182392716408,1,0.007191132288426161,1,0.047867365181446075,,,,,,,,,,,,,,,,,,,,,,,,,,,
973,"universal_edges,all_inverse_edges,no_changes",2919,2919,3,0.020906266135474045,0,97,,0.3645840287208557,4.847078877035528,1,0.009035250172019005,1,0.007376129738986492,1,0.04630741849541664,,,,,,,,,,,,,,,,,,,,,,,,,,,
974,"all_inverse_edges,no_changes,universal_edges",2922,2922,3,0.021915654030938942,0,97,,0.3645840287208557,4.844194813864306,1,0.008839220739901066,1,0.0068667177110910416,1,0.05004102364182472,,,,,,,,,,,,,,,,,,,,,,,,,,,
975,"universal_edges,no_changes,all_inverse_edges",2925,2925,3,0.13342327205464244,0,97,,0.3645840287208557,4.8605700810439885,1,0.3487789034843445,1,0.007013814989477396,1,0.04447709769010544,,,,,,,,,,,,,,,,,,,,,,,,,,,
976,"no_changes,all_inverse_edges,universal_edges",2928,2928,3,0.024553635468085606,0,97,,0.3645840287208557,4.83761589997448,1,0.010962898842990398,1,0.00842332560569048,1,0.05427468195557594,,,,,,,,,,,,,,,,,,,,,,,,,,,
977,"universal_edges,no_changes,all_inverse_edges",2931,2931,3,0.11923206225037575,0,97,,0.3645840287208557,4.851452832110226,1,0.3035382330417633,1,0.009350553154945374,1,0.044807400554418564,,,,,,,,,,,,,,,,,,,,,,,,,,,
978,"no_changes,all_inverse_edges,universal_edges",2934,2934,3,0.12844276490310827,0,97,,0.3645840287208557,4.851054599042982,1,0.2936284840106964,1,0.007641570642590523,1,0.0840582400560379,,,,,,,,,,,,,,,,,,,,,,,,,,,
979,"all_inverse_edges,no_changes,universal_edges",2937,2937,3,0.06000050017610192,0,97,,0.3645840287208557,4.852657604031265,1,0.008906587958335876,1,0.006572622340172529,1,0.16452229022979736,,,,,,,,,,,,,,,,,,,,,,,,,,,
980,"universal_edges,no_changes,all_inverse_edges",2940,2940,3,0.13844533264636993,1,98,0.3495312035083771,0.3645840287208557,21.916964541189373,1,0.30649441480636597,1,0.00682811439037323,1,0.1020134687423706,0.23708932101726532,0.3417530953884125,0.2907053394858273,0.3726104152933421,0.42649967040210945,0.9889487766101827,0.9068981886520093,0.7769808833223468,0.8290824964644814,0.2575812041759491,0.3744496703147888,0.33322346736980885,0.39139749505603166,0.44891232696110744,0.9897307637623276,0.9287599669928199,0.780771259063942,0.8387126193636436,0.2385132759809494,0.33239084482192993,0.275708635464733,0.36354647330257084,0.4269940672379697,0.9894205539829644,0.9079425105999253,0.7914337508239947,0.8395725128601903
981,"no_changes,all_inverse_edges,universal_edges",2943,2943,3,0.031217720980445545,0,98,,0.3645840287208557,4.848471940960735,1,0.010220116935670376,1,0.009637354873120785,1,0.07379569113254547,,,,,,,,,,,,,,,,,,,,,,,,,,,
982,"no_changes,all_inverse_edges,universal_edges",2946,2946,3,0.026534038595855236,0,98,,0.3645840287208557,4.867022793041542,1,0.015556521713733673,1,0.008182053454220295,1,0.05586354061961174,,,,,,,,,,,,,,,,,,,,,,,,,,,
983,"universal_edges,no_changes,all_inverse_edges",2949,2949,3,0.11552017678817113,0,98,,0.3645840287208557,4.844691720791161,1,0.2886870205402374,1,0.008461501449346542,1,0.04941200837492943,,,,,,,,,,,,,,,,,,,,,,,,,,,
984,"no_changes,universal_edges,all_inverse_edges",2952,2952,3,0.027316102602829535,0,98,,0.3645840287208557,4.8456652329768986,1,0.011744121089577675,1,0.007254521828144789,1,0.06294966489076614,,,,,,,,,,,,,,,,,,,,,,,,,,,
985,"all_inverse_edges,no_changes,universal_edges",2955,2955,3,0.02450906407708923,0,98,,0.3645840287208557,4.837402043864131,1,0.009855401702225208,1,0.006977480370551348,1,0.056694310158491135,,,,,,,,,,,,,,,,,,,,,,,,,,,
986,"no_changes,universal_edges,all_inverse_edges",2958,2958,3,0.022158910054713488,0,98,,0.3645840287208557,4.861254883930087,1,0.008744998835027218,1,0.005940871778875589,1,0.051790859550237656,,,,,,,,,,,,,,,,,,,,,,,,,,,
987,"universal_edges,no_changes,all_inverse_edges",2961,2961,3,0.05369441149135431,0,98,,0.3645840287208557,4.849393787095323,1,0.007590113207697868,1,0.10826200991868973,1,0.045231111347675323,,,,,,,,,,,,,,,,,,,,,,,,,,,
988,"universal_edges,no_changes,all_inverse_edges",2964,2964,3,0.14220793545246124,0,98,,0.3645840287208557,4.838605914032087,1,0.28759217262268066,1,0.09669090062379837,1,0.042340733110904694,,,,,,,,,,,,,,,,,,,,,,,,,,,
989,"no_changes,universal_edges,all_inverse_edges",2967,2967,3,0.022267727181315422,0,98,,0.3645840287208557,4.842461817897856,1,0.008972213603556156,1,0.010954723693430424,1,0.046876244246959686,,,,,,,,,,,,,,,,,,,,,,,,,,,
990,"no_changes,universal_edges,all_inverse_edges",2970,2970,3,0.019557074333230656,1,99,0.35642098387082416,0.3645840287208557,21.93007466290146,1,0.008785373531281948,1,0.008090200833976269,1,0.041795648634433746,0.24061253666877747,0.3491224944591522,0.29976928147659854,0.3793671720500989,0.4312788398154252,0.9889875528326031,0.9406252858841826,0.7490606460118655,0.8172294675446049,0.2606125473976135,0.3766401410102844,0.33520105471324985,0.39403427818061965,0.4490771259063942,0.9894981064278051,0.9487108696263599,0.7582036914963743,0.8268193031923171,0.24682705104351044,0.3435003161430359,0.28988134475939353,0.37277521423862886,0.43144363876071196,0.9892589863895459,0.9329476060591395,0.7629268292682927,0.8263545676728608
991,"no_changes,all_inverse_edges,universal_edges",2973,2973,3,0.05240022065117955,0,99,,0.3645840287208557,4.8386341200675815,1,0.00788798462599516,1,0.006833853665739298,1,0.1424788236618042,,,,,,,,,,,,,,,,,,,,,,,,,,,
992,"no_changes,universal_edges,all_inverse_edges",2976,2976,3,0.01941803703084588,0,99,,0.3645840287208557,4.833843065891415,1,0.009637727402150631,1,0.0066847731359303,1,0.04193161055445671,,,,,,,,,,,,,,,,,,,,,,,,,,,
993,"no_changes,all_inverse_edges,universal_edges",2979,2979,3,0.017170197951296966,0,99,,0.3645840287208557,4.839224588125944,1,0.0073614828288555145,1,0.0065759411081671715,1,0.03757316991686821,,,,,,,,,,,,,,,,,,,,,,,,,,,
994,"no_changes,all_inverse_edges,universal_edges",2982,2982,3,0.04438186685244242,0,99,,0.3645840287208557,4.847286120057106,1,0.006413698196411133,1,0.08905951678752899,1,0.037672385573387146,,,,,,,,,,,,,,,,,,,,,,,,,,,
995,"no_changes,all_inverse_edges,universal_edges",2985,2985,3,0.016354958061128855,0,99,,0.3645840287208557,4.841391406022012,1,0.005950914695858955,1,0.00634923717007041,1,0.0367647223174572,,,,,,,,,,,,,,,,,,,,,,,,,,,
996,"no_changes,universal_edges,all_inverse_edges",2988,2988,3,0.015727361664175987,0,99,,0.3645840287208557,4.829077726928517,1,0.00697121350094676,1,0.005631627980619669,1,0.03457924351096153,,,,,,,,,,,,,,,,,,,,,,,,,,,
997,"no_changes,all_inverse_edges,universal_edges",2991,2991,3,0.0461381485996147,0,99,,0.3645840287208557,4.83799101295881,1,0.006950227543711662,1,0.00561291491612792,1,0.12585130333900452,,,,,,,,,,,,,,,,,,,,,,,,,,,
998,"all_inverse_edges,universal_edges,no_changes",2994,2994,3,0.13505320250988007,0,99,,0.3645840287208557,4.838807618943974,1,0.281587153673172,1,0.08681650459766388,1,0.03675594925880432,,,,,,,,,,,,,,,,,,,,,,,,,,,
999,"no_changes,universal_edges,all_inverse_edges",2997,2997,3,0.01655857901399334,0,99,,0.3645840287208557,4.851485099177808,1,0.006360091734677553,1,0.007778402417898178,1,0.0355372428894043,,,,,,,,,,,,,,,,,,,,,,,,,,,
1000,"universal_edges,no_changes,all_inverse_edges",3000,3000,3,0.01578537778307994,1,100,0.3583432237307231,0.3645840287208557,21.80662101902999,1,0.007618097122758627,1,0.0064172702841460705,1,0.03332076594233513,0.2425769716501236,0.3536246120929718,0.3043836519446276,0.38414634146341464,0.43441001977587346,0.9890069409438133,0.9522671167254968,0.741802900461437,0.8139519742724184,0.2602877914905548,0.37859129905700684,0.33569545154911007,0.3984838497033619,0.45023071852340146,0.9894140912792275,0.9553217744437645,0.7513777191825972,0.8228347058055596,0.24685586988925934,0.34281376004219055,0.2885629531970995,0.37030323005932764,0.4339156229400132,0.9892395982783357,0.942419078929016,0.7551647989452868,0.82270289712937
1001,"all_inverse_edges,universal_edges,no_changes",3003,3003,3,0.045181143252799906,0,100,,0.3645840287208557,4.830896455794573,1,0.007743371184915304,1,0.08690717071294785,1,0.040892887860536575,,,,,,,,,,,,,,,,,,,,,,,,,,,
1002,"no_changes,all_inverse_edges,universal_edges",3006,3006,3,0.022962109030534823,0,100,,0.3645840287208557,4.851627781055868,1,0.006318265106528997,1,0.009025339968502522,1,0.05354272201657295,,,,,,,,,,,,,,,,,,,,,,,,,,,
1003,"all_inverse_edges,no_changes,universal_edges",3009,3009,3,0.02293830659861366,0,100,,0.3645840287208557,4.842538983095437,1,0.007177107501775026,1,0.008782950229942799,1,0.052854862064123154,,,,,,,,,,,,,,,,,,,,,,,,,,,
1004,"all_inverse_edges,universal_edges,no_changes",3012,3012,3,0.0487406326768299,0,100,,0.3645840287208557,4.831596895121038,1,0.007089461665600538,1,0.09268069267272949,1,0.04645174369215965,,,,,,,,,,,,,,,,,,,,,,,,,,,
1005,"universal_edges,all_inverse_edges,no_changes",3015,3015,3,0.04774202173575759,0,100,,0.3645840287208557,4.8319756258279085,1,0.006682231556624174,1,0.011218004859983921,1,0.12532582879066467,,,,,,,,,,,,,,,,,,,,,,,,,,,
1006,"all_inverse_edges,universal_edges,no_changes",3018,3018,3,0.01940491469576955,0,100,,0.3645840287208557,4.8337038399185985,1,0.006451955996453762,1,0.00702768424525857,1,0.044735103845596313,,,,,,,,,,,,,,,,,,,,,,,,,,,
1007,"universal_edges,all_inverse_edges,no_changes",3021,3021,3,0.04925789078697562,0,100,,0.3645840287208557,4.845706047024578,1,0.0069820028729736805,1,0.10208337754011154,1,0.038708291947841644,,,,,,,,,,,,,,,,,,,,,,,,,,,
1008,"no_changes,all_inverse_edges,universal_edges",3024,3024,3,0.04393686819821596,0,100,,0.3645840287208557,4.82898985594511,1,0.007163579575717449,1,0.05048924311995506,1,0.07415778189897537,,,,,,,,,,,,,,,,,,,,,,,,,,,
1009,"universal_edges,no_changes,all_inverse_edges",3027,3027,3,0.05380806761483351,0,100,,0.3645840287208557,4.824076522141695,1,0.006856320425868034,1,0.024271994829177856,1,0.13029588758945465,,,,,,,,,,,,,,,,,,,,,,,,,,,
1010,"all_inverse_edges,no_changes,universal_edges",3030,3030,3,0.16406108066439629,1,101,0.35941046476364136,0.3645840287208557,21.811877625994384,1,0.28504031896591187,1,0.01584402099251747,1,0.19129890203475952,0.2418147325515747,0.3578038215637207,0.3127883981542518,0.38266315095583386,0.43210283454185894,0.9887355073868703,0.9536251462198451,0.7332663150955834,0.8068161841157131,0.2596246898174286,0.37929844856262207,0.3363546473302571,0.39831905075807517,0.4507251153592617,0.9891943593521786,0.9541264044043165,0.7459360580092287,0.8179350925163016,0.24337947368621826,0.3411291241645813,0.2857613711272248,0.3711272247857614,0.4347396176664469,0.9890715679811806,0.939958733862571,0.7520105471324983,0.8194871694409922
1011,"no_changes,all_inverse_edges,universal_edges",3033,3033,3,0.06299978339423735,0,101,,0.3645840287208557,4.830208251951262,1,0.008254892192780972,1,0.009037468582391739,1,0.17170698940753937,,,,,,,,,,,,,,,,,,,,,,,,,,,
1012,"no_changes,universal_edges,all_inverse_edges",3036,3036,3,0.03352358564734459,0,101,,0.3645840287208557,4.838911218103021,1,0.007083464413881302,1,0.009201586246490479,1,0.08428570628166199,,,,,,,,,,,,,,,,,,,,,,,,,,,
1013,"no_changes,all_inverse_edges,universal_edges",3039,3039,3,0.15716512640938163,0,101,,0.3645840287208557,4.830361715983599,1,0.28609952330589294,1,0.006811205763369799,1,0.17858465015888214,,,,,,,,,,,,,,,,,,,,,,,,,,,
1014,"universal_edges,no_changes,all_inverse_edges",3042,3042,3,0.030416992648194235,0,101,,0.3645840287208557,4.840854863170534,1,0.007844451814889908,1,0.007654871325939894,1,0.0757516548037529,,,,,,,,,,,,,,,,,,,,,,,,,,,
1015,"all_inverse_edges,universal_edges,no_changes",3045,3045,3,0.07779320608824492,0,101,,0.3645840287208557,4.821363246068358,1,0.009075895883142948,1,0.09363314509391785,1,0.13067057728767395,,,,,,,,,,,,,,,,,,,,,,,,,,,
1016,"no_changes,universal_edges,all_inverse_edges",3048,3048,3,0.16063821812470755,0,101,,0.3645840287208557,4.8394457378890365,1,0.2926182150840759,1,0.0912080928683281,1,0.0980883464217186,,,,,,,,,,,,,,,,,,,,,,,,,,,
1017,"all_inverse_edges,no_changes,universal_edges",3051,3051,3,0.05676366435363889,0,101,,0.3645840287208557,4.825175269972533,1,0.007153251674026251,1,0.08976437151432037,1,0.07337336987257004,,,,,,,,,,,,,,,,,,,,,,,,,,,
1018,"universal_edges,no_changes,all_inverse_edges",3054,3054,3,0.024078017566353083,0,101,,0.3645840287208557,4.8324557188898325,1,0.007558666635304689,1,0.007378927432000637,1,0.05729645863175392,,,,,,,,,,,,,,,,,,,,,,,,,,,
1019,"all_inverse_edges,no_changes,universal_edges",3057,3057,3,0.031619874915728964,0,101,,0.3645840287208557,4.828912958968431,1,0.007497223559767008,1,0.00609232485294342,1,0.08127007633447647,,,,,,,,,,,,,,,,,,,,,,,,,,,
1020,"all_inverse_edges,universal_edges,no_changes",3060,3060,3,0.02415362000465393,1,102,0.3578059176603953,0.3645840287208557,21.657317381119356,1,0.007924728095531464,1,0.005211967974901199,1,0.05932416394352913,0.24257439374923706,0.35285666584968567,0.30504284772577456,0.38117996044825314,0.43144363876071196,0.9887031938681867,0.9606881151031463,0.7282432432432433,0.8038566078678099,0.2591995298862457,0.37773337960243225,0.33849703361898487,0.39139749505603166,0.44726433750823996,0.9889229257952357,0.9609940799179426,0.7341694133157548,0.8092507196303562,0.24587266147136688,0.342827707529068,0.2956493078444298,0.36387607119314436,0.4258404746209624,0.9887161192756602,0.9309319131302092,0.7481147000659196,0.813962433905518
1021,"all_inverse_edges,no_changes,universal_edges",3063,3063,3,0.054908486704031624,0,102,,0.3645840287208557,4.8267878838814795,1,0.0061817169189453125,1,0.005780793726444244,1,0.15276294946670532,,,,,,,,,,,,,,,,,,,,,,,,,,,
1022,"universal_edges,all_inverse_edges,no_changes",3066,3066,3,0.0816220302755634,0,102,,0.3645840287208557,4.848400382092223,1,0.006550426594913006,1,0.09096554666757584,1,0.14735011756420135,,,,,,,,,,,,,,,,,,,,,,,,,,,
1023,"universal_edges,no_changes,all_inverse_edges",3069,3069,3,0.07425648377587397,0,102,,0.3645840287208557,4.826234593056142,1,0.0064356522634625435,1,0.08545256406068802,1,0.13088123500347137,,,,,,,,,,,,,,,,,,,,,,,,,,,
1024,"all_inverse_edges,no_changes,universal_edges",3072,3072,3,0.027488618002583582,0,102,,0.3645840287208557,4.832921742927283,1,0.007008207496255636,1,0.007913499139249325,1,0.06754414737224579,,,,,,,,,,,,,,,,,,,,,,,,,,,
1025,"no_changes,all_inverse_edges,universal_edges",3075,3075,3,0.025129380946358044,0,102,,0.3645840287208557,4.830753155052662,1,0.006962795741856098,1,0.006438431330025196,1,0.06198691576719284,,,,,,,,,,,,,,,,,,,,,,,,,,,
1026,"universal_edges,all_inverse_edges,no_changes",3078,3078,3,0.024985929485410452,0,102,,0.3645840287208557,4.83183017000556,1,0.008076988160610199,1,0.005876016337424517,1,0.06100478395819664,,,,,,,,,,,,,,,,,,,,,,,,,,,
1027,"universal_edges,no_changes,all_inverse_edges",3081,3081,3,0.045872823180009924,0,102,,0.3645840287208557,4.843632302014157,1,0.007549353875219822,1,0.0059190853498876095,1,0.12415003031492233,,,,,,,,,,,,,,,,,,,,,,,,,,,
1028,"all_inverse_edges,universal_edges,no_changes",3084,3084,3,0.023943936607489984,0,102,,0.3645840287208557,4.8429068410769105,1,0.006619613151997328,1,0.0053362054750323296,1,0.05987599119544029,,,,,,,,,,,,,,,,,,,,,,,,,,,
1029,"no_changes,universal_edges,all_inverse_edges",3087,3087,3,0.02285878329227368,0,102,,0.3645840287208557,4.842898600036278,1,0.005912523716688156,1,0.00581779982894659,1,0.056846026331186295,,,,,,,,,,,,,,,,,,,,,,,,,,,
1030,"universal_edges,all_inverse_edges,no_changes",3090,3090,3,0.023030259956916172,1,103,0.3624963164329529,0.3645840287208557,21.75356456101872,1,0.006826196331530809,1,0.005081928800791502,1,0.05718265473842621,0.24128709733486176,0.35833197832107544,0.3137771918259723,0.38167435728411336,0.4319380355965722,0.9886579549420296,0.9607938763318742,0.7269281476598549,0.8026842368881508,0.26142776012420654,0.382047176361084,0.34311140408701385,0.3968358602504944,0.45023071852340146,0.9889746274251295,0.9672212988179378,0.7320962425840475,0.8087361095445944,0.24347159266471863,0.3471097946166992,0.3019116677653263,0.36733684904416614,0.4240276862228082,0.98901340364755,0.9538370693610962,0.7409986816084377,0.8136263205452594
1031,"all_inverse_edges,universal_edges,no_changes",3093,3093,3,0.021741940639913082,0,103,,0.3645840287208557,4.8403540689032525,1,0.006656028795987368,1,0.005277723539620638,1,0.05329206958413124,,,,,,,,,,,,,,,,,,,,,,,,,,,
1032,"all_inverse_edges,universal_edges,no_changes",3096,3096,3,0.02064878912642598,0,103,,0.3645840287208557,4.831669151084498,1,0.006099970079958439,1,0.004448187071830034,1,0.05139821022748947,,,,,,,,,,,,,,,,,,,,,,,,,,,
1033,"no_changes,all_inverse_edges,universal_edges",3099,3099,3,0.04595440377791723,0,103,,0.3645840287208557,4.84184586093761,1,0.00538687314838171,1,0.005137571133673191,1,0.12733876705169678,,,,,,,,,,,,,,,,,,,,,,,,,,,
1034,"no_changes,universal_edges,all_inverse_edges",3102,3102,3,0.017912938725203276,0,103,,0.3645840287208557,4.828685492975637,1,0.006180789787322283,1,0.004986276850104332,1,0.04257174953818321,,,,,,,,,,,,,,,,,,,,,,,,,,,
1035,"no_changes,all_inverse_edges,universal_edges",3105,3105,3,0.017162550551195938,0,103,,0.3645840287208557,4.839355577947572,1,0.006168875843286514,1,0.0045225964859128,1,0.040796179324388504,,,,,,,,,,,,,,,,,,,,,,,,,,,
1036,"all_inverse_edges,no_changes,universal_edges",3108,3108,3,0.016430228172490995,0,103,,0.3645840287208557,4.825271000852808,1,0.005784721579402685,1,0.00476151704788208,1,0.03874444589018822,,,,,,,,,,,,,,,,,,,,,,,,,,,
1037,"universal_edges,all_inverse_edges,no_changes",3111,3111,3,0.11173732780540983,0,103,,0.3645840287208557,4.828117492143065,1,0.29503342509269714,1,0.0051289708353579044,1,0.03504958748817444,,,,,,,,,,,,,,,,,,,,,,,,,,,
1038,"all_inverse_edges,universal_edges,no_changes",3114,3114,3,0.04814157991980513,0,103,,0.3645840287208557,4.823818492004648,1,0.013725265860557556,1,0.005471456330269575,1,0.12522801756858826,,,,,,,,,,,,,,,,,,,,,,,,,,,
1039,"universal_edges,all_inverse_edges,no_changes",3117,3117,3,0.02131685148924589,0,103,,0.3645840287208557,4.832736454904079,1,0.014682726934552193,1,0.011137264780700207,1,0.038130562752485275,,,,,,,,,,,,,,,,,,,,,,,,,,,
1040,"all_inverse_edges,universal_edges,no_changes",3120,3120,3,0.047536343025664486,1,104,0.36227331558863324,0.3645840287208557,21.6814581961371,1,0.008576112799346447,1,0.09401335567235947,1,0.04001956060528755,0.242074117064476,0.3570416569709778,0.3101516150296638,0.3849703361898484,0.4349044166117337,0.9885545516822418,0.9462145999289229,0.7326895187870798,0.8046372934699905,0.26013725996017456,0.3826414942741394,0.3412986156888596,0.3974950560316414,0.45715227422544497,0.988670880349503,0.9541342151986093,0.7311338167435728,0.8050367958780793,0.2473601996898651,0.34713679552078247,0.29581410678971654,0.37228081740276864,0.4352340145023072,0.9886773430532397,0.9429115054709727,0.7384047462096243,0.8088200302099
1041,"all_inverse_edges,no_changes,universal_edges",3123,3123,3,0.11213888445248206,0,104,,0.3645840287208557,4.836019868031144,1,0.28430530428886414,1,0.006038251332938671,1,0.04607309773564339,,,,,,,,,,,,,,,,,,,,,,,,,,,
1042,"all_inverse_edges,universal_edges,no_changes",3126,3126,3,0.02213414975752433,0,104,,0.3645840287208557,4.833628828870133,1,0.014781448990106583,1,0.012924681417644024,1,0.03869631886482239,,,,,,,,,,,,,,,,,,,,,,,,,,,
1043,"no_changes,universal_edges,all_inverse_edges",3129,3129,3,0.01809207039574782,0,104,,0.3645840287208557,4.845965985907242,1,0.010389766655862331,1,0.005740794353187084,1,0.038145650178194046,,,,,,,,,,,,,,,,,,,,,,,,,,,
1044,"all_inverse_edges,no_changes,universal_edges",3132,3132,3,0.01938803866505623,0,104,,0.3645840287208557,4.829309545923024,1,0.009078930132091045,1,0.00617136899381876,1,0.04291381686925888,,,,,,,,,,,,,,,,,,,,,,,,,,,
1045,"universal_edges,no_changes,all_inverse_edges",3135,3135,3,0.17022056629260382,0,104,,0.3645840287208557,4.829374134074897,1,0.3076092004776001,1,0.08626726269721985,1,0.11678523570299149,,,,,,,,,,,,,,,,,,,,,,,,,,,
1046,"no_changes,all_inverse_edges,universal_edges",3138,3138,3,0.14112757022182146,0,104,,0.3645840287208557,4.820625010877848,1,0.28484252095222473,1,0.08581060916185379,1,0.05272958055138588,,,,,,,,,,,,,,,,,,,,,,,,,,,
1047,"no_changes,universal_edges,all_inverse_edges",3141,3141,3,0.07320107178141673,0,104,,0.3645840287208557,4.818071102024987,1,0.009167765267193317,1,0.09485669434070587,1,0.11557875573635101,,,,,,,,,,,,,,,,,,,,,,,,,,,
1048,"no_changes,all_inverse_edges,universal_edges",3144,3144,3,0.02266042384629448,0,104,,0.3645840287208557,4.812684328993782,1,0.0093199722468853,1,0.006432498339563608,1,0.05222880095243454,,,,,,,,,,,,,,,,,,,,,,,,,,,
1049,"all_inverse_edges,no_changes,universal_edges",3147,3147,3,0.050527864756683506,0,104,,0.3645840287208557,4.895349439000711,1,0.011271697469055653,1,0.09201882779598236,1,0.04829306900501251,,,,,,,,,,,,,,,,,,,,,,,,,,,
1050,"all_inverse_edges,universal_edges,no_changes",3150,3150,3,0.01918507196630041,1,105,0.3530499339103699,0.3645840287208557,21.76174748595804,1,0.007382766343653202,1,0.006573332007974386,1,0.043599117547273636,0.23938937485218048,0.34951868653297424,0.3042188529993408,0.37277521423862886,0.42649967040210945,0.9889681647213928,0.9495633419778797,0.7424291364535267,0.8138486873445462,0.2557392716407776,0.3733672499656677,0.3309162821357943,0.39238628872775216,0.44792353328938694,0.9894334793904378,0.9510045548290501,0.7547791694133157,0.8245939100689851,0.24298831820487976,0.33626386523246765,0.2824653922214898,0.36255767963085034,0.4258404746209624,0.9892137474633887,0.9355667439430082,0.7595121951219512,0.8243790030829246
1051,"all_inverse_edges,no_changes,universal_edges",3153,3153,3,0.02014597924426198,0,105,,0.3645840287208557,4.818800996057689,1,0.00742434011772275,1,0.005798955447971821,1,0.04721464216709137,,,,,,,,,,,,,,,,,,,,,,,,,,,
1052,"universal_edges,all_inverse_edges,no_changes",3156,3156,3,0.015163204167038202,0,105,,0.3645840287208557,4.818274111952633,1,0.006272632163017988,1,0.005333065986633301,1,0.03388391435146332,,,,,,,,,,,,,,,,,,,,,,,,,,,
1053,"no_changes,all_inverse_edges,universal_edges",3159,3159,3,0.12418176094070077,0,105,,0.3645840287208557,4.817831669002771,1,0.2851596772670746,1,0.006008389871567488,1,0.08137721568346024,,,,,,,,,,,,,,,,,,,,,,,,,,,
1054,"all_inverse_edges,no_changes,universal_edges",3162,3162,3,0.030697209450105827,0,105,,0.3645840287208557,4.824866428039968,1,0.006295176688581705,1,0.005591778550297022,1,0.08020467311143875,,,,,,,,,,,,,,,,,,,,,,,,,,,
1055,"universal_edges,no_changes,all_inverse_edges",3165,3165,3,0.05696454380328456,0,105,,0.3645840287208557,4.815451233880594,1,0.006650566589087248,1,0.09277141094207764,1,0.07147165387868881,,,,,,,,,,,,,,,,,,,,,,,,,,,
1056,"universal_edges,no_changes,all_inverse_edges",3168,3168,3,0.02988648662964503,0,105,,0.3645840287208557,4.8221842490602285,1,0.006070217117667198,1,0.013789774850010872,1,0.06979946792125702,,,,,,,,,,,,,,,,,,,,,,,,,,,
1057,"no_changes,universal_edges,all_inverse_edges",3171,3171,3,0.03761172931020459,0,105,,0.3645840287208557,4.816555232042447,1,0.007168519776314497,1,0.014746480621397495,1,0.09092018753290176,,,,,,,,,,,,,,,,,,,,,,,,,,,
1058,"no_changes,all_inverse_edges,universal_edges",3174,3174,3,0.12088273745030165,0,105,,0.3645840287208557,4.81994545715861,1,0.2818666696548462,1,0.008152582682669163,1,0.07262896001338959,,,,,,,,,,,,,,,,,,,,,,,,,,,
1059,"all_inverse_edges,no_changes,universal_edges",3177,3177,3,0.04949217957134048,0,105,,0.3645840287208557,4.845230067847297,1,0.007258804515004158,1,0.004702981095761061,1,0.13651475310325623,,,,,,,,,,,,,,,,,,,,,,,,,,,
1060,"universal_edges,all_inverse_edges,no_changes",3180,3180,3,0.023087749412904184,1,106,0.3627674380938212,0.3645840287208557,21.613740804139525,1,0.005762341432273388,1,0.007541827391833067,1,0.055959079414606094,0.24522818624973297,0.36039286851882935,0.31641397495056034,0.38464073829927486,0.43144363876071196,0.9890069409438133,0.950248355574878,0.7430949241924851,0.8145814448857805,0.2611131966114044,0.38077399134635925,0.3403098220171391,0.39535266974291366,0.4525379037574159,0.9894981064278051,0.9520117821375796,0.7559426499670403,0.8258116536211697,0.24527916312217712,0.347135454416275,0.2976268951878708,0.3729400131839156,0.4260052735662492,0.9892977626119663,0.9335752294593072,0.7635926170072511,0.8270514534315132
1061,"universal_edges,no_changes,all_inverse_edges",3183,3183,3,0.054812336806207895,0,106,,0.3645840287208557,4.810575034935027,1,0.006884242873638868,1,0.11483372002840042,1,0.042719047516584396,,,,,,,,,,,,,,,,,,,,,,,,,,,
1062,"all_inverse_edges,universal_edges,no_changes",3186,3186,3,0.028241080231964588,0,106,,0.3645840287208557,4.8137618051841855,1,0.006618347950279713,1,0.026847289875149727,1,0.051257602870464325,,,,,,,,,,,,,,,,,,,,,,,,,,,
1063,"no_changes,universal_edges,all_inverse_edges",3189,3189,3,0.11146804628272851,0,106,,0.3645840287208557,4.81549681792967,1,0.2844054102897644,1,0.011317459866404533,1,0.0386812686920166,,,,,,,,,,,,,,,,,,,,,,,,,,,
1064,"universal_edges,no_changes,all_inverse_edges",3192,3192,3,0.1084814981246988,0,106,,0.3645840287208557,4.81808208511211,1,0.2780802845954895,1,0.009693254716694355,1,0.03767095506191254,,,,,,,,,,,,,,,,,,,,,,,,,,,
1065,"all_inverse_edges,universal_edges,no_changes",3195,3195,3,0.049258657110234104,0,106,,0.3645840287208557,4.811047206865624,1,0.00842292606830597,1,0.009524174965918064,1,0.12982887029647827,,,,,,,,,,,,,,,,,,,,,,,,,,,
1066,"all_inverse_edges,no_changes,universal_edges",3198,3198,3,0.01977990024412672,0,106,,0.3645840287208557,4.8099286400247365,1,0.005895272362977266,1,0.008009443059563637,1,0.04543498530983925,,,,,,,,,,,,,,,,,,,,,,,,,,,
1067,"all_inverse_edges,no_changes,universal_edges",3201,3201,3,0.01728727187340458,0,106,,0.3645840287208557,4.804931074148044,1,0.006702193524688482,1,0.007205716334283352,1,0.03795390576124191,,,,,,,,,,,,,,,,,,,,,,,,,,,
1068,"no_changes,universal_edges,all_inverse_edges",3204,3204,3,0.016498275101184845,0,106,,0.3645840287208557,4.813659352948889,1,0.006097146309912205,1,0.006513803265988827,1,0.0368838757276535,,,,,,,,,,,,,,,,,,,,,,,,,,,
1069,"no_changes,all_inverse_edges,universal_edges",3207,3207,3,0.045259156419585146,0,106,,0.3645840287208557,4.820998256094754,1,0.006644440349191427,1,0.004976412281394005,1,0.12415661662817001,,,,,,,,,,,,,,,,,,,,,,,,,,,
1070,"universal_edges,all_inverse_edges,no_changes",3210,3210,3,0.015602842438966036,1,107,0.3618603050708771,0.3645840287208557,21.5716491099447,1,0.006028824020177126,1,0.0046260179951786995,1,0.03615368530154228,0.2426408976316452,0.3566950559616089,0.3103164139749506,0.3823335530652604,0.43012524719841794,0.9889035376840255,0.9533402883066489,0.7381970995385629,0.8110794197849291,0.26048150658607483,0.38052526116371155,0.34080421885299933,0.39667106130520763,0.4456163480553724,0.9892783745007562,0.964543090566483,0.7419413315754779,0.8169138624417934,0.24537356197834015,0.3483605980873108,0.3005932762030323,0.3689848384970336,0.4302900461437047,0.9893494642418602,0.9459233737382722,0.7558668424522084,0.8241865279921385
1071,"universal_edges,all_inverse_edges,no_changes",3213,3213,3,0.04133378683278958,0,107,,0.3645840287208557,4.8021932230331,1,0.006474901456385851,1,0.005347924772650003,1,0.11217853426933289,,,,,,,,,,,,,,,,,,,,,,,,,,,
1072,"no_changes,universal_edges,all_inverse_edges",3216,3216,3,0.11196101115395625,0,107,,0.3645840287208557,4.817915070103481,1,0.2884909510612488,1,0.006687340326607227,1,0.040704742074012756,,,,,,,,,,,,,,,,,,,,,,,,,,,
1073,"universal_edges,all_inverse_edges,no_changes",3219,3219,3,0.01726072933524847,0,107,,0.3645840287208557,4.807061908999458,1,0.010712875984609127,1,0.006617175415158272,1,0.03445213660597801,,,,,,,,,,,,,,,,,,,,,,,,,,,
1074,"all_inverse_edges,no_changes,universal_edges",3222,3222,3,0.11872808060919245,0,107,,0.3645840287208557,4.8056657440029085,1,0.29032477736473083,1,0.005880681332200766,1,0.05997878313064575,,,,,,,,,,,,,,,,,,,,,,,,,,,
1075,"all_inverse_edges,no_changes,universal_edges",3225,3225,3,0.0642013275064528,0,107,,0.3645840287208557,4.817404629895464,1,0.006848051678389311,1,0.09156463295221329,1,0.0941912978887558,,,,,,,,,,,,,,,,,,,,,,,,,,,
1076,"universal_edges,no_changes,all_inverse_edges",3228,3228,3,0.06125863781198859,0,107,,0.3645840287208557,4.809941611951217,1,0.006974515039473772,1,0.09256774187088013,1,0.08423365652561188,,,,,,,,,,,,,,,,,,,,,,,,,,,
1077,"universal_edges,no_changes,all_inverse_edges",3231,3231,3,0.045137792360037565,0,107,,0.3645840287208557,4.807476059999317,1,0.006702990736812353,1,0.006893728859722614,1,0.12181665748357773,,,,,,,,,,,,,,,,,,,,,,,,,,,
1078,"universal_edges,no_changes,all_inverse_edges",3234,3234,3,0.11786749477808674,0,107,,0.3645840287208557,4.8124297498725355,1,0.29021310806274414,1,0.0058834184892475605,1,0.057505957782268524,,,,,,,,,,,,,,,,,,,,,,,,,,,
1079,"universal_edges,all_inverse_edges,no_changes",3237,3237,3,0.02417632130285104,0,107,,0.3645840287208557,4.791857067961246,1,0.008448053151369095,1,0.006439557299017906,1,0.05764135345816612,,,,,,,,,,,,,,,,,,,,,,,,,,,
1080,"all_inverse_edges,no_changes,universal_edges",3240,3240,3,0.028430696887274582,1,108,0.36047545075416565,0.3645840287208557,21.421283761039376,1,0.007060765754431486,1,0.007652407046407461,1,0.0705789178609848,0.24539200961589813,0.35761189460754395,0.3111404087013843,0.3849703361898484,0.42963085036255766,0.9889164630914989,0.9606887072657698,0.734166117336849,0.8091806510538742,0.2637978196144104,0.3808784782886505,0.34063941990771257,0.39667106130520763,0.4507251153592617,0.9891878966484419,0.9693792273907554,0.7367270929466052,0.8133700800103869,0.24572822451591492,0.3429359793663025,0.2933421226104153,0.36453526697429134,0.42946605141727096,0.9891232696110744,0.9512930501270194,0.7457382992748847,0.8170850034726989
1081,"all_inverse_edges,universal_edges,no_changes",3243,3243,3,0.020939328242093325,0,108,,0.3645840287208557,4.802723854081705,1,0.00826694630086422,1,0.006920042913407087,1,0.04763099551200867,,,,,,,,,,,,,,,,,,,,,,,,,,,
1082,"all_inverse_edges,universal_edges,no_changes",3246,3246,3,0.04853647372995814,0,108,,0.3645840287208557,4.796199133852497,1,0.006557670887559652,1,0.08935283124446869,1,0.04969891905784607,,,,,,,,,,,,,,,,,,,,,,,,,,,
1083,"no_changes,all_inverse_edges,universal_edges",3249,3249,3,0.1705465465784073,0,108,,0.3645840287208557,4.796516623115167,1,0.28986579179763794,1,0.0878925621509552,1,0.13388128578662872,,,,,,,,,,,,,,,,,,,,,,,,,,,
1084,"universal_edges,all_inverse_edges,no_changes",3252,3252,3,0.024456186220049858,0,108,,0.3645840287208557,4.795171190053225,1,0.00792169664055109,1,0.006760952062904835,1,0.05868590995669365,,,,,,,,,,,,,,,,,,,,,,,,,,,
1085,"all_inverse_edges,universal_edges,no_changes",3255,3255,3,0.018793223270525534,0,108,,0.3645840287208557,4.7984320181421936,1,0.006340307649224997,1,0.005291283130645752,1,0.044748079031705856,,,,,,,,,,,,,,,,,,,,,,,,,,,
1086,"no_changes,universal_edges,all_inverse_edges",3258,3258,3,0.022746801531563204,0,108,,0.3645840287208557,4.806271631969139,1,0.007391954306513071,1,0.006244270130991936,1,0.0546041801571846,,,,,,,,,,,,,,,,,,,,,,,,,,,
1087,"no_changes,universal_edges,all_inverse_edges",3261,3261,3,0.04589867188284794,0,108,,0.3645840287208557,4.802276068134233,1,0.007246433291584253,1,0.005752806086093187,1,0.1246967762708664,,,,,,,,,,,,,,,,,,,,,,,,,,,
1088,"no_changes,all_inverse_edges,universal_edges",3264,3264,3,0.026561186804125708,0,108,,0.3645840287208557,4.802619680063799,1,0.006194012239575386,1,0.006051549222320318,1,0.06743799895048141,,,,,,,,,,,,,,,,,,,,,,,,,,,
1089,"universal_edges,all_inverse_edges,no_changes",3267,3267,3,0.02301686319212119,0,108,,0.3645840287208557,4.786138440016657,1,0.009494488127529621,1,0.005792957730591297,1,0.053763143718242645,,,,,,,,,,,,,,,,,,,,,,,,,,,
1090,"all_inverse_edges,universal_edges,no_changes",3270,3270,3,0.157057232533892,1,109,0.3559270401795705,0.3645840287208557,21.41969472100027,1,0.32673969864845276,1,0.00456332229077816,1,0.13986867666244507,0.23743773996829987,0.3454892039299011,0.29383651944627553,0.37228081740276864,0.43243243243243246,0.9891168069073377,0.9120162311350961,0.7772280817402768,0.8308965412396465,0.25769948959350586,0.3743203580379486,0.3310810810810811,0.39205669083717865,0.4456163480553724,0.9897760026884848,0.9256280778839212,0.7849934080421885,0.8408299272554397,0.24627754092216492,0.3479715585708618,0.2966381015161503,0.3719512195121951,0.43309162821357944,0.9896661367249603,0.9045057644765395,0.8035102175346078,0.8464940029517998
1091,"universal_edges,all_inverse_edges,no_changes",3273,3273,3,0.027478785254061222,0,109,,0.3645840287208557,4.786741470918059,1,0.02643933705985546,1,0.01300282496958971,1,0.042994193732738495,,,,,,,,,,,,,,,,,,,,,,,,,,,
1092,"no_changes,all_inverse_edges,universal_edges",3276,3276,3,0.06243942491710186,0,109,,0.3645840287208557,4.791483046952635,1,0.025612788274884224,1,0.09306150674819946,1,0.0686439797282219,,,,,,,,,,,,,,,,,,,,,,,,,,,
1093,"all_inverse_edges,no_changes,universal_edges",3279,3279,3,0.11763706306616466,0,109,,0.3645840287208557,4.814966807840392,1,0.29508286714553833,1,0.005994919687509537,1,0.05183340236544609,,,,,,,,,,,,,,,,,,,,,,,,,,,
1094,"universal_edges,no_changes,all_inverse_edges",3282,3282,3,0.06117716679970423,0,109,,0.3645840287208557,4.8061385420151055,1,0.04375898465514183,1,0.09519321471452713,1,0.04457930102944374,,,,,,,,,,,,,,,,,,,,,,,,,,,
1095,"universal_edges,all_inverse_edges,no_changes",3285,3285,3,0.12445366010069847,0,109,,0.3645840287208557,4.805651816073805,1,0.20528222620487213,1,0.10923589766025543,1,0.05884285643696785,,,,,,,,,,,,,,,,,,,,,,,,,,,
1096,"universal_edges,no_changes,all_inverse_edges",3288,3288,3,0.09458171327908833,0,109,,0.3645840287208557,4.795692431973293,1,0.03518625348806381,1,0.11294203251600266,1,0.13561685383319855,,,,,,,,,,,,,,,,,,,,,,,,,,,
1097,"no_changes,all_inverse_edges,universal_edges",3291,3291,3,0.1668772722283999,0,109,,0.3645840287208557,4.797216600039974,1,0.29646405577659607,1,0.04550895839929581,1,0.15865880250930786,,,,,,,,,,,,,,,,,,,,,,,,,,,
1098,"all_inverse_edges,universal_edges,no_changes",3294,3294,3,0.057837070897221565,0,109,,0.3645840287208557,4.800548110157251,1,0.06579208374023438,1,0.030540315434336662,1,0.07717881351709366,,,,,,,,,,,,,,,,,,,,,,,,,,,
1099,"all_inverse_edges,no_changes,universal_edges",3297,3297,3,0.18969021240870157,0,109,,0.3645840287208557,4.800620831083506,1,0.3091513216495514,1,0.1772569715976715,1,0.08266234397888184,,,,,,,,,,,,,,,,,,,,,,,,,,,
1100,"universal_edges,no_changes,all_inverse_edges",3300,3300,3,0.03826647996902466,1,110,0.32278337081273395,0.3645840287208557,21.385734694078565,1,0.020895250141620636,1,0.02078872174024582,1,0.07311546802520752,0.22421017289161682,0.3164718747138977,0.2621951219512195,0.3508569545154911,0.40787738958470665,0.9882249537916683,0.9345276269072555,0.7307448912326961,0.800251268254978,0.2438257485628128,0.33543384075164795,0.2826301911667765,0.3671720500988794,0.4200725115359262,0.9887355073868703,0.9331897730949283,0.7469940672379697,0.8136276696061167,0.23031646013259888,0.31644439697265625,0.258569545154911,0.34970336189848383,0.4136453526697429,0.9889681647213928,0.9184369548230604,0.766331575477917,0.8248077845335514
1101,"all_inverse_edges,no_changes,universal_edges",3303,3303,3,0.15801514436801276,0,110,,0.3645840287208557,4.802904156036675,1,0.35922476649284363,1,0.010252833366394043,1,0.10456783324480057,,,,,,,,,,,,,,,,,,,,,,,,,,,
1102,"universal_edges,no_changes,all_inverse_edges",3306,3306,3,0.18059325714906058,0,110,,0.3645840287208557,4.778894735965878,1,0.32282957434654236,1,0.064120814204216,1,0.15482938289642334,,,,,,,,,,,,,,,,,,,,,,,,,,,
1103,"universal_edges,all_inverse_edges,no_changes",3309,3309,3,0.0956362672150135,0,110,,0.3645840287208557,4.798172332812101,1,0.0493055023252964,1,0.12840361893177032,1,0.10919968038797379,,,,,,,,,,,,,,,,,,,,,,,,,,,
1104,"no_changes,all_inverse_edges,universal_edges",3312,3312,3,0.16051893526067337,0,110,,0.3645840287208557,4.7955555729568005,1,0.3082399070262909,1,0.014709237031638622,1,0.15860766172409058,,,,,,,,,,,,,,,,,,,,,,,,,,,
1105,"all_inverse_edges,universal_edges,no_changes",3315,3315,3,0.051145716570317745,0,110,,0.3645840287208557,4.801970981992781,1,0.01736336015164852,1,0.015024482272565365,1,0.12104930728673935,,,,,,,,,,,,,,,,,,,,,,,,,,,
1106,"all_inverse_edges,universal_edges,no_changes",3318,3318,3,0.07838661906619866,0,110,,0.3645840287208557,4.817649040138349,1,0.010412158444523811,1,0.011603455990552902,1,0.2131442427635193,,,,,,,,,,,,,,,,,,,,,,,,,,,
1107,"all_inverse_edges,no_changes,universal_edges",3321,3321,3,0.044701765601833664,0,110,,0.3645840287208557,4.803211404941976,1,0.01083051785826683,1,0.011162815615534782,1,0.11211196333169937,,,,,,,,,,,,,,,,,,,,,,,,,,,
1108,"all_inverse_edges,universal_edges,no_changes",3324,3324,3,0.07072195938477914,0,110,,0.3645840287208557,4.812784114852548,1,0.010597629472613335,1,0.009914430789649487,1,0.19165381789207458,,,,,,,,,,,,,,,,,,,,,,,,,,,
1109,"universal_edges,no_changes,all_inverse_edges",3327,3327,3,0.028310115138689678,0,110,,0.3645840287208557,4.8011483629234135,1,0.008716309443116188,1,0.007446868345141411,1,0.06876716762781143,,,,,,,,,,,,,,,,,,,,,,,,,,,
1110,"no_changes,universal_edges,all_inverse_edges",3330,3330,3,0.06443845061585307,1,111,0.32979723811149597,0.3645840287208557,21.56117443717085,1,0.007739229593425989,1,0.0072026364505290985,1,0.17837348580360413,0.22862276434898376,0.32424190640449524,0.2701054713249835,0.35959129861568884,0.4136453526697429,0.9879987591608825,0.920212456540008,0.7343441001977588,0.7998613977972311,0.24424909055233002,0.34431004524230957,0.29515491100856955,0.3739288068556361,0.42518127883981544,0.988502850052348,0.9409693809635038,0.734601186552406,0.8050897983255413,0.23211456835269928,0.3208397626876831,0.26318391562294,0.3551417270929466,0.41578773895847065,0.988599790608399,0.9254328312773294,0.7488628872775215,0.8131251275342923
1111,"universal_edges,all_inverse_edges,no_changes",3333,3333,3,0.06690734531730413,0,111,,0.3645840287208557,4.814533970085904,1,0.01087066251784563,1,0.12714147567749023,1,0.06270989775657654,,,,,,,,,,,,,,,,,,,,,,,,,,,
1112,"universal_edges,all_inverse_edges,no_changes",3336,3336,3,0.02559910931934913,0,111,,0.3645840287208557,4.799124771961942,1,0.011232235468924046,1,0.01197017915546894,1,0.053594913333654404,,,,,,,,,,,,,,,,,,,,,,,,,,,
1113,"universal_edges,all_inverse_edges,no_changes",3339,3339,3,0.05290007901688417,0,111,,0.3645840287208557,4.812249551061541,1,0.009926972910761833,1,0.010515090078115463,1,0.1382581740617752,,,,,,,,,,,,,,,,,,,,,,,,,,,
1114,"universal_edges,no_changes,all_inverse_edges",3342,3342,3,0.023069434333592653,0,111,,0.3645840287208557,4.809098935220391,1,0.00905677117407322,1,0.007409523706883192,1,0.05274200811982155,,,,,,,,,,,,,,,,,,,,,,,,,,,
1115,"no_changes,universal_edges,all_inverse_edges",3345,3345,3,0.02118141483515501,0,111,,0.3645840287208557,4.802714323159307,1,0.009297605603933334,1,0.007144362665712833,1,0.04710227623581886,,,,,,,,,,,,,,,,,,,,,,,,,,,
1116,"universal_edges,all_inverse_edges,no_changes",3348,3348,3,0.018115905889620382,0,111,,0.3645840287208557,4.799157453002408,1,0.007999586872756481,1,0.006745568010956049,1,0.03960256278514862,,,,,,,,,,,,,,,,,,,,,,,,,,,
1117,"universal_edges,no_changes,all_inverse_edges",3351,3351,3,0.01794806697095434,0,111,,0.3645840287208557,4.808851799927652,1,0.007521363906562328,1,0.006377119105309248,1,0.03994571790099144,,,,,,,,,,,,,,,,,,,,,,,,,,,
1118,"universal_edges,no_changes,all_inverse_edges",3354,3354,3,0.11198112508282065,0,111,,0.3645840287208557,4.800789296859875,1,0.2905856966972351,1,0.0058931042440235615,1,0.03946457430720329,,,,,,,,,,,,,,,,,,,,,,,,,,,
1119,"universal_edges,no_changes,all_inverse_edges",3357,3357,3,0.017530448579539854,0,111,,0.3645840287208557,4.800195186864585,1,0.008379001170396805,1,0.006517406087368727,1,0.037694938480854034,,,,,,,,,,,,,,,,,,,,,,,,,,,
1120,"universal_edges,all_inverse_edges,no_changes",3360,3360,3,0.01690299188097318,1,112,0.3549781342347463,0.3645840287208557,21.421796783804893,1,0.007673613727092743,1,0.006403442472219467,1,0.03663191944360733,0.24309015274047852,0.35377708077430725,0.30800922874093606,0.3785431773236651,0.4288068556361239,0.9888970749802888,0.9464984944677405,0.7423928806855635,0.8130840487755681,0.25826191902160645,0.3714008927345276,0.32926829268292684,0.38810151615029664,0.4485827290705339,0.9892460609820725,0.9516093317065617,0.7490309822017139,0.8199470231023553,0.24577224254608154,0.33975642919540405,0.28493737640079103,0.36882003955174686,0.43506921555702044,0.9891555831297582,0.9410813355893979,0.753668424522083,0.8211339975911545
1121,"universal_edges,all_inverse_edges,no_changes",3363,3363,3,0.044571614979455866,0,112,,0.3645840287208557,4.801070084795356,1,0.007322717923671007,1,0.005944647826254368,1,0.12044747918844223,,,,,,,,,,,,,,,,,,,,,,,,,,,
1122,"no_changes,all_inverse_edges,universal_edges",3366,3366,3,0.017485075009365875,0,112,,0.3645840287208557,4.809196480084211,1,0.007057112641632557,1,0.005345653742551804,1,0.04005245864391327,,,,,,,,,,,,,,,,,,,,,,,,,,,
1123,"all_inverse_edges,universal_edges,no_changes",3369,3369,3,0.10698287778844436,0,112,,0.3645840287208557,4.811168767977506,1,0.2808092534542084,1,0.005061308853328228,1,0.03507807105779648,,,,,,,,,,,,,,,,,,,,,,,,,,,
1124,"all_inverse_edges,no_changes,universal_edges",3372,3372,3,0.044206139942010246,0,112,,0.3645840287208557,4.801248579053208,1,0.0066793025471270084,1,0.005149738397449255,1,0.12078937888145447,,,,,,,,,,,,,,,,,,,,,,,,,,,
1125,"all_inverse_edges,universal_edges,no_changes",3375,3375,3,0.0161040920453767,0,112,,0.3645840287208557,4.795522973174229,1,0.006771993823349476,1,0.005035059992223978,1,0.03650522232055664,,,,,,,,,,,,,,,,,,,,,,,,,,,
1126,"universal_edges,all_inverse_edges,no_changes",3378,3378,3,0.014500271063297987,0,112,,0.3645840287208557,4.801281185122207,1,0.005246590357273817,1,0.005290321074426174,1,0.03296390175819397,,,,,,,,,,,,,,,,,,,,,,,,,,,
1127,"no_changes,all_inverse_edges,universal_edges",3381,3381,3,0.02308300432438652,0,112,,0.3645840287208557,4.791689021978527,1,0.005933893844485283,1,0.005313813220709562,1,0.058001305907964706,,,,,,,,,,,,,,,,,,,,,,,,,,,
1128,"no_changes,universal_edges,all_inverse_edges",3384,3384,3,0.019783530849963427,0,112,,0.3645840287208557,4.797199410852045,1,0.005005086772143841,1,0.005505057517439127,1,0.04884044826030731,,,,,,,,,,,,,,,,,,,,,,,,,,,
1129,"universal_edges,no_changes,all_inverse_edges",3387,3387,3,0.023665887924532097,0,112,,0.3645840287208557,4.801446142140776,1,0.0061913300305604935,1,0.004774725995957851,1,0.06003160774707794,,,,,,,,,,,,,,,,,,,,,,,,,,,
1130,"all_inverse_edges,universal_edges,no_changes",3390,3390,3,0.05327751114964485,1,113,0.3631829619407654,0.3645840287208557,21.51781600806862,1,0.006872311234474182,1,0.09400827437639236,1,0.05895194783806801,0.24590207636356354,0.36165982484817505,0.3172379696769941,0.3859591298615689,0.43342122610415296,0.9889358512027092,0.9389857852598174,0.7487112722478576,0.8165240078488403,0.26606860756874084,0.381470263004303,0.34014502307185235,0.3984838497033619,0.4550098879367172,0.9894011658717541,0.941927420826542,0.7602537903757416,0.8266884344297523,0.24755272269248962,0.3464187979698181,0.2923533289386948,0.3740936058009229,0.4378707976268952,0.9894851810203317,0.9322593334388698,0.7703098220171392,0.8318824441960627
1131,"no_changes,all_inverse_edges,universal_edges",3393,3393,3,0.025041969648251932,0,113,,0.3645840287208557,4.799256635131314,1,0.006633028853684664,1,0.009342962875962257,1,0.05914991721510887,,,,,,,,,,,,,,,,,,,,,,,,,,,
1132,"all_inverse_edges,universal_edges,no_changes",3396,3396,3,0.020635415023813646,0,113,,0.3645840287208557,4.804472398944199,1,0.007016015704721212,1,0.009184586815536022,1,0.0457056425511837,,,,,,,,,,,,,,,,,,,,,,,,,,,
1133,"all_inverse_edges,universal_edges,no_changes",3399,3399,3,0.019776058848947287,0,113,,0.3645840287208557,4.8081815908662975,1,0.008871711790561676,1,0.006348405499011278,1,0.044108059257268906,,,,,,,,,,,,,,,,,,,,,,,,,,,
1134,"no_changes,universal_edges,all_inverse_edges",3402,3402,3,0.0472801534148554,0,113,,0.3645840287208557,4.805771522922441,1,0.007593589369207621,1,0.09152543544769287,1,0.04272143542766571,,,,,,,,,,,,,,,,,,,,,,,,,,,
1135,"universal_edges,no_changes,all_inverse_edges",3405,3405,3,0.017981496639549732,0,113,,0.3645840287208557,4.813451637979597,1,0.0059176599606871605,1,0.008647948503494263,1,0.03937888145446777,,,,,,,,,,,,,,,,,,,,,,,,,,,
1136,"no_changes,all_inverse_edges,universal_edges",3408,3408,3,0.13990502307812372,0,113,,0.3645840287208557,4.798079631058499,1,0.2812808156013489,1,0.009567804634571075,1,0.12886644899845123,,,,,,,,,,,,,,,,,,,,,,,,,,,
1137,"no_changes,universal_edges,all_inverse_edges",3411,3411,3,0.01723800428832571,0,113,,0.3645840287208557,4.80486855097115,1,0.006170317996293306,1,0.005922464653849602,1,0.03962123021483421,,,,,,,,,,,,,,,,,,,,,,,,,,,
1138,"no_changes,universal_edges,all_inverse_edges",3414,3414,3,0.015359678460905949,0,113,,0.3645840287208557,4.802967525785789,1,0.006148241925984621,1,0.004811371676623821,1,0.035119421780109406,,,,,,,,,,,,,,,,,,,,,,,,,,,
1139,"all_inverse_edges,universal_edges,no_changes",3417,3417,3,0.014653568311283985,0,113,,0.3645840287208557,4.815312617924064,1,0.005362557712942362,1,0.0048450687900185585,1,0.03375307843089104,,,,,,,,,,,,,,,,,,,,,,,,,,,
1140,"all_inverse_edges,universal_edges,no_changes",3420,3420,3,0.041790430744489036,1,114,0.365833858648936,0.365833858648936,21.82028991705738,1,0.00640717102214694,1,0.005353264976292849,1,0.11361085623502731,0.24938803911209106,0.3663879334926605,0.3249835201054713,0.3899143045484509,0.4342452208305867,0.9888389106466582,0.9592601006307726,0.7328345418589322,0.8076793273744527,0.2646428346633911,0.3827337324619293,0.34162821357943307,0.40062623599208963,0.4553394858272907,0.9890651052774438,0.9632187976303541,0.7368259723137772,0.8121049514668557,0.2495189607143402,0.348379909992218,0.2943309162821358,0.37771918259723136,0.44001318391562294,0.9889875528326031,0.950406441083101,0.7424390243902439,0.8140578376014096
1141,"no_changes,universal_edges,all_inverse_edges",3423,3423,3,0.014917483863731226,0,114,,0.365833858648936,4.886509978910908,1,0.005157799459993839,1,0.0046620238572359085,1,0.03493262827396393,,,,,,,,,,,,,,,,,,,,,,,,,,,
1142,"no_changes,all_inverse_edges,universal_edges",3426,3426,3,0.015394270420074463,0,114,,0.365833858648936,4.801927977008745,1,0.0057068318128585815,1,0.00519213080406189,1,0.03528384864330292,,,,,,,,,,,,,,,,,,,,,,,,,,,
1143,"no_changes,all_inverse_edges,universal_edges",3429,3429,3,0.01498033432289958,0,114,,0.365833858648936,4.795266655040905,1,0.005108771380037069,1,0.004199155606329441,1,0.03563307598233223,,,,,,,,,,,,,,,,,,,,,,,,,,,
1144,"no_changes,universal_edges,all_inverse_edges",3432,3432,3,0.10626750936110814,0,114,,0.365833858648936,4.809011565055698,1,0.28156232833862305,1,0.005429171025753021,1,0.031811028718948364,,,,,,,,,,,,,,,,,,,,,,,,,,,
1145,"universal_edges,no_changes,all_inverse_edges",3435,3435,3,0.040024539455771446,0,114,,0.365833858648936,4.810904210899025,1,0.00627210782840848,1,0.005505518522113562,1,0.1082959920167923,,,,,,,,,,,,,,,,,,,,,,,,,,,
1146,"all_inverse_edges,no_changes,universal_edges",3438,3438,3,0.04421024319405357,0,114,,0.365833858648936,4.794846143107861,1,0.006236688699573278,1,0.08416448533535004,1,0.042229555547237396,,,,,,,,,,,,,,,,,,,,,,,,,,,
1147,"all_inverse_edges,no_changes,universal_edges",3441,3441,3,0.02061125294615825,0,114,,0.365833858648936,4.807596034137532,1,0.006498708855360746,1,0.006750704254955053,1,0.04858434572815895,,,,,,,,,,,,,,,,,,,,,,,,,,,
1148,"no_changes,all_inverse_edges,universal_edges",3444,3444,3,0.01803746074438095,0,114,,0.365833858648936,4.824677227064967,1,0.005144819617271423,1,0.005225975066423416,1,0.04374158754944801,,,,,,,,,,,,,,,,,,,,,,,,,,,
1149,"no_changes,universal_edges,all_inverse_edges",3447,3447,3,0.03991627926006913,0,114,,0.365833858648936,4.804308654041961,1,0.005287344101816416,1,0.004460354335606098,1,0.11000113934278488,,,,,,,,,,,,,,,,,,,,,,,,,,,
1150,"no_changes,all_inverse_edges,universal_edges",3450,3450,3,0.13957799101869264,1,115,0.3677814205487569,0.3677814205487569,21.606897472869605,1,0.2890239357948303,1,0.08399896323680878,1,0.04571107402443886,0.24897950887680054,0.3657180368900299,0.32251153592617005,0.38909030982201714,0.4368820039551747,0.9890263290550234,0.9508406368581748,0.7432663150955834,0.8148693157627936,0.2655715346336365,0.38720211386680603,0.34904416611733685,0.4004614370468029,0.4574818721160185,0.989233135574599,0.9568573789102408,0.7453098220171391,0.818050372212556,0.251844584941864,0.3504241108894348,0.29779169413315754,0.37722478576137114,0.4398483849703362,0.9891878966484419,0.9453509531003392,0.7515853658536585,0.8205171936057567
1151,"all_inverse_edges,universal_edges,no_changes",3453,3453,3,0.015816991683095694,0,115,,0.3677814205487569,4.822625575121492,1,0.005653017200529575,1,0.0052264961414039135,1,0.03657146170735359,,,,,,,,,,,,,,,,,,,,,,,,,,,
1152,"no_changes,all_inverse_edges,universal_edges",3456,3456,3,0.048813306571294866,0,115,,0.3677814205487569,4.80800304398872,1,0.006508953403681517,1,0.004938053898513317,1,0.13499291241168976,,,,,,,,,,,,,,,,,,,,,,,,,,,
1153,"all_inverse_edges,no_changes,universal_edges",3459,3459,3,0.04889532287294666,0,115,,0.3677814205487569,4.801545124035329,1,0.0050651575438678265,1,0.0864771381020546,1,0.05514367297291756,,,,,,,,,,,,,,,,,,,,,,,,,,,
1154,"no_changes,universal_edges,all_inverse_edges",3462,3462,3,0.02079219464212656,0,115,,0.3677814205487569,4.8140976200811565,1,0.006597531959414482,1,0.006132357753813267,1,0.04964669421315193,,,,,,,,,,,,,,,,,,,,,,,,,,,
1155,"no_changes,universal_edges,all_inverse_edges",3465,3465,3,0.018213360880812008,0,115,,0.3677814205487569,4.802698636893183,1,0.005459968000650406,1,0.005530333146452904,1,0.04364978149533272,,,,,,,,,,,,,,,,,,,,,,,,,,,
1156,"universal_edges,no_changes,all_inverse_edges",3468,3468,3,0.04194041465719541,0,115,,0.3677814205487569,4.810607410036027,1,0.005999546963721514,1,0.0048316786997020245,1,0.11499001830816269,,,,,,,,,,,,,,,,,,,,,,,,,,,
1157,"all_inverse_edges,universal_edges,no_changes",3471,3471,3,0.059331834161033235,0,115,,0.3677814205487569,4.814621722092852,1,0.005469080060720444,1,0.004780429881066084,1,0.16774599254131317,,,,,,,,,,,,,,,,,,,,,,,,,,,
1158,"all_inverse_edges,no_changes,universal_edges",3474,3474,3,0.2835790848669906,0,115,,0.3677814205487569,4.796352221863344,1,0.2853902578353882,1,0.006753723602741957,1,0.5585932731628418,,,,,,,,,,,,,,,,,,,,,,,,,,,
1159,"universal_edges,all_inverse_edges,no_changes",3477,3477,3,0.2749476358294487,0,115,,0.3677814205487569,4.805680867051706,1,0.2861543297767639,1,0.09643010050058365,1,0.44225847721099854,,,,,,,,,,,,,,,,,,,,,,,,,,,
1160,"universal_edges,all_inverse_edges,no_changes",3480,3480,3,0.0982902164881428,1,116,0.3672461708386739,0.3677814205487569,21.46346360608004,1,0.009135316126048565,1,0.009064072743058205,1,0.27667126059532166,0.24953320622444153,0.36866292357444763,0.3274555042847726,0.3912326961107449,0.43539881344759396,0.9890198663512867,0.9315394275865312,0.7568292682926829,0.8211493140046587,0.26760396361351013,0.39062008261680603,0.3541529334212261,0.4034278180619644,0.45616348055372447,0.9893882404642806,0.9361266000984412,0.7642847725774555,0.8283051620285502,0.2449789196252823,0.34245550632476807,0.2972972972972973,0.36437046802900463,0.4225444957152274,0.9858337534090762,0.8267645523797722,0.7803988134475939,0.8017214113948284
1161,"universal_edges,no_changes,all_inverse_edges",3483,3483,3,0.09569265134632587,0,116,,0.3677814205487569,4.810028981883079,1,0.010243549942970276,1,0.017531191930174828,1,0.2593032121658325,,,,,,,,,,,,,,,,,,,,,,,,,,,
1162,"no_changes,all_inverse_edges,universal_edges",3486,3486,3,0.10957860387861729,0,116,,0.3677814205487569,4.810739157954231,1,0.009182670153677464,1,0.009743784554302692,1,0.3098093569278717,,,,,,,,,,,,,,,,,,,,,,,,,,,
1163,"no_changes,universal_edges,all_inverse_edges",3489,3489,3,0.07001749146729708,0,116,,0.3677814205487569,4.798619978129864,1,0.009172321297228336,1,0.01811632327735424,1,0.18276382982730865,,,,,,,,,,,,,,,,,,,,,,,,,,,
1164,"universal_edges,all_inverse_edges,no_changes",3492,3492,3,0.04567662657548984,0,116,,0.3677814205487569,4.826059771934524,1,0.009103568270802498,1,0.012342705391347408,1,0.11558360606431961,,,,,,,,,,,,,,,,,,,,,,,,,,,
1165,"universal_edges,all_inverse_edges,no_changes",3495,3495,3,0.054422516065339245,0,116,,0.3677814205487569,4.8006911689881235,1,0.008642091415822506,1,0.027696888893842697,1,0.12692856788635254,,,,,,,,,,,,,,,,,,,,,,,,,,,
1166,"universal_edges,all_inverse_edges,no_changes",3498,3498,3,0.07771956082433462,0,116,,0.3677814205487569,4.802208223147318,1,0.008946326561272144,1,0.1409924179315567,1,0.08321993798017502,,,,,,,,,,,,,,,,,,,,,,,,,,,
1167,"all_inverse_edges,universal_edges,no_changes",3501,3501,3,0.035512395979215704,0,116,,0.3677814205487569,4.807681813137606,1,0.009049668908119202,1,0.007122347597032785,1,0.09036517143249512,,,,,,,,,,,,,,,,,,,,,,,,,,,
1168,"no_changes,all_inverse_edges,universal_edges",3504,3504,3,0.03694002702832222,0,116,,0.3677814205487569,4.800572937121615,1,0.007269347086548805,1,0.025039957836270332,1,0.07851077616214752,,,,,,,,,,,,,,,,,,,,,,,,,,,
1169,"no_changes,universal_edges,all_inverse_edges",3507,3507,3,0.03909887745976448,0,116,,0.3677814205487569,4.817382724024355,1,0.009083278477191925,1,0.037160951644182205,1,0.07105240225791931,,,,,,,,,,,,,,,,,,,,,,,,,,,
1170,"all_inverse_edges,universal_edges,no_changes",3510,3510,3,0.03667486738413572,1,117,0.35942824681599933,0.3677814205487569,21.5800343840383,1,0.011710775084793568,1,0.03738966956734657,1,0.06092415750026703,0.24512390792369843,0.3603368401527405,0.31657877389584704,0.38645352669742916,0.4297956493078444,0.9890457171662337,0.955279599596,0.7410151615029664,0.8139766371542072,0.25759464502334595,0.37692174315452576,0.33618984838497035,0.39700065919578115,0.4454515491100857,0.9894464047979112,0.9656715838321961,0.7459030982201714,0.8206282508161205,0.2473171055316925,0.3410261571407318,0.2905405405405405,0.3679960448253131,0.4283124588002637,0.9890586425737071,0.9495028339503992,0.7450593276203032,0.8160757087041981
1171,"no_changes,all_inverse_edges,universal_edges",3513,3513,3,0.15186616405844688,0,117,,0.3677814205487569,4.802381885005161,1,0.2902838885784149,1,0.11059828102588654,1,0.0547163225710392,,,,,,,,,,,,,,,,,,,,,,,,,,,
1172,"no_changes,all_inverse_edges,universal_edges",3516,3516,3,0.022722217875222366,0,117,,0.3677814205487569,4.806651317048818,1,0.009798592887818813,1,0.00892253965139389,1,0.04944552108645439,,,,,,,,,,,,,,,,,,,,,,,,,,,
1173,"universal_edges,all_inverse_edges,no_changes",3519,3519,3,0.11354645077760021,0,117,,0.3677814205487569,4.81446556490846,1,0.2861505150794983,1,0.007624845486134291,1,0.046863991767168045,,,,,,,,,,,,,,,,,,,,,,,,,,,
1174,"no_changes,all_inverse_edges,universal_edges",3522,3522,3,0.06030965472261111,0,117,,0.3677814205487569,4.805563750909641,1,0.0081158597022295,1,0.0071371812373399734,1,0.16567592322826385,,,,,,,,,,,,,,,,,,,,,,,,,,,
1175,"universal_edges,all_inverse_edges,no_changes",3525,3525,3,0.019926774005095165,0,117,,0.3677814205487569,4.809591799043119,1,0.008716932497918606,1,0.006589335389435291,1,0.044474054127931595,,,,,,,,,,,,,,,,,,,,,,,,,,,
1176,"universal_edges,no_changes,all_inverse_edges",3528,3528,3,0.01927052919442455,0,117,,0.3677814205487569,4.811634941026568,1,0.008228047750890255,1,0.007115919608622789,1,0.042467620223760605,,,,,,,,,,,,,,,,,,,,,,,,,,,
1177,"universal_edges,all_inverse_edges,no_changes",3531,3531,3,0.04549905968209108,0,117,,0.3677814205487569,4.801918979967013,1,0.006803678348660469,1,0.08882114291191101,1,0.04087235778570175,,,,,,,,,,,,,,,,,,,,,,,,,,,
1178,"all_inverse_edges,universal_edges,no_changes",3534,3534,3,0.018567849105844896,0,117,,0.3677814205487569,4.8241426481399685,1,0.006703870836645365,1,0.00627419538795948,1,0.04272548109292984,,,,,,,,,,,,,,,,,,,,,,,,,,,
1179,"universal_edges,no_changes,all_inverse_edges",3537,3537,3,0.04421702353283763,0,117,,0.3677814205487569,4.831716591026634,1,0.0073820860125124454,1,0.08580268919467926,1,0.03946629539132118,,,,,,,,,,,,,,,,,,,,,,,,,,,
1180,"universal_edges,no_changes,all_inverse_edges",3540,3540,3,0.01649176903689901,1,118,0.36077162623405457,0.3677814205487569,21.649430522928014,1,0.005972137209028006,1,0.004920252598822117,1,0.03858291730284691,0.24072523415088654,0.3569480776786804,0.31394199077125906,0.38019116677653264,0.42715886618325644,0.9887031938681867,0.9537438394107334,0.7322808174027686,0.8059698442331044,0.2596045732498169,0.37941306829452515,0.33965062623599207,0.39634146341463417,0.44693473961766644,0.9889746274251295,0.9523737706844986,0.7408174027686223,0.8131275217864884,0.24753743410110474,0.34595373272895813,0.29449571522742257,0.3704680290046144,0.4347396176664469,0.9888195225354479,0.9369819517281183,0.7467139090309822,0.8143635062160757
1181,"all_inverse_edges,no_changes,universal_edges",3543,3543,3,0.0183847079363962,0,118,,0.3677814205487569,4.794802132062614,1,0.005378729198127985,1,0.005243404768407345,1,0.044531989842653275,,,,,,,,,,,,,,,,,,,,,,,,,,,
1182,"no_changes,universal_edges,all_inverse_edges",3546,3546,3,0.13544489070773125,0,118,,0.3677814205487569,4.806281412951648,1,0.2815200090408325,1,0.08364146202802658,1,0.04117320105433464,,,,,,,,,,,,,,,,,,,,,,,,,,,
1183,"all_inverse_edges,no_changes,universal_edges",3549,3549,3,0.048894580298413835,0,118,,0.3677814205487569,4.817786772036925,1,0.006078814622014761,1,0.005191205069422722,1,0.13541372120380402,,,,,,,,,,,,,,,,,,,,,,,,,,,
1184,"universal_edges,no_changes,all_inverse_edges",3552,3552,3,0.017020740546286106,0,118,,0.3677814205487569,4.796588029945269,1,0.007098675239831209,1,0.004877882543951273,1,0.039085663855075836,,,,,,,,,,,,,,,,,,,,,,,,,,,
1185,"all_inverse_edges,no_changes,universal_edges",3555,3555,3,0.020312339067459106,0,118,,0.3677814205487569,4.808776268968359,1,0.00699507724493742,1,0.005493772216141224,1,0.048448167741298676,,,,,,,,,,,,,,,,,,,,,,,,,,,
1186,"all_inverse_edges,universal_edges,no_changes",3558,3558,3,0.1366634244720141,0,118,,0.3677814205487569,4.806867495179176,1,0.27667465806007385,1,0.08502944558858871,1,0.04828616976737976,,,,,,,,,,,,,,,,,,,,,,,,,,,
1187,"all_inverse_edges,no_changes,universal_edges",3561,3561,3,0.13633386542399725,0,118,,0.3677814205487569,4.802570329979062,1,0.2728177011013031,1,0.08233761787414551,1,0.05384627729654312,,,,,,,,,,,,,,,,,,,,,,,,,,,
1188,"all_inverse_edges,no_changes,universal_edges",3564,3564,3,0.04435523971915245,0,118,,0.3677814205487569,4.804287979146466,1,0.005229555070400238,1,0.07977495342493057,1,0.04806121066212654,,,,,,,,,,,,,,,,,,,,,,,,,,,
1189,"universal_edges,no_changes,all_inverse_edges",3567,3567,3,0.01724592378983895,0,118,,0.3677814205487569,4.80647737509571,1,0.005711282603442669,1,0.004849305376410484,1,0.041177183389663696,,,,,,,,,,,,,,,,,,,,,,,,,,,
1190,"universal_edges,no_changes,all_inverse_edges",3570,3570,3,0.016714084893465042,1,119,0.3671616017818451,0.3677814205487569,21.583046857034788,1,0.005498822312802076,1,0.00400956766679883,1,0.04063386470079422,0.242302805185318,0.3616294860839844,0.3182267633487146,0.3849703361898484,0.4312788398154252,0.9888453733503949,0.9587312907174291,0.7333223467369809,0.8079982034436912,0.26273128390312195,0.3868628144264221,0.34838497033618987,0.4024390243902439,0.4556690837178642,0.9891491204260214,0.9613155587064066,0.7402603823335531,0.814706675732231,0.2509158253669739,0.3529925048351288,0.3045484508899143,0.3749176005273566,0.44034278180619646,0.9891038814998643,0.9492288369308828,0.7465359261700726,0.8172597259062082
1191,"all_inverse_edges,universal_edges,no_changes",3573,3573,3,0.02026578892643253,0,119,,0.3677814205487569,4.806673384970054,1,0.005610883701592684,1,0.004492050968110561,1,0.050694432109594345,,,,,,,,,,,,,,,,,,,,,,,,,,,
1192,"all_inverse_edges,no_changes,universal_edges",3576,3576,3,0.018526415806263685,0,119,,0.3677814205487569,4.799089092062786,1,0.005130941513925791,1,0.004429914057254791,1,0.046018391847610474,,,,,,,,,,,,,,,,,,,,,,,,,,,
1193,"universal_edges,all_inverse_edges,no_changes",3579,3579,3,0.016261669031033914,0,119,,0.3677814205487569,4.807920492021367,1,0.005381723865866661,1,0.00412858696654439,1,0.03927469626069069,,,,,,,,,,,,,,,,,,,,,,,,,,,
1194,"universal_edges,all_inverse_edges,no_changes",3582,3582,3,0.0463101901113987,0,119,,0.3677814205487569,4.789304306963459,1,0.006129506975412369,1,0.00423065572977066,1,0.12857040762901306,,,,,,,,,,,,,,,,,,,,,,,,,,,
1195,"universal_edges,all_inverse_edges,no_changes",3585,3585,3,0.06941044672081868,0,119,,0.3677814205487569,4.805060561047867,1,0.005819316022098064,1,0.08332660049200058,1,0.11908542364835739,,,,,,,,,,,,,,,,,,,,,,,,,,,
1196,"all_inverse_edges,no_changes,universal_edges",3588,3588,3,0.044249570462852716,0,119,,0.3677814205487569,4.796362841036171,1,0.005252636503428221,1,0.08060456812381744,1,0.046891506761312485,,,,,,,,,,,,,,,,,,,,,,,,,,,
1197,"universal_edges,no_changes,all_inverse_edges",3591,3591,3,0.10713465713585417,0,119,,0.3677814205487569,4.816897277021781,1,0.2804541289806366,1,0.005556310061365366,1,0.03539353236556053,,,,,,,,,,,,,,,,,,,,,,,,,,,
1198,"universal_edges,no_changes,all_inverse_edges",3594,3594,3,0.04553317635630568,0,119,,0.3677814205487569,4.8118927660398185,1,0.006202358286827803,1,0.08143293857574463,1,0.048964232206344604,,,,,,,,,,,,,,,,,,,,,,,,,,,
1199,"no_changes,universal_edges,all_inverse_edges",3597,3597,3,0.019884794174383085,0,119,,0.3677814205487569,4.799852746073157,1,0.005600934382528067,1,0.004433728754520416,1,0.04961971938610077,,,,,,,,,,,,,,,,,,,,,,,,,,,
1200,"universal_edges,no_changes,all_inverse_edges",3600,3600,3,0.04329369403421879,1,120,0.3659355243047078,0.3677814205487569,21.48051282693632,1,0.006305167451500893,1,0.08250095695257187,1,0.0410749576985836,0.24660427868366241,0.3631061613559723,0.31954515491100854,0.38661832564271587,0.4357284113381674,0.9889293884989724,0.9550324030215178,0.7378872775214238,0.8111970559831003,0.2633375823497772,0.3849251866340637,0.3449241924851681,0.3988134475939354,0.4550098879367172,0.9891943593521786,0.9612155263300239,0.7415754779169413,0.8158341465481423,0.2515387237071991,0.3497752249240875,0.2972972972972973,0.3765655899802241,0.4401779828609097,0.9891232696110744,0.9429443128814593,0.7513909030982202,0.8197443123123472
1201,"no_changes,all_inverse_edges,universal_edges",3603,3603,3,0.04536637586231033,0,120,,0.3677814205487569,4.825003933859989,1,0.005295873619616032,1,0.004644807893782854,1,0.1261584460735321,,,,,,,,,,,,,,,,,,,,,,,,,,,
1202,"no_changes,universal_edges,all_inverse_edges",3606,3606,3,0.016554766645034153,0,120,,0.3677814205487569,4.796049561118707,1,0.0069028655998408794,1,0.0048810881562530994,1,0.037880346179008484,,,,,,,,,,,,,,,,,,,,,,,,,,,
1203,"all_inverse_edges,universal_edges,no_changes",3609,3609,3,0.01622270109752814,0,120,,0.3677814205487569,4.803617335157469,1,0.007160298526287079,1,0.004776882007718086,1,0.036730922758579254,,,,,,,,,,,,,,,,,,,,,,,,,,,
1204,"all_inverse_edges,universal_edges,no_changes",3612,3612,3,0.015635368259002764,0,120,,0.3677814205487569,4.7957870869431645,1,0.007637126371264458,1,0.005499642807990313,1,0.033769335597753525,,,,,,,,,,,,,,,,,,,,,,,,,,,
1205,"all_inverse_edges,no_changes,universal_edges",3615,3615,3,0.01794010354205966,0,120,,0.3677814205487569,4.799786164890975,1,0.007898031733930111,1,0.00633254973217845,1,0.03958972916007042,,,,,,,,,,,,,,,,,,,,,,,,,,,
1206,"all_inverse_edges,no_changes,universal_edges",3618,3618,3,0.06671338435262442,0,120,,0.3677814205487569,4.795036504976451,1,0.005632762797176838,1,0.08014306426048279,1,0.11436432600021362,,,,,,,,,,,,,,,,,,,,,,,,,,,
1207,"universal_edges,no_changes,all_inverse_edges",3621,3621,3,0.13357979555924734,0,120,,0.3677814205487569,4.799748888937756,1,0.27965766191482544,1,0.08207584172487259,1,0.039005883038043976,,,,,,,,,,,,,,,,,,,,,,,,,,,
1208,"all_inverse_edges,no_changes,universal_edges",3624,3624,3,0.15372221420208612,0,120,,0.3677814205487569,4.794689115835354,1,0.26986783742904663,1,0.0796625092625618,1,0.11163629591464996,,,,,,,,,,,,,,,,,,,,,,,,,,,
1209,"all_inverse_edges,no_changes,universal_edges",3627,3627,3,0.10467499618728955,0,120,,0.3677814205487569,4.793894059024751,1,0.2731056809425354,1,0.005670312792062759,1,0.03524899482727051,,,,,,,,,,,,,,,,,,,,,,,,,,,
1210,"all_inverse_edges,no_changes,universal_edges",3630,3630,3,0.015030964898566404,1,121,0.36769358317057294,0.3677814205487569,21.41557517601177,1,0.00582326902076602,1,0.005326967220753431,1,0.033942658454179764,0.24519826471805573,0.36222973465919495,0.31855636123928804,0.3848055372445616,0.43556361239288066,0.9889100003877622,0.962925542416712,0.7327092946605142,0.8083657615631215,0.26472416520118713,0.38678836822509766,0.34607778510217535,0.40194462755438365,0.4573170731707317,0.9892008220559153,0.9673875472139561,0.7381872116018457,0.814236783163966,0.2549629509449005,0.35406264662742615,0.3025708635464733,0.3783783783783784,0.44133157547791696,0.9890909560923908,0.9544395273250101,0.7428147659854978,0.8153346737538365
1211,"universal_edges,all_inverse_edges,no_changes",3633,3633,3,0.1037331260740757,0,121,,0.3677814205487569,4.794318058062345,1,0.2728366553783417,1,0.00782054290175438,1,0.030542179942131042,,,,,,,,,,,,,,,,,,,,,,,,,,,
1212,"all_inverse_edges,no_changes,universal_edges",3636,3636,3,0.047301130214085184,0,121,,0.3677814205487569,4.79339023004286,1,0.00558162247762084,1,0.08208966255187988,1,0.05423210561275482,,,,,,,,,,,,,,,,,,,,,,,,,,,
1213,"universal_edges,no_changes,all_inverse_edges",3639,3639,3,0.042551500257104635,0,121,,0.3677814205487569,4.812364869052544,1,0.007691276725381613,1,0.009808051399886608,1,0.11015517264604568,,,,,,,,,,,,,,,,,,,,,,,,,,,
1214,"no_changes,all_inverse_edges,universal_edges",3642,3642,3,0.08089632665117581,0,121,,0.3677814205487569,4.804596130969003,1,0.005791317671537399,1,0.0829574316740036,1,0.15394023060798645,,,,,,,,,,,,,,,,,,,,,,,,,,,
1215,"no_changes,universal_edges,all_inverse_edges",3645,3645,3,0.12388151915123065,0,121,,0.3677814205487569,4.789485864108428,1,0.27676859498023987,1,0.006106668151915073,1,0.08876929432153702,,,,,,,,,,,,,,,,,,,,,,,,,,,
1216,"no_changes,universal_edges,all_inverse_edges",3648,3648,3,0.047380325539658465,0,121,,0.3677814205487569,4.803253717022017,1,0.006740850862115622,1,0.0071283672004938126,1,0.12827175855636597,,,,,,,,,,,,,,,,,,,,,,,,,,,
1217,"all_inverse_edges,no_changes,universal_edges",3651,3651,3,0.13575972678760687,0,121,,0.3677814205487569,4.8048791331239045,1,0.27893635630607605,1,0.006652580574154854,1,0.12169024348258972,,,,,,,,,,,,,,,,,,,,,,,,,,,
1218,"all_inverse_edges,no_changes,universal_edges",3654,3654,3,0.04670178657397628,0,121,,0.3677814205487569,4.786283339140937,1,0.0062453229911625385,1,0.08152689784765244,1,0.05233313888311386,,,,,,,,,,,,,,,,,,,,,,,,,,,
1219,"all_inverse_edges,universal_edges,no_changes",3657,3657,3,0.016657264127085607,0,121,,0.3677814205487569,4.789631586987525,1,0.004998325370252132,1,0.006999437231570482,1,0.037974029779434204,,,,,,,,,,,,,,,,,,,,,,,,,,,
1220,"all_inverse_edges,no_changes,universal_edges",3660,3660,3,0.020223853333542745,1,122,0.36267568667729694,0.3677814205487569,21.40132002509199,1,0.005976941902190447,1,0.005889619700610638,1,0.04880499839782715,0.24336962401866913,0.35701751708984375,0.31196440342781806,0.38117996044825314,0.4312788398154252,0.9887096565719234,0.9551250393569157,0.7316381015161503,0.805704097204224,0.26251769065856934,0.3822169899940491,0.34212261041529335,0.39864864864864863,0.44924192485168096,0.9889746274251295,0.9598101615826734,0.7362953197099539,0.8108763631616361,0.24775974452495575,0.34879255294799805,0.2992748846407383,0.3714568226763349,0.4322676334871457,0.9887613582018173,0.9322732698926115,0.7484607778510217,0.8145934075011125
1221,"no_changes,all_inverse_edges,universal_edges",3663,3663,3,0.043461296086510025,0,122,,0.3677814205487569,4.7825398300774395,1,0.005516082514077425,1,0.006858417298644781,1,0.11800938844680786,,,,,,,,,,,,,,,,,,,,,,,,,,,
1222,"all_inverse_edges,no_changes,universal_edges",3666,3666,3,0.11735723276312153,0,122,,0.3677814205487569,4.7935743080452085,1,0.2908918559551239,1,0.00511296046897769,1,0.056066881865262985,,,,,,,,,,,,,,,,,,,,,,,,,,,
1223,"universal_edges,all_inverse_edges,no_changes",3669,3669,3,0.04808885262658199,0,122,,0.3677814205487569,4.762514573987573,1,0.011022531427443027,1,0.08807337284088135,1,0.045170653611421585,,,,,,,,,,,,,,,,,,,,,,,,,,,
1224,"no_changes,all_inverse_edges,universal_edges",3672,3672,3,0.03482454875484109,0,122,,0.3677814205487569,4.781344390008599,1,0.009437629953026772,1,0.007794433739036322,1,0.08724158257246017,,,,,,,,,,,,,,,,,,,,,,,,,,,
1225,"no_changes,all_inverse_edges,universal_edges",3675,3675,3,0.089998218541344,0,122,,0.3677814205487569,4.783628545934334,1,0.011952826753258705,1,0.09139269590377808,1,0.16664913296699524,,,,,,,,,,,,,,,,,,,,,,,,,,,
1226,"no_changes,universal_edges,all_inverse_edges",3678,3678,3,0.08345806909104188,0,122,,0.3677814205487569,4.786634959978983,1,0.033514395356178284,1,0.01622999645769596,1,0.2006298154592514,,,,,,,,,,,,,,,,,,,,,,,,,,,
1227,"all_inverse_edges,no_changes,universal_edges",3681,3681,3,0.05563203773150841,0,122,,0.3677814205487569,4.766829944215715,1,0.01105294469743967,1,0.010656699538230896,1,0.14518646895885468,,,,,,,,,,,,,,,,,,,,,,,,,,,
1228,"all_inverse_edges,no_changes,universal_edges",3684,3684,3,0.026714403337488573,0,122,,0.3677814205487569,4.75851597613655,1,0.009119326248764992,1,0.006284298840910196,1,0.06473958492279053,,,,,,,,,,,,,,,,,,,,,,,,,,,
1229,"universal_edges,no_changes,all_inverse_edges",3687,3687,3,0.024573212799926598,0,122,,0.3677814205487569,4.772853505099192,1,0.006418414413928986,1,0.012239391915500164,1,0.05506183207035065,,,,,,,,,,,,,,,,,,,,,,,,,,,
1230,"universal_edges,no_changes,all_inverse_edges",3690,3690,3,0.07418193357686202,1,123,0.3634184996287028,0.3677814205487569,21.62531051877886,1,0.007101705297827721,1,0.09149803221225739,1,0.12394606322050095,0.24479378759860992,0.35703256726264954,0.31163480553724454,0.38348714568226766,0.42748846407382995,0.9889423139064459,0.9455200920989586,0.744353988134476,0.8145110619087018,0.2607957720756531,0.3802223801612854,0.3419578114700066,0.3961766644693474,0.4446275543836519,0.9894657929091215,0.9557877571286177,0.7525346077785102,0.8239215794141563,0.25109371542930603,0.35300055146217346,0.3073500329597891,0.3726104152933421,0.43045484508899146,0.9890263290550234,0.9267929727955884,0.7608701384311141,0.8230231057634025
1231,"no_changes,universal_edges,all_inverse_edges",3693,3693,3,0.031616144347935915,0,123,,0.3677814205487569,4.875700153876096,1,0.006584314163774252,1,0.025889180600643158,1,0.062374938279390335,,,,,,,,,,,,,,,,,,,,,,,,,,,
1232,"no_changes,universal_edges,all_inverse_edges",3696,3696,3,0.04940485768020153,0,123,,0.3677814205487569,4.778792905854061,1,0.006323033943772316,1,0.09802109748125076,1,0.04387044161558151,,,,,,,,,,,,,,,,,,,,,,,,,,,
1233,"no_changes,universal_edges,all_inverse_edges",3699,3699,3,0.021281631663441658,0,123,,0.3677814205487569,4.772442216053605,1,0.0072595104575157166,1,0.012985950335860252,1,0.043599434196949005,,,,,,,,,,,,,,,,,,,,,,,,,,,
1234,"universal_edges,all_inverse_edges,no_changes",3702,3702,3,0.13764202098051706,0,123,,0.3677814205487569,4.7704360818024725,1,0.28596192598342896,1,0.08682344853878021,1,0.04014068841934204,,,,,,,,,,,,,,,,,,,,,,,,,,,
1235,"universal_edges,all_inverse_edges,no_changes",3705,3705,3,0.01736291606600086,0,123,,0.3677814205487569,4.784485340118408,1,0.007337293121963739,1,0.0072852978482842445,1,0.03746615722775459,,,,,,,,,,,,,,,,,,,,,,,,,,,
1236,"universal_edges,no_changes,all_inverse_edges",3708,3708,3,0.016262575052678585,0,123,,0.3677814205487569,4.761038467986509,1,0.007157326675951481,1,0.006976943463087082,1,0.03465345501899719,,,,,,,,,,,,,,,,,,,,,,,,,,,
1237,"no_changes,all_inverse_edges,universal_edges",3711,3711,3,0.045848709996789694,0,123,,0.3677814205487569,4.775879469932988,1,0.006197373382747173,1,0.005046514328569174,1,0.12630224227905273,,,,,,,,,,,,,,,,,,,,,,,,,,,
1238,"all_inverse_edges,no_changes,universal_edges",3714,3714,3,0.017414793527374666,0,123,,0.3677814205487569,4.764729225076735,1,0.007201786618679762,1,0.005422738380730152,1,0.03961985558271408,,,,,,,,,,,,,,,,,,,,,,,,,,,
1239,"no_changes,all_inverse_edges,universal_edges",3717,3717,3,0.014960283879190683,0,123,,0.3677814205487569,4.765715382993221,1,0.00546675082296133,1,0.006212153006345034,1,0.033201947808265686,,,,,,,,,,,,,,,,,,,,,,,,,,,
1240,"universal_edges,no_changes,all_inverse_edges",3720,3720,3,0.014340326034774383,1,124,0.3669527769088745,0.3677814205487569,21.183221556944773,1,0.0064528691582381725,1,0.0054507777094841,1,0.031117331236600876,0.24411506950855255,0.3621775507926941,0.3200395517468688,0.38464073829927486,0.4327620303230059,0.9887807463130275,0.957078847164202,0.7324818721160185,0.8068857944254043,0.2610817551612854,0.3830491602420807,0.34475939353988133,0.39700065919578115,0.45088991430454844,0.9891426577222847,0.9626676365806801,0.7392880685563612,0.814158505514597,0.25350603461265564,0.35563161969184875,0.3093276203032301,0.37623599208965064,0.4368820039551747,0.9890069409438133,0.9425611491530574,0.7482630191166777,0.8170566503240724
1241,"all_inverse_edges,universal_edges,no_changes",3723,3723,3,0.13469087068612376,0,124,,0.3677814205487569,4.760382999898866,1,0.2820430099964142,1,0.005170739721506834,1,0.11685886234045029,,,,,,,,,,,,,,,,,,,,,,,,,,,
1242,"universal_edges,no_changes,all_inverse_edges",3726,3726,3,0.0402141734957695,0,124,,0.3677814205487569,4.769544625887647,1,0.005879145115613937,1,0.08431092649698257,1,0.03045244887471199,,,,,,,,,,,,,,,,,,,,,,,,,,,
1243,"no_changes,all_inverse_edges,universal_edges",3729,3729,3,0.10724316428725918,0,124,,0.3677814205487569,4.751484899083152,1,0.27845263481140137,1,0.00527551444247365,1,0.03800134360790253,,,,,,,,,,,,,,,,,,,,,,,,,,,
1244,"no_changes,all_inverse_edges,universal_edges",3732,3732,3,0.10439088971664508,0,124,,0.3677814205487569,4.769142454024404,1,0.2724331319332123,1,0.005162824876606464,1,0.0355767123401165,,,,,,,,,,,,,,,,,,,,,,,,,,,
1245,"all_inverse_edges,no_changes,universal_edges",3735,3735,3,0.01564877713099122,0,124,,0.3677814205487569,4.77673945389688,1,0.006303990259766579,1,0.0047831288538873196,1,0.03585921227931976,,,,,,,,,,,,,,,,,,,,,,,,,,,
1246,"all_inverse_edges,universal_edges,no_changes",3738,3738,3,0.013328632029394308,0,124,,0.3677814205487569,4.77016975893639,1,0.005112695973366499,1,0.003961724694818258,1,0.03091147541999817,,,,,,,,,,,,,,,,,,,,,,,,,,,
1247,"no_changes,all_inverse_edges,universal_edges",3741,3741,3,0.040235958682994045,0,124,,0.3677814205487569,4.776966504054144,1,0.0054211849346756935,1,0.005198007449507713,1,0.11008868366479874,,,,,,,,,,,,,,,,,,,,,,,,,,,
1248,"all_inverse_edges,universal_edges,no_changes",3744,3744,3,0.10386246194442113,0,124,,0.3677814205487569,4.761452700011432,1,0.275316447019577,1,0.004142455756664276,1,0.032128483057022095,,,,,,,,,,,,,,,,,,,,,,,,,,,
1249,"universal_edges,all_inverse_edges,no_changes",3747,3747,3,0.037581413673857846,0,124,,0.3677814205487569,4.765803735004738,1,0.006193371023982763,1,0.0053241378627717495,1,0.10122673213481903,,,,,,,,,,,,,,,,,,,,,,,,,,,
1250,"no_changes,all_inverse_edges,universal_edges",3750,3750,3,0.042270073822389044,1,125,0.36511773864428204,0.3677814205487569,21.082987543893978,1,0.006644992623478174,1,0.08103439956903458,1,0.03913082927465439,0.24317021667957306,0.35897135734558105,0.31394199077125906,0.3852999340804219,0.4337508239947264,0.9888776868690785,0.9583139788003666,0.7344693473961766,0.8089257118047505,0.2621591091156006,0.3866496980190277,0.3472313777191826,0.4007910349373764,0.4569874752801582,0.9891878966484419,0.9656314978361986,0.7388266315095584,0.8144148844907859,0.2483776956796646,0.3497321605682373,0.2994396835860251,0.3711272247857614,0.4372116018457482,0.9890651052774438,0.9466216162100296,0.7471621621621621,0.8171475078813908
1251,"universal_edges,no_changes,all_inverse_edges",3753,3753,3,0.10692765439550082,0,125,,0.3677814205487569,4.780072497203946,1,0.2809928357601166,1,0.008743520826101303,1,0.031046606600284576,,,,,,,,,,,,,,,,,,,,,,,,,,,
1252,"no_changes,all_inverse_edges,universal_edges",3756,3756,3,0.11702514486387372,0,125,,0.3677814205487569,4.761358036892489,1,0.27061060070991516,1,0.0067487373016774654,1,0.07371609658002853,,,,,,,,,,,,,,,,,,,,,,,,,,,
1253,"no_changes,universal_edges,all_inverse_edges",3759,3759,3,0.022704135160893202,0,125,,0.3677814205487569,4.759644211968407,1,0.006356667261570692,1,0.0057127950713038445,1,0.05604294314980507,,,,,,,,,,,,,,,,,,,,,,,,,,,
1254,"universal_edges,no_changes,all_inverse_edges",3762,3762,3,0.12000159872695804,0,125,,0.3677814205487569,4.764002226060256,1,0.3022347688674927,1,0.005987352225929499,1,0.051782675087451935,,,,,,,,,,,,,,,,,,,,,,,,,,,
1255,"no_changes,universal_edges,all_inverse_edges",3765,3765,3,0.02407015177110831,0,125,,0.3677814205487569,4.765393279958516,1,0.005862633232027292,1,0.006498801987618208,1,0.05984902009367943,,,,,,,,,,,,,,,,,,,,,,,,,,,
1256,"all_inverse_edges,no_changes,universal_edges",3768,3768,3,0.049227561646451555,0,125,,0.3677814205487569,4.754243307048455,1,0.008080529980361462,1,0.006709188688546419,1,0.13289296627044678,,,,,,,,,,,,,,,,,,,,,,,,,,,
1257,"universal_edges,all_inverse_edges,no_changes",3771,3771,3,0.054681823744128145,0,125,,0.3677814205487569,4.769392743008211,1,0.01177668571472168,1,0.0061585488729178905,1,0.14611023664474487,,,,,,,,,,,,,,,,,,,,,,,,,,,
1258,"all_inverse_edges,no_changes,universal_edges",3774,3774,3,0.13300828620170554,0,125,,0.3677814205487569,4.760521138086915,1,0.30469122529029846,1,0.006209648679941893,1,0.08812398463487625,,,,,,,,,,,,,,,,,,,,,,,,,,,
1259,"universal_edges,no_changes,all_inverse_edges",3777,3777,3,0.055520075683792434,0,125,,0.3677814205487569,4.784032833063975,1,0.013020562008023262,1,0.09119689464569092,1,0.062342770397663116,,,,,,,,,,,,,,,,,,,,,,,,,,,
1260,"universal_edges,all_inverse_edges,no_changes",3780,3780,3,0.029019672734042008,1,126,0.35139380892117816,0.3677814205487569,21.197951486799866,1,0.007866759784519672,1,0.007543981075286865,1,0.07164827734231949,0.2418147772550583,0.3534366190433502,0.3088332234673698,0.38019116677653264,0.4235332893869479,0.9886902684607132,0.9572409290056405,0.7298516809492419,0.8045688127829036,0.2602042257785797,0.3732481598854065,0.3309162821357943,0.3941990771259064,0.44396835860250494,0.9886644176457663,0.9704903246404228,0.7219248516809493,0.8000461081648451,0.23947960138320923,0.32749664783477783,0.27504943968358603,0.35349373764007913,0.4190837178642057,0.9886579549420296,0.9508727888973545,0.7327422544495715,0.8057368958142732
1261,"universal_edges,no_changes,all_inverse_edges",3783,3783,3,0.02671699458733201,0,126,,0.3677814205487569,4.777147040003911,1,0.013677090406417847,1,0.007721095811575651,1,0.05875279754400253,,,,,,,,,,,,,,,,,,,,,,,,,,,
1262,"all_inverse_edges,no_changes,universal_edges",3786,3786,3,0.030262745451182127,0,126,,0.3677814205487569,4.771894499193877,1,0.012553931213915348,1,0.0070740035735070705,1,0.07116030156612396,,,,,,,,,,,,,,,,,,,,,,,,,,,
1263,"all_inverse_edges,no_changes,universal_edges",3789,3789,3,0.0260719604169329,0,126,,0.3677814205487569,4.761250141076744,1,0.014257490634918213,1,0.008071391843259335,1,0.055886998772621155,,,,,,,,,,,,,,,,,,,,,,,,,,,
1264,"no_changes,all_inverse_edges,universal_edges",3792,3792,3,0.15218251198530197,0,126,,0.3677814205487569,4.776721129892394,1,0.2945047616958618,1,0.1076599583029747,1,0.0543828159570694,,,,,,,,,,,,,,,,,,,,,,,,,,,
1265,"universal_edges,no_changes,all_inverse_edges",3795,3795,3,0.07003385201096535,0,126,,0.3677814205487569,4.777790659107268,1,0.008316829800605774,1,0.14823304116725922,1,0.05355168506503105,,,,,,,,,,,,,,,,,,,,,,,,,,,
1266,"all_inverse_edges,universal_edges,no_changes",3798,3798,3,0.16487346962094307,0,126,,0.3677814205487569,4.7566185728646815,1,0.30300086736679077,1,0.04237687215209007,1,0.14924266934394836,,,,,,,,,,,,,,,,,,,,,,,,,,,
1267,"universal_edges,all_inverse_edges,no_changes",3801,3801,3,0.06852168155213197,0,126,,0.3677814205487569,4.771247297059745,1,0.012174459174275398,1,0.11495309323072433,1,0.07843749225139618,,,,,,,,,,,,,,,,,,,,,,,,,,,
1268,"all_inverse_edges,universal_edges,no_changes",3804,3804,3,0.13009310886263847,0,126,,0.3677814205487569,4.762951215961948,1,0.03064650669693947,1,0.1798117309808731,1,0.17982108891010284,,,,,,,,,,,,,,,,,,,,,,,,,,,
1269,"all_inverse_edges,no_changes,universal_edges",3807,3807,3,0.15760158064464727,0,126,,0.3677814205487569,4.7840347229503095,1,0.015726866200566292,1,0.26554325222969055,1,0.191534623503685,,,,,,,,,,,,,,,,,,,,,,,,,,,
1270,"all_inverse_edges,universal_edges,no_changes",3810,3810,3,0.12269859885176022,1,127,0.2990463475386302,0.3677814205487569,20.97042251401581,1,0.01859448477625847,1,0.18987387418746948,1,0.15962743759155273,0.21420912444591522,0.28661370277404785,0.23154251812788398,0.31641397495056034,0.38513513513513514,0.9812129202373104,0.7557862324945661,0.7509096901779828,0.7533230568470153,0.23541489243507385,0.3156815469264984,0.26170072511535925,0.34706657877389585,0.4080421885299934,0.9816911603138289,0.7620701355561846,0.7582597231377719,0.760150135154353,0.22237688302993774,0.29484379291534424,0.23434410019775873,0.3284442979564931,0.40260382333553063,0.982809208060284,0.7774711716788003,0.7670665787738958,0.7721637223567743
1271,"no_changes,all_inverse_edges,universal_edges",3813,3813,3,0.11680578005810578,0,127,,0.3677814205487569,4.757393151987344,1,0.025449687615036964,1,0.06312203407287598,1,0.2618456184864044,,,,,,,,,,,,,,,,,,,,,,,,,,,
1272,"all_inverse_edges,no_changes,universal_edges",3816,3816,3,0.1946708746254444,0,127,,0.3677814205487569,4.763815419981256,1,0.022433876991271973,1,0.04427671059966087,1,0.5173020362854004,,,,,,,,,,,,,,,,,,,,,,,,,,,
1273,"all_inverse_edges,no_changes,universal_edges",3819,3819,3,0.2721313027044137,0,127,,0.3677814205487569,4.761035663075745,1,0.4246464967727661,1,0.04375883564352989,1,0.3479885756969452,,,,,,,,,,,,,,,,,,,,,,,,,,,
1274,"no_changes,all_inverse_edges,universal_edges",3822,3822,3,0.090084969997406,0,127,,0.3677814205487569,4.775948324939236,1,0.03855292871594429,1,0.044785719364881516,1,0.1869162619113922,,,,,,,,,,,,,,,,,,,,,,,,,,,
1275,"universal_edges,no_changes,all_inverse_edges",3825,3825,3,0.18688010796904564,0,127,,0.3677814205487569,4.7729162010364234,1,0.3838558793067932,1,0.049912724643945694,1,0.126871719956398,,,,,,,,,,,,,,,,,,,,,,,,,,,
1276,"no_changes,universal_edges,all_inverse_edges",3828,3828,3,0.7155601754784584,0,127,,0.3677814205487569,4.7573815260548145,1,0.040214039385318756,1,0.038430169224739075,1,2.0680363178253174,,,,,,,,,,,,,,,,,,,,,,,,,,,
1277,"no_changes,universal_edges,all_inverse_edges",3831,3831,3,0.2005878078440825,0,127,,0.3677814205487569,4.759428658988327,1,0.04488955810666084,1,0.06587151437997818,1,0.4910023510456085,,,,,,,,,,,,,,,,,,,,,,,,,,,
1278,"no_changes,all_inverse_edges,universal_edges",3834,3834,3,0.480206236243248,0,127,,0.3677814205487569,4.752575038932264,1,0.664060652256012,1,0.2165151983499527,1,0.5600428581237793,,,,,,,,,,,,,,,,,,,,,,,,,,,
1279,"no_changes,all_inverse_edges,universal_edges",3837,3837,3,0.6717684169610342,0,127,,0.3677814205487569,4.772948185913265,1,0.9287891387939453,1,0.5902889370918274,1,0.4962271749973297,,,,,,,,,,,,,,,,,,,,,,,,,,,
1280,"no_changes,universal_edges,all_inverse_edges",3840,3840,3,0.8888962343335152,1,128,0.2508440812428792,0.3677814205487569,20.996410683961585,1,0.22169016301631927,1,0.10641292482614517,1,2.338585615158081,0.18720930814743042,0.24893920123577118,0.19363876071193145,0.27735662491760055,0.3548121292023731,0.9183437382863495,0.5693592010761788,0.7886156888595912,0.5978794103402445,0.2193959355354309,0.28948506712913513,0.23467369808833224,0.3210283454185893,0.3899143045484509,0.9350110512233898,0.5874207120233153,0.8013150955833883,0.6257241539161207,0.168106347322464,0.21410797536373138,0.1448582729070534,0.2430784442979565,0.35398813447593935,0.9154678351235023,0.5706630485092351,0.8076598549769282,0.5995809363304001
1281,"universal_edges,no_changes,all_inverse_edges",3843,3843,3,1.106691837310791,0,128,,0.3677814205487569,4.7809515909757465,1,0.537915825843811,1,0.5467568635940552,1,2.235402822494507,,,,,,,,,,,,,,,,,,,,,,,,,,,
1282,"no_changes,all_inverse_edges,universal_edges",3846,3846,3,1.2039439876874287,0,128,,0.3677814205487569,4.765548808034509,1,0.5760167241096497,1,0.3022327423095703,1,2.7335824966430664,,,,,,,,,,,,,,,,,,,,,,,,,,,
1283,"universal_edges,all_inverse_edges,no_changes",3849,3849,3,0.6632657647132874,0,128,,0.3677814205487569,4.7665628008544445,1,0.48673808574676514,1,0.5082651376724243,1,0.9947940707206726,,,,,,,,,,,,,,,,,,,,,,,,,,,
1284,"no_changes,all_inverse_edges,universal_edges",3852,3852,3,0.9830052802960078,0,128,,0.3677814205487569,4.755438602063805,1,0.195002481341362,1,0.8526102900505066,1,1.9014030694961548,,,,,,,,,,,,,,,,,,,,,,,,,,,
1285,"all_inverse_edges,no_changes,universal_edges",3855,3855,3,0.9623106221357981,0,128,,0.3677814205487569,4.761747437063605,1,0.8325467109680176,1,0.34811410307884216,1,1.7062710523605347,,,,,,,,,,,,,,,,,,,,,,,,,,,
1286,"all_inverse_edges,no_changes,universal_edges",3858,3858,3,0.5823932389418284,0,128,,0.3677814205487569,4.765946937026456,1,0.8510085344314575,1,0.38782748579978943,1,0.5083436965942383,,,,,,,,,,,,,,,,,,,,,,,,,,,
1287,"no_changes,all_inverse_edges,universal_edges",3861,3861,3,0.5727527638276418,0,128,,0.3677814205487569,4.75500687607564,1,0.35587170720100403,1,0.29418742656707764,1,1.0681991577148438,,,,,,,,,,,,,,,,,,,,,,,,,,,
1288,"no_changes,universal_edges,all_inverse_edges",3864,3864,3,0.5374788045883179,0,128,,0.3677814205487569,4.763756124069914,1,0.7570144534111023,1,0.46654966473579407,1,0.38887229561805725,,,,,,,,,,,,,,,,,,,,,,,,,,,
1289,"no_changes,universal_edges,all_inverse_edges",3867,3867,3,0.7514542440573374,0,128,,0.3677814205487569,4.764554583933204,1,1.0296825170516968,1,0.8325349688529968,1,0.3921452462673187,,,,,,,,,,,,,,,,,,,,,,,,,,,
1290,"universal_edges,no_changes,all_inverse_edges",3870,3870,3,0.2985679705937703,1,129,0.25273673236370087,0.3677814205487569,21.019580985885113,1,0.22118204832077026,1,0.38956865668296814,1,0.28495320677757263,0.1640770584344864,0.20308659970760345,0.14864864864864866,0.22445616348055372,0.3101516150296638,0.9489123269611075,0.6079375756252775,0.8011371127224786,0.6526968181717494,0.2151530683040619,0.28891023993492126,0.23450889914304549,0.3150955833882663,0.38810151615029664,0.9387788075019065,0.5954206947818097,0.8177719182597232,0.6375240126386311,0.2044520080089569,0.2662133574485779,0.2073170731707317,0.29581410678971654,0.3745880026367831,0.9491643724068402,0.612085525858701,0.8185464733025709,0.65924640862254
1291,"universal_edges,all_inverse_edges,no_changes",3873,3873,3,0.37424038847287494,0,129,,0.3677814205487569,4.757530560949817,1,0.49234625697135925,1,0.3417898714542389,1,0.28858503699302673,,,,,,,,,,,,,,,,,,,,,,,,,,,
1292,"universal_edges,all_inverse_edges,no_changes",3876,3876,3,0.24689028163750967,0,129,,0.3677814205487569,4.760346672032028,1,0.22902654111385345,1,0.22978317737579346,1,0.2818611264228821,,,,,,,,,,,,,,,,,,,,,,,,,,,
1293,"universal_edges,all_inverse_edges,no_changes",3879,3879,3,0.15211430937051773,0,129,,0.3677814205487569,4.779287826037034,1,0.15084940195083618,1,0.10456012934446335,1,0.20093339681625366,,,,,,,,,,,,,,,,,,,,,,,,,,,
1294,"all_inverse_edges,universal_edges,no_changes",3882,3882,3,0.2602957983811696,0,129,,0.3677814205487569,4.762888242024928,1,0.5567970871925354,1,0.0800829827785492,1,0.14400732517242432,,,,,,,,,,,,,,,,,,,,,,,,,,,
1295,"no_changes,all_inverse_edges,universal_edges",3885,3885,3,0.13150232781966528,0,129,,0.3677814205487569,4.759746067924425,1,0.11509134620428085,1,0.07102575898170471,1,0.20838987827301025,,,,,,,,,,,,,,,,,,,,,,,,,,,
1296,"no_changes,all_inverse_edges,universal_edges",3888,3888,3,0.1017838070789973,0,129,,0.3677814205487569,4.756463943980634,1,0.1085008755326271,1,0.06754940003156662,1,0.12930114567279816,,,,,,,,,,,,,,,,,,,,,,,,,,,
1297,"no_changes,universal_edges,all_inverse_edges",3891,3891,3,0.08359382798274358,0,129,,0.3677814205487569,4.762736344942823,1,0.09633444994688034,1,0.04940959811210632,1,0.10503743588924408,,,,,,,,,,,,,,,,,,,,,,,,,,,
1298,"no_changes,all_inverse_edges,universal_edges",3894,3894,3,0.06534966702262561,0,129,,0.3677814205487569,4.74963525403291,1,0.06657150387763977,1,0.03915827348828316,1,0.09031922370195389,,,,,,,,,,,,,,,,,,,,,,,,,,,
1299,"all_inverse_edges,universal_edges,no_changes",3897,3897,3,0.171005147198836,0,129,,0.3677814205487569,4.76395507901907,1,0.4025380313396454,1,0.030639782547950745,1,0.0798376277089119,,,,,,,,,,,,,,,,,,,,,,,,,,,
1300,"all_inverse_edges,no_changes,universal_edges",3900,3900,3,0.09317816669742267,1,130,0.2988080183664958,0.3677814205487569,20.80670818197541,1,0.042704444378614426,1,0.1548229306936264,1,0.08200712502002716,0.21113163232803345,0.2898489832878113,0.22692814765985497,0.32976268951878707,0.4004614370468029,0.9856010960745537,0.8254567895325315,0.7712359920896507,0.7957583280369511,0.23262542486190796,0.3213709890842438,0.26170072511535925,0.3577785102175346,0.4208965062623599,0.987255548231158,0.8608028326526931,0.775309822017139,0.8120445895475892,0.2151503711938858,0.28520408272743225,0.21934739617666446,0.3200395517468688,0.4070533948582729,0.9869259503405845,0.8474083520380582,0.7858009228740936,0.8134625536934479
1301,"all_inverse_edges,universal_edges,no_changes",3903,3903,3,0.040821543584267296,0,130,,0.3677814205487569,4.758679393911734,1,0.02955532632768154,1,0.022591842338442802,1,0.07031746208667755,,,,,,,,,,,,,,,,,,,,,,,,,,,
1302,"no_changes,universal_edges,all_inverse_edges",3906,3906,3,0.03921105774740378,0,130,,0.3677814205487569,4.762269327882677,1,0.024076327681541443,1,0.020189838483929634,1,0.07336700707674026,,,,,,,,,,,,,,,,,,,,,,,,,,,
1303,"no_changes,all_inverse_edges,universal_edges",3909,3909,3,0.035266159723202385,0,130,,0.3677814205487569,4.7451429180800915,1,0.022931523621082306,1,0.01708085462450981,1,0.06578610092401505,,,,,,,,,,,,,,,,,,,,,,,,,,,
1304,"all_inverse_edges,no_changes,universal_edges",3912,3912,3,0.07301624150325854,0,130,,0.3677814205487569,4.73889691918157,1,0.019557127729058266,1,0.014962664805352688,1,0.18452893197536469,,,,,,,,,,,,,,,,,,,,,,,,,,,
1305,"no_changes,all_inverse_edges,universal_edges",3915,3915,3,0.030295541509985924,0,130,,0.3677814205487569,4.742115765111521,1,0.015242287889122963,1,0.013800255954265594,1,0.061844080686569214,,,,,,,,,,,,,,,,,,,,,,,,,,,
1306,"universal_edges,all_inverse_edges,no_changes",3918,3918,3,0.02789432369172573,0,130,,0.3677814205487569,4.756286410847679,1,0.015068694949150085,1,0.011305885389447212,1,0.057308390736579895,,,,,,,,,,,,,,,,,,,,,,,,,,,
1307,"no_changes,universal_edges,all_inverse_edges",3921,3921,3,0.02803162857890129,0,130,,0.3677814205487569,4.741375922923908,1,0.013436147943139076,1,0.011139852926135063,1,0.05951888486742973,,,,,,,,,,,,,,,,,,,,,,,,,,,
1308,"all_inverse_edges,universal_edges,no_changes",3924,3924,3,0.0642877829571565,0,130,,0.3677814205487569,4.733473768923432,1,0.012260456569492817,1,0.01020671334117651,1,0.17039617896080017,,,,,,,,,,,,,,,,,,,,,,,,,,,
1309,"universal_edges,all_inverse_edges,no_changes",3927,3927,3,0.027719660972555477,0,130,,0.3677814205487569,4.72634430998005,1,0.01344227883964777,1,0.00915312860161066,1,0.060563575476408005,,,,,,,,,,,,,,,,,,,,,,,,,,,
1310,"universal_edges,all_inverse_edges,no_changes",3930,3930,3,0.07011502049863338,1,131,0.3419698973496755,0.3677814205487569,20.795189664000645,1,0.010336874052882195,1,0.14626018702983856,1,0.0537480004131794,0.23518012464046478,0.3402617871761322,0.28889255108767303,0.3696440342781806,0.4288068556361239,0.9879664456421988,0.8859897033407875,0.7667897165458142,0.8150340269299534,0.25125008821487427,0.3611178696155548,0.3132827949901121,0.38348714568226766,0.44528675016479896,0.9888776868690785,0.9054637117148763,0.7761371127224785,0.828016277130901,0.23404797911643982,0.3245300352573395,0.26499670402109426,0.35547132498352013,0.4273236651285432,0.9889293884989724,0.8985854513295951,0.7855306526038233,0.8323150262769794
1311,"no_changes,all_inverse_edges,universal_edges",3933,3933,3,0.02691325607399146,0,131,,0.3677814205487569,4.744227779796347,1,0.010204777121543884,1,0.012315632775425911,1,0.05821935832500458,,,,,,,,,,,,,,,,,,,,,,,,,,,
1312,"universal_edges,all_inverse_edges,no_changes",3936,3936,3,0.13647215844442448,0,131,,0.3677814205487569,4.742045099847019,1,0.34718045592308044,1,0.011508838273584843,1,0.050727181136608124,,,,,,,,,,,,,,,,,,,,,,,,,,,
1313,"all_inverse_edges,universal_edges,no_changes",3939,3939,3,0.027019704692065716,0,131,,0.3677814205487569,4.7679533660411835,1,0.011884144507348537,1,0.011600995436310768,1,0.05757397413253784,,,,,,,,,,,,,,,,,,,,,,,,,,,
1314,"all_inverse_edges,no_changes,universal_edges",3942,3942,3,0.12720849178731441,0,131,,0.3677814205487569,4.754513232968748,1,0.3117370903491974,1,0.009980803355574608,1,0.05990758165717125,,,,,,,,,,,,,,,,,,,,,,,,,,,
1315,"all_inverse_edges,no_changes,universal_edges",3945,3945,3,0.02510775749882062,0,131,,0.3677814205487569,4.738945128861815,1,0.011771662160754204,1,0.009907996281981468,1,0.053643614053726196,,,,,,,,,,,,,,,,,,,,,,,,,,,
1316,"no_changes,all_inverse_edges,universal_edges",3948,3948,3,0.02332072922339042,0,131,,0.3677814205487569,4.740874242968857,1,0.01159754954278469,1,0.008807391859591007,1,0.04955724626779556,,,,,,,,,,,,,,,,,,,,,,,,,,,
1317,"no_changes,all_inverse_edges,universal_edges",3951,3951,3,0.021650871261954308,0,131,,0.3677814205487569,4.7365983228664845,1,0.010369877330958843,1,0.007412898354232311,1,0.04716983810067177,,,,,,,,,,,,,,,,,,,,,,,,,,,
1318,"no_changes,all_inverse_edges,universal_edges",3954,3954,3,0.1186635394891103,0,131,,0.3677814205487569,4.740035773953423,1,0.3032873272895813,1,0.006527692079544067,1,0.046175599098205566,,,,,,,,,,,,,,,,,,,,,,,,,,,
1319,"universal_edges,no_changes,all_inverse_edges",3957,3957,3,0.02059420896694064,0,131,,0.3677814205487569,4.744729811092839,1,0.009773151949048042,1,0.007795691955834627,1,0.044213782995939255,,,,,,,,,,,,,,,,,,,,,,,,,,,
1320,"no_changes,all_inverse_edges,universal_edges",3960,3960,3,0.022980440718432266,1,132,0.3542663554350535,0.3677814205487569,20.815402487060055,1,0.008673874661326408,1,0.007074109278619289,1,0.053193338215351105,0.24091312289237976,0.3558221757411957,0.30866842452208304,0.38348714568226766,0.43342122610415296,0.9887872090167642,0.9322182437650559,0.7492814765985498,0.8152489648765506,0.25314950942993164,0.3698488175868988,0.32531311799604484,0.3917270929466051,0.4464403427818062,0.9892783745007562,0.9476691058211708,0.752600527356625,0.8219450700952567,0.23958121240139008,0.33712807297706604,0.28328938694792355,0.36354647330257084,0.43210283454185894,0.9892202101671255,0.936865869145277,0.7587079762689519,0.8240896927960459
1321,"all_inverse_edges,universal_edges,no_changes",3963,3963,3,0.020765801736464102,0,132,,0.3677814205487569,4.8019846400711685,1,0.008385553024709225,1,0.006333521101623774,1,0.04757833108305931,,,,,,,,,,,,,,,,,,,,,,,,,,,
1322,"all_inverse_edges,universal_edges,no_changes",3966,3966,3,0.11943614607055981,0,132,,0.3677814205487569,4.731627305969596,1,0.3024614453315735,1,0.006365686655044556,1,0.04948130622506142,,,,,,,,,,,,,,,,,,,,,,,,,,,
1323,"universal_edges,all_inverse_edges,no_changes",3969,3969,3,0.020216948818415403,0,132,,0.3677814205487569,4.724289963021874,1,0.008687451481819153,1,0.006538996938616037,1,0.04542439803481102,,,,,,,,,,,,,,,,,,,,,,,,,,,
1324,"no_changes,all_inverse_edges,universal_edges",3972,3972,3,0.022651339725901682,0,132,,0.3677814205487569,4.721936802845448,1,0.009292583912611008,1,0.005967606324702501,1,0.05269382894039154,,,,,,,,,,,,,,,,,,,,,,,,,,,
1325,"universal_edges,all_inverse_edges,no_changes",3975,3975,3,0.019450364789615076,0,132,,0.3677814205487569,4.718820811016485,1,0.009181369096040726,1,0.006528007332235575,1,0.042641717940568924,,,,,,,,,,,,,,,,,,,,,,,,,,,
1326,"no_changes,universal_edges,all_inverse_edges",3978,3978,3,0.09319319544980924,0,132,,0.3677814205487569,4.7397902209777385,1,0.007898270152509212,1,0.10808924585580826,1,0.16359207034111023,,,,,,,,,,,,,,,,,,,,,,,,,,,
1327,"no_changes,universal_edges,all_inverse_edges",3981,3981,3,0.025555014920731384,0,132,,0.3677814205487569,4.725011538947001,1,0.007961018942296505,1,0.009294865652918816,1,0.059409160166978836,,,,,,,,,,,,,,,,,,,,,,,,,,,
1328,"all_inverse_edges,universal_edges,no_changes",3984,3984,3,0.05225845923026403,0,132,,0.3677814205487569,4.725474547129124,1,0.008108898997306824,1,0.10208316147327423,1,0.04658331722021103,,,,,,,,,,,,,,,,,,,,,,,,,,,
1329,"universal_edges,no_changes,all_inverse_edges",3987,3987,3,0.14515295376380286,0,132,,0.3677814205487569,4.727943700039759,1,0.2942022979259491,1,0.09899546951055527,1,0.042261093854904175,,,,,,,,,,,,,,,,,,,,,,,,,,,
1330,"no_changes,universal_edges,all_inverse_edges",3990,3990,3,0.11650687083601952,1,133,0.3596205512682597,0.3677814205487569,20.672603075858206,1,0.2887159287929535,1,0.007702019065618515,1,0.05310266464948654,0.24343560636043549,0.3588036894798279,0.31262359920896504,0.3829927488464074,0.43605800922874094,0.989039254462497,0.9261013578922581,0.7618457481872116,0.8235877011387216,0.25648143887519836,0.37624356150627136,0.3323994726433751,0.3948582729070534,0.4523731048121292,0.9894205539829644,0.9344726272829385,0.7665622940013184,0.8296217077314818,0.24372676014900208,0.3438144028186798,0.2910349373764008,0.3684904416611734,0.4386947923533289,0.9892460609820725,0.9236582637312154,0.7703493737640079,0.8293904391431483
1331,"universal_edges,no_changes,all_inverse_edges",3993,3993,3,0.11201250180602074,0,133,,0.3677814205487569,4.738648641854525,1,0.28555774688720703,1,0.006951276212930679,1,0.0435284823179245,,,,,,,,,,,,,,,,,,,,,,,,,,,
1332,"universal_edges,all_inverse_edges,no_changes",3996,3996,3,0.024243685882538557,0,133,,0.3677814205487569,4.725669663166627,1,0.008903251960873604,1,0.007122681010514498,1,0.05670512467622757,,,,,,,,,,,,,,,,,,,,,,,,,,,
1333,"no_changes,universal_edges,all_inverse_edges",3999,3999,3,0.05368395413582524,0,133,,0.3677814205487569,4.730739200953394,1,0.00750981317833066,1,0.09786015748977661,1,0.05568189173936844,,,,,,,,,,,,,,,,,,,,,,,,,,,
1334,"universal_edges,no_changes,all_inverse_edges",4002,4002,3,0.05451096020018061,0,133,,0.3677814205487569,4.7399441371671855,1,0.007055382709950209,1,0.007941516116261482,1,0.14853598177433014,,,,,,,,,,,,,,,,,,,,,,,,,,,
1335,"universal_edges,no_changes,all_inverse_edges",4005,4005,3,0.1126641941567262,0,133,,0.3677814205487569,4.719926621997729,1,0.28178733587265015,1,0.008220132440328598,1,0.04798511415719986,,,,,,,,,,,,,,,,,,,,,,,,,,,
1336,"all_inverse_edges,universal_edges,no_changes",4008,4008,3,0.02167774410918355,0,133,,0.3677814205487569,4.720038146013394,1,0.007788054179400206,1,0.008205199614167213,1,0.04903997853398323,,,,,,,,,,,,,,,,,,,,,,,,,,,
1337,"all_inverse_edges,universal_edges,no_changes",4011,4011,3,0.051001670925567545,0,133,,0.3677814205487569,4.725243078079075,1,0.007193926256150007,1,0.0066497232764959335,1,0.1391613632440567,,,,,,,,,,,,,,,,,,,,,,,,,,,
1338,"no_changes,all_inverse_edges,universal_edges",4014,4014,3,0.11259263412406047,0,133,,0.3677814205487569,4.725200005108491,1,0.281205415725708,1,0.006985669024288654,1,0.04958681762218475,,,,,,,,,,,,,,,,,,,,,,,,,,,
1339,"no_changes,all_inverse_edges,universal_edges",4017,4017,3,0.01986514839033286,0,133,,0.3677814205487569,4.72747211297974,1,0.007335435599088669,1,0.008288698270916939,1,0.043971311300992966,,,,,,,,,,,,,,,,,,,,,,,,,,,
1340,"no_changes,universal_edges,all_inverse_edges",4020,4020,3,0.04739274193222324,1,134,0.36355780561765033,0.3677814205487569,20.640327129978687,1,0.006876479368656874,1,0.09601225703954697,1,0.03928948938846588,0.2450106143951416,0.3626069128513336,0.31740276862228084,0.38843111404087016,0.43951878707976266,0.9890844933886541,0.9493808069728238,0.7458800263678312,0.8167419471060984,0.25864318013191223,0.37998372316360474,0.33717864205669085,0.39831905075807517,0.4545154911008569,0.9893494642418602,0.9540480077526239,0.7503757415952538,0.8216783017263712,0.2461838275194168,0.3480827808380127,0.2959789057350033,0.3726104152933421,0.44232036914963746,0.9893559269455969,0.9513757628674142,0.7523170731707317,0.82264245642123
1341,"all_inverse_edges,universal_edges,no_changes",4023,4023,3,0.018107188244660694,0,134,,0.3677814205487569,4.735334724187851,1,0.007821235805749893,1,0.007931172847747803,1,0.03856915608048439,,,,,,,,,,,,,,,,,,,,,,,,,,,
1342,"no_changes,all_inverse_edges,universal_edges",4026,4026,3,0.0493952453446885,0,134,,0.3677814205487569,4.719200575025752,1,0.006805314216762781,1,0.09172292798757553,1,0.04965749382972717,,,,,,,,,,,,,,,,,,,,,,,,,,,
1343,"universal_edges,all_inverse_edges,no_changes",4029,4029,3,0.11053431856756409,0,134,,0.3677814205487569,4.7205484609585255,1,0.2842000722885132,1,0.006341534201055765,1,0.04106134921312332,,,,,,,,,,,,,,,,,,,,,,,,,,,
1344,"universal_edges,no_changes,all_inverse_edges",4032,4032,3,0.11171729971344273,0,134,,0.3677814205487569,4.723346394021064,1,0.2826826870441437,1,0.007102958392351866,1,0.045366253703832626,,,,,,,,,,,,,,,,,,,,,,,,,,,
1345,"universal_edges,all_inverse_edges,no_changes",4035,4035,3,0.11193355110784371,0,134,,0.3677814205487569,4.7314477590844035,1,0.2834630310535431,1,0.005967507138848305,1,0.046370115131139755,,,,,,,,,,,,,,,,,,,,,,,,,,,
1346,"all_inverse_edges,no_changes,universal_edges",4038,4038,3,0.04989120364189148,0,134,,0.3677814205487569,4.72520304704085,1,0.007163487374782562,1,0.09088969230651855,1,0.05162043124437332,,,,,,,,,,,,,,,,,,,,,,,,,,,
1347,"no_changes,universal_edges,all_inverse_edges",4041,4041,3,0.019866475525001686,0,134,,0.3677814205487569,4.728348086122423,1,0.008076291531324387,1,0.006483444012701511,1,0.045039691030979156,,,,,,,,,,,,,,,,,,,,,,,,,,,
1348,"all_inverse_edges,universal_edges,no_changes",4044,4044,3,0.10981169808655977,0,134,,0.3677814205487569,4.727793440921232,1,0.2788122892379761,1,0.005648999474942684,1,0.04497380554676056,,,,,,,,,,,,,,,,,,,,,,,,,,,
1349,"all_inverse_edges,universal_edges,no_changes",4047,4047,3,0.051634799068172775,0,134,,0.3677814205487569,4.729925249936059,1,0.007836174219846725,1,0.006014114245772362,1,0.14105410873889923,,,,,,,,,,,,,,,,,,,,,,,,,,,
1350,"no_changes,all_inverse_edges,universal_edges",4050,4050,3,0.021651556715369225,1,135,0.36534349123636883,0.3677814205487569,20.68849431606941,1,0.006920389831066132,1,0.008102169260382652,1,0.04993211105465889,0.24404245615005493,0.3636038601398468,0.3211931443638761,0.3843111404087014,0.43737640079103496,0.9882184910879316,0.9131054032788518,0.747214897824654,0.8084866754633003,0.2608678936958313,0.3827110230922699,0.34146341463414637,0.40128543177323667,0.4546802900461437,0.9888970749802888,0.9326719324322733,0.7522445616348055,0.8177737980898157,0.24724429845809937,0.34971559047698975,0.2976268951878708,0.3739288068556361,0.4434739617666447,0.9887419700906072,0.9232171356793919,0.7550725115359262,0.8174789837167684
1351,"universal_edges,all_inverse_edges,no_changes",4053,4053,3,0.018696327072878677,0,135,,0.3677814205487569,4.73713689413853,1,0.009283452294766903,1,0.006975023075938225,1,0.03983050584793091,,,,,,,,,,,,,,,,,,,,,,,,,,,
1352,"universal_edges,all_inverse_edges,no_changes",4056,4056,3,0.01995277451351285,0,135,,0.3677814205487569,4.732368311844766,1,0.006650411989539862,1,0.005989588797092438,1,0.04721832275390625,,,,,,,,,,,,,,,,,,,,,,,,,,,
1353,"all_inverse_edges,universal_edges,no_changes",4059,4059,3,0.02365351313104232,0,135,,0.3677814205487569,4.733609626069665,1,0.007305561564862728,1,0.005376100540161133,1,0.058278877288103104,,,,,,,,,,,,,,,,,,,,,,,,,,,
1354,"all_inverse_edges,no_changes,universal_edges",4062,4062,3,0.023602169007062912,0,135,,0.3677814205487569,4.721407110104337,1,0.006392032373696566,1,0.006401348393410444,1,0.058013126254081726,,,,,,,,,,,,,,,,,,,,,,,,,,,
1355,"all_inverse_edges,universal_edges,no_changes",4065,4065,3,0.11323674023151398,0,135,,0.3677814205487569,4.71086022304371,1,0.28435951471328735,1,0.006837982684373856,1,0.04851272329688072,,,,,,,,,,,,,,,,,,,,,,,,,,,
1356,"all_inverse_edges,universal_edges,no_changes",4068,4068,3,0.11149095899115007,0,135,,0.3677814205487569,4.7193541480228305,1,0.28024056553840637,1,0.007002783007919788,1,0.04722952842712402,,,,,,,,,,,,,,,,,,,,,,,,,,,
1357,"no_changes,universal_edges,all_inverse_edges",4071,4071,3,0.05083225931351384,0,135,,0.3677814205487569,4.72585788089782,1,0.007366218138486147,1,0.006106644868850708,1,0.13902391493320465,,,,,,,,,,,,,,,,,,,,,,,,,,,
1358,"no_changes,universal_edges,all_inverse_edges",4074,4074,3,0.021634746808558702,0,135,,0.3677814205487569,4.715201798826456,1,0.007181817665696144,1,0.005676835309714079,1,0.052045587450265884,,,,,,,,,,,,,,,,,,,,,,,,,,,
1359,"universal_edges,no_changes,all_inverse_edges",4077,4077,3,0.10954749460021655,0,135,,0.3677814205487569,4.708291471935809,1,0.28157931566238403,1,0.005697846412658691,1,0.04136532172560692,,,,,,,,,,,,,,,,,,,,,,,,,,,
1360,"universal_edges,no_changes,all_inverse_edges",4080,4080,3,0.047911549297471843,1,136,0.3646635214487712,0.3677814205487569,20.428559917025268,1,0.007758310995995998,1,0.09338963031768799,1,0.04258670657873154,0.2424604296684265,0.36359137296676636,0.32053394858272904,0.3857943309162821,0.4382003955174687,0.988767820905554,0.9323127787055474,0.7486255767963085,0.8147383121653315,0.25799304246902466,0.3810500502586365,0.33882663150955833,0.39831905075807517,0.4559986816084377,0.9890909560923908,0.9391776239907728,0.7531509558338827,0.8202166395376242,0.2455328404903412,0.34934914112091064,0.2984508899143046,0.3729400131839156,0.4401779828609097,0.9889746274251295,0.9292358952105242,0.7572907053394858,0.8208873559867291
1361,"all_inverse_edges,universal_edges,no_changes",4083,4083,3,0.14118423561255136,0,136,,0.3677814205487569,4.7120623011142015,1,0.2803060710430145,1,0.08993705362081528,1,0.05330958217382431,,,,,,,,,,,,,,,,,,,,,,,,,,,
1362,"no_changes,all_inverse_edges,universal_edges",4086,4086,3,0.11364759660015504,0,136,,0.3677814205487569,4.719385810894892,1,0.2795531749725342,1,0.008196384645998478,1,0.05319323018193245,,,,,,,,,,,,,,,,,,,,,,,,,,,
1363,"universal_edges,all_inverse_edges,no_changes",4089,4089,3,0.02169895110030969,0,136,,0.3677814205487569,4.699446324957535,1,0.008031832985579967,1,0.008288870565593243,1,0.04877614974975586,,,,,,,,,,,,,,,,,,,,,,,,,,,
1364,"universal_edges,no_changes,all_inverse_edges",4092,4092,3,0.022278721444308758,0,136,,0.3677814205487569,4.714809898054227,1,0.00823727622628212,1,0.008525473065674305,1,0.05007341504096985,,,,,,,,,,,,,,,,,,,,,,,,,,,
1365,"no_changes,all_inverse_edges,universal_edges",4095,4095,3,0.028530448209494352,0,136,,0.3677814205487569,4.709089217940345,1,0.00953576248139143,1,0.007124978583306074,1,0.06893060356378555,,,,,,,,,,,,,,,,,,,,,,,,,,,
1366,"universal_edges,no_changes,all_inverse_edges",4098,4098,3,0.024207718515147764,0,136,,0.3677814205487569,4.703691224101931,1,0.006505882833153009,1,0.013511189259588718,1,0.05260608345270157,,,,,,,,,,,,,,,,,,,,,,,,,,,
1367,"no_changes,universal_edges,all_inverse_edges",4101,4101,3,0.02728043341388305,0,136,,0.3677814205487569,4.701832646969706,1,0.007030542008578777,1,0.007630102336406708,1,0.06718065589666367,,,,,,,,,,,,,,,,,,,,,,,,,,,
1368,"all_inverse_edges,no_changes,universal_edges",4104,4104,3,0.03340198782583078,0,136,,0.3677814205487569,4.707915636012331,1,0.006863683462142944,1,0.00609990768134594,1,0.08724237233400345,,,,,,,,,,,,,,,,,,,,,,,,,,,
1369,"all_inverse_edges,universal_edges,no_changes",4107,4107,3,0.027441776047150295,0,136,,0.3677814205487569,4.691912394948304,1,0.006280458997935057,1,0.007289741653949022,1,0.0687551274895668,,,,,,,,,,,,,,,,,,,,,,,,,,,
1370,"no_changes,universal_edges,all_inverse_edges",4110,4110,3,0.021360457874834538,1,137,0.3667047123114268,0.3677814205487569,20.389521406963468,1,0.005657607689499855,1,0.00900429580360651,1,0.04941947013139725,0.24595512449741364,0.3681454062461853,0.3274555042847726,0.38843111404087016,0.43902439024390244,0.9888130598317112,0.9490569378637937,0.7383124588002636,0.8101873679685365,0.2594442069530487,0.3820701539516449,0.3419578114700066,0.3984838497033619,0.45286750164798945,0.9891555831297582,0.9599826260171391,0.7412326961107449,0.8152522374166336,0.24531856179237366,0.3498985767364502,0.3005932762030323,0.37079762689518786,0.4372116018457482,0.989110344203601,0.9504885733923953,0.7458932102834542,0.8170219251635162
1371,"all_inverse_edges,no_changes,universal_edges",4113,4113,3,0.08539492171257734,0,137,,0.3677814205487569,4.714579273015261,1,0.006517396308481693,1,0.0954829677939415,1,0.15418440103530884,,,,,,,,,,,,,,,,,,,,,,,,,,,
1372,"no_changes,universal_edges,all_inverse_edges",4116,4116,3,0.022810707955310743,0,137,,0.3677814205487569,4.699592879973352,1,0.006117661949247122,1,0.00887807086110115,1,0.053436391055583954,,,,,,,,,,,,,,,,,,,,,,,,,,,
1373,"all_inverse_edges,universal_edges,no_changes",4119,4119,3,0.020827083382755518,0,137,,0.3677814205487569,4.698419963940978,1,0.006338257342576981,1,0.007513056974858046,1,0.04862993583083153,,,,,,,,,,,,,,,,,,,,,,,,,,,
1374,"all_inverse_edges,universal_edges,no_changes",4122,4122,3,0.022656323698659737,0,137,,0.3677814205487569,4.72061315109022,1,0.007144455332309008,1,0.006915769074112177,1,0.05390874668955803,,,,,,,,,,,,,,,,,,,,,,,,,,,
1375,"universal_edges,all_inverse_edges,no_changes",4125,4125,3,0.020510397851467133,0,137,,0.3677814205487569,4.707518732873723,1,0.006120559759438038,1,0.008158239535987377,1,0.04725239425897598,,,,,,,,,,,,,,,,,,,,,,,,,,,
1376,"all_inverse_edges,no_changes,universal_edges",4128,4128,3,0.02046861406415701,0,137,,0.3677814205487569,4.7015135490801185,1,0.005231843329966068,1,0.007022842764854431,1,0.04915115609765053,,,,,,,,,,,,,,,,,,,,,,,,,,,
1377,"universal_edges,all_inverse_edges,no_changes",4131,4131,3,0.01750407802561919,0,137,,0.3677814205487569,4.702145304065198,1,0.0057508088648319244,1,0.007972320541739464,1,0.03878910467028618,,,,,,,,,,,,,,,,,,,,,,,,,,,
1378,"no_changes,universal_edges,all_inverse_edges",4134,4134,3,0.05208181822672486,0,137,,0.3677814205487569,4.706518535036594,1,0.00526501564309001,1,0.09172561019659042,1,0.059254828840494156,,,,,,,,,,,,,,,,,,,,,,,,,,,
1379,"universal_edges,no_changes,all_inverse_edges",4137,4137,3,0.019044064140568178,0,137,,0.3677814205487569,4.694464873988181,1,0.005153207574039698,1,0.005942611023783684,1,0.04603637382388115,,,,,,,,,,,,,,,,,,,,,,,,,,,
1380,"universal_edges,no_changes,all_inverse_edges",4140,4140,3,0.019869474849353235,1,138,0.3687651753425598,0.3687651753425598,20.5176229509525,1,0.005782495252788067,1,0.006071276497095823,1,0.04775465279817581,0.24641121923923492,0.3686850965023041,0.32580751483190507,0.3922214897824654,0.4411667765326302,0.9893688523530705,0.9600128348745609,0.7471555702043506,0.8203819096968998,0.2610616087913513,0.384644091129303,0.34360580092287407,0.4014502307185234,0.4563282794990112,0.9896661367249603,0.9613876295437208,0.7545748187211602,0.8270166425393057,0.24846968054771423,0.3529663383960724,0.30174686882003954,0.3759063941990771,0.4451219512195122,0.9895562707614357,0.9480609396633144,0.7603328938694792,0.8283811300773429
1381,"all_inverse_edges,universal_edges,no_changes",4143,4143,3,0.021089879019806784,0,138,,0.3687651753425598,4.713834882946685,1,0.0060652573592960835,1,0.00502708088606596,1,0.052177298814058304,,,,,,,,,,,,,,,,,,,,,,,,,,,
1382,"all_inverse_edges,universal_edges,no_changes",4146,4146,3,0.01910995940367381,0,138,,0.3687651753425598,4.703786141006276,1,0.005770848598331213,1,0.006203396711498499,1,0.04535563290119171,,,,,,,,,,,,,,,,,,,,,,,,,,,
1383,"no_changes,all_inverse_edges,universal_edges",4149,4149,3,0.020104770238200825,0,138,,0.3687651753425598,4.690872122067958,1,0.005475005134940147,1,0.007884994149208069,1,0.046954311430454254,,,,,,,,,,,,,,,,,,,,,,,,,,,
1384,"universal_edges,all_inverse_edges,no_changes",4152,4152,3,0.11120108654722571,0,138,,0.3687651753425598,4.703062662854791,1,0.2870274484157562,1,0.005682673770934343,1,0.04089313745498657,,,,,,,,,,,,,,,,,,,,,,,,,,,
1385,"universal_edges,no_changes,all_inverse_edges",4155,4155,3,0.10882760227347414,0,138,,0.3687651753425598,4.709820359013975,1,0.27834510803222656,1,0.005550202447921038,1,0.04258749634027481,,,,,,,,,,,,,,,,,,,,,,,,,,,
1386,"universal_edges,all_inverse_edges,no_changes",4158,4158,3,0.01806792803108692,0,138,,0.3687651753425598,4.711449116002768,1,0.008121170103549957,1,0.006411543115973473,1,0.039671070873737335,,,,,,,,,,,,,,,,,,,,,,,,,,,
1387,"no_changes,universal_edges,all_inverse_edges",4161,4161,3,0.05193986836820841,0,138,,0.3687651753425598,4.709375187987462,1,0.007319052703678608,1,0.006352579221129417,1,0.1421479731798172,,,,,,,,,,,,,,,,,,,,,,,,,,,
1388,"no_changes,universal_edges,all_inverse_edges",4164,4164,3,0.04653461386139194,0,138,,0.3687651753425598,4.703755142167211,1,0.006206709425896406,1,0.09078266471624374,1,0.042614467442035675,,,,,,,,,,,,,,,,,,,,,,,,,,,
1389,"universal_edges,no_changes,all_inverse_edges",4167,4167,3,0.016674723010510206,0,138,,0.3687651753425598,4.700503449887037,1,0.007889172062277794,1,0.005634211469441652,1,0.03650078549981117,,,,,,,,,,,,,,,,,,,,,,,,,,,
1390,"all_inverse_edges,universal_edges,no_changes",4170,4170,3,0.10964538141464193,1,139,0.3699413537979126,0.3699413537979126,20.491021156078205,1,0.2792074680328369,1,0.006358749698847532,1,0.043369926512241364,0.24704743921756744,0.3706400692462921,0.3309162821357943,0.3909030982201714,0.44034278180619646,0.9889746274251295,0.9565573046397307,0.738233355306526,0.8118478555962232,0.2622244954109192,0.3860124945640564,0.3465721819380356,0.40029663810151617,0.45583388266315095,0.9893365388343868,0.9593618169581988,0.746654581410679,0.8197977876054727,0.24802055954933167,0.3531714975833893,0.3035596572181938,0.37771918259723136,0.4428147659854977,0.9891943593521786,0.9472608543153813,0.7504581410678972,0.8200630416873433
1391,"all_inverse_edges,universal_edges,no_changes",4173,4173,3,0.01819180216019352,0,139,,0.3699413537979126,4.705965162022039,1,0.00604647072032094,1,0.004555247724056244,1,0.043973688036203384,,,,,,,,,,,,,,,,,,,,,,,,,,,
1392,"all_inverse_edges,no_changes,universal_edges",4176,4176,3,0.0199087830260396,0,139,,0.3699413537979126,4.815815734909847,1,0.007271806709468365,1,0.004912085831165314,1,0.04754245653748512,,,,,,,,,,,,,,,,,,,,,,,,,,,
1393,"all_inverse_edges,no_changes,universal_edges",4179,4179,3,0.017511810641735792,0,139,,0.3699413537979126,4.705516017973423,1,0.006931334733963013,1,0.004387075547128916,1,0.04121702164411545,,,,,,,,,,,,,,,,,,,,,,,,,,,
1394,"no_changes,all_inverse_edges,universal_edges",4182,4182,3,0.049610214618345104,0,139,,0.3699413537979126,4.697052018018439,1,0.007485732901841402,1,0.005543118808418512,1,0.1358017921447754,,,,,,,,,,,,,,,,,,,,,,,,,,,
1395,"no_changes,universal_edges,all_inverse_edges",4185,4185,3,0.04531080244729916,0,139,,0.3699413537979126,4.714324505999684,1,0.0058771600015461445,1,0.004473669920116663,1,0.12558157742023468,,,,,,,,,,,,,,,,,,,,,,,,,,,
1396,"no_changes,all_inverse_edges,universal_edges",4188,4188,3,0.10929242909575503,0,139,,0.3699413537979126,4.696723944973201,1,0.2824246287345886,1,0.004613060969859362,1,0.04083959758281708,,,,,,,,,,,,,,,,,,,,,,,,,,,
1397,"no_changes,all_inverse_edges,universal_edges",4191,4191,3,0.016064682820190985,0,139,,0.3699413537979126,4.700250982074067,1,0.0048740520142018795,1,0.005034290254116058,1,0.03828570619225502,,,,,,,,,,,,,,,,,,,,,,,,,,,
1398,"no_changes,all_inverse_edges,universal_edges",4194,4194,3,0.01720007338250677,0,139,,0.3699413537979126,4.701042388100177,1,0.006994636729359627,1,0.004746951628476381,1,0.039858631789684296,,,,,,,,,,,,,,,,,,,,,,,,,,,
1399,"no_changes,universal_edges,all_inverse_edges",4197,4197,3,0.015368906004975239,0,139,,0.3699413537979126,4.706287665991113,1,0.006057189777493477,1,0.0047371662221848965,1,0.035312362015247345,,,,,,,,,,,,,,,,,,,,,,,,,,,
1400,"no_changes,universal_edges,all_inverse_edges",4200,4200,3,0.044429905246943235,1,140,0.37029053767522174,0.37029053767522174,20.49408376007341,1,0.005664117634296417,1,0.004895030055195093,1,0.1227305680513382,0.24911907315254211,0.3720335364341736,0.3315754779169413,0.3918918918918919,0.4424851680949242,0.9891814339447051,0.9622597511716167,0.7405998681608438,0.8152188998389819,0.2629150450229645,0.3863928020000458,0.3472313777191826,0.40062623599208963,0.45814106789716547,0.9893365388343868,0.9655772801658171,0.7429400131839157,0.8180240103949403,0.2493056356906891,0.3524452745914459,0.3009228740936058,0.37870797626895186,0.4467699406723797,0.9892654490932826,0.9562180005496336,0.7466183256427159,0.8190182061950455
1401,"universal_edges,no_changes,all_inverse_edges",4203,4203,3,0.014552622257421413,0,140,,0.37029053767522174,4.707322532078251,1,0.005202717147767544,1,0.004550623241811991,1,0.03390452638268471,,,,,,,,,,,,,,,,,,,,,,,,,,,
1402,"all_inverse_edges,universal_edges,no_changes",4206,4206,3,0.015437128953635693,0,140,,0.37029053767522174,4.699215146014467,1,0.005367097444832325,1,0.004747401922941208,1,0.036196887493133545,,,,,,,,,,,,,,,,,,,,,,,,,,,
1403,"no_changes,universal_edges,all_inverse_edges",4209,4209,3,0.015725893744577963,0,140,,0.37029053767522174,4.707193891052157,1,0.004704310093075037,1,0.004113423638045788,1,0.03835994750261307,,,,,,,,,,,,,,,,,,,,,,,,,,,
1404,"all_inverse_edges,universal_edges,no_changes",4212,4212,3,0.015118769525239864,0,140,,0.37029053767522174,4.7081773658283055,1,0.005041372962296009,1,0.004632451105862856,1,0.03568248450756073,,,,,,,,,,,,,,,,,,,,,,,,,,,
1405,"all_inverse_edges,universal_edges,no_changes",4215,4215,3,0.015334224328398705,0,140,,0.37029053767522174,4.6994234980084,1,0.005115044303238392,1,0.0048668356612324715,1,0.03602079302072525,,,,,,,,,,,,,,,,,,,,,,,,,,,
1406,"universal_edges,no_changes,all_inverse_edges",4218,4218,3,0.10876732754210632,0,140,,0.37029053767522174,4.693556968122721,1,0.28817829489707947,1,0.004350213333964348,1,0.033773474395275116,,,,,,,,,,,,,,,,,,,,,,,,,,,
1407,"universal_edges,all_inverse_edges,no_changes",4221,4221,3,0.016381113479534786,0,140,,0.37029053767522174,4.702305285027251,1,0.008713177405297756,1,0.00532397348433733,1,0.03510618954896927,,,,,,,,,,,,,,,,,,,,,,,,,,,
1408,"no_changes,all_inverse_edges,universal_edges",4224,4224,3,0.019517131770650547,0,140,,0.37029053767522174,4.701288461918011,1,0.007617371156811714,1,0.005002763122320175,1,0.04593126103281975,,,,,,,,,,,,,,,,,,,,,,,,,,,
1409,"all_inverse_edges,universal_edges,no_changes",4227,4227,3,0.01872369833290577,0,140,,0.37029053767522174,4.704587195068598,1,0.007690989412367344,1,0.005784639157354832,1,0.04269546642899513,,,,,,,,,,,,,,,,,,,,,,,,,,,
1410,"no_changes,all_inverse_edges,universal_edges",4230,4230,3,0.022912683431059122,1,141,0.36785708864529926,0.37029053767522174,20.374617388937622,1,0.006592228543013334,1,0.005490060895681381,1,0.05665576085448265,0.24390900135040283,0.3666894733905792,0.32481872116018456,0.38843111404087016,0.43506921555702044,0.9876303850478886,0.8954877240248874,0.7443309162821358,0.8013123404537648,0.26008814573287964,0.3849172592163086,0.34360580092287407,0.40227422544495717,0.4569874752801582,0.9881538640505642,0.9040755848648021,0.7534805537244562,0.8108236211643449,0.2451886683702469,0.35196453332901,0.2999340804218853,0.3773895847066579,0.4436387607119314,0.9880246099758295,0.8953231587607777,0.758098220171391,0.8116940298645234
1411,"universal_edges,no_changes,all_inverse_edges",4233,4233,3,0.02058081841096282,0,141,,0.37029053767522174,4.701037077000365,1,0.012099969200789928,1,0.006726486142724752,1,0.04291599988937378,,,,,,,,,,,,,,,,,,,,,,,,,,,
1412,"no_changes,all_inverse_edges,universal_edges",4236,4236,3,0.03911666634182135,0,141,,0.37029053767522174,4.717927494086325,1,0.007389840204268694,1,0.004656148608773947,1,0.10530401021242142,,,,,,,,,,,,,,,,,,,,,,,,,,,
1413,"universal_edges,all_inverse_edges,no_changes",4239,4239,3,0.05223872559145093,0,141,,0.37029053767522174,4.69507645489648,1,0.008301325142383575,1,0.007710413541644812,1,0.1407044380903244,,,,,,,,,,,,,,,,,,,,,,,,,,,
1414,"universal_edges,all_inverse_edges,no_changes",4242,4242,3,0.05872722435742617,0,141,,0.37029053767522174,4.698705348884687,1,0.014474146999418736,1,0.007603412494063377,1,0.1541041135787964,,,,,,,,,,,,,,,,,,,,,,,,,,,
1415,"no_changes,all_inverse_edges,universal_edges",4245,4245,3,0.05949534879376491,0,141,,0.37029053767522174,4.695747975027189,1,0.013165174052119255,1,0.008174522779881954,1,0.15714634954929352,,,,,,,,,,,,,,,,,,,,,,,,,,,
1416,"no_changes,universal_edges,all_inverse_edges",4248,4248,3,0.1568526327610016,0,141,,0.37029053767522174,4.702133927959949,1,0.2906734347343445,1,0.09387651085853577,1,0.08600795269012451,,,,,,,,,,,,,,,,,,,,,,,,,,,
1417,"universal_edges,no_changes,all_inverse_edges",4251,4251,3,0.17096489916245142,0,141,,0.37029053767522174,4.698163050925359,1,0.279235303401947,1,0.09339376538991928,1,0.14026562869548798,,,,,,,,,,,,,,,,,,,,,,,,,,,
1418,"universal_edges,no_changes,all_inverse_edges",4254,4254,3,0.023943537070105474,0,141,,0.37029053767522174,4.692774157971144,1,0.0064334021881222725,1,0.006521372590214014,1,0.05887583643198013,,,,,,,,,,,,,,,,,,,,,,,,,,,
1419,"all_inverse_edges,no_changes,universal_edges",4257,4257,3,0.02584724221378565,0,141,,0.37029053767522174,4.69217470404692,1,0.005707820877432823,1,0.006324750371277332,1,0.06550915539264679,,,,,,,,,,,,,,,,,,,,,,,,,,,
1420,"all_inverse_edges,no_changes,universal_edges",4260,4260,3,0.05149228467295567,1,142,0.36647136012713116,0.37029053767522174,20.376881195930764,1,0.005765519104897976,1,0.09744209796190262,1,0.05126923695206642,0.2471970170736313,0.36783599853515625,0.3256427158866183,0.3909030982201714,0.4386947923533289,0.9890715679811806,0.9495646986440033,0.7453889255108768,0.8163703711878374,0.263528048992157,0.3843848407268524,0.34360580092287407,0.4011206328279499,0.4559986816084377,0.9893882404642806,0.9529819987663843,0.7521720500988793,0.8229220497252152,0.24682794511318207,0.34719324111938477,0.29416611733684905,0.3701384311140409,0.4428147659854977,0.9892912999082296,0.9376824010194775,0.760197758734344,0.82549939202969
1421,"no_changes,universal_edges,all_inverse_edges",4263,4263,3,0.03144731232896447,0,142,,0.37029053767522174,4.709928099997342,1,0.0055911424569785595,1,0.03565441817045212,1,0.05309637635946274,,,,,,,,,,,,,,,,,,,,,,,,,,,
1422,"all_inverse_edges,no_changes,universal_edges",4266,4266,3,0.027010031199703615,0,142,,0.37029053767522174,4.692886709002778,1,0.006863613147288561,1,0.018541067838668823,1,0.05562541261315346,,,,,,,,,,,,,,,,,,,,,,,,,,,
1423,"all_inverse_edges,no_changes,universal_edges",4269,4269,3,0.030179011169821024,0,142,,0.37029053767522174,4.701187383150682,1,0.006111680995672941,1,0.03185397759079933,1,0.0525713749229908,,,,,,,,,,,,,,,,,,,,,,,,,,,
1424,"no_changes,universal_edges,all_inverse_edges",4272,4272,3,0.06047304905951023,0,142,,0.37029053767522174,4.688959896098822,1,0.005724994465708733,1,0.12435048818588257,1,0.05134366452693939,,,,,,,,,,,,,,,,,,,,,,,,,,,
1425,"all_inverse_edges,no_changes,universal_edges",4275,4275,3,0.04025064641609788,0,142,,0.37029053767522174,4.698259777156636,1,0.006113640498369932,1,0.061983585357666016,1,0.05265471339225769,,,,,,,,,,,,,,,,,,,,,,,,,,,
1426,"all_inverse_edges,no_changes,universal_edges",4278,4278,3,0.03198866778984666,0,142,,0.37029053767522174,4.6914603288751096,1,0.005935705732554197,1,0.043432965874671936,1,0.04659733176231384,,,,,,,,,,,,,,,,,,,,,,,,,,,
1427,"all_inverse_edges,universal_edges,no_changes",4281,4281,3,0.022989912734677393,0,142,,0.37029053767522174,4.690513690002263,1,0.006954072508960962,1,0.022672919556498528,1,0.03934274613857269,,,,,,,,,,,,,,,,,,,,,,,,,,,
1428,"universal_edges,all_inverse_edges,no_changes",4284,4284,3,0.04702846690391501,0,142,,0.37029053767522174,4.688958070008084,1,0.005991409998387098,1,0.09985538572072983,1,0.0352386049926281,,,,,,,,,,,,,,,,,,,,,,,,,,,
1429,"all_inverse_edges,no_changes,universal_edges",4287,4287,3,0.051926206021259226,0,142,,0.37029053767522174,4.688347425777465,1,0.0069279721938073635,1,0.007859673351049423,1,0.1409909725189209,,,,,,,,,,,,,,,,,,,,,,,,,,,
1430,"all_inverse_edges,no_changes,universal_edges",4290,4290,3,0.018074997855971258,1,143,0.3698982199033101,0.37029053767522174,20.302805308019742,1,0.0056679691188037395,1,0.007401611655950546,1,0.041155412793159485,0.2459006905555725,0.3685792088508606,0.32976268951878707,0.38612392880685564,0.4347396176664469,0.9892460609820725,0.9571704336662354,0.7454779169413316,0.8182687991366706,0.2582656145095825,0.384191632270813,0.3472313777191826,0.39568226763348713,0.4510547132498352,0.9895045691315418,0.9600106797131174,0.7509393539881345,0.8236089051345464,0.249049112200737,0.35692381858825684,0.3103164139749506,0.3780487804878049,0.44100197758734344,0.9893882404642806,0.9384205904313621,0.7625082399472644,0.8275365413434275
1431,"no_changes,universal_edges,all_inverse_edges",4293,4293,3,0.01695220870897174,0,143,,0.37029053767522174,4.70266441302374,1,0.005784483160823584,1,0.009341706521809101,1,0.03573043644428253,,,,,,,,,,,,,,,,,,,,,,,,,,,
1432,"universal_edges,all_inverse_edges,no_changes",4296,4296,3,0.016324586234986782,0,143,,0.37029053767522174,4.704097821144387,1,0.007340077310800552,1,0.008088086731731892,1,0.0335455946624279,,,,,,,,,,,,,,,,,,,,,,,,,,,
1433,"universal_edges,all_inverse_edges,no_changes",4299,4299,3,0.04651570459827781,0,143,,0.37029053767522174,4.699222789844498,1,0.0063118175603449345,1,0.005587255582213402,1,0.12764804065227509,,,,,,,,,,,,,,,,,,,,,,,,,,,
1434,"all_inverse_edges,universal_edges,no_changes",4302,4302,3,0.01760322538514932,0,143,,0.37029053767522174,4.692138110985979,1,0.006904068402945995,1,0.007266580127179623,1,0.03863902762532234,,,,,,,,,,,,,,,,,,,,,,,,,,,
1435,"no_changes,universal_edges,all_inverse_edges",4305,4305,3,0.04500828621288141,0,143,,0.37029053767522174,4.6985753290355206,1,0.00629553385078907,1,0.09259776026010513,1,0.036131564527750015,,,,,,,,,,,,,,,,,,,,,,,,,,,
1436,"no_changes,all_inverse_edges,universal_edges",4308,4308,3,0.017403918784111738,0,143,,0.37029053767522174,4.698566443985328,1,0.005599501542747021,1,0.005384001415222883,1,0.04122825339436531,,,,,,,,,,,,,,,,,,,,,,,,,,,
1437,"all_inverse_edges,no_changes,universal_edges",4311,4311,3,0.016676670871675014,0,143,,0.37029053767522174,4.685008561937138,1,0.006093386560678482,1,0.00623560044914484,1,0.03770102560520172,,,,,,,,,,,,,,,,,,,,,,,,,,,
1438,"universal_edges,no_changes,all_inverse_edges",4314,4314,3,0.015368336190780004,0,143,,0.37029053767522174,4.699007023824379,1,0.004862447269260883,1,0.007177996449172497,1,0.03406456485390663,,,,,,,,,,,,,,,,,,,,,,,,,,,
1439,"no_changes,all_inverse_edges,universal_edges",4317,4317,3,0.04689500962073604,0,143,,0.37029053767522174,4.6959240939468145,1,0.005684036295861006,1,0.08997885882854462,1,0.045022133737802505,,,,,,,,,,,,,,,,,,,,,,,,,,,
1440,"universal_edges,no_changes,all_inverse_edges",4320,4320,3,0.10794364272927244,1,144,0.3706367313861847,0.3706367313861847,20.382089782040566,1,0.28475454449653625,1,0.0055976505391299725,1,0.03347873315215111,0.24571554362773895,0.3698914051055908,0.3305866842452208,0.3887607119314436,0.4388595912986157,0.9890198663512867,0.9508102105184353,0.7431015161502966,0.8147211012292818,0.26015958189964294,0.38676324486732483,0.34871456822676333,0.4007910349373764,0.45616348055372447,0.9892977626119663,0.9525815335239858,0.7498648648648649,0.8208878344407856,0.24821779131889343,0.3552555441856384,0.30702043506921556,0.37673038892551086,0.4428147659854977,0.9892589863895459,0.9390031397661308,0.7582432432432432,0.8242915557178531
1441,"no_changes,all_inverse_edges,universal_edges",4323,4323,3,0.032865597711255155,0,144,,0.3706367313861847,4.703481090953574,1,0.005375950131565332,1,0.005634641274809837,1,0.08758620172739029,,,,,,,,,,,,,,,,,,,,,,,,,,,
1442,"universal_edges,all_inverse_edges,no_changes",4326,4326,3,0.02342780043060581,0,144,,0.3706367313861847,4.701678798999637,1,0.005625201389193535,1,0.0052512227557599545,1,0.05940697714686394,,,,,,,,,,,,,,,,,,,,,,,,,,,
1443,"all_inverse_edges,no_changes,universal_edges",4329,4329,3,0.1457602057295541,0,144,,0.3706367313861847,4.689431007951498,1,0.2809860408306122,1,0.004710323642939329,1,0.15158425271511078,,,,,,,,,,,,,,,,,,,,,,,,,,,
1444,"no_changes,universal_edges,all_inverse_edges",4332,4332,3,0.045228843887646995,0,144,,0.3706367313861847,4.696743757929653,1,0.00569710461422801,1,0.0050622341223061085,1,0.12492719292640686,,,,,,,,,,,,,,,,,,,,,,,,,,,
1445,"all_inverse_edges,no_changes,universal_edges",4335,4335,3,0.06829285869995753,0,144,,0.3706367313861847,4.701658052159473,1,0.006155651528388262,1,0.005209665279835463,1,0.19351325929164886,,,,,,,,,,,,,,,,,,,,,,,,,,,
1446,"no_changes,all_inverse_edges,universal_edges",4338,4338,3,0.049570440625151,0,144,,0.3706367313861847,4.693436719011515,1,0.0057308669202029705,1,0.004624171648174524,1,0.1383562833070755,,,,,,,,,,,,,,,,,,,,,,,,,,,
1447,"all_inverse_edges,universal_edges,no_changes",4341,4341,3,0.03597500097627441,0,144,,0.3706367313861847,4.683650471037254,1,0.007330323103815317,1,0.0047485558316111565,1,0.09584612399339676,,,,,,,,,,,,,,,,,,,,,,,,,,,
1448,"no_changes,universal_edges,all_inverse_edges",4344,4344,3,0.11831895355135202,0,144,,0.3706367313861847,4.685930931009352,1,0.28608962893486023,1,0.005386236123740673,1,0.06348099559545517,,,,,,,,,,,,,,,,,,,,,,,,,,,
1449,"all_inverse_edges,no_changes,universal_edges",4347,4347,3,0.14621687137211362,0,144,,0.3706367313861847,4.691083115991205,1,0.28022006154060364,1,0.005434087011963129,1,0.1529964655637741,,,,,,,,,,,,,,,,,,,,,,,,,,,
1450,"universal_edges,no_changes,all_inverse_edges",4350,4350,3,0.028040023210148018,1,145,0.3685574432214101,0.3706367313861847,20.2456372869201,1,0.008220392279326916,1,0.005234727635979652,1,0.07066494971513748,0.2433377057313919,0.3672558069229126,0.32926829268292684,0.38447593935398816,0.43441001977587346,0.9888582987578683,0.9422295122714882,0.7441496374423204,0.8135329870627502,0.25822505354881287,0.3840997815132141,0.34904416611733685,0.39634146341463417,0.44990112063282794,0.9890715679811806,0.9473736030423929,0.7468424522083058,0.8170638790081088,0.24734818935394287,0.35431674122810364,0.3113052076466711,0.3711272247857614,0.43358602504943966,0.9887225819793969,0.9227025067395103,0.754901120632828,0.81720175930617
1451,"no_changes,all_inverse_edges,universal_edges",4353,4353,3,0.11746099575733145,0,145,,0.3706367313861847,4.680549358949065,1,0.2744082808494568,1,0.00452520651742816,1,0.0734494999051094,,,,,,,,,,,,,,,,,,,,,,,,,,,
1452,"universal_edges,all_inverse_edges,no_changes",4356,4356,3,0.021339913364499807,0,145,,0.3706367313861847,4.684246935881674,1,0.0061793155036866665,1,0.004488869570195675,1,0.05335155501961708,,,,,,,,,,,,,,,,,,,,,,,,,,,
1453,"universal_edges,no_changes,all_inverse_edges",4359,4359,3,0.019093663121263187,0,145,,0.3706367313861847,4.691139650065452,1,0.005743525922298431,1,0.0043167974799871445,1,0.04722066596150398,,,,,,,,,,,,,,,,,,,,,,,,,,,
1454,"universal_edges,all_inverse_edges,no_changes",4362,4362,3,0.02021479917069276,0,145,,0.3706367313861847,4.681079511065036,1,0.0071081118658185005,1,0.005026397295296192,1,0.04850988835096359,,,,,,,,,,,,,,,,,,,,,,,,,,,
1455,"all_inverse_edges,universal_edges,no_changes",4365,4365,3,0.02056199638172984,0,145,,0.3706367313861847,4.6851683128625154,1,0.006103608291596174,1,0.004477138631045818,1,0.05110524222254753,,,,,,,,,,,,,,,,,,,,,,,,,,,
1456,"no_changes,all_inverse_edges,universal_edges",4368,4368,3,0.018752395330617826,0,145,,0.3706367313861847,4.684670357964933,1,0.006505613215267658,1,0.0045155626721680164,1,0.0452360101044178,,,,,,,,,,,,,,,,,,,,,,,,,,,
1457,"all_inverse_edges,universal_edges,no_changes",4371,4371,3,0.05205138369152943,0,145,,0.3706367313861847,4.681335926055908,1,0.006570242810994387,1,0.004162239376455545,1,0.14542166888713837,,,,,,,,,,,,,,,,,,,,,,,,,,,
1458,"no_changes,all_inverse_edges,universal_edges",4374,4374,3,0.017732185466835897,0,145,,0.3706367313861847,4.683391931001097,1,0.004851025994867086,1,0.0044569652527570724,1,0.04388856515288353,,,,,,,,,,,,,,,,,,,,,,,,,,,
1459,"all_inverse_edges,no_changes,universal_edges",4377,4377,3,0.016247056424617767,0,145,,0.3706367313861847,4.6818241430446506,1,0.007419597823172808,1,0.005195602308958769,1,0.036125969141721725,,,,,,,,,,,,,,,,,,,,,,,,,,,
1460,"all_inverse_edges,no_changes,universal_edges",4380,4380,3,0.07835852711771925,1,146,0.3715149164199829,0.3715149164199829,20.27337931515649,1,0.0060828435234725475,1,0.09643115848302841,1,0.1325615793466568,0.24539987742900848,0.36974036693573,0.33174027686222807,0.3882663150955834,0.44001318391562294,0.9891749712409684,0.9535343076042315,0.7457646671061305,0.8176469374148685,0.2585103213787079,0.3868609070777893,0.3518457481872116,0.3981542518127884,0.4536914963744232,0.9893042253157031,0.9563800200818552,0.7476071193144365,0.8199003514293504,0.25016382336616516,0.35794347524642944,0.3108108108108108,0.3800263678312459,0.4408371786420567,0.9892783745007562,0.9384636930159942,0.7592221489782465,0.8249315177209285
1461,"all_inverse_edges,no_changes,universal_edges",4383,4383,3,0.016854347040255863,0,146,,0.3715149164199829,4.68265615683049,1,0.006009308621287346,1,0.005899468436837196,1,0.03865426406264305,,,,,,,,,,,,,,,,,,,,,,,,,,,
1462,"universal_edges,all_inverse_edges,no_changes",4386,4386,3,0.04516271765654286,0,146,,0.3715149164199829,4.68662471906282,1,0.006041491404175758,1,0.006219415459781885,1,0.12322724610567093,,,,,,,,,,,,,,,,,,,,,,,,,,,
1463,"no_changes,all_inverse_edges,universal_edges",4389,4389,3,0.10824156614641349,0,146,,0.3715149164199829,4.695718189002946,1,0.28197628259658813,1,0.005393525585532188,1,0.03735489025712013,,,,,,,,,,,,,,,,,,,,,,,,,,,
1464,"no_changes,universal_edges,all_inverse_edges",4392,4392,3,0.043751110012332596,0,146,,0.3715149164199829,4.679699874017388,1,0.006297911051660776,1,0.006296786945313215,1,0.1186586320400238,,,,,,,,,,,,,,,,,,,,,,,,,,,
1465,"universal_edges,no_changes,all_inverse_edges",4395,4395,3,0.043355981508890785,0,146,,0.3715149164199829,4.689890133216977,1,0.007033683359622955,1,0.08864080160856247,1,0.03439345955848694,,,,,,,,,,,,,,,,,,,,,,,,,,,
1466,"all_inverse_edges,no_changes,universal_edges",4398,4398,3,0.10770634716997544,0,146,,0.3715149164199829,4.683728778036311,1,0.27914300560951233,1,0.004953616298735142,1,0.03902241960167885,,,,,,,,,,,,,,,,,,,,,,,,,,,
1467,"universal_edges,no_changes,all_inverse_edges",4401,4401,3,0.014441776710251967,0,146,,0.3715149164199829,4.682364194886759,1,0.005569194443523884,1,0.005954405292868614,1,0.0318017303943634,,,,,,,,,,,,,,,,,,,,,,,,,,,
1468,"all_inverse_edges,no_changes,universal_edges",4404,4404,3,0.021522116536895435,0,146,,0.3715149164199829,4.684928356902674,1,0.0051572793163359165,1,0.005598812829703093,1,0.05381025746464729,,,,,,,,,,,,,,,,,,,,,,,,,,,
1469,"no_changes,all_inverse_edges,universal_edges",4407,4407,3,0.11217264893154304,0,146,,0.3715149164199829,4.6926766210235655,1,0.28247544169425964,1,0.005592426285147667,1,0.048450078815221786,,,,,,,,,,,,,,,,,,,,,,,,,,,
1470,"all_inverse_edges,no_changes,universal_edges",4410,4410,3,0.018051040979723137,1,147,0.37213529149691266,0.37213529149691266,20.26519318111241,1,0.0058377874083817005,1,0.005717829335480928,1,0.04259750619530678,0.24560795724391937,0.3713749945163727,0.3350362557679631,0.3889255108767304,0.4358932102834542,0.9888970749802888,0.9575751114366873,0.7354482531311799,0.8096279868080127,0.26019757986068726,0.3879399299621582,0.35299934080421885,0.39930784442979567,0.45220830586684246,0.989110344203601,0.9628259061663985,0.7383025708635464,0.8133248714824937,0.24932970106601715,0.35709095001220703,0.31097560975609756,0.37920237310481214,0.4391891891891892,0.9888906122765521,0.9462219191600014,0.742389584706658,0.8130147106058409
1471,"universal_edges,all_inverse_edges,no_changes",4413,4413,3,0.042515667931487165,0,147,,0.37213529149691266,4.68608090095222,1,0.005165495444089174,1,0.08544351905584335,1,0.03693798929452896,,,,,,,,,,,,,,,,,,,,,,,,,,,
1472,"universal_edges,no_changes,all_inverse_edges",4416,4416,3,0.017969049979001284,0,147,,0.37213529149691266,4.683140131877735,1,0.005659040994942188,1,0.007456623483449221,1,0.04079148545861244,,,,,,,,,,,,,,,,,,,,,,,,,,,
1473,"universal_edges,all_inverse_edges,no_changes",4419,4419,3,0.01731169767056902,0,147,,0.37213529149691266,4.687806737143546,1,0.005705179646611214,1,0.007536924909800291,1,0.03869298845529556,,,,,,,,,,,,,,,,,,,,,,,,,,,
1474,"all_inverse_edges,universal_edges,no_changes",4422,4422,3,0.017201718563834827,0,147,,0.37213529149691266,4.6779769361019135,1,0.004689387045800686,1,0.0049492595717310905,1,0.0419665090739727,,,,,,,,,,,,,,,,,,,,,,,,,,,
1475,"no_changes,universal_edges,all_inverse_edges",4425,4425,3,0.016299891285598278,0,147,,0.37213529149691266,4.68609158298932,1,0.004961471538990736,1,0.004934774246066809,1,0.03900342807173729,,,,,,,,,,,,,,,,,,,,,,,,,,,
1476,"no_changes,all_inverse_edges,universal_edges",4428,4428,3,0.10750994769235452,0,147,,0.37213529149691266,4.687010881025344,1,0.2785823941230774,1,0.005080418661236763,1,0.038867030292749405,,,,,,,,,,,,,,,,,,,,,,,,,,,
1477,"universal_edges,all_inverse_edges,no_changes",4431,4431,3,0.01515492501979073,0,147,,0.37213529149691266,4.693990156054497,1,0.00587279349565506,1,0.00628710025921464,1,0.03330488130450249,,,,,,,,,,,,,,,,,,,,,,,,,,,
1478,"all_inverse_edges,universal_edges,no_changes",4434,4434,3,0.04591517259056369,0,147,,0.37213529149691266,4.685915696900338,1,0.004082101862877607,1,0.08789993077516556,1,0.04576348513364792,,,,,,,,,,,,,,,,,,,,,,,,,,,
1479,"no_changes,universal_edges,all_inverse_edges",4437,4437,3,0.04661491047590971,0,147,,0.37213529149691266,4.68165850196965,1,0.00572273600846529,1,0.08761297911405563,1,0.046509016305208206,,,,,,,,,,,,,,,,,,,,,,,,,,,
1480,"universal_edges,all_inverse_edges,no_changes",4440,4440,3,0.017774534101287525,1,148,0.3732048471768697,0.3732048471768697,20.259945550002158,1,0.004992160014808178,1,0.005385636352002621,1,0.04294580593705177,0.2452809065580368,0.37293586134910583,0.33668424522083057,0.38859591298615687,0.4378707976268952,0.9891491204260214,0.9666413609446536,0.7371918259723138,0.8131861884078453,0.2611372768878937,0.3897184431552887,0.35431773236651287,0.4001318391562294,0.4536914963744232,0.9893688523530705,0.9670830868329001,0.7429564930784442,0.8183811021675146,0.24932293593883514,0.3569602370262146,0.31064601186552404,0.37524719841793014,0.44034278180619646,0.9892848372044929,0.9547722314395077,0.7480817402768623,0.8199159881238165
1481,"universal_edges,no_changes,all_inverse_edges",4443,4443,3,0.1088284229238828,0,148,,0.3732048471768697,4.68517626915127,1,0.27927446365356445,1,0.009527508169412613,1,0.03768329694867134,,,,,,,,,,,,,,,,,,,,,,,,,,,
1482,"universal_edges,no_changes,all_inverse_edges",4446,4446,3,0.016069904435425997,0,148,,0.3732048471768697,4.684934908058494,1,0.004805781878530979,1,0.0058715310879051685,1,0.03753240033984184,,,,,,,,,,,,,,,,,,,,,,,,,,,
1483,"universal_edges,no_changes,all_inverse_edges",4449,4449,3,0.014816037068764368,0,148,,0.3732048471768697,4.690835976041853,1,0.005061713512986898,1,0.004695417825132608,1,0.0346909798681736,,,,,,,,,,,,,,,,,,,,,,,,,,,
1484,"all_inverse_edges,universal_edges,no_changes",4452,4452,3,0.10904197782898943,0,148,,0.3732048471768697,4.681667779805139,1,0.2842343747615814,1,0.005294897127896547,1,0.03759666159749031,,,,,,,,,,,,,,,,,,,,,,,,,,,
1485,"universal_edges,all_inverse_edges,no_changes",4455,4455,3,0.013863127212971449,0,148,,0.3732048471768697,4.689899496966973,1,0.004986952058970928,1,0.004421215038746595,1,0.03218121454119682,,,,,,,,,,,,,,,,,,,,,,,,,,,
1486,"all_inverse_edges,universal_edges,no_changes",4458,4458,3,0.015868880475560825,0,148,,0.3732048471768697,4.685591723071411,1,0.005331370979547501,1,0.004019500687718391,1,0.03825576975941658,,,,,,,,,,,,,,,,,,,,,,,,,,,
1487,"universal_edges,all_inverse_edges,no_changes",4461,4461,3,0.16505008935928345,0,148,,0.3732048471768697,4.687128703808412,1,0.28363293409347534,1,0.08766832947731018,1,0.12384900450706482,,,,,,,,,,,,,,,,,,,,,,,,,,,
1488,"universal_edges,no_changes,all_inverse_edges",4464,4464,3,0.043571585634102426,0,148,,0.3732048471768697,4.6834704470820725,1,0.0050499774515628815,1,0.005970553960651159,1,0.11969422549009323,,,,,,,,,,,,,,,,,,,,,,,,,,,
1489,"all_inverse_edges,universal_edges,no_changes",4467,4467,3,0.018844724477579195,0,148,,0.3732048471768697,4.683291328838095,1,0.006567840930074453,1,0.005828355439007282,1,0.04413797706365585,,,,,,,,,,,,,,,,,,,,,,,,,,,
1490,"universal_edges,all_inverse_edges,no_changes",4470,4470,3,0.040580684008697666,1,149,0.3721989194552104,0.3732048471768697,20.147626526886597,1,0.0059705814346671104,1,0.005065364763140678,1,0.11070610582828522,0.2424212247133255,0.37113210558891296,0.33618984838497035,0.3869479235332894,0.42963085036255766,0.9889358512027092,0.9719347301232221,0.7285234014502308,0.8064624207846713,0.2576075792312622,0.38697004318237305,0.35201054713249835,0.39864864864864863,0.4505603164139749,0.9888906122765521,0.9733674230122669,0.7265622940013183,0.8049430667590809,0.24751590192317963,0.3584946095943451,0.31542518127883984,0.3745880026367831,0.43754119973632166,0.9887484327943439,0.9617313111358725,0.7289123269611075,0.8046846307377342
1491,"all_inverse_edges,universal_edges,no_changes",4473,4473,3,0.015761025715619326,0,149,,0.3732048471768697,4.687732005957514,1,0.005487940739840269,1,0.005412327125668526,1,0.03638280928134918,,,,,,,,,,,,,,,,,,,,,,,,,,,
1492,"universal_edges,all_inverse_edges,no_changes",4476,4476,3,0.0403175352451702,0,149,,0.3732048471768697,4.682495957938954,1,0.005818286444991827,1,0.08553759753704071,1,0.02959672175347805,,,,,,,,,,,,,,,,,,,,,,,,,,,
1493,"all_inverse_edges,no_changes,universal_edges",4479,4479,3,0.11227311054244637,0,149,,0.3732048471768697,4.67888572299853,1,0.28894004225730896,1,0.005410678219050169,1,0.042468611150979996,,,,,,,,,,,,,,,,,,,,,,,,,,,
1494,"universal_edges,all_inverse_edges,no_changes",4482,4482,3,0.01640908249343435,0,149,,0.3732048471768697,4.685043526114896,1,0.007900379598140717,1,0.007633867207914591,1,0.03369300067424774,,,,,,,,,,,,,,,,,,,,,,,,,,,
1495,"no_changes,universal_edges,all_inverse_edges",4485,4485,3,0.04474935463319222,0,149,,0.3732048471768697,4.673659041058272,1,0.005067968275398016,1,0.00600589020177722,1,0.12317420542240143,,,,,,,,,,,,,,,,,,,,,,,,,,,
1496,"all_inverse_edges,universal_edges,no_changes",4488,4488,3,0.020125896980365116,0,149,,0.3732048471768697,4.694303674856201,1,0.011593624949455261,1,0.006585665047168732,1,0.04219840094447136,,,,,,,,,,,,,,,,,,,,,,,,,,,
1497,"universal_edges,no_changes,all_inverse_edges",4491,4491,3,0.0182659983014067,0,149,,0.3732048471768697,4.687901482917368,1,0.008719047531485558,1,0.009755820967257023,1,0.036323126405477524,,,,,,,,,,,,,,,,,,,,,,,,,,,
1498,"no_changes,universal_edges,all_inverse_edges",4494,4494,3,0.022099696720639866,0,149,,0.3732048471768697,4.6796501711942255,1,0.00669227447360754,1,0.011081802658736706,1,0.04852501302957535,,,,,,,,,,,,,,,,,,,,,,,,,,,
1499,"no_changes,all_inverse_edges,universal_edges",4497,4497,3,0.03586612952252229,0,149,,0.3732048471768697,4.68168450309895,1,0.009551716968417168,1,0.015171345323324203,1,0.0828753262758255,,,,,,,,,,,,,,,,,,,,,,,,,,,
1500,"universal_edges,all_inverse_edges,no_changes",4500,4500,3,0.025193789042532444,1,150,0.3728342851003011,0.3732048471768697,20.176549130119383,1,0.006121906451880932,1,0.0077706798911094666,1,0.061688780784606934,0.24404670298099518,0.3712600767612457,0.33272907053394857,0.3887607119314436,0.43935398813447596,0.9895368826502255,0.9659730558894575,0.7482102834541859,0.822695040927338,0.2610914707183838,0.3896667957305908,0.35365853658536583,0.4014502307185234,0.456493078444298,0.9897630772810113,0.9705210697618838,0.7517172050098879,0.8267856826906115,0.2500748336315155,0.3575759828090668,0.3101516150296638,0.37722478576137114,0.4457811470006592,0.9896661367249603,0.9544162916409873,0.7590969017798286,0.8290250394149056
1501,"no_changes,all_inverse_edges,universal_edges",4503,4503,3,0.028318876555810373,0,150,,0.3732048471768697,4.687249140115455,1,0.006506443955004215,1,0.005874951835721731,1,0.07257523387670517,,,,,,,,,,,,,,,,,,,,,,,,,,,
1502,"no_changes,all_inverse_edges,universal_edges",4506,4506,3,0.059702455842246614,0,150,,0.3732048471768697,4.683099801884964,1,0.0058690826408565044,1,0.09484382718801498,1,0.07839445769786835,,,,,,,,,,,,,,,,,,,,,,,,,,,
1503,"no_changes,all_inverse_edges,universal_edges",4509,4509,3,0.031451140996068716,0,150,,0.3732048471768697,4.68041685805656,1,0.006207742262631655,1,0.01068934053182602,1,0.07745634019374847,,,,,,,,,,,,,,,,,,,,,,,,,,,
1504,"universal_edges,all_inverse_edges,no_changes",4512,4512,3,0.049296972497055926,0,150,,0.3732048471768697,4.680023608962074,1,0.004906237591058016,1,0.009711257182061672,1,0.1332734227180481,,,,,,,,,,,,,,,,,,,,,,,,,,,
1505,"all_inverse_edges,no_changes,universal_edges",4515,4515,3,0.026253871464480955,0,150,,0.3732048471768697,4.695205668918788,1,0.0048473067581653595,1,0.007091227453202009,1,0.0668230801820755,,,,,,,,,,,,,,,,,,,,,,,,,,,
1506,"universal_edges,no_changes,all_inverse_edges",4518,4518,3,0.019662569432208937,0,150,,0.3732048471768697,4.685553315794095,1,0.005860838573426008,1,0.011499783024191856,1,0.04162708669900894,,,,,,,,,,,,,,,,,,,,,,,,,,,
1507,"all_inverse_edges,universal_edges,no_changes",4521,4521,3,0.06153761905928453,0,150,,0.3732048471768697,4.680336533812806,1,0.005114587023854256,1,0.08521568775177002,1,0.09428258240222931,,,,,,,,,,,,,,,,,,,,,,,,,,,
1508,"all_inverse_edges,no_changes,universal_edges",4524,4524,3,0.03560078221683701,0,150,,0.3732048471768697,4.6874927978497,1,0.005752902943640947,1,0.027286028489470482,1,0.0737634152173996,,,,,,,,,,,,,,,,,,,,,,,,,,,
1509,"universal_edges,all_inverse_edges,no_changes",4527,4527,3,0.05261662990475694,0,150,,0.3732048471768697,4.683160878019407,1,0.005746175069361925,1,0.09500942379236221,1,0.05709429085254669,,,,,,,,,,,,,,,,,,,,,,,,,,,
1510,"universal_edges,no_changes,all_inverse_edges",4530,4530,3,0.14191361609846354,1,151,0.37038472294807434,0.3732048471768697,20.24173650983721,1,0.2831878662109375,1,0.007922138087451458,1,0.13463084399700165,0.24198874831199646,0.3664087951183319,0.3274555042847726,0.3859591298615689,0.43358602504943966,0.9885222381635581,0.9233098815783096,0.7481773236651286,0.8120082555924324,0.2580510973930359,0.3857266902923584,0.34904416611733685,0.39765985497692813,0.4530323005932762,0.9891685085372316,0.9361526540595381,0.75771259063942,0.823101393226665,0.2471645027399063,0.3590186834335327,0.3147659854976928,0.3760711931443639,0.4391891891891892,0.9888776868690785,0.9151966446131463,0.7664469347396177,0.8239306586270162
1511,"all_inverse_edges,no_changes,universal_edges",4533,4533,3,0.054359770535180964,0,151,,0.3732048471768697,4.701531200204045,1,0.007724129129201174,1,0.007763517089188099,1,0.14759166538715363,,,,,,,,,,,,,,,,,,,,,,,,,,,
1512,"all_inverse_edges,no_changes,universal_edges",4536,4536,3,0.04518153859923283,0,151,,0.3732048471768697,4.693306480068713,1,0.005831824615597725,1,0.005805612541735172,1,0.1239071786403656,,,,,,,,,,,,,,,,,,,,,,,,,,,
1513,"no_changes,all_inverse_edges,universal_edges",4539,4539,3,0.04364975821226835,0,151,,0.3732048471768697,4.70011256611906,1,0.006131409667432308,1,0.008071588352322578,1,0.11674627661705017,,,,,,,,,,,,,,,,,,,,,,,,,,,
1514,"universal_edges,no_changes,all_inverse_edges",4542,4542,3,0.02226393312836687,0,151,,0.3732048471768697,4.686223827069625,1,0.006625487003475428,1,0.006710978224873543,1,0.05345533415675163,,,,,,,,,,,,,,,,,,,,,,,,,,,
1515,"no_changes,all_inverse_edges,universal_edges",4545,4545,3,0.02110043680295348,0,151,,0.3732048471768697,4.672541046049446,1,0.006154005881398916,1,0.008013571612536907,1,0.04913373291492462,,,,,,,,,,,,,,,,,,,,,,,,,,,
1516,"all_inverse_edges,universal_edges,no_changes",4548,4548,3,0.018316813899825018,0,151,,0.3732048471768697,4.681000607088208,1,0.005352327134460211,1,0.006585447117686272,1,0.04301266744732857,,,,,,,,,,,,,,,,,,,,,,,,,,,
1517,"no_changes,universal_edges,all_inverse_edges",4551,4551,3,0.01636697258800268,0,151,,0.3732048471768697,4.672385632991791,1,0.005163431167602539,1,0.005444535054266453,1,0.03849295154213905,,,,,,,,,,,,,,,,,,,,,,,,,,,
1518,"all_inverse_edges,no_changes,universal_edges",4554,4554,3,0.047680342104285955,0,151,,0.3732048471768697,4.683319786097854,1,0.005320944357663393,1,0.08853639662265778,1,0.0491836853325367,,,,,,,,,,,,,,,,,,,,,,,,,,,
1519,"all_inverse_edges,universal_edges,no_changes",4557,4557,3,0.04224085280050834,0,151,,0.3732048471768697,4.68267362494953,1,0.006206586956977844,1,0.004608309827744961,1,0.11590766161680222,,,,,,,,,,,,,,,,,,,,,,,,,,,
1520,"all_inverse_edges,no_changes,universal_edges",4560,4560,3,0.024550613947212696,1,152,0.37164944410324097,0.3732048471768697,20.17649873206392,1,0.0054416414350271225,1,0.006775212474167347,1,0.06143498793244362,0.24582542479038239,0.36950281262397766,0.33075148319050757,0.38744232036914966,0.4398483849703362,0.9889293884989724,0.960182522963865,0.7348187211601847,0.8096498360722739,0.2622843384742737,0.3894035816192627,0.3541529334212261,0.40029663810151617,0.45550428477257743,0.9891555831297582,0.9652364856823819,0.7381641397495056,0.8137399305624422,0.24772906303405762,0.35604193806648254,0.30998681608437706,0.3754119973632169,0.43754119973632166,0.989110344203601,0.9495043350688873,0.7465392221489782,0.8173297132180962
1521,"all_inverse_edges,no_changes,universal_edges",4563,4563,3,0.01869072827200095,0,152,,0.3732048471768697,4.687233927892521,1,0.0049018473364412785,1,0.006361621897667646,1,0.04480871558189392,,,,,,,,,,,,,,,,,,,,,,,,,,,
1522,"universal_edges,no_changes,all_inverse_edges",4566,4566,3,0.016025098506361246,0,152,,0.3732048471768697,4.68671150598675,1,0.005585390608757734,1,0.004844252020120621,1,0.03764565289020538,,,,,,,,,,,,,,,,,,,,,,,,,,,
1523,"all_inverse_edges,no_changes,universal_edges",4569,4569,3,0.07742759585380554,0,152,,0.3732048471768697,4.6959195679519325,1,0.0049910396337509155,1,0.0838126540184021,1,0.1434790939092636,,,,,,,,,,,,,,,,,,,,,,,,,,,
1524,"universal_edges,all_inverse_edges,no_changes",4572,4572,3,0.025017212610691786,0,152,,0.3732048471768697,4.679074167972431,1,0.006907857488840818,1,0.005876953713595867,1,0.06226682662963867,,,,,,,,,,,,,,,,,,,,,,,,,,,
1525,"no_changes,universal_edges,all_inverse_edges",4575,4575,3,0.05494822018469373,0,152,,0.3732048471768697,4.6786200848873705,1,0.00715358043089509,1,0.006765265017747879,1,0.15092581510543823,,,,,,,,,,,,,,,,,,,,,,,,,,,
1526,"universal_edges,all_inverse_edges,no_changes",4578,4578,3,0.0717257612074415,0,152,,0.3732048471768697,4.677164190914482,1,0.00704396516084671,1,0.005475797690451145,1,0.2026575207710266,,,,,,,,,,,,,,,,,,,,,,,,,,,
1527,"all_inverse_edges,no_changes,universal_edges",4581,4581,3,0.04894558355833093,0,152,,0.3732048471768697,4.689594577997923,1,0.006063195876777172,1,0.004400928970426321,1,0.1363726258277893,,,,,,,,,,,,,,,,,,,,,,,,,,,
1528,"universal_edges,no_changes,all_inverse_edges",4584,4584,3,0.035375303123146296,0,152,,0.3732048471768697,4.675249302061275,1,0.005339005030691624,1,0.005331987980753183,1,0.09545491635799408,,,,,,,,,,,,,,,,,,,,,,,,,,,
1529,"all_inverse_edges,universal_edges,no_changes",4587,4587,3,0.059355698681126036,0,152,,0.3732048471768697,4.6771976600866765,1,0.005232969298958778,1,0.005099533591419458,1,0.16773459315299988,,,,,,,,,,,,,,,,,,,,,,,,,,,
1530,"no_changes,universal_edges,all_inverse_edges",4590,4590,3,0.16048779090245566,1,153,0.3734876016775767,0.3734876016775767,20.23488941602409,1,0.280476450920105,1,0.08802776783704758,1,0.11295915395021439,0.2431357353925705,0.3711126744747162,0.3343770599868161,0.3877719182597231,0.4378707976268952,0.9891878966484419,0.9518385465069379,0.7472247857613712,0.818477961816757,0.2580905854701996,0.39020398259162903,0.35563612392880684,0.40062623599208963,0.4550098879367172,0.9893947031680174,0.9575194141956982,0.7494297956493079,0.8217248895354926,0.24597501754760742,0.3591461479663849,0.31460118655240604,0.3790375741595254,0.4378707976268952,0.9893171507231765,0.9412714891475599,0.7582729070533949,0.8249202065071854
1531,"no_changes,all_inverse_edges,universal_edges",4593,4593,3,0.049392940010875463,0,153,,0.3734876016775767,4.682298213010654,1,0.005848516244441271,1,0.005394443869590759,1,0.13693585991859436,,,,,,,,,,,,,,,,,,,,,,,,,,,
1532,"no_changes,all_inverse_edges,universal_edges",4596,4596,3,0.045156185825665794,0,153,,0.3734876016775767,4.689588328124955,1,0.005176957696676254,1,0.005337987095117569,1,0.12495361268520355,,,,,,,,,,,,,,,,,,,,,,,,,,,
1533,"all_inverse_edges,no_changes,universal_edges",4599,4599,3,0.028500915504992008,0,153,,0.3734876016775767,4.677312379004434,1,0.005827584303915501,1,0.005175182595849037,1,0.07449997961521149,,,,,,,,,,,,,,,,,,,,,,,,,,,
1534,"no_changes,universal_edges,all_inverse_edges",4602,4602,3,0.028625641639033955,0,153,,0.3734876016775767,4.676779482979327,1,0.006183945573866367,1,0.005226184614002705,1,0.07446679472923279,,,,,,,,,,,,,,,,,,,,,,,,,,,
1535,"all_inverse_edges,no_changes,universal_edges",4605,4605,3,0.05475572900225719,0,153,,0.3734876016775767,4.690443200990558,1,0.005543087609112263,1,0.08729922771453857,1,0.07142487168312073,,,,,,,,,,,,,,,,,,,,,,,,,,,
1536,"all_inverse_edges,universal_edges,no_changes",4608,4608,3,0.02308495823914806,0,153,,0.3734876016775767,4.67258203914389,1,0.004939129110425711,1,0.005538539960980415,1,0.058777205646038055,,,,,,,,,,,,,,,,,,,,,,,,,,,
1537,"all_inverse_edges,universal_edges,no_changes",4611,4611,3,0.02219382704546054,0,153,,0.3734876016775767,4.6781047489494085,1,0.005187619477510452,1,0.005543370731174946,1,0.05585049092769623,,,,,,,,,,,,,,,,,,,,,,,,,,,
1538,"all_inverse_edges,no_changes,universal_edges",4614,4614,3,0.13938311813399196,0,153,,0.3734876016775767,4.67458243179135,1,0.2795443534851074,1,0.0048814439214766026,1,0.13372355699539185,,,,,,,,,,,,,,,,,,,,,,,,,,,
1539,"all_inverse_edges,no_changes,universal_edges",4617,4617,3,0.10905178760488828,0,153,,0.3734876016775767,4.679060057969764,1,0.2749607264995575,1,0.004102855920791626,1,0.04809178039431572,,,,,,,,,,,,,,,,,,,,,,,,,,,
1540,"no_changes,universal_edges,all_inverse_edges",4620,4620,3,0.10642827597136299,1,154,0.3731202880541484,0.3734876016775767,20.162196380086243,1,0.2771041989326477,1,0.004760475363582373,1,0.03742015361785889,0.2431715875864029,0.36839210987091064,0.33075148319050757,0.38661832564271587,0.4312788398154252,0.9888712241653418,0.9610722539230581,0.7326895187870798,0.8079455207881867,0.2581450939178467,0.389144629240036,0.35547132498352013,0.39963744232036913,0.4513843111404087,0.989039254462497,0.9656905560717988,0.734713249835201,0.8107633578010167,0.24927131831645966,0.3618241250514984,0.32152274225444955,0.3780487804878049,0.43556361239288066,0.9889423139064459,0.9509483696569314,0.7408009228740936,0.8127787639346296
1541,"all_inverse_edges,no_changes,universal_edges",4623,4623,3,0.017003394352893036,0,154,,0.3734876016775767,4.67480334895663,1,0.005211120005697012,1,0.004009184893220663,1,0.04178987815976143,,,,,,,,,,,,,,,,,,,,,,,,,,,
1542,"universal_edges,no_changes,all_inverse_edges",4626,4626,3,0.015401801094412804,0,154,,0.3734876016775767,4.679890191880986,1,0.004998986143618822,1,0.005218298640102148,1,0.03598811849951744,,,,,,,,,,,,,,,,,,,,,,,,,,,
1543,"all_inverse_edges,universal_edges,no_changes",4629,4629,3,0.01739765051752329,0,154,,0.3734876016775767,4.691805786918849,1,0.004376647528260946,1,0.0051768324337899685,1,0.04263947159051895,,,,,,,,,,,,,,,,,,,,,,,,,,,
1544,"no_changes,universal_edges,all_inverse_edges",4632,4632,3,0.04492724221199751,0,154,,0.3734876016775767,4.6744066150859,1,0.006317821331322193,1,0.08993151783943176,1,0.03853238746523857,,,,,,,,,,,,,,,,,,,,,,,,,,,
1545,"no_changes,universal_edges,all_inverse_edges",4635,4635,3,0.015132765751332045,0,154,,0.3734876016775767,4.677625179057941,1,0.0056780562736094,1,0.0045675188302993774,1,0.03515272215008736,,,,,,,,,,,,,,,,,,,,,,,,,,,
1546,"universal_edges,all_inverse_edges,no_changes",4638,4638,3,0.014427061192691326,0,154,,0.3734876016775767,4.6722412661183625,1,0.005711569916456938,1,0.0049764602445065975,1,0.03259315341711044,,,,,,,,,,,,,,,,,,,,,,,,,,,
1547,"all_inverse_edges,universal_edges,no_changes",4641,4641,3,0.0438947801788648,0,154,,0.3734876016775767,4.677823868114501,1,0.005360133480280638,1,0.00447331415489316,1,0.1218508929014206,,,,,,,,,,,,,,,,,,,,,,,,,,,
1548,"no_changes,all_inverse_edges,universal_edges",4644,4644,3,0.015827373135834932,0,154,,0.3734876016775767,4.683143372880295,1,0.0050306241028010845,1,0.004585457965731621,1,0.03786603733897209,,,,,,,,,,,,,,,,,,,,,,,,,,,
1549,"no_changes,universal_edges,all_inverse_edges",4647,4647,3,0.06738700236504276,0,154,,0.3734876016775767,4.688208525069058,1,0.005078889895230532,1,0.08325912058353424,1,0.11382299661636353,,,,,,,,,,,,,,,,,,,,,,,,,,,
1550,"no_changes,all_inverse_edges,universal_edges",4650,4650,3,0.04102861896778146,1,155,0.3743906418482463,0.3743906418482463,20.22450308408588,1,0.005244642496109009,1,0.004864037502557039,1,0.11297717690467834,0.24431359767913818,0.37099042534828186,0.3333882663150956,0.3887607119314436,0.4352340145023072,0.9889746274251295,0.9693067135300975,0.7309657218193804,0.8081514567291606,0.25874823331832886,0.38974741101264954,0.3541529334212261,0.40029663810151617,0.45550428477257743,0.9891685085372316,0.9707980636864815,0.7354251812788398,0.812507578235675,0.24761393666267395,0.3624340891838074,0.32086354647330256,0.37673038892551086,0.43803559657218194,0.9889810901288663,0.9547345135406209,0.7395286750164799,0.8125598438636036
1551,"no_changes,universal_edges,all_inverse_edges",4653,4653,3,0.04126184557874998,0,155,,0.3743906418482463,4.682498509064317,1,0.00428825244307518,1,0.08288608491420746,1,0.036611199378967285,,,,,,,,,,,,,,,,,,,,,,,,,,,
1552,"all_inverse_edges,universal_edges,no_changes",4656,4656,3,0.12959865558271608,0,155,,0.3743906418482463,4.685279860161245,1,0.2773359417915344,1,0.00415261322632432,1,0.10730741173028946,,,,,,,,,,,,,,,,,,,,,,,,,,,
1553,"all_inverse_edges,no_changes,universal_edges",4659,4659,3,0.014449945340553919,0,155,,0.3743906418482463,4.689670215826482,1,0.005322976037859917,1,0.004528185352683067,1,0.033498674631118774,,,,,,,,,,,,,,,,,,,,,,,,,,,
1554,"universal_edges,all_inverse_edges,no_changes",4662,4662,3,0.012580945311735073,0,155,,0.3743906418482463,4.684895043028519,1,0.004823964089155197,1,0.0036589275114238262,1,0.029259944334626198,,,,,,,,,,,,,,,,,,,,,,,,,,,
1555,"all_inverse_edges,no_changes,universal_edges",4665,4665,3,0.017618486502518255,0,155,,0.3743906418482463,4.676447296980768,1,0.00606969278305769,1,0.003911884967237711,1,0.04287388175725937,,,,,,,,,,,,,,,,,,,,,,,,,,,
1556,"no_changes,all_inverse_edges,universal_edges",4668,4668,3,0.04556633143996199,0,155,,0.3743906418482463,4.686193367931992,1,0.005805044900625944,1,0.08271314203739166,1,0.04818080738186836,,,,,,,,,,,,,,,,,,,,,,,,,,,
1557,"no_changes,all_inverse_edges,universal_edges",4671,4671,3,0.10857695837815602,0,155,,0.3743906418482463,4.685448084957898,1,0.2776518166065216,1,0.0048953816294670105,1,0.04318367689847946,,,,,,,,,,,,,,,,,,,,,,,,,,,
1558,"no_changes,all_inverse_edges,universal_edges",4674,4674,3,0.03999807802028954,0,155,,0.3743906418482463,4.682506235083565,1,0.005674965213984251,1,0.0038620273116976023,1,0.11045724153518677,,,,,,,,,,,,,,,,,,,,,,,,,,,
1559,"all_inverse_edges,no_changes,universal_edges",4677,4677,3,0.015300562294820944,0,155,,0.3743906418482463,4.681634293170646,1,0.005039663054049015,1,0.0046806298196315765,1,0.03618139401078224,,,,,,,,,,,,,,,,,,,,,,,,,,,
1560,"all_inverse_edges,universal_edges,no_changes",4680,4680,3,0.013792520544181267,1,156,0.37145038445790607,0.3743906418482463,20.248886328889057,1,0.0053308806382119656,1,0.004558556713163853,1,0.031488124281167984,0.24428020417690277,0.3672916293144226,0.3286090969017798,0.3857943309162821,0.43457481872116016,0.9888130598317112,0.9654807254939324,0.7286222808174028,0.8052124791043047,0.25959205627441406,0.3876250684261322,0.35102175346077785,0.39996704021094265,0.45550428477257743,0.9890909560923908,0.9664453407481154,0.7357086354647331,0.8118190192851753,0.24738502502441406,0.35943445563316345,0.3141067897165458,0.3780487804878049,0.4396835860250494,0.9891232696110744,0.9543245489661396,0.7438002636783125,0.8161547927389168
1561,"all_inverse_edges,no_changes,universal_edges",4683,4683,3,0.01602638582699001,0,156,,0.3743906418482463,4.743953383062035,1,0.005317256320267916,1,0.003854712238535285,1,0.038907188922166824,,,,,,,,,,,,,,,,,,,,,,,,,,,
1562,"all_inverse_edges,no_changes,universal_edges",4686,4686,3,0.11287519382312894,0,156,,0.3743906418482463,4.676528415875509,1,0.2951241135597229,1,0.004185085650533438,1,0.03931638225913048,,,,,,,,,,,,,,,,,,,,,,,,,,,
1563,"no_changes,all_inverse_edges,universal_edges",4689,4689,3,0.04389600114276012,0,156,,0.3743906418482463,4.675946892006323,1,0.006493394263088703,1,0.08566144853830338,1,0.039533160626888275,,,,,,,,,,,,,,,,,,,,,,,,,,,
1564,"universal_edges,no_changes,all_inverse_edges",4692,4692,3,0.015970362505565088,0,156,,0.3743906418482463,4.684369368944317,1,0.009523642249405384,1,0.004918904509395361,1,0.033468540757894516,,,,,,,,,,,,,,,,,,,,,,,,,,,
1565,"all_inverse_edges,universal_edges,no_changes",4695,4695,3,0.14310433839758238,0,156,,0.3743906418482463,4.681207277113572,1,0.29621946811676025,1,0.08662177622318268,1,0.046471770852804184,,,,,,,,,,,,,,,,,,,,,,,,,,,
1566,"no_changes,universal_edges,all_inverse_edges",4698,4698,3,0.11780909619604547,0,156,,0.3743906418482463,4.674872615141794,1,0.2782650291919708,1,0.005931673105806112,1,0.0692305862903595,,,,,,,,,,,,,,,,,,,,,,,,,,,
1567,"no_changes,all_inverse_edges,universal_edges",4701,4701,3,0.023160801579554875,0,156,,0.3743906418482463,4.685883640078828,1,0.00716441310942173,1,0.005551991984248161,1,0.056765999644994736,,,,,,,,,,,,,,,,,,,,,,,,,,,
1568,"no_changes,all_inverse_edges,universal_edges",4704,4704,3,0.020822052999089163,0,156,,0.3743906418482463,4.6771088659297675,1,0.00939667783677578,1,0.0066139898262917995,1,0.046455491334199905,,,,,,,,,,,,,,,,,,,,,,,,,,,
1569,"no_changes,universal_edges,all_inverse_edges",4707,4707,3,0.01826396972561876,0,156,,0.3743906418482463,4.67982158693485,1,0.00906944926828146,1,0.0057036555372178555,1,0.040018804371356964,,,,,,,,,,,,,,,,,,,,,,,,,,,
1570,"universal_edges,all_inverse_edges,no_changes",4710,4710,3,0.016468416899442673,1,157,0.361934761206309,0.3743906418482463,20.166279160883278,1,0.008370642550289631,1,0.006614263169467449,1,0.03442034497857094,0.2417273074388504,0.3526901304721832,0.3085036255767963,0.3749176005273566,0.43144363876071196,0.9886321041270826,0.9424211708496804,0.737412656558998,0.8078528107116782,0.26293137669563293,0.3817096948623657,0.34146341463414637,0.3961766644693474,0.4520435069215557,0.9891168069073377,0.9488036292381775,0.747188529993408,0.81770641655898,0.2454766035079956,0.35140445828437805,0.3043836519446276,0.3716216216216216,0.4347396176664469,0.9890198663512867,0.9357322778868317,0.7535992089650627,0.8196778959645781
1571,"universal_edges,no_changes,all_inverse_edges",4713,4713,3,0.016497742539892595,0,157,,0.3743906418482463,4.6810802451800555,1,0.006602806970477104,1,0.005920591298490763,1,0.036969829350709915,,,,,,,,,,,,,,,,,,,,,,,,,,,
1572,"universal_edges,no_changes,all_inverse_edges",4716,4716,3,0.020454881091912586,0,157,,0.3743906418482463,4.673990780953318,1,0.008070804178714752,1,0.00513792410492897,1,0.04815591499209404,,,,,,,,,,,,,,,,,,,,,,,,,,,
1573,"no_changes,all_inverse_edges,universal_edges",4719,4719,3,0.047848941603054605,0,157,,0.3743906418482463,4.678077250951901,1,0.008836804889142513,1,0.004573470447212458,1,0.13013654947280884,,,,,,,,,,,,,,,,,,,,,,,,,,,
1574,"universal_edges,all_inverse_edges,no_changes",4722,4722,3,0.07230764627456665,0,157,,0.3743906418482463,4.680118496995419,1,0.005696356296539307,1,0.09170578420162201,1,0.11952079832553864,,,,,,,,,,,,,,,,,,,,,,,,,,,
1575,"all_inverse_edges,no_changes,universal_edges",4725,4725,3,0.03372033297394713,0,157,,0.3743906418482463,4.668998233042657,1,0.0075066485442221165,1,0.006905236281454563,1,0.0867491140961647,,,,,,,,,,,,,,,,,,,,,,,,,,,
1576,"no_changes,all_inverse_edges,universal_edges",4728,4728,3,0.0729388998200496,0,157,,0.3743906418482463,4.683788107009605,1,0.007013598456978798,1,0.09084600955247879,1,0.12095709145069122,,,,,,,,,,,,,,,,,,,,,,,,,,,
1577,"no_changes,universal_edges,all_inverse_edges",4731,4731,3,0.052549234280983605,0,157,,0.3743906418482463,4.682519813068211,1,0.00658140704035759,1,0.08714598417282104,1,0.06392031162977219,,,,,,,,,,,,,,,,,,,,,,,,,,,
1578,"no_changes,universal_edges,all_inverse_edges",4734,4734,3,0.055330819760759674,0,157,,0.3743906418482463,4.677543389843777,1,0.00804060511291027,1,0.08964182436466217,1,0.06831002980470657,,,,,,,,,,,,,,,,,,,,,,,,,,,
1579,"universal_edges,all_inverse_edges,no_changes",4737,4737,3,0.04534218025704225,0,157,,0.3743906418482463,4.681564383907244,1,0.009516625665128231,1,0.010693694464862347,1,0.11581622064113617,,,,,,,,,,,,,,,,,,,,,,,,,,,
1580,"all_inverse_edges,no_changes,universal_edges",4740,4740,3,0.04378806194290519,1,158,0.34486326575279236,0.3743906418482463,20.14761467790231,1,0.007084543351083994,1,0.008370662108063698,1,0.11590898036956787,0.2423299252986908,0.3650011718273163,0.3276203032300593,0.38249835201054716,0.4283124588002637,0.9888389106466582,0.965277324733613,0.7294429795649308,0.8059170318419417,0.2588622272014618,0.385682076215744,0.3501977587343441,0.39502307185234015,0.45088991430454844,0.9889552393139194,0.968046728113628,0.7311173368490441,0.808023679799897,0.2055511623620987,0.2839065492153168,0.2371456822676335,0.2949901120632828,0.3660184574818721,0.9885480889785051,0.9397886156325859,0.7367237969676994,0.8066376104634376
1581,"all_inverse_edges,universal_edges,no_changes",4743,4743,3,0.03153077637155851,0,158,,0.3743906418482463,4.691643967060372,1,0.008337720297276974,1,0.00987496692687273,1,0.07637964189052582,,,,,,,,,,,,,,,,,,,,,,,,,,,
1582,"no_changes,universal_edges,all_inverse_edges",4746,4746,3,0.17864990482727686,0,158,,0.3743906418482463,4.673050405923277,1,0.3055691421031952,1,0.09881851822137833,1,0.13156205415725708,,,,,,,,,,,,,,,,,,,,,,,,,,,
1583,"all_inverse_edges,no_changes,universal_edges",4749,4749,3,0.05025970128675302,0,158,,0.3743906418482463,4.674596030963585,1,0.017658909782767296,1,0.035137057304382324,1,0.09798313677310944,,,,,,,,,,,,,,,,,,,,,,,,,,,
1584,"no_changes,all_inverse_edges,universal_edges",4752,4752,3,0.07183532230556011,0,158,,0.3743906418482463,4.674086947925389,1,0.018558913841843605,1,0.09898965060710907,1,0.09795740246772766,,,,,,,,,,,,,,,,,,,,,,,,,,,
1585,"no_changes,universal_edges,all_inverse_edges",4755,4755,3,0.14287953078746796,0,158,,0.3743906418482463,4.678866342874244,1,0.2792176902294159,1,0.029803097248077393,1,0.11961780488491058,,,,,,,,,,,,,,,,,,,,,,,,,,,
1586,"universal_edges,no_changes,all_inverse_edges",4758,4758,3,0.04143340978771448,0,158,,0.3743906418482463,4.686166307888925,1,0.014650605618953705,1,0.012971612624824047,1,0.09667801111936569,,,,,,,,,,,,,,,,,,,,,,,,,,,
1587,"no_changes,all_inverse_edges,universal_edges",4761,4761,3,0.04035227497418722,0,158,,0.3743906418482463,4.678765255957842,1,0.01823808066546917,1,0.02346627600491047,1,0.079352468252182,,,,,,,,,,,,,,,,,,,,,,,,,,,
1588,"universal_edges,no_changes,all_inverse_edges",4764,4764,3,0.03148176893591881,0,158,,0.3743906418482463,4.677519929828122,1,0.01751888357102871,1,0.024523453786969185,1,0.05240296944975853,,,,,,,,,,,,,,,,,,,,,,,,,,,
1589,"all_inverse_edges,universal_edges,no_changes",4767,4767,3,0.1465245975802342,0,158,,0.3743906418482463,4.680016524158418,1,0.3020972013473511,1,0.02224130742251873,1,0.11523528397083282,,,,,,,,,,,,,,,,,,,,,,,,,,,
1590,"no_changes,universal_edges,all_inverse_edges",4770,4770,3,0.037624629524846874,1,159,0.36308638254801434,0.3743906418482463,20.164156303042546,1,0.011129472404718399,1,0.008059444837272167,1,0.09368497133255005,0.2398369461297989,0.36272192001342773,0.3274555042847726,0.38167435728411336,0.4225444957152274,0.9878565796786744,0.908635289284958,0.7394396835860251,0.8010647719284248,0.25497233867645264,0.3791670799255371,0.34673698088332233,0.39057350032959787,0.43408042188529994,0.9882443419028785,0.9184031108475852,0.7435135135135135,0.8069417850262317,0.24323266744613647,0.3473701477050781,0.3048780487804878,0.3661832564271589,0.42419248516809493,0.9880827743094601,0.8973146669288057,0.7579663810151616,0.8122023275263275
1591,"universal_edges,all_inverse_edges,no_changes",4773,4773,3,0.02968427538871765,0,159,,0.3743906418482463,4.684114123927429,1,0.014592168852686882,1,0.00965856947004795,1,0.06480208784341812,,,,,,,,,,,,,,,,,,,,,,,,,,,
1592,"universal_edges,no_changes,all_inverse_edges",4776,4776,3,0.1159933830300967,0,159,,0.3743906418482463,4.675856670131907,1,0.29105904698371887,1,0.008040618151426315,1,0.04888048395514488,,,,,,,,,,,,,,,,,,,,,,,,,,,
1593,"all_inverse_edges,no_changes,universal_edges",4779,4779,3,0.07932946644723415,0,159,,0.3743906418482463,4.686854089843109,1,0.010549547150731087,1,0.09861952066421509,1,0.1288193315267563,,,,,,,,,,,,,,,,,,,,,,,,,,,
1594,"all_inverse_edges,universal_edges,no_changes",4782,4782,3,0.08359039885302384,0,159,,0.3743906418482463,4.68310266896151,1,0.014214621856808662,1,0.09013362228870392,1,0.14642295241355896,,,,,,,,,,,,,,,,,,,,,,,,,,,
1595,"no_changes,all_inverse_edges,universal_edges",4785,4785,3,0.17655895091593266,0,159,,0.3743906418482463,4.676585510838777,1,0.28938010334968567,1,0.011175094172358513,1,0.22912165522575378,,,,,,,,,,,,,,,,,,,,,,,,,,,
1596,"all_inverse_edges,no_changes,universal_edges",4788,4788,3,0.07326383267839749,0,159,,0.3743906418482463,4.679847627878189,1,0.008975816890597343,1,0.010170115157961845,1,0.2006455659866333,,,,,,,,,,,,,,,,,,,,,,,,,,,
1597,"all_inverse_edges,no_changes,universal_edges",4791,4791,3,0.0795804220251739,0,159,,0.3743906418482463,4.694835687987506,1,0.0064666070975363255,1,0.10095009952783585,1,0.13132455945014954,,,,,,,,,,,,,,,,,,,,,,,,,,,
1598,"all_inverse_edges,no_changes,universal_edges",4794,4794,3,0.03370277133459846,0,159,,0.3743906418482463,4.680765260010958,1,0.008521577343344688,1,0.007595065515488386,1,0.08499167114496231,,,,,,,,,,,,,,,,,,,,,,,,,,,
1599,"no_changes,universal_edges,all_inverse_edges",4797,4797,3,0.05563254747539759,0,159,,0.3743906418482463,4.684600583976135,1,0.010269819758832455,1,0.09965548664331436,1,0.056972336024045944,,,,,,,,,,,,,,,,,,,,,,,,,,,
1600,"universal_edges,all_inverse_edges,no_changes",4800,4800,3,0.020719322841614485,1,160,0.36630696058273315,0.3743906418482463,20.175733762793243,1,0.006657181307673454,1,0.007800046820193529,1,0.04770074039697647,0.23980531096458435,0.3631071150302887,0.3254779169413316,0.38315754779169414,0.4263348714568227,0.9890651052774438,0.9545841264839945,0.7419940672379697,0.8146610591223554,0.2542555332183838,0.3806474208831787,0.34673698088332233,0.3922214897824654,0.4396835860250494,0.9892008220559153,0.9580312494505854,0.7436783124588002,0.8169224581236534,0.24816446006298065,0.35516634583473206,0.3137771918259723,0.3759063941990771,0.42518127883981544,0.9890004782400765,0.9382342054588731,0.7511667765326302,0.8183505181347257
1601,"universal_edges,no_changes,all_inverse_edges",4803,4803,3,0.05874725555380186,0,160,,0.3743906418482463,4.684038797160611,1,0.006672155112028122,1,0.03158856928348541,1,0.13798104226589203,,,,,,,,,,,,,,,,,,,,,,,,,,,
1602,"universal_edges,no_changes,all_inverse_edges",4806,4806,3,0.1455229545632998,0,160,,0.3743906418482463,4.70011220802553,1,0.2790621817111969,1,0.09644404798746109,1,0.061062633991241455,,,,,,,,,,,,,,,,,,,,,,,,,,,
1603,"all_inverse_edges,universal_edges,no_changes",4809,4809,3,0.04715701953197519,0,160,,0.3743906418482463,4.706472949823365,1,0.005794552154839039,1,0.007642242591828108,1,0.12803426384925842,,,,,,,,,,,,,,,,,,,,,,,,,,,
1604,"no_changes,universal_edges,all_inverse_edges",4812,4812,3,0.048334088952591024,0,160,,0.3743906418482463,4.676624794956297,1,0.006226711440831423,1,0.012658579275012016,1,0.12611697614192963,,,,,,,,,,,,,,,,,,,,,,,,,,,
1605,"all_inverse_edges,universal_edges,no_changes",4815,4815,3,0.04464358308662971,0,160,,0.3743906418482463,4.679647809127346,1,0.006711161229759455,1,0.007648945320397615,1,0.11957064270973206,,,,,,,,,,,,,,,,,,,,,,,,,,,
1606,"no_changes,all_inverse_edges,universal_edges",4818,4818,3,0.0678515291462342,0,160,,0.3743906418482463,4.679985688067973,1,0.006206104531884193,1,0.08297218382358551,1,0.11437629908323288,,,,,,,,,,,,,,,,,,,,,,,,,,,
1607,"universal_edges,no_changes,all_inverse_edges",4821,4821,3,0.017849186280121405,0,160,,0.3743906418482463,4.684329116949812,1,0.007237049750983715,1,0.006207416299730539,1,0.04010309278964996,,,,,,,,,,,,,,,,,,,,,,,,,,,
1608,"universal_edges,all_inverse_edges,no_changes",4824,4824,3,0.04027270246297121,0,160,,0.3743906418482463,4.691660434007645,1,0.005685097072273493,1,0.006135121453553438,1,0.1089978888630867,,,,,,,,,,,,,,,,,,,,,,,,,,,
1609,"universal_edges,no_changes,all_inverse_edges",4827,4827,3,0.01447786670178175,0,160,,0.3743906418482463,4.694423122098669,1,0.005206629633903503,1,0.006225978024303913,1,0.03200099244713783,,,,,,,,,,,,,,,,,,,,,,,,,,,
1610,"universal_edges,all_inverse_edges,no_changes",4830,4830,3,0.014404164937635263,1,161,0.36274369557698566,0.3743906418482463,20.126878845971078,1,0.004956165328621864,1,0.005837884731590748,1,0.032418444752693176,0.23749837279319763,0.35797542333602905,0.31542518127883984,0.3795319709953856,0.4288068556361239,0.9889423139064459,0.9674091303576651,0.7311107448912327,0.8078828182248601,0.2560650408267975,0.3785753548145294,0.34063941990771257,0.39238628872775216,0.4470995385629532,0.9891491204260214,0.974687742649943,0.7328312458800263,0.810981380242864,0.24744541943073273,0.35168030858039856,0.3061964403427818,0.3714568226763349,0.42913645352669744,0.9890909560923908,0.9594565824874013,0.7397462096242584,0.8138330482100966
1611,"no_changes,all_inverse_edges,universal_edges",4833,4833,3,0.016418545972555876,0,161,,0.3743906418482463,4.689227940980345,1,0.004951094277203083,1,0.004632072057574987,1,0.03967247158288956,,,,,,,,,,,,,,,,,,,,,,,,,,,
1612,"no_changes,universal_edges,all_inverse_edges",4836,4836,3,0.0416102996096015,0,161,,0.3743906418482463,4.742677096975967,1,0.005581234581768513,1,0.08327323198318481,1,0.035976432263851166,,,,,,,,,,,,,,,,,,,,,,,,,,,
1613,"no_changes,all_inverse_edges,universal_edges",4839,4839,3,0.10887130893145998,0,161,,0.3743906418482463,4.675234324997291,1,0.2801273763179779,1,0.004273669328540564,1,0.04221288114786148,,,,,,,,,,,,,,,,,,,,,,,,,,,
1614,"universal_edges,no_changes,all_inverse_edges",4842,4842,3,0.10736988252028823,0,161,,0.3743906418482463,4.6842608449514955,1,0.2797831892967224,1,0.00607325928285718,1,0.036253198981285095,,,,,,,,,,,,,,,,,,,,,,,,,,,
1615,"all_inverse_edges,universal_edges,no_changes",4845,4845,3,0.049920752799759306,0,161,,0.3743906418482463,4.683372030965984,1,0.005970634985715151,1,0.08038908988237381,1,0.06340253353118896,,,,,,,,,,,,,,,,,,,,,,,,,,,
1616,"no_changes,all_inverse_edges,universal_edges",4848,4848,3,0.04891894804313779,0,161,,0.3743906418482463,4.682699491968378,1,0.005266362801194191,1,0.006139583420008421,1,0.13535089790821075,,,,,,,,,,,,,,,,,,,,,,,,,,,
1617,"all_inverse_edges,universal_edges,no_changes",4851,4851,3,0.052801324520260096,0,161,,0.3743906418482463,4.682653771946207,1,0.00493435887619853,1,0.08246087282896042,1,0.07100874185562134,,,,,,,,,,,,,,,,,,,,,,,,,,,
1618,"no_changes,all_inverse_edges,universal_edges",4854,4854,3,0.04348030872642994,0,161,,0.3743906418482463,4.6804218320176005,1,0.005413348786532879,1,0.007763783447444439,1,0.1172637939453125,,,,,,,,,,,,,,,,,,,,,,,,,,,
1619,"no_changes,all_inverse_edges,universal_edges",4857,4857,3,0.017283730984975893,0,161,,0.3743906418482463,4.6847706111148,1,0.005133222322911024,1,0.0054358309134840965,1,0.04128213971853256,,,,,,,,,,,,,,,,,,,,,,,,,,,
1620,"all_inverse_edges,no_changes,universal_edges",4860,4860,3,0.01586674681554238,1,162,0.3693351149559021,0.3743906418482463,20.149079219903797,1,0.005288735497742891,1,0.004898261744529009,1,0.03741324320435524,0.24407142400741577,0.36900949478149414,0.3319050758075148,0.38645352669742916,0.43342122610415296,0.9888001344242378,0.9731134408453721,0.7242551087673039,0.8027458363744489,0.2592916190624237,0.3861095607280731,0.3511865524060646,0.3971654581410679,0.4510547132498352,0.9891168069073377,0.978707186085946,0.7299077125906395,0.8091248840034622,0.24653059244155884,0.35288628935813904,0.30899802241265656,0.3711272247857614,0.42946605141727096,0.989039254462497,0.9592492223524579,0.7384278180619643,0.8126299292439627
1621,"universal_edges,no_changes,all_inverse_edges",4863,4863,3,0.10616226587444544,0,162,,0.3743906418482463,4.681754825869575,1,0.2794645428657532,1,0.00540295522660017,1,0.03361929953098297,,,,,,,,,,,,,,,,,,,,,,,,,,,
1622,"all_inverse_edges,universal_edges,no_changes",4866,4866,3,0.015664519121249516,0,162,,0.3743906418482463,4.680453471839428,1,0.0056637004017829895,1,0.0042881108820438385,1,0.03704174607992172,,,,,,,,,,,,,,,,,,,,,,,,,,,
1623,"universal_edges,all_inverse_edges,no_changes",4869,4869,3,0.014751448451230923,0,162,,0.3743906418482463,4.689792007906362,1,0.005859952419996262,1,0.005712819751352072,1,0.03268157318234444,,,,,,,,,,,,,,,,,,,,,,,,,,,
1624,"no_changes,all_inverse_edges,universal_edges",4872,4872,3,0.01896050712093711,0,162,,0.3743906418482463,4.676278757164255,1,0.005286504980176687,1,0.0059890141710639,1,0.04560600221157074,,,,,,,,,,,,,,,,,,,,,,,,,,,
1625,"all_inverse_edges,universal_edges,no_changes",4875,4875,3,0.016343065071851015,0,162,,0.3743906418482463,4.6707645419519395,1,0.006395429838448763,1,0.004955359734594822,1,0.03767840564250946,,,,,,,,,,,,,,,,,,,,,,,,,,,
1626,"universal_edges,no_changes,all_inverse_edges",4878,4878,3,0.0429650186561048,0,162,,0.3743906418482463,4.677873322041705,1,0.0052240160293877125,1,0.08444274961948395,1,0.03922829031944275,,,,,,,,,,,,,,,,,,,,,,,,,,,
1627,"all_inverse_edges,universal_edges,no_changes",4881,4881,3,0.10581418204431732,0,162,,0.3743906418482463,4.6783349751494825,1,0.27545568346977234,1,0.004417120013386011,1,0.037569742649793625,,,,,,,,,,,,,,,,,,,,,,,,,,,
1628,"all_inverse_edges,universal_edges,no_changes",4884,4884,3,0.04396729450672865,0,162,,0.3743906418482463,4.685926533071324,1,0.005738572217524052,1,0.0882185772061348,1,0.0379447340965271,,,,,,,,,,,,,,,,,,,,,,,,,,,
1629,"universal_edges,no_changes,all_inverse_edges",4887,4887,3,0.015154837165027857,0,162,,0.3743906418482463,4.675128847826272,1,0.0042870803736150265,1,0.007365873083472252,1,0.03381155803799629,,,,,,,,,,,,,,,,,,,,,,,,,,,
1630,"no_changes,universal_edges,all_inverse_edges",4890,4890,3,0.01558534987270832,1,163,0.3725479543209076,0.3743906418482463,20.139359805034474,1,0.004829444922506809,1,0.004606966860592365,1,0.03731963783502579,0.24571985006332397,0.3713518977165222,0.3335530652603823,0.38958470665787737,0.4368820039551747,0.9887225819793969,0.967878840797016,0.7248615688859592,0.8022542922347715,0.2607201933860779,0.388051837682724,0.3521753460777851,0.3991430454845089,0.4566578773895847,0.9889940155363398,0.9693677923580075,0.7314601186552406,0.8086141894770278,0.25083792209625244,0.35824012756347656,0.3137771918259723,0.37623599208965064,0.4367172050098879,0.9889423139064459,0.9537771513762447,0.7390243902439024,0.8119002304109242
1631,"universal_edges,all_inverse_edges,no_changes",4893,4893,3,0.013927085169901451,0,163,,0.3743906418482463,4.673080429900438,1,0.005676425062119961,1,0.00480382377281785,1,0.03130100667476654,,,,,,,,,,,,,,,,,,,,,,,,,,,
1632,"universal_edges,all_inverse_edges,no_changes",4896,4896,3,0.013970048166811466,0,163,,0.3743906418482463,4.678845366928726,1,0.004027389921247959,1,0.004664411768317223,1,0.03321834281086922,,,,,,,,,,,,,,,,,,,,,,,,,,,
1633,"no_changes,all_inverse_edges,universal_edges",4899,4899,3,0.04087675719832381,0,163,,0.3743906418482463,4.6791392881423235,1,0.004489458631724119,1,0.08072870224714279,1,0.03741211071610451,,,,,,,,,,,,,,,,,,,,,,,,,,,
1634,"no_changes,universal_edges,all_inverse_edges",4902,4902,3,0.039091357961297035,0,163,,0.3743906418482463,4.681512066861615,1,0.0049422550946474075,1,0.07981537282466888,1,0.032516445964574814,,,,,,,,,,,,,,,,,,,,,,,,,,,
1635,"universal_edges,all_inverse_edges,no_changes",4905,4905,3,0.1328084822744131,0,163,,0.3743906418482463,4.691114416113123,1,0.2752423882484436,1,0.005434336140751839,1,0.11774872243404388,,,,,,,,,,,,,,,,,,,,,,,,,,,
1636,"universal_edges,no_changes,all_inverse_edges",4908,4908,3,0.013179490808397532,0,163,,0.3743906418482463,4.684109784895554,1,0.0037183091044425964,1,0.003963209223002195,1,0.0318569540977478,,,,,,,,,,,,,,,,,,,,,,,,,,,
1637,"no_changes,all_inverse_edges,universal_edges",4911,4911,3,0.13080213932941356,0,163,,0.3743906418482463,4.677882662974298,1,0.2730623185634613,1,0.004476754926145077,1,0.11486734449863434,,,,,,,,,,,,,,,,,,,,,,,,,,,
1638,"all_inverse_edges,no_changes,universal_edges",4914,4914,3,0.013843117437014977,0,163,,0.3743906418482463,4.676633540075272,1,0.004833650775253773,1,0.003833239432424307,1,0.03286246210336685,,,,,,,,,,,,,,,,,,,,,,,,,,,
1639,"universal_edges,all_inverse_edges,no_changes",4917,4917,3,0.038861766923218966,0,163,,0.3743906418482463,4.68339414591901,1,0.004693870898336172,1,0.08245547860860825,1,0.02943595126271248,,,,,,,,,,,,,,,,,,,,,,,,,,,
1640,"all_inverse_edges,no_changes,universal_edges",4920,4920,3,0.020165350753813982,1,164,0.3738299608230591,0.3743906418482463,20.161661492893472,1,0.003960102330893278,1,0.005706699565052986,1,0.05082925036549568,0.24761654436588287,0.37409675121307373,0.33915622940013185,0.38711272247857614,0.43556361239288066,0.9889035376840255,0.9678764440078781,0.7297989452867502,0.8067878836638309,0.2634945511817932,0.38995984196662903,0.3541529334212261,0.3991430454845089,0.4589650626235992,0.9892848372044929,0.9750370445499041,0.7362920237310481,0.8141983935436757,0.25152885913848877,0.3574332892894745,0.31097560975609756,0.37771918259723136,0.4391891891891892,0.989233135574599,0.958953395896736,0.7440177982860909,0.8174314591105711
1641,"universal_edges,no_changes,all_inverse_edges",4923,4923,3,0.03801515248293678,0,164,,0.3743906418482463,4.673518728930503,1,0.0043236687779426575,1,0.005229511763900518,1,0.10449227690696716,,,,,,,,,,,,,,,,,,,,,,,,,,,
1642,"no_changes,all_inverse_edges,universal_edges",4926,4926,3,0.12890900128210583,0,164,,0.3743906418482463,4.683392002014443,1,0.2736646831035614,1,0.00428727874532342,1,0.10877504199743271,,,,,,,,,,,,,,,,,,,,,,,,,,,
1643,"no_changes,all_inverse_edges,universal_edges",4929,4929,3,0.044125768821686506,0,164,,0.3743906418482463,4.68105945806019,1,0.004623098764568567,1,0.005444053560495377,1,0.12231015413999557,,,,,,,,,,,,,,,,,,,,,,,,,,,
1644,"no_changes,all_inverse_edges,universal_edges",4932,4932,3,0.021420677813390892,0,164,,0.3743906418482463,4.67487541702576,1,0.005030112341046333,1,0.0048553189262747765,1,0.05437660217285156,,,,,,,,,,,,,,,,,,,,,,,,,,,
1645,"all_inverse_edges,universal_edges,no_changes",4935,4935,3,0.017348027788102627,0,164,,0.3743906418482463,4.685954662039876,1,0.005069607403129339,1,0.003970894496887922,1,0.04300358146429062,,,,,,,,,,,,,,,,,,,,,,,,,,,
1646,"all_inverse_edges,no_changes,universal_edges",4938,4938,3,0.04178530420176685,0,164,,0.3743906418482463,4.681161355925724,1,0.005465897265821695,1,0.003398973261937499,1,0.11649104207754135,,,,,,,,,,,,,,,,,,,,,,,,,,,
1647,"no_changes,universal_edges,all_inverse_edges",4941,4941,3,0.0431623215166231,0,164,,0.3743906418482463,4.688182937912643,1,0.0042851767502725124,1,0.07951003313064575,1,0.045691754668951035,,,,,,,,,,,,,,,,,,,,,,,,,,,
1648,"universal_edges,all_inverse_edges,no_changes",4944,4944,3,0.1292096460238099,0,164,,0.3743906418482463,4.690222728997469,1,0.27673858404159546,1,0.004554527811706066,1,0.1063358262181282,,,,,,,,,,,,,,,,,,,,,,,,,,,
1649,"universal_edges,all_inverse_edges,no_changes",4947,4947,3,0.01556196358675758,0,164,,0.3743906418482463,4.677923024166375,1,0.005169687792658806,1,0.003916427027434111,1,0.037599775940179825,,,,,,,,,,,,,,,,,,,,,,,,,,,
1650,"no_changes,universal_edges,all_inverse_edges",4950,4950,3,0.04596238940333327,1,165,0.3723117609818776,0.3743906418482463,20.10992371290922,1,0.005084361415356398,1,0.08193586766719818,1,0.05086693912744522,0.24847815930843353,0.3724232316017151,0.33569545154911007,0.38909030982201714,0.43506921555702044,0.9889100003877622,0.9655293815354452,0.731255767963085,0.8076149847470832,0.26398369669914246,0.3885318338871002,0.35135135135135137,0.39996704021094265,0.45550428477257743,0.989110344203601,0.9676705139649573,0.7355570204350692,0.8119499868337765,0.25208646059036255,0.3559802174568176,0.31048121292023734,0.3750823994726434,0.43737640079103496,0.9891297323148113,0.9508266712829456,0.7462261041529334,0.8173861646656404
1651,"universal_edges,all_inverse_edges,no_changes",4953,4953,3,0.109283360807846,0,165,,0.3743906418482463,4.680747546022758,1,0.2757154405117035,1,0.004529533442109823,1,0.047605108469724655,,,,,,,,,,,,,,,,,,,,,,,,,,,
1652,"no_changes,all_inverse_edges,universal_edges",4956,4956,3,0.049057489105810724,0,165,,0.3743906418482463,4.684669069945812,1,0.005276552867144346,1,0.005911225453019142,1,0.13598468899726868,,,,,,,,,,,,,,,,,,,,,,,,,,,
1653,"all_inverse_edges,universal_edges,no_changes",4959,4959,3,0.05322611518204212,0,165,,0.3743906418482463,4.677095551043749,1,0.005059940740466118,1,0.08059743046760559,1,0.07402097433805466,,,,,,,,,,,,,,,,,,,,,,,,,,,
1654,"universal_edges,all_inverse_edges,no_changes",4962,4962,3,0.01901429503535231,0,165,,0.3743906418482463,4.674455900909379,1,0.005145597737282515,1,0.005272872745990753,1,0.04662441462278366,,,,,,,,,,,,,,,,,,,,,,,,,,,
1655,"no_changes,all_inverse_edges,universal_edges",4965,4965,3,0.0751237403601408,0,165,,0.3743906418482463,4.6840550599154085,1,0.004935078788548708,1,0.004316241946071386,1,0.2161199003458023,,,,,,,,,,,,,,,,,,,,,,,,,,,
1656,"no_changes,universal_edges,all_inverse_edges",4968,4968,3,0.06974667326236765,0,165,,0.3743906418482463,4.678139409981668,1,0.004899874795228243,1,0.08327653259038925,1,0.12106361240148544,,,,,,,,,,,,,,,,,,,,,,,,,,,
1657,"universal_edges,no_changes,all_inverse_edges",4971,4971,3,0.05325103411450982,0,165,,0.3743906418482463,4.6765546961687505,1,0.006623135879635811,1,0.00559547683224082,1,0.14753448963165283,,,,,,,,,,,,,,,,,,,,,,,,,,,
1658,"all_inverse_edges,no_changes,universal_edges",4974,4974,3,0.0569029594771564,0,165,,0.3743906418482463,4.680950176902115,1,0.005016774870455265,1,0.005384383257478476,1,0.16030772030353546,,,,,,,,,,,,,,,,,,,,,,,,,,,
1659,"no_changes,universal_edges,all_inverse_edges",4977,4977,3,0.030143284238874912,0,165,,0.3743906418482463,4.6804865908343345,1,0.005575758870691061,1,0.004682940896600485,1,0.08017115294933319,,,,,,,,,,,,,,,,,,,,,,,,,,,
1660,"all_inverse_edges,no_changes,universal_edges",4980,4980,3,0.023444950270156067,1,166,0.3764156500498454,0.3764156500498454,20.150306173134595,1,0.00616972241550684,1,0.004191974177956581,1,0.059973154217004776,0.24721169471740723,0.37357401847839355,0.3360250494396836,0.39057350032959787,0.4391891891891892,0.9890909560923908,0.9696701002243687,0.7339321028345418,0.8109187584717579,0.2599855363368988,0.39084604382514954,0.3548121292023731,0.40326301911667767,0.4566578773895847,0.9891620458334949,0.9750304483714807,0.7329993408042188,0.811206536430782,0.2522686719894409,0.36482688784599304,0.3220171390903098,0.3818391562294001,0.43836519446275546,0.9891685085372316,0.9613894343858485,0.7407547791694133,0.8151565099526787
1661,"all_inverse_edges,universal_edges,no_changes",4983,4983,3,0.044593647588044405,0,166,,0.3764156500498454,4.676145137986168,1,0.004938939586281776,1,0.004042990040034056,1,0.12479901313781738,,,,,,,,,,,,,,,,,,,,,,,,,,,
1662,"universal_edges,all_inverse_edges,no_changes",4986,4986,3,0.017280261653165024,0,166,,0.3764156500498454,4.72632281598635,1,0.005081195384263992,1,0.004848483018577099,1,0.041911106556653976,,,,,,,,,,,,,,,,,,,,,,,,,,,
1663,"universal_edges,all_inverse_edges,no_changes",4989,4989,3,0.01585667603649199,0,166,,0.3764156500498454,4.6843814589083195,1,0.0056486488319933414,1,0.00384696782566607,1,0.03807441145181656,,,,,,,,,,,,,,,,,,,,,,,,,,,
1664,"universal_edges,no_changes,all_inverse_edges",4992,4992,3,0.01567236954967181,0,166,,0.3764156500498454,4.6763542969711125,1,0.005925306584686041,1,0.005651904735714197,1,0.03543989732861519,,,,,,,,,,,,,,,,,,,,,,,,,,,
1665,"no_changes,universal_edges,all_inverse_edges",4995,4995,3,0.019439553376287222,0,166,,0.3764156500498454,4.676361568039283,1,0.00549587095156312,1,0.004550645127892494,1,0.04827214404940605,,,,,,,,,,,,,,,,,,,,,,,,,,,
1666,"all_inverse_edges,no_changes,universal_edges",4998,4998,3,0.13679407661159834,0,166,,0.3764156500498454,4.6737681708764285,1,0.2783108055591583,1,0.08559064567089081,1,0.046480778604745865,,,,,,,,,,,,,,,,,,,,,,,,,,,
1667,"universal_edges,all_inverse_edges,no_changes",5001,5001,3,0.01993334914247195,0,166,,0.3764156500498454,4.676285342080519,1,0.009882891550660133,1,0.009835200384259224,1,0.04008195549249649,,,,,,,,,,,,,,,,,,,,,,,,,,,
1668,"all_inverse_edges,no_changes,universal_edges",5004,5004,3,0.05190375167876482,0,166,,0.3764156500498454,4.668398194946349,1,0.007435007952153683,1,0.08552442491054535,1,0.06275182217359543,,,,,,,,,,,,,,,,,,,,,,,,,,,
1669,"all_inverse_edges,no_changes,universal_edges",5007,5007,3,0.03016912502547105,0,166,,0.3764156500498454,4.680746731115505,1,0.006848406512290239,1,0.005313029047101736,1,0.07834593951702118,,,,,,,,,,,,,,,,,,,,,,,,,,,
1670,"no_changes,universal_edges,all_inverse_edges",5010,5010,3,0.11653796304017305,1,167,0.37479018171628314,0.3764156500498454,20.128916300134733,1,0.2761915326118469,1,0.005679300986230373,1,0.06774305552244186,0.24826806783676147,0.3755265772342682,0.3393210283454186,0.3897495056031641,0.43902439024390244,0.9895110318352786,0.9433620955801973,0.7624093605800923,0.8288004882282036,0.2624068856239319,0.39162153005599976,0.35662491760052734,0.40062623599208963,0.4599538562953197,0.9899828092080603,0.9533829822167038,0.7687870797626895,0.8366009705521249,0.2488699108362198,0.35722243785858154,0.3131179960448253,0.37574159525379036,0.4349044166117337,0.9896208977988031,0.9273927620651468,0.7786156888595913,0.8366983644379025
1671,"no_changes,all_inverse_edges,universal_edges",5013,5013,3,0.046852699015289545,0,167,,0.3764156500498454,4.677020417060703,1,0.008189375512301922,1,0.005408995319157839,1,0.12695972621440887,,,,,,,,,,,,,,,,,,,,,,,,,,,
1672,"all_inverse_edges,universal_edges,no_changes",5016,5016,3,0.020386834473659594,0,167,,0.3764156500498454,4.677442470099777,1,0.008126550354063511,1,0.005354521330446005,1,0.04767943173646927,,,,,,,,,,,,,,,,,,,,,,,,,,,
1673,"no_changes,universal_edges,all_inverse_edges",5019,5019,3,0.04435397032648325,0,167,,0.3764156500498454,4.695518745807931,1,0.006449933163821697,1,0.08642901480197906,1,0.04018296301364899,,,,,,,,,,,,,,,,,,,,,,,,,,,
1674,"universal_edges,no_changes,all_inverse_edges",5022,5022,3,0.06731678266078234,0,167,,0.3764156500498454,4.676200523972511,1,0.00799486692994833,1,0.08293922990560532,1,0.11101625114679337,,,,,,,,,,,,,,,,,,,,,,,,,,,
1675,"all_inverse_edges,universal_edges,no_changes",5025,5025,3,0.017930753684292238,0,167,,0.3764156500498454,4.67839685594663,1,0.006518277805298567,1,0.006546069867908955,1,0.04072791337966919,,,,,,,,,,,,,,,,,,,,,,,,,,,
1676,"universal_edges,no_changes,all_inverse_edges",5028,5028,3,0.01434614167859157,0,167,,0.3764156500498454,4.678496619919315,1,0.005238603334873915,1,0.0060661970637738705,1,0.03173362463712692,,,,,,,,,,,,,,,,,,,,,,,,,,,
1677,"all_inverse_edges,universal_edges,no_changes",5031,5031,3,0.041735443441818156,0,167,,0.3764156500498454,4.6771186490077525,1,0.0062597766518592834,1,0.0055381073616445065,1,0.11340844631195068,,,,,,,,,,,,,,,,,,,,,,,,,,,
1678,"universal_edges,all_inverse_edges,no_changes",5034,5034,3,0.01650257750103871,0,167,,0.3764156500498454,4.677903291070834,1,0.00521541154012084,1,0.00566908111795783,1,0.03862323984503746,,,,,,,,,,,,,,,,,,,,,,,,,,,
1679,"universal_edges,all_inverse_edges,no_changes",5037,5037,3,0.1079452073511978,0,167,,0.3764156500498454,4.678192924009636,1,0.28416839241981506,1,0.005893945228308439,1,0.033773284405469894,,,,,,,,,,,,,,,,,,,,,,,,,,,
1680,"all_inverse_edges,universal_edges,no_changes",5040,5040,3,0.014587387287368378,1,168,0.3726310431957245,0.3764156500498454,20.111390554113314,1,0.006190353073179722,1,0.004430914763361216,1,0.033140894025564194,0.24663816392421722,0.36964088678359985,0.3319050758075148,0.38760711931443637,0.4347396176664469,0.9891232696110744,0.9606700523343914,0.739924192485168,0.8142652383903184,0.26290765404701233,0.3885144889354706,0.35266974291364533,0.39996704021094265,0.45484508899143045,0.9893817777605439,0.9654534664631358,0.7442551087673039,0.819144374417265,0.2529740333557129,0.359737753868103,0.31460118655240604,0.3800263678312459,0.43951878707976266,0.9891620458334949,0.9471023264535132,0.7496341463414634,0.819336451677575
1681,"no_changes,all_inverse_edges,universal_edges",5043,5043,3,0.043501069924483694,0,168,,0.3764156500498454,4.672362911980599,1,0.005486114416271448,1,0.08409684896469116,1,0.04092024639248848,,,,,,,,,,,,,,,,,,,,,,,,,,,
1682,"no_changes,universal_edges,all_inverse_edges",5046,5046,3,0.014433611805240313,0,168,,0.3764156500498454,4.680411756038666,1,0.005800218787044287,1,0.0057136197574436665,1,0.031786996871232986,,,,,,,,,,,,,,,,,,,,,,,,,,,
1683,"all_inverse_edges,universal_edges,no_changes",5049,5049,3,0.01597626491760214,0,168,,0.3764156500498454,4.680235224077478,1,0.005992047023028135,1,0.006229221820831299,1,0.03570752590894699,,,,,,,,,,,,,,,,,,,,,,,,,,,
1684,"no_changes,universal_edges,all_inverse_edges",5052,5052,3,0.04165529009575645,0,168,,0.3764156500498454,4.686992326984182,1,0.005826642271131277,1,0.08283647149801254,1,0.036302756518125534,,,,,,,,,,,,,,,,,,,,,,,,,,,
1685,"all_inverse_edges,no_changes,universal_edges",5055,5055,3,0.04121705982834101,0,168,,0.3764156500498454,4.675533439032733,1,0.005873194895684719,1,0.0811363011598587,1,0.0366416834294796,,,,,,,,,,,,,,,,,,,,,,,,,,,
1686,"no_changes,all_inverse_edges,universal_edges",5058,5058,3,0.015697866678237915,0,168,,0.3764156500498454,4.674375858856365,1,0.005683884024620056,1,0.005893103778362274,1,0.035516612231731415,,,,,,,,,,,,,,,,,,,,,,,,,,,
1687,"all_inverse_edges,no_changes,universal_edges",5061,5061,3,0.10516787242765228,0,168,,0.3764156500498454,4.679556318093091,1,0.2777712047100067,1,0.004968584980815649,1,0.032763827592134476,,,,,,,,,,,,,,,,,,,,,,,,,,,
1688,"universal_edges,no_changes,all_inverse_edges",5064,5064,3,0.0645715754168729,0,168,,0.3764156500498454,4.668285992927849,1,0.005650098901242018,1,0.07886500656604767,1,0.10919962078332901,,,,,,,,,,,,,,,,,,,,,,,,,,,
1689,"no_changes,universal_edges,all_inverse_edges",5067,5067,3,0.10499069839715958,0,168,,0.3764156500498454,4.68281568097882,1,0.27483946084976196,1,0.005053043365478516,1,0.03507959097623825,,,,,,,,,,,,,,,,,,,,,,,,,,,
1690,"all_inverse_edges,universal_edges,no_changes",5070,5070,3,0.016026002665360767,1,169,0.3717757761478424,0.3764156500498454,20.103252266999334,1,0.006469145882874727,1,0.005034334491938353,1,0.036574527621269226,0.2439681887626648,0.3684321939945221,0.33075148319050757,0.38645352669742916,0.43605800922874094,0.98869673116445,0.9626930423961222,0.7269479235332894,0.8031009136657351,0.2606441080570221,0.3880978226661682,0.3518457481872116,0.39996704021094265,0.4553394858272907,0.9889229257952357,0.9685399993377755,0.7299703361898484,0.807083318009443,0.25058871507644653,0.3587973117828369,0.31460118655240604,0.3778839815425181,0.4358932102834542,0.98869673116445,0.9484763830587359,0.7353460777851022,0.8074762695409594
1691,"all_inverse_edges,universal_edges,no_changes",5073,5073,3,0.01792893698439002,0,169,,0.3764156500498454,4.674077773001045,1,0.012042730115354061,1,0.00526244705542922,1,0.03648163378238678,,,,,,,,,,,,,,,,,,,,,,,,,,,
1692,"all_inverse_edges,no_changes,universal_edges",5076,5076,3,0.0423238268122077,0,169,,0.3764156500498454,4.67559433192946,1,0.007535823620855808,1,0.08175040781497955,1,0.037685249000787735,,,,,,,,,,,,,,,,,,,,,,,,,,,
1693,"all_inverse_edges,universal_edges,no_changes",5079,5079,3,0.10371057409793139,0,169,,0.3764156500498454,4.677607000805438,1,0.2722316086292267,1,0.006439159624278545,1,0.032460954040288925,,,,,,,,,,,,,,,,,,,,,,,,,,,
1694,"no_changes,all_inverse_edges,universal_edges",5082,5082,3,0.044821899539480604,0,169,,0.3764156500498454,4.6782024370040745,1,0.005470484960824251,1,0.08663828670978546,1,0.04235692694783211,,,,,,,,,,,,,,,,,,,,,,,,,,,
1695,"no_changes,all_inverse_edges,universal_edges",5085,5085,3,0.018400919623672962,0,169,,0.3764156500498454,4.673361437860876,1,0.005854591261595488,1,0.00441730348393321,1,0.04493086412549019,,,,,,,,,,,,,,,,,,,,,,,,,,,
1696,"no_changes,universal_edges,all_inverse_edges",5088,5088,3,0.016597175039350986,0,169,,0.3764156500498454,4.678042432991788,1,0.0041792974807322025,1,0.004504222888499498,1,0.04110800474882126,,,,,,,,,,,,,,,,,,,,,,,,,,,
1697,"all_inverse_edges,no_changes,universal_edges",5091,5091,3,0.015743806958198547,0,169,,0.3764156500498454,4.6676907408982515,1,0.004662974271923304,1,0.004160640295594931,1,0.03840780630707741,,,,,,,,,,,,,,,,,,,,,,,,,,,
1698,"no_changes,universal_edges,all_inverse_edges",5094,5094,3,0.15613563855489096,0,169,,0.3764156500498454,4.671741503989324,1,0.2704724669456482,1,0.08614145219326019,1,0.11179299652576447,,,,,,,,,,,,,,,,,,,,,,,,,,,
1699,"all_inverse_edges,universal_edges,no_changes",5097,5097,3,0.04156692512333393,0,169,,0.3764156500498454,4.676815132144839,1,0.004761524498462677,1,0.010141832754015923,1,0.1097974181175232,,,,,,,,,,,,,,,,,,,,,,,,,,,
1700,"universal_edges,no_changes,all_inverse_edges",5100,5100,3,0.020368584742148716,1,170,0.37619711955388385,0.3764156500498454,20.118475287919864,1,0.004938047379255295,1,0.009851988404989243,1,0.046315718442201614,0.2486429661512375,0.37348806858062744,0.33668424522083057,0.3877719182597231,0.4398483849703362,0.9891297323148113,0.9697896061664049,0.7349208965062624,0.8118363643152777,0.2638462781906128,0.3917567729949951,0.3558009228740936,0.4014502307185234,0.4622610415293342,0.9892654490932826,0.97227028431467,0.7372511535926171,0.8144676627305448,0.25257745385169983,0.36334651708602905,0.31938035596572184,0.3815095583388266,0.4416611733684904,0.9892654490932826,0.9562180005496336,0.7466183256427159,0.8190182061950455
1701,"all_inverse_edges,universal_edges,no_changes",5103,5103,3,0.10933171678334475,0,170,,0.3764156500498454,4.7139611130114645,1,0.2848786413669586,1,0.004749148152768612,1,0.03836736083030701,,,,,,,,,,,,,,,,,,,,,,,,,,,
1702,"universal_edges,all_inverse_edges,no_changes",5106,5106,3,0.040472914619992174,0,170,,0.3764156500498454,4.673953555058688,1,0.007576848845928907,1,0.009782779961824417,1,0.1040591150522232,,,,,,,,,,,,,,,,,,,,,,,,,,,
1703,"all_inverse_edges,universal_edges,no_changes",5109,5109,3,0.022060657075295847,0,170,,0.3764156500498454,4.671516286907718,1,0.007612302433699369,1,0.010595179162919521,1,0.047974489629268646,,,,,,,,,,,,,,,,,,,,,,,,,,,
1704,"no_changes,all_inverse_edges,universal_edges",5112,5112,3,0.14731184268991152,0,170,,0.3764156500498454,4.670966170961037,1,0.31158438324928284,1,0.088451087474823,1,0.04190005734562874,,,,,,,,,,,,,,,,,,,,,,,,,,,
1705,"no_changes,universal_edges,all_inverse_edges",5115,5115,3,0.017720112887521584,0,170,,0.3764156500498454,4.672713232925162,1,0.010876723565161228,1,0.007257265970110893,1,0.03502634912729263,,,,,,,,,,,,,,,,,,,,,,,,,,,
1706,"no_changes,universal_edges,all_inverse_edges",5118,5118,3,0.020622402740021546,0,170,,0.3764156500498454,4.67578232800588,1,0.01060124859213829,1,0.01238617766648531,1,0.03887978196144104,,,,,,,,,,,,,,,,,,,,,,,,,,,
1707,"universal_edges,no_changes,all_inverse_edges",5121,5121,3,0.12332924983153741,0,170,,0.3764156500498454,4.671003331895918,1,0.32578569650650024,1,0.011061125434935093,1,0.03314092755317688,,,,,,,,,,,,,,,,,,,,,,,,,,,
1708,"no_changes,all_inverse_edges,universal_edges",5124,5124,3,0.02710962730149428,0,170,,0.3764156500498454,4.676584777189419,1,0.011477405205368996,1,0.010269179940223694,1,0.05958229675889015,,,,,,,,,,,,,,,,,,,,,,,,,,,
1709,"no_changes,all_inverse_edges,universal_edges",5127,5127,3,0.04900254961103201,0,170,,0.3764156500498454,4.675408676965162,1,0.0072251418605446815,1,0.09171498566865921,1,0.048067521303892136,,,,,,,,,,,,,,,,,,,,,,,,,,,
1710,"universal_edges,all_inverse_edges,no_changes",5130,5130,3,0.02011214413990577,1,171,0.3667724132537842,0.3764156500498454,20.087582567008212,1,0.00715129729360342,1,0.00844557210803032,1,0.04473956301808357,0.2432439625263214,0.36593347787857056,0.3310810810810811,0.38447593935398816,0.42122610415293343,0.9887161192756602,0.9604536296879669,0.7287343441001978,0.8042516103545496,0.2588663697242737,0.38247838616371155,0.3498681608437706,0.39205669083717865,0.4424851680949242,0.9888712241653418,0.9659816606471032,0.7299439683586025,0.806521157544235,0.24574244022369385,0.35190537571907043,0.3085036255767963,0.3719512195121951,0.42765326301911666,0.9888001344242378,0.9482364730968904,0.7384673698088332,0.8101296349062187
1711,"no_changes,universal_edges,all_inverse_edges",5133,5133,3,0.019671817620595295,0,171,,0.3764156500498454,4.679250692017376,1,0.0074535515159368515,1,0.00679766945540905,1,0.04476423189043999,,,,,,,,,,,,,,,,,,,,,,,,,,,
1712,"no_changes,universal_edges,all_inverse_edges",5136,5136,3,0.04860056440035502,0,171,,0.3764156500498454,4.711838136892766,1,0.006689798086881638,1,0.0857212245464325,1,0.05339067056775093,,,,,,,,,,,,,,,,,,,,,,,,,,,
1713,"no_changes,universal_edges,all_inverse_edges",5139,5139,3,0.11112129067381223,0,171,,0.3764156500498454,4.679925675038248,1,0.2800946533679962,1,0.005718935281038284,1,0.04755028337240219,,,,,,,,,,,,,,,,,,,,,,,,,,,
1714,"all_inverse_edges,universal_edges,no_changes",5142,5142,3,0.016781766588489216,0,171,,0.3764156500498454,4.681878895033151,1,0.0059004672802984715,1,0.004920348059386015,1,0.03952448442578316,,,,,,,,,,,,,,,,,,,,,,,,,,,
1715,"no_changes,universal_edges,all_inverse_edges",5145,5145,3,0.015647401257107656,0,171,,0.3764156500498454,4.677533482899889,1,0.0053593069314956665,1,0.005416091065853834,1,0.036166805773973465,,,,,,,,,,,,,,,,,,,,,,,,,,,
1716,"universal_edges,no_changes,all_inverse_edges",5148,5148,3,0.01501653374483188,0,171,,0.3764156500498454,4.680745896883309,1,0.006226056721061468,1,0.006437375675886869,1,0.0323861688375473,,,,,,,,,,,,,,,,,,,,,,,,,,,
1717,"universal_edges,all_inverse_edges,no_changes",5151,5151,3,0.015230947484572729,0,171,,0.3764156500498454,4.678163014119491,1,0.005743555258959532,1,0.005661864299327135,1,0.03428742289543152,,,,,,,,,,,,,,,,,,,,,,,,,,,
1718,"all_inverse_edges,universal_edges,no_changes",5154,5154,3,0.04331377288326621,0,171,,0.3764156500498454,4.669291984057054,1,0.004839517641812563,1,0.08729629963636398,1,0.037805501371622086,,,,,,,,,,,,,,,,,,,,,,,,,,,
1719,"all_inverse_edges,universal_edges,no_changes",5157,5157,3,0.040980995477487646,0,171,,0.3764156500498454,4.683996403822675,1,0.005444480571895838,1,0.08271974325180054,1,0.034778762608766556,,,,,,,,,,,,,,,,,,,,,,,,,,,
1720,"all_inverse_edges,universal_edges,no_changes",5160,5160,3,0.015968261131395895,1,172,0.37061718106269836,0.3764156500498454,20.105952312937006,1,0.005130054894834757,1,0.009095313958823681,1,0.03367941454052925,0.24254360795021057,0.36623725295066833,0.3269611074489123,0.3872775214238629,0.4297956493078444,0.9888195225354479,0.9685056735954451,0.7271720500988793,0.8045133957670845,0.25897490978240967,0.3864195644855499,0.35299934080421885,0.39452867501647987,0.4523731048121292,0.9890521798699704,0.9704492333668978,0.7324588002636784,0.8097501626004046,0.2481890469789505,0.35919472575187683,0.31657877389584704,0.37870797626895186,0.4347396176664469,0.9890780306849174,0.9554198105458371,0.7418391562294001,0.8147226363067579
1721,"universal_edges,no_changes,all_inverse_edges",5163,5163,3,0.013523122140516838,0,172,,0.3764156500498454,4.679780000122264,1,0.005095808766782284,1,0.005258016753941774,1,0.030215540900826454,,,,,,,,,,,,,,,,,,,,,,,,,,,
1722,"all_inverse_edges,universal_edges,no_changes",5166,5166,3,0.014381795345495144,0,172,,0.3764156500498454,4.675769301131368,1,0.005003489088267088,1,0.005708897486329079,1,0.03243299946188927,,,,,,,,,,,,,,,,,,,,,,,,,,,
1723,"universal_edges,no_changes,all_inverse_edges",5169,5169,3,0.013357677807410559,0,172,,0.3764156500498454,4.673528278945014,1,0.004334533587098122,1,0.0072568245232105255,1,0.028481675311923027,,,,,,,,,,,,,,,,,,,,,,,,,,,
1724,"no_changes,universal_edges,all_inverse_edges",5172,5172,3,0.03972558444365859,0,172,,0.3764156500498454,4.678652434842661,1,0.004991189111024141,1,0.08150984346866608,1,0.03267572075128555,,,,,,,,,,,,,,,,,,,,,,,,,,,
1725,"universal_edges,all_inverse_edges,no_changes",5175,5175,3,0.10396097833290696,0,172,,0.3764156500498454,4.683072951156646,1,0.275134414434433,1,0.007697520311921835,1,0.029051000252366066,,,,,,,,,,,,,,,,,,,,,,,,,,,
1726,"all_inverse_edges,no_changes,universal_edges",5178,5178,3,0.1326433333257834,0,172,,0.3764156500498454,4.669627364026383,1,0.27408507466316223,1,0.08208470046520233,1,0.04176022484898567,,,,,,,,,,,,,,,,,,,,,,,,,,,
1727,"all_inverse_edges,universal_edges,no_changes",5181,5181,3,0.041834902173529066,0,172,,0.3764156500498454,4.679568582912907,1,0.005964646115899086,1,0.005975509528070688,1,0.11356455087661743,,,,,,,,,,,,,,,,,,,,,,,,,,,
1728,"no_changes,all_inverse_edges,universal_edges",5184,5184,3,0.10913835170989235,0,172,,0.3764156500498454,4.665451179957017,1,0.27022743225097656,1,0.004246207419782877,1,0.05294141545891762,,,,,,,,,,,,,,,,,,,,,,,,,,,
1729,"no_changes,all_inverse_edges,universal_edges",5187,5187,3,0.016110488834480446,0,172,,0.3764156500498454,4.677323478972539,1,0.00481230765581131,1,0.005456478334963322,1,0.0380626805126667,,,,,,,,,,,,,,,,,,,,,,,,,,,
1730,"all_inverse_edges,no_changes,universal_edges",5190,5190,3,0.016385323368012905,1,173,0.3768595854441325,0.3768595854441325,20.180250738048926,1,0.0059137362986803055,1,0.004027816466987133,1,0.03921441733837128,0.24704714119434357,0.37483975291252136,0.33882663150955833,0.39139749505603166,0.43704680290046144,0.9888324479429214,0.9716305752765492,0.7258866183256427,0.8039650292724447,0.2618546485900879,0.39279836416244507,0.35744891232696113,0.4024390243902439,0.46110744891232697,0.989039254462497,0.9731564061920087,0.7306756756756756,0.808691163858364,0.2505674660205841,0.36294063925743103,0.31938035596572184,0.37821357943309164,0.44100197758734344,0.9890715679811806,0.9601951194897232,0.738767303889255,0.813142255890227
1731,"universal_edges,no_changes,all_inverse_edges",5193,5193,3,0.012644818363090357,0,173,,0.3768595854441325,4.668848149944097,1,0.004128559492528439,1,0.004719333723187447,1,0.029086561873555183,,,,,,,,,,,,,,,,,,,,,,,,,,,
1732,"no_changes,universal_edges,all_inverse_edges",5196,5196,3,0.04161348675067226,0,173,,0.3768595854441325,4.6726924469694495,1,0.004837662447243929,1,0.00426130648702383,1,0.11574149131774902,,,,,,,,,,,,,,,,,,,,,,,,,,,
1733,"all_inverse_edges,no_changes,universal_edges",5199,5199,3,0.018904587409148615,0,173,,0.3768595854441325,4.678861645981669,1,0.0048381611704826355,1,0.005000653211027384,1,0.04687494784593582,,,,,,,,,,,,,,,,,,,,,,,,,,,
1734,"all_inverse_edges,universal_edges,no_changes",5202,5202,3,0.014068143287052711,0,173,,0.3768595854441325,4.671555184060708,1,0.004601713735610247,1,0.0044817375019192696,1,0.033120978623628616,,,,,,,,,,,,,,,,,,,,,,,,,,,
1735,"all_inverse_edges,no_changes,universal_edges",5205,5205,3,0.036392370937392116,0,173,,0.3768595854441325,4.674262671964243,1,0.004024694208055735,1,0.0037114673759788275,1,0.10144095122814178,,,,,,,,,,,,,,,,,,,,,,,,,,,
1736,"no_changes,all_inverse_edges,universal_edges",5208,5208,3,0.07884154422208667,0,173,,0.3768595854441325,4.673183314036578,1,0.004149573389440775,1,0.004259977489709854,1,0.22811508178710938,,,,,,,,,,,,,,,,,,,,,,,,,,,
1737,"universal_edges,no_changes,all_inverse_edges",5211,5211,3,0.17910559754818678,0,173,,0.3768595854441325,4.687331310939044,1,0.28006666898727417,1,0.004961186088621616,1,0.25228893756866455,,,,,,,,,,,,,,,,,,,,,,,,,,,
1738,"all_inverse_edges,no_changes,universal_edges",5214,5214,3,0.19792876640955606,0,173,,0.3768595854441325,4.673396295169368,1,0.2722375988960266,1,0.005420506000518799,1,0.3161281943321228,,,,,,,,,,,,,,,,,,,,,,,,,,,
1739,"all_inverse_edges,universal_edges,no_changes",5217,5217,3,0.06687686343987782,0,173,,0.3768595854441325,4.686987265944481,1,0.007324730511754751,1,0.005722800735384226,1,0.1875830590724945,,,,,,,,,,,,,,,,,,,,,,,,,,,
1740,"all_inverse_edges,universal_edges,no_changes",5220,5220,3,0.03837887911746899,1,174,0.3677101731300354,0.3768595854441325,20.081724571064115,1,0.006124740932136774,1,0.0067802597768604755,1,0.10223163664340973,0.24397273361682892,0.3684917390346527,0.3314106789716546,0.39106789716545814,0.42765326301911666,0.9883025062365091,0.966092065473973,0.7143111404087014,0.7920038603904512,0.262112557888031,0.3853853940963745,0.35168094924192483,0.3961766644693474,0.44726433750823996,0.9883800586813499,0.9722103653452856,0.7133816743572842,0.7922696135321964,0.24372945725917816,0.349253386259079,0.31064601186552404,0.36486486486486486,0.41529334212261043,0.9881215505318806,0.93772767705916,0.7255240606460118,0.7964183208113281
1741,"all_inverse_edges,no_changes,universal_edges",5223,5223,3,0.06187721403936545,0,174,,0.3768595854441325,4.671807199018076,1,0.005797603167593479,1,0.004933224059641361,1,0.1749008148908615,,,,,,,,,,,,,,,,,,,,,,,,,,,
1742,"no_changes,universal_edges,all_inverse_edges",5226,5226,3,0.046280703973025084,0,174,,0.3768595854441325,4.687589252134785,1,0.004700455814599991,1,0.006804259959608316,1,0.12733739614486694,,,,,,,,,,,,,,,,,,,,,,,,,,,
1743,"no_changes,universal_edges,all_inverse_edges",5229,5229,3,0.1212125273110966,0,174,,0.3768595854441325,4.678056234959513,1,0.27895623445510864,1,0.007327974308282137,1,0.07735337316989899,,,,,,,,,,,,,,,,,,,,,,,,,,,
1744,"universal_edges,no_changes,all_inverse_edges",5232,5232,3,0.025568649638444185,0,174,,0.3768595854441325,4.6804766149725765,1,0.012282541021704674,1,0.007557700853794813,1,0.05686570703983307,,,,,,,,,,,,,,,,,,,,,,,,,,,
1745,"universal_edges,no_changes,all_inverse_edges",5235,5235,3,0.023755650967359543,0,174,,0.3768595854441325,4.671319898916408,1,0.009955890476703644,1,0.0056456513702869415,1,0.05566541105508804,,,,,,,,,,,,,,,,,,,,,,,,,,,
1746,"all_inverse_edges,universal_edges,no_changes",5238,5238,3,0.02750496721516053,0,174,,0.3768595854441325,4.677112512057647,1,0.005275679752230644,1,0.00434464868158102,1,0.07289457321166992,,,,,,,,,,,,,,,,,,,,,,,,,,,
1747,"all_inverse_edges,no_changes,universal_edges",5241,5241,3,0.029610364076991875,0,174,,0.3768595854441325,4.677215419942513,1,0.005761316511780024,1,0.004013848025351763,1,0.07905592769384384,,,,,,,,,,,,,,,,,,,,,,,,,,,
1748,"no_changes,all_inverse_edges,universal_edges",5244,5244,3,0.06265513862793644,0,174,,0.3768595854441325,4.674071072135121,1,0.004758403170853853,1,0.10955630987882614,1,0.07365070283412933,,,,,,,,,,,,,,,,,,,,,,,,,,,
1749,"all_inverse_edges,universal_edges,no_changes",5247,5247,3,0.0829034981628259,0,174,,0.3768595854441325,4.6720094659831375,1,0.012918349355459213,1,0.091062992811203,1,0.1447291523218155,,,,,,,,,,,,,,,,,,,,,,,,,,,
1750,"universal_edges,all_inverse_edges,no_changes",5250,5250,3,0.030218319036066532,1,175,0.36697595318158466,0.3768595854441325,20.08790270285681,1,0.010505602695047855,1,0.026633447036147118,1,0.05351590737700462,0.2449471354484558,0.35921502113342285,0.31690837178642056,0.37920237310481214,0.4337508239947264,0.9887548954980806,0.9282662720803552,0.7513645352669742,0.8158944326283035,0.2610068619251251,0.383768230676651,0.34640738299274887,0.39864864864864863,0.44990112063282794,0.9892848372044929,0.935550788113263,0.7616479894528676,0.8260683864881999,0.2532944679260254,0.3579446077346802,0.3157547791694133,0.37475280158206986,0.4297956493078444,0.9887031938681867,0.9041751892345574,0.7716875411997364,0.8244015806537159
1751,"no_changes,universal_edges,all_inverse_edges",5253,5253,3,0.11051325825974345,0,175,,0.3768595854441325,4.6823934079147875,1,0.28396108746528625,1,0.005014384631067514,1,0.04256430268287659,,,,,,,,,,,,,,,,,,,,,,,,,,,
1752,"all_inverse_edges,universal_edges,no_changes",5256,5256,3,0.047144945710897446,0,175,,0.3768595854441325,4.673121780157089,1,0.008494436740875244,1,0.08268360793590546,1,0.050256792455911636,,,,,,,,,,,,,,,,,,,,,,,,,,,
1753,"universal_edges,no_changes,all_inverse_edges",5259,5259,3,0.10568896339585383,0,175,,0.3768595854441325,4.671343636000529,1,0.27067214250564575,1,0.01242575142532587,1,0.03396899625658989,,,,,,,,,,,,,,,,,,,,,,,,,,,
1754,"no_changes,universal_edges,all_inverse_edges",5262,5262,3,0.04877435648813844,0,175,,0.3768595854441325,4.671404009917751,1,0.007447490934282541,1,0.008789663203060627,1,0.13008591532707214,,,,,,,,,,,,,,,,,,,,,,,,,,,
1755,"all_inverse_edges,no_changes,universal_edges",5265,5265,3,0.030092453273634117,0,175,,0.3768595854441325,4.672404270851985,1,0.008005288429558277,1,0.008333075791597366,1,0.0739389955997467,,,,,,,,,,,,,,,,,,,,,,,,,,,
1756,"universal_edges,all_inverse_edges,no_changes",5268,5268,3,0.02677750214934349,0,175,,0.3768595854441325,4.672360447002575,1,0.008210428059101105,1,0.009800810366868973,1,0.062321268022060394,,,,,,,,,,,,,,,,,,,,,,,,,,,
1757,"no_changes,all_inverse_edges,universal_edges",5271,5271,3,0.12273081733534734,0,175,,0.3768595854441325,4.670952569926158,1,0.2782759368419647,1,0.008732135407626629,1,0.08118437975645065,,,,,,,,,,,,,,,,,,,,,,,,,,,
1758,"no_changes,all_inverse_edges,universal_edges",5274,5274,3,0.0503170316418012,0,175,,0.3768595854441325,4.659322106046602,1,0.007068673148751259,1,0.013163862749934196,1,0.13071855902671814,,,,,,,,,,,,,,,,,,,,,,,,,,,
1759,"no_changes,universal_edges,all_inverse_edges",5277,5277,3,0.029867978145678837,0,175,,0.3768595854441325,4.674870711984113,1,0.01049204170703888,1,0.0076575689017772675,1,0.07145432382822037,,,,,,,,,,,,,,,,,,,,,,,,,,,
1760,"no_changes,all_inverse_edges,universal_edges",5280,5280,3,0.07241162285208702,1,176,0.3676102062066396,0.3768595854441325,20.080623199930415,1,0.007886145263910294,1,0.08475089073181152,1,0.12459783256053925,0.24594569206237793,0.3646049499511719,0.3259723137771918,0.3839815425181279,0.43243243243243246,0.9885416262747683,0.9660208070667704,0.7208932102834542,0.7981929416571828,0.26310059428215027,0.386441171169281,0.35135135135135137,0.3974950560316414,0.4530323005932762,0.9887096565719234,0.9703168660747421,0.7232399472643375,0.8012402092869173,0.24483728408813477,0.35178449749946594,0.3150955833882663,0.36750164798945284,0.4134805537244562,0.9885868652009254,0.9494730882464718,0.7315754779169413,0.8043932288100138
1761,"all_inverse_edges,no_changes,universal_edges",5283,5283,3,0.10954528953880072,0,176,,0.3768595854441325,4.680539816850796,1,0.27280205488204956,1,0.007499289698898792,1,0.048334524035453796,,,,,,,,,,,,,,,,,,,,,,,,,,,
1762,"universal_edges,all_inverse_edges,no_changes",5286,5286,3,0.016638411519428093,0,176,,0.3768595854441325,4.6735813959967345,1,0.00716022402048111,1,0.00604043435305357,1,0.0367145761847496,,,,,,,,,,,,,,,,,,,,,,,,,,,
1763,"universal_edges,no_changes,all_inverse_edges",5289,5289,3,0.01602046936750412,0,176,,0.3768595854441325,4.665464512072504,1,0.006931323558092117,1,0.005192942917346954,1,0.03593714162707329,,,,,,,,,,,,,,,,,,,,,,,,,,,
1764,"universal_edges,no_changes,all_inverse_edges",5292,5292,3,0.015952307575692732,0,176,,0.3768595854441325,4.667654782067984,1,0.005087890662252903,1,0.00498906010761857,1,0.037779971957206726,,,,,,,,,,,,,,,,,,,,,,,,,,,
1765,"no_changes,all_inverse_edges,universal_edges",5295,5295,3,0.04614044648284713,0,176,,0.3768595854441325,4.675897529814392,1,0.005398487206548452,1,0.08211174607276917,1,0.050911106169223785,,,,,,,,,,,,,,,,,,,,,,,,,,,
1766,"all_inverse_edges,no_changes,universal_edges",5298,5298,3,0.10995283552135031,0,176,,0.3768595854441325,4.665950357913971,1,0.27773502469062805,1,0.0040696063078939915,1,0.04805387556552887,,,,,,,,,,,,,,,,,,,,,,,,,,,
1767,"universal_edges,no_changes,all_inverse_edges",5301,5301,3,0.019096507225185633,0,176,,0.3768595854441325,4.678474445827305,1,0.0064149582758545876,1,0.005585233215242624,1,0.045289330184459686,,,,,,,,,,,,,,,,,,,,,,,,,,,
1768,"all_inverse_edges,no_changes,universal_edges",5304,5304,3,0.02141377857575814,0,176,,0.3768595854441325,4.672125406097621,1,0.00578918494284153,1,0.004969402216374874,1,0.053482748568058014,,,,,,,,,,,,,,,,,,,,,,,,,,,
1769,"universal_edges,all_inverse_edges,no_changes",5307,5307,3,0.01666772287959854,0,176,,0.3768595854441325,4.672510270960629,1,0.005387021694332361,1,0.003927341662347317,1,0.040688805282115936,,,,,,,,,,,,,,,,,,,,,,,,,,,
1770,"universal_edges,no_changes,all_inverse_edges",5310,5310,3,0.04466979190086325,1,177,0.3745157519976298,0.3768595854441325,20.071877824841067,1,0.0052277627401053905,1,0.00426594540476799,1,0.12451566755771637,0.24682962894439697,0.3713143467903137,0.33569545154911007,0.38562953197099537,0.4322676334871457,0.9889100003877622,0.9560114515317422,0.7367468688200396,0.8104203765227831,0.26499950885772705,0.39091756939888,0.35596572181938035,0.4004614370468029,0.45616348055372447,0.9892525236858092,0.9608967133558115,0.7433816743572841,0.8173329951666922,0.2534337639808655,0.3613153398036957,0.32053394858272904,0.37771918259723136,0.4309492419248517,0.9889617020176561,0.9341135880067495,0.753085036255768,0.8188344861102475
1771,"universal_edges,all_inverse_edges,no_changes",5313,5313,3,0.11389313288964331,0,177,,0.3768595854441325,4.665539676090702,1,0.284315824508667,1,0.003814269555732608,1,0.053549304604530334,,,,,,,,,,,,,,,,,,,,,,,,,,,
1772,"no_changes,all_inverse_edges,universal_edges",5316,5316,3,0.01990396420781811,0,177,,0.3768595854441325,4.667247979203239,1,0.0050016408786177635,1,0.004334305878728628,1,0.05037594586610794,,,,,,,,,,,,,,,,,,,,,,,,,,,
1773,"universal_edges,all_inverse_edges,no_changes",5319,5319,3,0.13447521378596625,0,177,,0.3768595854441325,4.680020300904289,1,0.28199779987335205,1,0.08457829803228378,1,0.03684954345226288,,,,,,,,,,,,,,,,,,,,,,,,,,,
1774,"universal_edges,no_changes,all_inverse_edges",5322,5322,3,0.015579399031897386,0,177,,0.3768595854441325,4.677838864037767,1,0.004831838421523571,1,0.005211101844906807,1,0.03669525682926178,,,,,,,,,,,,,,,,,,,,,,,,,,,
1775,"universal_edges,all_inverse_edges,no_changes",5325,5325,3,0.01611789735034108,0,177,,0.3768595854441325,4.668070656014606,1,0.00637257844209671,1,0.006259852554649115,1,0.03572126105427742,,,,,,,,,,,,,,,,,,,,,,,,,,,
1776,"universal_edges,all_inverse_edges,no_changes",5328,5328,3,0.06766423070803285,0,177,,0.3768595854441325,4.6778477190528065,1,0.006056308280676603,1,0.08008608222007751,1,0.11685030162334442,,,,,,,,,,,,,,,,,,,,,,,,,,,
1777,"universal_edges,no_changes,all_inverse_edges",5331,5331,3,0.017955921900769074,0,177,,0.3768595854441325,4.673281911062077,1,0.0077414745464921,1,0.0060531385242938995,1,0.040073152631521225,,,,,,,,,,,,,,,,,,,,,,,,,,,
1778,"all_inverse_edges,universal_edges,no_changes",5334,5334,3,0.0160087199571232,0,177,,0.3768595854441325,4.668081588111818,1,0.0053002978675067425,1,0.005092141218483448,1,0.03763372078537941,,,,,,,,,,,,,,,,,,,,,,,,,,,
1779,"universal_edges,no_changes,all_inverse_edges",5337,5337,3,0.014033573834846417,0,177,,0.3768595854441325,4.6701184620615095,1,0.006145648192614317,1,0.005076687783002853,1,0.03087838552892208,,,,,,,,,,,,,,,,,,,,,,,,,,,
1780,"all_inverse_edges,no_changes,universal_edges",5340,5340,3,0.11334703303873539,1,178,0.37207786242167157,0.3768595854441325,20.102485097013414,1,0.28902876377105713,1,0.004741920158267021,1,0.04627041518688202,0.2473229169845581,0.36798566579818726,0.32877389584706657,0.38859591298615687,0.4349044166117337,0.9893430015381235,0.9609728732622453,0.7458503625576797,0.819486294412424,0.26539146900177,0.3874102532863617,0.3508569545154911,0.3998022412656559,0.45286750164798945,0.9896273605025399,0.9657299675261343,0.7508404746209625,0.8248978809514133,0.2541351914405823,0.3608376681804657,0.3192155570204351,0.37920237310481214,0.4329268292682927,0.9893623896493337,0.9408535489674188,0.7599110085695451,0.8261255830536056
1781,"universal_edges,all_inverse_edges,no_changes",5343,5343,3,0.015358397892365852,0,178,,0.3768595854441325,4.677975950064138,1,0.010591440834105015,1,0.006939377170056105,1,0.02854437567293644,,,,,,,,,,,,,,,,,,,,,,,,,,,
1782,"all_inverse_edges,universal_edges,no_changes",5346,5346,3,0.02601353342955311,0,178,,0.3768595854441325,4.669720546109602,1,0.010306432843208313,1,0.0077188205905258656,1,0.060015346854925156,,,,,,,,,,,,,,,,,,,,,,,,,,,
1783,"no_changes,universal_edges,all_inverse_edges",5349,5349,3,0.11940371089925368,0,178,,0.3768595854441325,4.673309718957171,1,0.3009161651134491,1,0.010062306188046932,1,0.04723266139626503,,,,,,,,,,,,,,,,,,,,,,,,,,,
1784,"universal_edges,all_inverse_edges,no_changes",5352,5352,3,0.01860966921473543,0,178,,0.3768595854441325,4.682167300954461,1,0.006523507181555033,1,0.011027557775378227,1,0.038277942687273026,,,,,,,,,,,,,,,,,,,,,,,,,,,
1785,"no_changes,all_inverse_edges,universal_edges",5355,5355,3,0.03023573461299141,0,178,,0.3768595854441325,4.6677664059679955,1,0.00687958812341094,1,0.007913791574537754,1,0.07591382414102554,,,,,,,,,,,,,,,,,,,,,,,,,,,
1786,"universal_edges,all_inverse_edges,no_changes",5358,5358,3,0.054268316055337586,0,178,,0.3768595854441325,4.666467621922493,1,0.026342997327446938,1,0.018615998327732086,1,0.11784595251083374,,,,,,,,,,,,,,,,,,,,,,,,,,,
1787,"no_changes,all_inverse_edges,universal_edges",5361,5361,3,0.09140934872751434,0,178,,0.3768595854441325,4.678574980003759,1,0.014905506744980812,1,0.007642701733857393,1,0.25167983770370483,,,,,,,,,,,,,,,,,,,,,,,,,,,
1788,"universal_edges,no_changes,all_inverse_edges",5364,5364,3,0.19800051177541414,0,178,,0.3768595854441325,4.687320220051333,1,0.3971039652824402,1,0.0072677768766880035,1,0.18962979316711426,,,,,,,,,,,,,,,,,,,,,,,,,,,
1789,"no_changes,all_inverse_edges,universal_edges",5367,5367,3,0.05243661316732565,0,178,,0.3768595854441325,4.6701070559211075,1,0.0308313500136137,1,0.03967170789837837,1,0.0868067815899849,,,,,,,,,,,,,,,,,,,,,,,,,,,
1790,"all_inverse_edges,no_changes,universal_edges",5370,5370,3,0.11257006227970123,1,179,0.36036686102549237,0.3768595854441325,20.0621842648834,1,0.1156112551689148,1,0.0681953877210617,1,0.1539035439491272,0.24230164289474487,0.3598773181438446,0.3221819380355966,0.3795319709953856,0.4200725115359262,0.9877144001964662,0.8736445523606373,0.7737673038892551,0.8156554374168739,0.25789421796798706,0.378034383058548,0.3449241924851681,0.38909030982201714,0.4349044166117337,0.9887290446831336,0.9051384896403125,0.7715392221489783,0.8245988753017861,0.24242393672466278,0.3431888818740845,0.3002636783124588,0.3640408701384311,0.41282135794330915,0.9879793710496724,0.875772303601245,0.7808470665787739,0.8211391770272408
1791,"no_changes,all_inverse_edges,universal_edges",5373,5373,3,0.08523209765553474,0,179,,0.3768595854441325,4.667725272942334,1,0.026343367993831635,1,0.018151286989450455,1,0.21120163798332214,,,,,,,,,,,,,,,,,,,,,,,,,,,
1792,"no_changes,all_inverse_edges,universal_edges",5376,5376,3,0.10227347910404205,0,179,,0.3768595854441325,4.6793824369087815,1,0.015354294329881668,1,0.02476337179541588,1,0.2667027711868286,,,,,,,,,,,,,,,,,,,,,,,,,,,
1793,"universal_edges,no_changes,all_inverse_edges",5379,5379,3,0.22035242803394794,0,179,,0.3768595854441325,4.671124372864142,1,0.31670188903808594,1,0.030812939628958702,1,0.3135424554347992,,,,,,,,,,,,,,,,,,,,,,,,,,,
1794,"universal_edges,all_inverse_edges,no_changes",5382,5382,3,0.07852701159814994,0,179,,0.3768595854441325,4.701075257034972,1,0.018087483942508698,1,0.016134263947606087,1,0.20135928690433502,,,,,,,,,,,,,,,,,,,,,,,,,,,
1795,"no_changes,all_inverse_edges,universal_edges",5385,5385,3,0.05071131854007641,0,179,,0.3768595854441325,4.671274524880573,1,0.00965119432657957,1,0.01116340234875679,1,0.13131935894489288,,,,,,,,,,,,,,,,,,,,,,,,,,,
1796,"universal_edges,no_changes,all_inverse_edges",5388,5388,3,0.03415984598298868,0,179,,0.3768595854441325,4.665389928035438,1,0.015148197300732136,1,0.009873219765722752,1,0.07745812088251114,,,,,,,,,,,,,,,,,,,,,,,,,,,
1797,"no_changes,all_inverse_edges,universal_edges",5391,5391,3,0.06295663428803285,0,179,,0.3768595854441325,4.670036750147119,1,0.014506988227367401,1,0.009500356391072273,1,0.16486255824565887,,,,,,,,,,,,,,,,,,,,,,,,,,,
1798,"universal_edges,no_changes,all_inverse_edges",5394,5394,3,0.20833083242177963,0,179,,0.3768595854441325,4.6761716899927706,1,0.3132723867893219,1,0.12474038451910019,1,0.1869797259569168,,,,,,,,,,,,,,,,,,,,,,,,,,,
1799,"no_changes,universal_edges,all_inverse_edges",5397,5397,3,0.03762369013080994,0,179,,0.3768595854441325,4.67379343486391,1,0.012370722368359566,1,0.009946691803634167,1,0.0905536562204361,,,,,,,,,,,,,,,,,,,,,,,,,,,
1800,"no_changes,all_inverse_edges,universal_edges",5400,5400,3,0.03701373344908158,1,180,0.3522472182909648,0.3768595854441325,20.046493669971824,1,0.01124242041260004,1,0.00979280099272728,1,0.09000597894191742,0.23806147277355194,0.35041067004203796,0.30998681608437706,0.37376400791034936,0.41216216216216217,0.9887807463130275,0.9365336114486663,0.7458866183256427,0.8135645298363687,0.25402340292930603,0.36658334732055664,0.3305866842452208,0.3810151615029664,0.4312788398154252,0.9891297323148113,0.9413916182110833,0.7526862228081741,0.8204107485100685,0.24212190508842468,0.3397476375102997,0.2964733025708636,0.36058009228740934,0.41413974950560317,0.9882120283841949,0.8939554077245477,0.766107448912327,0.8171222656914718
1801,"all_inverse_edges,universal_edges,no_changes",5403,5403,3,0.03164038589845101,0,180,,0.3768595854441325,4.69786032801494,1,0.012796258553862572,1,0.007722894661128521,1,0.07440200448036194,,,,,,,,,,,,,,,,,,,,,,,,,,,
1802,"all_inverse_edges,universal_edges,no_changes",5406,5406,3,0.025173010615011055,0,180,,0.3768595854441325,4.661444478901103,1,0.009475414641201496,1,0.008095460012555122,1,0.05794815719127655,,,,,,,,,,,,,,,,,,,,,,,,,,,
1803,"no_changes,all_inverse_edges,universal_edges",5409,5409,3,0.020458248754342396,0,180,,0.3768595854441325,4.6706114509142935,1,0.007405215408653021,1,0.00527573237195611,1,0.04869379848241806,,,,,,,,,,,,,,,,,,,,,,,,,,,
1804,"no_changes,universal_edges,all_inverse_edges",5412,5412,3,0.14462339133024216,0,180,,0.3768595854441325,4.664961649104953,1,0.28890904784202576,1,0.0061533525586128235,1,0.1388077735900879,,,,,,,,,,,,,,,,,,,,,,,,,,,
1805,"all_inverse_edges,no_changes,universal_edges",5415,5415,3,0.018755473817388218,0,180,,0.3768595854441325,4.666696044849232,1,0.0072583300061523914,1,0.006255538668483496,1,0.04275255277752876,,,,,,,,,,,,,,,,,,,,,,,,,,,
1806,"all_inverse_edges,no_changes,universal_edges",5418,5418,3,0.10716159626220663,0,180,,0.3768595854441325,4.668907834915444,1,0.2789592742919922,1,0.004580612760037184,1,0.03794490173459053,,,,,,,,,,,,,,,,,,,,,,,,,,,
1807,"universal_edges,no_changes,all_inverse_edges",5421,5421,3,0.015617244721700748,0,180,,0.3768595854441325,4.668522953987122,1,0.006614562124013901,1,0.004932051990181208,1,0.035305120050907135,,,,,,,,,,,,,,,,,,,,,,,,,,,
1808,"universal_edges,no_changes,all_inverse_edges",5424,5424,3,0.01466451802601417,0,180,,0.3768595854441325,4.668027965119109,1,0.006147637031972408,1,0.005214884877204895,1,0.032631032168865204,,,,,,,,,,,,,,,,,,,,,,,,,,,
1809,"no_changes,universal_edges,all_inverse_edges",5427,5427,3,0.015376109629869461,0,180,,0.3768595854441325,4.673063868889585,1,0.00588280288502574,1,0.004950669128447771,1,0.03529485687613487,,,,,,,,,,,,,,,,,,,,,,,,,,,
1810,"no_changes,all_inverse_edges,universal_edges",5430,5430,3,0.015363583962122599,1,181,0.37072693308194477,0.3768595854441325,19.99462608783506,1,0.005121726077049971,1,0.004596893209964037,1,0.03637213259935379,0.2488999217748642,0.37247928977012634,0.3375082399472643,0.38941990771259066,0.43144363876071196,0.988573939793452,0.9676836774447171,0.7209096901779828,0.798539347535973,0.26417189836502075,0.3842993974685669,0.3488793671720501,0.39765985497692813,0.44726433750823996,0.9889229257952357,0.9753584130475796,0.7264172709294661,0.8052099140459008,0.24888868629932404,0.3554021120071411,0.3122940013183916,0.37524719841793014,0.42963085036255766,0.9889487766101827,0.9551179215463611,0.7383816743572841,0.811648558969691
1811,"no_changes,universal_edges,all_inverse_edges",5433,5433,3,0.014606721078356108,0,181,,0.3768595854441325,4.683620626106858,1,0.005460945423692465,1,0.004175462294369936,1,0.03418375551700592,,,,,,,,,,,,,,,,,,,,,,,,,,,
1812,"universal_edges,no_changes,all_inverse_edges",5436,5436,3,0.013656080855677525,0,181,,0.3768595854441325,4.7077451690565795,1,0.005565086379647255,1,0.003961415495723486,1,0.031441740691661835,,,,,,,,,,,,,,,,,,,,,,,,,,,
1813,"all_inverse_edges,no_changes,universal_edges",5439,5439,3,0.04596438041577736,0,181,,0.3768595854441325,4.669334378093481,1,0.005585477687418461,1,0.09575068205595016,1,0.03655698150396347,,,,,,,,,,,,,,,,,,,,,,,,,,,
1814,"no_changes,universal_edges,all_inverse_edges",5442,5442,3,0.10791079296420018,0,181,,0.3768595854441325,4.668238338781521,1,0.281268447637558,1,0.00752421747893095,1,0.0349397137761116,,,,,,,,,,,,,,,,,,,,,,,,,,,
1815,"no_changes,universal_edges,all_inverse_edges",5445,5445,3,0.10744050719464819,0,181,,0.3768595854441325,4.67283700988628,1,0.2753361165523529,1,0.006937416736036539,1,0.040047988295555115,,,,,,,,,,,,,,,,,,,,,,,,,,,
1816,"no_changes,all_inverse_edges,universal_edges",5448,5448,3,0.017404739124079544,0,181,,0.3768595854441325,4.671140994876623,1,0.008797595277428627,1,0.006541742943227291,1,0.03687487915158272,,,,,,,,,,,,,,,,,,,,,,,,,,,
1817,"no_changes,all_inverse_edges,universal_edges",5451,5451,3,0.01548732832695047,0,181,,0.3768595854441325,4.656678644940257,1,0.0063026477582752705,1,0.006395120173692703,1,0.03376421704888344,,,,,,,,,,,,,,,,,,,,,,,,,,,
1818,"all_inverse_edges,no_changes,universal_edges",5454,5454,3,0.04592836322262883,0,181,,0.3768595854441325,4.664776389952749,1,0.005226187873631716,1,0.005372186191380024,1,0.12718671560287476,,,,,,,,,,,,,,,,,,,,,,,,,,,
1819,"all_inverse_edges,no_changes,universal_edges",5457,5457,3,0.015465200102577606,0,181,,0.3768595854441325,4.680039448197931,1,0.005618951749056578,1,0.00778296310454607,1,0.03299368545413017,,,,,,,,,,,,,,,,,,,,,,,,,,,
1820,"no_changes,universal_edges,all_inverse_edges",5460,5460,3,0.013235120257983604,1,182,0.37417949239412945,0.3768595854441325,19.980734287993982,1,0.004809870850294828,1,0.005323396064341068,1,0.02957209385931492,0.24806611239910126,0.3743906021118164,0.34080421885299933,0.3889255108767304,0.43243243243243246,0.9884899246448744,0.9722104248557604,0.7163447593935399,0.795107655987076,0.2656705677509308,0.3894909620285034,0.3553065260382334,0.4011206328279499,0.45286750164798945,0.9887484327943439,0.9755536105020582,0.7216446934739618,0.8007780811401972,0.25030893087387085,0.3586569130420685,0.31493078444297956,0.3800263678312459,0.43506921555702044,0.9887225819793969,0.9576585381664686,0.7305141727092946,0.8052538439317152
1821,"universal_edges,no_changes,all_inverse_edges",5463,5463,3,0.012444380826006332,0,182,,0.3768595854441325,4.668555375887081,1,0.004720640368759632,1,0.003914396744221449,1,0.028698105365037918,,,,,,,,,,,,,,,,,,,,,,,,,,,
1822,"all_inverse_edges,no_changes,universal_edges",5466,5466,3,0.01569523150101304,0,182,,0.3768595854441325,4.663654926000163,1,0.004954114556312561,1,0.004421073477715254,1,0.03771050646901131,,,,,,,,,,,,,,,,,,,,,,,,,,,
1823,"no_changes,universal_edges,all_inverse_edges",5469,5469,3,0.06964269109691183,0,182,,0.3768595854441325,4.670418509980664,1,0.004542442504316568,1,0.0859282836318016,1,0.11845734715461731,,,,,,,,,,,,,,,,,,,,,,,,,,,
1824,"all_inverse_edges,no_changes,universal_edges",5472,5472,3,0.01784032117575407,0,182,,0.3768595854441325,4.66911687492393,1,0.004511505831032991,1,0.004796352703124285,1,0.044213104993104935,,,,,,,,,,,,,,,,,,,,,,,,,,,
1825,"universal_edges,no_changes,all_inverse_edges",5475,5475,3,0.04289926992108425,0,182,,0.3768595854441325,4.663849195931107,1,0.004917067475616932,1,0.08487721532583237,1,0.038903526961803436,,,,,,,,,,,,,,,,,,,,,,,,,,,
1826,"no_changes,universal_edges,all_inverse_edges",5478,5478,3,0.04344899176309506,0,182,,0.3768595854441325,4.667053937911987,1,0.004713914357125759,1,0.005866654217243195,1,0.11976640671491623,,,,,,,,,,,,,,,,,,,,,,,,,,,
1827,"universal_edges,no_changes,all_inverse_edges",5481,5481,3,0.013589464283237854,0,182,,0.3768595854441325,4.668666536919773,1,0.00426017539575696,1,0.004386730492115021,1,0.03212148696184158,,,,,,,,,,,,,,,,,,,,,,,,,,,
1828,"no_changes,all_inverse_edges,universal_edges",5484,5484,3,0.01660653700431188,0,182,,0.3768595854441325,4.662382112815976,1,0.004350580275058746,1,0.0044464245438575745,1,0.04102260619401932,,,,,,,,,,,,,,,,,,,,,,,,,,,
1829,"all_inverse_edges,no_changes,universal_edges",5487,5487,3,0.13353146115938822,0,182,,0.3768595854441325,4.68208601209335,1,0.2797044813632965,1,0.0843028649687767,1,0.03658703714609146,,,,,,,,,,,,,,,,,,,,,,,,,,,
1830,"no_changes,all_inverse_edges,universal_edges",5490,5490,3,0.0417172871530056,1,183,0.3733909030755361,0.3768595854441325,19.974689899012446,1,0.0055941008031368256,1,0.08408505469560623,1,0.03547270596027374,0.25137418508529663,0.37349531054496765,0.3353658536585366,0.39353988134475937,0.43836519446275546,0.9887031938681867,0.955915790143212,0.7309887936717205,0.805298656269996,0.26759397983551025,0.390175998210907,0.3531641397495056,0.40260382333553063,0.4589650626235992,0.9887548954980806,0.9539816399238998,0.7335992089650627,0.8071901612607347,0.25200724601745605,0.35650140047073364,0.30899802241265656,0.3810151615029664,0.4391891891891892,0.9886385668308193,0.933470309591925,0.7438760711931444,0.8111232102976222
1831,"no_changes,universal_edges,all_inverse_edges",5493,5493,3,0.06471699910859267,0,183,,0.3768595854441325,4.678135905880481,1,0.004836736246943474,1,0.08015413582324982,1,0.10916012525558472,,,,,,,,,,,,,,,,,,,,,,,,,,,
1832,"no_changes,all_inverse_edges,universal_edges",5496,5496,3,0.016810982177654903,0,183,,0.3768595854441325,4.664396760985255,1,0.0057739452458918095,1,0.004712229128926992,1,0.039946772158145905,,,,,,,,,,,,,,,,,,,,,,,,,,,
1833,"no_changes,universal_edges,all_inverse_edges",5499,5499,3,0.014051316461215416,0,183,,0.3768595854441325,4.668289317982271,1,0.005308675114065409,1,0.004397101700305939,1,0.0324481725692749,,,,,,,,,,,,,,,,,,,,,,,,,,,
1834,"no_changes,all_inverse_edges,universal_edges",5502,5502,3,0.04643926738450924,0,183,,0.3768595854441325,4.677108997944742,1,0.004585224203765392,1,0.08228231221437454,1,0.0524502657353878,,,,,,,,,,,,,,,,,,,,,,,,,,,
1835,"no_changes,all_inverse_edges,universal_edges",5505,5505,3,0.10986785870045424,0,183,,0.3768595854441325,4.674324213992804,1,0.27347561717033386,1,0.006374948658049107,1,0.049753010272979736,,,,,,,,,,,,,,,,,,,,,,,,,,,
1836,"no_changes,universal_edges,all_inverse_edges",5508,5508,3,0.018132046641161043,0,183,,0.3768595854441325,4.666156505001709,1,0.005182330962270498,1,0.00744196493178606,1,0.041771844029426575,,,,,,,,,,,,,,,,,,,,,,,,,,,
1837,"no_changes,all_inverse_edges,universal_edges",5511,5511,3,0.10639149540414412,0,183,,0.3768595854441325,4.668006970081478,1,0.27472272515296936,1,0.005238584242761135,1,0.03921317681670189,,,,,,,,,,,,,,,,,,,,,,,,,,,
1838,"all_inverse_edges,universal_edges,no_changes",5514,5514,3,0.015847121986250084,0,183,,0.3768595854441325,4.659563709050417,1,0.007872708141803741,1,0.004950732924044132,1,0.034717924892902374,,,,,,,,,,,,,,,,,,,,,,,,,,,
1839,"universal_edges,no_changes,all_inverse_edges",5517,5517,3,0.04246611644824346,0,183,,0.3768595854441325,4.662526942091063,1,0.006009086966514587,1,0.08708658814430237,1,0.03430267423391342,,,,,,,,,,,,,,,,,,,,,,,,,,,
1840,"universal_edges,all_inverse_edges,no_changes",5520,5520,3,0.014261122792959213,1,184,0.375190407037735,0.3768595854441325,20.01844929996878,1,0.0047687869518995285,1,0.004828250035643578,1,0.033186331391334534,0.2496214509010315,0.37468722462654114,0.33783783783783783,0.39403427818061965,0.4362228081740277,0.9886773430532397,0.9626182433512083,0.7264535266974291,0.8026337465030668,0.26727816462516785,0.3917925953865051,0.35563612392880684,0.4040870138431114,0.4573170731707317,0.9888453733503949,0.9682868850270139,0.7279927488464074,0.8052218334447878,0.25133711099624634,0.3590914011001587,0.31295319709953856,0.3829927488464074,0.4367172050098879,0.988670880349503,0.949373690824124,0.7340408701384311,0.8065400849068498
1841,"universal_edges,no_changes,all_inverse_edges",5523,5523,3,0.044312416575849056,0,184,,0.3768595854441325,4.669180880999193,1,0.00556359626352787,1,0.012655305676162243,1,0.11471834778785706,,,,,,,,,,,,,,,,,,,,,,,,,,,
1842,"universal_edges,no_changes,all_inverse_edges",5526,5526,3,0.01581200600291292,0,184,,0.3768595854441325,4.667868752963841,1,0.005461582913994789,1,0.0067352899350225925,1,0.035239145159721375,,,,,,,,,,,,,,,,,,,,,,,,,,,
1843,"all_inverse_edges,universal_edges,no_changes",5529,5529,3,0.10463702166453004,0,184,,0.3768595854441325,4.665825281990692,1,0.27551501989364624,1,0.0051127332262694836,1,0.03328331187367439,,,,,,,,,,,,,,,,,,,,,,,,,,,
1844,"all_inverse_edges,no_changes,universal_edges",5532,5532,3,0.10369368254517515,0,184,,0.3768595854441325,4.6707952111028135,1,0.27236711978912354,1,0.005107812117785215,1,0.033606115728616714,,,,,,,,,,,,,,,,,,,,,,,,,,,
1845,"all_inverse_edges,no_changes,universal_edges",5535,5535,3,0.01369658795495828,0,184,,0.3768595854441325,4.670591974165291,1,0.0046545066870749,1,0.005287833046168089,1,0.03114742413163185,,,,,,,,,,,,,,,,,,,,,,,,,,,
1846,"universal_edges,all_inverse_edges,no_changes",5538,5538,3,0.10126468927289049,0,184,,0.3768595854441325,4.662538178032264,1,0.2711288034915924,1,0.004443957004696131,1,0.028221307322382927,,,,,,,,,,,,,,,,,,,,,,,,,,,
1847,"no_changes,all_inverse_edges,universal_edges",5541,5541,3,0.12975896010175347,0,184,,0.3768595854441325,4.675675281090662,1,0.2689721882343292,1,0.004642519634217024,1,0.11566217243671417,,,,,,,,,,,,,,,,,,,,,,,,,,,
1848,"all_inverse_edges,no_changes,universal_edges",5544,5544,3,0.013588943053036928,0,184,,0.3768595854441325,4.6657424659933895,1,0.005076068919152021,1,0.005150927230715752,1,0.03053983300924301,,,,,,,,,,,,,,,,,,,,,,,,,,,
1849,"universal_edges,no_changes,all_inverse_edges",5547,5547,3,0.0122911655344069,0,184,,0.3768595854441325,4.678265389986336,1,0.004540758207440376,1,0.004574976395815611,1,0.027757761999964714,,,,,,,,,,,,,,,,,,,,,,,,,,,
1850,"no_changes,universal_edges,all_inverse_edges",5550,5550,3,0.014338938053697348,1,185,0.3769143323103587,0.3769143323103587,20.085461005102843,1,0.005648597609251738,1,0.004281842149794102,1,0.033086374402046204,0.25000572204589844,0.37369149923324585,0.33866183256427157,0.39156229400131837,0.43358602504943966,0.9884640738299275,0.9648125852723655,0.7194001318391562,0.7965571957723021,0.2689652442932129,0.39234790205955505,0.3581081081081081,0.4014502307185234,0.45682267633487145,0.9887225819793969,0.9663578413733683,0.7256690837178642,0.8026885308781455,0.25601109862327576,0.36470359563827515,0.3210283454185893,0.38546473302570866,0.43902439024390244,0.9886127160158724,0.9498637396645484,0.7320731707317073,0.8049201495293619
1851,"no_changes,universal_edges,all_inverse_edges",5553,5553,3,0.014883005215475956,0,185,,0.3769143323103587,4.6763813321013,1,0.005042145028710365,1,0.003968165721744299,1,0.035638704895973206,,,,,,,,,,,,,,,,,,,,,,,,,,,
1852,"universal_edges,all_inverse_edges,no_changes",5556,5556,3,0.04021482542157173,0,185,,0.3769143323103587,4.665249272016808,1,0.004726782441139221,1,0.0812891349196434,1,0.03462855890393257,,,,,,,,,,,,,,,,,,,,,,,,,,,
1853,"no_changes,universal_edges,all_inverse_edges",5559,5559,3,0.03953962322945396,0,185,,0.3769143323103587,4.6727608169894665,1,0.003635008819401264,1,0.0051210117526352406,1,0.10986284911632538,,,,,,,,,,,,,,,,,,,,,,,,,,,
1854,"universal_edges,all_inverse_edges,no_changes",5562,5562,3,0.0390545593885084,0,185,,0.3769143323103587,4.675134437857196,1,0.004654125776141882,1,0.08033968508243561,1,0.03216986730694771,,,,,,,,,,,,,,,,,,,,,,,,,,,
1855,"all_inverse_edges,universal_edges,no_changes",5565,5565,3,0.013828740610430637,0,185,,0.3769143323103587,4.669852294027805,1,0.004638980608433485,1,0.00420064851641655,1,0.03264659270644188,,,,,,,,,,,,,,,,,,,,,,,,,,,
1856,"no_changes,universal_edges,all_inverse_edges",5568,5568,3,0.10617807585125168,0,185,,0.3769143323103587,4.672587167005986,1,0.277278333902359,1,0.004154390189796686,1,0.03710150346159935,,,,,,,,,,,,,,,,,,,,,,,,,,,
1857,"universal_edges,all_inverse_edges,no_changes",5571,5571,3,0.10482479585334659,0,185,,0.3769143323103587,4.666676335036755,1,0.278829425573349,1,0.004565295297652483,1,0.031079666689038277,,,,,,,,,,,,,,,,,,,,,,,,,,,
1858,"no_changes,all_inverse_edges,universal_edges",5574,5574,3,0.1310628637050589,0,185,,0.3769143323103587,4.663218439090997,1,0.27371010184288025,1,0.005867297761142254,1,0.11361119151115417,,,,,,,,,,,,,,,,,,,,,,,,,,,
1859,"universal_edges,no_changes,all_inverse_edges",5577,5577,3,0.03998300991952419,0,185,,0.3769143323103587,4.6767135029658675,1,0.007098564878106117,1,0.08107755333185196,1,0.0317729115486145,,,,,,,,,,,,,,,,,,,,,,,,,,,
1860,"universal_edges,no_changes,all_inverse_edges",5580,5580,3,0.10887000104412436,1,186,0.3732474446296692,0.3769143323103587,20.0213144661393,1,0.28687384724617004,1,0.007593848276883364,1,0.03214230760931969,0.24657949805259705,0.36997535824775696,0.33124588002636784,0.39007910349373764,0.43704680290046144,0.9885674770897153,0.9280951052612014,0.7457778510217534,0.8113169131628261,0.2667885422706604,0.3905375301837921,0.35448253131179963,0.40227422544495717,0.4553394858272907,0.9892460609820725,0.9402376772148011,0.7569446275543836,0.8235740498600383,0.25302523374557495,0.3592294454574585,0.31394199077125906,0.37969676994067236,0.4386947923533289,0.9890004782400765,0.9193646488851801,0.7665095583388266,0.8252167557705882
1861,"all_inverse_edges,universal_edges,no_changes",5583,5583,3,0.017158938727031153,0,186,,0.3769143323103587,4.678884751163423,1,0.008786963298916817,1,0.007724494207650423,1,0.034965358674526215,,,,,,,,,,,,,,,,,,,,,,,,,,,
1862,"universal_edges,no_changes,all_inverse_edges",5586,5586,3,0.10669387426848213,0,186,,0.3769143323103587,4.665555906947702,1,0.2840067148208618,1,0.004093335475772619,1,0.03198157250881195,,,,,,,,,,,,,,,,,,,,,,,,,,,
1863,"all_inverse_edges,universal_edges,no_changes",5589,5589,3,0.040610141741732754,0,186,,0.3769143323103587,4.664835218107328,1,0.005502826999872923,1,0.004944137763231993,1,0.11138346046209335,,,,,,,,,,,,,,,,,,,,,,,,,,,
1864,"no_changes,all_inverse_edges,universal_edges",5592,5592,3,0.017041624523699284,0,186,,0.3769143323103587,4.663883042987436,1,0.005493005737662315,1,0.007415660656988621,1,0.038216207176446915,,,,,,,,,,,,,,,,,,,,,,,,,,,
1865,"no_changes,all_inverse_edges,universal_edges",5595,5595,3,0.04074450256302953,0,186,,0.3769143323103587,4.662133960984647,1,0.008081807754933834,1,0.006427204702049494,1,0.10772449523210526,,,,,,,,,,,,,,,,,,,,,,,,,,,
1866,"universal_edges,no_changes,all_inverse_edges",5598,5598,3,0.014946408414592346,0,186,,0.3769143323103587,4.660924015101045,1,0.007330264896154404,1,0.005731634330004454,1,0.03177732601761818,,,,,,,,,,,,,,,,,,,,,,,,,,,
1867,"no_changes,all_inverse_edges,universal_edges",5601,5601,3,0.10943303800498445,0,186,,0.3769143323103587,4.670741508016363,1,0.2796260416507721,1,0.005521406885236502,1,0.04315166547894478,,,,,,,,,,,,,,,,,,,,,,,,,,,
1868,"universal_edges,all_inverse_edges,no_changes",5604,5604,3,0.03787120571359992,0,186,,0.3769143323103587,4.674172148806974,1,0.007076125126332045,1,0.005322546698153019,1,0.1012149453163147,,,,,,,,,,,,,,,,,,,,,,,,,,,
1869,"all_inverse_edges,universal_edges,no_changes",5607,5607,3,0.028626663299898308,0,186,,0.3769143323103587,4.662546698004007,1,0.006319832522422075,1,0.004528824705630541,1,0.0750313326716423,,,,,,,,,,,,,,,,,,,,,,,,,,,
1870,"all_inverse_edges,universal_edges,no_changes",5610,5610,3,0.04294804638872544,1,187,0.3752861022949219,0.3769143323103587,19.995019893860444,1,0.0075772544369101524,1,0.005472732707858086,1,0.11579415202140808,0.24804629385471344,0.37325793504714966,0.3348714568226763,0.3927158866183256,0.43358602504943966,0.9880246099758295,0.9246200804374194,0.7317732366512855,0.7987784138445079,0.26776984333992004,0.392107218503952,0.35761371127224784,0.40260382333553063,0.4559986816084377,0.9880698489019867,0.9249403676136607,0.7329268292682927,0.7998336704550004,0.25322380661964417,0.36049315333366394,0.3147659854976928,0.3828279499011206,0.44034278180619646,0.9880052218646193,0.9096387552495828,0.7433915622940013,0.8045025764725934
1871,"universal_edges,no_changes,all_inverse_edges",5613,5613,3,0.1147889665638407,0,187,,0.3769143323103587,4.656761339167133,1,0.28419002890586853,1,0.008220369927585125,1,0.051956500858068466,,,,,,,,,,,,,,,,,,,,,,,,,,,
1872,"universal_edges,all_inverse_edges,no_changes",5616,5616,3,0.04440484397734205,0,187,,0.3769143323103587,4.671651193872094,1,0.0073763118125498295,1,0.08585970103740692,1,0.0399785190820694,,,,,,,,,,,,,,,,,,,,,,,,,,,
1873,"universal_edges,all_inverse_edges,no_changes",5619,5619,3,0.01815892445544402,0,187,,0.3769143323103587,4.660201624035835,1,0.005963750183582306,1,0.008676746860146523,1,0.039836276322603226,,,,,,,,,,,,,,,,,,,,,,,,,,,
1874,"universal_edges,no_changes,all_inverse_edges",5622,5622,3,0.040709363762289286,0,187,,0.3769143323103587,4.665406994987279,1,0.006016579922288656,1,0.007203536108136177,1,0.10890797525644302,,,,,,,,,,,,,,,,,,,,,,,,,,,
1875,"universal_edges,all_inverse_edges,no_changes",5625,5625,3,0.01973177958279848,0,187,,0.3769143323103587,4.6698531890287995,1,0.006828592158854008,1,0.005442606285214424,1,0.04692414030432701,,,,,,,,,,,,,,,,,,,,,,,,,,,
1876,"universal_edges,all_inverse_edges,no_changes",5628,5628,3,0.015121065701047579,0,187,,0.3769143323103587,4.652188365813345,1,0.00576816825196147,1,0.004702048841863871,1,0.0348929800093174,,,,,,,,,,,,,,,,,,,,,,,,,,,
1877,"all_inverse_edges,no_changes,universal_edges",5631,5631,3,0.021754977914194267,0,187,,0.3769143323103587,4.661123650847003,1,0.005174477584660053,1,0.0047508105635643005,1,0.055339645594358444,,,,,,,,,,,,,,,,,,,,,,,,,,,
1878,"all_inverse_edges,universal_edges,no_changes",5634,5634,3,0.04151383383820454,0,187,,0.3769143323103587,4.668381527066231,1,0.005576481577008963,1,0.004680161830037832,1,0.11428485810756683,,,,,,,,,,,,,,,,,,,,,,,,,,,
1879,"no_changes,all_inverse_edges,universal_edges",5637,5637,3,0.142841805703938,0,187,,0.3769143323103587,4.664219742873684,1,0.289036363363266,1,0.005826680921018124,1,0.1336623728275299,,,,,,,,,,,,,,,,,,,,,,,,,,,
1880,"no_changes,all_inverse_edges,universal_edges",5640,5640,3,0.046029443542162575,1,188,0.37827974557876587,0.37827974557876587,20.062321114819497,1,0.008186839520931244,1,0.0050276219844818115,1,0.12487386912107468,0.2528638541698456,0.3776623010635376,0.34278180619644033,0.39337508239947266,0.4386947923533289,0.9885480889785051,0.9466899337017731,0.732201713909031,0.8043175351011497,0.2673894464969635,0.39276793599128723,0.3581081081081081,0.4027686222808174,0.45682267633487145,0.9889681647213928,0.9603366869182195,0.7358075148319051,0.8105617077876344,0.2530217468738556,0.3644089996814728,0.3211931443638761,0.38447593935398816,0.4386947923533289,0.9887484327943439,0.9317680090798278,0.7484541858932103,0.8144568657586609
1881,"universal_edges,no_changes,all_inverse_edges",5643,5643,3,0.05626146666084727,0,188,,0.37827974557876587,4.664380430942401,1,0.007591207977384329,1,0.09288008511066437,1,0.0683131068944931,,,,,,,,,,,,,,,,,,,,,,,,,,,
1882,"all_inverse_edges,no_changes,universal_edges",5646,5646,3,0.03178457263857126,0,188,,0.37827974557876587,4.657188150798902,1,0.006461296696215868,1,0.004880851600319147,1,0.08401156961917877,,,,,,,,,,,,,,,,,,,,,,,,,,,
1883,"no_changes,universal_edges,all_inverse_edges",5649,5649,3,0.048446593495706715,0,188,,0.37827974557876587,4.6625965759158134,1,0.007670200429856777,1,0.012852722778916359,1,0.12481685727834702,,,,,,,,,,,,,,,,,,,,,,,,,,,
1884,"no_changes,all_inverse_edges,universal_edges",5652,5652,3,0.15929194477697214,0,188,,0.37827974557876587,4.670892740832642,1,0.28882238268852234,1,0.008659398183226585,1,0.18039405345916748,,,,,,,,,,,,,,,,,,,,,,,,,,,
1885,"universal_edges,all_inverse_edges,no_changes",5655,5655,3,0.07030557872106631,0,188,,0.37827974557876587,4.670223196968436,1,0.00630134716629982,1,0.0066490815952420235,1,0.1979663074016571,,,,,,,,,,,,,,,,,,,,,,,,,,,
1886,"all_inverse_edges,universal_edges,no_changes",5658,5658,3,0.02860852036004265,0,188,,0.37827974557876587,4.656891167862341,1,0.005676895845681429,1,0.009379452094435692,1,0.07076921314001083,,,,,,,,,,,,,,,,,,,,,,,,,,,
1887,"all_inverse_edges,universal_edges,no_changes",5661,5661,3,0.05750633760665854,0,188,,0.37827974557876587,4.655723402975127,1,0.0049971346743404865,1,0.01206065621227026,1,0.15546122193336487,,,,,,,,,,,,,,,,,,,,,,,,,,,
1888,"no_changes,all_inverse_edges,universal_edges",5664,5664,3,0.0799485519528389,0,188,,0.37827974557876587,4.65684711211361,1,0.005416445434093475,1,0.09673251211643219,1,0.13769669830799103,,,,,,,,,,,,,,,,,,,,,,,,,,,
1889,"no_changes,universal_edges,all_inverse_edges",5667,5667,3,0.07684868481010199,0,188,,0.37827974557876587,4.659348915098235,1,0.0064356448128819466,1,0.08820997178554535,1,0.13590043783187866,,,,,,,,,,,,,,,,,,,,,,,,,,,
1890,"universal_edges,no_changes,all_inverse_edges",5670,5670,3,0.025811630456397932,1,189,0.3753679593404134,0.37827974557876587,19.94141507591121,1,0.004757673945277929,1,0.009445011615753174,1,0.06323220580816269,0.24736635386943817,0.3707198202610016,0.3325642715886618,0.3902439024390244,0.4391891891891892,0.9888970749802888,0.9637388610459452,0.7318951878707977,0.8078090807928935,0.26506370306015015,0.3905313313007355,0.3548121292023731,0.4017798286090969,0.4573170731707317,0.9891685085372316,0.9690256987948878,0.7363941990771259,0.8129949219778916,0.25536832213401794,0.3648527264595032,0.3226763348714568,0.38414634146341464,0.43754119973632166,0.9888712241653418,0.9402137247544751,0.745932762030323,0.8145273372928408
1891,"no_changes,universal_edges,all_inverse_edges",5673,5673,3,0.017388237329820793,0,189,,0.37827974557876587,4.659034507116303,1,0.004736690782010555,1,0.006092546507716179,1,0.04133547469973564,,,,,,,,,,,,,,,,,,,,,,,,,,,
1892,"universal_edges,all_inverse_edges,no_changes",5676,5676,3,0.01457442482933402,0,189,,0.37827974557876587,4.652445081155747,1,0.004620139021426439,1,0.00439656525850296,1,0.03470657020807266,,,,,,,,,,,,,,,,,,,,,,,,,,,
1893,"no_changes,universal_edges,all_inverse_edges",5679,5679,3,0.020169612330694992,0,189,,0.37827974557876587,4.6578842520248145,1,0.004269948694854975,1,0.0063302950002253056,1,0.0499085932970047,,,,,,,,,,,,,,,,,,,,,,,,,,,
1894,"all_inverse_edges,universal_edges,no_changes",5682,5682,3,0.018454939903070528,0,189,,0.37827974557876587,4.657630658010021,1,0.004547297488898039,1,0.005025255493819714,1,0.045792266726493835,,,,,,,,,,,,,,,,,,,,,,,,,,,
1895,"no_changes,universal_edges,all_inverse_edges",5685,5685,3,0.02573177699620525,0,189,,0.37827974557876587,4.654700360959396,1,0.00444176746532321,1,0.008313708007335663,1,0.06443985551595688,,,,,,,,,,,,,,,,,,,,,,,,,,,
1896,"all_inverse_edges,universal_edges,no_changes",5688,5688,3,0.04870232008397579,0,189,,0.37827974557876587,4.6509474399499595,1,0.0045007336884737015,1,0.08735425025224686,1,0.05425197631120682,,,,,,,,,,,,,,,,,,,,,,,,,,,
1897,"universal_edges,no_changes,all_inverse_edges",5691,5691,3,0.018044225095460813,0,189,,0.37827974557876587,4.658848737832159,1,0.005983400624245405,1,0.007954766973853111,1,0.04019450768828392,,,,,,,,,,,,,,,,,,,,,,,,,,,
1898,"all_inverse_edges,no_changes,universal_edges",5694,5694,3,0.04539184644818306,0,189,,0.37827974557876587,4.655439944006503,1,0.004688779823482037,1,0.007346593774855137,1,0.124140165746212,,,,,,,,,,,,,,,,,,,,,,,,,,,
1899,"universal_edges,all_inverse_edges,no_changes",5697,5697,3,0.015716358708838623,0,189,,0.37827974557876587,4.667220170842484,1,0.006148040760308504,1,0.005830890033394098,1,0.03517014533281326,,,,,,,,,,,,,,,,,,,,,,,,,,,
1900,"universal_edges,all_inverse_edges,no_changes",5700,5700,3,0.03915471381818255,1,190,0.37681901454925537,0.37827974557876587,19.84539054497145,1,0.0048378705978393555,1,0.006657341029495001,1,0.10596892982721329,0.24971535801887512,0.37409892678260803,0.33684904416611733,0.3912326961107449,0.4377059986816084,0.9890069409438133,0.9599392039646741,0.7371193144363876,0.8116332907199504,0.26679423451423645,0.3908282518386841,0.3528345418589321,0.40557020435069213,0.46011865524060647,0.989549808057699,0.9601823316462919,0.7520929466051418,0.8246278234265698,0.2556261718273163,0.365529865026474,0.32036914963744234,0.38612392880685564,0.44396835860250494,0.9892654490932826,0.9342051248343761,0.7621226104152934,0.8260718115102004
1901,"universal_edges,no_changes,all_inverse_edges",5703,5703,3,0.03805099334567785,0,190,,0.37827974557876587,4.684456223156303,1,0.005440796725451946,1,0.004910649731755257,1,0.10380153357982635,,,,,,,,,,,,,,,,,,,,,,,,,,,
1902,"all_inverse_edges,no_changes,universal_edges",5706,5706,3,0.015811186283826828,0,190,,0.37827974557876587,4.66240917192772,1,0.004437703639268875,1,0.004873290657997131,1,0.03812256455421448,,,,,,,,,,,,,,,,,,,,,,,,,,,
1903,"all_inverse_edges,universal_edges,no_changes",5709,5709,3,0.013057327208419641,0,190,,0.37827974557876587,4.6499087661504745,1,0.00570280896499753,1,0.00363529147580266,1,0.029833881184458733,,,,,,,,,,,,,,,,,,,,,,,,,,,
1904,"universal_edges,no_changes,all_inverse_edges",5712,5712,3,0.012241417930151025,0,190,,0.37827974557876587,4.647432549158111,1,0.003705494338646531,1,0.003936308436095715,1,0.02908245101571083,,,,,,,,,,,,,,,,,,,,,,,,,,,
1905,"no_changes,universal_edges,all_inverse_edges",5715,5715,3,0.016069685108959675,0,190,,0.37827974557876587,4.6526826152112335,1,0.004881535656750202,1,0.004082782194018364,1,0.03924473747611046,,,,,,,,,,,,,,,,,,,,,,,,,,,
1906,"no_changes,universal_edges,all_inverse_edges",5718,5718,3,0.10587148073439796,0,190,,0.37827974557876587,4.655969046056271,1,0.2770681083202362,1,0.004508370999246836,1,0.03603796288371086,,,,,,,,,,,,,,,,,,,,,,,,,,,
1907,"all_inverse_edges,no_changes,universal_edges",5721,5721,3,0.04184766657029589,0,190,,0.37827974557876587,4.654644202906638,1,0.006216166075319052,1,0.00408969447016716,1,0.11523713916540146,,,,,,,,,,,,,,,,,,,,,,,,,,,
1908,"all_inverse_edges,no_changes,universal_edges",5724,5724,3,0.01705712095523874,0,190,,0.37827974557876587,4.670637927018106,1,0.006207428872585297,1,0.004220135975629091,1,0.04074379801750183,,,,,,,,,,,,,,,,,,,,,,,,,,,
1909,"universal_edges,no_changes,all_inverse_edges",5727,5727,3,0.014851597758630911,0,190,,0.37827974557876587,4.651830788003281,1,0.005242929328233004,1,0.004659019876271486,1,0.034652844071388245,,,,,,,,,,,,,,,,,,,,,,,,,,,
1910,"no_changes,universal_edges,all_inverse_edges",5730,5730,3,0.017207641309748094,1,191,0.37869611382484436,0.37869611382484436,19.890184704912826,1,0.004798941779881716,1,0.003963731229305267,1,0.0428602509200573,0.25169849395751953,0.37911805510520935,0.34344100197758737,0.3961766644693474,0.44034278180619646,0.9888453733503949,0.9707362200103469,0.7267007251153592,0.8045364519025573,0.26850247383117676,0.39336010813713074,0.35596572181938035,0.4057350032959789,0.46209624258404747,0.9890586425737071,0.9744503829961535,0.7305240606460118,0.8088201783660083,0.2561606168746948,0.363610178232193,0.31855636123928804,0.38365194462755436,0.4408371786420567,0.9889810901288663,0.9542118946888729,0.7398516809492419,0.8127196372574925
1911,"universal_edges,all_inverse_edges,no_changes",5733,5733,3,0.042435070499777794,0,191,,0.37869611382484436,4.650105735985562,1,0.004955237731337547,1,0.08666007965803146,1,0.03568989410996437,,,,,,,,,,,,,,,,,,,,,,,,,,,
1912,"no_changes,universal_edges,all_inverse_edges",5736,5736,3,0.022553452445815008,0,191,,0.37869611382484436,4.703271623933688,1,0.006038178224116564,1,0.0062448857352137566,1,0.0553772933781147,,,,,,,,,,,,,,,,,,,,,,,,,,,
1913,"all_inverse_edges,no_changes,universal_edges",5739,5739,3,0.020571237585196894,0,191,,0.37869611382484436,4.646074282005429,1,0.005779428873211145,1,0.006440520286560059,1,0.04949376359581947,,,,,,,,,,,,,,,,,,,,,,,,,,,
1914,"no_changes,universal_edges,all_inverse_edges",5742,5742,3,0.04048477609952291,0,191,,0.37869611382484436,4.651129989884794,1,0.005783535074442625,1,0.0048990328796207905,1,0.11077176034450531,,,,,,,,,,,,,,,,,,,,,,,,,,,
1915,"all_inverse_edges,no_changes,universal_edges",5745,5745,3,0.04434498337407907,0,191,,0.37869611382484436,4.649616888957098,1,0.005537701770663261,1,0.082364022731781,1,0.04513322561979294,,,,,,,,,,,,,,,,,,,,,,,,,,,
1916,"all_inverse_edges,universal_edges,no_changes",5748,5748,3,0.1315236302713553,0,191,,0.37869611382484436,4.669134537922218,1,0.2769913971424103,1,0.08224746584892273,1,0.035332027822732925,,,,,,,,,,,,,,,,,,,,,,,,,,,
1917,"universal_edges,all_inverse_edges,no_changes",5751,5751,3,0.014963564618180195,0,191,,0.37869611382484436,4.643837945070118,1,0.004914669785648584,1,0.004729070700705051,1,0.03524695336818695,,,,,,,,,,,,,,,,,,,,,,,,,,,
1918,"universal_edges,all_inverse_edges,no_changes",5754,5754,3,0.015629741828888655,0,191,,0.37869611382484436,4.646520672831684,1,0.005373879335820675,1,0.004498168360441923,1,0.037017177790403366,,,,,,,,,,,,,,,,,,,,,,,,,,,
1919,"no_changes,universal_edges,all_inverse_edges",5757,5757,3,0.042934879971047245,0,191,,0.37869611382484436,4.64705748995766,1,0.0052805813029408455,1,0.08192777633666992,1,0.04159628227353096,,,,,,,,,,,,,,,,,,,,,,,,,,,
1920,"no_changes,universal_edges,all_inverse_edges",5760,5760,3,0.03939196886494756,1,192,0.3755236665407817,0.37869611382484436,19.787605027202517,1,0.004263116512447596,1,0.006806238554418087,1,0.10710655152797699,0.2487310916185379,0.3751755356788635,0.33866183256427157,0.39353988134475937,0.43852999340804216,0.9889035376840255,0.9715302726069854,0.727860909690178,0.8057692584586956,0.2657271921634674,0.3900633454322815,0.35299934080421885,0.4030982201713909,0.4586354647330257,0.989136195018548,0.9689241999463489,0.7355702043506922,0.8122336791391005,0.2535156309604645,0.36133211851119995,0.3162491760052736,0.38117996044825314,0.4408371786420567,0.989110344203601,0.9540113021736012,0.74363216875412,0.8159363195276736
1921,"universal_edges,no_changes,all_inverse_edges",5763,5763,3,0.038270199205726385,0,192,,0.37869611382484436,4.648673546966165,1,0.004977563861757517,1,0.007986778393387794,1,0.10184625536203384,,,,,,,,,,,,,,,,,,,,,,,,,,,
1922,"all_inverse_edges,no_changes,universal_edges",5766,5766,3,0.042440384005506836,0,192,,0.37869611382484436,4.648078211117536,1,0.0050618406385183334,1,0.08276662975549698,1,0.03949268162250519,,,,,,,,,,,,,,,,,,,,,,,,,,,
1923,"no_changes,all_inverse_edges,universal_edges",5769,5769,3,0.01652671272555987,0,192,,0.37869611382484436,4.647820108104497,1,0.004594537429511547,1,0.008643277920782566,1,0.0363423228263855,,,,,,,,,,,,,,,,,,,,,,,,,,,
1924,"all_inverse_edges,universal_edges,no_changes",5772,5772,3,0.023351280484348536,0,192,,0.37869611382484436,4.6457109078764915,1,0.004575309809297323,1,0.028601137921214104,1,0.03687739372253418,,,,,,,,,,,,,,,,,,,,,,,,,,,
1925,"all_inverse_edges,no_changes,universal_edges",5775,5775,3,0.04424652752156059,0,192,,0.37869611382484436,4.647142572095618,1,0.004390062298625708,1,0.019521944224834442,1,0.10882757604122162,,,,,,,,,,,,,,,,,,,,,,,,,,,
1926,"no_changes,all_inverse_edges,universal_edges",5778,5778,3,0.1052529402077198,0,192,,0.37869611382484436,4.648220333037898,1,0.2752438485622406,1,0.008522722870111465,1,0.03199224919080734,,,,,,,,,,,,,,,,,,,,,,,,,,,
1927,"no_changes,all_inverse_edges,universal_edges",5781,5781,3,0.014275350763152042,0,192,,0.37869611382484436,4.646600030129775,1,0.0048993309028446674,1,0.007035118527710438,1,0.030891602858901024,,,,,,,,,,,,,,,,,,,,,,,,,,,
1928,"all_inverse_edges,no_changes,universal_edges",5784,5784,3,0.014069272205233574,0,192,,0.37869611382484436,4.6692384069319814,1,0.0056428429670631886,1,0.006139428820461035,1,0.0304255448281765,,,,,,,,,,,,,,,,,,,,,,,,,,,
1929,"no_changes,all_inverse_edges,universal_edges",5787,5787,3,0.013882605669399103,0,192,,0.37869611382484436,4.666353594977409,1,0.0050614322535693645,1,0.006651544477790594,1,0.02993484027683735,,,,,,,,,,,,,,,,,,,,,,,,,,,
1930,"all_inverse_edges,no_changes,universal_edges",5790,5790,3,0.036935925328483186,1,193,0.3748578429222107,0.37869611382484436,19.798437524121255,1,0.00452973460778594,1,0.005627231672406197,1,0.10065080970525742,0.25039049983024597,0.37243133783340454,0.3335530652603823,0.3938694792353329,0.4372116018457482,0.9888453733503949,0.9676829930014785,0.7283157547791694,0.8053924171279172,0.2681269347667694,0.3899737000465393,0.3528345418589321,0.40260382333553063,0.4602834541858932,0.9890844933886541,0.9723623863692986,0.732313777191826,0.8100217125653877,0.2568364441394806,0.36216849088668823,0.31789716545814106,0.3813447593935399,0.43951878707976266,0.9890327917587602,0.9518783979849178,0.7427851021753461,0.8147040126174098
1931,"all_inverse_edges,universal_edges,no_changes",5793,5793,3,0.06163073144853115,0,193,,0.37869611382484436,4.645590852946043,1,0.005488606169819832,1,0.08281935751438141,1,0.09658423066139221,,,,,,,,,,,,,,,,,,,,,,,,,,,
1932,"all_inverse_edges,universal_edges,no_changes",5796,5796,3,0.013053546970089277,0,193,,0.37869611382484436,4.639673755969852,1,0.007289969827979803,1,0.004431322682648897,1,0.02743934839963913,,,,,,,,,,,,,,,,,,,,,,,,,,,
1933,"no_changes,universal_edges,all_inverse_edges",5799,5799,3,0.10094751340026657,0,193,,0.37869611382484436,4.654098463943228,1,0.2702614963054657,1,0.005276241805404425,1,0.02730480208992958,,,,,,,,,,,,,,,,,,,,,,,,,,,
1934,"universal_edges,no_changes,all_inverse_edges",5802,5802,3,0.03531693294644356,0,193,,0.37869611382484436,4.6594602800905704,1,0.007329951506108046,1,0.005727939773350954,1,0.09289290755987167,,,,,,,,,,,,,,,,,,,,,,,,,,,
1935,"all_inverse_edges,no_changes,universal_edges",5805,5805,3,0.014133459888398647,0,193,,0.37869611382484436,4.661111837951466,1,0.00507722795009613,1,0.0051584551110863686,1,0.03216469660401344,,,,,,,,,,,,,,,,,,,,,,,,,,,
1936,"universal_edges,all_inverse_edges,no_changes",5808,5808,3,0.013021459026883045,0,193,,0.37869611382484436,4.650690947892144,1,0.005174681078642607,1,0.006139995530247688,1,0.027749700471758842,,,,,,,,,,,,,,,,,,,,,,,,,,,
1937,"universal_edges,all_inverse_edges,no_changes",5811,5811,3,0.015308540780097246,0,193,,0.37869611382484436,4.640735423890874,1,0.007230797316879034,1,0.004609048366546631,1,0.034085776656866074,,,,,,,,,,,,,,,,,,,,,,,,,,,
1938,"no_changes,all_inverse_edges,universal_edges",5814,5814,3,0.023350287073602278,0,193,,0.37869611382484436,4.6494160438887775,1,0.006263367366045713,1,0.0053087882697582245,1,0.0584787055850029,,,,,,,,,,,,,,,,,,,,,,,,,,,
1939,"no_changes,universal_edges,all_inverse_edges",5817,5817,3,0.03827957638228933,0,193,,0.37869611382484436,4.646910144016147,1,0.0053701805882155895,1,0.004812656901776791,1,0.10465589165687561,,,,,,,,,,,,,,,,,,,,,,,,,,,
1940,"no_changes,universal_edges,all_inverse_edges",5820,5820,3,0.13550461580355963,1,194,0.3727940817674001,0.37869611382484436,19.78621761291288,1,0.2783045172691345,1,0.08184640854597092,1,0.046362921595573425,0.24976713955402374,0.37164559960365295,0.3314106789716546,0.3937046802900461,0.43935398813447596,0.9890586425737071,0.9550750858610002,0.7415062623599209,0.8143542541714226,0.2669331133365631,0.3883369266986847,0.3492089650626236,0.4044166117336849,0.45715227422544497,0.9893171507231765,0.9514429360354135,0.7511667765326302,0.8216984913413923,0.25363969802856445,0.35839971899986267,0.30965721819380354,0.3833223467369809,0.4431443638760712,0.9892654490932826,0.9335929935300975,0.7626071193144364,0.8262832486222685
1941,"no_changes,universal_edges,all_inverse_edges",5823,5823,3,0.03774420885990063,0,194,,0.37869611382484436,4.646894425153732,1,0.005756488535553217,1,0.007083312142640352,1,0.10039282590150833,,,,,,,,,,,,,,,,,,,,,,,,,,,
1942,"universal_edges,no_changes,all_inverse_edges",5826,5826,3,0.01569113756219546,0,194,,0.37869611382484436,4.661578725092113,1,0.00553167937323451,1,0.0055583869107067585,1,0.03598334640264511,,,,,,,,,,,,,,,,,,,,,,,,,,,
1943,"universal_edges,no_changes,all_inverse_edges",5829,5829,3,0.014227683655917645,0,194,,0.37869611382484436,4.676951983943582,1,0.005049893632531166,1,0.004464856348931789,1,0.03316830098628998,,,,,,,,,,,,,,,,,,,,,,,,,,,
1944,"no_changes,universal_edges,all_inverse_edges",5832,5832,3,0.10739226996277769,0,194,,0.37869611382484436,4.639687892049551,1,0.27391067147254944,1,0.004425096791237593,1,0.04384104162454605,,,,,,,,,,,,,,,,,,,,,,,,,,,
1945,"universal_edges,all_inverse_edges,no_changes",5835,5835,3,0.10647599616398414,0,194,,0.37869611382484436,4.649324805941433,1,0.2778853476047516,1,0.004771075211465359,1,0.036771565675735474,,,,,,,,,,,,,,,,,,,,,,,,,,,
1946,"universal_edges,no_changes,all_inverse_edges",5838,5838,3,0.018831297910461824,0,194,,0.37869611382484436,4.647303852951154,1,0.005099944304674864,1,0.004772280342876911,1,0.046621669083833694,,,,,,,,,,,,,,,,,,,,,,,,,,,
1947,"no_changes,universal_edges,all_inverse_edges",5841,5841,3,0.06619554292410612,0,194,,0.37869611382484436,4.646911880932748,1,0.005346865393221378,1,0.08165034651756287,1,0.11158941686153412,,,,,,,,,,,,,,,,,,,,,,,,,,,
1948,"all_inverse_edges,no_changes,universal_edges",5844,5844,3,0.018385610077530146,0,194,,0.37869611382484436,4.678591447183862,1,0.005627491045743227,1,0.004248312674462795,1,0.045281026512384415,,,,,,,,,,,,,,,,,,,,,,,,,,,
1949,"all_inverse_edges,universal_edges,no_changes",5847,5847,3,0.015280475374311209,0,194,,0.37869611382484436,4.645167945884168,1,0.006460115313529968,1,0.005381111521273851,1,0.034000199288129807,,,,,,,,,,,,,,,,,,,,,,,,,,,
1950,"no_changes,all_inverse_edges,universal_edges",5850,5850,3,0.02349245051542918,1,195,0.37127893169720966,0.37869611382484436,19.732177808182314,1,0.005502841901034117,1,0.0038905595429241657,1,0.061083950102329254,0.24830663204193115,0.3712175786495209,0.33272907053394857,0.3928806855636124,0.4332564271588662,0.9884899246448744,0.9718827214833266,0.7165062623599209,0.7951992139228985,0.2672522962093353,0.3882721960544586,0.35069215557020433,0.40227422544495717,0.4566578773895847,0.9885545516822418,0.9691894611565961,0.7196077785102175,0.7976151320497056,0.25176137685775757,0.35434702038764954,0.3083388266315096,0.3775543836519446,0.43309162821357944,0.988502850052348,0.9506394656907029,0.7284640738299275,0.8018885485808636
1951,"universal_edges,no_changes,all_inverse_edges",5853,5853,3,0.017211470287293196,0,195,,0.37869611382484436,4.6379330770578235,1,0.00940132886171341,1,0.00612789997830987,1,0.03610518202185631,,,,,,,,,,,,,,,,,,,,,,,,,,,
1952,"universal_edges,no_changes,all_inverse_edges",5856,5856,3,0.08517077565193176,0,195,,0.37869611382484436,4.642959955846891,1,0.041207507252693176,1,0.09204309433698654,1,0.12226172536611557,,,,,,,,,,,,,,,,,,,,,,,,,,,
1953,"all_inverse_edges,universal_edges,no_changes",5859,5859,3,0.029379487813760836,0,195,,0.37869611382484436,4.669188888045028,1,0.00702698016539216,1,0.009094104170799255,1,0.0720173791050911,,,,,,,,,,,,,,,,,,,,,,,,,,,
1954,"no_changes,universal_edges,all_inverse_edges",5862,5862,3,0.026678564337392647,0,195,,0.37869611382484436,4.647869582055137,1,0.008047692477703094,1,0.010402697138488293,1,0.06158530339598656,,,,,,,,,,,,,,,,,,,,,,,,,,,
1955,"no_changes,all_inverse_edges,universal_edges",5865,5865,3,0.14000877986351648,0,195,,0.37869611382484436,4.671002723975107,1,0.28238263726234436,1,0.08211330324411392,1,0.055530399084091187,,,,,,,,,,,,,,,,,,,,,,,,,,,
1956,"no_changes,all_inverse_edges,universal_edges",5868,5868,3,0.04925040310869614,0,195,,0.37869611382484436,4.665569088887423,1,0.017448022961616516,1,0.013414067216217518,1,0.1168891191482544,,,,,,,,,,,,,,,,,,,,,,,,,,,
1957,"no_changes,universal_edges,all_inverse_edges",5871,5871,3,0.046586439323922,0,195,,0.37869611382484436,4.642236172920093,1,0.01797059364616871,1,0.010403192602097988,1,0.1113855317234993,,,,,,,,,,,,,,,,,,,,,,,,,,,
1958,"no_changes,all_inverse_edges,universal_edges",5874,5874,3,0.04205196350812912,0,195,,0.37869611382484436,4.649971882114187,1,0.010971587151288986,1,0.00675584003329277,1,0.1084284633398056,,,,,,,,,,,,,,,,,,,,,,,,,,,
1959,"no_changes,universal_edges,all_inverse_edges",5877,5877,3,0.11358488133798043,0,195,,0.37869611382484436,4.6425089228432626,1,0.28542250394821167,1,0.012714491225779057,1,0.04261764883995056,,,,,,,,,,,,,,,,,,,,,,,,,,,
1960,"universal_edges,no_changes,all_inverse_edges",5880,5880,3,0.11002638284116983,1,196,0.3699660301208496,0.37869611382484436,19.777139875805005,1,0.2884519696235657,1,0.010353746823966503,1,0.031273432075977325,0.24475693702697754,0.3692353069782257,0.33586025049439683,0.3843111404087014,0.4258404746209624,0.9888001344242378,0.9457556870714295,0.7400823994726434,0.8109333505849217,0.25998881459236145,0.3846936821937561,0.3518457481872116,0.39436387607119316,0.44693473961766644,0.9893365388343868,0.9552453625732494,0.7492386288727753,0.8210111492376542,0.248184472322464,0.355969101190567,0.3132827949901121,0.3754119973632169,0.4312788398154252,0.9893430015381235,0.9371234571964477,0.7621621621621621,0.8269069855762696
1961,"universal_edges,all_inverse_edges,no_changes",5883,5883,3,0.11009299196302891,0,196,,0.37869611382484436,4.6545280939899385,1,0.2804698348045349,1,0.012280413880944252,1,0.03752872720360756,,,,,,,,,,,,,,,,,,,,,,,,,,,
1962,"all_inverse_edges,no_changes,universal_edges",5886,5886,3,0.021195614400009315,0,196,,0.37869611382484436,4.647396126994863,1,0.007207083981484175,1,0.007564385887235403,1,0.048815373331308365,,,,,,,,,,,,,,,,,,,,,,,,,,,
1963,"all_inverse_edges,no_changes,universal_edges",5889,5889,3,0.06567109376192093,0,196,,0.37869611382484436,4.652850090060383,1,0.005872875452041626,1,0.08219209313392639,1,0.10894831269979477,,,,,,,,,,,,,,,,,,,,,,,,,,,
1964,"no_changes,universal_edges,all_inverse_edges",5892,5892,3,0.04341314096624652,0,196,,0.37869611382484436,4.649891910143197,1,0.004782348405569792,1,0.018152985721826553,1,0.10730408877134323,,,,,,,,,,,,,,,,,,,,,,,,,,,
1965,"no_changes,all_inverse_edges,universal_edges",5895,5895,3,0.02209196100011468,0,196,,0.37869611382484436,4.652655297191814,1,0.005870965775102377,1,0.013852817937731743,1,0.04655209928750992,,,,,,,,,,,,,,,,,,,,,,,,,,,
1966,"no_changes,universal_edges,all_inverse_edges",5898,5898,3,0.03254956364010771,0,196,,0.37869611382484436,4.64713137014769,1,0.005775253754109144,1,0.05023770406842232,1,0.04163573309779167,,,,,,,,,,,,,,,,,,,,,,,,,,,
1967,"universal_edges,all_inverse_edges,no_changes",5901,5901,3,0.047730175933490195,0,196,,0.37869611382484436,4.6524009560234845,1,0.006819544825702906,1,0.09896485507488251,1,0.03740612789988518,,,,,,,,,,,,,,,,,,,,,,,,,,,
1968,"all_inverse_edges,no_changes,universal_edges",5904,5904,3,0.02235647989436984,0,196,,0.37869611382484436,4.65234788809903,1,0.004845057148486376,1,0.016052337363362312,1,0.046172045171260834,,,,,,,,,,,,,,,,,,,,,,,,,,,
1969,"no_changes,all_inverse_edges,universal_edges",5907,5907,3,0.04829578613862395,0,196,,0.37869611382484436,4.647375721950084,1,0.005155861843377352,1,0.09395153820514679,1,0.04577995836734772,,,,,,,,,,,,,,,,,,,,,,,,,,,
1970,"all_inverse_edges,no_changes,universal_edges",5910,5910,3,0.11033114325255156,1,197,0.36854777733484906,0.37869611382484436,19.85996437491849,1,0.2794896066188812,1,0.007473682053387165,1,0.044030141085386276,0.2443724274635315,0.36670324206352234,0.33075148319050757,0.38562953197099537,0.4250164798945287,0.9885868652009254,0.9540175565409871,0.7288299274884641,0.8029528831819549,0.2624102830886841,0.3844217360019684,0.35102175346077785,0.39452867501647987,0.44495715227422544,0.9889035376840255,0.9567896990985665,0.7360975609756097,0.8100247838390984,0.24783439934253693,0.3545183539390564,0.31097560975609756,0.37376400791034936,0.4297956493078444,0.9889810901288663,0.9433536028882823,0.7469578114700066,0.8161663942709634
1971,"all_inverse_edges,no_changes,universal_edges",5913,5913,3,0.10773474785188834,0,197,,0.37869611382484436,4.65667650103569,1,0.27103784680366516,1,0.01138395257294178,1,0.040782444179058075,,,,,,,,,,,,,,,,,,,,,,,,,,,
1972,"universal_edges,no_changes,all_inverse_edges",5916,5916,3,0.04031901325409611,0,197,,0.37869611382484436,4.637527826940641,1,0.005384017247706652,1,0.07619132101535797,1,0.03938170149922371,,,,,,,,,,,,,,,,,,,,,,,,,,,
1973,"universal_edges,all_inverse_edges,no_changes",5919,5919,3,0.044652663792173065,0,197,,0.37869611382484436,4.648944674991071,1,0.006236670538783073,1,0.09080741554498672,1,0.036913905292749405,,,,,,,,,,,,,,,,,,,,,,,,,,,
1974,"all_inverse_edges,universal_edges,no_changes",5922,5922,3,0.08315897143135469,0,197,,0.37869611382484436,4.647417965810746,1,0.007486199028789997,1,0.20302975177764893,1,0.03896096348762512,,,,,,,,,,,,,,,,,,,,,,,,,,,
1975,"universal_edges,all_inverse_edges,no_changes",5925,5925,3,0.15672938184191784,0,197,,0.37869611382484436,4.666804350214079,1,0.00889588613063097,1,0.4037994146347046,1,0.05749284476041794,,,,,,,,,,,,,,,,,,,,,,,,,,,
1976,"all_inverse_edges,no_changes,universal_edges",5928,5928,3,0.11443496122956276,0,197,,0.37869611382484436,4.638816484017298,1,0.01536634936928749,1,0.2246149331331253,1,0.10332360118627548,,,,,,,,,,,,,,,,,,,,,,,,,,,
1977,"universal_edges,no_changes,all_inverse_edges",5931,5931,3,0.0329353396470348,0,197,,0.37869611382484436,4.645477405982092,1,0.011137588880956173,1,0.0340009368956089,1,0.05366749316453934,,,,,,,,,,,,,,,,,,,,,,,,,,,
1978,"no_changes,all_inverse_edges,universal_edges",5934,5934,3,0.14909176186968884,0,197,,0.37869611382484436,4.651623667916283,1,0.010856200940907001,1,0.14140291512012482,1,0.29501616954803467,,,,,,,,,,,,,,,,,,,,,,,,,,,
1979,"universal_edges,no_changes,all_inverse_edges",5937,5937,3,0.07533158423999946,0,197,,0.37869611382484436,4.64606430218555,1,0.012228380888700485,1,0.029853468760848045,1,0.18391290307044983,,,,,,,,,,,,,,,,,,,,,,,,,,,
1980,"all_inverse_edges,universal_edges,no_changes",5940,5940,3,0.22297158061216274,1,198,0.35596203804016113,0.37869611382484436,19.79375399206765,1,0.29991641640663147,1,0.013789570890367031,1,0.35520875453948975,0.24171887338161469,0.3507210910320282,0.30800922874093606,0.37524719841793014,0.41825972313777193,0.9869518011555314,0.8561365457089197,0.77047132498352,0.8071745270879744,0.25567516684532166,0.37180203199386597,0.33668424522083057,0.3882663150955834,0.43061964403427816,0.9877273256039396,0.8727556977202464,0.7755504284772577,0.8165368486647369,0.24557948112487793,0.34536299109458923,0.29812129202373105,0.3716216216216216,0.4253460777851022,0.9861633512996497,0.82835522950322,0.7938101516150297,0.810074594276445
1981,"universal_edges,all_inverse_edges,no_changes",5943,5943,3,0.0908116785188516,0,198,,0.37869611382484436,4.651490322081372,1,0.0315575897693634,1,0.03547794744372368,1,0.2053994983434677,,,,,,,,,,,,,,,,,,,,,,,,,,,
1982,"universal_edges,all_inverse_edges,no_changes",5946,5946,3,0.20479952792326608,0,198,,0.37869611382484436,4.646133728791028,1,0.013321155682206154,1,0.028839459642767906,1,0.5722379684448242,,,,,,,,,,,,,,,,,,,,,,,,,,,
1983,"no_changes,all_inverse_edges,universal_edges",5949,5949,3,0.1355520604799191,0,198,,0.37869611382484436,4.638708301121369,1,0.012732747942209244,1,0.01860007829964161,1,0.3753233551979065,,,,,,,,,,,,,,,,,,,,,,,,,,,
1984,"no_changes,universal_edges,all_inverse_edges",5952,5952,3,0.0893146979312102,0,198,,0.37869611382484436,4.648067279020324,1,0.016164245083928108,1,0.017921293154358864,1,0.23385855555534363,,,,,,,,,,,,,,,,,,,,,,,,,,,
1985,"universal_edges,no_changes,all_inverse_edges",5955,5955,3,0.05885876311610142,0,198,,0.37869611382484436,4.649324837140739,1,0.010719391517341137,1,0.030513405799865723,1,0.1353434920310974,,,,,,,,,,,,,,,,,,,,,,,,,,,
1986,"no_changes,universal_edges,all_inverse_edges",5958,5958,3,0.18339110258966684,0,198,,0.37869611382484436,4.643830830929801,1,0.012924845330417156,1,0.2519282400608063,1,0.2853202223777771,,,,,,,,,,,,,,,,,,,,,,,,,,,
1987,"all_inverse_edges,no_changes,universal_edges",5961,5961,3,0.09327806532382965,0,198,,0.37869611382484436,4.652604163857177,1,0.01846740022301674,1,0.02649417147040367,1,0.23487262427806854,,,,,,,,,,,,,,,,,,,,,,,,,,,
1988,"universal_edges,all_inverse_edges,no_changes",5964,5964,3,0.08048478389779727,0,198,,0.37869611382484436,4.647849901812151,1,0.01704593002796173,1,0.037233296781778336,1,0.18717512488365173,,,,,,,,,,,,,,,,,,,,,,,,,,,
1989,"universal_edges,all_inverse_edges,no_changes",5967,5967,3,0.08613168075680733,0,198,,0.37869611382484436,4.641997464932501,1,0.021114934235811234,1,0.02126818150281906,1,0.2160119265317917,,,,,,,,,,,,,,,,,,,,,,,,,,,
1990,"no_changes,universal_edges,all_inverse_edges",5970,5970,3,0.05898537300527096,1,199,0.3417961200078328,0.37869611382484436,19.78865173412487,1,0.009881505742669106,1,0.02498771995306015,1,0.14208689332008362,0.2382020652294159,0.3549632430076599,0.31460118655240604,0.3765655899802241,0.4218852999340804,0.989452867501648,0.93445232337396,0.7675477916941331,0.8303814573775441,0.24265237152576447,0.3454975187778473,0.2996044825313118,0.3661832564271589,0.4263348714568227,0.9898535551333256,0.9316618226568739,0.781964403427818,0.8404844902868371,0.2355199009180069,0.32492759823799133,0.27241265655899805,0.3511865524060646,0.41875411997363216,0.9894981064278051,0.9130007004149374,0.7885662491760053,0.8392869921902482
1991,"all_inverse_edges,no_changes,universal_edges",5973,5973,3,0.06620400833586852,0,199,,0.37869611382484436,4.648324572946876,1,0.014051627367734909,1,0.01878518797457218,1,0.16577520966529846,,,,,,,,,,,,,,,,,,,,,,,,,,,
1992,"no_changes,universal_edges,all_inverse_edges",5976,5976,3,0.0627333012719949,0,199,,0.37869611382484436,4.677158473059535,1,0.011443747207522392,1,0.02062101475894451,1,0.15613514184951782,,,,,,,,,,,,,,,,,,,,,,,,,,,
1993,"universal_edges,all_inverse_edges,no_changes",5979,5979,3,0.036677403996388115,0,199,,0.37869611382484436,4.663412264082581,1,0.009906720370054245,1,0.017385900020599365,1,0.08273959159851074,,,,,,,,,,,,,,,,,,,,,,,,,,,
1994,"all_inverse_edges,no_changes,universal_edges",5982,5982,3,0.027876845560967922,0,199,,0.37869611382484436,4.642773682018742,1,0.008866203017532825,1,0.013947762548923492,1,0.06081657111644745,,,,,,,,,,,,,,,,,,,,,,,,,,,
1995,"no_changes,universal_edges,all_inverse_edges",5985,5985,3,0.051697575176755585,0,199,,0.37869611382484436,4.659445152850822,1,0.008564412593841553,1,0.01088019646704197,1,0.13564811646938324,,,,,,,,,,,,,,,,,,,,,,,,,,,
1996,"no_changes,universal_edges,all_inverse_edges",5988,5988,3,0.025172808207571507,0,199,,0.37869611382484436,4.65259964694269,1,0.007929794490337372,1,0.009975890628993511,1,0.057612739503383636,,,,,,,,,,,,,,,,,,,,,,,,,,,
1997,"universal_edges,no_changes,all_inverse_edges",5991,5991,3,0.053064312785863876,0,199,,0.37869611382484436,4.646533319028094,1,0.008031338453292847,1,0.10613960772752762,1,0.045021992176771164,,,,,,,,,,,,,,,,,,,,,,,,,,,
1998,"all_inverse_edges,universal_edges,no_changes",5994,5994,3,0.020213757020731766,0,199,,0.37869611382484436,4.642540290020406,1,0.008163309656083584,1,0.007877176627516747,1,0.04460078477859497,,,,,,,,,,,,,,,,,,,,,,,,,,,
1999,"all_inverse_edges,no_changes,universal_edges",5997,5997,3,0.04978145783146223,0,199,,0.37869611382484436,4.641306353965774,1,0.007579228840768337,1,0.010603782720863819,1,0.13116136193275452,,,,,,,,,,,,,,,,,,,,,,,,,,,
2000,"no_changes,universal_edges,all_inverse_edges",6000,6000,3,0.020547878928482533,1,200,0.3476795752843221,0.37869611382484436,19.78358229296282,1,0.008257286623120308,1,0.008706689812242985,1,0.044679660350084305,0.24394908547401428,0.35503652691841125,0.3098220171390903,0.38117996044825314,0.42748846407382995,0.9881861775692479,0.9391108647748944,0.7265260382333554,0.7976129587625842,0.25732260942459106,0.3564288914203644,0.3061964403427818,0.3808503625576796,0.4441331575477917,0.9886127160158724,0.93758957055069,0.7401483190507581,0.8090223232780184,0.24284832179546356,0.3315733075141907,0.27504943968358603,0.36140408701384313,0.43111404087013844,0.9884834619411377,0.9232452946097838,0.747027027027027,0.8110630750304018
2001,"all_inverse_edges,no_changes,universal_edges",6003,6003,3,0.018806458450853825,0,200,,0.37869611382484436,4.645206267014146,1,0.008652579970657825,1,0.008599309250712395,1,0.039167486131191254,,,,,,,,,,,,,,,,,,,,,,,,,,,
2002,"no_changes,all_inverse_edges,universal_edges",6006,6006,3,0.017161226831376553,0,200,,0.37869611382484436,4.677902485942468,1,0.006159552372992039,1,0.008107125759124756,1,0.03721700236201286,,,,,,,,,,,,,,,,,,,,,,,,,,,
2003,"no_changes,all_inverse_edges,universal_edges",6009,6009,3,0.01711927990739544,0,200,,0.37869611382484436,4.653360845055431,1,0.006963775027543306,1,0.009164322167634964,1,0.03522974252700806,,,,,,,,,,,,,,,,,,,,,,,,,,,
2004,"no_changes,universal_edges,all_inverse_edges",6012,6012,3,0.11184305309628446,0,200,,0.37869611382484436,4.6475240788422525,1,0.2945338487625122,1,0.007289308588951826,1,0.033706001937389374,,,,,,,,,,,,,,,,,,,,,,,,,,,
2005,"no_changes,universal_edges,all_inverse_edges",6015,6015,3,0.045663419334838785,0,200,,0.37869611382484436,4.649783050175756,1,0.006372395902872086,1,0.007189010735601187,1,0.12342885136604309,,,,,,,,,,,,,,,,,,,,,,,,,,,
2006,"no_changes,all_inverse_edges,universal_edges",6018,6018,3,0.04416780003036062,0,200,,0.37869611382484436,4.647837879136205,1,0.006769428960978985,1,0.0075494940392673016,1,0.11818447709083557,,,,,,,,,,,,,,,,,,,,,,,,,,,
2007,"all_inverse_edges,no_changes,universal_edges",6021,6021,3,0.015423620585352182,0,200,,0.37869611382484436,4.646477597067133,1,0.006362111773341894,1,0.006074974313378334,1,0.03383377566933632,,,,,,,,,,,,,,,,,,,,,,,,,,,
2008,"all_inverse_edges,universal_edges,no_changes",6024,6024,3,0.014293670809517304,0,200,,0.37869611382484436,4.646303606918082,1,0.006353082600980997,1,0.005988718941807747,1,0.03053921088576317,,,,,,,,,,,,,,,,,,,,,,,,,,,
2009,"no_changes,universal_edges,all_inverse_edges",6027,6027,3,0.04112236031020681,0,200,,0.37869611382484436,4.649181674001738,1,0.005963890813291073,1,0.004831071477383375,1,0.11257211863994598,,,,,,,,,,,,,,,,,,,,,,,,,,,
2010,"universal_edges,all_inverse_edges,no_changes",6030,6030,3,0.03965437272563577,1,201,0.36272816856702167,0.37869611382484436,19.786586950998753,1,0.0058647687546908855,1,0.005417641252279282,1,0.10768070816993713,0.24637505412101746,0.36441570520401,0.3216875411997363,0.38661832564271587,0.43506921555702044,0.9888582987578683,0.9565950737513816,0.7349439683586025,0.8089631252951188,0.2635550796985626,0.3764073848724365,0.3330586684245221,0.3958470665787739,0.45187870797626895,0.9892525236858092,0.96473087658251,0.7411206328279499,0.8162362930487568,0.24842697381973267,0.34736141562461853,0.29581410678971654,0.3721160184574819,0.4377059986816084,0.9893623896493337,0.9528681869522857,0.7515128543177323,0.8223420668223977
2011,"all_inverse_edges,no_changes,universal_edges",6033,6033,3,0.014221189388384422,0,201,,0.37869611382484436,4.647962254006416,1,0.004957256373018026,1,0.0052366964519023895,1,0.03246961534023285,,,,,,,,,,,,,,,,,,,,,,,,,,,
2012,"universal_edges,no_changes,all_inverse_edges",6036,6036,3,0.13366212820013365,0,201,,0.37869611382484436,4.64052996202372,1,0.2819010615348816,1,0.08884917944669724,1,0.030236143618822098,,,,,,,,,,,,,,,,,,,,,,,,,,,
2013,"no_changes,all_inverse_edges,universal_edges",6039,6039,3,0.01980538371329506,0,201,,0.37869611382484436,4.676168716978282,1,0.0051889908500015736,1,0.005830949172377586,1,0.04839621111750603,,,,,,,,,,,,,,,,,,,,,,,,,,,
2014,"all_inverse_edges,no_changes,universal_edges",6042,6042,3,0.1225112178362906,0,201,,0.37869611382484436,4.647448243806139,1,0.28313156962394714,1,0.006100020837038755,1,0.0783020630478859,,,,,,,,,,,,,,,,,,,,,,,,,,,
2015,"no_changes,universal_edges,all_inverse_edges",6045,6045,3,0.07053434988483787,0,201,,0.37869611382484436,4.647405586903915,1,0.005956095177680254,1,0.08395019918680191,1,0.12169675529003143,,,,,,,,,,,,,,,,,,,,,,,,,,,
2016,"no_changes,universal_edges,all_inverse_edges",6048,6048,3,0.02015278736750285,0,201,,0.37869611382484436,4.645281332079321,1,0.006259711924940348,1,0.004981813486665487,1,0.04921683669090271,,,,,,,,,,,,,,,,,,,,,,,,,,,
2017,"no_changes,all_inverse_edges,universal_edges",6051,6051,3,0.01883578486740589,0,201,,0.37869611382484436,4.646158949937671,1,0.0057792565785348415,1,0.005457345861941576,1,0.04527075216174126,,,,,,,,,,,,,,,,,,,,,,,,,,,
2018,"universal_edges,no_changes,all_inverse_edges",6054,6054,3,0.016188035253435373,0,201,,0.37869611382484436,4.654933984158561,1,0.00644711684435606,1,0.0057258387096226215,1,0.03639115020632744,,,,,,,,,,,,,,,,,,,,,,,,,,,
2019,"no_changes,all_inverse_edges,universal_edges",6057,6057,3,0.04448903460676471,0,201,,0.37869611382484436,4.691698404960334,1,0.00535782752558589,1,0.004877820611000061,1,0.12323145568370819,,,,,,,,,,,,,,,,,,,,,,,,,,,
2020,"universal_edges,no_changes,all_inverse_edges",6060,6060,3,0.02021464689945181,1,202,0.36863942941029865,0.37869611382484436,20.644947048975155,1,0.006174038164317608,1,0.004460264462977648,1,0.05000963807106018,0.2494385540485382,0.36942434310913086,0.3294330916282136,0.39057350032959787,0.4372116018457482,0.9889617020176561,0.961425289156941,0.7349967040210943,0.810082553993863,0.2674601972103119,0.38363051414489746,0.3442649967040211,0.39897824653922215,0.45550428477257743,0.9892137474633887,0.9651560507361729,0.7398088332234674,0.815176932517106,0.2533041536808014,0.3528634309768677,0.3022412656558998,0.3778839815425181,0.4398483849703362,0.9892525236858092,0.9531248187349877,0.7482267633487146,0.8196388808648025
2021,"universal_edges,no_changes,all_inverse_edges",6063,6063,3,0.01656903838738799,0,202,,0.37869611382484436,5.587966855848208,1,0.006384300533682108,1,0.004852695390582085,1,0.03847011923789978,,,,,,,,,,,,,,,,,,,,,,,,,,,
2022,"all_inverse_edges,universal_edges,no_changes",6066,6066,3,0.01957703335210681,0,202,,0.37869611382484436,4.706396369030699,1,0.007353323977440596,1,0.005881673656404018,1,0.045496102422475815,,,,,,,,,,,,,,,,,,,,,,,,,,,
2023,"all_inverse_edges,universal_edges,no_changes",6069,6069,3,0.04195326007902622,0,202,,0.37869611382484436,4.689135388005525,1,0.005950776860117912,1,0.005136743187904358,1,0.1147722601890564,,,,,,,,,,,,,,,,,,,,,,,,,,,
2024,"no_changes,universal_edges,all_inverse_edges",6072,6072,3,0.021466496866196394,0,202,,0.37869611382484436,4.683606940088794,1,0.005010371096432209,1,0.005772249307483435,1,0.05361687019467354,,,,,,,,,,,,,,,,,,,,,,,,,,,
2025,"no_changes,universal_edges,all_inverse_edges",6075,6075,3,0.016115095000714064,0,202,,0.37869611382484436,4.66790087101981,1,0.004772854503244162,1,0.004609995521605015,1,0.038962434977293015,,,,,,,,,,,,,,,,,,,,,,,,,,,
2026,"no_changes,all_inverse_edges,universal_edges",6078,6078,3,0.015814787708222866,0,202,,0.37869611382484436,4.843820597976446,1,0.0043254429474473,1,0.00426526740193367,1,0.03885365277528763,,,,,,,,,,,,,,,,,,,,,,,,,,,
2027,"all_inverse_edges,universal_edges,no_changes",6081,6081,3,0.013693121494725347,0,202,,0.37869611382484436,4.669124679872766,1,0.005020029842853546,1,0.003729473566636443,1,0.03232986107468605,,,,,,,,,,,,,,,,,,,,,,,,,,,
2028,"all_inverse_edges,no_changes,universal_edges",6084,6084,3,0.1345074960651497,0,202,,0.37869611382484436,4.683023900957778,1,0.28238943219184875,1,0.004613433498889208,1,0.11651962250471115,,,,,,,,,,,,,,,,,,,,,,,,,,,
2029,"universal_edges,no_changes,all_inverse_edges",6087,6087,3,0.017559796882172424,0,202,,0.37869611382484436,4.654131851159036,1,0.007675203960388899,1,0.006500074174255133,1,0.038504112511873245,,,,,,,,,,,,,,,,,,,,,,,,,,,
2030,"all_inverse_edges,no_changes,universal_edges",6090,6090,3,0.04419641414036354,1,203,0.3707483907540639,0.37869611382484436,19.857827163068578,1,0.0067302873358130455,1,0.08803185820579529,1,0.03782709687948227,0.24775093793869019,0.37032318115234375,0.3330586684245221,0.3877719182597231,0.4342452208305867,0.9890004782400765,0.9585487145162221,0.7377620303230059,0.8118864015909044,0.2659624516963959,0.38615739345550537,0.35102175346077785,0.3951878707976269,0.4556690837178642,0.9891491204260214,0.9646483123660228,0.7383223467369809,0.8137493072683978,0.25171858072280884,0.35576459765434265,0.30899802241265656,0.3773895847066579,0.43638760711931446,0.98933007613065,0.9524793042920159,0.7508503625576797,0.8216904374387808
2031,"no_changes,universal_edges,all_inverse_edges",6093,6093,3,0.014995752833783627,0,203,,0.37869611382484436,4.670069795800373,1,0.006160309072583914,1,0.006542492192238569,1,0.0322844572365284,,,,,,,,,,,,,,,,,,,,,,,,,,,
2032,"no_changes,universal_edges,all_inverse_edges",6096,6096,3,0.040061644123246275,0,203,,0.37869611382484436,4.642993957037106,1,0.00627001142129302,1,0.005903883837163448,1,0.10801103711128235,,,,,,,,,,,,,,,,,,,,,,,,,,,
2033,"all_inverse_edges,universal_edges,no_changes",6099,6099,3,0.10802074971919258,0,203,,0.37869611382484436,4.646296774037182,1,0.28269147872924805,1,0.006830232683569193,1,0.03454053774476051,,,,,,,,,,,,,,,,,,,,,,,,,,,
2034,"all_inverse_edges,no_changes,universal_edges",6102,6102,3,0.10456482988471787,0,203,,0.37869611382484436,4.648772626882419,1,0.27205154299736023,1,0.006474250461906195,1,0.03516869619488716,,,,,,,,,,,,,,,,,,,,,,,,,,,
2035,"no_changes,all_inverse_edges,universal_edges",6105,6105,3,0.018912978780766327,0,203,,0.37869611382484436,4.655801258981228,1,0.00486761424690485,1,0.01570834219455719,1,0.036162979900836945,,,,,,,,,,,,,,,,,,,,,,,,,,,
2036,"no_changes,all_inverse_edges,universal_edges",6108,6108,3,0.015136155144621929,0,203,,0.37869611382484436,4.648508640006185,1,0.006026932038366795,1,0.006242218893021345,1,0.033139314502477646,,,,,,,,,,,,,,,,,,,,,,,,,,,
2037,"all_inverse_edges,universal_edges,no_changes",6111,6111,3,0.10576580852891009,0,203,,0.37869611382484436,4.6433686290401965,1,0.2811793088912964,1,0.005657546687871218,1,0.030460570007562637,,,,,,,,,,,,,,,,,,,,,,,,,,,
2038,"no_changes,universal_edges,all_inverse_edges",6114,6114,3,0.013451606190452972,0,203,,0.37869611382484436,4.643703992012888,1,0.005167115945369005,1,0.0044378433376550674,1,0.030749859288334846,,,,,,,,,,,,,,,,,,,,,,,,,,,
2039,"all_inverse_edges,no_changes,universal_edges",6117,6117,3,0.01606596416483323,0,203,,0.37869611382484436,4.64175970107317,1,0.006961368955671787,1,0.005426183342933655,1,0.03581034019589424,,,,,,,,,,,,,,,,,,,,,,,,,,,
2040,"all_inverse_edges,no_changes,universal_edges",6120,6120,3,0.015058346558362246,1,204,0.3679654796918233,0.37869611382484436,19.802118566818535,1,0.005204520653933287,1,0.005072763189673424,1,0.034897755831480026,0.24721018970012665,0.36417320370674133,0.32234673698088334,0.38464073829927486,0.43902439024390244,0.9888195225354479,0.9591804342464239,0.7323401450230719,0.8072202271889652,0.26946398615837097,0.38574254512786865,0.34640738299274887,0.4011206328279499,0.4592946605141727,0.9889940155363398,0.961550014369975,0.735820698747528,0.8108426407059435,0.252864271402359,0.35398069024086,0.3033948582729071,0.37623599208965064,0.4428147659854977,0.9888841495728152,0.9452197669405724,0.7428707976268952,0.8131818453395443
2041,"all_inverse_edges,no_changes,universal_edges",6123,6123,3,0.014974402418980995,0,204,,0.37869611382484436,4.67900581099093,1,0.005870172753930092,1,0.005406592506915331,1,0.033646441996097565,,,,,,,,,,,,,,,,,,,,,,,,,,,
2042,"no_changes,all_inverse_edges,universal_edges",6126,6126,3,0.068955866775165,0,204,,0.37869611382484436,4.673943867208436,1,0.006419765297323465,1,0.08906286954879761,1,0.11138496547937393,,,,,,,,,,,,,,,,,,,,,,,,,,,
2043,"all_inverse_edges,universal_edges,no_changes",6129,6129,3,0.015147461711118618,0,204,,0.37869611382484436,4.647289608139545,1,0.005929578561335802,1,0.00629816297441721,1,0.033214643597602844,,,,,,,,,,,,,,,,,,,,,,,,,,,
2044,"all_inverse_edges,universal_edges,no_changes",6132,6132,3,0.13518321762482324,0,204,,0.37869611382484436,4.638867648085579,1,0.287039577960968,1,0.08793336898088455,1,0.030576705932617188,,,,,,,,,,,,,,,,,,,,,,,,,,,
2045,"universal_edges,no_changes,all_inverse_edges",6135,6135,3,0.013093005865812302,0,204,,0.37869611382484436,4.648625576170161,1,0.0055620488710701466,1,0.0055027618072927,1,0.02821420691907406,,,,,,,,,,,,,,,,,,,,,,,,,,,
2046,"all_inverse_edges,universal_edges,no_changes",6138,6138,3,0.015503116883337498,0,204,,0.37869611382484436,4.674815837061033,1,0.007161409128457308,1,0.0049911425448954105,1,0.034356798976659775,,,,,,,,,,,,,,,,,,,,,,,,,,,
2047,"all_inverse_edges,no_changes,universal_edges",6141,6141,3,0.13742327690124512,0,204,,0.37869611382484436,4.645944916876033,1,0.2846633791923523,1,0.08529293537139893,1,0.04231351613998413,,,,,,,,,,,,,,,,,,,,,,,,,,,
2048,"no_changes,all_inverse_edges,universal_edges",6144,6144,3,0.01711947750300169,0,204,,0.37869611382484436,4.653410532977432,1,0.007044953294098377,1,0.00779399648308754,1,0.03651948273181915,,,,,,,,,,,,,,,,,,,,,,,,,,,
2049,"all_inverse_edges,universal_edges,no_changes",6147,6147,3,0.016171987789372604,0,204,,0.37869611382484436,4.651843253988773,1,0.0086857620626688,1,0.007961847819387913,1,0.031868353486061096,,,,,,,,,,,,,,,,,,,,,,,,,,,
2050,"all_inverse_edges,universal_edges,no_changes",6150,6150,3,0.040923686077197395,1,205,0.37006934483846027,0.37869611382484436,19.828282282920554,1,0.006241719238460064,1,0.00599223468452692,1,0.1105371043086052,0.2489938586950302,0.3671565055847168,0.3244891232696111,0.38843111404087016,0.4428147659854977,0.989110344203601,0.9587266975670528,0.7407251153592618,0.8145211630511816,0.26967954635620117,0.38779059052467346,0.34904416611733685,0.39996704021094265,0.4592946605141727,0.9893688523530705,0.9616032339367604,0.7461865524060646,0.8199241687740677,0.2534339725971222,0.3552609384059906,0.30471324983520104,0.37870797626895186,0.4431443638760712,0.9892460609820725,0.9444909487122197,0.7538760711931444,0.8221854136476276
2051,"no_changes,universal_edges,all_inverse_edges",6153,6153,3,0.03837356281777223,0,205,,0.37869611382484436,4.6612572758458555,1,0.00665039848536253,1,0.006513400934636593,1,0.10195688903331757,,,,,,,,,,,,,,,,,,,,,,,,,,,
2052,"all_inverse_edges,universal_edges,no_changes",6156,6156,3,0.11046849346409242,0,205,,0.37869611382484436,4.654693630989641,1,0.2948729693889618,1,0.004927736707031727,1,0.03160477429628372,,,,,,,,,,,,,,,,,,,,,,,,,,,
2053,"all_inverse_edges,universal_edges,no_changes",6159,6159,3,0.0633019966383775,0,205,,0.37869611382484436,4.644882035907358,1,0.007516343146562576,1,0.08372035622596741,1,0.09866929054260254,,,,,,,,,,,,,,,,,,,,,,,,,,,
2054,"all_inverse_edges,universal_edges,no_changes",6162,6162,3,0.016458898782730103,0,205,,0.37869611382484436,4.644835222978145,1,0.00863330252468586,1,0.01097024790942669,1,0.02977314591407776,,,,,,,,,,,,,,,,,,,,,,,,,,,
2055,"no_changes,all_inverse_edges,universal_edges",6165,6165,3,0.04229448549449444,0,205,,0.37869611382484436,4.659131799126044,1,0.00806848518550396,1,0.0864323303103447,1,0.03238264098763466,,,,,,,,,,,,,,,,,,,,,,,,,,,
2056,"universal_edges,all_inverse_edges,no_changes",6168,6168,3,0.013395569442460934,0,205,,0.37869611382484436,4.651636316906661,1,0.006226224359124899,1,0.0055961329489946365,1,0.028364351019263268,,,,,,,,,,,,,,,,,,,,,,,,,,,
2057,"no_changes,universal_edges,all_inverse_edges",6171,6171,3,0.016520164906978607,0,205,,0.37869611382484436,4.6492650071159005,1,0.005758034996688366,1,0.005240288563072681,1,0.038562171161174774,,,,,,,,,,,,,,,,,,,,,,,,,,,
2058,"no_changes,universal_edges,all_inverse_edges",6174,6174,3,0.019539919526626665,0,205,,0.37869611382484436,4.648602896137163,1,0.005315315444022417,1,0.005118941888213158,1,0.048185501247644424,,,,,,,,,,,,,,,,,,,,,,,,,,,
2059,"no_changes,all_inverse_edges,universal_edges",6177,6177,3,0.04021472359697024,0,205,,0.37869611382484436,4.66610569995828,1,0.005535727366805077,1,0.004584191367030144,1,0.1105242520570755,,,,,,,,,,,,,,,,,,,,,,,,,,,
2060,"no_changes,universal_edges,all_inverse_edges",6180,6180,3,0.042278456346442304,1,206,0.3709579408168793,0.37869611382484436,19.81040353490971,1,0.006293394137173891,1,0.08410876989364624,1,0.036433205008506775,0.24966752529144287,0.37133991718292236,0.33223467369808835,0.38958470665787737,0.4398483849703362,0.9887096565719234,0.9639195539953714,0.7266315095583389,0.803067770779679,0.26908552646636963,0.38742518424987793,0.3472313777191826,0.4027686222808174,0.46110744891232697,0.9890457171662337,0.9671651482746959,0.7340705339485827,0.8105055289901525,0.2530868947505951,0.3541087210178375,0.3025708635464733,0.3783783783783784,0.4424851680949242,0.9890715679811806,0.9510526875746932,0.7444199077125906,0.8159050574140554
2061,"no_changes,universal_edges,all_inverse_edges",6183,6183,3,0.1287614794758459,0,206,,0.37869611382484436,4.664316214853898,1,0.2789912223815918,1,0.005343583878129721,1,0.10194963216781616,,,,,,,,,,,,,,,,,,,,,,,,,,,
2062,"no_changes,universal_edges,all_inverse_edges",6186,6186,3,0.03639210263888041,0,206,,0.37869611382484436,4.641561564989388,1,0.0057463436387479305,1,0.0063475207425653934,1,0.09708244353532791,,,,,,,,,,,,,,,,,,,,,,,,,,,
2063,"no_changes,all_inverse_edges,universal_edges",6189,6189,3,0.014286733077218136,0,206,,0.37869611382484436,4.652272192994133,1,0.005067176651209593,1,0.004792616702616215,1,0.0330004058778286,,,,,,,,,,,,,,,,,,,,,,,,,,,
2064,"all_inverse_edges,universal_edges,no_changes",6192,6192,3,0.03427278048669299,0,206,,0.37869611382484436,4.659589063143358,1,0.006012602709233761,1,0.004670115653425455,1,0.09213562309741974,,,,,,,,,,,,,,,,,,,,,,,,,,,
2065,"no_changes,universal_edges,all_inverse_edges",6195,6195,3,0.013632799964398146,0,206,,0.37869611382484436,4.64059900585562,1,0.005900342017412186,1,0.0044919089414179325,1,0.03050614893436432,,,,,,,,,,,,,,,,,,,,,,,,,,,
2066,"no_changes,universal_edges,all_inverse_edges",6198,6198,3,0.03411492037897309,0,206,,0.37869611382484436,4.679484148044139,1,0.004845334682613611,1,0.004513014107942581,1,0.09298641234636307,,,,,,,,,,,,,,,,,,,,,,,,,,,
2067,"all_inverse_edges,no_changes,universal_edges",6201,6201,3,0.013894200169791779,0,206,,0.37869611382484436,4.64493197388947,1,0.004427794367074966,1,0.00468493951484561,1,0.03256986662745476,,,,,,,,,,,,,,,,,,,,,,,,,,,
2068,"no_changes,universal_edges,all_inverse_edges",6204,6204,3,0.012210492044687271,0,206,,0.37869611382484436,4.645267508924007,1,0.00446848850697279,1,0.004471638239920139,1,0.027691349387168884,,,,,,,,,,,,,,,,,,,,,,,,,,,
2069,"universal_edges,all_inverse_edges,no_changes",6207,6207,3,0.034321270106981196,0,206,,0.37869611382484436,4.660799155011773,1,0.004883721470832825,1,0.004383069928735495,1,0.09369701892137527,,,,,,,,,,,,,,,,,,,,,,,,,,,
2070,"universal_edges,no_changes,all_inverse_edges",6210,6210,3,0.012361909573276838,1,207,0.3735291063785553,0.37869611382484436,20.09545490099117,1,0.004001625347882509,1,0.003933766391128302,1,0.029150336980819702,0.24868036806583405,0.3725890815258026,0.3355306526038233,0.3882663150955834,0.44034278180619646,0.9888453733503949,0.9676829930014785,0.7283157547791694,0.8053924171279172,0.26612183451652527,0.3888409435749054,0.3501977587343441,0.4011206328279499,0.46308503625576797,0.9891620458334949,0.9725811858662439,0.734291364535267,0.8118645179478348,0.2547585666179657,0.3591572940349579,0.30998681608437706,0.38117996044825314,0.44627554383651946,0.98933007613065,0.9611908547259708,0.7453592617007251,0.8191136914196002
2071,"no_changes,all_inverse_edges,universal_edges",6213,6213,3,0.01618639030493796,0,207,,0.37869611382484436,4.655502156121656,1,0.004306003917008638,1,0.003485732013359666,1,0.04076743498444557,,,,,,,,,,,,,,,,,,,,,,,,,,,
2072,"all_inverse_edges,universal_edges,no_changes",6216,6216,3,0.10502003692090511,0,207,,0.37869611382484436,4.668197548016906,1,0.2771967053413391,1,0.003846989944577217,1,0.03401641547679901,,,,,,,,,,,,,,,,,,,,,,,,,,,
2073,"no_changes,all_inverse_edges,universal_edges",6219,6219,3,0.04479051660746336,0,207,,0.37869611382484436,4.658686236012727,1,0.0052868397906422615,1,0.08811522275209427,1,0.04096948727965355,,,,,,,,,,,,,,,,,,,,,,,,,,,
2074,"universal_edges,all_inverse_edges,no_changes",6222,6222,3,0.019181082180390756,0,207,,0.37869611382484436,4.653618284035474,1,0.00551781477406621,1,0.018636247143149376,1,0.03338918462395668,,,,,,,,,,,,,,,,,,,,,,,,,,,
2075,"all_inverse_edges,no_changes,universal_edges",6225,6225,3,0.08123664263014992,0,207,,0.37869611382484436,4.660851551918313,1,0.005363291595131159,1,0.09473514556884766,1,0.14361149072647095,,,,,,,,,,,,,,,,,,,,,,,,,,,
2076,"all_inverse_edges,no_changes,universal_edges",6228,6228,3,0.15397887909784913,0,207,,0.37869611382484436,4.672582857077941,1,0.005388014949858189,1,0.005704930517822504,1,0.4508436918258667,,,,,,,,,,,,,,,,,,,,,,,,,,,
2077,"all_inverse_edges,universal_edges,no_changes",6231,6231,3,0.11007737865050633,0,207,,0.37869611382484436,4.651723318966106,1,0.008387017995119095,1,0.010010901838541031,1,0.3118342161178589,,,,,,,,,,,,,,,,,,,,,,,,,,,
2078,"all_inverse_edges,no_changes,universal_edges",6234,6234,3,0.06846461646879713,0,207,,0.37869611382484436,4.648849934106693,1,0.005615425296127796,1,0.0057162209413945675,1,0.19406220316886902,,,,,,,,,,,,,,,,,,,,,,,,,,,
2079,"all_inverse_edges,universal_edges,no_changes",6237,6237,3,0.04993993400906523,0,207,,0.37869611382484436,4.657085350016132,1,0.008623378351330757,1,0.006308817770332098,1,0.13488760590553284,,,,,,,,,,,,,,,,,,,,,,,,,,,
2080,"universal_edges,no_changes,all_inverse_edges",6240,6240,3,0.0360123198479414,1,208,0.3639914393424988,0.37869611382484436,20.50296347681433,1,0.005706464871764183,1,0.007151294499635696,1,0.09517920017242432,0.24490289390087128,0.3652200996875763,0.3276203032300593,0.38365194462755436,0.4302900461437047,0.9878695050861478,0.9272901314951685,0.7250725115359262,0.7936509248867941,0.2622072100639343,0.38168710470199585,0.3455833882663151,0.39634146341463417,0.4466051417270929,0.9881797148655111,0.9351865718089627,0.7289452867501648,0.7988420136875802,0.2395630031824112,0.3450671136379242,0.3043836519446276,0.36437046802900463,0.4139749505603164,0.9876303850478886,0.8987321682071672,0.7411008569545154,0.7997013351221867
2081,"all_inverse_edges,no_changes,universal_edges",6243,6243,3,0.051150741831709944,0,208,,0.37869611382484436,4.651560914004222,1,0.009977846406400204,1,0.007770278956741095,1,0.13570410013198853,,,,,,,,,,,,,,,,,,,,,,,,,,,
2082,"no_changes,universal_edges,all_inverse_edges",6246,6246,3,0.12215010511378448,0,208,,0.37869611382484436,4.672769288998097,1,0.2920873761177063,1,0.007763316854834557,1,0.06659962236881256,,,,,,,,,,,,,,,,,,,,,,,,,,,
2083,"universal_edges,no_changes,all_inverse_edges",6249,6249,3,0.05830071913078427,0,208,,0.37869611382484436,4.669397966004908,1,0.00979482289403677,1,0.006323466543108225,1,0.15878386795520782,,,,,,,,,,,,,,,,,,,,,,,,,,,
2084,"no_changes,universal_edges,all_inverse_edges",6252,6252,3,0.07323595757285754,0,208,,0.37869611382484436,4.69576286803931,1,0.008018705993890762,1,0.10011699795722961,1,0.11157216876745224,,,,,,,,,,,,,,,,,,,,,,,,,,,
2085,"universal_edges,no_changes,all_inverse_edges",6255,6255,3,0.056534967540452875,0,208,,0.37869611382484436,4.656538360984996,1,0.005995222833007574,1,0.0061298273503780365,1,0.15747985243797302,,,,,,,,,,,,,,,,,,,,,,,,,,,
2086,"no_changes,universal_edges,all_inverse_edges",6258,6258,3,0.10843127407133579,0,208,,0.37869611382484436,4.666258523007855,1,0.005969357676804066,1,0.006783069111406803,1,0.3125413954257965,,,,,,,,,,,,,,,,,,,,,,,,,,,
2087,"no_changes,universal_edges,all_inverse_edges",6261,6261,3,0.13120905946319303,0,208,,0.37869611382484436,4.659843841101974,1,0.28605979681015015,1,0.005469862837344408,1,0.1020975187420845,,,,,,,,,,,,,,,,,,,,,,,,,,,
2088,"all_inverse_edges,no_changes,universal_edges",6264,6264,3,0.14009000609318414,0,208,,0.37869611382484436,4.65087567595765,1,0.2757551074028015,1,0.08768018335103989,1,0.05683472752571106,,,,,,,,,,,,,,,,,,,,,,,,,,,
2089,"universal_edges,no_changes,all_inverse_edges",6267,6267,3,0.04639146585638324,0,208,,0.37869611382484436,4.6419667571317405,1,0.005229647736996412,1,0.08698465675115585,1,0.04696009308099747,,,,,,,,,,,,,,,,,,,,,,,,,,,
2090,"universal_edges,no_changes,all_inverse_edges",6270,6270,3,0.019788066546122234,1,209,0.37276368339856464,0.37869611382484436,19.75467782909982,1,0.005371034611016512,1,0.004856630694121122,1,0.049136534333229065,0.24612729251384735,0.3647809624671936,0.3251483190507581,0.38661832564271587,0.4329268292682927,0.9885933279046621,0.9526904114373284,0.729802241265656,0.8035325418229433,0.2649516463279724,0.3869761824607849,0.35102175346077785,0.39996704021094265,0.45220830586684246,0.988793671720501,0.9576849045726339,0.7324884640738298,0.8070249403961713,0.2567981779575348,0.36653390526771545,0.3271259063941991,0.38216875411997364,0.4358932102834542,0.9886902684607132,0.9373567352852068,0.7426104152933422,0.8110379197340999
2091,"universal_edges,no_changes,all_inverse_edges",6273,6273,3,0.017604969907552004,0,209,,0.37869611382484436,4.644879149040207,1,0.004808872938156128,1,0.004751128610223532,1,0.04325490817427635,,,,,,,,,,,,,,,,,,,,,,,,,,,
2092,"universal_edges,no_changes,all_inverse_edges",6276,6276,3,0.015967840949694317,0,209,,0.37869611382484436,4.658949451055378,1,0.005496721249073744,1,0.0046845716424286366,1,0.037722229957580566,,,,,,,,,,,,,,,,,,,,,,,,,,,
2093,"universal_edges,all_inverse_edges,no_changes",6279,6279,3,0.1370333923647801,0,209,,0.37869611382484436,4.6398079299833626,1,0.2777325212955475,1,0.004443241283297539,1,0.1289244145154953,,,,,,,,,,,,,,,,,,,,,,,,,,,
2094,"no_changes,all_inverse_edges,universal_edges",6282,6282,3,0.017544738793124754,0,209,,0.37869611382484436,4.647621162002906,1,0.0052011217921972275,1,0.004209896083921194,1,0.043223198503255844,,,,,,,,,,,,,,,,,,,,,,,,,,,
2095,"universal_edges,all_inverse_edges,no_changes",6285,6285,3,0.01586890189598004,0,209,,0.37869611382484436,4.651088305050507,1,0.00615602545440197,1,0.005238753743469715,1,0.036211926490068436,,,,,,,,,,,,,,,,,,,,,,,,,,,
2096,"universal_edges,all_inverse_edges,no_changes",6288,6288,3,0.014910279462734858,0,209,,0.37869611382484436,4.662357458146289,1,0.005563824903219938,1,0.004626565147191286,1,0.03454044833779335,,,,,,,,,,,,,,,,,,,,,,,,,,,
2097,"all_inverse_edges,no_changes,universal_edges",6291,6291,3,0.10817937692627311,0,209,,0.37869611382484436,4.649439797038212,1,0.2790054976940155,1,0.004328977782279253,1,0.04120365530252457,,,,,,,,,,,,,,,,,,,,,,,,,,,
2098,"no_changes,all_inverse_edges,universal_edges",6294,6294,3,0.016395076022793848,0,209,,0.37869611382484436,4.642231346108019,1,0.006882573943585157,1,0.004306209273636341,1,0.03799644485116005,,,,,,,,,,,,,,,,,,,,,,,,,,,
2099,"no_changes,universal_edges,all_inverse_edges",6297,6297,3,0.04379993195955952,0,209,,0.37869611382484436,4.645502808969468,1,0.005556805524975061,1,0.005297692492604256,1,0.12054529786109924,,,,,,,,,,,,,,,,,,,,,,,,,,,
2100,"universal_edges,no_changes,all_inverse_edges",6300,6300,3,0.015764255231867235,1,210,0.3723832368850708,0.37869611382484436,19.893867776030675,1,0.005950811319053173,1,0.004785021301358938,1,0.03655693307518959,0.2481023371219635,0.36756378412246704,0.3241595253790376,0.38958470665787737,0.44232036914963746,0.9893947031680174,0.9627706573636636,0.7461997363216876,0.8202093080675734,0.2664909362792969,0.38842007517814636,0.3492089650626236,0.40293342122610415,0.46110744891232697,0.9895562707614357,0.9652230376842315,0.7491891891891892,0.8233613486523439,0.2555321156978607,0.361165851354599,0.31558998022412654,0.3815095583388266,0.4408371786420567,0.9895045691315418,0.9492056615971487,0.7580454845088991,0.8268185464958334
2101,"all_inverse_edges,no_changes,universal_edges",6303,6303,3,0.016838760270426672,0,210,,0.37869611382484436,4.644327284069732,1,0.005706930998712778,1,0.005045426078140736,1,0.0397639237344265,,,,,,,,,,,,,,,,,,,,,,,,,,,
2102,"no_changes,universal_edges,all_inverse_edges",6306,6306,3,0.014553342945873737,0,210,,0.37869611382484436,4.66500784503296,1,0.0047060223296284676,1,0.003977464511990547,1,0.0349765419960022,,,,,,,,,,,,,,,,,,,,,,,,,,,
2103,"all_inverse_edges,universal_edges,no_changes",6309,6309,3,0.04484598835309347,0,210,,0.37869611382484436,4.67366732400842,1,0.005346294492483139,1,0.08960386365652084,1,0.03958780691027641,,,,,,,,,,,,,,,,,,,,,,,,,,,
2104,"universal_edges,all_inverse_edges,no_changes",6312,6312,3,0.042043025294939675,0,210,,0.37869611382484436,4.639312427956611,1,0.005263525526970625,1,0.006816771347075701,1,0.1140487790107727,,,,,,,,,,,,,,,,,,,,,,,,,,,
2105,"no_changes,universal_edges,all_inverse_edges",6315,6315,3,0.016051572281867266,0,210,,0.37869611382484436,4.639683430083096,1,0.005690400954335928,1,0.006206303834915161,1,0.03625801205635071,,,,,,,,,,,,,,,,,,,,,,,,,,,
2106,"universal_edges,no_changes,all_inverse_edges",6318,6318,3,0.038836974961062275,0,210,,0.37869611382484436,4.650261889910325,1,0.005409108474850655,1,0.004509660415351391,1,0.10659215599298477,,,,,,,,,,,,,,,,,,,,,,,,,,,
2107,"universal_edges,all_inverse_edges,no_changes",6321,6321,3,0.01453337756295999,0,210,,0.37869611382484436,4.647632183972746,1,0.005067844409495592,1,0.005270139779895544,1,0.03326214849948883,,,,,,,,,,,,,,,,,,,,,,,,,,,
2108,"all_inverse_edges,no_changes,universal_edges",6324,6324,3,0.039948109382142626,0,210,,0.37869611382484436,4.652443227125332,1,0.005292994435876608,1,0.004784753546118736,1,0.10976658016443253,,,,,,,,,,,,,,,,,,,,,,,,,,,
2109,"all_inverse_edges,universal_edges,no_changes",6327,6327,3,0.03655985230579972,0,210,,0.37869611382484436,4.657285680063069,1,0.00496569462120533,1,0.004826193209737539,1,0.0998876690864563,,,,,,,,,,,,,,,,,,,,,,,,,,,
2110,"no_changes,universal_edges,all_inverse_edges",6330,6330,3,0.01354472835858663,1,211,0.3715973695119222,0.37869611382484436,19.853868270060048,1,0.004793970379978418,1,0.004942358937114477,1,0.030897855758666992,0.2485540807247162,0.36831533908843994,0.32778510217534607,0.38843111404087016,0.4368820039551747,0.9887031938681867,0.9690481002955498,0.7237211601845748,0.8014335941467681,0.2681221067905426,0.3897116780281067,0.35168094924192483,0.40392221489782465,0.4632498352010547,0.9889100003877622,0.9681975238821374,0.729802241265656,0.8068582110292906,0.2527194321155548,0.35676509141921997,0.30965721819380354,0.37969676994067236,0.43803559657218194,0.9890521798699704,0.9579529173869786,0.739564930784443,0.8133311162423602
2111,"all_inverse_edges,no_changes,universal_edges",6333,6333,3,0.013151067464301983,0,211,,0.37869611382484436,4.655620857141912,1,0.004953214433044195,1,0.004350246861577034,1,0.03014974109828472,,,,,,,,,,,,,,,,,,,,,,,,,,,
2112,"all_inverse_edges,universal_edges,no_changes",6336,6336,3,0.061024283058941364,0,211,,0.37869611382484436,4.669404367916286,1,0.0046002184972167015,1,0.08135676383972168,1,0.09711586683988571,,,,,,,,,,,,,,,,,,,,,,,,,,,
2113,"no_changes,all_inverse_edges,universal_edges",6339,6339,3,0.01486167979116241,0,211,,0.37869611382484436,4.660056095104665,1,0.0046710362657904625,1,0.006774778012186289,1,0.03313922509551048,,,,,,,,,,,,,,,,,,,,,,,,,,,
2114,"no_changes,all_inverse_edges,universal_edges",6342,6342,3,0.013824466615915298,0,211,,0.37869611382484436,4.6567553479690105,1,0.005520826205611229,1,0.005303423851728439,1,0.030649149790406227,,,,,,,,,,,,,,,,,,,,,,,,,,,
2115,"all_inverse_edges,universal_edges,no_changes",6345,6345,3,0.03740176962067684,0,211,,0.37869611382484436,4.649447916075587,1,0.008763032034039497,1,0.005667242221534252,1,0.09777503460645676,,,,,,,,,,,,,,,,,,,,,,,,,,,
2116,"no_changes,all_inverse_edges,universal_edges",6348,6348,3,0.015291707590222359,0,211,,0.37869611382484436,4.648248404031619,1,0.006130201276391745,1,0.007433765102177858,1,0.03231115639209747,,,,,,,,,,,,,,,,,,,,,,,,,,,
2117,"universal_edges,all_inverse_edges,no_changes",6351,6351,3,0.10518556647002697,0,211,,0.37869611382484436,4.639504377031699,1,0.2731153964996338,1,0.014241326600313187,1,0.028199976310133934,,,,,,,,,,,,,,,,,,,,,,,,,,,
2118,"all_inverse_edges,universal_edges,no_changes",6354,6354,3,0.046197511876622833,0,211,,0.37869611382484436,4.658356333849952,1,0.006758233532309532,1,0.0851701945066452,1,0.04666410759091377,,,,,,,,,,,,,,,,,,,,,,,,,,,
2119,"all_inverse_edges,no_changes,universal_edges",6357,6357,3,0.0699058825460573,0,211,,0.37869611382484436,4.644944151164964,1,0.006119833793491125,1,0.08173199743032455,1,0.12186581641435623,,,,,,,,,,,,,,,,,,,,,,,,,,,
2120,"no_changes,universal_edges,all_inverse_edges",6360,6360,3,0.13028389541432261,1,212,0.37361447016398114,0.37869611382484436,19.835275589022785,1,0.2698368728160858,1,0.007260473910719156,1,0.11375433951616287,0.24907562136650085,0.37204310297966003,0.3335530652603823,0.3897495056031641,0.43852999340804216,0.9888389106466582,0.9638135581169718,0.7302504943968359,0.8063395939786446,0.26580071449279785,0.3896385133266449,0.3511865524060646,0.40326301911667767,0.46110744891232697,0.9891426577222847,0.9707211484324937,0.7347659854976929,0.8118966916583147,0.2533961534500122,0.3591617941856384,0.3131179960448253,0.38019116677653264,0.43951878707976266,0.9891297323148113,0.9520719846899452,0.7454185893210283,0.8170007974624596
2121,"no_changes,universal_edges,all_inverse_edges",6363,6363,3,0.0203344674470524,0,212,,0.37869611382484436,4.689087844919413,1,0.005627552047371864,1,0.005547198001295328,1,0.049828652292490005,,,,,,,,,,,,,,,,,,,,,,,,,,,
2122,"no_changes,all_inverse_edges,universal_edges",6366,6366,3,0.10814978058139484,0,212,,0.37869611382484436,4.685500478139147,1,0.2726138234138489,1,0.006227273494005203,1,0.045608244836330414,,,,,,,,,,,,,,,,,,,,,,,,,,,
2123,"no_changes,all_inverse_edges,universal_edges",6369,6369,3,0.019815755697588127,0,212,,0.37869611382484436,4.6796300751157105,1,0.0073729343712329865,1,0.004469630308449268,1,0.04760470241308212,,,,,,,,,,,,,,,,,,,,,,,,,,,
2124,"all_inverse_edges,universal_edges,no_changes",6372,6372,3,0.017770065926015377,0,212,,0.37869611382484436,4.666181043954566,1,0.006296482402831316,1,0.004384603817015886,1,0.04262911155819893,,,,,,,,,,,,,,,,,,,,,,,,,,,
2125,"no_changes,universal_edges,all_inverse_edges",6375,6375,3,0.06535502647360165,0,212,,0.37869611382484436,4.656892881961539,1,0.006443563848733902,1,0.08607036620378494,1,0.10355114936828613,,,,,,,,,,,,,,,,,,,,,,,,,,,
2126,"no_changes,universal_edges,all_inverse_edges",6378,6378,3,0.1305481754243374,0,212,,0.37869611382484436,4.649983040988445,1,0.27303436398506165,1,0.08110000193119049,1,0.037510160356760025,,,,,,,,,,,,,,,,,,,,,,,,,,,
2127,"no_changes,universal_edges,all_inverse_edges",6381,6381,3,0.01639415758351485,0,212,,0.37869611382484436,4.643397103063762,1,0.006241323426365852,1,0.007897593080997467,1,0.03504355624318123,,,,,,,,,,,,,,,,,,,,,,,,,,,
2128,"all_inverse_edges,no_changes,universal_edges",6384,6384,3,0.0172744191562136,0,212,,0.37869611382484436,4.666925819823518,1,0.006514979992061853,1,0.0070274812169373035,1,0.03828079625964165,,,,,,,,,,,,,,,,,,,,,,,,,,,
2129,"no_changes,all_inverse_edges,universal_edges",6387,6387,3,0.015830746075759333,0,212,,0.37869611382484436,4.653222122928128,1,0.005514019634574652,1,0.006184489466249943,1,0.0357937291264534,,,,,,,,,,,,,,,,,,,,,,,,,,,
2130,"no_changes,universal_edges,all_inverse_edges",6390,6390,3,0.06382928757617871,1,213,0.37417080998420715,0.37869611382484436,20.644969857065007,1,0.005158818326890469,1,0.08608664572238922,1,0.10024239867925644,0.247491255402565,0.3679448664188385,0.3274555042847726,0.3862887277521424,0.4396835860250494,0.9889746274251295,0.9579003375545984,0.737425840474621,0.8114443014771344,0.2702711820602417,0.3908681869506836,0.35349373764007913,0.4024390243902439,0.4614370468029005,0.9893106880194398,0.9600523441608217,0.7455108767303888,0.8189773962192741,0.2582601010799408,0.36369937658309937,0.3162491760052736,0.3867831245880026,0.4446275543836519,0.9894916437240684,0.9463874578854184,0.7596539222148979,0.8273901900841045
2131,"all_inverse_edges,universal_edges,no_changes",6393,6393,3,0.016992913869520027,0,213,,0.37869611382484436,4.640114289941266,1,0.006424924358725548,1,0.012833227403461933,1,0.031720589846372604,,,,,,,,,,,,,,,,,,,,,,,,,,,
2132,"no_changes,all_inverse_edges,universal_edges",6396,6396,3,0.11010671748469274,0,213,,0.37869611382484436,4.6570330339018255,1,0.28492021560668945,1,0.006616811268031597,1,0.03878312557935715,,,,,,,,,,,,,,,,,,,,,,,,,,,
2133,"no_changes,all_inverse_edges,universal_edges",6399,6399,3,0.019394932004312675,0,213,,0.37869611382484436,4.659573246957734,1,0.007689544931054115,1,0.010033662430942059,1,0.04046158865094185,,,,,,,,,,,,,,,,,,,,,,,,,,,
2134,"all_inverse_edges,universal_edges,no_changes",6402,6402,3,0.018994606876124937,0,213,,0.37869611382484436,4.666585678001866,1,0.009509225375950336,1,0.00653882184997201,1,0.04093577340245247,,,,,,,,,,,,,,,,,,,,,,,,,,,
2135,"all_inverse_edges,no_changes,universal_edges",6405,6405,3,0.01943988911807537,0,213,,0.37869611382484436,4.669526098994538,1,0.008746192790567875,1,0.009163730777800083,1,0.040409743785858154,,,,,,,,,,,,,,,,,,,,,,,,,,,
2136,"all_inverse_edges,no_changes,universal_edges",6408,6408,3,0.01827675135185321,0,213,,0.37869611382484436,4.661974739981815,1,0.008637306280434132,1,0.009885109961032867,1,0.036307837814092636,,,,,,,,,,,,,,,,,,,,,,,,,,,
2137,"all_inverse_edges,universal_edges,no_changes",6411,6411,3,0.01598506684725483,0,213,,0.37869611382484436,4.649618480121717,1,0.006713691633194685,1,0.008998719044029713,1,0.0322427898645401,,,,,,,,,,,,,,,,,,,,,,,,,,,
2138,"universal_edges,all_inverse_edges,no_changes",6414,6414,3,0.06540490469584863,0,213,,0.37869611382484436,4.649310045875609,1,0.0059278616681694984,1,0.08657672256231308,1,0.1037101298570633,,,,,,,,,,,,,,,,,,,,,,,,,,,
2139,"all_inverse_edges,universal_edges,no_changes",6417,6417,3,0.016416032798588276,0,213,,0.37869611382484436,4.653301136102527,1,0.006336636375635862,1,0.004709809552878141,1,0.038201652467250824,,,,,,,,,,,,,,,,,,,,,,,,,,,
2140,"all_inverse_edges,no_changes,universal_edges",6420,6420,3,0.10736708839734395,1,214,0.3726966977119446,0.37869611382484436,20.878539914032444,1,0.27675536274909973,1,0.005371365696191788,1,0.03997453674674034,0.24840709567070007,0.3701190650463104,0.33124588002636784,0.38810151615029664,0.4388595912986157,0.9889681647213928,0.9677917780925589,0.7316084377059986,0.8084154860993837,0.267085999250412,0.3871001601219177,0.34970336189848383,0.3984838497033619,0.45682267633487145,0.9891232696110744,0.9682965273407774,0.7355636123928806,0.8120917720406156,0.25302645564079285,0.3608708679676056,0.31493078444297956,0.3805207646671061,0.44100197758734344,0.9892008220559153,0.9516496966680797,0.7477158866183257,0.8188474485385393
2141,"all_inverse_edges,no_changes,universal_edges",6423,6423,3,0.016366585313032072,0,214,,0.37869611382484436,4.679482456063852,1,0.006973731331527233,1,0.005658628884702921,1,0.03646739572286606,,,,,,,,,,,,,,,,,,,,,,,,,,,
2142,"universal_edges,no_changes,all_inverse_edges",6426,6426,3,0.014126157232870659,0,214,,0.37869611382484436,4.655663938028738,1,0.005732998717576265,1,0.005287197418510914,1,0.031358275562524796,,,,,,,,,,,,,,,,,,,,,,,,,,,
2143,"universal_edges,all_inverse_edges,no_changes",6429,6429,3,0.12974123703315854,0,214,,0.37869611382484436,4.657903674989939,1,0.2817528545856476,1,0.0054857744835317135,1,0.10198508203029633,,,,,,,,,,,,,,,,,,,,,,,,,,,
2144,"no_changes,universal_edges,all_inverse_edges",6432,6432,3,0.016510101811339457,0,214,,0.37869611382484436,4.669257386121899,1,0.005050064530223608,1,0.005853953771293163,1,0.0386262871325016,,,,,,,,,,,,,,,,,,,,,,,,,,,
2145,"no_changes,all_inverse_edges,universal_edges",6435,6435,3,0.01737197209149599,0,214,,0.37869611382484436,4.639443154912442,1,0.00689026340842247,1,0.005181203596293926,1,0.040044449269771576,,,,,,,,,,,,,,,,,,,,,,,,,,,
2146,"no_changes,universal_edges,all_inverse_edges",6438,6438,3,0.01591604171941678,0,214,,0.37869611382484436,4.6665000568609685,1,0.0070305936969816685,1,0.005291853565722704,1,0.03542567789554596,,,,,,,,,,,,,,,,,,,,,,,,,,,
2147,"universal_edges,all_inverse_edges,no_changes",6441,6441,3,0.014510822637627522,0,214,,0.37869611382484436,4.653302117949352,1,0.0066879927180707455,1,0.004737714305520058,1,0.03210676088929176,,,,,,,,,,,,,,,,,,,,,,,,,,,
2148,"universal_edges,all_inverse_edges,no_changes",6444,6444,3,0.04281761248906454,0,214,,0.37869611382484436,4.66794823599048,1,0.006463430821895599,1,0.08975408226251602,1,0.03223532438278198,,,,,,,,,,,,,,,,,,,,,,,,,,,
2149,"all_inverse_edges,universal_edges,no_changes",6447,6447,3,0.017898809785644215,0,214,,0.37869611382484436,4.643815777963027,1,0.004577861167490482,1,0.0054559120908379555,1,0.0436626560986042,,,,,,,,,,,,,,,,,,,,,,,,,,,
2150,"universal_edges,no_changes,all_inverse_edges",6450,6450,3,0.0639348605958124,1,215,0.3765239417552948,0.37869611382484436,19.81254502898082,1,0.004420483019202948,1,0.08094535022974014,1,0.10643874853849411,0.2521020770072937,0.37407976388931274,0.33618984838497035,0.39238628872775216,0.44133157547791696,0.9888453733503949,0.9695047434117388,0.7273467369808834,0.8048797536649199,0.27047592401504517,0.39201125502586365,0.3553065260382334,0.4024390243902439,0.4653922214897825,0.9890457171662337,0.9707312815661391,0.7321324983520106,0.8095132420220563,0.25626659393310547,0.363480806350708,0.3172379696769941,0.38249835201054716,0.4475939353988134,0.9890974187961276,0.9521755471340929,0.7444330916282136,0.8161852581884658
2151,"universal_edges,no_changes,all_inverse_edges",6453,6453,3,0.036752238714446626,0,215,,0.37869611382484436,4.649547723121941,1,0.004711466375738382,1,0.0041384147480130196,1,0.10140683501958847,,,,,,,,,,,,,,,,,,,,,,,,,,,
2152,"all_inverse_edges,universal_edges,no_changes",6456,6456,3,0.0173555303675433,0,215,,0.37869611382484436,4.640549635048956,1,0.004885101690888405,1,0.00459063658490777,1,0.042590852826833725,,,,,,,,,,,,,,,,,,,,,,,,,,,
2153,"all_inverse_edges,universal_edges,no_changes",6459,6459,3,0.013833754307900866,0,215,,0.37869611382484436,4.670908269006759,1,0.004779402166604996,1,0.0035303698386996984,1,0.0331914909183979,,,,,,,,,,,,,,,,,,,,,,,,,,,
2154,"no_changes,universal_edges,all_inverse_edges",6462,6462,3,0.012848692713305354,0,215,,0.37869611382484436,4.6489158677868545,1,0.004379489924758673,1,0.0033526800107210875,1,0.030813908204436302,,,,,,,,,,,,,,,,,,,,,,,,,,,
2155,"universal_edges,all_inverse_edges,no_changes",6465,6465,3,0.10263792991948624,0,215,,0.37869611382484436,4.658682412002236,1,0.2756301760673523,1,0.003340071300044656,1,0.028943542391061783,,,,,,,,,,,,,,,,,,,,,,,,,,,
2156,"all_inverse_edges,no_changes,universal_edges",6468,6468,3,0.03925816916550199,0,215,,0.37869611382484436,4.658551917877048,1,0.006443167105317116,1,0.004194353241473436,1,0.10713698714971542,,,,,,,,,,,,,,,,,,,,,,,,,,,
2157,"all_inverse_edges,no_changes,universal_edges",6471,6471,3,0.015412979604055485,0,215,,0.37869611382484436,4.647131522884592,1,0.007506502326577902,1,0.004882656969130039,1,0.03384977951645851,,,,,,,,,,,,,,,,,,,,,,,,,,,
2158,"all_inverse_edges,no_changes,universal_edges",6474,6474,3,0.036444943863898516,0,215,,0.37869611382484436,4.627798683010042,1,0.005508690141141415,1,0.004422491881996393,1,0.09940364956855774,,,,,,,,,,,,,,,,,,,,,,,,,,,
2159,"no_changes,all_inverse_edges,universal_edges",6477,6477,3,0.014062978637715181,0,215,,0.37869611382484436,4.660844791913405,1,0.00662124203518033,1,0.004013412166386843,1,0.03155428171157837,,,,,,,,,,,,,,,,,,,,,,,,,,,
2160,"universal_edges,no_changes,all_inverse_edges",6480,6480,3,0.04012846356878678,1,216,0.37315722306569415,0.37869611382484436,19.775464495876804,1,0.019954288378357887,1,0.009152363054454327,1,0.09127873927354813,0.25038474798202515,0.37134233117103577,0.3333882663150956,0.3899143045484509,0.4377059986816084,0.988037535383303,0.9319055961821721,0.7269347396176664,0.7963354723482259,0.2695072293281555,0.3886714577674866,0.3501977587343441,0.40227422544495717,0.46110744891232697,0.9883994467925601,0.9413551929693977,0.7313183915622941,0.8023283093990026,0.25492775440216064,0.3594578802585602,0.31147000659195784,0.38167435728411336,0.4444627554383652,0.9886127160158724,0.9320011239332435,0.7441858932102834,0.8110084048201842
2161,"all_inverse_edges,no_changes,universal_edges",6483,6483,3,0.11075376222531001,0,216,,0.37869611382484436,4.662602883065119,1,0.28504881262779236,1,0.006354138255119324,1,0.04085833579301834,,,,,,,,,,,,,,,,,,,,,,,,,,,
2162,"no_changes,all_inverse_edges,universal_edges",6486,6486,3,0.036158752627670765,0,216,,0.37869611382484436,4.664746688911691,1,0.0071149771101772785,1,0.004084347281605005,1,0.09727693349123001,,,,,,,,,,,,,,,,,,,,,,,,,,,
2163,"no_changes,all_inverse_edges,universal_edges",6489,6489,3,0.02049468969926238,0,216,,0.37869611382484436,4.653873600065708,1,0.010836577042937279,1,0.005498452577739954,1,0.04514903947710991,,,,,,,,,,,,,,,,,,,,,,,,,,,
2164,"no_changes,universal_edges,all_inverse_edges",6492,6492,3,0.0359042816174527,0,216,,0.37869611382484436,4.648101779865101,1,0.007582514081150293,1,0.005490701645612717,1,0.09463962912559509,,,,,,,,,,,,,,,,,,,,,,,,,,,
2165,"no_changes,all_inverse_edges,universal_edges",6495,6495,3,0.03676191143070658,0,216,,0.37869611382484436,4.6584522989578545,1,0.00788149330765009,1,0.005803738255053759,1,0.0966005027294159,,,,,,,,,,,,,,,,,,,,,,,,,,,
2166,"no_changes,universal_edges,all_inverse_edges",6498,6498,3,0.01464433828368783,0,216,,0.37869611382484436,4.645818596938625,1,0.0086127370595932,1,0.004675069358199835,1,0.030645208433270454,,,,,,,,,,,,,,,,,,,,,,,,,,,
2167,"all_inverse_edges,universal_edges,no_changes",6501,6501,3,0.042707555616895355,0,216,,0.37869611382484436,4.640855503035709,1,0.0070226844400167465,1,0.089913010597229,1,0.031186971813440323,,,,,,,,,,,,,,,,,,,,,,,,,,,
2168,"all_inverse_edges,universal_edges,no_changes",6504,6504,3,0.040369078827401005,0,216,,0.37869611382484436,4.641960705863312,1,0.006743640638887882,1,0.0829855278134346,1,0.031378068029880524,,,,,,,,,,,,,,,,,,,,,,,,,,,
2169,"no_changes,all_inverse_edges,universal_edges",6507,6507,3,0.01654879469424486,0,216,,0.37869611382484436,4.6503021768294275,1,0.005645036697387695,1,0.006407133303582668,1,0.03759421408176422,,,,,,,,,,,,,,,,,,,,,,,,,,,
2170,"all_inverse_edges,universal_edges,no_changes",6510,6510,3,0.015781772167732317,1,217,0.3703428606192271,0.37869611382484436,19.856443339027464,1,0.0076464503072202206,1,0.005836264230310917,1,0.03386260196566582,0.24649357795715332,0.3662756681442261,0.3291034937376401,0.3843111404087014,0.4283124588002637,0.9885545516822418,0.9654533472644682,0.7215458141067896,0.7986876270725799,0.26603737473487854,0.38412171602249146,0.34410019775873435,0.4011206328279499,0.45286750164798945,0.9889164630914989,0.9682186895098703,0.7299670402109426,0.8070129414580489,0.2556383013725281,0.36063119769096375,0.31394199077125906,0.38117996044825314,0.4421555702043507,0.9889423139064459,0.9477048873855545,0.7429004614370468,0.8138063451937272
2171,"no_changes,all_inverse_edges,universal_edges",6513,6513,3,0.018356533565868933,0,217,,0.37869611382484436,4.676181334070861,1,0.005838559940457344,1,0.005565698724240065,1,0.04366534203290939,,,,,,,,,,,,,,,,,,,,,,,,,,,
2172,"all_inverse_edges,no_changes,universal_edges",6516,6516,3,0.01926754368469119,0,217,,0.37869611382484436,4.651188545161858,1,0.008312263526022434,1,0.005812471266835928,1,0.04367789626121521,,,,,,,,,,,,,,,,,,,,,,,,,,,
2173,"universal_edges,all_inverse_edges,no_changes",6519,6519,3,0.015978433657437563,0,217,,0.37869611382484436,4.655218372121453,1,0.005613453220576048,1,0.005078935995697975,1,0.037242911756038666,,,,,,,,,,,,,,,,,,,,,,,,,,,
2174,"universal_edges,no_changes,all_inverse_edges",6522,6522,3,0.020573509391397238,0,217,,0.37869611382484436,4.6416546639520675,1,0.005173702724277973,1,0.004100229125469923,1,0.05244659632444382,,,,,,,,,,,,,,,,,,,,,,,,,,,
2175,"no_changes,universal_edges,all_inverse_edges",6525,6525,3,0.08890147972851992,0,217,,0.37869611382484436,4.643802696140483,1,0.004849232733249664,1,0.004208109341561794,1,0.2576470971107483,,,,,,,,,,,,,,,,,,,,,,,,,,,
2176,"universal_edges,all_inverse_edges,no_changes",6528,6528,3,0.04992074666855236,0,217,,0.37869611382484436,4.642550181830302,1,0.005520754028111696,1,0.0038855711463838816,1,0.1403559148311615,,,,,,,,,,,,,,,,,,,,,,,,,,,
2177,"universal_edges,no_changes,all_inverse_edges",6531,6531,3,0.05757177077854673,0,217,,0.37869611382484436,4.6563735217787325,1,0.0044287205673754215,1,0.09966999292373657,1,0.0686165988445282,,,,,,,,,,,,,,,,,,,,,,,,,,,
2178,"universal_edges,no_changes,all_inverse_edges",6534,6534,3,0.033297368014852204,0,217,,0.37869611382484436,4.650684188120067,1,0.006655311211943626,1,0.03663378953933716,1,0.05660300329327583,,,,,,,,,,,,,,,,,,,,,,,,,,,
2179,"no_changes,universal_edges,all_inverse_edges",6537,6537,3,0.03811251434187094,0,217,,0.37869611382484436,4.650742742000148,1,0.007254268974065781,1,0.015248483046889305,1,0.09183479100465775,,,,,,,,,,,,,,,,,,,,,,,,,,,
2180,"all_inverse_edges,no_changes,universal_edges",6540,6540,3,0.05076589901000261,1,218,0.3728482723236084,0.37869611382484436,19.872387369861826,1,0.0044298237189650536,1,0.09366471320390701,1,0.05420316010713577,0.24674943089485168,0.3719632029533386,0.33618984838497035,0.3867831245880026,0.4377059986816084,0.9886321041270826,0.964225383162551,0.7243309162821358,0.8010181279142956,0.26424098014831543,0.3884120285511017,0.35201054713249835,0.39996704021094265,0.4606130520764667,0.9888970749802888,0.9678550484264995,0.7296341463414634,0.8066331040491383,0.24922408163547516,0.3581695854663849,0.3152603823335531,0.3744232036914964,0.43638760711931446,0.9886514922382929,0.9328932786178235,0.7446901779828609,0.8116519630330553
2181,"all_inverse_edges,universal_edges,no_changes",6543,6543,3,0.11582435357073943,0,218,,0.37869611382484436,4.653373137814924,1,0.28890180587768555,1,0.010094543918967247,1,0.04847671091556549,,,,,,,,,,,,,,,,,,,,,,,,,,,
2182,"universal_edges,all_inverse_edges,no_changes",6546,6546,3,0.05341574580719074,0,218,,0.37869611382484436,4.665584421949461,1,0.010940895415842533,1,0.1026429533958435,1,0.04666338860988617,,,,,,,,,,,,,,,,,,,,,,,,,,,
2183,"no_changes,all_inverse_edges,universal_edges",6549,6549,3,0.028453396633267403,0,218,,0.37869611382484436,4.649105309974402,1,0.01106533408164978,1,0.022910578176379204,1,0.051384277641773224,,,,,,,,,,,,,,,,,,,,,,,,,,,
2184,"all_inverse_edges,universal_edges,no_changes",6552,6552,3,0.02030514304836591,0,218,,0.37869611382484436,4.6485259111505,1,0.00821739062666893,1,0.012386355549097061,1,0.04031168296933174,,,,,,,,,,,,,,,,,,,,,,,,,,,
2185,"all_inverse_edges,no_changes,universal_edges",6555,6555,3,0.02219826402142644,0,218,,0.37869611382484436,4.657029976835474,1,0.005942946765571833,1,0.00942212250083685,1,0.051229722797870636,,,,,,,,,,,,,,,,,,,,,,,,,,,
2186,"no_changes,universal_edges,all_inverse_edges",6558,6558,3,0.11021492723375559,0,218,,0.37869611382484436,4.696947375778109,1,0.28052738308906555,1,0.010093352757394314,1,0.0400240458548069,,,,,,,,,,,,,,,,,,,,,,,,,,,
2187,"universal_edges,all_inverse_edges,no_changes",6561,6561,3,0.04230983663971225,0,218,,0.37869611382484436,4.661045172950253,1,0.006437744479626417,1,0.08485286682844162,1,0.035638898611068726,,,,,,,,,,,,,,,,,,,,,,,,,,,
2188,"all_inverse_edges,universal_edges,no_changes",6564,6564,3,0.017509817766646545,0,218,,0.37869611382484436,4.675799482036382,1,0.005428674630820751,1,0.007978953421115875,1,0.039121825248003006,,,,,,,,,,,,,,,,,,,,,,,,,,,
2189,"no_changes,all_inverse_edges,universal_edges",6567,6567,3,0.11252583532283704,0,218,,0.37869611382484436,4.652150945039466,1,0.2858484387397766,1,0.009442939423024654,1,0.04228612780570984,,,,,,,,,,,,,,,,,,,,,,,,,,,
2190,"universal_edges,no_changes,all_inverse_edges",6570,6570,3,0.044556103801975645,1,219,0.3667060931523641,0.37869611382484436,20.45768030011095,1,0.006321821827441454,1,0.09079471975564957,1,0.03655176982283592,0.24707727134227753,0.36330124735832214,0.3249835201054713,0.38216875411997364,0.42963085036255766,0.9888776868690785,0.956949442744582,0.7352768622280818,0.8093365601313778,0.2636454105377197,0.3817773461341858,0.34640738299274887,0.39535266974291366,0.4456163480553724,0.9892008220559153,0.9648299978129543,0.7396407382992749,0.8149554549047837,0.2537497282028198,0.35503968596458435,0.31048121292023734,0.37524719841793014,0.43111404087013844,0.9891038814998643,0.942614165331703,0.7510580092287409,0.8193854972220089
2191,"universal_edges,no_changes,all_inverse_edges",6573,6573,3,0.015324623634417852,0,219,,0.37869611382484436,4.652554560918361,1,0.004876773804426193,1,0.00803104043006897,1,0.03306605666875839,,,,,,,,,,,,,,,,,,,,,,,,,,,
2192,"all_inverse_edges,universal_edges,no_changes",6576,6576,3,0.015839839198937018,0,219,,0.37869611382484436,4.64742718799971,1,0.007544605992734432,1,0.007045591715723276,1,0.03292931988835335,,,,,,,,,,,,,,,,,,,,,,,,,,,
2193,"all_inverse_edges,no_changes,universal_edges",6579,6579,3,0.042653682020803295,0,219,,0.37869611382484436,4.687795264879242,1,0.004933382384479046,1,0.08645424246788025,1,0.03657342121005058,,,,,,,,,,,,,,,,,,,,,,,,,,,
2194,"no_changes,all_inverse_edges,universal_edges",6582,6582,3,0.11007630980263154,0,219,,0.37869611382484436,4.653150342172012,1,0.28895094990730286,1,0.007393904961645603,1,0.03388407453894615,,,,,,,,,,,,,,,,,,,,,,,,,,,
2195,"universal_edges,no_changes,all_inverse_edges",6585,6585,3,0.10692400702585776,0,219,,0.37869611382484436,4.665467906044796,1,0.28303202986717224,1,0.007573775015771389,1,0.03016621619462967,,,,,,,,,,,,,,,,,,,,,,,,,,,
2196,"no_changes,all_inverse_edges,universal_edges",6588,6588,3,0.01722768306111296,0,219,,0.37869611382484436,4.658318570116535,1,0.005457735620439053,1,0.005012181121855974,1,0.041213132441043854,,,,,,,,,,,,,,,,,,,,,,,,,,,
2197,"all_inverse_edges,no_changes,universal_edges",6591,6591,3,0.07071256234000127,0,219,,0.37869611382484436,4.716489509912208,1,0.006208176724612713,1,0.08082742244005203,1,0.12510208785533905,,,,,,,,,,,,,,,,,,,,,,,,,,,
2198,"no_changes,all_inverse_edges,universal_edges",6594,6594,3,0.027406716098388035,0,219,,0.37869611382484436,4.640624456107616,1,0.005424235947430134,1,0.005943312309682369,1,0.0708526000380516,,,,,,,,,,,,,,,,,,,,,,,,,,,
2199,"universal_edges,all_inverse_edges,no_changes",6597,6597,3,0.11330838718762,0,219,,0.37869611382484436,4.640166298951954,1,0.2767312526702881,1,0.007085560820996761,1,0.056108348071575165,,,,,,,,,,,,,,,,,,,,,,,,,,,
2200,"no_changes,universal_edges,all_inverse_edges",6600,6600,3,0.04567417300616702,1,220,0.37116246422131854,0.37869611382484436,19.945705492049456,1,0.005807751324027777,1,0.08370847254991531,1,0.04750629514455795,0.247719869017601,0.3681550621986389,0.3294330916282136,0.38562953197099537,0.4377059986816084,0.9891168069073377,0.9568943805168113,0.7420204350692156,0.8152232138864546,0.2647135853767395,0.3859575688838959,0.3488793671720501,0.39650626235992087,0.4545154911008569,0.9893236134269133,0.961702644876495,0.7448714568226764,0.8188115572934134,0.25283047556877136,0.3593747615814209,0.31460118655240604,0.3785431773236651,0.4358932102834542,0.9892912999082296,0.9440369770617993,0.7555141727092947,0.8234089756244121
2201,"universal_edges,all_inverse_edges,no_changes",6603,6603,3,0.017525487579405308,0,220,,0.37869611382484436,4.6521532440092415,1,0.005698828026652336,1,0.007174474187195301,1,0.039703160524368286,,,,,,,,,,,,,,,,,,,,,,,,,,,
2202,"all_inverse_edges,no_changes,universal_edges",6606,6606,3,0.02590109221637249,0,220,,0.37869611382484436,4.651634979061782,1,0.005064595956355333,1,0.004751553293317556,1,0.06788712739944458,,,,,,,,,,,,,,,,,,,,,,,,,,,
2203,"all_inverse_edges,no_changes,universal_edges",6609,6609,3,0.04383173119276762,0,220,,0.37869611382484436,4.672477386891842,1,0.005258861929178238,1,0.005590585060417652,1,0.12064574658870697,,,,,,,,,,,,,,,,,,,,,,,,,,,
2204,"no_changes,universal_edges,all_inverse_edges",6612,6612,3,0.01831156845825414,0,220,,0.37869611382484436,4.646478830836713,1,0.004760540556162596,1,0.003874837653711438,1,0.04629932716488838,,,,,,,,,,,,,,,,,,,,,,,,,,,
2205,"all_inverse_edges,no_changes,universal_edges",6615,6615,3,0.14080041398604712,0,220,,0.37869611382484436,4.685471527976915,1,0.27591466903686523,1,0.0822390466928482,1,0.06424752622842789,,,,,,,,,,,,,,,,,,,,,,,,,,,
2206,"no_changes,universal_edges,all_inverse_edges",6618,6618,3,0.04292154870927334,0,220,,0.37869611382484436,4.646988399093971,1,0.005159853026270866,1,0.006012279540300369,1,0.11759251356124878,,,,,,,,,,,,,,,,,,,,,,,,,,,
2207,"universal_edges,no_changes,all_inverse_edges",6621,6621,3,0.039467806772639356,0,220,,0.37869611382484436,4.6492065489292145,1,0.005981744732707739,1,0.00552989449352026,1,0.10689178109169006,,,,,,,,,,,,,,,,,,,,,,,,,,,
2208,"all_inverse_edges,no_changes,universal_edges",6624,6624,3,0.1593680183092753,0,220,,0.37869611382484436,4.650644012028351,1,0.28460708260536194,1,0.08044027537107468,1,0.11305669695138931,,,,,,,,,,,,,,,,,,,,,,,,,,,
2209,"all_inverse_edges,no_changes,universal_edges",6627,6627,3,0.05915647201860944,0,220,,0.37869611382484436,4.64866252290085,1,0.007296545896679163,1,0.08320514857769012,1,0.08696772158145905,,,,,,,,,,,,,,,,,,,,,,,,,,,
2210,"universal_edges,all_inverse_edges,no_changes",6630,6630,3,0.054726616789897285,1,221,0.36754055817921955,0.37869611382484436,19.79562302492559,1,0.008327271789312363,1,0.08222624659538269,1,0.0736263319849968,0.2439601719379425,0.3656977117061615,0.3281147000659196,0.38117996044825314,0.4339156229400132,0.9894981064278051,0.948248127594136,0.7585266974291365,0.8269622869881238,0.2601720094680786,0.383348673582077,0.34772577455504283,0.3937046802900461,0.4513843111404087,0.9896532113174867,0.9505782978460481,0.7613513513513513,0.8298690690290216,0.246232271194458,0.35357528924942017,0.3121292023731048,0.37178642056690836,0.4218852999340804,0.989207284759652,0.9208955202775697,0.7716216216216216,0.8295196622041974
