candidate_id,query_row,movie_local,director_local,score,label,rank_of_positive
0,0,2852,1159,0.5078777074813843,1,3
1,0,2852,2075,0.4905880391597748,0,3
2,0,2852,1817,0.5013542175292969,0,3
3,0,2852,1652,0.47607526183128357,0,3
4,0,2852,1600,0.4557623267173767,0,3
5,0,2852,726,0.4870244860649109,0,3
6,0,2852,1774,0.4668053090572357,0,3
7,0,2852,1918,0.5461196303367615,0,3
8,0,2852,621,0.4889260530471802,0,3
9,0,2852,124,0.45639467239379883,0,3
10,0,2852,1849,0.48487111926078796,0,3
11,0,2852,356,0.49003860354423523,0,3
12,0,2852,1309,0.47043317556381226,0,3
13,0,2852,1779,0.5273723602294922,0,3
14,0,2852,1804,0.45502036809921265,0,3
15,0,2852,858,0.46973708271980286,0,3
16,0,2852,1488,0.47343119978904724,0,3
17,0,2852,540,0.4387754797935486,0,3
18,0,2852,1516,0.4417804181575775,0,3
19,0,2852,1807,0.476129412651062,0,3
20,1,1674,149,0.5610448718070984,1,1
21,1,1674,1893,0.5379472374916077,0,1
22,1,1674,1080,0.5285555124282837,0,1
23,1,1674,893,0.5227756500244141,0,1
24,1,1674,491,0.5111745595932007,0,1
25,1,1674,373,0.4697014093399048,0,1
26,1,1674,214,0.5318867564201355,0,1
27,1,1674,426,0.45714685320854187,0,1
28,1,1674,945,0.5204728841781616,0,1
29,1,1674,363,0.51615971326828,0,1
30,1,1674,870,0.5258115530014038,0,1
31,1,1674,1296,0.5208808779716492,0,1
32,1,1674,1200,0.5115442276000977,0,1
33,1,1674,743,0.5455955862998962,0,1
34,1,1674,2015,0.5266152024269104,0,1
35,1,1674,1203,0.5135969519615173,0,1
36,1,1674,653,0.5181077122688293,0,1
37,1,1674,1477,0.5283235311508179,0,1
38,1,1674,847,0.5370907783508301,0,1
39,1,1674,256,0.47324657440185547,0,1
40,2,2613,798,0.617151141166687,1,3
41,2,2613,794,0.6072914600372314,0,3
42,2,2613,1462,0.6280889511108398,0,3
43,2,2613,426,0.4311203062534332,0,3
44,2,2613,1088,0.511222779750824,0,3
45,2,2613,298,0.5575107336044312,0,3
46,2,2613,1423,0.46359825134277344,0,3
47,2,2613,1381,0.5299456119537354,0,3
48,2,2613,930,0.3929186761379242,0,3
49,2,2613,754,0.6658983826637268,0,3
50,2,2613,775,0.574256181716919,0,3
51,2,2613,15,0.6100267171859741,0,3
52,2,2613,202,0.4033094644546509,0,3
53,2,2613,1154,0.5756773352622986,0,3
54,2,2613,420,0.6045382618904114,0,3
55,2,2613,1815,0.5704922080039978,0,3
56,2,2613,1968,0.6128490567207336,0,3
57,2,2613,1148,0.5538043975830078,0,3
58,2,2613,783,0.5919844508171082,0,3
59,2,2613,627,0.5898209810256958,0,3
60,3,2715,655,0.3903638422489166,1,19
61,3,2715,2007,0.5523737072944641,0,19
62,3,2715,1896,0.6012012362480164,0,19
63,3,2715,1610,0.3504202365875244,0,19
64,3,2715,327,0.5698081254959106,0,19
65,3,2715,1959,0.5771533250808716,0,19
66,3,2715,1218,0.4541183114051819,0,19
67,3,2715,1627,0.599432110786438,0,19
68,3,2715,580,0.6151755452156067,0,19
69,3,2715,1990,0.623236894607544,0,19
70,3,2715,524,0.5533665418624878,0,19
71,3,2715,1661,0.5947181582450867,0,19
72,3,2715,123,0.41446453332901,0,19
73,3,2715,453,0.578563392162323,0,19
74,3,2715,93,0.5540512204170227,0,19
75,3,2715,1264,0.5891516804695129,0,19
76,3,2715,303,0.5545055270195007,0,19
77,3,2715,613,0.48864251375198364,0,19
78,3,2715,677,0.5574659705162048,0,19
79,3,2715,105,0.6025397777557373,0,19
80,4,2019,1356,0.588455319404602,1,4
81,4,2019,821,0.5525379776954651,0,4
82,4,2019,1678,0.5756173133850098,0,4
83,4,2019,456,0.5538375973701477,0,4
84,4,2019,1193,0.5490018129348755,0,4
85,4,2019,407,0.37585967779159546,0,4
86,4,2019,830,0.5864371657371521,0,4
87,4,2019,1168,0.4042354226112366,0,4
88,4,2019,1073,0.5593286752700806,0,4
89,4,2019,1975,0.6252198815345764,0,4
90,4,2019,471,0.5635828375816345,0,4
91,4,2019,791,0.5664151906967163,0,4
92,4,2019,1646,0.5685676336288452,0,4
93,4,2019,1911,0.6108720898628235,0,4
94,4,2019,1047,0.5572348833084106,0,4
95,4,2019,1051,0.5602142810821533,0,4
96,4,2019,927,0.5692569017410278,0,4
97,4,2019,1131,0.6007002592086792,0,4
98,4,2019,2049,0.5632275938987732,0,4
99,4,2019,11,0.5621523261070251,0,4
100,5,141,1664,0.33460405468940735,1,20
101,5,141,641,0.6060830950737,0,20
102,5,141,698,0.6474102139472961,0,20
103,5,141,246,0.5972754955291748,0,20
104,5,141,701,0.5918691158294678,0,20
105,5,141,402,0.6689813733100891,0,20
106,5,141,974,0.6664021015167236,0,20
107,5,141,1946,0.5207730531692505,0,20
108,5,141,213,0.4942941665649414,0,20
109,5,141,690,0.5062305927276611,0,20
110,5,141,1030,0.5777402520179749,0,20
111,5,141,680,0.4325532913208008,0,20
112,5,141,1580,0.561316192150116,0,20
113,5,141,951,0.5996705293655396,0,20
114,5,141,308,0.3993320167064667,0,20
115,5,141,212,0.4262758791446686,0,20
116,5,141,1954,0.6170938014984131,0,20
117,5,141,419,0.5839965343475342,0,20
118,5,141,1988,0.5805708765983582,0,20
119,5,141,955,0.616716742515564,0,20
120,6,1550,1822,0.5109673738479614,1,5
121,6,1550,1124,0.6392315626144409,0,5
122,6,1550,1644,0.5583480000495911,0,5
123,6,1550,1474,0.5406462550163269,0,5
124,6,1550,685,0.42196395993232727,0,5
125,6,1550,754,0.3884921967983246,0,5
126,6,1550,810,0.46217080950737,0,5
127,6,1550,787,0.46070632338523865,0,5
128,6,1550,1646,0.4343506991863251,0,5
129,6,1550,490,0.4961516857147217,0,5
130,6,1550,273,0.4106675088405609,0,5
131,6,1550,1796,0.5274625420570374,0,5
132,6,1550,240,0.4509712755680084,0,5
133,6,1550,1380,0.4604162275791168,0,5
134,6,1550,88,0.5055104494094849,0,5
135,6,1550,522,0.4124729037284851,0,5
136,6,1550,2036,0.3758365213871002,0,5
137,6,1550,207,0.48947861790657043,0,5
138,6,1550,441,0.4253610372543335,0,5
139,6,1550,1431,0.42207711935043335,0,5
140,7,621,1237,0.5780282616615295,1,15
141,7,621,1227,0.6678224802017212,0,15
142,7,621,1942,0.3757937550544739,0,15
143,7,621,1130,0.65434730052948,0,15
144,7,621,83,0.6119317412376404,0,15
145,7,621,44,0.5420548915863037,0,15
146,7,621,183,0.5751875042915344,0,15
147,7,621,799,0.5685757994651794,0,15
148,7,621,575,0.5847963094711304,0,15
149,7,621,1560,0.5962769389152527,0,15
150,7,621,704,0.6795511841773987,0,15
151,7,621,2043,0.6024981141090393,0,15
152,7,621,1768,0.582430362701416,0,15
153,7,621,564,0.6180210709571838,0,15
154,7,621,1625,0.600723922252655,0,15
155,7,621,107,0.6175134778022766,0,15
156,7,621,1311,0.5862619876861572,0,15
157,7,621,1515,0.4139472246170044,0,15
158,7,621,1271,0.6510193347930908,0,15
159,7,621,1573,0.5797263383865356,0,15
160,8,1076,1099,0.7697997093200684,1,8
161,8,1076,1438,0.7120582461357117,0,8
162,8,1076,847,0.5262426137924194,0,8
163,8,1076,606,0.775942862033844,0,8
164,8,1076,764,0.742673933506012,0,8
165,8,1076,1542,0.7844155430793762,0,8
166,8,1076,509,0.7302661538124084,0,8
167,8,1076,615,0.7134847640991211,0,8
168,8,1076,1825,0.49397730827331543,0,8
169,8,1076,1878,0.523038923740387,0,8
170,8,1076,1934,0.7742413878440857,0,8
171,8,1076,1898,0.7841839790344238,0,8
172,8,1076,292,0.6978313326835632,0,8
173,8,1076,1538,0.7710999846458435,0,8
174,8,1076,1865,0.6994720101356506,0,8
175,8,1076,1569,0.701038658618927,0,8
176,8,1076,721,0.7717236280441284,0,8
177,8,1076,47,0.8057650327682495,0,8
178,8,1076,598,0.4076026678085327,0,8
179,8,1076,1185,0.7099663019180298,0,8
180,9,2045,472,0.5227450132369995,1,19
181,9,2045,1027,0.6995094418525696,0,19
182,9,2045,1229,0.785478413105011,0,19
183,9,2045,1205,0.47547999024391174,0,19
184,9,2045,676,0.6686201095581055,0,19
185,9,2045,1265,0.6895754337310791,0,19
186,9,2045,247,0.6647928953170776,0,19
187,9,2045,984,0.7169539928436279,0,19
188,9,2045,721,0.7509356141090393,0,19
189,9,2045,959,0.5472638010978699,0,19
190,9,2045,1246,0.6822924017906189,0,19
191,9,2045,582,0.7795582413673401,0,19
192,9,2045,946,0.7461398839950562,0,19
193,9,2045,898,0.672218918800354,0,19
194,9,2045,296,0.6617314219474792,0,19
195,9,2045,15,0.7426919341087341,0,19
196,9,2045,353,0.7862532138824463,0,19
197,9,2045,879,0.7872330546379089,0,19
198,9,2045,812,0.7614501118659973,0,19
199,9,2045,736,0.6868506669998169,0,19
200,10,2494,1921,0.5128836035728455,1,5
201,10,2494,912,0.49187907576560974,0,5
202,10,2494,1583,0.5012918710708618,0,5
203,10,2494,2039,0.4965812563896179,0,5
204,10,2494,1122,0.4302558898925781,0,5
205,10,2494,441,0.4985426366329193,0,5
206,10,2494,1941,0.5349690318107605,0,5
207,10,2494,638,0.4778188467025757,0,5
208,10,2494,738,0.49624860286712646,0,5
209,10,2494,1180,0.5123295187950134,0,5
210,10,2494,59,0.49361976981163025,0,5
211,10,2494,2004,0.512968897819519,0,5
212,10,2494,1344,0.5148029923439026,0,5
213,10,2494,1393,0.49880433082580566,0,5
214,10,2494,1569,0.49526309967041016,0,5
215,10,2494,314,0.49273601174354553,0,5
216,10,2494,1890,0.5027014017105103,0,5
217,10,2494,83,0.5188939571380615,0,5
218,10,2494,106,0.441417396068573,0,5
219,10,2494,753,0.4976959228515625,0,5
220,11,1056,850,0.3906748592853546,1,20
221,11,1056,257,0.6016988158226013,0,20
222,11,1056,2032,0.7021070718765259,0,20
223,11,1056,402,0.7012553215026855,0,20
224,11,1056,1904,0.4833550751209259,0,20
225,11,1056,1989,0.6303979158401489,0,20
226,11,1056,542,0.6043407917022705,0,20
227,11,1056,1540,0.6223659515380859,0,20
228,11,1056,1926,0.690661609172821,0,20
229,11,1056,361,0.596312940120697,0,20
230,11,1056,1243,0.6206459403038025,0,20
231,11,1056,1568,0.6200041770935059,0,20
232,11,1056,883,0.4697157144546509,0,20
233,11,1056,1972,0.4225325584411621,0,20
234,11,1056,149,0.5261312127113342,0,20
235,11,1056,495,0.697699248790741,0,20
236,11,1056,1483,0.661563515663147,0,20
237,11,1056,1023,0.45535552501678467,0,20
238,11,1056,1912,0.6400102972984314,0,20
239,11,1056,228,0.6781080365180969,0,20
240,12,2615,1027,0.5882130265235901,1,7
241,12,2615,2013,0.6574868559837341,0,7
242,12,2615,789,0.4172045588493347,0,7
243,12,2615,943,0.5344002842903137,0,7
244,12,2615,1254,0.6154360771179199,0,7
245,12,2615,609,0.5811529159545898,0,7
246,12,2615,723,0.5711981654167175,0,7
247,12,2615,1229,0.6208544373512268,0,7
248,12,2615,252,0.5684054493904114,0,7
249,12,2615,1999,0.5833405256271362,0,7
250,12,2615,667,0.5349765419960022,0,7
251,12,2615,392,0.574687659740448,0,7
252,12,2615,351,0.5773351192474365,0,7
253,12,2615,168,0.6015702486038208,0,7
254,12,2615,1198,0.39215952157974243,0,7
255,12,2615,1403,0.6268740296363831,0,7
256,12,2615,1124,0.4768347144126892,0,7
257,12,2615,1085,0.5735226273536682,0,7
258,12,2615,967,0.6167340874671936,0,7
259,12,2615,1971,0.47429516911506653,0,7
260,13,3297,906,0.7135488986968994,1,12
261,13,3297,1885,0.7213131189346313,0,12
262,13,3297,1077,0.6067536473274231,0,12
263,13,3297,1789,0.6450796127319336,0,12
264,13,3297,1293,0.6708784699440002,0,12
265,13,3297,1596,0.8014209270477295,0,12
266,13,3297,830,0.7735303640365601,0,12
267,13,3297,572,0.3633171617984772,0,12
268,13,3297,1222,0.7269540429115295,0,12
269,13,3297,1923,0.7450113892555237,0,12
270,13,3297,163,0.7678826451301575,0,12
271,13,3297,1235,0.7860628366470337,0,12
272,13,3297,674,0.7813567519187927,0,12
273,13,3297,485,0.7242372035980225,0,12
274,13,3297,364,0.49286317825317383,0,12
275,13,3297,1386,0.7635812163352966,0,12
276,13,3297,1003,0.7031993865966797,0,12
277,13,3297,330,0.3855084478855133,0,12
278,13,3297,1624,0.6634320020675659,0,12
279,13,3297,1886,0.7251822352409363,0,12
280,14,369,1559,0.4382725656032562,1,19
281,14,369,1635,0.5833221077919006,0,19
282,14,369,558,0.6001003384590149,0,19
283,14,369,2046,0.6587519645690918,0,19
284,14,369,283,0.593315839767456,0,19
285,14,369,98,0.6536180377006531,0,19
286,14,369,159,0.4688791334629059,0,19
287,14,369,614,0.6009915471076965,0,19
288,14,369,1446,0.6903310418128967,0,19
289,14,369,1647,0.579949140548706,0,19
290,14,369,224,0.3806432783603668,0,19
291,14,369,669,0.5929955840110779,0,19
292,14,369,1975,0.7412441372871399,0,19
293,14,369,1213,0.617403507232666,0,19
294,14,369,961,0.5595019459724426,0,19
295,14,369,1941,0.5646745562553406,0,19
296,14,369,239,0.5888445973396301,0,19
297,14,369,1135,0.628118097782135,0,19
298,14,369,639,0.5411162972450256,0,19
299,14,369,1895,0.6548442840576172,0,19
300,15,443,1709,0.5432518124580383,1,12
301,15,443,1730,0.4596739411354065,0,12
302,15,443,1824,0.5373164415359497,0,12
303,15,443,1323,0.5048271417617798,0,12
304,15,443,1217,0.5472391843795776,0,12
305,15,443,87,0.5391164422035217,0,12
306,15,443,1409,0.5415974259376526,0,12
307,15,443,802,0.5643378496170044,0,12
308,15,443,1208,0.5324473977088928,0,12
309,15,443,100,0.5615996718406677,0,12
310,15,443,162,0.5449500679969788,0,12
311,15,443,1117,0.5599066615104675,0,12
312,15,443,902,0.5282576680183411,0,12
313,15,443,1465,0.5514171123504639,0,12
314,15,443,1725,0.5141240358352661,0,12
315,15,443,1089,0.557754397392273,0,12
316,15,443,1511,0.5480248332023621,0,12
317,15,443,1801,0.5618022680282593,0,12
318,15,443,1181,0.5592792630195618,0,12
319,15,443,759,0.555847704410553,0,12
320,16,1637,1694,0.37670260667800903,1,18
321,16,1637,1686,0.47284090518951416,0,18
322,16,1637,2056,0.6600865125656128,0,18
323,16,1637,1777,0.36352747678756714,0,18
324,16,1637,1054,0.740190327167511,0,18
325,16,1637,1023,0.44055435061454773,0,18
326,16,1637,320,0.7704557180404663,0,18
327,16,1637,649,0.6407259106636047,0,18
328,16,1637,391,0.6682099103927612,0,18
329,16,1637,542,0.6352927684783936,0,18
330,16,1637,578,0.7398155927658081,0,18
331,16,1637,396,0.7372843623161316,0,18
332,16,1637,958,0.4619286060333252,0,18
333,16,1637,769,0.7623780965805054,0,18
334,16,1637,1689,0.3308624029159546,0,18
335,16,1637,1601,0.7213054299354553,0,18
336,16,1637,1544,0.6123178601264954,0,18
337,16,1637,193,0.3838292360305786,0,18
338,16,1637,915,0.7579758167266846,0,18
339,16,1637,465,0.6949294209480286,0,18
340,17,3840,864,0.5092331171035767,1,7
341,17,3840,1244,0.48910826444625854,0,7
342,17,3840,1644,0.5341876745223999,0,7
343,17,3840,394,0.5108781456947327,0,7
344,17,3840,1901,0.4952109456062317,0,7
345,17,3840,1809,0.5008975863456726,0,7
346,17,3840,2037,0.5227153301239014,0,7
347,17,3840,1337,0.502836287021637,0,7
348,17,3840,653,0.49132248759269714,0,7
349,17,3840,1542,0.4879193603992462,0,7
350,17,3840,515,0.49635225534439087,0,7
351,17,3840,2013,0.48556071519851685,0,7
352,17,3840,1226,0.48670437932014465,0,7
353,17,3840,196,0.5156893134117126,0,7
354,17,3840,241,0.5126449465751648,0,7
355,17,3840,144,0.5271269679069519,0,7
356,17,3840,200,0.5091468691825867,0,7
357,17,3840,952,0.49434012174606323,0,7
358,17,3840,665,0.5035240054130554,0,7
359,17,3840,1292,0.49268004298210144,0,7
360,18,2720,1124,0.6606563329696655,1,1
361,18,2720,753,0.4278494417667389,0,1
362,18,2720,535,0.4918374717235565,0,1
363,18,2720,1199,0.42202314734458923,0,1
364,18,2720,1178,0.4875342547893524,0,1
365,18,2720,489,0.44602102041244507,0,1
366,18,2720,1145,0.4322441816329956,0,1
367,18,2720,652,0.5442439317703247,0,1
368,18,2720,1940,0.4934771955013275,0,1
369,18,2720,1657,0.5375812649726868,0,1
370,18,2720,1159,0.47923290729522705,0,1
371,18,2720,627,0.44292277097702026,0,1
372,18,2720,726,0.45121487975120544,0,1
373,18,2720,1424,0.44432443380355835,0,1
374,18,2720,1307,0.4239691495895386,0,1
375,18,2720,1761,0.5147615075111389,0,1
376,18,2720,1053,0.46324971318244934,0,1
377,18,2720,38,0.4487488269805908,0,1
378,18,2720,2050,0.5076829791069031,0,1
379,18,2720,1712,0.4176143705844879,0,1
380,19,2776,1206,0.7099032998085022,1,11
381,19,2776,514,0.7751738429069519,0,11
382,19,2776,1366,0.8383896350860596,0,11
383,19,2776,468,0.6238341331481934,0,11
384,19,2776,1590,0.7992333769798279,0,11
385,19,2776,1394,0.7863163352012634,0,11
386,19,2776,1698,0.6424949169158936,0,11
387,19,2776,1853,0.41569775342941284,0,11
388,19,2776,1948,0.4948059320449829,0,11
389,19,2776,1201,0.7928246259689331,0,11
390,19,2776,87,0.7162547707557678,0,11
391,19,2776,25,0.7882182598114014,0,11
392,19,2776,722,0.5649656653404236,0,11
393,19,2776,836,0.4543386995792389,0,11
394,19,2776,1759,0.7829767465591431,0,11
395,19,2776,350,0.7146947383880615,0,11
396,19,2776,953,0.5028102993965149,0,11
397,19,2776,1440,0.653557300567627,0,11
398,19,2776,1995,0.290146142244339,0,11
399,19,2776,96,0.7779223918914795,0,11
400,20,145,1002,0.5020759105682373,1,7
401,20,145,1159,0.5171459913253784,0,7
402,20,145,1241,0.4758032262325287,0,7
403,20,145,168,0.4928438365459442,0,7
404,20,145,1775,0.4958619773387909,0,7
405,20,145,2000,0.5084636211395264,0,7
406,20,145,697,0.5207374691963196,0,7
407,20,145,593,0.49132028222084045,0,7
408,20,145,150,0.5215557217597961,0,7
409,20,145,1959,0.49586525559425354,0,7
410,20,145,2003,0.4768418073654175,0,7
411,20,145,182,0.40254732966423035,0,7
412,20,145,936,0.5570470094680786,0,7
413,20,145,1281,0.45877379179000854,0,7
414,20,145,61,0.5096270442008972,0,7
415,20,145,919,0.46011990308761597,0,7
416,20,145,81,0.473626047372818,0,7
417,20,145,1780,0.5005816221237183,0,7
418,20,145,178,0.4755052626132965,0,7
419,20,145,2019,0.4705568850040436,0,7
420,21,999,1060,0.5726020932197571,1,15
421,21,999,94,0.7608909606933594,0,15
422,21,999,1739,0.4514751136302948,0,15
423,21,999,1914,0.5046467781066895,0,15
424,21,999,1827,0.6548506021499634,0,15
425,21,999,704,0.8185915946960449,0,15
426,21,999,1149,0.7001959681510925,0,15
427,21,999,1983,0.7256551384925842,0,15
428,21,999,801,0.39680272340774536,0,15
429,21,999,1291,0.7894337773323059,0,15
430,21,999,686,0.7359575629234314,0,15
431,21,999,738,0.770805835723877,0,15
432,21,999,847,0.5490374565124512,0,15
433,21,999,1431,0.7515018582344055,0,15
434,21,999,224,0.3551661968231201,0,15
435,21,999,745,0.8566442131996155,0,15
436,21,999,1303,0.7935516238212585,0,15
437,21,999,1469,0.7583984136581421,0,15
438,21,999,815,0.7670698165893555,0,15
439,21,999,998,0.7455973029136658,0,15
440,22,1975,1374,0.3552876114845276,1,7
441,22,1975,1164,0.1587807834148407,0,7
442,22,1975,1340,0.324662446975708,0,7
443,22,1975,79,0.5523146986961365,0,7
444,22,1975,1256,0.29490897059440613,0,7
445,22,1975,1815,0.30400773882865906,0,7
446,22,1975,1397,0.4758092761039734,0,7
447,22,1975,908,0.47503629326820374,0,7
448,22,1975,1297,0.2663807272911072,0,7
449,22,1975,376,0.3486515283584595,0,7
450,22,1975,1357,0.3376651406288147,0,7
451,22,1975,1685,0.3350103795528412,0,7
452,22,1975,1841,0.32997143268585205,0,7
453,22,1975,1692,0.5362940430641174,0,7
454,22,1975,958,0.5391556024551392,0,7
455,22,1975,2053,0.2605724632740021,0,7
456,22,1975,714,0.3537924885749817,0,7
457,22,1975,1839,0.35466381907463074,0,7
458,22,1975,1838,0.5127087235450745,0,7
459,22,1975,1239,0.2395293116569519,0,7
460,23,30,1323,0.5706570744514465,1,1
461,23,30,19,0.5028550028800964,0,1
462,23,30,1457,0.5613195896148682,0,1
463,23,30,761,0.5334702730178833,0,1
464,23,30,1025,0.5443001389503479,0,1
465,23,30,72,0.5512298941612244,0,1
466,23,30,1838,0.5418125987052917,0,1
467,23,30,1937,0.5506525635719299,0,1
468,23,30,2030,0.47902461886405945,0,1
469,23,30,283,0.545772910118103,0,1
470,23,30,785,0.5559599995613098,0,1
471,23,30,325,0.43345504999160767,0,1
472,23,30,1392,0.5434191823005676,0,1
473,23,30,1346,0.5383779406547546,0,1
474,23,30,260,0.5183157324790955,0,1
475,23,30,1485,0.49801674485206604,0,1
476,23,30,1278,0.5669862627983093,0,1
477,23,30,2022,0.5380305051803589,0,1
478,23,30,202,0.45695146918296814,0,1
479,23,30,1632,0.3357005715370178,0,1
480,24,144,104,0.43191713094711304,1,19
481,24,144,1772,0.5919565558433533,0,19
482,24,144,1688,0.5783026814460754,0,19
483,24,144,161,0.5653972029685974,0,19
484,24,144,1312,0.39555665850639343,0,19
485,24,144,1483,0.5956438779830933,0,19
486,24,144,56,0.5561337471008301,0,19
487,24,144,920,0.6046128869056702,0,19
488,24,144,438,0.6336251497268677,0,19
489,24,144,1226,0.5763995051383972,0,19
490,24,144,1786,0.5916597247123718,0,19
491,24,144,1094,0.6023737192153931,0,19
492,24,144,2030,0.4740000367164612,0,19
493,24,144,614,0.5702053308486938,0,19
494,24,144,506,0.5739616751670837,0,19
495,24,144,1788,0.6070539951324463,0,19
496,24,144,1931,0.589823842048645,0,19
497,24,144,276,0.6108419299125671,0,19
498,24,144,1348,0.6355328559875488,0,19
499,24,144,911,0.5503652095794678,0,19
500,25,3119,325,0.42911282181739807,1,19
501,25,3119,2076,0.6558842062950134,0,19
502,25,3119,1731,0.6417537927627563,0,19
503,25,3119,1028,0.5686920881271362,0,19
504,25,3119,1669,0.48445987701416016,0,19
505,25,3119,263,0.6076939105987549,0,19
506,25,3119,1888,0.5476213097572327,0,19
507,25,3119,1989,0.6016824841499329,0,19
508,25,3119,484,0.577227771282196,0,19
509,25,3119,1449,0.5736255049705505,0,19
510,25,3119,1185,0.6093975901603699,0,19
511,25,3119,426,0.4271087050437927,0,19
512,25,3119,136,0.621541440486908,0,19
513,25,3119,1291,0.6486214399337769,0,19
514,25,3119,663,0.6577270030975342,0,19
515,25,3119,675,0.628189742565155,0,19
516,25,3119,1646,0.604804515838623,0,19
517,25,3119,464,0.652882993221283,0,19
518,25,3119,696,0.44223710894584656,0,19
519,25,3119,773,0.6015616059303284,0,19
520,26,3975,1145,0.6406019926071167,1,5
521,26,3975,395,0.5694606304168701,0,5
522,26,3975,1641,0.3412840664386749,0,5
523,26,3975,542,0.5918616056442261,0,5
524,26,3975,567,0.4826188087463379,0,5
525,26,3975,1308,0.6103423833847046,0,5
526,26,3975,787,0.6176677346229553,0,5
527,26,3975,688,0.5845751762390137,0,5
528,26,3975,540,0.4356567859649658,0,5
529,26,3975,519,0.5849849581718445,0,5
530,26,3975,250,0.6328265070915222,0,5
531,26,3975,1435,0.5681817531585693,0,5
532,26,3975,1729,0.6825459003448486,0,5
533,26,3975,105,0.6639662384986877,0,5
534,26,3975,428,0.5605091452598572,0,5
535,26,3975,974,0.6714262962341309,0,5
536,26,3975,955,0.617796003818512,0,5
537,26,3975,420,0.6412627100944519,0,5
538,26,3975,1515,0.41720137000083923,0,5
539,26,3975,1893,0.554828941822052,0,5
540,27,2340,1924,0.7142196893692017,1,9
541,27,2340,259,0.6490603089332581,0,9
542,27,2340,90,0.5126838088035583,0,9
543,27,2340,246,0.6760208606719971,0,9
544,27,2340,1413,0.6843518018722534,0,9
545,27,2340,1584,0.7746128439903259,0,9
546,27,2340,1276,0.7561377286911011,0,9
547,27,2340,715,0.7506610155105591,0,9
548,27,2340,651,0.8252279758453369,0,9
549,27,2340,1951,0.5111604928970337,0,9
550,27,2340,641,0.6873979568481445,0,9
551,27,2340,490,0.6434075236320496,0,9
552,27,2340,1301,0.7869442105293274,0,9
553,27,2340,29,0.6711705923080444,0,9
554,27,2340,558,0.687212347984314,0,9
555,27,2340,1811,0.7281592488288879,0,9
556,27,2340,2031,0.7576819658279419,0,9
557,27,2340,2007,0.6852070093154907,0,9
558,27,2340,233,0.5635684132575989,0,9
559,27,2340,1721,0.8142514228820801,0,9
560,28,1919,347,0.5566215515136719,1,13
561,28,1919,666,0.5693963766098022,0,13
562,28,1919,1542,0.6017584800720215,0,13
563,28,1919,1660,0.5852774977684021,0,13
564,28,1919,1830,0.5889290571212769,0,13
565,28,1919,1688,0.5749231576919556,0,13
566,28,1919,1935,0.6287736296653748,0,13
567,28,1919,1982,0.6088143587112427,0,13
568,28,1919,1769,0.5706610679626465,0,13
569,28,1919,1112,0.5395044088363647,0,13
570,28,1919,1898,0.6088445782661438,0,13
571,28,1919,2075,0.5543891787528992,0,13
572,28,1919,367,0.5839127898216248,0,13
573,28,1919,1980,0.5035825371742249,0,13
574,28,1919,914,0.4218500554561615,0,13
575,28,1919,572,0.42225512862205505,0,13
576,28,1919,1009,0.6454929113388062,0,13
577,28,1919,323,0.5810553431510925,0,13
578,28,1919,1456,0.4108045995235443,0,13
579,28,1919,33,0.5426334738731384,0,13
580,29,2412,1436,0.5629870891571045,1,9
581,29,2412,231,0.39298808574676514,0,9
582,29,2412,1126,0.5897929668426514,0,9
583,29,2412,1885,0.5731143951416016,0,9
584,29,2412,84,0.5536399483680725,0,9
585,29,2412,1767,0.5534401535987854,0,9
586,29,2412,1141,0.5651772618293762,0,9
587,29,2412,1958,0.5961731672286987,0,9
588,29,2412,1507,0.4212774634361267,0,9
589,29,2412,1561,0.49079710245132446,0,9
590,29,2412,1847,0.5523848533630371,0,9
591,29,2412,667,0.5340031385421753,0,9
592,29,2412,439,0.44858551025390625,0,9
593,29,2412,399,0.5716749429702759,0,9
594,29,2412,660,0.5819324851036072,0,9
595,29,2412,2028,0.465589702129364,0,9
596,29,2412,1594,0.5795292258262634,0,9
597,29,2412,701,0.5555577874183655,0,9
598,29,2412,1771,0.5993528366088867,0,9
599,29,2412,1550,0.5481841564178467,0,9
600,30,2100,1806,0.5038207769393921,1,17
601,30,2100,1980,0.5142961144447327,0,17
602,30,2100,1145,0.5654464364051819,0,17
603,30,2100,928,0.5887454152107239,0,17
604,30,2100,1472,0.407777339220047,0,17
605,30,2100,951,0.5394655466079712,0,17
606,30,2100,1444,0.5671541690826416,0,17
607,30,2100,419,0.5381153225898743,0,17
608,30,2100,253,0.5567386150360107,0,17
609,30,2100,885,0.5862900018692017,0,17
610,30,2100,173,0.4778161942958832,0,17
611,30,2100,1895,0.5766523480415344,0,17
612,30,2100,1683,0.570620059967041,0,17
613,30,2100,356,0.5489565134048462,0,17
614,30,2100,1666,0.5771755576133728,0,17
615,30,2100,1123,0.4317917227745056,0,17
616,30,2100,1291,0.5797502994537354,0,17
617,30,2100,172,0.5452702045440674,0,17
618,30,2100,91,0.5461255311965942,0,17
619,30,2100,392,0.5495101809501648,0,17
620,31,3571,801,0.41101133823394775,1,20
621,31,3571,2030,0.48720782995224,0,20
622,31,3571,1657,0.5416257381439209,0,20
623,31,3571,345,0.5226201415061951,0,20
624,31,3571,1176,0.48781538009643555,0,20
625,31,3571,1272,0.5336431860923767,0,20
626,31,3571,484,0.5053361058235168,0,20
627,31,3571,1216,0.5224884152412415,0,20
628,31,3571,1914,0.5091556310653687,0,20
629,31,3571,107,0.5157122611999512,0,20
630,31,3571,1844,0.4244340658187866,0,20
631,31,3571,1581,0.5133883953094482,0,20
632,31,3571,494,0.5343755483627319,0,20
633,31,3571,222,0.5382032990455627,0,20
634,31,3571,754,0.5359302163124084,0,20
635,31,3571,581,0.5038312077522278,0,20
636,31,3571,313,0.487946480512619,0,20
637,31,3571,993,0.4761614203453064,0,20
638,31,3571,564,0.519555926322937,0,20
639,31,3571,1817,0.5201380848884583,0,20
640,32,933,455,0.4505593180656433,1,18
641,32,933,1108,0.5267990827560425,0,18
642,32,933,2013,0.49582117795944214,0,18
643,32,933,860,0.5316847562789917,0,18
644,32,933,985,0.5332693457603455,0,18
645,32,933,1353,0.5021013617515564,0,18
646,32,933,948,0.3476509153842926,0,18
647,32,933,243,0.4972691237926483,0,18
648,32,933,1933,0.507756233215332,0,18
649,32,933,812,0.4964783787727356,0,18
650,32,933,894,0.5006968975067139,0,18
651,32,933,1114,0.5190301537513733,0,18
652,32,933,1594,0.49911490082740784,0,18
653,32,933,1282,0.5337619185447693,0,18
654,32,933,2026,0.4381440579891205,0,18
655,32,933,496,0.5030789971351624,0,18
656,32,933,596,0.5282211899757385,0,18
657,32,933,906,0.4906295835971832,0,18
658,32,933,1715,0.5403284430503845,0,18
659,32,933,1277,0.504520833492279,0,18
660,33,3475,1308,0.6137668490409851,1,14
661,33,3475,2015,0.6065113544464111,0,14
662,33,3475,1853,0.43812716007232666,0,14
663,33,3475,1403,0.6909639239311218,0,14
664,33,3475,327,0.6244792342185974,0,14
665,33,3475,169,0.6028615236282349,0,14
666,33,3475,386,0.5855933427810669,0,14
667,33,3475,566,0.6178561449050903,0,14
668,33,3475,1335,0.6628062129020691,0,14
669,33,3475,972,0.6450417637825012,0,14
670,33,3475,593,0.5935736894607544,0,14
671,33,3475,1593,0.6621871590614319,0,14
672,33,3475,338,0.6268694400787354,0,14
673,33,3475,131,0.5704689621925354,0,14
674,33,3475,2004,0.684734582901001,0,14
675,33,3475,1329,0.7391401529312134,0,14
676,33,3475,1577,0.6661732792854309,0,14
677,33,3475,331,0.6190248727798462,0,14
678,33,3475,1560,0.6187826991081238,0,14
679,33,3475,363,0.6177635192871094,0,14
680,34,888,1760,0.5223701596260071,1,3
681,34,888,1836,0.5112321376800537,0,3
682,34,888,1920,0.38940754532814026,0,3
683,34,888,1454,0.423490047454834,0,3
684,34,888,393,0.4617313742637634,0,3
685,34,888,1778,0.4518253803253174,0,3
686,34,888,1689,0.3885432481765747,0,3
687,34,888,457,0.517379879951477,0,3
688,34,888,1141,0.4759148359298706,0,3
689,34,888,590,0.5405780673027039,0,3
690,34,888,870,0.45661503076553345,0,3
691,34,888,481,0.44441214203834534,0,3
692,34,888,1614,0.42535412311553955,0,3
693,34,888,505,0.5016610622406006,0,3
694,34,888,588,0.43029120564460754,0,3
695,34,888,1670,0.4998684823513031,0,3
696,34,888,1622,0.48698359727859497,0,3
697,34,888,1661,0.42257222533226013,0,3
698,34,888,639,0.5734805464744568,0,3
699,34,888,1223,0.41649162769317627,0,3
700,35,2916,1791,0.6601943969726562,1,15
701,35,2916,380,0.6972315907478333,0,15
702,35,2916,1242,0.7995506525039673,0,15
703,35,2916,8,0.7713442444801331,0,15
704,35,2916,1141,0.6724017858505249,0,15
705,35,2916,1585,0.6608448624610901,0,15
706,35,2916,1671,0.3545892834663391,0,15
707,35,2916,731,0.6982637047767639,0,15
708,35,2916,1466,0.6845287084579468,0,15
709,35,2916,443,0.7100542783737183,0,15
710,35,2916,826,0.7114359736442566,0,15
711,35,2916,492,0.685075044631958,0,15
712,35,2916,2038,0.3802042305469513,0,15
713,35,2916,209,0.6975151300430298,0,15
714,35,2916,482,0.46261662244796753,0,15
715,35,2916,1840,0.7563547492027283,0,15
716,35,2916,882,0.5751821398735046,0,15
717,35,2916,591,0.639825165271759,0,15
718,35,2916,1577,0.7716318368911743,0,15
719,35,2916,376,0.6797405481338501,0,15
720,36,3855,815,0.4608752131462097,1,13
721,36,3855,1581,0.464438796043396,0,13
722,36,3855,1862,0.5388683080673218,0,13
723,36,3855,1524,0.4687831401824951,0,13
724,36,3855,401,0.4844624698162079,0,13
725,36,3855,399,0.4734998047351837,0,13
726,36,3855,675,0.4600350260734558,0,13
727,36,3855,54,0.48015278577804565,0,13
728,36,3855,865,0.458893358707428,0,13
729,36,3855,1492,0.5456714034080505,0,13
730,36,3855,906,0.4439268112182617,0,13
731,36,3855,316,0.538978099822998,0,13
732,36,3855,1015,0.45163699984550476,0,13
733,36,3855,1298,0.45360010862350464,0,13
734,36,3855,782,0.45826950669288635,0,13
735,36,3855,1043,0.4394122362136841,0,13
736,36,3855,907,0.534907877445221,0,13
737,36,3855,196,0.4955432713031769,0,13
738,36,3855,126,0.4712686240673065,0,13
739,36,3855,823,0.5674055814743042,0,13
740,37,1051,90,0.5518973469734192,1,2
741,37,1051,1369,0.38702088594436646,0,2
742,37,1051,925,0.44758129119873047,0,2
743,37,1051,1133,0.4105818271636963,0,2
744,37,1051,1848,0.47819119691848755,0,2
745,37,1051,528,0.404045432806015,0,2
746,37,1051,1545,0.5214941501617432,0,2
747,37,1051,1251,0.3903219401836395,0,2
748,37,1051,21,0.4222850799560547,0,2
749,37,1051,1096,0.5420002341270447,0,2
750,37,1051,1080,0.3917856514453888,0,2
751,37,1051,447,0.3729822635650635,0,2
752,37,1051,1419,0.4851527810096741,0,2
753,37,1051,660,0.41867733001708984,0,2
754,37,1051,1202,0.47711852192878723,0,2
755,37,1051,1236,0.3205825388431549,0,2
756,37,1051,482,0.5827808380126953,0,2
757,37,1051,215,0.5282931923866272,0,2
758,37,1051,835,0.4108092486858368,0,2
759,37,1051,625,0.48530784249305725,0,2
760,38,295,1549,0.4234628677368164,1,20
761,38,295,1306,0.47641411423683167,0,20
762,38,295,1845,0.5463888049125671,0,20
763,38,295,316,0.5402330756187439,0,20
764,38,295,1741,0.5051862001419067,0,20
765,38,295,1551,0.4984361231327057,0,20
766,38,295,1108,0.5324834585189819,0,20
767,38,295,1492,0.5408201813697815,0,20
768,38,295,425,0.49608319997787476,0,20
769,38,295,1522,0.48514628410339355,0,20
770,38,295,586,0.45183539390563965,0,20
771,38,295,1547,0.4702437222003937,0,20
772,38,295,131,0.5357979536056519,0,20
773,38,295,1344,0.5114254355430603,0,20
774,38,295,1841,0.4914540648460388,0,20
775,38,295,492,0.48948124051094055,0,20
776,38,295,1574,0.5254570245742798,0,20
777,38,295,1051,0.5125118494033813,0,20
778,38,295,165,0.4851105809211731,0,20
779,38,295,1706,0.5122854709625244,0,20
780,39,3702,1484,0.7236040830612183,1,9
781,39,3702,538,0.8111259937286377,0,9
782,39,3702,1873,0.7410980463027954,0,9
783,39,3702,1792,0.5278257131576538,0,9
784,39,3702,844,0.669691264629364,0,9
785,39,3702,1557,0.6092423796653748,0,9
786,39,3702,763,0.7816322445869446,0,9
787,39,3702,1285,0.6540961861610413,0,9
788,39,3702,591,0.6419019103050232,0,9
789,39,3702,1896,0.771654486656189,0,9
790,39,3702,1423,0.40044307708740234,0,9
791,39,3702,619,0.6252081394195557,0,9
792,39,3702,348,0.7452393770217896,0,9
793,39,3702,1068,0.7634981274604797,0,9
794,39,3702,46,0.6665229201316833,0,9
795,39,3702,770,0.6922708749771118,0,9
796,39,3702,1276,0.7542764544487,0,9
797,39,3702,240,0.7114867568016052,0,9
798,39,3702,40,0.23899418115615845,0,9
799,39,3702,418,0.8038899302482605,0,9
800,40,3074,1107,0.3988315463066101,1,20
801,40,3074,654,0.46302372217178345,0,20
802,40,3074,1979,0.5818172693252563,0,20
803,40,3074,1349,0.5384957790374756,0,20
804,40,3074,1071,0.609801173210144,0,20
805,40,3074,1470,0.6585561037063599,0,20
806,40,3074,1230,0.6320098638534546,0,20
807,40,3074,1105,0.6001473069190979,0,20
808,40,3074,546,0.6289553046226501,0,20
809,40,3074,1145,0.6259984374046326,0,20
810,40,3074,880,0.6743029356002808,0,20
811,40,3074,278,0.5824638605117798,0,20
812,40,3074,213,0.48320451378822327,0,20
813,40,3074,1151,0.6443127393722534,0,20
814,40,3074,1800,0.6529133319854736,0,20
815,40,3074,835,0.6259060502052307,0,20
816,40,3074,5,0.5947287678718567,0,20
817,40,3074,1390,0.5797784328460693,0,20
818,40,3074,1555,0.5970321297645569,0,20
819,40,3074,312,0.5966792702674866,0,20
820,41,4007,1304,0.562767744064331,1,17
821,41,4007,459,0.6086828708648682,0,17
822,41,4007,1923,0.6614925265312195,0,17
823,41,4007,1288,0.6298028826713562,0,17
824,41,4007,794,0.669272780418396,0,17
825,41,4007,381,0.5630813241004944,0,17
826,41,4007,1998,0.5992189645767212,0,17
827,41,4007,213,0.4847414493560791,0,17
828,41,4007,102,0.7003491520881653,0,17
829,41,4007,1031,0.6264682412147522,0,17
830,41,4007,1154,0.6289882659912109,0,17
831,41,4007,1544,0.5885551571846008,0,17
832,41,4007,1232,0.49295249581336975,0,17
833,41,4007,548,0.5272512435913086,0,17
834,41,4007,1436,0.6313602328300476,0,17
835,41,4007,1018,0.6037795543670654,0,17
836,41,4007,632,0.6194272637367249,0,17
837,41,4007,1845,0.5955447554588318,0,17
838,41,4007,1497,0.6582441329956055,0,17
839,41,4007,1338,0.6344090700149536,0,17
840,42,606,1882,0.5789391994476318,1,15
841,42,606,155,0.5630255937576294,0,15
842,42,606,48,0.6403287053108215,0,15
843,42,606,52,0.6124328374862671,0,15
844,42,606,265,0.6463269591331482,0,15
845,42,606,447,0.6629058122634888,0,15
846,42,606,776,0.5887548327445984,0,15
847,42,606,510,0.575969934463501,0,15
848,42,606,313,0.586392879486084,0,15
849,42,606,1702,0.6150607466697693,0,15
850,42,606,1459,0.597139835357666,0,15
851,42,606,1997,0.5998618006706238,0,15
852,42,606,1989,0.593083381652832,0,15
853,42,606,1222,0.5919063687324524,0,15
854,42,606,1945,0.5804470777511597,0,15
855,42,606,826,0.6010222434997559,0,15
856,42,606,426,0.4297998249530792,0,15
857,42,606,935,0.6047403216362,0,15
858,42,606,589,0.5734279751777649,0,15
859,42,606,1787,0.49341368675231934,0,15
860,43,1932,1643,0.4775269031524658,1,11
861,43,1932,1523,0.4306658208370209,0,11
862,43,1932,7,0.5363529324531555,0,11
863,43,1932,1776,0.531941294670105,0,11
864,43,1932,580,0.4315626323223114,0,11
865,43,1932,1165,0.4622528553009033,0,11
866,43,1932,589,0.4965747892856598,0,11
867,43,1932,1124,0.6119332909584045,0,11
868,43,1932,1308,0.459759384393692,0,11
869,43,1932,1466,0.5061683058738708,0,11
870,43,1932,1125,0.5167123079299927,0,11
871,43,1932,183,0.5160217881202698,0,11
872,43,1932,1022,0.4433751404285431,0,11
873,43,1932,630,0.46535807847976685,0,11
874,43,1932,346,0.46709033846855164,0,11
875,43,1932,862,0.5096472501754761,0,11
876,43,1932,2061,0.4618605077266693,0,11
877,43,1932,1257,0.47931620478630066,0,11
878,43,1932,604,0.46971026062965393,0,11
879,43,1932,914,0.4942348301410675,0,11
880,44,3205,391,0.6468183398246765,1,10
881,44,3205,396,0.7132785320281982,0,10
882,44,3205,897,0.6562249660491943,0,10
883,44,3205,1559,0.4124195873737335,0,10
884,44,3205,110,0.6956549882888794,0,10
885,44,3205,455,0.3993602395057678,0,10
886,44,3205,395,0.5914928913116455,0,10
887,44,3205,1281,0.6715542078018188,0,10
888,44,3205,1767,0.6355973482131958,0,10
889,44,3205,315,0.6840459108352661,0,10
890,44,3205,782,0.7277493476867676,0,10
891,44,3205,235,0.3061654567718506,0,10
892,44,3205,1693,0.4492396116256714,0,10
893,44,3205,448,0.6178833246231079,0,10
894,44,3205,1396,0.6692589521408081,0,10
895,44,3205,1307,0.6770780682563782,0,10
896,44,3205,1026,0.6162562370300293,0,10
897,44,3205,451,0.4531293511390686,0,10
898,44,3205,1027,0.6671877503395081,0,10
899,44,3205,684,0.6246462464332581,0,10
900,45,16,1667,0.47672486305236816,1,6
901,45,16,1676,0.43036210536956787,0,6
902,45,16,1855,0.4563863277435303,0,6
903,45,16,1104,0.40170690417289734,0,6
904,45,16,767,0.4531734585762024,0,6
905,45,16,777,0.4405541718006134,0,6
906,45,16,127,0.4349791705608368,0,6
907,45,16,581,0.43515047430992126,0,6
908,45,16,878,0.4567587971687317,0,6
909,45,16,1312,0.43599334359169006,0,6
910,45,16,456,0.5073347687721252,0,6
911,45,16,1816,0.4501025378704071,0,6
912,45,16,1835,0.4435312747955322,0,6
913,45,16,59,0.4892883598804474,0,6
914,45,16,1054,0.4515356123447418,0,6
915,45,16,1851,0.521286129951477,0,6
916,45,16,1169,0.49042993783950806,0,6
917,45,16,529,0.4033988416194916,0,6
918,45,16,257,0.5279179215431213,0,6
919,45,16,1729,0.4475674331188202,0,6
920,46,54,471,0.5872730612754822,1,14
921,46,54,285,0.6106266379356384,0,14
922,46,54,122,0.37781307101249695,0,14
923,46,54,973,0.6202082633972168,0,14
924,46,54,985,0.5239847302436829,0,14
925,46,54,1412,0.6056756973266602,0,14
926,46,54,1744,0.4680946469306946,0,14
927,46,54,1763,0.5732350945472717,0,14
928,46,54,1912,0.5985857248306274,0,14
929,46,54,280,0.6272327303886414,0,14
930,46,54,1811,0.6036275029182434,0,14
931,46,54,1737,0.588873565196991,0,14
932,46,54,935,0.6054341793060303,0,14
933,46,54,1122,0.40341901779174805,0,14
934,46,54,1800,0.6379175186157227,0,14
935,46,54,498,0.6216027736663818,0,14
936,46,54,1873,0.609315812587738,0,14
937,46,54,1167,0.6296252608299255,0,14
938,46,54,809,0.6177294850349426,0,14
939,46,54,696,0.44805052876472473,0,14
940,47,3969,48,0.7747318148612976,1,4
941,47,3969,1708,0.7592329978942871,0,4
942,47,3969,774,0.7509437799453735,0,4
943,47,3969,930,0.3813032805919647,0,4
944,47,3969,2076,0.7810248136520386,0,4
945,47,3969,236,0.7630377411842346,0,4
946,47,3969,671,0.7594326734542847,0,4
947,47,3969,1514,0.7837832570075989,0,4
948,47,3969,1183,0.6294011473655701,0,4
949,47,3969,154,0.7486408352851868,0,4
950,47,3969,835,0.719432532787323,0,4
951,47,3969,1518,0.3653395473957062,0,4
952,47,3969,1182,0.8411698341369629,0,4
953,47,3969,507,0.6563704013824463,0,4
954,47,3969,1156,0.7743880152702332,0,4
955,47,3969,836,0.46144619584083557,0,4
956,47,3969,393,0.6821436882019043,0,4
957,47,3969,1490,0.7335721850395203,0,4
958,47,3969,70,0.6886386871337891,0,4
959,47,3969,1734,0.7348365783691406,0,4
960,48,3224,885,0.5181155800819397,1,10
961,48,3224,692,0.5230096578598022,0,10
962,48,3224,1175,0.5239346027374268,0,10
963,48,3224,772,0.5058015584945679,0,10
964,48,3224,1027,0.5280576348304749,0,10
965,48,3224,398,0.5139660835266113,0,10
966,48,3224,507,0.4965604245662689,0,10
967,48,3224,1704,0.5115994811058044,0,10
968,48,3224,1999,0.5694625377655029,0,10
969,48,3224,1415,0.5290998220443726,0,10
970,48,3224,139,0.4685157537460327,0,10
971,48,3224,844,0.5318304896354675,0,10
972,48,3224,1239,0.510711669921875,0,10
973,48,3224,2040,0.38570457696914673,0,10
974,48,3224,646,0.48039039969444275,0,10
975,48,3224,217,0.5201300382614136,0,10
976,48,3224,1440,0.5275665521621704,0,10
977,48,3224,1904,0.5021420121192932,0,10
978,48,3224,1167,0.5140807628631592,0,10
979,48,3224,1426,0.543156623840332,0,10
980,49,1567,1168,0.440207302570343,1,18
981,49,1567,1392,0.5425972938537598,0,18
982,49,1567,829,0.4842904508113861,0,18
983,49,1567,1368,0.4661887586116791,0,18
984,49,1567,1117,0.4818449914455414,0,18
985,49,1567,702,0.5879639387130737,0,18
986,49,1567,1946,0.5519283413887024,0,18
987,49,1567,198,0.4382764995098114,0,18
988,49,1567,1538,0.46447479724884033,0,18
989,49,1567,728,0.48029083013534546,0,18
990,49,1567,1874,0.47847333550453186,0,18
991,49,1567,1405,0.47645631432533264,0,18
992,49,1567,835,0.4602428376674652,0,18
993,49,1567,1112,0.5358299016952515,0,18
994,49,1567,815,0.4566097557544708,0,18
995,49,1567,446,0.4793749451637268,0,18
996,49,1567,1020,0.46097099781036377,0,18
997,49,1567,1561,0.5315465331077576,0,18
998,49,1567,1453,0.4358353316783905,0,18
999,49,1567,1127,0.45883625745773315,0,18
1000,50,3919,281,0.6521310806274414,1,13
1001,50,3919,1419,0.6689819097518921,0,13
1002,50,3919,608,0.621798038482666,0,13
1003,50,3919,1293,0.6724376678466797,0,13
1004,50,3919,656,0.6727344989776611,0,13
1005,50,3919,740,0.6979249119758606,0,13
1006,50,3919,1602,0.6313533782958984,0,13
1007,50,3919,977,0.8577705025672913,0,13
1008,50,3919,1191,0.7428575754165649,0,13
1009,50,3919,1972,0.41619354486465454,0,13
1010,50,3919,1355,0.41758570075035095,0,13
1011,50,3919,100,0.7964783310890198,0,13
1012,50,3919,1934,0.7752702832221985,0,13
1013,50,3919,439,0.4040040373802185,0,13
1014,50,3919,1736,0.8055436611175537,0,13
1015,50,3919,857,0.6828305721282959,0,13
1016,50,3919,834,0.37308356165885925,0,13
1017,50,3919,810,0.6634290814399719,0,13
1018,50,3919,939,0.6585499048233032,0,13
1019,50,3919,2060,0.3493237793445587,0,13
1020,51,178,1203,0.5987489223480225,1,2
1021,51,178,1862,0.47502946853637695,0,2
1022,51,178,708,0.15692786872386932,0,2
1023,51,178,722,0.5409983992576599,0,2
1024,51,178,974,0.1384589970111847,0,2
1025,51,178,213,0.5750156044960022,0,2
1026,51,178,94,0.17954666912555695,0,2
1027,51,178,1064,0.16928984224796295,0,2
1028,51,178,743,0.227152019739151,0,2
1029,51,178,385,0.2836063802242279,0,2
1030,51,178,1282,0.5182270407676697,0,2
1031,51,178,1084,0.3556455671787262,0,2
1032,51,178,45,0.24162808060646057,0,2
1033,51,178,1758,0.2779870927333832,0,2
1034,51,178,1090,0.10852644592523575,0,2
1035,51,178,2007,0.22461284697055817,0,2
1036,51,178,1878,0.6059891581535339,0,2
1037,51,178,1182,0.05256561189889908,0,2
1038,51,178,764,0.19639843702316284,0,2
1039,51,178,1769,0.26032501459121704,0,2
1040,52,420,499,0.534240186214447,1,4
1041,52,420,128,0.4497395157814026,0,4
1042,52,420,1214,0.36462754011154175,0,4
1043,52,420,330,0.5546717643737793,0,4
1044,52,420,1576,0.4327322840690613,0,4
1045,52,420,596,0.5376542806625366,0,4
1046,52,420,1787,0.5216176509857178,0,4
1047,52,420,2065,0.4580102562904358,0,4
1048,52,420,416,0.4237295687198639,0,4
1049,52,420,796,0.4835691750049591,0,4
1050,52,420,1696,0.4444608688354492,0,4
1051,52,420,1913,0.5302847623825073,0,4
1052,52,420,2044,0.5515176653862,0,4
1053,52,420,1547,0.47780725359916687,0,4
1054,52,420,1849,0.4752594530582428,0,4
1055,52,420,1897,0.4496760666370392,0,4
1056,52,420,601,0.46087849140167236,0,4
1057,52,420,300,0.4509465992450714,0,4
1058,52,420,1595,0.4905351996421814,0,4
1059,52,420,915,0.46711093187332153,0,4
1060,53,1736,201,0.6031187772750854,1,9
1061,53,1736,402,0.6689632534980774,0,9
1062,53,1736,262,0.4172287583351135,0,9
1063,53,1736,176,0.4469340145587921,0,9
1064,53,1736,244,0.5604968667030334,0,9
1065,53,1736,1397,0.39459067583084106,0,9
1066,53,1736,334,0.6748314499855042,0,9
1067,53,1736,1798,0.6236545443534851,0,9
1068,53,1736,1176,0.6062599420547485,0,9
1069,53,1736,1679,0.620699942111969,0,9
1070,53,1736,1867,0.41504305601119995,0,9
1071,53,1736,1645,0.5522133708000183,0,9
1072,53,1736,1784,0.5524964928627014,0,9
1073,53,1736,1145,0.6376437544822693,0,9
1074,53,1736,422,0.6451308727264404,0,9
1075,53,1736,354,0.5965964794158936,0,9
1076,53,1736,1387,0.6015686988830566,0,9
1077,53,1736,1376,0.6729622483253479,0,9
1078,53,1736,296,0.5957355499267578,0,9
1079,53,1736,535,0.5927019715309143,0,9
1080,54,2446,1111,0.5430673956871033,1,9
1081,54,2446,857,0.5421781539916992,0,9
1082,54,2446,58,0.573964536190033,0,9
1083,54,2446,950,0.5410143136978149,0,9
1084,54,2446,2040,0.3999697268009186,0,9
1085,54,2446,839,0.5561764240264893,0,9
1086,54,2446,1857,0.560093343257904,0,9
1087,54,2446,1436,0.542485773563385,0,9
1088,54,2446,1400,0.4958851933479309,0,9
1089,54,2446,185,0.5460622310638428,0,9
1090,54,2446,335,0.48697230219841003,0,9
1091,54,2446,1806,0.5123481154441833,0,9
1092,54,2446,1484,0.5383470058441162,0,9
1093,54,2446,1804,0.5571893453598022,0,9
1094,54,2446,925,0.5379841327667236,0,9
1095,54,2446,1438,0.547237753868103,0,9
1096,54,2446,1344,0.5569281578063965,0,9
1097,54,2446,1416,0.457754522562027,0,9
1098,54,2446,1470,0.5715275406837463,0,9
1099,54,2446,1323,0.49842745065689087,0,9
1100,55,3179,741,0.5630151629447937,1,4
1101,55,3179,1297,0.5655706524848938,0,4
1102,55,3179,1167,0.560385525226593,0,4
1103,55,3179,2012,0.5571589469909668,0,4
1104,55,3179,1568,0.5380564332008362,0,4
1105,55,3179,1110,0.5756900310516357,0,4
1106,55,3179,1824,0.5391811728477478,0,4
1107,55,3179,492,0.5374192595481873,0,4
1108,55,3179,363,0.538461446762085,0,4
1109,55,3179,688,0.5487443804740906,0,4
1110,55,3179,466,0.5594931840896606,0,4
1111,55,3179,730,0.5571401119232178,0,4
1112,55,3179,1360,0.5541127920150757,0,4
1113,55,3179,1058,0.5538169741630554,0,4
1114,55,3179,151,0.3794906735420227,0,4
1115,55,3179,1553,0.5405669212341309,0,4
1116,55,3179,841,0.5142229795455933,0,4
1117,55,3179,754,0.5928308963775635,0,4
1118,55,3179,412,0.5475919842720032,0,4
1119,55,3179,1991,0.5587453842163086,0,4
1120,56,1368,873,0.6528927683830261,1,13
1121,56,1368,300,0.7117656469345093,0,13
1122,56,1368,489,0.6824166178703308,0,13
1123,56,1368,470,0.7397012710571289,0,13
1124,56,1368,642,0.5976104140281677,0,13
1125,56,1368,632,0.6851816773414612,0,13
1126,56,1368,720,0.6403573155403137,0,13
1127,56,1368,518,0.7454519271850586,0,13
1128,56,1368,1770,0.7997888922691345,0,13
1129,56,1368,685,0.7810410857200623,0,13
1130,56,1368,253,0.6968820095062256,0,13
1131,56,1368,1563,0.5281013250350952,0,13
1132,56,1368,1775,0.6624624133110046,0,13
1133,56,1368,1525,0.3603523075580597,0,13
1134,56,1368,769,0.8012546896934509,0,13
1135,56,1368,1602,0.6294480562210083,0,13
1136,56,1368,1912,0.7127459645271301,0,13
1137,56,1368,795,0.6045942306518555,0,13
1138,56,1368,248,0.5561577677726746,0,13
1139,56,1368,1587,0.6910412907600403,0,13
1140,57,1327,1693,0.5507038235664368,1,2
1141,57,1327,314,0.3491353988647461,0,2
1142,57,1327,1732,0.45347803831100464,0,2
1143,57,1327,736,0.37249478697776794,0,2
1144,57,1327,104,0.5913975834846497,0,2
1145,57,1327,135,0.26670074462890625,0,2
1146,57,1327,1525,0.5005809664726257,0,2
1147,57,1327,383,0.4684840440750122,0,2
1148,57,1327,63,0.27824723720550537,0,2
1149,57,1327,1748,0.2672934830188751,0,2
1150,57,1327,728,0.33661988377571106,0,2
1151,57,1327,1728,0.49764519929885864,0,2
1152,57,1327,1565,0.5252083539962769,0,2
1153,57,1327,369,0.4707123339176178,0,2
1154,57,1327,1027,0.35513415932655334,0,2
1155,57,1327,678,0.3606857359409332,0,2
1156,57,1327,278,0.36756274104118347,0,2
1157,57,1327,427,0.5168777704238892,0,2
1158,57,1327,968,0.5163264870643616,0,2
1159,57,1327,1721,0.2643369138240814,0,2
1160,58,1882,1997,0.5914491415023804,1,9
1161,58,1882,279,0.6226856112480164,0,9
1162,58,1882,636,0.574424147605896,0,9
1163,58,1882,255,0.5843159556388855,0,9
1164,58,1882,973,0.6064577102661133,0,9
1165,58,1882,1200,0.5113092660903931,0,9
1166,58,1882,727,0.5742965936660767,0,9
1167,58,1882,1508,0.6266497373580933,0,9
1168,58,1882,1203,0.4997514486312866,0,9
1169,58,1882,650,0.6221197247505188,0,9
1170,58,1882,675,0.6094290614128113,0,9
1171,58,1882,475,0.3930509090423584,0,9
1172,58,1882,801,0.39867332577705383,0,9
1173,58,1882,1919,0.6104899644851685,0,9
1174,58,1882,1845,0.5671840310096741,0,9
1175,58,1882,1903,0.578372061252594,0,9
1176,58,1882,877,0.6028673648834229,0,9
1177,58,1882,1274,0.6143503189086914,0,9
1178,58,1882,89,0.5649527907371521,0,9
1179,58,1882,1445,0.44074296951293945,0,9
1180,59,3306,1455,0.5690038800239563,1,10
1181,59,3306,558,0.5422070026397705,0,10
1182,59,3306,1813,0.5651335716247559,0,10
1183,59,3306,1584,0.576147198677063,0,10
1184,59,3306,737,0.542763352394104,0,10
1185,59,3306,1510,0.5786774754524231,0,10
1186,59,3306,1256,0.5483648777008057,0,10
1187,59,3306,567,0.5169111490249634,0,10
1188,59,3306,1356,0.5754343867301941,0,10
1189,59,3306,1923,0.5820719599723816,0,10
1190,59,3306,1606,0.5338686108589172,0,10
1191,59,3306,1239,0.5762881636619568,0,10
1192,59,3306,1423,0.4921935498714447,0,10
1193,59,3306,322,0.5709073543548584,0,10
1194,59,3306,1298,0.5712546110153198,0,10
1195,59,3306,1707,0.47128885984420776,0,10
1196,59,3306,1276,0.5654059052467346,0,10
1197,59,3306,1578,0.40117570757865906,0,10
1198,59,3306,967,0.5841025114059448,0,10
1199,59,3306,1339,0.5692930817604065,0,10
1200,60,2841,1768,0.6105371117591858,1,12
1201,60,2841,276,0.6962012052536011,0,12
1202,60,2841,701,0.6101248264312744,0,12
1203,60,2841,708,0.660724937915802,0,12
1204,60,2841,1077,0.5783435106277466,0,12
1205,60,2841,864,0.6327915191650391,0,12
1206,60,2841,810,0.6055930256843567,0,12
1207,60,2841,170,0.6757357716560364,0,12
1208,60,2841,1112,0.5429874658584595,0,12
1209,60,2841,1847,0.5775303840637207,0,12
1210,60,2841,311,0.5594000220298767,0,12
1211,60,2841,267,0.6143141388893127,0,12
1212,60,2841,367,0.6444795727729797,0,12
1213,60,2841,341,0.6372127532958984,0,12
1214,60,2841,491,0.6256619691848755,0,12
1215,60,2841,1831,0.6925250887870789,0,12
1216,60,2841,335,0.46700266003608704,0,12
1217,60,2841,1396,0.6362355947494507,0,12
1218,60,2841,248,0.5501711964607239,0,12
1219,60,2841,1156,0.6993083953857422,0,12
1220,61,508,173,0.4816831350326538,1,20
1221,61,508,438,0.5089725852012634,0,20
1222,61,508,1403,0.515658974647522,0,20
1223,61,508,758,0.51057368516922,0,20
1224,61,508,241,0.5223177075386047,0,20
1225,61,508,1327,0.49532920122146606,0,20
1226,61,508,635,0.5062580704689026,0,20
1227,61,508,827,0.48475950956344604,0,20
1228,61,508,1393,0.49820828437805176,0,20
1229,61,508,41,0.5265659093856812,0,20
1230,61,508,384,0.5013453364372253,0,20
1231,61,508,1587,0.4968145191669464,0,20
1232,61,508,1583,0.515981137752533,0,20
1233,61,508,283,0.5318346619606018,0,20
1234,61,508,1159,0.543466329574585,0,20
1235,61,508,1103,0.49218833446502686,0,20
1236,61,508,1836,0.5119068622589111,0,20
1237,61,508,864,0.5246393084526062,0,20
1238,61,508,1292,0.5052446126937866,0,20
1239,61,508,675,0.5067386627197266,0,20
1240,62,3612,1346,0.6798133254051208,1,3
1241,62,3612,1235,0.6644060015678406,0,3
1242,62,3612,1110,0.6925402283668518,0,3
1243,62,3612,398,0.488493412733078,0,3
1244,62,3612,0,0.5742633938789368,0,3
1245,62,3612,723,0.605557382106781,0,3
1246,62,3612,954,0.5844529867172241,0,3
1247,62,3612,2063,0.578684389591217,0,3
1248,62,3612,1619,0.588001012802124,0,3
1249,62,3612,1741,0.6131981611251831,0,3
1250,62,3612,2044,0.5208866000175476,0,3
1251,62,3612,2072,0.615337073802948,0,3
1252,62,3612,165,0.6388028264045715,0,3
1253,62,3612,679,0.6589240431785583,0,3
1254,62,3612,238,0.39990007877349854,0,3
1255,62,3612,800,0.7010201215744019,0,3
1256,62,3612,513,0.5200790166854858,0,3
1257,62,3612,1534,0.5858646631240845,0,3
1258,62,3612,1781,0.6676868796348572,0,3
1259,62,3612,1156,0.67866051197052,0,3
1260,63,962,472,0.5068351626396179,1,18
1261,63,962,329,0.5862805843353271,0,18
1262,63,962,1551,0.6269344687461853,0,18
1263,63,962,1494,0.6460133194923401,0,18
1264,63,962,1731,0.6333222985267639,0,18
1265,63,962,971,0.5794995427131653,0,18
1266,63,962,10,0.38979506492614746,0,18
1267,63,962,163,0.6245825886726379,0,18
1268,63,962,1216,0.6205885410308838,0,18
1269,63,962,745,0.6809890866279602,0,18
1270,63,962,584,0.5652247667312622,0,18
1271,63,962,620,0.5984170436859131,0,18
1272,63,962,749,0.6063962578773499,0,18
1273,63,962,412,0.585765540599823,0,18
1274,63,962,305,0.620110034942627,0,18
1275,63,962,69,0.5906578898429871,0,18
1276,63,962,380,0.585006833076477,0,18
1277,63,962,542,0.5793631076812744,0,18
1278,63,962,1536,0.439035028219223,0,18
1279,63,962,64,0.6275367140769958,0,18
1280,64,3637,1695,0.5696510672569275,1,9
1281,64,3637,1916,0.5553315281867981,0,9
1282,64,3637,208,0.43206050992012024,0,9
1283,64,3637,1272,0.5212855935096741,0,9
1284,64,3637,1980,0.4985085129737854,0,9
1285,64,3637,52,0.6058660745620728,0,9
1286,64,3637,847,0.5302252769470215,0,9
1287,64,3637,1135,0.5962055921554565,0,9
1288,64,3637,225,0.5664660930633545,0,9
1289,64,3637,617,0.5625861883163452,0,9
1290,64,3637,1155,0.6385355591773987,0,9
1291,64,3637,398,0.48671653866767883,0,9
1292,64,3637,552,0.4657614529132843,0,9
1293,64,3637,1889,0.6376495957374573,0,9
1294,64,3637,1428,0.6089763641357422,0,9
1295,64,3637,483,0.41489309072494507,0,9
1296,64,3637,1727,0.5878748893737793,0,9
1297,64,3637,515,0.5830093026161194,0,9
1298,64,3637,1862,0.5546875,0,9
1299,64,3637,102,0.6355070471763611,0,9
1300,65,3432,572,0.4489404261112213,1,19
1301,65,3432,1088,0.5288180708885193,0,19
1302,65,3432,488,0.5496985912322998,0,19
1303,65,3432,2003,0.5251239538192749,0,19
1304,65,3432,972,0.5569723844528198,0,19
1305,65,3432,1744,0.49117034673690796,0,19
1306,65,3432,836,0.5053952932357788,0,19
1307,65,3432,283,0.5513978004455566,0,19
1308,65,3432,248,0.54168301820755,0,19
1309,65,3432,31,0.5590807795524597,0,19
1310,65,3432,1715,0.565326988697052,0,19
1311,65,3432,206,0.5576367974281311,0,19
1312,65,3432,1009,0.570872962474823,0,19
1313,65,3432,1484,0.5234606862068176,0,19
1314,65,3432,1838,0.54422527551651,0,19
1315,65,3432,641,0.55356365442276,0,19
1316,65,3432,96,0.5705645084381104,0,19
1317,65,3432,369,0.38228487968444824,0,19
1318,65,3432,994,0.5203530192375183,0,19
1319,65,3432,1145,0.5494328141212463,0,19
1320,66,3021,1751,0.5520262122154236,1,15
1321,66,3021,258,0.5159320831298828,0,15
1322,66,3021,1348,0.6258881688117981,0,15
1323,66,3021,1409,0.5694791078567505,0,15
1324,66,3021,2054,0.5862714052200317,0,15
1325,66,3021,1416,0.44895118474960327,0,15
1326,66,3021,480,0.5632822513580322,0,15
1327,66,3021,1519,0.3639174997806549,0,15
1328,66,3021,1717,0.5599742531776428,0,15
1329,66,3021,639,0.5470922589302063,0,15
1330,66,3021,1900,0.5898556709289551,0,15
1331,66,3021,326,0.5678869485855103,0,15
1332,66,3021,2070,0.5655462145805359,0,15
1333,66,3021,1224,0.31707847118377686,0,15
1334,66,3021,286,0.5718148350715637,0,15
1335,66,3021,1651,0.6206203103065491,0,15
1336,66,3021,1155,0.6153277158737183,0,15
1337,66,3021,1523,0.6064102649688721,0,15
1338,66,3021,2031,0.5863884687423706,0,15
1339,66,3021,718,0.5891079306602478,0,15
1340,67,2524,1521,0.43187281489372253,1,19
1341,67,2524,920,0.6474292874336243,0,19
1342,67,2524,518,0.6351277828216553,0,19
1343,67,2524,2054,0.6244532465934753,0,19
1344,67,2524,85,0.654821515083313,0,19
1345,67,2524,2073,0.2961272597312927,0,19
1346,67,2524,1334,0.6600428223609924,0,19
1347,67,2524,1937,0.5999264121055603,0,19
1348,67,2524,1909,0.5866946578025818,0,19
1349,67,2524,1461,0.6808432340621948,0,19
1350,67,2524,1003,0.6066225171089172,0,19
1351,67,2524,2000,0.6102994680404663,0,19
1352,67,2524,1958,0.6632186770439148,0,19
1353,67,2524,782,0.6593906283378601,0,19
1354,67,2524,1382,0.5645719170570374,0,19
1355,67,2524,593,0.5827345848083496,0,19
1356,67,2524,1055,0.6922736763954163,0,19
1357,67,2524,1105,0.6085255146026611,0,19
1358,67,2524,459,0.5881029963493347,0,19
1359,67,2524,796,0.6110935211181641,0,19
1360,68,4025,128,0.6532326936721802,1,11
1361,68,4025,1362,0.6809709668159485,0,11
1362,68,4025,2048,0.6218746304512024,0,11
1363,68,4025,76,0.6846873164176941,0,11
1364,68,4025,1743,0.7374491691589355,0,11
1365,68,4025,1618,0.5996530652046204,0,11
1366,68,4025,1965,0.5276553630828857,0,11
1367,68,4025,80,0.7122105360031128,0,11
1368,68,4025,1945,0.6263022422790527,0,11
1369,68,4025,703,0.6887832880020142,0,11
1370,68,4025,1020,0.41423171758651733,0,11
1371,68,4025,1671,0.37633904814720154,0,11
1372,68,4025,1887,0.7067090272903442,0,11
1373,68,4025,620,0.6588077545166016,0,11
1374,68,4025,1726,0.7493430972099304,0,11
1375,68,4025,1398,0.7274359464645386,0,11
1376,68,4025,1347,0.4747837781906128,0,11
1377,68,4025,2001,0.6280643939971924,0,11
1378,68,4025,963,0.674759566783905,0,11
1379,68,4025,490,0.6081682443618774,0,11
1380,69,3326,1639,0.514546811580658,1,10
1381,69,3326,541,0.4846353828907013,0,10
1382,69,3326,1820,0.5064467191696167,0,10
1383,69,3326,1478,0.5042192935943604,0,10
1384,69,3326,227,0.492185115814209,0,10
1385,69,3326,1431,0.5032225847244263,0,10
1386,69,3326,1733,0.5294037461280823,0,10
1387,69,3326,355,0.5061231255531311,0,10
1388,69,3326,733,0.5295766592025757,0,10
1389,69,3326,1900,0.5159125924110413,0,10
1390,69,3326,1626,0.5166342854499817,0,10
1391,69,3326,936,0.5411166548728943,0,10
1392,69,3326,821,0.49196192622184753,0,10
1393,69,3326,96,0.5141462087631226,0,10
1394,69,3326,1575,0.5364381074905396,0,10
1395,69,3326,137,0.5356723666191101,0,10
1396,69,3326,218,0.5430471301078796,0,10
1397,69,3326,2000,0.5207641124725342,0,10
1398,69,3326,890,0.4918651580810547,0,10
1399,69,3326,69,0.5045159459114075,0,10
1400,70,155,467,0.5084322690963745,1,16
1401,70,155,155,0.5356017351150513,0,16
1402,70,155,1846,0.3802945911884308,0,16
1403,70,155,2039,0.5186131596565247,0,16
1404,70,155,2001,0.5051758289337158,0,16
1405,70,155,724,0.5084706544876099,0,16
1406,70,155,692,0.5210859775543213,0,16
1407,70,155,1369,0.5138446092605591,0,16
1408,70,155,313,0.5001720786094666,0,16
1409,70,155,1999,0.5552083253860474,0,16
1410,70,155,877,0.5216526389122009,0,16
1411,70,155,1310,0.4377906024456024,0,16
1412,70,155,560,0.5296589732170105,0,16
1413,70,155,1172,0.5090498924255371,0,16
1414,70,155,1181,0.5162712931632996,0,16
1415,70,155,820,0.5221278667449951,0,16
1416,70,155,1501,0.5217586159706116,0,16
1417,70,155,1026,0.5269582271575928,0,16
1418,70,155,1186,0.5182019472122192,0,16
1419,70,155,502,0.5162788033485413,0,16
1420,71,578,1466,0.5400179624557495,1,4
1421,71,578,73,0.5314404964447021,0,4
1422,71,578,719,0.3982194662094116,0,4
1423,71,578,1025,0.5362016558647156,0,4
1424,71,578,1350,0.5215458273887634,0,4
1425,71,578,1891,0.5439704656600952,0,4
1426,71,578,1,0.5245025753974915,0,4
1427,71,578,949,0.5153633952140808,0,4
1428,71,578,1574,0.537443995475769,0,4
1429,71,578,1873,0.5230956077575684,0,4
1430,71,578,2079,0.513676106929779,0,4
1431,71,578,1930,0.5226213335990906,0,4
1432,71,578,490,0.5379740595817566,0,4
1433,71,578,1505,0.5086148381233215,0,4
1434,71,578,927,0.5257816314697266,0,4
1435,71,578,386,0.5007402300834656,0,4
1436,71,578,967,0.5242013335227966,0,4
1437,71,578,82,0.5427239537239075,0,4
1438,71,578,1708,0.5275046229362488,0,4
1439,71,578,1231,0.5443825125694275,0,4
1440,72,1315,369,0.45392751693725586,1,6
1441,72,1315,405,0.35080721974372864,0,6
1442,72,1315,1266,0.42061805725097656,0,6
1443,72,1315,1697,0.5095741748809814,0,6
1444,72,1315,1101,0.3299746513366699,0,6
1445,72,1315,1161,0.35603928565979004,0,6
1446,72,1315,967,0.33481085300445557,0,6
1447,72,1315,555,0.3797716200351715,0,6
1448,72,1315,1364,0.39599883556365967,0,6
1449,72,1315,1277,0.3205161690711975,0,6
1450,72,1315,1369,0.3250887989997864,0,6
1451,72,1315,1288,0.40714582800865173,0,6
1452,72,1315,522,0.3387138545513153,0,6
1453,72,1315,577,0.3576224446296692,0,6
1454,72,1315,1011,0.6043658256530762,0,6
1455,72,1315,373,0.5006559491157532,0,6
1456,72,1315,1137,0.5190724730491638,0,6
1457,72,1315,1579,0.5721486806869507,0,6
1458,72,1315,334,0.32330045104026794,0,6
1459,72,1315,1432,0.35789984464645386,0,6
1460,73,4178,166,0.7072523832321167,1,11
1461,73,4178,230,0.5433677434921265,0,11
1462,73,4178,293,0.8208019137382507,0,11
1463,73,4178,1572,0.7650917768478394,0,11
1464,73,4178,680,0.3784952461719513,0,11
1465,73,4178,1843,0.41519400477409363,0,11
1466,73,4178,1140,0.7197272777557373,0,11
1467,73,4178,1814,0.8006582856178284,0,11
1468,73,4178,992,0.5823638439178467,0,11
1469,73,4178,1350,0.7952964305877686,0,11
1470,73,4178,1745,0.7407989501953125,0,11
1471,73,4178,684,0.6730991005897522,0,11
1472,73,4178,1489,0.5990804433822632,0,11
1473,73,4178,1689,0.33076950907707214,0,11
1474,73,4178,416,0.8018468022346497,0,11
1475,73,4178,503,0.7185205221176147,0,11
1476,73,4178,1469,0.7797272205352783,0,11
1477,73,4178,1093,0.672777533531189,0,11
1478,73,4178,699,0.30158326029777527,0,11
1479,73,4178,134,0.7923940420150757,0,11
1480,74,2341,2036,0.35697999596595764,1,20
1481,74,2341,980,0.46020713448524475,0,20
1482,74,2341,1883,0.5049019455909729,0,20
1483,74,2341,393,0.5198955535888672,0,20
1484,74,2341,831,0.5152183175086975,0,20
1485,74,2341,306,0.5036450028419495,0,20
1486,74,2341,1701,0.5023202300071716,0,20
1487,74,2341,1574,0.5293123126029968,0,20
1488,74,2341,1387,0.4945344626903534,0,20
1489,74,2341,373,0.4725848138332367,0,20
1490,74,2341,1976,0.5139310956001282,0,20
1491,74,2341,2,0.49738720059394836,0,20
1492,74,2341,1841,0.5042606592178345,0,20
1493,74,2341,1353,0.5067412257194519,0,20
1494,74,2341,1643,0.4358261823654175,0,20
1495,74,2341,1369,0.5003248453140259,0,20
1496,74,2341,433,0.5035873651504517,0,20
1497,74,2341,1918,0.5393575429916382,0,20
1498,74,2341,1068,0.504718542098999,0,20
1499,74,2341,564,0.5121999979019165,0,20
1500,75,3788,1625,0.6097838878631592,1,10
1501,75,3788,565,0.6775700449943542,0,10
1502,75,3788,248,0.5478024482727051,0,10
1503,75,3788,1363,0.6636340618133545,0,10
1504,75,3788,318,0.649598240852356,0,10
1505,75,3788,371,0.5884543657302856,0,10
1506,75,3788,67,0.5633696913719177,0,10
1507,75,3788,18,0.6372589468955994,0,10
1508,75,3788,1701,0.595979630947113,0,10
1509,75,3788,1648,0.6018490195274353,0,10
1510,75,3788,1831,0.664774477481842,0,10
1511,75,3788,1886,0.6279770731925964,0,10
1512,75,3788,123,0.4013408422470093,0,10
1513,75,3788,1197,0.6706591248512268,0,10
1514,75,3788,746,0.5767099261283875,0,10
1515,75,3788,1068,0.6411193609237671,0,10
1516,75,3788,1086,0.6462840437889099,0,10
1517,75,3788,962,0.30367758870124817,0,10
1518,75,3788,2059,0.5993905067443848,0,10
1519,75,3788,113,0.5797734260559082,0,10
1520,76,1964,992,0.5375930070877075,1,2
1521,76,1964,1315,0.457002192735672,0,2
1522,76,1964,662,0.48663830757141113,0,2
1523,76,1964,1134,0.44189101457595825,0,2
1524,76,1964,1113,0.48028692603111267,0,2
1525,76,1964,1320,0.5146825909614563,0,2
1526,76,1964,1844,0.4477502405643463,0,2
1527,76,1964,1326,0.48009517788887024,0,2
1528,76,1964,1465,0.4814108908176422,0,2
1529,76,1964,85,0.46132996678352356,0,2
1530,76,1964,653,0.4659467041492462,0,2
1531,76,1964,1653,0.45861342549324036,0,2
1532,76,1964,864,0.5006131529808044,0,2
1533,76,1964,1060,0.5603432059288025,0,2
1534,76,1964,1001,0.47518688440322876,0,2
1535,76,1964,624,0.39583203196525574,0,2
1536,76,1964,798,0.49059033393859863,0,2
1537,76,1964,980,0.5093562006950378,0,2
1538,76,1964,20,0.45627567172050476,0,2
1539,76,1964,952,0.4780167043209076,0,2
1540,77,3664,1409,0.7093820571899414,1,10
1541,77,3664,1640,0.48761633038520813,0,10
1542,77,3664,1745,0.7377610802650452,0,10
1543,77,3664,1301,0.7821779847145081,0,10
1544,77,3664,888,0.8095771074295044,0,10
1545,77,3664,168,0.7470096945762634,0,10
1546,77,3664,1175,0.6841010451316833,0,10
1547,77,3664,786,0.7870969772338867,0,10
1548,77,3664,367,0.7360424995422363,0,10
1549,77,3664,702,0.48233848810195923,0,10
1550,77,3664,18,0.7462987899780273,0,10
1551,77,3664,1085,0.6845166087150574,0,10
1552,77,3664,805,0.5262839794158936,0,10
1553,77,3664,203,0.7438923716545105,0,10
1554,77,3664,375,0.6439446806907654,0,10
1555,77,3664,82,0.5716484189033508,0,10
1556,77,3664,1177,0.7021905779838562,0,10
1557,77,3664,1911,0.8574855327606201,0,10
1558,77,3664,1591,0.6904245018959045,0,10
1559,77,3664,248,0.5563753247261047,0,10
1560,78,910,357,0.5817028880119324,1,11
1561,78,910,1870,0.619849681854248,0,11
1562,78,910,861,0.34982290863990784,0,11
1563,78,910,734,0.6751145124435425,0,11
1564,78,910,532,0.6002183556556702,0,11
1565,78,910,527,0.6066462397575378,0,11
1566,78,910,1034,0.5571944117546082,0,11
1567,78,910,2076,0.660836935043335,0,11
1568,78,910,1170,0.4113425016403198,0,11
1569,78,910,1556,0.5497164130210876,0,11
1570,78,910,619,0.5703771710395813,0,11
1571,78,910,1771,0.6536345481872559,0,11
1572,78,910,1298,0.6361428499221802,0,11
1573,78,910,1985,0.661151111125946,0,11
1574,78,910,739,0.5948943495750427,0,11
1575,78,910,32,0.5540302991867065,0,11
1576,78,910,468,0.5683837532997131,0,11
1577,78,910,847,0.5294815301895142,0,11
1578,78,910,456,0.5692150592803955,0,11
1579,78,910,35,0.5824381709098816,0,11
1580,79,121,766,0.44967496395111084,1,12
1581,79,121,1493,0.5685760974884033,0,12
1582,79,121,1559,0.5337045192718506,0,12
1583,79,121,322,0.4216729700565338,0,12
1584,79,121,436,0.4237654209136963,0,12
1585,79,121,310,0.4348442256450653,0,12
1586,79,121,816,0.5582677125930786,0,12
1587,79,121,642,0.5220578908920288,0,12
1588,79,121,1125,0.5098005533218384,0,12
1589,79,121,581,0.4239584505558014,0,12
1590,79,121,1528,0.48900312185287476,0,12
1591,79,121,683,0.4644094705581665,0,12
1592,79,121,1505,0.44754719734191895,0,12
1593,79,121,871,0.5324846506118774,0,12
1594,79,121,1444,0.4480532109737396,0,12
1595,79,121,1695,0.4646119475364685,0,12
1596,79,121,2068,0.40221649408340454,0,12
1597,79,121,960,0.4532994031906128,0,12
1598,79,121,844,0.49239352345466614,0,12
1599,79,121,1334,0.4157088100910187,0,12
1600,80,3377,198,0.5896523594856262,1,3
1601,80,3377,1668,0.5598130226135254,0,3
1602,80,3377,232,0.5502625107765198,0,3
1603,80,3377,295,0.566840410232544,0,3
1604,80,3377,1562,0.5895518064498901,0,3
1605,80,3377,732,0.5562713146209717,0,3
1606,80,3377,4,0.5873582363128662,0,3
1607,80,3377,1886,0.5788692235946655,0,3
1608,80,3377,519,0.5676160454750061,0,3
1609,80,3377,187,0.5329720973968506,0,3
1610,80,3377,119,0.5618055462837219,0,3
1611,80,3377,849,0.5625470280647278,0,3
1612,80,3377,1663,0.490789532661438,0,3
1613,80,3377,1331,0.5613306760787964,0,3
1614,80,3377,1696,0.5948771834373474,0,3
1615,80,3377,758,0.5861270427703857,0,3
1616,80,3377,296,0.5530808568000793,0,3
1617,80,3377,217,0.5912520885467529,0,3
1618,80,3377,1689,0.37434902787208557,0,3
1619,80,3377,1080,0.5890721082687378,0,3
1620,81,3120,932,0.441728413105011,1,18
1621,81,3120,1600,0.7246558666229248,0,18
1622,81,3120,954,0.5961843132972717,0,18
1623,81,3120,968,0.45671775937080383,0,18
1624,81,3120,1877,0.32351404428482056,0,18
1625,81,3120,449,0.5403262972831726,0,18
1626,81,3120,1982,0.7078617215156555,0,18
1627,81,3120,916,0.6072422862052917,0,18
1628,81,3120,1839,0.6571987271308899,0,18
1629,81,3120,1528,0.4445205628871918,0,18
1630,81,3120,1050,0.6268419027328491,0,18
1631,81,3120,1555,0.6337127685546875,0,18
1632,81,3120,996,0.7223038673400879,0,18
1633,81,3120,1630,0.7596414685249329,0,18
1634,81,3120,1796,0.49716320633888245,0,18
1635,81,3120,1421,0.7202888131141663,0,18
1636,81,3120,223,0.7656466364860535,0,18
1637,81,3120,182,0.3590905964374542,0,18
1638,81,3120,927,0.6460332870483398,0,18
1639,81,3120,258,0.4868867099285126,0,18
1640,82,895,90,0.5282577276229858,1,20
1641,82,895,1235,0.6757347583770752,0,20
1642,82,895,1911,0.7316603064537048,0,20
1643,82,895,28,0.6158035397529602,0,20
1644,82,895,672,0.607803225517273,0,20
1645,82,895,569,0.6303513646125793,0,20
1646,82,895,1167,0.676988959312439,0,20
1647,82,895,198,0.6811700463294983,0,20
1648,82,895,1696,0.6864519715309143,0,20
1649,82,895,804,0.6296588182449341,0,20
1650,82,895,1158,0.6168495416641235,0,20
1651,82,895,1653,0.6807059645652771,0,20
1652,82,895,1389,0.6084765791893005,0,20
1653,82,895,363,0.615962028503418,0,20
1654,82,895,1366,0.7106084227561951,0,20
1655,82,895,2012,0.67057204246521,0,20
1656,82,895,1817,0.5963867902755737,0,20
1657,82,895,499,0.548819899559021,0,20
1658,82,895,1342,0.659750759601593,0,20
1659,82,895,317,0.666625440120697,0,20
1660,83,2104,1712,0.47049036622047424,1,6
1661,83,2104,1579,0.6332176923751831,0,6
1662,83,2104,1008,0.5281291604042053,0,6
1663,83,2104,32,0.44719961285591125,0,6
1664,83,2104,674,0.11717139929533005,0,6
1665,83,2104,1769,0.2219458371400833,0,6
1666,83,2104,1019,0.543990433216095,0,6
1667,83,2104,1409,0.18620344996452332,0,6
1668,83,2104,326,0.20080842077732086,0,6
1669,83,2104,1396,0.19090543687343597,0,6
1670,83,2104,497,0.3271634876728058,0,6
1671,83,2104,1391,0.12594544887542725,0,6
1672,83,2104,1723,0.5910066962242126,0,6
1673,83,2104,1156,0.08824212849140167,0,6
1674,83,2104,63,0.1152687519788742,0,6
1675,83,2104,488,0.206560418009758,0,6
1676,83,2104,535,0.3221547305583954,0,6
1677,83,2104,1499,0.2575921416282654,0,6
1678,83,2104,2004,0.12035828083753586,0,6
1679,83,2104,655,0.48327866196632385,0,6
1680,84,3321,1150,0.26943573355674744,1,20
1681,84,3321,1710,0.3888280987739563,0,20
1682,84,3321,615,0.6923035383224487,0,20
1683,84,3321,1384,0.7279286980628967,0,20
1684,84,3321,570,0.584116518497467,0,20
1685,84,3321,713,0.7706086039543152,0,20
1686,84,3321,1559,0.38704609870910645,0,20
1687,84,3321,1635,0.6360992789268494,0,20
1688,84,3321,1342,0.7431280612945557,0,20
1689,84,3321,1490,0.7437470555305481,0,20
1690,84,3321,1095,0.6983294486999512,0,20
1691,84,3321,1115,0.605011522769928,0,20
1692,84,3321,590,0.3496374487876892,0,20
1693,84,3321,315,0.7192751169204712,0,20
1694,84,3321,2074,0.6852521896362305,0,20
1695,84,3321,89,0.6669437885284424,0,20
1696,84,3321,431,0.49319303035736084,0,20
1697,84,3321,1601,0.7364587783813477,0,20
1698,84,3321,1105,0.6943923234939575,0,20
1699,84,3321,439,0.4104701578617096,0,20
1700,85,2315,669,0.48931899666786194,1,3
1701,85,2315,1078,0.4552246332168579,0,3
1702,85,2315,189,0.4110018312931061,0,3
1703,85,2315,612,0.4480411410331726,0,3
1704,85,2315,1778,0.4553981423377991,0,3
1705,85,2315,2058,0.43728575110435486,0,3
1706,85,2315,247,0.45788395404815674,0,3
1707,85,2315,572,0.4978804290294647,0,3
1708,85,2315,1865,0.4736804664134979,0,3
1709,85,2315,812,0.40866419672966003,0,3
1710,85,2315,274,0.4210074841976166,0,3
1711,85,2315,76,0.4459950625896454,0,3
1712,85,2315,1774,0.41890567541122437,0,3
1713,85,2315,1015,0.4056800305843353,0,3
1714,85,2315,1317,0.4806596636772156,0,3
1715,85,2315,979,0.4548848569393158,0,3
1716,85,2315,662,0.44803109765052795,0,3
1717,85,2315,1563,0.5539117455482483,0,3
1718,85,2315,886,0.4854942858219147,0,3
1719,85,2315,1926,0.39529138803482056,0,3
1720,86,1055,1824,0.5782486200332642,1,13
1721,86,1055,2000,0.6051437258720398,0,13
1722,86,1055,1071,0.6076309680938721,0,13
1723,86,1055,684,0.5727314352989197,0,13
1724,86,1055,1953,0.35754159092903137,0,13
1725,86,1055,1651,0.6715999245643616,0,13
1726,86,1055,1079,0.5383455753326416,0,13
1727,86,1055,1616,0.6631843447685242,0,13
1728,86,1055,93,0.5648899078369141,0,13
1729,86,1055,988,0.36667436361312866,0,13
1730,86,1055,833,0.6633940935134888,0,13
1731,86,1055,1289,0.6360239386558533,0,13
1732,86,1055,1406,0.5820769667625427,0,13
1733,86,1055,311,0.563996434211731,0,13
1734,86,1055,533,0.4951116740703583,0,13
1735,86,1055,872,0.6197047233581543,0,13
1736,86,1055,24,0.6302992701530457,0,13
1737,86,1055,631,0.5962360501289368,0,13
1738,86,1055,350,0.6104291677474976,0,13
1739,86,1055,402,0.650234580039978,0,13
1740,87,709,21,0.4417542815208435,1,14
1741,87,709,1899,0.4341553747653961,0,14
1742,87,709,723,0.44896984100341797,0,14
1743,87,709,950,0.45003417134284973,0,14
1744,87,709,812,0.40968137979507446,0,14
1745,87,709,81,0.4221644997596741,0,14
1746,87,709,358,0.3924061059951782,0,14
1747,87,709,324,0.4730219841003418,0,14
1748,87,709,1466,0.4817967712879181,0,14
1749,87,709,1484,0.42720136046409607,0,14
1750,87,709,2015,0.46267956495285034,0,14
1751,87,709,1485,0.44426554441452026,0,14
1752,87,709,107,0.4429958760738373,0,14
1753,87,709,668,0.4794240891933441,0,14
1754,87,709,841,0.531047523021698,0,14
1755,87,709,831,0.5214680433273315,0,14
1756,87,709,1946,0.5391056537628174,0,14
1757,87,709,1875,0.4568108320236206,0,14
1758,87,709,42,0.4262579381465912,0,14
1759,87,709,204,0.49850916862487793,0,14
1760,88,504,596,0.5212335586547852,1,17
1761,88,504,295,0.5585121512413025,0,17
1762,88,504,456,0.5486972332000732,0,17
1763,88,504,1050,0.5527473092079163,0,17
1764,88,504,1081,0.5477622747421265,0,17
1765,88,504,877,0.5696394443511963,0,17
1766,88,504,1728,0.449649840593338,0,17
1767,88,504,882,0.5475792288780212,0,17
1768,88,504,151,0.37736767530441284,0,17
1769,88,504,1369,0.5763097405433655,0,17
1770,88,504,1420,0.5839512348175049,0,17
1771,88,504,260,0.5447816848754883,0,17
1772,88,504,1646,0.5628528594970703,0,17
1773,88,504,1029,0.5577020645141602,0,17
1774,88,504,631,0.5563540458679199,0,17
1775,88,504,1949,0.5086356997489929,0,17
1776,88,504,281,0.5448222160339355,0,17
1777,88,504,1482,0.5751751661300659,0,17
1778,88,504,30,0.5436447858810425,0,17
1779,88,504,749,0.5680683851242065,0,17
1780,89,3111,878,0.6229659914970398,1,15
1781,89,3111,915,0.6866481900215149,0,15
1782,89,3111,1568,0.6245293021202087,0,15
1783,89,3111,2031,0.6610528230667114,0,15
1784,89,3111,18,0.6572609543800354,0,15
1785,89,3111,112,0.47714436054229736,0,15
1786,89,3111,1159,0.6500723958015442,0,15
1787,89,3111,1240,0.6341990828514099,0,15
1788,89,3111,1468,0.6497665047645569,0,15
1789,89,3111,1662,0.6532307863235474,0,15
1790,89,3111,852,0.6589421629905701,0,15
1791,89,3111,873,0.5966492295265198,0,15
1792,89,3111,1706,0.6041439175605774,0,15
1793,89,3111,752,0.6760693192481995,0,15
1794,89,3111,942,0.690477728843689,0,15
1795,89,3111,1391,0.6649178266525269,0,15
1796,89,3111,1828,0.49865761399269104,0,15
1797,89,3111,570,0.5636351108551025,0,15
1798,89,3111,25,0.6833641529083252,0,15
1799,89,3111,1915,0.6668688058853149,0,15
1800,90,3688,209,0.6464868783950806,1,11
1801,90,3688,1342,0.6954631209373474,0,11
1802,90,3688,1945,0.6325235366821289,0,11
1803,90,3688,903,0.5167584419250488,0,11
1804,90,3688,1691,0.685408890247345,0,11
1805,90,3688,1658,0.3261013925075531,0,11
1806,90,3688,1663,0.4509086012840271,0,11
1807,90,3688,1370,0.71401047706604,0,11
1808,90,3688,1364,0.6797016263008118,0,11
1809,90,3688,1493,0.5522014498710632,0,11
1810,90,3688,1264,0.7018364667892456,0,11
1811,90,3688,99,0.6549019813537598,0,11
1812,90,3688,716,0.6612135767936707,0,11
1813,90,3688,1256,0.6612986922264099,0,11
1814,90,3688,588,0.6442232728004456,0,11
1815,90,3688,565,0.742970883846283,0,11
1816,90,3688,1452,0.6008406281471252,0,11
1817,90,3688,310,0.6832271218299866,0,11
1818,90,3688,1158,0.6385490298271179,0,11
1819,90,3688,2026,0.39995500445365906,0,11
1820,91,3791,1504,0.49880144000053406,1,11
1821,91,3791,1879,0.5237234830856323,0,11
1822,91,3791,486,0.4976169764995575,0,11
1823,91,3791,593,0.5047768354415894,0,11
1824,91,3791,55,0.4227136969566345,0,11
1825,91,3791,1556,0.543296754360199,0,11
1826,91,3791,474,0.5484274625778198,0,11
1827,91,3791,2008,0.49975383281707764,0,11
1828,91,3791,216,0.48955726623535156,0,11
1829,91,3791,491,0.47864532470703125,0,11
1830,91,3791,1448,0.4926561415195465,0,11
1831,91,3791,111,0.5093724727630615,0,11
1832,91,3791,653,0.48814040422439575,0,11
1833,91,3791,1597,0.45317938923835754,0,11
1834,91,3791,1985,0.5005610585212708,0,11
1835,91,3791,734,0.4958007037639618,0,11
1836,91,3791,158,0.4906943738460541,0,11
1837,91,3791,2039,0.5039814114570618,0,11
1838,91,3791,1383,0.5256206393241882,0,11
1839,91,3791,926,0.523641049861908,0,11
1840,92,1889,1161,0.5569773316383362,1,10
1841,92,1889,1894,0.508844792842865,0,10
1842,92,1889,1310,0.412590354681015,0,10
1843,92,1889,289,0.5571078658103943,0,10
1844,92,1889,1103,0.5555306077003479,0,10
1845,92,1889,136,0.5791067481040955,0,10
1846,92,1889,967,0.6022688746452332,0,10
1847,92,1889,307,0.5538603067398071,0,10
1848,92,1889,1087,0.5872222185134888,0,10
1849,92,1889,1576,0.5609240531921387,0,10
1850,92,1889,886,0.5663679838180542,0,10
1851,92,1889,851,0.5907755494117737,0,10
1852,92,1889,1597,0.44687116146087646,0,10
1853,92,1889,569,0.5711137056350708,0,10
1854,92,1889,214,0.5553288459777832,0,10
1855,92,1889,1624,0.5537726879119873,0,10
1856,92,1889,824,0.5369676947593689,0,10
1857,92,1889,1613,0.5543541312217712,0,10
1858,92,1889,1646,0.5700407028198242,0,10
1859,92,1889,1452,0.5458791255950928,0,10
1860,93,3576,1962,0.3484550416469574,1,13
1861,93,3576,1826,0.4542672336101532,0,13
1862,93,3576,1717,0.35754621028900146,0,13
1863,93,3576,209,0.3484182357788086,0,13
1864,93,3576,101,0.4983226954936981,0,13
1865,93,3576,652,0.5403676629066467,0,13
1866,93,3576,153,0.4385102391242981,0,13
1867,93,3576,1592,0.2923392951488495,0,13
1868,93,3576,93,0.509939968585968,0,13
1869,93,3576,1576,0.28620943427085876,0,13
1870,93,3576,689,0.2593173384666443,0,13
1871,93,3576,185,0.4896170496940613,0,13
1872,93,3576,2019,0.3060958981513977,0,13
1873,93,3576,219,0.4020935595035553,0,13
1874,93,3576,1404,0.3154956102371216,0,13
1875,93,3576,1546,0.4518009424209595,0,13
1876,93,3576,1240,0.38814619183540344,0,13
1877,93,3576,250,0.3633157014846802,0,13
1878,93,3576,1665,0.3379806578159332,0,13
1879,93,3576,1643,0.6193215847015381,0,13
1880,94,1427,1973,0.43258175253868103,1,11
1881,94,1427,1666,0.393627792596817,0,11
1882,94,1427,1694,0.4691948890686035,0,11
1883,94,1427,354,0.44230666756629944,0,11
1884,94,1427,659,0.374634325504303,0,11
1885,94,1427,831,0.5430309176445007,0,11
1886,94,1427,1410,0.3437289595603943,0,11
1887,94,1427,1630,0.2964138388633728,0,11
1888,94,1427,1000,0.38434112071990967,0,11
1889,94,1427,574,0.485206663608551,0,11
1890,94,1427,1002,0.5232979655265808,0,11
1891,94,1427,1810,0.38657650351524353,0,11
1892,94,1427,1658,0.570856511592865,0,11
1893,94,1427,199,0.5325895547866821,0,11
1894,94,1427,1030,0.4838877320289612,0,11
1895,94,1427,1490,0.3822397291660309,0,11
1896,94,1427,56,0.4965267479419708,0,11
1897,94,1427,1890,0.4196651577949524,0,11
1898,94,1427,91,0.5801981687545776,0,11
1899,94,1427,1004,0.36092981696128845,0,11
1900,95,1163,482,0.4774485230445862,1,18
1901,95,1163,129,0.6987757682800293,0,18
1902,95,1163,1269,0.6532455086708069,0,18
1903,95,1163,536,0.617287278175354,0,18
1904,95,1163,1880,0.7331981658935547,0,18
1905,95,1163,325,0.42382314801216125,0,18
1906,95,1163,1151,0.7054940462112427,0,18
1907,95,1163,1231,0.5256662964820862,0,18
1908,95,1163,632,0.6327128410339355,0,18
1909,95,1163,928,0.7446120977401733,0,18
1910,95,1163,205,0.6406887173652649,0,18
1911,95,1163,1302,0.6181991696357727,0,18
1912,95,1163,1753,0.6744421720504761,0,18
1913,95,1163,1732,0.3544592261314392,0,18
1914,95,1163,1682,0.6532242894172668,0,18
1915,95,1163,1894,0.47800493240356445,0,18
1916,95,1163,1056,0.6917684674263,0,18
1917,95,1163,1928,0.5283047556877136,0,18
1918,95,1163,1457,0.7392084002494812,0,18
1919,95,1163,1580,0.5564146637916565,0,18
1920,96,1846,1434,0.41898104548454285,1,19
1921,96,1846,263,0.6071801781654358,0,19
1922,96,1846,121,0.6379997730255127,0,19
1923,96,1846,1949,0.5149579644203186,0,19
1924,96,1846,1842,0.6244862675666809,0,19
1925,96,1846,1825,0.5335150957107544,0,19
1926,96,1846,1447,0.3418749272823334,0,19
1927,96,1846,1535,0.538502037525177,0,19
1928,96,1846,1040,0.6003145575523376,0,19
1929,96,1846,896,0.5933535099029541,0,19
1930,96,1846,843,0.5757330656051636,0,19
1931,96,1846,1684,0.6234821081161499,0,19
1932,96,1846,1837,0.6577338576316833,0,19
1933,96,1846,351,0.5874689817428589,0,19
1934,96,1846,1369,0.6383084654808044,0,19
1935,96,1846,502,0.6136665344238281,0,19
1936,96,1846,1432,0.6284481883049011,0,19
1937,96,1846,35,0.5836328268051147,0,19
1938,96,1846,864,0.5993301868438721,0,19
1939,96,1846,250,0.6158198714256287,0,19
1940,97,2743,1677,0.5824326276779175,1,9
1941,97,2743,107,0.5875415205955505,0,9
1942,97,2743,1622,0.45736488699913025,0,9
1943,97,2743,1248,0.4382540285587311,0,9
1944,97,2743,82,0.5478334426879883,0,9
1945,97,2743,1922,0.5544627904891968,0,9
1946,97,2743,1667,0.4609893262386322,0,9
1947,97,2743,1756,0.571357786655426,0,9
1948,97,2743,1094,0.6044710278511047,0,9
1949,97,2743,1928,0.5392117500305176,0,9
1950,97,2743,464,0.6207213997840881,0,9
1951,97,2743,518,0.5944058895111084,0,9
1952,97,2743,116,0.5707167387008667,0,9
1953,97,2743,1190,0.5913198590278625,0,9
1954,97,2743,971,0.5661287307739258,0,9
1955,97,2743,1142,0.6098321676254272,0,9
1956,97,2743,625,0.5716902613639832,0,9
1957,97,2743,1510,0.6082109808921814,0,9
1958,97,2743,14,0.6179965138435364,0,9
1959,97,2743,351,0.5752642750740051,0,9
1960,98,4031,1506,0.5928285121917725,1,12
1961,98,4031,1947,0.6313574910163879,0,12
1962,98,4031,890,0.6464293599128723,0,12
1963,98,4031,746,0.5679108500480652,0,12
1964,98,4031,719,0.35948336124420166,0,12
1965,98,4031,1075,0.5711579918861389,0,12
1966,98,4031,1402,0.6291879415512085,0,12
1967,98,4031,381,0.5538987517356873,0,12
1968,98,4031,1011,0.5208445191383362,0,12
1969,98,4031,1379,0.41310200095176697,0,12
1970,98,4031,888,0.6513131856918335,0,12
1971,98,4031,1191,0.6004189252853394,0,12
1972,98,4031,1068,0.6201601028442383,0,12
1973,98,4031,1391,0.6208048462867737,0,12
1974,98,4031,1229,0.6459949612617493,0,12
1975,98,4031,1,0.6444289684295654,0,12
1976,98,4031,578,0.6316275596618652,0,12
1977,98,4031,665,0.5695218443870544,0,12
1978,98,4031,1417,0.5975744724273682,0,12
1979,98,4031,1268,0.4282238781452179,0,12
1980,99,873,998,0.5405758619308472,1,2
1981,99,873,773,0.5354635119438171,0,2
1982,99,873,807,0.5345810651779175,0,2
1983,99,873,1935,0.5396386384963989,0,2
1984,99,873,769,0.5325042009353638,0,2
1985,99,873,1283,0.5206039547920227,0,2
1986,99,873,1303,0.5365303754806519,0,2
1987,99,873,70,0.5339409708976746,0,2
1988,99,873,101,0.38728731870651245,0,2
1989,99,873,562,0.5392869114875793,0,2
1990,99,873,1547,0.4571126699447632,0,2
1991,99,873,1799,0.5030518174171448,0,2
1992,99,873,711,0.4350064992904663,0,2
1993,99,873,404,0.5282384753227234,0,2
1994,99,873,333,0.5324739813804626,0,2
1995,99,873,1953,0.3860224783420563,0,2
1996,99,873,1635,0.5236507058143616,0,2
1997,99,873,1254,0.544450044631958,0,2
1998,99,873,441,0.533211886882782,0,2
1999,99,873,1828,0.5191083550453186,0,2
2000,100,2956,1255,0.47726911306381226,1,20
2001,100,2956,88,0.559135913848877,0,20
2002,100,2956,1469,0.5805162191390991,0,20
2003,100,2956,559,0.55279541015625,0,20
2004,100,2956,392,0.5578069090843201,0,20
2005,100,2956,498,0.5805789232254028,0,20
2006,100,2956,937,0.5497921705245972,0,20
2007,100,2956,494,0.5579075217247009,0,20
2008,100,2956,1944,0.5525224208831787,0,20
2009,100,2956,1929,0.5786420702934265,0,20
2010,100,2956,218,0.541139543056488,0,20
2011,100,2956,1680,0.5699169635772705,0,20
2012,100,2956,552,0.4899519383907318,0,20
2013,100,2956,1551,0.5867047309875488,0,20
2014,100,2956,4,0.584380567073822,0,20
2015,100,2956,954,0.5606721043586731,0,20
2016,100,2956,1591,0.5700598359107971,0,20
2017,100,2956,159,0.48733702301979065,0,20
2018,100,2956,1408,0.5734520554542542,0,20
2019,100,2956,1733,0.5521681904792786,0,20
2020,101,1521,2017,0.6465672254562378,1,7
2021,101,1521,1930,0.6034178137779236,0,7
2022,101,1521,1338,0.6141127943992615,0,7
2023,101,1521,243,0.680080771446228,0,7
2024,101,1521,1061,0.6511926054954529,0,7
2025,101,1521,1684,0.637774646282196,0,7
2026,101,1521,1104,0.3740190863609314,0,7
2027,101,1521,381,0.556751012802124,0,7
2028,101,1521,588,0.5993456840515137,0,7
2029,101,1521,1288,0.6114599704742432,0,7
2030,101,1521,1946,0.5178307890892029,0,7
2031,101,1521,84,0.5724287033081055,0,7
2032,101,1521,850,0.3979598581790924,0,7
2033,101,1521,1059,0.589709997177124,0,7
2034,101,1521,30,0.5880218744277954,0,7
2035,101,1521,830,0.6509595513343811,0,7
2036,101,1521,1721,0.679544985294342,0,7
2037,101,1521,580,0.6870165467262268,0,7
2038,101,1521,1798,0.6231505870819092,0,7
2039,101,1521,928,0.6854137182235718,0,7
2040,102,2925,407,0.33162063360214233,1,19
2041,102,2925,905,0.6664348840713501,0,19
2042,102,2925,977,0.8568360805511475,0,19
2043,102,2925,76,0.7511782050132751,0,19
2044,102,2925,1901,0.8298172950744629,0,19
2045,102,2925,1361,0.4422040283679962,0,19
2046,102,2925,287,0.4639313519001007,0,19
2047,102,2925,1192,0.6382098197937012,0,19
2048,102,2925,684,0.6720222234725952,0,19
2049,102,2925,809,0.7466254830360413,0,19
2050,102,2925,321,0.8010882139205933,0,19
2051,102,2925,829,0.7250264286994934,0,19
2052,102,2925,654,0.4462304711341858,0,19
2053,102,2925,845,0.32631954550743103,0,19
2054,102,2925,1121,0.5256727337837219,0,19
2055,102,2925,198,0.8004626631736755,0,19
2056,102,2925,1809,0.6441106200218201,0,19
2057,102,2925,1522,0.8459795713424683,0,19
2058,102,2925,1704,0.8396990895271301,0,19
2059,102,2925,183,0.626030445098877,0,19
2060,103,2783,2010,0.6111325025558472,1,16
2061,103,2783,1276,0.656258225440979,0,16
2062,103,2783,968,0.4609299600124359,0,16
2063,103,2783,1759,0.6779943704605103,0,16
2064,103,2783,246,0.6095238924026489,0,16
2065,103,2783,1892,0.6303479075431824,0,16
2066,103,2783,1477,0.6247726678848267,0,16
2067,103,2783,1009,0.742009162902832,0,16
2068,103,2783,1046,0.6471434831619263,0,16
2069,103,2783,710,0.6548098921775818,0,16
2070,103,2783,1131,0.7058694362640381,0,16
2071,103,2783,1655,0.6959028840065002,0,16
2072,103,2783,1861,0.6822986006736755,0,16
2073,103,2783,815,0.6774654984474182,0,16
2074,103,2783,440,0.6824386715888977,0,16
2075,103,2783,1564,0.41396793723106384,0,16
2076,103,2783,2018,0.6344627141952515,0,16
2077,103,2783,272,0.634251058101654,0,16
2078,103,2783,896,0.6261054873466492,0,16
2079,103,2783,1619,0.5942394137382507,0,16
2080,104,3955,331,0.637787938117981,1,10
2081,104,3955,79,0.5321441888809204,0,10
2082,104,3955,471,0.6328154802322388,0,10
2083,104,3955,607,0.6898080110549927,0,10
2084,104,3955,104,0.39779284596443176,0,10
2085,104,3955,323,0.6397551894187927,0,10
2086,104,3955,1404,0.6869573593139648,0,10
2087,104,3955,830,0.6897391676902771,0,10
2088,104,3955,1206,0.6425611972808838,0,10
2089,104,3955,785,0.710644006729126,0,10
2090,104,3955,923,0.44180169701576233,0,10
2091,104,3955,303,0.5839962363243103,0,10
2092,104,3955,1498,0.6027055382728577,0,10
2093,104,3955,371,0.6097617745399475,0,10
2094,104,3955,329,0.6362398862838745,0,10
2095,104,3955,2060,0.375896692276001,0,10
2096,104,3955,1267,0.7114102840423584,0,10
2097,104,3955,1301,0.6938377022743225,0,10
2098,104,3955,1000,0.4009644687175751,0,10
2099,104,3955,338,0.6419528126716614,0,10
2100,105,1234,1180,0.6170583963394165,1,5
2101,105,1234,1033,0.5542880296707153,0,5
2102,105,1234,1138,0.5831194519996643,0,5
2103,105,1234,1528,0.46948033571243286,0,5
2104,105,1234,222,0.5524753332138062,0,5
2105,105,1234,1653,0.6183637976646423,0,5
2106,105,1234,1769,0.5792941451072693,0,5
2107,105,1234,736,0.5895050168037415,0,5
2108,105,1234,1690,0.6360922455787659,0,5
2109,105,1234,1703,0.29747503995895386,0,5
2110,105,1234,102,0.6334469318389893,0,5
2111,105,1234,1539,0.6169202923774719,0,5
2112,105,1234,244,0.5518292188644409,0,5
2113,105,1234,1912,0.5912693738937378,0,5
2114,105,1234,1943,0.5868856906890869,0,5
2115,105,1234,1675,0.5822058916091919,0,5
2116,105,1234,1250,0.4885140061378479,0,5
2117,105,1234,1249,0.5659680366516113,0,5
2118,105,1234,873,0.5632092952728271,0,5
2119,105,1234,1356,0.6188313364982605,0,5
2120,106,112,251,0.5478174686431885,1,14
2121,106,112,1985,0.594157338142395,0,14
2122,106,112,266,0.5694934725761414,0,14
2123,106,112,1484,0.5475379824638367,0,14
2124,106,112,1537,0.5508539080619812,0,14
2125,106,112,326,0.5571987628936768,0,14
2126,106,112,1138,0.5599682927131653,0,14
2127,106,112,2034,0.5169128179550171,0,14
2128,106,112,713,0.5859177708625793,0,14
2129,106,112,593,0.5461671948432922,0,14
2130,106,112,1374,0.5406200885772705,0,14
2131,106,112,501,0.6020346879959106,0,14
2132,106,112,1641,0.3461047112941742,0,14
2133,106,112,502,0.5690330862998962,0,14
2134,106,112,1960,0.572967529296875,0,14
2135,106,112,240,0.5644968748092651,0,14
2136,106,112,447,0.6079212427139282,0,14
2137,106,112,589,0.5496922731399536,0,14
2138,106,112,786,0.5900018215179443,0,14
2139,106,112,1836,0.4955906271934509,0,14
2140,107,3826,701,0.6817598938941956,1,14
2141,107,3826,421,0.6835801601409912,0,14
2142,107,3826,1382,0.6032451391220093,0,14
2143,107,3826,897,0.7106879949569702,0,14
2144,107,3826,1191,0.7413946390151978,0,14
2145,107,3826,1721,0.8107468485832214,0,14
2146,107,3826,433,0.4299090802669525,0,14
2147,107,3826,370,0.6934773921966553,0,14
2148,107,3826,635,0.7246484160423279,0,14
2149,107,3826,1889,0.8183940649032593,0,14
2150,107,3826,865,0.7822122573852539,0,14
2151,107,3826,776,0.7049881219863892,0,14
2152,107,3826,523,0.45181572437286377,0,14
2153,107,3826,1118,0.6880089044570923,0,14
2154,107,3826,551,0.7998294234275818,0,14
2155,107,3826,215,0.5770480632781982,0,14
2156,107,3826,684,0.6716050505638123,0,14
2157,107,3826,895,0.7252694964408875,0,14
2158,107,3826,928,0.8320254683494568,0,14
2159,107,3826,1058,0.6344966888427734,0,14
2160,108,4123,1701,0.578816294670105,1,11
2161,108,4123,1471,0.615650475025177,0,11
2162,108,4123,1729,0.6486759781837463,0,11
2163,108,4123,883,0.47241637110710144,0,11
2164,108,4123,1482,0.6201030015945435,0,11
2165,108,4123,1424,0.6113182306289673,0,11
2166,108,4123,1062,0.5913515686988831,0,11
2167,108,4123,1107,0.406440794467926,0,11
2168,108,4123,95,0.616557776927948,0,11
2169,108,4123,52,0.6117035746574402,0,11
2170,108,4123,1114,0.4951433539390564,0,11
2171,108,4123,562,0.6269030570983887,0,11
2172,108,4123,1632,0.32213279604911804,0,11
2173,108,4123,1434,0.42239588499069214,0,11
2174,108,4123,805,0.5380104184150696,0,11
2175,108,4123,385,0.5928016901016235,0,11
2176,108,4123,1318,0.5685420632362366,0,11
2177,108,4123,1260,0.5638110637664795,0,11
2178,108,4123,66,0.6071555614471436,0,11
2179,108,4123,1575,0.5624740719795227,0,11
2180,109,208,275,0.41864442825317383,1,9
2181,109,208,1366,0.31140658259391785,0,9
2182,109,208,258,0.5688952207565308,0,9
2183,109,208,891,0.44179219007492065,0,9
2184,109,208,677,0.41046422719955444,0,9
2185,109,208,742,0.3821983337402344,0,9
2186,109,208,389,0.5295082330703735,0,9
2187,109,208,1013,0.4019451141357422,0,9
2188,109,208,1533,0.5275055170059204,0,9
2189,109,208,447,0.34108489751815796,0,9
2190,109,208,24,0.3700087070465088,0,9
2191,109,208,1635,0.4428369104862213,0,9
2192,109,208,1508,0.3654544949531555,0,9
2193,109,208,909,0.546690821647644,0,9
2194,109,208,1964,0.3473040461540222,0,9
2195,109,208,1778,0.42268720269203186,0,9
2196,109,208,1789,0.4744318127632141,0,9
2197,109,208,471,0.41430240869522095,0,9
2198,109,208,770,0.4050087034702301,0,9
2199,109,208,1604,0.3995033800601959,0,9
2200,110,3605,659,0.6761773824691772,1,1
2201,110,3605,1897,0.6556022763252258,0,1
2202,110,3605,169,0.5963294506072998,0,1
2203,110,3605,1256,0.6156529188156128,0,1
2204,110,3605,920,0.6478925347328186,0,1
2205,110,3605,1189,0.6236167550086975,0,1
2206,110,3605,1693,0.458971232175827,0,1
2207,110,3605,3,0.5891948938369751,0,1
2208,110,3605,802,0.6688308715820312,0,1
2209,110,3605,1802,0.49129000306129456,0,1
2210,110,3605,151,0.3539349138736725,0,1
2211,110,3605,1878,0.5292795896530151,0,1
2212,110,3605,128,0.6150708794593811,0,1
2213,110,3605,543,0.5836741328239441,0,1
2214,110,3605,801,0.4071105122566223,0,1
2215,110,3605,1972,0.4268009066581726,0,1
2216,110,3605,285,0.6306400895118713,0,1
2217,110,3605,989,0.4894295334815979,0,1
2218,110,3605,1512,0.612034261226654,0,1
2219,110,3605,1571,0.5488884449005127,0,1
2220,111,3667,1337,0.72832852602005,1,7
2221,111,3667,102,0.8114175200462341,0,7
2222,111,3667,941,0.8104658126831055,0,7
2223,111,3667,767,0.7175297141075134,0,7
2224,111,3667,183,0.6272944808006287,0,7
2225,111,3667,571,0.7372176051139832,0,7
2226,111,3667,1746,0.7294453978538513,0,7
2227,111,3667,923,0.38894301652908325,0,7
2228,111,3667,1493,0.5532045960426331,0,7
2229,111,3667,51,0.6942360401153564,0,7
2230,111,3667,1190,0.7297905683517456,0,7
2231,111,3667,1075,0.6571170687675476,0,7
2232,111,3667,1760,0.41231101751327515,0,7
2233,111,3667,8,0.7773540616035461,0,7
2234,111,3667,983,0.42993050813674927,0,7
2235,111,3667,199,0.5985910296440125,0,7
2236,111,3667,419,0.6686830520629883,0,7
2237,111,3667,1679,0.7241905927658081,0,7
2238,111,3667,1422,0.7212254405021667,0,7
2239,111,3667,430,0.7263218760490417,0,7
2240,112,2844,1339,0.6400583982467651,1,13
2241,112,2844,1827,0.6185933351516724,0,13
2242,112,2844,547,0.6049919128417969,0,13
2243,112,2844,1873,0.6714168190956116,0,13
2244,112,2844,1126,0.7048775553703308,0,13
2245,112,2844,1091,0.7422108054161072,0,13
2246,112,2844,1281,0.6622729897499084,0,13
2247,112,2844,711,0.419745534658432,0,13
2248,112,2844,1421,0.717934250831604,0,13
2249,112,2844,953,0.5096297264099121,0,13
2250,112,2844,432,0.6932842135429382,0,13
2251,112,2844,505,0.6002975106239319,0,13
2252,112,2844,569,0.6551910042762756,0,13
2253,112,2844,280,0.7084619998931885,0,13
2254,112,2844,1950,0.7388721108436584,0,13
2255,112,2844,1864,0.7449517250061035,0,13
2256,112,2844,1520,0.6558745503425598,0,13
2257,112,2844,1153,0.672447681427002,0,13
2258,112,2844,1293,0.6156620383262634,0,13
2259,112,2844,987,0.4441671371459961,0,13
2260,113,2578,232,0.5417354106903076,1,16
2261,113,2578,1696,0.5760936737060547,0,16
2262,113,2578,1202,0.5610384941101074,0,16
2263,113,2578,1362,0.5618530511856079,0,16
2264,113,2578,1030,0.5496289134025574,0,16
2265,113,2578,352,0.5017633438110352,0,16
2266,113,2578,373,0.4692707061767578,0,16
2267,113,2578,1263,0.5723738670349121,0,16
2268,113,2578,1025,0.5536006093025208,0,16
2269,113,2578,516,0.5622280836105347,0,16
2270,113,2578,1364,0.5694857835769653,0,16
2271,113,2578,934,0.5683944225311279,0,16
2272,113,2578,1069,0.5450871586799622,0,16
2273,113,2578,576,0.5613997578620911,0,16
2274,113,2578,917,0.5511713027954102,0,16
2275,113,2578,604,0.544641375541687,0,16
2276,113,2578,1677,0.5517811179161072,0,16
2277,113,2578,462,0.5350053906440735,0,16
2278,113,2578,1273,0.3937270939350128,0,16
2279,113,2578,1411,0.5731048583984375,0,16
2280,114,314,1310,0.4113200604915619,1,18
2281,114,314,94,0.5754068493843079,0,18
2282,114,314,1601,0.5549308061599731,0,18
2283,114,314,38,0.535777747631073,0,18
2284,114,314,1744,0.47194939851760864,0,18
2285,114,314,633,0.39127177000045776,0,18
2286,114,314,128,0.5325008034706116,0,18
2287,114,314,1141,0.5538880228996277,0,18
2288,114,314,1411,0.5654124021530151,0,18
2289,114,314,1395,0.550588071346283,0,18
2290,114,314,1364,0.5694757103919983,0,18
2291,114,314,1193,0.5300408601760864,0,18
2292,114,314,216,0.569758415222168,0,18
2293,114,314,1034,0.5463857650756836,0,18
2294,114,314,590,0.44269052147865295,0,18
2295,114,314,891,0.5594138503074646,0,18
2296,114,314,1778,0.5599789023399353,0,18
2297,114,314,74,0.3948270380496979,0,18
2298,114,314,993,0.468126505613327,0,18
2299,114,314,315,0.5598626732826233,0,18
2300,115,1750,1893,0.5335299968719482,1,2
2301,115,1750,92,0.4797893464565277,0,2
2302,115,1750,630,0.4801269471645355,0,2
2303,115,1750,1540,0.4870069921016693,0,2
2304,115,1750,122,0.39532041549682617,0,2
2305,115,1750,169,0.4857746958732605,0,2
2306,115,1750,226,0.48795509338378906,0,2
2307,115,1750,1870,0.4759606719017029,0,2
2308,115,1750,195,0.5083515048027039,0,2
2309,115,1750,1869,0.49455031752586365,0,2
2310,115,1750,433,0.5344409942626953,0,2
2311,115,1750,704,0.46926355361938477,0,2
2312,115,1750,1010,0.48679623007774353,0,2
2313,115,1750,1482,0.4936520755290985,0,2
2314,115,1750,1486,0.5235031247138977,0,2
2315,115,1750,540,0.4363705813884735,0,2
2316,115,1750,320,0.47869986295700073,0,2
2317,115,1750,1968,0.4828948676586151,0,2
2318,115,1750,807,0.4964886009693146,0,2
2319,115,1750,1296,0.4932461678981781,0,2
2320,116,3923,821,0.43843212723731995,1,14
2321,116,3923,847,0.5565837025642395,0,14
2322,116,3923,1907,0.5447230339050293,0,14
2323,116,3923,1595,0.48113664984703064,0,14
2324,116,3923,369,0.4320710599422455,0,14
2325,116,3923,29,0.45048049092292786,0,14
2326,116,3923,830,0.43775781989097595,0,14
2327,116,3923,1279,0.4296324551105499,0,14
2328,116,3923,305,0.4437630772590637,0,14
2329,116,3923,918,0.552121102809906,0,14
2330,116,3923,836,0.5403509736061096,0,14
2331,116,3923,1380,0.4708659052848816,0,14
2332,116,3923,2037,0.5361915230751038,0,14
2333,116,3923,1967,0.4410333037376404,0,14
2334,116,3923,360,0.5235075950622559,0,14
2335,116,3923,1846,0.4093322455883026,0,14
2336,116,3923,1107,0.42415204644203186,0,14
2337,116,3923,1377,0.5325252413749695,0,14
2338,116,3923,1357,0.44893407821655273,0,14
2339,116,3923,1953,0.41692179441452026,0,14
2340,117,3732,594,0.4541540741920471,1,14
2341,117,3732,1952,0.49423983693122864,0,14
2342,117,3732,1370,0.46355459094047546,0,14
2343,117,3732,1976,0.5213271379470825,0,14
2344,117,3732,211,0.44130343198776245,0,14
2345,117,3732,489,0.4732072949409485,0,14
2346,117,3732,777,0.4485531747341156,0,14
2347,117,3732,735,0.4775678813457489,0,14
2348,117,3732,1141,0.49404585361480713,0,14
2349,117,3732,1589,0.4589167535305023,0,14
2350,117,3732,2049,0.4857066869735718,0,14
2351,117,3732,1682,0.4693262577056885,0,14
2352,117,3732,916,0.5071629285812378,0,14
2353,117,3732,1573,0.5031509399414062,0,14
2354,117,3732,928,0.43220144510269165,0,14
2355,117,3732,1447,0.37854763865470886,0,14
2356,117,3732,1375,0.45058366656303406,0,14
2357,117,3732,1224,0.3688766062259674,0,14
2358,117,3732,1780,0.49172598123550415,0,14
2359,117,3732,1046,0.46625280380249023,0,14
2360,118,1414,1184,0.5145594477653503,1,10
2361,118,1414,1482,0.5286402702331543,0,10
2362,118,1414,281,0.5091619491577148,0,10
2363,118,1414,999,0.5058535933494568,0,10
2364,118,1414,682,0.5456252098083496,0,10
2365,118,1414,573,0.5081519484519958,0,10
2366,118,1414,659,0.5503174662590027,0,10
2367,118,1414,1569,0.5058361291885376,0,10
2368,118,1414,1452,0.5111509561538696,0,10
2369,118,1414,171,0.5619729161262512,0,10
2370,118,1414,1620,0.6723379492759705,0,10
2371,118,1414,1475,0.5417512059211731,0,10
2372,118,1414,1756,0.5095954537391663,0,10
2373,118,1414,273,0.5115628838539124,0,10
2374,118,1414,2068,0.39245977997779846,0,10
2375,118,1414,1721,0.5679243803024292,0,10
2376,118,1414,1692,0.5533182621002197,0,10
2377,118,1414,1239,0.5160875916481018,0,10
2378,118,1414,49,0.47335687279701233,0,10
2379,118,1414,987,0.5012720823287964,0,10
2380,119,3130,527,0.5730608701705933,1,8
2381,119,3130,2040,0.39021724462509155,0,8
2382,119,3130,1548,0.45050740242004395,0,8
2383,119,3130,1866,0.44541680812835693,0,8
2384,119,3130,1786,0.5792319178581238,0,8
2385,119,3130,613,0.48678910732269287,0,8
2386,119,3130,1288,0.5689993500709534,0,8
2387,119,3130,1667,0.4576839506626129,0,8
2388,119,3130,1403,0.6038491129875183,0,8
2389,119,3130,911,0.5489897131919861,0,8
2390,119,3130,556,0.5805968046188354,0,8
2391,119,3130,1572,0.5886696577072144,0,8
2392,119,3130,9,0.5466136336326599,0,8
2393,119,3130,1658,0.4048822522163391,0,8
2394,119,3130,1743,0.6045213341712952,0,8
2395,119,3130,2042,0.5570506453514099,0,8
2396,119,3130,2027,0.5845046043395996,0,8
2397,119,3130,1226,0.5617326498031616,0,8
2398,119,3130,949,0.561879575252533,0,8
2399,119,3130,305,0.5860359072685242,0,8
2400,120,3777,1945,0.584307074546814,1,15
2401,120,3777,470,0.6216961145401001,0,15
2402,120,3777,1765,0.638572096824646,0,15
2403,120,3777,1326,0.57823646068573,0,15
2404,120,3777,1591,0.599415123462677,0,15
2405,120,3777,1570,0.5619962811470032,0,15
2406,120,3777,693,0.5941949486732483,0,15
2407,120,3777,1909,0.5817341208457947,0,15
2408,120,3777,214,0.5711801052093506,0,15
2409,120,3777,1800,0.648156464099884,0,15
2410,120,3777,1349,0.5393845438957214,0,15
2411,120,3777,518,0.6214278340339661,0,15
2412,120,3777,1523,0.6565558910369873,0,15
2413,120,3777,45,0.5881329774856567,0,15
2414,120,3777,1152,0.5947299003601074,0,15
2415,120,3777,1600,0.6492674350738525,0,15
2416,120,3777,784,0.6276487112045288,0,15
2417,120,3777,698,0.6291900873184204,0,15
2418,120,3777,1401,0.6488112807273865,0,15
2419,120,3777,928,0.6657150983810425,0,15
2420,121,3542,1152,0.5453160405158997,1,9
2421,121,3542,1794,0.5254766345024109,0,9
2422,121,3542,166,0.5357212424278259,0,9
2423,121,3542,1248,0.4310307800769806,0,9
2424,121,3542,1081,0.538262665271759,0,9
2425,121,3542,238,0.41421958804130554,0,9
2426,121,3542,1075,0.5363603830337524,0,9
2427,121,3542,1736,0.5709977746009827,0,9
2428,121,3542,1946,0.5155201554298401,0,9
2429,121,3542,2074,0.5330518484115601,0,9
2430,121,3542,662,0.5523735284805298,0,9
2431,121,3542,2011,0.5542027354240417,0,9
2432,121,3542,1753,0.549879252910614,0,9
2433,121,3542,1963,0.535294234752655,0,9
2434,121,3542,79,0.5322199463844299,0,9
2435,121,3542,1067,0.5716216564178467,0,9
2436,121,3542,1607,0.5786123275756836,0,9
2437,121,3542,32,0.5419812202453613,0,9
2438,121,3542,627,0.5476991534233093,0,9
2439,121,3542,321,0.5618029832839966,0,9
2440,122,2004,1231,0.534060001373291,1,17
2441,122,2004,2005,0.5634351968765259,0,17
2442,122,2004,442,0.5392032265663147,0,17
2443,122,2004,1860,0.4004439115524292,0,17
2444,122,2004,147,0.5401241183280945,0,17
2445,122,2004,77,0.5383469462394714,0,17
2446,122,2004,192,0.544697642326355,0,17
2447,122,2004,548,0.5237293839454651,0,17
2448,122,2004,1372,0.5594934821128845,0,17
2449,122,2004,549,0.5519654154777527,0,17
2450,122,2004,1628,0.5525144338607788,0,17
2451,122,2004,1737,0.5427213311195374,0,17
2452,122,2004,1985,0.5755172967910767,0,17
2453,122,2004,552,0.4839264154434204,0,17
2454,122,2004,1464,0.5739995241165161,0,17
2455,122,2004,1988,0.5380256175994873,0,17
2456,122,2004,144,0.538451075553894,0,17
2457,122,2004,1713,0.5874439477920532,0,17
2458,122,2004,1816,0.545350193977356,0,17
2459,122,2004,2047,0.5535722374916077,0,17
2460,123,2557,1521,0.46631190180778503,1,17
2461,123,2557,1601,0.5516837239265442,0,17
2462,123,2557,1983,0.5670523643493652,0,17
2463,123,2557,1698,0.5322401523590088,0,17
2464,123,2557,1697,0.5451235175132751,0,17
2465,123,2557,338,0.5569428205490112,0,17
2466,123,2557,778,0.444672554731369,0,17
2467,123,2557,1194,0.5541349649429321,0,17
2468,123,2557,263,0.5573763847351074,0,17
2469,123,2557,907,0.5489533543586731,0,17
2470,123,2557,762,0.5859930515289307,0,17
2471,123,2557,571,0.5463018417358398,0,17
2472,123,2557,465,0.5445599555969238,0,17
2473,123,2557,35,0.5513176321983337,0,17
2474,123,2557,345,0.44799619913101196,0,17
2475,123,2557,483,0.43870043754577637,0,17
2476,123,2557,989,0.5060802102088928,0,17
2477,123,2557,138,0.5300761461257935,0,17
2478,123,2557,207,0.5532534718513489,0,17
2479,123,2557,32,0.5419121980667114,0,17
2480,124,3768,976,0.5392352342605591,1,19
2481,124,3768,446,0.6573439240455627,0,19
2482,124,3768,1698,0.644028902053833,0,19
2483,124,3768,1123,0.3963892161846161,0,19
2484,124,3768,1031,0.7149103283882141,0,19
2485,124,3768,636,0.6597687005996704,0,19
2486,124,3768,1544,0.6234837174415588,0,19
2487,124,3768,253,0.7008782029151917,0,19
2488,124,3768,525,0.6407479643821716,0,19
2489,124,3768,1573,0.6435741186141968,0,19
2490,124,3768,1110,0.8248211741447449,0,19
2491,124,3768,703,0.7614169716835022,0,19
2492,124,3768,1109,0.6023136973381042,0,19
2493,124,3768,1485,0.6771799325942993,0,19
2494,124,3768,912,0.7985346913337708,0,19
2495,124,3768,694,0.6723496317863464,0,19
2496,124,3768,1133,0.7601718902587891,0,19
2497,124,3768,839,0.7340407967567444,0,19
2498,124,3768,1195,0.7231731414794922,0,19
2499,124,3768,1687,0.7998082637786865,0,19
2500,125,3957,1988,0.5370833873748779,1,13
2501,125,3957,1570,0.5499237775802612,0,13
2502,125,3957,1828,0.521974503993988,0,13
2503,125,3957,217,0.5668677091598511,0,13
2504,125,3957,1500,0.5882758498191833,0,13
2505,125,3957,1844,0.39939287304878235,0,13
2506,125,3957,609,0.5452653169631958,0,13
2507,125,3957,1177,0.564561128616333,0,13
2508,125,3957,1778,0.557909369468689,0,13
2509,125,3957,1528,0.46740129590034485,0,13
2510,125,3957,1447,0.3531838357448578,0,13
2511,125,3957,591,0.5523815155029297,0,13
2512,125,3957,2056,0.5344105362892151,0,13
2513,125,3957,1605,0.5512079000473022,0,13
2514,125,3957,446,0.533460259437561,0,13
2515,125,3957,1912,0.5543080568313599,0,13
2516,125,3957,1895,0.5712258219718933,0,13
2517,125,3957,1330,0.5468171238899231,0,13
2518,125,3957,347,0.533797562122345,0,13
2519,125,3957,1334,0.5594850182533264,0,13
2520,126,4113,178,0.5668575167655945,1,10
2521,126,4113,366,0.6257470846176147,0,10
2522,126,4113,1456,0.42297083139419556,0,10
2523,126,4113,1588,0.5664856433868408,0,10
2524,126,4113,1140,0.5684205889701843,0,10
2525,126,4113,350,0.5805578231811523,0,10
2526,126,4113,1087,0.5933847427368164,0,10
2527,126,4113,1073,0.5644260048866272,0,10
2528,126,4113,823,0.5285969376564026,0,10
2529,126,4113,1334,0.599814236164093,0,10
2530,126,4113,575,0.5532011389732361,0,10
2531,126,4113,360,0.5568487048149109,0,10
2532,126,4113,7,0.5517441034317017,0,10
2533,126,4113,1805,0.5508313775062561,0,10
2534,126,4113,1849,0.5689479112625122,0,10
2535,126,4113,1568,0.5659027695655823,0,10
2536,126,4113,635,0.5773537158966064,0,10
2537,126,4113,1027,0.5814563632011414,0,10
2538,126,4113,898,0.5698688626289368,0,10
2539,126,4113,1257,0.45360490679740906,0,10
2540,127,2122,1689,0.353364497423172,1,20
2541,127,2122,1170,0.39604830741882324,0,20
2542,127,2122,676,0.6067965030670166,0,20
2543,127,2122,1640,0.5006716251373291,0,20
2544,127,2122,1501,0.6338931322097778,0,20
2545,127,2122,749,0.630548894405365,0,20
2546,127,2122,1782,0.6673463582992554,0,20
2547,127,2122,390,0.6226884126663208,0,20
2548,127,2122,1353,0.6462074518203735,0,20
2549,127,2122,669,0.5897815227508545,0,20
2550,127,2122,779,0.6478896141052246,0,20
2551,127,2122,592,0.6744415163993835,0,20
2552,127,2122,1056,0.6445189714431763,0,20
2553,127,2122,2063,0.5740976333618164,0,20
2554,127,2122,1335,0.6504740118980408,0,20
2555,127,2122,750,0.5870120525360107,0,20
2556,127,2122,1862,0.5636394619941711,0,20
2557,127,2122,870,0.593335747718811,0,20
2558,127,2122,1240,0.6207315325737,0,20
2559,127,2122,732,0.5949822068214417,0,20
2560,128,3859,1233,0.639488697052002,1,12
2561,128,3859,1406,0.6756545305252075,0,12
2562,128,3859,1490,0.7338863611221313,0,12
2563,128,3859,998,0.7306702733039856,0,12
2564,128,3859,977,0.8251886367797852,0,12
2565,128,3859,1913,0.4538308084011078,0,12
2566,128,3859,330,0.40014320611953735,0,12
2567,128,3859,462,0.5304761528968811,0,12
2568,128,3859,984,0.7111106514930725,0,12
2569,128,3859,1519,0.2894917130470276,0,12
2570,128,3859,89,0.6625260710716248,0,12
2571,128,3859,169,0.659999668598175,0,12
2572,128,3859,920,0.7359011173248291,0,12
2573,128,3859,1880,0.7883983254432678,0,12
2574,128,3859,661,0.4204992353916168,0,12
2575,128,3859,1325,0.5516607165336609,0,12
2576,128,3859,1930,0.6697686910629272,0,12
2577,128,3859,580,0.8032419681549072,0,12
2578,128,3859,824,0.5372956991195679,0,12
2579,128,3859,1020,0.4146276116371155,0,12
2580,129,3743,1438,0.6450489163398743,1,8
2581,129,3743,836,0.4711390435695648,0,8
2582,129,3743,85,0.7006393074989319,0,8
2583,129,3743,1621,0.6320194005966187,0,8
2584,129,3743,1702,0.6829790472984314,0,8
2585,129,3743,918,0.4792688488960266,0,8
2586,129,3743,1514,0.726859986782074,0,8
2587,129,3743,1802,0.48971304297447205,0,8
2588,129,3743,608,0.5903146862983704,0,8
2589,129,3743,1084,0.6147896647453308,0,8
2590,129,3743,556,0.6949987411499023,0,8
2591,129,3743,1313,0.731278121471405,0,8
2592,129,3743,1995,0.31386318802833557,0,8
2593,129,3743,547,0.6052428483963013,0,8
2594,129,3743,1732,0.3646225333213806,0,8
2595,129,3743,192,0.5669198036193848,0,8
2596,129,3743,2033,0.600906252861023,0,8
2597,129,3743,1562,0.6855109333992004,0,8
2598,129,3743,1015,0.7219772338867188,0,8
2599,129,3743,123,0.4164336621761322,0,8
2600,130,200,654,0.49765634536743164,1,15
2601,130,200,716,0.5413587093353271,0,15
2602,130,200,970,0.5284364819526672,0,15
2603,130,200,1393,0.4926416873931885,0,15
2604,130,200,899,0.520592987537384,0,15
2605,130,200,1938,0.5280115604400635,0,15
2606,130,200,1237,0.518251359462738,0,15
2607,130,200,1155,0.5437816381454468,0,15
2608,130,200,810,0.5217154026031494,0,15
2609,130,200,1995,0.34028300642967224,0,15
2610,130,200,1542,0.524301290512085,0,15
2611,130,200,2048,0.5196233987808228,0,15
2612,130,200,1157,0.3683822751045227,0,15
2613,130,200,839,0.5380757451057434,0,15
2614,130,200,313,0.5029516816139221,0,15
2615,130,200,261,0.5432248711585999,0,15
2616,130,200,1516,0.4326985776424408,0,15
2617,130,200,529,0.38360175490379333,0,15
2618,130,200,323,0.5354828238487244,0,15
2619,130,200,1305,0.515654444694519,0,15
2620,131,3110,1693,0.6705014109611511,1,2
2621,131,3110,1961,0.11909916996955872,0,2
2622,131,3110,7,0.4673469066619873,0,2
2623,131,3110,731,0.1780540496110916,0,2
2624,131,3110,1803,0.09741789102554321,0,2
2625,131,3110,846,0.08281504362821579,0,2
2626,131,3110,291,0.2053697407245636,0,2
2627,131,3110,13,0.5943218469619751,0,2
2628,131,3110,411,0.08314062654972076,0,2
2629,131,3110,206,0.06885883957147598,0,2
2630,131,3110,493,0.42673298716545105,0,2
2631,131,3110,180,0.0658443495631218,0,2
2632,131,3110,1969,0.058602720499038696,0,2
2633,131,3110,1230,0.11495648324489594,0,2
2634,131,3110,469,0.3554208278656006,0,2
2635,131,3110,450,0.191436305642128,0,2
2636,131,3110,427,0.669563889503479,0,2
2637,131,3110,482,0.8006951808929443,0,2
2638,131,3110,1078,0.13349401950836182,0,2
2639,131,3110,240,0.1542537957429886,0,2
2640,132,196,1150,0.3316271901130676,1,20
2641,132,196,1997,0.5540863275527954,0,20
2642,132,196,1630,0.5694191455841064,0,20
2643,132,196,41,0.5036216378211975,0,20
2644,132,196,262,0.43304240703582764,0,20
2645,132,196,528,0.5598798990249634,0,20
2646,132,196,1286,0.5436130166053772,0,20
2647,132,196,1237,0.5408599376678467,0,20
2648,132,196,2040,0.4083442986011505,0,20
2649,132,196,1699,0.5422207713127136,0,20
2650,132,196,1896,0.5706378817558289,0,20
2651,132,196,368,0.5739425420761108,0,20
2652,132,196,562,0.5662170648574829,0,20
2653,132,196,474,0.534227728843689,0,20
2654,132,196,289,0.543975293636322,0,20
2655,132,196,33,0.537849485874176,0,20
2656,132,196,215,0.5427109003067017,0,20
2657,132,196,1723,0.3925801217556,0,20
2658,132,196,369,0.3887288272380829,0,20
2659,132,196,973,0.5658383965492249,0,20
2660,133,3171,327,0.47109174728393555,1,20
2661,133,3171,1933,0.509219765663147,0,20
2662,133,3171,716,0.5315628051757812,0,20
2663,133,3171,207,0.5430741310119629,0,20
2664,133,3171,848,0.4962661564350128,0,20
2665,133,3171,1772,0.5333176851272583,0,20
2666,133,3171,870,0.5008463263511658,0,20
2667,133,3171,620,0.48799440264701843,0,20
2668,133,3171,344,0.4782682955265045,0,20
2669,133,3171,1879,0.5417176485061646,0,20
2670,133,3171,1074,0.5024261474609375,0,20
2671,133,3171,1,0.5306568741798401,0,20
2672,133,3171,991,0.5230499505996704,0,20
2673,133,3171,135,0.5127342343330383,0,20
2674,133,3171,911,0.5453435182571411,0,20
2675,133,3171,1323,0.7312567830085754,0,20
2676,133,3171,1851,0.5399633646011353,0,20
2677,133,3171,635,0.5163013935089111,0,20
2678,133,3171,900,0.5224885940551758,0,20
2679,133,3171,1371,0.5379613041877747,0,20
2680,134,3874,119,0.6963105201721191,1,12
2681,134,3874,318,0.777030885219574,0,12
2682,134,3874,1885,0.7213128805160522,0,12
2683,134,3874,1850,0.6613994836807251,0,12
2684,134,3874,299,0.7136062383651733,0,12
2685,134,3874,498,0.7679645419120789,0,12
2686,134,3874,2071,0.7678078413009644,0,12
2687,134,3874,1657,0.5406731963157654,0,12
2688,134,3874,162,0.752101480960846,0,12
2689,134,3874,1263,0.7554294466972351,0,12
2690,134,3874,805,0.5264273285865784,0,12
2691,134,3874,19,0.7013324499130249,0,12
2692,134,3874,389,0.5700178146362305,0,12
2693,134,3874,358,0.8141737580299377,0,12
2694,134,3874,1894,0.4721980690956116,0,12
2695,134,3874,638,0.7835057377815247,0,12
2696,134,3874,469,0.3281732201576233,0,12
2697,134,3874,1652,0.7700216770172119,0,12
2698,134,3874,1092,0.3930896818637848,0,12
2699,134,3874,1844,0.2832449972629547,0,12
2700,135,560,1349,0.531924307346344,1,1
2701,135,560,1273,0.4321165978908539,0,1
2702,135,560,785,0.44351598620414734,0,1
2703,135,560,1587,0.45985838770866394,0,1
2704,135,560,135,0.43133482336997986,0,1
2705,135,560,873,0.47464069724082947,0,1
2706,135,560,1361,0.4860798120498657,0,1
2707,135,560,448,0.49934959411621094,0,1
2708,135,560,1831,0.4389617443084717,0,1
2709,135,560,1583,0.4390794336795807,0,1
2710,135,560,1895,0.45970210433006287,0,1
2711,135,560,1033,0.5263589024543762,0,1
2712,135,560,1524,0.44839778542518616,0,1
2713,135,560,817,0.4575798511505127,0,1
2714,135,560,800,0.40836095809936523,0,1
2715,135,560,1679,0.4633388817310333,0,1
2716,135,560,1506,0.4395037591457367,0,1
2717,135,560,1610,0.40768417716026306,0,1
2718,135,560,492,0.4611043632030487,0,1
2719,135,560,517,0.4154318571090698,0,1
2720,136,240,1323,0.7481389045715332,1,1
2721,136,240,513,0.5679188370704651,0,1
2722,136,240,1310,0.4810877740383148,0,1
2723,136,240,1329,0.17475789785385132,0,1
2724,136,240,2006,0.5129631161689758,0,1
2725,136,240,1406,0.33485907316207886,0,1
2726,136,240,414,0.2998882830142975,0,1
2727,136,240,2032,0.2530519664287567,0,1
2728,136,240,990,0.40168631076812744,0,1
2729,136,240,1739,0.4775184094905853,0,1
2730,136,240,125,0.2838348150253296,0,1
2731,136,240,766,0.353473961353302,0,1
2732,136,240,1464,0.30400046706199646,0,1
2733,136,240,1057,0.34231996536254883,0,1
2734,136,240,337,0.5410922765731812,0,1
2735,136,240,1283,0.3500434160232544,0,1
2736,136,240,1450,0.4658129811286926,0,1
2737,136,240,1881,0.569585382938385,0,1
2738,136,240,229,0.5583174228668213,0,1
2739,136,240,986,0.32542645931243896,0,1
2740,137,4047,937,0.6820657253265381,1,14
2741,137,4047,1903,0.7105169892311096,0,14
2742,137,4047,703,0.7614747285842896,0,14
2743,137,4047,1312,0.331906795501709,0,14
2744,137,4047,1887,0.7860289812088013,0,14
2745,137,4047,1244,0.7751146554946899,0,14
2746,137,4047,920,0.7660669684410095,0,14
2747,137,4047,1074,0.805974543094635,0,14
2748,137,4047,632,0.6890353560447693,0,14
2749,137,4047,953,0.5024954080581665,0,14
2750,137,4047,883,0.449769526720047,0,14
2751,137,4047,1930,0.6931948661804199,0,14
2752,137,4047,1022,0.7958394885063171,0,14
2753,137,4047,843,0.690335214138031,0,14
2754,137,4047,96,0.7807046175003052,0,14
2755,137,4047,1963,0.5302679538726807,0,14
2756,137,4047,1124,0.40582314133644104,0,14
2757,137,4047,411,0.7403550744056702,0,14
2758,137,4047,1005,0.8111888766288757,0,14
2759,137,4047,1361,0.4417766034603119,0,14
2760,138,1423,764,0.518343985080719,1,12
2761,138,1423,17,0.5427448749542236,0,12
2762,138,1423,1113,0.521213173866272,0,12
2763,138,1423,682,0.5381984114646912,0,12
2764,138,1423,956,0.5166505575180054,0,12
2765,138,1423,955,0.5270882248878479,0,12
2766,138,1423,1388,0.5267602205276489,0,12
2767,138,1423,222,0.5344051122665405,0,12
2768,138,1423,385,0.5288501381874084,0,12
2769,138,1423,1795,0.5042339563369751,0,12
2770,138,1423,1146,0.5018036365509033,0,12
2771,138,1423,469,0.3229905068874359,0,12
2772,138,1423,1586,0.5249037742614746,0,12
2773,138,1423,1545,0.5026026964187622,0,12
2774,138,1423,829,0.5233665108680725,0,12
2775,138,1423,1530,0.5357473492622375,0,12
2776,138,1423,1469,0.5092321634292603,0,12
2777,138,1423,761,0.5111578702926636,0,12
2778,138,1423,886,0.5297912955284119,0,12
2779,138,1423,1507,0.4652060270309448,0,12
2780,139,2276,1105,0.5767574906349182,1,13
2781,139,2276,769,0.6168192028999329,0,13
2782,139,2276,162,0.5947535037994385,0,13
2783,139,2276,2031,0.6009313464164734,0,13
2784,139,2276,897,0.5776593089103699,0,13
2785,139,2276,1629,0.5689975619316101,0,13
2786,139,2276,1920,0.6172040700912476,0,13
2787,139,2276,91,0.5367475748062134,0,13
2788,139,2276,1699,0.5535520315170288,0,13
2789,139,2276,2035,0.6046569347381592,0,13
2790,139,2276,315,0.5940486788749695,0,13
2791,139,2276,229,0.4867262840270996,0,13
2792,139,2276,674,0.6135643124580383,0,13
2793,139,2276,1693,0.4684958755970001,0,13
2794,139,2276,736,0.5850157141685486,0,13
2795,139,2276,71,0.4355217218399048,0,13
2796,139,2276,1506,0.5773954391479492,0,13
2797,139,2276,755,0.5984629392623901,0,13
2798,139,2276,1970,0.6340031027793884,0,13
2799,139,2276,166,0.5728722214698792,0,13
2800,140,928,1877,0.503797173500061,1,3
2801,140,928,1578,0.4501895010471344,0,3
2802,140,928,120,0.4626021981239319,0,3
2803,140,928,294,0.4037347137928009,0,3
2804,140,928,193,0.4135780334472656,0,3
2805,140,928,1935,0.37943100929260254,0,3
2806,140,928,43,0.435139000415802,0,3
2807,140,928,1601,0.40667349100112915,0,3
2808,140,928,425,0.4403518736362457,0,3
2809,140,928,490,0.493226557970047,0,3
2810,140,928,833,0.3666929304599762,0,3
2811,140,928,1791,0.46202459931373596,0,3
2812,140,928,1985,0.3867902457714081,0,3
2813,140,928,1467,0.37991419434547424,0,3
2814,140,928,871,0.5291770696640015,0,3
2815,140,928,1282,0.5342491865158081,0,3
2816,140,928,87,0.4175293743610382,0,3
2817,140,928,2011,0.4048817753791809,0,3
2818,140,928,1237,0.4514906704425812,0,3
2819,140,928,1070,0.4110717475414276,0,3
2820,141,29,390,0.467351496219635,1,16
2821,141,29,1920,0.46239757537841797,0,16
2822,141,29,1561,0.5226109027862549,0,16
2823,141,29,635,0.48025158047676086,0,16
2824,141,29,1125,0.516751229763031,0,16
2825,141,29,1857,0.4678499102592468,0,16
2826,141,29,416,0.44881340861320496,0,16
2827,141,29,1751,0.4931362271308899,0,16
2828,141,29,443,0.4911901354789734,0,16
2829,141,29,708,0.46650174260139465,0,16
2830,141,29,1553,0.5339329242706299,0,16
2831,141,29,1976,0.5219172835350037,0,16
2832,141,29,733,0.5297282934188843,0,16
2833,141,29,767,0.47222837805747986,0,16
2834,141,29,1671,0.4522160589694977,0,16
2835,141,29,1686,0.5094539523124695,0,16
2836,141,29,1035,0.5283201932907104,0,16
2837,141,29,242,0.4710853695869446,0,16
2838,141,29,170,0.48586809635162354,0,16
2839,141,29,1482,0.4814346730709076,0,16
2840,142,3936,1324,0.6229809522628784,1,14
2841,142,3936,1603,0.6284881234169006,0,14
2842,142,3936,122,0.36237308382987976,0,14
2843,142,3936,201,0.6341537237167358,0,14
2844,142,3936,2076,0.7173970341682434,0,14
2845,142,3936,358,0.7165579795837402,0,14
2846,142,3936,1216,0.6805523037910461,0,14
2847,142,3936,919,0.4195246994495392,0,14
2848,142,3936,127,0.6675723791122437,0,14
2849,142,3936,1162,0.6129269599914551,0,14
2850,142,3936,1561,0.4580291509628296,0,14
2851,142,3936,751,0.6327593922615051,0,14
2852,142,3936,1681,0.664193868637085,0,14
2853,142,3936,36,0.621042013168335,0,14
2854,142,3936,787,0.638978898525238,0,14
2855,142,3936,1737,0.63772052526474,0,14
2856,142,3936,1936,0.29578617215156555,0,14
2857,142,3936,782,0.7013452053070068,0,14
2858,142,3936,813,0.6713891625404358,0,14
2859,142,3936,1520,0.6517639756202698,0,14
2860,143,556,1796,0.609018087387085,1,5
2861,143,556,706,0.016305452212691307,0,5
2862,143,556,1399,0.7472865581512451,0,5
2863,143,556,1291,0.025768734514713287,0,5
2864,143,556,777,0.02925114519894123,0,5
2865,143,556,1880,0.018669240176677704,0,5
2866,143,556,1903,0.0803457722067833,0,5
2867,143,556,439,0.7488856315612793,0,5
2868,143,556,808,0.6420693397521973,0,5
2869,143,556,1487,0.0749453604221344,0,5
2870,143,556,2023,0.08493192493915558,0,5
2871,143,556,14,0.022701280191540718,0,5
2872,143,556,870,0.14648626744747162,0,5
2873,143,556,1936,0.5706090331077576,0,5
2874,143,556,1318,0.30007481575012207,0,5
2875,143,556,523,0.576833963394165,0,5
2876,143,556,1567,0.6035841107368469,0,5
2877,143,556,1738,0.07927405834197998,0,5
2878,143,556,1120,0.796359658241272,0,5
2879,143,556,801,0.5734379291534424,0,5
2880,144,328,1703,0.3215769827365875,1,20
2881,144,328,803,0.46484386920928955,0,20
2882,144,328,2069,0.5057386159896851,0,20
2883,144,328,298,0.5416690111160278,0,20
2884,144,328,1891,0.5413982272148132,0,20
2885,144,328,1545,0.49673551321029663,0,20
2886,144,328,343,0.5085537433624268,0,20
2887,144,328,1555,0.524185299873352,0,20
2888,144,328,1424,0.522834062576294,0,20
2889,144,328,1992,0.5131434798240662,0,20
2890,144,328,661,0.4613054096698761,0,20
2891,144,328,1619,0.5206277370452881,0,20
2892,144,328,707,0.49889054894447327,0,20
2893,144,328,1348,0.5234481692314148,0,20
2894,144,328,23,0.4956852197647095,0,20
2895,144,328,471,0.5061025619506836,0,20
2896,144,328,92,0.5085563659667969,0,20
2897,144,328,1322,0.5488874316215515,0,20
2898,144,328,335,0.4887598156929016,0,20
2899,144,328,692,0.5191737413406372,0,20
2900,145,1156,1850,0.5375596284866333,1,3
2901,145,1156,138,0.5059528350830078,0,3
2902,145,1156,940,0.5187293887138367,0,3
2903,145,1156,276,0.5239519476890564,0,3
2904,145,1156,1833,0.5180330276489258,0,3
2905,145,1156,1844,0.4287082552909851,0,3
2906,145,1156,388,0.5157487392425537,0,3
2907,145,1156,1289,0.5421233177185059,0,3
2908,145,1156,1694,0.44131502509117126,0,3
2909,145,1156,1271,0.5225200653076172,0,3
2910,145,1156,624,0.38762685656547546,0,3
2911,145,1156,128,0.5044100284576416,0,3
2912,145,1156,1152,0.5235730409622192,0,3
2913,145,1156,1323,0.5473887920379639,0,3
2914,145,1156,1031,0.5105975866317749,0,3
2915,145,1156,193,0.40653881430625916,0,3
2916,145,1156,1672,0.5057862401008606,0,3
2917,145,1156,969,0.5319915413856506,0,3
2918,145,1156,1861,0.5226585865020752,0,3
2919,145,1156,124,0.5009642243385315,0,3
2920,146,4099,252,0.626044511795044,1,13
2921,146,4099,134,0.7072259187698364,0,13
2922,146,4099,1076,0.49065008759498596,0,13
2923,146,4099,1386,0.6872115135192871,0,13
2924,146,4099,729,0.6402052044868469,0,13
2925,146,4099,2069,0.61666339635849,0,13
2926,146,4099,1839,0.6521652340888977,0,13
2927,146,4099,1363,0.7107523679733276,0,13
2928,146,4099,256,0.4365684986114502,0,13
2929,146,4099,475,0.37877804040908813,0,13
2930,146,4099,1752,0.5730615258216858,0,13
2931,146,4099,1831,0.7099272012710571,0,13
2932,146,4099,1753,0.6733489632606506,0,13
2933,146,4099,1126,0.7028999924659729,0,13
2934,146,4099,721,0.6933804154396057,0,13
2935,146,4099,1916,0.5905047059059143,0,13
2936,146,4099,481,0.6884847283363342,0,13
2937,146,4099,178,0.6323745846748352,0,13
2938,146,4099,446,0.6066106557846069,0,13
2939,146,4099,739,0.6345822811126709,0,13
2940,147,1821,805,0.5593016147613525,1,2
2941,147,1821,1864,0.32898563146591187,0,2
2942,147,1821,317,0.36092591285705566,0,2
2943,147,1821,352,0.5052837133407593,0,2
2944,147,1821,989,0.526157557964325,0,2
2945,147,1821,1957,0.44864019751548767,0,2
2946,147,1821,641,0.44768229126930237,0,2
2947,147,1821,1371,0.4386633634567261,0,2
2948,147,1821,983,0.4750833809375763,0,2
2949,147,1821,1079,0.5365752577781677,0,2
2950,147,1821,752,0.3718966543674469,0,2
2951,147,1821,433,0.5771625638008118,0,2
2952,147,1821,362,0.3835340440273285,0,2
2953,147,1821,1431,0.3776840269565582,0,2
2954,147,1821,1332,0.26635244488716125,0,2
2955,147,1821,1966,0.5402404069900513,0,2
2956,147,1821,1760,0.5105517506599426,0,2
2957,147,1821,2050,0.4744185507297516,0,2
2958,147,1821,1618,0.4790046811103821,0,2
2959,147,1821,182,0.42026832699775696,0,2
2960,148,436,655,0.3747028112411499,1,20
2961,148,436,839,0.6284986734390259,0,20
2962,148,436,1191,0.6176885366439819,0,20
2963,148,436,1895,0.6455416083335876,0,20
2964,148,436,1894,0.494340717792511,0,20
2965,148,436,1461,0.683142900466919,0,20
2966,148,436,1720,0.5559265613555908,0,20
2967,148,436,1260,0.5719149112701416,0,20
2968,148,436,1617,0.44325995445251465,0,20
2969,148,436,1118,0.5986937880516052,0,20
2970,148,436,1054,0.6541674733161926,0,20
2971,148,436,508,0.39413875341415405,0,20
2972,148,436,1882,0.5957628488540649,0,20
2973,148,436,769,0.6658375859260559,0,20
2974,148,436,816,0.5306363105773926,0,20
2975,148,436,1866,0.44898414611816406,0,20
2976,148,436,1478,0.6409991383552551,0,20
2977,148,436,400,0.5943982601165771,0,20
2978,148,436,1832,0.4870889484882355,0,20
2979,148,436,664,0.6399312615394592,0,20
2980,149,964,549,0.5629710555076599,1,9
2981,149,964,959,0.5472281575202942,0,9
2982,149,964,455,0.4419953227043152,0,9
2983,149,964,156,0.5939793586730957,0,9
2984,149,964,16,0.5444809794425964,0,9
2985,149,964,302,0.5876311659812927,0,9
2986,149,964,1304,0.5500480532646179,0,9
2987,149,964,864,0.5699436664581299,0,9
2988,149,964,1379,0.4083680808544159,0,9
2989,149,964,1058,0.5706056356430054,0,9
2990,149,964,1919,0.5850804448127747,0,9
2991,149,964,2040,0.3895624279975891,0,9
2992,149,964,194,0.581810474395752,0,9
2993,149,964,973,0.5845085382461548,0,9
2994,149,964,480,0.5498805642127991,0,9
2995,149,964,1717,0.5447565317153931,0,9
2996,149,964,772,0.5501017570495605,0,9
2997,149,964,573,0.5770649313926697,0,9
2998,149,964,1698,0.5393012762069702,0,9
2999,149,964,601,0.5410861968994141,0,9
3000,150,1727,1843,0.47984302043914795,1,6
3001,150,1727,1464,0.3690538704395294,0,6
3002,150,1727,360,0.5053994059562683,0,6
3003,150,1727,781,0.39149320125579834,0,6
3004,150,1727,1912,0.4063717722892761,0,6
3005,150,1727,1185,0.4245914816856384,0,6
3006,150,1727,1350,0.3484553098678589,0,6
3007,150,1727,582,0.3337896466255188,0,6
3008,150,1727,918,0.575569212436676,0,6
3009,150,1727,535,0.4659513533115387,0,6
3010,150,1727,1798,0.39070644974708557,0,6
3011,150,1727,588,0.39776939153671265,0,6
3012,150,1727,1588,0.38832810521125793,0,6
3013,150,1727,1693,0.5427272915840149,0,6
3014,150,1727,347,0.4177432656288147,0,6
3015,150,1727,2058,0.37886351346969604,0,6
3016,150,1727,1074,0.3173891007900238,0,6
3017,150,1727,547,0.43173128366470337,0,6
3018,150,1727,10,0.530694305896759,0,6
3019,150,1727,67,0.5435216426849365,0,6
3020,151,948,77,0.7227562069892883,1,7
3021,151,948,1443,0.540453314781189,0,7
3022,151,948,807,0.7240269184112549,0,7
3023,151,948,704,0.8384160995483398,0,7
3024,151,948,1841,0.6923542022705078,0,7
3025,151,948,1860,0.3560166656970978,0,7
3026,151,948,1945,0.6795188784599304,0,7
3027,151,948,1598,0.7642577290534973,0,7
3028,151,948,1377,0.48387718200683594,0,7
3029,151,948,460,0.7897930145263672,0,7
3030,151,948,1739,0.45498043298721313,0,7
3031,151,948,386,0.6571799516677856,0,7
3032,151,948,2010,0.6889408826828003,0,7
3033,151,948,1453,0.7964208126068115,0,7
3034,151,948,1494,0.8080944418907166,0,7
3035,151,948,1379,0.3974462151527405,0,7
3036,151,948,767,0.714568555355072,0,7
3037,151,948,1025,0.6469203233718872,0,7
3038,151,948,1806,0.3357445299625397,0,7
3039,151,948,857,0.6819466352462769,0,7
3040,152,1081,231,0.4219244718551636,1,20
3041,152,1081,202,0.4417801797389984,0,20
3042,152,1081,534,0.5112466216087341,0,20
3043,152,1081,1108,0.5356194972991943,0,20
3044,152,1081,1592,0.4911481440067291,0,20
3045,152,1081,1614,0.503483235836029,0,20
3046,152,1081,2035,0.5061469674110413,0,20
3047,152,1081,522,0.48724377155303955,0,20
3048,152,1081,1774,0.4986795485019684,0,20
3049,152,1081,1155,0.49974745512008667,0,20
3050,152,1081,1852,0.5140039324760437,0,20
3051,152,1081,685,0.5048204064369202,0,20
3052,152,1081,2062,0.6274608969688416,0,20
3053,152,1081,924,0.4438585042953491,0,20
3054,152,1081,1144,0.46968814730644226,0,20
3055,152,1081,77,0.46613767743110657,0,20
3056,152,1081,277,0.5072484612464905,0,20
3057,152,1081,429,0.47575536370277405,0,20
3058,152,1081,1642,0.4773460924625397,0,20
3059,152,1081,474,0.5510191321372986,0,20
3060,153,1211,970,0.6305803656578064,1,8
3061,153,1211,521,0.639087975025177,0,8
3062,153,1211,643,0.5485888719558716,0,8
3063,153,1211,788,0.6130695343017578,0,8
3064,153,1211,10,0.3741266429424286,0,8
3065,153,1211,914,0.40677371621131897,0,8
3066,153,1211,2005,0.6326134204864502,0,8
3067,153,1211,2001,0.5958541035652161,0,8
3068,153,1211,2039,0.631424069404602,0,8
3069,153,1211,221,0.6737831830978394,0,8
3070,153,1211,952,0.6676633954048157,0,8
3071,153,1211,1307,0.6250373125076294,0,8
3072,153,1211,343,0.5818665623664856,0,8
3073,153,1211,130,0.6349319815635681,0,8
3074,153,1211,814,0.6006184816360474,0,8
3075,153,1211,890,0.6745858788490295,0,8
3076,153,1211,1838,0.548936128616333,0,8
3077,153,1211,201,0.6055757403373718,0,8
3078,153,1211,87,0.6132094264030457,0,8
3079,153,1211,1438,0.6147948503494263,0,8
3080,154,2051,431,0.5039204955101013,1,18
3081,154,2051,668,0.569347620010376,0,18
3082,154,2051,1920,0.6753278374671936,0,18
3083,154,2051,1984,0.6701714396476746,0,18
3084,154,2051,549,0.6076169013977051,0,18
3085,154,2051,812,0.6617704629898071,0,18
3086,154,2051,726,0.6274017095565796,0,18
3087,154,2051,1902,0.5936912894248962,0,18
3088,154,2051,51,0.6026553511619568,0,18
3089,154,2051,1818,0.388706773519516,0,18
3090,154,2051,244,0.5602460503578186,0,18
3091,154,2051,379,0.620050847530365,0,18
3092,154,2051,129,0.6542765498161316,0,18
3093,154,2051,924,0.4070730209350586,0,18
3094,154,2051,1585,0.5885732769966125,0,18
3095,154,2051,467,0.6090008616447449,0,18
3096,154,2051,259,0.5910946726799011,0,18
3097,154,2051,128,0.6142773032188416,0,18
3098,154,2051,997,0.6504519581794739,0,18
3099,154,2051,750,0.5875893831253052,0,18
3100,155,1207,1322,0.5472325086593628,1,14
3101,155,1207,1556,0.5474844574928284,0,14
3102,155,1207,307,0.5528056025505066,0,14
3103,155,1207,530,0.5295848250389099,0,14
3104,155,1207,639,0.5387237668037415,0,14
3105,155,1207,775,0.556394100189209,0,14
3106,155,1207,1328,0.5380884408950806,0,14
3107,155,1207,1398,0.5989441275596619,0,14
3108,155,1207,1145,0.5783292055130005,0,14
3109,155,1207,1863,0.5543801188468933,0,14
3110,155,1207,1323,0.45506271719932556,0,14
3111,155,1207,768,0.5779298543930054,0,14
3112,155,1207,1104,0.3780561685562134,0,14
3113,155,1207,2016,0.5863975286483765,0,14
3114,155,1207,558,0.5548220872879028,0,14
3115,155,1207,193,0.4051402807235718,0,14
3116,155,1207,974,0.5985575318336487,0,14
3117,155,1207,313,0.555534839630127,0,14
3118,155,1207,937,0.5525858402252197,0,14
3119,155,1207,721,0.5871719121932983,0,14
3120,156,1683,1597,0.45576241612434387,1,18
3121,156,1683,1300,0.5755372047424316,0,18
3122,156,1683,1670,0.5578891038894653,0,18
3123,156,1683,1101,0.5683532953262329,0,18
3124,156,1683,210,0.5345436334609985,0,18
3125,156,1683,301,0.4788207411766052,0,18
3126,156,1683,1118,0.5514275431632996,0,18
3127,156,1683,1454,0.544183075428009,0,18
3128,156,1683,571,0.5622082948684692,0,18
3129,156,1683,595,0.4932078421115875,0,18
3130,156,1683,283,0.559542179107666,0,18
3131,156,1683,1316,0.5771608948707581,0,18
3132,156,1683,1653,0.5786710977554321,0,18
3133,156,1683,700,0.33984464406967163,0,18
3134,156,1683,1231,0.5371558666229248,0,18
3135,156,1683,163,0.5817247033119202,0,18
3136,156,1683,335,0.4804934859275818,0,18
3137,156,1683,203,0.5766786932945251,0,18
3138,156,1683,464,0.5916372537612915,0,18
3139,156,1683,756,0.4115521311759949,0,18
3140,157,3007,484,0.669753909111023,1,12
3141,157,3007,830,0.7752541303634644,0,12
3142,157,3007,984,0.7382678389549255,0,12
3143,157,3007,83,0.7068542838096619,0,12
3144,157,3007,1850,0.6625232100486755,0,12
3145,157,3007,74,0.38589414954185486,0,12
3146,157,3007,1718,0.8083398938179016,0,12
3147,157,3007,1753,0.7475167512893677,0,12
3148,157,3007,266,0.7824891805648804,0,12
3149,157,3007,82,0.5721225142478943,0,12
3150,157,3007,2019,0.7818433046340942,0,12
3151,157,3007,612,0.6898574829101562,0,12
3152,157,3007,1086,0.7833626866340637,0,12
3153,157,3007,71,0.4012070596218109,0,12
3154,157,3007,373,0.4435582458972931,0,12
3155,157,3007,160,0.782474160194397,0,12
3156,157,3007,1160,0.3193303942680359,0,12
3157,157,3007,2000,0.6970953941345215,0,12
3158,157,3007,1492,0.5513731241226196,0,12
3159,157,3007,437,0.49800384044647217,0,12
3160,158,4023,1973,0.603013813495636,1,14
3161,158,4023,546,0.6698119044303894,0,14
3162,158,4023,1520,0.648249089717865,0,14
3163,158,4023,2056,0.6264566779136658,0,14
3164,158,4023,79,0.5323372483253479,0,14
3165,158,4023,1684,0.6663254499435425,0,14
3166,158,4023,608,0.5873126983642578,0,14
3167,158,4023,397,0.6104873418807983,0,14
3168,158,4023,691,0.6174498200416565,0,14
3169,158,4023,1644,0.5241395831108093,0,14
3170,158,4023,1074,0.7016159892082214,0,14
3171,158,4023,670,0.6783040761947632,0,14
3172,158,4023,648,0.5234513282775879,0,14
3173,158,4023,1131,0.7208894491195679,0,14
3174,158,4023,1626,0.6619240045547485,0,14
3175,158,4023,1151,0.6913315057754517,0,14
3176,158,4023,457,0.5800969004631042,0,14
3177,158,4023,699,0.33418986201286316,0,14
3178,158,4023,1330,0.6092190146446228,0,14
3179,158,4023,1599,0.6185617446899414,0,14
3180,159,2975,1090,0.7975472807884216,1,4
3181,159,2975,336,0.7173744440078735,0,4
3182,159,2975,756,0.3698996603488922,0,4
3183,159,2975,1875,0.6836172342300415,0,4
3184,159,2975,1476,0.39455124735832214,0,4
3185,159,2975,1569,0.7010605335235596,0,4
3186,159,2975,694,0.6707211136817932,0,4
3187,159,2975,534,0.7584085464477539,0,4
3188,159,2975,1556,0.5678107738494873,0,4
3189,159,2975,1990,0.8595758080482483,0,4
3190,159,2975,235,0.29471465945243835,0,4
3191,159,2975,830,0.7745777368545532,0,4
3192,159,2975,1299,0.5884133577346802,0,4
3193,159,2975,1916,0.6309106349945068,0,4
3194,159,2975,1782,0.7991285920143127,0,4
3195,159,2975,764,0.7426435947418213,0,4
3196,159,2975,343,0.6502966284751892,0,4
3197,159,2975,243,0.8208215236663818,0,4
3198,159,2975,730,0.752385675907135,0,4
3199,159,2975,1524,0.7540964484214783,0,4
3200,160,48,1247,0.27959734201431274,1,13
3201,160,48,1689,0.4637949764728546,0,13
3202,160,48,1759,0.16109369695186615,0,13
3203,160,48,1390,0.40754514932632446,0,13
3204,160,48,1999,0.4779493808746338,0,13
3205,160,48,19,0.20461057126522064,0,13
3206,160,48,824,0.5562569499015808,0,13
3207,160,48,1818,0.49388599395751953,0,13
3208,160,48,1273,0.460312157869339,0,13
3209,160,48,773,0.2789321839809418,0,13
3210,160,48,1848,0.524523138999939,0,13
3211,160,48,521,0.14777731895446777,0,13
3212,160,48,950,0.2330278903245926,0,13
3213,160,48,1091,0.11339526623487473,0,13
3214,160,48,859,0.32076871395111084,0,13
3215,160,48,221,0.12190116196870804,0,13
3216,160,48,439,0.644574761390686,0,13
3217,160,48,1744,0.5728296041488647,0,13
3218,160,48,54,0.385716050863266,0,13
3219,160,48,1663,0.6861989498138428,0,13
3220,161,3885,419,0.4974365532398224,1,12
3221,161,3885,67,0.5471493601799011,0,12
3222,161,3885,1117,0.5215820670127869,0,12
3223,161,3885,349,0.4459438920021057,0,12
3224,161,3885,360,0.5366154313087463,0,12
3225,161,3885,564,0.5137664079666138,0,12
3226,161,3885,1617,0.46188053488731384,0,12
3227,161,3885,457,0.5336513519287109,0,12
3228,161,3885,1220,0.5316451191902161,0,12
3229,161,3885,1705,0.4987988770008087,0,12
3230,161,3885,1147,0.4703758656978607,0,12
3231,161,3885,1329,0.49539974331855774,0,12
3232,161,3885,745,0.504004716873169,0,12
3233,161,3885,0,0.5265356302261353,0,12
3234,161,3885,921,0.42692694067955017,0,12
3235,161,3885,1824,0.5084158182144165,0,12
3236,161,3885,850,0.41585496068000793,0,12
3237,161,3885,1727,0.5240190625190735,0,12
3238,161,3885,1367,0.4969903826713562,0,12
3239,161,3885,1467,0.3773735463619232,0,12
3240,162,1944,1001,0.3833174407482147,1,13
3241,162,1944,1056,0.3222859501838684,0,13
3242,162,1944,1508,0.31880244612693787,0,13
3243,162,1944,1016,0.4841894805431366,0,13
3244,162,1944,1726,0.2800920605659485,0,13
3245,162,1944,1847,0.5016090273857117,0,13
3246,162,1944,1785,0.5034502148628235,0,13
3247,162,1944,287,0.5226063132286072,0,13
3248,162,1944,1572,0.34914371371269226,0,13
3249,162,1944,373,0.4927714467048645,0,13
3250,162,1944,425,0.38462576270103455,0,13
3251,162,1944,92,0.3409445583820343,0,13
3252,162,1944,1035,0.5094941258430481,0,13
3253,162,1944,1556,0.5274218320846558,0,13
3254,162,1944,1718,0.30264919996261597,0,13
3255,162,1944,444,0.5157022476196289,0,13
3256,162,1944,1025,0.4548293948173523,0,13
3257,162,1944,1983,0.40342941880226135,0,13
3258,162,1944,550,0.4230215847492218,0,13
3259,162,1944,26,0.31470221281051636,0,13
3260,163,1519,1459,0.3825126886367798,1,9
3261,163,1519,583,0.32035866379737854,0,9
3262,163,1519,72,0.38076964020729065,0,9
3263,163,1519,182,0.4161568284034729,0,9
3264,163,1519,1114,0.5673007965087891,0,9
3265,163,1519,269,0.27773141860961914,0,9
3266,163,1519,107,0.3619873821735382,0,9
3267,163,1519,319,0.47789743542671204,0,9
3268,163,1519,1251,0.2959604263305664,0,9
3269,163,1519,961,0.5160515308380127,0,9
3270,163,1519,840,0.3159862160682678,0,9
3271,163,1519,1605,0.4944288730621338,0,9
3272,163,1519,1266,0.40230292081832886,0,9
3273,163,1519,1646,0.3489890992641449,0,9
3274,163,1519,1735,0.2933266758918762,0,9
3275,163,1519,1347,0.5546345710754395,0,9
3276,163,1519,1982,0.3067469596862793,0,9
3277,163,1519,604,0.360586553812027,0,9
3278,163,1519,133,0.40045326948165894,0,9
3279,163,1519,1417,0.3423559367656708,0,9
3280,164,3000,341,0.5943014025688171,1,6
3281,164,3000,1351,0.5638375878334045,0,6
3282,164,3000,1154,0.588690996170044,0,6
3283,164,3000,721,0.623856782913208,0,6
3284,164,3000,16,0.5840993523597717,0,6
3285,164,3000,457,0.562229573726654,0,6
3286,164,3000,1128,0.5604954957962036,0,6
3287,164,3000,1949,0.5043150186538696,0,6
3288,164,3000,913,0.40899884700775146,0,6
3289,164,3000,1237,0.5729838013648987,0,6
3290,164,3000,1409,0.5946258902549744,0,6
3291,164,3000,36,0.5842337608337402,0,6
3292,164,3000,531,0.5800124406814575,0,6
3293,164,3000,568,0.5363166928291321,0,6
3294,164,3000,399,0.5992324352264404,0,6
3295,164,3000,224,0.38337209820747375,0,6
3296,164,3000,1837,0.6561645865440369,0,6
3297,164,3000,351,0.5910109877586365,0,6
3298,164,3000,1830,0.6089897751808167,0,6
3299,164,3000,205,0.5937167406082153,0,6
3300,165,3794,365,0.6452431678771973,1,6
3301,165,3794,3,0.5972158312797546,0,6
3302,165,3794,1419,0.607815682888031,0,6
3303,165,3794,1102,0.6165649890899658,0,6
3304,165,3794,1113,0.6808772683143616,0,6
3305,165,3794,1693,0.4549192488193512,0,6
3306,165,3794,1111,0.6078540086746216,0,6
3307,165,3794,318,0.6621372103691101,0,6
3308,165,3794,1764,0.6560384035110474,0,6
3309,165,3794,2043,0.6239224672317505,0,6
3310,165,3794,1935,0.6992993354797363,0,6
3311,165,3794,1060,0.5503400564193726,0,6
3312,165,3794,672,0.603595495223999,0,6
3313,165,3794,1107,0.39904677867889404,0,6
3314,165,3794,421,0.6016383767127991,0,6
3315,165,3794,838,0.4250032603740692,0,6
3316,165,3794,1344,0.6246978044509888,0,6
3317,165,3794,204,0.5954542756080627,0,6
3318,165,3794,1919,0.6574127674102783,0,6
3319,165,3794,1866,0.4411603808403015,0,6
3320,166,2262,1081,0.3465158939361572,1,8
3321,166,2262,1214,0.3279842734336853,0,8
3322,166,2262,774,0.2702787518501282,0,8
3323,166,2262,1133,0.29275205731391907,0,8
3324,166,2262,1284,0.2850125730037689,0,8
3325,166,2262,692,0.29129013419151306,0,8
3326,166,2262,2044,0.5886184573173523,0,8
3327,166,2262,536,0.3990333378314972,0,8
3328,166,2262,1895,0.31695646047592163,0,8
3329,166,2262,203,0.3219955563545227,0,8
3330,166,2262,1196,0.2716768980026245,0,8
3331,166,2262,1294,0.49144992232322693,0,8
3332,166,2262,1814,0.2490677535533905,0,8
3333,166,2262,511,0.4556862711906433,0,8
3334,166,2262,1011,0.6084607839584351,0,8
3335,166,2262,1874,0.3275453448295593,0,8
3336,166,2262,1802,0.5143117904663086,0,8
3337,166,2262,937,0.34492403268814087,0,8
3338,166,2262,1195,0.3155134916305542,0,8
3339,166,2262,257,0.49443021416664124,0,8
3340,167,956,533,0.5343791842460632,1,2
3341,167,956,105,0.3961370587348938,0,2
3342,167,956,1284,0.3922768831253052,0,2
3343,167,956,234,0.3787890672683716,0,2
3344,167,956,291,0.4565099775791168,0,2
3345,167,956,983,0.4736678898334503,0,2
3346,167,956,565,0.33442065119743347,0,2
3347,167,956,1949,0.5283738970756531,0,2
3348,167,956,833,0.3487493693828583,0,2
3349,167,956,1189,0.407613605260849,0,2
3350,167,956,183,0.4911368787288666,0,2
3351,167,956,1894,0.5427059531211853,0,2
3352,167,956,725,0.40064334869384766,0,2
3353,167,956,1656,0.39142152667045593,0,2
3354,167,956,1357,0.4240930378437042,0,2
3355,167,956,1597,0.4469055235385895,0,2
3356,167,956,1017,0.37666258215904236,0,2
3357,167,956,732,0.4303203523159027,0,2
3358,167,956,363,0.4069089889526367,0,2
3359,167,956,1839,0.446636825799942,0,2
3360,168,2036,1137,0.6462860703468323,1,1
3361,168,2036,689,0.08138909935951233,0,1
3362,168,2036,678,0.24888378381729126,0,1
3363,168,2036,840,0.15352153778076172,0,1
3364,168,2036,830,0.1583174169063568,0,1
3365,168,2036,150,0.39349767565727234,0,1
3366,168,2036,301,0.5692643523216248,0,1
3367,168,2036,1819,0.10522396117448807,0,1
3368,168,2036,1123,0.502859354019165,0,1
3369,168,2036,1108,0.5422792434692383,0,1
3370,168,2036,1575,0.4619482159614563,0,1
3371,168,2036,390,0.16555489599704742,0,1
3372,168,2036,1328,0.5242254734039307,0,1
3373,168,2036,287,0.591195285320282,0,1
3374,168,2036,1942,0.5802817940711975,0,1
3375,168,2036,1119,0.08700959384441376,0,1
3376,168,2036,1563,0.615452229976654,0,1
3377,168,2036,1571,0.5383482575416565,0,1
3378,168,2036,639,0.6089829206466675,0,1
3379,168,2036,547,0.296927273273468,0,1
3380,169,586,1006,0.4540846049785614,1,7
3381,169,586,866,0.5057114362716675,0,7
3382,169,586,1124,0.711588978767395,0,7
3383,169,586,396,0.35201454162597656,0,7
3384,169,586,1455,0.4424021244049072,0,7
3385,169,586,34,0.31805655360221863,0,7
3386,169,586,31,0.32066282629966736,0,7
3387,169,586,832,0.39902374148368835,0,7
3388,169,586,1243,0.38972240686416626,0,7
3389,169,586,1152,0.4062017798423767,0,7
3390,169,586,123,0.4254407584667206,0,7
3391,169,586,1451,0.33005279302597046,0,7
3392,169,586,1900,0.4099910259246826,0,7
3393,169,586,173,0.499580979347229,0,7
3394,169,586,377,0.5729358196258545,0,7
3395,169,586,609,0.3881824016571045,0,7
3396,169,586,987,0.5332553386688232,0,7
3397,169,586,1578,0.48819825053215027,0,7
3398,169,586,1704,0.294670045375824,0,7
3399,169,586,1856,0.40017953515052795,0,7
3400,170,2904,129,0.6786369681358337,1,3
3401,170,2904,1605,0.5732072591781616,0,3
3402,170,2904,567,0.4825659394264221,0,3
3403,170,2904,659,0.7111288905143738,0,3
3404,170,2904,1647,0.5910823345184326,0,3
3405,170,2904,1763,0.6060370802879333,0,3
3406,170,2904,418,0.6992133855819702,0,3
3407,170,2904,1543,0.600437343120575,0,3
3408,170,2904,1412,0.650954008102417,0,3
3409,170,2904,209,0.6248724460601807,0,3
3410,170,2904,1555,0.6195712089538574,0,3
3411,170,2904,1820,0.6334133148193359,0,3
3412,170,2904,966,0.6558883190155029,0,3
3413,170,2904,1443,0.5393451452255249,0,3
3414,170,2904,625,0.6096826791763306,0,3
3415,170,2904,396,0.6746792793273926,0,3
3416,170,2904,826,0.6409691572189331,0,3
3417,170,2904,97,0.39303910732269287,0,3
3418,170,2904,445,0.5483749508857727,0,3
3419,170,2904,1004,0.6717047691345215,0,3
3420,171,3032,2,0.42156267166137695,1,13
3421,171,3032,690,0.522993803024292,0,13
3422,171,3032,1555,0.45752474665641785,0,13
3423,171,3032,845,0.4164310097694397,0,13
3424,171,3032,1727,0.47263553738594055,0,13
3425,171,3032,990,0.46584945917129517,0,13
3426,171,3032,1793,0.4180813431739807,0,13
3427,171,3032,1744,0.4974457621574402,0,13
3428,171,3032,1654,0.4465523958206177,0,13
3429,171,3032,408,0.40683093667030334,0,13
3430,171,3032,424,0.5421429872512817,0,13
3431,171,3032,1107,0.41097450256347656,0,13
3432,171,3032,1432,0.4289805293083191,0,13
3433,171,3032,980,0.5051764845848083,0,13
3434,171,3032,1419,0.49444013833999634,0,13
3435,171,3032,1586,0.41993364691734314,0,13
3436,171,3032,531,0.43305474519729614,0,13
3437,171,3032,1688,0.4212149679660797,0,13
3438,171,3032,660,0.429801344871521,0,13
3439,171,3032,822,0.39698857069015503,0,13
3440,172,3543,589,0.5425004959106445,1,12
3441,172,3543,1205,0.48714467883110046,0,12
3442,172,3543,826,0.5554489493370056,0,12
3443,172,3543,1651,0.5729182958602905,0,12
3444,172,3543,747,0.5501850247383118,0,12
3445,172,3543,683,0.556309163570404,0,12
3446,172,3543,984,0.554894208908081,0,12
3447,172,3543,1808,0.3795284628868103,0,12
3448,172,3543,1675,0.5575714111328125,0,12
3449,172,3543,588,0.5420524477958679,0,12
3450,172,3543,1819,0.574619472026825,0,12
3451,172,3543,1535,0.5334518551826477,0,12
3452,172,3543,1749,0.5536983013153076,0,12
3453,172,3543,1454,0.5340951681137085,0,12
3454,172,3543,1359,0.44666576385498047,0,12
3455,172,3543,1157,0.3877333402633667,0,12
3456,172,3543,665,0.5351967215538025,0,12
3457,172,3543,1786,0.5582472085952759,0,12
3458,172,3543,1680,0.5514202117919922,0,12
3459,172,3543,1297,0.5640161037445068,0,12
3460,173,1909,1641,0.34986650943756104,1,20
3461,173,1909,1348,0.6609678864479065,0,20
3462,173,1909,2057,0.6122944355010986,0,20
3463,173,1909,546,0.6139277219772339,0,20
3464,173,1909,1860,0.3928551971912384,0,20
3465,173,1909,1964,0.6389987468719482,0,20
3466,173,1909,2010,0.5777745842933655,0,20
3467,173,1909,1568,0.5859529376029968,0,20
3468,173,1909,415,0.6167441010475159,0,20
3469,173,1909,1203,0.5041495561599731,0,20
3470,173,1909,1564,0.42822423577308655,0,20
3471,173,1909,1537,0.5926101207733154,0,20
3472,173,1909,917,0.57124263048172,0,20
3473,173,1909,2011,0.6167243123054504,0,20
3474,173,1909,1855,0.6218062043190002,0,20
3475,173,1909,804,0.5956623554229736,0,20
3476,173,1909,609,0.594948410987854,0,20
3477,173,1909,1397,0.3990374207496643,0,20
3478,173,1909,584,0.5643951296806335,0,20
3479,173,1909,214,0.5685163140296936,0,20
3480,174,3151,1216,0.5897104144096375,1,4
3481,174,3151,709,0.5906030535697937,0,4
3482,174,3151,2062,0.296274870634079,0,4
3483,174,3151,1611,0.5616593956947327,0,4
3484,174,3151,1976,0.5062491297721863,0,4
3485,174,3151,731,0.5719825625419617,0,4
3486,174,3151,1081,0.5573174357414246,0,4
3487,174,3151,811,0.5867558717727661,0,4
3488,174,3151,1638,0.5851518511772156,0,4
3489,174,3151,1221,0.5721372961997986,0,4
3490,174,3151,1955,0.5603321194648743,0,4
3491,174,3151,121,0.5971472859382629,0,4
3492,174,3151,187,0.5310328602790833,0,4
3493,174,3151,1311,0.5566577315330505,0,4
3494,174,3151,1680,0.5771372318267822,0,4
3495,174,3151,2059,0.5582440495491028,0,4
3496,174,3151,1695,0.5532659292221069,0,4
3497,174,3151,690,0.5050594806671143,0,4
3498,174,3151,358,0.5984145998954773,0,4
3499,174,3151,654,0.47684046626091003,0,4
3500,175,3990,253,0.698225736618042,1,11
3501,175,3990,168,0.7473869323730469,0,11
3502,175,3990,1403,0.8078034520149231,0,11
3503,175,3990,1215,0.7948992848396301,0,11
3504,175,3990,1703,0.23364727199077606,0,11
3505,175,3990,1456,0.41265761852264404,0,11
3506,175,3990,1645,0.5671384930610657,0,11
3507,175,3990,864,0.6970111131668091,0,11
3508,175,3990,1520,0.7286589741706848,0,11
3509,175,3990,89,0.6848700046539307,0,11
3510,175,3990,2022,0.709399938583374,0,11
3511,175,3990,1321,0.7675887942314148,0,11
3512,175,3990,549,0.6875560879707336,0,11
3513,175,3990,1238,0.8086517453193665,0,11
3514,175,3990,1277,0.825447678565979,0,11
3515,175,3990,1377,0.4839949905872345,0,11
3516,175,3990,1163,0.7281373143196106,0,11
3517,175,3990,1473,0.278531938791275,0,11
3518,175,3990,1498,0.6424926519393921,0,11
3519,175,3990,1420,0.8007338047027588,0,11
3520,176,1783,954,0.46871981024742126,1,5
3521,176,1783,441,0.26829737424850464,0,5
3522,176,1783,1728,0.5067889094352722,0,5
3523,176,1783,465,0.2804602384567261,0,5
3524,176,1783,246,0.36851245164871216,0,5
3525,176,1783,51,0.3211953341960907,0,5
3526,176,1783,787,0.3410549461841583,0,5
3527,176,1783,537,0.17387725412845612,0,5
3528,176,1783,1100,0.3019489049911499,0,5
3529,176,1783,361,0.4115523099899292,0,5
3530,176,1783,1111,0.32788705825805664,0,5
3531,176,1783,698,0.27962979674339294,0,5
3532,176,1783,828,0.21478645503520966,0,5
3533,176,1783,572,0.565622091293335,0,5
3534,176,1783,2017,0.24489815533161163,0,5
3535,176,1783,1752,0.4415966868400574,0,5
3536,176,1783,1867,0.49700549244880676,0,5
3537,176,1783,279,0.2090657651424408,0,5
3538,176,1783,949,0.3277553915977478,0,5
3539,176,1783,523,0.5093831419944763,0,5
3540,177,666,295,0.4895293414592743,1,15
3541,177,666,635,0.49210280179977417,0,15
3542,177,666,630,0.4859665036201477,0,15
3543,177,666,1479,0.49148550629615784,0,15
3544,177,666,447,0.4806409776210785,0,15
3545,177,666,987,0.48969337344169617,0,15
3546,177,666,596,0.5298337936401367,0,15
3547,177,666,1132,0.49747639894485474,0,15
3548,177,666,1533,0.5359492301940918,0,15
3549,177,666,847,0.5393378138542175,0,15
3550,177,666,2050,0.5298153758049011,0,15
3551,177,666,1452,0.5081461668014526,0,15
3552,177,666,511,0.41525036096572876,0,15
3553,177,666,1311,0.4961795508861542,0,15
3554,177,666,273,0.48169296979904175,0,15
3555,177,666,1299,0.5327534079551697,0,15
3556,177,666,1783,0.4925737679004669,0,15
3557,177,666,505,0.5207324028015137,0,15
3558,177,666,483,0.4595285952091217,0,15
3559,177,666,750,0.5195332765579224,0,15
3560,178,2728,1751,0.5302250981330872,1,16
3561,178,2728,1944,0.5351324081420898,0,16
3562,178,2728,1204,0.5431952476501465,0,16
3563,178,2728,873,0.5294467806816101,0,16
3564,178,2728,903,0.5266720652580261,0,16
3565,178,2728,1557,0.5453668236732483,0,16
3566,178,2728,1084,0.5498118996620178,0,16
3567,178,2728,1424,0.5506758093833923,0,16
3568,178,2728,1670,0.5458787083625793,0,16
3569,178,2728,1305,0.530623197555542,0,16
3570,178,2728,1001,0.5291973948478699,0,16
3571,178,2728,2003,0.5318816304206848,0,16
3572,178,2728,1766,0.5597335696220398,0,16
3573,178,2728,532,0.5442254543304443,0,16
3574,178,2728,37,0.5360211730003357,0,16
3575,178,2728,1940,0.5512838363647461,0,16
3576,178,2728,950,0.5324544310569763,0,16
3577,178,2728,1552,0.542850136756897,0,16
3578,178,2728,1995,0.3544446527957916,0,16
3579,178,2728,608,0.5421048402786255,0,16
3580,179,779,1554,0.6403374671936035,1,8
3581,179,779,2055,0.604065477848053,0,8
3582,179,779,1713,0.7031360268592834,0,8
3583,179,779,1484,0.6122836470603943,0,8
3584,179,779,1873,0.6367285251617432,0,8
3585,179,779,876,0.6732081174850464,0,8
3586,179,779,1254,0.6665983200073242,0,8
3587,179,779,911,0.5672550797462463,0,8
3588,179,779,2062,0.2684410810470581,0,8
3589,179,779,1067,0.6973173022270203,0,8
3590,179,779,728,0.6359477043151855,0,8
3591,179,779,312,0.6050572991371155,0,8
3592,179,779,309,0.6664952039718628,0,8
3593,179,779,1186,0.645195722579956,0,8
3594,179,779,726,0.6276700496673584,0,8
3595,179,779,1010,0.6652337312698364,0,8
3596,179,779,324,0.5783281922340393,0,8
3597,179,779,1026,0.5889102816581726,0,8
3598,179,779,2043,0.6149799227714539,0,8
3599,179,779,346,0.6041134595870972,0,8
3600,180,2323,230,0.543226420879364,1,14
3601,180,2323,216,0.8072496056556702,0,14
3602,180,2323,1437,0.4750199019908905,0,14
3603,180,2323,1411,0.7969340682029724,0,14
3604,180,2323,1484,0.721423327922821,0,14
3605,180,2323,1454,0.6846173405647278,0,14
3606,180,2323,1405,0.42546704411506653,0,14
3607,180,2323,1567,0.374545156955719,0,14
3608,180,2323,1938,0.7027536034584045,0,14
3609,180,2323,410,0.48481273651123047,0,14
3610,180,2323,586,0.42040860652923584,0,14
3611,180,2323,851,0.783417820930481,0,14
3612,180,2323,1639,0.7467053532600403,0,14
3613,180,2323,339,0.6985035538673401,0,14
3614,180,2323,1626,0.7375985383987427,0,14
3615,180,2323,483,0.37714770436286926,0,14
3616,180,2323,281,0.6506420969963074,0,14
3617,180,2323,1672,0.6974271535873413,0,14
3618,180,2323,220,0.7291486859321594,0,14
3619,180,2323,574,0.6369098424911499,0,14
3620,181,1845,609,0.5567826628684998,1,8
3621,181,1845,1769,0.5548535585403442,0,8
3622,181,1845,698,0.5800970196723938,0,8
3623,181,1845,65,0.5802862048149109,0,8
3624,181,1845,591,0.5553091168403625,0,8
3625,181,1845,437,0.5198788642883301,0,8
3626,181,1845,1771,0.586700439453125,0,8
3627,181,1845,1691,0.5747987031936646,0,8
3628,181,1845,1727,0.565110445022583,0,8
3629,181,1845,1299,0.5501235127449036,0,8
3630,181,1845,1693,0.47981053590774536,0,8
3631,181,1845,964,0.5445334315299988,0,8
3632,181,1845,1122,0.41774213314056396,0,8
3633,181,1845,570,0.5476129651069641,0,8
3634,181,1845,554,0.5495923757553101,0,8
3635,181,1845,1302,0.5727623105049133,0,8
3636,181,1845,1406,0.5484068989753723,0,8
3637,181,1845,1085,0.5543239712715149,0,8
3638,181,1845,1206,0.5576508641242981,0,8
3639,181,1845,491,0.5486699938774109,0,8
3640,182,2944,1456,0.43523865938186646,1,20
3641,182,2944,1566,0.5141853094100952,0,20
3642,182,2944,217,0.5112362504005432,0,20
3643,182,2944,1592,0.5108629465103149,0,20
3644,182,2944,1113,0.5205436944961548,0,20
3645,182,2944,1962,0.5058308839797974,0,20
3646,182,2944,3,0.5350492000579834,0,20
3647,182,2944,926,0.5265487432479858,0,20
3648,182,2944,78,0.461488276720047,0,20
3649,182,2944,1193,0.5087936520576477,0,20
3650,182,2944,1382,0.5348488688468933,0,20
3651,182,2944,741,0.5251174569129944,0,20
3652,182,2944,742,0.51447993516922,0,20
3653,182,2944,1102,0.5295154452323914,0,20
3654,182,2944,1444,0.5141710042953491,0,20
3655,182,2944,1019,0.4808434844017029,0,20
3656,182,2944,1020,0.4502990245819092,0,20
3657,182,2944,880,0.5099763870239258,0,20
3658,182,2944,991,0.5130756497383118,0,20
3659,182,2944,798,0.5206364393234253,0,20
3660,183,1191,1697,0.577225387096405,1,17
3661,183,1191,1730,0.45570001006126404,0,17
3662,183,1191,640,0.4577435255050659,0,17
3663,183,1191,1162,0.6381407976150513,0,17
3664,183,1191,1505,0.6636657118797302,0,17
3665,183,1191,556,0.7362597584724426,0,17
3666,183,1191,616,0.6700933575630188,0,17
3667,183,1191,1763,0.6391791105270386,0,17
3668,183,1191,1833,0.742247998714447,0,17
3669,183,1191,1721,0.7656736373901367,0,17
3670,183,1191,28,0.673052191734314,0,17
3671,183,1191,1492,0.5487331748008728,0,17
3672,183,1191,1940,0.6448574662208557,0,17
3673,183,1191,1529,0.6429800987243652,0,17
3674,183,1191,1281,0.6965336203575134,0,17
3675,183,1191,1979,0.6179386973381042,0,17
3676,183,1191,950,0.6639101505279541,0,17
3677,183,1191,1013,0.7137448787689209,0,17
3678,183,1191,1364,0.6996236443519592,0,17
3679,183,1191,266,0.7358527183532715,0,17
3680,184,4041,557,0.5615695714950562,1,14
3681,184,4041,231,0.39841946959495544,0,14
3682,184,4041,605,0.5960166454315186,0,14
3683,184,4041,1637,0.5677639842033386,0,14
3684,184,4041,1740,0.5767963528633118,0,14
3685,184,4041,1877,0.3834982216358185,0,14
3686,184,4041,1712,0.4150257408618927,0,14
3687,184,4041,56,0.5555909872055054,0,14
3688,184,4041,1094,0.5967142581939697,0,14
3689,184,4041,1012,0.5628196001052856,0,14
3690,184,4041,1391,0.5902047157287598,0,14
3691,184,4041,131,0.5552354454994202,0,14
3692,184,4041,390,0.5752466320991516,0,14
3693,184,4041,1537,0.5673099756240845,0,14
3694,184,4041,941,0.6121655702590942,0,14
3695,184,4041,1840,0.5791753530502319,0,14
3696,184,4041,754,0.6468495726585388,0,14
3697,184,4041,647,0.6242647767066956,0,14
3698,184,4041,1548,0.4586322605609894,0,14
3699,184,4041,762,0.6361644864082336,0,14
3700,185,1157,763,0.6060615181922913,1,8
3701,185,1157,1614,0.6118619441986084,0,8
3702,185,1157,1548,0.45388802886009216,0,8
3703,185,1157,717,0.5790776610374451,0,8
3704,185,1157,1900,0.5979411005973816,0,8
3705,185,1157,287,0.4800724983215332,0,8
3706,185,1157,544,0.6142467260360718,0,8
3707,185,1157,1449,0.5616134405136108,0,8
3708,185,1157,1316,0.6096765398979187,0,8
3709,185,1157,437,0.5117401480674744,0,8
3710,185,1157,606,0.608215868473053,0,8
3711,185,1157,981,0.6152001619338989,0,8
3712,185,1157,1169,0.5955076217651367,0,8
3713,185,1157,1959,0.5874938368797302,0,8
3714,185,1157,1777,0.3953413665294647,0,8
3715,185,1157,1399,0.4947204291820526,0,8
3716,185,1157,651,0.6352925896644592,0,8
3717,185,1157,123,0.41935110092163086,0,8
3718,185,1157,689,0.6468165516853333,0,8
3719,185,1157,189,0.6011123657226562,0,8
3720,186,1863,1627,0.49662086367607117,1,9
3721,186,1863,706,0.47896355390548706,0,9
3722,186,1863,513,0.5691159963607788,0,9
3723,186,1863,460,0.5079854130744934,0,9
3724,186,1863,550,0.5214667916297913,0,9
3725,186,1863,1485,0.46738919615745544,0,9
3726,186,1863,1816,0.4722610116004944,0,9
3727,186,1863,1178,0.4772142767906189,0,9
3728,186,1863,1446,0.4876261353492737,0,9
3729,186,1863,1762,0.42778071761131287,0,9
3730,186,1863,975,0.4785338342189789,0,9
3731,186,1863,1149,0.45461398363113403,0,9
3732,186,1863,2032,0.47661980986595154,0,9
3733,186,1863,1638,0.5031644105911255,0,9
3734,186,1863,67,0.5632239580154419,0,9
3735,186,1863,1298,0.4884050190448761,0,9
3736,186,1863,1062,0.4993969798088074,0,9
3737,186,1863,403,0.520496129989624,0,9
3738,186,1863,1176,0.46316760778427124,0,9
3739,186,1863,1501,0.49785104393959045,0,9
3740,187,4147,1225,0.571518063545227,1,14
3741,187,4147,1751,0.5739654898643494,0,14
3742,187,4147,1147,0.46530210971832275,0,14
3743,187,4147,2021,0.6611833572387695,0,14
3744,187,4147,318,0.6345499157905579,0,14
3745,187,4147,1492,0.5452418327331543,0,14
3746,187,4147,1786,0.6178877949714661,0,14
3747,187,4147,1306,0.662505567073822,0,14
3748,187,4147,1427,0.6287359595298767,0,14
3749,187,4147,556,0.6276493668556213,0,14
3750,187,4147,1359,0.441945344209671,0,14
3751,187,4147,632,0.5919827222824097,0,14
3752,187,4147,528,0.626793384552002,0,14
3753,187,4147,1731,0.6451507806777954,0,14
3754,187,4147,188,0.5659880042076111,0,14
3755,187,4147,1414,0.6651954054832458,0,14
3756,187,4147,91,0.5429022312164307,0,14
3757,187,4147,634,0.5938190221786499,0,14
3758,187,4147,874,0.5827754139900208,0,14
3759,187,4147,2044,0.5265029072761536,0,14
3760,188,1068,1205,0.5264899730682373,1,5
3761,188,1068,778,0.5537479519844055,0,5
3762,188,1068,1981,0.5755680203437805,0,5
3763,188,1068,438,0.12425137311220169,0,5
3764,188,1068,1386,0.2044292539358139,0,5
3765,188,1068,1594,0.21684712171554565,0,5
3766,188,1068,605,0.22495362162590027,0,5
3767,188,1068,59,0.4476613700389862,0,5
3768,188,1068,1104,0.49204322695732117,0,5
3769,188,1068,1992,0.20736485719680786,0,5
3770,188,1068,892,0.4531394839286804,0,5
3771,188,1068,1193,0.31554415822029114,0,5
3772,188,1068,1393,0.5487664937973022,0,5
3773,188,1068,189,0.1818697154521942,0,5
3774,188,1068,861,0.41162851452827454,0,5
3775,188,1068,1192,0.39629724621772766,0,5
3776,188,1068,729,0.2569699287414551,0,5
3777,188,1068,1622,0.5303472876548767,0,5
3778,188,1068,1722,0.3146083652973175,0,5
3779,188,1068,732,0.29463282227516174,0,5
3780,189,2027,1374,0.605287492275238,1,13
3781,189,2027,79,0.5335568189620972,0,13
3782,189,2027,1102,0.6333087682723999,0,13
3783,189,2027,601,0.6226451396942139,0,13
3784,189,2027,522,0.6786770224571228,0,13
3785,189,2027,811,0.6868215799331665,0,13
3786,189,2027,539,0.711287796497345,0,13
3787,189,2027,120,0.4528195559978485,0,13
3788,189,2027,527,0.645614743232727,0,13
3789,189,2027,1834,0.6365172266960144,0,13
3790,189,2027,368,0.7222341299057007,0,13
3791,189,2027,957,0.6898946166038513,0,13
3792,189,2027,2054,0.6561244130134583,0,13
3793,189,2027,1507,0.376019686460495,0,13
3794,189,2027,1498,0.6032947301864624,0,13
3795,189,2027,80,0.6969265937805176,0,13
3796,189,2027,1486,0.6067644357681274,0,13
3797,189,2027,1076,0.4906935393810272,0,13
3798,189,2027,850,0.38582807779312134,0,13
3799,189,2027,149,0.4622274935245514,0,13
3800,190,1622,628,0.5183019638061523,1,2
3801,190,1622,1177,0.3626275360584259,0,2
3802,190,1622,1239,0.23386499285697937,0,2
3803,190,1622,387,0.3466239869594574,0,2
3804,190,1622,238,0.47541314363479614,0,2
3805,190,1622,775,0.30599719285964966,0,2
3806,190,1622,2055,0.33476075530052185,0,2
3807,190,1622,1230,0.29978519678115845,0,2
3808,190,1622,968,0.5033608078956604,0,2
3809,190,1622,1599,0.3510556221008301,0,2
3810,190,1622,597,0.283772349357605,0,2
3811,190,1622,112,0.5458883047103882,0,2
3812,190,1622,1528,0.507045328617096,0,2
3813,190,1622,937,0.33985263109207153,0,2
3814,190,1622,756,0.46374642848968506,0,2
3815,190,1622,263,0.36003321409225464,0,2
3816,190,1622,257,0.4833430349826813,0,2
3817,190,1622,793,0.28455519676208496,0,2
3818,190,1622,1010,0.2601718604564667,0,2
3819,190,1622,46,0.36072245240211487,0,2
3820,191,3902,1368,0.6508047580718994,1,15
3821,191,3902,685,0.7226272225379944,0,15
3822,191,3902,491,0.6601519584655762,0,15
3823,191,3902,421,0.6383268237113953,0,15
3824,191,3902,232,0.6226944923400879,0,15
3825,191,3902,1959,0.6627693176269531,0,15
3826,191,3902,320,0.7431177496910095,0,15
3827,191,3902,1967,0.6635680794715881,0,15
3828,191,3902,250,0.6808153390884399,0,15
3829,191,3902,1281,0.6785834431648254,0,15
3830,191,3902,1354,0.5589004158973694,0,15
3831,191,3902,560,0.6614340543746948,0,15
3832,191,3902,1181,0.7335811853408813,0,15
3833,191,3902,179,0.6154828071594238,0,15
3834,191,3902,1857,0.7173638939857483,0,15
3835,191,3902,350,0.666824460029602,0,15
3836,191,3902,122,0.3546067774295807,0,15
3837,191,3902,645,0.6575461626052856,0,15
3838,191,3902,969,0.7027128338813782,0,15
3839,191,3902,1457,0.7567685842514038,0,15
3840,192,3914,819,0.5363824367523193,1,3
3841,192,3914,765,0.47534844279289246,0,3
3842,192,3914,2044,0.5338645577430725,0,3
3843,192,3914,1555,0.531394362449646,0,3
3844,192,3914,638,0.5246450901031494,0,3
3845,192,3914,1134,0.5341866612434387,0,3
3846,192,3914,835,0.5259852409362793,0,3
3847,192,3914,1771,0.532026469707489,0,3
3848,192,3914,1231,0.5382391810417175,0,3
3849,192,3914,1074,0.5242008566856384,0,3
3850,192,3914,758,0.5302722454071045,0,3
3851,192,3914,963,0.5332912802696228,0,3
3852,192,3914,408,0.5279703736305237,0,3
3853,192,3914,351,0.5234283804893494,0,3
3854,192,3914,522,0.525953471660614,0,3
3855,192,3914,1006,0.4149232506752014,0,3
3856,192,3914,327,0.5170087218284607,0,3
3857,192,3914,828,0.5274927616119385,0,3
3858,192,3914,1660,0.537659227848053,0,3
3859,192,3914,820,0.5314851999282837,0,3
3860,193,346,2060,0.46483585238456726,1,3
3861,193,346,237,0.4959956705570221,0,3
3862,193,346,584,0.422830730676651,0,3
3863,193,346,830,0.19425658881664276,0,3
3864,193,346,986,0.2187153846025467,0,3
3865,193,346,798,0.21377474069595337,0,3
3866,193,346,1993,0.288886159658432,0,3
3867,193,346,1682,0.25431856513023376,0,3
3868,193,346,564,0.2527274489402771,0,3
3869,193,346,349,0.5075164437294006,0,3
3870,193,346,1024,0.1795194298028946,0,3
3871,193,346,731,0.30206069350242615,0,3
3872,193,346,1743,0.1497894823551178,0,3
3873,193,346,2005,0.2550109028816223,0,3
3874,193,346,1984,0.14730903506278992,0,3
3875,193,346,1726,0.13176162540912628,0,3
3876,193,346,1999,0.45301786065101624,0,3
3877,193,346,623,0.21081465482711792,0,3
3878,193,346,766,0.2678283452987671,0,3
3879,193,346,12,0.21410386264324188,0,3
3880,194,2592,834,0.5027636885643005,1,5
3881,194,2592,1827,0.3679027557373047,0,5
3882,194,2592,1625,0.3634755611419678,0,5
3883,194,2592,1303,0.2837797701358795,0,5
3884,194,2592,973,0.35123392939567566,0,5
3885,194,2592,374,0.3563336730003357,0,5
3886,194,2592,1272,0.5453672409057617,0,5
3887,194,2592,632,0.3923371136188507,0,5
3888,194,2592,1092,0.5206958055496216,0,5
3889,194,2592,1475,0.49993789196014404,0,5
3890,194,2592,155,0.48427614569664,0,5
3891,194,2592,1160,0.508217453956604,0,5
3892,194,2592,1028,0.5012924075126648,0,5
3893,194,2592,1083,0.3370867371559143,0,5
3894,194,2592,1101,0.29663869738578796,0,5
3895,194,2592,528,0.32240912318229675,0,5
3896,194,2592,1695,0.3889063894748688,0,5
3897,194,2592,1812,0.5241941213607788,0,5
3898,194,2592,921,0.4901708960533142,0,5
3899,194,2592,795,0.49609076976776123,0,5
3900,195,1114,1544,0.5323486924171448,1,4
3901,195,1114,1134,0.42482173442840576,0,4
3902,195,1114,1944,0.48566561937332153,0,4
3903,195,1114,777,0.4375914931297302,0,4
3904,195,1114,45,0.4519557058811188,0,4
3905,195,1114,1756,0.46320846676826477,0,4
3906,195,1114,1357,0.4447394609451294,0,4
3907,195,1114,1214,0.3439788520336151,0,4
3908,195,1114,1294,0.4326036870479584,0,4
3909,195,1114,482,0.6417303681373596,0,4
3910,195,1114,1189,0.453115314245224,0,4
3911,195,1114,772,0.448529452085495,0,4
3912,195,1114,550,0.5027894973754883,0,4
3913,195,1114,989,0.559099555015564,0,4
3914,195,1114,1123,0.45801404118537903,0,4
3915,195,1114,635,0.4615302085876465,0,4
3916,195,1114,1841,0.4494881331920624,0,4
3917,195,1114,1341,0.5603036284446716,0,4
3918,195,1114,2026,0.4604995548725128,0,4
3919,195,1114,95,0.45329728722572327,0,4
3920,196,4163,48,0.7790173888206482,1,2
3921,196,4163,2,0.680829644203186,0,2
3922,196,4163,1791,0.6457673907279968,0,2
3923,196,4163,30,0.6599779725074768,0,2
3924,196,4163,855,0.7028453946113586,0,2
3925,196,4163,1382,0.5947386622428894,0,2
3926,196,4163,1521,0.38975992798805237,0,2
3927,196,4163,1771,0.7750042676925659,0,2
3928,196,4163,150,0.612937331199646,0,2
3929,196,4163,102,0.7803032398223877,0,2
3930,196,4163,992,0.5758218765258789,0,2
3931,196,4163,933,0.7618303894996643,0,2
3932,196,4163,1251,0.7674564719200134,0,2
3933,196,4163,1000,0.39784637093544006,0,2
3934,196,4163,697,0.510114312171936,0,2
3935,196,4163,1399,0.46563178300857544,0,2
3936,196,4163,1147,0.4515818655490875,0,2
3937,196,4163,1296,0.6499741077423096,0,2
3938,196,4163,860,0.5964409708976746,0,2
3939,196,4163,1707,0.4368131756782532,0,2
3940,197,1741,202,0.429293692111969,1,18
3941,197,1741,1671,0.43886786699295044,0,18
3942,197,1741,1242,0.48802369832992554,0,18
3943,197,1741,2054,0.5076788067817688,0,18
3944,197,1741,1053,0.42109009623527527,0,18
3945,197,1741,68,0.478329062461853,0,18
3946,197,1741,826,0.5083081126213074,0,18
3947,197,1741,1694,0.44656872749328613,0,18
3948,197,1741,1876,0.5971846580505371,0,18
3949,197,1741,1348,0.4853076636791229,0,18
3950,197,1741,74,0.40417903661727905,0,18
3951,197,1741,1677,0.46997562050819397,0,18
3952,197,1741,1531,0.4838991165161133,0,18
3953,197,1741,1609,0.4787372350692749,0,18
3954,197,1741,358,0.47417768836021423,0,18
3955,197,1741,1733,0.5301355719566345,0,18
3956,197,1741,1640,0.5134022235870361,0,18
3957,197,1741,542,0.5198532938957214,0,18
3958,197,1741,47,0.47642675042152405,0,18
3959,197,1741,825,0.49841004610061646,0,18
3960,198,542,631,0.27655795216560364,1,11
3961,198,542,1469,0.22371070086956024,0,11
3962,198,542,704,0.16221068799495697,0,11
3963,198,542,1195,0.27976977825164795,0,11
3964,198,542,174,0.44899559020996094,0,11
3965,198,542,1471,0.2705722451210022,0,11
3966,198,542,595,0.5963754653930664,0,11
3967,198,542,1638,0.2709974944591522,0,11
3968,198,542,1736,0.22208677232265472,0,11
3969,198,542,915,0.25084131956100464,0,11
3970,198,542,1318,0.439502477645874,0,11
3971,198,542,1694,0.5154880285263062,0,11
3972,198,542,8,0.22978751361370087,0,11
3973,198,542,1074,0.18877986073493958,0,11
3974,198,542,1916,0.38758519291877747,0,11
3975,198,542,1479,0.2618536353111267,0,11
3976,198,542,1057,0.29843491315841675,0,11
3977,198,542,97,0.5230110287666321,0,11
3978,198,542,176,0.570966362953186,0,11
3979,198,542,1425,0.3538911044597626,0,11
3980,199,973,475,0.5786156058311462,1,4
3981,199,973,2054,0.182859405875206,0,4
3982,199,973,1059,0.21005965769290924,0,4
3983,199,973,1876,0.970779538154602,0,4
3984,199,973,1951,0.5870953798294067,0,4
3985,199,973,1003,0.1659289002418518,0,4
3986,199,973,217,0.09631655365228653,0,4
3987,199,973,1164,0.031101644039154053,0,4
3988,199,973,1241,0.16527988016605377,0,4
3989,199,973,448,0.31533291935920715,0,4
3990,199,973,1069,0.20397008955478668,0,4
3991,199,973,816,0.6417763233184814,0,4
3992,199,973,1306,0.057863928377628326,0,4
3993,199,973,933,0.08572379499673843,0,4
3994,199,973,189,0.08795706182718277,0,4
3995,199,973,721,0.11462482810020447,0,4
3996,199,973,677,0.17642565071582794,0,4
3997,199,973,488,0.1924676150083542,0,4
3998,199,973,804,0.15857194364070892,0,4
3999,199,973,65,0.08378580212593079,0,4
4000,200,422,2015,0.5332152843475342,1,15
4001,200,422,794,0.5414085388183594,0,15
4002,200,422,1558,0.5286478996276855,0,15
4003,200,422,702,0.5433518290519714,0,15
4004,200,422,697,0.5114234685897827,0,15
4005,200,422,538,0.5480918288230896,0,15
4006,200,422,1385,0.5401657819747925,0,15
4007,200,422,366,0.5520380735397339,0,15
4008,200,422,872,0.5403432250022888,0,15
4009,200,422,1304,0.5392919778823853,0,15
4010,200,422,674,0.5480356812477112,0,15
4011,200,422,21,0.535001814365387,0,15
4012,200,422,319,0.5376992225646973,0,15
4013,200,422,1258,0.5318508148193359,0,15
4014,200,422,13,0.437881737947464,0,15
4015,200,422,971,0.5256138443946838,0,15
4016,200,422,1038,0.533858597278595,0,15
4017,200,422,866,0.5403358340263367,0,15
4018,200,422,1628,0.5418559908866882,0,15
4019,200,422,857,0.5344718098640442,0,15
4020,201,1464,1908,0.5209739804267883,1,15
4021,201,1464,1503,0.5208218097686768,0,15
4022,201,1464,328,0.4318036437034607,0,15
4023,201,1464,1585,0.5247390866279602,0,15
4024,201,1464,452,0.5531377196311951,0,15
4025,201,1464,2059,0.5207837224006653,0,15
4026,201,1464,779,0.5436453819274902,0,15
4027,201,1464,1366,0.543951153755188,0,15
4028,201,1464,1812,0.5405965447425842,0,15
4029,201,1464,1942,0.4188777804374695,0,15
4030,201,1464,734,0.5603218674659729,0,15
4031,201,1464,1148,0.5381706953048706,0,15
4032,201,1464,1811,0.543714165687561,0,15
4033,201,1464,993,0.4731213450431824,0,15
4034,201,1464,735,0.5360335111618042,0,15
4035,201,1464,466,0.5457047820091248,0,15
4036,201,1464,1077,0.5422587394714355,0,15
4037,201,1464,555,0.5284066796302795,0,15
4038,201,1464,819,0.5461128354072571,0,15
4039,201,1464,56,0.5417065620422363,0,15
4040,202,1130,1404,0.6275674700737,1,7
4041,202,1130,1598,0.6263536810874939,0,7
4042,202,1130,358,0.6500597596168518,0,7
4043,202,1130,2051,0.5151879787445068,0,7
4044,202,1130,1279,0.6426941752433777,0,7
4045,202,1130,483,0.426209419965744,0,7
4046,202,1130,398,0.49010637402534485,0,7
4047,202,1130,206,0.6345379948616028,0,7
4048,202,1130,240,0.5996512174606323,0,7
4049,202,1130,1217,0.5876373648643494,0,7
4050,202,1130,658,0.6509064435958862,0,7
4051,202,1130,1120,0.4783743619918823,0,7
4052,202,1130,1060,0.5451914668083191,0,7
4053,202,1130,927,0.5985216498374939,0,7
4054,202,1130,1136,0.6596059799194336,0,7
4055,202,1130,1078,0.6133148670196533,0,7
4056,202,1130,1489,0.5601509809494019,0,7
4057,202,1130,1469,0.6302048563957214,0,7
4058,202,1130,541,0.45858466625213623,0,7
4059,202,1130,110,0.6229836344718933,0,7
4060,203,4174,1694,0.372179239988327,1,20
4061,203,4174,527,0.7124830484390259,0,20
4062,203,4174,1216,0.7654991745948792,0,20
4063,203,4174,1149,0.7223133444786072,0,20
4064,203,4174,2033,0.6429151892662048,0,20
4065,203,4174,181,0.6054546236991882,0,20
4066,203,4174,1728,0.4272383153438568,0,20
4067,203,4174,1591,0.6928888559341431,0,20
4068,203,4174,640,0.4529266953468323,0,20
4069,203,4174,1707,0.4295741021633148,0,20
4070,203,4174,1016,0.607932984828949,0,20
4071,203,4174,1827,0.674271285533905,0,20
4072,203,4174,1633,0.6927785873413086,0,20
4073,203,4174,411,0.7399229407310486,0,20
4074,203,4174,924,0.3739611804485321,0,20
4075,203,4174,783,0.7277631163597107,0,20
4076,203,4174,775,0.7081341743469238,0,20
4077,203,4174,159,0.4235686659812927,0,20
4078,203,4174,350,0.7165836691856384,0,20
4079,203,4174,324,0.6439370512962341,0,20
4080,204,986,884,0.18357032537460327,1,17
4081,204,986,258,0.6499252319335938,0,17
4082,204,986,710,0.23280146718025208,0,17
4083,204,986,1310,0.4975264370441437,0,17
4084,204,986,492,0.26753145456314087,0,17
4085,204,986,1175,0.3060525953769684,0,17
4086,204,986,630,0.2484186887741089,0,17
4087,204,986,1623,0.44950157403945923,0,17
4088,204,986,1836,0.5454281568527222,0,17
4089,204,986,1965,0.533216655254364,0,17
4090,204,986,1002,0.5839062929153442,0,17
4091,204,986,1542,0.1596711277961731,0,17
4092,204,986,448,0.37733834981918335,0,17
4093,204,986,1178,0.5363361835479736,0,17
4094,204,986,873,0.32024717330932617,0,17
4095,204,986,1364,0.2589752674102783,0,17
4096,204,986,1970,0.1269797533750534,0,17
4097,204,986,1398,0.15683329105377197,0,17
4098,204,986,719,0.5647579431533813,0,17
4099,204,986,660,0.22105960547924042,0,17
4100,205,2158,297,0.4852043092250824,1,18
4101,205,2158,1388,0.523521363735199,0,18
4102,205,2158,2068,0.38020792603492737,0,18
4103,205,2158,951,0.5132656693458557,0,18
4104,205,2158,859,0.5453808903694153,0,18
4105,205,2158,983,0.4591001272201538,0,18
4106,205,2158,396,0.5328064560890198,0,18
4107,205,2158,402,0.5284399390220642,0,18
4108,205,2158,998,0.541955828666687,0,18
4109,205,2158,1736,0.548526406288147,0,18
4110,205,2158,255,0.5354974269866943,0,18
4111,205,2158,410,0.5209335684776306,0,18
4112,205,2158,1541,0.539738655090332,0,18
4113,205,2158,1266,0.5410923957824707,0,18
4114,205,2158,536,0.5349263548851013,0,18
4115,205,2158,1828,0.5149631500244141,0,18
4116,205,2158,1116,0.5289082527160645,0,18
4117,205,2158,1746,0.5253854393959045,0,18
4118,205,2158,1662,0.5326938033103943,0,18
4119,205,2158,1064,0.5275787711143494,0,18
4120,206,3204,1717,0.5223360061645508,1,17
4121,206,3204,1432,0.5358773469924927,0,17
4122,206,3204,328,0.43615442514419556,0,17
4123,206,3204,92,0.5250224471092224,0,17
4124,206,3204,1921,0.5279797315597534,0,17
4125,206,3204,68,0.5282155275344849,0,17
4126,206,3204,385,0.538545548915863,0,17
4127,206,3204,1978,0.5371596813201904,0,17
4128,206,3204,721,0.5358632206916809,0,17
4129,206,3204,660,0.5320922136306763,0,17
4130,206,3204,496,0.5253449082374573,0,17
4131,206,3204,83,0.5403920412063599,0,17
4132,206,3204,1559,0.4803711473941803,0,17
4133,206,3204,1784,0.5364199876785278,0,17
4134,206,3204,886,0.5366938710212708,0,17
4135,206,3204,1893,0.5367429256439209,0,17
4136,206,3204,1563,0.5388269424438477,0,17
4137,206,3204,1518,0.4034382402896881,0,17
4138,206,3204,1602,0.5427641868591309,0,17
4139,206,3204,1376,0.540241003036499,0,17
4140,207,677,122,0.4136337339878082,1,20
4141,207,677,1483,0.46374648809432983,0,20
4142,207,677,1319,0.47576096653938293,0,20
4143,207,677,86,0.533141016960144,0,20
4144,207,677,1085,0.49062293767929077,0,20
4145,207,677,1872,0.47948190569877625,0,20
4146,207,677,511,0.4291157126426697,0,20
4147,207,677,679,0.4591842293739319,0,20
4148,207,677,1944,0.5004284381866455,0,20
4149,207,677,1370,0.4784640669822693,0,20
4150,207,677,1226,0.46497631072998047,0,20
4151,207,677,829,0.48912858963012695,0,20
4152,207,677,1677,0.45704999566078186,0,20
4153,207,677,1925,0.451505571603775,0,20
4154,207,677,1767,0.4745541214942932,0,20
4155,207,677,554,0.47739487886428833,0,20
4156,207,677,292,0.4748992621898651,0,20
4157,207,677,189,0.4568083882331848,0,20
4158,207,677,705,0.49175888299942017,0,20
4159,207,677,368,0.46118253469467163,0,20
4160,208,3122,610,0.43560728430747986,1,10
4161,208,3122,1211,0.3737550675868988,0,10
4162,208,3122,661,0.49627864360809326,0,10
4163,208,3122,254,0.46326345205307007,0,10
4164,208,3122,873,0.45213252305984497,0,10
4165,208,3122,628,0.5376868844032288,0,10
4166,208,3122,944,0.49798837304115295,0,10
4167,208,3122,2052,0.3905118405818939,0,10
4168,208,3122,846,0.41874298453330994,0,10
4169,208,3122,1247,0.4493374824523926,0,10
4170,208,3122,329,0.4251164197921753,0,10
4171,208,3122,1857,0.41155436635017395,0,10
4172,208,3122,1659,0.4263358414173126,0,10
4173,208,3122,240,0.45433327555656433,0,10
4174,208,3122,1379,0.4296000599861145,0,10
4175,208,3122,1781,0.40167728066444397,0,10
4176,208,3122,1227,0.3846834897994995,0,10
4177,208,3122,177,0.42956793308258057,0,10
4178,208,3122,283,0.49658018350601196,0,10
4179,208,3122,750,0.5038523077964783,0,10
4180,209,3672,412,0.5330595374107361,1,12
4181,209,3672,1235,0.544598400592804,0,12
4182,209,3672,84,0.5455883145332336,0,12
4183,209,3672,662,0.5422700047492981,0,12
4184,209,3672,953,0.5344876050949097,0,12
4185,209,3672,14,0.548271656036377,0,12
4186,209,3672,1578,0.4078861474990845,0,12
4187,209,3672,1365,0.41758838295936584,0,12
4188,209,3672,1851,0.5453768372535706,0,12
4189,209,3672,471,0.5279806852340698,0,12
4190,209,3672,139,0.46550673246383667,0,12
4191,209,3672,1505,0.5224743485450745,0,12
4192,209,3672,1885,0.5393217206001282,0,12
4193,209,3672,187,0.5273692607879639,0,12
4194,209,3672,1545,0.4955753684043884,0,12
4195,209,3672,1186,0.539597749710083,0,12
4196,209,3672,625,0.5481334328651428,0,12
4197,209,3672,1303,0.5478345155715942,0,12
4198,209,3672,99,0.5270738005638123,0,12
4199,209,3672,478,0.5502929091453552,0,12
4200,210,3890,2022,0.7086816430091858,1,8
4201,210,3890,596,0.5085541605949402,0,8
4202,210,3890,451,0.45057713985443115,0,8
4203,210,3890,1675,0.6639493107795715,0,8
4204,210,3890,1682,0.7151105403900146,0,8
4205,210,3890,1180,0.763334333896637,0,8
4206,210,3890,1239,0.7920014262199402,0,8
4207,210,3890,1570,0.596010148525238,0,8
4208,210,3890,226,0.666715145111084,0,8
4209,210,3890,138,0.692537248134613,0,8
4210,210,3890,133,0.6606828570365906,0,8
4211,210,3890,1254,0.7812575697898865,0,8
4212,210,3890,1728,0.4283809959888458,0,8
4213,210,3890,511,0.2852637469768524,0,8
4214,210,3890,1087,0.7511433959007263,0,8
4215,210,3890,468,0.6231496334075928,0,8
4216,210,3890,305,0.7635957598686218,0,8
4217,210,3890,732,0.6791825294494629,0,8
4218,210,3890,421,0.6823487281799316,0,8
4219,210,3890,1329,0.8727538585662842,0,8
4220,211,1415,2038,0.5343518257141113,1,2
4221,211,1415,84,0.5055747628211975,0,2
4222,211,1415,957,0.3982734680175781,0,2
4223,211,1415,1045,0.3494280278682709,0,2
4224,211,1415,1915,0.4073362946510315,0,2
4225,211,1415,1159,0.468065083026886,0,2
4226,211,1415,753,0.3886180520057678,0,2
4227,211,1415,236,0.3736436665058136,0,2
4228,211,1415,1730,0.4894106984138489,0,2
4229,211,1415,629,0.409562349319458,0,2
4230,211,1415,1477,0.4251089096069336,0,2
4231,211,1415,1645,0.5273658633232117,0,2
4232,211,1415,486,0.4304356575012207,0,2
4233,211,1415,794,0.39988332986831665,0,2
4234,211,1415,1531,0.38962703943252563,0,2
4235,211,1415,756,0.4292353689670563,0,2
4236,211,1415,1609,0.3452063500881195,0,2
4237,211,1415,1491,0.4497567415237427,0,2
4238,211,1415,282,0.573203444480896,0,2
4239,211,1415,402,0.34812599420547485,0,2
4240,212,268,1972,0.44915488362312317,1,6
4241,212,268,1467,0.44584017992019653,0,6
4242,212,268,1504,0.3544590473175049,0,6
4243,212,268,116,0.36179089546203613,0,6
4244,212,268,575,0.3380484879016876,0,6
4245,212,268,1568,0.3220050036907196,0,6
4246,212,268,83,0.38083747029304504,0,6
4247,212,268,1441,0.28392156958580017,0,6
4248,212,268,345,0.8596095442771912,0,6
4249,212,268,1668,0.4486144185066223,0,6
4250,212,268,1826,0.44405031204223633,0,6
4251,212,268,1805,0.5272385478019714,0,6
4252,212,268,990,0.39476945996284485,0,6
4253,212,268,18,0.32851889729499817,0,6
4254,212,268,1429,0.2890557050704956,0,6
4255,212,268,2070,0.4079759418964386,0,6
4256,212,268,641,0.3963453471660614,0,6
4257,212,268,222,0.4971826672554016,0,6
4258,212,268,847,0.5797309875488281,0,6
4259,212,268,508,0.5187585353851318,0,6
4260,213,2760,1199,0.5794511437416077,1,13
4261,213,2760,1259,0.560949444770813,0,13
4262,213,2760,1838,0.5443132519721985,0,13
4263,213,2760,1329,0.6518416404724121,0,13
4264,213,2760,1266,0.586893618106842,0,13
4265,213,2760,1464,0.6215934753417969,0,13
4266,213,2760,546,0.6013489961624146,0,13
4267,213,2760,856,0.623423159122467,0,13
4268,213,2760,1880,0.630074679851532,0,13
4269,213,2760,2077,0.6293405294418335,0,13
4270,213,2760,1895,0.6121183633804321,0,13
4271,213,2760,655,0.3827419877052307,0,13
4272,213,2760,21,0.5861866474151611,0,13
4273,213,2760,1028,0.5591251254081726,0,13
4274,213,2760,959,0.5314634442329407,0,13
4275,213,2760,11,0.5781360268592834,0,13
4276,213,2760,984,0.5975110530853271,0,13
4277,213,2760,25,0.6078017950057983,0,13
4278,213,2760,13,0.4164353907108307,0,13
4279,213,2760,1314,0.6024042963981628,0,13
4280,214,2395,449,0.5452182292938232,1,13
4281,214,2395,1117,0.5905196666717529,0,13
4282,214,2395,1407,0.5469501614570618,0,13
4283,214,2395,701,0.5527723431587219,0,13
4284,214,2395,1400,0.4858115017414093,0,13
4285,214,2395,539,0.6027950644493103,0,13
4286,214,2395,1369,0.5913976430892944,0,13
4287,214,2395,258,0.5099285244941711,0,13
4288,214,2395,706,0.6099299192428589,0,13
4289,214,2395,523,0.4697842597961426,0,13
4290,214,2395,993,0.4674127399921417,0,13
4291,214,2395,353,0.6098237037658691,0,13
4292,214,2395,269,0.5991969108581543,0,13
4293,214,2395,41,0.5048192143440247,0,13
4294,214,2395,180,0.6019210815429688,0,13
4295,214,2395,410,0.5167371034622192,0,13
4296,214,2395,431,0.5068134069442749,0,13
4297,214,2395,1236,0.6407047510147095,0,13
4298,214,2395,880,0.6128484010696411,0,13
4299,214,2395,749,0.5808399319648743,0,13
4300,215,254,335,0.5031697750091553,1,5
4301,215,254,800,0.4586234390735626,0,5
4302,215,254,979,0.4940173327922821,0,5
4303,215,254,1113,0.4848373830318451,0,5
4304,215,254,696,0.47918134927749634,0,5
4305,215,254,88,0.5243045091629028,0,5
4306,215,254,960,0.44604307413101196,0,5
4307,215,254,1889,0.4683813154697418,0,5
4308,215,254,775,0.470124751329422,0,5
4309,215,254,669,0.5139050483703613,0,5
4310,215,254,1446,0.4698829650878906,0,5
4311,215,254,1521,0.512907862663269,0,5
4312,215,254,1956,0.536118745803833,0,5
4313,215,254,754,0.4797196388244629,0,5
4314,215,254,1269,0.4931882917881012,0,5
4315,215,254,2071,0.4741918742656708,0,5
4316,215,254,1119,0.46439507603645325,0,5
4317,215,254,64,0.46694910526275635,0,5
4318,215,254,2057,0.47746264934539795,0,5
4319,215,254,802,0.47305572032928467,0,5
4320,216,641,572,0.5939145088195801,1,1
4321,216,641,181,0.46768882870674133,0,1
4322,216,641,1768,0.3007727265357971,0,1
4323,216,641,1391,0.22028444707393646,0,1
4324,216,641,1964,0.16974462568759918,0,1
4325,216,641,377,0.5834007859230042,0,1
4326,216,641,1843,0.49984675645828247,0,1
4327,216,641,1502,0.23643995821475983,0,1
4328,216,641,335,0.5567207932472229,0,1
4329,216,641,278,0.3189724087715149,0,1
4330,216,641,1035,0.4775615334510803,0,1
4331,216,641,1175,0.32758405804634094,0,1
4332,216,641,634,0.2618253231048584,0,1
4333,216,641,721,0.22146058082580566,0,1
4334,216,641,388,0.17843732237815857,0,1
4335,216,641,1008,0.5297844409942627,0,1
4336,216,641,204,0.4065752923488617,0,1
4337,216,641,700,0.44302335381507874,0,1
4338,216,641,960,0.5050277709960938,0,1
4339,216,641,329,0.26821011304855347,0,1
4340,217,2116,1917,0.4759540259838104,1,19
4341,217,2116,656,0.4892764687538147,0,19
4342,217,2116,809,0.5069864988327026,0,19
4343,217,2116,736,0.509384274482727,0,19
4344,217,2116,1848,0.46332281827926636,0,19
4345,217,2116,1789,0.5211465358734131,0,19
4346,217,2116,1302,0.5384750962257385,0,19
4347,217,2116,170,0.4979599714279175,0,19
4348,217,2116,2025,0.49363139271736145,0,19
4349,217,2116,108,0.49908900260925293,0,19
4350,217,2116,942,0.5055321455001831,0,19
4351,217,2116,116,0.4972858130931854,0,19
4352,217,2116,1804,0.4764994978904724,0,19
4353,217,2116,53,0.48207730054855347,0,19
4354,217,2116,1744,0.48682308197021484,0,19
4355,217,2116,1539,0.48682737350463867,0,19
4356,217,2116,1159,0.5208144187927246,0,19
4357,217,2116,1125,0.5247254371643066,0,19
4358,217,2116,1419,0.5245909094810486,0,19
4359,217,2116,982,0.47598913311958313,0,19
4360,218,3649,1406,0.5618555545806885,1,15
4361,218,3649,1791,0.5602337718009949,0,15
4362,218,3649,438,0.6207372546195984,0,15
4363,218,3649,1042,0.5971192121505737,0,15
4364,218,3649,1032,0.600502610206604,0,15
4365,218,3649,818,0.5238119959831238,0,15
4366,218,3649,637,0.46120426058769226,0,15
4367,218,3649,1412,0.5791744589805603,0,15
4368,218,3649,545,0.5859177112579346,0,15
4369,218,3649,96,0.6020219922065735,0,15
4370,218,3649,234,0.6093385815620422,0,15
4371,218,3649,830,0.5943068861961365,0,15
4372,218,3649,954,0.560210645198822,0,15
4373,218,3649,576,0.5806544423103333,0,15
4374,218,3649,1414,0.6111508011817932,0,15
4375,218,3649,1670,0.5618948340415955,0,15
4376,218,3649,736,0.5736696124076843,0,15
4377,218,3649,572,0.4318941831588745,0,15
4378,218,3649,1199,0.5666361451148987,0,15
4379,218,3649,1714,0.6325894594192505,0,15
4380,219,547,1349,0.5336217880249023,1,3
4381,219,547,2009,0.3908098340034485,0,3
4382,219,547,985,0.5595532655715942,0,3
4383,219,547,438,0.3306099474430084,0,3
4384,219,547,668,0.4621843099594116,0,3
4385,219,547,726,0.4217641353607178,0,3
4386,219,547,1563,0.5619050860404968,0,3
4387,219,547,992,0.5146670937538147,0,3
4388,219,547,1950,0.3472999036312103,0,3
4389,219,547,1707,0.4963821470737457,0,3
4390,219,547,2071,0.38293221592903137,0,3
4391,219,547,638,0.36088719964027405,0,3
4392,219,547,172,0.4312819540500641,0,3
4393,219,547,974,0.3729083240032196,0,3
4394,219,547,464,0.37065842747688293,0,3
4395,219,547,1300,0.3904925286769867,0,3
4396,219,547,1550,0.5073567032814026,0,3
4397,219,547,591,0.479701429605484,0,3
4398,219,547,913,0.411895751953125,0,3
4399,219,547,1839,0.4370079040527344,0,3
4400,220,282,1278,0.9095392823219299,1,1
4401,220,282,821,0.14873941242694855,0,1
4402,220,282,1838,0.48695769906044006,0,1
4403,220,282,625,0.28226426243782043,0,1
4404,220,282,594,0.5702329277992249,0,1
4405,220,282,1987,0.11800087988376617,0,1
4406,220,282,1327,0.5260373950004578,0,1
4407,220,282,833,0.04045676440000534,0,1
4408,220,282,326,0.16085630655288696,0,1
4409,220,282,1319,0.14600129425525665,0,1
4410,220,282,1879,0.30932217836380005,0,1
4411,220,282,900,0.10740663856267929,0,1
4412,220,282,70,0.16330423951148987,0,1
4413,220,282,1310,0.5496907234191895,0,1
4414,220,282,565,0.03973817825317383,0,1
4415,220,282,346,0.1522246152162552,0,1
4416,220,282,1430,0.050412025302648544,0,1
4417,220,282,1422,0.12379823625087738,0,1
4418,220,282,307,0.2594206929206848,0,1
4419,220,282,2072,0.12729503214359283,0,1
4420,221,3657,1243,0.6429866552352905,1,10
4421,221,3657,224,0.3464585840702057,0,10
4422,221,3657,1599,0.628386378288269,0,10
4423,221,3657,1507,0.37524548172950745,0,10
4424,221,3657,49,0.35720178484916687,0,10
4425,221,3657,1935,0.7469618320465088,0,10
4426,221,3657,145,0.7236143350601196,0,10
4427,221,3657,820,0.6556081175804138,0,10
4428,221,3657,288,0.6680941581726074,0,10
4429,221,3657,309,0.7164610028266907,0,10
4430,221,3657,1777,0.37507882714271545,0,10
4431,221,3657,1519,0.3075420558452606,0,10
4432,221,3657,1916,0.593797504901886,0,10
4433,221,3657,44,0.5406838059425354,0,10
4434,221,3657,211,0.7313215732574463,0,10
4435,221,3657,135,0.7077269554138184,0,10
4436,221,3657,1221,0.6610375642776489,0,10
4437,221,3657,905,0.6180952191352844,0,10
4438,221,3657,1399,0.4755902886390686,0,10
4439,221,3657,828,0.7229155898094177,0,10
4440,222,2802,1842,0.7244670391082764,1,5
4441,222,2802,527,0.6740323305130005,0,5
4442,222,2802,398,0.4777035415172577,0,5
4443,222,2802,658,0.759712278842926,0,5
4444,222,2802,1617,0.4307802617549896,0,5
4445,222,2802,1509,0.4967440366744995,0,5
4446,222,2802,224,0.3300187885761261,0,5
4447,222,2802,1024,0.7407701015472412,0,5
4448,222,2802,1353,0.7190958857536316,0,5
4449,222,2802,1584,0.726818323135376,0,5
4450,222,2802,1501,0.6983014345169067,0,5
4451,222,2802,912,0.748637318611145,0,5
4452,222,2802,1023,0.43987274169921875,0,5
4453,222,2802,288,0.6896435022354126,0,5
4454,222,2802,589,0.624201238155365,0,5
4455,222,2802,1940,0.6451983451843262,0,5
4456,222,2802,693,0.6518661379814148,0,5
4457,222,2802,1266,0.6653411388397217,0,5
4458,222,2802,1515,0.4059457778930664,0,5
4459,222,2802,1482,0.7180531620979309,0,5
4460,223,2675,1160,0.36764320731163025,1,20
4461,223,2675,1263,0.5960972905158997,0,20
4462,223,2675,1075,0.5509703755378723,0,20
4463,223,2675,1159,0.5950604677200317,0,20
4464,223,2675,911,0.5515663027763367,0,20
4465,223,2675,1110,0.6162269115447998,0,20
4466,223,2675,585,0.5725639462471008,0,20
4467,223,2675,905,0.5502961874008179,0,20
4468,223,2675,1796,0.5088635087013245,0,20
4469,223,2675,954,0.5649704933166504,0,20
4470,223,2675,311,0.5555744171142578,0,20
4471,223,2675,2023,0.5843881368637085,0,20
4472,223,2675,1818,0.3945000171661377,0,20
4473,223,2675,1090,0.5885757207870483,0,20
4474,223,2675,966,0.5813524723052979,0,20
4475,223,2675,1012,0.5557219982147217,0,20
4476,223,2675,262,0.4279656708240509,0,20
4477,223,2675,776,0.5602846145629883,0,20
4478,223,2675,991,0.5983798503875732,0,20
4479,223,2675,50,0.593591570854187,0,20
4480,224,517,1620,0.4432535171508789,1,19
4481,224,517,606,0.522140622138977,0,19
4482,224,517,1789,0.5350865721702576,0,19
4483,224,517,1027,0.5298265218734741,0,19
4484,224,517,1241,0.5094611644744873,0,19
4485,224,517,150,0.5340819954872131,0,19
4486,224,517,1496,0.5218580365180969,0,19
4487,224,517,1619,0.5246177315711975,0,19
4488,224,517,907,0.5410019159317017,0,19
4489,224,517,816,0.5405786633491516,0,19
4490,224,517,414,0.519784688949585,0,19
4491,224,517,1674,0.5169000029563904,0,19
4492,224,517,235,0.37318557500839233,0,19
4493,224,517,654,0.48633942008018494,0,19
4494,224,517,1735,0.5172938704490662,0,19
4495,224,517,86,0.5342729687690735,0,19
4496,224,517,922,0.5296985507011414,0,19
4497,224,517,487,0.541023313999176,0,19
4498,224,517,2069,0.5115808248519897,0,19
4499,224,517,1322,0.5456711053848267,0,19
4500,225,3561,186,0.3623754680156708,1,20
4501,225,3561,1509,0.4896180331707001,0,20
4502,225,3561,1792,0.5277218818664551,0,20
4503,225,3561,1408,0.7754103541374207,0,20
4504,225,3561,2029,0.7006595730781555,0,20
4505,225,3561,870,0.6759028434753418,0,20
4506,225,3561,1599,0.6818652749061584,0,20
4507,225,3561,1650,0.5763043165206909,0,20
4508,225,3561,814,0.6793109178543091,0,20
4509,225,3561,283,0.6475318670272827,0,20
4510,225,3561,759,0.8264386057853699,0,20
4511,225,3561,1316,0.7866709232330322,0,20
4512,225,3561,657,0.7520625591278076,0,20
4513,225,3561,1781,0.7951282858848572,0,20
4514,225,3561,165,0.7509097456932068,0,20
4515,225,3561,1577,0.7769034504890442,0,20
4516,225,3561,1158,0.6847915053367615,0,20
4517,225,3561,1725,0.5060163736343384,0,20
4518,225,3561,797,0.7103080749511719,0,20
4519,225,3561,356,0.674836277961731,0,20
4520,226,2404,139,0.45403730869293213,1,19
4521,226,2404,922,0.5041409134864807,0,19
4522,226,2404,2024,0.5286489725112915,0,19
4523,226,2404,846,0.49247971177101135,0,19
4524,226,2404,526,0.4985944330692291,0,19
4525,226,2404,1836,0.49814462661743164,0,19
4526,226,2404,1134,0.47749242186546326,0,19
4527,226,2404,806,0.4956674873828888,0,19
4528,226,2404,373,0.4736991822719574,0,19
4529,226,2404,487,0.5343695282936096,0,19
4530,226,2404,342,0.474716454744339,0,19
4531,226,2404,385,0.516035258769989,0,19
4532,226,2404,973,0.5029246211051941,0,19
4533,226,2404,190,0.5134791731834412,0,19
4534,226,2404,1146,0.4799768924713135,0,19
4535,226,2404,1753,0.4947068691253662,0,19
4536,226,2404,2073,0.32249951362609863,0,19
4537,226,2404,1027,0.5093786716461182,0,19
4538,226,2404,1050,0.5097537636756897,0,19
4539,226,2404,257,0.5395510792732239,0,19
4540,227,3873,695,0.6183593273162842,1,16
4541,227,3873,664,0.6741104125976562,0,16
4542,227,3873,126,0.6788426637649536,0,16
4543,227,3873,1788,0.6945773959159851,0,16
4544,227,3873,1573,0.6028222441673279,0,16
4545,227,3873,2075,0.5947587490081787,0,16
4546,227,3873,136,0.6759384870529175,0,16
4547,227,3873,1872,0.6387235522270203,0,16
4548,227,3873,1238,0.7166194915771484,0,16
4549,227,3873,757,0.6992520093917847,0,16
4550,227,3873,1793,0.642644464969635,0,16
4551,227,3873,228,0.6889771819114685,0,16
4552,227,3873,940,0.634320855140686,0,16
4553,227,3873,643,0.5554376840591431,0,16
4554,227,3873,1522,0.7506563067436218,0,16
4555,227,3873,431,0.5052298903465271,0,16
4556,227,3873,1362,0.6713526248931885,0,16
4557,227,3873,327,0.6456603407859802,0,16
4558,227,3873,1022,0.7010337710380554,0,16
4559,227,3873,1411,0.7091020941734314,0,16
4560,228,2687,673,0.5586026310920715,1,16
4561,228,2687,1027,0.5857945084571838,0,16
4562,228,2687,1365,0.3994072377681732,0,16
4563,228,2687,1404,0.5998951196670532,0,16
4564,228,2687,1441,0.6178710460662842,0,16
4565,228,2687,368,0.6224720478057861,0,16
4566,228,2687,1202,0.5828969478607178,0,16
4567,228,2687,546,0.5939212441444397,0,16
4568,228,2687,1986,0.36249786615371704,0,16
4569,228,2687,1770,0.615387499332428,0,16
4570,228,2687,1041,0.44931140542030334,0,16
4571,228,2687,1906,0.5598695874214172,0,16
4572,228,2687,772,0.565032958984375,0,16
4573,228,2687,1840,0.5778099298477173,0,16
4574,228,2687,1309,0.5586479902267456,0,16
4575,228,2687,1654,0.3917813003063202,0,16
4576,228,2687,922,0.6049240827560425,0,16
4577,228,2687,1131,0.6198791861534119,0,16
4578,228,2687,770,0.5595576167106628,0,16
4579,228,2687,1201,0.6083759665489197,0,16
4580,229,1606,439,0.4580036997795105,1,17
4581,229,1606,63,0.5563039183616638,0,17
4582,229,1606,1917,0.4592471122741699,0,17
4583,229,1606,805,0.5404638648033142,0,17
4584,229,1606,858,0.5520396828651428,0,17
4585,229,1606,1866,0.4590795338153839,0,17
4586,229,1606,381,0.5409774780273438,0,17
4587,229,1606,105,0.5695040822029114,0,17
4588,229,1606,770,0.5325939059257507,0,17
4589,229,1606,874,0.5512511134147644,0,17
4590,229,1606,1204,0.5495749115943909,0,17
4591,229,1606,137,0.5462782382965088,0,17
4592,229,1606,212,0.42276081442832947,0,17
4593,229,1606,963,0.5575721263885498,0,17
4594,229,1606,285,0.5592657327651978,0,17
4595,229,1606,934,0.5589293837547302,0,17
4596,229,1606,695,0.5507321357727051,0,17
4597,229,1606,199,0.5547217726707458,0,17
4598,229,1606,586,0.437757283449173,0,17
4599,229,1606,1472,0.40164169669151306,0,17
4600,230,302,968,0.48644116520881653,1,5
4601,230,302,677,0.44447991251945496,0,5
4602,230,302,229,0.518397867679596,0,5
4603,230,302,919,0.4558747112751007,0,5
4604,230,302,1867,0.4731723666191101,0,5
4605,230,302,592,0.40951600670814514,0,5
4606,230,302,433,0.5468473434448242,0,5
4607,230,302,125,0.41104933619499207,0,5
4608,230,302,342,0.38033419847488403,0,5
4609,230,302,1545,0.5139217376708984,0,5
4610,230,302,234,0.41384828090667725,0,5
4611,230,302,706,0.39423730969429016,0,5
4612,230,302,1110,0.404293954372406,0,5
4613,230,302,1002,0.48048582673072815,0,5
4614,230,302,530,0.5206983089447021,0,5
4615,230,302,1201,0.4077396094799042,0,5
4616,230,302,1992,0.4239397943019867,0,5
4617,230,302,650,0.41321271657943726,0,5
4618,230,302,1526,0.47716572880744934,0,5
4619,230,302,1917,0.48494040966033936,0,5
4620,231,1755,1505,0.5257075428962708,1,15
4621,231,1755,1512,0.5464293360710144,0,15
4622,231,1755,446,0.5232024788856506,0,15
4623,231,1755,1540,0.5279831290245056,0,15
4624,231,1755,1569,0.5279103517532349,0,15
4625,231,1755,1937,0.5467662811279297,0,15
4626,231,1755,771,0.5353684425354004,0,15
4627,231,1755,453,0.5429834127426147,0,15
4628,231,1755,557,0.5234670639038086,0,15
4629,231,1755,477,0.5460593104362488,0,15
4630,231,1755,1613,0.5202045440673828,0,15
4631,231,1755,1303,0.545070469379425,0,15
4632,231,1755,207,0.547112226486206,0,15
4633,231,1755,1462,0.5480523109436035,0,15
4634,231,1755,883,0.4793291985988617,0,15
4635,231,1755,1712,0.4054207503795624,0,15
4636,231,1755,1007,0.5451369285583496,0,15
4637,231,1755,1873,0.5414324998855591,0,15
4638,231,1755,779,0.5406510233879089,0,15
4639,231,1755,1886,0.544537365436554,0,15
4640,232,2784,1955,0.5433908104896545,1,15
4641,232,2784,1070,0.5513016581535339,0,15
4642,232,2784,1769,0.548540472984314,0,15
4643,232,2784,1007,0.5605455636978149,0,15
4644,232,2784,1529,0.5593303442001343,0,15
4645,232,2784,1266,0.5586932301521301,0,15
4646,232,2784,1998,0.5535489916801453,0,15
4647,232,2784,591,0.5524276494979858,0,15
4648,232,2784,1977,0.5483981370925903,0,15
4649,232,2784,474,0.536874532699585,0,15
4650,232,2784,158,0.5730924606323242,0,15
4651,232,2784,2039,0.5533748865127563,0,15
4652,232,2784,1212,0.5697596669197083,0,15
4653,232,2784,642,0.5473669171333313,0,15
4654,232,2784,697,0.5134178400039673,0,15
4655,232,2784,1792,0.5284348130226135,0,15
4656,232,2784,1535,0.5315357446670532,0,15
4657,232,2784,1094,0.5594754219055176,0,15
4658,232,2784,486,0.540949285030365,0,15
4659,232,2784,811,0.5609750151634216,0,15
4660,233,127,1170,0.3981267809867859,1,20
4661,233,127,623,0.6168246269226074,0,20
4662,233,127,382,0.5880501866340637,0,20
4663,233,127,1370,0.6382191181182861,0,20
4664,233,127,1039,0.642323911190033,0,20
4665,233,127,1504,0.5876412391662598,0,20
4666,233,127,1007,0.6123706698417664,0,20
4667,233,127,986,0.6364924907684326,0,20
4668,233,127,2015,0.5828233361244202,0,20
4669,233,127,1046,0.6092422008514404,0,20
4670,233,127,1673,0.6072729229927063,0,20
4671,233,127,233,0.5501208305358887,0,20
4672,233,127,892,0.5687600374221802,0,20
4673,233,127,1572,0.63038170337677,0,20
4674,233,127,2065,0.6219146847724915,0,20
4675,233,127,98,0.6246687769889832,0,20
4676,233,127,650,0.6390466094017029,0,20
4677,233,127,1391,0.6198098659515381,0,20
4678,233,127,819,0.6150829195976257,0,20
4679,233,127,2004,0.6499444246292114,0,20
4680,234,1087,1349,0.5444358587265015,1,18
4681,234,1087,776,0.5983204245567322,0,18
4682,234,1087,727,0.5951987504959106,0,18
4683,234,1087,288,0.6303509473800659,0,18
4684,234,1087,9,0.5726214051246643,0,18
4685,234,1087,1518,0.3740144968032837,0,18
4686,234,1087,620,0.6125176548957825,0,18
4687,234,1087,125,0.628764808177948,0,18
4688,234,1087,1979,0.5881637334823608,0,18
4689,234,1087,775,0.5963340401649475,0,18
4690,234,1087,1767,0.5851433277130127,0,18
4691,234,1087,1436,0.6053371429443359,0,18
4692,234,1087,974,0.6662749648094177,0,18
4693,234,1087,42,0.6451115012168884,0,18
4694,234,1087,1911,0.7108911275863647,0,18
4695,234,1087,956,0.6943902373313904,0,18
4696,234,1087,954,0.5863774418830872,0,18
4697,234,1087,1710,0.4014737606048584,0,18
4698,234,1087,1839,0.6213305592536926,0,18
4699,234,1087,1817,0.584579586982727,0,18
4700,235,34,959,0.5246932506561279,1,12
4701,235,34,49,0.378551721572876,0,12
4702,235,34,883,0.4652758836746216,0,12
4703,235,34,251,0.581049919128418,0,12
4704,235,34,59,0.5148440599441528,0,12
4705,235,34,1018,0.5879820585250854,0,12
4706,235,34,1739,0.45987534523010254,0,12
4707,235,34,55,0.37343114614486694,0,12
4708,235,34,1987,0.6197710037231445,0,12
4709,235,34,1029,0.6230466365814209,0,12
4710,235,34,1471,0.6395089626312256,0,12
4711,235,34,1796,0.5010812282562256,0,12
4712,235,34,1133,0.6380077600479126,0,12
4713,235,34,1664,0.328705370426178,0,12
4714,235,34,1886,0.6231062412261963,0,12
4715,235,34,1536,0.4342007040977478,0,12
4716,235,34,478,0.6507797241210938,0,12
4717,235,34,2072,0.6081150770187378,0,12
4718,235,34,718,0.6336968541145325,0,12
4719,235,34,53,0.6075759530067444,0,12
4720,236,1043,595,0.5066978335380554,1,4
4721,236,1043,1991,0.5014609694480896,0,4
4722,236,1043,1002,0.46854010224342346,0,4
4723,236,1043,1546,0.5234134197235107,0,4
4724,236,1043,919,0.43988174200057983,0,4
4725,236,1043,78,0.45745256543159485,0,4
4726,236,1043,4,0.5064579248428345,0,4
4727,236,1043,558,0.49151113629341125,0,4
4728,236,1043,1967,0.4901883006095886,0,4
4729,236,1043,2002,0.5225749015808105,0,4
4730,236,1043,1326,0.49416860938072205,0,4
4731,236,1043,1560,0.4852459728717804,0,4
4732,236,1043,1586,0.5039589405059814,0,4
4733,236,1043,1792,0.5309892296791077,0,4
4734,236,1043,1379,0.4124204218387604,0,4
4735,236,1043,637,0.4680398106575012,0,4
4736,236,1043,1705,0.5026432275772095,0,4
4737,236,1043,898,0.5019187331199646,0,4
4738,236,1043,1731,0.49980661273002625,0,4
4739,236,1043,1080,0.4876171350479126,0,4
4740,237,1482,1939,0.49909013509750366,1,7
4741,237,1482,634,0.46547210216522217,0,7
4742,237,1482,997,0.4682122766971588,0,7
4743,237,1482,1729,0.48649072647094727,0,7
4744,237,1482,811,0.46576347947120667,0,7
4745,237,1482,1555,0.4914095103740692,0,7
4746,237,1482,297,0.49346286058425903,0,7
4747,237,1482,1202,0.5166283845901489,0,7
4748,237,1482,1141,0.5082660913467407,0,7
4749,237,1482,1698,0.49293777346611023,0,7
4750,237,1482,1628,0.5188755989074707,0,7
4751,237,1482,1852,0.5024160146713257,0,7
4752,237,1482,105,0.4805923104286194,0,7
4753,237,1482,25,0.45091697573661804,0,7
4754,237,1482,1550,0.5310500860214233,0,7
4755,237,1482,882,0.5431451797485352,0,7
4756,237,1482,986,0.4950232207775116,0,7
4757,237,1482,255,0.49100354313850403,0,7
4758,237,1482,794,0.4773424565792084,0,7
4759,237,1482,1742,0.4780206084251404,0,7
4760,238,2680,567,0.5350140929222107,1,3
4761,238,2680,954,0.5481690764427185,0,3
4762,238,2680,1608,0.48013216257095337,0,3
4763,238,2680,841,0.5334506034851074,0,3
4764,238,2680,1293,0.49528077244758606,0,3
4765,238,2680,164,0.5055800676345825,0,3
4766,238,2680,1613,0.4900878965854645,0,3
4767,238,2680,187,0.524591326713562,0,3
4768,238,2680,1809,0.5121891498565674,0,3
4769,238,2680,1614,0.5191313624382019,0,3
4770,238,2680,935,0.5150265097618103,0,3
4771,238,2680,1119,0.5091744661331177,0,3
4772,238,2680,1601,0.5064391493797302,0,3
4773,238,2680,408,0.5036832690238953,0,3
4774,238,2680,821,0.4884185492992401,0,3
4775,238,2680,2015,0.5062887668609619,0,3
4776,238,2680,631,0.4946012794971466,0,3
4777,238,2680,1680,0.5034395456314087,0,3
4778,238,2680,958,0.5424445867538452,0,3
4779,238,2680,1018,0.5012071132659912,0,3
4780,239,1917,939,0.48428207635879517,1,6
4781,239,1917,1561,0.5153815746307373,0,6
4782,239,1917,1947,0.456682950258255,0,6
4783,239,1917,1759,0.4524770975112915,0,6
4784,239,1917,410,0.5325524210929871,0,6
4785,239,1917,1935,0.4341842532157898,0,6
4786,239,1917,275,0.4701308012008667,0,6
4787,239,1917,1515,0.4431084394454956,0,6
4788,239,1917,1575,0.5284727215766907,0,6
4789,239,1917,1223,0.45897695422172546,0,6
4790,239,1917,51,0.4691678285598755,0,6
4791,239,1917,1945,0.4766107201576233,0,6
4792,239,1917,1215,0.4477265477180481,0,6
4793,239,1917,936,0.5407249927520752,0,6
4794,239,1917,160,0.46173226833343506,0,6
4795,239,1917,1159,0.4888042211532593,0,6
4796,239,1917,1678,0.4570348560810089,0,6
4797,239,1917,97,0.44540807604789734,0,6
4798,239,1917,1409,0.46979179978370667,0,6
4799,239,1917,125,0.4384768605232239,0,6
4800,240,1697,656,0.5146489143371582,1,16
4801,240,1697,636,0.5431708693504333,0,16
4802,240,1697,1164,0.5365234613418579,0,16
4803,240,1697,770,0.5153769254684448,0,16
4804,240,1697,1709,0.5445597767829895,0,16
4805,240,1697,135,0.5281861424446106,0,16
4806,240,1697,1742,0.5387203097343445,0,16
4807,240,1697,198,0.5214335322380066,0,16
4808,240,1697,246,0.5350310802459717,0,16
4809,240,1697,1528,0.4691539704799652,0,16
4810,240,1697,796,0.536872148513794,0,16
4811,240,1697,1697,0.5439270734786987,0,16
4812,240,1697,2050,0.5602081418037415,0,16
4813,240,1697,1458,0.5409231185913086,0,16
4814,240,1697,1359,0.43819648027420044,0,16
4815,240,1697,1943,0.542677640914917,0,16
4816,240,1697,2030,0.48124828934669495,0,16
4817,240,1697,575,0.5085826516151428,0,16
4818,240,1697,1842,0.5159550905227661,0,16
4819,240,1697,336,0.5378775000572205,0,16
4820,241,1772,1485,0.5304001569747925,1,16
4821,241,1772,1136,0.5726350545883179,0,16
4822,241,1772,36,0.5504474639892578,0,16
4823,241,1772,42,0.5627765655517578,0,16
4824,241,1772,627,0.5539467334747314,0,16
4825,241,1772,182,0.39596182107925415,0,16
4826,241,1772,1574,0.551215648651123,0,16
4827,241,1772,987,0.46921247243881226,0,16
4828,241,1772,1416,0.4563992917537689,0,16
4829,241,1772,629,0.5374459028244019,0,16
4830,241,1772,118,0.5633119940757751,0,16
4831,241,1772,1524,0.5585353374481201,0,16
4832,241,1772,519,0.5577712059020996,0,16
4833,241,1772,493,0.5458995699882507,0,16
4834,241,1772,911,0.5434443950653076,0,16
4835,241,1772,641,0.5567998290061951,0,16
4836,241,1772,1005,0.567486584186554,0,16
4837,241,1772,777,0.5708301067352295,0,16
4838,241,1772,1671,0.4127238094806671,0,16
4839,241,1772,603,0.5339052081108093,0,16
4840,242,3336,1213,0.6870283484458923,1,7
4841,242,3336,184,0.761395275592804,0,7
4842,242,3336,57,0.6379837393760681,0,7
4843,242,3336,335,0.4599902629852295,0,7
4844,242,3336,789,0.36202213168144226,0,7
4845,242,3336,1079,0.5355061888694763,0,7
4846,242,3336,1192,0.6247692704200745,0,7
4847,242,3336,1792,0.528372585773468,0,7
4848,242,3336,77,0.6967534422874451,0,7
4849,242,3336,1349,0.54481041431427,0,7
4850,242,3336,266,0.7526400685310364,0,7
4851,242,3336,1872,0.6847065687179565,0,7
4852,242,3336,1690,0.7884674072265625,0,7
4853,242,3336,636,0.6433019638061523,0,7
4854,242,3336,1834,0.6783285140991211,0,7
4855,242,3336,1289,0.7378987073898315,0,7
4856,242,3336,1100,0.6845350861549377,0,7
4857,242,3336,869,0.6229775547981262,0,7
4858,242,3336,1169,0.6934537887573242,0,7
4859,242,3336,229,0.468694806098938,0,7
4860,243,503,465,0.5124667286872864,1,16
4861,243,503,302,0.5235044360160828,0,16
4862,243,503,90,0.5354315638542175,0,16
4863,243,503,1343,0.5317420959472656,0,16
4864,243,503,576,0.517551839351654,0,16
4865,243,503,713,0.5243695378303528,0,16
4866,243,503,1690,0.5185069441795349,0,16
4867,243,503,1313,0.4699297547340393,0,16
4868,243,503,594,0.4472034275531769,0,16
4869,243,503,1583,0.5209925174713135,0,16
4870,243,503,1629,0.5147353410720825,0,16
4871,243,503,1121,0.49330243468284607,0,16
4872,243,503,1401,0.5103302597999573,0,16
4873,243,503,893,0.5164090991020203,0,16
4874,243,503,941,0.5204722285270691,0,16
4875,243,503,564,0.5212907791137695,0,16
4876,243,503,288,0.5313602089881897,0,16
4877,243,503,581,0.512759268283844,0,16
4878,243,503,462,0.5403059720993042,0,16
4879,243,503,230,0.5386598110198975,0,16
4880,244,810,1011,0.5440054535865784,1,1
4881,244,810,67,0.5437013506889343,0,1
4882,244,810,572,0.4742417335510254,0,1
4883,244,810,1498,0.5135204195976257,0,1
4884,244,810,1283,0.4748481214046478,0,1
4885,244,810,890,0.44583600759506226,0,1
4886,244,810,598,0.4279137849807739,0,1
4887,244,810,1279,0.4626636207103729,0,1
4888,244,810,176,0.4806029796600342,0,1
4889,244,810,437,0.5235878229141235,0,1
4890,244,810,669,0.5092096328735352,0,1
4891,244,810,1722,0.49684590101242065,0,1
4892,244,810,523,0.4820723235607147,0,1
4893,244,810,168,0.48271945118904114,0,1
4894,244,810,433,0.5173859000205994,0,1
4895,244,810,1715,0.535538375377655,0,1
4896,244,810,808,0.5334163308143616,0,1
4897,244,810,153,0.4162956476211548,0,1
4898,244,810,1422,0.4665684700012207,0,1
4899,244,810,854,0.4708439111709595,0,1
4900,245,101,208,0.587634265422821,1,2
4901,245,101,656,0.34553778171539307,0,2
4902,245,101,1466,0.4102310240268707,0,2
4903,245,101,1569,0.3306940197944641,0,2
4904,245,101,1798,0.32769134640693665,0,2
4905,245,101,790,0.3846640884876251,0,2
4906,245,101,1007,0.3395543694496155,0,2
4907,245,101,129,0.236118882894516,0,2
4908,245,101,774,0.2761402428150177,0,2
4909,245,101,1518,0.4574320316314697,0,2
4910,245,101,1987,0.3158469498157501,0,2
4911,245,101,1029,0.2853834331035614,0,2
4912,245,101,2028,0.5141497850418091,0,2
4913,245,101,267,0.3231552839279175,0,2
4914,245,101,440,0.2629641890525818,0,2
4915,245,101,1435,0.47894716262817383,0,2
4916,245,101,77,0.27409520745277405,0,2
4917,245,101,1546,0.4430947005748749,0,2
4918,245,101,1744,0.547015905380249,0,2
4919,245,101,923,0.7594128251075745,0,2
4920,246,537,97,0.4077053666114807,1,18
4921,246,537,535,0.5825319290161133,0,18
4922,246,537,673,0.5759587287902832,0,18
4923,246,537,53,0.589003324508667,0,18
4924,246,537,1032,0.6401487588882446,0,18
4925,246,537,581,0.63316410779953,0,18
4926,246,537,517,0.6387463808059692,0,18
4927,246,537,1310,0.39691033959388733,0,18
4928,246,537,1578,0.3559426963329315,0,18
4929,246,537,583,0.631370484828949,0,18
4930,246,537,1956,0.5448366403579712,0,18
4931,246,537,816,0.5352392792701721,0,18
4932,246,537,1182,0.6908314228057861,0,18
4933,246,537,252,0.5787460207939148,0,18
4934,246,537,556,0.6224210858345032,0,18
4935,246,537,728,0.6154041886329651,0,18
4936,246,537,635,0.603136420249939,0,18
4937,246,537,1776,0.5665884613990784,0,18
4938,246,537,793,0.5910221338272095,0,18
4939,246,537,1249,0.5700308084487915,0,18
4940,247,2138,590,0.5502888560295105,1,1
4941,247,2138,1195,0.38594865798950195,0,1
4942,247,2138,381,0.5106514096260071,0,1
4943,247,2138,751,0.4141117036342621,0,1
4944,247,2138,266,0.33521708846092224,0,1
4945,247,2138,1370,0.3775714337825775,0,1
4946,247,2138,495,0.30581098794937134,0,1
4947,247,2138,778,0.48982906341552734,0,1
4948,247,2138,785,0.3619633615016937,0,1
4949,247,2138,532,0.4229353368282318,0,1
4950,247,2138,1828,0.5446925163269043,0,1
4951,247,2138,138,0.3863975703716278,0,1
4952,247,2138,1081,0.406462699174881,0,1
4953,247,2138,760,0.48809683322906494,0,1
4954,247,2138,106,0.47412925958633423,0,1
4955,247,2138,191,0.36146000027656555,0,1
4956,247,2138,2009,0.37789225578308105,0,1
4957,247,2138,1359,0.4640716314315796,0,1
4958,247,2138,168,0.3963487148284912,0,1
4959,247,2138,1038,0.5005157589912415,0,1
4960,248,3760,1587,0.3421861231327057,1,10
4961,248,3760,454,0.24252253770828247,0,10
4962,248,3760,770,0.33196529746055603,0,10
4963,248,3760,268,0.22192136943340302,0,10
4964,248,3760,122,0.45101872086524963,0,10
4965,248,3760,1728,0.5060200095176697,0,10
4966,248,3760,15,0.2975655794143677,0,10
4967,248,3760,1320,0.41661351919174194,0,10
4968,248,3760,1505,0.3345358967781067,0,10
4969,248,3760,629,0.3462117910385132,0,10
4970,248,3760,51,0.3431798219680786,0,10
4971,248,3760,71,0.5432731509208679,0,10
4972,248,3760,426,0.5893923044204712,0,10
4973,248,3760,1621,0.32918742299079895,0,10
4974,248,3760,2056,0.32703787088394165,0,10
4975,248,3760,2018,0.2839204967021942,0,10
4976,248,3760,197,0.2918294668197632,0,10
4977,248,3760,1077,0.4786533713340759,0,10
4978,248,3760,311,0.5544816851615906,0,10
4979,248,3760,267,0.3362923860549927,0,10
4980,249,1779,1629,0.5765448212623596,1,15
4981,249,1779,396,0.6170568466186523,0,15
4982,249,1779,465,0.5956198573112488,0,15
4983,249,1779,997,0.6146426796913147,0,15
4984,249,1779,639,0.534625768661499,0,15
4985,249,1779,1750,0.6298024654388428,0,15
4986,249,1779,1917,0.43137162923812866,0,15
4987,249,1779,1692,0.5462676286697388,0,15
4988,249,1779,1842,0.6052996516227722,0,15
4989,249,1779,977,0.6718630790710449,0,15
4990,249,1779,432,0.6191218495368958,0,15
4991,249,1779,1130,0.6306105852127075,0,15
4992,249,1779,1736,0.6386772394180298,0,15
4993,249,1779,589,0.5708134770393372,0,15
4994,249,1779,650,0.6299450993537903,0,15
4995,249,1779,370,0.5849004983901978,0,15
4996,249,1779,435,0.5700322389602661,0,15
4997,249,1779,81,0.6155035495758057,0,15
4998,249,1779,1870,0.6016319394111633,0,15
4999,249,1779,1621,0.5802177786827087,0,15
5000,250,4139,1389,0.6989370584487915,1,8
5001,250,4139,897,0.711618959903717,0,8
5002,250,4139,610,0.6890966892242432,0,8
5003,250,4139,280,0.7931588292121887,0,8
5004,250,4139,1104,0.3452554941177368,0,8
5005,250,4139,2008,0.825705349445343,0,8
5006,250,4139,649,0.6421952247619629,0,8
5007,250,4139,169,0.6828111410140991,0,8
5008,250,4139,481,0.7625921964645386,0,8
5009,250,4139,1570,0.5969245433807373,0,8
5010,250,4139,850,0.3775847256183624,0,8
5011,250,4139,1399,0.46006420254707336,0,8
5012,250,4139,61,0.691223680973053,0,8
5013,250,4139,228,0.7741446495056152,0,8
5014,250,4139,1158,0.6835624575614929,0,8
5015,250,4139,842,0.6481133699417114,0,8
5016,250,4139,1065,0.5329247117042542,0,8
5017,250,4139,956,0.8336358070373535,0,8
5018,250,4139,1174,0.7759034633636475,0,8
5019,250,4139,1952,0.3740290403366089,0,8
5020,251,1607,250,0.5158928632736206,1,7
5021,251,1607,979,0.5183334946632385,0,7
5022,251,1607,1288,0.5182003974914551,0,7
5023,251,1607,146,0.5400987267494202,0,7
5024,251,1607,1251,0.5061878561973572,0,7
5025,251,1607,315,0.5135928392410278,0,7
5026,251,1607,1568,0.4976683557033539,0,7
5027,251,1607,934,0.5074762105941772,0,7
5028,251,1607,1651,0.505872368812561,0,7
5029,251,1607,2037,0.5225015878677368,0,7
5030,251,1607,610,0.49856966733932495,0,7
5031,251,1607,1609,0.5043745040893555,0,7
5032,251,1607,763,0.4978755712509155,0,7
5033,251,1607,740,0.500825047492981,0,7
5034,251,1607,1662,0.5084924697875977,0,7
5035,251,1607,1786,0.5151475071907043,0,7
5036,251,1607,1371,0.5262357592582703,0,7
5037,251,1607,796,0.5192595720291138,0,7
5038,251,1607,1083,0.4921342730522156,0,7
5039,251,1607,427,0.4579930901527405,0,7
5040,252,3689,1503,0.5483001470565796,1,9
5041,252,3689,1333,0.5792530179023743,0,9
5042,252,3689,1860,0.4042269289493561,0,9
5043,252,3689,1305,0.54580157995224,0,9
5044,252,3689,1124,0.5115123987197876,0,9
5045,252,3689,1154,0.5478697419166565,0,9
5046,252,3689,731,0.5623601078987122,0,9
5047,252,3689,1479,0.5669733881950378,0,9
5048,252,3689,428,0.5482912063598633,0,9
5049,252,3689,1521,0.4557008147239685,0,9
5050,252,3689,1443,0.5338559150695801,0,9
5051,252,3689,1661,0.5751492381095886,0,9
5052,252,3689,1505,0.549423098564148,0,9
5053,252,3689,985,0.5256613492965698,0,9
5054,252,3689,239,0.5434364080429077,0,9
5055,252,3689,840,0.5724048614501953,0,9
5056,252,3689,661,0.4607735872268677,0,9
5057,252,3689,84,0.5491542816162109,0,9
5058,252,3689,1890,0.5569756627082825,0,9
5059,252,3689,533,0.49492159485816956,0,9
5060,253,2382,1472,0.4285992383956909,1,7
5061,253,2382,650,0.3178596794605255,0,7
5062,253,2382,1897,0.3254258632659912,0,7
5063,253,2382,40,0.36096951365470886,0,7
5064,253,2382,1164,0.2418745458126068,0,7
5065,253,2382,186,0.3606448769569397,0,7
5066,253,2382,1719,0.5738471746444702,0,7
5067,253,2382,252,0.39375749230384827,0,7
5068,253,2382,686,0.37296122312545776,0,7
5069,253,2382,1576,0.3106602430343628,0,7
5070,253,2382,1240,0.39872637391090393,0,7
5071,253,2382,85,0.31992873549461365,0,7
5072,253,2382,921,0.4532078802585602,0,7
5073,253,2382,1579,0.5791951417922974,0,7
5074,253,2382,2063,0.401841402053833,0,7
5075,253,2382,654,0.5430622696876526,0,7
5076,253,2382,2038,0.5514295101165771,0,7
5077,253,2382,830,0.34024497866630554,0,7
5078,253,2382,1878,0.5701285600662231,0,7
5079,253,2382,1771,0.31026938557624817,0,7
5080,254,623,1589,0.421752393245697,1,20
5081,254,623,1835,0.6702557802200317,0,20
5082,254,623,1351,0.5759754776954651,0,20
5083,254,623,1622,0.4543624818325043,0,20
5084,254,623,664,0.6597668528556824,0,20
5085,254,623,51,0.6144281625747681,0,20
5086,254,623,2053,0.6654590964317322,0,20
5087,254,623,1164,0.7482010126113892,0,20
5088,254,623,1347,0.4863010346889496,0,20
5089,254,623,2048,0.6038824319839478,0,20
5090,254,623,317,0.6710638999938965,0,20
5091,254,623,952,0.6904094219207764,0,20
5092,254,623,1920,0.6956382989883423,0,20
5093,254,623,1812,0.5522317290306091,0,20
5094,254,623,464,0.6978640556335449,0,20
5095,254,623,498,0.6682472229003906,0,20
5096,254,623,188,0.5807663798332214,0,20
5097,254,623,1373,0.44670552015304565,0,20
5098,254,623,1078,0.6461513042449951,0,20
5099,254,623,953,0.5126091241836548,0,20
5100,255,2612,1829,0.5768014192581177,1,1
5101,255,2612,1318,0.542669951915741,0,1
5102,255,2612,1332,0.5433401465415955,0,1
5103,255,2612,1321,0.5376354455947876,0,1
5104,255,2612,447,0.5537053942680359,0,1
5105,255,2612,1635,0.5145783424377441,0,1
5106,255,2612,528,0.5251291990280151,0,1
5107,255,2612,921,0.4405848979949951,0,1
5108,255,2612,75,0.5075958967208862,0,1
5109,255,2612,401,0.529462993144989,0,1
5110,255,2612,973,0.5412975549697876,0,1
5111,255,2612,350,0.5358653664588928,0,1
5112,255,2612,1,0.5425483584403992,0,1
5113,255,2612,281,0.5184654593467712,0,1
5114,255,2612,590,0.4834056496620178,0,1
5115,255,2612,1277,0.5590466856956482,0,1
5116,255,2612,1688,0.5112704038619995,0,1
5117,255,2612,642,0.5439203381538391,0,1
5118,255,2612,93,0.5495808124542236,0,1
5119,255,2612,1584,0.536526083946228,0,1
5120,256,3185,2055,0.6709540486335754,1,14
5121,256,3185,685,0.7580898404121399,0,14
5122,256,3185,1417,0.6976448893547058,0,14
5123,256,3185,1585,0.6444382071495056,0,14
5124,256,3185,988,0.34495359659194946,0,14
5125,256,3185,1454,0.6648136377334595,0,14
5126,256,3185,1140,0.6939014196395874,0,14
5127,256,3185,719,0.3208078444004059,0,14
5128,256,3185,171,0.8141099810600281,0,14
5129,256,3185,884,0.7444618344306946,0,14
5130,256,3185,346,0.6740946173667908,0,14
5131,256,3185,2022,0.6895831227302551,0,14
5132,256,3185,1559,0.3955191969871521,0,14
5133,256,3185,2011,0.7367270588874817,0,14
5134,256,3185,515,0.6905581951141357,0,14
5135,256,3185,178,0.6764650940895081,0,14
5136,256,3185,698,0.7351186275482178,0,14
5137,256,3185,314,0.6646485924720764,0,14
5138,256,3185,2046,0.7476277947425842,0,14
5139,256,3185,1778,0.6955589056015015,0,14
5140,257,3123,1763,0.6545606255531311,1,14
5141,257,3123,1839,0.6963412165641785,0,14
5142,257,3123,1157,0.32628142833709717,0,14
5143,257,3123,1564,0.3937501013278961,0,14
5144,257,3123,1991,0.7355904579162598,0,14
5145,257,3123,901,0.6573180556297302,0,14
5146,257,3123,1110,0.801103413105011,0,14
5147,257,3123,1958,0.7727628350257874,0,14
5148,257,3123,89,0.6698065400123596,0,14
5149,257,3123,1401,0.7897698879241943,0,14
5150,257,3123,828,0.7768118381500244,0,14
5151,257,3123,1767,0.6731029152870178,0,14
5152,257,3123,893,0.6410160660743713,0,14
5153,257,3123,686,0.7317331433296204,0,14
5154,257,3123,1802,0.48416534066200256,0,14
5155,257,3123,849,0.6471974849700928,0,14
5156,257,3123,2003,0.6737653613090515,0,14
5157,257,3123,68,0.7647120356559753,0,14
5158,257,3123,1504,0.6772853136062622,0,14
5159,257,3123,1352,0.5795056819915771,0,14
5160,258,1202,1694,0.41571104526519775,1,19
5161,258,1202,1651,0.6335871815681458,0,19
5162,258,1202,1680,0.5885857939720154,0,19
5163,258,1202,439,0.46066194772720337,0,19
5164,258,1202,1353,0.6003289818763733,0,19
5165,258,1202,330,0.49336233735084534,0,19
5166,258,1202,887,0.5739038586616516,0,19
5167,258,1202,867,0.5940954685211182,0,19
5168,258,1202,337,0.5137585997581482,0,19
5169,258,1202,1306,0.6232641935348511,0,19
5170,258,1202,1777,0.38475650548934937,0,19
5171,258,1202,990,0.5587853789329529,0,19
5172,258,1202,1863,0.5634710192680359,0,19
5173,258,1202,1073,0.5628888607025146,0,19
5174,258,1202,38,0.5613381266593933,0,19
5175,258,1202,130,0.5963639616966248,0,19
5176,258,1202,1311,0.5650739073753357,0,19
5177,258,1202,1280,0.546800971031189,0,19
5178,258,1202,1645,0.5481745600700378,0,19
5179,258,1202,433,0.511899471282959,0,19
5180,259,710,237,0.3713705837726593,1,20
5181,259,710,759,0.5834223031997681,0,20
5182,259,710,179,0.5688491463661194,0,20
5183,259,710,1983,0.5808912515640259,0,20
5184,259,710,55,0.3774610459804535,0,20
5185,259,710,314,0.5454367399215698,0,20
5186,259,710,515,0.5525466203689575,0,20
5187,259,710,978,0.41663622856140137,0,20
5188,259,710,46,0.5472541451454163,0,20
5189,259,710,685,0.5833388566970825,0,20
5190,259,710,713,0.5860053300857544,0,20
5191,259,710,1710,0.41382333636283875,0,20
5192,259,710,1572,0.5806965231895447,0,20
5193,259,710,458,0.573325514793396,0,20
5194,259,710,1523,0.5809791684150696,0,20
5195,259,710,672,0.5502905249595642,0,20
5196,259,710,87,0.5549724102020264,0,20
5197,259,710,1623,0.5603815913200378,0,20
5198,259,710,1141,0.5591049194335938,0,20
5199,259,710,630,0.5492647886276245,0,20
5200,260,977,1924,0.527138888835907,1,12
5201,260,977,1034,0.5397202968597412,0,12
5202,260,977,582,0.5480919480323792,0,12
5203,260,977,723,0.5268672704696655,0,12
5204,260,977,1590,0.5448365211486816,0,12
5205,260,977,858,0.5357719659805298,0,12
5206,260,977,1737,0.528168797492981,0,12
5207,260,977,2000,0.5458158850669861,0,12
5208,260,977,1353,0.540996253490448,0,12
5209,260,977,680,0.46019306778907776,0,12
5210,260,977,271,0.4857259690761566,0,12
5211,260,977,142,0.5252590179443359,0,12
5212,260,977,1809,0.5239953398704529,0,12
5213,260,977,1405,0.45264923572540283,0,12
5214,260,977,1194,0.5395073294639587,0,12
5215,260,977,1062,0.5338460206985474,0,12
5216,260,977,1663,0.4890337288379669,0,12
5217,260,977,977,0.5677168965339661,0,12
5218,260,977,398,0.5039439797401428,0,12
5219,260,977,456,0.5377536416053772,0,12
5220,261,2895,1309,0.584779679775238,1,17
5221,261,2895,177,0.627824068069458,0,17
5222,261,2895,1062,0.603965699672699,0,17
5223,261,2895,1197,0.6562256217002869,0,17
5224,261,2895,826,0.6087287664413452,0,17
5225,261,2895,2008,0.6700968146324158,0,17
5226,261,2895,651,0.6722456216812134,0,17
5227,261,2895,1298,0.636962890625,0,17
5228,261,2895,390,0.6130067706108093,0,17
5229,261,2895,984,0.6196134090423584,0,17
5230,261,2895,12,0.6428107023239136,0,17
5231,261,2895,1208,0.5843995809555054,0,17
5232,261,2895,501,0.6817087531089783,0,17
5233,261,2895,1701,0.5898522138595581,0,17
5234,261,2895,1064,0.6209140419960022,0,17
5235,261,2895,961,0.5555695295333862,0,17
5236,261,2895,565,0.6606104969978333,0,17
5237,261,2895,628,0.41521188616752625,0,17
5238,261,2895,553,0.6609303951263428,0,17
5239,261,2895,1506,0.599099338054657,0,17
5240,262,2218,629,0.45266619324684143,1,11
5241,262,2218,1353,0.44939786195755005,0,11
5242,262,2218,1201,0.42465823888778687,0,11
5243,262,2218,1895,0.47904080152511597,0,11
5244,262,2218,724,0.42288315296173096,0,11
5245,262,2218,570,0.5287085771560669,0,11
5246,262,2218,1635,0.4656369090080261,0,11
5247,262,2218,354,0.4803244471549988,0,11
5248,262,2218,363,0.4413492977619171,0,11
5249,262,2218,733,0.5534837245941162,0,11
5250,262,2218,1322,0.5623247623443604,0,11
5251,262,2218,267,0.44754260778427124,0,11
5252,262,2218,1342,0.44643720984458923,0,11
5253,262,2218,1570,0.5286725163459778,0,11
5254,262,2218,1422,0.4419032633304596,0,11
5255,262,2218,1517,0.4374595880508423,0,11
5256,262,2218,22,0.44865477085113525,0,11
5257,262,2218,197,0.4558863639831543,0,11
5258,262,2218,892,0.5291274189949036,0,11
5259,262,2218,959,0.596893846988678,0,11
5260,263,2734,348,0.42473092675209045,1,15
5261,263,2734,1685,0.4532490372657776,0,15
5262,263,2734,456,0.49903109669685364,0,15
5263,263,2734,1320,0.48785102367401123,0,15
5264,263,2734,1523,0.38350003957748413,0,15
5265,263,2734,890,0.3957720994949341,0,15
5266,263,2734,1950,0.39907386898994446,0,15
5267,263,2734,2,0.43883848190307617,0,15
5268,263,2734,1473,0.6870809197425842,0,15
5269,263,2734,879,0.40387406945228577,0,15
5270,263,2734,558,0.450863242149353,0,15
5271,263,2734,1316,0.41340404748916626,0,15
5272,263,2734,1849,0.45612847805023193,0,15
5273,263,2734,17,0.5354275107383728,0,15
5274,263,2734,349,0.4752061069011688,0,15
5275,263,2734,557,0.4511208236217499,0,15
5276,263,2734,533,0.5301746726036072,0,15
5277,263,2734,1491,0.46881183981895447,0,15
5278,263,2734,577,0.4329553246498108,0,15
5279,263,2734,1838,0.5267904996871948,0,15
5280,264,1626,312,0.5513366460800171,1,13
5281,264,1626,1452,0.5417096614837646,0,13
5282,264,1626,354,0.5486911535263062,0,13
5283,264,1626,1869,0.5588650107383728,0,13
5284,264,1626,519,0.5573822855949402,0,13
5285,264,1626,471,0.5484752058982849,0,13
5286,264,1626,2079,0.5607746839523315,0,13
5287,264,1626,458,0.5648353099822998,0,13
5288,264,1626,763,0.5620532035827637,0,13
5289,264,1626,1872,0.5506808757781982,0,13
5290,264,1626,1034,0.5427806973457336,0,13
5291,264,1626,1896,0.5742393136024475,0,13
5292,264,1626,1840,0.5532461404800415,0,13
5293,264,1626,1640,0.5022571682929993,0,13
5294,264,1626,1429,0.5541722774505615,0,13
5295,264,1626,1098,0.5681409239768982,0,13
5296,264,1626,1732,0.3825134038925171,0,13
5297,264,1626,68,0.5630639791488647,0,13
5298,264,1626,365,0.5619075894355774,0,13
5299,264,1626,1390,0.5539329648017883,0,13
5300,265,616,1578,0.4222743809223175,1,20
5301,265,616,604,0.4702727198600769,0,20
5302,265,616,926,0.5153185725212097,0,20
5303,265,616,1071,0.5104528665542603,0,20
5304,265,616,1083,0.4605768620967865,0,20
5305,265,616,441,0.4821023643016815,0,20
5306,265,616,1678,0.4762119650840759,0,20
5307,265,616,678,0.5070583820343018,0,20
5308,265,616,54,0.48247990012168884,0,20
5309,265,616,1495,0.46671122312545776,0,20
5310,265,616,1758,0.48254185914993286,0,20
5311,265,616,776,0.4695296883583069,0,20
5312,265,616,1862,0.5400985479354858,0,20
5313,265,616,1842,0.4650367796421051,0,20
5314,265,616,806,0.48211145401000977,0,20
5315,265,616,836,0.5276525616645813,0,20
5316,265,616,1499,0.5025705099105835,0,20
5317,265,616,17,0.5555565357208252,0,20
5318,265,616,397,0.5185143351554871,0,20
5319,265,616,175,0.48825037479400635,0,20
5320,266,4057,1241,0.6312370300292969,1,10
5321,266,4057,514,0.685046374797821,0,10
5322,266,4057,870,0.616254448890686,0,10
5323,266,4057,918,0.48337140679359436,0,10
5324,266,4057,1706,0.609762966632843,0,10
5325,266,4057,404,0.6336033344268799,0,10
5326,266,4057,267,0.6206220388412476,0,10
5327,266,4057,2033,0.5974365472793579,0,10
5328,266,4057,743,0.6678047776222229,0,10
5329,266,4057,1581,0.6663013100624084,0,10
5330,266,4057,526,0.6664959192276001,0,10
5331,266,4057,1041,0.4426311254501343,0,10
5332,266,4057,677,0.6198151111602783,0,10
5333,266,4057,601,0.6223076581954956,0,10
5334,266,4057,212,0.41635721921920776,0,10
5335,266,4057,781,0.6624717116355896,0,10
5336,266,4057,55,0.3702724277973175,0,10
5337,266,4057,160,0.6925594210624695,0,10
5338,266,4057,1113,0.700169563293457,0,10
5339,266,4057,2050,0.6344913840293884,0,10
5340,267,3776,597,0.5691186189651489,1,6
5341,267,3776,312,0.5664985775947571,0,6
5342,267,3776,1849,0.563265323638916,0,6
5343,267,3776,433,0.5097015500068665,0,6
5344,267,3776,921,0.4332418143749237,0,6
5345,267,3776,73,0.5847528576850891,0,6
5346,267,3776,842,0.5668250918388367,0,6
5347,267,3776,158,0.6065611839294434,0,6
5348,267,3776,674,0.6003183126449585,0,6
5349,267,3776,525,0.5642252564430237,0,6
5350,267,3776,1821,0.6046000719070435,0,6
5351,267,3776,827,0.5638694763183594,0,6
5352,267,3776,230,0.5425686836242676,0,6
5353,267,3776,103,0.3799218237400055,0,6
5354,267,3776,41,0.5114834308624268,0,6
5355,267,3776,86,0.5408691763877869,0,6
5356,267,3776,1493,0.5603799223899841,0,6
5357,267,3776,1886,0.5823564529418945,0,6
5358,267,3776,397,0.5681719183921814,0,6
5359,267,3776,1998,0.565355658531189,0,6
5360,268,1803,1793,0.5788772702217102,1,7
5361,268,1803,1575,0.5592206120491028,0,7
5362,268,1803,751,0.5787743926048279,0,7
5363,268,1803,1341,0.5088352560997009,0,7
5364,268,1803,887,0.5745439529418945,0,7
5365,268,1803,451,0.47056087851524353,0,7
5366,268,1803,1365,0.42110538482666016,0,7
5367,268,1803,327,0.581955075263977,0,7
5368,268,1803,458,0.5983830094337463,0,7
5369,268,1803,576,0.5934245586395264,0,7
5370,268,1803,2005,0.5993106961250305,0,7
5371,268,1803,55,0.38982969522476196,0,7
5372,268,1803,1263,0.609624981880188,0,7
5373,268,1803,1876,0.4688165783882141,0,7
5374,268,1803,636,0.5751138925552368,0,7
5375,268,1803,1339,0.5856204628944397,0,7
5376,268,1803,227,0.5652190446853638,0,7
5377,268,1803,983,0.4569474756717682,0,7
5378,268,1803,45,0.5712782144546509,0,7
5379,268,1803,246,0.5756596326828003,0,7
5380,269,74,1720,0.5470501184463501,1,14
5381,269,74,1307,0.5492162108421326,0,14
5382,269,74,1369,0.5611644983291626,0,14
5383,269,74,1064,0.5537947416305542,0,14
5384,269,74,1974,0.5477129220962524,0,14
5385,269,74,430,0.5616443157196045,0,14
5386,269,74,1633,0.5509398579597473,0,14
5387,269,74,1225,0.536199152469635,0,14
5388,269,74,717,0.5564550757408142,0,14
5389,269,74,129,0.5564761757850647,0,14
5390,269,74,584,0.5465928912162781,0,14
5391,269,74,1887,0.5594222545623779,0,14
5392,269,74,728,0.5629315376281738,0,14
5393,269,74,1073,0.537898063659668,0,14
5394,269,74,1953,0.382478266954422,0,14
5395,269,74,300,0.5383026003837585,0,14
5396,269,74,692,0.5633257627487183,0,14
5397,269,74,1922,0.5447674989700317,0,14
5398,269,74,198,0.5621837377548218,0,14
5399,269,74,1982,0.5640560388565063,0,14
5400,270,2399,207,0.5919777154922485,1,10
5401,270,2399,139,0.4316531717777252,0,10
5402,270,2399,454,0.652273952960968,0,10
5403,270,2399,861,0.3381076157093048,0,10
5404,270,2399,954,0.5769284963607788,0,10
5405,270,2399,417,0.4284015893936157,0,10
5406,270,2399,162,0.6262210607528687,0,10
5407,270,2399,602,0.5991923809051514,0,10
5408,270,2399,1996,0.5564887523651123,0,10
5409,270,2399,1430,0.6595891118049622,0,10
5410,270,2399,1756,0.5957154631614685,0,10
5411,270,2399,656,0.5843088626861572,0,10
5412,270,2399,1604,0.6045746803283691,0,10
5413,270,2399,84,0.5697563290596008,0,10
5414,270,2399,415,0.6299744844436646,0,10
5415,270,2399,337,0.5062270760536194,0,10
5416,270,2399,544,0.6523846387863159,0,10
5417,270,2399,1669,0.4905802309513092,0,10
5418,270,2399,1121,0.500119149684906,0,10
5419,270,2399,1141,0.5934023857116699,0,10
5420,271,2403,1128,0.621282160282135,1,13
5421,271,2403,711,0.4168253540992737,0,13
5422,271,2403,1848,0.4102094769477844,0,13
5423,271,2403,1120,0.4417908489704132,0,13
5424,271,2403,1236,0.8913518190383911,0,13
5425,271,2403,1583,0.7941750884056091,0,13
5426,271,2403,461,0.5311359167098999,0,13
5427,271,2403,1850,0.6635085344314575,0,13
5428,271,2403,1555,0.6848019361495972,0,13
5429,271,2403,2009,0.7691436409950256,0,13
5430,271,2403,884,0.773427426815033,0,13
5431,271,2403,203,0.7476359009742737,0,13
5432,271,2403,1077,0.608019232749939,0,13
5433,271,2403,1254,0.7857787609100342,0,13
5434,271,2403,118,0.7839218974113464,0,13
5435,271,2403,537,0.8400546312332153,0,13
5436,271,2403,1080,0.7851811051368713,0,13
5437,271,2403,1893,0.579841673374176,0,13
5438,271,2403,978,0.4076087176799774,0,13
5439,271,2403,1363,0.7949775457382202,0,13
5440,272,1520,733,0.5360578298568726,1,2
5441,272,1520,731,0.45077788829803467,0,2
5442,272,1520,1513,0.5104266405105591,0,2
5443,272,1520,767,0.41209617257118225,0,2
5444,272,1520,196,0.4724966883659363,0,2
5445,272,1520,2019,0.390888512134552,0,2
5446,272,1520,1287,0.41742101311683655,0,2
5447,272,1520,1194,0.3907558023929596,0,2
5448,272,1520,1705,0.5262662172317505,0,2
5449,272,1520,1547,0.4748147428035736,0,2
5450,272,1520,700,0.37104296684265137,0,2
5451,272,1520,984,0.4233417510986328,0,2
5452,272,1520,1257,0.4917166829109192,0,2
5453,272,1520,456,0.4902265667915344,0,2
5454,272,1520,532,0.44673416018486023,0,2
5455,272,1520,1238,0.37315428256988525,0,2
5456,272,1520,1875,0.4393249750137329,0,2
5457,272,1520,1493,0.5578030347824097,0,2
5458,272,1520,1145,0.41053733229637146,0,2
5459,272,1520,416,0.3585589528083801,0,2
5460,273,1593,1302,0.5932862162590027,1,12
5461,273,1593,1869,0.6181671619415283,0,12
5462,273,1593,1365,0.4182835519313812,0,12
5463,273,1593,562,0.6485874652862549,0,12
5464,273,1593,485,0.6119038462638855,0,12
5465,273,1593,678,0.6186983585357666,0,12
5466,273,1593,1629,0.5927541255950928,0,12
5467,273,1593,835,0.6265931129455566,0,12
5468,273,1593,477,0.6361278891563416,0,12
5469,273,1593,1674,0.6226480007171631,0,12
5470,273,1593,1191,0.6174362897872925,0,12
5471,273,1593,1195,0.6113588809967041,0,12
5472,273,1593,395,0.5672720670700073,0,12
5473,273,1593,1795,0.4691886603832245,0,12
5474,273,1593,902,0.5924972295761108,0,12
5475,273,1593,1127,0.6053655743598938,0,12
5476,273,1593,2028,0.46185049414634705,0,12
5477,273,1593,149,0.4630115330219269,0,12
5478,273,1593,1976,0.49992960691452026,0,12
5479,273,1593,2055,0.6000787019729614,0,12
5480,274,3749,139,0.47194620966911316,1,16
5481,274,3749,943,0.523330807685852,0,16
5482,274,3749,690,0.5176535248756409,0,16
5483,274,3749,1512,0.51204913854599,0,16
5484,274,3749,1756,0.49219515919685364,0,16
5485,274,3749,1408,0.47460514307022095,0,16
5486,274,3749,1270,0.5004816651344299,0,16
5487,274,3749,45,0.48933151364326477,0,16
5488,274,3749,1857,0.4813743829727173,0,16
5489,274,3749,1290,0.4872562885284424,0,16
5490,274,3749,719,0.41612327098846436,0,16
5491,274,3749,1217,0.5114665627479553,0,16
5492,274,3749,1224,0.3521387279033661,0,16
5493,274,3749,1092,0.4596782624721527,0,16
5494,274,3749,1381,0.5415945649147034,0,16
5495,274,3749,106,0.4530569314956665,0,16
5496,274,3749,2053,0.47762152552604675,0,16
5497,274,3749,498,0.4865191578865051,0,16
5498,274,3749,1028,0.5329592227935791,0,16
5499,274,3749,265,0.4870305359363556,0,16
5500,275,1529,1434,0.4995007812976837,1,8
5501,275,1529,1693,0.5331825613975525,0,8
5502,275,1529,2056,0.38013967871665955,0,8
5503,275,1529,1946,0.5827464461326599,0,8
5504,275,1529,856,0.3326881229877472,0,8
5505,275,1529,888,0.3423987925052643,0,8
5506,275,1529,1493,0.5719383358955383,0,8
5507,275,1529,2029,0.40670493245124817,0,8
5508,275,1529,1199,0.3619718551635742,0,8
5509,275,1529,2040,0.39859840273857117,0,8
5510,275,1529,1335,0.3626023232936859,0,8
5511,275,1529,1928,0.596530556678772,0,8
5512,275,1529,1981,0.5662176012992859,0,8
5513,275,1529,1769,0.40776631236076355,0,8
5514,275,1529,2042,0.3911811411380768,0,8
5515,275,1529,1436,0.391696959733963,0,8
5516,275,1529,134,0.3463999927043915,0,8
5517,275,1529,1403,0.34029173851013184,0,8
5518,275,1529,1023,0.5057759284973145,0,8
5519,275,1529,233,0.5294632911682129,0,8
5520,276,2233,1875,0.3890760838985443,1,12
5521,276,2233,868,0.33525869250297546,0,12
5522,276,2233,1016,0.4818887710571289,0,12
5523,276,2233,1548,0.49540969729423523,0,12
5524,276,2233,1060,0.5466355681419373,0,12
5525,276,2233,1160,0.4462507963180542,0,12
5526,276,2233,1936,0.36940014362335205,0,12
5527,276,2233,253,0.3893924951553345,0,12
5528,276,2233,1683,0.2960367202758789,0,12
5529,276,2233,0,0.4778185486793518,0,12
5530,276,2233,70,0.38404619693756104,0,12
5531,276,2233,605,0.35165372490882874,0,12
5532,276,2233,1685,0.3836940824985504,0,12
5533,276,2233,1867,0.47673726081848145,0,12
5534,276,2233,813,0.34698501229286194,0,12
5535,276,2233,647,0.2973480224609375,0,12
5536,276,2233,1556,0.5257383584976196,0,12
5537,276,2233,1028,0.4999430179595947,0,12
5538,276,2233,600,0.48083075881004333,0,12
5539,276,2233,648,0.5393828749656677,0,12
5540,277,1595,1493,0.5618455410003662,1,2
5541,277,1595,572,0.46256881952285767,0,2
5542,277,1595,2027,0.5492808818817139,0,2
5543,277,1595,573,0.544335663318634,0,2
5544,277,1595,1560,0.529177725315094,0,2
5545,277,1595,2042,0.527960479259491,0,2
5546,277,1595,729,0.5285442471504211,0,2
5547,277,1595,1668,0.5459606051445007,0,2
5548,277,1595,1203,0.5201599597930908,0,2
5549,277,1595,884,0.5478769540786743,0,2
5550,277,1595,623,0.5439326763153076,0,2
5551,277,1595,1823,0.44672682881355286,0,2
5552,277,1595,590,0.47406572103500366,0,2
5553,277,1595,656,0.522646427154541,0,2
5554,277,1595,1036,0.5451136827468872,0,2
5555,277,1595,668,0.5225209593772888,0,2
5556,277,1595,296,0.5211766958236694,0,2
5557,277,1595,1677,0.5252206921577454,0,2
5558,277,1595,790,0.5706400275230408,0,2
5559,277,1595,1918,0.5488486886024475,0,2
5560,278,451,491,0.3724401593208313,1,15
5561,278,451,1503,0.3625634014606476,0,15
5562,278,451,1682,0.39212194085121155,0,15
5563,278,451,870,0.42683175206184387,0,15
5564,278,451,1074,0.3136940598487854,0,15
5565,278,451,1309,0.39362379908561707,0,15
5566,278,451,23,0.3824455738067627,0,15
5567,278,451,570,0.5103553533554077,0,15
5568,278,451,79,0.5437082052230835,0,15
5569,278,451,1645,0.5197944045066833,0,15
5570,278,451,159,0.5515012145042419,0,15
5571,278,451,833,0.30366477370262146,0,15
5572,278,451,914,0.5287700295448303,0,15
5573,278,451,1321,0.364154577255249,0,15
5574,278,451,1917,0.5101776719093323,0,15
5575,278,451,492,0.4040473997592926,0,15
5576,278,451,751,0.40972042083740234,0,15
5577,278,451,586,0.46516844630241394,0,15
5578,278,451,590,0.5422524809837341,0,15
5579,278,451,1947,0.3569425344467163,0,15
5580,279,3435,1759,0.6409807801246643,1,3
5581,279,3435,19,0.590811014175415,0,3
5582,279,3435,543,0.57441246509552,0,3
5583,279,3435,1102,0.5986547470092773,0,3
5584,279,3435,1073,0.5915549993515015,0,3
5585,279,3435,756,0.39865484833717346,0,3
5586,279,3435,1392,0.5048729181289673,0,3
5587,279,3435,1485,0.5782836675643921,0,3
5588,279,3435,453,0.6062796115875244,0,3
5589,279,3435,123,0.41938626766204834,0,3
5590,279,3435,1554,0.6201601624488831,0,3
5591,279,3435,461,0.5303171277046204,0,3
5592,279,3435,1685,0.590814471244812,0,3
5593,279,3435,1735,0.6397249102592468,0,3
5594,279,3435,700,0.3334060311317444,0,3
5595,279,3435,358,0.6549893021583557,0,3
5596,279,3435,201,0.5931615233421326,0,3
5597,279,3435,1393,0.47533610463142395,0,3
5598,279,3435,1718,0.6571293473243713,0,3
5599,279,3435,1937,0.5913280248641968,0,3
5600,280,1604,1362,0.5968897938728333,1,7
5601,280,1604,1201,0.6141079068183899,0,7
5602,280,1604,1744,0.4739200174808502,0,7
5603,280,1604,701,0.5643253922462463,0,7
5604,280,1604,1454,0.5620006322860718,0,7
5605,280,1604,144,0.5483575463294983,0,7
5606,280,1604,875,0.6291919946670532,0,7
5607,280,1604,134,0.6141408085823059,0,7
5608,280,1604,324,0.5569384694099426,0,7
5609,280,1604,235,0.33783194422721863,0,7
5610,280,1604,1271,0.615425705909729,0,7
5611,280,1604,422,0.6063773036003113,0,7
5612,280,1604,434,0.5378682613372803,0,7
5613,280,1604,609,0.5778335928916931,0,7
5614,280,1604,1049,0.5603066682815552,0,7
5615,280,1604,1036,0.5930954217910767,0,7
5616,280,1604,300,0.5702069401741028,0,7
5617,280,1604,1353,0.603622555732727,0,7
5618,280,1604,1660,0.5887562036514282,0,7
5619,280,1604,1200,0.5139728784561157,0,7
5620,281,315,1278,0.5671801567077637,1,1
5621,281,315,1144,0.4330097734928131,0,1
5622,281,315,2053,0.4514945447444916,0,1
5623,281,315,1692,0.543049693107605,0,1
5624,281,315,1222,0.44716185331344604,0,1
5625,281,315,477,0.4672168791294098,0,1
5626,281,315,2024,0.5300111174583435,0,1
5627,281,315,124,0.4486166834831238,0,1
5628,281,315,166,0.4640651047229767,0,1
5629,281,315,521,0.44613397121429443,0,1
5630,281,315,260,0.48625779151916504,0,1
5631,281,315,1578,0.44693294167518616,0,1
5632,281,315,1527,0.471677303314209,0,1
5633,281,315,413,0.4572988748550415,0,1
5634,281,315,1809,0.48035138845443726,0,1
5635,281,315,740,0.467837929725647,0,1
5636,281,315,458,0.4807296395301819,0,1
5637,281,315,1687,0.45149022340774536,0,1
5638,281,315,1554,0.48399806022644043,0,1
5639,281,315,1985,0.4479450583457947,0,1
5640,282,2115,411,0.5396443605422974,1,13
5641,282,2115,588,0.5394400358200073,0,13
5642,282,2115,734,0.5696407556533813,0,13
5643,282,2115,68,0.5470882654190063,0,13
5644,282,2115,1392,0.5158121585845947,0,13
5645,282,2115,116,0.5434495806694031,0,13
5646,282,2115,178,0.5376485586166382,0,13
5647,282,2115,2021,0.5595877170562744,0,13
5648,282,2115,659,0.5650657415390015,0,13
5649,282,2115,1970,0.5634530782699585,0,13
5650,282,2115,942,0.5686971545219421,0,13
5651,282,2115,120,0.46740883588790894,0,13
5652,282,2115,875,0.5619529485702515,0,13
5653,282,2115,1112,0.5354930758476257,0,13
5654,282,2115,928,0.5627492666244507,0,13
5655,282,2115,2045,0.5556272864341736,0,13
5656,282,2115,1519,0.40422767400741577,0,13
5657,282,2115,1887,0.5473847389221191,0,13
5658,282,2115,1019,0.4749881625175476,0,13
5659,282,2115,1429,0.5425894856452942,0,13
5660,283,790,1013,0.6757906079292297,1,9
5661,283,790,786,0.7034573554992676,0,9
5662,283,790,186,0.36098653078079224,0,9
5663,283,790,59,0.5231894254684448,0,9
5664,283,790,1346,0.7149311304092407,0,9
5665,283,790,1,0.7083202600479126,0,9
5666,283,790,221,0.7158737182617188,0,9
5667,283,790,1483,0.6777932643890381,0,9
5668,283,790,1625,0.6389636993408203,0,9
5669,283,790,11,0.6454958319664001,0,9
5670,283,790,637,0.4440756142139435,0,9
5671,283,790,1211,0.7163649201393127,0,9
5672,283,790,1536,0.4116501212120056,0,9
5673,283,790,473,0.6679607033729553,0,9
5674,283,790,261,0.7137600183486938,0,9
5675,283,790,1182,0.771150529384613,0,9
5676,283,790,457,0.5802773237228394,0,9
5677,283,790,1168,0.3772856295108795,0,9
5678,283,790,1573,0.6002209186553955,0,9
5679,283,790,1455,0.6364808082580566,0,9
5680,284,2697,476,0.21075892448425293,1,12
5681,284,2697,1433,0.5802893042564392,0,12
5682,284,2697,259,0.3776029646396637,0,12
5683,284,2697,553,0.13239149749279022,0,12
5684,284,2697,1015,0.142378032207489,0,12
5685,284,2697,44,0.5522916913032532,0,12
5686,284,2697,1354,0.5225284099578857,0,12
5687,284,2697,1186,0.18896569311618805,0,12
5688,284,2697,221,0.1369507759809494,0,12
5689,284,2697,1479,0.2061048150062561,0,12
5690,284,2697,543,0.2809036672115326,0,12
5691,284,2697,51,0.24726539850234985,0,12
5692,284,2697,1056,0.1729700267314911,0,12
5693,284,2697,889,0.34132444858551025,0,12
5694,284,2697,262,0.5006600618362427,0,12
5695,284,2697,331,0.25084856152534485,0,12
5696,284,2697,1727,0.31757646799087524,0,12
5697,284,2697,894,0.24648892879486084,0,12
5698,284,2697,1154,0.20400065183639526,0,12
5699,284,2697,1277,0.1538202464580536,0,12
5700,285,2871,1900,0.4153236746788025,1,9
5701,285,2871,1695,0.42428159713745117,0,9
5702,285,2871,1387,0.3871381878852844,0,9
5703,285,2871,1894,0.5397388339042664,0,9
5704,285,2871,12,0.38429367542266846,0,9
5705,285,2871,1090,0.3280476927757263,0,9
5706,285,2871,310,0.37360021471977234,0,9
5707,285,2871,1225,0.43163812160491943,0,9
5708,285,2871,431,0.5302073955535889,0,9
5709,285,2871,470,0.4064144194126129,0,9
5710,285,2871,318,0.35756269097328186,0,9
5711,285,2871,1011,0.5855488777160645,0,9
5712,285,2871,241,0.4255909025669098,0,9
5713,285,2871,1213,0.3961888551712036,0,9
5714,285,2871,197,0.3789147436618805,0,9
5715,285,2871,277,0.33664095401763916,0,9
5716,285,2871,1596,0.3373337984085083,0,9
5717,285,2871,63,0.36533254384994507,0,9
5718,285,2871,1323,0.6718307733535767,0,9
5719,285,2871,1608,0.49620169401168823,0,9
5720,286,2334,1656,0.49526363611221313,1,17
5721,286,2334,464,0.5454836487770081,0,17
5722,286,2334,377,0.5685228705406189,0,17
5723,286,2334,16,0.49510690569877625,0,17
5724,286,2334,1583,0.5435810089111328,0,17
5725,286,2334,48,0.534673273563385,0,17
5726,286,2334,1082,0.44776076078414917,0,17
5727,286,2334,1436,0.5166621208190918,0,17
5728,286,2334,1448,0.5072817206382751,0,17
5729,286,2334,350,0.5366355180740356,0,17
5730,286,2334,1086,0.5114907622337341,0,17
5731,286,2334,61,0.5448035597801208,0,17
5732,286,2334,1005,0.5318357944488525,0,17
5733,286,2334,1386,0.5310137867927551,0,17
5734,286,2334,1304,0.5466305613517761,0,17
5735,286,2334,828,0.5219136476516724,0,17
5736,286,2334,94,0.5523291826248169,0,17
5737,286,2334,1466,0.5468518137931824,0,17
5738,286,2334,1107,0.41550272703170776,0,17
5739,286,2334,900,0.5336681604385376,0,17
5740,287,2752,1357,0.45086565613746643,1,7
5741,287,2752,877,0.4378355145454407,0,7
5742,287,2752,1162,0.461539626121521,0,7
5743,287,2752,1098,0.42580699920654297,0,7
5744,287,2752,1627,0.42642560601234436,0,7
5745,287,2752,1759,0.42492735385894775,0,7
5746,287,2752,49,0.47541072964668274,0,7
5747,287,2752,856,0.41294974088668823,0,7
5748,287,2752,16,0.44587597250938416,0,7
5749,287,2752,952,0.42251190543174744,0,7
5750,287,2752,785,0.42757362127304077,0,7
5751,287,2752,707,0.43627217411994934,0,7
5752,287,2752,422,0.42742547392845154,0,7
5753,287,2752,949,0.4538836181163788,0,7
5754,287,2752,1896,0.4415062963962555,0,7
5755,287,2752,449,0.5450118184089661,0,7
5756,287,2752,1751,0.46718138456344604,0,7
5757,287,2752,85,0.41627517342567444,0,7
5758,287,2752,1326,0.4545803666114807,0,7
5759,287,2752,1990,0.3697831630706787,0,7
5760,288,1027,1173,0.4214005172252655,1,5
5761,288,1027,1283,0.1797039955854416,0,5
5762,288,1027,2035,0.15491153299808502,0,5
5763,288,1027,1651,0.07421623170375824,0,5
5764,288,1027,220,0.188458651304245,0,5
5765,288,1027,811,0.1173723042011261,0,5
5766,288,1027,1067,0.07031120359897614,0,5
5767,288,1027,1041,0.6032208204269409,0,5
5768,288,1027,1942,0.6733392477035522,0,5
5769,288,1027,2023,0.1912158727645874,0,5
5770,288,1027,828,0.09100426733493805,0,5
5771,288,1027,777,0.10135111212730408,0,5
5772,288,1027,742,0.13102339208126068,0,5
5773,288,1027,103,0.5292567610740662,0,5
5774,288,1027,720,0.3716433048248291,0,5
5775,288,1027,1032,0.11674351245164871,0,5
5776,288,1027,1436,0.1914452314376831,0,5
5777,288,1027,944,0.35451632738113403,0,5
5778,288,1027,1725,0.610443115234375,0,5
5779,288,1027,24,0.1216985210776329,0,5
5780,289,224,2043,0.4733116328716278,1,18
5781,289,224,1749,0.47634604573249817,0,18
5782,289,224,1846,0.3920459747314453,0,18
5783,289,224,1335,0.4839109480381012,0,18
5784,289,224,489,0.4921337068080902,0,18
5785,289,224,201,0.4811278283596039,0,18
5786,289,224,2078,0.47515085339546204,0,18
5787,289,224,1309,0.4837172329425812,0,18
5788,289,224,1255,0.49402669072151184,0,18
5789,289,224,226,0.4876175820827484,0,18
5790,289,224,203,0.49564018845558167,0,18
5791,289,224,415,0.4960533380508423,0,18
5792,289,224,1987,0.48042699694633484,0,18
5793,289,224,15,0.4914812445640564,0,18
5794,289,224,434,0.5292826294898987,0,18
5795,289,224,964,0.47542786598205566,0,18
5796,289,224,2024,0.5272678136825562,0,18
5797,289,224,200,0.502159595489502,0,18
5798,289,224,2016,0.4893231689929962,0,18
5799,289,224,521,0.4723072350025177,0,18
5800,290,1429,965,0.37962639331817627,1,20
5801,290,1429,1133,0.5543410778045654,0,20
5802,290,1429,41,0.508283793926239,0,20
5803,290,1429,1360,0.5525153279304504,0,20
5804,290,1429,1191,0.5351914763450623,0,20
5805,290,1429,1994,0.5559943914413452,0,20
5806,290,1429,119,0.5395185351371765,0,20
5807,290,1429,1417,0.5410517454147339,0,20
5808,290,1429,874,0.5483893156051636,0,20
5809,290,1429,938,0.5428999662399292,0,20
5810,290,1429,580,0.5642841458320618,0,20
5811,290,1429,182,0.4038861095905304,0,20
5812,290,1429,198,0.5544394850730896,0,20
5813,290,1429,65,0.5571472644805908,0,20
5814,290,1429,1110,0.5707165598869324,0,20
5815,290,1429,455,0.4482402205467224,0,20
5816,290,1429,1491,0.5545024871826172,0,20
5817,290,1429,508,0.427666038274765,0,20
5818,290,1429,28,0.5332416892051697,0,20
5819,290,1429,1099,0.5644108653068542,0,20
5820,291,3759,857,0.22213560342788696,1,10
5821,291,3759,621,0.5636695623397827,0,10
5822,291,3759,1000,0.3649027645587921,0,10
5823,291,3759,2049,0.28449779748916626,0,10
5824,291,3759,1831,0.1504034399986267,0,10
5825,291,3759,75,0.1594845950603485,0,10
5826,291,3759,503,0.2398780882358551,0,10
5827,291,3759,237,0.5432469248771667,0,10
5828,291,3759,1541,0.12577512860298157,0,10
5829,291,3759,2004,0.17632395029067993,0,10
5830,291,3759,1295,0.20346882939338684,0,10
5831,291,3759,1291,0.12794150412082672,0,10
5832,291,3759,406,0.2268020063638687,0,10
5833,291,3759,2059,0.17409953474998474,0,10
5834,291,3759,1433,0.5884339213371277,0,10
5835,291,3759,1476,0.4738743007183075,0,10
5836,291,3759,945,0.2543022036552429,0,10
5837,291,3759,1306,0.09931160509586334,0,10
5838,291,3759,2027,0.15831945836544037,0,10
5839,291,3759,367,0.16334088146686554,0,10
5840,292,2461,473,0.46729761362075806,1,7
5841,292,2461,436,0.4290419816970825,0,7
5842,292,2461,853,0.41887885332107544,0,7
5843,292,2461,154,0.44453224539756775,0,7
5844,292,2461,1249,0.4813433885574341,0,7
5845,292,2461,504,0.42577236890792847,0,7
5846,292,2461,1902,0.47486650943756104,0,7
5847,292,2461,1431,0.45590269565582275,0,7
5848,292,2461,398,0.5183510184288025,0,7
5849,292,2461,141,0.4626728594303131,0,7
5850,292,2461,863,0.4663673937320709,0,7
5851,292,2461,982,0.4496026039123535,0,7
5852,292,2461,1064,0.452557235956192,0,7
5853,292,2461,779,0.4563179612159729,0,7
5854,292,2461,81,0.45106765627861023,0,7
5855,292,2461,457,0.519856870174408,0,7
5856,292,2461,1485,0.4584999978542328,0,7
5857,292,2461,755,0.49166297912597656,0,7
5858,292,2461,784,0.4585215747356415,0,7
5859,292,2461,791,0.4947904944419861,0,7
5860,293,2798,1075,0.4785672426223755,1,6
5861,293,2798,1238,0.4327225983142853,0,6
5862,293,2798,1743,0.444453626871109,0,6
5863,293,2798,521,0.43309077620506287,0,6
5864,293,2798,572,0.4804924428462982,0,6
5865,293,2798,56,0.5181059837341309,0,6
5866,293,2798,1817,0.49094855785369873,0,6
5867,293,2798,1244,0.4334564507007599,0,6
5868,293,2798,1787,0.5247681140899658,0,6
5869,293,2798,1742,0.4608692228794098,0,6
5870,293,2798,492,0.4624781310558319,0,6
5871,293,2798,1877,0.5045523047447205,0,6
5872,293,2798,628,0.47140252590179443,0,6
5873,293,2798,1886,0.4777424931526184,0,6
5874,293,2798,807,0.47090280055999756,0,6
5875,293,2798,893,0.4756031632423401,0,6
5876,293,2798,785,0.46018368005752563,0,6
5877,293,2798,1123,0.4370601773262024,0,6
5878,293,2798,95,0.4540655314922333,0,6
5879,293,2798,1695,0.4731861352920532,0,6
5880,294,3258,1780,0.5271387100219727,1,16
5881,294,3258,985,0.5774520635604858,0,16
5882,294,3258,1995,0.3244435489177704,0,16
5883,294,3258,613,0.5170367956161499,0,16
5884,294,3258,807,0.5549378395080566,0,16
5885,294,3258,1206,0.540309727191925,0,16
5886,294,3258,1050,0.5533361434936523,0,16
5887,294,3258,911,0.5571279525756836,0,16
5888,294,3258,320,0.5672556757926941,0,16
5889,294,3258,481,0.5833146572113037,0,16
5890,294,3258,706,0.5689781904220581,0,16
5891,294,3258,1820,0.5520581603050232,0,16
5892,294,3258,1289,0.5794772505760193,0,16
5893,294,3258,1356,0.5595112442970276,0,16
5894,294,3258,579,0.3421202600002289,0,16
5895,294,3258,352,0.5028406977653503,0,16
5896,294,3258,1809,0.5395148992538452,0,16
5897,294,3258,1378,0.5621882081031799,0,16
5898,294,3258,1837,0.556365430355072,0,16
5899,294,3258,461,0.5508046746253967,0,16
5900,295,4036,371,0.5910770297050476,1,8
5901,295,4036,1169,0.6248494982719421,0,8
5902,295,4036,378,0.5896031260490417,0,8
5903,295,4036,1965,0.5281218886375427,0,8
5904,295,4036,1957,0.6049887537956238,0,8
5905,295,4036,1828,0.5066230893135071,0,8
5906,295,4036,1060,0.5479320287704468,0,8
5907,295,4036,719,0.35465893149375916,0,8
5908,295,4036,752,0.6520458459854126,0,8
5909,295,4036,804,0.6185722351074219,0,8
5910,295,4036,666,0.5878826379776001,0,8
5911,295,4036,1916,0.5733456015586853,0,8
5912,295,4036,1351,0.5705093145370483,0,8
5913,295,4036,2026,0.41026270389556885,0,8
5914,295,4036,619,0.5772949457168579,0,8
5915,295,4036,880,0.6873950362205505,0,8
5916,295,4036,1961,0.6357046961784363,0,8
5917,295,4036,106,0.42047467827796936,0,8
5918,295,4036,35,0.590108335018158,0,8
5919,295,4036,1501,0.6342490911483765,0,8
5920,296,543,965,0.3527579605579376,1,20
5921,296,543,1914,0.49414247274398804,0,20
5922,296,543,1072,0.6133760213851929,0,20
5923,296,543,1692,0.5470933318138123,0,20
5924,296,543,1643,0.36230048537254333,0,20
5925,296,543,435,0.5708933472633362,0,20
5926,296,543,211,0.6401435732841492,0,20
5927,296,543,787,0.5961862802505493,0,20
5928,296,543,1687,0.6340268850326538,0,20
5929,296,543,1642,0.46904483437538147,0,20
5930,296,543,1937,0.5871759653091431,0,20
5931,296,543,1381,0.5277427434921265,0,20
5932,296,543,1211,0.6356735825538635,0,20
5933,296,543,1550,0.5569010972976685,0,20
5934,296,543,1631,0.5299124717712402,0,20
5935,296,543,1946,0.5141718983650208,0,20
5936,296,543,336,0.601460337638855,0,20
5937,296,543,1018,0.5695692300796509,0,20
5938,296,543,868,0.6341947913169861,0,20
5939,296,543,1694,0.4138546288013458,0,20
5940,297,2012,1461,0.5833223462104797,1,3
5941,297,2012,1367,0.5277442336082458,0,3
5942,297,2012,623,0.5622813701629639,0,3
5943,297,2012,1723,0.36176222562789917,0,3
5944,297,2012,1035,0.5639122724533081,0,3
5945,297,2012,1299,0.5601945519447327,0,3
5946,297,2012,569,0.5565268993377686,0,3
5947,297,2012,170,0.5746989250183105,0,3
5948,297,2012,76,0.5731567144393921,0,3
5949,297,2012,2026,0.4058195650577545,0,3
5950,297,2012,563,0.5313339233398438,0,3
5951,297,2012,506,0.5729917883872986,0,3
5952,297,2012,139,0.4591464698314667,0,3
5953,297,2012,595,0.5246620774269104,0,3
5954,297,2012,389,0.5615218877792358,0,3
5955,297,2012,924,0.4042609930038452,0,3
5956,297,2012,952,0.5930144190788269,0,3
5957,297,2012,1586,0.5970271825790405,0,3
5958,297,2012,1733,0.5541382431983948,0,3
5959,297,2012,1101,0.5545649528503418,0,3
5960,298,210,58,0.8170801997184753,1,2
5961,298,210,1101,0.7651122212409973,0,2
5962,298,210,1781,0.7928645014762878,0,2
5963,298,210,1910,0.7203474640846252,0,2
5964,298,210,1117,0.7450977563858032,0,2
5965,298,210,96,0.7788732051849365,0,2
5966,298,210,1633,0.6916548013687134,0,2
5967,298,210,731,0.7007610201835632,0,2
5968,298,210,693,0.683800220489502,0,2
5969,298,210,1402,0.7715933918952942,0,2
5970,298,210,1121,0.52555912733078,0,2
5971,298,210,1877,0.293766051530838,0,2
5972,298,210,1213,0.7110063433647156,0,2
5973,298,210,1898,0.7843161821365356,0,2
5974,298,210,1145,0.7529065608978271,0,2
5975,298,210,1735,0.7876115441322327,0,2
5976,298,210,925,0.6704145073890686,0,2
5977,298,210,974,0.7967045903205872,0,2
5978,298,210,663,0.8182509541511536,0,2
5979,298,210,440,0.7913336157798767,0,2
5980,299,1680,1877,0.76966392993927,1,1
5981,299,1680,1632,0.43390795588493347,0,1
5982,299,1680,1000,0.3917367160320282,0,1
5983,299,1680,693,0.37310633063316345,0,1
5984,299,1680,488,0.3341125547885895,0,1
5985,299,1680,1281,0.2556915879249573,0,1
5986,299,1680,1418,0.23458988964557648,0,1
5987,299,1680,926,0.3970741629600525,0,1
5988,299,1680,1947,0.26191869378089905,0,1
5989,299,1680,239,0.3630143404006958,0,1
5990,299,1680,1092,0.5234577059745789,0,1
5991,299,1680,984,0.3036060035228729,0,1
5992,299,1680,1557,0.47566336393356323,0,1
5993,299,1680,1540,0.29892000555992126,0,1
5994,299,1680,1225,0.35445916652679443,0,1
5995,299,1680,208,0.5927040576934814,0,1
5996,299,1680,268,0.19461244344711304,0,1
5997,299,1680,189,0.2343718707561493,0,1
5998,299,1680,1465,0.29794996976852417,0,1
5999,299,1680,475,0.4911288321018219,0,1
6000,300,3184,1635,0.40029940009117126,1,9
6001,300,3184,1670,0.44787928462028503,0,9
6002,300,3184,1999,0.4947141706943512,0,9
6003,300,3184,1806,0.7858911752700806,0,9
6004,300,3184,178,0.35135605931282043,0,9
6005,300,3184,140,0.29862749576568604,0,9
6006,300,3184,1611,0.3408573567867279,0,9
6007,300,3184,632,0.3796769380569458,0,9
6008,300,3184,1723,0.4721536636352539,0,9
6009,300,3184,1003,0.34184882044792175,0,9
6010,300,3184,1148,0.48371875286102295,0,9
6011,300,3184,1949,0.5379884243011475,0,9
6012,300,3184,993,0.5051626563072205,0,9
6013,300,3184,334,0.2761678993701935,0,9
6014,300,3184,1285,0.4010505676269531,0,9
6015,300,3184,1056,0.29463857412338257,0,9
6016,300,3184,731,0.38388165831565857,0,9
6017,300,3184,412,0.37206944823265076,0,9
6018,300,3184,1772,0.3568306565284729,0,9
6019,300,3184,156,0.2666856646537781,0,9
6020,301,2430,407,0.3312869369983673,1,18
6021,301,2430,1318,0.6247149705886841,0,18
6022,301,2430,356,0.6741055846214294,0,18
6023,301,2430,161,0.6858521103858948,0,18
6024,301,2430,199,0.5981219410896301,0,18
6025,301,2430,731,0.7016806602478027,0,18
6026,301,2430,1932,0.3154573142528534,0,18
6027,301,2430,1827,0.6741454601287842,0,18
6028,301,2430,1778,0.718163013458252,0,18
6029,301,2430,1176,0.7153523564338684,0,18
6030,301,2430,1451,0.8332240581512451,0,18
6031,301,2430,1735,0.7888848781585693,0,18
6032,301,2430,860,0.6058458089828491,0,18
6033,301,2430,1175,0.6863477826118469,0,18
6034,301,2430,1723,0.32320016622543335,0,18
6035,301,2430,1806,0.33438384532928467,0,18
6036,301,2430,1760,0.4126965403556824,0,18
6037,301,2430,292,0.6989858746528625,0,18
6038,301,2430,406,0.750322163105011,0,18
6039,301,2430,1645,0.5675805807113647,0,18
6040,302,1938,1865,0.6065582036972046,1,11
6041,302,1938,2067,0.6159327030181885,0,11
6042,302,1938,1996,0.5570336580276489,0,11
6043,302,1938,718,0.6223894357681274,0,11
6044,302,1938,1407,0.5462904572486877,0,11
6045,302,1938,753,0.6355478167533875,0,11
6046,302,1938,1601,0.6206796169281006,0,11
6047,302,1938,536,0.5830162167549133,0,11
6048,302,1938,62,0.5889459252357483,0,11
6049,302,1938,69,0.5958317518234253,0,11
6050,302,1938,1002,0.44256410002708435,0,11
6051,302,1938,1708,0.6473862528800964,0,11
6052,302,1938,1726,0.6670767068862915,0,11
6053,302,1938,1616,0.6641664505004883,0,11
6054,302,1938,502,0.6184213161468506,0,11
6055,302,1938,146,0.535115659236908,0,11
6056,302,1938,424,0.5463981032371521,0,11
6057,302,1938,1530,0.5824928879737854,0,11
6058,302,1938,1593,0.6338046789169312,0,11
6059,302,1938,1501,0.6169710159301758,0,11
6060,303,365,195,0.6916590929031372,1,7
6061,303,365,132,0.6964223384857178,0,7
6062,303,365,893,0.6126676201820374,0,7
6063,303,365,1264,0.70792555809021,0,7
6064,303,365,509,0.6658160090446472,0,7
6065,303,365,53,0.6530662775039673,0,7
6066,303,365,1638,0.7014893293380737,0,7
6067,303,365,1107,0.3886373043060303,0,7
6068,303,365,1435,0.5928400158882141,0,7
6069,303,365,2030,0.4521501660346985,0,7
6070,303,365,730,0.6969344019889832,0,7
6071,303,365,948,0.28658998012542725,0,7
6072,303,365,1972,0.40149974822998047,0,7
6073,303,365,665,0.6112714409828186,0,7
6074,303,365,1271,0.7322744727134705,0,7
6075,303,365,2004,0.7408583164215088,0,7
6076,303,365,453,0.6671462059020996,0,7
6077,303,365,147,0.6294610500335693,0,7
6078,303,365,628,0.408355712890625,0,7
6079,303,365,1641,0.3002897799015045,0,7
6080,304,2801,1047,0.5821071267127991,1,12
6081,304,2801,573,0.6316746473312378,0,12
6082,304,2801,230,0.5435175895690918,0,12
6083,304,2801,898,0.5920782685279846,0,12
6084,304,2801,1086,0.6278707385063171,0,12
6085,304,2801,1144,0.6401126384735107,0,12
6086,304,2801,1683,0.6349624991416931,0,12
6087,304,2801,1780,0.5443695783615112,0,12
6088,304,2801,728,0.6194802522659302,0,12
6089,304,2801,1407,0.5489921569824219,0,12
6090,304,2801,1961,0.6175162196159363,0,12
6091,304,2801,1385,0.5417273640632629,0,12
6092,304,2801,451,0.46192270517349243,0,12
6093,304,2801,241,0.6068954467773438,0,12
6094,304,2801,341,0.5974774360656738,0,12
6095,304,2801,410,0.5113525986671448,0,12
6096,304,2801,685,0.6436929702758789,0,12
6097,304,2801,789,0.40433627367019653,0,12
6098,304,2801,636,0.5888645648956299,0,12
6099,304,2801,808,0.5287994146347046,0,12
6100,305,3438,770,0.5588845014572144,1,17
6101,305,3438,85,0.6079803705215454,0,17
6102,305,3438,132,0.600328266620636,0,17
6103,305,3438,184,0.6055732369422913,0,17
6104,305,3438,270,0.5617676377296448,0,17
6105,305,3438,100,0.6159003973007202,0,17
6106,305,3438,651,0.6372352242469788,0,17
6107,305,3438,620,0.5779222249984741,0,17
6108,305,3438,2033,0.566304624080658,0,17
6109,305,3438,590,0.43551746010780334,0,17
6110,305,3438,521,0.58917236328125,0,17
6111,305,3438,1640,0.5084222555160522,0,17
6112,305,3438,1675,0.5821478962898254,0,17
6113,305,3438,1621,0.566551923751831,0,17
6114,305,3438,1098,0.6077269315719604,0,17
6115,305,3438,769,0.6142235994338989,0,17
6116,305,3438,265,0.6269912719726562,0,17
6117,305,3438,2041,0.6065477728843689,0,17
6118,305,3438,1541,0.6190367341041565,0,17
6119,305,3438,1233,0.5542622208595276,0,17
6120,306,3770,776,0.6834093928337097,1,10
6121,306,3770,789,0.36125725507736206,0,10
6122,306,3770,1799,0.4582635760307312,0,10
6123,306,3770,1357,0.6593347787857056,0,10
6124,306,3770,1406,0.6786268353462219,0,10
6125,306,3770,245,0.5989001989364624,0,10
6126,306,3770,422,0.7419151663780212,0,10
6127,306,3770,979,0.7045985460281372,0,10
6128,306,3770,998,0.7333444356918335,0,10
6129,306,3770,650,0.7675331830978394,0,10
6130,306,3770,1502,0.7010893821716309,0,10
6131,306,3770,806,0.742720901966095,0,10
6132,306,3770,586,0.42503827810287476,0,10
6133,306,3770,2053,0.740127682685852,0,10
6134,306,3770,1663,0.4403643012046814,0,10
6135,306,3770,1865,0.6799521446228027,0,10
6136,306,3770,1552,0.5979766845703125,0,10
6137,306,3770,1379,0.40241798758506775,0,10
6138,306,3770,265,0.7843990325927734,0,10
6139,306,3770,135,0.7519912123680115,0,10
6140,307,2711,1846,0.3971690833568573,1,20
6141,307,2711,117,0.5708078145980835,0,20
6142,307,2711,360,0.5264728665351868,0,20
6143,307,2711,55,0.41945329308509827,0,20
6144,307,2711,1240,0.4703425467014313,0,20
6145,307,2711,1608,0.4886191785335541,0,20
6146,307,2711,1510,0.4365200400352478,0,20
6147,307,2711,457,0.522763192653656,0,20
6148,307,2711,743,0.4813952147960663,0,20
6149,307,2711,1289,0.45928293466567993,0,20
6150,307,2711,1364,0.4726952016353607,0,20
6151,307,2711,1722,0.4803023338317871,0,20
6152,307,2711,1459,0.4659242331981659,0,20
6153,307,2711,907,0.5289769172668457,0,20
6154,307,2711,175,0.4534943699836731,0,20
6155,307,2711,199,0.5475485324859619,0,20
6156,307,2711,2018,0.4154658615589142,0,20
6157,307,2711,597,0.42881080508232117,0,20
6158,307,2711,153,0.4267807602882385,0,20
6159,307,2711,1618,0.5041331648826599,0,20
6160,308,2602,1631,0.5300680994987488,1,15
6161,308,2602,1008,0.5408554673194885,0,15
6162,308,2602,749,0.568314790725708,0,15
6163,308,2602,1233,0.5442218780517578,0,15
6164,308,2602,2004,0.592796802520752,0,15
6165,308,2602,276,0.5792323350906372,0,15
6166,308,2602,1744,0.47240546345710754,0,15
6167,308,2602,808,0.5258457660675049,0,15
6168,308,2602,1856,0.5610662698745728,0,15
6169,308,2602,866,0.5499354004859924,0,15
6170,308,2602,456,0.549254298210144,0,15
6171,308,2602,760,0.41755905747413635,0,15
6172,308,2602,1433,0.5052758455276489,0,15
6173,308,2602,719,0.37319397926330566,0,15
6174,308,2602,1211,0.5729008316993713,0,15
6175,308,2602,1007,0.5695866346359253,0,15
6176,308,2602,1690,0.588530421257019,0,15
6177,308,2602,1331,0.5477593541145325,0,15
6178,308,2602,393,0.5646862387657166,0,15
6179,308,2602,496,0.5536309480667114,0,15
6180,309,931,1578,0.5171394348144531,1,3
6181,309,931,1362,0.29237115383148193,0,3
6182,309,931,566,0.2920185625553131,0,3
6183,309,931,1957,0.3815949559211731,0,3
6184,309,931,373,0.5164723992347717,0,3
6185,309,931,1092,0.5021316409111023,0,3
6186,309,931,1297,0.26738443970680237,0,3
6187,309,931,520,0.34779518842697144,0,3
6188,309,931,638,0.2401582896709442,0,3
6189,309,931,1166,0.2883113920688629,0,3
6190,309,931,848,0.26021891832351685,0,3
6191,309,931,1984,0.22449947893619537,0,3
6192,309,931,1013,0.30106258392333984,0,3
6193,309,931,1922,0.46707791090011597,0,3
6194,309,931,846,0.27994802594184875,0,3
6195,309,931,418,0.2324502319097519,0,3
6196,309,931,1693,0.5445852875709534,0,3
6197,309,931,272,0.3325224220752716,0,3
6198,309,931,1629,0.34551212191581726,0,3
6199,309,931,1671,0.5185059309005737,0,3
6200,310,1597,919,0.4408540427684784,1,18
6201,310,1597,994,0.5086418390274048,0,18
6202,310,1597,0,0.5359224081039429,0,18
6203,310,1597,259,0.5380774736404419,0,18
6204,310,1597,699,0.39272111654281616,0,18
6205,310,1597,247,0.5191146731376648,0,18
6206,310,1597,905,0.5169855952262878,0,18
6207,310,1597,698,0.5347727537155151,0,18
6208,310,1597,2078,0.5220829248428345,0,18
6209,310,1597,1174,0.5254069566726685,0,18
6210,310,1597,976,0.5643433332443237,0,18
6211,310,1597,189,0.516838788986206,0,18
6212,310,1597,847,0.5405497550964355,0,18
6213,310,1597,1230,0.5356473326683044,0,18
6214,310,1597,1836,0.4993584156036377,0,18
6215,310,1597,1984,0.5218680500984192,0,18
6216,310,1597,1732,0.3929043412208557,0,18
6217,310,1597,1951,0.5259925127029419,0,18
6218,310,1597,11,0.508859395980835,0,18
6219,310,1597,1457,0.5330781936645508,0,18
6220,311,2741,795,0.5680081248283386,1,16
6221,311,2741,4,0.6300640106201172,0,16
6222,311,2741,149,0.49595385789871216,0,16
6223,311,2741,890,0.6588561534881592,0,16
6224,311,2741,1165,0.6340736150741577,0,16
6225,311,2741,1249,0.5792902112007141,0,16
6226,311,2741,1850,0.5890146493911743,0,16
6227,311,2741,1610,0.35286566615104675,0,16
6228,311,2741,1409,0.6041648387908936,0,16
6229,311,2741,286,0.5978050231933594,0,16
6230,311,2741,1121,0.5069355368614197,0,16
6231,311,2741,658,0.6643046736717224,0,16
6232,311,2741,1001,0.586675226688385,0,16
6233,311,2741,1560,0.599849283695221,0,16
6234,311,2741,75,0.6129226088523865,0,16
6235,311,2741,161,0.5887420773506165,0,16
6236,311,2741,769,0.6537825465202332,0,16
6237,311,2741,1520,0.6094203591346741,0,16
6238,311,2741,1306,0.6661935448646545,0,16
6239,311,2741,958,0.45682141184806824,0,16
6240,312,2912,2018,0.44852879643440247,1,18
6241,312,2912,1698,0.489309698343277,0,18
6242,312,2912,1733,0.5205634832382202,0,18
6243,312,2912,878,0.4640786051750183,0,18
6244,312,2912,439,0.48025399446487427,0,18
6245,312,2912,1517,0.4453207850456238,0,18
6246,312,2912,1941,0.5247471928596497,0,18
6247,312,2912,1300,0.45945772528648376,0,18
6248,312,2912,585,0.47982391715049744,0,18
6249,312,2912,1292,0.45325392484664917,0,18
6250,312,2912,1078,0.48203909397125244,0,18
6251,312,2912,680,0.466918021440506,0,18
6252,312,2912,1455,0.49609634280204773,0,18
6253,312,2912,454,0.4399552345275879,0,18
6254,312,2912,1675,0.5086496472358704,0,18
6255,312,2912,1678,0.4607528746128082,0,18
6256,312,2912,963,0.4716000258922577,0,18
6257,312,2912,499,0.5341363549232483,0,18
6258,312,2912,735,0.4796003997325897,0,18
6259,312,2912,148,0.5109682083129883,0,18
6260,313,2649,455,0.4463293254375458,1,20
6261,313,2649,128,0.5560341477394104,0,20
6262,313,2649,1999,0.5713297128677368,0,20
6263,313,2649,1152,0.5569464564323425,0,20
6264,313,2649,458,0.5719990134239197,0,20
6265,313,2649,348,0.5615035891532898,0,20
6266,313,2649,1806,0.5029332041740417,0,20
6267,313,2649,1194,0.5729514360427856,0,20
6268,313,2649,1062,0.5584698915481567,0,20
6269,313,2649,1586,0.5861896872520447,0,20
6270,313,2649,1535,0.5312716364860535,0,20
6271,313,2649,126,0.5726603269577026,0,20
6272,313,2649,838,0.4467505216598511,0,20
6273,313,2649,818,0.5283216834068298,0,20
6274,313,2649,281,0.5465774536132812,0,20
6275,313,2649,1189,0.5627833604812622,0,20
6276,313,2649,1477,0.5594237446784973,0,20
6277,313,2649,1615,0.5641428828239441,0,20
6278,313,2649,80,0.5735455751419067,0,20
6279,313,2649,88,0.5537992715835571,0,20
6280,314,3065,43,0.6643180251121521,1,12
6281,314,3065,1554,0.7367667555809021,0,12
6282,314,3065,725,0.7231190204620361,0,12
6283,314,3065,1011,0.4907439351081848,0,12
6284,314,3065,229,0.4637560248374939,0,12
6285,314,3065,394,0.7024286389350891,0,12
6286,314,3065,12,0.7715548276901245,0,12
6287,314,3065,49,0.331068754196167,0,12
6288,314,3065,684,0.6713853478431702,0,12
6289,314,3065,529,0.37412187457084656,0,12
6290,314,3065,241,0.7085127234458923,0,12
6291,314,3065,1225,0.6557431817054749,0,12
6292,314,3065,950,0.6957088112831116,0,12
6293,314,3065,899,0.7632368206977844,0,12
6294,314,3065,1330,0.6585407853126526,0,12
6295,314,3065,460,0.7890713214874268,0,12
6296,314,3065,1250,0.4505031406879425,0,12
6297,314,3065,415,0.7496490478515625,0,12
6298,314,3065,201,0.7027575969696045,0,12
6299,314,3065,1922,0.6072753667831421,0,12
6300,315,225,1697,0.5308700799942017,1,1
6301,315,225,1002,0.46435612440109253,0,1
6302,315,225,312,0.5015096068382263,0,1
6303,315,225,1362,0.4902924597263336,0,1
6304,315,225,2067,0.5039015412330627,0,1
6305,315,225,1332,0.45461663603782654,0,1
6306,315,225,319,0.5226393342018127,0,1
6307,315,225,1252,0.47791287302970886,0,1
6308,315,225,343,0.4973430633544922,0,1
6309,315,225,1705,0.4988308548927307,0,1
6310,315,225,1107,0.40155985951423645,0,1
6311,315,225,113,0.5265519618988037,0,1
6312,315,225,1384,0.49075737595558167,0,1
6313,315,225,1976,0.514451265335083,0,1
6314,315,225,307,0.5017140507698059,0,1
6315,315,225,1424,0.4962889850139618,0,1
6316,315,225,1993,0.49307626485824585,0,1
6317,315,225,1208,0.49208900332450867,0,1
6318,315,225,668,0.5025162100791931,0,1
6319,315,225,1696,0.48273834586143494,0,1
6320,316,2554,843,0.6354820132255554,1,10
6321,316,2554,836,0.4644005298614502,0,10
6322,316,2554,961,0.5654916167259216,0,10
6323,316,2554,827,0.6658828258514404,0,10
6324,316,2554,305,0.6987995505332947,0,10
6325,316,2554,1487,0.6726319193840027,0,10
6326,316,2554,413,0.7063485980033875,0,10
6327,316,2554,835,0.6829663515090942,0,10
6328,316,2554,1394,0.7140074372291565,0,10
6329,316,2554,1879,0.6082295775413513,0,10
6330,316,2554,1530,0.6114794015884399,0,10
6331,316,2554,993,0.4565317928791046,0,10
6332,316,2554,1895,0.6933369040489197,0,10
6333,316,2554,161,0.6331505179405212,0,10
6334,316,2554,7,0.5684260129928589,0,10
6335,316,2554,976,0.5451311469078064,0,10
6336,316,2554,612,0.6361272931098938,0,10
6337,316,2554,862,0.6222031712532043,0,10
6338,316,2554,284,0.7110956907272339,0,10
6339,316,2554,237,0.3391813337802887,0,10
6340,317,2394,1706,0.52227383852005,1,11
6341,317,2394,643,0.5387464761734009,0,11
6342,317,2394,335,0.4910566508769989,0,11
6343,317,2394,1174,0.5112689733505249,0,11
6344,317,2394,570,0.5371707677841187,0,11
6345,317,2394,681,0.5218745470046997,0,11
6346,317,2394,1931,0.5351575613021851,0,11
6347,317,2394,7,0.541536808013916,0,11
6348,317,2394,181,0.5416156649589539,0,11
6349,317,2394,1034,0.5369383096694946,0,11
6350,317,2394,90,0.5350945591926575,0,11
6351,317,2394,248,0.5345008373260498,0,11
6352,317,2394,1751,0.5127032995223999,0,11
6353,317,2394,1642,0.46395453810691833,0,11
6354,317,2394,1840,0.4981203079223633,0,11
6355,317,2394,519,0.5443415641784668,0,11
6356,317,2394,918,0.5205277800559998,0,11
6357,317,2394,1777,0.40212932229042053,0,11
6358,317,2394,151,0.395542711019516,0,11
6359,317,2394,667,0.5377912521362305,0,11
6360,318,1918,909,0.5323190689086914,1,17
6361,318,1918,1772,0.6156142354011536,0,17
6362,318,1918,636,0.5848225355148315,0,17
6363,318,1918,313,0.5872308611869812,0,17
6364,318,1918,74,0.4050617218017578,0,17
6365,318,1918,1541,0.6463626027107239,0,17
6366,318,1918,1174,0.6297375559806824,0,17
6367,318,1918,785,0.6513912677764893,0,17
6368,318,1918,1259,0.5699458718299866,0,17
6369,318,1918,79,0.5328359603881836,0,17
6370,318,1918,1916,0.5603362321853638,0,17
6371,318,1918,1793,0.5939999222755432,0,17
6372,318,1918,1739,0.45850813388824463,0,17
6373,318,1918,1642,0.47230276465415955,0,17
6374,318,1918,1874,0.6169233322143555,0,17
6375,318,1918,1226,0.5952818989753723,0,17
6376,318,1918,1351,0.5677891373634338,0,17
6377,318,1918,23,0.582142174243927,0,17
6378,318,1918,252,0.583937406539917,0,17
6379,318,1918,1988,0.5699955821037292,0,17
6380,319,2997,1738,0.5977263450622559,1,11
6381,319,2997,691,0.5906178951263428,0,11
6382,319,2997,1147,0.4656624495983124,0,11
6383,319,2997,1234,0.561218798160553,0,11
6384,319,2997,936,0.5351628661155701,0,11
6385,319,2997,1679,0.6085644364356995,0,11
6386,319,2997,1562,0.6312668919563293,0,11
6387,319,2997,1620,0.3954823315143585,0,11
6388,319,2997,661,0.44563212990760803,0,11
6389,319,2997,391,0.5947248935699463,0,11
6390,319,2997,1376,0.6558464765548706,0,11
6391,319,2997,1537,0.6017909646034241,0,11
6392,319,2997,721,0.6343011260032654,0,11
6393,319,2997,1746,0.606174886226654,0,11
6394,319,2997,130,0.6191741824150085,0,11
6395,319,2997,28,0.5954706072807312,0,11
6396,319,2997,855,0.604123592376709,0,11
6397,319,2997,1170,0.4102204442024231,0,11
6398,319,2997,223,0.6806736588478088,0,11
6399,319,2997,1502,0.6037785410881042,0,11
6400,320,1448,834,0.444330632686615,1,6
6401,320,1448,1970,0.274738073348999,0,6
6402,320,1448,1592,0.3016953468322754,0,6
6403,320,1448,1600,0.2880937159061432,0,6
6404,320,1448,363,0.34773027896881104,0,6
6405,320,1448,1676,0.29036593437194824,0,6
6406,320,1448,1804,0.29723137617111206,0,6
6407,320,1448,853,0.2576853930950165,0,6
6408,320,1448,1113,0.3210713863372803,0,6
6409,320,1448,1224,0.38069581985473633,0,6
6410,320,1448,573,0.31540340185165405,0,6
6411,320,1448,2006,0.5162867307662964,0,6
6412,320,1448,1351,0.5276674032211304,0,6
6413,320,1448,2064,0.3199799358844757,0,6
6414,320,1448,1479,0.34672972559928894,0,6
6415,320,1448,1862,0.512907087802887,0,6
6416,320,1448,1199,0.334895521402359,0,6
6417,320,1448,596,0.5495145916938782,0,6
6418,320,1448,1346,0.28839045763015747,0,6
6419,320,1448,1617,0.49721360206604004,0,6
6420,321,529,649,0.5370876789093018,1,2
6421,321,529,552,0.531596839427948,0,2
6422,321,529,1792,0.5384088754653931,0,2
6423,321,529,950,0.42406681180000305,0,2
6424,321,529,183,0.4954792857170105,0,2
6425,321,529,1994,0.4138677716255188,0,2
6426,321,529,914,0.5216279029846191,0,2
6427,321,529,1249,0.44856926798820496,0,2
6428,321,529,216,0.3746362030506134,0,2
6429,321,529,1236,0.31637415289878845,0,2
6430,321,529,1573,0.48118916153907776,0,2
6431,321,529,1270,0.4426628649234772,0,2
6432,321,529,943,0.515049159526825,0,2
6433,321,529,78,0.48512765765190125,0,2
6434,321,529,786,0.40530604124069214,0,2
6435,321,529,392,0.4322924017906189,0,2
6436,321,529,1164,0.32533156871795654,0,2
6437,321,529,997,0.396602988243103,0,2
6438,321,529,1925,0.36892053484916687,0,2
6439,321,529,294,0.3996160626411438,0,2
6440,322,1962,971,0.2927098572254181,1,9
6441,322,1962,624,0.4751298129558563,0,9
6442,322,1962,1867,0.5162868499755859,0,9
6443,322,1962,1037,0.21066118776798248,0,9
6444,322,1962,1426,0.4502612352371216,0,9
6445,322,1962,460,0.22591742873191833,0,9
6446,322,1962,1295,0.2652750015258789,0,9
6447,322,1962,770,0.290285587310791,0,9
6448,322,1962,282,0.5785200595855713,0,9
6449,322,1962,1288,0.32343652844429016,0,9
6450,322,1962,298,0.49733924865722656,0,9
6451,322,1962,141,0.2614157497882843,0,9
6452,322,1962,416,0.16621465981006622,0,9
6453,322,1962,1169,0.3396926522254944,0,9
6454,322,1962,1687,0.19596920907497406,0,9
6455,322,1962,1906,0.2783958315849304,0,9
6456,322,1962,1793,0.26008227467536926,0,9
6457,322,1962,990,0.3614104986190796,0,9
6458,322,1962,342,0.14327014982700348,0,9
6459,322,1962,854,0.28359368443489075,0,9
6460,323,3127,1740,0.6060510277748108,1,10
6461,323,3127,1849,0.5919955372810364,0,10
6462,323,3127,1022,0.6379407048225403,0,10
6463,323,3127,333,0.632156252861023,0,10
6464,323,3127,1998,0.5828650593757629,0,10
6465,323,3127,416,0.6361861228942871,0,10
6466,323,3127,888,0.6585543751716614,0,10
6467,323,3127,1263,0.6324712634086609,0,10
6468,323,3127,29,0.5749720335006714,0,10
6469,323,3127,1922,0.5663145780563354,0,10
6470,323,3127,1687,0.6459572911262512,0,10
6471,323,3127,1063,0.5856232047080994,0,10
6472,323,3127,550,0.5984024405479431,0,10
6473,323,3127,724,0.6453135013580322,0,10
6474,323,3127,1379,0.4068956673145294,0,10
6475,323,3127,608,0.5711895227432251,0,10
6476,323,3127,156,0.6507184505462646,0,10
6477,323,3127,103,0.3609495759010315,0,10
6478,323,3127,1616,0.6636624932289124,0,10
6479,323,3127,1769,0.5898768305778503,0,10
6480,324,2647,1843,0.4338701069355011,1,20
6481,324,2647,409,0.5800825953483582,0,20
6482,324,2647,1889,0.6090871095657349,0,20
6483,324,2647,185,0.5540810227394104,0,20
6484,324,2647,1788,0.5961921811103821,0,20
6485,324,2647,1552,0.554789125919342,0,20
6486,324,2647,1528,0.4585251808166504,0,20
6487,324,2647,46,0.555124044418335,0,20
6488,324,2647,704,0.6166724562644958,0,20
6489,324,2647,1605,0.5529047846794128,0,20
6490,324,2647,1526,0.5572044253349304,0,20
6491,324,2647,1249,0.552593469619751,0,20
6492,324,2647,849,0.5637507438659668,0,20
6493,324,2647,1947,0.5942968130111694,0,20
6494,324,2647,2044,0.5207394361495972,0,20
6495,324,2647,1709,0.5496189594268799,0,20
6496,324,2647,1023,0.4498271942138672,0,20
6497,324,2647,149,0.5187731385231018,0,20
6498,324,2647,1314,0.5890485644340515,0,20
6499,324,2647,538,0.6055629849433899,0,20
6500,325,2431,14,0.621846079826355,1,3
6501,325,2431,132,0.597008466720581,0,3
6502,325,2431,749,0.5943735837936401,0,3
6503,325,2431,511,0.3478991985321045,0,3
6504,325,2431,1511,0.6025229096412659,0,3
6505,325,2431,852,0.6016157269477844,0,3
6506,325,2431,902,0.565765380859375,0,3
6507,325,2431,820,0.5855066180229187,0,3
6508,325,2431,1518,0.3871394097805023,0,3
6509,325,2431,1596,0.6180467009544373,0,3
6510,325,2431,277,0.6380029320716858,0,3
6511,325,2431,1617,0.45057639479637146,0,3
6512,325,2431,1276,0.5983268618583679,0,3
6513,325,2431,621,0.4735945165157318,0,3
6514,325,2431,526,0.5998930335044861,0,3
6515,325,2431,1109,0.5577337145805359,0,3
6516,325,2431,1599,0.5707693696022034,0,3
6517,325,2431,1161,0.5764858722686768,0,3
6518,325,2431,1204,0.5803002715110779,0,3
6519,325,2431,2080,0.6233798265457153,0,3
6520,326,2698,555,0.6868510842323303,1,11
6521,326,2698,1417,0.7076167464256287,0,11
6522,326,2698,775,0.6933555006980896,0,11
6523,326,2698,907,0.5973342657089233,0,11
6524,326,2698,402,0.7930723428726196,0,11
6525,326,2698,1426,0.6130228638648987,0,11
6526,326,2698,352,0.500095784664154,0,11
6527,326,2698,1166,0.7548301815986633,0,11
6528,326,2698,247,0.6732427477836609,0,11
6529,326,2698,212,0.4109967350959778,0,11
6530,326,2698,1313,0.8237659335136414,0,11
6531,326,2698,818,0.521066427230835,0,11
6532,326,2698,457,0.6013587117195129,0,11
6533,326,2698,1461,0.8109180927276611,0,11
6534,326,2698,60,0.7541295289993286,0,11
6535,326,2698,995,0.3720516264438629,0,11
6536,326,2698,249,0.37099528312683105,0,11
6537,326,2698,809,0.73304682970047,0,11
6538,326,2698,1634,0.7160767316818237,0,11
6539,326,2698,1626,0.725786566734314,0,11
6540,327,940,805,0.5383579730987549,1,12
6541,327,940,1139,0.5512621402740479,0,12
6542,327,940,1548,0.46117696166038513,0,12
6543,327,940,725,0.5459566116333008,0,12
6544,327,940,1069,0.5415079593658447,0,12
6545,327,940,1510,0.56501704454422,0,12
6546,327,940,2052,0.5701633095741272,0,12
6547,327,940,297,0.4842442572116852,0,12
6548,327,940,149,0.5491031408309937,0,12
6549,327,940,54,0.5170656442642212,0,12
6550,327,940,1019,0.47227367758750916,0,12
6551,327,940,1806,0.4898501932621002,0,12
6552,327,940,645,0.5547956824302673,0,12
6553,327,940,931,0.5432208776473999,0,12
6554,327,940,148,0.49795207381248474,0,12
6555,327,940,587,0.5340288877487183,0,12
6556,327,940,66,0.5545006394386292,0,12
6557,327,940,389,0.5447930097579956,0,12
6558,327,940,224,0.42619428038597107,0,12
6559,327,940,1688,0.5453206300735474,0,12
6560,328,157,552,0.5419510006904602,1,2
6561,328,157,1599,0.4713350534439087,0,2
6562,328,157,278,0.4776191711425781,0,2
6563,328,157,591,0.5162904262542725,0,2
6564,328,157,484,0.47626370191574097,0,2
6565,328,157,1651,0.46938571333885193,0,2
6566,328,157,1764,0.5059217810630798,0,2
6567,328,157,1708,0.49741047620773315,0,2
6568,328,157,1420,0.48016172647476196,0,2
6569,328,157,48,0.4657396376132965,0,2
6570,328,157,1079,0.5434703230857849,0,2
6571,328,157,1313,0.4729538857936859,0,2
6572,328,157,1319,0.44802430272102356,0,2
6573,328,157,2043,0.438024640083313,0,2
6574,328,157,352,0.5025307536125183,0,2
6575,328,157,573,0.45294198393821716,0,2
6576,328,157,608,0.5220171809196472,0,2
6577,328,157,865,0.4738672375679016,0,2
6578,328,157,1595,0.5111647248268127,0,2
6579,328,157,1675,0.5299624800682068,0,2
6580,329,3361,265,0.7737954258918762,1,3
6581,329,3361,43,0.6400166153907776,0,3
6582,329,3361,1707,0.43344372510910034,0,3
6583,329,3361,540,0.42442241311073303,0,3
6584,329,3361,1546,0.6280056238174438,0,3
6585,329,3361,42,0.7339234948158264,0,3
6586,329,3361,615,0.6814985275268555,0,3
6587,329,3361,1300,0.725980281829834,0,3
6588,329,3361,1327,0.4820215106010437,0,3
6589,329,3361,316,0.597756028175354,0,3
6590,329,3361,1478,0.7215254306793213,0,3
6591,329,3361,1820,0.6768881678581238,0,3
6592,329,3361,1953,0.3408510684967041,0,3
6593,329,3361,718,0.7175238132476807,0,3
6594,329,3361,55,0.3521459400653839,0,3
6595,329,3361,1001,0.6533157229423523,0,3
6596,329,3361,376,0.6563196182250977,0,3
6597,329,3361,277,0.7922333478927612,0,3
6598,329,3361,892,0.5988255739212036,0,3
6599,329,3361,977,0.8191919922828674,0,3
6600,330,655,842,0.4967326819896698,1,5
6601,330,655,1427,0.437170147895813,0,5
6602,330,655,572,0.5015078186988831,0,5
6603,330,655,1771,0.41347965598106384,0,5
6604,330,655,1491,0.4716639220714569,0,5
6605,330,655,289,0.5172760486602783,0,5
6606,330,655,416,0.3977487087249756,0,5
6607,330,655,1557,0.5149455666542053,0,5
6608,330,655,1727,0.47525662183761597,0,5
6609,330,655,680,0.48368439078330994,0,5
6610,330,655,1520,0.4277382791042328,0,5
6611,330,655,960,0.4574509859085083,0,5
6612,330,655,234,0.4181325137615204,0,5
6613,330,655,1223,0.43745750188827515,0,5
6614,330,655,1346,0.40990158915519714,0,5
6615,330,655,67,0.5402663946151733,0,5
6616,330,655,469,0.3317911624908447,0,5
6617,330,655,188,0.47360941767692566,0,5
6618,330,655,454,0.4067792296409607,0,5
6619,330,655,566,0.42897263169288635,0,5
6620,331,2688,1191,0.591019332408905,1,8
6621,331,2688,889,0.5787026286125183,0,8
6622,331,2688,1729,0.6473050117492676,0,8
6623,331,2688,29,0.5640184283256531,0,8
6624,331,2688,316,0.5649750828742981,0,8
6625,331,2688,330,0.452818900346756,0,8
6626,331,2688,1391,0.6126255393028259,0,8
6627,331,2688,1042,0.6249032616615295,0,8
6628,331,2688,1266,0.5940392017364502,0,8
6629,331,2688,1117,0.6136277318000793,0,8
6630,331,2688,2077,0.6411458253860474,0,8
6631,331,2688,82,0.5505520105361938,0,8
6632,331,2688,1358,0.6013908982276917,0,8
6633,331,2688,1725,0.5132753849029541,0,8
6634,331,2688,1147,0.4616737365722656,0,8
6635,331,2688,1445,0.432541161775589,0,8
6636,331,2688,1368,0.5799827575683594,0,8
6637,331,2688,593,0.5662246346473694,0,8
6638,331,2688,369,0.36189696192741394,0,8
6639,331,2688,376,0.5739514231681824,0,8
6640,332,400,483,0.4435112476348877,1,17
6641,332,400,130,0.550691545009613,0,17
6642,332,400,19,0.5256701707839966,0,17
6643,332,400,334,0.5607280135154724,0,17
6644,332,400,1881,0.4898509979248047,0,17
6645,332,400,1657,0.5356205105781555,0,17
6646,332,400,1791,0.5379312634468079,0,17
6647,332,400,910,0.5566911697387695,0,17
6648,332,400,197,0.5503478646278381,0,17
6649,332,400,1876,0.5258337259292603,0,17
6650,332,400,2015,0.5354827642440796,0,17
6651,332,400,1676,0.5484564900398254,0,17
6652,332,400,670,0.5473008155822754,0,17
6653,332,400,211,0.5545788407325745,0,17
6654,332,400,1677,0.5311731100082397,0,17
6655,332,400,2052,0.5536405444145203,0,17
6656,332,400,1123,0.4288734197616577,0,17
6657,332,400,2040,0.3986273407936096,0,17
6658,332,400,1518,0.4027281701564789,0,17
6659,332,400,1684,0.5529935956001282,0,17
6660,333,3022,649,0.5225328803062439,1,2
6661,333,3022,1465,0.34789860248565674,0,2
6662,333,3022,258,0.5632065534591675,0,2
6663,333,3022,444,0.5105264782905579,0,2
6664,333,3022,523,0.4950208365917206,0,2
6665,333,3022,860,0.4926811456680298,0,2
6666,333,3022,1192,0.45407843589782715,0,2
6667,333,3022,1321,0.327493280172348,0,2
6668,333,3022,1332,0.19869661331176758,0,2
6669,333,3022,1006,0.43355464935302734,0,2
6670,333,3022,3,0.4564988315105438,0,2
6671,333,3022,1023,0.4934273362159729,0,2
6672,333,3022,520,0.3803451359272003,0,2
6673,333,3022,801,0.43468213081359863,0,2
6674,333,3022,1934,0.3069024682044983,0,2
6675,333,3022,581,0.2910342216491699,0,2
6676,333,3022,1363,0.3050931394100189,0,2
6677,333,3022,1419,0.4418008029460907,0,2
6678,333,3022,709,0.2991955280303955,0,2
6679,333,3022,1800,0.27856865525245667,0,2
6680,334,3596,799,0.556283175945282,1,8
6681,334,3596,1082,0.46806731820106506,0,8
6682,334,3596,228,0.5864543318748474,0,8
6683,334,3596,1964,0.5938432216644287,0,8
6684,334,3596,1656,0.5544192790985107,0,8
6685,334,3596,915,0.6023551821708679,0,8
6686,334,3596,364,0.4981423616409302,0,8
6687,334,3596,1946,0.5250139236450195,0,8
6688,334,3596,184,0.5800946950912476,0,8
6689,334,3596,428,0.5538556575775146,0,8
6690,334,3596,26,0.5869923233985901,0,8
6691,334,3596,1267,0.5961195230484009,0,8
6692,334,3596,1824,0.5518839359283447,0,8
6693,334,3596,417,0.4558188319206238,0,8
6694,334,3596,345,0.40789273381233215,0,8
6695,334,3596,1020,0.4356015920639038,0,8
6696,334,3596,1325,0.5533671379089355,0,8
6697,334,3596,167,0.54154372215271,0,8
6698,334,3596,1019,0.4677448868751526,0,8
6699,334,3596,583,0.5868587493896484,0,8
6700,335,3775,1422,0.7246918678283691,1,7
6701,335,3775,1465,0.7451653480529785,0,7
6702,335,3775,179,0.6401199102401733,0,7
6703,335,3775,752,0.7816840410232544,0,7
6704,335,3775,1424,0.7503864765167236,0,7
6705,335,3775,1431,0.7736039757728577,0,7
6706,335,3775,951,0.7090626358985901,0,7
6707,335,3775,1233,0.6627784967422485,0,7
6708,335,3775,699,0.2980750799179077,0,7
6709,335,3775,137,0.5815914273262024,0,7
6710,335,3775,1709,0.582420289516449,0,7
6711,335,3775,1176,0.7202825546264648,0,7
6712,335,3775,195,0.7437832951545715,0,7
6713,335,3775,361,0.6447137594223022,0,7
6714,335,3775,615,0.7194726467132568,0,7
6715,335,3775,1814,0.8061750531196594,0,7
6716,335,3775,621,0.46664223074913025,0,7
6717,335,3775,386,0.662013828754425,0,7
6718,335,3775,487,0.606300413608551,0,7
6719,335,3775,472,0.49378305673599243,0,7
6720,336,3510,479,0.6176682710647583,1,4
6721,336,3510,35,0.5731019377708435,0,4
6722,336,3510,1062,0.5819397568702698,0,4
6723,336,3510,1444,0.6018574237823486,0,4
6724,336,3510,1993,0.558118462562561,0,4
6725,336,3510,1729,0.6553714871406555,0,4
6726,336,3510,1134,0.6753922700881958,0,4
6727,336,3510,1976,0.5363204479217529,0,4
6728,336,3510,2050,0.618143618106842,0,4
6729,336,3510,466,0.6105316281318665,0,4
6730,336,3510,1435,0.5612225532531738,0,4
6731,336,3510,579,0.340939998626709,0,4
6732,336,3510,1634,0.5939038395881653,0,4
6733,336,3510,281,0.5528169274330139,0,4
6734,336,3510,2023,0.5969992876052856,0,4
6735,336,3510,1749,0.5985056757926941,0,4
6736,336,3510,829,0.5988805294036865,0,4
6737,336,3510,443,0.5814726948738098,0,4
6738,336,3510,1283,0.5417028069496155,0,4
6739,336,3510,789,0.3931597173213959,0,4
6740,337,1891,314,0.6084945201873779,1,13
6741,337,1891,1145,0.6544796824455261,0,13
6742,337,1891,1248,0.42589715123176575,0,13
6743,337,1891,196,0.5894228219985962,0,13
6744,337,1891,1458,0.6810173988342285,0,13
6745,337,1891,971,0.6117173433303833,0,13
6746,337,1891,1906,0.6164268255233765,0,13
6747,337,1891,909,0.5268117189407349,0,13
6748,337,1891,14,0.6944035887718201,0,13
6749,337,1891,313,0.6245653033256531,0,13
6750,337,1891,289,0.5684196352958679,0,13
6751,337,1891,699,0.3345344066619873,0,13
6752,337,1891,1958,0.6834326386451721,0,13
6753,337,1891,2032,0.6923398375511169,0,13
6754,337,1891,2020,0.5933507680892944,0,13
6755,337,1891,993,0.4611690640449524,0,13
6756,337,1891,1402,0.6680465340614319,0,13
6757,337,1891,602,0.6151201725006104,0,13
6758,337,1891,742,0.6625266671180725,0,13
6759,337,1891,775,0.6206679344177246,0,13
6760,338,2336,1455,0.5493643283843994,1,4
6761,338,2336,850,0.418098509311676,0,4
6762,338,2336,2000,0.5482426285743713,0,4
6763,338,2336,922,0.5512899160385132,0,4
6764,338,2336,1137,0.42840924859046936,0,4
6765,338,2336,1836,0.4973104000091553,0,4
6766,338,2336,347,0.5277091264724731,0,4
6767,338,2336,1205,0.4866863787174225,0,4
6768,338,2336,487,0.5449475646018982,0,4
6769,338,2336,698,0.5515729188919067,0,4
6770,338,2336,1868,0.44420766830444336,0,4
6771,338,2336,1689,0.3808068037033081,0,4
6772,338,2336,1224,0.3484310805797577,0,4
6773,338,2336,897,0.5325669050216675,0,4
6774,338,2336,516,0.5439466834068298,0,4
6775,338,2336,625,0.546793520450592,0,4
6776,338,2336,1,0.5547060370445251,0,4
6777,338,2336,252,0.5322027802467346,0,4
6778,338,2336,925,0.530635416507721,0,4
6779,338,2336,95,0.5457461476325989,0,4
6780,339,2674,492,0.4648187458515167,1,8
6781,339,2674,1638,0.45611223578453064,0,8
6782,339,2674,1706,0.4873896837234497,0,8
6783,339,2674,1284,0.4377230107784271,0,8
6784,339,2674,719,0.4307955503463745,0,8
6785,339,2674,912,0.4348302483558655,0,8
6786,339,2674,307,0.48471933603286743,0,8
6787,339,2674,1992,0.44302016496658325,0,8
6788,339,2674,543,0.4694240689277649,0,8
6789,339,2674,997,0.4389322102069855,0,8
6790,339,2674,1395,0.46350201964378357,0,8
6791,339,2674,498,0.44305619597435,0,8
6792,339,2674,649,0.5338769555091858,0,8
6793,339,2674,1360,0.44135600328445435,0,8
6794,339,2674,1276,0.44738703966140747,0,8
6795,339,2674,1228,0.4793184697628021,0,8
6796,339,2674,1344,0.48009324073791504,0,8
6797,339,2674,406,0.46480467915534973,0,8
6798,339,2674,1979,0.5074241161346436,0,8
6799,339,2674,1209,0.4129204750061035,0,8
6800,340,307,959,0.6378997564315796,1,1
6801,340,307,1255,0.5969429016113281,0,1
6802,340,307,913,0.38449233770370483,0,1
6803,340,307,373,0.5253986716270447,0,1
6804,340,307,801,0.46949225664138794,0,1
6805,340,307,1484,0.2408299446105957,0,1
6806,340,307,1407,0.5829401612281799,0,1
6807,340,307,125,0.2203284502029419,0,1
6808,340,307,1370,0.266445130109787,0,1
6809,340,307,2010,0.2733984589576721,0,1
6810,340,307,2067,0.3152911961078644,0,1
6811,340,307,123,0.42002734541893005,0,1
6812,340,307,2,0.2595427334308624,0,1
6813,340,307,547,0.34824803471565247,0,1
6814,340,307,828,0.19639961421489716,0,1
6815,340,307,451,0.5142600536346436,0,1
6816,340,307,119,0.2935316860675812,0,1
6817,340,307,653,0.2663092613220215,0,1
6818,340,307,523,0.512109637260437,0,1
6819,340,307,561,0.24957306683063507,0,1
6820,341,1172,313,0.5362224578857422,1,15
6821,341,1172,1335,0.5662183165550232,0,15
6822,341,1172,2006,0.5411344766616821,0,15
6823,341,1172,1965,0.5266216993331909,0,15
6824,341,1172,1624,0.5407193303108215,0,15
6825,341,1172,648,0.5266923904418945,0,15
6826,341,1172,1264,0.5608497858047485,0,15
6827,341,1172,1678,0.5577887892723083,0,15
6828,341,1172,1488,0.5360848903656006,0,15
6829,341,1172,1507,0.4337007999420166,0,15
6830,341,1172,338,0.5618696808815002,0,15
6831,341,1172,956,0.5822701454162598,0,15
6832,341,1172,1575,0.551154375076294,0,15
6833,341,1172,1775,0.5445845127105713,0,15
6834,341,1172,869,0.5542062520980835,0,15
6835,341,1172,170,0.5710487365722656,0,15
6836,341,1172,1584,0.5686525106430054,0,15
6837,341,1172,1270,0.5526741147041321,0,15
6838,341,1172,1418,0.5739794373512268,0,15
6839,341,1172,687,0.44982630014419556,0,15
6840,342,408,1773,0.5394551753997803,1,8
6841,342,408,1143,0.520277738571167,0,8
6842,342,408,1367,0.5203839540481567,0,8
6843,342,408,337,0.5201582312583923,0,8
6844,342,408,227,0.5140379667282104,0,8
6845,342,408,103,0.397615909576416,0,8
6846,342,408,1421,0.5545588135719299,0,8
6847,342,408,55,0.40516597032546997,0,8
6848,342,408,1097,0.5452526211738586,0,8
6849,342,408,1247,0.5264484882354736,0,8
6850,342,408,1080,0.5388551354408264,0,8
6851,342,408,553,0.5452638268470764,0,8
6852,342,408,1358,0.5421034097671509,0,8
6853,342,408,619,0.5420165061950684,0,8
6854,342,408,1295,0.5467730164527893,0,8
6855,342,408,1520,0.5223671793937683,0,8
6856,342,408,1694,0.44232192635536194,0,8
6857,342,408,516,0.5409238934516907,0,8
6858,342,408,817,0.5217898488044739,0,8
6859,342,408,1956,0.5389493703842163,0,8
6860,343,1947,1850,0.5767754316329956,1,8
6861,343,1947,883,0.4691470265388489,0,8
6862,343,1947,28,0.5763635635375977,0,8
6863,343,1947,1324,0.5756974220275879,0,8
6864,343,1947,1748,0.6146036982536316,0,8
6865,343,1947,492,0.5735260844230652,0,8
6866,343,1947,1986,0.3453681766986847,0,8
6867,343,1947,710,0.6043785810470581,0,8
6868,343,1947,720,0.5707990527153015,0,8
6869,343,1947,142,0.570792555809021,0,8
6870,343,1947,1642,0.4721528887748718,0,8
6871,343,1947,1894,0.49153435230255127,0,8
6872,343,1947,1581,0.6020379066467285,0,8
6873,343,1947,993,0.46535682678222656,0,8
6874,343,1947,1577,0.61203533411026,0,8
6875,343,1947,973,0.6076309084892273,0,8
6876,343,1947,1957,0.5813039541244507,0,8
6877,343,1947,836,0.48303622007369995,0,8
6878,343,1947,1173,0.5732070803642273,0,8
6879,343,1947,1600,0.6260321736335754,0,8
6880,344,842,297,0.48658427596092224,1,17
6881,344,842,1654,0.4190931022167206,0,17
6882,344,842,1151,0.5199902057647705,0,17
6883,344,842,251,0.5264179706573486,0,17
6884,344,842,835,0.5188880562782288,0,17
6885,344,842,432,0.5294801592826843,0,17
6886,344,842,8,0.5167872905731201,0,17
6887,344,842,1908,0.5073496103286743,0,17
6888,344,842,1408,0.5104693174362183,0,17
6889,344,842,292,0.5062140822410583,0,17
6890,344,842,1697,0.5402657389640808,0,17
6891,344,842,581,0.5149030089378357,0,17
6892,344,842,327,0.5078845024108887,0,17
6893,344,842,1796,0.5076834559440613,0,17
6894,344,842,1770,0.5218112468719482,0,17
6895,344,842,1165,0.5210607647895813,0,17
6896,344,842,364,0.4981532096862793,0,17
6897,344,842,1525,0.4136364161968231,0,17
6898,344,842,1744,0.48013728857040405,0,17
6899,344,842,1473,0.5600637793540955,0,17
6900,345,216,1715,0.5461170077323914,1,1
6901,345,216,960,0.4497506022453308,0,1
6902,345,216,955,0.5165126919746399,0,1
6903,345,216,1081,0.4924783408641815,0,1
6904,345,216,981,0.48411592841148376,0,1
6905,345,216,1583,0.49477890133857727,0,1
6906,345,216,1771,0.48688992857933044,0,1
6907,345,216,178,0.4921630918979645,0,1
6908,345,216,1080,0.4850000739097595,0,1
6909,345,216,367,0.48141610622406006,0,1
6910,345,216,2023,0.5043319463729858,0,1
6911,345,216,1426,0.5306193232536316,0,1
6912,345,216,264,0.49737197160720825,0,1
6913,345,216,1874,0.502556324005127,0,1
6914,345,216,1860,0.4364193379878998,0,1
6915,345,216,651,0.4977265000343323,0,1
6916,345,216,14,0.4795626699924469,0,1
6917,345,216,1543,0.5242499709129333,0,1
6918,345,216,1108,0.5323110818862915,0,1
6919,345,216,327,0.4850790500640869,0,1
6920,346,3071,1648,0.709114670753479,1,13
6921,346,3071,614,0.6628038287162781,0,13
6922,346,3071,2010,0.6914465427398682,0,13
6923,346,3071,176,0.41260427236557007,0,13
6924,346,3071,1915,0.7630943655967712,0,13
6925,346,3071,415,0.7530829906463623,0,13
6926,346,3071,1997,0.7198078632354736,0,13
6927,346,3071,206,0.7844973206520081,0,13
6928,346,3071,406,0.7514271140098572,0,13
6929,346,3071,1031,0.7155042886734009,0,13
6930,346,3071,2026,0.3845765292644501,0,13
6931,346,3071,2043,0.7280895113945007,0,13
6932,346,3071,1772,0.7324996590614319,0,13
6933,346,3071,389,0.5705856680870056,0,13
6934,346,3071,269,0.8106153011322021,0,13
6935,346,3071,10,0.326219767332077,0,13
6936,346,3071,1889,0.8216606378555298,0,13
6937,346,3071,876,0.7989110946655273,0,13
6938,346,3071,400,0.6841384172439575,0,13
6939,346,3071,1590,0.8026920557022095,0,13
6940,347,3014,14,0.7535969018936157,1,1
6941,347,3014,1861,0.7329314351081848,0,1
6942,347,3014,1924,0.6680302023887634,0,1
6943,347,3014,1555,0.6490946412086487,0,1
6944,347,3014,153,0.3527734875679016,0,1
6945,347,3014,1175,0.649545431137085,0,1
6946,347,3014,386,0.6217160224914551,0,1
6947,347,3014,1287,0.6990997791290283,0,1
6948,347,3014,274,0.701494574546814,0,1
6949,347,3014,119,0.6561630964279175,0,1
6950,347,3014,1074,0.7447370290756226,0,1
6951,347,3014,595,0.4584735631942749,0,1
6952,347,3014,1611,0.6622783541679382,0,1
6953,347,3014,1301,0.7264968752861023,0,1
6954,347,3014,1892,0.6733219623565674,0,1
6955,347,3014,1914,0.48506078124046326,0,1
6956,347,3014,90,0.5192552208900452,0,1
6957,347,3014,788,0.6595765352249146,0,1
6958,347,3014,936,0.5349105000495911,0,1
6959,347,3014,780,0.4761762320995331,0,1
6960,348,2692,999,0.5086269378662109,1,10
6961,348,2692,608,0.5289740562438965,0,10
6962,348,2692,28,0.4951030910015106,0,10
6963,348,2692,191,0.5085427165031433,0,10
6964,348,2692,645,0.5207949876785278,0,10
6965,348,2692,1901,0.5182190537452698,0,10
6966,348,2692,1508,0.5115461945533752,0,10
6967,348,2692,1562,0.5146030187606812,0,10
6968,348,2692,1982,0.5072745680809021,0,10
6969,348,2692,1247,0.507914662361145,0,10
6970,348,2692,1406,0.498075008392334,0,10
6971,348,2692,1985,0.5088819265365601,0,10
6972,348,2692,22,0.5104104280471802,0,10
6973,348,2692,1606,0.49906298518180847,0,10
6974,348,2692,921,0.43404197692871094,0,10
6975,348,2692,1590,0.5068634748458862,0,10
6976,348,2692,302,0.5147151947021484,0,10
6977,348,2692,928,0.5028855800628662,0,10
6978,348,2692,431,0.5087926387786865,0,10
6979,348,2692,1107,0.4080262780189514,0,10
6980,349,321,636,0.5831837058067322,1,14
6981,349,321,1983,0.6126340627670288,0,14
6982,349,321,1109,0.561626672744751,0,14
6983,349,321,1718,0.6446138024330139,0,14
6984,349,321,1420,0.6406378149986267,0,14
6985,349,321,846,0.6147140264511108,0,14
6986,349,321,508,0.40521708130836487,0,14
6987,349,321,1010,0.6300415992736816,0,14
6988,349,321,925,0.5768812894821167,0,14
6989,349,321,412,0.5907895565032959,0,14
6990,349,321,1896,0.6292521357536316,0,14
6991,349,321,499,0.5441166162490845,0,14
6992,349,321,1404,0.6240726113319397,0,14
6993,349,321,1039,0.6376182436943054,0,14
6994,349,321,139,0.44608741998672485,0,14
6995,349,321,1821,0.6315038204193115,0,14
6996,349,321,1036,0.6061282753944397,0,14
6997,349,321,1711,0.6044823527336121,0,14
6998,349,321,1783,0.6277970671653748,0,14
6999,349,321,803,0.462870329618454,0,14
7000,350,3242,501,0.5115585923194885,1,9
7001,350,3242,919,0.4414158761501312,0,9
7002,350,3242,2054,0.5238820314407349,0,9
7003,350,3242,6,0.4963874816894531,0,9
7004,350,3242,492,0.5056084990501404,0,9
7005,350,3242,398,0.5077583193778992,0,9
7006,350,3242,1198,0.40175318717956543,0,9
7007,350,3242,337,0.515788733959198,0,9
7008,350,3242,1882,0.49252888560295105,0,9
7009,350,3242,402,0.4999263286590576,0,9
7010,350,3242,64,0.5072317123413086,0,9
7011,350,3242,896,0.5144681334495544,0,9
7012,350,3242,382,0.5099964141845703,0,9
7013,350,3242,1621,0.49970752000808716,0,9
7014,350,3242,1027,0.5209419131278992,0,9
7015,350,3242,1425,0.5212936401367188,0,9
7016,350,3242,705,0.5123443603515625,0,9
7017,350,3242,575,0.49509286880493164,0,9
7018,350,3242,1487,0.5148419141769409,0,9
7019,350,3242,244,0.5310766100883484,0,9
7020,351,2212,563,0.5036770105361938,1,14
7021,351,2212,1139,0.4963533580303192,0,14
7022,351,2212,781,0.5124684572219849,0,14
7023,351,2212,730,0.5062828063964844,0,14
7024,351,2212,1889,0.5007913708686829,0,14
7025,351,2212,293,0.49453088641166687,0,14
7026,351,2212,57,0.5250099301338196,0,14
7027,351,2212,2057,0.5048789381980896,0,14
7028,351,2212,908,0.5340256690979004,0,14
7029,351,2212,141,0.5047321319580078,0,14
7030,351,2212,186,0.36898866295814514,0,14
7031,351,2212,1625,0.5068483352661133,0,14
7032,351,2212,1593,0.5081998705863953,0,14
7033,351,2212,2066,0.5264385342597961,0,14
7034,351,2212,1819,0.5047436356544495,0,14
7035,351,2212,772,0.5040110349655151,0,14
7036,351,2212,115,0.5187152028083801,0,14
7037,351,2212,1420,0.5051530003547668,0,14
7038,351,2212,770,0.500046968460083,0,14
7039,351,2212,1369,0.49569740891456604,0,14
7040,352,3879,392,0.6932545900344849,1,13
7041,352,3879,509,0.7313493490219116,0,13
7042,352,3879,1091,0.828700602054596,0,13
7043,352,3879,878,0.7013704180717468,0,13
7044,352,3879,1274,0.786501407623291,0,13
7045,352,3879,523,0.45146164298057556,0,13
7046,352,3879,1935,0.8278382420539856,0,13
7047,352,3879,992,0.5822813510894775,0,13
7048,352,3879,469,0.3276912271976471,0,13
7049,352,3879,1478,0.7553084492683411,0,13
7050,352,3879,618,0.6370067596435547,0,13
7051,352,3879,761,0.7853118777275085,0,13
7052,352,3879,708,0.7591328620910645,0,13
7053,352,3879,110,0.75910484790802,0,13
7054,352,3879,1970,0.8328020572662354,0,13
7055,352,3879,309,0.790366530418396,0,13
7056,352,3879,693,0.684474527835846,0,13
7057,352,3879,922,0.7641987800598145,0,13
7058,352,3879,1354,0.5624939799308777,0,13
7059,352,3879,297,0.42961961030960083,0,13
7060,353,1527,1914,0.5092563629150391,1,19
7061,353,1527,1682,0.5592060685157776,0,19
7062,353,1527,1483,0.5632773041725159,0,19
7063,353,1527,256,0.4769817888736725,0,19
7064,353,1527,1046,0.5661141872406006,0,19
7065,353,1527,915,0.5993812084197998,0,19
7066,353,1527,977,0.6255114078521729,0,19
7067,353,1527,87,0.5517621636390686,0,19
7068,353,1527,418,0.5838695764541626,0,19
7069,353,1527,1742,0.581038236618042,0,19
7070,353,1527,788,0.5678321123123169,0,19
7071,353,1527,1410,0.5954875349998474,0,19
7072,353,1527,400,0.5475664734840393,0,19
7073,353,1527,504,0.6117666363716125,0,19
7074,353,1527,1236,0.6215192675590515,0,19
7075,353,1527,1571,0.5546292662620544,0,19
7076,353,1527,1974,0.5535444617271423,0,19
7077,353,1527,1146,0.5792557001113892,0,19
7078,353,1527,648,0.5336576700210571,0,19
7079,353,1527,532,0.5634006857872009,0,19
7080,354,841,1612,0.5185520648956299,1,4
7081,354,841,68,0.4393503665924072,0,4
7082,354,841,1773,0.523483395576477,0,4
7083,354,841,1791,0.48704421520233154,0,4
7084,354,841,975,0.4576544165611267,0,4
7085,354,841,1374,0.47214576601982117,0,4
7086,354,841,84,0.5179634094238281,0,4
7087,354,841,1304,0.5287662148475647,0,4
7088,354,841,1158,0.49391844868659973,0,4
7089,354,841,6,0.45890259742736816,0,4
7090,354,841,383,0.5173901319503784,0,4
7091,354,841,1401,0.42722946405410767,0,4
7092,354,841,961,0.5324535965919495,0,4
7093,354,841,916,0.5079442858695984,0,4
7094,354,841,443,0.4768151044845581,0,4
7095,354,841,427,0.46891966462135315,0,4
7096,354,841,174,0.5173448920249939,0,4
7097,354,841,136,0.4565102756023407,0,4
7098,354,841,1945,0.4710772931575775,0,4
7099,354,841,832,0.46357354521751404,0,4
7100,355,3642,1643,0.3246780037879944,1,20
7101,355,3642,1261,0.5355557799339294,0,20
7102,355,3642,1789,0.6063356995582581,0,20
7103,355,3642,585,0.6466556191444397,0,20
7104,355,3642,1713,0.7450093030929565,0,20
7105,355,3642,2000,0.6411036849021912,0,20
7106,355,3642,840,0.6962823867797852,0,20
7107,355,3642,1288,0.6421539187431335,0,20
7108,355,3642,1646,0.6609310507774353,0,20
7109,355,3642,1446,0.7322363257408142,0,20
7110,355,3642,59,0.5244858860969543,0,20
7111,355,3642,1983,0.6677072644233704,0,20
7112,355,3642,353,0.7271828055381775,0,20
7113,355,3642,1816,0.6610718965530396,0,20
7114,355,3642,462,0.5297500491142273,0,20
7115,355,3642,798,0.6968503594398499,0,20
7116,355,3642,1000,0.40178266167640686,0,20
7117,355,3642,836,0.4685068726539612,0,20
7118,355,3642,646,0.6560831069946289,0,20
7119,355,3642,7,0.5646635890007019,0,20
7120,356,469,1273,0.3817668855190277,1,20
7121,356,469,1392,0.5082876682281494,0,20
7122,356,469,1192,0.5660877823829651,0,20
7123,356,469,982,0.579548716545105,0,20
7124,356,469,2021,0.6321946978569031,0,20
7125,356,469,959,0.5228826999664307,0,20
7126,356,469,29,0.561761736869812,0,20
7127,356,469,908,0.5580782294273376,0,20
7128,356,469,1051,0.5733494758605957,0,20
7129,356,469,386,0.5569055676460266,0,20
7130,356,469,136,0.6031758785247803,0,20
7131,356,469,732,0.5707044005393982,0,20
7132,356,469,1778,0.5921089053153992,0,20
7133,356,469,764,0.5996025204658508,0,20
7134,356,469,663,0.6330556869506836,0,20
7135,356,469,961,0.5498577356338501,0,20
7136,356,469,838,0.43099525570869446,0,20
7137,356,469,1048,0.4940897226333618,0,20
7138,356,469,60,0.6086174249649048,0,20
7139,356,469,1476,0.40946531295776367,0,20
7140,357,752,122,0.44281306862831116,1,6
7141,357,752,694,0.3683065176010132,0,6
7142,357,752,494,0.4454028308391571,0,6
7143,357,752,491,0.32641085982322693,0,6
7144,357,752,1827,0.37015336751937866,0,6
7145,357,752,6,0.3552939295768738,0,6
7146,357,752,1164,0.19457323849201202,0,6
7147,357,752,1736,0.2857613265514374,0,6
7148,357,752,1328,0.5251943469047546,0,6
7149,357,752,937,0.3658951222896576,0,6
7150,357,752,1072,0.32769128680229187,0,6
7151,357,752,1008,0.5306417942047119,0,6
7152,357,752,1219,0.2519531846046448,0,6
7153,357,752,425,0.36895403265953064,0,6
7154,357,752,1785,0.4925457537174225,0,6
7155,357,752,1204,0.3934728503227234,0,6
7156,357,752,1583,0.29291480779647827,0,6
7157,357,752,722,0.5352357029914856,0,6
7158,357,752,1892,0.33039504289627075,0,6
7159,357,752,65,0.2778947651386261,0,6
7160,358,2159,1379,0.42082205414772034,1,20
7161,358,2159,1098,0.48905932903289795,0,20
7162,358,2159,156,0.4855762720108032,0,20
7163,358,2159,2051,0.5842046737670898,0,20
7164,358,2159,1899,0.4907401502132416,0,20
7165,358,2159,1982,0.4876507818698883,0,20
7166,358,2159,321,0.4794993996620178,0,20
7167,358,2159,1890,0.49989596009254456,0,20
7168,358,2159,926,0.515251636505127,0,20
7169,358,2159,778,0.45855027437210083,0,20
7170,358,2159,1060,0.5442996621131897,0,20
7171,358,2159,1562,0.4960748553276062,0,20
7172,358,2159,1185,0.5123796463012695,0,20
7173,358,2159,217,0.486007958650589,0,20
7174,358,2159,1928,0.5581961870193481,0,20
7175,358,2159,16,0.4887036681175232,0,20
7176,358,2159,1956,0.5344014763832092,0,20
7177,358,2159,326,0.49602070450782776,0,20
7178,358,2159,999,0.4972381889820099,0,20
7179,358,2159,555,0.49288448691368103,0,20
7180,359,653,1349,0.5338207483291626,1,3
7181,359,653,1491,0.49287381768226624,0,3
7182,359,653,381,0.5246983170509338,0,3
7183,359,653,356,0.4844781756401062,0,3
7184,359,653,1981,0.5403017997741699,0,3
7185,359,653,1893,0.5288577675819397,0,3
7186,359,653,1956,0.5347572565078735,0,3
7187,359,653,940,0.4730565547943115,0,3
7188,359,653,66,0.46622368693351746,0,3
7189,359,653,915,0.4751284122467041,0,3
7190,359,653,1054,0.4646572470664978,0,3
7191,359,653,811,0.4565609097480774,0,3
7192,359,653,107,0.4758123457431793,0,3
7193,359,653,735,0.4844494163990021,0,3
7194,359,653,584,0.5161880254745483,0,3
7195,359,653,318,0.4542790949344635,0,3
7196,359,653,1017,0.4558418095111847,0,3
7197,359,653,989,0.5125824809074402,0,3
7198,359,653,1979,0.5163177251815796,0,3
7199,359,653,47,0.4432626962661743,0,3
7200,360,3497,1374,0.4973088800907135,1,14
7201,360,3497,47,0.4839492440223694,0,14
7202,360,3497,1764,0.5185766816139221,0,14
7203,360,3497,1382,0.5322391390800476,0,14
7204,360,3497,370,0.5080649852752686,0,14
7205,360,3497,339,0.5220028162002563,0,14
7206,360,3497,1157,0.3978212773799896,0,14
7207,360,3497,1758,0.49857044219970703,0,14
7208,360,3497,359,0.49823078513145447,0,14
7209,360,3497,1633,0.5104727149009705,0,14
7210,360,3497,861,0.3732679784297943,0,14
7211,360,3497,1892,0.4894055128097534,0,14
7212,360,3497,1621,0.49435853958129883,0,14
7213,360,3497,782,0.4974219799041748,0,14
7214,360,3497,1624,0.5088163018226624,0,14
7215,360,3497,2039,0.5051936507225037,0,14
7216,360,3497,1491,0.5197901725769043,0,14
7217,360,3497,1405,0.48486950993537903,0,14
7218,360,3497,1050,0.5153716802597046,0,14
7219,360,3497,1477,0.5054415464401245,0,14
7220,361,1573,751,0.6300607323646545,1,7
7221,361,1573,558,0.6203219890594482,0,7
7222,361,1573,51,0.6238000988960266,0,7
7223,361,1573,497,0.6017882227897644,0,7
7224,361,1573,1992,0.6748380661010742,0,7
7225,361,1573,356,0.6157969832420349,0,7
7226,361,1573,1448,0.6208572387695312,0,7
7227,361,1573,1476,0.39623913168907166,0,7
7228,361,1573,525,0.6001014113426208,0,7
7229,361,1573,1976,0.49793118238449097,0,7
7230,361,1573,1161,0.6366909146308899,0,7
7231,361,1573,1202,0.6259401440620422,0,7
7232,361,1573,506,0.6181353330612183,0,7
7233,361,1573,1277,0.727626383304596,0,7
7234,361,1573,450,0.6140148043632507,0,7
7235,361,1573,897,0.6376411318778992,0,7
7236,361,1573,2046,0.6808436512947083,0,7
7237,361,1573,1034,0.574173629283905,0,7
7238,361,1573,1585,0.6067570447921753,0,7
7239,361,1573,904,0.6654297709465027,0,7
7240,362,995,459,0.497959703207016,1,15
7241,362,995,164,0.5175922513008118,0,15
7242,362,995,129,0.49153390526771545,0,15
7243,362,995,1324,0.5103981494903564,0,15
7244,362,995,1677,0.4886036813259125,0,15
7245,362,995,581,0.5141409635543823,0,15
7246,362,995,425,0.5020811557769775,0,15
7247,362,995,938,0.5809340476989746,0,15
7248,362,995,1747,0.49331173300743103,0,15
7249,362,995,1071,0.5356842875480652,0,15
7250,362,995,1935,0.5247350931167603,0,15
7251,362,995,1861,0.5156048536300659,0,15
7252,362,995,275,0.4910091161727905,0,15
7253,362,995,281,0.5069147348403931,0,15
7254,362,995,103,0.3765813410282135,0,15
7255,362,995,1855,0.5227320790290833,0,15
7256,362,995,27,0.5526246428489685,0,15
7257,362,995,1038,0.5458431839942932,0,15
7258,362,995,1842,0.5276961326599121,0,15
7259,362,995,221,0.5202955007553101,0,15
7260,363,1465,1211,0.4563477039337158,1,20
7261,363,1465,888,0.4787892699241638,0,20
7262,363,1465,703,0.4750058948993683,0,20
7263,363,1465,483,0.47492220997810364,0,20
7264,363,1465,1225,0.4939563572406769,0,20
7265,363,1465,819,0.4968132972717285,0,20
7266,363,1465,1037,0.48401403427124023,0,20
7267,363,1465,1651,0.4704224467277527,0,20
7268,363,1465,244,0.5252638459205627,0,20
7269,363,1465,1826,0.5122832655906677,0,20
7270,363,1465,1424,0.4934830665588379,0,20
7271,363,1465,1358,0.4955809712409973,0,20
7272,363,1465,1548,0.4800165593624115,0,20
7273,363,1465,947,0.4833921790122986,0,20
7274,363,1465,1135,0.5061884522438049,0,20
7275,363,1465,1076,0.5069382190704346,0,20
7276,363,1465,1305,0.4872549772262573,0,20
7277,363,1465,65,0.47438570857048035,0,20
7278,363,1465,2044,0.5461932420730591,0,20
7279,363,1465,83,0.5089245438575745,0,20
7280,364,2933,1104,0.42595821619033813,1,14
7281,364,2933,889,0.4793737828731537,0,14
7282,364,2933,529,0.4077092409133911,0,14
7283,364,2933,936,0.5550612807273865,0,14
7284,364,2933,271,0.48671755194664,0,14
7285,364,2933,753,0.4206722378730774,0,14
7286,364,2933,911,0.5104455351829529,0,14
7287,364,2933,904,0.42395728826522827,0,14
7288,364,2933,2029,0.4464060068130493,0,14
7289,364,2933,613,0.5229705572128296,0,14
7290,364,2933,1234,0.5167797803878784,0,14
7291,364,2933,2038,0.5170336365699768,0,14
7292,364,2933,148,0.5329538583755493,0,14
7293,364,2933,1856,0.44713813066482544,0,14
7294,364,2933,2005,0.4468747675418854,0,14
7295,364,2933,1225,0.4544913172721863,0,14
7296,364,2933,1736,0.4168298840522766,0,14
7297,364,2933,1236,0.3447938561439514,0,14
7298,364,2933,220,0.44302499294281006,0,14
7299,364,2933,227,0.42383986711502075,0,14
7300,365,1931,157,0.5548884272575378,1,17
7301,365,1931,2024,0.5364136099815369,0,17
7302,365,1931,1156,0.6324144005775452,0,17
7303,365,1931,888,0.6388989686965942,0,17
7304,365,1931,588,0.5734617114067078,0,17
7305,365,1931,869,0.5744578242301941,0,17
7306,365,1931,499,0.5476799011230469,0,17
7307,365,1931,183,0.567954957485199,0,17
7308,365,1931,1390,0.5748391151428223,0,17
7309,365,1931,1273,0.36319053173065186,0,17
7310,365,1931,644,0.5803351998329163,0,17
7311,365,1931,367,0.590339183807373,0,17
7312,365,1931,1463,0.6387545466423035,0,17
7313,365,1931,742,0.60951828956604,0,17
7314,365,1931,1366,0.6370617747306824,0,17
7315,365,1931,1300,0.606451690196991,0,17
7316,365,1931,1897,0.6172975301742554,0,17
7317,365,1931,1984,0.6201910376548767,0,17
7318,365,1931,1321,0.6161707043647766,0,17
7319,365,1931,744,0.5731438398361206,0,17
7320,366,1399,1278,0.5880851149559021,1,1
7321,366,1399,2056,0.40318819880485535,0,1
7322,366,1399,256,0.5188736915588379,0,1
7323,366,1399,970,0.39348259568214417,0,1
7324,366,1399,200,0.42461925745010376,0,1
7325,366,1399,821,0.40242713689804077,0,1
7326,366,1399,694,0.41837266087532043,0,1
7327,366,1399,642,0.5077055096626282,0,1
7328,366,1399,870,0.4384241998195648,0,1
7329,366,1399,631,0.39664238691329956,0,1
7330,366,1399,1020,0.4691159725189209,0,1
7331,366,1399,968,0.5057421326637268,0,1
7332,366,1399,1180,0.40034836530685425,0,1
7333,366,1399,508,0.4788781404495239,0,1
7334,366,1399,135,0.3636769652366638,0,1
7335,366,1399,2003,0.4159145951271057,0,1
7336,366,1399,1053,0.4645460844039917,0,1
7337,366,1399,1159,0.4414724111557007,0,1
7338,366,1399,282,0.5595596432685852,0,1
7339,366,1399,520,0.42373231053352356,0,1
7340,367,3989,1588,0.6027480363845825,1,10
7341,367,3989,775,0.6037495732307434,0,10
7342,367,3989,606,0.6469921469688416,0,10
7343,367,3989,2014,0.6050413846969604,0,10
7344,367,3989,1923,0.6392315030097961,0,10
7345,367,3989,1750,0.6612172722816467,0,10
7346,367,3989,1299,0.5633013844490051,0,10
7347,367,3989,1804,0.6557254791259766,0,10
7348,367,3989,311,0.5520913600921631,0,10
7349,367,3989,1150,0.2930523753166199,0,10
7350,367,3989,232,0.5854929685592651,0,10
7351,367,3989,1971,0.46095460653305054,0,10
7352,367,3989,1922,0.5676637291908264,0,10
7353,367,3989,1237,0.5851485133171082,0,10
7354,367,3989,735,0.6010733842849731,0,10
7355,367,3989,233,0.5516310334205627,0,10
7356,367,3989,1880,0.677120566368103,0,10
7357,367,3989,887,0.5939624309539795,0,10
7358,367,3989,1331,0.6050959825515747,0,10
7359,367,3989,394,0.6139801740646362,0,10
7360,368,593,1310,0.41853439807891846,1,16
7361,368,593,1182,0.6584546566009521,0,16
7362,368,593,1103,0.5739757418632507,0,16
7363,368,593,962,0.33339187502861023,0,16
7364,368,593,96,0.6199675798416138,0,16
7365,368,593,184,0.6097461581230164,0,16
7366,368,593,854,0.573484480381012,0,16
7367,368,593,1360,0.6034471988677979,0,16
7368,368,593,71,0.44147565960884094,0,16
7369,368,593,1949,0.5101355314254761,0,16
7370,368,593,971,0.5690172910690308,0,16
7371,368,593,442,0.5626723766326904,0,16
7372,368,593,372,0.5738427639007568,0,16
7373,368,593,1662,0.5957379937171936,0,16
7374,368,593,261,0.6279944777488708,0,16
7375,368,593,1689,0.3692997395992279,0,16
7376,368,593,613,0.492277055978775,0,16
7377,368,593,1379,0.41532453894615173,0,16
7378,368,593,792,0.5816336274147034,0,16
7379,368,593,2036,0.33487462997436523,0,16
7380,369,91,2060,0.43370380997657776,1,11
7381,369,91,1618,0.48863252997398376,0,11
7382,369,91,1143,0.428817480802536,0,11
7383,369,91,75,0.4046953618526459,0,11
7384,369,91,1475,0.515357494354248,0,11
7385,369,91,1428,0.4040110111236572,0,11
7386,369,91,64,0.38805121183395386,0,11
7387,369,91,985,0.5596098899841309,0,11
7388,369,91,1584,0.4069059491157532,0,11
7389,369,91,1568,0.42159003019332886,0,11
7390,369,91,1561,0.5516676306724548,0,11
7391,369,91,1650,0.5159580707550049,0,11
7392,369,91,331,0.4376857578754425,0,11
7393,369,91,943,0.5165419578552246,0,11
7394,369,91,2046,0.3957827687263489,0,11
7395,369,91,441,0.4126375615596771,0,11
7396,369,91,412,0.44376957416534424,0,11
7397,369,91,816,0.5552837252616882,0,11
7398,369,91,1893,0.5217442512512207,0,11
7399,369,91,186,0.36872372031211853,0,11
7400,370,1987,1694,0.46047574281692505,1,20
7401,370,1987,1089,0.5161136984825134,0,20
7402,370,1987,86,0.538780689239502,0,20
7403,370,1987,512,0.5289012789726257,0,20
7404,370,1987,970,0.5142673850059509,0,20
7405,370,1987,1575,0.5422869920730591,0,20
7406,370,1987,189,0.4991702437400818,0,20
7407,370,1987,1392,0.5504598617553711,0,20
7408,370,1987,1768,0.4980314075946808,0,20
7409,370,1987,1118,0.5066874623298645,0,20
7410,370,1987,422,0.515853762626648,0,20
7411,370,1987,281,0.5106058120727539,0,20
7412,370,1987,1692,0.5472444891929626,0,20
7413,370,1987,397,0.5315528512001038,0,20
7414,370,1987,1909,0.5364658236503601,0,20
7415,370,1987,63,0.5112051963806152,0,20
7416,370,1987,607,0.5126456618309021,0,20
7417,370,1987,1327,0.49945664405822754,0,20
7418,370,1987,1481,0.5240244269371033,0,20
7419,370,1987,1916,0.5111367702484131,0,20
7420,371,1216,468,0.5474754571914673,1,11
7421,371,1216,1448,0.538214385509491,0,11
7422,371,1216,1742,0.5624593496322632,0,11
7423,371,1216,1484,0.5320574045181274,0,11
7424,371,1216,1503,0.5326898694038391,0,11
7425,371,1216,251,0.54290372133255,0,11
7426,371,1216,1460,0.5654342770576477,0,11
7427,371,1216,1071,0.5612931251525879,0,11
7428,371,1216,1749,0.5532405972480774,0,11
7429,371,1216,296,0.530988335609436,0,11
7430,371,1216,545,0.5580203533172607,0,11
7431,371,1216,859,0.5598777532577515,0,11
7432,371,1216,888,0.5727518200874329,0,11
7433,371,1216,193,0.3972479999065399,0,11
7434,371,1216,831,0.5218316912651062,0,11
7435,371,1216,38,0.5339856743812561,0,11
7436,371,1216,693,0.5541701912879944,0,11
7437,371,1216,1124,0.532192051410675,0,11
7438,371,1216,1042,0.5647861957550049,0,11
7439,371,1216,1939,0.5513907074928284,0,11
7440,372,2562,1443,0.5329771041870117,1,16
7441,372,2562,1202,0.5654427409172058,0,16
7442,372,2562,494,0.5543093681335449,0,16
7443,372,2562,323,0.5641672015190125,0,16
7444,372,2562,326,0.557813823223114,0,16
7445,372,2562,1587,0.5518975853919983,0,16
7446,372,2562,1034,0.5473586320877075,0,16
7447,372,2562,16,0.5486266016960144,0,16
7448,372,2562,1807,0.5763184428215027,0,16
7449,372,2562,895,0.5567018389701843,0,16
7450,372,2562,1287,0.5753551721572876,0,16
7451,372,2562,1447,0.375052273273468,0,16
7452,372,2562,675,0.5752326250076294,0,16
7453,372,2562,628,0.43808048963546753,0,16
7454,372,2562,728,0.5727459788322449,0,16
7455,372,2562,1304,0.5441789031028748,0,16
7456,372,2562,2036,0.34451329708099365,0,16
7457,372,2562,599,0.5442612171173096,0,16
7458,372,2562,595,0.49289074540138245,0,16
7459,372,2562,1619,0.5491275191307068,0,16
7460,373,2861,1224,0.3283214271068573,1,20
7461,373,2861,1078,0.6069936752319336,0,20
7462,373,2861,3,0.580253541469574,0,20
7463,373,2861,773,0.5932878255844116,0,20
7464,373,2861,898,0.5838117599487305,0,20
7465,373,2861,1370,0.6320451498031616,0,20
7466,373,2861,589,0.5718356370925903,0,20
7467,373,2861,1977,0.580034077167511,0,20
7468,373,2861,867,0.6086316108703613,0,20
7469,373,2861,1911,0.6618550419807434,0,20
7470,373,2861,1408,0.6114664673805237,0,20
7471,373,2861,415,0.6144737601280212,0,20
7472,373,2861,1277,0.6554458141326904,0,20
7473,373,2861,1503,0.5868932008743286,0,20
7474,373,2861,648,0.5248324275016785,0,20
7475,373,2861,307,0.5696435570716858,0,20
7476,373,2861,579,0.3637450933456421,0,20
7477,373,2861,1070,0.6018000841140747,0,20
7478,373,2861,729,0.5842946171760559,0,20
7479,373,2861,892,0.5667527318000793,0,20
7480,374,3209,727,0.6028959155082703,1,12
7481,374,3209,1869,0.6270105838775635,0,12
7482,374,3209,641,0.6074841618537903,0,12
7483,374,3209,1159,0.6361621022224426,0,12
7484,374,3209,834,0.3944909870624542,0,12
7485,374,3209,1088,0.5043905377388,0,12
7486,374,3209,431,0.5003582835197449,0,12
7487,374,3209,555,0.6067332029342651,0,12
7488,374,3209,764,0.6352737545967102,0,12
7489,374,3209,738,0.661044180393219,0,12
7490,374,3209,775,0.6077620983123779,0,12
7491,374,3209,728,0.6323867440223694,0,12
7492,374,3209,1924,0.6122921109199524,0,12
7493,374,3209,1896,0.6556934714317322,0,12
7494,374,3209,1555,0.6027161478996277,0,12
7495,374,3209,1669,0.4924081563949585,0,12
7496,374,3209,554,0.6033363342285156,0,12
7497,374,3209,1843,0.4311784505844116,0,12
7498,374,3209,1806,0.42707720398902893,0,12
7499,374,3209,936,0.534879744052887,0,12
7500,375,1936,82,0.5558871030807495,1,16
7501,375,1936,211,0.6802912950515747,0,16
7502,375,1936,1814,0.6700537204742432,0,16
7503,375,1936,3,0.5937752723693848,0,16
7504,375,1936,348,0.6359391808509827,0,16
7505,375,1936,648,0.5233721733093262,0,16
7506,375,1936,167,0.543093204498291,0,16
7507,375,1936,133,0.5887557864189148,0,16
7508,375,1936,198,0.6704367399215698,0,16
7509,375,1936,1759,0.6645694971084595,0,16
7510,375,1936,1922,0.5702861547470093,0,16
7511,375,1936,1566,0.6585555672645569,0,16
7512,375,1936,1363,0.6716827154159546,0,16
7513,375,1936,442,0.5905627012252808,0,16
7514,375,1936,750,0.5879520177841187,0,16
7515,375,1936,831,0.5142591595649719,0,16
7516,375,1936,1199,0.616213321685791,0,16
7517,375,1936,1744,0.46809616684913635,0,16
7518,375,1936,1826,0.5683871507644653,0,16
7519,375,1936,152,0.6059712171554565,0,16
7520,376,3977,685,0.7479404211044312,1,2
7521,376,3977,1425,0.6585185527801514,0,2
7522,376,3977,439,0.4144529402256012,0,2
7523,376,3977,1538,0.7353450059890747,0,2
7524,376,3977,1306,0.785039484500885,0,2
7525,376,3977,849,0.6379796862602234,0,2
7526,376,3977,1434,0.39041367173194885,0,2
7527,376,3977,1643,0.3055456578731537,0,2
7528,376,3977,1741,0.6690658330917358,0,2
7529,376,3977,1308,0.6769114136695862,0,2
7530,376,3977,1270,0.6689130663871765,0,2
7531,376,3977,817,0.6681224703788757,0,2
7532,376,3977,1299,0.5798676609992981,0,2
7533,376,3977,514,0.7395160794258118,0,2
7534,376,3977,545,0.7122267484664917,0,2
7535,376,3977,919,0.41694581508636475,0,2
7536,376,3977,1560,0.67926025390625,0,2
7537,376,3977,494,0.6202870607376099,0,2
7538,376,3977,645,0.6750501394271851,0,2
7539,376,3977,248,0.552511990070343,0,2
7540,377,3709,1832,0.48122698068618774,1,19
7541,377,3709,1916,0.5842398405075073,0,19
7542,377,3709,568,0.5394651293754578,0,19
7543,377,3709,1304,0.5623064637184143,0,19
7544,377,3709,1872,0.6324616074562073,0,19
7545,377,3709,1564,0.4169842004776001,0,19
7546,377,3709,724,0.7066080570220947,0,19
7547,377,3709,165,0.6627501845359802,0,19
7548,377,3709,422,0.6791218519210815,0,19
7549,377,3709,1231,0.5305795669555664,0,19
7550,377,3709,158,0.7147806882858276,0,19
7551,377,3709,1341,0.5050855875015259,0,19
7552,377,3709,413,0.6841034889221191,0,19
7553,377,3709,431,0.4989129602909088,0,19
7554,377,3709,1754,0.6054763793945312,0,19
7555,377,3709,89,0.6140691041946411,0,19
7556,377,3709,652,0.5616216063499451,0,19
7557,377,3709,1100,0.6326978206634521,0,19
7558,377,3709,809,0.6669470071792603,0,19
7559,377,3709,1949,0.5042195916175842,0,19
7560,378,3488,461,0.532574474811554,1,16
7561,378,3488,1811,0.6773409843444824,0,16
7562,378,3488,1473,0.3582751154899597,0,16
7563,378,3488,1205,0.4709542989730835,0,16
7564,378,3488,641,0.6484119296073914,0,16
7565,378,3488,1514,0.7552661299705505,0,16
7566,378,3488,1328,0.5458517074584961,0,16
7567,378,3488,1119,0.7761760354042053,0,16
7568,378,3488,1726,0.7698512673377991,0,16
7569,378,3488,255,0.6559453010559082,0,16
7570,378,3488,1490,0.707565188407898,0,16
7571,378,3488,1870,0.6990313529968262,0,16
7572,378,3488,877,0.6951538920402527,0,16
7573,378,3488,738,0.7285451292991638,0,16
7574,378,3488,1228,0.6570138335227966,0,16
7575,378,3488,1161,0.6645241975784302,0,16
7576,378,3488,123,0.40577203035354614,0,16
7577,378,3488,1812,0.5610160827636719,0,16
7578,378,3488,1658,0.30970510840415955,0,16
7579,378,3488,37,0.658635675907135,0,16
7580,379,1776,1132,0.499610960483551,1,19
7581,379,1776,390,0.5139521360397339,0,19
7582,379,1776,379,0.5131570100784302,0,19
7583,379,1776,218,0.5486032366752625,0,19
7584,379,1776,1235,0.5283201336860657,0,19
7585,379,1776,1599,0.5226263999938965,0,19
7586,379,1776,1728,0.4674282670021057,0,19
7587,379,1776,164,0.527485728263855,0,19
7588,379,1776,1811,0.529397189617157,0,19
7589,379,1776,757,0.5219035148620605,0,19
7590,379,1776,5,0.5158349871635437,0,19
7591,379,1776,93,0.5430406332015991,0,19
7592,379,1776,1330,0.5319935083389282,0,19
7593,379,1776,1428,0.5255041718482971,0,19
7594,379,1776,191,0.5278953909873962,0,19
7595,379,1776,942,0.5471232533454895,0,19
7596,379,1776,708,0.5148746967315674,0,19
7597,379,1776,532,0.5304054021835327,0,19
7598,379,1776,1639,0.5387740135192871,0,19
7599,379,1776,1562,0.5330408811569214,0,19
7600,380,535,1723,0.41504913568496704,1,18
7601,380,535,645,0.5243497490882874,0,18
7602,380,535,1694,0.4535793960094452,0,18
7603,380,535,507,0.5000095367431641,0,18
7604,380,535,425,0.5120328664779663,0,18
7605,380,535,1484,0.4970989227294922,0,18
7606,380,535,1364,0.5249680280685425,0,18
7607,380,535,1530,0.5347068309783936,0,18
7608,380,535,1660,0.5251544117927551,0,18
7609,380,535,971,0.5026086568832397,0,18
7610,380,535,834,0.43338555097579956,0,18
7611,380,535,698,0.5198395848274231,0,18
7612,380,535,2015,0.5136806964874268,0,18
7613,380,535,407,0.3942249119281769,0,18
7614,380,535,736,0.5232973098754883,0,18
7615,380,535,1563,0.5486740469932556,0,18
7616,380,535,1198,0.42633506655693054,0,18
7617,380,535,1846,0.39386630058288574,0,18
7618,380,535,636,0.5318289995193481,0,18
7619,380,535,575,0.49812203645706177,0,18
7620,381,887,808,0.5153290629386902,1,17
7621,381,887,454,0.7600583434104919,0,17
7622,381,887,1265,0.6793570518493652,0,17
7623,381,887,1239,0.758587121963501,0,17
7624,381,887,188,0.6136282682418823,0,17
7625,381,887,657,0.7183327078819275,0,17
7626,381,887,649,0.6283976435661316,0,17
7627,381,887,876,0.7609475255012512,0,17
7628,381,887,983,0.43557462096214294,0,17
7629,381,887,1465,0.7084302306175232,0,17
7630,381,887,988,0.3465496301651001,0,17
7631,381,887,1849,0.667178213596344,0,17
7632,381,887,1892,0.6883339285850525,0,17
7633,381,887,1699,0.584841787815094,0,17
7634,381,887,187,0.5598698258399963,0,17
7635,381,887,1315,0.6670699715614319,0,17
7636,381,887,367,0.7055054306983948,0,17
7637,381,887,1792,0.5276021957397461,0,17
7638,381,887,235,0.3085916340351105,0,17
7639,381,887,549,0.6641912460327148,0,17
7640,382,2106,1787,0.5117852091789246,1,18
7641,382,2106,1924,0.6312631964683533,0,18
7642,382,2106,287,0.4990933835506439,0,18
7643,382,2106,243,0.7258914709091187,0,18
7644,382,2106,2079,0.6752536296844482,0,18
7645,382,2106,790,0.6962113976478577,0,18
7646,382,2106,1021,0.3677722215652466,0,18
7647,382,2106,1453,0.6955645084381104,0,18
7648,382,2106,1611,0.6303278207778931,0,18
7649,382,2106,1510,0.6973558068275452,0,18
7650,382,2106,753,0.6833301782608032,0,18
7651,382,2106,472,0.5315379500389099,0,18
7652,382,2106,88,0.5991350412368774,0,18
7653,382,2106,1426,0.5964310169219971,0,18
7654,382,2106,527,0.640377938747406,0,18
7655,382,2106,293,0.7251819372177124,0,18
7656,382,2106,1638,0.6794686317443848,0,18
7657,382,2106,180,0.7016288042068481,0,18
7658,382,2106,1962,0.6260430812835693,0,18
7659,382,2106,1558,0.6571429371833801,0,18
7660,383,2169,1341,0.50301194190979,1,16
7661,383,2169,993,0.46605417132377625,0,16
7662,383,2169,133,0.5951631665229797,0,16
7663,383,2169,1045,0.7044680118560791,0,16
7664,383,2169,972,0.6460188627243042,0,16
7665,383,2169,1207,0.6859769821166992,0,16
7666,383,2169,217,0.6717224717140198,0,16
7667,383,2169,1352,0.5628941059112549,0,16
7668,383,2169,1144,0.676586389541626,0,16
7669,383,2169,1088,0.501316487789154,0,16
7670,383,2169,1670,0.592086136341095,0,16
7671,383,2169,940,0.6156588196754456,0,16
7672,383,2169,101,0.3355448544025421,0,16
7673,383,2169,770,0.6111841201782227,0,16
7674,383,2169,325,0.43345510959625244,0,16
7675,383,2169,1005,0.6872079968452454,0,16
7676,383,2169,1631,0.5280807614326477,0,16
7677,383,2169,1648,0.6206142902374268,0,16
7678,383,2169,1156,0.685004472732544,0,16
7679,383,2169,844,0.6051011681556702,0,16
7680,384,3867,665,0.4842957556247711,1,17
7681,384,3867,937,0.4822165369987488,0,17
7682,384,3867,1199,0.47136586904525757,0,17
7683,384,3867,1292,0.5019679069519043,0,17
7684,384,3867,761,0.49225476384162903,0,17
7685,384,3867,1513,0.5025789141654968,0,17
7686,384,3867,460,0.5168869495391846,0,17
7687,384,3867,640,0.49244827032089233,0,17
7688,384,3867,1134,0.5241117477416992,0,17
7689,384,3867,587,0.48657000064849854,0,17
7690,384,3867,2080,0.4983825087547302,0,17
7691,384,3867,1190,0.5190735459327698,0,17
7692,384,3867,1440,0.5188897252082825,0,17
7693,384,3867,638,0.4867918789386749,0,17
7694,384,3867,86,0.5407201051712036,0,17
7695,384,3867,145,0.4919174909591675,0,17
7696,384,3867,1604,0.4720169007778168,0,17
7697,384,3867,1896,0.522750735282898,0,17
7698,384,3867,742,0.4999433755874634,0,17
7699,384,3867,1504,0.48823148012161255,0,17
7700,385,3493,447,0.6139276027679443,1,1
7701,385,3493,317,0.582032322883606,0,1
7702,385,3493,871,0.5512275099754333,0,1
7703,385,3493,291,0.5669243931770325,0,1
7704,385,3493,2025,0.5753602385520935,0,1
7705,385,3493,1767,0.5499545931816101,0,1
7706,385,3493,1260,0.5533315539360046,0,1
7707,385,3493,536,0.5568236708641052,0,1
7708,385,3493,1412,0.5745143294334412,0,1
7709,385,3493,441,0.579775333404541,0,1
7710,385,3493,1672,0.5514706969261169,0,1
7711,385,3493,284,0.5896319150924683,0,1
7712,385,3493,190,0.5672783255577087,0,1
7713,385,3493,1964,0.594072163105011,0,1
7714,385,3493,1472,0.4135783612728119,0,1
7715,385,3493,1849,0.5608763694763184,0,1
7716,385,3493,738,0.590158224105835,0,1
7717,385,3493,1391,0.5793516039848328,0,1
7718,385,3493,1321,0.5870945453643799,0,1
7719,385,3493,2050,0.5845059752464294,0,1
7720,386,603,1310,0.4210642874240875,1,20
7721,386,603,1322,0.5517143607139587,0,20
7722,386,603,1729,0.62744140625,0,20
7723,386,603,789,0.4235153794288635,0,20
7724,386,603,1776,0.559183657169342,0,20
7725,386,603,1832,0.5058857202529907,0,20
7726,386,603,51,0.5637989640235901,0,20
7727,386,603,1216,0.6031494736671448,0,20
7728,386,603,1057,0.5572205185890198,0,20
7729,386,603,1189,0.5815234184265137,0,20
7730,386,603,1679,0.5834786891937256,0,20
7731,386,603,203,0.5953907370567322,0,20
7732,386,603,264,0.5705543756484985,0,20
7733,386,603,1547,0.4488660395145416,0,20
7734,386,603,1095,0.592762291431427,0,20
7735,386,603,1662,0.5889161825180054,0,20
7736,386,603,1243,0.5671752691268921,0,20
7737,386,603,41,0.5079922080039978,0,20
7738,386,603,152,0.576767086982727,0,20
7739,386,603,2001,0.56086665391922,0,20
7740,387,2556,1877,0.43062156438827515,1,19
7741,387,2556,1714,0.485016405582428,0,19
7742,387,2556,1751,0.49590545892715454,0,19
7743,387,2556,320,0.4780590832233429,0,19
7744,387,2556,1034,0.5378775596618652,0,19
7745,387,2556,132,0.4860117733478546,0,19
7746,387,2556,1556,0.5421644449234009,0,19
7747,387,2556,531,0.4796173870563507,0,19
7748,387,2556,590,0.4887638986110687,0,19
7749,387,2556,789,0.46535271406173706,0,19
7750,387,2556,739,0.49031391739845276,0,19
7751,387,2556,1504,0.49168482422828674,0,19
7752,387,2556,2035,0.494241327047348,0,19
7753,387,2556,309,0.4775931239128113,0,19
7754,387,2556,1588,0.47724366188049316,0,19
7755,387,2556,1214,0.32339558005332947,0,19
7756,387,2556,1502,0.4679452180862427,0,19
7757,387,2556,654,0.5007244944572449,0,19
7758,387,2556,1927,0.48523831367492676,0,19
7759,387,2556,1402,0.48981940746307373,0,19
7760,388,1638,909,0.5410643219947815,1,5
7761,388,1638,1700,0.5127978324890137,0,5
7762,388,1638,976,0.5792123675346375,0,5
7763,388,1638,2053,0.47073426842689514,0,5
7764,388,1638,1992,0.477683961391449,0,5
7765,388,1638,660,0.48419618606567383,0,5
7766,388,1638,675,0.47867751121520996,0,5
7767,388,1638,1778,0.49876928329467773,0,5
7768,388,1638,789,0.4733438789844513,0,5
7769,388,1638,1399,0.5355056524276733,0,5
7770,388,1638,1928,0.5680772662162781,0,5
7771,388,1638,1060,0.5514195561408997,0,5
7772,388,1638,901,0.48249152302742004,0,5
7773,388,1638,273,0.4700984060764313,0,5
7774,388,1638,1570,0.5322399735450745,0,5
7775,388,1638,617,0.47245660424232483,0,5
7776,388,1638,1231,0.5475417375564575,0,5
7777,388,1638,1295,0.4908369183540344,0,5
7778,388,1638,533,0.5161676406860352,0,5
7779,388,1638,970,0.4790346622467041,0,5
7780,389,246,1932,0.5608855485916138,1,1
7781,389,246,1788,0.5258980989456177,0,1
7782,389,246,317,0.5112857818603516,0,1
7783,389,246,1658,0.47965118288993835,0,1
7784,389,246,1526,0.5236203074455261,0,1
7785,389,246,811,0.5130583047866821,0,1
7786,389,246,217,0.5184946060180664,0,1
7787,389,246,857,0.5118579864501953,0,1
7788,389,246,1831,0.5230546593666077,0,1
7789,389,246,403,0.5280889272689819,0,1
7790,389,246,575,0.5000388026237488,0,1
7791,389,246,1651,0.5200725793838501,0,1
7792,389,246,1079,0.5345685482025146,0,1
7793,389,246,1063,0.5131263136863708,0,1
7794,389,246,966,0.5203694701194763,0,1
7795,389,246,338,0.5314549207687378,0,1
7796,389,246,199,0.5502877831459045,0,1
7797,389,246,644,0.5084445476531982,0,1
7798,389,246,1102,0.5327251553535461,0,1
7799,389,246,789,0.46429094672203064,0,1
7800,390,1775,1724,0.7159472107887268,1,1
7801,390,1775,130,0.6698175072669983,0,1
7802,390,1775,481,0.6874260306358337,0,1
7803,390,1775,1482,0.6857563853263855,0,1
7804,390,1775,1839,0.6502933502197266,0,1
7805,390,1775,1589,0.41779232025146484,0,1
7806,390,1775,723,0.6335178017616272,0,1
7807,390,1775,746,0.5893731117248535,0,1
7808,390,1775,641,0.632150411605835,0,1
7809,390,1775,1173,0.6015462279319763,0,1
7810,390,1775,365,0.672951340675354,0,1
7811,390,1775,147,0.6190779805183411,0,1
7812,390,1775,1127,0.6442273259162903,0,1
7813,390,1775,236,0.7092850804328918,0,1
7814,390,1775,1789,0.6060817837715149,0,1
7815,390,1775,388,0.7071428298950195,0,1
7816,390,1775,469,0.32697099447250366,0,1
7817,390,1775,916,0.6019001603126526,0,1
7818,390,1775,454,0.7100012302398682,0,1
7819,390,1775,1133,0.6819596290588379,0,1
7820,391,4040,1096,0.5824516415596008,1,2
7821,391,4040,1038,0.5046790838241577,0,2
7822,391,4040,1645,0.5263426303863525,0,2
7823,391,4040,1072,0.34891176223754883,0,2
7824,391,4040,1946,0.6453902125358582,0,2
7825,391,4040,396,0.3063836991786957,0,2
7826,391,4040,600,0.4938187599182129,0,2
7827,391,4040,1280,0.5413897633552551,0,2
7828,391,4040,1800,0.2851532995700836,0,2
7829,391,4040,553,0.27819734811782837,0,2
7830,391,4040,828,0.28676798939704895,0,2
7831,391,4040,826,0.40017032623291016,0,2
7832,391,4040,880,0.29492688179016113,0,2
7833,391,4040,1053,0.5143935084342957,0,2
7834,391,4040,1350,0.31826654076576233,0,2
7835,391,4040,1779,0.5055397152900696,0,2
7836,391,4040,1984,0.2783001959323883,0,2
7837,391,4040,422,0.3291832506656647,0,2
7838,391,4040,123,0.41790544986724854,0,2
7839,391,4040,164,0.30454978346824646,0,2
7840,392,3733,613,0.4898984730243683,1,18
7841,392,3733,1874,0.5627314448356628,0,18
7842,392,3733,800,0.5748792290687561,0,18
7843,392,3733,1995,0.33141618967056274,0,18
7844,392,3733,1117,0.5655752420425415,0,18
7845,392,3733,1599,0.5426568388938904,0,18
7846,392,3733,1335,0.5608158111572266,0,18
7847,392,3733,636,0.5542815327644348,0,18
7848,392,3733,858,0.55322265625,0,18
7849,392,3733,313,0.5370261669158936,0,18
7850,392,3733,1641,0.3505108058452606,0,18
7851,392,3733,1845,0.5577580332756042,0,18
7852,392,3733,2067,0.562045156955719,0,18
7853,392,3733,1806,0.5101048350334167,0,18
7854,392,3733,2023,0.5592193603515625,0,18
7855,392,3733,1497,0.5641865730285645,0,18
7856,392,3733,464,0.573158323764801,0,18
7857,392,3733,716,0.5598591566085815,0,18
7858,392,3733,875,0.5712410807609558,0,18
7859,392,3733,395,0.5568161010742188,0,18
7860,393,414,1848,0.4606319069862366,1,15
7861,393,414,838,0.4425956904888153,0,15
7862,393,414,1308,0.46001389622688293,0,15
7863,393,414,1307,0.46253782510757446,0,15
7864,393,414,2052,0.4514220058917999,0,15
7865,393,414,233,0.5326995849609375,0,15
7866,393,414,38,0.4775941073894501,0,15
7867,393,414,886,0.5042808055877686,0,15
7868,393,414,485,0.46468669176101685,0,15
7869,393,414,379,0.45517048239707947,0,15
7870,393,414,1075,0.48832717537879944,0,15
7871,393,414,959,0.5408015251159668,0,15
7872,393,414,288,0.4913482666015625,0,15
7873,393,414,1508,0.4583503007888794,0,15
7874,393,414,443,0.4842556118965149,0,15
7875,393,414,625,0.5078628063201904,0,15
7876,393,414,999,0.47950389981269836,0,15
7877,393,414,871,0.5314269065856934,0,15
7878,393,414,816,0.5415115356445312,0,15
7879,393,414,881,0.5033928155899048,0,15
7880,394,630,2025,0.6075713634490967,1,6
7881,394,630,638,0.6185752153396606,0,6
7882,394,630,841,0.5106802582740784,0,6
7883,394,630,1140,0.5896793007850647,0,6
7884,394,630,2050,0.6028162240982056,0,6
7885,394,630,351,0.5863406658172607,0,6
7886,394,630,2061,0.5819405913352966,0,6
7887,394,630,1617,0.45246192812919617,0,6
7888,394,630,569,0.5928053259849548,0,6
7889,394,630,422,0.6183987259864807,0,6
7890,394,630,74,0.40373650193214417,0,6
7891,394,630,635,0.5954927802085876,0,6
7892,394,630,2074,0.5833457112312317,0,6
7893,394,630,560,0.5983200669288635,0,6
7894,394,630,549,0.587127685546875,0,6
7895,394,630,815,0.6235067844390869,0,6
7896,394,630,1929,0.6173230409622192,0,6
7897,394,630,1315,0.5805345773696899,0,6
7898,394,630,2064,0.612473726272583,0,6
7899,394,630,1776,0.5644965767860413,0,6
7900,395,1718,1099,0.4661296010017395,1,12
7901,395,1718,1098,0.4562433958053589,0,12
7902,395,1718,1328,0.5325682759284973,0,12
7903,395,1718,187,0.5114127397537231,0,12
7904,395,1718,1115,0.5307680368423462,0,12
7905,395,1718,1467,0.3849183917045593,0,12
7906,395,1718,1540,0.4709956645965576,0,12
7907,395,1718,1591,0.4938812255859375,0,12
7908,395,1718,438,0.43170034885406494,0,12
7909,395,1718,1481,0.4574739336967468,0,12
7910,395,1718,1362,0.4620341956615448,0,12
7911,395,1718,521,0.44596999883651733,0,12
7912,395,1718,733,0.5314934849739075,0,12
7913,395,1718,1045,0.4380105435848236,0,12
7914,395,1718,841,0.530684769153595,0,12
7915,395,1718,914,0.485309362411499,0,12
7916,395,1718,1088,0.5214276909828186,0,12
7917,395,1718,597,0.454091876745224,0,12
7918,395,1718,1285,0.4875178337097168,0,12
7919,395,1718,1143,0.4672052562236786,0,12
7920,396,2379,1373,0.47680914402008057,1,13
7921,396,2379,210,0.5493144392967224,0,13
7922,396,2379,1766,0.4465177655220032,0,13
7923,396,2379,641,0.5002656579017639,0,13
7924,396,2379,866,0.5262549519538879,0,13
7925,396,2379,1512,0.49712979793548584,0,13
7926,396,2379,377,0.5474140048027039,0,13
7927,396,2379,511,0.40475815534591675,0,13
7928,396,2379,1530,0.5182943344116211,0,13
7929,396,2379,751,0.4810476005077362,0,13
7930,396,2379,897,0.47008180618286133,0,13
7931,396,2379,570,0.5278768539428711,0,13
7932,396,2379,1201,0.45318880677223206,0,13
7933,396,2379,852,0.47703006863594055,0,13
7934,396,2379,2010,0.46242964267730713,0,13
7935,396,2379,1721,0.4739977717399597,0,13
7936,396,2379,588,0.47361552715301514,0,13
7937,396,2379,324,0.48819059133529663,0,13
7938,396,2379,1625,0.47861137986183167,0,13
7939,396,2379,632,0.48699942231178284,0,13
7940,397,73,1294,0.46343278884887695,1,7
7941,397,73,999,0.4415842294692993,0,7
7942,397,73,1344,0.4543169438838959,0,7
7943,397,73,1835,0.40144139528274536,0,7
7944,397,73,1780,0.4771653711795807,0,7
7945,397,73,1735,0.39085033535957336,0,7
7946,397,73,61,0.4661758542060852,0,7
7947,397,73,1155,0.38721853494644165,0,7
7948,397,73,1757,0.5265202522277832,0,7
7949,397,73,1227,0.37052831053733826,0,7
7950,397,73,114,0.4292800724506378,0,7
7951,397,73,417,0.5044177174568176,0,7
7952,397,73,1446,0.38329198956489563,0,7
7953,397,73,2051,0.6198598742485046,0,7
7954,397,73,1728,0.48368874192237854,0,7
7955,397,73,802,0.3919941186904907,0,7
7956,397,73,835,0.41393086314201355,0,7
7957,397,73,347,0.4459889531135559,0,7
7958,397,73,1861,0.39169925451278687,0,7
7959,397,73,11,0.405288964509964,0,7
7960,398,898,1972,0.4406188726425171,1,18
7961,398,898,1845,0.522788405418396,0,18
7962,398,898,428,0.5276634693145752,0,18
7963,398,898,922,0.4545466899871826,0,18
7964,398,898,1461,0.4115171730518341,0,18
7965,398,898,311,0.5434623956680298,0,18
7966,398,898,115,0.4802761971950531,0,18
7967,398,898,939,0.47774773836135864,0,18
7968,398,898,1760,0.48432132601737976,0,18
7969,398,898,894,0.45853784680366516,0,18
7970,398,898,1563,0.5482507348060608,0,18
7971,398,898,689,0.4084457457065582,0,18
7972,398,898,749,0.4604836702346802,0,18
7973,398,898,1438,0.46043649315834045,0,18
7974,398,898,1480,0.5218639969825745,0,18
7975,398,898,84,0.5134139060974121,0,18
7976,398,898,260,0.4761987626552582,0,18
7977,398,898,637,0.4770352840423584,0,18
7978,398,898,1352,0.527958869934082,0,18
7979,398,898,1974,0.5051717162132263,0,18
7980,399,1014,411,0.4463518559932709,1,15
7981,399,1014,1823,0.45262667536735535,0,15
7982,399,1014,1536,0.5137617588043213,0,15
7983,399,1014,1821,0.47890111804008484,0,15
7984,399,1014,1150,0.30951598286628723,0,15
7985,399,1014,1344,0.4886006712913513,0,15
7986,399,1014,2002,0.5045413374900818,0,15
7987,399,1014,2073,0.31592947244644165,0,15
7988,399,1014,1669,0.46161574125289917,0,15
7989,399,1014,1284,0.4498799741268158,0,15
7990,399,1014,645,0.48732250928878784,0,15
7991,399,1014,902,0.45552513003349304,0,15
7992,399,1014,1964,0.43811944127082825,0,15
7993,399,1014,212,0.4353155791759491,0,15
7994,399,1014,1246,0.4743327498435974,0,15
7995,399,1014,299,0.47222888469696045,0,15
7996,399,1014,621,0.4903982877731323,0,15
7997,399,1014,1039,0.4539795219898224,0,15
7998,399,1014,680,0.49678781628608704,0,15
7999,399,1014,1457,0.4401076138019562,0,15
8000,400,3385,1124,0.5857239961624146,1,1
8001,400,3385,869,0.5318165421485901,0,1
8002,400,3385,1460,0.49703776836395264,0,1
8003,400,3385,47,0.4845275580883026,0,1
8004,400,3385,1227,0.48131653666496277,0,1
8005,400,3385,1999,0.554246187210083,0,1
8006,400,3385,1800,0.487631618976593,0,1
8007,400,3385,90,0.5414757132530212,0,1
8008,400,3385,2078,0.4886116683483124,0,1
8009,400,3385,515,0.4910134971141815,0,1
8010,400,3385,1878,0.5512757301330566,0,1
8011,400,3385,1348,0.48928025364875793,0,1
8012,400,3385,867,0.5007238388061523,0,1
8013,400,3385,1441,0.5020183324813843,0,1
8014,400,3385,1689,0.3817019760608673,0,1
8015,400,3385,1507,0.4542696177959442,0,1
8016,400,3385,463,0.5147602558135986,0,1
8017,400,3385,1778,0.5094836354255676,0,1
8018,400,3385,267,0.4897346496582031,0,1
8019,400,3385,600,0.45508453249931335,0,1
8020,401,649,224,0.5339148044586182,1,1
8021,401,649,528,0.3837931454181671,0,1
8022,401,649,1229,0.35234230756759644,0,1
8023,401,649,1485,0.4077575206756592,0,1
8024,401,649,739,0.4219098389148712,0,1
8025,401,649,1594,0.39011150598526,0,1
8026,401,649,1646,0.40682926774024963,0,1
8027,401,649,1159,0.4477486312389374,0,1
8028,401,649,1520,0.3856125771999359,0,1
8029,401,649,1286,0.5228825211524963,0,1
8030,401,649,450,0.44400614500045776,0,1
8031,401,649,494,0.483364999294281,0,1
8032,401,649,900,0.3968621492385864,0,1
8033,401,649,233,0.5303664207458496,0,1
8034,401,649,40,0.36581143736839294,0,1
8035,401,649,1438,0.4117147922515869,0,1
8036,401,649,1026,0.46835190057754517,0,1
8037,401,649,1389,0.39429888129234314,0,1
8038,401,649,612,0.4146198034286499,0,1
8039,401,649,971,0.4107072353363037,0,1
8040,402,1946,141,0.4913373291492462,1,11
8041,402,1946,1191,0.4597562253475189,0,11
8042,402,1946,1456,0.41493844985961914,0,11
8043,402,1946,1658,0.4737527370452881,0,11
8044,402,1946,1484,0.4668539762496948,0,11
8045,402,1946,483,0.4596374034881592,0,11
8046,402,1946,1678,0.48396891355514526,0,11
8047,402,1946,1988,0.4962426722049713,0,11
8048,402,1946,135,0.47865232825279236,0,11
8049,402,1946,934,0.48248767852783203,0,11
8050,402,1946,754,0.499013215303421,0,11
8051,402,1946,1821,0.5082233548164368,0,11
8052,402,1946,1440,0.5117630958557129,0,11
8053,402,1946,852,0.4949631690979004,0,11
8054,402,1946,820,0.49852219223976135,0,11
8055,402,1946,1108,0.5307769179344177,0,11
8056,402,1946,1234,0.5318165421485901,0,11
8057,402,1946,2054,0.5049928426742554,0,11
8058,402,1946,2078,0.47982364892959595,0,11
8059,402,1946,868,0.4986679255962372,0,11
8060,403,3981,1413,0.5083001852035522,1,16
8061,403,3981,787,0.525286853313446,0,16
8062,403,3981,1534,0.5083755850791931,0,16
8063,403,3981,2049,0.5217486619949341,0,16
8064,403,3981,95,0.5157127380371094,0,16
8065,403,3981,1507,0.45293372869491577,0,16
8066,403,3981,223,0.5074222683906555,0,16
8067,403,3981,1955,0.5103555917739868,0,16
8068,403,3981,2020,0.5253678560256958,0,16
8069,403,3981,1590,0.5140490531921387,0,16
8070,403,3981,199,0.5407351851463318,0,16
8071,403,3981,618,0.535892903804779,0,16
8072,403,3981,1508,0.515572190284729,0,16
8073,403,3981,531,0.5077336430549622,0,16
8074,403,3981,259,0.5296193361282349,0,16
8075,403,3981,1850,0.5310149788856506,0,16
8076,403,3981,536,0.5233498811721802,0,16
8077,403,3981,359,0.5172334313392639,0,16
8078,403,3981,1086,0.5028986930847168,0,16
8079,403,3981,2069,0.5114554166793823,0,16
8080,404,809,1694,0.43986818194389343,1,19
8081,404,809,2074,0.5445989370346069,0,19
8082,404,809,287,0.49234721064567566,0,19
8083,404,809,740,0.5474731922149658,0,19
8084,404,809,858,0.5637512803077698,0,19
8085,404,809,2019,0.5719810128211975,0,19
8086,404,809,2079,0.566291332244873,0,19
8087,404,809,1899,0.5619955658912659,0,19
8088,404,809,9,0.5364833474159241,0,19
8089,404,809,1340,0.5612956285476685,0,19
8090,404,809,755,0.5769670009613037,0,19
8091,404,809,2037,0.5213003754615784,0,19
8092,404,809,769,0.5774475932121277,0,19
8093,404,809,1206,0.5550679564476013,0,19
8094,404,809,1251,0.5787511467933655,0,19
8095,404,809,1569,0.551645815372467,0,19
8096,404,809,326,0.5541353225708008,0,19
8097,404,809,978,0.4371016323566437,0,19
8098,404,809,961,0.5456263422966003,0,19
8099,404,809,835,0.564083993434906,0,19
8100,405,2008,71,0.43234124779701233,1,18
8101,405,2008,1582,0.6731337904930115,0,18
8102,405,2008,1409,0.6131415963172913,0,18
8103,405,2008,1268,0.42360877990722656,0,18
8104,405,2008,1781,0.6607488989830017,0,18
8105,405,2008,1938,0.6100719571113586,0,18
8106,405,2008,912,0.6647636294364929,0,18
8107,405,2008,855,0.6168106198310852,0,18
8108,405,2008,1526,0.5863428115844727,0,18
8109,405,2008,1062,0.6143402457237244,0,18
8110,405,2008,601,0.5980506539344788,0,18
8111,405,2008,466,0.6658904552459717,0,18
8112,405,2008,965,0.3473682105541229,0,18
8113,405,2008,1560,0.6098629236221313,0,18
8114,405,2008,2005,0.6327896118164062,0,18
8115,405,2008,1793,0.6114319562911987,0,18
8116,405,2008,1112,0.5377553701400757,0,18
8117,405,2008,1070,0.6281216144561768,0,18
8118,405,2008,241,0.6165087819099426,0,18
8119,405,2008,1541,0.6665143370628357,0,18
8120,406,2694,587,0.5052992701530457,1,15
8121,406,2694,328,0.44101250171661377,0,15
8122,406,2694,659,0.5129871368408203,0,15
8123,406,2694,302,0.5130171775817871,0,15
8124,406,2694,928,0.5017202496528625,0,15
8125,406,2694,205,0.5204484462738037,0,15
8126,406,2694,104,0.47663119435310364,0,15
8127,406,2694,945,0.5059162378311157,0,15
8128,406,2694,1457,0.5066285133361816,0,15
8129,406,2694,738,0.5093059539794922,0,15
8130,406,2694,1225,0.5073769092559814,0,15
8131,406,2694,1035,0.5362544655799866,0,15
8132,406,2694,155,0.5317500233650208,0,15
8133,406,2694,1426,0.5319436192512512,0,15
8134,406,2694,830,0.50993412733078,0,15
8135,406,2694,1440,0.5219412446022034,0,15
8136,406,2694,1823,0.43679478764533997,0,15
8137,406,2694,1076,0.502424955368042,0,15
8138,406,2694,732,0.5074028372764587,0,15
8139,406,2694,909,0.5308912992477417,0,15
8140,407,3327,172,0.6781200170516968,1,13
8141,407,3327,533,0.45440298318862915,0,13
8142,407,3327,420,0.7459717988967896,0,13
8143,407,3327,2071,0.7679787874221802,0,13
8144,407,3327,1502,0.7245758175849915,0,13
8145,407,3327,411,0.7374541163444519,0,13
8146,407,3327,614,0.6606776714324951,0,13
8147,407,3327,214,0.6324431896209717,0,13
8148,407,3327,451,0.4502537250518799,0,13
8149,407,3327,71,0.4017788767814636,0,13
8150,407,3327,1295,0.7504400014877319,0,13
8151,407,3327,1416,0.4291595220565796,0,13
8152,407,3327,856,0.8034250736236572,0,13
8153,407,3327,1387,0.7027924656867981,0,13
8154,407,3327,541,0.4225572347640991,0,13
8155,407,3327,528,0.7609742283821106,0,13
8156,407,3327,1243,0.7002626061439514,0,13
8157,407,3327,752,0.773847758769989,0,13
8158,407,3327,1380,0.699577271938324,0,13
8159,407,3327,592,0.8048315644264221,0,13
8160,408,3268,1515,0.48184990882873535,1,18
8161,408,3268,384,0.48501893877983093,0,18
8162,408,3268,1861,0.5004263520240784,0,18
8163,408,3268,1240,0.5184568166732788,0,18
8164,408,3268,1983,0.5538535118103027,0,18
8165,408,3268,1563,0.6202403903007507,0,18
8166,408,3268,1930,0.5165161490440369,0,18
8167,408,3268,121,0.503822386264801,0,18
8168,408,3268,1648,0.4780440628528595,0,18
8169,408,3268,1249,0.49632498621940613,0,18
8170,408,3268,1753,0.501384973526001,0,18
8171,408,3268,1162,0.48795920610427856,0,18
8172,408,3268,1627,0.5130146741867065,0,18
8173,408,3268,612,0.4819697439670563,0,18
8174,408,3268,1092,0.48217451572418213,0,18
8175,408,3268,356,0.4938790202140808,0,18
8176,408,3268,1048,0.621245265007019,0,18
8177,408,3268,648,0.567264199256897,0,18
8178,408,3268,54,0.47964537143707275,0,18
8179,408,3268,1,0.5152983665466309,0,18
8180,409,2493,323,0.5487737059593201,1,8
8181,409,2493,482,0.5169034004211426,0,8
8182,409,2493,1081,0.5385702252388,0,8
8183,409,2493,95,0.5537304878234863,0,8
8184,409,2493,675,0.5547541379928589,0,8
8185,409,2493,157,0.5437926054000854,0,8
8186,409,2493,2048,0.5419846177101135,0,8
8187,409,2493,368,0.5650841593742371,0,8
8188,409,2493,1310,0.42176079750061035,0,8
8189,409,2493,87,0.5418201684951782,0,8
8190,409,2493,362,0.5644851922988892,0,8
8191,409,2493,1099,0.5623018741607666,0,8
8192,409,2493,573,0.5572859644889832,0,8
8193,409,2493,1949,0.5102514028549194,0,8
8194,409,2493,1062,0.5421456098556519,0,8
8195,409,2493,1986,0.39442822337150574,0,8
8196,409,2493,968,0.4725989103317261,0,8
8197,409,2493,1794,0.5287265777587891,0,8
8198,409,2493,1619,0.5410963296890259,0,8
8199,409,2493,1554,0.557222843170166,0,8
8200,410,1039,952,0.5038607716560364,1,9
8201,410,1039,1779,0.5342448353767395,0,9
8202,410,1039,1653,0.4933163523674011,0,9
8203,410,1039,651,0.5092411637306213,0,9
8204,410,1039,1745,0.4914056062698364,0,9
8205,410,1039,270,0.5149857401847839,0,9
8206,410,1039,309,0.4961811900138855,0,9
8207,410,1039,245,0.5340043902397156,0,9
8208,410,1039,272,0.510056734085083,0,9
8209,410,1039,1580,0.5545549392700195,0,9
8210,410,1039,2074,0.486275315284729,0,9
8211,410,1039,504,0.4987674355506897,0,9
8212,410,1039,1332,0.48378637433052063,0,9
8213,410,1039,1156,0.4994703233242035,0,9
8214,410,1039,1355,0.4570921063423157,0,9
8215,410,1039,376,0.49976837635040283,0,9
8216,410,1039,930,0.40054577589035034,0,9
8217,410,1039,1879,0.524939239025116,0,9
8218,410,1039,1192,0.525892436504364,0,9
8219,410,1039,349,0.4498143196105957,0,9
8220,411,711,2028,0.4776747226715088,1,19
8221,411,711,2059,0.4957105219364166,0,19
8222,411,711,1770,0.5150288939476013,0,19
8223,411,711,768,0.5087082982063293,0,19
8224,411,711,294,0.4972190260887146,0,19
8225,411,711,1624,0.5162094235420227,0,19
8226,411,711,1569,0.5093143582344055,0,19
8227,411,711,1750,0.5157119631767273,0,19
8228,411,711,1341,0.5236960649490356,0,19
8229,411,711,375,0.5526537299156189,0,19
8230,411,711,593,0.514653205871582,0,19
8231,411,711,1721,0.5329157114028931,0,19
8232,411,711,947,0.5195802450180054,0,19
8233,411,711,329,0.5030733942985535,0,19
8234,411,711,301,0.4891638457775116,0,19
8235,411,711,250,0.5203871726989746,0,19
8236,411,711,2071,0.5119621157646179,0,19
8237,411,711,750,0.532650351524353,0,19
8238,411,711,982,0.4964349567890167,0,19
8239,411,711,1268,0.44589051604270935,0,19
8240,412,3118,1134,0.7440322637557983,1,2
8241,412,3118,1468,0.6449363827705383,0,2
8242,412,3118,1512,0.6247955560684204,0,2
8243,412,3118,1321,0.6654072403907776,0,2
8244,412,3118,29,0.5937265753746033,0,2
8245,412,3118,494,0.590726912021637,0,2
8246,412,3118,380,0.6158257722854614,0,2
8247,412,3118,645,0.6247661709785461,0,2
8248,412,3118,1441,0.6852909326553345,0,2
8249,412,3118,1143,0.6087680459022522,0,2
8250,412,3118,777,0.6830639243125916,0,2
8251,412,3118,508,0.3901021182537079,0,2
8252,412,3118,1613,0.6220771670341492,0,2
8253,412,3118,1827,0.5985969305038452,0,2
8254,412,3118,89,0.6018692851066589,0,2
8255,412,3118,181,0.5771980285644531,0,2
8256,412,3118,1004,0.6567507982254028,0,2
8257,412,3118,1783,0.671345591545105,0,2
8258,412,3118,1332,0.7507666945457458,0,2
8259,412,3118,2002,0.6066170930862427,0,2
8260,413,2388,699,0.396882027387619,1,20
8261,413,2388,347,0.5094565749168396,0,20
8262,413,2388,1951,0.5262153744697571,0,20
8263,413,2388,564,0.5211832523345947,0,20
8264,413,2388,1060,0.5404831171035767,0,20
8265,413,2388,442,0.5150447487831116,0,20
8266,413,2388,218,0.5397982001304626,0,20
8267,413,2388,1380,0.5231075286865234,0,20
8268,413,2388,568,0.5309062600135803,0,20
8269,413,2388,220,0.5210034251213074,0,20
8270,413,2388,1262,0.5171869993209839,0,20
8271,413,2388,1720,0.5411028861999512,0,20
8272,413,2388,847,0.5367112159729004,0,20
8273,413,2388,556,0.5063890218734741,0,20
8274,413,2388,1599,0.51458740234375,0,20
8275,413,2388,1272,0.526401162147522,0,20
8276,413,2388,572,0.4680880606174469,0,20
8277,413,2388,1696,0.5168434381484985,0,20
8278,413,2388,1805,0.540096640586853,0,20
8279,413,2388,894,0.5127841830253601,0,20
8280,414,1887,743,0.634009838104248,1,7
8281,414,1887,918,0.4940282702445984,0,7
8282,414,1887,1069,0.5849154591560364,0,7
8283,414,1887,436,0.37117475271224976,0,7
8284,414,1887,415,0.629530668258667,0,7
8285,414,1887,1157,0.35930079221725464,0,7
8286,414,1887,727,0.592377245426178,0,7
8287,414,1887,1637,0.5885657668113708,0,7
8288,414,1887,721,0.6401937007904053,0,7
8289,414,1887,1145,0.6266894340515137,0,7
8290,414,1887,1261,0.5376126170158386,0,7
8291,414,1887,1690,0.6655227541923523,0,7
8292,414,1887,1860,0.38936835527420044,0,7
8293,414,1887,763,0.6372345685958862,0,7
8294,414,1887,988,0.36956772208213806,0,7
8295,414,1887,1306,0.6675475239753723,0,7
8296,414,1887,1858,0.5513466596603394,0,7
8297,414,1887,607,0.6383750438690186,0,7
8298,414,1887,2021,0.6653909683227539,0,7
8299,414,1887,157,0.5507925748825073,0,7
8300,415,1720,612,0.3663308918476105,1,10
8301,415,1720,290,0.3246247470378876,0,10
8302,415,1720,191,0.31869223713874817,0,10
8303,415,1720,276,0.2884969711303711,0,10
8304,415,1720,1948,0.5196033120155334,0,10
8305,415,1720,1427,0.3377481698989868,0,10
8306,415,1720,1495,0.294401615858078,0,10
8307,415,1720,1686,0.5396443009376526,0,10
8308,415,1720,706,0.2639547288417816,0,10
8309,415,1720,1165,0.3225865066051483,0,10
8310,415,1720,1503,0.32463106513023376,0,10
8311,415,1720,1007,0.3625909090042114,0,10
8312,415,1720,393,0.40017974376678467,0,10
8313,415,1720,1643,0.6094197034835815,0,10
8314,415,1720,1619,0.42635634541511536,0,10
8315,415,1720,1715,0.5305511951446533,0,10
8316,415,1720,934,0.314746230840683,0,10
8317,415,1720,1727,0.4169479012489319,0,10
8318,415,1720,652,0.5439501404762268,0,10
8319,415,1720,954,0.5033152103424072,0,10
8320,416,1968,1122,0.5108101963996887,1,3
8321,416,1968,1469,0.30035457015037537,0,3
8322,416,1968,158,0.27458301186561584,0,3
8323,416,1968,497,0.45029139518737793,0,3
8324,416,1968,1406,0.33799928426742554,0,3
8325,416,1968,1310,0.45482131838798523,0,3
8326,416,1968,673,0.3711337149143219,0,3
8327,416,1968,798,0.3635105788707733,0,3
8328,416,1968,1261,0.5617095828056335,0,3
8329,416,1968,563,0.3878835141658783,0,3
8330,416,1968,1630,0.23537307977676392,0,3
8331,416,1968,1264,0.3065700829029083,0,3
8332,416,1968,1100,0.3360203504562378,0,3
8333,416,1968,543,0.37189704179763794,0,3
8334,416,1968,1412,0.36416247487068176,0,3
8335,416,1968,1858,0.6212949752807617,0,3
8336,416,1968,1459,0.3854779601097107,0,3
8337,416,1968,1105,0.31878381967544556,0,3
8338,416,1968,285,0.3744618594646454,0,3
8339,416,1968,896,0.3697674572467804,0,3
8340,417,384,1932,0.5560179948806763,1,2
8341,417,384,32,0.5410040020942688,0,2
8342,417,384,961,0.5453810691833496,0,2
8343,417,384,1710,0.4261351227760315,0,2
8344,417,384,1148,0.5403380393981934,0,2
8345,417,384,366,0.5629106163978577,0,2
8346,417,384,102,0.5556589961051941,0,2
8347,417,384,1515,0.44664183259010315,0,2
8348,417,384,1887,0.5408002734184265,0,2
8349,417,384,503,0.5485397577285767,0,2
8350,417,384,322,0.5460836887359619,0,2
8351,417,384,1738,0.5254353880882263,0,2
8352,417,384,1525,0.4258174002170563,0,2
8353,417,384,2012,0.5441601872444153,0,2
8354,417,384,1681,0.5473819971084595,0,2
8355,417,384,526,0.5451726913452148,0,2
8356,417,384,563,0.5247535109519958,0,2
8357,417,384,1413,0.523361086845398,0,2
8358,417,384,1346,0.5508242249488831,0,2
8359,417,384,1727,0.5490065217018127,0,2
8360,418,1404,1250,0.5055886507034302,1,9
8361,418,1404,284,0.4944755733013153,0,9
8362,418,1404,977,0.4958065152168274,0,9
8363,418,1404,482,0.5551885962486267,0,9
8364,418,1404,1561,0.5309142470359802,0,9
8365,418,1404,1419,0.5260950922966003,0,9
8366,418,1404,1057,0.4853198528289795,0,9
8367,418,1404,229,0.5188300013542175,0,9
8368,418,1404,1226,0.48092150688171387,0,9
8369,418,1404,738,0.4932418167591095,0,9
8370,418,1404,1165,0.4916219413280487,0,9
8371,418,1404,1071,0.5149213075637817,0,9
8372,418,1404,162,0.48582103848457336,0,9
8373,418,1404,769,0.47988149523735046,0,9
8374,418,1404,666,0.521830141544342,0,9
8375,418,1404,935,0.4986021816730499,0,9
8376,418,1404,1943,0.5178928375244141,0,9
8377,418,1404,1763,0.49478214979171753,0,9
8378,418,1404,1065,0.5453600883483887,0,9
8379,418,1404,1507,0.4736441969871521,0,9
8380,419,3538,827,0.4617633819580078,1,17
8381,419,3538,1654,0.4501864016056061,0,17
8382,419,3538,564,0.48366257548332214,0,17
8383,419,3538,1961,0.4860820174217224,0,17
8384,419,3538,80,0.4613499045372009,0,17
8385,419,3538,1572,0.479166716337204,0,17
8386,419,3538,1064,0.4681091606616974,0,17
8387,419,3538,1833,0.4549563527107239,0,17
8388,419,3538,44,0.5350955128669739,0,17
8389,419,3538,635,0.4781002998352051,0,17
8390,419,3538,575,0.4688904583454132,0,17
8391,419,3538,1824,0.4895007610321045,0,17
8392,419,3538,396,0.4661315679550171,0,17
8393,419,3538,1065,0.5403082370758057,0,17
8394,419,3538,1831,0.46878984570503235,0,17
8395,419,3538,616,0.4907121956348419,0,17
8396,419,3538,837,0.4664350152015686,0,17
8397,419,3538,967,0.4693869352340698,0,17
8398,419,3538,1415,0.49573221802711487,0,17
8399,419,3538,1356,0.46230894327163696,0,17
8400,420,839,1434,0.5133300423622131,1,4
8401,420,839,428,0.5043509006500244,0,4
8402,420,839,1879,0.44086670875549316,0,4
8403,420,839,190,0.3882584571838379,0,4
8404,420,839,191,0.2934585213661194,0,4
8405,420,839,1964,0.2527921497821808,0,4
8406,420,839,1151,0.2806740701198578,0,4
8407,420,839,1560,0.3284529149532318,0,4
8408,420,839,462,0.5575563311576843,0,4
8409,420,839,1608,0.5050467848777771,0,4
8410,420,839,958,0.5202865600585938,0,4
8411,420,839,1938,0.35811856389045715,0,4
8412,420,839,2039,0.31897738575935364,0,4
8413,420,839,1476,0.4474940001964569,0,4
8414,420,839,776,0.3399897813796997,0,4
8415,420,839,682,0.4696553349494934,0,4
8416,420,839,1909,0.4415355622768402,0,4
8417,420,839,1000,0.3952755033969879,0,4
8418,420,839,261,0.26833203434944153,0,4
8419,420,839,1836,0.524090588092804,0,4
8420,421,221,1374,0.4590989351272583,1,7
8421,421,221,1384,0.4484843313694,0,7
8422,421,221,1600,0.41541942954063416,0,7
8423,421,221,1841,0.4520079791545868,0,7
8424,421,221,895,0.43843865394592285,0,7
8425,421,221,729,0.4424082338809967,0,7
8426,421,221,885,0.42001867294311523,0,7
8427,421,221,579,0.38663390278816223,0,7
8428,421,221,536,0.48201248049736023,0,7
8429,421,221,516,0.44817227125167847,0,7
8430,421,221,1174,0.429181307554245,0,7
8431,421,221,815,0.43160560727119446,0,7
8432,421,221,1899,0.44178879261016846,0,7
8433,421,221,75,0.4280175566673279,0,7
8434,421,221,91,0.5650129914283752,0,7
8435,421,221,388,0.41565147042274475,0,7
8436,421,221,46,0.4654689431190491,0,7
8437,421,221,159,0.5334219932556152,0,7
8438,421,221,979,0.46208804845809937,0,7
8439,421,221,364,0.5036411881446838,0,7
8440,422,212,421,0.5056431293487549,1,16
8441,422,212,39,0.5119377374649048,0,16
8442,422,212,267,0.5047921538352966,0,16
8443,422,212,954,0.5456428527832031,0,16
8444,422,212,793,0.4994353950023651,0,16
8445,422,212,764,0.520660936832428,0,16
8446,422,212,1860,0.40511220693588257,0,16
8447,422,212,1979,0.5374292135238647,0,16
8448,422,212,1858,0.5562623143196106,0,16
8449,422,212,289,0.5394644737243652,0,16
8450,422,212,1076,0.5077897310256958,0,16
8451,422,212,1343,0.5337540507316589,0,16
8452,422,212,1939,0.5243297219276428,0,16
8453,422,212,474,0.538465142250061,0,16
8454,422,212,33,0.5468655824661255,0,16
8455,422,212,1711,0.522306501865387,0,16
8456,422,212,1809,0.5100105404853821,0,16
8457,422,212,1527,0.5056847333908081,0,16
8458,422,212,116,0.5163313150405884,0,16
8459,422,212,1603,0.5018900632858276,0,16
8460,423,3148,1759,0.5901011824607849,1,2
8461,423,3148,1619,0.5526899099349976,0,2
8462,423,3148,1842,0.5718925595283508,0,2
8463,423,3148,595,0.4975202977657318,0,2
8464,423,3148,511,0.37245413661003113,0,2
8465,423,3148,521,0.5718702673912048,0,2
8466,423,3148,63,0.5825445652008057,0,2
8467,423,3148,318,0.581587553024292,0,2
8468,423,3148,1766,0.6029617786407471,0,2
8469,423,3148,1634,0.5739365220069885,0,2
8470,423,3148,748,0.5820058584213257,0,2
8471,423,3148,819,0.579136848449707,0,2
8472,423,3148,1894,0.5070934891700745,0,2
8473,423,3148,1146,0.5876004099845886,0,2
8474,423,3148,1992,0.580738365650177,0,2
8475,423,3148,1615,0.5720337629318237,0,2
8476,423,3148,962,0.3393796384334564,0,2
8477,423,3148,993,0.47575870156288147,0,2
8478,423,3148,652,0.5536060333251953,0,2
8479,423,3148,1905,0.4577414393424988,0,2
8480,424,3331,277,0.6834843158721924,1,2
8481,424,3331,942,0.6619001030921936,0,2
8482,424,3331,657,0.6339873671531677,0,2
8483,424,3331,1348,0.6906284689903259,0,2
8484,424,3331,837,0.44188737869262695,0,2
8485,424,3331,1081,0.5922455787658691,0,2
8486,424,3331,511,0.34996506571769714,0,2
8487,424,3331,2062,0.2176194041967392,0,2
8488,424,3331,1383,0.5842834711074829,0,2
8489,424,3331,321,0.6586349010467529,0,2
8490,424,3331,1109,0.5648121237754822,0,2
8491,424,3331,1142,0.6498085260391235,0,2
8492,424,3331,1889,0.6731851696968079,0,2
8493,424,3331,305,0.6421900987625122,0,2
8494,424,3331,1093,0.5819318294525146,0,2
8495,424,3331,66,0.6278849840164185,0,2
8496,424,3331,1662,0.6267161965370178,0,2
8497,424,3331,895,0.6127845644950867,0,2
8498,424,3331,1475,0.5595279932022095,0,2
8499,424,3331,507,0.5854513645172119,0,2
8500,425,693,1688,0.5259029269218445,1,12
8501,425,693,594,0.4416174292564392,0,12
8502,425,693,631,0.5262495875358582,0,12
8503,425,693,424,0.5408595204353333,0,12
8504,425,693,984,0.5393539667129517,0,12
8505,425,693,988,0.39296647906303406,0,12
8506,425,693,1147,0.4719559848308563,0,12
8507,425,693,1073,0.5192539095878601,0,12
8508,425,693,751,0.531412661075592,0,12
8509,425,693,245,0.5412145256996155,0,12
8510,425,693,1716,0.5249876976013184,0,12
8511,425,693,1058,0.5501965284347534,0,12
8512,425,693,1822,0.4776158630847931,0,12
8513,425,693,932,0.4707435071468353,0,12
8514,425,693,1889,0.547122061252594,0,12
8515,425,693,1350,0.5438951253890991,0,12
8516,425,693,2066,0.5408585071563721,0,12
8517,425,693,21,0.5306271314620972,0,12
8518,425,693,1089,0.5409592390060425,0,12
8519,425,693,1853,0.4685879945755005,0,12
8520,426,2285,1160,0.337380588054657,1,20
8521,426,2285,403,0.5854535698890686,0,20
8522,426,2285,102,0.662002444267273,0,20
8523,426,2285,1916,0.5664810538291931,0,20
8524,426,2285,1200,0.5130148530006409,0,20
8525,426,2285,1658,0.3410980999469757,0,20
8526,426,2285,1242,0.6590628623962402,0,20
8527,426,2285,1580,0.5664255023002625,0,20
8528,426,2285,810,0.5818520784378052,0,20
8529,426,2285,411,0.6104918122291565,0,20
8530,426,2285,1024,0.650345504283905,0,20
8531,426,2285,1918,0.5462397933006287,0,20
8532,426,2285,1260,0.5721290111541748,0,20
8533,426,2285,325,0.41805166006088257,0,20
8534,426,2285,1241,0.5947312116622925,0,20
8535,426,2285,266,0.6333006024360657,0,20
8536,426,2285,1788,0.6444549560546875,0,20
8537,426,2285,632,0.5958572626113892,0,20
8538,426,2285,882,0.5630673170089722,0,20
8539,426,2285,864,0.6076913475990295,0,20
8540,427,2588,292,0.45456618070602417,1,17
8541,427,2588,1084,0.5249203443527222,0,17
8542,427,2588,1729,0.5130648016929626,0,17
8543,427,2588,845,0.4257429838180542,0,17
8544,427,2588,1876,0.7445248365402222,0,17
8545,427,2588,1642,0.51882004737854,0,17
8546,427,2588,1234,0.532451331615448,0,17
8547,427,2588,1889,0.4678466320037842,0,17
8548,427,2588,295,0.46682167053222656,0,17
8549,427,2588,1255,0.5583057999610901,0,17
8550,427,2588,628,0.5343462228775024,0,17
8551,427,2588,105,0.4918516278266907,0,17
8552,427,2588,1666,0.5043882131576538,0,17
8553,427,2588,1960,0.4893043339252472,0,17
8554,427,2588,987,0.524465024471283,0,17
8555,427,2588,83,0.5061347484588623,0,17
8556,427,2588,300,0.4438621699810028,0,17
8557,427,2588,348,0.4660375118255615,0,17
8558,427,2588,1321,0.4834077060222626,0,17
8559,427,2588,1127,0.4505435824394226,0,17
8560,428,453,1852,0.532873272895813,1,3
8561,428,453,1919,0.5316779613494873,0,3
8562,428,453,834,0.41737765073776245,0,3
8563,428,453,1200,0.5119969844818115,0,3
8564,428,453,95,0.5256655216217041,0,3
8565,428,453,1425,0.5299229025840759,0,3
8566,428,453,1170,0.4215797483921051,0,3
8567,428,453,1878,0.5445931553840637,0,3
8568,428,453,1092,0.44704556465148926,0,3
8569,428,453,138,0.5055315494537354,0,3
8570,428,453,1818,0.40628212690353394,0,3
8571,428,453,897,0.5147178173065186,0,3
8572,428,453,596,0.5307632684707642,0,3
8573,428,453,110,0.5181871056556702,0,3
8574,428,453,240,0.5265902280807495,0,3
8575,428,453,1063,0.5179038643836975,0,3
8576,428,453,904,0.5203530192375183,0,3
8577,428,453,485,0.514980673789978,0,3
8578,428,453,1533,0.54317706823349,0,3
8579,428,453,1213,0.5136492252349854,0,3
8580,429,913,511,0.4139517545700073,1,20
8581,429,913,1446,0.4968067705631256,0,20
8582,429,913,1582,0.5006516575813293,0,20
8583,429,913,1365,0.4275456368923187,0,20
8584,429,913,236,0.4944593012332916,0,20
8585,429,913,278,0.5012934803962708,0,20
8586,429,913,1885,0.5030279755592346,0,20
8587,429,913,4,0.509303092956543,0,20
8588,429,913,384,0.5038543343544006,0,20
8589,429,913,1908,0.49615925550460815,0,20
8590,429,913,338,0.5163484811782837,0,20
8591,429,913,1854,0.49067384004592896,0,20
8592,429,913,130,0.5060828924179077,0,20
8593,429,913,320,0.4950051009654999,0,20
8594,429,913,292,0.49346134066581726,0,20
8595,429,913,1674,0.4988005459308624,0,20
8596,429,913,973,0.5060321092605591,0,20
8597,429,913,498,0.4977055490016937,0,20
8598,429,913,1084,0.5259063243865967,0,20
8599,429,913,1931,0.5215071439743042,0,20
8600,430,1965,1224,0.35164931416511536,1,20
8601,430,1965,1570,0.5407733917236328,0,20
8602,430,1965,1672,0.5230287909507751,0,20
8603,430,1965,324,0.5275915861129761,0,20
8604,430,1965,147,0.530058741569519,0,20
8605,430,1965,1965,0.5231487154960632,0,20
8606,430,1965,1766,0.5490651726722717,0,20
8607,430,1965,1944,0.5327093601226807,0,20
8608,430,1965,666,0.541694164276123,0,20
8609,430,1965,425,0.5321803092956543,0,20
8610,430,1965,1984,0.539948582649231,0,20
8611,430,1965,1283,0.5272374749183655,0,20
8612,430,1965,1937,0.5430008769035339,0,20
8613,430,1965,1025,0.5417131781578064,0,20
8614,430,1965,1930,0.5374391078948975,0,20
8615,430,1965,1333,0.5454243421554565,0,20
8616,430,1965,42,0.5438631772994995,0,20
8617,430,1965,1826,0.5305737853050232,0,20
8618,430,1965,613,0.49640077352523804,0,20
8619,430,1965,946,0.5563092231750488,0,20
8620,431,1494,1195,0.5628591775894165,1,11
8621,431,1494,35,0.5612847208976746,0,11
8622,431,1494,1511,0.5773157477378845,0,11
8623,431,1494,1424,0.5784369111061096,0,11
8624,431,1494,1573,0.5554035305976868,0,11
8625,431,1494,2043,0.5554677844047546,0,11
8626,431,1494,2041,0.582217812538147,0,11
8627,431,1494,1242,0.594122588634491,0,11
8628,431,1494,1009,0.6150169372558594,0,11
8629,431,1494,869,0.5592767596244812,0,11
8630,431,1494,527,0.5697203874588013,0,11
8631,431,1494,1920,0.5915402770042419,0,11
8632,431,1494,1731,0.5926898717880249,0,11
8633,431,1494,376,0.5527194142341614,0,11
8634,431,1494,238,0.4253780245780945,0,11
8635,431,1494,215,0.549405038356781,0,11
8636,431,1494,1214,0.33500081300735474,0,11
8637,431,1494,1640,0.508388102054596,0,11
8638,431,1494,1336,0.5821713209152222,0,11
8639,431,1494,625,0.563849151134491,0,11
8640,432,3651,901,0.5756041407585144,1,11
8641,432,3651,507,0.5731989145278931,0,11
8642,432,3651,1304,0.5522737503051758,0,11
8643,432,3651,706,0.6556326746940613,0,11
8644,432,3651,676,0.5920202136039734,0,11
8645,432,3651,2060,0.37909194827079773,0,11
8646,432,3651,2053,0.6182010769844055,0,11
8647,432,3651,1726,0.6580217480659485,0,11
8648,432,3651,543,0.5683812499046326,0,11
8649,432,3651,155,0.5624672174453735,0,11
8650,432,3651,1722,0.5963684916496277,0,11
8651,432,3651,650,0.6352629661560059,0,11
8652,432,3651,801,0.4017515182495117,0,11
8653,432,3651,788,0.5961171388626099,0,11
8654,432,3651,682,0.5710766911506653,0,11
8655,432,3651,388,0.6310836672782898,0,11
8656,432,3651,604,0.5802189111709595,0,11
8657,432,3651,2063,0.5632706880569458,0,11
8658,432,3651,903,0.5213634371757507,0,11
8659,432,3651,460,0.6407064199447632,0,11
8660,433,3739,590,0.5023521780967712,1,10
8661,433,3739,161,0.47576674818992615,0,10
8662,433,3739,1132,0.5190532207489014,0,10
8663,433,3739,385,0.5060425400733948,0,10
8664,433,3739,1372,0.49369925260543823,0,10
8665,433,3739,920,0.4955971837043762,0,10
8666,433,3739,1889,0.4671209156513214,0,10
8667,433,3739,1552,0.5295976996421814,0,10
8668,433,3739,1687,0.46794673800468445,0,10
8669,433,3739,330,0.5839778780937195,0,10
8670,433,3739,1813,0.5221185684204102,0,10
8671,433,3739,248,0.5373134613037109,0,10
8672,433,3739,686,0.4970370829105377,0,10
8673,433,3739,1987,0.4743363559246063,0,10
8674,433,3739,1621,0.46972066164016724,0,10
8675,433,3739,737,0.4762730002403259,0,10
8676,433,3739,813,0.48008841276168823,0,10
8677,433,3739,1943,0.5168344974517822,0,10
8678,433,3739,377,0.5585304498672485,0,10
8679,433,3739,1433,0.5222874283790588,0,10
8680,434,2626,1818,0.40228697657585144,1,16
8681,434,2626,1732,0.3903338313102722,0,16
8682,434,2626,1169,0.5655774474143982,0,16
8683,434,2626,940,0.5429690480232239,0,16
8684,434,2626,341,0.540116012096405,0,16
8685,434,2626,1797,0.4018748104572296,0,16
8686,434,2626,1998,0.5520687103271484,0,16
8687,434,2626,101,0.3802555799484253,0,16
8688,434,2626,1631,0.5296545028686523,0,16
8689,434,2626,373,0.4671555757522583,0,16
8690,434,2626,103,0.39371904730796814,0,16
8691,434,2626,1121,0.4950304627418518,0,16
8692,434,2626,930,0.4025234878063202,0,16
8693,434,2626,60,0.5606334209442139,0,16
8694,434,2626,1143,0.5371702313423157,0,16
8695,434,2626,1431,0.5608614087104797,0,16
8696,434,2626,562,0.5656785368919373,0,16
8697,434,2626,1162,0.5393548607826233,0,16
8698,434,2626,966,0.557356059551239,0,16
8699,434,2626,1652,0.5653403401374817,0,16
8700,435,1139,297,0.48295122385025024,1,20
8701,435,1139,335,0.4887017607688904,0,20
8702,435,1139,1240,0.5595508813858032,0,20
8703,435,1139,1722,0.5602441430091858,0,20
8704,435,1139,1279,0.5752990245819092,0,20
8705,435,1139,1420,0.5753788352012634,0,20
8706,435,1139,963,0.5623226761817932,0,20
8707,435,1139,507,0.5326030254364014,0,20
8708,435,1139,1873,0.5606932640075684,0,20
8709,435,1139,1014,0.5441096425056458,0,20
8710,435,1139,1057,0.534866452217102,0,20
8711,435,1139,1792,0.5303594470024109,0,20
8712,435,1139,1662,0.5604936480522156,0,20
8713,435,1139,1455,0.5621806383132935,0,20
8714,435,1139,1118,0.5437076091766357,0,20
8715,435,1139,977,0.6025845408439636,0,20
8716,435,1139,945,0.5389291048049927,0,20
8717,435,1139,265,0.5796619653701782,0,20
8718,435,1139,588,0.5444046258926392,0,20
8719,435,1139,1111,0.5457272529602051,0,20
8720,436,82,1023,0.47420620918273926,1,18
8721,436,82,1532,0.38873276114463806,0,18
8722,436,82,121,0.6204697489738464,0,18
8723,436,82,280,0.6069604158401489,0,18
8724,436,82,535,0.5740365982055664,0,18
8725,436,82,788,0.5874329805374146,0,18
8726,436,82,515,0.572216808795929,0,18
8727,436,82,324,0.5567983984947205,0,18
8728,436,82,1360,0.5979795455932617,0,18
8729,436,82,976,0.5717388987541199,0,18
8730,436,82,332,0.5926501750946045,0,18
8731,436,82,663,0.6333579421043396,0,18
8732,436,82,1264,0.5991449356079102,0,18
8733,436,82,747,0.5692492723464966,0,18
8734,436,82,711,0.4285987317562103,0,18
8735,436,82,852,0.6024003624916077,0,18
8736,436,82,149,0.5709185004234314,0,18
8737,436,82,1497,0.6032819747924805,0,18
8738,436,82,382,0.5742257833480835,0,18
8739,436,82,2046,0.6091381311416626,0,18
8740,437,3713,1222,0.24670635163784027,1,17
8741,437,3713,1750,0.22310739755630493,0,17
8742,437,3713,110,0.2424880415201187,0,17
8743,437,3713,894,0.3087593913078308,0,17
8744,437,3713,1330,0.38303250074386597,0,17
8745,437,3713,1440,0.3989323079586029,0,17
8746,437,3713,943,0.5046462416648865,0,17
8747,437,3713,1974,0.43720543384552,0,17
8748,437,3713,1772,0.3223079442977905,0,17
8749,437,3713,1681,0.29537463188171387,0,17
8750,437,3713,741,0.3113844096660614,0,17
8751,437,3713,1450,0.4611716568470001,0,17
8752,437,3713,2001,0.30750754475593567,0,17
8753,437,3713,1043,0.1646300107240677,0,17
8754,437,3713,308,0.5113229751586914,0,17
8755,437,3713,652,0.5512778162956238,0,17
8756,437,3713,1680,0.2752155065536499,0,17
8757,437,3713,1237,0.3519410490989685,0,17
8758,437,3713,768,0.2478480041027069,0,17
8759,437,3713,836,0.6230014562606812,0,17
8760,438,2137,1675,0.5874764323234558,1,8
8761,438,2137,925,0.5722532868385315,0,8
8762,438,2137,756,0.40059950947761536,0,8
8763,438,2137,63,0.6165201663970947,0,8
8764,438,2137,1252,0.5716539621353149,0,8
8765,438,2137,1640,0.507538378238678,0,8
8766,438,2137,228,0.6213318705558777,0,8
8767,438,2137,259,0.5762112736701965,0,8
8768,438,2137,1280,0.548018217086792,0,8
8769,438,2137,1907,0.5421872735023499,0,8
8770,438,2137,968,0.4720808267593384,0,8
8771,438,2137,611,0.5727795958518982,0,8
8772,438,2137,1631,0.5360976457595825,0,8
8773,438,2137,1345,0.5707655549049377,0,8
8774,438,2137,764,0.6067909598350525,0,8
8775,438,2137,1638,0.6148582100868225,0,8
8776,438,2137,1321,0.6226820349693298,0,8
8777,438,2137,350,0.5976380705833435,0,8
8778,438,2137,1597,0.45032379031181335,0,8
8779,438,2137,1566,0.6207093596458435,0,8
8780,439,3946,1433,0.49343255162239075,1,19
8781,439,3946,95,0.7664569616317749,0,19
8782,439,3946,794,0.7665805220603943,0,19
8783,439,3946,1036,0.7373088598251343,0,19
8784,439,3946,617,0.670592188835144,0,19
8785,439,3946,910,0.8177819848060608,0,19
8786,439,3946,553,0.8158779144287109,0,19
8787,439,3946,604,0.6913763880729675,0,19
8788,439,3946,1376,0.8128111958503723,0,19
8789,439,3946,995,0.3631835877895355,0,19
8790,439,3946,792,0.7110584378242493,0,19
8791,439,3946,939,0.6598681211471558,0,19
8792,439,3946,1031,0.7156134843826294,0,19
8793,439,3946,1225,0.6582513451576233,0,19
8794,439,3946,355,0.6588179469108582,0,19
8795,439,3946,522,0.766485333442688,0,19
8796,439,3946,1600,0.8096932768821716,0,19
8797,439,3946,1780,0.5958279371261597,0,19
8798,439,3946,1162,0.6689225435256958,0,19
8799,439,3946,1426,0.6197528839111328,0,19
8800,440,2038,1180,0.6315257549285889,1,2
8801,440,2038,761,0.6318789124488831,0,2
8802,440,2038,1854,0.5996504426002502,0,2
8803,440,2038,1745,0.6017672419548035,0,2
8804,440,2038,2034,0.5242034196853638,0,2
8805,440,2038,53,0.5908387303352356,0,2
8806,440,2038,1786,0.613540530204773,0,2
8807,440,2038,1507,0.4108560383319855,0,2
8808,440,2038,61,0.5979862809181213,0,2
8809,440,2038,1008,0.5468827486038208,0,2
8810,440,2038,1940,0.5933400988578796,0,2
8811,440,2038,979,0.6110143065452576,0,2
8812,440,2038,902,0.5812950134277344,0,2
8813,440,2038,589,0.57612144947052,0,2
8814,440,2038,922,0.6289577484130859,0,2
8815,440,2038,997,0.6244633197784424,0,2
8816,440,2038,1269,0.6025580763816833,0,2
8817,440,2038,1527,0.5743067264556885,0,2
8818,440,2038,439,0.4520813822746277,0,2
8819,440,2038,191,0.6280446648597717,0,2
8820,441,10,1231,0.5751828551292419,1,1
8821,441,10,1916,0.47422435879707336,0,1
8822,441,10,1476,0.4192958176136017,0,1
8823,441,10,1763,0.44936999678611755,0,1
8824,441,10,369,0.42306452989578247,0,1
8825,441,10,1902,0.45558875799179077,0,1
8826,441,10,800,0.4080812633037567,0,1
8827,441,10,964,0.4183090925216675,0,1
8828,441,10,3,0.51338791847229,0,1
8829,441,10,1384,0.4540691077709198,0,1
8830,441,10,766,0.43790510296821594,0,1
8831,441,10,188,0.4999525547027588,0,1
8832,441,10,931,0.4236009120941162,0,1
8833,441,10,1174,0.4311048090457916,0,1
8834,441,10,407,0.3839632570743561,0,1
8835,441,10,1589,0.47105035185813904,0,1
8836,441,10,2008,0.4424327313899994,0,1
8837,441,10,1053,0.4799039661884308,0,1
8838,441,10,1548,0.48869454860687256,0,1
8839,441,10,1439,0.4314623177051544,0,1
8840,442,122,1719,0.5389087796211243,1,17
8841,442,122,569,0.5519739389419556,0,17
8842,442,122,1783,0.5700627565383911,0,17
8843,442,122,928,0.5803847908973694,0,17
8844,442,122,706,0.5779820084571838,0,17
8845,442,122,619,0.5495428442955017,0,17
8846,442,122,404,0.5538884997367859,0,17
8847,442,122,773,0.5580931901931763,0,17
8848,442,122,2074,0.5416761636734009,0,17
8849,442,122,1057,0.5411456823348999,0,17
8850,442,122,450,0.5476523041725159,0,17
8851,442,122,2005,0.5641083121299744,0,17
8852,442,122,198,0.5646732449531555,0,17
8853,442,122,1961,0.5658017992973328,0,17
8854,442,122,1116,0.5665552616119385,0,17
8855,442,122,352,0.5041625499725342,0,17
8856,442,122,434,0.5352864861488342,0,17
8857,442,122,1433,0.5104804635047913,0,17
8858,442,122,1579,0.5403696298599243,0,17
8859,442,122,158,0.5790638327598572,0,17
8860,443,2936,509,0.4570799469947815,1,18
8861,443,2936,1391,0.46395695209503174,0,18
8862,443,2936,405,0.4678697884082794,0,18
8863,443,2936,790,0.4923717975616455,0,18
8864,443,2936,1018,0.4822574555873871,0,18
8865,443,2936,976,0.5649513006210327,0,18
8866,443,2936,1059,0.4810802638530731,0,18
8867,443,2936,324,0.4900261163711548,0,18
8868,443,2936,1998,0.5114051103591919,0,18
8869,443,2936,704,0.4448643624782562,0,18
8870,443,2936,1081,0.4793124496936798,0,18
8871,443,2936,1728,0.4744822382926941,0,18
8872,443,2936,1446,0.4584471881389618,0,18
8873,443,2936,289,0.524631679058075,0,18
8874,443,2936,574,0.5134134292602539,0,18
8875,443,2936,194,0.4703420102596283,0,18
8876,443,2936,1325,0.5449828505516052,0,18
8877,443,2936,1241,0.47255387902259827,0,18
8878,443,2936,980,0.4988024830818176,0,18
8879,443,2936,237,0.42498287558555603,0,18
8880,444,291,1864,0.5890107154846191,1,1
8881,444,291,1481,0.5790137648582458,0,1
8882,444,291,227,0.5407137870788574,0,1
8883,444,291,27,0.5436887145042419,0,1
8884,444,291,120,0.4668805003166199,0,1
8885,444,291,387,0.5393581986427307,0,1
8886,444,291,1711,0.5648877024650574,0,1
8887,444,291,1044,0.5425503253936768,0,1
8888,444,291,404,0.5580424070358276,0,1
8889,444,291,1991,0.5718092918395996,0,1
8890,444,291,787,0.5631388425827026,0,1
8891,444,291,591,0.553514301776886,0,1
8892,444,291,1349,0.5404379367828369,0,1
8893,444,291,467,0.5500062704086304,0,1
8894,444,291,1536,0.47667941451072693,0,1
8895,444,291,1122,0.42440417408943176,0,1
8896,444,291,607,0.5721290707588196,0,1
8897,444,291,330,0.5055559873580933,0,1
8898,444,291,17,0.5488832592964172,0,1
8899,444,291,1659,0.5711711645126343,0,1
8900,445,2405,615,0.7155095338821411,1,11
8901,445,2405,1152,0.6984447240829468,0,11
8902,445,2405,1297,0.7830302715301514,0,11
8903,445,2405,1890,0.7066491842269897,0,11
8904,445,2405,464,0.8069233298301697,0,11
8905,445,2405,1019,0.45030179619789124,0,11
8906,445,2405,1871,0.4409175515174866,0,11
8907,445,2405,1924,0.7138557434082031,0,11
8908,445,2405,1747,0.7270392775535583,0,11
8909,445,2405,1957,0.6829469203948975,0,11
8910,445,2405,1891,0.5323692560195923,0,11
8911,445,2405,1524,0.7564940452575684,0,11
8912,445,2405,774,0.7845484018325806,0,11
8913,445,2405,1807,0.7629207372665405,0,11
8914,445,2405,1800,0.8077621459960938,0,11
8915,445,2405,928,0.8350115418434143,0,11
8916,445,2405,1211,0.8181591033935547,0,11
8917,445,2405,289,0.5963703393936157,0,11
8918,445,2405,2015,0.6801590323448181,0,11
8919,445,2405,1007,0.7401683330535889,0,11
8920,446,1732,1140,0.5392329096794128,1,11
8921,446,1732,1284,0.5532143115997314,0,11
8922,446,1732,533,0.49592533707618713,0,11
8923,446,1732,755,0.5675448775291443,0,11
8924,446,1732,1361,0.4735943377017975,0,11
8925,446,1732,212,0.4345476031303406,0,11
8926,446,1732,1535,0.5277405977249146,0,11
8927,446,1732,1275,0.5380659103393555,0,11
8928,446,1732,2009,0.5642859935760498,0,11
8929,446,1732,322,0.5615115165710449,0,11
8930,446,1732,697,0.5128152370452881,0,11
8931,446,1732,335,0.48186805844306946,0,11
8932,446,1732,1396,0.5471938252449036,0,11
8933,446,1732,2057,0.5587226152420044,0,11
8934,446,1732,879,0.5711889863014221,0,11
8935,446,1732,140,0.5570447444915771,0,11
8936,446,1732,16,0.5421126484870911,0,11
8937,446,1732,665,0.5358848571777344,0,11
8938,446,1732,699,0.39075595140457153,0,11
8939,446,1732,522,0.5566505789756775,0,11
8940,447,1542,1434,0.39660659432411194,1,20
8941,447,1542,1159,0.6510570049285889,0,20
8942,447,1542,1699,0.5702657103538513,0,20
8943,447,1542,447,0.724824845790863,0,20
8944,447,1542,1553,0.5467993021011353,0,20
8945,447,1542,527,0.6297479271888733,0,20
8946,447,1542,627,0.6380863189697266,0,20
8947,447,1542,1351,0.5822855234146118,0,20
8948,447,1542,666,0.5965622663497925,0,20
8949,447,1542,175,0.637505829334259,0,20
8950,447,1542,1558,0.6455034613609314,0,20
8951,447,1542,1499,0.6115686893463135,0,20
8952,447,1542,680,0.40388476848602295,0,20
8953,447,1542,338,0.6298637986183167,0,20
8954,447,1542,1888,0.5440090298652649,0,20
8955,447,1542,610,0.6094580888748169,0,20
8956,447,1542,1318,0.5851119756698608,0,20
8957,447,1542,1140,0.6228398084640503,0,20
8958,447,1542,642,0.571485161781311,0,20
8959,447,1542,1008,0.5464549660682678,0,20
8960,448,1770,1489,0.5236976146697998,1,3
8961,448,1770,115,0.4679822623729706,0,3
8962,448,1770,72,0.4601021409034729,0,3
8963,448,1770,2031,0.42390668392181396,0,3
8964,448,1770,311,0.5718214511871338,0,3
8965,448,1770,1648,0.4250820279121399,0,3
8966,448,1770,1296,0.45455220341682434,0,3
8967,448,1770,308,0.4598102867603302,0,3
8968,448,1770,1230,0.4488981366157532,0,3
8969,448,1770,1284,0.4193194508552551,0,3
8970,448,1770,1816,0.41527679562568665,0,3
8971,448,1770,378,0.4492700695991516,0,3
8972,448,1770,1359,0.4814784824848175,0,3
8973,448,1770,1174,0.40972667932510376,0,3
8974,448,1770,1235,0.4123086631298065,0,3
8975,448,1770,1780,0.480191707611084,0,3
8976,448,1770,1390,0.5110863447189331,0,3
8977,448,1770,1438,0.4311698079109192,0,3
8978,448,1770,1063,0.4449644982814789,0,3
8979,448,1770,1575,0.5289076566696167,0,3
8980,449,1952,1435,0.5436319708824158,1,8
8981,449,1952,299,0.5450819730758667,0,8
8982,449,1952,775,0.5310538411140442,0,8
8983,449,1952,42,0.5542369484901428,0,8
8984,449,1952,362,0.5666313171386719,0,8
8985,449,1952,1861,0.5553866624832153,0,8
8986,449,1952,874,0.5497994422912598,0,8
8987,449,1952,654,0.4843667447566986,0,8
8988,449,1952,1196,0.5463501811027527,0,8
8989,449,1952,1954,0.5363699793815613,0,8
8990,449,1952,1579,0.5389313697814941,0,8
8991,449,1952,1806,0.5377234220504761,0,8
8992,449,1952,1599,0.5364493727684021,0,8
8993,449,1952,568,0.5361672043800354,0,8
8994,449,1952,236,0.5564385056495667,0,8
8995,449,1952,1549,0.40591520071029663,0,8
8996,449,1952,1225,0.5280244946479797,0,8
8997,449,1952,2020,0.5434101819992065,0,8
8998,449,1952,646,0.5221781730651855,0,8
8999,449,1952,1775,0.5376200079917908,0,8
9000,450,2476,104,0.5819997787475586,1,1
9001,450,2476,57,0.4249647259712219,0,1
9002,450,2476,1035,0.4946584403514862,0,1
9003,450,2476,284,0.29205024242401123,0,1
9004,450,2476,714,0.3702956438064575,0,1
9005,450,2476,1452,0.4182994067668915,0,1
9006,450,2476,1295,0.32583892345428467,0,1
9007,450,2476,1480,0.4964304268360138,0,1
9008,450,2476,1675,0.4314609169960022,0,1
9009,450,2476,234,0.26273372769355774,0,1
9010,450,2476,1325,0.5524134635925293,0,1
9011,450,2476,731,0.3792102336883545,0,1
9012,450,2476,313,0.3116167187690735,0,1
9013,450,2476,862,0.4267713725566864,0,1
9014,450,2476,1210,0.3925841748714447,0,1
9015,450,2476,788,0.3803888261318207,0,1
9016,450,2476,711,0.4469124376773834,0,1
9017,450,2476,1239,0.2651367485523224,0,1
9018,450,2476,1938,0.357767790555954,0,1
9019,450,2476,1204,0.38943108916282654,0,1
9020,451,3193,732,0.680449903011322,1,11
9021,451,3193,474,0.5356290340423584,0,11
9022,451,3193,1872,0.7079302072525024,0,11
9023,451,3193,1953,0.337520569562912,0,11
9024,451,3193,1191,0.74151211977005,0,11
9025,451,3193,737,0.675349235534668,0,11
9026,451,3193,712,0.7331130504608154,0,11
9027,451,3193,519,0.6320037245750427,0,11
9028,451,3193,1812,0.5663448572158813,0,11
9029,451,3193,924,0.37478870153427124,0,11
9030,451,3193,1217,0.6766963601112366,0,11
9031,451,3193,126,0.7545419335365295,0,11
9032,451,3193,152,0.6727185249328613,0,11
9033,451,3193,2055,0.691198468208313,0,11
9034,451,3193,32,0.5844363570213318,0,11
9035,451,3193,14,0.8126810193061829,0,11
9036,451,3193,1634,0.7290239334106445,0,11
9037,451,3193,757,0.7865962982177734,0,11
9038,451,3193,726,0.7224200367927551,0,11
9039,451,3193,1915,0.7600454688072205,0,11
9040,452,2662,229,0.4708998501300812,1,19
9041,452,2662,152,0.6574735641479492,0,19
9042,452,2662,466,0.767647922039032,0,19
9043,452,2662,1946,0.5055266618728638,0,19
9044,452,2662,1428,0.7301629781723022,0,19
9045,452,2662,1764,0.7305603623390198,0,19
9046,452,2662,491,0.6778724789619446,0,19
9047,452,2662,1708,0.7604634165763855,0,19
9048,452,2662,1879,0.6268572211265564,0,19
9049,452,2662,1,0.7695221304893494,0,19
9050,452,2662,120,0.44920045137405396,0,19
9051,452,2662,1171,0.7619685530662537,0,19
9052,452,2662,94,0.7441720962524414,0,19
9053,452,2662,922,0.735107421875,0,19
9054,452,2662,29,0.6415949463844299,0,19
9055,452,2662,161,0.6593282222747803,0,19
9056,452,2662,1348,0.810367226600647,0,19
9057,452,2662,1573,0.6285589933395386,0,19
9058,452,2662,1603,0.665020763874054,0,19
9059,452,2662,420,0.7187815308570862,0,19
9060,453,2981,241,0.7094197273254395,1,11
9061,453,2981,1886,0.726173996925354,0,11
9062,453,2981,435,0.6291255354881287,0,11
9063,453,2981,124,0.7204514145851135,0,11
9064,453,2981,2078,0.7733259201049805,0,11
9065,453,2981,1914,0.48524847626686096,0,11
9066,453,2981,1223,0.7261840105056763,0,11
9067,453,2981,1987,0.7338253259658813,0,11
9068,453,2981,22,0.7760034799575806,0,11
9069,453,2981,1262,0.7936835289001465,0,11
9070,453,2981,1158,0.6831746101379395,0,11
9071,453,2981,587,0.656417727470398,0,11
9072,453,2981,1606,0.6617804169654846,0,11
9073,453,2981,1316,0.7843351364135742,0,11
9074,453,2981,86,0.549843966960907,0,11
9075,453,2981,814,0.6777034401893616,0,11
9076,453,2981,2021,0.8204291462898254,0,11
9077,453,2981,826,0.7139092087745667,0,11
9078,453,2981,304,0.6723191142082214,0,11
9079,453,2981,1705,0.4584888815879822,0,11
9080,454,4016,554,0.694575846195221,1,11
9081,454,4016,1871,0.4419343173503876,0,11
9082,454,4016,622,0.6777146458625793,0,11
9083,454,4016,2039,0.7412662506103516,0,11
9084,454,4016,1650,0.574918270111084,0,11
9085,454,4016,908,0.6070574522018433,0,11
9086,454,4016,299,0.7132279276847839,0,11
9087,454,4016,1251,0.7932384610176086,0,11
9088,454,4016,205,0.6944370865821838,0,11
9089,454,4016,1110,0.8209389448165894,0,11
9090,454,4016,1057,0.6855595707893372,0,11
9091,454,4016,438,0.8432464599609375,0,11
9092,454,4016,125,0.7549790740013123,0,11
9093,454,4016,752,0.7730648517608643,0,11
9094,454,4016,1466,0.6854180097579956,0,11
9095,454,4016,1362,0.7462366223335266,0,11
9096,454,4016,1657,0.5405490398406982,0,11
9097,454,4016,537,0.8357584476470947,0,11
9098,454,4016,354,0.6704303622245789,0,11
9099,454,4016,1252,0.6992003917694092,0,11
9100,455,2490,1924,0.5311133861541748,1,15
9101,455,2490,1377,0.49832430481910706,0,15
9102,455,2490,824,0.5329971313476562,0,15
9103,455,2490,1835,0.5478713512420654,0,15
9104,455,2490,1109,0.5436920523643494,0,15
9105,455,2490,579,0.3801151514053345,0,15
9106,455,2490,318,0.5485191941261292,0,15
9107,455,2490,190,0.5477004051208496,0,15
9108,455,2490,907,0.5460872650146484,0,15
9109,455,2490,196,0.5362828969955444,0,15
9110,455,2490,353,0.5634444355964661,0,15
9111,455,2490,1989,0.548743486404419,0,15
9112,455,2490,895,0.5345853567123413,0,15
9113,455,2490,1338,0.5512378811836243,0,15
9114,455,2490,340,0.5813389420509338,0,15
9115,455,2490,1202,0.5521029233932495,0,15
9116,455,2490,821,0.5235188007354736,0,15
9117,455,2490,1075,0.5309649109840393,0,15
9118,455,2490,1657,0.5347434282302856,0,15
9119,455,2490,1193,0.5261497497558594,0,15
9120,456,243,1658,0.4386211633682251,1,20
9121,456,243,385,0.5457471609115601,0,20
9122,456,243,809,0.554397702217102,0,20
9123,456,243,116,0.5321894884109497,0,20
9124,456,243,470,0.5490610003471375,0,20
9125,456,243,2008,0.5551244616508484,0,20
9126,456,243,337,0.5175879001617432,0,20
9127,456,243,1975,0.5624188780784607,0,20
9128,456,243,581,0.5379632115364075,0,20
9129,456,243,170,0.5500452518463135,0,20
9130,456,243,1446,0.5534403920173645,0,20
9131,456,243,1343,0.5453618764877319,0,20
9132,456,243,1280,0.5434494018554688,0,20
9133,456,243,1028,0.5471553802490234,0,20
9134,456,243,1998,0.544893741607666,0,20
9135,456,243,1976,0.5175157189369202,0,20
9136,456,243,493,0.544396698474884,0,20
9137,456,243,227,0.5144233107566833,0,20
9138,456,243,902,0.5177125334739685,0,20
9139,456,243,2076,0.550324559211731,0,20
9140,457,2671,1820,0.48368605971336365,1,5
9141,457,2671,1644,0.5419072508811951,0,5
9142,457,2671,953,0.531705915927887,0,5
9143,457,2671,1321,0.4735265374183655,0,5
9144,457,2671,1701,0.4786498248577118,0,5
9145,457,2671,765,0.47425854206085205,0,5
9146,457,2671,367,0.4638195037841797,0,5
9147,457,2671,396,0.46230778098106384,0,5
9148,457,2671,673,0.4804127514362335,0,5
9149,457,2671,1683,0.45303505659103394,0,5
9150,457,2671,1795,0.5100836753845215,0,5
9151,457,2671,655,0.4217578172683716,0,5
9152,457,2671,965,0.40416252613067627,0,5
9153,457,2671,1280,0.5354663133621216,0,5
9154,457,2671,1004,0.4581829607486725,0,5
9155,457,2671,1968,0.46429243683815,0,5
9156,457,2671,1749,0.45911139249801636,0,5
9157,457,2671,99,0.47703033685684204,0,5
9158,457,2671,1308,0.4656694233417511,0,5
9159,457,2671,1482,0.47667914628982544,0,5
9160,458,2193,356,0.44577622413635254,1,8
9161,458,2193,951,0.40293458104133606,0,8
9162,458,2193,296,0.4168197810649872,0,8
9163,458,2193,1485,0.4175434410572052,0,8
9164,458,2193,8,0.3822782337665558,0,8
9165,458,2193,307,0.4592529535293579,0,8
9166,458,2193,1878,0.5574933290481567,0,8
9167,458,2193,150,0.49053457379341125,0,8
9168,458,2193,764,0.41304025053977966,0,8
9169,458,2193,500,0.5232772827148438,0,8
9170,458,2193,1396,0.4203571081161499,0,8
9171,458,2193,1300,0.39766785502433777,0,8
9172,458,2193,1355,0.4782586097717285,0,8
9173,458,2193,1767,0.41543322801589966,0,8
9174,458,2193,1866,0.49252864718437195,0,8
9175,458,2193,1925,0.3561131954193115,0,8
9176,458,2193,1837,0.3201425075531006,0,8
9177,458,2193,866,0.5104658007621765,0,8
9178,458,2193,459,0.43203872442245483,0,8
9179,458,2193,997,0.3867446780204773,0,8
9180,459,1614,1053,0.48940327763557434,1,19
9181,459,1614,132,0.5195538401603699,0,19
9182,459,1614,758,0.5176623463630676,0,19
9183,459,1614,1235,0.5172258615493774,0,19
9184,459,1614,733,0.5472643375396729,0,19
9185,459,1614,779,0.514530599117279,0,19
9186,459,1614,365,0.5219016671180725,0,19
9187,459,1614,1455,0.5385144352912903,0,19
9188,459,1614,315,0.5221734046936035,0,19
9189,459,1614,39,0.5034298300743103,0,19
9190,459,1614,517,0.5046069622039795,0,19
9191,459,1614,1939,0.5261681079864502,0,19
9192,459,1614,1476,0.4417087435722351,0,19
9193,459,1614,494,0.5356433987617493,0,19
9194,459,1614,136,0.516119122505188,0,19
9195,459,1614,1645,0.5398510098457336,0,19
9196,459,1614,285,0.5283669829368591,0,19
9197,459,1614,640,0.507402777671814,0,19
9198,459,1614,1934,0.5093128681182861,0,19
9199,459,1614,694,0.49699342250823975,0,19
9200,460,2620,1075,0.06669280678033829,1,7
9201,460,2620,686,0.01671084575355053,0,7
9202,460,2620,1552,0.24272724986076355,0,7
9203,460,2620,1768,0.0377340130507946,0,7
9204,460,2620,732,0.036084044724702835,0,7
9205,460,2620,1987,0.01727151870727539,0,7
9206,460,2620,676,0.09627292305231094,0,7
9207,460,2620,1287,0.014238727279007435,0,7
9208,460,2620,380,0.031096626073122025,0,7
9209,460,2620,1945,0.037462882697582245,0,7
9210,460,2620,1574,0.16297928988933563,0,7
9211,460,2620,328,0.8070988655090332,0,7
9212,460,2620,1898,0.005954754073172808,0,7
9213,460,2620,1487,0.018935320898890495,0,7
9214,460,2620,1266,0.05017046630382538,0,7
9215,460,2620,221,0.0028528408147394657,0,7
9216,460,2620,1098,0.0077891359105706215,0,7
9217,460,2620,245,0.24550502002239227,0,7
9218,460,2620,640,0.6956722140312195,0,7
9219,460,2620,1666,0.013206394389271736,0,7
9220,461,3047,1515,0.45190930366516113,1,19
9221,461,3047,1306,0.5318464636802673,0,19
9222,461,3047,1108,0.536308228969574,0,19
9223,461,3047,622,0.5084878206253052,0,19
9224,461,3047,1890,0.5298346281051636,0,19
9225,461,3047,1333,0.5433696508407593,0,19
9226,461,3047,1882,0.49939021468162537,0,19
9227,461,3047,1612,0.5448506474494934,0,19
9228,461,3047,1823,0.4522046446800232,0,19
9229,461,3047,1977,0.5291916131973267,0,19
9230,461,3047,1104,0.39738258719444275,0,19
9231,461,3047,331,0.5212023854255676,0,19
9232,461,3047,2015,0.5179333686828613,0,19
9233,461,3047,1431,0.5327775478363037,0,19
9234,461,3047,1320,0.5460777878761292,0,19
9235,461,3047,889,0.5376104116439819,0,19
9236,461,3047,955,0.5487444996833801,0,19
9237,461,3047,1354,0.5484138131141663,0,19
9238,461,3047,64,0.5253386497497559,0,19
9239,461,3047,2034,0.5240626335144043,0,19
9240,462,3290,550,0.606814444065094,1,11
9241,462,3290,1636,0.5420057773590088,0,11
9242,462,3290,777,0.6631614565849304,0,11
9243,462,3290,1229,0.6700783371925354,0,11
9244,462,3290,1356,0.6579585075378418,0,11
9245,462,3290,1863,0.5975655913352966,0,11
9246,462,3290,1501,0.6312474608421326,0,11
9247,462,3290,347,0.58248370885849,0,11
9248,462,3290,132,0.635469913482666,0,11
9249,462,3290,1078,0.6289544105529785,0,11
9250,462,3290,271,0.47761040925979614,0,11
9251,462,3290,1879,0.5833297371864319,0,11
9252,462,3290,665,0.580457866191864,0,11
9253,462,3290,1992,0.6417787075042725,0,11
9254,462,3290,891,0.6147927045822144,0,11
9255,462,3290,31,0.6777118444442749,0,11
9256,462,3290,1704,0.6924434900283813,0,11
9257,462,3290,1658,0.3867321312427521,0,11
9258,462,3290,589,0.5845702886581421,0,11
9259,462,3290,1175,0.6037431359291077,0,11
9260,463,3442,1052,0.6293253898620605,1,15
9261,463,3442,2011,0.7110217809677124,0,15
9262,463,3442,45,0.6500047445297241,0,15
9263,463,3442,143,0.7277785539627075,0,15
9264,463,3442,832,0.6358590126037598,0,15
9265,463,3442,675,0.7139244675636292,0,15
9266,463,3442,1308,0.6661558151245117,0,15
9267,463,3442,1465,0.6919718980789185,0,15
9268,463,3442,1087,0.7036241292953491,0,15
9269,463,3442,1580,0.5611793994903564,0,15
9270,463,3442,310,0.6985893249511719,0,15
9271,463,3442,1684,0.6995179057121277,0,15
9272,463,3442,1019,0.45715412497520447,0,15
9273,463,3442,123,0.41222575306892395,0,15
9274,463,3442,285,0.6902032494544983,0,15
9275,463,3442,68,0.731155514717102,0,15
9276,463,3442,798,0.7197859287261963,0,15
9277,463,3442,40,0.261663019657135,0,15
9278,463,3442,462,0.5312449932098389,0,15
9279,463,3442,691,0.6372279524803162,0,15
9280,464,1289,90,0.5483119487762451,1,2
9281,464,1289,1163,0.445083349943161,0,2
9282,464,1289,1395,0.4407722055912018,0,2
9283,464,1289,1894,0.5354218482971191,0,2
9284,464,1289,805,0.557824969291687,0,2
9285,464,1289,1384,0.4275773763656616,0,2
9286,464,1289,919,0.4643445909023285,0,2
9287,464,1289,1992,0.41508546471595764,0,2
9288,464,1289,1733,0.5133837461471558,0,2
9289,464,1289,1851,0.5152469873428345,0,2
9290,464,1289,1578,0.4661802649497986,0,2
9291,464,1289,1452,0.473622590303421,0,2
9292,464,1289,1482,0.4278096854686737,0,2
9293,464,1289,1232,0.5107507705688477,0,2
9294,464,1289,1416,0.47130441665649414,0,2
9295,464,1289,1837,0.34852704405784607,0,2
9296,464,1289,354,0.46297013759613037,0,2
9297,464,1289,1261,0.5387732982635498,0,2
9298,464,1289,1775,0.4624309241771698,0,2
9299,464,1289,1029,0.40783363580703735,0,2
9300,465,1583,13,0.46065768599510193,1,10
9301,465,1583,847,0.5489208102226257,0,10
9302,465,1583,469,0.32272812724113464,0,10
9303,465,1583,908,0.511996328830719,0,10
9304,465,1583,545,0.4275820851325989,0,10
9305,465,1583,1700,0.483254998922348,0,10
9306,465,1583,1652,0.41614973545074463,0,10
9307,465,1583,1730,0.47289904952049255,0,10
9308,465,1583,143,0.40671393275260925,0,10
9309,465,1583,1854,0.4097060263156891,0,10
9310,465,1583,1792,0.5326098799705505,0,10
9311,465,1583,1126,0.3976941406726837,0,10
9312,465,1583,2037,0.5319111347198486,0,10
9313,465,1583,1457,0.3837129771709442,0,10
9314,465,1583,755,0.46297383308410645,0,10
9315,465,1583,1929,0.39204835891723633,0,10
9316,465,1583,946,0.4451623857021332,0,10
9317,465,1583,568,0.5316386222839355,0,10
9318,465,1583,1333,0.3895222544670105,0,10
9319,465,1583,1888,0.5391247272491455,0,10
9320,466,1904,1990,0.5930403470993042,1,4
9321,466,1904,1746,0.5579084157943726,0,4
9322,466,1904,1797,0.4028998613357544,0,4
9323,466,1904,1399,0.5028082132339478,0,4
9324,466,1904,356,0.5484724044799805,0,4
9325,466,1904,1721,0.5976694226264954,0,4
9326,466,1904,541,0.46547314524650574,0,4
9327,466,1904,991,0.5783365964889526,0,4
9328,466,1904,1329,0.5943468809127808,0,4
9329,466,1904,1286,0.5477662086486816,0,4
9330,466,1904,764,0.5676916241645813,0,4
9331,466,1904,115,0.5634883046150208,0,4
9332,466,1904,1055,0.5946449041366577,0,4
9333,466,1904,1690,0.5870091319084167,0,4
9334,466,1904,26,0.5742295980453491,0,4
9335,466,1904,2042,0.547001838684082,0,4
9336,466,1904,744,0.5579930543899536,0,4
9337,466,1904,1364,0.5740966200828552,0,4
9338,466,1904,1915,0.5753134489059448,0,4
9339,466,1904,536,0.5523416996002197,0,4
9340,467,3422,329,0.47861966490745544,1,9
9341,467,3422,540,0.443959504365921,0,9
9342,467,3422,1669,0.4681825339794159,0,9
9343,467,3422,1796,0.5091415047645569,0,9
9344,467,3422,703,0.4732746183872223,0,9
9345,467,3422,65,0.4727548360824585,0,9
9346,467,3422,58,0.47566094994544983,0,9
9347,467,3422,284,0.4835391938686371,0,9
9348,467,3422,1597,0.4524097740650177,0,9
9349,467,3422,822,0.46812891960144043,0,9
9350,467,3422,1506,0.47325000166893005,0,9
9351,467,3422,697,0.5136140584945679,0,9
9352,467,3422,484,0.48988062143325806,0,9
9353,467,3422,609,0.48117849230766296,0,9
9354,467,3422,454,0.466445654630661,0,9
9355,467,3422,1423,0.5044623017311096,0,9
9356,467,3422,2051,0.584669291973114,0,9
9357,467,3422,1708,0.48345741629600525,0,9
9358,467,3422,1925,0.46953967213630676,0,9
9359,467,3422,1985,0.47637850046157837,0,9
9360,468,716,1273,0.4529836177825928,1,9
9361,468,716,493,0.5012804865837097,0,9
9362,468,716,1442,0.3483704924583435,0,9
9363,468,716,637,0.5086871385574341,0,9
9364,468,716,1517,0.29654660820961,0,9
9365,468,716,649,0.5030242204666138,0,9
9366,468,716,1903,0.35532525181770325,0,9
9367,468,716,1351,0.5150723457336426,0,9
9368,468,716,157,0.5306065678596497,0,9
9369,468,716,1759,0.310910701751709,0,9
9370,468,716,259,0.44531357288360596,0,9
9371,468,716,987,0.5329734086990356,0,9
9372,468,716,1502,0.3337710499763489,0,9
9373,468,716,1993,0.3877699077129364,0,9
9374,468,716,2004,0.3210855722427368,0,9
9375,468,716,940,0.37118351459503174,0,9
9376,468,716,966,0.35125067830085754,0,9
9377,468,716,1116,0.28616875410079956,0,9
9378,468,716,55,0.46236202120780945,0,9
9379,468,716,1876,0.7236440777778625,0,9
9380,469,3480,700,0.34188029170036316,1,20
9381,469,3480,481,0.5349472165107727,0,20
9382,469,3480,1108,0.5387764573097229,0,20
9383,469,3480,458,0.5258870124816895,0,20
9384,469,3480,1922,0.5396939516067505,0,20
9385,469,3480,339,0.5328660011291504,0,20
9386,469,3480,1932,0.6277068853378296,0,20
9387,469,3480,748,0.5126966238021851,0,20
9388,469,3480,1928,0.5840799808502197,0,20
9389,469,3480,1683,0.5028071403503418,0,20
9390,469,3480,1726,0.5184082984924316,0,20
9391,469,3480,609,0.5023548007011414,0,20
9392,469,3480,1419,0.5437487959861755,0,20
9393,469,3480,403,0.5272973775863647,0,20
9394,469,3480,1417,0.5018627047538757,0,20
9395,469,3480,767,0.49902236461639404,0,20
9396,469,3480,1161,0.4942171275615692,0,20
9397,469,3480,1313,0.4976438879966736,0,20
9398,469,3480,917,0.5378100872039795,0,20
9399,469,3480,1892,0.4961775541305542,0,20
9400,470,3678,1569,0.5850707292556763,1,11
9401,470,3678,764,0.6070982217788696,0,11
9402,470,3678,744,0.567993700504303,0,11
9403,470,3678,1098,0.6186690330505371,0,11
9404,470,3678,1824,0.5718722939491272,0,11
9405,470,3678,1944,0.5672423839569092,0,11
9406,470,3678,934,0.6161732077598572,0,11
9407,470,3678,338,0.5958366394042969,0,11
9408,470,3678,414,0.614586353302002,0,11
9409,470,3678,622,0.5702981352806091,0,11
9410,470,3678,1321,0.6186418533325195,0,11
9411,470,3678,1703,0.27907344698905945,0,11
9412,470,3678,2020,0.5702999234199524,0,11
9413,470,3678,156,0.6351528167724609,0,11
9414,470,3678,1618,0.566626787185669,0,11
9415,470,3678,1831,0.6301671266555786,0,11
9416,470,3678,462,0.5331471562385559,0,11
9417,470,3678,890,0.6343443989753723,0,11
9418,470,3678,865,0.622519314289093,0,11
9419,470,3678,505,0.5686985850334167,0,11
9420,471,1561,1545,0.49498412013053894,1,17
9421,471,1561,1062,0.5283392667770386,0,17
9422,471,1561,1073,0.5127748250961304,0,17
9423,471,1561,854,0.5148847103118896,0,17
9424,471,1561,801,0.41552701592445374,0,17
9425,471,1561,1066,0.5063984990119934,0,17
9426,471,1561,398,0.5089901685714722,0,17
9427,471,1561,1419,0.5509242415428162,0,17
9428,471,1561,339,0.5464324951171875,0,17
9429,471,1561,785,0.5502830147743225,0,17
9430,471,1561,680,0.4737965762615204,0,17
9431,471,1561,1410,0.546088457107544,0,17
9432,471,1561,996,0.5555092096328735,0,17
9433,471,1561,1004,0.5248688459396362,0,17
9434,471,1561,1861,0.5344806909561157,0,17
9435,471,1561,173,0.478514164686203,0,17
9436,471,1561,197,0.5420010685920715,0,17
9437,471,1561,927,0.5383486151695251,0,17
9438,471,1561,148,0.5164451599121094,0,17
9439,471,1561,295,0.5230008363723755,0,17
9440,472,2407,628,0.4544755518436432,1,20
9441,472,2407,1783,0.5526615977287292,0,20
9442,472,2407,1463,0.5587570667266846,0,20
9443,472,2407,143,0.550375759601593,0,20
9444,472,2407,52,0.5419573187828064,0,20
9445,472,2407,688,0.5440059304237366,0,20
9446,472,2407,775,0.5258587598800659,0,20
9447,472,2407,302,0.5523623824119568,0,20
9448,472,2407,381,0.5389765501022339,0,20
9449,472,2407,610,0.529471218585968,0,20
9450,472,2407,1088,0.518631637096405,0,20
9451,472,2407,949,0.5349634885787964,0,20
9452,472,2407,400,0.5312409400939941,0,20
9453,472,2407,1033,0.5434973239898682,0,20
9454,472,2407,115,0.5461233854293823,0,20
9455,472,2407,72,0.551798403263092,0,20
9456,472,2407,714,0.5423932075500488,0,20
9457,472,2407,393,0.5478803515434265,0,20
9458,472,2407,1967,0.5335900187492371,0,20
9459,472,2407,57,0.5424798727035522,0,20
9460,473,1677,1581,0.24498608708381653,1,16
9461,473,1677,324,0.3592740595340729,0,16
9462,473,1677,1686,0.5602907538414001,0,16
9463,473,1677,823,0.5908976793289185,0,16
9464,473,1677,1294,0.5357702970504761,0,16
9465,473,1677,1690,0.17590568959712982,0,16
9466,473,1677,649,0.49937736988067627,0,16
9467,473,1677,535,0.3912058472633362,0,16
9468,473,1677,10,0.5795902609825134,0,16
9469,473,1677,18,0.2621876895427704,0,16
9470,473,1677,258,0.6165563464164734,0,16
9471,473,1677,1758,0.3294142186641693,0,16
9472,473,1677,236,0.1966356486082077,0,16
9473,473,1677,1500,0.14482492208480835,0,16
9474,473,1677,1739,0.48159804940223694,0,16
9475,473,1677,342,0.13994856178760529,0,16
9476,473,1677,2048,0.3284825086593628,0,16
9477,473,1677,1092,0.5252832174301147,0,16
9478,473,1677,1138,0.3065332770347595,0,16
9479,473,1677,1323,0.807546854019165,0,16
9480,474,3896,1283,0.5623235106468201,1,10
9481,474,3896,677,0.5621441006660461,0,10
9482,474,3896,239,0.5584704875946045,0,10
9483,474,3896,141,0.5877884030342102,0,10
9484,474,3896,1191,0.5740182399749756,0,10
9485,474,3896,871,0.5517339110374451,0,10
9486,474,3896,1150,0.30976060032844543,0,10
9487,474,3896,643,0.5425747632980347,0,10
9488,474,3896,1043,0.6356845498085022,0,10
9489,474,3896,202,0.3994741141796112,0,10
9490,474,3896,335,0.47358280420303345,0,10
9491,474,3896,23,0.5633022785186768,0,10
9492,474,3896,1447,0.368856817483902,0,10
9493,474,3896,1995,0.33367013931274414,0,10
9494,474,3896,76,0.5955432057380676,0,10
9495,474,3896,199,0.5597957968711853,0,10
9496,474,3896,1816,0.5760860443115234,0,10
9497,474,3896,1786,0.5890175104141235,0,10
9498,474,3896,454,0.6060659885406494,0,10
9499,474,3896,1837,0.6217505931854248,0,10
9500,475,3724,1208,0.6056113839149475,1,12
9501,475,3724,974,0.6881235241889954,0,12
9502,475,3724,1312,0.3827510476112366,0,12
9503,475,3724,764,0.648994505405426,0,12
9504,475,3724,646,0.6289262175559998,0,12
9505,475,3724,1196,0.6599580645561218,0,12
9506,475,3724,1192,0.5914496779441833,0,12
9507,475,3724,550,0.6186253428459167,0,12
9508,475,3724,1314,0.6532915234565735,0,12
9509,475,3724,834,0.39977383613586426,0,12
9510,475,3724,457,0.5768557190895081,0,12
9511,475,3724,1849,0.6167410016059875,0,12
9512,475,3724,589,0.5932947993278503,0,12
9513,475,3724,431,0.5060867071151733,0,12
9514,475,3724,1441,0.6860781311988831,0,12
9515,475,3724,1481,0.6787044405937195,0,12
9516,475,3724,1492,0.5465693473815918,0,12
9517,475,3724,377,0.5274590253829956,0,12
9518,475,3724,1446,0.7020209431648254,0,12
9519,475,3724,2003,0.6115279793739319,0,12
9520,476,3519,1057,0.5288856625556946,1,15
9521,476,3519,513,0.5327084064483643,0,15
9522,476,3519,1870,0.5444310903549194,0,15
9523,476,3519,1324,0.5412415862083435,0,15
9524,476,3519,1213,0.5388414859771729,0,15
9525,476,3519,421,0.5315184593200684,0,15
9526,476,3519,2030,0.4664034843444824,0,15
9527,476,3519,316,0.5557313561439514,0,15
9528,476,3519,1557,0.5509551763534546,0,15
9529,476,3519,1227,0.5636578798294067,0,15
9530,476,3519,646,0.5212565064430237,0,15
9531,476,3519,271,0.4860170781612396,0,15
9532,476,3519,1533,0.5475232005119324,0,15
9533,476,3519,1561,0.515864908695221,0,15
9534,476,3519,858,0.5484063029289246,0,15
9535,476,3519,994,0.526836097240448,0,15
9536,476,3519,114,0.5486555695533752,0,15
9537,476,3519,83,0.5574140548706055,0,15
9538,476,3519,1577,0.5569069385528564,0,15
9539,476,3519,610,0.5313273668289185,0,15
9540,477,3623,1488,0.6011229157447815,1,10
9541,477,3623,466,0.6771687269210815,0,10
9542,477,3623,2059,0.6116710901260376,0,10
9543,477,3623,583,0.6573185920715332,0,10
9544,477,3623,1686,0.4824162721633911,0,10
9545,477,3623,1132,0.46158188581466675,0,10
9546,477,3623,582,0.6790059208869934,0,10
9547,477,3623,1661,0.6546482443809509,0,10
9548,477,3623,1206,0.6187693476676941,0,10
9549,477,3623,2034,0.519706130027771,0,10
9550,477,3623,320,0.6814661026000977,0,10
9551,477,3623,1533,0.5561416149139404,0,10
9552,477,3623,238,0.40718093514442444,0,10
9553,477,3623,1996,0.5603787899017334,0,10
9554,477,3623,1709,0.5610493421554565,0,10
9555,477,3623,1061,0.6581326723098755,0,10
9556,477,3623,97,0.4022103250026703,0,10
9557,477,3623,2,0.6102702617645264,0,10
9558,477,3623,1902,0.5970478057861328,0,10
9559,477,3623,29,0.5928504467010498,0,10
9560,478,1460,1871,0.4672999978065491,1,17
9561,478,1460,1691,0.6475638151168823,0,17
9562,478,1460,971,0.6065792441368103,0,17
9563,478,1460,148,0.484845906496048,0,17
9564,478,1460,935,0.635807454586029,0,17
9565,478,1460,2007,0.5996209383010864,0,17
9566,478,1460,1527,0.5968312621116638,0,17
9567,478,1460,777,0.6771712303161621,0,17
9568,478,1460,104,0.40831395983695984,0,17
9569,478,1460,215,0.5589838027954102,0,17
9570,478,1460,1219,0.6966004967689514,0,17
9571,478,1460,1278,0.4170125722885132,0,17
9572,478,1460,1272,0.5239694714546204,0,17
9573,478,1460,1108,0.5283883213996887,0,17
9574,478,1460,1121,0.5101180672645569,0,17
9575,478,1460,1510,0.6668506860733032,0,17
9576,478,1460,1878,0.5313892960548401,0,17
9577,478,1460,697,0.5126783847808838,0,17
9578,478,1460,1157,0.35868600010871887,0,17
9579,478,1460,1956,0.543164849281311,0,17
9580,479,1119,965,0.32963305711746216,1,20
9581,479,1119,1070,0.6970742344856262,0,20
9582,479,1119,809,0.7049018740653992,0,20
9583,479,1119,1530,0.6200523972511292,0,20
9584,479,1119,264,0.6590295433998108,0,20
9585,479,1119,1856,0.6724132299423218,0,20
9586,479,1119,1350,0.7437096238136292,0,20
9587,479,1119,1550,0.5819520950317383,0,20
9588,479,1119,365,0.7028926610946655,0,20
9589,479,1119,1101,0.716206431388855,0,20
9590,479,1119,853,0.782558262348175,0,20
9591,479,1119,304,0.6380879282951355,0,20
9592,479,1119,879,0.7620190978050232,0,20
9593,479,1119,1298,0.7264804840087891,0,20
9594,479,1119,601,0.6528069972991943,0,20
9595,479,1119,1503,0.680388867855072,0,20
9596,479,1119,1349,0.5438296794891357,0,20
9597,479,1119,1216,0.7186015248298645,0,20
9598,479,1119,383,0.6016600728034973,0,20
9599,479,1119,161,0.6487323641777039,0,20
9600,480,2786,1463,0.4942728579044342,1,11
9601,480,2786,1409,0.49741384387016296,0,11
9602,480,2786,987,0.48172062635421753,0,11
9603,480,2786,2037,0.5213521122932434,0,11
9604,480,2786,1090,0.4742807149887085,0,11
9605,480,2786,2051,0.5693226456642151,0,11
9606,480,2786,2016,0.498045951128006,0,11
9607,480,2786,1950,0.4880084693431854,0,11
9608,480,2786,1126,0.48713573813438416,0,11
9609,480,2786,1870,0.4819342792034149,0,11
9610,480,2786,2019,0.48870161175727844,0,11
9611,480,2786,1589,0.4491863548755646,0,11
9612,480,2786,1251,0.4904497265815735,0,11
9613,480,2786,307,0.5050652027130127,0,11
9614,480,2786,1788,0.5023362040519714,0,11
9615,480,2786,1228,0.5114771127700806,0,11
9616,480,2786,1491,0.5142695903778076,0,11
9617,480,2786,1288,0.5076345801353455,0,11
9618,480,2786,437,0.5221789479255676,0,11
9619,480,2786,1641,0.3601306676864624,0,11
9620,481,1996,1265,0.6112838387489319,1,7
9621,481,1996,1069,0.5840992331504822,0,7
9622,481,1996,1749,0.6341866850852966,0,7
9623,481,1996,1182,0.6955692172050476,0,7
9624,481,1996,56,0.5709707140922546,0,7
9625,481,1996,523,0.46320584416389465,0,7
9626,481,1996,1966,0.5412891507148743,0,7
9627,481,1996,1727,0.6036246418952942,0,7
9628,481,1996,1981,0.5322074294090271,0,7
9629,481,1996,494,0.5798527002334595,0,7
9630,481,1996,1351,0.5738011598587036,0,7
9631,481,1996,1382,0.5673781037330627,0,7
9632,481,1996,1530,0.5846036672592163,0,7
9633,481,1996,1177,0.6104090809822083,0,7
9634,481,1996,279,0.6489536166191101,0,7
9635,481,1996,80,0.6393654942512512,0,7
9636,481,1996,434,0.5390186905860901,0,7
9637,481,1996,400,0.5867841243743896,0,7
9638,481,1996,2046,0.633145809173584,0,7
9639,481,1996,1360,0.6270388960838318,0,7
9640,482,3038,698,0.6203880310058594,1,4
9641,482,3038,904,0.6107704043388367,0,4
9642,482,3038,1216,0.621960461139679,0,4
9643,482,3038,1728,0.44164207577705383,0,4
9644,482,3038,1989,0.5930966734886169,0,4
9645,482,3038,1084,0.5821198225021362,0,4
9646,482,3038,483,0.420199990272522,0,4
9647,482,3038,1965,0.524858295917511,0,4
9648,482,3038,1670,0.5745211243629456,0,4
9649,482,3038,1971,0.4702088236808777,0,4
9650,482,3038,1788,0.6271600723266602,0,4
9651,482,3038,811,0.6217227578163147,0,4
9652,482,3038,1243,0.5839667916297913,0,4
9653,482,3038,1044,0.5674595236778259,0,4
9654,482,3038,1011,0.515174388885498,0,4
9655,482,3038,2024,0.5312624573707581,0,4
9656,482,3038,1691,0.6149643659591675,0,4
9657,482,3038,1858,0.5463605523109436,0,4
9658,482,3038,1988,0.5670740008354187,0,4
9659,482,3038,1949,0.5041201114654541,0,4
9660,483,2390,1281,0.6056042909622192,1,10
9661,483,2390,1410,0.66380375623703,0,10
9662,483,2390,2044,0.5311184525489807,0,10
9663,483,2390,2046,0.6301968693733215,0,10
9664,483,2390,308,0.3896358013153076,0,10
9665,483,2390,1415,0.6064133644104004,0,10
9666,483,2390,1820,0.6029831767082214,0,10
9667,483,2390,1599,0.5879027247428894,0,10
9668,483,2390,2021,0.6617708802223206,0,10
9669,483,2390,1316,0.636197030544281,0,10
9670,483,2390,1772,0.6200376749038696,0,10
9671,483,2390,384,0.5812268257141113,0,10
9672,483,2390,1682,0.6034988760948181,0,10
9673,483,2390,760,0.39880356192588806,0,10
9674,483,2390,1713,0.6708658337593079,0,10
9675,483,2390,13,0.3995042145252228,0,10
9676,483,2390,1416,0.4447639286518097,0,10
9677,483,2390,1533,0.5571767687797546,0,10
9678,483,2390,1678,0.6199277639389038,0,10
9679,483,2390,825,0.6275857090950012,0,10
9680,484,3779,1737,0.5393298268318176,1,14
9681,484,3779,1368,0.5366018414497375,0,14
9682,484,3779,957,0.5597628951072693,0,14
9683,484,3779,79,0.5290044546127319,0,14
9684,484,3779,633,0.39844635128974915,0,14
9685,484,3779,1010,0.5578851103782654,0,14
9686,484,3779,595,0.4850251078605652,0,14
9687,484,3779,571,0.5429955720901489,0,14
9688,484,3779,1805,0.5436235070228577,0,14
9689,484,3779,364,0.4960418939590454,0,14
9690,484,3779,2032,0.5574033856391907,0,14
9691,484,3779,1239,0.5573066473007202,0,14
9692,484,3779,1531,0.5399165749549866,0,14
9693,484,3779,1982,0.5566600561141968,0,14
9694,484,3779,2052,0.5631884932518005,0,14
9695,484,3779,368,0.5660935640335083,0,14
9696,484,3779,1544,0.5467689633369446,0,14
9697,484,3779,1116,0.5553483366966248,0,14
9698,484,3779,1888,0.5366857051849365,0,14
9699,484,3779,131,0.5459506511688232,0,14
9700,485,2559,1362,0.5337181091308594,1,9
9701,485,2559,629,0.5220662951469421,0,9
9702,485,2559,1195,0.5271501541137695,0,9
9703,485,2559,838,0.4393368065357208,0,9
9704,485,2559,438,0.5433793067932129,0,9
9705,485,2559,229,0.4975862205028534,0,9
9706,485,2559,2038,0.47021639347076416,0,9
9707,485,2559,450,0.5321918725967407,0,9
9708,485,2559,1125,0.5367264151573181,0,9
9709,485,2559,188,0.5161192417144775,0,9
9710,485,2559,1518,0.4057732820510864,0,9
9711,485,2559,1893,0.5364478230476379,0,9
9712,485,2559,487,0.5424350500106812,0,9
9713,485,2559,372,0.5189220309257507,0,9
9714,485,2559,292,0.5206807851791382,0,9
9715,485,2559,331,0.5316038727760315,0,9
9716,485,2559,779,0.5376341342926025,0,9
9717,485,2559,1005,0.5373275876045227,0,9
9718,485,2559,259,0.5384824275970459,0,9
9719,485,2559,1859,0.5378616452217102,0,9
9720,486,3059,1827,0.47159621119499207,1,11
9721,486,3059,2064,0.45936381816864014,0,11
9722,486,3059,71,0.49394461512565613,0,11
9723,486,3059,727,0.47731125354766846,0,11
9724,486,3059,2019,0.4637219309806824,0,11
9725,486,3059,1441,0.4755992293357849,0,11
9726,486,3059,1518,0.4057764410972595,0,11
9727,486,3059,1078,0.49510708451271057,0,11
9728,486,3059,1161,0.45648103952407837,0,11
9729,486,3059,1232,0.5070904493331909,0,11
9730,486,3059,690,0.5214074850082397,0,11
9731,486,3059,413,0.46488529443740845,0,11
9732,486,3059,1393,0.49998658895492554,0,11
9733,486,3059,157,0.5474497675895691,0,11
9734,486,3059,99,0.4699086546897888,0,11
9735,486,3059,1655,0.4548654556274414,0,11
9736,486,3059,998,0.48557403683662415,0,11
9737,486,3059,565,0.4432019293308258,0,11
9738,486,3059,265,0.4684816896915436,0,11
9739,486,3059,1593,0.47924190759658813,0,11
9740,487,1532,1449,0.47582438588142395,1,5
9741,487,1532,297,0.5177731513977051,0,5
9742,487,1532,1096,0.5534927845001221,0,5
9743,487,1532,1786,0.4410071074962616,0,5
9744,487,1532,389,0.5392735004425049,0,5
9745,487,1532,1965,0.5314426422119141,0,5
9746,487,1532,1701,0.440420538187027,0,5
9747,487,1532,1895,0.44746163487434387,0,5
9748,487,1532,1404,0.4191235601902008,0,5
9749,487,1532,726,0.44951027631759644,0,5
9750,487,1532,1039,0.41540372371673584,0,5
9751,487,1532,970,0.42878249287605286,0,5
9752,487,1532,1177,0.4754580855369568,0,5
9753,487,1532,1197,0.3739551901817322,0,5
9754,487,1532,1372,0.4449315667152405,0,5
9755,487,1532,1898,0.4093397259712219,0,5
9756,487,1532,1630,0.35237640142440796,0,5
9757,487,1532,1240,0.4604579508304596,0,5
9758,487,1532,1655,0.3928239941596985,0,5
9759,487,1532,779,0.42476892471313477,0,5
9760,488,2907,2061,0.7001137733459473,1,14
9761,488,2907,742,0.7684286236763,0,14
9762,488,2907,564,0.7322716116905212,0,14
9763,488,2907,1656,0.7309280633926392,0,14
9764,488,2907,350,0.7168099880218506,0,14
9765,488,2907,440,0.7930129766464233,0,14
9766,488,2907,1644,0.5138024687767029,0,14
9767,488,2907,1239,0.796281635761261,0,14
9768,488,2907,933,0.7913733124732971,0,14
9769,488,2907,408,0.7770801186561584,0,14
9770,488,2907,268,0.837477445602417,0,14
9771,488,2907,369,0.31873857975006104,0,14
9772,488,2907,1695,0.6735494136810303,0,14
9773,488,2907,790,0.7542970776557922,0,14
9774,488,2907,1176,0.7157208323478699,0,14
9775,488,2907,235,0.29355719685554504,0,14
9776,488,2907,1221,0.7220774292945862,0,14
9777,488,2907,959,0.5097416639328003,0,14
9778,488,2907,1352,0.5841672420501709,0,14
9779,488,2907,646,0.7306717038154602,0,14
9780,489,3602,2074,0.48483210802078247,1,19
9781,489,3602,1975,0.498542457818985,0,19
9782,489,3602,317,0.49568018317222595,0,19
9783,489,3602,301,0.4971315562725067,0,19
9784,489,3602,851,0.4996945261955261,0,19
9785,489,3602,1098,0.5020385980606079,0,19
9786,489,3602,1075,0.5044100880622864,0,19
9787,489,3602,1276,0.5010226368904114,0,19
9788,489,3602,1923,0.5251553654670715,0,19
9789,489,3602,1737,0.49451079964637756,0,19
9790,489,3602,1018,0.49699774384498596,0,19
9791,489,3602,1128,0.5114871859550476,0,19
9792,489,3602,655,0.41171813011169434,0,19
9793,489,3602,512,0.5193138122558594,0,19
9794,489,3602,1063,0.5023767352104187,0,19
9795,489,3602,1184,0.5147536396980286,0,19
9796,489,3602,836,0.520712673664093,0,19
9797,489,3602,1369,0.4994366466999054,0,19
9798,489,3602,1822,0.4997183382511139,0,19
9799,489,3602,1926,0.4855138957500458,0,19
9800,490,532,634,0.534155011177063,1,15
9801,490,532,878,0.5313372611999512,0,15
9802,490,532,488,0.5511466264724731,0,15
9803,490,532,2077,0.5660406947135925,0,15
9804,490,532,513,0.5246024131774902,0,15
9805,490,532,2010,0.5271885395050049,0,15
9806,490,532,895,0.5380507111549377,0,15
9807,490,532,918,0.5053655505180359,0,15
9808,490,532,401,0.5438335537910461,0,15
9809,490,532,986,0.5703099966049194,0,15
9810,490,532,303,0.5448082685470581,0,15
9811,490,532,1614,0.5608707070350647,0,15
9812,490,532,768,0.5474745631217957,0,15
9813,490,532,263,0.5568244457244873,0,15
9814,490,532,67,0.5517653226852417,0,15
9815,490,532,380,0.5355290770530701,0,15
9816,490,532,824,0.5346968770027161,0,15
9817,490,532,853,0.5644957423210144,0,15
9818,490,532,1688,0.5401679873466492,0,15
9819,490,532,104,0.44860440492630005,0,15
9820,491,1333,499,0.5458692908287048,1,16
9821,491,1333,1957,0.5956851243972778,0,16
9822,491,1333,1643,0.350810170173645,0,16
9823,491,1333,1480,0.5623385906219482,0,16
9824,491,1333,501,0.6764732599258423,0,16
9825,491,1333,1434,0.41767191886901855,0,16
9826,491,1333,590,0.4040210247039795,0,16
9827,491,1333,387,0.5773979425430298,0,16
9828,491,1333,1066,0.6050786972045898,0,16
9829,491,1333,1383,0.582545280456543,0,16
9830,491,1333,500,0.551886796951294,0,16
9831,491,1333,496,0.6006325483322144,0,16
9832,491,1333,610,0.5889638066291809,0,16
9833,491,1333,2048,0.5854644775390625,0,16
9834,491,1333,115,0.6040266156196594,0,16
9835,491,1333,1300,0.6281850337982178,0,16
9836,491,1333,718,0.6240649819374084,0,16
9837,491,1333,1751,0.575129508972168,0,16
9838,491,1333,932,0.4572812020778656,0,16
9839,491,1333,2029,0.5962952971458435,0,16
9840,492,2317,1806,0.4032888412475586,1,17
9841,492,2317,152,0.6139991283416748,0,17
9842,492,2317,64,0.6858295202255249,0,17
9843,492,2317,737,0.6094713807106018,0,17
9844,492,2317,1157,0.345133513212204,0,17
9845,492,2317,655,0.3784850537776947,0,17
9846,492,2317,1155,0.7091647386550903,0,17
9847,492,2317,2060,0.3642062842845917,0,17
9848,492,2317,574,0.5938423275947571,0,17
9849,492,2317,1861,0.6878821849822998,0,17
9850,492,2317,47,0.696013331413269,0,17
9851,492,2317,670,0.6713537573814392,0,17
9852,492,2317,2030,0.46245077252388,0,17
9853,492,2317,665,0.598071813583374,0,17
9854,492,2317,1460,0.6841211915016174,0,17
9855,492,2317,1486,0.5997828245162964,0,17
9856,492,2317,480,0.6280215382575989,0,17
9857,492,2317,346,0.620162844657898,0,17
9858,492,2317,630,0.6210917234420776,0,17
9859,492,2317,361,0.5936523675918579,0,17
9860,493,1551,1231,0.541166365146637,1,1
9861,493,1551,490,0.5325666666030884,0,1
9862,493,1551,1833,0.5019659399986267,0,1
9863,493,1551,240,0.5186170339584351,0,1
9864,493,1551,658,0.5252731442451477,0,1
9865,493,1551,546,0.5131303071975708,0,1
9866,493,1551,2010,0.49671298265457153,0,1
9867,493,1551,935,0.5161970257759094,0,1
9868,493,1551,385,0.5284610986709595,0,1
9869,493,1551,1494,0.524694561958313,0,1
9870,493,1551,1694,0.4422609806060791,0,1
9871,493,1551,101,0.3956041932106018,0,1
9872,493,1551,122,0.3969348073005676,0,1
9873,493,1551,1260,0.5330893397331238,0,1
9874,493,1551,1814,0.5105125904083252,0,1
9875,493,1551,1532,0.40239399671554565,0,1
9876,493,1551,1055,0.5151552557945251,0,1
9877,493,1551,2069,0.5064869523048401,0,1
9878,493,1551,1807,0.513957679271698,0,1
9879,493,1551,25,0.49988123774528503,0,1
9880,494,4131,1059,0.629748523235321,1,13
9881,494,4131,1907,0.5394777655601501,0,13
9882,494,4131,133,0.6210061311721802,0,13
9883,494,4131,1539,0.719072699546814,0,13
9884,494,4131,1247,0.6258360147476196,0,13
9885,494,4131,524,0.631318211555481,0,13
9886,494,4131,1829,0.3597150444984436,0,13
9887,494,4131,1620,0.4039374887943268,0,13
9888,494,4131,162,0.6906514763832092,0,13
9889,494,4131,723,0.6456649899482727,0,13
9890,494,4131,1216,0.7033680081367493,0,13
9891,494,4131,1305,0.6359453797340393,0,13
9892,494,4131,1802,0.4891611635684967,0,13
9893,494,4131,405,0.6895448565483093,0,13
9894,494,4131,681,0.6623156666755676,0,13
9895,494,4131,312,0.6421210765838623,0,13
9896,494,4131,580,0.7635204195976257,0,13
9897,494,4131,1056,0.7035131454467773,0,13
9898,494,4131,469,0.3329939842224121,0,13
9899,494,4131,742,0.70380038022995,0,13
9900,495,4127,524,0.4882327914237976,1,14
9901,495,4127,865,0.4887142479419708,0,14
9902,495,4127,1469,0.48729726672172546,0,14
9903,495,4127,1045,0.4864763915538788,0,14
9904,495,4127,1831,0.49437597393989563,0,14
9905,495,4127,371,0.5050995349884033,0,14
9906,495,4127,1918,0.5499560832977295,0,14
9907,495,4127,1704,0.47899898886680603,0,14
9908,495,4127,1540,0.491874098777771,0,14
9909,495,4127,1170,0.4308496415615082,0,14
9910,495,4127,345,0.504003643989563,0,14
9911,495,4127,349,0.45757338404655457,0,14
9912,495,4127,397,0.5215561985969543,0,14
9913,495,4127,1955,0.4890318512916565,0,14
9914,495,4127,1998,0.5232851505279541,0,14
9915,495,4127,1982,0.48938196897506714,0,14
9916,495,4127,1175,0.509030282497406,0,14
9917,495,4127,1506,0.4799415171146393,0,14
9918,495,4127,1513,0.5008357167243958,0,14
9919,495,4127,458,0.5047692656517029,0,14
9920,496,1873,1102,0.6871763467788696,1,12
9921,496,1873,1574,0.6327593326568604,0,12
9922,496,1873,991,0.7880685329437256,0,12
9923,496,1873,285,0.7365227341651917,0,12
9924,496,1873,1007,0.738357424736023,0,12
9925,496,1873,2025,0.7402256727218628,0,12
9926,496,1873,150,0.6246439218521118,0,12
9927,496,1873,1589,0.4017053246498108,0,12
9928,496,1873,569,0.7200484871864319,0,12
9929,496,1873,1135,0.7129861116409302,0,12
9930,496,1873,505,0.6343286633491516,0,12
9931,496,1873,541,0.42248472571372986,0,12
9932,496,1873,664,0.7496874332427979,0,12
9933,496,1873,1160,0.3196660280227661,0,12
9934,496,1873,682,0.6239345669746399,0,12
9935,496,1873,371,0.6597009301185608,0,12
9936,496,1873,302,0.7695837020874023,0,12
9937,496,1873,1880,0.8211450576782227,0,12
9938,496,1873,745,0.8741844892501831,0,12
9939,496,1873,770,0.6920507550239563,0,12
9940,497,2618,1534,0.6005945205688477,1,13
9941,497,2618,2038,0.41979220509529114,0,13
9942,497,2618,567,0.48649173974990845,0,13
9943,497,2618,1382,0.5800964832305908,0,13
9944,497,2618,1503,0.6426131725311279,0,13
9945,497,2618,519,0.6024546027183533,0,13
9946,497,2618,746,0.5896120071411133,0,13
9947,497,2618,804,0.6445596218109131,0,13
9948,497,2618,1934,0.6854113936424255,0,13
9949,497,2618,59,0.5180379152297974,0,13
9950,497,2618,447,0.7455392479896545,0,13
9951,497,2618,2059,0.6298929452896118,0,13
9952,497,2618,1822,0.4591425657272339,0,13
9953,497,2618,525,0.6029221415519714,0,13
9954,497,2618,1690,0.7212740182876587,0,13
9955,497,2618,628,0.40362274646759033,0,13
9956,497,2618,561,0.6480065584182739,0,13
9957,497,2618,1102,0.6321893334388733,0,13
9958,497,2618,1800,0.7091584205627441,0,13
9959,497,2618,1526,0.6065129041671753,0,13
9960,498,245,1273,0.3873897194862366,1,20
9961,498,245,842,0.5633050203323364,0,20
9962,498,245,553,0.5995938181877136,0,20
9963,498,245,761,0.5897148847579956,0,20
9964,498,245,1659,0.5835041999816895,0,20
9965,498,245,115,0.5703550577163696,0,20
9966,498,245,158,0.5990586280822754,0,20
9967,498,245,352,0.5043513178825378,0,20
9968,498,245,1957,0.5654562711715698,0,20
9969,498,245,461,0.5324526429176331,0,20
9970,498,245,370,0.5645291805267334,0,20
9971,498,245,614,0.5643471479415894,0,20
9972,498,245,54,0.5224826335906982,0,20
9973,498,245,1906,0.5555804371833801,0,20
9974,498,245,1982,0.5875244736671448,0,20
9975,498,245,1873,0.5749574303627014,0,20
9976,498,245,1788,0.5910438895225525,0,20
9977,498,245,936,0.5380861163139343,0,20
9978,498,245,602,0.5655031204223633,0,20
9979,498,245,738,0.5909973978996277,0,20
9980,499,161,1938,0.5703924894332886,1,11
9981,499,161,384,0.5582093596458435,0,11
9982,499,161,1267,0.6084067821502686,0,11
9983,499,161,389,0.5474230051040649,0,11
9984,499,161,1697,0.5507559180259705,0,11
9985,499,161,28,0.5641078352928162,0,11
9986,499,161,1071,0.5819929838180542,0,11
9987,499,161,794,0.5917249321937561,0,11
9988,499,161,941,0.6107791662216187,0,11
9989,499,161,671,0.6084578633308411,0,11
9990,499,161,983,0.4474741518497467,0,11
9991,499,161,1239,0.6027361154556274,0,11
9992,499,161,1634,0.5823428630828857,0,11
9993,499,161,1457,0.6166587471961975,0,11
9994,499,161,1501,0.5866715908050537,0,11
9995,499,161,951,0.5605185627937317,0,11
9996,499,161,289,0.552458643913269,0,11
9997,499,161,939,0.5570041537284851,0,11
9998,499,161,109,0.5594450831413269,0,11
9999,499,161,1510,0.5992098450660706,0,11
10000,500,804,500,0.5316801071166992,1,3
10001,500,804,210,0.536112368106842,0,3
10002,500,804,1977,0.5093819499015808,0,3
10003,500,804,1075,0.5043565630912781,0,3
10004,500,804,3,0.5253913402557373,0,3
10005,500,804,1753,0.4929755926132202,0,3
10006,500,804,1526,0.5097475051879883,0,3
10007,500,804,739,0.49788427352905273,0,3
10008,500,804,561,0.4904531240463257,0,3
10009,500,804,1591,0.514761209487915,0,3
10010,500,804,1677,0.4791114926338196,0,3
10011,500,804,250,0.5022868514060974,0,3
10012,500,804,521,0.48208940029144287,0,3
10013,500,804,1101,0.4899209141731262,0,3
10014,500,804,356,0.5050864219665527,0,3
10015,500,804,482,0.5353988409042358,0,3
10016,500,804,1072,0.49915337562561035,0,3
10017,500,804,1962,0.49232548475265503,0,3
10018,500,804,1539,0.48855432868003845,0,3
10019,500,804,1552,0.5276342034339905,0,3
10020,501,2267,1629,0.5707902312278748,1,14
10021,501,2267,1070,0.5953803658485413,0,14
10022,501,2267,133,0.5699179768562317,0,14
10023,501,2267,1147,0.4679790735244751,0,14
10024,501,2267,1638,0.6061365008354187,0,14
10025,501,2267,335,0.4789922833442688,0,14
10026,501,2267,1949,0.5124069452285767,0,14
10027,501,2267,345,0.40132591128349304,0,14
10028,501,2267,721,0.6150355935096741,0,14
10029,501,2267,1901,0.6474632024765015,0,14
10030,501,2267,480,0.578572690486908,0,14
10031,501,2267,1082,0.46590352058410645,0,14
10032,501,2267,20,0.6679463982582092,0,14
10033,501,2267,1501,0.5999415516853333,0,14
10034,501,2267,819,0.6004045009613037,0,14
10035,501,2267,1983,0.6050119400024414,0,14
10036,501,2267,34,0.621869683265686,0,14
10037,501,2267,2013,0.667542576789856,0,14
10038,501,2267,715,0.5923298597335815,0,14
10039,501,2267,558,0.5710052847862244,0,14
10040,502,2081,39,0.45463550090789795,1,17
10041,502,2081,1851,0.5258049368858337,0,17
10042,502,2081,651,0.46199938654899597,0,17
10043,502,2081,238,0.43000856041908264,0,17
10044,502,2081,1460,0.4659504294395447,0,17
10045,502,2081,1862,0.5304729342460632,0,17
10046,502,2081,1613,0.45829659700393677,0,17
10047,502,2081,384,0.484313428401947,0,17
10048,502,2081,1396,0.4725574254989624,0,17
10049,502,2081,947,0.46762266755104065,0,17
10050,502,2081,677,0.4728497564792633,0,17
10051,502,2081,1250,0.48188871145248413,0,17
10052,502,2081,1566,0.4662117660045624,0,17
10053,502,2081,803,0.44719839096069336,0,17
10054,502,2081,52,0.46425387263298035,0,17
10055,502,2081,1011,0.5413480997085571,0,17
10056,502,2081,1777,0.40142303705215454,0,17
10057,502,2081,403,0.4996516704559326,0,17
10058,502,2081,631,0.46813321113586426,0,17
10059,502,2081,1611,0.46769899129867554,0,17
10060,503,1762,245,0.5479606986045837,1,14
10061,503,1762,166,0.5480075478553772,0,14
10062,503,1762,1197,0.5741254091262817,0,14
10063,503,1762,1895,0.5747354030609131,0,14
10064,503,1762,479,0.5805172324180603,0,14
10065,503,1762,1401,0.57525634765625,0,14
10066,503,1762,484,0.5422967672348022,0,14
10067,503,1762,1915,0.572089672088623,0,14
10068,503,1762,1642,0.4746733605861664,0,14
10069,503,1762,725,0.5528661608695984,0,14
10070,503,1762,450,0.5500463247299194,0,14
10071,503,1762,572,0.4382115304470062,0,14
10072,503,1762,1312,0.39675459265708923,0,14
10073,503,1762,1938,0.5553095936775208,0,14
10074,503,1762,605,0.5730022192001343,0,14
10075,503,1762,680,0.44427090883255005,0,14
10076,503,1762,179,0.5634341239929199,0,14
10077,503,1762,1086,0.5607278347015381,0,14
10078,503,1762,1355,0.4433722198009491,0,14
10079,503,1762,1772,0.5689453482627869,0,14
10080,504,3060,1650,0.5615715980529785,1,17
10081,504,3060,2044,0.5117042064666748,0,17
10082,504,3060,1047,0.6306697726249695,0,17
10083,504,3060,1780,0.567887008190155,0,17
10084,504,3060,1367,0.6367502212524414,0,17
10085,504,3060,256,0.4333969056606293,0,17
10086,504,3060,1687,0.7238808870315552,0,17
10087,504,3060,1478,0.6900397539138794,0,17
10088,504,3060,1698,0.6026928424835205,0,17
10089,504,3060,203,0.683650553226471,0,17
10090,504,3060,1173,0.6068451404571533,0,17
10091,504,3060,376,0.6302449107170105,0,17
10092,504,3060,670,0.6978928446769714,0,17
10093,504,3060,1550,0.5771276354789734,0,17
10094,504,3060,1459,0.6554235219955444,0,17
10095,504,3060,1027,0.660474419593811,0,17
10096,504,3060,1436,0.6510990858078003,0,17
10097,504,3060,626,0.574943482875824,0,17
10098,504,3060,229,0.4723184406757355,0,17
10099,504,3060,485,0.6648083925247192,0,17
10100,505,1280,2025,0.3899416923522949,1,10
10101,505,1280,800,0.3117435872554779,0,10
10102,505,1280,1586,0.37182214856147766,0,10
10103,505,1280,1034,0.5190613865852356,0,10
10104,505,1280,1339,0.4544779658317566,0,10
10105,505,1280,533,0.5640252828598022,0,10
10106,505,1280,474,0.5565664768218994,0,10
10107,505,1280,484,0.41782474517822266,0,10
10108,505,1280,945,0.41517725586891174,0,10
10109,505,1280,317,0.35426098108291626,0,10
10110,505,1280,252,0.4130602777004242,0,10
10111,505,1280,1251,0.3508177399635315,0,10
10112,505,1280,1335,0.37278804183006287,0,10
10113,505,1280,851,0.3536430597305298,0,10
10114,505,1280,132,0.3804313838481903,0,10
10115,505,1280,152,0.46621963381767273,0,10
10116,505,1280,1227,0.3210858404636383,0,10
10117,505,1280,868,0.37675240635871887,0,10
10118,505,1280,1217,0.44618237018585205,0,10
10119,505,1280,460,0.37733685970306396,0,10
10120,506,1328,967,0.7463350296020508,1,3
10121,506,1328,259,0.6243125796318054,0,3
10122,506,1328,349,0.41960394382476807,0,3
10123,506,1328,1615,0.6759557127952576,0,3
10124,506,1328,638,0.7360946536064148,0,3
10125,506,1328,608,0.6031349301338196,0,3
10126,506,1328,1148,0.5803781151771545,0,3
10127,506,1328,542,0.6285572648048401,0,3
10128,506,1328,1938,0.6701856851577759,0,3
10129,506,1328,1209,0.7645379304885864,0,3
10130,506,1328,774,0.7359650731086731,0,3
10131,506,1328,410,0.496051162481308,0,3
10132,506,1328,227,0.6531423330307007,0,3
10133,506,1328,2028,0.45639461278915405,0,3
10134,506,1328,271,0.4957923889160156,0,3
10135,506,1328,1983,0.6936759352684021,0,3
10136,506,1328,1350,0.748986542224884,0,3
10137,506,1328,1465,0.6975013017654419,0,3
10138,506,1328,138,0.6569541692733765,0,3
10139,506,1328,1528,0.44234904646873474,0,3
10140,507,1340,1703,0.3187762498855591,1,20
10141,507,1340,1803,0.481157511472702,0,20
10142,507,1340,2017,0.4799330532550812,0,20
10143,507,1340,559,0.5281046628952026,0,20
10144,507,1340,1821,0.4982007145881653,0,20
10145,507,1340,647,0.4769093692302704,0,20
10146,507,1340,878,0.4834345281124115,0,20
10147,507,1340,782,0.48083043098449707,0,20
10148,507,1340,173,0.48587462306022644,0,20
10149,507,1340,393,0.5045064687728882,0,20
10150,507,1340,1284,0.4759506285190582,0,20
10151,507,1340,843,0.4876294732093811,0,20
10152,507,1340,1482,0.49090784788131714,0,20
10153,507,1340,1290,0.4887382686138153,0,20
10154,507,1340,1567,0.4337386190891266,0,20
10155,507,1340,244,0.5247904658317566,0,20
10156,507,1340,1929,0.4713774025440216,0,20
10157,507,1340,1871,0.5055391788482666,0,20
10158,507,1340,156,0.4754713475704193,0,20
10159,507,1340,501,0.46373826265335083,0,20
10160,508,2508,983,0.46509572863578796,1,6
10161,508,2508,1961,0.44917720556259155,0,6
10162,508,2508,1850,0.48710864782333374,0,6
10163,508,2508,1326,0.45380493998527527,0,6
10164,508,2508,255,0.4601317048072815,0,6
10165,508,2508,2003,0.44849705696105957,0,6
10166,508,2508,455,0.462039589881897,0,6
10167,508,2508,769,0.40128064155578613,0,6
10168,508,2508,83,0.4687727689743042,0,6
10169,508,2508,207,0.48983079195022583,0,6
10170,508,2508,663,0.4028328061103821,0,6
10171,508,2508,1742,0.43199560046195984,0,6
10172,508,2508,1659,0.4329747259616852,0,6
10173,508,2508,1788,0.43306395411491394,0,6
10174,508,2508,1803,0.4307488799095154,0,6
10175,508,2508,125,0.4109440743923187,0,6
10176,508,2508,1498,0.4965887665748596,0,6
10177,508,2508,1548,0.4816295802593231,0,6
10178,508,2508,1279,0.4189661741256714,0,6
10179,508,2508,420,0.4465560019016266,0,6
10180,509,1966,1044,0.5015618801116943,1,10
10181,509,1966,1738,0.48848897218704224,0,10
10182,509,1966,668,0.5035322904586792,0,10
10183,509,1966,449,0.5406639575958252,0,10
10184,509,1966,131,0.5320976376533508,0,10
10185,509,1966,1941,0.530207097530365,0,10
10186,509,1966,1851,0.5285748839378357,0,10
10187,509,1966,1620,0.4294598400592804,0,10
10188,509,1966,1305,0.49283790588378906,0,10
10189,509,1966,319,0.5245169997215271,0,10
10190,509,1966,1324,0.5008008480072021,0,10
10191,509,1966,1431,0.4918869137763977,0,10
10192,509,1966,1611,0.4878789484500885,0,10
10193,509,1966,609,0.4904763400554657,0,10
10194,509,1966,1879,0.5185877084732056,0,10
10195,509,1966,162,0.4834376871585846,0,10
10196,509,1966,1944,0.5079111456871033,0,10
10197,509,1966,100,0.49083662033081055,0,10
10198,509,1966,2005,0.5023818612098694,0,10
10199,509,1966,1964,0.48261064291000366,0,10
10200,510,3577,507,0.5480900406837463,1,15
10201,510,3577,1782,0.5945948362350464,0,15
10202,510,3577,1185,0.5756850242614746,0,15
10203,510,3577,1584,0.5885065197944641,0,15
10204,510,3577,1143,0.555250883102417,0,15
10205,510,3577,1867,0.43330124020576477,0,15
10206,510,3577,339,0.5741588473320007,0,15
10207,510,3577,1230,0.5849373936653137,0,15
10208,510,3577,1654,0.4116780161857605,0,15
10209,510,3577,150,0.5542712807655334,0,15
10210,510,3577,1023,0.4587023854255676,0,15
10211,510,3577,1277,0.6131280064582825,0,15
10212,510,3577,1077,0.5503746867179871,0,15
10213,510,3577,1818,0.40097886323928833,0,15
10214,510,3577,556,0.5809569954872131,0,15
10215,510,3577,145,0.5955424308776855,0,15
10216,510,3577,1543,0.5615020394325256,0,15
10217,510,3577,967,0.5972452163696289,0,15
10218,510,3577,1537,0.5585006475448608,0,15
10219,510,3577,151,0.37922510504722595,0,15
10220,511,2622,267,0.5248042941093445,1,20
10221,511,2622,27,0.5418551564216614,0,20
10222,511,2622,744,0.5518995523452759,0,20
10223,511,2622,305,0.5512085556983948,0,20
10224,511,2622,1998,0.5460829138755798,0,20
10225,511,2622,1236,0.5695739984512329,0,20
10226,511,2622,1407,0.5459011793136597,0,20
10227,511,2622,712,0.5413669347763062,0,20
10228,511,2622,1305,0.5292896032333374,0,20
10229,511,2622,1452,0.5311648845672607,0,20
10230,511,2622,665,0.5276568531990051,0,20
10231,511,2622,1657,0.537361204624176,0,20
10232,511,2622,658,0.5649788975715637,0,20
10233,511,2622,1891,0.5401982069015503,0,20
10234,511,2622,1845,0.557387113571167,0,20
10235,511,2622,1690,0.5579624772071838,0,20
10236,511,2622,1130,0.5583652853965759,0,20
10237,511,2622,190,0.547011137008667,0,20
10238,511,2622,531,0.5271889567375183,0,20
10239,511,2622,1798,0.5438827276229858,0,20
10240,512,184,1719,0.5424110889434814,1,2
10241,512,184,1763,0.5028859972953796,0,2
10242,512,184,797,0.4929090440273285,0,2
10243,512,184,2054,0.5186323523521423,0,2
10244,512,184,587,0.5041629672050476,0,2
10245,512,184,179,0.5464533567428589,0,2
10246,512,184,265,0.5098548531532288,0,2
10247,512,184,1063,0.5066757798194885,0,2
10248,512,184,750,0.5264687538146973,0,2
10249,512,184,236,0.5023552179336548,0,2
10250,512,184,1995,0.3607495129108429,0,2
10251,512,184,526,0.5085691809654236,0,2
10252,512,184,371,0.5136698484420776,0,2
10253,512,184,809,0.5214834809303284,0,2
10254,512,184,1412,0.5084856748580933,0,2
10255,512,184,1106,0.5148324370384216,0,2
10256,512,184,1230,0.5156266093254089,0,2
10257,512,184,304,0.49626997113227844,0,2
10258,512,184,672,0.5049629807472229,0,2
10259,512,184,1678,0.5007209777832031,0,2
10260,513,3219,653,0.5906219482421875,1,11
10261,513,3219,540,0.43952348828315735,0,11
10262,513,3219,606,0.6241897940635681,0,11
10263,513,3219,1977,0.5803665518760681,0,11
10264,513,3219,1072,0.6137546300888062,0,11
10265,513,3219,505,0.5707200765609741,0,11
10266,513,3219,344,0.5943294167518616,0,11
10267,513,3219,1215,0.6361406445503235,0,11
10268,513,3219,11,0.5910294055938721,0,11
10269,513,3219,446,0.5691350102424622,0,11
10270,513,3219,818,0.5213682055473328,0,11
10271,513,3219,1609,0.6524420380592346,0,11
10272,513,3219,407,0.36830487847328186,0,11
10273,513,3219,1816,0.5972879528999329,0,11
10274,513,3219,1841,0.5832905173301697,0,11
10275,513,3219,140,0.6180660724639893,0,11
10276,513,3219,928,0.656143844127655,0,11
10277,513,3219,489,0.5786754488945007,0,11
10278,513,3219,1264,0.6198343634605408,0,11
10279,513,3219,53,0.5894657373428345,0,11
10280,514,3825,854,0.7036436200141907,1,16
10281,514,3825,827,0.7317481637001038,0,16
10282,514,3825,2009,0.768269419670105,0,16
10283,514,3825,422,0.7699771523475647,0,16
10284,514,3825,1431,0.7682681083679199,0,16
10285,514,3825,517,0.8042673468589783,0,16
10286,514,3825,1105,0.7159414887428284,0,16
10287,514,3825,2052,0.8146394491195679,0,16
10288,514,3825,1196,0.7684973478317261,0,16
10289,514,3825,2012,0.7824686169624329,0,16
10290,514,3825,441,0.7581300735473633,0,16
10291,514,3825,297,0.42948466539382935,0,16
10292,514,3825,1688,0.7239978909492493,0,16
10293,514,3825,544,0.7952461838722229,0,16
10294,514,3825,957,0.7736387252807617,0,16
10295,514,3825,681,0.7141609787940979,0,16
10296,514,3825,214,0.6335751414299011,0,16
10297,514,3825,1630,0.8509406447410583,0,16
10298,514,3825,1311,0.6806062459945679,0,16
10299,514,3825,871,0.582439661026001,0,16
10300,515,172,1697,0.4940890371799469,1,4
10301,515,172,280,0.23810282349586487,0,4
10302,515,172,148,0.5603364706039429,0,4
10303,515,172,821,0.3224189281463623,0,4
10304,515,172,710,0.31333687901496887,0,4
10305,515,172,632,0.3606720268726349,0,4
10306,515,172,1471,0.30172041058540344,0,4
10307,515,172,532,0.35818445682525635,0,4
10308,515,172,831,0.544224202632904,0,4
10309,515,172,41,0.5453621745109558,0,4
10310,515,172,1324,0.361198753118515,0,4
10311,515,172,677,0.3344416916370392,0,4
10312,515,172,791,0.39058566093444824,0,4
10313,515,172,456,0.4447162449359894,0,4
10314,515,172,933,0.24581223726272583,0,4
10315,515,172,1813,0.4212579131126404,0,4
10316,515,172,2048,0.3666920065879822,0,4
10317,515,172,1780,0.4286373555660248,0,4
10318,515,172,1371,0.3686695694923401,0,4
10319,515,172,58,0.23463639616966248,0,4
10320,516,2194,1916,0.47166356444358826,1,9
10321,516,2194,1680,0.42775392532348633,0,9
10322,516,2194,269,0.38718369603157043,0,9
10323,516,2194,303,0.4993462860584259,0,9
10324,516,2194,2002,0.4802911579608917,0,9
10325,516,2194,1619,0.4737306237220764,0,9
10326,516,2194,129,0.3946380019187927,0,9
10327,516,2194,1010,0.41283008456230164,0,9
10328,516,2194,47,0.3866829574108124,0,9
10329,516,2194,1141,0.47112739086151123,0,9
10330,516,2194,248,0.5249747037887573,0,9
10331,516,2194,1344,0.45923474431037903,0,9
10332,516,2194,1719,0.5444656014442444,0,9
10333,516,2194,438,0.3749191164970398,0,9
10334,516,2194,1612,0.5068799257278442,0,9
10335,516,2194,946,0.44625914096832275,0,9
10336,516,2194,778,0.4975084960460663,0,9
10337,516,2194,1928,0.5583667159080505,0,9
10338,516,2194,777,0.4028046727180481,0,9
10339,516,2194,1590,0.3982369601726532,0,9
10340,517,313,159,0.5251808762550354,1,12
10341,517,313,1016,0.5409776568412781,0,12
10342,517,313,1495,0.5322201251983643,0,12
10343,517,313,507,0.5067049860954285,0,12
10344,517,313,1785,0.5458210706710815,0,12
10345,517,313,1458,0.5563967227935791,0,12
10346,517,313,1872,0.5216323733329773,0,12
10347,517,313,673,0.5195707082748413,0,12
10348,517,313,472,0.5390205979347229,0,12
10349,517,313,893,0.5180346369743347,0,12
10350,517,313,1635,0.5185332298278809,0,12
10351,517,313,1155,0.5527457594871521,0,12
10352,517,313,734,0.5517801642417908,0,12
10353,517,313,1909,0.5472254157066345,0,12
10354,517,313,239,0.520393967628479,0,12
10355,517,313,241,0.5443875193595886,0,12
10356,517,313,297,0.4963330328464508,0,12
10357,517,313,1857,0.5395370125770569,0,12
10358,517,313,1963,0.5561941266059875,0,12
10359,517,313,1841,0.5192150473594666,0,12
10360,518,3403,902,0.39421188831329346,1,13
10361,518,3403,1921,0.4635274410247803,0,13
10362,518,3403,594,0.5492348670959473,0,13
10363,518,3403,1443,0.5463035106658936,0,13
10364,518,3403,847,0.585207998752594,0,13
10365,518,3403,892,0.5157036781311035,0,13
10366,518,3403,332,0.41801920533180237,0,13
10367,518,3403,1155,0.3727289140224457,0,13
10368,518,3403,569,0.4084089994430542,0,13
10369,518,3403,75,0.37512022256851196,0,13
10370,518,3403,1015,0.36890625953674316,0,13
10371,518,3403,1262,0.37395572662353516,0,13
10372,518,3403,88,0.49466657638549805,0,13
10373,518,3403,1926,0.34435105323791504,0,13
10374,518,3403,2037,0.5509240627288818,0,13
10375,518,3403,1249,0.4338614046573639,0,13
10376,518,3403,100,0.38452908396720886,0,13
10377,518,3403,2039,0.4278506636619568,0,13
10378,518,3403,1568,0.3912173807621002,0,13
10379,518,3403,766,0.40148091316223145,0,13
10380,519,3499,169,0.5467829704284668,1,13
10381,519,3499,893,0.5428935885429382,0,13
10382,519,3499,368,0.5887085199356079,0,13
10383,519,3499,1776,0.5507880449295044,0,13
10384,519,3499,2019,0.5716434121131897,0,13
10385,519,3499,1149,0.5437581539154053,0,13
10386,519,3499,326,0.5543904304504395,0,13
10387,519,3499,930,0.4070891737937927,0,13
10388,519,3499,833,0.5871662497520447,0,13
10389,519,3499,802,0.5853648781776428,0,13
10390,519,3499,260,0.5450708866119385,0,13
10391,519,3499,484,0.5448596477508545,0,13
10392,519,3499,178,0.5511797070503235,0,13
10393,519,3499,433,0.4969150125980377,0,13
10394,519,3499,388,0.5727589726448059,0,13
10395,519,3499,874,0.5555608868598938,0,13
10396,519,3499,727,0.5511342883110046,0,13
10397,519,3499,676,0.5630314350128174,0,13
10398,519,3499,1060,0.5442770719528198,0,13
10399,519,3499,761,0.5776883363723755,0,13
10400,520,1142,1548,0.4499610662460327,1,17
10401,520,1142,1319,0.5785353183746338,0,17
10402,520,1142,612,0.5753673315048218,0,17
10403,520,1142,1536,0.4501398503780365,0,17
10404,520,1142,1268,0.4244997799396515,0,17
10405,520,1142,1084,0.586787760257721,0,17
10406,520,1142,310,0.6028607487678528,0,17
10407,520,1142,1931,0.6098669767379761,0,17
10408,520,1142,1093,0.5618531703948975,0,17
10409,520,1142,462,0.5444507598876953,0,17
10410,520,1142,1168,0.3917822241783142,0,17
10411,520,1142,370,0.5881074070930481,0,17
10412,520,1142,383,0.5723211169242859,0,17
10413,520,1142,406,0.6208571195602417,0,17
10414,520,1142,634,0.5818391442298889,0,17
10415,520,1142,1784,0.5529350638389587,0,17
10416,520,1142,437,0.5212423801422119,0,17
10417,520,1142,483,0.4189549684524536,0,17
10418,520,1142,1498,0.5799331068992615,0,17
10419,520,1142,283,0.5800075531005859,0,17
10420,521,41,766,0.42623835802078247,1,8
10421,521,41,658,0.40962159633636475,0,8
10422,521,41,46,0.4423324167728424,0,8
10423,521,41,1064,0.4009316563606262,0,8
10424,521,41,1323,0.7159805297851562,0,8
10425,521,41,1333,0.39135095477104187,0,8
10426,521,41,237,0.42773234844207764,0,8
10427,521,41,153,0.41844555735588074,0,8
10428,521,41,2071,0.4017903506755829,0,8
10429,521,41,501,0.3701856732368469,0,8
10430,521,41,1582,0.3986775577068329,0,8
10431,521,41,1330,0.4714218080043793,0,8
10432,521,41,81,0.40145155787467957,0,8
10433,521,41,715,0.3927997648715973,0,8
10434,521,41,1420,0.3952280580997467,0,8
10435,521,41,291,0.4673789441585541,0,8
10436,521,41,1500,0.37339305877685547,0,8
10437,521,41,1837,0.3315155804157257,0,8
10438,521,41,1888,0.5463336110115051,0,8
10439,521,41,1959,0.44655466079711914,0,8
10440,522,2600,2060,0.3783183693885803,1,20
10441,522,2600,285,0.5704113841056824,0,20
10442,522,2600,1331,0.5433061122894287,0,20
10443,522,2600,618,0.559880793094635,0,20
10444,522,2600,712,0.5619703531265259,0,20
10445,522,2600,2021,0.5829561948776245,0,20
10446,522,2600,782,0.5772016048431396,0,20
10447,522,2600,1100,0.5460929274559021,0,20
10448,522,2600,804,0.5552523136138916,0,20
10449,522,2600,891,0.5675079226493835,0,20
10450,522,2600,1867,0.4320322573184967,0,20
10451,522,2600,257,0.5711238384246826,0,20
10452,522,2600,1124,0.5612877607345581,0,20
10453,522,2600,1515,0.42494526505470276,0,20
10454,522,2600,1409,0.5523713827133179,0,20
10455,522,2600,1293,0.535845935344696,0,20
10456,522,2600,1291,0.5805028080940247,0,20
10457,522,2600,322,0.5703747868537903,0,20
10458,522,2600,1740,0.5519057512283325,0,20
10459,522,2600,211,0.5807643532752991,0,20
10460,523,258,1822,0.5676682591438293,1,3
10461,523,258,654,0.5945519804954529,0,3
10462,523,258,857,0.2671414911746979,0,3
10463,523,258,833,0.1059630811214447,0,3
10464,523,258,132,0.19198018312454224,0,3
10465,523,258,490,0.3788056969642639,0,3
10466,523,258,94,0.19369271397590637,0,3
10467,523,258,478,0.1796436458826065,0,3
10468,523,258,1462,0.13113753497600555,0,3
10469,523,258,301,0.5476505160331726,0,3
10470,523,258,1804,0.13921453058719635,0,3
10471,523,258,593,0.3100026845932007,0,3
10472,523,258,41,0.5694499611854553,0,3
10473,523,258,701,0.2538776099681854,0,3
10474,523,258,92,0.1901155710220337,0,3
10475,523,258,1573,0.3649841845035553,0,3
10476,523,258,1261,0.5412343740463257,0,3
10477,523,258,931,0.21027688682079315,0,3
10478,523,258,1574,0.3926374912261963,0,3
10479,523,258,451,0.5232189297676086,0,3
10480,524,1086,1942,0.4475627541542053,1,20
10481,524,1086,1635,0.49173420667648315,0,20
10482,524,1086,1645,0.5272646546363831,0,20
10483,524,1086,1586,0.4678152799606323,0,20
10484,524,1086,1370,0.47465381026268005,0,20
10485,524,1086,236,0.45796069502830505,0,20
10486,524,1086,486,0.48754072189331055,0,20
10487,524,1086,1753,0.46680915355682373,0,20
10488,524,1086,339,0.4963070750236511,0,20
10489,524,1086,1848,0.4677261710166931,0,20
10490,524,1086,767,0.4662822484970093,0,20
10491,524,1086,1008,0.5349867343902588,0,20
10492,524,1086,929,0.5374069213867188,0,20
10493,524,1086,1810,0.46781155467033386,0,20
10494,524,1086,301,0.49142515659332275,0,20
10495,524,1086,1593,0.46706920862197876,0,20
10496,524,1086,939,0.48892587423324585,0,20
10497,524,1086,1210,0.5044424533843994,0,20
10498,524,1086,819,0.4816485047340393,0,20
10499,524,1086,1754,0.48371195793151855,0,20
10500,525,1003,949,0.6291337013244629,1,12
10501,525,1003,754,0.7685105204582214,0,12
10502,525,1003,1832,0.4814399182796478,0,12
10503,525,1003,1005,0.7156058549880981,0,12
10504,525,1003,39,0.7002037763595581,0,12
10505,525,1003,1149,0.6392289400100708,0,12
10506,525,1003,1039,0.705428421497345,0,12
10507,525,1003,1470,0.7140644192695618,0,12
10508,525,1003,1147,0.4519047141075134,0,12
10509,525,1003,1928,0.5381109714508057,0,12
10510,525,1003,1099,0.6908108592033386,0,12
10511,525,1003,308,0.3816232979297638,0,12
10512,525,1003,163,0.6864908337593079,0,12
10513,525,1003,161,0.620126485824585,0,12
10514,525,1003,335,0.4612544775009155,0,12
10515,525,1003,513,0.5158942341804504,0,12
10516,525,1003,92,0.6626490354537964,0,12
10517,525,1003,1755,0.6583183407783508,0,12
10518,525,1003,565,0.7206690311431885,0,12
10519,525,1003,1208,0.6173082590103149,0,12
10520,526,4106,1386,0.32183921337127686,1,17
10521,526,4106,612,0.34945932030677795,0,17
10522,526,4106,967,0.31339696049690247,0,17
10523,526,4106,1901,0.31518951058387756,0,17
10524,526,4106,1445,0.4876358211040497,0,17
10525,526,4106,1808,0.4331650137901306,0,17
10526,526,4106,1620,0.8537024855613708,0,17
10527,526,4106,9,0.3564825654029846,0,17
10528,526,4106,722,0.5703756213188171,0,17
10529,526,4106,1339,0.4393215477466583,0,17
10530,526,4106,1761,0.49874916672706604,0,17
10531,526,4106,639,0.617852509021759,0,17
10532,526,4106,314,0.35621359944343567,0,17
10533,526,4106,1184,0.5041458010673523,0,17
10534,526,4106,980,0.6363992094993591,0,17
10535,526,4106,277,0.3140639662742615,0,17
10536,526,4106,1888,0.5550607442855835,0,17
10537,526,4106,1444,0.343562513589859,0,17
10538,526,4106,1487,0.34606391191482544,0,17
10539,526,4106,576,0.3410816192626953,0,17
10540,527,892,1632,0.33213165402412415,1,20
10541,527,892,1031,0.45440012216567993,0,20
10542,527,892,757,0.4364049732685089,0,20
10543,527,892,1172,0.463054895401001,0,20
10544,527,892,1168,0.4191959500312805,0,20
10545,527,892,259,0.5039237141609192,0,20
10546,527,892,60,0.4497486650943756,0,20
10547,527,892,1842,0.4298809766769409,0,20
10548,527,892,120,0.46313047409057617,0,20
10549,527,892,1623,0.525584876537323,0,20
10550,527,892,436,0.42739802598953247,0,20
10551,527,892,2061,0.45350632071495056,0,20
10552,527,892,478,0.45670410990715027,0,20
10553,527,892,1823,0.4434463083744049,0,20
10554,527,892,452,0.4250274896621704,0,20
10555,527,892,1697,0.5261759161949158,0,20
10556,527,892,906,0.44708916544914246,0,20
10557,527,892,1215,0.44279155135154724,0,20
10558,527,892,257,0.5325101613998413,0,20
10559,527,892,940,0.4667107164859772,0,20
10560,528,153,1203,0.5171954035758972,1,5
10561,528,153,774,0.49115338921546936,0,5
10562,528,153,24,0.48731639981269836,0,5
10563,528,153,1900,0.5095983147621155,0,5
10564,528,153,567,0.518369197845459,0,5
10565,528,153,1339,0.5160701870918274,0,5
10566,528,153,860,0.5310758352279663,0,5
10567,528,153,169,0.4949852526187897,0,5
10568,528,153,560,0.5108192563056946,0,5
10569,528,153,981,0.4855125844478607,0,5
10570,528,153,1275,0.4898996651172638,0,5
10571,528,153,1095,0.5191857218742371,0,5
10572,528,153,1115,0.5370917916297913,0,5
10573,528,153,622,0.48925215005874634,0,5
10574,528,153,73,0.51148521900177,0,5
10575,528,153,1531,0.49130749702453613,0,5
10576,528,153,533,0.5075251460075378,0,5
10577,528,153,313,0.48145195841789246,0,5
10578,528,153,396,0.48818081617355347,0,5
10579,528,153,108,0.5024012327194214,0,5
10580,529,695,719,0.4399702250957489,1,9
10581,529,695,915,0.40717920660972595,0,9
10582,529,695,776,0.4121991991996765,0,9
10583,529,695,1828,0.5372450947761536,0,9
10584,529,695,303,0.49259263277053833,0,9
10585,529,695,2075,0.4488477110862732,0,9
10586,529,695,281,0.45084258913993835,0,9
10587,529,695,121,0.38815540075302124,0,9
10588,529,695,636,0.47840550541877747,0,9
10589,529,695,255,0.4364998936653137,0,9
10590,529,695,828,0.3662276864051819,0,9
10591,529,695,1230,0.41566216945648193,0,9
10592,529,695,1645,0.5215328931808472,0,9
10593,529,695,1703,0.4001562297344208,0,9
10594,529,695,685,0.39602282643318176,0,9
10595,529,695,1830,0.39414891600608826,0,9
10596,529,695,1066,0.37769681215286255,0,9
10597,529,695,1624,0.4472043812274933,0,9
10598,529,695,708,0.3820401430130005,0,9
10599,529,695,0,0.49679356813430786,0,9
10600,530,3406,1756,0.471351683139801,1,10
10601,530,3406,116,0.47904840111732483,0,10
10602,530,3406,940,0.4701315462589264,0,10
10603,530,3406,2040,0.4062914252281189,0,10
10604,530,3406,775,0.4593140780925751,0,10
10605,530,3406,68,0.4400777518749237,0,10
10606,530,3406,1001,0.47166576981544495,0,10
10607,530,3406,377,0.5479417443275452,0,10
10608,530,3406,426,0.5035139322280884,0,10
10609,530,3406,1375,0.4492815136909485,0,10
10610,530,3406,348,0.4516604244709015,0,10
10611,530,3406,1845,0.5331850647926331,0,10
10612,530,3406,304,0.4713992476463318,0,10
10613,530,3406,1252,0.45350587368011475,0,10
10614,530,3406,923,0.5944651365280151,0,10
10615,530,3406,1940,0.5093114376068115,0,10
10616,530,3406,994,0.466052770614624,0,10
10617,530,3406,1601,0.4555578827857971,0,10
10618,530,3406,1432,0.4651568531990051,0,10
10619,530,3406,33,0.5525676012039185,0,10
10620,531,2787,312,0.5572764873504639,1,9
10621,531,2787,2016,0.5781190991401672,0,9
10622,531,2787,1705,0.49646875262260437,0,9
10623,531,2787,778,0.42725610733032227,0,9
10624,531,2787,1579,0.5365068316459656,0,9
10625,531,2787,1020,0.43918558955192566,0,9
10626,531,2787,33,0.5453617572784424,0,9
10627,531,2787,145,0.5837705731391907,0,9
10628,531,2787,1320,0.563106119632721,0,9
10629,531,2787,455,0.4358847439289093,0,9
10630,531,2787,1157,0.3709232807159424,0,9
10631,531,2787,1578,0.37608468532562256,0,9
10632,531,2787,1496,0.5638633966445923,0,9
10633,531,2787,1497,0.5769278407096863,0,9
10634,531,2787,949,0.5519965887069702,0,9
10635,531,2787,1804,0.5758873224258423,0,9
10636,531,2787,47,0.5790797472000122,0,9
10637,531,2787,2026,0.41621002554893494,0,9
10638,531,2787,1084,0.5653789043426514,0,9
10639,531,2787,1730,0.46248212456703186,0,9
10640,532,1869,1381,0.5998538136482239,1,2
10641,532,1869,2080,0.23403875529766083,0,2
10642,532,1869,2052,0.22345466911792755,0,2
10643,532,1869,1682,0.32033011317253113,0,2
10644,532,1869,439,0.6167216897010803,0,2
10645,532,1869,1870,0.2801022231578827,0,2
10646,532,1869,1245,0.3125721514225006,0,2
10647,532,1869,115,0.37445759773254395,0,2
10648,532,1869,740,0.30566802620887756,0,2
10649,532,1869,906,0.28648823499679565,0,2
10650,532,1869,1816,0.2799971103668213,0,2
10651,532,1869,1199,0.28609174489974976,0,2
10652,532,1869,479,0.27184003591537476,0,2
10653,532,1869,576,0.3012934923171997,0,2
10654,532,1869,252,0.3439679443836212,0,2
10655,532,1869,1750,0.24698041379451752,0,2
10656,532,1869,1116,0.2285573035478592,0,2
10657,532,1869,1235,0.2642485499382019,0,2
10658,532,1869,506,0.42130711674690247,0,2
10659,532,1869,1495,0.2506452202796936,0,2
10660,533,1185,1792,0.5278089046478271,1,6
10661,533,1185,1882,0.4522428810596466,0,6
10662,533,1185,311,0.5437789559364319,0,6
10663,533,1185,2061,0.4542437791824341,0,6
10664,533,1185,343,0.4787139594554901,0,6
10665,533,1185,1238,0.42989352345466614,0,6
10666,533,1185,166,0.45529261231422424,0,6
10667,533,1185,1859,0.5439680218696594,0,6
10668,533,1185,155,0.5166206359863281,0,6
10669,533,1185,1290,0.4614373445510864,0,6
10670,533,1185,1242,0.43857160210609436,0,6
10671,533,1185,1806,0.6083204746246338,0,6
10672,533,1185,1891,0.5371797680854797,0,6
10673,533,1185,100,0.4415021538734436,0,6
10674,533,1185,1170,0.4311769902706146,0,6
10675,533,1185,1565,0.5324281454086304,0,6
10676,533,1185,232,0.4739741086959839,0,6
10677,533,1185,1113,0.4516565799713135,0,6
10678,533,1185,603,0.45810455083847046,0,6
10679,533,1185,57,0.49868395924568176,0,6
10680,534,3221,1305,0.5001683831214905,1,14
10681,534,3221,1885,0.5049154162406921,0,14
10682,534,3221,1433,0.5101461410522461,0,14
10683,534,3221,187,0.5173673629760742,0,14
10684,534,3221,649,0.5590118765830994,0,14
10685,534,3221,1252,0.4894508421421051,0,14
10686,534,3221,490,0.5262221097946167,0,14
10687,534,3221,883,0.4864403307437897,0,14
10688,534,3221,85,0.4977605938911438,0,14
10689,534,3221,299,0.5060251355171204,0,14
10690,534,3221,931,0.4955531656742096,0,14
10691,534,3221,1198,0.4195306599140167,0,14
10692,534,3221,1820,0.5080029964447021,0,14
10693,534,3221,726,0.510242223739624,0,14
10694,534,3221,2033,0.5192574858665466,0,14
10695,534,3221,809,0.5151692032814026,0,14
10696,534,3221,517,0.48682019114494324,0,14
10697,534,3221,1508,0.5003141760826111,0,14
10698,534,3221,1288,0.5122300982475281,0,14
10699,534,3221,1628,0.5243222713470459,0,14
10700,535,2014,1256,0.4245132803916931,1,16
10701,535,2014,1344,0.47404855489730835,0,16
10702,535,2014,1948,0.5166327953338623,0,16
10703,535,2014,1162,0.45751938223838806,0,16
10704,535,2014,759,0.3882368803024292,0,16
10705,535,2014,927,0.467567503452301,0,16
10706,535,2014,1565,0.5417829751968384,0,16
10707,535,2014,439,0.5146153569221497,0,16
10708,535,2014,1079,0.5384100675582886,0,16
10709,535,2014,1102,0.4884021580219269,0,16
10710,535,2014,1000,0.38328900933265686,0,16
10711,535,2014,1330,0.48095768690109253,0,16
10712,535,2014,501,0.4119341969490051,0,16
10713,535,2014,2075,0.4631119668483734,0,16
10714,535,2014,690,0.5306337475776672,0,16
10715,535,2014,1297,0.43353983759880066,0,16
10716,535,2014,1873,0.44652101397514343,0,16
10717,535,2014,431,0.530769407749176,0,16
10718,535,2014,1244,0.4080536663532257,0,16
10719,535,2014,934,0.4262676537036896,0,16
10720,536,2854,2067,0.596650242805481,1,9
10721,536,2854,1432,0.6065901517868042,0,9
10722,536,2854,2011,0.600962221622467,0,9
10723,536,2854,814,0.5740648508071899,0,9
10724,536,2854,1540,0.578916609287262,0,9
10725,536,2854,649,0.5910833477973938,0,9
10726,536,2854,884,0.6058474183082581,0,9
10727,536,2854,636,0.5751385688781738,0,9
10728,536,2854,715,0.593423068523407,0,9
10729,536,2854,851,0.6147867441177368,0,9
10730,536,2854,2030,0.47193199396133423,0,9
10731,536,2854,544,0.6146830320358276,0,9
10732,536,2854,56,0.5591380000114441,0,9
10733,536,2854,1196,0.6015977263450623,0,9
10734,536,2854,281,0.5601182579994202,0,9
10735,536,2854,1994,0.6019124388694763,0,9
10736,536,2854,16,0.5708898305892944,0,9
10737,536,2854,1009,0.651625394821167,0,9
10738,536,2854,1948,0.5018690228462219,0,9
10739,536,2854,1634,0.5918183922767639,0,9
10740,537,3005,1815,0.527247965335846,1,15
10741,537,3005,188,0.5211789011955261,0,15
10742,537,3005,914,0.4572710394859314,0,15
10743,537,3005,1889,0.5542460680007935,0,15
10744,537,3005,837,0.4524538218975067,0,15
10745,537,3005,192,0.5402548909187317,0,15
10746,537,3005,1151,0.5457572937011719,0,15
10747,537,3005,485,0.531267523765564,0,15
10748,537,3005,30,0.5287776589393616,0,15
10749,537,3005,239,0.5290934443473816,0,15
10750,537,3005,1234,0.5416006445884705,0,15
10751,537,3005,824,0.5275350213050842,0,15
10752,537,3005,159,0.4897281229496002,0,15
10753,537,3005,1165,0.5454332232475281,0,15
10754,537,3005,1264,0.5424716472625732,0,15
10755,537,3005,1685,0.5344359278678894,0,15
10756,537,3005,422,0.5447385907173157,0,15
10757,537,3005,1327,0.4928079843521118,0,15
10758,537,3005,2064,0.5390965342521667,0,15
10759,537,3005,34,0.544233500957489,0,15
10760,538,3903,372,0.7141580581665039,1,13
10761,538,3903,794,0.7642903923988342,0,13
10762,538,3903,1173,0.6333634853363037,0,13
10763,538,3903,811,0.7748583555221558,0,13
10764,538,3903,1209,0.8147438168525696,0,13
10765,538,3903,1806,0.33493614196777344,0,13
10766,538,3903,1201,0.7939503788948059,0,13
10767,538,3903,894,0.7102236747741699,0,13
10768,538,3903,1098,0.7733966708183289,0,13
10769,538,3903,1883,0.7529710531234741,0,13
10770,538,3903,1046,0.738468587398529,0,13
10771,538,3903,1370,0.7825818657875061,0,13
10772,538,3903,1502,0.7258007526397705,0,13
10773,538,3903,657,0.7501500248908997,0,13
10774,538,3903,979,0.727616012096405,0,13
10775,538,3903,1985,0.816614031791687,0,13
10776,538,3903,373,0.44372448325157166,0,13
10777,538,3903,746,0.6209180355072021,0,13
10778,538,3903,891,0.703747034072876,0,13
10779,538,3903,459,0.6758897304534912,0,13
10780,539,871,436,0.377172589302063,1,20
10781,539,871,415,0.6188679933547974,0,20
10782,539,871,680,0.44523411989212036,0,20
10783,539,871,858,0.61134272813797,0,20
10784,539,871,2010,0.5693178176879883,0,20
10785,539,871,1945,0.574641764163971,0,20
10786,539,871,776,0.5837224125862122,0,20
10787,539,871,145,0.635517954826355,0,20
10788,539,871,1365,0.40616708993911743,0,20
10789,539,871,33,0.5515890121459961,0,20
10790,539,871,2015,0.5778992176055908,0,20
10791,539,871,3,0.5843489766120911,0,20
10792,539,871,53,0.5822937488555908,0,20
10793,539,871,1766,0.6512255072593689,0,20
10794,539,871,830,0.624696671962738,0,20
10795,539,871,386,0.5565166473388672,0,20
10796,539,871,604,0.572909951210022,0,20
10797,539,871,1177,0.6037070751190186,0,20
10798,539,871,2080,0.6420075297355652,0,20
10799,539,871,382,0.5837913155555725,0,20
10800,540,1021,82,0.5291903018951416,1,4
10801,540,1021,609,0.40001389384269714,0,4
10802,540,1021,871,0.5260177254676819,0,4
10803,540,1021,761,0.36791467666625977,0,4
10804,540,1021,279,0.3384900987148285,0,4
10805,540,1021,234,0.3586541712284088,0,4
10806,540,1021,1112,0.5466959476470947,0,4
10807,540,1021,1428,0.37727367877960205,0,4
10808,540,1021,1691,0.4030146598815918,0,4
10809,540,1021,252,0.42268848419189453,0,4
10810,540,1021,23,0.3914381265640259,0,4
10811,540,1021,84,0.5018731355667114,0,4
10812,540,1021,398,0.5415565967559814,0,4
10813,540,1021,1269,0.419321745634079,0,4
10814,540,1021,1001,0.41526076197624207,0,4
10815,540,1021,1238,0.3431829810142517,0,4
10816,540,1021,1092,0.47590944170951843,0,4
10817,540,1021,763,0.3536389470100403,0,4
10818,540,1021,1826,0.47533276677131653,0,4
10819,540,1021,91,0.5801370739936829,0,4
10820,541,2597,1011,0.5692298412322998,1,1
10821,541,2597,1065,0.5467057824134827,0,1
10822,541,2597,1547,0.47418758273124695,0,1
10823,541,2597,983,0.4720638692378998,0,1
10824,541,2597,270,0.4926993250846863,0,1
10825,541,2597,541,0.49885737895965576,0,1
10826,541,2597,363,0.4517335891723633,0,1
10827,541,2597,481,0.47242698073387146,0,1
10828,541,2597,1559,0.5252638459205627,0,1
10829,541,2597,600,0.4694675803184509,0,1
10830,541,2597,937,0.4642307162284851,0,1
10831,541,2597,1298,0.44614940881729126,0,1
10832,541,2597,1654,0.4579116404056549,0,1
10833,541,2597,1857,0.44433221220970154,0,1
10834,541,2597,52,0.4505055546760559,0,1
10835,541,2597,2006,0.5284247994422913,0,1
10836,541,2597,1428,0.4519607126712799,0,1
10837,541,2597,338,0.4882031977176666,0,1
10838,541,2597,830,0.452593594789505,0,1
10839,541,2597,1405,0.46277186274528503,0,1
10840,542,311,1571,0.5478643774986267,1,17
10841,542,311,435,0.5692050457000732,0,17
10842,542,311,1544,0.5669452548027039,0,17
10843,542,311,1637,0.5776487588882446,0,17
10844,542,311,2021,0.6402944922447205,0,17
10845,542,311,1420,0.634904682636261,0,17
10846,542,311,469,0.33488699793815613,0,17
10847,542,311,1362,0.6079589128494263,0,17
10848,542,311,1834,0.5846549272537231,0,17
10849,542,311,1875,0.5773329138755798,0,17
10850,542,311,1046,0.6023270487785339,0,17
10851,542,311,1257,0.46037939190864563,0,17
10852,542,311,1872,0.584530234336853,0,17
10853,542,311,385,0.5888845324516296,0,17
10854,542,311,664,0.6132268309593201,0,17
10855,542,311,1173,0.5759567022323608,0,17
10856,542,311,806,0.6172869801521301,0,17
10857,542,311,1559,0.4476868212223053,0,17
10858,542,311,813,0.6069644689559937,0,17
10859,542,311,815,0.622760534286499,0,17
10860,543,1034,250,0.6601983308792114,1,6
10861,543,1034,457,0.5802595615386963,0,6
10862,543,1034,1344,0.6409276127815247,0,6
10863,543,1034,1085,0.6248478293418884,0,6
10864,543,1034,455,0.4046020209789276,0,6
10865,543,1034,1781,0.7044138312339783,0,6
10866,543,1034,1674,0.6617621779441833,0,6
10867,543,1034,760,0.37838470935821533,0,6
10868,543,1034,209,0.6322975158691406,0,6
10869,543,1034,399,0.6524330377578735,0,6
10870,543,1034,511,0.3335214853286743,0,6
10871,543,1034,430,0.6556029915809631,0,6
10872,543,1034,639,0.5350919365882874,0,6
10873,543,1034,462,0.5316454172134399,0,6
10874,543,1034,188,0.5882465839385986,0,6
10875,543,1034,417,0.4258047938346863,0,6
10876,543,1034,1801,0.7108335494995117,0,6
10877,543,1034,917,0.5954527854919434,0,6
10878,543,1034,856,0.7128598690032959,0,6
10879,543,1034,517,0.7079237699508667,0,6
10880,544,43,1399,0.5186875462532043,1,10
10881,544,43,315,0.5246714949607849,0,10
10882,544,43,1031,0.5126878023147583,0,10
10883,544,43,2003,0.5112558603286743,0,10
10884,544,43,465,0.5116738080978394,0,10
10885,544,43,689,0.5244715213775635,0,10
10886,544,43,1445,0.4417915344238281,0,10
10887,544,43,1570,0.5387872457504272,0,10
10888,544,43,1688,0.5110720992088318,0,10
10889,544,43,1095,0.5391125679016113,0,10
10890,544,43,757,0.5138201713562012,0,10
10891,544,43,261,0.5263752341270447,0,10
10892,544,43,1428,0.5166625380516052,0,10
10893,544,43,896,0.51878821849823,0,10
10894,544,43,1018,0.5119645595550537,0,10
10895,544,43,562,0.5249086618423462,0,10
10896,544,43,664,0.5292704701423645,0,10
10897,544,43,86,0.5352813601493835,0,10
10898,544,43,48,0.5173479914665222,0,10
10899,544,43,604,0.5090315937995911,0,10
10900,545,3932,646,0.7259894609451294,1,6
10901,545,3932,877,0.745419979095459,0,6
10902,545,3932,398,0.47053658962249756,0,6
10903,545,3932,464,0.8010540008544922,0,6
10904,545,3932,1936,0.27493903040885925,0,6
10905,545,3932,1143,0.6902692914009094,0,6
10906,545,3932,766,0.6844620704650879,0,6
10907,545,3932,215,0.5764856934547424,0,6
10908,545,3932,1456,0.41306376457214355,0,6
10909,545,3932,1168,0.3660430610179901,0,6
10910,545,3932,853,0.8337875604629517,0,6
10911,545,3932,1693,0.43414199352264404,0,6
10912,545,3932,1657,0.5406253337860107,0,6
10913,545,3932,897,0.7084633111953735,0,6
10914,545,3932,74,0.38698166608810425,0,6
10915,545,3932,1637,0.6626849174499512,0,6
10916,545,3932,1062,0.7084107995033264,0,6
10917,545,3932,837,0.4221230447292328,0,6
10918,545,3932,1821,0.7678523063659668,0,6
10919,545,3932,1889,0.8155452013015747,0,6
10920,546,739,1111,0.510759174823761,1,13
10921,546,739,153,0.39688849449157715,0,13
10922,546,739,1369,0.5125303268432617,0,13
10923,546,739,1211,0.495090126991272,0,13
10924,546,739,1433,0.5238497257232666,0,13
10925,546,739,879,0.5143893957138062,0,13
10926,546,739,554,0.5023632049560547,0,13
10927,546,739,288,0.5398181676864624,0,13
10928,546,739,1261,0.544331431388855,0,13
10929,546,739,1429,0.4997432231903076,0,13
10930,546,739,1167,0.5121592879295349,0,13
10931,546,739,752,0.520508348941803,0,13
10932,546,739,905,0.5046804547309875,0,13
10933,546,739,529,0.38479867577552795,0,13
10934,546,739,685,0.5272564888000488,0,13
10935,546,739,67,0.5583041310310364,0,13
10936,546,739,1219,0.5241792798042297,0,13
10937,546,739,1664,0.36031627655029297,0,13
10938,546,739,712,0.5155033469200134,0,13
10939,546,739,532,0.5232964754104614,0,13
10940,547,1037,1714,0.5721205472946167,1,1
10941,547,1037,1101,0.5347636938095093,0,1
10942,547,1037,788,0.545448362827301,0,1
10943,547,1037,1997,0.540887176990509,0,1
10944,547,1037,1338,0.5476399660110474,0,1
10945,547,1037,78,0.4670255184173584,0,1
10946,547,1037,740,0.5234419107437134,0,1
10947,547,1037,501,0.5555230975151062,0,1
10948,547,1037,816,0.5428114533424377,0,1
10949,547,1037,1464,0.5533037185668945,0,1
10950,547,1037,1023,0.4761114716529846,0,1
10951,547,1037,730,0.5414224863052368,0,1
10952,547,1037,1773,0.5380163192749023,0,1
10953,547,1037,324,0.5232177376747131,0,1
10954,547,1037,1250,0.493327260017395,0,1
10955,547,1037,117,0.5157778859138489,0,1
10956,547,1037,81,0.541935920715332,0,1
10957,547,1037,1234,0.5425174236297607,0,1
10958,547,1037,995,0.47041094303131104,0,1
10959,547,1037,1104,0.39706704020500183,0,1
10960,548,672,644,0.6673076152801514,1,7
10961,548,672,1885,0.6785659790039062,0,7
10962,548,672,338,0.6644120812416077,0,7
10963,548,672,877,0.698186993598938,0,7
10964,548,672,917,0.6068428754806519,0,7
10965,548,672,907,0.5892176032066345,0,7
10966,548,672,1052,0.6239030957221985,0,7
10967,548,672,1905,0.45016157627105713,0,7
10968,548,672,1297,0.7266337275505066,0,7
10969,548,672,1227,0.759742796421051,0,7
10970,548,672,1027,0.6717789173126221,0,7
10971,548,672,1330,0.6263887286186218,0,7
10972,548,672,1948,0.5013108849525452,0,7
10973,548,672,1360,0.7055345773696899,0,7
10974,548,672,814,0.6426665186882019,0,7
10975,548,672,1387,0.6525375843048096,0,7
10976,548,672,731,0.6619542241096497,0,7
10977,548,672,497,0.618027925491333,0,7
10978,548,672,1613,0.6655997037887573,0,7
10979,548,672,1657,0.5433298945426941,0,7
10980,549,3379,1875,0.5797716379165649,1,14
10981,549,3379,1135,0.6000549793243408,0,14
10982,549,3379,300,0.5834432244300842,0,14
10983,549,3379,1227,0.6444122195243835,0,14
10984,549,3379,87,0.5921658873558044,0,14
10985,549,3379,1346,0.6394626498222351,0,14
10986,549,3379,692,0.6179856061935425,0,14
10987,549,3379,1553,0.5421792268753052,0,14
10988,549,3379,1260,0.564365565776825,0,14
10989,549,3379,74,0.397489070892334,0,14
10990,549,3379,1015,0.6429809331893921,0,14
10991,549,3379,1772,0.608412504196167,0,14
10992,549,3379,69,0.5912313461303711,0,14
10993,549,3379,1652,0.6226693987846375,0,14
10994,549,3379,1793,0.5887618660926819,0,14
10995,549,3379,189,0.6150440573692322,0,14
10996,549,3379,1712,0.4069683253765106,0,14
10997,549,3379,1308,0.5835549235343933,0,14
10998,549,3379,1006,0.3942930996417999,0,14
10999,549,3379,109,0.576896071434021,0,14
11000,550,1228,1516,0.655034065246582,1,1
11001,550,1228,1279,0.14919064939022064,0,1
11002,550,1228,1420,0.14310456812381744,0,1
11003,550,1228,587,0.29230061173439026,0,1
11004,550,1228,871,0.4804207682609558,0,1
11005,550,1228,1335,0.17263910174369812,0,1
11006,550,1228,791,0.31105250120162964,0,1
11007,550,1228,1330,0.3201904594898224,0,1
11008,550,1228,1223,0.19864462316036224,0,1
11009,550,1228,1641,0.4879836142063141,0,1
11010,550,1228,462,0.5872383117675781,0,1
11011,550,1228,1657,0.5362090468406677,0,1
11012,550,1228,1824,0.28203704953193665,0,1
11013,550,1228,453,0.25261256098747253,0,1
11014,550,1228,728,0.2306680977344513,0,1
11015,550,1228,1807,0.1823727935552597,0,1
11016,550,1228,1852,0.27869895100593567,0,1
11017,550,1228,1935,0.11245683580636978,0,1
11018,550,1228,816,0.6120001077651978,0,1
11019,550,1228,2055,0.24046207964420319,0,1
11020,551,2471,278,0.6189923286437988,1,12
11021,551,2471,84,0.5867440104484558,0,12
11022,551,2471,942,0.7110446095466614,0,12
11023,551,2471,1396,0.649515688419342,0,12
11024,551,2471,1032,0.7080733776092529,0,12
11025,551,2471,1373,0.44283613562583923,0,12
11026,551,2471,2079,0.6860079169273376,0,12
11027,551,2471,1534,0.6086559891700745,0,12
11028,551,2471,480,0.6421764492988586,0,12
11029,551,2471,512,0.6840376257896423,0,12
11030,551,2471,693,0.6306636333465576,0,12
11031,551,2471,1715,0.5802746415138245,0,12
11032,551,2471,421,0.6247769594192505,0,12
11033,551,2471,1204,0.633521318435669,0,12
11034,551,2471,1084,0.6166191101074219,0,12
11035,551,2471,1750,0.7114169001579285,0,12
11036,551,2471,1312,0.35223647952079773,0,12
11037,551,2471,704,0.7481217384338379,0,12
11038,551,2471,1578,0.33115532994270325,0,12
11039,551,2471,1205,0.4725019037723541,0,12
11040,552,622,480,0.5704565644264221,1,16
11041,552,622,1823,0.43334197998046875,0,16
11042,552,622,1950,0.6226374506950378,0,16
11043,552,622,706,0.6227360367774963,0,16
11044,552,622,80,0.6031888723373413,0,16
11045,552,622,1415,0.5812069177627563,0,16
11046,552,622,111,0.5825855731964111,0,16
11047,552,622,87,0.5737373232841492,0,16
11048,552,622,447,0.6349455714225769,0,16
11049,552,622,1724,0.6131023168563843,0,16
11050,552,622,1238,0.6134251356124878,0,16
11051,552,622,1189,0.5809387564659119,0,16
11052,552,622,227,0.5608013868331909,0,16
11053,552,622,160,0.6111487746238708,0,16
11054,552,622,1684,0.5966401696205139,0,16
11055,552,622,1201,0.6069867610931396,0,16
11056,552,622,991,0.6071479916572571,0,16
11057,552,622,1840,0.583168625831604,0,16
11058,552,622,567,0.49624910950660706,0,16
11059,552,622,510,0.562271237373352,0,16
11060,553,4142,247,0.5906931757926941,1,14
11061,553,4142,998,0.6339182257652283,0,14
11062,553,4142,605,0.6352649927139282,0,14
11063,553,4142,133,0.5821467041969299,0,14
11064,553,4142,967,0.650834858417511,0,14
11065,553,4142,930,0.3932991027832031,0,14
11066,553,4142,1240,0.6090855002403259,0,14
11067,553,4142,899,0.6263577342033386,0,14
11068,553,4142,1266,0.604934811592102,0,14
11069,553,4142,1729,0.6662309169769287,0,14
11070,553,4142,631,0.6072360277175903,0,14
11071,553,4142,642,0.5637938976287842,0,14
11072,553,4142,48,0.6560509204864502,0,14
11073,553,4142,2025,0.6190564036369324,0,14
11074,553,4142,92,0.616087794303894,0,14
11075,553,4142,252,0.5902875065803528,0,14
11076,553,4142,1653,0.6444121599197388,0,14
11077,553,4142,1930,0.5970221757888794,0,14
11078,553,4142,1908,0.5760632753372192,0,14
11079,553,4142,1942,0.36941924691200256,0,14
11080,554,1506,760,0.39747363328933716,1,19
11081,554,1506,468,0.5650500655174255,0,19
11082,554,1506,174,0.5660179853439331,0,19
11083,554,1506,921,0.41822049021720886,0,19
11084,554,1506,89,0.5659096837043762,0,19
11085,554,1506,1233,0.5649489164352417,0,19
11086,554,1506,13,0.41543638706207275,0,19
11087,554,1506,1689,0.358059287071228,0,19
11088,554,1506,803,0.45204880833625793,0,19
11089,554,1506,46,0.566182017326355,0,19
11090,554,1506,1206,0.5852940678596497,0,19
11091,554,1506,1647,0.5578993558883667,0,19
11092,554,1506,1102,0.5909314155578613,0,19
11093,554,1506,510,0.5680269002914429,0,19
11094,554,1506,2017,0.615142285823822,0,19
11095,554,1506,896,0.5864872336387634,0,19
11096,554,1506,415,0.6115265488624573,0,19
11097,554,1506,2041,0.6144105195999146,0,19
11098,554,1506,528,0.6089692711830139,0,19
11099,554,1506,14,0.6388545632362366,0,19
11100,555,362,1767,0.3484964072704315,1,13
11101,555,362,1378,0.31680184602737427,0,13
11102,555,362,1536,0.5817763805389404,0,13
11103,555,362,1850,0.4338111877441406,0,13
11104,555,362,157,0.5352826118469238,0,13
11105,555,362,2066,0.45483073592185974,0,13
11106,555,362,1161,0.3312133252620697,0,13
11107,555,362,133,0.39204034209251404,0,13
11108,555,362,686,0.3497712314128876,0,13
11109,555,362,518,0.3378569483757019,0,13
11110,555,362,1238,0.2701466977596283,0,13
11111,555,362,1231,0.5685839653015137,0,13
11112,555,362,1856,0.36754366755485535,0,13
11113,555,362,885,0.273151159286499,0,13
11114,555,362,1549,0.45765581727027893,0,13
11115,555,362,817,0.3552846610546112,0,13
11116,555,362,1207,0.26320934295654297,0,13
11117,555,362,953,0.5615315437316895,0,13
11118,555,362,1079,0.537642240524292,0,13
11119,555,362,1321,0.3223716616630554,0,13
11120,556,768,905,0.5418646335601807,1,14
11121,556,768,1139,0.5639169216156006,0,14
11122,556,768,1346,0.583979070186615,0,14
11123,556,768,140,0.5696106553077698,0,14
11124,556,768,1663,0.48658236861228943,0,14
11125,556,768,180,0.5819433331489563,0,14
11126,556,768,576,0.5649433135986328,0,14
11127,556,768,1640,0.5077308416366577,0,14
11128,556,768,1623,0.5589471459388733,0,14
11129,556,768,1359,0.44382214546203613,0,14
11130,556,768,1842,0.5562862753868103,0,14
11131,556,768,639,0.5435733199119568,0,14
11132,556,768,1133,0.5689855217933655,0,14
11133,556,768,43,0.5387743711471558,0,14
11134,556,768,808,0.530886709690094,0,14
11135,556,768,16,0.5475549101829529,0,14
11136,556,768,1151,0.57573401927948,0,14
11137,556,768,1088,0.5139903426170349,0,14
11138,556,768,535,0.5552431344985962,0,14
11139,556,768,1022,0.5710964202880859,0,14
11140,557,2293,799,0.5829862952232361,1,15
11141,557,2293,1148,0.5725501179695129,0,15
11142,557,2293,46,0.6055389046669006,0,15
11143,557,2293,221,0.7112461924552917,0,15
11144,557,2293,1591,0.6334018707275391,0,15
11145,557,2293,1911,0.7523201107978821,0,15
11146,557,2293,1919,0.6772344708442688,0,15
11147,557,2293,1216,0.6794993281364441,0,15
11148,557,2293,1844,0.32320937514305115,0,15
11149,557,2293,1839,0.6450439691543579,0,15
11150,557,2293,1191,0.649575412273407,0,15
11151,557,2293,1725,0.51338791847229,0,15
11152,557,2293,291,0.6239594221115112,0,15
11153,557,2293,744,0.5894842743873596,0,15
11154,557,2293,1166,0.6848788857460022,0,15
11155,557,2293,1743,0.7188282608985901,0,15
11156,557,2293,1807,0.6750973463058472,0,15
11157,557,2293,429,0.6072676181793213,0,15
11158,557,2293,381,0.5660298466682434,0,15
11159,557,2293,795,0.5822734236717224,0,15
11160,558,457,552,0.4972115457057953,1,17
11161,558,457,1532,0.3941318690776825,0,17
11162,558,457,1912,0.5238519310951233,0,17
11163,558,457,1547,0.4574945867061615,0,17
11164,558,457,406,0.5344318747520447,0,17
11165,558,457,404,0.516210675239563,0,17
11166,558,457,1106,0.5284830331802368,0,17
11167,558,457,1143,0.5052645206451416,0,17
11168,558,457,73,0.5335284471511841,0,17
11169,558,457,1597,0.4468567371368408,0,17
11170,558,457,1845,0.5533952713012695,0,17
11171,558,457,869,0.5417293310165405,0,17
11172,558,457,1240,0.5300384759902954,0,17
11173,558,457,858,0.5154218673706055,0,17
11174,558,457,1879,0.5342282056808472,0,17
11175,558,457,79,0.5406201481819153,0,17
11176,558,457,799,0.5408900380134583,0,17
11177,558,457,207,0.5378671288490295,0,17
11178,558,457,1891,0.5454721450805664,0,17
11179,558,457,1500,0.5347157716751099,0,17
11180,559,455,1719,0.6697048544883728,1,1
11181,559,455,235,0.5215162634849548,0,1
11182,559,455,530,0.5655311346054077,0,1
11183,559,455,175,0.12352894991636276,0,1
11184,559,455,701,0.14136987924575806,0,1
11185,559,455,130,0.11385029554367065,0,1
11186,559,455,770,0.12089314311742783,0,1
11187,559,455,1065,0.6107655763626099,0,1
11188,559,455,1059,0.1646583378314972,0,1
11189,559,455,1240,0.1525985151529312,0,1
11190,559,455,400,0.16088949143886566,0,1
11191,559,455,828,0.04633818566799164,0,1
11192,559,455,1503,0.08779192715883255,0,1
11193,559,455,546,0.08294632285833359,0,1
11194,559,455,1819,0.039292335510253906,0,1
11195,559,455,128,0.0972762331366539,0,1
11196,559,455,1879,0.29491832852363586,0,1
11197,559,455,996,0.07459855079650879,0,1
11198,559,455,1109,0.3889537751674652,0,1
11199,559,455,779,0.0771012082695961,0,1
11200,560,1994,1869,0.6166398525238037,1,7
11201,560,1994,1570,0.5629994869232178,0,7
11202,560,1994,1937,0.596152663230896,0,7
11203,560,1994,83,0.6116243004798889,0,7
11204,560,1994,1255,0.46227002143859863,0,7
11205,560,1994,637,0.45444196462631226,0,7
11206,560,1994,1167,0.6480824947357178,0,7
11207,560,1994,1745,0.6170699596405029,0,7
11208,560,1994,29,0.5821591019630432,0,7
11209,560,1994,1691,0.6302095055580139,0,7
11210,560,1994,1435,0.5651633739471436,0,7
11211,560,1994,1882,0.5916545391082764,0,7
11212,560,1994,49,0.38233447074890137,0,7
11213,560,1994,310,0.624121367931366,0,7
11214,560,1994,1291,0.6594811677932739,0,7
11215,560,1994,850,0.40327489376068115,0,7
11216,560,1994,899,0.6314416527748108,0,7
11217,560,1994,1689,0.35846760869026184,0,7
11218,560,1994,1794,0.5823904871940613,0,7
11219,560,1994,1114,0.48836565017700195,0,7
11220,561,3102,2059,0.689488410949707,1,9
11221,561,3102,179,0.6312248110771179,0,9
11222,561,3102,1370,0.7630912065505981,0,9
11223,561,3102,1825,0.50090491771698,0,9
11224,561,3102,1013,0.7347782850265503,0,9
11225,561,3102,1815,0.6832703948020935,0,9
11226,561,3102,1890,0.6869297027587891,0,9
11227,561,3102,169,0.6666382551193237,0,9
11228,561,3102,1869,0.709982693195343,0,9
11229,561,3102,11,0.7036775946617126,0,9
11230,561,3102,1308,0.6889700293540955,0,9
11231,561,3102,1829,0.33905622363090515,0,9
11232,561,3102,1257,0.433268666267395,0,9
11233,561,3102,905,0.6519102454185486,0,9
11234,561,3102,609,0.6987576484680176,0,9
11235,561,3102,1579,0.5219987034797668,0,9
11236,561,3102,1493,0.5577650666236877,0,9
11237,561,3102,1056,0.7453703284263611,0,9
11238,561,3102,272,0.6994276642799377,0,9
11239,561,3102,1880,0.7988101840019226,0,9
11240,562,3486,2068,0.4762369990348816,1,6
11241,562,3486,2060,0.47897475957870483,0,6
11242,562,3486,815,0.1354694366455078,0,6
11243,562,3486,677,0.2114454209804535,0,6
11244,562,3486,1388,0.5757593512535095,0,6
11245,562,3486,536,0.2994382381439209,0,6
11246,562,3486,1470,0.12302719056606293,0,6
11247,562,3486,1032,0.1369200348854065,0,6
11248,562,3486,1999,0.4746493995189667,0,6
11249,562,3486,1642,0.5596184134483337,0,6
11250,562,3486,1537,0.17139330506324768,0,6
11251,562,3486,385,0.27452412247657776,0,6
11252,562,3486,1799,0.6471397876739502,0,6
11253,562,3486,1329,0.05372963100671768,0,6
11254,562,3486,1577,0.1434839367866516,0,6
11255,562,3486,1602,0.41271162033081055,0,6
11256,562,3486,371,0.28665682673454285,0,6
11257,562,3486,1779,0.43811243772506714,0,6
11258,562,3486,121,0.1330777406692505,0,6
11259,562,3486,568,0.5246326327323914,0,6
11260,563,1212,1322,0.5602326393127441,1,1
11261,563,1212,1128,0.4952813982963562,0,1
11262,563,1212,900,0.4731643795967102,0,1
11263,563,1212,587,0.475006103515625,0,1
11264,563,1212,980,0.5166657567024231,0,1
11265,563,1212,636,0.5155969262123108,0,1
11266,563,1212,1795,0.5384382009506226,0,1
11267,563,1212,359,0.45964622497558594,0,1
11268,563,1212,193,0.4020467698574066,0,1
11269,563,1212,1296,0.47896283864974976,0,1
11270,563,1212,1353,0.4638701379299164,0,1
11271,563,1212,739,0.4735814034938812,0,1
11272,563,1212,2058,0.48099976778030396,0,1
11273,563,1212,410,0.5546406507492065,0,1
11274,563,1212,1069,0.4699077904224396,0,1
11275,563,1212,833,0.44242313504219055,0,1
11276,563,1212,1118,0.46782925724983215,0,1
11277,563,1212,378,0.4733947515487671,0,1
11278,563,1212,1537,0.4486221671104431,0,1
11279,563,1212,648,0.5420441627502441,0,1
11280,564,2039,1180,0.5846272110939026,1,7
11281,564,2039,57,0.5556796789169312,0,7
11282,564,2039,859,0.5663732290267944,0,7
11283,564,2039,1831,0.586927592754364,0,7
11284,564,2039,2074,0.5481751561164856,0,7
11285,564,2039,1495,0.5760924816131592,0,7
11286,564,2039,923,0.5106703042984009,0,7
11287,564,2039,977,0.618998646736145,0,7
11288,564,2039,567,0.5073055624961853,0,7
11289,564,2039,1178,0.45829150080680847,0,7
11290,564,2039,723,0.5506376028060913,0,7
11291,564,2039,526,0.5727323293685913,0,7
11292,564,2039,1708,0.5872641801834106,0,7
11293,564,2039,770,0.5474569201469421,0,7
11294,564,2039,1451,0.6013212203979492,0,7
11295,564,2039,706,0.5938313603401184,0,7
11296,564,2039,578,0.5827206969261169,0,7
11297,564,2039,1719,0.5330998301506042,0,7
11298,564,2039,1592,0.5860785841941833,0,7
11299,564,2039,1401,0.5819194316864014,0,7
11300,565,2444,1398,0.7169955968856812,1,2
11301,565,2444,1712,0.4002573490142822,0,2
11302,565,2444,560,0.6446748971939087,0,2
11303,565,2444,976,0.545604407787323,0,2
11304,565,2444,2049,0.6290977001190186,0,2
11305,565,2444,1685,0.6281189918518066,0,2
11306,565,2444,1125,0.5853432416915894,0,2
11307,565,2444,1653,0.7025130391120911,0,2
11308,565,2444,1757,0.41036567091941833,0,2
11309,565,2444,734,0.7379180192947388,0,2
11310,565,2444,1025,0.6050130128860474,0,2
11311,565,2444,59,0.5239911675453186,0,2
11312,565,2444,1339,0.6360897421836853,0,2
11313,565,2444,896,0.6395127773284912,0,2
11314,565,2444,519,0.5983180403709412,0,2
11315,565,2444,179,0.6029807329177856,0,2
11316,565,2444,709,0.6978701949119568,0,2
11317,565,2444,372,0.6417234539985657,0,2
11318,565,2444,1798,0.6578141450881958,0,2
11319,565,2444,394,0.6418331861495972,0,2
11320,566,137,766,0.4958690106868744,1,15
11321,566,137,72,0.5139738917350769,0,15
11322,566,137,1788,0.5058988332748413,0,15
11323,566,137,437,0.523838222026825,0,15
11324,566,137,31,0.4874727129936218,0,15
11325,566,137,1927,0.5013003945350647,0,15
11326,566,137,1327,0.48922064900398254,0,15
11327,566,137,404,0.5026022791862488,0,15
11328,566,137,116,0.5025225877761841,0,15
11329,566,137,200,0.5118852257728577,0,15
11330,566,137,609,0.49673449993133545,0,15
11331,566,137,1711,0.5064631700515747,0,15
11332,566,137,1040,0.47918352484703064,0,15
11333,566,137,722,0.5450096130371094,0,15
11334,566,137,899,0.49081480503082275,0,15
11335,566,137,403,0.5149747729301453,0,15
11336,566,137,635,0.49911394715309143,0,15
11337,566,137,1679,0.5064409375190735,0,15
11338,566,137,1476,0.4187925457954407,0,15
11339,566,137,876,0.49777570366859436,0,15
11340,567,3719,1630,0.739035427570343,1,1
11341,567,3719,729,0.635144054889679,0,1
11342,567,3719,1035,0.5726225972175598,0,1
11343,567,3719,1347,0.4847012460231781,0,1
11344,567,3719,946,0.6776006817817688,0,1
11345,567,3719,1416,0.4443923234939575,0,1
11346,567,3719,1262,0.6985606551170349,0,1
11347,567,3719,281,0.6012323498725891,0,1
11348,567,3719,922,0.6795766949653625,0,1
11349,567,3719,359,0.6846500635147095,0,1
11350,567,3719,1865,0.6374963521957397,0,1
11351,567,3719,146,0.5303617119789124,0,1
11352,567,3719,822,0.684306800365448,0,1
11353,567,3719,1411,0.7020539045333862,0,1
11354,567,3719,1358,0.653791606426239,0,1
11355,567,3719,1327,0.4873930811882019,0,1
11356,567,3719,695,0.6121158599853516,0,1
11357,567,3719,1544,0.5895444750785828,0,1
11358,567,3719,701,0.6168084740638733,0,1
11359,567,3719,1912,0.6437360644340515,0,1
11360,568,337,27,0.5524618029594421,1,1
11361,568,337,817,0.28879427909851074,0,1
11362,568,337,1071,0.33233004808425903,0,1
11363,568,337,1967,0.2738947570323944,0,1
11364,568,337,1351,0.5080080628395081,0,1
11365,568,337,1853,0.5405573844909668,0,1
11366,568,337,1210,0.34908369183540344,0,1
11367,568,337,1187,0.23789311945438385,0,1
11368,568,337,2042,0.293349951505661,0,1
11369,568,337,1404,0.2239788919687271,0,1
11370,568,337,1639,0.2778100371360779,0,1
11371,568,337,886,0.38734912872314453,0,1
11372,568,337,1253,0.22665689885616302,0,1
11373,568,337,869,0.43086743354797363,0,1
11374,568,337,197,0.2413857877254486,0,1
11375,568,337,2055,0.30018147826194763,0,1
11376,568,337,1954,0.24761120975017548,0,1
11377,568,337,1207,0.17250001430511475,0,1
11378,568,337,1861,0.20325545966625214,0,1
11379,568,337,1526,0.37345102429389954,0,1
11380,569,3958,109,0.5333674550056458,1,13
11381,569,3958,953,0.5299010276794434,0,13
11382,569,3958,900,0.5616727471351624,0,13
11383,569,3958,1965,0.5287309288978577,0,13
11384,569,3958,499,0.5447153449058533,0,13
11385,569,3958,1602,0.5606314539909363,0,13
11386,569,3958,428,0.551921546459198,0,13
11387,569,3958,2055,0.5392241477966309,0,13
11388,569,3958,1695,0.5387043356895447,0,13
11389,569,3958,1263,0.5739505290985107,0,13
11390,569,3958,1726,0.5807986855506897,0,13
11391,569,3958,1599,0.5379029512405396,0,13
11392,569,3958,1023,0.463096559047699,0,13
11393,569,3958,929,0.5522564649581909,0,13
11394,569,3958,1730,0.4671661853790283,0,13
11395,569,3958,2023,0.5652512907981873,0,13
11396,569,3958,429,0.5252721309661865,0,13
11397,569,3958,1617,0.45634377002716064,0,13
11398,569,3958,1020,0.42763030529022217,0,13
11399,569,3958,2067,0.5648111701011658,0,13
11400,570,4086,1204,0.6885484457015991,1,12
11401,570,4086,298,0.5877153277397156,0,12
11402,570,4086,1491,0.7053953409194946,0,12
11403,570,4086,1457,0.8267089128494263,0,12
11404,570,4086,437,0.4978858530521393,0,12
11405,570,4086,276,0.8042877912521362,0,12
11406,570,4086,1254,0.7856758832931519,0,12
11407,570,4086,761,0.7863787412643433,0,12
11408,570,4086,1067,0.8362687826156616,0,12
11409,570,4086,2050,0.6914380192756653,0,12
11410,570,4086,984,0.739656925201416,0,12
11411,570,4086,192,0.5853192210197449,0,12
11412,570,4086,1904,0.4581049084663391,0,12
11413,570,4086,986,0.7777386903762817,0,12
11414,570,4086,911,0.6002106070518494,0,12
11415,570,4086,608,0.622321367263794,0,12
11416,570,4086,1146,0.8083834648132324,0,12
11417,570,4086,1910,0.7221236824989319,0,12
11418,570,4086,1664,0.306646466255188,0,12
11419,570,4086,1033,0.584139347076416,0,12
11420,571,3537,1085,0.5902509093284607,1,11
11421,571,3537,545,0.6204603314399719,0,11
11422,571,3537,2019,0.6357457041740417,0,11
11423,571,3537,1265,0.6061947345733643,0,11
11424,571,3537,1846,0.3542885184288025,0,11
11425,571,3537,1655,0.6520332098007202,0,11
11426,571,3537,1418,0.6512404084205627,0,11
11427,571,3537,1125,0.5681408047676086,0,11
11428,571,3537,576,0.6153884530067444,0,11
11429,571,3537,2077,0.6575836539268494,0,11
11430,571,3537,698,0.6290681958198547,0,11
11431,571,3537,1876,0.4615371823310852,0,11
11432,571,3537,1968,0.6347301602363586,0,11
11433,571,3537,1808,0.3510593771934509,0,11
11434,571,3537,381,0.5540031790733337,0,11
11435,571,3537,823,0.5280775427818298,0,11
11436,571,3537,1475,0.559468150138855,0,11
11437,571,3537,564,0.6124516725540161,0,11
11438,571,3537,1993,0.5807785391807556,0,11
11439,571,3537,252,0.5850079655647278,0,11
11440,572,90,1006,0.425571471452713,1,15
11441,572,90,1759,0.42930009961128235,0,15
11442,572,90,2005,0.45832085609436035,0,15
11443,572,90,1059,0.4568123519420624,0,15
11444,572,90,1930,0.4672316610813141,0,15
11445,572,90,1194,0.42169681191444397,0,15
11446,572,90,1330,0.48246636986732483,0,15
11447,572,90,105,0.4360843896865845,0,15
11448,572,90,1822,0.5067529082298279,0,15
11449,572,90,20,0.3870220184326172,0,15
11450,572,90,287,0.5188204050064087,0,15
11451,572,90,919,0.4615963101387024,0,15
11452,572,90,2020,0.4927869141101837,0,15
11453,572,90,1856,0.4563162624835968,0,15
11454,572,90,154,0.4188133180141449,0,15
11455,572,90,1607,0.3832346200942993,0,15
11456,572,90,1472,0.417832612991333,0,15
11457,572,90,1307,0.4306148886680603,0,15
11458,572,90,87,0.43874087929725647,0,15
11459,572,90,1851,0.5204952359199524,0,15
11460,573,2134,1403,0.7287864685058594,1,1
11461,573,2134,634,0.64197838306427,0,1
11462,573,2134,1707,0.44849684834480286,0,1
11463,573,2134,525,0.6056135892868042,0,1
11464,573,2134,748,0.6944599151611328,0,1
11465,573,2134,278,0.6214646100997925,0,1
11466,573,2134,826,0.6549817323684692,0,1
11467,573,2134,1587,0.6326842308044434,0,1
11468,573,2134,1021,0.36556217074394226,0,1
11469,573,2134,1785,0.573827862739563,0,1
11470,573,2134,1382,0.5818021893501282,0,1
11471,573,2134,747,0.6049656867980957,0,1
11472,573,2134,548,0.5253392457962036,0,1
11473,573,2134,1664,0.31859272718429565,0,1
11474,573,2134,1852,0.6435719132423401,0,1
11475,573,2134,391,0.6366130113601685,0,1
11476,573,2134,982,0.6494452953338623,0,1
11477,573,2134,811,0.6974294781684875,0,1
11478,573,2134,633,0.3677551746368408,0,1
11479,573,2134,393,0.6495625376701355,0,1
11480,574,2432,624,0.3685401678085327,1,20
11481,574,2432,1327,0.4886838495731354,0,20
11482,574,2432,335,0.48789915442466736,0,20
11483,574,2432,1505,0.5419053435325623,0,20
11484,574,2432,416,0.5615158677101135,0,20
11485,574,2432,762,0.6015782356262207,0,20
11486,574,2432,62,0.545992910861969,0,20
11487,574,2432,21,0.5533642172813416,0,20
11488,574,2432,1992,0.5657522082328796,0,20
11489,574,2432,348,0.5568221211433411,0,20
11490,574,2432,568,0.5366254448890686,0,20
11491,574,2432,646,0.5336470603942871,0,20
11492,574,2432,1652,0.5760424137115479,0,20
11493,574,2432,606,0.5691755414009094,0,20
11494,574,2432,1271,0.5711262822151184,0,20
11495,574,2432,1047,0.5441313982009888,0,20
11496,574,2432,669,0.5548608899116516,0,20
11497,574,2432,1203,0.5150010585784912,0,20
11498,574,2432,1332,0.5970380902290344,0,20
11499,574,2432,1364,0.5731102824211121,0,20
11500,575,391,1397,0.41025781631469727,1,19
11501,575,391,1281,0.6049888134002686,0,19
11502,575,391,432,0.6330392360687256,0,19
11503,575,391,237,0.379086434841156,0,19
11504,575,391,591,0.5779701471328735,0,19
11505,575,391,847,0.5361522436141968,0,19
11506,575,391,1544,0.5732836723327637,0,19
11507,575,391,816,0.5322545766830444,0,19
11508,575,391,480,0.5929959416389465,0,19
11509,575,391,1521,0.44456201791763306,0,19
11510,575,391,2002,0.590056836605072,0,19
11511,575,391,1248,0.4448776841163635,0,19
11512,575,391,581,0.6370047926902771,0,19
11513,575,391,159,0.4661462604999542,0,19
11514,575,391,1625,0.5994726419448853,0,19
11515,575,391,775,0.5897449851036072,0,19
11516,575,391,1408,0.6299600005149841,0,19
11517,575,391,1498,0.5793801546096802,0,19
11518,575,391,750,0.5781038403511047,0,19
11519,575,391,250,0.6165292263031006,0,19
11520,576,1313,980,0.35968172550201416,1,19
11521,576,1313,1396,0.7166968584060669,0,19
11522,576,1313,1914,0.4851974546909332,0,19
11523,576,1313,121,0.7877204418182373,0,19
11524,576,1313,881,0.6608676910400391,0,19
11525,576,1313,1234,0.5974327325820923,0,19
11526,576,1313,2002,0.6646490693092346,0,19
11527,576,1313,1494,0.8085675239562988,0,19
11528,576,1313,1510,0.7812228798866272,0,19
11529,576,1313,1669,0.5103467702865601,0,19
11530,576,1313,942,0.7899322509765625,0,19
11531,576,1313,210,0.5231950283050537,0,19
11532,576,1313,615,0.7132397294044495,0,19
11533,576,1313,151,0.3125557601451874,0,19
11534,576,1313,1785,0.5894861817359924,0,19
11535,576,1313,946,0.7567465901374817,0,19
11536,576,1313,342,0.8347198367118835,0,19
11537,576,1313,2026,0.38517534732818604,0,19
11538,576,1313,321,0.8009883761405945,0,19
11539,576,1313,71,0.4012177884578705,0,19
11540,577,1341,1728,0.44897088408470154,1,19
11541,577,1341,1255,0.4713198244571686,0,19
11542,577,1341,1385,0.5367444157600403,0,19
11543,577,1341,958,0.4581606388092041,0,19
11544,577,1341,1846,0.37050145864486694,0,19
11545,577,1341,621,0.4786231219768524,0,19
11546,577,1341,895,0.5477979183197021,0,19
11547,577,1341,752,0.5687748789787292,0,19
11548,577,1341,670,0.5654505491256714,0,19
11549,577,1341,993,0.4704459309577942,0,19
11550,577,1341,1906,0.5429994463920593,0,19
11551,577,1341,612,0.5428504347801208,0,19
11552,577,1341,51,0.5464720726013184,0,19
11553,577,1341,1617,0.4576210677623749,0,19
11554,577,1341,582,0.5758272409439087,0,19
11555,577,1341,2007,0.5365068316459656,0,19
11556,577,1341,382,0.5492820739746094,0,19
11557,577,1341,1011,0.5264067053794861,0,19
11558,577,1341,361,0.547711193561554,0,19
11559,577,1341,429,0.5370793342590332,0,19
11560,578,3177,138,0.6923574209213257,1,10
11561,578,3177,1917,0.39656662940979004,0,10
11562,578,3177,246,0.6725234389305115,0,10
11563,578,3177,209,0.6979790329933167,0,10
11564,578,3177,1382,0.6025837659835815,0,10
11565,578,3177,433,0.43060123920440674,0,10
11566,578,3177,65,0.7893987894058228,0,10
11567,578,3177,1128,0.6191312670707703,0,10
11568,578,3177,652,0.5722730159759521,0,10
11569,578,3177,315,0.7343683838844299,0,10
11570,578,3177,725,0.7219011783599854,0,10
11571,578,3177,1139,0.7569358348846436,0,10
11572,578,3177,335,0.4563916325569153,0,10
11573,578,3177,1302,0.6561122536659241,0,10
11574,578,3177,534,0.7563667297363281,0,10
11575,578,3177,1378,0.7634701132774353,0,10
11576,578,3177,859,0.6847034692764282,0,10
11577,578,3177,22,0.7736319899559021,0,10
11578,578,3177,1912,0.7133588790893555,0,10
11579,578,3177,1998,0.6460635662078857,0,10
11580,579,3299,183,0.510489821434021,1,6
11581,579,3299,1307,0.4416296184062958,0,6
11582,579,3299,1535,0.549445629119873,0,6
11583,579,3299,1983,0.4812855124473572,0,6
11584,579,3299,1635,0.4765038788318634,0,6
11585,579,3299,1106,0.4680481553077698,0,6
11586,579,3299,978,0.43654268980026245,0,6
11587,579,3299,1304,0.5287510752677917,0,6
11588,579,3299,1513,0.5096123218536377,0,6
11589,579,3299,2022,0.47049322724342346,0,6
11590,579,3299,477,0.45352599024772644,0,6
11591,579,3299,303,0.5098159313201904,0,6
11592,579,3299,1161,0.44008684158325195,0,6
11593,579,3299,1366,0.3959074020385742,0,6
11594,579,3299,3,0.5078681707382202,0,6
11595,579,3299,1545,0.5108524560928345,0,6
11596,579,3299,2005,0.465777188539505,0,6
11597,579,3299,1328,0.5343639254570007,0,6
11598,579,3299,1220,0.5174770951271057,0,6
11599,579,3299,1240,0.47509801387786865,0,6
11600,580,1472,614,0.5313578248023987,1,1
11601,580,1472,1037,0.5151679515838623,0,1
11602,580,1472,413,0.5081889629364014,0,1
11603,580,1472,1659,0.5135678648948669,0,1
11604,580,1472,1406,0.49955931305885315,0,1
11605,580,1472,520,0.5084240436553955,0,1
11606,580,1472,1690,0.5096973776817322,0,1
11607,580,1472,658,0.5220482349395752,0,1
11608,580,1472,1461,0.501532793045044,0,1
11609,580,1472,1809,0.5039413571357727,0,1
11610,580,1472,1622,0.46533310413360596,0,1
11611,580,1472,335,0.4863583743572235,0,1
11612,580,1472,329,0.5027799010276794,0,1
11613,580,1472,1259,0.5297037363052368,0,1
11614,580,1472,830,0.5124406218528748,0,1
11615,580,1472,1919,0.5189111232757568,0,1
11616,580,1472,583,0.513680100440979,0,1
11617,580,1472,779,0.510481595993042,0,1
11618,580,1472,894,0.5091933608055115,0,1
11619,580,1472,162,0.5026078224182129,0,1
11620,581,2114,1828,0.5920121073722839,1,3
11621,581,2114,1381,0.6080710887908936,0,3
11622,581,2114,1773,0.469652384519577,0,3
11623,581,2114,1686,0.59090256690979,0,3
11624,581,2114,1107,0.46865135431289673,0,3
11625,581,2114,341,0.17625568807125092,0,3
11626,581,2114,1411,0.11452887952327728,0,3
11627,581,2114,1575,0.45406123995780945,0,3
11628,581,2114,1492,0.5299134254455566,0,3
11629,581,2114,2051,0.7929913401603699,0,3
11630,581,2114,1695,0.2661035358905792,0,3
11631,581,2114,1690,0.1019304096698761,0,3
11632,581,2114,1065,0.5828605890274048,0,3
11633,581,2114,806,0.15254251658916473,0,3
11634,581,2114,1810,0.16884654760360718,0,3
11635,581,2114,489,0.2401570826768875,0,3
11636,581,2114,1025,0.35073211789131165,0,3
11637,581,2114,1885,0.21484118700027466,0,3
11638,581,2114,1364,0.2150086760520935,0,3
11639,581,2114,512,0.19168822467327118,0,3
11640,582,1871,1627,0.3079492151737213,1,17
11641,582,1871,156,0.2814297378063202,0,17
11642,582,1871,652,0.5323123931884766,0,17
11643,582,1871,699,0.5176560878753662,0,17
11644,582,1871,1111,0.3750627934932709,0,17
11645,582,1871,721,0.3184058666229248,0,17
11646,582,1871,1721,0.30048948526382446,0,17
11647,582,1871,863,0.4701264500617981,0,17
11648,582,1871,1081,0.3715367615222931,0,17
11649,582,1871,1719,0.5749775767326355,0,17
11650,582,1871,1931,0.3983939290046692,0,17
11651,582,1871,1545,0.5417684316635132,0,17
11652,582,1871,2024,0.5287904739379883,0,17
11653,582,1871,836,0.5592586994171143,0,17
11654,582,1871,215,0.5157839059829712,0,17
11655,582,1871,50,0.3354562819004059,0,17
11656,582,1871,686,0.3507319390773773,0,17
11657,582,1871,193,0.4489271640777588,0,17
11658,582,1871,2078,0.3021095097064972,0,17
11659,582,1871,1321,0.32315754890441895,0,17
11660,583,1288,968,0.48488280177116394,1,14
11661,583,1288,1931,0.5338772535324097,0,14
11662,583,1288,655,0.3975832760334015,0,14
11663,583,1288,891,0.5272275805473328,0,14
11664,583,1288,1081,0.49479079246520996,0,14
11665,583,1288,122,0.38729196786880493,0,14
11666,583,1288,1792,0.5405504107475281,0,14
11667,583,1288,1184,0.511241614818573,0,14
11668,583,1288,1093,0.4874093234539032,0,14
11669,583,1288,1447,0.3680632412433624,0,14
11670,583,1288,1920,0.4989841878414154,0,14
11671,583,1288,492,0.49625322222709656,0,14
11672,583,1288,195,0.5261098742485046,0,14
11673,583,1288,598,0.41706857085227966,0,14
11674,583,1288,886,0.5288739800453186,0,14
11675,583,1288,675,0.5072556138038635,0,14
11676,583,1288,1851,0.5384438633918762,0,14
11677,583,1288,1176,0.4798557162284851,0,14
11678,583,1288,586,0.44584596157073975,0,14
11679,583,1288,1965,0.5312951803207397,0,14
11680,584,1861,345,0.668754518032074,1,1
11681,584,1861,2034,0.5286821722984314,0,1
11682,584,1861,1563,0.5755797028541565,0,1
11683,584,1861,1422,0.3636804223060608,0,1
11684,584,1861,1926,0.3025394082069397,0,1
11685,584,1861,537,0.2847752571105957,0,1
11686,584,1861,1404,0.3462059795856476,0,1
11687,584,1861,939,0.42483559250831604,0,1
11688,584,1861,1053,0.45292168855667114,0,1
11689,584,1861,1754,0.4100821614265442,0,1
11690,584,1861,1518,0.4324122667312622,0,1
11691,584,1861,2050,0.4611319899559021,0,1
11692,584,1861,181,0.5067182183265686,0,1
11693,584,1861,195,0.3999699056148529,0,1
11694,584,1861,331,0.39304736256599426,0,1
11695,584,1861,8,0.3374928832054138,0,1
11696,584,1861,328,0.4816236197948456,0,1
11697,584,1861,103,0.44352278113365173,0,1
11698,584,1861,1415,0.4180794060230255,0,1
11699,584,1861,1896,0.36996060609817505,0,1
11700,585,689,339,0.45000025629997253,1,7
11701,585,689,890,0.35292136669158936,0,7
11702,585,689,1585,0.4385474622249603,0,7
11703,585,689,707,0.40206050872802734,0,7
11704,585,689,134,0.3758241832256317,0,7
11705,585,689,197,0.39798665046691895,0,7
11706,585,689,1850,0.47250381112098694,0,7
11707,585,689,633,0.4527823328971863,0,7
11708,585,689,943,0.5140084624290466,0,7
11709,585,689,549,0.444601833820343,0,7
11710,585,689,1225,0.44231143593788147,0,7
11711,585,689,1938,0.42634862661361694,0,7
11712,585,689,1531,0.40763768553733826,0,7
11713,585,689,1731,0.38875746726989746,0,7
11714,585,689,1332,0.2914472818374634,0,7
11715,585,689,792,0.41795817017555237,0,7
11716,585,689,1838,0.525661826133728,0,7
11717,585,689,591,0.4811345636844635,0,7
11718,585,689,1452,0.4635871648788452,0,7
11719,585,689,1751,0.44668564200401306,0,7
11720,586,961,1476,0.46376463770866394,1,6
11721,586,961,1324,0.31993284821510315,0,6
11722,586,961,1999,0.48619261384010315,0,6
11723,586,961,540,0.43752676248550415,0,6
11724,586,961,1,0.1978318691253662,0,6
11725,586,961,878,0.2662438154220581,0,6
11726,586,961,418,0.18167516589164734,0,6
11727,586,961,1438,0.2703191637992859,0,6
11728,586,961,1663,0.648700475692749,0,6
11729,586,961,1860,0.5120005011558533,0,6
11730,586,961,1855,0.23816214501857758,0,6
11731,586,961,1986,0.6827970147132874,0,6
11732,586,961,1274,0.1873122900724411,0,6
11733,586,961,1994,0.2456839680671692,0,6
11734,586,961,809,0.27154168486595154,0,6
11735,586,961,393,0.3186352849006653,0,6
11736,586,961,952,0.2044828087091446,0,6
11737,586,961,1396,0.29090383648872375,0,6
11738,586,961,1051,0.3587797284126282,0,6
11739,586,961,461,0.5520750284194946,0,6
11740,587,36,1172,0.2856181263923645,1,10
11741,587,36,861,0.3693772554397583,0,10
11742,587,36,1070,0.2451314479112625,0,10
11743,587,36,1993,0.3080979883670807,0,10
11744,587,36,776,0.2671230435371399,0,10
11745,587,36,620,0.2592161297798157,0,10
11746,587,36,1025,0.4130612313747406,0,10
11747,587,36,92,0.2440313845872879,0,10
11748,587,36,1586,0.23397061228752136,0,10
11749,587,36,619,0.44245466589927673,0,10
11750,587,36,87,0.26073646545410156,0,10
11751,587,36,1717,0.27866092324256897,0,10
11752,587,36,167,0.566323459148407,0,10
11753,587,36,953,0.5948321223258972,0,10
11754,587,36,1391,0.23640456795692444,0,10
11755,587,36,24,0.2245618849992752,0,10
11756,587,36,1464,0.24395567178726196,0,10
11757,587,36,1338,0.3431701362133026,0,10
11758,587,36,994,0.29829442501068115,0,10
11759,587,36,587,0.33487027883529663,0,10
11760,588,290,174,0.5480426549911499,1,11
11761,588,290,878,0.5304312705993652,0,11
11762,588,290,1714,0.5860416889190674,0,11
11763,588,290,1981,0.5330385565757751,0,11
11764,588,290,758,0.555188775062561,0,11
11765,588,290,409,0.5542230606079102,0,11
11766,588,290,1988,0.5341729521751404,0,11
11767,588,290,1236,0.585722029209137,0,11
11768,588,290,424,0.5437880158424377,0,11
11769,588,290,94,0.5665143728256226,0,11
11770,588,290,952,0.5631301999092102,0,11
11771,588,290,755,0.5663325786590576,0,11
11772,588,290,2037,0.5211659669876099,0,11
11773,588,290,231,0.3881363868713379,0,11
11774,588,290,1601,0.548462450504303,0,11
11775,588,290,770,0.5308240056037903,0,11
11776,588,290,1097,0.5563351511955261,0,11
11777,588,290,1810,0.5499251484870911,0,11
11778,588,290,429,0.526194155216217,0,11
11779,588,290,1244,0.5472744107246399,0,11
11780,589,1559,805,0.5331944823265076,1,19
11781,589,1559,279,0.7477287650108337,0,19
11782,589,1559,761,0.7331786751747131,0,19
11783,589,1559,1941,0.5788548588752747,0,19
11784,589,1559,788,0.6636038422584534,0,19
11785,589,1559,1441,0.7461744546890259,0,19
11786,589,1559,1684,0.7040863037109375,0,19
11787,589,1559,1164,0.8183194994926453,0,19
11788,589,1559,1933,0.6480065584182739,0,19
11789,589,1559,1841,0.652475118637085,0,19
11790,589,1559,2041,0.7209609746932983,0,19
11791,589,1559,1750,0.7431724667549133,0,19
11792,589,1559,1779,0.5905501842498779,0,19
11793,589,1559,1829,0.36307355761528015,0,19
11794,589,1559,1182,0.8215814828872681,0,19
11795,589,1559,327,0.6766242384910583,0,19
11796,589,1559,1926,0.7477385401725769,0,19
11797,589,1559,1024,0.7393683195114136,0,19
11798,589,1559,1489,0.5861456990242004,0,19
11799,589,1559,140,0.7168960571289062,0,19
11800,590,3192,638,0.6976498961448669,1,3
11801,590,3192,1852,0.6391919255256653,0,3
11802,590,3192,895,0.6500858068466187,0,3
11803,590,3192,1999,0.6232338547706604,0,3
11804,590,3192,1795,0.4635999798774719,0,3
11805,590,3192,1566,0.6948491334915161,0,3
11806,590,3192,1588,0.6321830749511719,0,3
11807,590,3192,1807,0.6840596795082092,0,3
11808,590,3192,950,0.63193678855896,0,3
11809,590,3192,548,0.5252204537391663,0,3
11810,590,3192,2062,0.2166007161140442,0,3
11811,590,3192,1600,0.7172102928161621,0,3
11812,590,3192,1688,0.6486095786094666,0,3
11813,590,3192,325,0.41700029373168945,0,3
11814,590,3192,1517,0.699365496635437,0,3
11815,590,3192,1762,0.33472853899002075,0,3
11816,590,3192,1317,0.6143673062324524,0,3
11817,590,3192,1656,0.6502692103385925,0,3
11818,590,3192,2024,0.5373976826667786,0,3
11819,590,3192,1012,0.6294962763786316,0,3
11820,591,1198,989,0.523142397403717,1,17
11821,591,1198,618,0.5479999780654907,0,17
11822,591,1198,1510,0.549200177192688,0,17
11823,591,1198,851,0.5400630831718445,0,17
11824,591,1198,2019,0.5408514738082886,0,17
11825,591,1198,2025,0.5402986407279968,0,17
11826,591,1198,2066,0.5434238910675049,0,17
11827,591,1198,1612,0.5444887280464172,0,17
11828,591,1198,1755,0.5348111987113953,0,17
11829,591,1198,1440,0.5386092066764832,0,17
11830,591,1198,60,0.541314959526062,0,17
11831,591,1198,1116,0.5310286283493042,0,17
11832,591,1198,805,0.5611598491668701,0,17
11833,591,1198,612,0.5152043104171753,0,17
11834,591,1198,70,0.539605438709259,0,17
11835,591,1198,1496,0.5367811918258667,0,17
11836,591,1198,325,0.4426569640636444,0,17
11837,591,1198,672,0.5200653076171875,0,17
11838,591,1198,1670,0.5461465716362,0,17
11839,591,1198,1055,0.5696132183074951,0,17
11840,592,2023,445,0.5190522074699402,1,3
11841,592,2023,1150,0.34757253527641296,0,3
11842,592,2023,325,0.47346892952919006,0,3
11843,592,2023,456,0.3119707703590393,0,3
11844,592,2023,2002,0.22462475299835205,0,3
11845,592,2023,700,0.5661895871162415,0,3
11846,592,2023,1046,0.08655201643705368,0,3
11847,592,2023,52,0.07072635740041733,0,3
11848,592,2023,11,0.06514642387628555,0,3
11849,592,2023,420,0.10623589158058167,0,3
11850,592,2023,328,0.6592462658882141,0,3
11851,592,2023,1449,0.20653975009918213,0,3
11852,592,2023,409,0.11158397048711777,0,3
11853,592,2023,1208,0.12526705861091614,0,3
11854,592,2023,363,0.08052408695220947,0,3
11855,592,2023,1968,0.05088409036397934,0,3
11856,592,2023,1649,0.07210630178451538,0,3
11857,592,2023,1872,0.09060360491275787,0,3
11858,592,2023,1420,0.047946780920028687,0,3
11859,592,2023,1702,0.06210203841328621,0,3
11860,593,1725,1252,0.6309470534324646,1,9
11861,593,1725,656,0.6146098971366882,0,9
11862,593,1725,1241,0.6346290111541748,0,9
11863,593,1725,379,0.6476308107376099,0,9
11864,593,1725,307,0.6007009744644165,0,9
11865,593,1725,811,0.6846816539764404,0,9
11866,593,1725,423,0.6412447690963745,0,9
11867,593,1725,1253,0.6688084006309509,0,9
11868,593,1725,292,0.6290637850761414,0,9
11869,593,1725,1895,0.6761382818222046,0,9
11870,593,1725,870,0.6177810430526733,0,9
11871,593,1725,1677,0.66146320104599,0,9
11872,593,1725,437,0.5015877485275269,0,9
11873,593,1725,173,0.4645073115825653,0,9
11874,593,1725,863,0.4637463688850403,0,9
11875,593,1725,2036,0.3149197995662689,0,9
11876,593,1725,1699,0.5709646940231323,0,9
11877,593,1725,122,0.36321139335632324,0,9
11878,593,1725,1403,0.7139406204223633,0,9
11879,593,1725,1280,0.5478711724281311,0,9
11880,594,1356,417,0.4610292613506317,1,17
11881,594,1356,1097,0.5889716744422913,0,17
11882,594,1356,723,0.556256115436554,0,17
11883,594,1356,1888,0.5429731607437134,0,17
11884,594,1356,86,0.53938227891922,0,17
11885,594,1356,1829,0.41253170371055603,0,17
11886,594,1356,434,0.5360373854637146,0,17
11887,594,1356,2077,0.5998373627662659,0,17
11888,594,1356,1008,0.5443444848060608,0,17
11889,594,1356,1777,0.3938026428222656,0,17
11890,594,1356,1547,0.4487711489200592,0,17
11891,594,1356,1541,0.5958305597305298,0,17
11892,594,1356,1538,0.5895615816116333,0,17
11893,594,1356,352,0.5037692189216614,0,17
11894,594,1356,1615,0.5738357901573181,0,17
11895,594,1356,2052,0.5971276164054871,0,17
11896,594,1356,1663,0.4878898859024048,0,17
11897,594,1356,17,0.5500853061676025,0,17
11898,594,1356,1897,0.5880057215690613,0,17
11899,594,1356,1222,0.5572093725204468,0,17
11900,595,3818,9,0.6636587381362915,1,10
11901,595,3818,860,0.6102582216262817,0,10
11902,595,3818,778,0.3604564666748047,0,10
11903,595,3818,1876,0.32552045583724976,0,10
11904,595,3818,198,0.8053104877471924,0,10
11905,595,3818,428,0.5901204347610474,0,10
11906,595,3818,1930,0.6955941319465637,0,10
11907,595,3818,154,0.7845897674560547,0,10
11908,595,3818,534,0.7634217739105225,0,10
11909,595,3818,392,0.6953545808792114,0,10
11910,595,3818,1318,0.6284230351448059,0,10
11911,595,3818,1369,0.7925917506217957,0,10
11912,595,3818,221,0.8155706524848938,0,10
11913,595,3818,511,0.2765839695930481,0,10
11914,595,3818,173,0.45665282011032104,0,10
11915,595,3818,1873,0.7458441853523254,0,10
11916,595,3818,1188,0.6626260280609131,0,10
11917,595,3818,1416,0.4232240915298462,0,10
11918,595,3818,1619,0.6536012291908264,0,10
11919,595,3818,1461,0.8315266370773315,0,10
11920,596,4148,439,0.41783034801483154,1,18
11921,596,4148,100,0.7244045734405518,0,18
11922,596,4148,655,0.36238065361976624,0,18
11923,596,4148,1651,0.7579067945480347,0,18
11924,596,4148,1707,0.4346504211425781,0,18
11925,596,4148,1500,0.7753993272781372,0,18
11926,596,4148,2054,0.6699710488319397,0,18
11927,596,4148,28,0.6506375670433044,0,18
11928,596,4148,1725,0.5070862174034119,0,18
11929,596,4148,611,0.5960618257522583,0,18
11930,596,4148,1126,0.7133214473724365,0,18
11931,596,4148,1507,0.3761056661605835,0,18
11932,596,4148,1670,0.6113518476486206,0,18
11933,596,4148,867,0.682265043258667,0,18
11934,596,4148,896,0.6521865129470825,0,18
11935,596,4148,1259,0.5978796482086182,0,18
11936,596,4148,1880,0.7455630898475647,0,18
11937,596,4148,323,0.652624785900116,0,18
11938,596,4148,418,0.728668212890625,0,18
11939,596,4148,818,0.522128164768219,0,18
11940,597,4085,1794,0.5396810173988342,1,18
11941,597,4085,153,0.40855681896209717,0,18
11942,597,4085,2039,0.5643193125724792,0,18
11943,597,4085,175,0.5655102133750916,0,18
11944,597,4085,1463,0.59217768907547,0,18
11945,597,4085,506,0.5632464289665222,0,18
11946,597,4085,656,0.5476278066635132,0,18
11947,597,4085,517,0.580650806427002,0,18
11948,597,4085,1495,0.5784221887588501,0,18
11949,597,4085,18,0.57530677318573,0,18
11950,597,4085,600,0.43637627363204956,0,18
11951,597,4085,311,0.5504777431488037,0,18
11952,597,4085,1879,0.5539084076881409,0,18
11953,597,4085,2001,0.5487164855003357,0,18
11954,597,4085,607,0.5765823721885681,0,18
11955,597,4085,201,0.5533828139305115,0,18
11956,597,4085,405,0.5686957240104675,0,18
11957,597,4085,651,0.600450873374939,0,18
11958,597,4085,1181,0.5868932604789734,0,18
11959,597,4085,1793,0.5549372434616089,0,18
11960,598,3250,486,0.5202788710594177,1,11
11961,598,3250,1516,0.4249207079410553,0,11
11962,598,3250,1489,0.5375967621803284,0,11
11963,598,3250,1317,0.5281845927238464,0,11
11964,598,3250,1866,0.45701026916503906,0,11
11965,598,3250,1732,0.38723692297935486,0,11
11966,598,3250,1761,0.539138913154602,0,11
11967,598,3250,1575,0.541946530342102,0,11
11968,598,3250,1168,0.41023731231689453,0,11
11969,598,3250,1839,0.5314980745315552,0,11
11970,598,3250,2043,0.5082792639732361,0,11
11971,598,3250,79,0.5311760306358337,0,11
11972,598,3250,118,0.5187938213348389,0,11
11973,598,3250,511,0.39377984404563904,0,11
11974,598,3250,0,0.5322415232658386,0,11
11975,598,3250,1222,0.5076005458831787,0,11
11976,598,3250,392,0.5209670066833496,0,11
11977,598,3250,1302,0.5473357439041138,0,11
11978,598,3250,31,0.5186887979507446,0,11
11979,598,3250,2002,0.5356264114379883,0,11
11980,599,714,445,0.5345540642738342,1,3
11981,599,714,1003,0.4636390209197998,0,3
11982,599,714,504,0.44025230407714844,0,3
11983,599,714,1297,0.46754738688468933,0,3
11984,599,714,1347,0.5013968348503113,0,3
11985,599,714,1991,0.47093304991722107,0,3
11986,599,714,1346,0.44858869910240173,0,3
11987,599,714,1889,0.4499264657497406,0,3
11988,599,714,146,0.5496307611465454,0,3
11989,599,714,699,0.41656893491744995,0,3
11990,599,714,1696,0.4539138674736023,0,3
11991,599,714,167,0.5407270193099976,0,3
11992,599,714,1073,0.4628896117210388,0,3
11993,599,714,94,0.48026740550994873,0,3
11994,599,714,1472,0.4095289707183838,0,3
11995,599,714,1239,0.4533703327178955,0,3
11996,599,714,1494,0.46878281235694885,0,3
11997,599,714,852,0.4734077751636505,0,3
11998,599,714,452,0.44111350178718567,0,3
11999,599,714,821,0.4629422426223755,0,3
12000,600,2657,1941,0.5596816539764404,1,16
12001,600,2657,649,0.5967358946800232,0,16
12002,600,2657,1476,0.407528281211853,0,16
12003,600,2657,410,0.5037192702293396,0,16
12004,600,2657,1426,0.5735698938369751,0,16
12005,600,2657,1163,0.6225391626358032,0,16
12006,600,2657,1764,0.6382195353507996,0,16
12007,600,2657,1652,0.6444171667098999,0,16
12008,600,2657,933,0.6509063243865967,0,16
12009,600,2657,791,0.5973615646362305,0,16
12010,600,2657,987,0.456912636756897,0,16
12011,600,2657,1646,0.6175015568733215,0,16
12012,600,2657,1197,0.6652248501777649,0,16
12013,600,2657,728,0.625011146068573,0,16
12014,600,2657,479,0.6567175388336182,0,16
12015,600,2657,1103,0.6038367748260498,0,16
12016,600,2657,1399,0.48414191603660583,0,16
12017,600,2657,1915,0.638191819190979,0,16
12018,600,2657,1863,0.5979105830192566,0,16
12019,600,2657,736,0.6085044145584106,0,16
12020,601,1534,1387,0.4839198887348175,1,14
12021,601,1534,1833,0.4803370535373688,0,14
12022,601,1534,1694,0.45882004499435425,0,14
12023,601,1534,90,0.534949779510498,0,14
12024,601,1534,922,0.49917370080947876,0,14
12025,601,1534,1805,0.5379610657691956,0,14
12026,601,1534,1072,0.49744942784309387,0,14
12027,601,1534,259,0.5190039277076721,0,14
12028,601,1534,689,0.4803503453731537,0,14
12029,601,1534,705,0.5020050406455994,0,14
12030,601,1534,1640,0.5174547433853149,0,14
12031,601,1534,1568,0.4876349866390228,0,14
12032,601,1534,2005,0.5031408667564392,0,14
12033,601,1534,1671,0.45207783579826355,0,14
12034,601,1534,1338,0.5121159553527832,0,14
12035,601,1534,342,0.47009655833244324,0,14
12036,601,1534,94,0.5010197758674622,0,14
12037,601,1534,1924,0.4898255169391632,0,14
12038,601,1534,1460,0.4919189214706421,0,14
12039,601,1534,1129,0.483778715133667,0,14
12040,602,1705,10,0.5833756923675537,1,2
12041,602,1705,1640,0.5604953765869141,0,2
12042,602,1705,1878,0.5897822976112366,0,2
12043,602,1705,2019,0.18391413986682892,0,2
12044,602,1705,492,0.2806053161621094,0,2
12045,602,1705,36,0.3296787738800049,0,2
12046,602,1705,503,0.2823220193386078,0,2
12047,602,1705,540,0.4426272511482239,0,2
12048,602,1705,395,0.5000151991844177,0,2
12049,602,1705,3,0.3962526321411133,0,2
12050,602,1705,939,0.3286747932434082,0,2
12051,602,1705,720,0.4065738916397095,0,2
12052,602,1705,859,0.3358893394470215,0,2
12053,602,1705,314,0.28194373846054077,0,2
12054,602,1705,865,0.18360528349876404,0,2
12055,602,1705,1353,0.20812301337718964,0,2
12056,602,1705,1202,0.35255035758018494,0,2
12057,602,1705,1348,0.12556426227092743,0,2
12058,602,1705,234,0.16277816891670227,0,2
12059,602,1705,1349,0.5338655114173889,0,2
12060,603,3058,53,0.5868503451347351,1,11
12061,603,3058,1972,0.4205922782421112,0,11
12062,603,3058,502,0.6079938411712646,0,11
12063,603,3058,1551,0.6249672770500183,0,11
12064,603,3058,1356,0.6273446679115295,0,11
12065,603,3058,598,0.41178572177886963,0,11
12066,603,3058,2035,0.6195824146270752,0,11
12067,603,3058,1630,0.6542704105377197,0,11
12068,603,3058,816,0.5314451456069946,0,11
12069,603,3058,1598,0.6176268458366394,0,11
12070,603,3058,1544,0.5710645318031311,0,11
12071,603,3058,1825,0.5208516716957092,0,11
12072,603,3058,1565,0.5498928427696228,0,11
12073,603,3058,933,0.6259763240814209,0,11
12074,603,3058,529,0.3868215084075928,0,11
12075,603,3058,1798,0.6020270586013794,0,11
12076,603,3058,1387,0.5800662040710449,0,11
12077,603,3058,1345,0.5722329020500183,0,11
12078,603,3058,129,0.6174356341362,0,11
12079,603,3058,1070,0.603148341178894,0,11
12080,604,3426,376,0.6683030724525452,1,12
12081,604,3426,1762,0.3283679187297821,0,12
12082,604,3426,227,0.6787692904472351,0,12
12083,604,3426,1,0.7827697396278381,0,12
12084,604,3426,1764,0.7432937026023865,0,12
12085,604,3426,1893,0.57823246717453,0,12
12086,604,3426,41,0.49122354388237,0,12
12087,604,3426,1452,0.6270866990089417,0,12
12088,604,3426,1275,0.6760662198066711,0,12
12089,604,3426,1612,0.6002424359321594,0,12
12090,604,3426,1474,0.5669679045677185,0,12
12091,604,3426,1495,0.7729636430740356,0,12
12092,604,3426,744,0.6112788915634155,0,12
12093,604,3426,425,0.6797767281532288,0,12
12094,604,3426,284,0.7663409113883972,0,12
12095,604,3426,593,0.6466078758239746,0,12
12096,604,3426,1696,0.7872074246406555,0,12
12097,604,3426,1279,0.7787380814552307,0,12
12098,604,3426,984,0.726517379283905,0,12
12099,604,3426,1714,0.8429096937179565,0,12
12100,605,2901,1716,0.5289911031723022,1,14
12101,605,2901,1791,0.5369616150856018,0,14
12102,605,2901,1049,0.5447615385055542,0,14
12103,605,2901,169,0.5285437107086182,0,14
12104,605,2901,1569,0.5355813503265381,0,14
12105,605,2901,1726,0.5633173584938049,0,14
12106,605,2901,793,0.5295568704605103,0,14
12107,605,2901,1393,0.49209514260292053,0,14
12108,605,2901,995,0.46757084131240845,0,14
12109,605,2901,998,0.5559223294258118,0,14
12110,605,2901,1433,0.5187734961509705,0,14
12111,605,2901,1237,0.5308213233947754,0,14
12112,605,2901,1339,0.5560910701751709,0,14
12113,605,2901,701,0.5251857042312622,0,14
12114,605,2901,198,0.5438364148139954,0,14
12115,605,2901,1447,0.39253199100494385,0,14
12116,605,2901,1717,0.5300635099411011,0,14
12117,605,2901,1979,0.5470362901687622,0,14
12118,605,2901,1070,0.5390202403068542,0,14
12119,605,2901,1819,0.5650721788406372,0,14
12120,606,113,737,0.5068439245223999,1,9
12121,606,113,1524,0.5110424757003784,0,9
12122,606,113,749,0.5163528919219971,0,9
12123,606,113,482,0.5298489332199097,0,9
12124,606,113,592,0.5107429623603821,0,9
12125,606,113,797,0.5008317828178406,0,9
12126,606,113,483,0.4534982740879059,0,9
12127,606,113,1568,0.5024693012237549,0,9
12128,606,113,1986,0.4265880286693573,0,9
12129,606,113,951,0.4945411682128906,0,9
12130,606,113,1836,0.49897298216819763,0,9
12131,606,113,719,0.3976321518421173,0,9
12132,606,113,196,0.51969313621521,0,9
12133,606,113,1474,0.5380293130874634,0,9
12134,606,113,2001,0.5022132992744446,0,9
12135,606,113,1022,0.5001415014266968,0,9
12136,606,113,703,0.5047220587730408,0,9
12137,606,113,902,0.4994494915008545,0,9
12138,606,113,1374,0.5068702697753906,0,9
12139,606,113,1737,0.5071498155593872,0,9
12140,607,1675,345,0.5508995652198792,1,1
12141,607,1675,174,0.5128012895584106,0,1
12142,607,1675,210,0.5434269309043884,0,1
12143,607,1675,945,0.46719345450401306,0,1
12144,607,1675,1331,0.44996994733810425,0,1
12145,607,1675,1137,0.46342796087265015,0,1
12146,607,1675,813,0.44879478216171265,0,1
12147,607,1675,1120,0.5289831757545471,0,1
12148,607,1675,40,0.35978659987449646,0,1
12149,607,1675,1671,0.46395260095596313,0,1
12150,607,1675,830,0.4441041052341461,0,1
12151,607,1675,1691,0.458911269903183,0,1
12152,607,1675,1558,0.43177422881126404,0,1
12153,607,1675,1753,0.445436030626297,0,1
12154,607,1675,117,0.5343776941299438,0,1
12155,607,1675,1696,0.42950350046157837,0,1
12156,607,1675,1694,0.4655907452106476,0,1
12157,607,1675,299,0.46180376410484314,0,1
12158,607,1675,944,0.5032374262809753,0,1
12159,607,1675,489,0.4612162113189697,0,1
12160,608,3693,1902,0.5480031967163086,1,13
12161,608,3693,1723,0.38616278767585754,0,13
12162,608,3693,786,0.5949434041976929,0,13
12163,608,3693,416,0.5656540989875793,0,13
12164,608,3693,572,0.46929317712783813,0,13
12165,608,3693,1509,0.5496247410774231,0,13
12166,608,3693,1661,0.5843687057495117,0,13
12167,608,3693,518,0.5779486894607544,0,13
12168,608,3693,2074,0.5375072360038757,0,13
12169,608,3693,864,0.5718308091163635,0,13
12170,608,3693,484,0.5471736192703247,0,13
12171,608,3693,1256,0.546025812625885,0,13
12172,608,3693,1804,0.5756483674049377,0,13
12173,608,3693,1343,0.5633139610290527,0,13
12174,608,3693,245,0.5590819716453552,0,13
12175,608,3693,109,0.5388844013214111,0,13
12176,608,3693,1979,0.5628359913825989,0,13
12177,608,3693,1761,0.5664790868759155,0,13
12178,608,3693,1426,0.5655336976051331,0,13
12179,608,3693,1513,0.5042493343353271,0,13
12180,609,3966,1642,0.49219653010368347,1,17
12181,609,3966,1723,0.32365238666534424,0,17
12182,609,3966,755,0.7254865765571594,0,17
12183,609,3966,499,0.5523655414581299,0,17
12184,609,3966,960,0.3854197561740875,0,17
12185,609,3966,1514,0.8162562251091003,0,17
12186,609,3966,709,0.7851109504699707,0,17
12187,609,3966,1176,0.71443772315979,0,17
12188,609,3966,1368,0.702227771282196,0,17
12189,609,3966,689,0.8501346707344055,0,17
12190,609,3966,85,0.7870901226997375,0,17
12191,609,3966,2050,0.689993679523468,0,17
12192,609,3966,39,0.7967681884765625,0,17
12193,609,3966,705,0.684424102306366,0,17
12194,609,3966,992,0.5819739699363708,0,17
12195,609,3966,1222,0.7284585237503052,0,17
12196,609,3966,430,0.7240428924560547,0,17
12197,609,3966,158,0.8151230812072754,0,17
12198,609,3966,117,0.4255954921245575,0,17
12199,609,3966,44,0.5452626943588257,0,17
12200,610,2152,2062,0.3529420793056488,1,20
12201,610,2152,1737,0.4746246933937073,0,20
12202,610,2152,1111,0.48012030124664307,0,20
12203,610,2152,1250,0.4925837814807892,0,20
12204,610,2152,1603,0.4709004759788513,0,20
12205,610,2152,593,0.49428221583366394,0,20
12206,610,2152,1017,0.4692382514476776,0,20
12207,610,2152,1491,0.500244677066803,0,20
12208,610,2152,1932,0.5893311500549316,0,20
12209,610,2152,1764,0.49115562438964844,0,20
12210,610,2152,1292,0.46776294708251953,0,20
12211,610,2152,1256,0.46537062525749207,0,20
12212,610,2152,953,0.5313577651977539,0,20
12213,610,2152,600,0.4530961215496063,0,20
12214,610,2152,361,0.5089127421379089,0,20
12215,610,2152,964,0.46177294850349426,0,20
12216,610,2152,1208,0.48029881715774536,0,20
12217,610,2152,7,0.5370286107063293,0,20
12218,610,2152,1853,0.47683072090148926,0,20
12219,610,2152,1260,0.5236706733703613,0,20
12220,611,2456,543,0.4322231709957123,1,10
12221,611,2456,1528,0.5026212930679321,0,10
12222,611,2456,1025,0.47144925594329834,0,10
12223,611,2456,1310,0.4623555839061737,0,10
12224,611,2456,1808,0.4434802532196045,0,10
12225,611,2456,1057,0.40758422017097473,0,10
12226,611,2456,254,0.4253198802471161,0,10
12227,611,2456,1866,0.5040530562400818,0,10
12228,611,2456,832,0.4202679991722107,0,10
12229,611,2456,1874,0.40831443667411804,0,10
12230,611,2456,666,0.4716430902481079,0,10
12231,611,2456,80,0.3573068678379059,0,10
12232,611,2456,792,0.4047992527484894,0,10
12233,611,2456,1475,0.5081073045730591,0,10
12234,611,2456,133,0.4350909888744354,0,10
12235,611,2456,530,0.525230348110199,0,10
12236,611,2456,979,0.4162558615207672,0,10
12237,611,2456,517,0.33553096652030945,0,10
12238,611,2456,227,0.4039819538593292,0,10
12239,611,2456,69,0.41823500394821167,0,10
12240,612,3452,142,0.5597267746925354,1,8
12241,612,3452,507,0.5528734922409058,0,8
12242,612,3452,1377,0.502666711807251,0,8
12243,612,3452,330,0.47587013244628906,0,8
12244,612,3452,1772,0.5861124396324158,0,8
12245,612,3452,150,0.557628870010376,0,8
12246,612,3452,1973,0.5550464391708374,0,8
12247,612,3452,1528,0.4624129831790924,0,8
12248,612,3452,1051,0.5657094717025757,0,8
12249,612,3452,1773,0.5473780632019043,0,8
12250,612,3452,832,0.5519709587097168,0,8
12251,612,3452,1383,0.5643455386161804,0,8
12252,612,3452,1140,0.5631774663925171,0,8
12253,612,3452,1480,0.5526118278503418,0,8
12254,612,3452,1317,0.5653853416442871,0,8
12255,612,3452,1548,0.4559950828552246,0,8
12256,612,3452,54,0.5237411856651306,0,8
12257,612,3452,338,0.5799153447151184,0,8
12258,612,3452,1007,0.5868207216262817,0,8
12259,612,3452,1643,0.3845142126083374,0,8
12260,613,159,1258,0.5302339792251587,1,2
12261,613,159,1727,0.4739764630794525,0,2
12262,613,159,1442,0.4404919147491455,0,2
12263,613,159,1570,0.5182796120643616,0,2
12264,613,159,1707,0.4801338016986847,0,2
12265,613,159,1481,0.422276109457016,0,2
12266,613,159,706,0.39043286442756653,0,2
12267,613,159,1823,0.44615015387535095,0,2
12268,613,159,1673,0.4514616131782532,0,2
12269,613,159,1686,0.5130290389060974,0,2
12270,613,159,209,0.4375130236148834,0,2
12271,613,159,1277,0.40651777386665344,0,2
12272,613,159,1032,0.41891178488731384,0,2
12273,613,159,1981,0.5422390699386597,0,2
12274,613,159,1679,0.44857898354530334,0,2
12275,613,159,831,0.5256316661834717,0,2
12276,613,159,1584,0.4262884855270386,0,2
12277,613,159,1108,0.528265655040741,0,2
12278,613,159,1926,0.3902423679828644,0,2
12279,613,159,1578,0.44230028986930847,0,2
12280,614,3501,1831,0.6454077363014221,1,4
12281,614,3501,1005,0.6504496335983276,0,4
12282,614,3501,1662,0.6169965267181396,0,4
12283,614,3501,84,0.5681549310684204,0,4
12284,614,3501,226,0.5772657990455627,0,4
12285,614,3501,884,0.6300273537635803,0,4
12286,614,3501,1427,0.6265683770179749,0,4
12287,614,3501,1150,0.2969518005847931,0,4
12288,614,3501,944,0.575154185295105,0,4
12289,614,3501,759,0.6538792848587036,0,4
12290,614,3501,631,0.6021977663040161,0,4
12291,614,3501,555,0.5928695201873779,0,4
12292,614,3501,405,0.6182932257652283,0,4
12293,614,3501,65,0.6413416862487793,0,4
12294,614,3501,653,0.597790002822876,0,4
12295,614,3501,1826,0.5607228875160217,0,4
12296,614,3501,837,0.44228148460388184,0,4
12297,614,3501,537,0.6662700176239014,0,4
12298,614,3501,1208,0.5837005376815796,0,4
12299,614,3501,1147,0.4627763032913208,0,4
12300,615,49,1067,0.8322365880012512,1,1
12301,615,49,1712,0.3866903483867645,0,1
12302,615,49,68,0.784691572189331,0,1
12303,615,49,1740,0.7309015393257141,0,1
12304,615,49,1126,0.7843765616416931,0,1
12305,615,49,1799,0.45193344354629517,0,1
12306,615,49,867,0.7400758862495422,0,1
12307,615,49,71,0.4021347761154175,0,1
12308,615,49,676,0.6745548248291016,0,1
12309,615,49,1728,0.42839521169662476,0,1
12310,615,49,552,0.44870930910110474,0,1
12311,615,49,1821,0.769330620765686,0,1
12312,615,49,23,0.6967294812202454,0,1
12313,615,49,1583,0.7902321219444275,0,1
12314,615,49,517,0.800983190536499,0,1
12315,615,49,769,0.8028096556663513,0,1
12316,615,49,1551,0.7738437056541443,0,1
12317,615,49,1642,0.49247249960899353,0,1
12318,615,49,472,0.49486738443374634,0,1
12319,615,49,1847,0.5976870059967041,0,1
12320,616,416,725,0.6063730120658875,1,11
12321,616,416,1218,0.4387737810611725,0,11
12322,616,416,1281,0.6087581515312195,0,11
12323,616,416,892,0.5752309560775757,0,11
12324,616,416,461,0.5367252230644226,0,11
12325,616,416,1460,0.6455994844436646,0,11
12326,616,416,1007,0.6244965195655823,0,11
12327,616,416,1883,0.6283044219017029,0,11
12328,616,416,811,0.6380903124809265,0,11
12329,616,416,1784,0.5547207593917847,0,11
12330,616,416,1645,0.5538334250450134,0,11
12331,616,416,263,0.6145684719085693,0,11
12332,616,416,1064,0.6233143210411072,0,11
12333,616,416,65,0.6515787839889526,0,11
12334,616,416,453,0.6102816462516785,0,11
12335,616,416,617,0.5759701728820801,0,11
12336,616,416,125,0.6197302937507629,0,11
12337,616,416,109,0.585870623588562,0,11
12338,616,416,1888,0.5464051365852356,0,11
12339,616,416,1944,0.5795719027519226,0,11
12340,617,785,1081,0.45802736282348633,1,9
12341,617,785,1715,0.5391213893890381,0,9
12342,617,785,687,0.4564056396484375,0,9
12343,617,785,868,0.4516703188419342,0,9
12344,617,785,48,0.4255298674106598,0,9
12345,617,785,1250,0.5032178163528442,0,9
12346,617,785,812,0.426991730928421,0,9
12347,617,785,1585,0.4675067365169525,0,9
12348,617,785,615,0.43895336985588074,0,9
12349,617,785,527,0.4719195067882538,0,9
12350,617,785,1934,0.4336499571800232,0,9
12351,617,785,545,0.45811131596565247,0,9
12352,617,785,2067,0.47374165058135986,0,9
12353,617,785,2016,0.4515650272369385,0,9
12354,617,785,761,0.4356929361820221,0,9
12355,617,785,1475,0.5247432589530945,0,9
12356,617,785,1287,0.4543987512588501,0,9
12357,617,785,1456,0.4255536198616028,0,9
12358,617,785,313,0.4342198371887207,0,9
12359,617,785,169,0.45835521817207336,0,9
12360,618,3103,1963,0.5415326952934265,1,15
12361,618,3103,1622,0.4422913193702698,0,15
12362,618,3103,1238,0.7111555933952332,0,15
12363,618,3103,1789,0.6054756045341492,0,15
12364,618,3103,1730,0.4540780186653137,0,15
12365,618,3103,672,0.61766117811203,0,15
12366,618,3103,1986,0.30145949125289917,0,15
12367,618,3103,1994,0.6729817390441895,0,15
12368,618,3103,600,0.3942519724369049,0,15
12369,618,3103,1966,0.5428381562232971,0,15
12370,618,3103,829,0.6542832255363464,0,15
12371,618,3103,1239,0.6991918087005615,0,15
12372,618,3103,1378,0.6794092655181885,0,15
12373,618,3103,1202,0.6311641931533813,0,15
12374,618,3103,1279,0.7031508684158325,0,15
12375,618,3103,1258,0.544203519821167,0,15
12376,618,3103,497,0.6045528054237366,0,15
12377,618,3103,1274,0.6910500526428223,0,15
12378,618,3103,1243,0.6254033446311951,0,15
12379,618,3103,978,0.4002700448036194,0,15
12380,619,1531,853,0.6683077812194824,1,2
12381,619,1531,74,0.41233551502227783,0,2
12382,619,1531,61,0.6001690030097961,0,2
12383,619,1531,204,0.583808422088623,0,2
12384,619,1531,514,0.635744035243988,0,2
12385,619,1531,22,0.6379877924919128,0,2
12386,619,1531,894,0.6018299460411072,0,2
12387,619,1531,1651,0.671075165271759,0,2
12388,619,1531,304,0.5811583399772644,0,2
12389,619,1531,1646,0.6079393029212952,0,2
12390,619,1531,1859,0.5450930595397949,0,2
12391,619,1531,1580,0.5592491626739502,0,2
12392,619,1531,1322,0.5543094277381897,0,2
12393,619,1531,271,0.48454758524894714,0,2
12394,619,1531,1173,0.5828475952148438,0,2
12395,619,1531,795,0.5677254796028137,0,2
12396,619,1531,1762,0.37409883737564087,0,2
12397,619,1531,1421,0.6525168418884277,0,2
12398,619,1531,31,0.6595265865325928,0,2
12399,619,1531,723,0.5916195511817932,0,2
12400,620,3916,1741,0.5507109761238098,1,12
12401,620,3916,542,0.5508958697319031,0,12
12402,620,3916,750,0.54836505651474,0,12
12403,620,3916,298,0.54849773645401,0,12
12404,620,3916,412,0.5468569993972778,0,12
12405,620,3916,83,0.561241865158081,0,12
12406,620,3916,1076,0.5021978616714478,0,12
12407,620,3916,720,0.5535316467285156,0,12
12408,620,3916,850,0.4122035503387451,0,12
12409,620,3916,1579,0.5357545018196106,0,12
12410,620,3916,1220,0.5454128384590149,0,12
12411,620,3916,134,0.5682019591331482,0,12
12412,620,3916,747,0.55085289478302,0,12
12413,620,3916,1069,0.5398267507553101,0,12
12414,620,3916,1771,0.5675097703933716,0,12
12415,620,3916,1064,0.5511354804039001,0,12
12416,620,3916,184,0.5543926954269409,0,12
12417,620,3916,1329,0.5791326761245728,0,12
12418,620,3916,365,0.5571632981300354,0,12
12419,620,3916,952,0.5725095272064209,0,12
12420,621,3267,207,0.5526869297027588,1,6
12421,621,3267,1817,0.5425447225570679,0,6
12422,621,3267,1953,0.3865799605846405,0,6
12423,621,3267,734,0.5732223391532898,0,6
12424,621,3267,110,0.551559329032898,0,6
12425,621,3267,965,0.3805758059024811,0,6
12426,621,3267,1172,0.5359564423561096,0,6
12427,621,3267,863,0.46434280276298523,0,6
12428,621,3267,982,0.5341803431510925,0,6
12429,621,3267,1475,0.5435159206390381,0,6
12430,621,3267,732,0.5375682711601257,0,6
12431,621,3267,530,0.5320428013801575,0,6
12432,621,3267,135,0.5514551401138306,0,6
12433,621,3267,1665,0.552783191204071,0,6
12434,621,3267,1346,0.56194007396698,0,6
12435,621,3267,580,0.5649779438972473,0,6
12436,621,3267,2061,0.5327394008636475,0,6
12437,621,3267,1320,0.5519177913665771,0,6
12438,621,3267,1978,0.5633529424667358,0,6
12439,621,3267,598,0.42551422119140625,0,6
12440,622,1466,2056,0.6218518614768982,1,11
12441,622,1466,1167,0.6954885125160217,0,11
12442,622,1466,1281,0.6498131155967712,0,11
12443,622,1466,1012,0.6239901781082153,0,11
12444,622,1466,78,0.41532042622566223,0,11
12445,622,1466,510,0.6112678050994873,0,11
12446,622,1466,1319,0.6251076459884644,0,11
12447,622,1466,1395,0.643500566482544,0,11
12448,622,1466,861,0.3275214433670044,0,11
12449,622,1466,1879,0.5999378561973572,0,11
12450,622,1466,918,0.4845373332500458,0,11
12451,622,1466,990,0.598453164100647,0,11
12452,622,1466,296,0.6207954287528992,0,11
12453,622,1466,1857,0.6886853575706482,0,11
12454,622,1466,1455,0.6359677910804749,0,11
12455,622,1466,133,0.6052749156951904,0,11
12456,622,1466,509,0.6437646746635437,0,11
12457,622,1466,1487,0.6543669104576111,0,11
12458,622,1466,706,0.7268171906471252,0,11
12459,622,1466,1328,0.5435748100280762,0,11
12460,623,3238,149,0.4842982888221741,1,16
12461,623,3238,1604,0.617043137550354,0,16
12462,623,3238,1208,0.5997931361198425,0,16
12463,623,3238,1433,0.5008341670036316,0,16
12464,623,3238,597,0.6284592151641846,0,16
12465,623,3238,1552,0.5735123753547668,0,16
12466,623,3238,565,0.6897542476654053,0,16
12467,623,3238,932,0.4483356773853302,0,16
12468,623,3238,150,0.5811195373535156,0,16
12469,623,3238,491,0.61708003282547,0,16
12470,623,3238,18,0.6479586958885193,0,16
12471,623,3238,711,0.42368897795677185,0,16
12472,623,3238,726,0.6324273347854614,0,16
12473,623,3238,2024,0.5342366099357605,0,16
12474,623,3238,168,0.6492617130279541,0,16
12475,623,3238,923,0.4573347270488739,0,16
12476,623,3238,648,0.5249873399734497,0,16
12477,623,3238,968,0.4659164845943451,0,16
12478,623,3238,925,0.5981060862541199,0,16
12479,623,3238,1527,0.5961448550224304,0,16
12480,624,2082,400,0.6137791275978088,1,11
12481,624,2082,568,0.538472592830658,0,11
12482,624,2082,304,0.6060768961906433,0,11
12483,624,2082,98,0.6692145466804504,0,11
12484,624,2082,1608,0.4504146873950958,0,11
12485,624,2082,1846,0.35115140676498413,0,11
12486,624,2082,593,0.5996180176734924,0,11
12487,624,2082,1665,0.6592724919319153,0,11
12488,624,2082,54,0.5474522113800049,0,11
12489,624,2082,1891,0.530735433101654,0,11
12490,624,2082,770,0.6197053790092468,0,11
12491,624,2082,2007,0.6117528080940247,0,11
12492,624,2082,843,0.6163610816001892,0,11
12493,624,2082,273,0.6686806678771973,0,11
12494,624,2082,1655,0.7016255259513855,0,11
12495,624,2082,1920,0.6977421045303345,0,11
12496,624,2082,847,0.5272753238677979,0,11
12497,624,2082,984,0.6518390774726868,0,11
12498,624,2082,1071,0.6350624561309814,0,11
12499,624,2082,135,0.6776769161224365,0,11
12500,625,2048,612,0.32651981711387634,1,12
12501,625,2048,1723,0.5065796971321106,0,12
12502,625,2048,268,0.21683381497859955,0,12
12503,625,2048,1769,0.33835700154304504,0,12
12504,625,2048,1278,0.8362267017364502,0,12
12505,625,2048,679,0.24699650704860687,0,12
12506,625,2048,1762,0.49170082807540894,0,12
12507,625,2048,966,0.3136584758758545,0,12
12508,625,2048,1474,0.564403235912323,0,12
12509,625,2048,943,0.5086811184883118,0,12
12510,625,2048,1789,0.4334588646888733,0,12
12511,625,2048,697,0.549468457698822,0,12
12512,625,2048,507,0.3129589557647705,0,12
12513,625,2048,84,0.483710378408432,0,12
12514,625,2048,118,0.2632284164428711,0,12
12515,625,2048,1961,0.3256244957447052,0,12
12516,625,2048,922,0.30635949969291687,0,12
12517,625,2048,128,0.2893793284893036,0,12
12518,625,2048,336,0.34646075963974,0,12
12519,625,2048,983,0.5195791125297546,0,12
12520,626,3620,1158,0.5734336376190186,1,6
12521,626,3620,609,0.5710345506668091,0,6
12522,626,3620,1242,0.6078927516937256,0,6
12523,626,3620,1921,0.5488757491111755,0,6
12524,626,3620,642,0.5528934597969055,0,6
12525,626,3620,1703,0.3043142855167389,0,6
12526,626,3620,169,0.5586282014846802,0,6
12527,626,3620,679,0.5945746302604675,0,6
12528,626,3620,1018,0.5533589720726013,0,6
12529,626,3620,1254,0.6040810942649841,0,6
12530,626,3620,1276,0.5849210619926453,0,6
12531,626,3620,608,0.557532012462616,0,6
12532,626,3620,744,0.5638440847396851,0,6
12533,626,3620,1328,0.5384615063667297,0,6
12534,626,3620,446,0.5524930953979492,0,6
12535,626,3620,873,0.5532447099685669,0,6
12536,626,3620,1717,0.562394380569458,0,6
12537,626,3620,157,0.5485645532608032,0,6
12538,626,3620,364,0.5015486478805542,0,6
12539,626,3620,526,0.5884628891944885,0,6
12540,627,264,533,0.5078613758087158,1,16
12541,627,264,1155,0.5233716368675232,0,16
12542,627,264,2067,0.5291110873222351,0,16
12543,627,264,1916,0.5139113664627075,0,16
12544,627,264,731,0.528179407119751,0,16
12545,627,264,720,0.5394482612609863,0,16
12546,627,264,693,0.5287811756134033,0,16
12547,627,264,1917,0.47743481397628784,0,16
12548,627,264,1345,0.5138168334960938,0,16
12549,627,264,29,0.5014611482620239,0,16
12550,627,264,1484,0.4966464042663574,0,16
12551,627,264,26,0.5162788033485413,0,16
12552,627,264,1645,0.5367136001586914,0,16
12553,627,264,1153,0.5314728021621704,0,16
12554,627,264,992,0.5377943515777588,0,16
12555,627,264,1699,0.5375933647155762,0,16
12556,627,264,1229,0.5131992101669312,0,16
12557,627,264,1296,0.5115581750869751,0,16
12558,627,264,41,0.5142397880554199,0,16
12559,627,264,1611,0.5038913488388062,0,16
12560,628,370,1597,0.45607635378837585,1,18
12561,628,370,741,0.5122613310813904,0,18
12562,628,370,1538,0.5024744272232056,0,18
12563,628,370,2056,0.4908767342567444,0,18
12564,628,370,666,0.5243598222732544,0,18
12565,628,370,1544,0.5315048694610596,0,18
12566,628,370,900,0.5014401078224182,0,18
12567,628,370,305,0.5044957399368286,0,18
12568,628,370,125,0.48375266790390015,0,18
12569,628,370,281,0.5050736665725708,0,18
12570,628,370,1524,0.4994639456272125,0,18
12571,628,370,1705,0.5065475702285767,0,18
12572,628,370,932,0.47957780957221985,0,18
12573,628,370,47,0.4856790602207184,0,18
12574,628,370,962,0.36037561297416687,0,18
12575,628,370,1127,0.4887847602367401,0,18
12576,628,370,422,0.4984666705131531,0,18
12577,628,370,2068,0.4003249704837799,0,18
12578,628,370,1562,0.5063095688819885,0,18
12579,628,370,132,0.49778327345848083,0,18
12580,629,2685,16,0.6896035075187683,1,11
12581,629,2685,772,0.6976009607315063,0,11
12582,629,2685,407,0.33305051922798157,0,11
12583,629,2685,931,0.7135980725288391,0,11
12584,629,2685,1712,0.38703668117523193,0,11
12585,629,2685,1755,0.7361453771591187,0,11
12586,629,2685,1919,0.7575114965438843,0,11
12587,629,2685,668,0.6199243068695068,0,11
12588,629,2685,1085,0.6835712194442749,0,11
12589,629,2685,793,0.721039354801178,0,11
12590,629,2685,103,0.32554101943969727,0,11
12591,629,2685,1069,0.6746037006378174,0,11
12592,629,2685,362,0.7763803005218506,0,11
12593,629,2685,2014,0.6976217031478882,0,11
12594,629,2685,817,0.6936802268028259,0,11
12595,629,2685,987,0.43101710081100464,0,11
12596,629,2685,741,0.7347509860992432,0,11
12597,629,2685,277,0.8266078233718872,0,11
12598,629,2685,2034,0.5182313919067383,0,11
12599,629,2685,109,0.672964870929718,0,11
12600,630,477,702,0.7051586508750916,1,1
12601,630,477,1898,0.35222288966178894,0,1
12602,630,477,508,0.5156075954437256,0,1
12603,630,477,1955,0.3777241110801697,0,1
12604,630,477,1574,0.4818320870399475,0,1
12605,630,477,2007,0.36019471287727356,0,1
12606,630,477,481,0.4063970744609833,0,1
12607,630,477,1647,0.4103350043296814,0,1
12608,630,477,530,0.561027467250824,0,1
12609,630,477,1330,0.43988117575645447,0,1
12610,630,477,1006,0.4408319890499115,0,1
12611,630,477,1820,0.40672236680984497,0,1
12612,630,477,1423,0.6521674394607544,0,1
12613,630,477,170,0.3792794942855835,0,1
12614,630,477,1029,0.35289108753204346,0,1
12615,630,477,204,0.47999513149261475,0,1
12616,630,477,1206,0.3746611773967743,0,1
12617,630,477,226,0.3972490429878235,0,1
12618,630,477,207,0.46597060561180115,0,1
12619,630,477,1601,0.3665574789047241,0,1
12620,631,1780,1705,0.4952670931816101,1,16
12621,631,1780,1066,0.5316820740699768,0,16
12622,631,1780,1121,0.4946066439151764,0,16
12623,631,1780,862,0.5497731566429138,0,16
12624,631,1780,114,0.5470591187477112,0,16
12625,631,1780,229,0.49725762009620667,0,16
12626,631,1780,733,0.5247268676757812,0,16
12627,631,1780,317,0.5515456795692444,0,16
12628,631,1780,738,0.5596904754638672,0,16
12629,631,1780,2015,0.5402497053146362,0,16
12630,631,1780,656,0.5319622159004211,0,16
12631,631,1780,311,0.5486973524093628,0,16
12632,631,1780,1636,0.41276344656944275,0,16
12633,631,1780,718,0.551846444606781,0,16
12634,631,1780,1845,0.5542334914207458,0,16
12635,631,1780,572,0.45050111413002014,0,16
12636,631,1780,1567,0.41756847500801086,0,16
12637,631,1780,205,0.5505133271217346,0,16
12638,631,1780,1670,0.5487392544746399,0,16
12639,631,1780,163,0.5601820349693298,0,16
12640,632,1719,304,0.49469515681266785,1,19
12641,632,1719,1216,0.5179061889648438,0,19
12642,632,1719,444,0.540239155292511,0,19
12643,632,1719,271,0.49666863679885864,0,19
12644,632,1719,498,0.5040141344070435,0,19
12645,632,1719,1158,0.5257094502449036,0,19
12646,632,1719,1677,0.47988495230674744,0,19
12647,632,1719,800,0.4991805851459503,0,19
12648,632,1719,1428,0.5051546692848206,0,19
12649,632,1719,1015,0.5051052570343018,0,19
12650,632,1719,162,0.4990878105163574,0,19
12651,632,1719,1388,0.5309286713600159,0,19
12652,632,1719,1314,0.5160664916038513,0,19
12653,632,1719,745,0.5053108930587769,0,19
12654,632,1719,730,0.5089940428733826,0,19
12655,632,1719,118,0.5005505084991455,0,19
12656,632,1719,956,0.5142887234687805,0,19
12657,632,1719,487,0.5401268005371094,0,19
12658,632,1719,1586,0.521586537361145,0,19
12659,632,1719,1016,0.5303457379341125,0,19
12660,633,4096,1649,0.6177459955215454,1,4
12661,633,4096,460,0.6315622925758362,0,4
12662,633,4096,1300,0.6010087728500366,0,4
12663,633,4096,1826,0.5511388778686523,0,4
12664,633,4096,1372,0.6029025912284851,0,4
12665,633,4096,1206,0.5622130632400513,0,4
12666,633,4096,832,0.5314465761184692,0,4
12667,633,4096,692,0.6146751046180725,0,4
12668,633,4096,1496,0.5924598574638367,0,4
12669,633,4096,1129,0.5618128180503845,0,4
12670,633,4096,997,0.6050475835800171,0,4
12671,633,4096,1995,0.34046295285224915,0,4
12672,633,4096,1363,0.6315785646438599,0,4
12673,633,4096,1918,0.5703497529029846,0,4
12674,633,4096,92,0.5861850380897522,0,4
12675,633,4096,1510,0.6230172514915466,0,4
12676,633,4096,899,0.593972384929657,0,4
12677,633,4096,2053,0.5986016988754272,0,4
12678,633,4096,894,0.579650342464447,0,4
12679,633,4096,1756,0.5686575174331665,0,4
12680,634,4005,270,0.6486886739730835,1,13
12681,634,4005,1720,0.568402886390686,0,13
12682,634,4005,330,0.3847767412662506,0,13
12683,634,4005,110,0.7573547959327698,0,13
12684,634,4005,1347,0.4738711714744568,0,13
12685,634,4005,1346,0.808283269405365,0,13
12686,634,4005,568,0.5442314147949219,0,13
12687,634,4005,264,0.695220410823822,0,13
12688,634,4005,1865,0.6987484097480774,0,13
12689,634,4005,1569,0.7004930973052979,0,13
12690,634,4005,1409,0.7102656960487366,0,13
12691,634,4005,896,0.7037277817726135,0,13
12692,634,4005,172,0.6783082485198975,0,13
12693,634,4005,1315,0.6942579746246338,0,13
12694,634,4005,1355,0.41827595233917236,0,13
12695,634,4005,1312,0.33383700251579285,0,13
12696,634,4005,1277,0.8258910179138184,0,13
12697,634,4005,1798,0.728793203830719,0,13
12698,634,4005,811,0.7736479043960571,0,13
12699,634,4005,1445,0.41532137989997864,0,13
12700,635,540,13,0.37415850162506104,1,17
12701,635,540,1443,0.5403632521629333,0,17
12702,635,540,1585,0.6627177000045776,0,17
12703,635,540,914,0.35715433955192566,0,17
12704,635,540,1415,0.7030957341194153,0,17
12705,635,540,759,0.8237174153327942,0,17
12706,635,540,140,0.7659332156181335,0,17
12707,635,540,1160,0.320011168718338,0,17
12708,635,540,1557,0.6087566614151001,0,17
12709,635,540,973,0.7560827732086182,0,17
12710,635,540,1744,0.451957106590271,0,17
12711,635,540,1682,0.7170050740242004,0,17
12712,635,540,113,0.6196781992912292,0,17
12713,635,540,838,0.41820651292800903,0,17
12714,635,540,469,0.32835653424263,0,17
12715,635,540,840,0.7736474871635437,0,17
12716,635,540,703,0.7593152523040771,0,17
12717,635,540,1731,0.786907970905304,0,17
12718,635,540,1315,0.6947479844093323,0,17
12719,635,540,1181,0.7998907566070557,0,17
12720,636,949,1502,0.39107441902160645,1,16
12721,636,949,1963,0.559106707572937,0,16
12722,636,949,732,0.42876777052879333,0,16
12723,636,949,1617,0.48654478788375854,0,16
12724,636,949,2018,0.38397836685180664,0,16
12725,636,949,655,0.41623416543006897,0,16
12726,636,949,1167,0.38401931524276733,0,16
12727,636,949,1747,0.3936583697795868,0,16
12728,636,949,544,0.37366852164268494,0,16
12729,636,949,1939,0.4556199312210083,0,16
12730,636,949,334,0.3888779580593109,0,16
12731,636,949,1370,0.4198862314224243,0,16
12732,636,949,1862,0.5296964049339294,0,16
12733,636,949,593,0.45293572545051575,0,16
12734,636,949,834,0.427213191986084,0,16
12735,636,949,773,0.45013847947120667,0,16
12736,636,949,1581,0.40958234667778015,0,16
12737,636,949,803,0.48787155747413635,0,16
12738,636,949,1919,0.415567010641098,0,16
12739,636,949,1845,0.5318217873573303,0,16
12740,637,2986,241,0.40996816754341125,1,8
12741,637,2986,1162,0.41817188262939453,0,8
12742,637,2986,729,0.3813066780567169,0,8
12743,637,2986,639,0.5557694435119629,0,8
12744,637,2986,677,0.3945396840572357,0,8
12745,637,2986,274,0.35288840532302856,0,8
12746,637,2986,545,0.3759935796260834,0,8
12747,637,2986,2061,0.38092413544654846,0,8
12748,637,2986,1929,0.3297409415245056,0,8
12749,637,2986,1878,0.5535238981246948,0,8
12750,637,2986,1966,0.5345641374588013,0,8
12751,637,2986,2049,0.41943031549453735,0,8
12752,637,2986,1855,0.36147060990333557,0,8
12753,637,2986,673,0.40306225419044495,0,8
12754,637,2986,675,0.35330677032470703,0,8
12755,637,2986,1165,0.35202428698539734,0,8
12756,637,2986,231,0.48164308071136475,0,8
12757,637,2986,357,0.4534054398536682,0,8
12758,637,2986,686,0.38042396306991577,0,8
12759,637,2986,727,0.4052724540233612,0,8
12760,638,427,1170,0.438740611076355,1,17
12761,638,427,2025,0.4501926600933075,0,17
12762,638,427,1748,0.42792803049087524,0,17
12763,638,427,986,0.4512186646461487,0,17
12764,638,427,1203,0.5259157419204712,0,17
12765,638,427,630,0.44812706112861633,0,17
12766,638,427,521,0.42427879571914673,0,17
12767,638,427,1006,0.43340224027633667,0,17
12768,638,427,79,0.5338152050971985,0,17
12769,638,427,2006,0.5236925482749939,0,17
12770,638,427,918,0.534856915473938,0,17
12771,638,427,1688,0.44434377551078796,0,17
12772,638,427,1246,0.4610341787338257,0,17
12773,638,427,915,0.44401827454566956,0,17
12774,638,427,1665,0.44349589943885803,0,17
12775,638,427,1587,0.4560551941394806,0,17
12776,638,427,987,0.500973105430603,0,17
12777,638,427,1249,0.47121456265449524,0,17
12778,638,427,355,0.47279736399650574,0,17
12779,638,427,1033,0.5232435464859009,0,17
12780,639,1384,826,0.5843696594238281,1,6
12781,639,1384,2029,0.5690332055091858,0,6
12782,639,1384,335,0.4965464472770691,0,6
12783,639,1384,938,0.5587234497070312,0,6
12784,639,1384,881,0.5695356130599976,0,6
12785,639,1384,1937,0.578946053981781,0,6
12786,639,1384,1825,0.5484028458595276,0,6
12787,639,1384,1744,0.48373231291770935,0,6
12788,639,1384,578,0.6032892465591431,0,6
12789,639,1384,360,0.5617066621780396,0,6
12790,639,1384,764,0.5893821716308594,0,6
12791,639,1384,1259,0.562527060508728,0,6
12792,639,1384,349,0.43745166063308716,0,6
12793,639,1384,1903,0.5657346248626709,0,6
12794,639,1384,540,0.42137157917022705,0,6
12795,639,1384,1118,0.5629422068595886,0,6
12796,639,1384,248,0.5462820529937744,0,6
12797,639,1384,26,0.6004297137260437,0,6
12798,639,1384,1054,0.60383141040802,0,6
12799,639,1384,752,0.6015604138374329,0,6
12800,640,628,437,0.5198547840118408,1,17
12801,640,628,1224,0.34262001514434814,0,17
12802,640,628,446,0.5270612835884094,0,17
12803,640,628,357,0.5463587045669556,0,17
12804,640,628,1495,0.5446740388870239,0,17
12805,640,628,663,0.560571014881134,0,17
12806,640,628,208,0.4532899260520935,0,17
12807,640,628,550,0.5494241118431091,0,17
12808,640,628,574,0.5471083521842957,0,17
12809,640,628,1958,0.5548891425132751,0,17
12810,640,628,21,0.5370787978172302,0,17
12811,640,628,1873,0.548219621181488,0,17
12812,640,628,1871,0.48664239048957825,0,17
12813,640,628,2052,0.5564702749252319,0,17
12814,640,628,1500,0.5700805187225342,0,17
12815,640,628,274,0.5377682447433472,0,17
12816,640,628,20,0.5749313831329346,0,17
12817,640,628,1996,0.5410251021385193,0,17
12818,640,628,190,0.5478530526161194,0,17
12819,640,628,768,0.5420156717300415,0,17
12820,641,2316,817,0.611559271812439,1,13
12821,641,2316,898,0.6164484024047852,0,13
12822,641,2316,56,0.5831339955329895,0,13
12823,641,2316,242,0.6713806390762329,0,13
12824,641,2316,1630,0.7176501154899597,0,13
12825,641,2316,1258,0.544906497001648,0,13
12826,641,2316,1401,0.6912738084793091,0,13
12827,641,2316,1444,0.6560802459716797,0,13
12828,641,2316,1254,0.6830382943153381,0,13
12829,641,2316,1574,0.5921436548233032,0,13
12830,641,2316,1257,0.4434671103954315,0,13
12831,641,2316,437,0.5165715217590332,0,13
12832,641,2316,970,0.6449227929115295,0,13
12833,641,2316,1064,0.6506698131561279,0,13
12834,641,2316,2006,0.5605414509773254,0,13
12835,641,2316,1357,0.6014559864997864,0,13
12836,641,2316,653,0.6215901970863342,0,13
12837,641,2316,1386,0.6632174849510193,0,13
12838,641,2316,815,0.6742704510688782,0,13
12839,641,2316,125,0.6480101346969604,0,13
12840,642,2263,1448,0.3932650685310364,1,10
12841,642,2263,1260,0.4875953495502472,0,10
12842,642,2263,2019,0.32687991857528687,0,10
12843,642,2263,1332,0.22902743518352509,0,10
12844,642,2263,1031,0.36820119619369507,0,10
12845,642,2263,1485,0.37686920166015625,0,10
12846,642,2263,641,0.428652286529541,0,10
12847,642,2263,1318,0.47975048422813416,0,10
12848,642,2263,438,0.28087112307548523,0,10
12849,642,2263,28,0.35761019587516785,0,10
12850,642,2263,1965,0.5276054739952087,0,10
12851,642,2263,536,0.4320904314517975,0,10
12852,642,2263,1745,0.34616973996162415,0,10
12853,642,2263,1794,0.37001413106918335,0,10
12854,642,2263,943,0.5083280205726624,0,10
12855,642,2263,234,0.31799447536468506,0,10
12856,642,2263,1606,0.39728209376335144,0,10
12857,642,2263,897,0.3737236261367798,0,10
12858,642,2263,1943,0.43244171142578125,0,10
12859,642,2263,1623,0.5001113414764404,0,10
12860,643,3257,519,0.5703153610229492,1,13
12861,643,3257,1325,0.5472100377082825,0,13
12862,643,3257,856,0.617877185344696,0,13
12863,643,3257,687,0.4525465965270996,0,13
12864,643,3257,684,0.5586833357810974,0,13
12865,643,3257,1437,0.5006059408187866,0,13
12866,643,3257,69,0.5769892334938049,0,13
12867,643,3257,757,0.6056157350540161,0,13
12868,643,3257,1729,0.6287462115287781,0,13
12869,643,3257,514,0.6074628829956055,0,13
12870,643,3257,1270,0.5767775774002075,0,13
12871,643,3257,1074,0.6104551553726196,0,13
12872,643,3257,1431,0.6018991470336914,0,13
12873,643,3257,981,0.6102422475814819,0,13
12874,643,3257,972,0.5951642990112305,0,13
12875,643,3257,9,0.5569629073143005,0,13
12876,643,3257,991,0.6122278571128845,0,13
12877,643,3257,957,0.6085336208343506,0,13
12878,643,3257,1773,0.5463075041770935,0,13
12879,643,3257,1516,0.4096875786781311,0,13
12880,644,2305,767,0.7146828770637512,1,7
12881,644,2305,941,0.8069888353347778,0,7
12882,644,2305,332,0.7293956279754639,0,7
12883,644,2305,64,0.7858983874320984,0,7
12884,644,2305,455,0.3922709822654724,0,7
12885,644,2305,665,0.6528859734535217,0,7
12886,644,2305,119,0.6969830393791199,0,7
12887,644,2305,185,0.6080761551856995,0,7
12888,644,2305,977,0.8563791513442993,0,7
12889,644,2305,1237,0.6585283279418945,0,7
12890,644,2305,638,0.7844067215919495,0,7
12891,644,2305,1589,0.401841402053833,0,7
12892,644,2305,1342,0.762725830078125,0,7
12893,644,2305,381,0.583308219909668,0,7
12894,644,2305,377,0.5119114518165588,0,7
12895,644,2305,204,0.6456062197685242,0,7
12896,644,2305,352,0.49986639618873596,0,7
12897,644,2305,239,0.6575796604156494,0,7
12898,644,2305,548,0.52253657579422,0,7
12899,644,2305,2069,0.6701427698135376,0,7
12900,645,1976,101,0.41912761330604553,1,20
12901,645,1976,1442,0.49226874113082886,0,20
12902,645,1976,810,0.49954432249069214,0,20
12903,645,1976,2024,0.528607189655304,0,20
12904,645,1976,1070,0.4792804419994354,0,20
12905,645,1976,1127,0.47769418358802795,0,20
12906,645,1976,1438,0.4886622130870819,0,20
12907,645,1976,933,0.47358569502830505,0,20
12908,645,1976,1582,0.4843766987323761,0,20
12909,645,1976,803,0.4806916117668152,0,20
12910,645,1976,1415,0.5050278902053833,0,20
12911,645,1976,1515,0.4601364731788635,0,20
12912,645,1976,481,0.4999779462814331,0,20
12913,645,1976,724,0.4638636112213135,0,20
12914,645,1976,348,0.47648561000823975,0,20
12915,645,1976,619,0.5204038619995117,0,20
12916,645,1976,1468,0.4969005882740021,0,20
12917,645,1976,349,0.45910927653312683,0,20
12918,645,1976,1028,0.5299486517906189,0,20
12919,645,1976,830,0.48596256971359253,0,20
12920,646,2342,671,0.6001763343811035,1,1
12921,646,2342,1174,0.5828413963317871,0,1
12922,646,2342,917,0.5586134195327759,0,1
12923,646,2342,1626,0.5836734175682068,0,1
12924,646,2342,127,0.5697522163391113,0,1
12925,646,2342,718,0.5793868899345398,0,1
12926,646,2342,1897,0.5882171988487244,0,1
12927,646,2342,1192,0.5577106475830078,0,1
12928,646,2342,309,0.5910230278968811,0,1
12929,646,2342,2044,0.5273098945617676,0,1
12930,646,2342,871,0.5507010817527771,0,1
12931,646,2342,348,0.5684767365455627,0,1
12932,646,2342,1871,0.48142796754837036,0,1
12933,646,2342,1907,0.5373821258544922,0,1
12934,646,2342,1209,0.5931310057640076,0,1
12935,646,2342,1624,0.5540028214454651,0,1
12936,646,2342,107,0.5745154619216919,0,1
12937,646,2342,1891,0.5376117825508118,0,1
12938,646,2342,227,0.548296332359314,0,1
12939,646,2342,1132,0.4744410812854767,0,1
12940,647,3614,1906,0.49982649087905884,1,16
12941,647,3614,1030,0.5287289023399353,0,16
12942,647,3614,1712,0.4269728362560272,0,16
12943,647,3614,1893,0.5340302586555481,0,16
12944,647,3614,146,0.5418049693107605,0,16
12945,647,3614,876,0.5108435750007629,0,16
12946,647,3614,1262,0.502787172794342,0,16
12947,647,3614,969,0.5166969895362854,0,16
12948,647,3614,902,0.4978125989437103,0,16
12949,647,3614,1542,0.5008006691932678,0,16
12950,647,3614,141,0.510973334312439,0,16
12951,647,3614,1526,0.5214216709136963,0,16
12952,647,3614,40,0.3442451059818268,0,16
12953,647,3614,327,0.5007001161575317,0,16
12954,647,3614,1981,0.5361749529838562,0,16
12955,647,3614,187,0.5213387608528137,0,16
12956,647,3614,1736,0.5181872248649597,0,16
12957,647,3614,1564,0.4614274501800537,0,16
12958,647,3614,150,0.5292977094650269,0,16
12959,647,3614,1791,0.5166701078414917,0,16
12960,648,2426,668,0.5288063883781433,1,16
12961,648,2426,1705,0.5008360743522644,0,16
12962,648,2426,1256,0.538612425327301,0,16
12963,648,2426,962,0.3449781835079193,0,16
12964,648,2426,1241,0.5367074012756348,0,16
12965,648,2426,1639,0.5646267533302307,0,16
12966,648,2426,1551,0.5658073425292969,0,16
12967,648,2426,2053,0.5523265600204468,0,16
12968,648,2426,88,0.5516334176063538,0,16
12969,648,2426,1569,0.5419831275939941,0,16
12970,648,2426,1371,0.5590741634368896,0,16
12971,648,2426,1805,0.5477086305618286,0,16
12972,648,2426,114,0.5534452795982361,0,16
12973,648,2426,679,0.5568495988845825,0,16
12974,648,2426,1757,0.4746141731739044,0,16
12975,648,2426,872,0.5548176765441895,0,16
12976,648,2426,1804,0.5564916729927063,0,16
12977,648,2426,669,0.5483739972114563,0,16
12978,648,2426,206,0.5650782585144043,0,16
12979,648,2426,1942,0.40536433458328247,0,16
12980,649,2459,1057,0.5273395776748657,1,14
12981,649,2459,1471,0.5498827695846558,0,14
12982,649,2459,1142,0.5526982545852661,0,14
12983,649,2459,765,0.47511664032936096,0,14
12984,649,2459,1697,0.5417912006378174,0,14
12985,649,2459,472,0.5147309899330139,0,14
12986,649,2459,703,0.5400290489196777,0,14
12987,649,2459,336,0.5475216507911682,0,14
12988,649,2459,273,0.541093111038208,0,14
12989,649,2459,1120,0.48941388726234436,0,14
12990,649,2459,1328,0.5339502096176147,0,14
12991,649,2459,1780,0.5170589685440063,0,14
12992,649,2459,1146,0.5443813800811768,0,14
12993,649,2459,600,0.44179633259773254,0,14
12994,649,2459,1258,0.5317997932434082,0,14
12995,649,2459,189,0.5387682318687439,0,14
12996,649,2459,1803,0.531207263469696,0,14
12997,649,2459,888,0.5559980273246765,0,14
12998,649,2459,1150,0.3187994658946991,0,14
12999,649,2459,389,0.541848361492157,0,14
13000,650,3436,1630,0.8818778395652771,1,1
13001,650,3436,1091,0.8585653901100159,0,1
13002,650,3436,1711,0.7543549537658691,0,1
13003,650,3436,1387,0.726165235042572,0,1
13004,650,3436,1470,0.8347610235214233,0,1
13005,650,3436,1979,0.6564702987670898,0,1
13006,650,3436,1668,0.6563286781311035,0,1
13007,650,3436,830,0.8026202321052551,0,1
13008,650,3436,402,0.841973602771759,0,1
13009,650,3436,1180,0.7965671420097351,0,1
13010,650,3436,262,0.3794264793395996,0,1
13011,650,3436,1100,0.7328637838363647,0,1
13012,650,3436,984,0.7638853192329407,0,1
13013,650,3436,298,0.5996766686439514,0,1
13014,650,3436,725,0.7481794953346252,0,1
13015,650,3436,1826,0.6280419230461121,0,1
13016,650,3436,147,0.6938691735267639,0,1
13017,650,3436,688,0.6557387113571167,0,1
13018,650,3436,1364,0.7675372362136841,0,1
13019,650,3436,1000,0.37361377477645874,0,1
13020,651,3528,547,0.5671590566635132,1,18
13021,651,3528,141,0.607376217842102,0,18
13022,651,3528,1206,0.5890172719955444,0,18
13023,651,3528,292,0.5798866152763367,0,18
13024,651,3528,1111,0.5818728804588318,0,18
13025,651,3528,991,0.629954993724823,0,18
13026,651,3528,325,0.4316152036190033,0,18
13027,651,3528,46,0.5704982876777649,0,18
13028,651,3528,22,0.6243264675140381,0,18
13029,651,3528,1999,0.5962700843811035,0,18
13030,651,3528,949,0.582414448261261,0,18
13031,651,3528,453,0.5977362394332886,0,18
13032,651,3528,1537,0.5886873602867126,0,18
13033,651,3528,1668,0.5749965310096741,0,18
13034,651,3528,568,0.5419088006019592,0,18
13035,651,3528,1717,0.5825887322425842,0,18
13036,651,3528,1356,0.6250637173652649,0,18
13037,651,3528,450,0.5774050951004028,0,18
13038,651,3528,1300,0.6151635646820068,0,18
13039,651,3528,1095,0.6072632074356079,0,18
13040,652,3884,705,0.556058406829834,1,12
13041,652,3884,1261,0.535429835319519,0,12
13042,652,3884,1295,0.5769820213317871,0,12
13043,652,3884,295,0.5620892643928528,0,12
13044,652,3884,1402,0.5820195078849792,0,12
13045,652,3884,568,0.5352749228477478,0,12
13046,652,3884,1360,0.5752238035202026,0,12
13047,652,3884,199,0.5550445318222046,0,12
13048,652,3884,8,0.5754613876342773,0,12
13049,652,3884,2006,0.5413312315940857,0,12
13050,652,3884,783,0.565215528011322,0,12
13051,652,3884,197,0.5808355212211609,0,12
13052,652,3884,1081,0.5530418157577515,0,12
13053,652,3884,1508,0.5869441628456116,0,12
13054,652,3884,1623,0.5581350326538086,0,12
13055,652,3884,108,0.576187014579773,0,12
13056,652,3884,756,0.40071505308151245,0,12
13057,652,3884,639,0.5397080183029175,0,12
13058,652,3884,1584,0.5815203785896301,0,12
13059,652,3884,469,0.32611948251724243,0,12
13060,653,2723,1092,0.4269336760044098,1,18
13061,653,2723,668,0.5470784902572632,0,18
13062,653,2723,348,0.5824605822563171,0,18
13063,653,2723,1599,0.5645876526832581,0,18
13064,653,2723,1471,0.594696044921875,0,18
13065,653,2723,1382,0.5566126704216003,0,18
13066,653,2723,116,0.5668004155158997,0,18
13067,653,2723,1184,0.5140231251716614,0,18
13068,653,2723,1621,0.56462162733078,0,18
13069,653,2723,1474,0.5495837330818176,0,18
13070,653,2723,1219,0.6215476989746094,0,18
13071,653,2723,2041,0.5953625440597534,0,18
13072,653,2723,101,0.35615405440330505,0,18
13073,653,2723,1843,0.43298330903053284,0,18
13074,653,2723,601,0.5587337017059326,0,18
13075,653,2723,963,0.5900892019271851,0,18
13076,653,2723,228,0.5992081761360168,0,18
13077,653,2723,1430,0.610296368598938,0,18
13078,653,2723,1564,0.43298351764678955,0,18
13079,653,2723,1632,0.2969309985637665,0,18
13080,654,110,655,0.4186541438102722,1,20
13081,654,110,440,0.44266200065612793,0,20
13082,654,110,2016,0.4606269299983978,0,20
13083,654,110,1768,0.4620758295059204,0,20
13084,654,110,1105,0.44278833270072937,0,20
13085,654,110,354,0.48311367630958557,0,20
13086,654,110,1001,0.4644377529621124,0,20
13087,654,110,261,0.44639840722084045,0,20
13088,654,110,791,0.49178966879844666,0,20
13089,654,110,843,0.45608192682266235,0,20
13090,654,110,646,0.4220550060272217,0,20
13091,654,110,413,0.44811150431632996,0,20
13092,654,110,1461,0.42767685651779175,0,20
13093,654,110,1806,0.6823495626449585,0,20
13094,654,110,2010,0.4482017159461975,0,20
13095,654,110,1602,0.5225152373313904,0,20
13096,654,110,1805,0.5369890928268433,0,20
13097,654,110,768,0.4441426694393158,0,20
13098,654,110,859,0.4977594017982483,0,20
13099,654,110,1454,0.4561057686805725,0,20
13100,655,188,104,0.6703923940658569,1,1
13101,655,188,1584,0.20339810848236084,0,1
13102,655,188,485,0.23646049201488495,0,1
13103,655,188,828,0.15475352108478546,0,1
13104,655,188,1474,0.5618403553962708,0,1
13105,655,188,1222,0.19043192267417908,0,1
13106,655,188,1428,0.2014496624469757,0,1
13107,655,188,397,0.3709396421909332,0,1
13108,655,188,1587,0.25768324732780457,0,1
13109,655,188,1974,0.4082425832748413,0,1
13110,655,188,367,0.19928066432476044,0,1
13111,655,188,1148,0.45742833614349365,0,1
13112,655,188,1419,0.38898882269859314,0,1
13113,655,188,1327,0.5351260900497437,0,1
13114,655,188,1294,0.5533479452133179,0,1
13115,655,188,1182,0.09670652449131012,0,1
13116,655,188,987,0.6143259406089783,0,1
13117,655,188,239,0.3044886291027069,0,1
13118,655,188,1787,0.609203040599823,0,1
13119,655,188,716,0.2907930314540863,0,1
13120,656,1168,409,0.6566141247749329,1,11
13121,656,1168,1418,0.7104471921920776,0,11
13122,656,1168,140,0.6788613796234131,0,11
13123,656,1168,768,0.6768708825111389,0,11
13124,656,1168,170,0.6840564012527466,0,11
13125,656,1168,2025,0.6603878140449524,0,11
13126,656,1168,1520,0.650245189666748,0,11
13127,656,1168,1755,0.6597591042518616,0,11
13128,656,1168,606,0.6868988275527954,0,11
13129,656,1168,1089,0.6865090131759644,0,11
13130,656,1168,332,0.6543665528297424,0,11
13131,656,1168,912,0.7043126821517944,0,11
13132,656,1168,1410,0.7281069159507751,0,11
13133,656,1168,1185,0.6445549130439758,0,11
13134,656,1168,727,0.625504195690155,0,11
13135,656,1168,1440,0.6057157516479492,0,11
13136,656,1168,2072,0.6406574845314026,0,11
13137,656,1168,1580,0.5608453154563904,0,11
13138,656,1168,411,0.6559627652168274,0,11
13139,656,1168,1893,0.5636901259422302,0,11
13140,657,764,1956,0.5395768880844116,1,17
13141,657,764,1922,0.5488078594207764,0,17
13142,657,764,448,0.5547910332679749,0,17
13143,657,764,1570,0.5495858192443848,0,17
13144,657,764,1100,0.5516456961631775,0,17
13145,657,764,890,0.5790778994560242,0,17
13146,657,764,1680,0.5638450384140015,0,17
13147,657,764,1945,0.5469604730606079,0,17
13148,657,764,884,0.571248471736908,0,17
13149,657,764,771,0.57191002368927,0,17
13150,657,764,1795,0.4887044429779053,0,17
13151,657,764,1380,0.5616812109947205,0,17
13152,657,764,1831,0.5827497839927673,0,17
13153,657,764,1442,0.5704578161239624,0,17
13154,657,764,548,0.5249463319778442,0,17
13155,657,764,947,0.5767074823379517,0,17
13156,657,764,826,0.5662426948547363,0,17
13157,657,764,203,0.5728344321250916,0,17
13158,657,764,958,0.459799200296402,0,17
13159,657,764,675,0.5716052055358887,0,17
13160,658,681,970,0.548705518245697,1,7
13161,658,681,653,0.5397323966026306,0,7
13162,658,681,1692,0.5435512065887451,0,7
13163,658,681,1349,0.5357986688613892,0,7
13164,658,681,668,0.5324991345405579,0,7
13165,658,681,299,0.5479122996330261,0,7
13166,658,681,222,0.5414067506790161,0,7
13167,658,681,1855,0.5602447390556335,0,7
13168,658,681,2080,0.5642585158348083,0,7
13169,658,681,248,0.5374678373336792,0,7
13170,658,681,1301,0.5560107231140137,0,7
13171,658,681,665,0.5365318059921265,0,7
13172,658,681,1169,0.5612089037895203,0,7
13173,658,681,1546,0.5478053689002991,0,7
13174,658,681,386,0.527780294418335,0,7
13175,658,681,444,0.5463180541992188,0,7
13176,658,681,1263,0.5630433559417725,0,7
13177,658,681,994,0.5305576920509338,0,7
13178,658,681,701,0.5341494679450989,0,7
13179,658,681,1302,0.56185382604599,0,7
13180,659,1685,1373,0.4669721722602844,1,18
13181,659,1685,407,0.36601126194000244,0,18
13182,659,1685,1988,0.5539365410804749,0,18
13183,659,1685,33,0.5549749732017517,0,18
13184,659,1685,1507,0.420404314994812,0,18
13185,659,1685,1130,0.6151387095451355,0,18
13186,659,1685,234,0.6199216246604919,0,18
13187,659,1685,1521,0.48062998056411743,0,18
13188,659,1685,1349,0.5462142825126648,0,18
13189,659,1685,1739,0.46982601284980774,0,18
13190,659,1685,6,0.5547804236412048,0,18
13191,659,1685,1615,0.5839639902114868,0,18
13192,659,1685,1841,0.5669645071029663,0,18
13193,659,1685,2016,0.603211522102356,0,18
13194,659,1685,841,0.5306652188301086,0,18
13195,659,1685,286,0.5783665180206299,0,18
13196,659,1685,36,0.5733863711357117,0,18
13197,659,1685,713,0.6073938012123108,0,18
13198,659,1685,1420,0.6180062294006348,0,18
13199,659,1685,947,0.6031059622764587,0,18
13200,660,1225,567,0.6194971799850464,1,2
13201,660,1225,2020,0.38006192445755005,0,2
13202,660,1225,1831,0.19462202489376068,0,2
13203,660,1225,1457,0.16071246564388275,0,2
13204,660,1225,519,0.44357630610466003,0,2
13205,660,1225,558,0.28785571455955505,0,2
13206,660,1225,1825,0.6265562772750854,0,2
13207,660,1225,1940,0.37293344736099243,0,2
13208,660,1225,403,0.37166672945022583,0,2
13209,660,1225,762,0.15383437275886536,0,2
13210,660,1225,1988,0.3464413285255432,0,2
13211,660,1225,1447,0.4082731008529663,0,2
13212,660,1225,1724,0.1814134120941162,0,2
13213,660,1225,542,0.378765732049942,0,2
13214,660,1225,1821,0.2425706386566162,0,2
13215,660,1225,386,0.30346062779426575,0,2
13216,660,1225,1015,0.1674373745918274,0,2
13217,660,1225,844,0.36166948080062866,0,2
13218,660,1225,220,0.2645680010318756,0,2
13219,660,1225,11,0.23033937811851501,0,2
13220,661,1848,1509,0.5783004760742188,1,2
13221,661,1848,877,0.2789909541606903,0,2
13222,661,1848,78,0.5340201258659363,0,2
13223,661,1848,2033,0.4091707170009613,0,2
13224,661,1848,1800,0.20940054953098297,0,2
13225,661,1848,392,0.31947848200798035,0,2
13226,661,1848,167,0.5507262945175171,0,2
13227,661,1848,2071,0.2505386471748352,0,2
13228,661,1848,1644,0.5849994421005249,0,2
13229,661,1848,1617,0.5160964727401733,0,2
13230,661,1848,85,0.2306452840566635,0,2
13231,661,1848,1790,0.5305550694465637,0,2
13232,661,1848,81,0.2510673403739929,0,2
13233,661,1848,198,0.20167435705661774,0,2
13234,661,1848,1319,0.30336880683898926,0,2
13235,661,1848,612,0.3150642514228821,0,2
13236,661,1848,1028,0.48254096508026123,0,2
13237,661,1848,1346,0.2064225971698761,0,2
13238,661,1848,731,0.34864604473114014,0,2
13239,661,1848,1710,0.4568893015384674,0,2
13240,662,3419,1647,0.6134039163589478,1,15
13241,662,3419,1653,0.7324934005737305,0,15
13242,662,3419,720,0.6142596006393433,0,15
13243,662,3419,1061,0.7179128527641296,0,15
13244,662,3419,1104,0.35733914375305176,0,15
13245,662,3419,1842,0.7098023891448975,0,15
13246,662,3419,77,0.6701540946960449,0,15
13247,662,3419,47,0.7418856620788574,0,15
13248,662,3419,1022,0.731215238571167,0,15
13249,662,3419,1041,0.43872004747390747,0,15
13250,662,3419,1823,0.4226763844490051,0,15
13251,662,3419,1378,0.7097909450531006,0,15
13252,662,3419,1896,0.7163769602775574,0,15
13253,662,3419,847,0.5295553803443909,0,15
13254,662,3419,1804,0.729171872138977,0,15
13255,662,3419,649,0.6216034293174744,0,15
13256,662,3419,1196,0.7097113728523254,0,15
13257,662,3419,165,0.6935104131698608,0,15
13258,662,3419,494,0.6107743978500366,0,15
13259,662,3419,115,0.6577659845352173,0,15
13260,663,3157,925,0.6285430192947388,1,12
13261,663,3157,1544,0.5994306206703186,0,12
13262,663,3157,1894,0.4848376214504242,0,12
13263,663,3157,1075,0.6158183217048645,0,12
13264,663,3157,1315,0.64056795835495,0,12
13265,663,3157,218,0.5309981107711792,0,12
13266,663,3157,1752,0.5765352249145508,0,12
13267,663,3157,311,0.5573955774307251,0,12
13268,663,3157,1233,0.6163792610168457,0,12
13269,663,3157,673,0.6319848895072937,0,12
13270,663,3157,1344,0.6573566198348999,0,12
13271,663,3157,1098,0.7097413539886475,0,12
13272,663,3157,358,0.7440427541732788,0,12
13273,663,3157,1010,0.715156078338623,0,12
13274,663,3157,1281,0.6738619208335876,0,12
13275,663,3157,1105,0.6566886901855469,0,12
13276,663,3157,1716,0.6635046005249023,0,12
13277,663,3157,1135,0.6641486287117004,0,12
13278,663,3157,1604,0.6521082520484924,0,12
13279,663,3157,1249,0.6166043877601624,0,12
13280,664,1079,566,0.2964164614677429,1,11
13281,664,1079,1044,0.38931673765182495,0,11
13282,664,1079,875,0.22801175713539124,0,11
13283,664,1079,592,0.24064335227012634,0,11
13284,664,1079,760,0.5199068784713745,0,11
13285,664,1079,1730,0.49849268794059753,0,11
13286,664,1079,294,0.29353442788124084,0,11
13287,664,1079,1775,0.38045933842658997,0,11
13288,664,1079,966,0.313375324010849,0,11
13289,664,1079,761,0.26110804080963135,0,11
13290,664,1079,485,0.3065837323665619,0,11
13291,664,1079,1013,0.3104460537433624,0,11
13292,664,1079,1503,0.2898204028606415,0,11
13293,664,1079,719,0.49699679017066956,0,11
13294,664,1079,1291,0.2409668117761612,0,11
13295,664,1079,359,0.27274999022483826,0,11
13296,664,1079,998,0.3023616075515747,0,11
13297,664,1079,565,0.19541582465171814,0,11
13298,664,1079,327,0.3008666932582855,0,11
13299,664,1079,1934,0.2665436267852783,0,11
13300,665,585,989,0.5618695616722107,1,2
13301,665,585,741,0.34705331921577454,0,2
13302,665,585,1799,0.573013961315155,0,2
13303,665,585,364,0.5190380811691284,0,2
13304,665,585,1263,0.33471766114234924,0,2
13305,665,585,423,0.36548617482185364,0,2
13306,665,585,1237,0.38254308700561523,0,2
13307,665,585,2007,0.33569228649139404,0,2
13308,665,585,1798,0.33426427841186523,0,2
13309,665,585,30,0.3508254885673523,0,2
13310,665,585,1713,0.26059162616729736,0,2
13311,665,585,353,0.26984158158302307,0,2
13312,665,585,13,0.496562659740448,0,2
13313,665,585,82,0.5165676474571228,0,2
13314,665,585,751,0.359281063079834,0,2
13315,665,585,646,0.2765554189682007,0,2
13316,665,585,1732,0.47615304589271545,0,2
13317,665,585,1199,0.3095703125,0,2
13318,665,585,1165,0.2961294949054718,0,2
13319,665,585,1422,0.31777942180633545,0,2
13320,666,2059,1951,0.5267747044563293,1,12
13321,666,2059,2054,0.5355798602104187,0,12
13322,666,2059,435,0.5400104522705078,0,12
13323,666,2059,1949,0.5189095139503479,0,12
13324,666,2059,662,0.5284495949745178,0,12
13325,666,2059,1802,0.5023818016052246,0,12
13326,666,2059,763,0.5205188989639282,0,12
13327,666,2059,986,0.543201208114624,0,12
13328,666,2059,505,0.5369327068328857,0,12
13329,666,2059,1577,0.528250515460968,0,12
13330,666,2059,133,0.5199741125106812,0,12
13331,666,2059,1385,0.5499916076660156,0,12
13332,666,2059,1742,0.5349306464195251,0,12
13333,666,2059,39,0.5244168043136597,0,12
13334,666,2059,1927,0.5442133545875549,0,12
13335,666,2059,426,0.479086697101593,0,12
13336,666,2059,917,0.5372110605239868,0,12
13337,666,2059,256,0.4852779507637024,0,12
13338,666,2059,785,0.5407429337501526,0,12
13339,666,2059,775,0.5117987394332886,0,12
13340,667,1213,1846,0.3614319860935211,1,20
13341,667,1213,67,0.5575081706047058,0,20
13342,667,1213,1762,0.36413487792015076,0,20
13343,667,1213,1624,0.5640031099319458,0,20
13344,667,1213,1089,0.6053582429885864,0,20
13345,667,1213,1562,0.6042587757110596,0,20
13346,667,1213,579,0.37300437688827515,0,20
13347,667,1213,1944,0.5600140690803528,0,20
13348,667,1213,1955,0.5664011836051941,0,20
13349,667,1213,920,0.6050140857696533,0,20
13350,667,1213,195,0.6006637215614319,0,20
13351,667,1213,1083,0.5596544742584229,0,20
13352,667,1213,184,0.6000289916992188,0,20
13353,667,1213,930,0.40013349056243896,0,20
13354,667,1213,725,0.5751515030860901,0,20
13355,667,1213,218,0.5412576794624329,0,20
13356,667,1213,1726,0.6295191645622253,0,20
13357,667,1213,2028,0.46540015935897827,0,20
13358,667,1213,1909,0.5702309608459473,0,20
13359,667,1213,248,0.5424039959907532,0,20
13360,668,2932,1103,0.06631585955619812,1,7
13361,668,2932,1166,0.0529942661523819,0,7
13362,668,2932,1122,0.6521357893943787,0,7
13363,668,2932,565,0.02097509801387787,0,7
13364,668,2932,571,0.06579063832759857,0,7
13365,668,2932,170,0.0513615645468235,0,7
13366,668,2932,928,0.013926075771450996,0,7
13367,668,2932,1442,0.06848464906215668,0,7
13368,668,2932,582,0.022714655846357346,0,7
13369,668,2932,577,0.05777828395366669,0,7
13370,668,2932,81,0.04180335998535156,0,7
13371,668,2932,716,0.1069619357585907,0,7
13372,668,2932,2034,0.5359262824058533,0,7
13373,668,2932,1606,0.11520374566316605,0,7
13374,668,2932,1418,0.028331756591796875,0,7
13375,668,2932,226,0.11410049349069595,0,7
13376,668,2932,418,0.023738829419016838,0,7
13377,668,2932,1070,0.051239632070064545,0,7
13378,668,2932,1156,0.025246331468224525,0,7
13379,668,2932,1037,0.03155720978975296,0,7
13380,669,381,229,0.5365267992019653,1,1
13381,669,381,995,0.533226728439331,0,1
13382,669,381,76,0.42741093039512634,0,1
13383,669,381,2045,0.4394725561141968,0,1
13384,669,381,830,0.40643835067749023,0,1
13385,669,381,1985,0.3788626790046692,0,1
13386,669,381,1214,0.3384416401386261,0,1
13387,669,381,347,0.445028156042099,0,1
13388,669,381,1294,0.46844857931137085,0,1
13389,669,381,348,0.4025481343269348,0,1
13390,669,381,1055,0.3642403483390808,0,1
13391,669,381,86,0.5343728065490723,0,1
13392,669,381,632,0.4473845064640045,0,1
13393,669,381,1635,0.4594641625881195,0,1
13394,669,381,413,0.3965393602848053,0,1
13395,669,381,646,0.3871944546699524,0,1
13396,669,381,1548,0.49265366792678833,0,1
13397,669,381,1311,0.44166114926338196,0,1
13398,669,381,94,0.42044395208358765,0,1
13399,669,381,1104,0.42256951332092285,0,1
13400,670,3089,511,0.47828957438468933,1,6
13401,670,3089,1236,0.2898610830307007,0,6
13402,670,3089,409,0.41937553882598877,0,6
13403,670,3089,163,0.3990510106086731,0,6
13404,670,3089,55,0.4543890953063965,0,6
13405,670,3089,2025,0.4077247977256775,0,6
13406,670,3089,1669,0.46297362446784973,0,6
13407,670,3089,992,0.518333375453949,0,6
13408,670,3089,241,0.43666768074035645,0,6
13409,670,3089,1557,0.505121648311615,0,6
13410,670,3089,1706,0.45637544989585876,0,6
13411,670,3089,1975,0.3038322329521179,0,6
13412,670,3089,1738,0.4076452851295471,0,6
13413,670,3089,2038,0.5423724055290222,0,6
13414,670,3089,1980,0.5658945441246033,0,6
13415,670,3089,2061,0.4096126854419708,0,6
13416,670,3089,1350,0.3725351393222809,0,6
13417,670,3089,619,0.4884577989578247,0,6
13418,670,3089,1607,0.31442728638648987,0,6
13419,670,3089,2043,0.39030513167381287,0,6
13420,671,777,202,0.450969398021698,1,8
13421,671,777,825,0.4229227304458618,0,8
13422,671,777,1868,0.4825257658958435,0,8
13423,671,777,537,0.3609231114387512,0,8
13424,671,777,1495,0.3888031244277954,0,8
13425,671,777,884,0.4062822461128235,0,8
13426,671,777,971,0.4323621690273285,0,8
13427,671,777,715,0.4058704376220703,0,8
13428,671,777,469,0.34640178084373474,0,8
13429,671,777,889,0.4740350544452667,0,8
13430,671,777,190,0.46051689982414246,0,8
13431,671,777,201,0.42581525444984436,0,8
13432,671,777,1855,0.4176473021507263,0,8
13433,671,777,589,0.4714203178882599,0,8
13434,671,777,934,0.4067872166633606,0,8
13435,671,777,1722,0.4598517417907715,0,8
13436,671,777,702,0.5900310277938843,0,8
13437,671,777,1314,0.43154555559158325,0,8
13438,671,777,551,0.39953938126564026,0,8
13439,671,777,1698,0.46328678727149963,0,8
13440,672,1473,919,0.45275017619132996,1,18
13441,672,1473,1203,0.5308483839035034,0,18
13442,672,1473,1432,0.5575584769248962,0,18
13443,672,1473,1277,0.5772630572319031,0,18
13444,672,1473,647,0.5751766562461853,0,18
13445,672,1473,314,0.5239184498786926,0,18
13446,672,1473,579,0.3664143979549408,0,18
13447,672,1473,860,0.5540614724159241,0,18
13448,672,1473,1417,0.5307926535606384,0,18
13449,672,1473,350,0.5511371493339539,0,18
13450,672,1473,1089,0.5475815534591675,0,18
13451,672,1473,611,0.5607357621192932,0,18
13452,672,1473,1577,0.5475760102272034,0,18
13453,672,1473,744,0.5638432502746582,0,18
13454,672,1473,889,0.5470234751701355,0,18
13455,672,1473,268,0.5639151930809021,0,18
13456,672,1473,913,0.4084087014198303,0,18
13457,672,1473,1205,0.4994918406009674,0,18
13458,672,1473,351,0.5315179824829102,0,18
13459,672,1473,1979,0.5521484613418579,0,18
13460,673,3888,603,0.5465211868286133,1,14
13461,673,3888,1081,0.550925076007843,0,14
13462,673,3888,1641,0.3583813011646271,0,14
13463,673,3888,1745,0.5610049366950989,0,14
13464,673,3888,505,0.5536711812019348,0,14
13465,673,3888,827,0.5552988648414612,0,14
13466,673,3888,1247,0.5480039715766907,0,14
13467,673,3888,1855,0.5805139541625977,0,14
13468,673,3888,1373,0.4592902660369873,0,14
13469,673,3888,1887,0.5750451683998108,0,14
13470,673,3888,980,0.43472427129745483,0,14
13471,673,3888,861,0.3535039722919464,0,14
13472,673,3888,341,0.5549530982971191,0,14
13473,673,3888,2053,0.5705656409263611,0,14
13474,673,3888,1215,0.5868166089057922,0,14
13475,673,3888,1028,0.5516231060028076,0,14
13476,673,3888,733,0.5217581391334534,0,14
13477,673,3888,1698,0.5447279214859009,0,14
13478,673,3888,1129,0.5572308897972107,0,14
13479,673,3888,1411,0.5839040875434875,0,14
13480,674,1152,717,0.5790243148803711,1,10
13481,674,1152,21,0.5803523063659668,0,10
13482,674,1152,221,0.6186485290527344,0,10
13483,674,1152,499,0.5425379872322083,0,10
13484,674,1152,1420,0.6177316308021545,0,10
13485,674,1152,14,0.6216735243797302,0,10
13486,674,1152,713,0.6154950857162476,0,10
13487,674,1152,2075,0.5539463758468628,0,10
13488,674,1152,671,0.6183502674102783,0,10
13489,674,1152,1671,0.41066616773605347,0,10
13490,674,1152,53,0.5709629058837891,0,10
13491,674,1152,1513,0.48334673047065735,0,10
13492,674,1152,1195,0.5789890289306641,0,10
13493,674,1152,1218,0.4540698528289795,0,10
13494,674,1152,1844,0.377002477645874,0,10
13495,674,1152,774,0.6083965301513672,0,10
13496,674,1152,34,0.6118215918540955,0,10
13497,674,1152,1767,0.5623193383216858,0,10
13498,674,1152,1132,0.47053343057632446,0,10
13499,674,1152,15,0.6040606498718262,0,10
13500,675,903,30,0.5468024611473083,1,13
13501,675,903,1665,0.5788158774375916,0,13
13502,675,903,1947,0.5876481533050537,0,13
13503,675,903,1400,0.49227771162986755,0,13
13504,675,903,121,0.5915060639381409,0,13
13505,675,903,1956,0.5392510890960693,0,13
13506,675,903,697,0.5130591988563538,0,13
13507,675,903,1242,0.5955544114112854,0,13
13508,675,903,322,0.5841555595397949,0,13
13509,675,903,176,0.47314050793647766,0,13
13510,675,903,1841,0.5534927845001221,0,13
13511,675,903,297,0.47585198283195496,0,13
13512,675,903,675,0.579567551612854,0,13
13513,675,903,632,0.5601421594619751,0,13
13514,675,903,956,0.6120280623435974,0,13
13515,675,903,1763,0.5489038228988647,0,13
13516,675,903,2037,0.5238305926322937,0,13
13517,675,903,783,0.5687993764877319,0,13
13518,675,903,642,0.5520078539848328,0,13
13519,675,903,1002,0.46794554591178894,0,13
13520,676,4064,515,0.5576792359352112,1,11
13521,676,4064,1705,0.4877611994743347,0,11
13522,676,4064,1050,0.557846188545227,0,11
13523,676,4064,714,0.5631392598152161,0,11
13524,676,4064,97,0.41714081168174744,0,11
13525,676,4064,1944,0.5510454773902893,0,11
13526,676,4064,1091,0.6002098321914673,0,11
13527,676,4064,846,0.5756483674049377,0,11
13528,676,4064,451,0.4612153172492981,0,11
13529,676,4064,1411,0.5865330100059509,0,11
13530,676,4064,1361,0.46981483697891235,0,11
13531,676,4064,1702,0.5729252696037292,0,11
13532,676,4064,1214,0.33967506885528564,0,11
13533,676,4064,1559,0.462384432554245,0,11
13534,676,4064,470,0.5792396068572998,0,11
13535,676,4064,1065,0.5388567447662354,0,11
13536,676,4064,995,0.44321611523628235,0,11
13537,676,4064,1113,0.5933606624603271,0,11
13538,676,4064,1339,0.5708994269371033,0,11
13539,676,4064,858,0.5692397356033325,0,11
13540,677,3516,1914,0.49862271547317505,1,19
13541,677,3516,48,0.552210807800293,0,19
13542,677,3516,1635,0.5318776369094849,0,19
13543,677,3516,3,0.548943817615509,0,19
13544,677,3516,1431,0.5491397380828857,0,19
13545,677,3516,1758,0.5278466939926147,0,19
13546,677,3516,985,0.5258762836456299,0,19
13547,677,3516,793,0.5281931757926941,0,19
13548,677,3516,1267,0.5555351972579956,0,19
13549,677,3516,1963,0.536570131778717,0,19
13550,677,3516,1446,0.5607718229293823,0,19
13551,677,3516,978,0.43402528762817383,0,19
13552,677,3516,1551,0.551184892654419,0,19
13553,677,3516,591,0.5429662466049194,0,19
13554,677,3516,774,0.5503448247909546,0,19
13555,677,3516,1731,0.5565854907035828,0,19
13556,677,3516,858,0.5424278974533081,0,19
13557,677,3516,1030,0.5421359539031982,0,19
13558,677,3516,1563,0.540136456489563,0,19
13559,677,3516,1216,0.5524004101753235,0,19
13560,678,1017,656,0.132219135761261,1,10
13561,678,1017,540,0.39513394236564636,0,10
13562,678,1017,1503,0.06608878821134567,0,10
13563,678,1017,1382,0.3763614296913147,0,10
13564,678,1017,545,0.08343293517827988,0,10
13565,678,1017,1996,0.431241512298584,0,10
13566,678,1017,206,0.05161074921488762,0,10
13567,678,1017,1179,0.04789578914642334,0,10
13568,678,1017,83,0.15675237774848938,0,10
13569,678,1017,1915,0.07700841873884201,0,10
13570,678,1017,992,0.4727189242839813,0,10
13571,678,1017,178,0.09749213606119156,0,10
13572,678,1017,166,0.09453140199184418,0,10
13573,678,1017,1713,0.04669652506709099,0,10
13574,678,1017,735,0.1551576852798462,0,10
13575,678,1017,291,0.18443259596824646,0,10
13576,678,1017,573,0.04031243920326233,0,10
13577,678,1017,1693,0.6964653730392456,0,10
13578,678,1017,71,0.8193591237068176,0,10
13579,678,1017,516,0.08324172347784042,0,10
13580,679,1115,1520,0.4719809591770172,1,16
13581,679,1115,890,0.4681519567966461,0,16
13582,679,1115,630,0.4798996150493622,0,16
13583,679,1115,1557,0.5376231074333191,0,16
13584,679,1115,1486,0.5261600017547607,0,16
13585,679,1115,1898,0.4860292375087738,0,16
13586,679,1115,1055,0.4901334345340729,0,16
13587,679,1115,1429,0.4716070294380188,0,16
13588,679,1115,552,0.5222201943397522,0,16
13589,679,1115,346,0.48172295093536377,0,16
13590,679,1115,1978,0.4754081964492798,0,16
13591,679,1115,60,0.48698270320892334,0,16
13592,679,1115,289,0.5429190993309021,0,16
13593,679,1115,75,0.47087499499320984,0,16
13594,679,1115,1626,0.5102410912513733,0,16
13595,679,1115,879,0.4824019968509674,0,16
13596,679,1115,1942,0.426835834980011,0,16
13597,679,1115,866,0.5363093614578247,0,16
13598,679,1115,1357,0.4826900064945221,0,16
13599,679,1115,1407,0.5574897527694702,0,16
13600,680,3160,1745,0.4334571659564972,1,13
13601,680,3160,372,0.4328063726425171,0,13
13602,680,3160,1329,0.3649822175502777,0,13
13603,680,3160,1902,0.46487191319465637,0,13
13604,680,3160,812,0.4198972284793854,0,13
13605,680,3160,1232,0.5082844495773315,0,13
13606,680,3160,1716,0.43618687987327576,0,13
13607,680,3160,1503,0.4297674298286438,0,13
13608,680,3160,554,0.45089662075042725,0,13
13609,680,3160,538,0.4268011152744293,0,13
13610,680,3160,586,0.45334798097610474,0,13
13611,680,3160,1533,0.5354614853858948,0,13
13612,680,3160,1574,0.5072417855262756,0,13
13613,680,3160,276,0.41590410470962524,0,13
13614,680,3160,426,0.49219653010368347,0,13
13615,680,3160,998,0.4516228437423706,0,13
13616,680,3160,712,0.4515180289745331,0,13
13617,680,3160,509,0.425661563873291,0,13
13618,680,3160,1906,0.44219428300857544,0,13
13619,680,3160,1834,0.46125349402427673,0,13
13620,681,1036,1571,0.5424177050590515,1,3
13621,681,1036,855,0.4988812804222107,0,3
13622,681,1036,618,0.5364800095558167,0,3
13623,681,1036,781,0.520185112953186,0,3
13624,681,1036,93,0.5390151143074036,0,3
13625,681,1036,282,0.5446512699127197,0,3
13626,681,1036,1576,0.48955437541007996,0,3
13627,681,1036,1773,0.5333213210105896,0,3
13628,681,1036,1493,0.554286003112793,0,3
13629,681,1036,191,0.5122883915901184,0,3
13630,681,1036,2047,0.5331462025642395,0,3
13631,681,1036,548,0.5248095393180847,0,3
13632,681,1036,1107,0.41729629039764404,0,3
13633,681,1036,1267,0.5141786336898804,0,3
13634,681,1036,1985,0.5117828845977783,0,3
13635,681,1036,1728,0.46577557921409607,0,3
13636,681,1036,1059,0.5065104961395264,0,3
13637,681,1036,1251,0.513279139995575,0,3
13638,681,1036,1798,0.514723539352417,0,3
13639,681,1036,1631,0.5357150435447693,0,3
13640,682,2650,863,0.47408533096313477,1,7
13641,682,2650,975,0.41376161575317383,0,7
13642,682,2650,1428,0.4027680456638336,0,7
13643,682,2650,1960,0.4266442656517029,0,7
13644,682,2650,1975,0.3417416512966156,0,7
13645,682,2650,1105,0.40029653906822205,0,7
13646,682,2650,951,0.40038546919822693,0,7
13647,682,2650,1579,0.5792768001556396,0,7
13648,682,2650,914,0.5581369996070862,0,7
13649,682,2650,965,0.3912203311920166,0,7
13650,682,2650,1097,0.39702343940734863,0,7
13651,682,2650,1623,0.5205734968185425,0,7
13652,682,2650,144,0.5268715023994446,0,7
13653,682,2650,207,0.4844363331794739,0,7
13654,682,2650,426,0.5410479307174683,0,7
13655,682,2650,1180,0.42609235644340515,0,7
13656,682,2650,77,0.3906002640724182,0,7
13657,682,2650,2016,0.41560783982276917,0,7
13658,682,2650,1187,0.408348947763443,0,7
13659,682,2650,1027,0.4463270902633667,0,7
13660,683,1900,1559,0.4619292914867401,1,16
13661,683,1900,40,0.2957860827445984,0,16
13662,683,1900,1970,0.6569173336029053,0,16
13663,683,1900,108,0.6123825311660767,0,16
13664,683,1900,736,0.5994203090667725,0,16
13665,683,1900,948,0.32577815651893616,0,16
13666,683,1900,2009,0.6248615980148315,0,16
13667,683,1900,532,0.5943973064422607,0,16
13668,683,1900,111,0.6000080108642578,0,16
13669,683,1900,1848,0.44398218393325806,0,16
13670,683,1900,787,0.5998053550720215,0,16
13671,683,1900,1976,0.5130017399787903,0,16
13672,683,1900,778,0.42810991406440735,0,16
13673,683,1900,1890,0.5935369729995728,0,16
13674,683,1900,764,0.6102062463760376,0,16
13675,683,1900,1787,0.5045570731163025,0,16
13676,683,1900,940,0.5896323919296265,0,16
13677,683,1900,947,0.6311154961585999,0,16
13678,683,1900,1583,0.6381940841674805,0,16
13679,683,1900,1193,0.5645769238471985,0,16
13680,684,617,400,0.6812098026275635,1,12
13681,684,617,130,0.7405065894126892,0,12
13682,684,617,1137,0.3395773768424988,0,12
13683,684,617,1882,0.6926786303520203,0,12
13684,684,617,546,0.7542428970336914,0,12
13685,684,617,1107,0.4011821746826172,0,12
13686,684,617,1751,0.6536795496940613,0,12
13687,684,617,2042,0.6909079551696777,0,12
13688,684,617,1923,0.7451452016830444,0,12
13689,684,617,615,0.7123829126358032,0,12
13690,684,617,1177,0.7028324007987976,0,12
13691,684,617,1336,0.7341489791870117,0,12
13692,684,617,1621,0.6970385909080505,0,12
13693,684,617,1899,0.7409517168998718,0,12
13694,684,617,1695,0.6714465022087097,0,12
13695,684,617,1973,0.6541800498962402,0,12
13696,684,617,362,0.7785776853561401,0,12
13697,684,617,345,0.2687981426715851,0,12
13698,684,617,760,0.3499363362789154,0,12
13699,684,617,1008,0.5502877235412598,0,12
13700,685,820,1403,0.46612441539764404,1,14
13701,685,820,55,0.43564310669898987,0,14
13702,685,820,762,0.48370686173439026,0,14
13703,685,820,852,0.47768688201904297,0,14
13704,685,820,495,0.423064261674881,0,14
13705,685,820,691,0.5074330568313599,0,14
13706,685,820,498,0.46357816457748413,0,14
13707,685,820,148,0.5564831495285034,0,14
13708,685,820,1825,0.5905942916870117,0,14
13709,685,820,1854,0.44950708746910095,0,14
13710,685,820,864,0.5018613934516907,0,14
13711,685,820,435,0.5269837975502014,0,14
13712,685,820,1444,0.47361817955970764,0,14
13713,685,820,1630,0.4353594183921814,0,14
13714,685,820,1202,0.5172950625419617,0,14
13715,685,820,855,0.44561633467674255,0,14
13716,685,820,2066,0.5152703523635864,0,14
13717,685,820,1442,0.4854288101196289,0,14
13718,685,820,868,0.4817144274711609,0,14
13719,685,820,1130,0.4806438684463501,0,14
13720,686,205,1136,0.17327657341957092,1,19
13721,686,205,817,0.313372403383255,0,19
13722,686,205,1171,0.22420018911361694,0,19
13723,686,205,1818,0.47155267000198364,0,19
13724,686,205,1973,0.36384955048561096,0,19
13725,686,205,276,0.2133430540561676,0,19
13726,686,205,373,0.5354763269424438,0,19
13727,686,205,1111,0.3305424153804779,0,19
13728,686,205,1017,0.21805746853351593,0,19
13729,686,205,484,0.3478483557701111,0,19
13730,686,205,1625,0.316853404045105,0,19
13731,686,205,164,0.23335520923137665,0,19
13732,686,205,1562,0.27221256494522095,0,19
13733,686,205,1234,0.47877559065818787,0,19
13734,686,205,285,0.30720147490501404,0,19
13735,686,205,1332,0.12312787771224976,0,19
13736,686,205,394,0.34530308842658997,0,19
13737,686,205,1918,0.5788251161575317,0,19
13738,686,205,1174,0.2424696981906891,0,19
13739,686,205,139,0.5342133641242981,0,19
13740,687,821,1278,0.680209219455719,1,1
13741,687,821,974,0.2971787750720978,0,1
13742,687,821,117,0.577799916267395,0,1
13743,687,821,989,0.5358465909957886,0,1
13744,687,821,1647,0.4049522280693054,0,1
13745,687,821,1564,0.514261782169342,0,1
13746,687,821,1211,0.2446690946817398,0,1
13747,687,821,1571,0.5340043306350708,0,1
13748,687,821,1146,0.26681676506996155,0,1
13749,687,821,959,0.5659298896789551,0,1
13750,687,821,1611,0.3527292311191559,0,1
13751,687,821,509,0.3166797161102295,0,1
13752,687,821,811,0.30568909645080566,0,1
13753,687,821,2064,0.3029816746711731,0,1
13754,687,821,979,0.3658648133277893,0,1
13755,687,821,491,0.3340412378311157,0,1
13756,687,821,910,0.2729238271713257,0,1
13757,687,821,1548,0.496622771024704,0,1
13758,687,821,1849,0.3803861141204834,0,1
13759,687,821,1092,0.47881123423576355,0,1
13760,688,738,13,0.45384737849235535,1,10
13761,688,738,756,0.42882558703422546,0,10
13762,688,738,863,0.4614029824733734,0,10
13763,688,738,435,0.5104776620864868,0,10
13764,688,738,318,0.42456138134002686,0,10
13765,688,738,246,0.47925645112991333,0,10
13766,688,738,757,0.4191090166568756,0,10
13767,688,738,1162,0.46760210394859314,0,10
13768,688,738,1596,0.41262683272361755,0,10
13769,688,738,1199,0.4334098696708679,0,10
13770,688,738,2039,0.440325528383255,0,10
13771,688,738,483,0.4638386368751526,0,10
13772,688,738,527,0.4662100076675415,0,10
13773,688,738,1553,0.5356436371803284,0,10
13774,688,738,1461,0.401043176651001,0,10
13775,688,738,1578,0.4367339313030243,0,10
13776,688,738,1348,0.4036409258842468,0,10
13777,688,738,155,0.5151613354682922,0,10
13778,688,738,1077,0.515005350112915,0,10
13779,688,738,1154,0.4344489574432373,0,10
13780,689,1920,1877,0.6352090239524841,1,1
13781,689,1920,1762,0.4298340976238251,0,1
13782,689,1920,896,0.35677236318588257,0,1
13783,689,1920,457,0.4842369854450226,0,1
13784,689,1920,1087,0.3189535140991211,0,1
13785,689,1920,1161,0.31473973393440247,0,1
13786,689,1920,35,0.43947145342826843,0,1
13787,689,1920,1337,0.33912521600723267,0,1
13788,689,1920,1736,0.2767525315284729,0,1
13789,689,1920,1158,0.4044701159000397,0,1
13790,689,1920,2050,0.4383784234523773,0,1
13791,689,1920,1824,0.3789990246295929,0,1
13792,689,1920,759,0.22103074193000793,0,1
13793,689,1920,959,0.5930545926094055,0,1
13794,689,1920,681,0.3619919419288635,0,1
13795,689,1920,1884,0.4863263964653015,0,1
13796,689,1920,1011,0.6288983821868896,0,1
13797,689,1920,1387,0.31841814517974854,0,1
13798,689,1920,231,0.4714823365211487,0,1
13799,689,1920,536,0.403697669506073,0,1
13800,690,984,1725,0.5150971412658691,1,18
13801,690,984,1196,0.5579090714454651,0,18
13802,690,984,1269,0.5556031465530396,0,18
13803,690,984,1928,0.5433997511863708,0,18
13804,690,984,1888,0.5391759872436523,0,18
13805,690,984,560,0.5582245588302612,0,18
13806,690,984,783,0.554109513759613,0,18
13807,690,984,1221,0.5538858771324158,0,18
13808,690,984,1658,0.44726070761680603,0,18
13809,690,984,1163,0.5607786178588867,0,18
13810,690,984,1091,0.5753279328346252,0,18
13811,690,984,2012,0.5650148987770081,0,18
13812,690,984,624,0.3795904815196991,0,18
13813,690,984,170,0.5693075060844421,0,18
13814,690,984,1111,0.5422540307044983,0,18
13815,690,984,167,0.5385894775390625,0,18
13816,690,984,1781,0.5691723823547363,0,18
13817,690,984,1789,0.5512523055076599,0,18
13818,690,984,1464,0.5723510980606079,0,18
13819,690,984,857,0.5476671457290649,0,18
13820,691,1426,1367,0.4732331335544586,1,12
13821,691,1426,642,0.5243306159973145,0,12
13822,691,1426,865,0.4643564820289612,0,12
13823,691,1426,873,0.48916053771972656,0,12
13824,691,1426,1410,0.4579460918903351,0,12
13825,691,1426,155,0.5215795636177063,0,12
13826,691,1426,336,0.48896777629852295,0,12
13827,691,1426,401,0.4854063391685486,0,12
13828,691,1426,99,0.47488054633140564,0,12
13829,691,1426,565,0.43513384461402893,0,12
13830,691,1426,1269,0.4865208566188812,0,12
13831,691,1426,2026,0.4362633228302002,0,12
13832,691,1426,1381,0.5387383103370667,0,12
13833,691,1426,1045,0.45526939630508423,0,12
13834,691,1426,1518,0.4169783890247345,0,12
13835,691,1426,301,0.48786598443984985,0,12
13836,691,1426,696,0.46791568398475647,0,12
13837,691,1426,2067,0.49004098773002625,0,12
13838,691,1426,1070,0.4680917263031006,0,12
13839,691,1426,1535,0.5395342111587524,0,12
13840,692,2102,239,0.5020577311515808,1,8
13841,692,2102,688,0.5281270742416382,0,8
13842,692,2102,1509,0.5256890654563904,0,8
13843,692,2102,1362,0.4985159635543823,0,8
13844,692,2102,553,0.49302154779434204,0,8
13845,692,2102,141,0.5016961693763733,0,8
13846,692,2102,1206,0.5016485452651978,0,8
13847,692,2102,1145,0.49945563077926636,0,8
13848,692,2102,214,0.5205367207527161,0,8
13849,692,2102,101,0.41399240493774414,0,8
13850,692,2102,421,0.49349960684776306,0,8
13851,692,2102,1985,0.4936324954032898,0,8
13852,692,2102,563,0.49548372626304626,0,8
13853,692,2102,1877,0.4306352734565735,0,8
13854,692,2102,560,0.517041027545929,0,8
13855,692,2102,1897,0.49649178981781006,0,8
13856,692,2102,1960,0.5064733624458313,0,8
13857,692,2102,1640,0.5187485218048096,0,8
13858,692,2102,695,0.5224782824516296,0,8
13859,692,2102,217,0.4951796233654022,0,8
13860,693,2845,2001,0.5787528157234192,1,11
13861,693,2845,821,0.5782275199890137,0,11
13862,693,2845,434,0.5404940843582153,0,11
13863,693,2845,1716,0.5964163541793823,0,11
13864,693,2845,1282,0.5489783883094788,0,11
13865,693,2845,676,0.6019624471664429,0,11
13866,693,2845,444,0.5642615556716919,0,11
13867,693,2845,1701,0.5877689719200134,0,11
13868,693,2845,1314,0.6265666484832764,0,11
13869,693,2845,502,0.6192348003387451,0,11
13870,693,2845,1073,0.5832727551460266,0,11
13871,693,2845,1036,0.6154192686080933,0,11
13872,693,2845,1155,0.6650999188423157,0,11
13873,693,2845,873,0.5683021545410156,0,11
13874,693,2845,2049,0.5953319668769836,0,11
13875,693,2845,1730,0.4650024473667145,0,11
13876,693,2845,1679,0.6115916967391968,0,11
13877,693,2845,1868,0.4226006269454956,0,11
13878,693,2845,139,0.44642338156700134,0,11
13879,693,2845,1965,0.5330106019973755,0,11
13880,694,3109,1698,0.6436716914176941,1,18
13881,694,3109,969,0.7619853615760803,0,18
13882,694,3109,855,0.7278066873550415,0,18
13883,694,3109,1432,0.7658016681671143,0,18
13884,694,3109,54,0.5751572251319885,0,18
13885,694,3109,1420,0.8036306500434875,0,18
13886,694,3109,1306,0.8262665867805481,0,18
13887,694,3109,522,0.7652117013931274,0,18
13888,694,3109,745,0.8754116892814636,0,18
13889,694,3109,995,0.3643222749233246,0,18
13890,694,3109,1738,0.7103371620178223,0,18
13891,694,3109,23,0.6992059946060181,0,18
13892,694,3109,1985,0.8178551197052002,0,18
13893,694,3109,665,0.6538946628570557,0,18
13894,694,3109,1453,0.7984597086906433,0,18
13895,694,3109,1094,0.7800716161727905,0,18
13896,694,3109,1158,0.6841065883636475,0,18
13897,694,3109,941,0.8088741302490234,0,18
13898,694,3109,2065,0.7681209444999695,0,18
13899,694,3109,1791,0.6631128191947937,0,18
13900,695,2637,1944,0.5444884300231934,1,13
13901,695,2637,917,0.558398425579071,0,13
13902,695,2637,1191,0.5356744527816772,0,13
13903,695,2637,637,0.4798586070537567,0,13
13904,695,2637,532,0.5618066191673279,0,13
13905,695,2637,1825,0.5656844973564148,0,13
13906,695,2637,1640,0.5202605128288269,0,13
13907,695,2637,1293,0.532428503036499,0,13
13908,695,2637,886,0.5601894855499268,0,13
13909,695,2637,179,0.5849170684814453,0,13
13910,695,2637,1970,0.5960156321525574,0,13
13911,695,2637,204,0.5626741051673889,0,13
13912,695,2637,592,0.582861602306366,0,13
13913,695,2637,1108,0.5384907126426697,0,13
13914,695,2637,974,0.5874645113945007,0,13
13915,695,2637,741,0.5735992193222046,0,13
13916,695,2637,1382,0.5543059706687927,0,13
13917,695,2637,55,0.39001956582069397,0,13
13918,695,2637,411,0.5434659123420715,0,13
13919,695,2637,530,0.5464290380477905,0,13
13920,696,2808,384,0.4948292672634125,1,7
13921,696,2808,17,0.5364241600036621,0,7
13922,696,2808,328,0.4428594410419464,0,7
13923,696,2808,1115,0.5351774096488953,0,7
13924,696,2808,922,0.49250128865242004,0,7
13925,696,2808,495,0.4590325653553009,0,7
13926,696,2808,1239,0.47663524746894836,0,7
13927,696,2808,1352,0.5330027937889099,0,7
13928,696,2808,1611,0.4826841950416565,0,7
13929,696,2808,636,0.5172644853591919,0,7
13930,696,2808,1092,0.45035356283187866,0,7
13931,696,2808,1522,0.47108617424964905,0,7
13932,696,2808,1261,0.5328532457351685,0,7
13933,696,2808,703,0.47620660066604614,0,7
13934,696,2808,1810,0.4828259348869324,0,7
13935,696,2808,1877,0.3990982472896576,0,7
13936,696,2808,1216,0.49171897768974304,0,7
13937,696,2808,695,0.5119874477386475,0,7
13938,696,2808,995,0.4848549962043762,0,7
13939,696,2808,2030,0.4866105914115906,0,7
13940,697,4002,577,0.6882609724998474,1,11
13941,697,4002,858,0.715317964553833,0,11
13942,697,4002,1264,0.7323304414749146,0,11
13943,697,4002,1649,0.7306063175201416,0,11
13944,697,4002,1671,0.36613360047340393,0,11
13945,697,4002,1818,0.3704468011856079,0,11
13946,697,4002,1044,0.626899003982544,0,11
13947,697,4002,92,0.7046194076538086,0,11
13948,697,4002,180,0.7527868747711182,0,11
13949,697,4002,14,0.7723483443260193,0,11
13950,697,4002,1379,0.4003988802433014,0,11
13951,697,4002,248,0.5534286499023438,0,11
13952,697,4002,91,0.5332155823707581,0,11
13953,697,4002,1998,0.6290537714958191,0,11
13954,697,4002,1284,0.717880129814148,0,11
13955,697,4002,158,0.7747622132301331,0,11
13956,697,4002,1907,0.5403664708137512,0,11
13957,697,4002,1576,0.7143590450286865,0,11
13958,697,4002,1573,0.6236175298690796,0,11
13959,697,4002,1911,0.8173381686210632,0,11
13960,698,495,344,0.5426610112190247,1,13
13961,698,495,87,0.5429714918136597,0,13
13962,698,495,1138,0.5466184020042419,0,13
13963,698,495,943,0.5315929651260376,0,13
13964,698,495,458,0.5596919655799866,0,13
13965,698,495,289,0.5476927757263184,0,13
13966,698,495,2044,0.5374036431312561,0,13
13967,698,495,1260,0.5468370318412781,0,13
13968,698,495,1556,0.5444425940513611,0,13
13969,698,495,309,0.5623103976249695,0,13
13970,698,495,1469,0.5585913062095642,0,13
13971,698,495,1001,0.5360358357429504,0,13
13972,698,495,2000,0.5569449067115784,0,13
13973,698,495,298,0.5479620099067688,0,13
13974,698,495,1760,0.4841488003730774,0,13
13975,698,495,1737,0.5420994162559509,0,13
13976,698,495,1575,0.5500827431678772,0,13
13977,698,495,1253,0.5496424436569214,0,13
13978,698,495,925,0.5386801958084106,0,13
13979,698,495,845,0.40868139266967773,0,13
13980,699,3792,1018,0.50331050157547,1,15
13981,699,3792,674,0.5191798806190491,0,15
13982,699,3792,1755,0.5116051435470581,0,15
13983,699,3792,521,0.4925023317337036,0,15
13984,699,3792,971,0.4963853061199188,0,15
13985,699,3792,1141,0.5313480496406555,0,15
13986,699,3792,1767,0.48806232213974,0,15
13987,699,3792,1071,0.531801164150238,0,15
13988,699,3792,1305,0.5044242143630981,0,15
13989,699,3792,923,0.57701575756073,0,15
13990,699,3792,567,0.5365942716598511,0,15
13991,699,3792,1706,0.5212163925170898,0,15
13992,699,3792,626,0.5439925193786621,0,15
13993,699,3792,175,0.5194874405860901,0,15
13994,699,3792,1261,0.5459007024765015,0,15
13995,699,3792,52,0.5132127404212952,0,15
13996,699,3792,765,0.46674177050590515,0,15
13997,699,3792,196,0.5188413858413696,0,15
13998,699,3792,446,0.5020734667778015,0,15
13999,699,3792,1007,0.5243340134620667,0,15
14000,700,696,993,0.4959850013256073,1,4
14001,700,696,1566,0.39301908016204834,0,4
14002,700,696,663,0.3673214316368103,0,4
14003,700,696,889,0.46891435980796814,0,4
14004,700,696,1353,0.4028739631175995,0,4
14005,700,696,725,0.4021572768688202,0,4
14006,700,696,1730,0.4910002648830414,0,4
14007,700,696,459,0.42717796564102173,0,4
14008,700,696,555,0.4201200604438782,0,4
14009,700,696,391,0.4173099994659424,0,4
14010,700,696,157,0.544122576713562,0,4
14011,700,696,1154,0.3961470127105713,0,4
14012,700,696,851,0.3833731710910797,0,4
14013,700,696,1997,0.43091312050819397,0,4
14014,700,696,205,0.45047909021377563,0,4
14015,700,696,572,0.5120202302932739,0,4
14016,700,696,1336,0.4433595836162567,0,4
14017,700,696,1236,0.3109670579433441,0,4
14018,700,696,214,0.4788780212402344,0,4
14019,700,696,1250,0.5266563892364502,0,4
14020,701,1187,174,0.5794851183891296,1,15
14021,701,1187,930,0.3920649588108063,0,15
14022,701,1187,1001,0.5989054441452026,0,15
14023,701,1187,40,0.27500540018081665,0,15
14024,701,1187,1714,0.7265195846557617,0,15
14025,701,1187,1508,0.6781162619590759,0,15
14026,701,1187,1747,0.6219276189804077,0,15
14027,701,1187,812,0.6677195429801941,0,15
14028,701,1187,113,0.5801764130592346,0,15
14029,701,1187,1214,0.33483362197875977,0,15
14030,701,1187,552,0.4728224575519562,0,15
14031,701,1187,1552,0.5731981992721558,0,15
14032,701,1187,1318,0.5818495750427246,0,15
14033,701,1187,72,0.6337789297103882,0,15
14034,701,1187,272,0.6251492500305176,0,15
14035,701,1187,269,0.6817249059677124,0,15
14036,701,1187,956,0.7047298550605774,0,15
14037,701,1187,1319,0.6098291873931885,0,15
14038,701,1187,1444,0.6468612551689148,0,15
14039,701,1187,986,0.668739914894104,0,15
14040,702,3064,1803,0.6362730264663696,1,11
14041,702,3064,59,0.5205495953559875,0,11
14042,702,3064,281,0.596087634563446,0,11
14043,702,3064,330,0.4315517246723175,0,11
14044,702,3064,1335,0.6734224557876587,0,11
14045,702,3064,1008,0.5463625192642212,0,11
14046,702,3064,1263,0.6696974635124207,0,11
14047,702,3064,798,0.6788161396980286,0,11
14048,702,3064,1933,0.6154595017433167,0,11
14049,702,3064,1353,0.667441725730896,0,11
14050,702,3064,1005,0.7027327418327332,0,11
14051,702,3064,1208,0.6095643639564514,0,11
14052,702,3064,1441,0.6949735283851624,0,11
14053,702,3064,804,0.6379060745239258,0,11
14054,702,3064,2032,0.6992246508598328,0,11
14055,702,3064,1019,0.4606143534183502,0,11
14056,702,3064,826,0.6395618915557861,0,11
14057,702,3064,1235,0.6853395104408264,0,11
14058,702,3064,1693,0.45353251695632935,0,11
14059,702,3064,1972,0.4180542528629303,0,11
14060,703,1382,235,0.3253065347671509,1,20
14061,703,1382,306,0.6210061311721802,0,20
14062,703,1382,119,0.5973559021949768,0,20
14063,703,1382,1486,0.5839572548866272,0,20
14064,703,1382,482,0.5030921697616577,0,20
14065,703,1382,230,0.5402969121932983,0,20
14066,703,1382,1947,0.6429852247238159,0,20
14067,703,1382,864,0.6033782958984375,0,20
14068,703,1382,1819,0.6728987097740173,0,20
14069,703,1382,1634,0.617877721786499,0,20
14070,703,1382,1635,0.574313759803772,0,20
14071,703,1382,2051,0.520763099193573,0,20
14072,703,1382,1331,0.5979694128036499,0,20
14073,703,1382,1185,0.6125162243843079,0,20
14074,703,1382,20,0.7061513662338257,0,20
14075,703,1382,1232,0.49245554208755493,0,20
14076,703,1382,1638,0.6319974064826965,0,20
14077,703,1382,382,0.5955522060394287,0,20
14078,703,1382,494,0.5787891745567322,0,20
14079,703,1382,1525,0.3873274028301239,0,20
14080,704,1434,624,0.3675556480884552,1,19
14081,704,1434,604,0.5850808024406433,0,19
14082,704,1434,807,0.6150474548339844,0,19
14083,704,1434,363,0.5924848318099976,0,19
14084,704,1434,563,0.5767974257469177,0,19
14085,704,1434,986,0.6548285484313965,0,19
14086,704,1434,1616,0.6698513031005859,0,19
14087,704,1434,259,0.5868372321128845,0,19
14088,704,1434,1881,0.4932686686515808,0,19
14089,704,1434,1780,0.5469191670417786,0,19
14090,704,1434,591,0.5817515254020691,0,19
14091,704,1434,411,0.6096544861793518,0,19
14092,704,1434,79,0.5438252091407776,0,19
14093,704,1434,481,0.6450068354606628,0,19
14094,704,1434,1688,0.604850709438324,0,19
14095,704,1434,1332,0.7124729752540588,0,19
14096,704,1434,1429,0.6114744544029236,0,19
14097,704,1434,1808,0.3426307141780853,0,19
14098,704,1434,976,0.5738365650177002,0,19
14099,704,1434,1168,0.39267194271087646,0,19
14100,705,1969,1954,0.46025803685188293,1,18
14101,705,1969,1436,0.47499486804008484,0,18
14102,705,1969,1486,0.5181321501731873,0,18
14103,705,1969,77,0.45124828815460205,0,18
14104,705,1969,1728,0.47658365964889526,0,18
14105,705,1969,796,0.49660736322402954,0,18
14106,705,1969,1555,0.4918375313282013,0,18
14107,705,1969,512,0.4930012822151184,0,18
14108,705,1969,439,0.49818161129951477,0,18
14109,705,1969,1381,0.5532808899879456,0,18
14110,705,1969,377,0.5543475151062012,0,18
14111,705,1969,1684,0.4895632863044739,0,18
14112,705,1969,1831,0.47297045588493347,0,18
14113,705,1969,1075,0.48805493116378784,0,18
14114,705,1969,132,0.47193458676338196,0,18
14115,705,1969,1266,0.5024555921554565,0,18
14116,705,1969,2021,0.45560309290885925,0,18
14117,705,1969,236,0.46222543716430664,0,18
14118,705,1969,1971,0.5280294418334961,0,18
14119,705,1969,86,0.5385279059410095,0,18
14120,706,3353,1825,0.5691173076629639,1,1
14121,706,3353,400,0.43486735224723816,0,1
14122,706,3353,1826,0.48386818170547485,0,1
14123,706,3353,92,0.4027661979198456,0,1
14124,706,3353,158,0.37617939710617065,0,1
14125,706,3353,1792,0.5377469062805176,0,1
14126,706,3353,601,0.4167287051677704,0,1
14127,706,3353,356,0.44840535521507263,0,1
14128,706,3353,54,0.4692096412181854,0,1
14129,706,3353,1057,0.41782140731811523,0,1
14130,706,3353,448,0.4851072132587433,0,1
14131,706,3353,841,0.5437487959861755,0,1
14132,706,3353,971,0.42030370235443115,0,1
14133,706,3353,193,0.4136623740196228,0,1
14134,706,3353,1171,0.3881319761276245,0,1
14135,706,3353,178,0.4206373393535614,0,1
14136,706,3353,238,0.44468700885772705,0,1
14137,706,3353,1607,0.34385594725608826,0,1
14138,706,3353,711,0.4334964156150818,0,1
14139,706,3353,1327,0.4964986741542816,0,1
14140,707,572,1168,0.4779881536960602,1,5
14141,707,572,849,0.403883159160614,0,5
14142,707,572,540,0.465524286031723,0,5
14143,707,572,84,0.459374338388443,0,5
14144,707,572,1328,0.5226437449455261,0,5
14145,707,572,724,0.221934512257576,0,5
14146,707,572,432,0.28852176666259766,0,5
14147,707,572,694,0.3522431254386902,0,5
14148,707,572,1803,0.30371636152267456,0,5
14149,707,572,1124,0.7140932679176331,0,5
14150,707,572,995,0.5845544934272766,0,5
14151,707,572,1167,0.25484487414360046,0,5
14152,707,572,824,0.5251344442367554,0,5
14153,707,572,515,0.3154214322566986,0,5
14154,707,572,1508,0.24793022871017456,0,5
14155,707,572,526,0.29728764295578003,0,5
14156,707,572,768,0.2724563777446747,0,5
14157,707,572,1682,0.32641369104385376,0,5
14158,707,572,1037,0.25658363103866577,0,5
14159,707,572,962,0.4544413387775421,0,5
14160,708,546,202,0.4112032949924469,1,17
14161,708,546,1224,0.28194254636764526,0,17
14162,708,546,430,0.6139000654220581,0,17
14163,708,546,1675,0.5994502305984497,0,17
14164,708,546,378,0.563211977481842,0,17
14165,708,546,1106,0.6129770278930664,0,17
14166,708,546,1953,0.33987927436828613,0,17
14167,708,546,641,0.60044264793396,0,17
14168,708,546,1005,0.6535722613334656,0,17
14169,708,546,1152,0.586305558681488,0,17
14170,708,546,574,0.5846031308174133,0,17
14171,708,546,401,0.5953002572059631,0,17
14172,708,546,1720,0.5745724439620972,0,17
14173,708,546,826,0.6125479936599731,0,17
14174,708,546,1284,0.6121723055839539,0,17
14175,708,546,968,0.4771234095096588,0,17
14176,708,546,1664,0.3270845413208008,0,17
14177,708,546,1494,0.6656736731529236,0,17
14178,708,546,25,0.624396562576294,0,17
14179,708,546,1438,0.5867068767547607,0,17
14180,709,3070,590,0.3978235721588135,1,18
14181,709,3070,1329,0.7654134035110474,0,18
14182,709,3070,40,0.26712068915367126,0,18
14183,709,3070,519,0.5988820791244507,0,18
14184,709,3070,1989,0.6321215629577637,0,18
14185,709,3070,943,0.5448447465896606,0,18
14186,709,3070,1317,0.6083572506904602,0,18
14187,709,3070,136,0.6681881546974182,0,18
14188,709,3070,1139,0.6670287847518921,0,18
14189,709,3070,1210,0.6513828039169312,0,18
14190,709,3070,700,0.3156234920024872,0,18
14191,709,3070,816,0.52814781665802,0,18
14192,709,3070,2070,0.6095283031463623,0,18
14193,709,3070,1014,0.5503813028335571,0,18
14194,709,3070,5,0.6261708736419678,0,18
14195,709,3070,315,0.6562017798423767,0,18
14196,709,3070,1771,0.7049287557601929,0,18
14197,709,3070,724,0.70611172914505,0,18
14198,709,3070,1580,0.5619786977767944,0,18
14199,709,3070,601,0.6169706583023071,0,18
14200,710,22,120,0.4916333556175232,1,3
14201,710,22,1956,0.5215036273002625,0,3
14202,710,22,1908,0.30362820625305176,0,3
14203,710,22,354,0.3294728994369507,0,3
14204,710,22,761,0.1880992203950882,0,3
14205,710,22,1628,0.38384273648262024,0,3
14206,710,22,1636,0.11273357272148132,0,3
14207,710,22,1444,0.22974461317062378,0,3
14208,710,22,1772,0.27413704991340637,0,3
14209,710,22,1396,0.27193790674209595,0,3
14210,710,22,1713,0.16075541079044342,0,3
14211,710,22,39,0.16531535983085632,0,3
14212,710,22,14,0.15752919018268585,0,3
14213,710,22,1179,0.1851809322834015,0,3
14214,710,22,1307,0.23018348217010498,0,3
14215,710,22,2049,0.31690317392349243,0,3
14216,710,22,352,0.5039577484130859,0,3
14217,710,22,222,0.47088801860809326,0,3
14218,710,22,306,0.22995713353157043,0,3
14219,710,22,956,0.1446789801120758,0,3
14220,711,3976,1816,0.7279245257377625,1,12
14221,711,3976,1155,0.8129146099090576,0,12
14222,711,3976,1362,0.7457984089851379,0,12
14223,711,3976,1712,0.38625186681747437,0,12
14224,711,3976,162,0.7509748935699463,0,12
14225,711,3976,624,0.32829785346984863,0,12
14226,711,3976,1182,0.8738297820091248,0,12
14227,711,3976,928,0.8301100134849548,0,12
14228,711,3976,758,0.7642183899879456,0,12
14229,711,3976,1910,0.7181979417800903,0,12
14230,711,3976,1229,0.808546245098114,0,12
14231,711,3976,768,0.7610341906547546,0,12
14232,711,3976,385,0.6895642876625061,0,12
14233,711,3976,38,0.6756964325904846,0,12
14234,711,3976,1442,0.7447126507759094,0,12
14235,711,3976,1251,0.7927249073982239,0,12
14236,711,3976,378,0.6608267426490784,0,12
14237,711,3976,1846,0.3334222137928009,0,12
14238,711,3976,1545,0.4498865604400635,0,12
14239,711,3976,1638,0.7522575855255127,0,12
14240,712,3747,281,0.6514148116111755,1,12
14241,712,3747,417,0.4015122652053833,0,12
14242,712,3747,268,0.8354241251945496,0,12
14243,712,3747,1820,0.7049538493156433,0,12
14244,712,3747,339,0.6994953751564026,0,12
14245,712,3747,863,0.46492958068847656,0,12
14246,712,3747,261,0.805849015712738,0,12
14247,712,3747,1805,0.5726410746574402,0,12
14248,712,3747,1019,0.45102447271347046,0,12
14249,712,3747,1029,0.7437735795974731,0,12
14250,712,3747,1481,0.7824604511260986,0,12
14251,712,3747,1631,0.5212849974632263,0,12
14252,712,3747,1596,0.8024681210517883,0,12
14253,712,3747,715,0.7478870153427124,0,12
14254,712,3747,1124,0.40800613164901733,0,12
14255,712,3747,1718,0.8076013922691345,0,12
14256,712,3747,1288,0.6999989151954651,0,12
14257,712,3747,1958,0.79366534948349,0,12
14258,712,3747,2036,0.29689985513687134,0,12
14259,712,3747,49,0.3307309150695801,0,12
14260,713,3397,464,0.4152252972126007,1,15
14261,713,3397,1868,0.47601252794265747,0,15
14262,713,3397,1401,0.39440715312957764,0,15
14263,713,3397,1604,0.43754392862319946,0,15
14264,713,3397,1960,0.4423971474170685,0,15
14265,713,3397,291,0.4757710099220276,0,15
14266,713,3397,1514,0.40928080677986145,0,15
14267,713,3397,232,0.4600149393081665,0,15
14268,713,3397,566,0.42613884806632996,0,15
14269,713,3397,56,0.5088765621185303,0,15
14270,713,3397,340,0.3644781708717346,0,15
14271,713,3397,230,0.5396276116371155,0,15
14272,713,3397,1615,0.4567740559577942,0,15
14273,713,3397,1398,0.4128912687301636,0,15
14274,713,3397,951,0.42671188712120056,0,15
14275,713,3397,814,0.4734745919704437,0,15
14276,713,3397,1613,0.425967812538147,0,15
14277,713,3397,973,0.4414539039134979,0,15
14278,713,3397,1789,0.4931197464466095,0,15
14279,713,3397,1696,0.4068096876144409,0,15
14280,714,95,1323,0.6334035396575928,1,1
14281,714,95,1916,0.5048874020576477,0,1
14282,714,95,336,0.517464816570282,0,1
14283,714,95,1796,0.5404674410820007,0,1
14284,714,95,650,0.49962595105171204,0,1
14285,714,95,1567,0.4294460117816925,0,1
14286,714,95,566,0.47571250796318054,0,1
14287,714,95,735,0.5116581916809082,0,1
14288,714,95,106,0.47619763016700745,0,1
14289,714,95,893,0.49511998891830444,0,1
14290,714,95,1913,0.5806531310081482,0,1
14291,714,95,242,0.5010921955108643,0,1
14292,714,95,1338,0.5297113060951233,0,1
14293,714,95,1817,0.5144408345222473,0,1
14294,714,95,497,0.5277339816093445,0,1
14295,714,95,30,0.4845779836177826,0,1
14296,714,95,1809,0.5067678689956665,0,1
14297,714,95,1227,0.48755714297294617,0,1
14298,714,95,894,0.5004464983940125,0,1
14299,714,95,966,0.5072095990180969,0,1
14300,715,3420,28,0.5530150532722473,1,14
14301,715,3420,1740,0.564566433429718,0,14
14302,715,3420,736,0.5676128268241882,0,14
14303,715,3420,812,0.5821744203567505,0,14
14304,715,3420,1939,0.5602248311042786,0,14
14305,715,3420,934,0.5804758667945862,0,14
14306,715,3420,1857,0.5798926949501038,0,14
14307,715,3420,901,0.5475408434867859,0,14
14308,715,3420,823,0.529579758644104,0,14
14309,715,3420,405,0.5714205503463745,0,14
14310,715,3420,1476,0.4183931052684784,0,14
14311,715,3420,1310,0.41685837507247925,0,14
14312,715,3420,678,0.573818564414978,0,14
14313,715,3420,1772,0.575014591217041,0,14
14314,715,3420,403,0.553765058517456,0,14
14315,715,3420,1837,0.5938585996627808,0,14
14316,715,3420,254,0.574837863445282,0,14
14317,715,3420,274,0.5691432952880859,0,14
14318,715,3420,919,0.436775267124176,0,14
14319,715,3420,282,0.5384535789489746,0,14
14320,716,1657,1323,0.49438366293907166,1,17
14321,716,1657,1446,0.582635223865509,0,17
14322,716,1657,694,0.5326215028762817,0,17
14323,716,1657,1755,0.5579110980033875,0,17
14324,716,1657,908,0.551001250743866,0,17
14325,716,1657,811,0.5646855235099792,0,17
14326,716,1657,121,0.5749222040176392,0,17
14327,716,1657,1144,0.5611473917961121,0,17
14328,716,1657,665,0.5358860492706299,0,17
14329,716,1657,932,0.46393322944641113,0,17
14330,716,1657,1306,0.5771465301513672,0,17
14331,716,1657,1850,0.556635320186615,0,17
14332,716,1657,824,0.5342369675636292,0,17
14333,716,1657,15,0.5715532302856445,0,17
14334,716,1657,905,0.5369054675102234,0,17
14335,716,1657,101,0.3780072331428528,0,17
14336,716,1657,1522,0.5923131108283997,0,17
14337,716,1657,1658,0.42244961857795715,0,17
14338,716,1657,1951,0.5249566435813904,0,17
14339,716,1657,809,0.5727711319923401,0,17
14340,717,3146,425,0.6615225076675415,1,12
14341,717,3146,1323,0.3521665930747986,0,12
14342,717,3146,61,0.6640624403953552,0,12
14343,717,3146,17,0.5581985712051392,0,12
14344,717,3146,75,0.7019354104995728,0,12
14345,717,3146,1816,0.6958787441253662,0,12
14346,717,3146,1658,0.30195847153663635,0,12
14347,717,3146,1926,0.7611182928085327,0,12
14348,717,3146,73,0.6868526935577393,0,12
14349,717,3146,705,0.6572064161300659,0,12
14350,717,3146,1925,0.7783614993095398,0,12
14351,717,3146,1075,0.6319562792778015,0,12
14352,717,3146,878,0.6691849231719971,0,12
14353,717,3146,1365,0.41301488876342773,0,12
14354,717,3146,97,0.3870921730995178,0,12
14355,717,3146,645,0.67397141456604,0,12
14356,717,3146,430,0.6920796632766724,0,12
14357,717,3146,49,0.3486838936805725,0,12
14358,717,3146,753,0.7366740703582764,0,12
14359,717,3146,1010,0.7430728673934937,0,12
14360,718,915,2051,0.5375723242759705,1,15
14361,718,915,1177,0.5776832699775696,0,15
14362,718,915,521,0.5738025903701782,0,15
14363,718,915,2044,0.5308828353881836,0,15
14364,718,915,937,0.5520793795585632,0,15
14365,718,915,1828,0.5158206224441528,0,15
14366,718,915,1081,0.5552749037742615,0,15
14367,718,915,741,0.5837419629096985,0,15
14368,718,915,1559,0.45411911606788635,0,15
14369,718,915,1281,0.5623759627342224,0,15
14370,718,915,862,0.5657668113708496,0,15
14371,718,915,1794,0.5432620644569397,0,15
14372,718,915,1818,0.3898610770702362,0,15
14373,718,915,17,0.5494470596313477,0,15
14374,718,915,395,0.5634720325469971,0,15
14375,718,915,342,0.5999734401702881,0,15
14376,718,915,60,0.5854418873786926,0,15
14377,718,915,1506,0.5590141415596008,0,15
14378,718,915,831,0.5173671841621399,0,15
14379,718,915,69,0.5651485323905945,0,15
14380,719,552,466,0.37500590085983276,1,19
14381,719,552,1989,0.45502540469169617,0,19
14382,719,552,645,0.44965505599975586,0,19
14383,719,552,418,0.38031280040740967,0,19
14384,719,552,1674,0.4141708314418793,0,19
14385,719,552,653,0.41880378127098083,0,19
14386,719,552,621,0.49101361632347107,0,19
14387,719,552,1919,0.4173940122127533,0,19
14388,719,552,1892,0.4160231649875641,0,19
14389,719,552,182,0.42407965660095215,0,19
14390,719,552,1110,0.3780512511730194,0,19
14391,719,552,366,0.36425167322158813,0,19
14392,719,552,194,0.4060783088207245,0,19
14393,719,552,234,0.3848058879375458,0,19
14394,719,552,1719,0.5477239489555359,0,19
14395,719,552,1823,0.45306503772735596,0,19
14396,719,552,410,0.5427022576332092,0,19
14397,719,552,1495,0.38065794110298157,0,19
14398,719,552,255,0.44590815901756287,0,19
14399,719,552,525,0.4917606711387634,0,19
14400,720,3736,450,0.5862690806388855,1,11
14401,720,3736,1702,0.6318030953407288,0,11
14402,720,3736,1053,0.3956585228443146,0,11
14403,720,3736,1539,0.6454238295555115,0,11
14404,720,3736,442,0.5820081233978271,0,11
14405,720,3736,794,0.6334437131881714,0,11
14406,720,3736,652,0.553520679473877,0,11
14407,720,3736,713,0.6520863175392151,0,11
14408,720,3736,499,0.54295414686203,0,11
14409,720,3736,9,0.5747241973876953,0,11
14410,720,3736,1936,0.30367857217788696,0,11
14411,720,3736,836,0.47527652978897095,0,11
14412,720,3736,1297,0.646777868270874,0,11
14413,720,3736,518,0.6255409717559814,0,11
14414,720,3736,399,0.6119748950004578,0,11
14415,720,3736,1666,0.6428126096725464,0,11
14416,720,3736,456,0.5704880952835083,0,11
14417,720,3736,966,0.6223590970039368,0,11
14418,720,3736,1867,0.4203087091445923,0,11
14419,720,3736,1301,0.6447271108627319,0,11
14420,721,3756,723,0.510370135307312,1,13
14421,721,3756,615,0.5051953196525574,0,13
14422,721,3756,39,0.5113817453384399,0,13
14423,721,3756,38,0.5101332068443298,0,13
14424,721,3756,516,0.5140776038169861,0,13
14425,721,3756,1732,0.40613287687301636,0,13
14426,721,3756,1797,0.420448899269104,0,13
14427,721,3756,997,0.5139529705047607,0,13
14428,721,3756,1601,0.510166347026825,0,13
14429,721,3756,532,0.5218952298164368,0,13
14430,721,3756,172,0.5121681690216064,0,13
14431,721,3756,406,0.525496244430542,0,13
14432,721,3756,1985,0.51512211561203,0,13
14433,721,3756,1634,0.5185573101043701,0,13
14434,721,3756,818,0.5292744636535645,0,13
14435,721,3756,1023,0.4750228524208069,0,13
14436,721,3756,1126,0.5127950310707092,0,13
14437,721,3756,181,0.5365777015686035,0,13
14438,721,3756,162,0.5084094405174255,0,13
14439,721,3756,1533,0.5368398427963257,0,13
14440,722,2814,29,0.6148654222488403,1,11
14441,722,2814,1878,0.5278190970420837,0,11
14442,722,2814,1780,0.5633636116981506,0,11
14443,722,2814,1198,0.36672595143318176,0,11
14444,722,2814,1248,0.41648364067077637,0,11
14445,722,2814,1345,0.6135171055793762,0,11
14446,722,2814,317,0.6882942914962769,0,11
14447,722,2814,1383,0.6058467030525208,0,11
14448,722,2814,1083,0.6309736967086792,0,11
14449,722,2814,98,0.683377206325531,0,11
14450,722,2814,445,0.5489072203636169,0,11
14451,722,2814,430,0.6569110751152039,0,11
14452,722,2814,1255,0.45365139842033386,0,11
14453,722,2814,247,0.6253545880317688,0,11
14454,722,2814,736,0.6423540115356445,0,11
14455,722,2814,653,0.6446651220321655,0,11
14456,722,2814,1339,0.6405853033065796,0,11
14457,722,2814,2013,0.7727320194244385,0,11
14458,722,2814,758,0.6850648522377014,0,11
14459,722,2814,1797,0.3734009563922882,0,11
14460,723,3665,1154,0.7132605910301208,1,8
14461,723,3665,582,0.8064029216766357,0,8
14462,723,3665,1371,0.7041122913360596,0,8
14463,723,3665,1937,0.6747548580169678,0,8
14464,723,3665,1615,0.7128390073776245,0,8
14465,723,3665,1857,0.781568169593811,0,8
14466,723,3665,654,0.44618237018585205,0,8
14467,723,3665,1376,0.8103246688842773,0,8
14468,723,3665,747,0.6379599571228027,0,8
14469,723,3665,811,0.7747053503990173,0,8
14470,723,3665,1543,0.646744966506958,0,8
14471,723,3665,263,0.7032727599143982,0,8
14472,723,3665,113,0.619890570640564,0,8
14473,723,3665,380,0.6999721527099609,0,8
14474,723,3665,266,0.7821923494338989,0,8
14475,723,3665,1944,0.6469241976737976,0,8
14476,723,3665,1981,0.5171769261360168,0,8
14477,723,3665,1831,0.7931104898452759,0,8
14478,723,3665,944,0.6356074810028076,0,8
14479,723,3665,1427,0.7601272463798523,0,8
14480,724,3563,1599,0.5692238211631775,1,10
14481,724,3563,704,0.6520070433616638,0,10
14482,724,3563,611,0.5773463845252991,0,10
14483,724,3563,1081,0.5650670528411865,0,10
14484,724,3563,882,0.5640890598297119,0,10
14485,724,3563,2038,0.4576282799243927,0,10
14486,724,3563,248,0.5476813912391663,0,10
14487,724,3563,179,0.5985697507858276,0,10
14488,724,3563,223,0.6621299982070923,0,10
14489,724,3563,1947,0.6268136501312256,0,10
14490,724,3563,12,0.6315633654594421,0,10
14491,724,3563,1328,0.5460394024848938,0,10
14492,724,3563,1804,0.6206270456314087,0,10
14493,724,3563,1220,0.5657216906547546,0,10
14494,724,3563,1723,0.3713809847831726,0,10
14495,724,3563,1917,0.47000715136528015,0,10
14496,724,3563,1550,0.5655282735824585,0,10
14497,724,3563,494,0.5792882442474365,0,10
14498,724,3563,2071,0.6171528697013855,0,10
14499,724,3563,1437,0.5337575674057007,0,10
14500,725,211,1712,0.3899519741535187,1,20
14501,725,211,93,0.5798185467720032,0,20
14502,725,211,1384,0.6825529932975769,0,20
14503,725,211,1237,0.6164442896842957,0,20
14504,725,211,61,0.6440486311912537,0,20
14505,725,211,514,0.706580638885498,0,20
14506,725,211,1847,0.5830634832382202,0,20
14507,725,211,274,0.6842700242996216,0,20
14508,725,211,694,0.6197619438171387,0,20
14509,725,211,1692,0.5574918389320374,0,20
14510,725,211,520,0.6335832476615906,0,20
14511,725,211,1435,0.5874180197715759,0,20
14512,725,211,550,0.6414439082145691,0,20
14513,725,211,979,0.6707503795623779,0,20
14514,725,211,180,0.7202392816543579,0,20
14515,725,211,1591,0.64506596326828,0,20
14516,725,211,596,0.5182434320449829,0,20
14517,725,211,2028,0.45499247312545776,0,20
14518,725,211,1032,0.720628023147583,0,20
14519,725,211,168,0.6895386576652527,0,20
14520,726,2757,1844,0.3415593206882477,1,20
14521,726,2757,242,0.6684989333152771,0,20
14522,726,2757,829,0.6378041505813599,0,20
14523,726,2757,2023,0.643984317779541,0,20
14524,726,2757,38,0.6009108424186707,0,20
14525,726,2757,1441,0.6841873526573181,0,20
14526,726,2757,817,0.6117923259735107,0,20
14527,726,2757,239,0.5920895338058472,0,20
14528,726,2757,1353,0.6583037972450256,0,20
14529,726,2757,574,0.5909163951873779,0,20
14530,726,2757,1126,0.6724153757095337,0,20
14531,726,2757,567,0.48535051941871643,0,20
14532,726,2757,1361,0.4540308117866516,0,20
14533,726,2757,373,0.4520573616027832,0,20
14534,726,2757,393,0.6271162033081055,0,20
14535,726,2757,2080,0.6905770897865295,0,20
14536,726,2757,1461,0.7033838033676147,0,20
14537,726,2757,1045,0.7077814936637878,0,20
14538,726,2757,591,0.5924471020698547,0,20
14539,726,2757,1120,0.4706437885761261,0,20
14540,727,4159,1999,0.5701146721839905,1,2
14541,727,4159,1613,0.5435030460357666,0,2
14542,727,4159,1440,0.5461258888244629,0,2
14543,727,4159,71,0.4721923768520355,0,2
14544,727,4159,284,0.5682297945022583,0,2
14545,727,4159,679,0.5616191029548645,0,2
14546,727,4159,1910,0.5464773178100586,0,2
14547,727,4159,311,0.5548223257064819,0,2
14548,727,4159,832,0.5325442552566528,0,2
14549,727,4159,1519,0.39643412828445435,0,2
14550,727,4159,1294,0.424757182598114,0,2
14551,727,4159,708,0.5576077699661255,0,2
14552,727,4159,1920,0.5703201293945312,0,2
14553,727,4159,1741,0.5509166717529297,0,2
14554,727,4159,274,0.5519164800643921,0,2
14555,727,4159,1427,0.5658149123191833,0,2
14556,727,4159,1036,0.5557877421379089,0,2
14557,727,4159,62,0.5443756580352783,0,2
14558,727,4159,1728,0.4703211188316345,0,2
14559,727,4159,1375,0.5619366765022278,0,2
14560,728,1694,281,0.44274210929870605,1,7
14561,728,1694,1639,0.4321841597557068,0,7
14562,728,1694,452,0.3565709590911865,0,7
14563,728,1694,2031,0.39139604568481445,0,7
14564,728,1694,1016,0.5019466280937195,0,7
14565,728,1694,2024,0.5340834856033325,0,7
14566,728,1694,671,0.4061209261417389,0,7
14567,728,1694,1577,0.3888905942440033,0,7
14568,728,1694,2021,0.3646753132343292,0,7
14569,728,1694,1594,0.39290663599967957,0,7
14570,728,1694,753,0.3936973214149475,0,7
14571,728,1694,970,0.40249595046043396,0,7
14572,728,1694,1554,0.43476489186286926,0,7
14573,728,1694,1470,0.38335996866226196,0,7
14574,728,1694,579,0.3841288685798645,0,7
14575,728,1694,667,0.5525962114334106,0,7
14576,728,1694,84,0.5081726312637329,0,7
14577,728,1694,1747,0.38160577416419983,0,7
14578,728,1694,955,0.4599705934524536,0,7
14579,728,1694,1637,0.4722669720649719,0,7
14580,729,3293,1548,0.4714601933956146,1,19
14581,729,3293,970,0.5171231031417847,0,19
14582,729,3293,1110,0.5308370590209961,0,19
14583,729,3293,1298,0.5154126286506653,0,19
14584,729,3293,848,0.5107208490371704,0,19
14585,729,3293,354,0.5218036770820618,0,19
14586,729,3293,1337,0.5210185647010803,0,19
14587,729,3293,1138,0.5194367170333862,0,19
14588,729,3293,1267,0.5205692648887634,0,19
14589,729,3293,1686,0.5114273428916931,0,19
14590,729,3293,1719,0.553353488445282,0,19
14591,729,3293,148,0.5287553071975708,0,19
14592,729,3293,1843,0.44789764285087585,0,19
14593,729,3293,1073,0.4983123540878296,0,19
14594,729,3293,984,0.5234026908874512,0,19
14595,729,3293,709,0.5155312418937683,0,19
14596,729,3293,720,0.5422118902206421,0,19
14597,729,3293,544,0.5126366019248962,0,19
14598,729,3293,1820,0.5227330327033997,0,19
14599,729,3293,2027,0.5173352956771851,0,19
14600,730,1781,1160,0.3487197458744049,1,20
14601,730,1781,1200,0.5158385038375854,0,20
14602,730,1781,693,0.6268191337585449,0,20
14603,730,1781,1835,0.6844995617866516,0,20
14604,730,1781,956,0.7351275682449341,0,20
14605,730,1781,300,0.6355655193328857,0,20
14606,730,1781,1440,0.6077527403831482,0,20
14607,730,1781,1422,0.6421021223068237,0,20
14608,730,1781,1205,0.47404566407203674,0,20
14609,730,1781,1616,0.7318292856216431,0,20
14610,730,1781,1161,0.6387797594070435,0,20
14611,730,1781,1426,0.5882744193077087,0,20
14612,730,1781,396,0.6873064041137695,0,20
14613,730,1781,953,0.5161764025688171,0,20
14614,730,1781,399,0.6490062475204468,0,20
14615,730,1781,1336,0.6643180251121521,0,20
14616,730,1781,482,0.5005826354026794,0,20
14617,730,1781,1378,0.6820777058601379,0,20
14618,730,1781,562,0.6941449046134949,0,20
14619,730,1781,2071,0.6828851103782654,0,20
14620,731,417,643,0.5312114953994751,1,1
14621,731,417,1005,0.40078651905059814,0,1
14622,731,417,74,0.4257727861404419,0,1
14623,731,417,34,0.39585426449775696,0,1
14624,731,417,1129,0.4249545633792877,0,1
14625,731,417,351,0.44545087218284607,0,1
14626,731,417,745,0.3681425452232361,0,1
14627,731,417,24,0.4192587435245514,0,1
14628,731,417,994,0.44501739740371704,0,1
14629,731,417,1377,0.5194177627563477,0,1
14630,731,417,402,0.39744019508361816,0,1
14631,731,417,2062,0.4501667022705078,0,1
14632,731,417,1819,0.4044508635997772,0,1
14633,731,417,464,0.4172101616859436,0,1
14634,731,417,2014,0.44967105984687805,0,1
14635,731,417,746,0.5019571781158447,0,1
14636,731,417,217,0.41728276014328003,0,1
14637,731,417,359,0.42345333099365234,0,1
14638,731,417,1970,0.39725935459136963,0,1
14639,731,417,1131,0.39287805557250977,0,1
14640,732,1847,1823,0.450952410697937,1,19
14641,732,1847,490,0.5480438470840454,0,19
14642,732,1847,1503,0.5255472660064697,0,19
14643,732,1847,974,0.5621271133422852,0,19
14644,732,1847,673,0.5286834239959717,0,19
14645,732,1847,1997,0.5472234487533569,0,19
14646,732,1847,1481,0.5597946643829346,0,19
14647,732,1847,527,0.5482211709022522,0,19
14648,732,1847,661,0.47447124123573303,0,19
14649,732,1847,1417,0.535301923751831,0,19
14650,732,1847,1136,0.5549742579460144,0,19
14651,732,1847,77,0.5224300026893616,0,19
14652,732,1847,1116,0.5473635792732239,0,19
14653,732,1847,396,0.5470044016838074,0,19
14654,732,1847,80,0.5519275665283203,0,19
14655,732,1847,713,0.557961106300354,0,19
14656,732,1847,696,0.46943098306655884,0,19
14657,732,1847,1260,0.5443108677864075,0,19
14658,732,1847,1160,0.390699177980423,0,19
14659,732,1847,936,0.5530707836151123,0,19
14660,733,2332,847,0.527226984500885,1,17
14661,733,2332,520,0.5902309417724609,0,17
14662,733,2332,1219,0.6677380204200745,0,17
14663,733,2332,1837,0.678255558013916,0,17
14664,733,2332,0,0.56476891040802,0,17
14665,733,2332,308,0.39601296186447144,0,17
14666,733,2332,425,0.5937846302986145,0,17
14667,733,2332,1736,0.6599726676940918,0,17
14668,733,2332,1665,0.625971257686615,0,17
14669,733,2332,1264,0.6368765830993652,0,17
14670,733,2332,1189,0.6144403219223022,0,17
14671,733,2332,1078,0.6208124756813049,0,17
14672,733,2332,1608,0.45616310834884644,0,17
14673,733,2332,1067,0.6763685941696167,0,17
14674,733,2332,1142,0.6445455551147461,0,17
14675,733,2332,1400,0.4673061966896057,0,17
14676,733,2332,221,0.6589462757110596,0,17
14677,733,2332,1070,0.6194688677787781,0,17
14678,733,2332,1275,0.5891955494880676,0,17
14679,733,2332,1040,0.6187800765037537,0,17
14680,734,1155,147,0.4340682327747345,1,9
14681,734,1155,10,0.498169481754303,0,9
14682,734,1155,461,0.5402501225471497,0,9
14683,734,1155,1818,0.44232362508773804,0,9
14684,734,1155,553,0.3484731912612915,0,9
14685,734,1155,1841,0.4164898693561554,0,9
14686,734,1155,1263,0.41162043809890747,0,9
14687,734,1155,1373,0.4925001263618469,0,9
14688,734,1155,1125,0.492479145526886,0,9
14689,734,1155,1195,0.39947739243507385,0,9
14690,734,1155,743,0.4252583384513855,0,9
14691,734,1155,407,0.40722402930259705,0,9
14692,734,1155,1553,0.5379470586776733,0,9
14693,734,1155,569,0.4026873707771301,0,9
14694,734,1155,1910,0.39625465869903564,0,9
14695,734,1155,2026,0.4603695571422577,0,9
14696,734,1155,1199,0.38925793766975403,0,9
14697,734,1155,431,0.5341200828552246,0,9
14698,734,1155,1126,0.3683410584926605,0,9
14699,734,1155,241,0.43324539065361023,0,9
14700,735,6,1429,0.4810032546520233,1,17
14701,735,6,870,0.4998758137226105,0,17
14702,735,6,476,0.48107099533081055,0,17
14703,735,6,950,0.49057310819625854,0,17
14704,735,6,2042,0.487954705953598,0,17
14705,735,6,1173,0.5327150821685791,0,17
14706,735,6,105,0.48866260051727295,0,17
14707,735,6,112,0.5127983689308167,0,17
14708,735,6,277,0.4770163893699646,0,17
14709,735,6,672,0.49638456106185913,0,17
14710,735,6,1387,0.47887468338012695,0,17
14711,735,6,432,0.4920921325683594,0,17
14712,735,6,290,0.48327192664146423,0,17
14713,735,6,1240,0.5026872158050537,0,17
14714,735,6,1859,0.5489159822463989,0,17
14715,735,6,1198,0.42486295104026794,0,17
14716,735,6,1042,0.48591849207878113,0,17
14717,735,6,570,0.530799925327301,0,17
14718,735,6,727,0.4937249422073364,0,17
14719,735,6,1949,0.5214149951934814,0,17
14720,736,1893,255,0.5240834355354309,1,7
14721,736,1893,231,0.41508355736732483,0,7
14722,736,1893,100,0.5222816467285156,0,7
14723,736,1893,1431,0.521051824092865,0,7
14724,736,1893,885,0.518042266368866,0,7
14725,736,1893,1405,0.45749330520629883,0,7
14726,736,1893,1840,0.4957832992076874,0,7
14727,736,1893,257,0.5565336346626282,0,7
14728,736,1893,306,0.5119028091430664,0,7
14729,736,1893,1424,0.5253130793571472,0,7
14730,736,1893,354,0.5211329460144043,0,7
14731,736,1893,1082,0.45845168828964233,0,7
14732,736,1893,1344,0.5298088788986206,0,7
14733,736,1893,38,0.5068324208259583,0,7
14734,736,1893,1940,0.5381411910057068,0,7
14735,736,1893,445,0.5380337238311768,0,7
14736,736,1893,1025,0.5342503190040588,0,7
14737,736,1893,314,0.5061837434768677,0,7
14738,736,1893,777,0.5190075039863586,0,7
14739,736,1893,797,0.49745041131973267,0,7
14740,737,1738,379,0.6337922811508179,1,8
14741,737,1738,1685,0.6162135601043701,0,8
14742,737,1738,2028,0.45498600602149963,0,8
14743,737,1738,1353,0.6647493839263916,0,8
14744,737,1738,1625,0.6254302859306335,0,8
14745,737,1738,332,0.643178403377533,0,8
14746,737,1738,137,0.563610851764679,0,8
14747,737,1738,279,0.6902724504470825,0,8
14748,737,1738,1326,0.6033073663711548,0,8
14749,737,1738,1828,0.5024686455726624,0,8
14750,737,1738,2061,0.6168732047080994,0,8
14751,737,1738,950,0.6196873784065247,0,8
14752,737,1738,1968,0.6742675304412842,0,8
14753,737,1738,191,0.6704174280166626,0,8
14754,737,1738,1272,0.5232856869697571,0,8
14755,737,1738,1310,0.39966854453086853,0,8
14756,737,1738,997,0.6664750576019287,0,8
14757,737,1738,1927,0.7330314517021179,0,8
14758,737,1738,49,0.3633047044277191,0,8
14759,737,1738,1060,0.5495309233665466,0,8
14760,738,1949,1063,0.2760606110095978,1,9
14761,738,1949,643,0.5277553796768188,0,9
14762,738,1949,109,0.2632867395877838,0,9
14763,738,1949,1215,0.1753395050764084,0,9
14764,738,1949,1505,0.24372060596942902,0,9
14765,738,1949,25,0.1550302654504776,0,9
14766,738,1949,1092,0.5866460800170898,0,9
14767,738,1949,2045,0.26560601592063904,0,9
14768,738,1949,1390,0.41871100664138794,0,9
14769,738,1949,1914,0.6044468879699707,0,9
14770,738,1949,1309,0.23748815059661865,0,9
14771,738,1949,672,0.27204495668411255,0,9
14772,738,1949,741,0.2568153440952301,0,9
14773,738,1949,2,0.2135658711194992,0,9
14774,738,1949,746,0.4198460578918457,0,9
14775,738,1949,1251,0.17989780008792877,0,9
14776,738,1949,2047,0.3952283263206482,0,9
14777,738,1949,1900,0.2741074860095978,0,9
14778,738,1949,204,0.40074342489242554,0,9
14779,738,1949,17,0.5562955141067505,0,9
14780,739,670,1754,0.47370046377182007,1,9
14781,739,670,712,0.45942923426628113,0,9
14782,739,670,609,0.45986080169677734,0,9
14783,739,670,1102,0.4918827712535858,0,9
14784,739,670,1614,0.4568811357021332,0,9
14785,739,670,1130,0.45078298449516296,0,9
14786,739,670,1813,0.5031505823135376,0,9
14787,739,670,1935,0.4279150068759918,0,9
14788,739,670,1103,0.4582260251045227,0,9
14789,739,670,1636,0.3048644959926605,0,9
14790,739,670,2046,0.4407292604446411,0,9
14791,739,670,57,0.49795809388160706,0,9
14792,739,670,137,0.529322624206543,0,9
14793,739,670,1832,0.5232824087142944,0,9
14794,739,670,750,0.5040116310119629,0,9
14795,739,670,1585,0.4735150933265686,0,9
14796,739,670,1481,0.44836682081222534,0,9
14797,739,670,1218,0.5049528479576111,0,9
14798,739,670,1780,0.48964276909828186,0,9
14799,739,670,1590,0.4365798830986023,0,9
14800,740,3992,622,0.5786426663398743,1,8
14801,740,3992,10,0.38922396302223206,0,8
14802,740,3992,1147,0.4597432017326355,0,8
14803,740,3992,1533,0.5534172058105469,0,8
14804,740,3992,584,0.568401575088501,0,8
14805,740,3992,1479,0.6207540035247803,0,8
14806,740,3992,1709,0.5570045113563538,0,8
14807,740,3992,2077,0.6585602760314941,0,8
14808,740,3992,692,0.6286691427230835,0,8
14809,740,3992,2055,0.5905710458755493,0,8
14810,740,3992,1552,0.5665346384048462,0,8
14811,740,3992,1369,0.6382032036781311,0,8
14812,740,3992,1579,0.5281452536582947,0,8
14813,740,3992,1721,0.6615564823150635,0,8
14814,740,3992,1910,0.598595142364502,0,8
14815,740,3992,2051,0.5271931290626526,0,8
14816,740,3992,1712,0.4049922525882721,0,8
14817,740,3992,183,0.5732874274253845,0,8
14818,740,3992,2075,0.5693787336349487,0,8
14819,740,3992,1868,0.4231891632080078,0,8
14820,741,3080,481,0.48858878016471863,1,10
14821,741,3080,1865,0.5037853121757507,0,10
14822,741,3080,1111,0.48859903216362,0,10
14823,741,3080,61,0.5038015246391296,0,10
14824,741,3080,388,0.4576673209667206,0,10
14825,741,3080,650,0.46212664246559143,0,10
14826,741,3080,1510,0.47382086515426636,0,10
14827,741,3080,1257,0.47500497102737427,0,10
14828,741,3080,197,0.4794234335422516,0,10
14829,741,3080,632,0.492972195148468,0,10
14830,741,3080,470,0.4925173223018646,0,10
14831,741,3080,393,0.4987364113330841,0,10
14832,741,3080,1251,0.4658726453781128,0,10
14833,741,3080,169,0.48570021986961365,0,10
14834,741,3080,1653,0.46063533425331116,0,10
14835,741,3080,1409,0.4841952919960022,0,10
14836,741,3080,1328,0.531997561454773,0,10
14837,741,3080,2020,0.507468044757843,0,10
14838,741,3080,1795,0.5075207948684692,0,10
14839,741,3080,647,0.46406999230384827,0,10
14840,742,713,599,0.45429036021232605,1,5
14841,742,713,1887,0.10162215679883957,0,5
14842,742,713,1986,0.8030008673667908,0,5
14843,742,713,134,0.10975385457277298,0,5
14844,742,713,1155,0.09026914834976196,0,5
14845,742,713,688,0.3514719307422638,0,5
14846,742,713,75,0.13898548483848572,0,5
14847,742,713,692,0.14047373831272125,0,5
14848,742,713,705,0.2254205197095871,0,5
14849,742,713,342,0.06036609038710594,0,5
14850,742,713,1899,0.1560942381620407,0,5
14851,742,713,546,0.14366748929023743,0,5
14852,742,713,297,0.6026804447174072,0,5
14853,742,713,1752,0.3805990219116211,0,5
14854,742,713,469,0.32709038257598877,0,5
14855,742,713,1923,0.20272576808929443,0,5
14856,742,713,1638,0.15716199576854706,0,5
14857,742,713,849,0.30491116642951965,0,5
14858,742,713,1280,0.5190868973731995,0,5
14859,742,713,929,0.526568591594696,0,5
14860,743,4022,1290,0.6141060590744019,1,13
14861,743,4022,693,0.6214913725852966,0,13
14862,743,4022,662,0.6461498141288757,0,13
14863,743,4022,1723,0.3490777611732483,0,13
14864,743,4022,885,0.7085409164428711,0,13
14865,743,4022,552,0.46162357926368713,0,13
14866,743,4022,1802,0.4878650903701782,0,13
14867,743,4022,212,0.41896501183509827,0,13
14868,743,4022,1050,0.6157148480415344,0,13
14869,743,4022,308,0.3854900300502777,0,13
14870,743,4022,1537,0.638045608997345,0,13
14871,743,4022,986,0.6875209808349609,0,13
14872,743,4022,951,0.623503565788269,0,13
14873,743,4022,243,0.7155976891517639,0,13
14874,743,4022,540,0.43054527044296265,0,13
14875,743,4022,2021,0.7150108814239502,0,13
14876,743,4022,738,0.6891396045684814,0,13
14877,743,4022,1265,0.6359780430793762,0,13
14878,743,4022,1381,0.5201451182365417,0,13
14879,743,4022,1967,0.6360906362533569,0,13
14880,744,3531,75,0.6972633600234985,1,10
14881,744,3531,1967,0.6811069250106812,0,10
14882,744,3531,1546,0.6251250505447388,0,10
14883,744,3531,886,0.6356592178344727,0,10
14884,744,3531,393,0.677125871181488,0,10
14885,744,3531,856,0.7623515129089355,0,10
14886,744,3531,441,0.7197530269622803,0,10
14887,744,3531,1031,0.6798199415206909,0,10
14888,744,3531,735,0.6600375175476074,0,10
14889,744,3531,525,0.6224743723869324,0,10
14890,744,3531,738,0.7465400695800781,0,10
14891,744,3531,1372,0.7027818560600281,0,10
14892,744,3531,993,0.4556483328342438,0,10
14893,744,3531,2071,0.7296292185783386,0,10
14894,744,3531,1289,0.7257733345031738,0,10
14895,744,3531,592,0.7631447911262512,0,10
14896,744,3531,547,0.6275445818901062,0,10
14897,744,3531,259,0.6288384199142456,0,10
14898,744,3531,1925,0.7774748206138611,0,10
14899,744,3531,686,0.7135640978813171,0,10
14900,745,855,2060,0.4492959976196289,1,8
14901,745,855,402,0.26770877838134766,0,8
14902,745,855,859,0.41511809825897217,0,8
14903,745,855,938,0.5683402419090271,0,8
14904,745,855,609,0.3551052212715149,0,8
14905,745,855,1002,0.5384677648544312,0,8
14906,745,855,1519,0.5348404049873352,0,8
14907,745,855,604,0.36645156145095825,0,8
14908,745,855,863,0.4685749113559723,0,8
14909,745,855,820,0.3730471432209015,0,8
14910,745,855,1698,0.41502970457077026,0,8
14911,745,855,495,0.25474122166633606,0,8
14912,745,855,522,0.31441500782966614,0,8
14913,745,855,34,0.2700354754924774,0,8
14914,745,855,494,0.4527367949485779,0,8
14915,745,855,869,0.46334391832351685,0,8
14916,745,855,1878,0.5670707821846008,0,8
14917,745,855,430,0.3717184066772461,0,8
14918,745,855,1303,0.28217774629592896,0,8
14919,745,855,1820,0.37595269083976746,0,8
14920,746,2427,1537,0.5356125831604004,1,16
14921,746,2427,2017,0.5625481605529785,0,16
14922,746,2427,1362,0.5610978603363037,0,16
14923,746,2427,1237,0.5309882760047913,0,16
14924,746,2427,2077,0.5743120312690735,0,16
14925,746,2427,244,0.5493793487548828,0,16
14926,746,2427,882,0.5568986535072327,0,16
14927,746,2427,844,0.5590851306915283,0,16
14928,746,2427,1636,0.5035608410835266,0,16
14929,746,2427,733,0.5386979579925537,0,16
14930,746,2427,689,0.5973587036132812,0,16
14931,746,2427,1851,0.5498924851417542,0,16
14932,746,2427,202,0.4498787224292755,0,16
14933,746,2427,1278,0.5572549104690552,0,16
14934,746,2427,842,0.5578912496566772,0,16
14935,746,2427,165,0.5500125885009766,0,16
14936,746,2427,1715,0.5706174969673157,0,16
14937,746,2427,1710,0.43041571974754333,0,16
14938,746,2427,2045,0.5655852556228638,0,16
14939,746,2427,2016,0.5698254108428955,0,16
14940,747,613,841,0.5059977173805237,1,17
14941,747,613,202,0.3854554295539856,0,17
14942,747,613,1148,0.5665025115013123,0,17
14943,747,613,293,0.7025688886642456,0,17
14944,747,613,1224,0.2999882698059082,0,17
14945,747,613,1640,0.5020657181739807,0,17
14946,747,613,1768,0.6024634838104248,0,17
14947,747,613,1410,0.7084296345710754,0,17
14948,747,613,1444,0.657986581325531,0,17
14949,747,613,401,0.6180360913276672,0,17
14950,747,613,619,0.5845687389373779,0,17
14951,747,613,1209,0.6984723210334778,0,17
14952,747,613,147,0.6038406491279602,0,17
14953,747,613,1590,0.6893530488014221,0,17
14954,747,613,1408,0.6711277365684509,0,17
14955,747,613,1453,0.6792256832122803,0,17
14956,747,613,1800,0.6889042854309082,0,17
14957,747,613,384,0.6024543642997742,0,17
14958,747,613,990,0.5927596092224121,0,17
14959,747,613,1554,0.6516665816307068,0,17
14960,748,1689,229,0.5267238020896912,1,2
14961,748,1689,1725,0.5308790802955627,0,2
14962,748,1689,1937,0.4673452377319336,0,2
14963,748,1689,1429,0.39707839488983154,0,2
14964,748,1689,1848,0.47572067379951477,0,2
14965,748,1689,326,0.4273715317249298,0,2
14966,748,1689,537,0.34057360887527466,0,2
14967,748,1689,1779,0.5090203881263733,0,2
14968,748,1689,161,0.42869213223457336,0,2
14969,748,1689,122,0.41643160581588745,0,2
14970,748,1689,907,0.5117796659469604,0,2
14971,748,1689,63,0.3881469964981079,0,2
14972,748,1689,1529,0.4779224693775177,0,2
14973,748,1689,1885,0.42560604214668274,0,2
14974,748,1689,271,0.4773949384689331,0,2
14975,748,1689,42,0.39384421706199646,0,2
14976,748,1689,1134,0.31511393189430237,0,2
14977,748,1689,2033,0.47464197874069214,0,2
14978,748,1689,1056,0.3888035714626312,0,2
14979,748,1689,1339,0.46152305603027344,0,2
14980,749,404,36,0.3283040225505829,1,10
14981,749,404,308,0.4971274435520172,0,10
14982,749,404,286,0.3063465654850006,0,10
14983,749,404,45,0.27560004591941833,0,10
14984,749,404,553,0.14874374866485596,0,10
14985,749,404,1605,0.4630867838859558,0,10
14986,749,404,1105,0.22630825638771057,0,10
14987,749,404,1051,0.3441692292690277,0,10
14988,749,404,1651,0.1334046870470047,0,10
14989,749,404,1699,0.4646301865577698,0,10
14990,749,404,1988,0.33610907196998596,0,10
14991,749,404,968,0.5298055410385132,0,10
14992,749,404,543,0.3047696650028229,0,10
14993,749,404,383,0.4335329532623291,0,10
14994,749,404,588,0.264769971370697,0,10
14995,749,404,1501,0.2404244989156723,0,10
14996,749,404,565,0.12556278705596924,0,10
14997,749,404,672,0.29223865270614624,0,10
14998,749,404,271,0.5177817940711975,0,10
14999,749,404,259,0.3813484013080597,0,10
15000,750,3659,196,0.5552913546562195,1,15
15001,750,3659,953,0.5227968692779541,0,15
15002,750,3659,673,0.5590400099754333,0,15
15003,750,3659,531,0.5582062602043152,0,15
15004,750,3659,272,0.5794622302055359,0,15
15005,750,3659,1769,0.5692720413208008,0,15
15006,750,3659,829,0.5857316255569458,0,15
15007,750,3659,2056,0.5605363249778748,0,15
15008,750,3659,1022,0.596566379070282,0,15
15009,750,3659,2016,0.5977683067321777,0,15
15010,750,3659,1448,0.5596393942832947,0,15
15011,750,3659,1862,0.55402672290802,0,15
15012,750,3659,1027,0.5813844799995422,0,15
15013,750,3659,903,0.5329970121383667,0,15
15014,750,3659,2072,0.5688081383705139,0,15
15015,750,3659,50,0.5990620851516724,0,15
15016,750,3659,1564,0.4334753453731537,0,15
15017,750,3659,781,0.5907102823257446,0,15
15018,750,3659,1059,0.5589571595191956,0,15
15019,750,3659,1758,0.5527967810630798,0,15
15020,751,2966,531,0.5549320578575134,1,16
15021,751,2966,539,0.6117684245109558,0,16
15022,751,2966,1129,0.5659887790679932,0,16
15023,751,2966,900,0.5880768895149231,0,16
15024,751,2966,1334,0.5988976359367371,0,16
15025,751,2966,1508,0.6099129915237427,0,16
15026,751,2966,1625,0.5696444511413574,0,16
15027,751,2966,963,0.5882797241210938,0,16
15028,751,2966,1474,0.5553140044212341,0,16
15029,751,2966,247,0.5628269910812378,0,16
15030,751,2966,1972,0.4231022596359253,0,16
15031,751,2966,1617,0.46050405502319336,0,16
15032,751,2966,1164,0.638775110244751,0,16
15033,751,2966,103,0.36950770020484924,0,16
15034,751,2966,752,0.5992779731750488,0,16
15035,751,2966,192,0.5517354607582092,0,16
15036,751,2966,1368,0.5593251585960388,0,16
15037,751,2966,869,0.5664879679679871,0,16
15038,751,2966,1486,0.5677267909049988,0,16
15039,751,2966,478,0.6008085012435913,0,16
15040,752,4157,1435,0.5797919631004333,1,16
15041,752,4157,1046,0.6642138957977295,0,16
15042,752,4157,139,0.4351864159107208,0,16
15043,752,4157,1939,0.6301018595695496,0,16
15044,752,4157,790,0.6800990104675293,0,16
15045,752,4157,1151,0.6991925835609436,0,16
15046,752,4157,1320,0.6163800358772278,0,16
15047,752,4157,830,0.6916875839233398,0,16
15048,752,4157,1201,0.7052784562110901,0,16
15049,752,4157,874,0.606777548789978,0,16
15050,752,4157,1080,0.6967955827713013,0,16
15051,752,4157,1369,0.6993175745010376,0,16
15052,752,4157,727,0.6295004487037659,0,16
15053,752,4157,1682,0.6488379836082458,0,16
15054,752,4157,231,0.3671911954879761,0,16
15055,752,4157,773,0.6406503319740295,0,16
15056,752,4157,700,0.31590190529823303,0,16
15057,752,4157,923,0.4469178020954132,0,16
15058,752,4157,253,0.6377092599868774,0,16
15059,752,4157,1125,0.5861932039260864,0,16
15060,753,3356,1231,0.5363401770591736,1,6
15061,753,3356,1923,0.5404378175735474,0,6
15062,753,3356,1214,0.3334531784057617,0,6
15063,753,3356,265,0.5363130569458008,0,6
15064,753,3356,1901,0.5376111268997192,0,6
15065,753,3356,1394,0.5257419347763062,0,6
15066,753,3356,403,0.5294448137283325,0,6
15067,753,3356,1955,0.5190423130989075,0,6
15068,753,3356,1029,0.5129308104515076,0,6
15069,753,3356,1640,0.5121153593063354,0,6
15070,753,3356,365,0.5269737839698792,0,6
15071,753,3356,289,0.5385045409202576,0,6
15072,753,3356,643,0.5391596555709839,0,6
15073,753,3356,1590,0.5293197631835938,0,6
15074,753,3356,457,0.5385215282440186,0,6
15075,753,3356,511,0.3942047655582428,0,6
15076,753,3356,1344,0.5343199372291565,0,6
15077,753,3356,40,0.3257395029067993,0,6
15078,753,3356,710,0.5323119759559631,0,6
15079,753,3356,50,0.5350757837295532,0,6
15080,754,2126,2003,0.48127931356430054,1,12
15081,754,2126,2018,0.4555965065956116,0,12
15082,754,2126,919,0.46288666129112244,0,12
15083,754,2126,1090,0.4526216387748718,0,12
15084,754,2126,1643,0.4555288851261139,0,12
15085,754,2126,1672,0.4682855010032654,0,12
15086,754,2126,1961,0.49494650959968567,0,12
15087,754,2126,1931,0.5154807567596436,0,12
15088,754,2126,1661,0.4872387945652008,0,12
15089,754,2126,780,0.49329710006713867,0,12
15090,754,2126,77,0.45817962288856506,0,12
15091,754,2126,1245,0.491658478975296,0,12
15092,754,2126,494,0.52305668592453,0,12
15093,754,2126,478,0.4901130199432373,0,12
15094,754,2126,1060,0.5574560165405273,0,12
15095,754,2126,307,0.5054848790168762,0,12
15096,754,2126,1246,0.49072813987731934,0,12
15097,754,2126,1151,0.47534602880477905,0,12
15098,754,2126,751,0.4893021583557129,0,12
15099,754,2126,1006,0.4181165099143982,0,12
15100,755,472,176,0.46078234910964966,1,16
15101,755,472,1777,0.3852764070034027,0,16
15102,755,472,865,0.590804398059845,0,16
15103,755,472,513,0.5239958167076111,0,16
15104,755,472,1393,0.480151504278183,0,16
15105,755,472,1477,0.570461094379425,0,16
15106,755,472,66,0.5789332389831543,0,16
15107,755,472,380,0.5643815994262695,0,16
15108,755,472,1248,0.4415642023086548,0,16
15109,755,472,320,0.6030729413032532,0,16
15110,755,472,1913,0.4869972765445709,0,16
15111,755,472,366,0.6155408620834351,0,16
15112,755,472,1435,0.551753044128418,0,16
15113,755,472,1887,0.5863813757896423,0,16
15114,755,472,1224,0.32254546880722046,0,16
15115,755,472,102,0.6045928001403809,0,16
15116,755,472,1238,0.599855363368988,0,16
15117,755,472,1412,0.5788248181343079,0,16
15118,755,472,1023,0.458526074886322,0,16
15119,755,472,189,0.5828061103820801,0,16
15120,756,3029,1654,0.41042524576187134,1,20
15121,756,3029,245,0.5513018369674683,0,20
15122,756,3029,502,0.575080931186676,0,20
15123,756,3029,581,0.5861034393310547,0,20
15124,756,3029,1702,0.5774105787277222,0,20
15125,756,3029,780,0.4831492304801941,0,20
15126,756,3029,1032,0.5925417542457581,0,20
15127,756,3029,1073,0.5543016791343689,0,20
15128,756,3029,173,0.4750511050224304,0,20
15129,756,3029,892,0.5544527769088745,0,20
15130,756,3029,1676,0.5908377766609192,0,20
15131,756,3029,1764,0.5873962640762329,0,20
15132,756,3029,1950,0.6016140580177307,0,20
15133,756,3029,1071,0.5749301314353943,0,20
15134,756,3029,98,0.5830933451652527,0,20
15135,756,3029,577,0.5622161626815796,0,20
15136,756,3029,1513,0.4823942184448242,0,20
15137,756,3029,427,0.4468209743499756,0,20
15138,756,3029,448,0.5589413642883301,0,20
15139,756,3029,1988,0.5492762923240662,0,20
15140,757,637,219,0.5653098225593567,1,13
15141,757,637,1804,0.6229346394538879,0,13
15142,757,637,1924,0.5820834040641785,0,13
15143,757,637,1580,0.5643795728683472,0,13
15144,757,637,155,0.5639222860336304,0,13
15145,757,637,804,0.592662513256073,0,13
15146,757,637,735,0.5798322558403015,0,13
15147,757,637,1292,0.6207020282745361,0,13
15148,757,637,1473,0.5567408204078674,0,13
15149,757,637,1861,0.6280674934387207,0,13
15150,757,637,355,0.5657544136047363,0,13
15151,757,637,475,0.39280134439468384,0,13
15152,757,637,263,0.5986427068710327,0,13
15153,757,637,1966,0.5416909456253052,0,13
15154,757,637,1543,0.5770649313926697,0,13
15155,757,637,1106,0.6022665500640869,0,13
15156,757,637,1247,0.5671250820159912,0,13
15157,757,637,1132,0.4791371822357178,0,13
15158,757,637,172,0.5712234973907471,0,13
15159,757,637,1218,0.4575110673904419,0,13
15160,758,1241,945,0.3048982322216034,1,7
15161,758,1241,606,0.19882863759994507,0,7
15162,758,1241,2067,0.27598562836647034,0,7
15163,758,1241,1927,0.13681629300117493,0,7
15164,758,1241,275,0.29005569219589233,0,7
15165,758,1241,938,0.6077278852462769,0,7
15166,758,1241,1658,0.7760322690010071,0,7
15167,758,1241,686,0.24764394760131836,0,7
15168,758,1241,171,0.14796429872512817,0,7
15169,758,1241,1509,0.593752920627594,0,7
15170,758,1241,183,0.41888388991355896,0,7
15171,758,1241,1179,0.1831367164850235,0,7
15172,758,1241,1342,0.20932292938232422,0,7
15173,758,1241,1597,0.4488494396209717,0,7
15174,758,1241,1576,0.18276582658290863,0,7
15175,758,1241,106,0.5366553664207458,0,7
15176,758,1241,1469,0.18500587344169617,0,7
15177,758,1241,973,0.23881758749485016,0,7
15178,758,1241,854,0.25453606247901917,0,7
15179,758,1241,1432,0.2223042994737625,0,7
15180,759,3335,1285,0.5748016238212585,1,14
15181,759,3335,1092,0.4187279939651489,0,14
15182,759,3335,529,0.37688538432121277,0,14
15183,759,3335,470,0.6239107847213745,0,14
15184,759,3335,1141,0.5910966992378235,0,14
15185,759,3335,742,0.631189227104187,0,14
15186,759,3335,1046,0.6158384084701538,0,14
15187,759,3335,1672,0.5875265598297119,0,14
15188,759,3335,852,0.6246743202209473,0,14
15189,759,3335,74,0.3964424729347229,0,14
15190,759,3335,1207,0.6516546010971069,0,14
15191,759,3335,1263,0.6333212852478027,0,14
15192,759,3335,181,0.5700796246528625,0,14
15193,759,3335,828,0.6466538906097412,0,14
15194,759,3335,1254,0.6466175317764282,0,14
15195,759,3335,1977,0.5864083170890808,0,14
15196,759,3335,406,0.6295126080513,0,14
15197,759,3335,1828,0.5098202228546143,0,14
15198,759,3335,1851,0.5648762583732605,0,14
15199,759,3335,1010,0.643625795841217,0,14
15200,760,3104,387,0.6679413914680481,1,12
15201,760,3104,1594,0.7529771327972412,0,12
15202,760,3104,1926,0.802250325679779,0,12
15203,760,3104,958,0.4576708674430847,0,12
15204,760,3104,1362,0.7474755644798279,0,12
15205,760,3104,1825,0.493897020816803,0,12
15206,760,3104,730,0.7520924210548401,0,12
15207,760,3104,1448,0.6831957697868347,0,12
15208,760,3104,1154,0.7126880884170532,0,12
15209,760,3104,625,0.6601179242134094,0,12
15210,760,3104,1782,0.7988007664680481,0,12
15211,760,3104,234,0.8110170960426331,0,12
15212,760,3104,346,0.6954325437545776,0,12
15213,760,3104,1541,0.7984541654586792,0,12
15214,760,3104,1851,0.6003596186637878,0,12
15215,760,3104,536,0.6615782380104065,0,12
15216,760,3104,1416,0.42896947264671326,0,12
15217,760,3104,713,0.7902047634124756,0,12
15218,760,3104,533,0.4542067348957062,0,12
15219,760,3104,395,0.5994947552680969,0,12
15220,761,1205,591,0.4885851740837097,1,5
15221,761,1205,1273,0.4263586401939392,0,5
15222,761,1205,529,0.41348057985305786,0,5
15223,761,1205,1491,0.45983409881591797,0,5
15224,761,1205,1075,0.45675128698349,0,5
15225,761,1205,2027,0.4072391390800476,0,5
15226,761,1205,1332,0.3235794007778168,0,5
15227,761,1205,73,0.45411422848701477,0,5
15228,761,1205,515,0.41610944271087646,0,5
15229,761,1205,1791,0.46242761611938477,0,5
15230,761,1205,1231,0.5593008399009705,0,5
15231,761,1205,12,0.42206814885139465,0,5
15232,761,1205,351,0.42939794063568115,0,5
15233,761,1205,1088,0.545073926448822,0,5
15234,761,1205,232,0.44689685106277466,0,5
15235,761,1205,35,0.4894121289253235,0,5
15236,761,1205,136,0.41228029131889343,0,5
15237,761,1205,1980,0.5703544020652771,0,5
15238,761,1205,2073,0.3488605320453644,0,5
15239,761,1205,363,0.41764572262763977,0,5
15240,762,2206,911,0.5111784934997559,1,7
15241,762,2206,463,0.4546601474285126,0,7
15242,762,2206,1923,0.4499228298664093,0,7
15243,762,2206,1908,0.44022610783576965,0,7
15244,762,2206,1562,0.42307767271995544,0,7
15245,762,2206,40,0.3379633128643036,0,7
15246,762,2206,96,0.42302829027175903,0,7
15247,762,2206,360,0.5149474740028381,0,7
15248,762,2206,744,0.5201921463012695,0,7
15249,762,2206,1100,0.4260913133621216,0,7
15250,762,2206,7,0.5293967723846436,0,7
15251,762,2206,524,0.4318918287754059,0,7
15252,762,2206,1886,0.44580331444740295,0,7
15253,762,2206,1866,0.48521992564201355,0,7
15254,762,2206,395,0.5389522314071655,0,7
15255,762,2206,923,0.6258828043937683,0,7
15256,762,2206,1534,0.4449204206466675,0,7
15257,762,2206,1328,0.5334646701812744,0,7
15258,762,2206,354,0.46114015579223633,0,7
15259,762,2206,608,0.4978799521923065,0,7
15260,763,1849,113,0.4026443064212799,1,7
15261,763,1849,403,0.33188050985336304,0,7
15262,763,1849,1983,0.2384016364812851,0,7
15263,763,1849,1243,0.19637946784496307,0,7
15264,763,1849,510,0.2295694649219513,0,7
15265,763,1849,1488,0.2081707864999771,0,7
15266,763,1849,1007,0.20009981095790863,0,7
15267,763,1849,297,0.5773860812187195,0,7
15268,763,1849,393,0.24691903591156006,0,7
15269,763,1849,697,0.5505326986312866,0,7
15270,763,1849,1635,0.2748259902000427,0,7
15271,763,1849,2054,0.21620583534240723,0,7
15272,763,1849,1923,0.22150439023971558,0,7
15273,763,1849,235,0.4085523784160614,0,7
15274,763,1849,944,0.36505863070487976,0,7
15275,763,1849,1045,0.08224480599164963,0,7
15276,763,1849,652,0.5262267589569092,0,7
15277,763,1849,1812,0.49687620997428894,0,7
15278,763,1849,655,0.43341755867004395,0,7
15279,763,1849,1510,0.1401638388633728,0,7
15280,764,3055,848,0.3733680844306946,1,17
15281,764,3055,1635,0.43007826805114746,0,17
15282,764,3055,297,0.512150228023529,0,17
15283,764,3055,1605,0.517982006072998,0,17
15284,764,3055,1061,0.398616224527359,0,17
15285,764,3055,1603,0.39538389444351196,0,17
15286,764,3055,2004,0.4192965626716614,0,17
15287,764,3055,824,0.5522829294204712,0,17
15288,764,3055,1513,0.5333632826805115,0,17
15289,764,3055,1969,0.36801639199256897,0,17
15290,764,3055,1833,0.3642372488975525,0,17
15291,764,3055,452,0.35687074065208435,0,17
15292,764,3055,1404,0.3866831064224243,0,17
15293,764,3055,1782,0.3847805857658386,0,17
15294,764,3055,472,0.5665769577026367,0,17
15295,764,3055,231,0.4853902757167816,0,17
15296,764,3055,335,0.5657970905303955,0,17
15297,764,3055,1494,0.39737468957901,0,17
15298,764,3055,658,0.40461236238479614,0,17
15299,764,3055,1968,0.3787187337875366,0,17
15300,765,1629,1575,0.5202828049659729,1,5
15301,765,1629,1423,0.5304959416389465,0,5
15302,765,1629,2071,0.4175030291080475,0,5
15303,765,1629,1760,0.5028008222579956,0,5
15304,765,1629,1535,0.5429797172546387,0,5
15305,765,1629,1971,0.5360673666000366,0,5
15306,765,1629,1089,0.4192422926425934,0,5
15307,765,1629,1805,0.5305436849594116,0,5
15308,765,1629,913,0.4198707938194275,0,5
15309,765,1629,1920,0.3969256579875946,0,5
15310,765,1629,1447,0.3852767050266266,0,5
15311,765,1629,846,0.4231928288936615,0,5
15312,765,1629,109,0.4496067464351654,0,5
15313,765,1629,1442,0.43793269991874695,0,5
15314,765,1629,832,0.44310739636421204,0,5
15315,765,1629,1839,0.4628109633922577,0,5
15316,765,1629,1591,0.471697598695755,0,5
15317,765,1629,1100,0.43450015783309937,0,5
15318,765,1629,1422,0.4292793869972229,0,5
15319,765,1629,115,0.46465978026390076,0,5
15320,766,3849,85,0.6006712317466736,1,4
15321,766,3849,2067,0.5866535902023315,0,4
15322,766,3849,1007,0.5873242616653442,0,4
15323,766,3849,2029,0.5696803331375122,0,4
15324,766,3849,371,0.5628595948219299,0,4
15325,766,3849,897,0.5704975724220276,0,4
15326,766,3849,1919,0.5957608222961426,0,4
15327,766,3849,883,0.47439804673194885,0,4
15328,766,3849,779,0.5936340093612671,0,4
15329,766,3849,1013,0.5928981304168701,0,4
15330,766,3849,58,0.616614818572998,0,4
15331,766,3849,311,0.5467020869255066,0,4
15332,766,3849,773,0.5772985219955444,0,4
15333,766,3849,888,0.6137664914131165,0,4
15334,766,3849,978,0.42950403690338135,0,4
15335,766,3849,274,0.585088312625885,0,4
15336,766,3849,1586,0.6123096346855164,0,4
15337,766,3849,1132,0.4694092571735382,0,4
15338,766,3849,1280,0.5426987409591675,0,4
15339,766,3849,1135,0.5817058682441711,0,4
15340,767,3666,1143,0.6932724118232727,1,15
15341,767,3666,730,0.7528636455535889,0,15
15342,767,3666,1215,0.7967581152915955,0,15
15343,767,3666,1135,0.7130441665649414,0,15
15344,767,3666,1387,0.7040044069290161,0,15
15345,767,3666,2056,0.6960242390632629,0,15
15346,767,3666,411,0.738884687423706,0,15
15347,767,3666,1254,0.7838928699493408,0,15
15348,767,3666,734,0.8311243653297424,0,15
15349,767,3666,420,0.7471351623535156,0,15
15350,767,3666,1422,0.7191190123558044,0,15
15351,767,3666,110,0.7585468888282776,0,15
15352,767,3666,252,0.6820889711380005,0,15
15353,767,3666,1341,0.49501755833625793,0,15
15354,767,3666,1296,0.6680954694747925,0,15
15355,767,3666,638,0.7851837277412415,0,15
15356,767,3666,625,0.6605901122093201,0,15
15357,767,3666,441,0.7573010921478271,0,15
15358,767,3666,959,0.5099092721939087,0,15
15359,767,3666,76,0.7515336871147156,0,15
15360,768,3334,990,0.5681723356246948,1,14
15361,768,3334,2011,0.6147740483283997,0,14
15362,768,3334,1866,0.4405962824821472,0,14
15363,768,3334,130,0.6101803183555603,0,14
15364,768,3334,1737,0.5857270359992981,0,14
15365,768,3334,304,0.5710585117340088,0,14
15366,768,3334,236,0.6312546730041504,0,14
15367,768,3334,197,0.6222495436668396,0,14
15368,768,3334,282,0.5396867990493774,0,14
15369,768,3334,1017,0.6471425890922546,0,14
15370,768,3334,131,0.5633552670478821,0,14
15371,768,3334,135,0.6196821331977844,0,14
15372,768,3334,35,0.5788469314575195,0,14
15373,768,3334,48,0.6377456784248352,0,14
15374,768,3334,1741,0.5899515151977539,0,14
15375,768,3334,1941,0.5573647618293762,0,14
15376,768,3334,879,0.6412296295166016,0,14
15377,768,3334,1268,0.4194483458995819,0,14
15378,768,3334,176,0.4463792145252228,0,14
15379,768,3334,950,0.5831553339958191,0,14
15380,769,3802,672,0.5611818432807922,1,14
15381,769,3802,1036,0.5817631483078003,0,14
15382,769,3802,1172,0.5558855533599854,0,14
15383,769,3802,1029,0.5696387887001038,0,14
15384,769,3802,1313,0.59293133020401,0,14
15385,769,3802,1873,0.585292637348175,0,14
15386,769,3802,1294,0.3913317322731018,0,14
15387,769,3802,623,0.5863146781921387,0,14
15388,769,3802,1884,0.44852784276008606,0,14
15389,769,3802,1182,0.6366062760353088,0,14
15390,769,3802,1213,0.5637624859809875,0,14
15391,769,3802,1279,0.6075778007507324,0,14
15392,769,3802,1209,0.5978828072547913,0,14
15393,769,3802,512,0.6029680371284485,0,14
15394,769,3802,161,0.5565829873085022,0,14
15395,769,3802,1625,0.5722960829734802,0,14
15396,769,3802,196,0.554726243019104,0,14
15397,769,3802,645,0.5818561315536499,0,14
15398,769,3802,1818,0.3886789083480835,0,14
15399,769,3802,538,0.619654655456543,0,14
15400,770,3668,740,0.4591219425201416,1,11
15401,770,3668,1684,0.4685610830783844,0,11
15402,770,3668,1217,0.4899499714374542,0,11
15403,770,3668,1236,0.3973754048347473,0,11
15404,770,3668,1318,0.5129876136779785,0,11
15405,770,3668,1661,0.4562385380268097,0,11
15406,770,3668,1607,0.4110669195652008,0,11
15407,770,3668,1719,0.544148325920105,0,11
15408,770,3668,57,0.49813351035118103,0,11
15409,770,3668,210,0.545242190361023,0,11
15410,770,3668,296,0.4555377960205078,0,11
15411,770,3668,1033,0.5274930596351624,0,11
15412,770,3668,842,0.5089815855026245,0,11
15413,770,3668,571,0.45277947187423706,0,11
15414,770,3668,1365,0.4195200502872467,0,11
15415,770,3668,2011,0.4474594295024872,0,11
15416,770,3668,1258,0.5308545231819153,0,11
15417,770,3668,342,0.41172608733177185,0,11
15418,770,3668,1879,0.5036000609397888,0,11
15419,770,3668,1864,0.4285004138946533,0,11
15420,771,1791,1721,0.6452338695526123,1,1
15421,771,1791,1334,0.6265810132026672,0,1
15422,771,1791,69,0.5881420969963074,0,1
15423,771,1791,1945,0.5771452188491821,0,1
15424,771,1791,787,0.594946026802063,0,1
15425,771,1791,1167,0.6251341700553894,0,1
15426,771,1791,622,0.5699936747550964,0,1
15427,771,1791,894,0.5873247385025024,0,1
15428,771,1791,557,0.574383020401001,0,1
15429,771,1791,613,0.49263912439346313,0,1
15430,771,1791,461,0.5358700156211853,0,1
15431,771,1791,1493,0.5633587837219238,0,1
15432,771,1791,1513,0.4839833080768585,0,1
15433,771,1791,1999,0.5973711013793945,0,1
15434,771,1791,1430,0.6334152817726135,0,1
15435,771,1791,1235,0.6242517828941345,0,1
15436,771,1791,2059,0.5797215700149536,0,1
15437,771,1791,338,0.596754252910614,0,1
15438,771,1791,1143,0.5759634375572205,0,1
15439,771,1791,683,0.6024774312973022,0,1
15440,772,2028,1844,0.3967795968055725,1,20
15441,772,2028,809,0.5557612180709839,0,20
15442,772,2028,1624,0.5329931974411011,0,20
15443,772,2028,1328,0.5365349650382996,0,20
15444,772,2028,1542,0.5423365831375122,0,20
15445,772,2028,1003,0.5264309644699097,0,20
15446,772,2028,2045,0.5543681383132935,0,20
15447,772,2028,1198,0.3990395665168762,0,20
15448,772,2028,753,0.5513418912887573,0,20
15449,772,2028,509,0.524116039276123,0,20
15450,772,2028,1286,0.5459343791007996,0,20
15451,772,2028,1357,0.5260365009307861,0,20
15452,772,2028,659,0.5647610425949097,0,20
15453,772,2028,62,0.5319586992263794,0,20
15454,772,2028,38,0.5272868871688843,0,20
15455,772,2028,1345,0.5291204452514648,0,20
15456,772,2028,533,0.4979364573955536,0,20
15457,772,2028,1368,0.5278112292289734,0,20
15458,772,2028,168,0.5554274916648865,0,20
15459,772,2028,1250,0.47777971625328064,0,20
15460,773,2509,345,0.2668558657169342,1,20
15461,773,2509,403,0.6526325345039368,0,20
15462,773,2509,988,0.337385356426239,0,20
15463,773,2509,304,0.6718121767044067,0,20
15464,773,2509,1667,0.43402212858200073,0,20
15465,773,2509,2023,0.7325692772865295,0,20
15466,773,2509,229,0.4638804495334625,0,20
15467,773,2509,667,0.5371360182762146,0,20
15468,773,2509,799,0.6094771027565002,0,20
15469,773,2509,1341,0.4954589903354645,0,20
15470,773,2509,110,0.7571690678596497,0,20
15471,773,2509,1870,0.7492150068283081,0,20
15472,773,2509,1048,0.47182995080947876,0,20
15473,773,2509,1322,0.5584732294082642,0,20
15474,773,2509,605,0.7587770223617554,0,20
15475,773,2509,1830,0.7484160661697388,0,20
15476,773,2509,1623,0.6188112497329712,0,20
15477,773,2509,1413,0.6815107464790344,0,20
15478,773,2509,676,0.675102174282074,0,20
15479,773,2509,445,0.553918719291687,0,20
15480,774,2857,1913,0.5179039239883423,1,12
15481,774,2857,1043,0.5260239243507385,0,12
15482,774,2857,527,0.5286423563957214,0,12
15483,774,2857,2013,0.540032148361206,0,12
15484,774,2857,609,0.5094268918037415,0,12
15485,774,2857,648,0.5348067879676819,0,12
15486,774,2857,745,0.5290109515190125,0,12
15487,774,2857,1430,0.5148405432701111,0,12
15488,774,2857,1569,0.5128523111343384,0,12
15489,774,2857,717,0.5427477955818176,0,12
15490,774,2857,1891,0.5497974157333374,0,12
15491,774,2857,1127,0.5009454488754272,0,12
15492,774,2857,788,0.5339987277984619,0,12
15493,774,2857,862,0.5396440625190735,0,12
15494,774,2857,1177,0.5406844615936279,0,12
15495,774,2857,151,0.39112192392349243,0,12
15496,774,2857,100,0.5238678455352783,0,12
15497,774,2857,1326,0.5091928243637085,0,12
15498,774,2857,209,0.5040625333786011,0,12
15499,774,2857,668,0.5139259696006775,0,12
15500,775,3202,1193,0.5517162680625916,1,12
15501,775,3202,188,0.5456769466400146,0,12
15502,775,3202,1789,0.5639594197273254,0,12
15503,775,3202,680,0.4288862645626068,0,12
15504,775,3202,567,0.49939656257629395,0,12
15505,775,3202,1218,0.44988152384757996,0,12
15506,775,3202,614,0.569291353225708,0,12
15507,775,3202,1934,0.5916000008583069,0,12
15508,775,3202,1785,0.5494775176048279,0,12
15509,775,3202,1600,0.6034370064735413,0,12
15510,775,3202,642,0.5533329844474792,0,12
15511,775,3202,168,0.5920220613479614,0,12
15512,775,3202,683,0.5803509950637817,0,12
15513,775,3202,943,0.5338380336761475,0,12
15514,775,3202,404,0.570554256439209,0,12
15515,775,3202,394,0.5769697427749634,0,12
15516,775,3202,144,0.5443305373191833,0,12
15517,775,3202,1393,0.48187580704689026,0,12
15518,775,3202,209,0.5620203018188477,0,12
15519,775,3202,1375,0.5953747630119324,0,12
15520,776,4140,530,0.557708203792572,1,15
15521,776,4140,304,0.7074204087257385,0,15
15522,776,4140,893,0.6784392595291138,0,15
15523,776,4140,1900,0.7764992713928223,0,15
15524,776,4140,1799,0.4603782296180725,0,15
15525,776,4140,440,0.8380537629127502,0,15
15526,776,4140,1065,0.5514859557151794,0,15
15527,776,4140,1159,0.7809451222419739,0,15
15528,776,4140,1656,0.7681896686553955,0,15
15529,776,4140,971,0.7257000207901001,0,15
15530,776,4140,1647,0.672153115272522,0,15
15531,776,4140,737,0.7096063494682312,0,15
15532,776,4140,503,0.7577832937240601,0,15
15533,776,4140,449,0.55412358045578,0,15
15534,776,4140,2009,0.8171945214271545,0,15
15535,776,4140,288,0.7745649814605713,0,15
15536,776,4140,2067,0.7735268473625183,0,15
15537,776,4140,773,0.7442599534988403,0,15
15538,776,4140,1942,0.29790180921554565,0,15
15539,776,4140,308,0.352996289730072,0,15
15540,777,3427,1441,0.6338268518447876,1,4
15541,777,3427,137,0.5514392852783203,0,4
15542,777,3427,441,0.6114746332168579,0,4
15543,777,3427,1430,0.6348217129707336,0,4
15544,777,3427,5,0.585280179977417,0,4
15545,777,3427,701,0.5753263235092163,0,4
15546,777,3427,1614,0.6213653683662415,0,4
15547,777,3427,491,0.5864583849906921,0,4
15548,777,3427,1163,0.603735089302063,0,4
15549,777,3427,1897,0.6234977841377258,0,4
15550,777,3427,1434,0.4193461835384369,0,4
15551,777,3427,1941,0.5525832176208496,0,4
15552,777,3427,24,0.616106390953064,0,4
15553,777,3427,53,0.5878512263298035,0,4
15554,777,3427,2071,0.6167792677879333,0,4
15555,777,3427,1969,0.6246167421340942,0,4
15556,777,3427,556,0.6173373460769653,0,4
15557,777,3427,1113,0.6338776350021362,0,4
15558,777,3427,1651,0.6510375738143921,0,4
15559,777,3427,1544,0.5663332939147949,0,4
15560,778,259,1006,0.4059973955154419,1,18
15561,778,259,398,0.5249030590057373,0,18
15562,778,259,344,0.493172287940979,0,18
15563,778,259,132,0.5132229328155518,0,18
15564,778,259,1506,0.4868486225605011,0,18
15565,778,259,545,0.5170049071311951,0,18
15566,778,259,268,0.5132102370262146,0,18
15567,778,259,419,0.49109363555908203,0,18
15568,778,259,807,0.5172101855278015,0,18
15569,778,259,448,0.5332269072532654,0,18
15570,778,259,1859,0.5683746337890625,0,18
15571,778,259,1849,0.5084066987037659,0,18
15572,778,259,1715,0.5608071088790894,0,18
15573,778,259,1474,0.5568040609359741,0,18
15574,778,259,1284,0.5008671879768372,0,18
15575,778,259,948,0.32168087363243103,0,18
15576,778,259,1662,0.5124122500419617,0,18
15577,778,259,2036,0.33524289727211,0,18
15578,778,259,1076,0.5150973200798035,0,18
15579,778,259,318,0.5017699003219604,0,18
15580,779,3681,351,0.7010677456855774,1,9
15581,779,3681,178,0.695807158946991,0,9
15582,779,3681,386,0.6553685069084167,0,9
15583,779,3681,37,0.6996633410453796,0,9
15584,779,3681,181,0.6040802597999573,0,9
15585,779,3681,58,0.8138495683670044,0,9
15586,779,3681,1112,0.5406734347343445,0,9
15587,779,3681,1725,0.5065029859542847,0,9
15588,779,3681,1771,0.8001936078071594,0,9
15589,779,3681,137,0.5796875953674316,0,9
15590,779,3681,960,0.3863084614276886,0,9
15591,779,3681,427,0.40893763303756714,0,9
15592,779,3681,1522,0.8427670001983643,0,9
15593,779,3681,2049,0.6859802007675171,0,9
15594,779,3681,1190,0.7246882319450378,0,9
15595,779,3681,538,0.8070803880691528,0,9
15596,779,3681,34,0.802944004535675,0,9
15597,779,3681,481,0.7592905759811401,0,9
15598,779,3681,899,0.7612400650978088,0,9
15599,779,3681,373,0.4442872107028961,0,9
15600,780,1110,948,0.34806475043296814,1,20
15601,780,1110,277,0.5317473411560059,0,20
15602,780,1110,1576,0.5030296444892883,0,20
15603,780,1110,1971,0.5045410990715027,0,20
15604,780,1110,2031,0.5220705270767212,0,20
15605,780,1110,1263,0.5351622700691223,0,20
15606,780,1110,210,0.536722719669342,0,20
15607,780,1110,1804,0.5178501009941101,0,20
15608,780,1110,1870,0.5124335885047913,0,20
15609,780,1110,784,0.5259217023849487,0,20
15610,780,1110,320,0.5254174470901489,0,20
15611,780,1110,865,0.5230451226234436,0,20
15612,780,1110,1174,0.5208335518836975,0,20
15613,780,1110,207,0.5359967947006226,0,20
15614,780,1110,1866,0.46338731050491333,0,20
15615,780,1110,1352,0.5400891304016113,0,20
15616,780,1110,2029,0.519737720489502,0,20
15617,780,1110,1240,0.5308949947357178,0,20
15618,780,1110,221,0.5220773816108704,0,20
15619,780,1110,1975,0.5282692313194275,0,20
15620,781,1908,455,0.47690558433532715,1,4
15621,781,1908,969,0.36087051033973694,0,4
15622,781,1908,1352,0.5163155198097229,0,4
15623,781,1908,1336,0.3951564133167267,0,4
15624,781,1908,354,0.4215078353881836,0,4
15625,781,1908,1043,0.24605628848075867,0,4
15626,781,1908,1664,0.3784835934638977,0,4
15627,781,1908,1405,0.4717044532299042,0,4
15628,781,1908,1299,0.5093110203742981,0,4
15629,781,1908,202,0.4588742256164551,0,4
15630,781,1908,750,0.4649760127067566,0,4
15631,781,1908,1165,0.3405334949493408,0,4
15632,781,1908,1301,0.3200892210006714,0,4
15633,781,1908,1803,0.357145756483078,0,4
15634,781,1908,1716,0.3577900826931,0,4
15635,781,1908,2067,0.390254944562912,0,4
15636,781,1908,1340,0.3802894949913025,0,4
15637,781,1908,1518,0.4396909773349762,0,4
15638,781,1908,1360,0.33861657977104187,0,4
15639,781,1908,1377,0.5329858660697937,0,4
15640,782,1160,1846,0.4115944504737854,1,12
15641,782,1160,478,0.3998160660266876,0,12
15642,782,1160,272,0.4297836422920227,0,12
15643,782,1160,1473,0.7038829922676086,0,12
15644,782,1160,1542,0.3734886646270752,0,12
15645,782,1160,775,0.4116600751876831,0,12
15646,782,1160,1026,0.47043702006340027,0,12
15647,782,1160,569,0.4126463234424591,0,12
15648,782,1160,1212,0.3939492404460907,0,12
15649,782,1160,1403,0.37722718715667725,0,12
15650,782,1160,216,0.36881399154663086,0,12
15651,782,1160,2056,0.41652414202690125,0,12
15652,782,1160,973,0.4125615656375885,0,12
15653,782,1160,384,0.4418359100818634,0,12
15654,782,1160,1872,0.4199385344982147,0,12
15655,782,1160,1308,0.4076555669307709,0,12
15656,782,1160,1332,0.293979674577713,0,12
15657,782,1160,653,0.4114380478858948,0,12
15658,782,1160,1499,0.45217037200927734,0,12
15659,782,1160,429,0.4245989918708801,0,12
15660,783,2378,1725,0.511588990688324,1,18
15661,783,2378,1266,0.6565389037132263,0,18
15662,783,2378,902,0.6446245908737183,0,18
15663,783,2378,891,0.6615164279937744,0,18
15664,783,2378,1207,0.7446022629737854,0,18
15665,783,2378,1489,0.585320770740509,0,18
15666,783,2378,547,0.6176061034202576,0,18
15667,783,2378,1342,0.7042973637580872,0,18
15668,783,2378,1238,0.7457742691040039,0,18
15669,783,2378,1286,0.5749655365943909,0,18
15670,783,2378,331,0.6575901508331299,0,18
15671,783,2378,578,0.7175524234771729,0,18
15672,783,2378,442,0.6264223456382751,0,18
15673,783,2378,1808,0.32075509428977966,0,18
15674,783,2378,484,0.6297996640205383,0,18
15675,783,2378,1502,0.6732742786407471,0,18
15676,783,2378,1094,0.718286395072937,0,18
15677,783,2378,420,0.6963651776313782,0,18
15678,783,2378,532,0.6559068560600281,0,18
15679,783,2378,1178,0.4238743782043457,0,18
15680,784,46,1877,0.7873709797859192,1,1
15681,784,46,1537,0.22212783992290497,0,1
15682,784,46,1261,0.5496906042098999,0,1
15683,784,46,1064,0.21087820827960968,0,1
15684,784,46,1390,0.42310190200805664,0,1
15685,784,46,1972,0.43233442306518555,0,1
15686,784,46,759,0.1265089362859726,0,1
15687,784,46,1862,0.491534024477005,0,1
15688,784,46,230,0.5521107316017151,0,1
15689,784,46,144,0.4935164451599121,0,1
15690,784,46,1629,0.28758740425109863,0,1
15691,784,46,189,0.17674334347248077,0,1
15692,784,46,123,0.40224191546440125,0,1
15693,784,46,399,0.2592751979827881,0,1
15694,784,46,168,0.24661079049110413,0,1
15695,784,46,554,0.26395460963249207,0,1
15696,784,46,1929,0.17216356098651886,0,1
15697,784,46,1936,0.38541173934936523,0,1
15698,784,46,7,0.5057222843170166,0,1
15699,784,46,822,0.17516274750232697,0,1
15700,785,2828,1674,0.7374928593635559,1,12
15701,785,2828,1089,0.7765662670135498,0,12
15702,785,2828,203,0.7471510171890259,0,12
15703,785,2828,1117,0.7464566230773926,0,12
15704,785,2828,2057,0.7513959407806396,0,12
15705,785,2828,1247,0.6703175902366638,0,12
15706,785,2828,863,0.46463140845298767,0,12
15707,785,2828,1576,0.7557280659675598,0,12
15708,785,2828,488,0.7127718925476074,0,12
15709,785,2828,1279,0.796474814414978,0,12
15710,785,2828,1523,0.827031672000885,0,12
15711,785,2828,1596,0.8044790029525757,0,12
15712,785,2828,1878,0.5227596163749695,0,12
15713,785,2828,1557,0.6094978451728821,0,12
15714,785,2828,1495,0.7893662452697754,0,12
15715,785,2828,639,0.5286562442779541,0,12
15716,785,2828,1587,0.6948921084403992,0,12
15717,785,2828,140,0.7678187489509583,0,12
15718,785,2828,313,0.7161563038825989,0,12
15719,785,2828,1465,0.7404977083206177,0,12
15720,786,1054,570,0.5103339552879333,1,4
15721,786,1054,1878,0.5703423023223877,0,4
15722,786,1054,1207,0.3261221945285797,0,4
15723,786,1054,1735,0.34419703483581543,0,4
15724,786,1054,1479,0.3797268569469452,0,4
15725,786,1054,2046,0.3507453501224518,0,4
15726,786,1054,1436,0.39100182056427,0,4
15727,786,1054,614,0.4561644196510315,0,4
15728,786,1054,1709,0.5158435106277466,0,4
15729,786,1054,536,0.43921297788619995,0,4
15730,786,1054,1055,0.3327837884426117,0,4
15731,786,1054,575,0.3927678167819977,0,4
15732,786,1054,1739,0.46195411682128906,0,4
15733,786,1054,190,0.4306313395500183,0,4
15734,786,1054,1720,0.5458489656448364,0,4
15735,786,1054,1024,0.3594692051410675,0,4
15736,786,1054,1301,0.349068820476532,0,4
15737,786,1054,2002,0.4571384787559509,0,4
15738,786,1054,655,0.399305522441864,0,4
15739,786,1054,1596,0.33015769720077515,0,4
15740,787,2940,1379,0.41768506169319153,1,20
15741,787,2940,41,0.5185652375221252,0,20
15742,787,2940,457,0.535575270652771,0,20
15743,787,2940,1503,0.4805159866809845,0,20
15744,787,2940,1829,0.47416165471076965,0,20
15745,787,2940,195,0.5243145823478699,0,20
15746,787,2940,1277,0.5151705145835876,0,20
15747,787,2940,1971,0.509387195110321,0,20
15748,787,2940,1874,0.5160974860191345,0,20
15749,787,2940,1362,0.502095639705658,0,20
15750,787,2940,1996,0.5340177416801453,0,20
15751,787,2940,1908,0.49229827523231506,0,20
15752,787,2940,1598,0.5024887919425964,0,20
15753,787,2940,1337,0.5086325407028198,0,20
15754,787,2940,1553,0.5414782762527466,0,20
15755,787,2940,126,0.5060651898384094,0,20
15756,787,2940,1731,0.5106170177459717,0,20
15757,787,2940,839,0.5113604664802551,0,20
15758,787,2940,640,0.4934302270412445,0,20
15759,787,2940,1862,0.5396074056625366,0,20
15760,788,2725,684,0.4941573739051819,1,14
15761,788,2725,1998,0.5264913439750671,0,14
15762,788,2725,1969,0.4903920888900757,0,14
15763,788,2725,1273,0.4018442630767822,0,14
15764,788,2725,217,0.49482470750808716,0,14
15765,788,2725,1882,0.4887309968471527,0,14
15766,788,2725,441,0.501135528087616,0,14
15767,788,2725,1508,0.4958277940750122,0,14
15768,788,2725,1602,0.5356163382530212,0,14
15769,788,2725,707,0.48903688788414,0,14
15770,788,2725,1555,0.5117895603179932,0,14
15771,788,2725,779,0.4998166561126709,0,14
15772,788,2725,323,0.5095936059951782,0,14
15773,788,2725,1203,0.5142039060592651,0,14
15774,788,2725,1207,0.48367199301719666,0,14
15775,788,2725,1665,0.5004475116729736,0,14
15776,788,2725,1742,0.5037441849708557,0,14
15777,788,2725,1300,0.49895623326301575,0,14
15778,788,2725,1175,0.5140435099601746,0,14
15779,788,2725,924,0.4158792197704315,0,14
15780,789,1618,1635,0.5823135375976562,1,15
15781,789,1618,1688,0.6203824281692505,0,15
15782,789,1618,731,0.6189220547676086,0,15
15783,789,1618,472,0.5083865523338318,0,15
15784,789,1618,519,0.5895257592201233,0,15
15785,789,1618,1963,0.5365109443664551,0,15
15786,789,1618,385,0.6123766303062439,0,15
15787,789,1618,2031,0.6404630541801453,0,15
15788,789,1618,1416,0.44316279888153076,0,15
15789,789,1618,888,0.6823376417160034,0,15
15790,789,1618,964,0.6036375164985657,0,15
15791,789,1618,54,0.5375688672065735,0,15
15792,789,1618,269,0.6739872097969055,0,15
15793,789,1618,1207,0.6730102896690369,0,15
15794,789,1618,453,0.6221455335617065,0,15
15795,789,1618,2018,0.6189581751823425,0,15
15796,789,1618,1469,0.65791916847229,0,15
15797,789,1618,730,0.6422346234321594,0,15
15798,789,1618,1427,0.6475813984870911,0,15
15799,789,1618,86,0.5444962382316589,0,15
15800,790,4121,48,0.681525468826294,1,2
15801,790,4121,565,0.6870003342628479,0,2
15802,790,4121,491,0.6187846064567566,0,2
15803,790,4121,1891,0.5311338901519775,0,2
15804,790,4121,571,0.6317722797393799,0,2
15805,790,4121,722,0.5521903038024902,0,2
15806,790,4121,900,0.6457244753837585,0,2
15807,790,4121,1278,0.3980725407600403,0,2
15808,790,4121,1513,0.4737151265144348,0,2
15809,790,4121,492,0.6067453622817993,0,2
15810,790,4121,2068,0.36502793431282043,0,2
15811,790,4121,193,0.4028870761394501,0,2
15812,790,4121,267,0.6039323210716248,0,2
15813,790,4121,926,0.6014197468757629,0,2
15814,790,4121,2003,0.6072603464126587,0,2
15815,790,4121,195,0.6398645639419556,0,2
15816,790,4121,261,0.6811200380325317,0,2
15817,790,4121,141,0.6399900317192078,0,2
15818,790,4121,1598,0.6554419994354248,0,2
15819,790,4121,423,0.6225996017456055,0,2
15820,791,2886,1535,0.5185844898223877,1,17
15821,791,2886,110,0.7554169297218323,0,17
15822,791,2886,1724,0.7985144257545471,0,17
15823,791,2886,2067,0.7256916165351868,0,17
15824,791,2886,315,0.7340531945228577,0,17
15825,791,2886,768,0.7606284618377686,0,17
15826,791,2886,1797,0.3597310781478882,0,17
15827,791,2886,1717,0.6915422677993774,0,17
15828,791,2886,880,0.8256195187568665,0,17
15829,791,2886,1477,0.6978276371955872,0,17
15830,791,2886,1410,0.8216870427131653,0,17
15831,791,2886,508,0.3616434931755066,0,17
15832,791,2886,1534,0.6585606336593628,0,17
15833,791,2886,332,0.7272712588310242,0,17
15834,791,2886,1123,0.39763695001602173,0,17
15835,791,2886,434,0.5418246388435364,0,17
15836,791,2886,1364,0.7362427711486816,0,17
15837,791,2886,532,0.6962987184524536,0,17
15838,791,2886,2018,0.7278217077255249,0,17
15839,791,2886,1415,0.7011339664459229,0,17
15840,792,1348,849,0.5432340502738953,1,10
15841,792,1348,1760,0.4656987190246582,0,10
15842,792,1348,680,0.4475923180580139,0,10
15843,792,1348,1874,0.5495582818984985,0,10
15844,792,1348,1565,0.5420555472373962,0,10
15845,792,1348,15,0.548865020275116,0,10
15846,792,1348,135,0.5409983396530151,0,10
15847,792,1348,720,0.5444316864013672,0,10
15848,792,1348,293,0.5495448112487793,0,10
15849,792,1348,427,0.4574749767780304,0,10
15850,792,1348,1199,0.5284551382064819,0,10
15851,792,1348,1669,0.47925087809562683,0,10
15852,792,1348,1247,0.5297752618789673,0,10
15853,792,1348,9,0.5240365862846375,0,10
15854,792,1348,414,0.5457985401153564,0,10
15855,792,1348,168,0.5522961020469666,0,10
15856,792,1348,234,0.5553621649742126,0,10
15857,792,1348,1594,0.5432963371276855,0,10
15858,792,1348,1662,0.5416553616523743,0,10
15859,792,1348,1684,0.5493050217628479,0,10
15860,793,1179,645,0.5663543343544006,1,7
15861,793,1179,143,0.5836610198020935,0,7
15862,793,1179,136,0.5759413838386536,0,7
15863,793,1179,814,0.5583197474479675,0,7
15864,793,1179,499,0.5392982959747314,0,7
15865,793,1179,1277,0.6040260791778564,0,7
15866,793,1179,821,0.5450466275215149,0,7
15867,793,1179,707,0.5499417781829834,0,7
15868,793,1179,2025,0.5708802342414856,0,7
15869,793,1179,1993,0.5495520830154419,0,7
15870,793,1179,1366,0.5946630239486694,0,7
15871,793,1179,1392,0.5137184262275696,0,7
15872,793,1179,167,0.5363934636116028,0,7
15873,793,1179,1648,0.5531461834907532,0,7
15874,793,1179,2014,0.5578937530517578,0,7
15875,793,1179,1397,0.40521490573883057,0,7
15876,793,1179,1813,0.5623655319213867,0,7
15877,793,1179,381,0.5430339574813843,0,7
15878,793,1179,1180,0.5857099294662476,0,7
15879,793,1179,862,0.5597406029701233,0,7
15880,794,2800,702,0.5266780257225037,1,20
15881,794,2800,175,0.6390857696533203,0,20
15882,794,2800,1938,0.6240047216415405,0,20
15883,794,2800,403,0.5980913639068604,0,20
15884,794,2800,1325,0.5554032921791077,0,20
15885,794,2800,716,0.6370857954025269,0,20
15886,794,2800,731,0.6289626359939575,0,20
15887,794,2800,1900,0.6475324630737305,0,20
15888,794,2800,1820,0.6243388056755066,0,20
15889,794,2800,2045,0.6488789916038513,0,20
15890,794,2800,1180,0.6717751026153564,0,20
15891,794,2800,1773,0.5597745776176453,0,20
15892,794,2800,915,0.6883358955383301,0,20
15893,794,2800,58,0.7044007182121277,0,20
15894,794,2800,30,0.601396381855011,0,20
15895,794,2800,604,0.6077525615692139,0,20
15896,794,2800,1234,0.572095513343811,0,20
15897,794,2800,1785,0.5674885511398315,0,20
15898,794,2800,605,0.6646909117698669,0,20
15899,794,2800,669,0.5976276397705078,0,20
15900,795,2818,133,0.5402214527130127,1,17
15901,795,2818,1842,0.5578203797340393,0,17
15902,795,2818,1369,0.5711488127708435,0,17
15903,795,2818,1746,0.5561580657958984,0,17
15904,795,2818,1953,0.38820192217826843,0,17
15905,795,2818,900,0.5671747922897339,0,17
15906,795,2818,250,0.5656648874282837,0,17
15907,795,2818,72,0.5669276714324951,0,17
15908,795,2818,1948,0.5061663389205933,0,17
15909,795,2818,1801,0.5819495916366577,0,17
15910,795,2818,1773,0.5413643717765808,0,17
15911,795,2818,848,0.5631468892097473,0,17
15912,795,2818,676,0.562113881111145,0,17
15913,795,2818,411,0.5530677437782288,0,17
15914,795,2818,851,0.5726813673973083,0,17
15915,795,2818,86,0.5376718640327454,0,17
15916,795,2818,1263,0.5766643285751343,0,17
15917,795,2818,657,0.5679818987846375,0,17
15918,795,2818,140,0.5650779604911804,0,17
15919,795,2818,1912,0.5598694682121277,0,17
15920,796,596,1400,0.4530481994152069,1,16
15921,796,596,442,0.6209264397621155,0,16
15922,796,596,1707,0.43067073822021484,0,16
15923,796,596,861,0.3170039653778076,0,16
15924,796,596,994,0.6239797472953796,0,16
15925,796,596,41,0.48898863792419434,0,16
15926,796,596,1610,0.3035919964313507,0,16
15927,796,596,1682,0.6630728840827942,0,16
15928,796,596,1592,0.7309324741363525,0,16
15929,796,596,1080,0.7155390977859497,0,16
15930,796,596,946,0.7017963528633118,0,16
15931,796,596,110,0.6941378712654114,0,16
15932,796,596,654,0.44940581917762756,0,16
15933,796,596,810,0.6226245164871216,0,16
15934,796,596,1659,0.7000726461410522,0,16
15935,796,596,1914,0.4853859543800354,0,16
15936,796,596,1213,0.6541002988815308,0,16
15937,796,596,502,0.6893620491027832,0,16
15938,796,596,1921,0.5908729434013367,0,16
15939,796,596,982,0.6593649983406067,0,16
15940,797,2521,1001,0.6144444346427917,1,13
15941,797,2521,372,0.6340923309326172,0,13
15942,797,2521,1323,0.4211222231388092,0,13
15943,797,2521,2055,0.6238829493522644,0,13
15944,797,2521,208,0.4334281384944916,0,13
15945,797,2521,1876,0.43577027320861816,0,13
15946,797,2521,1333,0.7084157466888428,0,13
15947,797,2521,1305,0.61772221326828,0,13
15948,797,2521,234,0.7164721488952637,0,13
15949,797,2521,2034,0.5205705761909485,0,13
15950,797,2521,336,0.6480047702789307,0,13
15951,797,2521,1575,0.5774931907653809,0,13
15952,797,2521,447,0.7420773506164551,0,13
15953,797,2521,641,0.6275957226753235,0,13
15954,797,2521,497,0.6016212105751038,0,13
15955,797,2521,1392,0.5083168745040894,0,13
15956,797,2521,1158,0.6266912817955017,0,13
15957,797,2521,145,0.7043287754058838,0,13
15958,797,2521,783,0.649692952632904,0,13
15959,797,2521,1678,0.6644381880760193,0,13
15960,798,1080,1466,0.3581537902355194,1,6
15961,798,1080,1691,0.25420302152633667,0,6
15962,798,1080,296,0.25720351934432983,0,6
15963,798,1080,900,0.24293826520442963,0,6
15964,798,1080,982,0.21946097910404205,0,6
15965,798,1080,1717,0.266879141330719,0,6
15966,798,1080,406,0.2782231867313385,0,6
15967,798,1080,1299,0.4916892349720001,0,6
15968,798,1080,274,0.21076180040836334,0,6
15969,798,1080,1356,0.1825513243675232,0,6
15970,798,1080,1163,0.280153751373291,0,6
15971,798,1080,343,0.326887309551239,0,6
15972,798,1080,1000,0.3781857490539551,0,6
15973,798,1080,1018,0.30109432339668274,0,6
15974,798,1080,1347,0.6272383332252502,0,6
15975,798,1080,1254,0.22147461771965027,0,6
15976,798,1080,889,0.36484473943710327,0,6
15977,798,1080,1465,0.2509533166885376,0,6
15978,798,1080,746,0.4312206506729126,0,6
15979,798,1080,1064,0.21937672793865204,0,6
15980,799,982,959,0.6565192937850952,1,3
15981,799,982,1887,0.13721589744091034,0,3
15982,799,982,130,0.22292152047157288,0,3
15983,799,982,161,0.24977602064609528,0,3
15984,799,982,155,0.4406743347644806,0,3
15985,799,982,1155,0.13076668977737427,0,3
15986,799,982,2017,0.16502657532691956,0,3
15987,799,982,343,0.2974909245967865,0,3
15988,799,982,128,0.19138175249099731,0,3
15989,799,982,1748,0.15436957776546478,0,3
15990,799,982,217,0.15640458464622498,0,3
15991,799,982,1232,0.5404558181762695,0,3
15992,799,982,2025,0.20948028564453125,0,3
15993,799,982,1511,0.1645086705684662,0,3
15994,799,982,831,0.5900347232818604,0,3
15995,799,982,1501,0.21207572519779205,0,3
15996,799,982,402,0.11769332736730576,0,3
15997,799,982,1031,0.21356230974197388,0,3
15998,799,982,1423,0.7367601990699768,0,3
15999,799,982,1620,0.8671167492866516,0,3
16000,800,3019,842,0.5552404522895813,1,8
16001,800,3019,265,0.5815966725349426,0,8
16002,800,3019,325,0.44886037707328796,0,8
16003,800,3019,1047,0.544718325138092,0,8
16004,800,3019,1455,0.5617789030075073,0,8
16005,800,3019,1234,0.5461790561676025,0,8
16006,800,3019,1289,0.5736154913902283,0,8
16007,800,3019,415,0.5676658153533936,0,8
16008,800,3019,267,0.541991114616394,0,8
16009,800,3019,911,0.5433230996131897,0,8
16010,800,3019,1000,0.411626935005188,0,8
16011,800,3019,895,0.5481606721878052,0,8
16012,800,3019,756,0.4149335026741028,0,8
16013,800,3019,1237,0.542409360408783,0,8
16014,800,3019,868,0.5759291052818298,0,8
16015,800,3019,1231,0.5323261618614197,0,8
16016,800,3019,1885,0.5558993816375732,0,8
16017,800,3019,1071,0.5627833604812622,0,8
16018,800,3019,603,0.5397403836250305,0,8
16019,800,3019,1628,0.5532047152519226,0,8
16020,801,3641,1803,0.5936768651008606,1,12
16021,801,3641,410,0.5089783072471619,0,12
16022,801,3641,104,0.41829025745391846,0,12
16023,801,3641,1874,0.6140828728675842,0,12
16024,801,3641,1881,0.46794047951698303,0,12
16025,801,3641,779,0.6220818161964417,0,12
16026,801,3641,784,0.6218222379684448,0,12
16027,801,3641,1818,0.3849189281463623,0,12
16028,801,3641,136,0.6178939938545227,0,12
16029,801,3641,2079,0.6195255517959595,0,12
16030,801,3641,1155,0.6509444713592529,0,12
16031,801,3641,743,0.6237308382987976,0,12
16032,801,3641,1541,0.6424770951271057,0,12
16033,801,3641,1560,0.586563229560852,0,12
16034,801,3641,583,0.628244936466217,0,12
16035,801,3641,786,0.6410887837409973,0,12
16036,801,3641,1410,0.6550843715667725,0,12
16037,801,3641,1092,0.41927099227905273,0,12
16038,801,3641,90,0.5249685049057007,0,12
16039,801,3641,389,0.5546955466270447,0,12
16040,802,955,905,0.5591433048248291,1,16
16041,802,955,796,0.5823387503623962,0,16
16042,802,955,216,0.6205875873565674,0,16
16043,802,955,1830,0.5949118137359619,0,16
16044,802,955,613,0.49205029010772705,0,16
16045,802,955,1749,0.602388858795166,0,16
16046,802,955,404,0.5771604180335999,0,16
16047,802,955,1343,0.5687442421913147,0,16
16048,802,955,2003,0.567520260810852,0,16
16049,802,955,1771,0.6180989146232605,0,16
16050,802,955,266,0.6016764044761658,0,16
16051,802,955,883,0.4722574055194855,0,16
16052,802,955,344,0.5798162221908569,0,16
16053,802,955,733,0.5247393846511841,0,16
16054,802,955,94,0.6119978427886963,0,16
16055,802,955,1103,0.5726908445358276,0,16
16056,802,955,708,0.5958408117294312,0,16
16057,802,955,1383,0.5682839751243591,0,16
16058,802,955,1268,0.4330441951751709,0,16
16059,802,955,1333,0.618411123752594,0,16
16060,803,551,1568,0.38986295461654663,1,14
16061,803,551,1048,0.5597154498100281,0,14
16062,803,551,1915,0.38278844952583313,0,14
16063,803,551,1530,0.4793154001235962,0,14
16064,803,551,727,0.4116097390651703,0,14
16065,803,551,2027,0.36366865038871765,0,14
16066,803,551,103,0.44374439120292664,0,14
16067,803,551,1564,0.50177401304245,0,14
16068,803,551,1047,0.41702932119369507,0,14
16069,803,551,1218,0.5489857792854309,0,14
16070,803,551,1977,0.43724358081817627,0,14
16071,803,551,254,0.42236047983169556,0,14
16072,803,551,1245,0.3832843005657196,0,14
16073,803,551,1574,0.47882598638534546,0,14
16074,803,551,368,0.3411562144756317,0,14
16075,803,551,1956,0.5283851027488708,0,14
16076,803,551,1580,0.5481268763542175,0,14
16077,803,551,159,0.5431569218635559,0,14
16078,803,551,77,0.36365407705307007,0,14
16079,803,551,1652,0.3754608631134033,0,14
16080,804,1088,1907,0.5415927767753601,1,3
16081,804,1088,108,0.5370495915412903,0,3
16082,804,1088,638,0.5193822979927063,0,3
16083,804,1088,1633,0.5348918437957764,0,3
16084,804,1088,64,0.5264231562614441,0,3
16085,804,1088,1776,0.5470964312553406,0,3
16086,804,1088,1819,0.5403847694396973,0,3
16087,804,1088,844,0.5392878651618958,0,3
16088,804,1088,14,0.5334304571151733,0,3
16089,804,1088,1072,0.5329517126083374,0,3
16090,804,1088,1067,0.5311985015869141,0,3
16091,804,1088,87,0.515221893787384,0,3
16092,804,1088,678,0.5409366488456726,0,3
16093,804,1088,417,0.46868717670440674,0,3
16094,804,1088,653,0.5142144560813904,0,3
16095,804,1088,1862,0.5450695157051086,0,3
16096,804,1088,2038,0.4712217152118683,0,3
16097,804,1088,1232,0.49853765964508057,0,3
16098,804,1088,574,0.5415012240409851,0,3
16099,804,1088,810,0.521317720413208,0,3
16100,805,20,1549,0.430053174495697,1,14
16101,805,20,1131,0.42248645424842834,0,14
16102,805,20,896,0.46965524554252625,0,14
16103,805,20,1672,0.4523302912712097,0,14
16104,805,20,731,0.4808950424194336,0,14
16105,805,20,1401,0.42061182856559753,0,14
16106,805,20,2052,0.4297449588775635,0,14
16107,805,20,333,0.44313615560531616,0,14
16108,805,20,1284,0.441718727350235,0,14
16109,805,20,997,0.4435174763202667,0,14
16110,805,20,77,0.44020983576774597,0,14
16111,805,20,1920,0.4290229380130768,0,14
16112,805,20,1347,0.5043728947639465,0,14
16113,805,20,1204,0.4834570288658142,0,14
16114,805,20,122,0.4161931574344635,0,14
16115,805,20,1126,0.4379729628562927,0,14
16116,805,20,37,0.4618268311023712,0,14
16117,805,20,2078,0.43923497200012207,0,14
16118,805,20,845,0.4170685112476349,0,14
16119,805,20,1017,0.43779921531677246,0,14
16120,806,1169,1224,0.3202569782733917,1,20
16121,806,1169,115,0.4907955527305603,0,20
16122,806,1169,1653,0.43532463908195496,0,20
16123,806,1169,1480,0.533948540687561,0,20
16124,806,1169,1196,0.44365450739860535,0,20
16125,806,1169,1589,0.44815918803215027,0,20
16126,806,1169,1082,0.4581005871295929,0,20
16127,806,1169,1243,0.45812520384788513,0,20
16128,806,1169,1483,0.4435502290725708,0,20
16129,806,1169,1328,0.5393747091293335,0,20
16130,806,1169,1392,0.555757999420166,0,20
16131,806,1169,902,0.45275360345840454,0,20
16132,806,1169,1907,0.5480631589889526,0,20
16133,806,1169,612,0.45966359972953796,0,20
16134,806,1169,326,0.47079846262931824,0,20
16135,806,1169,1307,0.44961416721343994,0,20
16136,806,1169,766,0.46092453598976135,0,20
16137,806,1169,886,0.5072165131568909,0,20
16138,806,1169,1720,0.5521227717399597,0,20
16139,806,1169,477,0.46800583600997925,0,20
16140,807,3557,1359,0.4330199956893921,1,19
16141,807,3557,337,0.49709469079971313,0,19
16142,807,3557,109,0.677200973033905,0,19
16143,807,3557,1357,0.6810781955718994,0,19
16144,807,3557,1432,0.7671985626220703,0,19
16145,807,3557,1330,0.6609477996826172,0,19
16146,807,3557,1103,0.7083332538604736,0,19
16147,807,3557,139,0.42091286182403564,0,19
16148,807,3557,1295,0.7541484832763672,0,19
16149,807,3557,1870,0.7531956434249878,0,19
16150,807,3557,1786,0.7412078380584717,0,19
16151,807,3557,399,0.7247103452682495,0,19
16152,807,3557,2018,0.7332130074501038,0,19
16153,807,3557,640,0.45282459259033203,0,19
16154,807,3557,383,0.6206784844398499,0,19
16155,807,3557,1202,0.6816518902778625,0,19
16156,807,3557,1856,0.7125608921051025,0,19
16157,807,3557,1753,0.7497671246528625,0,19
16158,807,3557,350,0.7177368402481079,0,19
16159,807,3557,1510,0.7842710018157959,0,19
16160,808,2046,1694,0.401978462934494,1,19
16161,808,2046,1880,0.6818103194236755,0,19
16162,808,2046,287,0.48239821195602417,0,19
16163,808,2046,1497,0.6403996348381042,0,19
16164,808,2046,418,0.6711453199386597,0,19
16165,808,2046,1287,0.6403840780258179,0,19
16166,808,2046,608,0.5796012282371521,0,19
16167,808,2046,702,0.5351372361183167,0,19
16168,808,2046,1882,0.5979824662208557,0,19
16169,808,2046,1374,0.5831863284111023,0,19
16170,808,2046,1931,0.630477786064148,0,19
16171,808,2046,571,0.6259757280349731,0,19
16172,808,2046,153,0.3685223460197449,0,19
16173,808,2046,1921,0.5701711177825928,0,19
16174,808,2046,686,0.6461766362190247,0,19
16175,808,2046,1725,0.5178959369659424,0,19
16176,808,2046,1345,0.5894317626953125,0,19
16177,808,2046,520,0.5978307723999023,0,19
16178,808,2046,2023,0.633381724357605,0,19
16179,808,2046,743,0.6482182145118713,0,19
16180,809,3478,950,0.5454254746437073,1,14
16181,809,3478,162,0.5560670495033264,0,14
16182,809,3478,1984,0.5661499500274658,0,14
16183,809,3478,669,0.5527639389038086,0,14
16184,809,3478,647,0.5811032652854919,0,14
16185,809,3478,1057,0.5403379797935486,0,14
16186,809,3478,1144,0.5598728656768799,0,14
16187,809,3478,1757,0.44518303871154785,0,14
16188,809,3478,1775,0.5461313128471375,0,14
16189,809,3478,1391,0.5595014691352844,0,14
16190,809,3478,689,0.5855463147163391,0,14
16191,809,3478,1116,0.5637090802192688,0,14
16192,809,3478,455,0.4287259578704834,0,14
16193,809,3478,549,0.5527781844139099,0,14
16194,809,3478,2074,0.5407164096832275,0,14
16195,809,3478,44,0.5391295552253723,0,14
16196,809,3478,709,0.5655511617660522,0,14
16197,809,3478,375,0.5648084282875061,0,14
16198,809,3478,2009,0.5644803643226624,0,14
16199,809,3478,1701,0.5446653366088867,0,14
16200,810,4151,214,0.554148256778717,1,15
16201,810,4151,1900,0.5839972496032715,0,15
16202,810,4151,206,0.5943909287452698,0,15
16203,810,4151,864,0.5721175074577332,0,15
16204,810,4151,1592,0.5978872179985046,0,15
16205,810,4151,102,0.6024245619773865,0,15
16206,810,4151,4,0.5902968645095825,0,15
16207,810,4151,1357,0.5505398511886597,0,15
16208,810,4151,168,0.5866373777389526,0,15
16209,810,4151,1041,0.4607555568218231,0,15
16210,810,4151,1868,0.4344754219055176,0,15
16211,810,4151,865,0.5934913158416748,0,15
16212,810,4151,2080,0.6034925580024719,0,15
16213,810,4151,1558,0.5651372671127319,0,15
16214,810,4151,1602,0.5674704909324646,0,15
16215,810,4151,304,0.5477905869483948,0,15
16216,810,4151,1608,0.46665048599243164,0,15
16217,810,4151,2031,0.5795987248420715,0,15
16218,810,4151,870,0.559126615524292,0,15
16219,810,4151,685,0.5966503620147705,0,15
16220,811,1546,355,0.5462808609008789,1,17
16221,811,1546,867,0.5707324147224426,0,17
16222,811,1546,1767,0.5461769700050354,0,17
16223,811,1546,1001,0.5472649931907654,0,17
16224,811,1546,723,0.5515665411949158,0,17
16225,811,1546,83,0.5700159668922424,0,17
16226,811,1546,738,0.5816237330436707,0,17
16227,811,1546,2001,0.5464794039726257,0,17
16228,811,1546,1544,0.5553979277610779,0,17
16229,811,1546,1983,0.5787359476089478,0,17
16230,811,1546,156,0.5860571265220642,0,17
16231,811,1546,1004,0.5678977966308594,0,17
16232,811,1546,1656,0.5541260838508606,0,17
16233,811,1546,783,0.5626420974731445,0,17
16234,811,1546,112,0.4929991364479065,0,17
16235,811,1546,1075,0.5464478135108948,0,17
16236,811,1546,1717,0.5501854419708252,0,17
16237,811,1546,1474,0.546923816204071,0,17
16238,811,1546,1730,0.4613296389579773,0,17
16239,811,1546,830,0.5780501365661621,0,17
16240,812,2867,161,0.4562343657016754,1,7
16241,812,2867,1864,0.4060375690460205,0,7
16242,812,2867,75,0.4318491816520691,0,7
16243,812,2867,1840,0.4186941683292389,0,7
16244,812,2867,416,0.3973701596260071,0,7
16245,812,2867,292,0.4482201039791107,0,7
16246,812,2867,1813,0.4987223744392395,0,7
16247,812,2867,652,0.5383068323135376,0,7
16248,812,2867,901,0.4614540934562683,0,7
16249,812,2867,694,0.45602336525917053,0,7
16250,812,2867,724,0.4027002155780792,0,7
16251,812,2867,749,0.4537808895111084,0,7
16252,812,2867,816,0.5482842922210693,0,7
16253,812,2867,1420,0.4236275851726532,0,7
16254,812,2867,1118,0.45969679951667786,0,7
16255,812,2867,769,0.41190797090530396,0,7
16256,812,2867,220,0.4523031711578369,0,7
16257,812,2867,912,0.4221231937408447,0,7
16258,812,2867,699,0.45529231429100037,0,7
16259,812,2867,995,0.5113973617553711,0,7
16260,813,3611,772,0.6993538737297058,1,12
16261,813,3611,907,0.6013339161872864,0,12
16262,813,3611,328,0.3763715326786041,0,12
16263,813,3611,274,0.7503514289855957,0,12
16264,813,3611,854,0.7017869353294373,0,12
16265,813,3611,862,0.6587194800376892,0,12
16266,813,3611,61,0.6899428367614746,0,12
16267,813,3611,383,0.6190750598907471,0,12
16268,813,3611,1366,0.838151216506958,0,12
16269,813,3611,1105,0.7139708399772644,0,12
16270,813,3611,1505,0.6972782015800476,0,12
16271,813,3611,587,0.6559187769889832,0,12
16272,813,3611,1240,0.7087084650993347,0,12
16273,813,3611,1688,0.7220339179039001,0,12
16274,813,3611,1187,0.7678419947624207,0,12
16275,813,3611,706,0.8268959522247314,0,12
16276,813,3611,922,0.7621541023254395,0,12
16277,813,3611,1518,0.35637032985687256,0,12
16278,813,3611,1216,0.7629786729812622,0,12
16279,813,3611,743,0.7463772892951965,0,12
16280,814,2240,1540,0.5317592024803162,1,14
16281,814,2240,170,0.5535275936126709,0,14
16282,814,2240,621,0.4747829735279083,0,14
16283,814,2240,2051,0.5634585022926331,0,14
16284,814,2240,231,0.4060806930065155,0,14
16285,814,2240,1988,0.5304663181304932,0,14
16286,814,2240,1599,0.5296595692634583,0,14
16287,814,2240,1842,0.5330430865287781,0,14
16288,814,2240,1090,0.53596031665802,0,14
16289,814,2240,404,0.5365186333656311,0,14
16290,814,2240,796,0.5455489158630371,0,14
16291,814,2240,1483,0.539454996585846,0,14
16292,814,2240,393,0.5472654700279236,0,14
16293,814,2240,789,0.45003369450569153,0,14
16294,814,2240,2004,0.5669453144073486,0,14
16295,814,2240,148,0.5004268288612366,0,14
16296,814,2240,1825,0.5331804752349854,0,14
16297,814,2240,1007,0.5476702451705933,0,14
16298,814,2240,2031,0.5434877872467041,0,14
16299,814,2240,1344,0.5478760004043579,0,14
16300,815,3803,343,0.6511772274971008,1,14
16301,815,3803,851,0.786191463470459,0,14
16302,815,3803,2038,0.3785364329814911,0,14
16303,815,3803,842,0.6483635306358337,0,14
16304,815,3803,1767,0.6903671622276306,0,14
16305,815,3803,1929,0.7843084335327148,0,14
16306,815,3803,1629,0.6833401918411255,0,14
16307,815,3803,940,0.7008093595504761,0,14
16308,815,3803,1386,0.7659569978713989,0,14
16309,815,3803,1026,0.6501950025558472,0,14
16310,815,3803,260,0.6566727161407471,0,14
16311,815,3803,29,0.6701046824455261,0,14
16312,815,3803,479,0.7917616963386536,0,14
16313,815,3803,263,0.7039114236831665,0,14
16314,815,3803,1402,0.772594153881073,0,14
16315,815,3803,1548,0.4247177243232727,0,14
16316,815,3803,930,0.3747234344482422,0,14
16317,815,3803,374,0.7214794158935547,0,14
16318,815,3803,1310,0.38198596239089966,0,14
16319,815,3803,577,0.7232798933982849,0,14
16320,816,1670,1904,0.5230823159217834,1,6
16321,816,1670,1986,0.5292383432388306,0,6
16322,816,1670,815,0.3820735812187195,0,6
16323,816,1670,246,0.4557884633541107,0,6
16324,816,1670,1932,0.7053607106208801,0,6
16325,816,1670,1301,0.3737785816192627,0,6
16326,816,1670,530,0.5360089540481567,0,6
16327,816,1670,2008,0.36560603976249695,0,6
16328,816,1670,1847,0.5144649147987366,0,6
16329,816,1670,1839,0.44463911652565,0,6
16330,816,1670,695,0.4725593030452728,0,6
16331,816,1670,1050,0.45194709300994873,0,6
16332,816,1670,164,0.37752753496170044,0,6
16333,816,1670,217,0.38184794783592224,0,6
16334,816,1670,395,0.5383568406105042,0,6
16335,816,1670,1478,0.4043741822242737,0,6
16336,816,1670,1639,0.4235210120677948,0,6
16337,816,1670,1816,0.38988375663757324,0,6
16338,816,1670,166,0.4046452045440674,0,6
16339,816,1670,1963,0.555937647819519,0,6
16340,817,3766,6,0.5319453477859497,1,17
16341,817,3766,357,0.5521459579467773,0,17
16342,817,3766,768,0.5659154057502747,0,17
16343,817,3766,1308,0.541326642036438,0,17
16344,817,3766,1910,0.5498786568641663,0,17
16345,817,3766,1682,0.5584949254989624,0,17
16346,817,3766,1117,0.5755679607391357,0,17
16347,817,3766,1136,0.5791147351264954,0,17
16348,817,3766,450,0.548239529132843,0,17
16349,817,3766,1040,0.5495264530181885,0,17
16350,817,3766,1019,0.48082414269447327,0,17
16351,817,3766,232,0.5365887880325317,0,17
16352,817,3766,806,0.5707529187202454,0,17
16353,817,3766,1092,0.45084667205810547,0,17
16354,817,3766,1004,0.562287449836731,0,17
16355,817,3766,1658,0.4512433111667633,0,17
16356,817,3766,1190,0.5719724297523499,0,17
16357,817,3766,1542,0.5632167458534241,0,17
16358,817,3766,1714,0.6123480796813965,0,17
16359,817,3766,828,0.5749730467796326,0,17
16360,818,2689,1613,0.7166840434074402,1,9
16361,818,2689,283,0.6456459164619446,0,9
16362,818,2689,1667,0.4341529607772827,0,9
16363,818,2689,2009,0.7657485604286194,0,9
16364,818,2689,960,0.3857496678829193,0,9
16365,818,2689,1431,0.7657568454742432,0,9
16366,818,2689,1874,0.7381076812744141,0,9
16367,818,2689,549,0.6876292824745178,0,9
16368,818,2689,1625,0.7075429558753967,0,9
16369,818,2689,326,0.700978696346283,0,9
16370,818,2689,927,0.7007561326026917,0,9
16371,818,2689,372,0.7126139402389526,0,9
16372,818,2689,393,0.7044702768325806,0,9
16373,818,2689,21,0.7221135497093201,0,9
16374,818,2689,1412,0.7284663915634155,0,9
16375,818,2689,521,0.7631226778030396,0,9
16376,818,2689,1885,0.7213486433029175,0,9
16377,818,2689,494,0.6372665762901306,0,9
16378,818,2689,1743,0.8161696791648865,0,9
16379,818,2689,1981,0.5173389911651611,0,9
16380,819,1302,743,0.5960726737976074,1,1
16381,819,1302,408,0.5802311897277832,0,1
16382,819,1302,573,0.5791414380073547,0,1
16383,819,1302,628,0.43475261330604553,0,1
16384,819,1302,605,0.584834635257721,0,1
16385,819,1302,1173,0.5729897022247314,0,1
16386,819,1302,1343,0.5626371502876282,0,1
16387,819,1302,341,0.5531415939331055,0,1
16388,819,1302,1147,0.46247977018356323,0,1
16389,819,1302,478,0.5912047028541565,0,1
16390,819,1302,1505,0.5503461360931396,0,1
16391,819,1302,2053,0.5736520290374756,0,1
16392,819,1302,275,0.5444196462631226,0,1
16393,819,1302,1509,0.5180981159210205,0,1
16394,819,1302,1200,0.511379599571228,0,1
16395,819,1302,1089,0.5835323929786682,0,1
16396,819,1302,111,0.5714680552482605,0,1
16397,819,1302,15,0.586361825466156,0,1
16398,819,1302,1213,0.5551460981369019,0,1
16399,819,1302,448,0.5617067813873291,0,1
16400,820,3511,380,0.5388975143432617,1,15
16401,820,3511,1775,0.5382826328277588,0,15
16402,820,3511,1174,0.555594265460968,0,15
16403,820,3511,948,0.3198898136615753,0,15
16404,820,3511,1151,0.56260085105896,0,15
16405,820,3511,1588,0.5351110100746155,0,15
16406,820,3511,902,0.5295164585113525,0,15
16407,820,3511,140,0.5549492835998535,0,15
16408,820,3511,1612,0.547998309135437,0,15
16409,820,3511,1726,0.5710546374320984,0,15
16410,820,3511,1974,0.5481149554252625,0,15
16411,820,3511,1227,0.563534677028656,0,15
16412,820,3511,1047,0.5387869477272034,0,15
16413,820,3511,997,0.5536733865737915,0,15
16414,820,3511,970,0.5482908487319946,0,15
16415,820,3511,1614,0.5624405741691589,0,15
16416,820,3511,998,0.5640178322792053,0,15
16417,820,3511,717,0.5586472749710083,0,15
16418,820,3511,1292,0.5575328469276428,0,15
16419,820,3511,1239,0.561491072177887,0,15
16420,821,3907,1603,0.6136147975921631,1,10
16421,821,3907,1112,0.5466324090957642,0,10
16422,821,3907,1031,0.6334039568901062,0,10
16423,821,3907,713,0.695837676525116,0,10
16424,821,3907,1464,0.6971822381019592,0,10
16425,821,3907,1720,0.5707913637161255,0,10
16426,821,3907,406,0.6714466214179993,0,10
16427,821,3907,1823,0.4288564920425415,0,10
16428,821,3907,481,0.6812474131584167,0,10
16429,821,3907,1580,0.5715494155883789,0,10
16430,821,3907,508,0.3907935917377472,0,10
16431,821,3907,93,0.5764768123626709,0,10
16432,821,3907,1574,0.596871018409729,0,10
16433,821,3907,729,0.626493513584137,0,10
16434,821,3907,867,0.6596639752388,0,10
16435,821,3907,1157,0.3339020311832428,0,10
16436,821,3907,1517,0.6885379552841187,0,10
16437,821,3907,1549,0.3985605835914612,0,10
16438,821,3907,644,0.6344157457351685,0,10
16439,821,3907,1248,0.4426044225692749,0,10
16440,822,1425,823,0.5536362528800964,1,2
16441,822,1425,103,0.4313080608844757,0,2
16442,822,1425,1543,0.4922342002391815,0,2
16443,822,1425,1044,0.46227598190307617,0,2
16444,822,1425,555,0.4395662248134613,0,2
16445,822,1425,629,0.43887218832969666,0,2
16446,822,1425,1324,0.4546429514884949,0,2
16447,822,1425,212,0.4437234699726105,0,2
16448,822,1425,585,0.4520387649536133,0,2
16449,822,1425,113,0.5081934332847595,0,2
16450,822,1425,958,0.4895535707473755,0,2
16451,822,1425,482,0.5753340721130371,0,2
16452,822,1425,1608,0.49065253138542175,0,2
16453,822,1425,1725,0.5296047925949097,0,2
16454,822,1425,378,0.4547824561595917,0,2
16455,822,1425,1616,0.37485751509666443,0,2
16456,822,1425,1926,0.3854732811450958,0,2
16457,822,1425,451,0.48524415493011475,0,2
16458,822,1425,1280,0.5338318347930908,0,2
16459,822,1425,970,0.4253946840763092,0,2
16460,823,50,224,0.40093541145324707,1,18
16461,823,50,1110,0.6577966809272766,0,18
16462,823,50,1474,0.5556886196136475,0,18
16463,823,50,1313,0.6447535157203674,0,18
16464,823,50,1867,0.4222858250141144,0,18
16465,823,50,1971,0.4748980700969696,0,18
16466,823,50,665,0.5677180290222168,0,18
16467,823,50,1840,0.6044921278953552,0,18
16468,823,50,1365,0.40639862418174744,0,18
16469,823,50,1452,0.56364506483078,0,18
16470,823,50,1910,0.5915103554725647,0,18
16471,823,50,66,0.6115655303001404,0,18
16472,823,50,970,0.6057877540588379,0,18
16473,823,50,369,0.3599068224430084,0,18
16474,823,50,832,0.5685616731643677,0,18
16475,823,50,1885,0.6018466353416443,0,18
16476,823,50,1921,0.5594709515571594,0,18
16477,823,50,818,0.5292892456054688,0,18
16478,823,50,1550,0.5591875910758972,0,18
16479,823,50,962,0.3188514709472656,0,18
16480,824,2095,1832,0.5130890607833862,1,16
16481,824,2095,455,0.4438542425632477,0,16
16482,824,2095,679,0.5726789236068726,0,16
16483,824,2095,2012,0.5740196108818054,0,16
16484,824,2095,1359,0.45219138264656067,0,16
16485,824,2095,1506,0.5472689270973206,0,16
16486,824,2095,1788,0.5822650790214539,0,16
16487,824,2095,597,0.5541674494743347,0,16
16488,824,2095,1428,0.570371150970459,0,16
16489,824,2095,982,0.5461491346359253,0,16
16490,824,2095,1255,0.4913996160030365,0,16
16491,824,2095,1366,0.5861018896102905,0,16
16492,824,2095,1798,0.5649024844169617,0,16
16493,824,2095,252,0.5477075576782227,0,16
16494,824,2095,146,0.5446082949638367,0,16
16495,824,2095,1696,0.5828654766082764,0,16
16496,824,2095,2059,0.5422002077102661,0,16
16497,824,2095,1321,0.5795081853866577,0,16
16498,824,2095,334,0.5925549268722534,0,16
16499,824,2095,624,0.3861750364303589,0,16
16500,825,615,1168,0.4111245274543762,1,18
16501,825,615,80,0.5454212427139282,0,18
16502,825,615,1700,0.540513277053833,0,18
16503,825,615,889,0.5439782738685608,0,18
16504,825,615,129,0.5383636951446533,0,18
16505,825,615,1003,0.5283364653587341,0,18
16506,825,615,1114,0.510653555393219,0,18
16507,825,615,1570,0.5444782376289368,0,18
16508,825,615,17,0.5443167686462402,0,18
16509,825,615,1718,0.5564578771591187,0,18
16510,825,615,910,0.5540748834609985,0,18
16511,825,615,1805,0.5460708141326904,0,18
16512,825,615,1797,0.40792208909988403,0,18
16513,825,615,208,0.4625625014305115,0,18
16514,825,615,1621,0.5300263166427612,0,18
16515,825,615,257,0.5565603971481323,0,18
16516,825,615,40,0.31959566473960876,0,18
16517,825,615,789,0.4427192807197571,0,18
16518,825,615,1256,0.530293881893158,0,18
16519,825,615,64,0.547107994556427,0,18
16520,826,985,1315,0.582256019115448,1,14
16521,826,985,1759,0.6359168887138367,0,14
16522,826,985,585,0.5983405113220215,0,14
16523,826,985,1798,0.6073241829872131,0,14
16524,826,985,1211,0.6444432735443115,0,14
16525,826,985,742,0.6243646740913391,0,14
16526,826,985,1691,0.6198770999908447,0,14
16527,826,985,1448,0.5801014304161072,0,14
16528,826,985,1748,0.6337515115737915,0,14
16529,826,985,216,0.6491222977638245,0,14
16530,826,985,752,0.6316847801208496,0,14
16531,826,985,997,0.6251271963119507,0,14
16532,826,985,956,0.665958821773529,0,14
16533,826,985,364,0.49450239539146423,0,14
16534,826,985,40,0.29141005873680115,0,14
16535,826,985,1132,0.45616698265075684,0,14
16536,826,985,603,0.5773043632507324,0,14
16537,826,985,1221,0.603537380695343,0,14
16538,826,985,1114,0.49000847339630127,0,14
16539,826,985,506,0.5879907608032227,0,14
16540,827,1673,297,0.4735206663608551,1,16
16541,827,1673,1424,0.5883631706237793,0,16
16542,827,1673,1995,0.3303782045841217,0,16
16543,827,1673,1731,0.6052682995796204,0,16
16544,827,1673,307,0.5586724877357483,0,16
16545,827,1673,1240,0.5792609453201294,0,16
16546,827,1673,1235,0.5996195673942566,0,16
16547,827,1673,1762,0.3615540862083435,0,16
16548,827,1673,1220,0.5545498132705688,0,16
16549,827,1673,43,0.5503266453742981,0,16
16550,827,1673,675,0.5921413898468018,0,16
16551,827,1673,502,0.5827841758728027,0,16
16552,827,1673,1836,0.49543532729148865,0,16
16553,827,1673,1423,0.46596455574035645,0,16
16554,827,1673,63,0.5919734239578247,0,16
16555,827,1673,1794,0.5471088886260986,0,16
16556,827,1673,944,0.5609915256500244,0,16
16557,827,1673,1952,0.4396911561489105,0,16
16558,827,1673,1436,0.5689127445220947,0,16
16559,827,1673,2064,0.586966872215271,0,16
16560,828,1802,1012,0.12690703570842743,1,12
16561,828,1802,1782,0.0644097626209259,0,12
16562,828,1802,790,0.17021729052066803,0,12
16563,828,1802,606,0.08375580608844757,0,12
16564,828,1802,166,0.12769591808319092,0,12
16565,828,1802,402,0.047080863267183304,0,12
16566,828,1802,1051,0.23387661576271057,0,12
16567,828,1802,193,0.4952133893966675,0,12
16568,828,1802,6,0.13821549713611603,0,12
16569,828,1802,1342,0.08762714266777039,0,12
16570,828,1802,704,0.032481685280799866,0,12
16571,828,1802,523,0.5784834027290344,0,12
16572,828,1802,461,0.5628234148025513,0,12
16573,828,1802,413,0.07891327142715454,0,12
16574,828,1802,1003,0.13540779054164886,0,12
16575,828,1802,1776,0.4272790849208832,0,12
16576,828,1802,1408,0.07167481631040573,0,12
16577,828,1802,277,0.05577583611011505,0,12
16578,828,1802,722,0.5439704060554504,0,12
16579,828,1802,1699,0.41067513823509216,0,12
16580,829,607,1721,0.6760478019714355,1,2
16581,829,607,1533,0.5533674359321594,0,2
16582,829,607,1218,0.43229612708091736,0,2
16583,829,607,1079,0.5331487059593201,0,2
16584,829,607,1530,0.5868633389472961,0,2
16585,829,607,1775,0.5896487832069397,0,2
16586,829,607,115,0.6109119653701782,0,2
16587,829,607,662,0.622199296951294,0,2
16588,829,607,409,0.6252545714378357,0,2
16589,829,607,42,0.6451676487922668,0,2
16590,829,607,214,0.5776612758636475,0,2
16591,829,607,1803,0.6145500540733337,0,2
16592,829,607,1556,0.5529008507728577,0,2
16593,829,607,599,0.5589877367019653,0,2
16594,829,607,1220,0.5676487684249878,0,2
16595,829,607,446,0.5827621817588806,0,2
16596,829,607,223,0.7003222703933716,0,2
16597,829,607,52,0.6367855072021484,0,2
16598,829,607,936,0.5334808826446533,0,2
16599,829,607,1225,0.5832009315490723,0,2
16600,830,2331,447,0.6709401607513428,1,1
16601,830,2331,109,0.5795662999153137,0,1
16602,830,2331,996,0.6472568511962891,0,1
16603,830,2331,1925,0.6543644666671753,0,1
16604,830,2331,434,0.53568035364151,0,1
16605,830,2331,1265,0.6033318042755127,0,1
16606,830,2331,1566,0.6316559314727783,0,1
16607,830,2331,978,0.41698992252349854,0,1
16608,830,2331,1108,0.5269187688827515,0,1
16609,830,2331,1929,0.6315010786056519,0,1
16610,830,2331,682,0.5725001096725464,0,1
16611,830,2331,180,0.6412083506584167,0,1
16612,830,2331,665,0.5717893838882446,0,1
16613,830,2331,1178,0.43926236033439636,0,1
16614,830,2331,169,0.5816967487335205,0,1
16615,830,2331,532,0.5965973138809204,0,1
16616,830,2331,1271,0.639573335647583,0,1
16617,830,2331,2006,0.5469032526016235,0,1
16618,830,2331,803,0.4452363848686218,0,1
16619,830,2331,441,0.6209042072296143,0,1
16620,831,59,995,0.6368865966796875,1,2
16621,831,59,1909,0.3867945969104767,0,2
16622,831,59,1766,0.12208373844623566,0,2
16623,831,59,171,0.13811013102531433,0,2
16624,831,59,632,0.2936427593231201,0,2
16625,831,59,818,0.579632580280304,0,2
16626,831,59,44,0.5421175360679626,0,2
16627,831,59,647,0.15015891194343567,0,2
16628,831,59,1442,0.23200049996376038,0,2
16629,831,59,1502,0.2038903385400772,0,2
16630,831,59,1412,0.24405860900878906,0,2
16631,831,59,1130,0.18317817151546478,0,2
16632,831,59,1998,0.3799673318862915,0,2
16633,831,59,1214,0.3988552987575531,0,2
16634,831,59,1608,0.5321433544158936,0,2
16635,831,59,832,0.2702215015888214,0,2
16636,831,59,55,0.5016624927520752,0,2
16637,831,59,1928,0.6431686282157898,0,2
16638,831,59,1525,0.5555958151817322,0,2
16639,831,59,515,0.2246599644422531,0,2
16640,832,2308,1322,0.575128972530365,1,2
16641,832,2308,4,0.37957999110221863,0,2
16642,832,2308,1493,0.6004396677017212,0,2
16643,832,2308,1213,0.36240872740745544,0,2
16644,832,2308,1383,0.4672740399837494,0,2
16645,832,2308,1513,0.5212894082069397,0,2
16646,832,2308,1673,0.3954838812351227,0,2
16647,832,2308,1059,0.3907563388347626,0,2
16648,832,2308,356,0.4006405174732208,0,2
16649,832,2308,531,0.3719604015350342,0,2
16650,832,2308,942,0.38681280612945557,0,2
16651,832,2308,950,0.36724475026130676,0,2
16652,832,2308,723,0.37391552329063416,0,2
16653,832,2308,448,0.4673004746437073,0,2
16654,832,2308,1929,0.31402814388275146,0,2
16655,832,2308,840,0.34186121821403503,0,2
16656,832,2308,281,0.4167623817920685,0,2
16657,832,2308,2,0.3437768816947937,0,2
16658,832,2308,555,0.37039148807525635,0,2
16659,832,2308,1951,0.5540965795516968,0,2
16660,833,2514,986,0.6958922147750854,1,2
16661,833,2514,1691,0.6653687953948975,0,2
16662,833,2514,1673,0.6534351706504822,0,2
16663,833,2514,902,0.5973378419876099,0,2
16664,833,2514,1245,0.691109836101532,0,2
16665,833,2514,278,0.6063235998153687,0,2
16666,833,2514,2011,0.6720737218856812,0,2
16667,833,2514,858,0.6579524278640747,0,2
16668,833,2514,176,0.4563840925693512,0,2
16669,833,2514,1055,0.7362059950828552,0,2
16670,833,2514,247,0.6089980006217957,0,2
16671,833,2514,81,0.6778550148010254,0,2
16672,833,2514,983,0.4371580183506012,0,2
16673,833,2514,600,0.40214803814888,0,2
16674,833,2514,1785,0.5737905502319336,0,2
16675,833,2514,1568,0.6122740507125854,0,2
16676,833,2514,2065,0.676451563835144,0,2
16677,833,2514,1392,0.5210967659950256,0,2
16678,833,2514,1404,0.6747945547103882,0,2
16679,833,2514,119,0.6137530207633972,0,2
16680,834,1977,426,0.5015979409217834,1,5
16681,834,1977,562,0.4396202266216278,0,5
16682,834,1977,799,0.5176100730895996,0,5
16683,834,1977,347,0.4623967707157135,0,5
16684,834,1977,209,0.44660964608192444,0,5
16685,834,1977,146,0.5511530637741089,0,5
16686,834,1977,815,0.43320077657699585,0,5
16687,834,1977,1857,0.42954710125923157,0,5
16688,834,1977,1525,0.4427298605442047,0,5
16689,834,1977,511,0.41403305530548096,0,5
16690,834,1977,1015,0.42170000076293945,0,5
16691,834,1977,387,0.4547240734100342,0,5
16692,834,1977,355,0.4706173837184906,0,5
16693,834,1977,429,0.4478616416454315,0,5
16694,834,1977,958,0.48237597942352295,0,5
16695,834,1977,397,0.4975453019142151,0,5
16696,834,1977,1388,0.5310073494911194,0,5
16697,834,1977,1197,0.3978462219238281,0,5
16698,834,1977,445,0.5331847667694092,0,5
16699,834,1977,670,0.43669623136520386,0,5
16700,835,1562,1723,0.38077548146247864,1,20
16701,835,1562,316,0.5549250245094299,0,20
16702,835,1562,84,0.547206699848175,0,20
16703,835,1562,724,0.5487697124481201,0,20
16704,835,1562,1363,0.559728741645813,0,20
16705,835,1562,1963,0.5475218892097473,0,20
16706,835,1562,726,0.5498069524765015,0,20
16707,835,1562,920,0.5609392523765564,0,20
16708,835,1562,1671,0.4275732636451721,0,20
16709,835,1562,981,0.5525243878364563,0,20
16710,835,1562,1646,0.5416136980056763,0,20
16711,835,1562,959,0.5475271940231323,0,20
16712,835,1562,1216,0.5600309371948242,0,20
16713,835,1562,1028,0.5502457618713379,0,20
16714,835,1562,188,0.5305184125900269,0,20
16715,835,1562,1166,0.5607017874717712,0,20
16716,835,1562,1625,0.5409930944442749,0,20
16717,835,1562,1788,0.5590517520904541,0,20
16718,835,1562,1022,0.5419219136238098,0,20
16719,835,1562,1554,0.556297779083252,0,20
