super_epoch,variant_order,variant_epochs_cumulative,optimizer_steps_cumulative,updates_per_super_epoch,mean_train_loss,validation_check,validation_checks_cumulative,mean_val_filtered_MRR,best_mean_val_filtered_MRR,cycle_seconds,batches_no_changes,train_loss_no_changes,batches_all_inverse_edges,train_loss_all_inverse_edges,batches_universal_edges,train_loss_universal_edges,val_raw_MRR_no_changes,val_filtered_MRR_no_changes,val_Hits@1_no_changes,val_Hits@3_no_changes,val_Hits@10_no_changes,val_accuracy_no_changes,val_precision_no_changes,val_recall_no_changes,val_macro_f1_no_changes,val_raw_MRR_all_inverse_edges,val_filtered_MRR_all_inverse_edges,val_Hits@1_all_inverse_edges,val_Hits@3_all_inverse_edges,val_Hits@10_all_inverse_edges,val_accuracy_all_inverse_edges,val_precision_all_inverse_edges,val_recall_all_inverse_edges,val_macro_f1_all_inverse_edges,val_raw_MRR_universal_edges,val_filtered_MRR_universal_edges,val_Hits@1_universal_edges,val_Hits@3_universal_edges,val_Hits@10_universal_edges,val_accuracy_universal_edges,val_precision_universal_edges,val_recall_universal_edges,val_macro_f1_universal_edges
1,"no_changes,all_inverse_edges,universal_edges",3,3,3,0.6931471625963846,0,0,,,5.577544356929138,1,0.6931471824645996,1,0.6931471824645996,1,0.6931471228599548,,,,,,,,,,,,,,,,,,,,,,,,,,,
2,"universal_edges,all_inverse_edges,no_changes",6,6,3,0.6931471228599548,0,0,,,4.663352894131094,1,0.6931478381156921,1,0.6931467056274414,1,0.693146824836731,,,,,,,,,,,,,,,,,,,,,,,,,,,
3,"all_inverse_edges,no_changes,universal_edges",9,9,3,0.6931484540303549,0,0,,,4.679651038022712,1,0.6931451559066772,1,0.6931471824645996,1,0.6931530237197876,,,,,,,,,,,,,,,,,,,,,,,,,,,
4,"universal_edges,all_inverse_edges,no_changes",12,12,3,0.6931327978769938,0,0,,,4.684829259058461,1,0.6931121349334717,1,0.6931391358375549,1,0.6931471228599548,,,,,,,,,,,,,,,,,,,,,,,,,,,
5,"no_changes,all_inverse_edges,universal_edges",15,15,3,0.6931267778078715,0,0,,,4.677218117052689,1,0.6930941939353943,1,0.693146288394928,1,0.6931398510932922,,,,,,,,,,,,,,,,,,,,,,,,,,,
6,"no_changes,universal_edges,all_inverse_edges",18,18,3,0.6931221683820089,0,0,,,4.677138520171866,1,0.6930996179580688,1,0.6931281089782715,1,0.6931387782096863,,,,,,,,,,,,,,,,,,,,,,,,,,,
7,"all_inverse_edges,no_changes,universal_edges",21,21,3,0.6929635802904764,0,0,,,4.681637105997652,1,0.6927700638771057,1,0.6929775476455688,1,0.6931431293487549,,,,,,,,,,,,,,,,,,,,,,,,,,,
8,"universal_edges,no_changes,all_inverse_edges",24,24,3,0.6911899447441101,0,0,,,4.6680606410373,1,0.6886255145072937,1,0.6923585534095764,1,0.6925857663154602,,,,,,,,,,,,,,,,,,,,,,,,,,,
9,"no_changes,universal_edges,all_inverse_edges",27,27,3,0.678721010684967,0,0,,,4.673605494899675,1,0.6739746928215027,1,0.677730917930603,1,0.6844574213027954,,,,,,,,,,,,,,,,,,,,,,,,,,,
10,"universal_edges,all_inverse_edges,no_changes",30,30,3,0.6641337672869364,1,1,0.007136205832163493,0.007136205832163493,20.187665998004377,1,0.6546064615249634,1,0.6793196797370911,1,0.6584751605987549,0.006619379855692387,0.0067181773483753204,0.0021423862887277522,0.006097560975609756,0.015161502966381015,0.619656959685654,0.5157343510707466,0.6949110085695451,0.4172644472938636,0.007200085092335939,0.007302122190594673,0.0021423862887277522,0.007086354647330257,0.015985497692814765,0.6490622616877997,0.5160136419767495,0.6919808833223468,0.42972582692270256,0.007382968906313181,0.007388317957520485,0.0024719841793012527,0.007251153592617007,0.016809492419248517,0.6524422557421122,0.516582788918925,0.6980652603823335,0.43173821288953196
11,"universal_edges,all_inverse_edges,no_changes",33,33,3,0.5875107447306315,0,1,,0.007136205832163493,4.676655229879543,1,0.5687365531921387,1,0.5799939632415771,1,0.6138017177581787,,,,,,,,,,,,,,,,,,,,,,,,,,,
12,"universal_edges,no_changes,all_inverse_edges",36,36,3,0.5603685180346171,0,1,,0.007136205832163493,4.673024634132162,1,0.5541569590568542,1,0.539254367351532,1,0.5876942276954651,,,,,,,,,,,,,,,,,,,,,,,,,,,
13,"no_changes,universal_edges,all_inverse_edges",39,39,3,0.5413158734639486,0,1,,0.007136205832163493,4.670869869878516,1,0.5387089252471924,1,0.5225577354431152,1,0.5626809597015381,,,,,,,,,,,,,,,,,,,,,,,,,,,
14,"no_changes,universal_edges,all_inverse_edges",42,42,3,0.5264017085234324,0,1,,0.007136205832163493,4.680290149990469,1,0.5298383831977844,1,0.4976019561290741,1,0.5517647862434387,,,,,,,,,,,,,,,,,,,,,,,,,,,
15,"all_inverse_edges,no_changes,universal_edges",45,45,3,0.5011117458343506,0,1,,0.007136205832163493,4.66929012699984,1,0.47158220410346985,1,0.4836074411869049,1,0.548145592212677,,,,,,,,,,,,,,,,,,,,,,,,,,,
16,"no_changes,universal_edges,all_inverse_edges",48,48,3,0.48101457953453064,0,1,,0.007136205832163493,4.67624823609367,1,0.4837554395198822,1,0.44080930948257446,1,0.5184789896011353,,,,,,,,,,,,,,,,,,,,,,,,,,,
17,"universal_edges,no_changes,all_inverse_edges",51,51,3,0.5293997625509897,0,1,,0.007136205832163493,4.691603716928512,1,0.4742766320705414,1,0.4464418292045593,1,0.6674808263778687,,,,,,,,,,,,,,,,,,,,,,,,,,,
18,"all_inverse_edges,no_changes,universal_edges",54,54,3,0.47039910157521564,0,1,,0.007136205832163493,4.677278537070379,1,0.43076735734939575,1,0.4265289902687073,1,0.553900957107544,,,,,,,,,,,,,,,,,,,,,,,,,,,
19,"no_changes,all_inverse_edges,universal_edges",57,57,3,0.4694250325361888,0,1,,0.007136205832163493,4.685858549084514,1,0.44152596592903137,1,0.44145095348358154,1,0.5252981781959534,,,,,,,,,,,,,,,,,,,,,,,,,,,
20,"all_inverse_edges,universal_edges,no_changes",60,60,3,0.44264010588328045,1,2,0.0034336772902558246,0.007136205832163493,20.057877840008587,1,0.40764614939689636,1,0.42246970534324646,1,0.4978044629096985,0.003980293869972229,0.00399665767326951,0.0011535926170072512,0.002966381015161503,0.006921555702043507,0.8130986079336151,0.5278392458062661,0.7247659854976929,0.5063508054747917,0.003851039335131645,0.003856170456856489,0.0006591957811470006,0.0024719841793012527,0.007910349373764008,0.8432406581617485,0.5313407232538762,0.7194660514172709,0.5213039161956369,0.0024414092767983675,0.0024482037406414747,0.0003295978905735003,0.000988793671720501,0.0034607778510217535,0.8050848553000634,0.5267366947714509,0.7227785102175346,0.5020611305412134
21,"no_changes,all_inverse_edges,universal_edges",63,63,3,0.4238235851128896,0,2,,0.007136205832163493,4.669314299942926,1,0.3850072920322418,1,0.39866548776626587,1,0.48779797554016113,,,,,,,,,,,,,,,,,,,,,,,,,,,
22,"all_inverse_edges,universal_edges,no_changes",66,66,3,0.5304927229881287,0,2,,0.007136205832163493,4.676753245992586,1,0.7527951598167419,1,0.3797379732131958,1,0.45894503593444824,,,,,,,,,,,,,,,,,,,,,,,,,,,
23,"no_changes,all_inverse_edges,universal_edges",69,69,3,0.401681790749232,0,2,,0.007136205832163493,4.682783673983067,1,0.37816452980041504,1,0.3655763566493988,1,0.4613044857978821,,,,,,,,,,,,,,,,,,,,,,,,,,,
24,"no_changes,all_inverse_edges,universal_edges",72,72,3,0.37223081787427265,0,2,,0.007136205832163493,4.675332206999883,1,0.35589540004730225,1,0.3267819285392761,1,0.4340151250362396,,,,,,,,,,,,,,,,,,,,,,,,,,,
25,"universal_edges,all_inverse_edges,no_changes",75,75,3,0.3675997157891591,0,2,,0.007136205832163493,4.675263129873201,1,0.3521728813648224,1,0.3299379348754883,1,0.42068833112716675,,,,,,,,,,,,,,,,,,,,,,,,,,,
26,"all_inverse_edges,no_changes,universal_edges",78,78,3,0.36527374386787415,0,2,,0.007136205832163493,4.685475046979263,1,0.31679511070251465,1,0.3031284511089325,1,0.4758976697921753,,,,,,,,,,,,,,,,,,,,,,,,,,,
27,"universal_edges,all_inverse_edges,no_changes",81,81,3,0.3298456172148387,0,2,,0.007136205832163493,4.67562768002972,1,0.30061301589012146,1,0.2844589352607727,1,0.4044649004936218,,,,,,,,,,,,,,,,,,,,,,,,,,,
28,"universal_edges,all_inverse_edges,no_changes",84,84,3,0.4846142629782359,0,2,,0.007136205832163493,4.677479919977486,1,0.3120679557323456,1,0.624317467212677,1,0.5174573659896851,,,,,,,,,,,,,,,,,,,,,,,,,,,
29,"universal_edges,no_changes,all_inverse_edges",87,87,3,0.4174092809359233,0,2,,0.007136205832163493,4.673668280011043,1,0.2980573773384094,1,0.5082718133926392,1,0.4458986520767212,,,,,,,,,,,,,,,,,,,,,,,,,,,
30,"no_changes,all_inverse_edges,universal_edges",90,90,3,0.5320989688237509,1,3,0.006693813328941663,0.007136205832163493,20.05347456713207,1,0.6114921569824219,1,0.4756097197532654,1,0.5091950297355652,0.005543060135096312,0.005550900008529425,0.0013183915622940012,0.0024719841793012527,0.008899143045484509,0.8529799526930086,0.5389646003154671,0.7636783124588002,0.5356365494075933,0.008946550078690052,0.00903000682592392,0.0013183915622940012,0.007251153592617007,0.01961107448912327,0.8349619346749906,0.5387859513158745,0.7908272907053395,0.5294925568959411,0.00549354637041688,0.005500533152371645,0.000988793671720501,0.0032959789057350032,0.008569545154911009,0.8538201041787843,0.5423812482883772,0.7884937376400791,0.5409530716571487
31,"universal_edges,no_changes,all_inverse_edges",93,93,3,0.40457019209861755,0,3,,0.007136205832163493,4.674097956856713,1,0.35547614097595215,1,0.4095057249069214,1,0.4487287104129791,,,,,,,,,,,,,,,,,,,,,,,,,,,
32,"universal_edges,no_changes,all_inverse_edges",96,96,3,0.35852054754892987,0,3,,0.007136205832163493,4.66851077391766,1,0.363486111164093,1,0.29423606395721436,1,0.4178394675254822,,,,,,,,,,,,,,,,,,,,,,,,,,,
33,"universal_edges,all_inverse_edges,no_changes",99,99,3,0.3444918592770894,0,3,,0.007136205832163493,4.679669642820954,1,0.3288237452507019,1,0.296276718378067,1,0.4083751142024994,,,,,,,,,,,,,,,,,,,,,,,,,,,
34,"universal_edges,all_inverse_edges,no_changes",102,102,3,0.420058141152064,0,3,,0.007136205832163493,4.67433535377495,1,0.5951738357543945,1,0.2688021957874298,1,0.3961983919143677,,,,,,,,,,,,,,,,,,,,,,,,,,,
35,"all_inverse_edges,no_changes,universal_edges",105,105,3,0.30747297406196594,0,3,,0.007136205832163493,4.679449399001896,1,0.27323830127716064,1,0.26270565390586853,1,0.38647496700286865,,,,,,,,,,,,,,,,,,,,,,,,,,,
36,"no_changes,universal_edges,all_inverse_edges",108,108,3,0.29703142245610553,0,3,,0.007136205832163493,4.670214104931802,1,0.26852142810821533,1,0.25422778725624084,1,0.3683450520038605,,,,,,,,,,,,,,,,,,,,,,,,,,,
37,"no_changes,universal_edges,all_inverse_edges",111,111,3,0.2725263635317485,0,3,,0.007136205832163493,4.670702995033935,1,0.24792863428592682,1,0.2218739241361618,1,0.34777653217315674,,,,,,,,,,,,,,,,,,,,,,,,,,,
38,"no_changes,universal_edges,all_inverse_edges",114,114,3,0.24957634011904398,0,3,,0.007136205832163493,4.664081898983568,1,0.22712460160255432,1,0.19437715411186218,1,0.32722726464271545,,,,,,,,,,,,,,,,,,,,,,,,,,,
39,"universal_edges,no_changes,all_inverse_edges",117,117,3,0.2366956869761149,0,3,,0.007136205832163493,4.663552317069843,1,0.20733007788658142,1,0.18296048045158386,1,0.31979650259017944,,,,,,,,,,,,,,,,,,,,,,,,,,,
40,"all_inverse_edges,universal_edges,no_changes",120,120,3,0.2312083641688029,1,4,0.013397471358378729,0.013397471358378729,20.145535417133942,1,0.19290457665920258,1,0.17269743978977203,1,0.3280230760574341,0.01352375652641058,0.013605188578367233,0.0032959789057350032,0.008899143045484509,0.026367831245880026,0.9272816575542544,0.5734361232601096,0.7715326301911667,0.6045765319497935,0.017491456121206284,0.017582910135388374,0.004779169413315755,0.012524719841793012,0.03675016479894529,0.9329429860276345,0.5787418406555012,0.7702208305866842,0.6124500918088632,0.008978220634162426,0.009004315361380577,0.0013183915622940012,0.0042847725774555045,0.012359920896506262,0.935689635115747,0.5811933784560275,0.7674225444957152,0.6158553861035705
41,"all_inverse_edges,no_changes,universal_edges",123,123,3,0.32694866756598157,0,4,,0.013397471358378729,4.672424565069377,1,0.18244551122188568,1,0.17652484774589539,1,0.6218756437301636,,,,,,,,,,,,,,,,,,,,,,,,,,,
42,"no_changes,all_inverse_edges,universal_edges",126,126,3,0.2543372263511022,0,4,,0.013397471358378729,4.673591795144603,1,0.19325505197048187,1,0.18249443173408508,1,0.3872621953487396,,,,,,,,,,,,,,,,,,,,,,,,,,,
43,"all_inverse_edges,universal_edges,no_changes",129,129,3,0.5363472203413645,0,4,,0.013397471358378729,4.676265279063955,1,0.5432780385017395,1,0.5662432909011841,1,0.49952033162117004,,,,,,,,,,,,,,,,,,,,,,,,,,,
44,"all_inverse_edges,no_changes,universal_edges",132,132,3,0.39844528834025067,0,4,,0.013397471358378729,4.671329773962498,1,0.5174567699432373,1,0.21557846665382385,1,0.4623006284236908,,,,,,,,,,,,,,,,,,,,,,,,,,,
45,"all_inverse_edges,no_changes,universal_edges",135,135,3,0.2826573650042216,0,4,,0.013397471358378729,4.670276765944436,1,0.24136227369308472,1,0.25351858139038086,1,0.3530912399291992,,,,,,,,,,,,,,,,,,,,,,,,,,,
46,"universal_edges,no_changes,all_inverse_edges",138,138,3,0.4244098862012227,0,4,,0.013397471358378729,4.665506866993383,1,0.5137284398078918,1,0.4265083074569702,1,0.33299291133880615,,,,,,,,,,,,,,,,,,,,,,,,,,,
47,"no_changes,universal_edges,all_inverse_edges",141,141,3,0.3339061588048935,0,4,,0.013397471358378729,4.678603793028742,1,0.4022417664527893,1,0.24127785861492157,1,0.3581988513469696,,,,,,,,,,,,,,,,,,,,,,,,,,,
48,"universal_edges,no_changes,all_inverse_edges",144,144,3,0.4158916473388672,0,4,,0.013397471358378729,4.67796183982864,1,0.5371333956718445,1,0.3419285714626312,1,0.36861297488212585,,,,,,,,,,,,,,,,,,,,,,,,,,,
49,"universal_edges,all_inverse_edges,no_changes",147,147,3,0.30973948041598004,0,4,,0.013397471358378729,4.665792764164507,1,0.2991028130054474,1,0.2750823199748993,1,0.3550333082675934,,,,,,,,,,,,,,,,,,,,,,,,,,,
50,"all_inverse_edges,universal_edges,no_changes",150,150,3,0.2660546650489171,1,5,0.018865038951237995,0.018865038951237995,20.129114056006074,1,0.22051481902599335,1,0.21645033359527588,1,0.3611988425254822,0.019637493416666985,0.019831577315926552,0.005932762030323006,0.016974291364535266,0.038562953197099535,0.9313531609083976,0.5744790936786187,0.7577818061964403,0.6059909581467905,0.023214126005768776,0.023333987221121788,0.007086354647330257,0.01977587343441002,0.04713249835201055,0.9429924903382579,0.5878639899695018,0.7551582069874753,0.6241490291303776,0.013355567120015621,0.01342955231666565,0.0024719841793012527,0.00873434410019776,0.024060646011865524,0.9256142799901766,0.5695182354736795,0.7593770599868161,0.5985165393332833
51,"universal_edges,all_inverse_edges,no_changes",153,153,3,0.43056880434354144,0,5,,0.018865038951237995,4.678975336020812,1,0.5454729795455933,1,0.23322954773902893,1,0.5130038857460022,,,,,,,,,,,,,,,,,,,,,,,,,,,
52,"all_inverse_edges,no_changes,universal_edges",156,156,3,0.26761917769908905,0,5,,0.018865038951237995,4.677389161195606,1,0.20721545815467834,1,0.21504656970500946,1,0.38059550523757935,,,,,,,,,,,,,,,,,,,,,,,,,,,
53,"universal_edges,all_inverse_edges,no_changes",159,159,3,0.3567919433116913,0,5,,0.018865038951237995,4.672518061939627,1,0.5001958012580872,1,0.23966214060783386,1,0.33051788806915283,,,,,,,,,,,,,,,,,,,,,,,,,,,
54,"no_changes,universal_edges,all_inverse_edges",162,162,3,0.23545114696025848,0,5,,0.018865038951237995,4.671696067089215,1,0.1747913509607315,1,0.17997774481773376,1,0.3515843451023102,,,,,,,,,,,,,,,,,,,,,,,,,,,
55,"no_changes,universal_edges,all_inverse_edges",165,165,3,0.287359540661176,0,5,,0.018865038951237995,4.671218828065321,1,0.2000552862882614,1,0.38035884499549866,1,0.28166449069976807,,,,,,,,,,,,,,,,,,,,,,,,,,,
56,"all_inverse_edges,universal_edges,no_changes",168,168,3,0.3017854690551758,0,5,,0.018865038951237995,4.673271253937855,1,0.4576732814311981,1,0.1704637110233307,1,0.27721941471099854,,,,,,,,,,,,,,,,,,,,,,,,,,,
57,"all_inverse_edges,no_changes,universal_edges",171,171,3,0.1934941162665685,0,5,,0.018865038951237995,4.674483245937154,1,0.16171109676361084,1,0.15103043615818024,1,0.26774081587791443,,,,,,,,,,,,,,,,,,,,,,,,,,,
58,"all_inverse_edges,universal_edges,no_changes",174,174,3,0.2479035605986913,0,5,,0.018865038951237995,4.666473684832454,1,0.15731342136859894,1,0.3309873938560486,1,0.2554098665714264,,,,,,,,,,,,,,,,,,,,,,,,,,,
59,"no_changes,universal_edges,all_inverse_edges",177,177,3,0.1697294960419337,0,5,,0.018865038951237995,4.6668121630791575,1,0.14836081862449646,1,0.11571663618087769,1,0.24511103332042694,,,,,,,,,,,,,,,,,,,,,,,,,,,
60,"no_changes,universal_edges,all_inverse_edges",180,180,3,0.2166052684187889,1,6,0.03634487589200338,0.03634487589200338,20.147263754159212,1,0.1331983506679535,1,0.1083332970738411,1,0.40828415751457214,0.03301209583878517,0.03390755504369736,0.011700725115359262,0.028675016479894528,0.07300593276203032,0.9566158698152959,0.6179603950651293,0.7722808174027687,0.6608396568023496,0.043428294360637665,0.04511220380663872,0.01746868820039552,0.04169413315754779,0.09393539881344759,0.9598795352023473,0.6273128936577772,0.7744297956493078,0.6708273195158149,0.029147827997803688,0.030014868825674057,0.008899143045484509,0.022577455504284773,0.06427158866183257,0.957688678635594,0.6212762614889537,0.7746044825313119,0.6646676478873252
61,"no_changes,all_inverse_edges,universal_edges",183,183,3,0.2337441990772883,0,6,,0.03634487589200338,4.668368541169912,1,0.11801262199878693,1,0.3088622987270355,1,0.2743576765060425,,,,,,,,,,,,,,,,,,,,,,,,,,,
62,"all_inverse_edges,no_changes,universal_edges",186,186,3,0.21764844159285227,0,6,,0.03634487589200338,4.67412182292901,1,0.1188582330942154,1,0.2705269157886505,1,0.2635601758956909,,,,,,,,,,,,,,,,,,,,,,,,,,,
63,"all_inverse_edges,universal_edges,no_changes",189,189,3,0.16182789703210196,0,6,,0.03634487589200338,4.678209031932056,1,0.13203749060630798,1,0.12955516576766968,1,0.22389103472232819,,,,,,,,,,,,,,,,,,,,,,,,,,,
64,"no_changes,all_inverse_edges,universal_edges",192,192,3,0.1560896933078766,0,6,,0.03634487589200338,4.675675417063758,1,0.10422895103693008,1,0.10603400319814682,1,0.25800612568855286,,,,,,,,,,,,,,,,,,,,,,,,,,,
65,"universal_edges,all_inverse_edges,no_changes",195,195,3,0.15580968807140985,0,6,,0.03634487589200338,4.667723023099825,1,0.12136658281087875,1,0.12654131650924683,1,0.219521164894104,,,,,,,,,,,,,,,,,,,,,,,,,,,
66,"no_changes,all_inverse_edges,universal_edges",198,198,3,0.3036116187771161,0,6,,0.03634487589200338,4.670237052021548,1,0.10439189523458481,1,0.10098771750926971,1,0.7054552435874939,,,,,,,,,,,,,,,,,,,,,,,,,,,
67,"no_changes,universal_edges,all_inverse_edges",201,201,3,0.20515257120132446,0,6,,0.03634487589200338,4.66422921186313,1,0.11539357900619507,1,0.20451313257217407,1,0.29555100202560425,,,,,,,,,,,,,,,,,,,,,,,,,,,
68,"universal_edges,all_inverse_edges,no_changes",204,204,3,0.24232957263787588,0,6,,0.03634487589200338,4.676408829865977,1,0.12825821340084076,1,0.14523589611053467,1,0.4534946084022522,,,,,,,,,,,,,,,,,,,,,,,,,,,
69,"universal_edges,no_changes,all_inverse_edges",207,207,3,0.25483087698618573,0,6,,0.03634487589200338,4.6632710818666965,1,0.13771025836467743,1,0.14777995645999908,1,0.4790024161338806,,,,,,,,,,,,,,,,,,,,,,,,,,,
70,"all_inverse_edges,universal_edges,no_changes",210,210,3,0.26055338482062024,1,7,0.0498148538172245,0.0498148538172245,20.112574809929356,1,0.17466427385807037,1,0.10242915153503418,1,0.5045667290687561,0.04794972389936447,0.05034554377198219,0.02076466710613052,0.048450889914304546,0.10893210283454186,0.9076285754908423,0.5630141150794074,0.7928411338167436,0.58660856494207,0.06085406243801117,0.06435009837150574,0.02702702702702703,0.06558998022412657,0.1366183256427159,0.9148861917871961,0.5682418090683199,0.796219512195122,0.5957704236849504,0.03339887782931328,0.03474891930818558,0.01071193144363876,0.031311799604482535,0.07679630850362558,0.8771440019646619,0.5503304135467472,0.7987738958470665,0.5599207576815405
71,"universal_edges,all_inverse_edges,no_changes",213,213,3,0.272995928923289,0,7,,0.0498148538172245,4.687595309922472,1,0.15011674165725708,1,0.17911696434020996,1,0.4897540807723999,,,,,,,,,,,,,,,,,,,,,,,,,,,
72,"all_inverse_edges,universal_edges,no_changes",216,216,3,0.26243413984775543,0,7,,0.0498148538172245,4.6897498168982565,1,0.20735689997673035,1,0.12513692677021027,1,0.4548085927963257,,,,,,,,,,,,,,,,,,,,,,,,,,,
73,"all_inverse_edges,universal_edges,no_changes",219,219,3,0.20350306729475656,0,7,,0.0498148538172245,4.669055172940716,1,0.12484873086214066,1,0.10637948662042618,1,0.3792809844017029,,,,,,,,,,,,,,,,,,,,,,,,,,,
74,"no_changes,all_inverse_edges,universal_edges",222,222,3,0.29996708035469055,0,7,,0.0498148538172245,4.665908562019467,1,0.4851599335670471,1,0.12132823467254639,1,0.29341307282447815,,,,,,,,,,,,,,,,,,,,,,,,,,,
75,"no_changes,all_inverse_edges,universal_edges",225,225,3,0.1693047359585762,0,7,,0.0498148538172245,4.664215619908646,1,0.14492930471897125,1,0.10714075714349747,1,0.2558441460132599,,,,,,,,,,,,,,,,,,,,,,,,,,,
76,"no_changes,universal_edges,all_inverse_edges",228,228,3,0.22510147094726562,0,7,,0.0498148538172245,4.670334461145103,1,0.09967440366744995,1,0.3461180031299591,1,0.22951200604438782,,,,,,,,,,,,,,,,,,,,,,,,,,,
77,"no_changes,all_inverse_edges,universal_edges",231,231,3,0.13986805081367493,0,7,,0.0498148538172245,4.668441102141514,1,0.10197293758392334,1,0.09100374579429626,1,0.22662746906280518,,,,,,,,,,,,,,,,,,,,,,,,,,,
78,"no_changes,universal_edges,all_inverse_edges",234,234,3,0.13512153923511505,0,7,,0.0498148538172245,4.674301629886031,1,0.10202100872993469,1,0.09162084758281708,1,0.21172276139259338,,,,,,,,,,,,,,,,,,,,,,,,,,,
79,"all_inverse_edges,no_changes,universal_edges",237,237,3,0.13290242354075113,0,7,,0.0498148538172245,4.676189485006034,1,0.1069047674536705,1,0.08255084604024887,1,0.20925165712833405,,,,,,,,,,,,,,,,,,,,,,,,,,,
80,"universal_edges,all_inverse_edges,no_changes",240,240,3,0.24267975240945816,1,8,0.0899970605969429,0.0899970605969429,20.115060426993296,1,0.0957920178771019,1,0.25829461216926575,1,0.37395262718200684,0.07314471900463104,0.07847915589809418,0.03922214897824654,0.08091628213579433,0.15771259063941992,0.9558726588855714,0.6175707460969077,0.7783618984838496,0.6612583667703191,0.10111033916473389,0.11017556488513947,0.06048121292023731,0.11832564271588662,0.21308503625576797,0.9597179676089289,0.6294422505044314,0.7854911008569545,0.6747669398360222,0.07542499899864197,0.08133646100759506,0.04021094264996704,0.08536585365853659,0.1643045484508899,0.9526994713508343,0.6137795749395378,0.7933783783783783,0.6588491398866485
81,"universal_edges,no_changes,all_inverse_edges",243,243,3,0.18424300849437714,0,8,,0.0899970605969429,4.667778219096363,1,0.09101046621799469,1,0.12743344902992249,1,0.33428511023521423,,,,,,,,,,,,,,,,,,,,,,,,,,,
82,"all_inverse_edges,no_changes,universal_edges",246,246,3,0.12094137569268544,0,8,,0.0899970605969429,4.665987719083205,1,0.07352268695831299,1,0.06971786916255951,1,0.21958357095718384,,,,,,,,,,,,,,,,,,,,,,,,,,,
83,"universal_edges,all_inverse_edges,no_changes",249,249,3,0.14134558786948523,0,8,,0.0899970605969429,4.679148851893842,1,0.09303144365549088,1,0.1263962835073471,1,0.20460903644561768,,,,,,,,,,,,,,,,,,,,,,,,,,,
84,"all_inverse_edges,no_changes,universal_edges",252,252,3,0.1789228618144989,0,8,,0.0899970605969429,4.677338811103255,1,0.0735303983092308,1,0.10164318233728409,1,0.3615950047969818,,,,,,,,,,,,,,,,,,,,,,,,,,,
85,"universal_edges,all_inverse_edges,no_changes",255,255,3,0.28792177389065426,0,8,,0.0899970605969429,4.67513680504635,1,0.4309673309326172,1,0.09963273257017136,1,0.3331652581691742,,,,,,,,,,,,,,,,,,,,,,,,,,,
86,"no_changes,universal_edges,all_inverse_edges",258,258,3,0.1434172863761584,0,8,,0.0899970605969429,4.667744544800371,1,0.11246846616268158,1,0.08714260905981064,1,0.23064078390598297,,,,,,,,,,,,,,,,,,,,,,,,,,,
87,"universal_edges,no_changes,all_inverse_edges",261,261,3,0.11568540334701538,0,8,,0.0899970605969429,4.683673585997894,1,0.07272975146770477,1,0.07961055636405945,1,0.19471590220928192,,,,,,,,,,,,,,,,,,,,,,,,,,,
88,"universal_edges,all_inverse_edges,no_changes",264,264,3,0.10556868712107341,0,8,,0.0899970605969429,4.671816282905638,1,0.06846284866333008,1,0.06024341285228729,1,0.18799979984760284,,,,,,,,,,,,,,,,,,,,,,,,,,,
89,"all_inverse_edges,no_changes,universal_edges",267,267,3,0.2275848612189293,0,8,,0.0899970605969429,4.668058498064056,1,0.40986552834510803,1,0.06199399381875992,1,0.21089506149291992,,,,,,,,,,,,,,,,,,,,,,,,,,,
90,"all_inverse_edges,no_changes,universal_edges",270,270,3,0.10981597006320953,1,9,0.0972545916835467,0.0972545916835467,20.103033249033615,1,0.07793878763914108,1,0.06883455067873001,1,0.1826745718717575,0.07844500243663788,0.08598017692565918,0.03922214897824654,0.09063941990771258,0.1842452208305867,0.9693473961766644,0.6627724291480062,0.772798286090969,0.7026034178129632,0.09933733940124512,0.10973132401704788,0.053889255108767305,0.11832564271588662,0.23104812129202373,0.972921271343079,0.6835318462165456,0.7781740276862228,0.7203425560501515,0.08633003383874893,0.09605227410793304,0.04515491100856955,0.10398813447593935,0.2020435069215557,0.9685201700983623,0.662555173920929,0.7901417270929466,0.7066859769852457
91,"all_inverse_edges,universal_edges,no_changes",273,273,3,0.09720124428470929,0,9,,0.0972545916835467,4.676929757930338,1,0.06578381359577179,1,0.056028518825769424,1,0.16979140043258667,,,,,,,,,,,,,,,,,,,,,,,,,,,
92,"no_changes,all_inverse_edges,universal_edges",276,276,3,0.21018273259202638,0,9,,0.0972545916835467,4.677339483983815,1,0.39330756664276123,1,0.05960734561085701,1,0.17763328552246094,,,,,,,,,,,,,,,,,,,,,,,,,,,
93,"all_inverse_edges,universal_edges,no_changes",279,279,3,0.1389580729107062,0,9,,0.0972545916835467,4.6787430280819535,1,0.05894721671938896,1,0.04591963440179825,1,0.3120073676109314,,,,,,,,,,,,,,,,,,,,,,,,,,,
94,"no_changes,universal_edges,all_inverse_edges",282,282,3,0.09195168192187946,0,9,,0.0972545916835467,4.677767938002944,1,0.055887170135974884,1,0.05341913178563118,1,0.1665487438440323,,,,,,,,,,,,,,,,,,,,,,,,,,,
95,"universal_edges,no_changes,all_inverse_edges",285,285,3,0.08539770543575287,0,9,,0.0972545916835467,4.66276520001702,1,0.058199189603328705,1,0.043908409774303436,1,0.15408551692962646,,,,,,,,,,,,,,,,,,,,,,,,,,,
96,"no_changes,universal_edges,all_inverse_edges",288,288,3,0.08381652583678563,0,9,,0.0972545916835467,4.675290002021939,1,0.04794098064303398,1,0.04288985952734947,1,0.16061873733997345,,,,,,,,,,,,,,,,,,,,,,,,,,,
97,"universal_edges,no_changes,all_inverse_edges",291,291,3,0.07670155043403308,0,9,,0.0972545916835467,4.676612831884995,1,0.044747620820999146,1,0.04357951506972313,1,0.14177751541137695,,,,,,,,,,,,,,,,,,,,,,,,,,,
98,"universal_edges,no_changes,all_inverse_edges",294,294,3,0.15286942198872566,0,9,,0.0972545916835467,4.660922453040257,1,0.04216239973902702,1,0.2620501220226288,1,0.15439574420452118,,,,,,,,,,,,,,,,,,,,,,,,,,,
99,"universal_edges,all_inverse_edges,no_changes",297,297,3,0.11300535003344218,0,9,,0.0972545916835467,4.664852472022176,1,0.07058465480804443,1,0.09774675965309143,1,0.17068463563919067,,,,,,,,,,,,,,,,,,,,,,,,,,,
100,"universal_edges,all_inverse_edges,no_changes",300,300,3,0.15042630831400552,1,10,0.14754449327786764,0.14754449327786764,20.114204524084926,1,0.09042686223983765,1,0.06444156169891357,1,0.2964105010032654,0.11442062258720398,0.13307347893714905,0.07844429795649308,0.1468358602504944,0.2476928147659855,0.9810190391252084,0.753195852016409,0.7498417930125247,0.7515069499776341,0.14189499616622925,0.1660611927509308,0.10201054713249835,0.1905075807514832,0.3009228740936058,0.9811224423849962,0.7543359872523727,0.7642682926829268,0.7592011062502584,0.12291957437992096,0.14349880814552307,0.08124588002636783,0.16545814106789716,0.269116677653263,0.9819949073894555,0.7662240833619739,0.7600296638101516,0.7630882429906259
101,"all_inverse_edges,universal_edges,no_changes",303,303,3,0.1682204728325208,0,10,,0.14754449327786764,4.672679050825536,1,0.06807807832956314,1,0.19463202357292175,1,0.24195131659507751,,,,,,,,,,,,,,,,,,,,,,,,,,,
102,"all_inverse_edges,no_changes,universal_edges",306,306,3,0.17780351638793945,0,10,,0.14754449327786764,4.674762938870117,1,0.08225894719362259,1,0.06663589924573898,1,0.3845157027244568,,,,,,,,,,,,,,,,,,,,,,,,,,,
103,"no_changes,universal_edges,all_inverse_edges",309,309,3,0.16518991316358247,0,10,,0.14754449327786764,4.67316548503004,1,0.050270143896341324,1,0.155286967754364,1,0.2900126278400421,,,,,,,,,,,,,,,,,,,,,,,,,,,
104,"universal_edges,no_changes,all_inverse_edges",312,312,3,0.1576574370265007,0,10,,0.14754449327786764,4.673828355036676,1,0.06297733634710312,1,0.22757278382778168,1,0.1824221909046173,,,,,,,,,,,,,,,,,,,,,,,,,,,
105,"no_changes,universal_edges,all_inverse_edges",315,315,3,0.2563181718190511,0,10,,0.14754449327786764,4.681910080136731,1,0.08659005165100098,1,0.3225916624069214,1,0.35977280139923096,,,,,,,,,,,,,,,,,,,,,,,,,,,
106,"all_inverse_edges,no_changes,universal_edges",318,318,3,0.24307997524738312,0,10,,0.14754449327786764,4.68744579795748,1,0.08054874837398529,1,0.2669648826122284,1,0.38172629475593567,,,,,,,,,,,,,,,,,,,,,,,,,,,
107,"no_changes,all_inverse_edges,universal_edges",321,321,3,0.14002442235747972,0,10,,0.14754449327786764,4.672984987962991,1,0.060863371938467026,1,0.15255747735500336,1,0.2066524177789688,,,,,,,,,,,,,,,,,,,,,,,,,,,
108,"universal_edges,all_inverse_edges,no_changes",324,324,3,0.2071661651134491,0,10,,0.14754449327786764,4.670545916073024,1,0.07610158622264862,1,0.3338845372200012,1,0.21151237189769745,,,,,,,,,,,,,,,,,,,,,,,,,,,
109,"no_changes,all_inverse_edges,universal_edges",327,327,3,0.11572085817654927,0,10,,0.14754449327786764,4.672680605901405,1,0.06870777159929276,1,0.07386227697134018,1,0.2045925259590149,,,,,,,,,,,,,,,,,,,,,,,,,,,
110,"universal_edges,no_changes,all_inverse_edges",330,330,3,0.1100288766125838,1,11,0.14408118526140848,0.14754449327786764,20.082803182071075,1,0.09791863709688187,1,0.055707935243844986,1,0.17646005749702454,0.11418136954307556,0.13200944662094116,0.07646671061305207,0.1471654581410679,0.2443968358602505,0.9737032584952241,0.6853699701879926,0.7612920237310481,0.7163501951911838,0.1398502141237259,0.16229256987571716,0.0952537903757416,0.18885959129861568,0.29976928147659854,0.974388305091318,0.6932632513229767,0.7794067237969677,0.7278578724896586,0.11877153813838959,0.13794153928756714,0.07926829268292683,0.15573500329597892,0.25659195781147,0.9710083110370055,0.673578757040682,0.7836585365853659,0.7142013968945115
111,"universal_edges,no_changes,all_inverse_edges",333,333,3,0.15791536246736845,0,11,,0.14754449327786764,4.676246277056634,1,0.059771906584501266,1,0.23802340030670166,1,0.1759507805109024,,,,,,,,,,,,,,,,,,,,,,,,,,,
112,"all_inverse_edges,universal_edges,no_changes",336,336,3,0.15236836796005568,0,11,,0.14754449327786764,4.681453604018316,1,0.066288061439991,1,0.05798652395606041,1,0.3328305184841156,,,,,,,,,,,,,,,,,,,,,,,,,,,
113,"all_inverse_edges,no_changes,universal_edges",339,339,3,0.20784880965948105,0,11,,0.14754449327786764,4.673157247947529,1,0.39614182710647583,1,0.052006758749485016,1,0.1753978431224823,,,,,,,,,,,,,,,,,,,,,,,,,,,
114,"all_inverse_edges,universal_edges,no_changes",342,342,3,0.07877841591835022,0,11,,0.14754449327786764,4.672788429073989,1,0.04828531667590141,1,0.0403977669775486,1,0.14765216410160065,,,,,,,,,,,,,,,,,,,,,,,,,,,
115,"all_inverse_edges,no_changes,universal_edges",345,345,3,0.07715255891283353,0,11,,0.14754449327786764,4.673615239094943,1,0.04571174085140228,1,0.03995063528418541,1,0.1457953006029129,,,,,,,,,,,,,,,,,,,,,,,,,,,
116,"all_inverse_edges,universal_edges,no_changes",348,348,3,0.07316062102715175,0,11,,0.14754449327786764,4.6719178799539804,1,0.04789940267801285,1,0.03634129464626312,1,0.13524116575717926,,,,,,,,,,,,,,,,,,,,,,,,,,,
117,"all_inverse_edges,universal_edges,no_changes",351,351,3,0.11573896432916324,0,11,,0.14754449327786764,4.671791133936495,1,0.038214061409235,1,0.03153271973133087,1,0.27747011184692383,,,,,,,,,,,,,,,,,,,,,,,,,,,
118,"universal_edges,no_changes,all_inverse_edges",354,354,3,0.11196723207831383,0,11,,0.14754449327786764,4.66958598094061,1,0.041201699525117874,1,0.03140798211097717,1,0.26329201459884644,,,,,,,,,,,,,,,,,,,,,,,,,,,
119,"all_inverse_edges,no_changes,universal_edges",357,357,3,0.11137982768317063,0,11,,0.14754449327786764,4.674780139001086,1,0.036156948655843735,1,0.02895914576947689,1,0.2690233886241913,,,,,,,,,,,,,,,,,,,,,,,,,,,
120,"all_inverse_edges,universal_edges,no_changes",360,360,3,0.06860940779248874,1,12,0.19856918851534525,0.19856918851534525,20.133240608964115,1,0.035796333104372025,1,0.029031485319137573,1,0.1410004049539566,0.15303541719913483,0.18480199575424194,0.12129202373104812,0.21143704680290046,0.31262359920896504,0.9814714283867799,0.7589982369794014,0.7600856954515491,0.7595407575491286,0.18382301926612854,0.22761474549770355,0.15870138431114042,0.2641727092946605,0.36140408701384313,0.9827058048004963,0.7761275209539048,0.7652373104812129,0.7705665257784807,0.15433932840824127,0.18329082429409027,0.11865524060646011,0.20912986156888597,0.31756756756756754,0.9794356767097083,0.735572917492451,0.7814963744232037,0.7563578291717179
121,"universal_edges,all_inverse_edges,no_changes",363,363,3,0.06833091129859288,0,12,,0.19856918851534525,4.683815533993766,1,0.03521386533975601,1,0.03174029290676117,1,0.13803857564926147,,,,,,,,,,,,,,,,,,,,,,,,,,,
122,"all_inverse_edges,universal_edges,no_changes",366,366,3,0.11711690885325272,0,12,,0.19856918851534525,4.69283710187301,1,0.04222822189331055,1,0.027936013415455818,1,0.2811864912509918,,,,,,,,,,,,,,,,,,,,,,,,,,,
123,"all_inverse_edges,universal_edges,no_changes",369,369,3,0.06661758696039517,0,12,,0.19856918851534525,4.6719483798369765,1,0.036992982029914856,1,0.02639397606253624,1,0.13646580278873444,,,,,,,,,,,,,,,,,,,,,,,,,,,
124,"all_inverse_edges,no_changes,universal_edges",372,372,3,0.0700168963521719,0,12,,0.19856918851534525,4.6846258451696485,1,0.04002521187067032,1,0.031183535233139992,1,0.13884194195270538,,,,,,,,,,,,,,,,,,,,,,,,,,,
125,"all_inverse_edges,no_changes,universal_edges",375,375,3,0.06371822270254295,0,12,,0.19856918851534525,4.675960402935743,1,0.02988596446812153,1,0.028277359902858734,1,0.13299134373664856,,,,,,,,,,,,,,,,,,,,,,,,,,,
126,"universal_edges,no_changes,all_inverse_edges",378,378,3,0.1039174764106671,0,12,,0.19856918851534525,4.6720442560035735,1,0.03338000923395157,1,0.03001178614795208,1,0.24836063385009766,,,,,,,,,,,,,,,,,,,,,,,,,,,
127,"universal_edges,all_inverse_edges,no_changes",381,381,3,0.06569940410554409,0,12,,0.19856918851534525,4.674575499957427,1,0.028245024383068085,1,0.02678423561155796,1,0.14206895232200623,,,,,,,,,,,,,,,,,,,,,,,,,,,
128,"all_inverse_edges,no_changes,universal_edges",384,384,3,0.10088332804540794,0,12,,0.19856918851534525,4.673226462909952,1,0.028910009190440178,1,0.023002486675977707,1,0.2507374882698059,,,,,,,,,,,,,,,,,,,,,,,,,,,
129,"universal_edges,all_inverse_edges,no_changes",387,387,3,0.06324672823150952,0,12,,0.19856918851534525,4.669312354177237,1,0.028268689289689064,1,0.024501243606209755,1,0.13697025179862976,,,,,,,,,,,,,,,,,,,,,,,,,,,
130,"no_changes,universal_edges,all_inverse_edges",390,390,3,0.12580464904507002,1,13,0.22219490011533102,0.22219490011533102,20.21627723099664,1,0.02687879279255867,1,0.1898326873779297,1,0.16070246696472168,0.16585557162761688,0.20758073031902313,0.14189189189189189,0.23780487804878048,0.3348714568226763,0.9811224423849962,0.7543733904979255,0.7618457481872116,0.7580521271547104,0.1979643702507019,0.2492424100637436,0.18045484508899143,0.2877389584706658,0.3803559657218194,0.9818979668334045,0.7639753871876741,0.7756460118655241,0.7696768196907074,0.1690618097782135,0.20976155996322632,0.13925510876730388,0.246044825313118,0.34179301252471983,0.9788217198547184,0.7302970467983412,0.792649967040211,0.7574986862792745
131,"universal_edges,all_inverse_edges,no_changes",393,393,3,0.17936674505472183,0,13,,0.22219490011533102,4.678589561022818,1,0.3643404543399811,1,0.0407908633351326,1,0.13296891748905182,,,,,,,,,,,,,,,,,,,,,,,,,,,
132,"universal_edges,all_inverse_edges,no_changes",396,396,3,0.07627534866333008,0,13,,0.22219490011533102,4.693433613050729,1,0.03715541586279869,1,0.04333530738949776,1,0.1483353227376938,,,,,,,,,,,,,,,,,,,,,,,,,,,
133,"all_inverse_edges,universal_edges,no_changes",399,399,3,0.12775192161401114,0,13,,0.22219490011533102,4.671538541093469,1,0.0458960235118866,1,0.16504710912704468,1,0.1723126322031021,,,,,,,,,,,,,,,,,,,,,,,,,,,
134,"universal_edges,no_changes,all_inverse_edges",402,402,3,0.10204011822740237,0,13,,0.22219490011533102,4.681774971075356,1,0.029859555885195732,1,0.028113385662436485,1,0.2481474131345749,,,,,,,,,,,,,,,,,,,,,,,,,,,
135,"universal_edges,all_inverse_edges,no_changes",405,405,3,0.06865170722206433,0,13,,0.22219490011533102,4.670573616866022,1,0.030148020014166832,1,0.026138586923480034,1,0.14966851472854614,,,,,,,,,,,,,,,,,,,,,,,,,,,
136,"universal_edges,all_inverse_edges,no_changes",408,408,3,0.06365325053532918,0,13,,0.22219490011533102,4.67609324795194,1,0.027141449972987175,1,0.024506570771336555,1,0.13931173086166382,,,,,,,,,,,,,,,,,,,,,,,,,,,
137,"universal_edges,no_changes,all_inverse_edges",411,411,3,0.22227764626344046,0,13,,0.22219490011533102,4.676265425980091,1,0.40219947695732117,1,0.148955836892128,1,0.11567762494087219,,,,,,,,,,,,,,,,,,,,,,,,,,,
138,"universal_edges,no_changes,all_inverse_edges",414,414,3,0.2320281316836675,0,13,,0.22219490011533102,4.684521683957428,1,0.38329076766967773,1,0.18706165254116058,1,0.12573197484016418,,,,,,,,,,,,,,,,,,,,,,,,,,,
139,"universal_edges,no_changes,all_inverse_edges",417,417,3,0.1681677078207334,0,13,,0.22219490011533102,4.673590369988233,1,0.10588452965021133,1,0.15114635229110718,1,0.24747224152088165,,,,,,,,,,,,,,,,,,,,,,,,,,,
140,"no_changes,all_inverse_edges,universal_edges",420,420,3,0.11721886818607648,1,14,0.2203445831934611,0.22219490011533102,20.092530037043616,1,0.04166208580136299,1,0.03685307502746582,1,0.27314144372940063,0.16749580204486847,0.20884065330028534,0.14205669083717865,0.24324324324324326,0.3365194462755438,0.9851034678868251,0.8217507411901329,0.7533783783783784,0.7832962106142236,0.1928309202194214,0.24128612875938416,0.17221489782465393,0.277686222808174,0.37326961107448914,0.9863119934855946,0.8505495202711173,0.7523796967699408,0.7931003152844648,0.17031797766685486,0.2109069675207138,0.13991430454845089,0.249340804218853,0.3449241924851681,0.9859113058539171,0.8389080597954761,0.7557284113381675,0.7912205295491201
141,"universal_edges,no_changes,all_inverse_edges",423,423,3,0.14028298606475195,0,14,,0.22219490011533102,4.676229218021035,1,0.04046788066625595,1,0.15049754083156586,1,0.22988353669643402,,,,,,,,,,,,,,,,,,,,,,,,,,,
142,"no_changes,universal_edges,all_inverse_edges",426,426,3,0.3667856951554616,0,14,,0.22219490011533102,4.664543819846585,1,0.35310229659080505,1,0.0859418511390686,1,0.6613129377365112,,,,,,,,,,,,,,,,,,,,,,,,,,,
143,"universal_edges,all_inverse_edges,no_changes",429,429,3,0.15470101311802864,0,14,,0.22219490011533102,4.685264956904575,1,0.04819782078266144,1,0.03930233046412468,1,0.3766028881072998,,,,,,,,,,,,,,,,,,,,,,,,,,,
144,"no_changes,all_inverse_edges,universal_edges",432,432,3,0.14046656588713327,0,14,,0.22219490011533102,4.673520117066801,1,0.04450995475053787,1,0.10652071982622147,1,0.2703690230846405,,,,,,,,,,,,,,,,,,,,,,,,,,,
145,"universal_edges,all_inverse_edges,no_changes",435,435,3,0.14805489033460617,0,14,,0.22219490011533102,4.668165692826733,1,0.08086631447076797,1,0.13701647520065308,1,0.22628188133239746,,,,,,,,,,,,,,,,,,,,,,,,,,,
146,"all_inverse_edges,no_changes,universal_edges",438,438,3,0.21225939939419428,0,14,,0.22219490011533102,4.669687526999041,1,0.045946262776851654,1,0.13966518640518188,1,0.4511667490005493,,,,,,,,,,,,,,,,,,,,,,,,,,,
147,"all_inverse_edges,no_changes,universal_edges",441,441,3,0.2022132327159246,0,14,,0.22219490011533102,4.676043919986114,1,0.06227172911167145,1,0.11170649528503418,1,0.4326614737510681,,,,,,,,,,,,,,,,,,,,,,,,,,,
148,"universal_edges,no_changes,all_inverse_edges",444,444,3,0.15458331257104874,0,14,,0.22219490011533102,4.682542414171621,1,0.09169764071702957,1,0.09443111717700958,1,0.27762117981910706,,,,,,,,,,,,,,,,,,,,,,,,,,,
149,"universal_edges,no_changes,all_inverse_edges",447,447,3,0.10959599167108536,0,14,,0.22219490011533102,4.667980541009456,1,0.09422855824232101,1,0.059339314699172974,1,0.17522010207176208,,,,,,,,,,,,,,,,,,,,,,,,,,,
150,"all_inverse_edges,no_changes,universal_edges",450,450,3,0.09432528167963028,1,15,0.1894101748863856,0.22219490011533102,20.08608117280528,1,0.05393195152282715,1,0.04407843202352524,1,0.18496546149253845,0.1444752812385559,0.18057365715503693,0.11255767963085037,0.2079762689518787,0.32481872116018456,0.9838044644357413,0.7992991990391491,0.7402801582069874,0.7663912184497169,0.1680036187171936,0.21142245829105377,0.1402439024390244,0.24917600527356626,0.3541529334212261,0.9846769294402006,0.8169431371182025,0.7415326301911668,0.773890225497612,0.14359261095523834,0.1762344092130661,0.11090969017798286,0.2013843111404087,0.31262359920896504,0.9816329959801983,0.7614518378927415,0.754353988134476,0.7578511327839959
151,"all_inverse_edges,universal_edges,no_changes",453,453,3,0.0838358427087466,0,15,,0.22219490011533102,4.661956415046006,1,0.03889961168169975,1,0.06060866639018059,1,0.15199925005435944,,,,,,,,,,,,,,,,,,,,,,,,,,,
152,"all_inverse_edges,no_changes,universal_edges",456,456,3,0.20503369346261024,0,15,,0.22219490011533102,4.666927600977942,1,0.42148643732070923,1,0.034580837935209274,1,0.15903380513191223,,,,,,,,,,,,,,,,,,,,,,,,,,,
153,"no_changes,universal_edges,all_inverse_edges",459,459,3,0.08254652221997578,0,15,,0.22219490011533102,4.66930767102167,1,0.054241351783275604,1,0.04896441847085953,1,0.14443379640579224,,,,,,,,,,,,,,,,,,,,,,,,,,,
154,"no_changes,all_inverse_edges,universal_edges",462,462,3,0.18073871980110803,0,15,,0.22219490011533102,4.666511190123856,1,0.36120033264160156,1,0.03639969974756241,1,0.14461612701416016,,,,,,,,,,,,,,,,,,,,,,,,,,,
155,"all_inverse_edges,universal_edges,no_changes",465,465,3,0.06220488126079241,0,15,,0.22219490011533102,4.670916404109448,1,0.040280044078826904,1,0.029496174305677414,1,0.11683842539787292,,,,,,,,,,,,,,,,,,,,,,,,,,,
156,"universal_edges,all_inverse_edges,no_changes",468,468,3,0.057418170695503555,0,15,,0.22219490011533102,4.670707056997344,1,0.03341996669769287,1,0.024075055494904518,1,0.11475948989391327,,,,,,,,,,,,,,,,,,,,,,,,,,,
157,"universal_edges,all_inverse_edges,no_changes",471,471,3,0.052265904222925506,0,15,,0.22219490011533102,4.673449832946062,1,0.028251800686120987,1,0.02154807187616825,1,0.10699784010648727,,,,,,,,,,,,,,,,,,,,,,,,,,,
158,"universal_edges,all_inverse_edges,no_changes",474,474,3,0.0502479150891304,0,15,,0.22219490011533102,4.6707578611094505,1,0.027013178914785385,1,0.01979769393801689,1,0.10393287241458893,,,,,,,,,,,,,,,,,,,,,,,,,,,
159,"universal_edges,no_changes,all_inverse_edges",477,477,3,0.0477621095875899,0,15,,0.22219490011533102,4.666781567037106,1,0.024680444970726967,1,0.017966346815228462,1,0.10063953697681427,,,,,,,,,,,,,,,,,,,,,,,,,,,
160,"no_changes,all_inverse_edges,universal_edges",480,480,3,0.10988327612479527,1,16,0.26131755610307056,0.26131755610307056,20.166858612792566,1,0.02277226746082306,1,0.19901712238788605,1,0.10786043852567673,0.1855846792459488,0.2402767390012741,0.18045484508899143,0.26862228081740275,0.35299934080421885,0.980637739604741,0.7484558509815484,0.778394858272907,0.7625200504484854,0.22297866642475128,0.2965398132801056,0.2371456822676335,0.3360250494396836,0.39798945286750165,0.9819625938707718,0.7641196181831684,0.7894067237969677,0.7761500786267738,0.1964474618434906,0.24713611602783203,0.1806196440342782,0.28394858272907053,0.3721160184574819,0.9802499773805369,0.7446020815779959,0.7987079762689518,0.7687829669286395
161,"all_inverse_edges,no_changes,universal_edges",483,483,3,0.09961954380075137,0,16,,0.26131755610307056,4.66792639484629,1,0.03876568004488945,1,0.1549265831708908,1,0.10516636818647385,,,,,,,,,,,,,,,,,,,,,,,,,,,
162,"no_changes,all_inverse_edges,universal_edges",486,486,3,0.060543124874432884,0,16,,0.26131755610307056,4.676778222899884,1,0.033927660435438156,1,0.0386236198246479,1,0.10907809436321259,,,,,,,,,,,,,,,,,,,,,,,,,,,
163,"no_changes,all_inverse_edges,universal_edges",489,489,3,0.15626327569286028,0,16,,0.26131755610307056,4.679823768092319,1,0.3429701328277588,1,0.02889740839600563,1,0.09692228585481644,,,,,,,,,,,,,,,,,,,,,,,,,,,
164,"all_inverse_edges,no_changes,universal_edges",492,492,3,0.10121277906000614,0,16,,0.26131755610307056,4.670117158908397,1,0.04133009538054466,1,0.0250102449208498,1,0.23729799687862396,,,,,,,,,,,,,,,,,,,,,,,,,,,
165,"universal_edges,all_inverse_edges,no_changes",495,495,3,0.09362344195445378,0,16,,0.26131755610307056,4.671665798872709,1,0.03947395831346512,1,0.14439083635807037,1,0.09700553119182587,,,,,,,,,,,,,,,,,,,,,,,,,,,
166,"no_changes,all_inverse_edges,universal_edges",498,498,3,0.17866072182854018,0,16,,0.26131755610307056,4.6733915018849075,1,0.3303656578063965,1,0.032658133655786514,1,0.1729583740234375,,,,,,,,,,,,,,,,,,,,,,,,,,,
167,"no_changes,all_inverse_edges,universal_edges",501,501,3,0.1442785126467546,0,16,,0.26131755610307056,4.669813268119469,1,0.03195935860276222,1,0.1373869925737381,1,0.2634891867637634,,,,,,,,,,,,,,,,,,,,,,,,,,,
168,"no_changes,all_inverse_edges,universal_edges",504,504,3,0.23582031205296516,0,16,,0.26131755610307056,4.685843555023894,1,0.32960769534111023,1,0.05572771653532982,1,0.32212552428245544,,,,,,,,,,,,,,,,,,,,,,,,,,,
169,"no_changes,all_inverse_edges,universal_edges",507,507,3,0.12047407900293668,0,16,,0.26131755610307056,4.674302134197205,1,0.03310520574450493,1,0.15225987136363983,1,0.17605715990066528,,,,,,,,,,,,,,,,,,,,,,,,,,,
170,"universal_edges,all_inverse_edges,no_changes",510,510,3,0.06573381709555785,1,17,0.24817911783854166,0.26131755610307056,20.07278837589547,1,0.03725402429699898,1,0.026153476908802986,1,0.13379395008087158,0.18018406629562378,0.229485884308815,0.1629861568885959,0.264502307185234,0.3567897165458141,0.9848449597373558,0.8149339866272673,0.7574456163480554,0.783154430069607,0.21528910100460052,0.2788417339324951,0.20912986156888597,0.3241595253790376,0.39996704021094265,0.986059948039862,0.839834240101337,0.7609723137771918,0.7949778362225011,0.18823806941509247,0.23620973527431488,0.16348055372445616,0.2791694133157548,0.3706328279499011,0.9858272907053395,0.831829634759145,0.767152274225445,0.795826065374845
171,"all_inverse_edges,no_changes,universal_edges",513,513,3,0.15383242691556612,0,17,,0.26131755610307056,4.670659306226298,1,0.027410563081502914,1,0.020681865513324738,1,0.4134048521518707,,,,,,,,,,,,,,,,,,,,,,,,,,,
172,"no_changes,all_inverse_edges,universal_edges",516,516,3,0.2016425666709741,0,17,,0.26131755610307056,4.671032930025831,1,0.3361756503582001,1,0.05183989927172661,1,0.2169121503829956,,,,,,,,,,,,,,,,,,,,,,,,,,,
173,"no_changes,all_inverse_edges,universal_edges",519,519,3,0.14212482298413912,0,17,,0.26131755610307056,4.671172348083928,1,0.08385425806045532,1,0.04804897680878639,1,0.29447123408317566,,,,,,,,,,,,,,,,,,,,,,,,,,,
174,"all_inverse_edges,universal_edges,no_changes",522,522,3,0.21001998086770376,0,17,,0.26131755610307056,4.686549781123176,1,0.08659996092319489,1,0.1948639154434204,1,0.34859606623649597,,,,,,,,,,,,,,,,,,,,,,,,,,,
175,"universal_edges,no_changes,all_inverse_edges",525,525,3,0.2510168254375458,0,17,,0.26131755610307056,4.6699707340449095,1,0.343539834022522,1,0.07818880677223206,1,0.3313218355178833,,,,,,,,,,,,,,,,,,,,,,,,,,,
176,"no_changes,universal_edges,all_inverse_edges",528,528,3,0.14776558925708136,0,17,,0.26131755610307056,4.672147729899734,1,0.09763653576374054,1,0.04894968122243881,1,0.2967105507850647,,,,,,,,,,,,,,,,,,,,,,,,,,,
177,"universal_edges,no_changes,all_inverse_edges",531,531,3,0.12189894045392673,0,17,,0.26131755610307056,4.671341384993866,1,0.05501324683427811,1,0.03686591610312462,1,0.27381765842437744,,,,,,,,,,,,,,,,,,,,,,,,,,,
178,"no_changes,all_inverse_edges,universal_edges",534,534,3,0.12911407959957918,0,17,,0.26131755610307056,4.670060304924846,1,0.031199777498841286,1,0.15743181109428406,1,0.19871065020561218,,,,,,,,,,,,,,,,,,,,,,,,,,,
179,"universal_edges,all_inverse_edges,no_changes",537,537,3,0.08200198660294215,0,17,,0.26131755610307056,4.672364465193823,1,0.04394765570759773,1,0.03930420055985451,1,0.1627541035413742,,,,,,,,,,,,,,,,,,,,,,,,,,,
180,"no_changes,all_inverse_edges,universal_edges",540,540,3,0.2451721616089344,1,18,0.2408209592103958,0.26131755610307056,20.054929073899984,1,0.03611886128783226,1,0.1500818133354187,1,0.5493158102035522,0.17405445873737335,0.2219652682542801,0.15458141067897166,0.2574159525379038,0.3492089650626236,0.9797264983778614,0.7381189622788394,0.7716315095583388,0.7537005864621287,0.2084370255470276,0.27034416794776917,0.20220830586684246,0.31361239288068554,0.39667106130520763,0.9811676813111533,0.7546181932311018,0.7843177323665129,0.7685979319204608,0.18848730623722076,0.23015344142913818,0.1623269611074489,0.265161502966381,0.3610744891232696,0.9785438235940388,0.72650036981261,0.7773269611074489,0.7491716897946532
181,"universal_edges,all_inverse_edges,no_changes",543,543,3,0.2344537004828453,0,18,,0.26131755610307056,4.681363794021308,1,0.3578009009361267,1,0.06919945031404495,1,0.27636075019836426,,,,,,,,,,,,,,,,,,,,,,,,,,,
182,"all_inverse_edges,no_changes,universal_edges",546,546,3,0.29581446945667267,0,18,,0.26131755610307056,4.664704472990707,1,0.10028675198554993,1,0.1839844137430191,1,0.603172242641449,,,,,,,,,,,,,,,,,,,,,,,,,,,
183,"no_changes,universal_edges,all_inverse_edges",549,549,3,0.20118041584889093,0,18,,0.26131755610307056,4.666505701141432,1,0.07127592712640762,1,0.05939947068691254,1,0.47286584973335266,,,,,,,,,,,,,,,,,,,,,,,,,,,
184,"no_changes,all_inverse_edges,universal_edges",552,552,3,0.12487849841515224,0,18,,0.26131755610307056,4.676357663003728,1,0.05850382521748543,1,0.03175761178135872,1,0.28437405824661255,,,,,,,,,,,,,,,,,,,,,,,,,,,
185,"universal_edges,no_changes,all_inverse_edges",555,555,3,0.11914872378110886,0,18,,0.26131755610307056,4.670833341078833,1,0.05981987714767456,1,0.04658631235361099,1,0.251039981842041,,,,,,,,,,,,,,,,,,,,,,,,,,,
186,"universal_edges,all_inverse_edges,no_changes",558,558,3,0.1269280401368936,0,18,,0.26131755610307056,4.66917279898189,1,0.0494590625166893,1,0.03920525684952736,1,0.2921198010444641,,,,,,,,,,,,,,,,,,,,,,,,,,,
187,"universal_edges,no_changes,all_inverse_edges",561,561,3,0.2801046458383401,0,18,,0.26131755610307056,4.6689294499810785,1,0.04600214585661888,1,0.3304988443851471,1,0.4638129472732544,,,,,,,,,,,,,,,,,,,,,,,,,,,
188,"universal_edges,no_changes,all_inverse_edges",564,564,3,0.18645510574181876,0,18,,0.26131755610307056,4.683299828087911,1,0.05424202233552933,1,0.10039413720369339,1,0.4047291576862335,,,,,,,,,,,,,,,,,,,,,,,,,,,
189,"universal_edges,all_inverse_edges,no_changes",567,567,3,0.15821309015154839,0,18,,0.26131755610307056,4.683059413917363,1,0.06041866913437843,1,0.07684779167175293,1,0.3373728096485138,,,,,,,,,,,,,,,,,,,,,,,,,,,
190,"no_changes,universal_edges,all_inverse_edges",570,570,3,0.2070999157925447,1,19,0.20267474154631296,0.26131755610307056,20.07728742295876,1,0.3792809247970581,1,0.035955045372247696,1,0.20606377720832825,0.1519174426794052,0.18940584361553192,0.12211601845748188,0.21918259723137773,0.3206987475280158,0.9824149831323432,0.7707673687902146,0.7778477257745551,0.7742591345211106,0.18672029674053192,0.2346511334180832,0.1610085695451549,0.27439024390243905,0.37376400791034936,0.9823568187987126,0.7686385438425639,0.7970369149637442,0.7820814855875831,0.15546227991580963,0.1839672476053238,0.11387607119314436,0.21704021094264997,0.31938035596572184,0.9819949073894555,0.7644284318774988,0.7913612392880686,0.7772021600403988
191,"all_inverse_edges,no_changes,universal_edges",573,573,3,0.14042380824685097,0,19,,0.26131755610307056,4.6841054880060256,1,0.042354825884103775,1,0.035794831812381744,1,0.3431217670440674,,,,,,,,,,,,,,,,,,,,,,,,,,,
192,"all_inverse_edges,universal_edges,no_changes",576,576,3,0.07394991690913837,0,19,,0.26131755610307056,4.669824487995356,1,0.03647890314459801,1,0.04339604079723358,1,0.1419748067855835,,,,,,,,,,,,,,,,,,,,,,,,,,,
193,"all_inverse_edges,universal_edges,no_changes",579,579,3,0.06380156303445499,0,19,,0.26131755610307056,4.683511603856459,1,0.03512120246887207,1,0.028420288115739822,1,0.12786319851875305,,,,,,,,,,,,,,,,,,,,,,,,,,,
194,"universal_edges,no_changes,all_inverse_edges",582,582,3,0.05893008100489775,0,19,,0.26131755610307056,4.67286773910746,1,0.03157750517129898,1,0.027780501171946526,1,0.11743223667144775,,,,,,,,,,,,,,,,,,,,,,,,,,,
195,"no_changes,all_inverse_edges,universal_edges",585,585,3,0.2053481104473273,0,19,,0.26131755610307056,4.679501153063029,1,0.3371299207210541,1,0.02400197461247444,1,0.25491243600845337,,,,,,,,,,,,,,,,,,,,,,,,,,,
196,"all_inverse_edges,universal_edges,no_changes",588,588,3,0.14237887039780617,0,19,,0.26131755610307056,4.6821163929998875,1,0.044669073075056076,1,0.1436861902475357,1,0.23878134787082672,,,,,,,,,,,,,,,,,,,,,,,,,,,
197,"universal_edges,no_changes,all_inverse_edges",591,591,3,0.054524884248773255,0,19,,0.26131755610307056,4.685245185857639,1,0.028330430388450623,1,0.02519841678440571,1,0.11004580557346344,,,,,,,,,,,,,,,,,,,,,,,,,,,
198,"all_inverse_edges,universal_edges,no_changes",594,594,3,0.05792372114956379,0,19,,0.26131755610307056,4.670240639941767,1,0.037720758467912674,1,0.0269330982118845,1,0.1091173067688942,,,,,,,,,,,,,,,,,,,,,,,,,,,
199,"no_changes,universal_edges,all_inverse_edges",597,597,3,0.19376687705516815,0,19,,0.26131755610307056,4.670837369048968,1,0.33677345514297485,1,0.1367083638906479,1,0.10781881213188171,,,,,,,,,,,,,,,,,,,,,,,,,,,
200,"all_inverse_edges,universal_edges,no_changes",600,600,3,0.15030956516663233,1,20,0.2401741941769918,0.26131755610307056,20.049629591871053,1,0.32581827044487,1,0.02197697013616562,1,0.10313345491886139,0.17615514993667603,0.2210589200258255,0.14469347396176666,0.262524719841793,0.37277521423862886,0.9847221683663577,0.8102923032998086,0.764650626235992,0.7855649079623672,0.20990847051143646,0.2657633125782013,0.18885959129861568,0.3177323665128543,0.40062623599208963,0.9863119934855946,0.839696370879119,0.7733750823994726,0.8027733308791349,0.18872445821762085,0.23370034992694855,0.15985497692814765,0.2727422544495715,0.3714568226763349,0.9854589165923455,0.8204847855344845,0.777300593276203,0.7972525148895854
201,"all_inverse_edges,universal_edges,no_changes",603,603,3,0.14620293552676836,0,20,,0.26131755610307056,4.683736521052197,1,0.32299891114234924,1,0.02075674757361412,1,0.09485314786434174,,,,,,,,,,,,,,,,,,,,,,,,,,,
202,"all_inverse_edges,universal_edges,no_changes",606,606,3,0.14366599917411804,0,20,,0.26131755610307056,4.672816343139857,1,0.3142467141151428,1,0.021748267114162445,1,0.09500301629304886,,,,,,,,,,,,,,,,,,,,,,,,,,,
203,"universal_edges,all_inverse_edges,no_changes",609,609,3,0.13903879995147386,0,20,,0.26131755610307056,4.668055915040895,1,0.3105810880661011,1,0.018544327467679977,1,0.08799098432064056,,,,,,,,,,,,,,,,,,,,,,,,,,,
204,"all_inverse_edges,no_changes,universal_edges",612,612,3,0.04840952282150587,0,20,,0.26131755610307056,4.672983117168769,1,0.024673767387866974,1,0.017905082553625107,1,0.10264971852302551,,,,,,,,,,,,,,,,,,,,,,,,,,,
205,"universal_edges,no_changes,all_inverse_edges",615,615,3,0.04231578949838877,0,20,,0.26131755610307056,4.673514097929001,1,0.022574253380298615,1,0.015129546634852886,1,0.0892435684800148,,,,,,,,,,,,,,,,,,,,,,,,,,,
206,"all_inverse_edges,universal_edges,no_changes",618,618,3,0.04544804462542137,0,20,,0.26131755610307056,4.6738035089802,1,0.020189765840768814,1,0.013774770312011242,1,0.10237959772348404,,,,,,,,,,,,,,,,,,,,,,,,,,,
207,"no_changes,universal_edges,all_inverse_edges",621,621,3,0.04487947840243578,0,20,,0.26131755610307056,4.678102710982785,1,0.019775325432419777,1,0.013582293875515461,1,0.1012808158993721,,,,,,,,,,,,,,,,,,,,,,,,,,,
208,"no_changes,all_inverse_edges,universal_edges",624,624,3,0.14455327143271765,0,20,,0.26131755610307056,4.667604275979102,1,0.31966567039489746,1,0.014780767261981964,1,0.0992133766412735,,,,,,,,,,,,,,,,,,,,,,,,,,,
209,"universal_edges,all_inverse_edges,no_changes",627,627,3,0.04243695611755053,0,20,,0.26131755610307056,4.678892445983365,1,0.023664608597755432,1,0.017440658062696457,1,0.08620560169219971,,,,,,,,,,,,,,,,,,,,,,,,,,,
210,"no_changes,universal_edges,all_inverse_edges",630,630,3,0.05704339345296224,1,21,0.2963312764962514,0.2963312764962514,20.13920298917219,1,0.022380243986845016,1,0.017386887222528458,1,0.13136304914951324,0.2088748812675476,0.28150999546051025,0.21736980883322346,0.32036914963744234,0.39436387607119316,0.9871392195638967,0.8722060210063165,0.7536090969017799,0.8011728837587574,0.2409818172454834,0.32959672808647156,0.2727422544495715,0.3679960448253131,0.42419248516809493,0.9880827743094601,0.9020315690428237,0.7531212920237311,0.8099542076284687,0.21094663441181183,0.27788710594177246,0.20880026367831245,0.31938035596572184,0.4034278180619644,0.9874235785283131,0.874566828152975,0.7613447593935398,0.8074295157334497
211,"universal_edges,no_changes,all_inverse_edges",633,633,3,0.043733395636081696,0,21,,0.2963312764962514,4.674559485167265,1,0.022278737276792526,1,0.014651846140623093,1,0.09426960349082947,,,,,,,,,,,,,,,,,,,,,,,,,,,
212,"universal_edges,all_inverse_edges,no_changes",636,636,3,0.04946001619100571,0,21,,0.2963312764962514,4.682150756940246,1,0.01957196742296219,1,0.015124350786209106,1,0.11368373036384583,,,,,,,,,,,,,,,,,,,,,,,,,,,
213,"all_inverse_edges,no_changes,universal_edges",639,639,3,0.12530379680295786,0,21,,0.2963312764962514,4.679311986081302,1,0.018519317731261253,1,0.13029472529888153,1,0.22709734737873077,,,,,,,,,,,,,,,,,,,,,,,,,,,
214,"all_inverse_edges,no_changes,universal_edges",642,642,3,0.0793029498308897,0,21,,0.2963312764962514,4.669706963934004,1,0.0183760616928339,1,0.1190432533621788,1,0.1004895344376564,,,,,,,,,,,,,,,,,,,,,,,,,,,
215,"all_inverse_edges,universal_edges,no_changes",645,645,3,0.13877387220660845,0,21,,0.2963312764962514,4.670418897876516,1,0.31738266348838806,1,0.015644248574972153,1,0.08329470455646515,,,,,,,,,,,,,,,,,,,,,,,,,,,
216,"universal_edges,all_inverse_edges,no_changes",648,648,3,0.13398379646241665,0,21,,0.2963312764962514,4.671647910960019,1,0.3086380064487457,1,0.013751300051808357,1,0.07956208288669586,,,,,,,,,,,,,,,,,,,,,,,,,,,
217,"no_changes,universal_edges,all_inverse_edges",651,651,3,0.13770603450636068,0,21,,0.2963312764962514,4.669241062132642,1,0.3092018663883209,1,0.014175118878483772,1,0.08974111825227737,,,,,,,,,,,,,,,,,,,,,,,,,,,
218,"no_changes,universal_edges,all_inverse_edges",654,654,3,0.13303548904756704,0,21,,0.2963312764962514,4.675147847970948,1,0.3052583634853363,1,0.01274430938065052,1,0.08110379427671432,,,,,,,,,,,,,,,,,,,,,,,,,,,
219,"no_changes,universal_edges,all_inverse_edges",657,657,3,0.03727181628346443,0,21,,0.2963312764962514,4.662948173936456,1,0.017752395942807198,1,0.012415127828717232,1,0.08164792507886887,,,,,,,,,,,,,,,,,,,,,,,,,,,
220,"no_changes,all_inverse_edges,universal_edges",660,660,3,0.07278734569748242,1,22,0.31593288977940875,0.31593288977940875,20.174581347964704,1,0.017019804567098618,1,0.11593953520059586,1,0.08540269732475281,0.22107572853565216,0.3058353364467621,0.25082399472643374,0.33767303889255107,0.4070533948582729,0.9871844584900539,0.866147383115317,0.763968358602505,0.8063976271855124,0.24686093628406525,0.34486666321754456,0.2969676994067238,0.3711272247857614,0.4238628872775214,0.9879082813085682,0.880657390292396,0.771443638760712,0.8165012585619847,0.22365018725395203,0.2970966696739197,0.23335530652603823,0.3355306526038233,0.40820698747528017,0.9872490855274213,0.8613250119121311,0.7741760052735662,0.8114982439922511
221,"all_inverse_edges,universal_edges,no_changes",663,663,3,0.0363872895638148,0,22,,0.31593288977940875,4.681883075973019,1,0.01897457428276539,1,0.013974389061331749,1,0.07621290534734726,,,,,,,,,,,,,,,,,,,,,,,,,,,
222,"universal_edges,no_changes,all_inverse_edges",666,666,3,0.13141194389512142,0,22,,0.31593288977940875,4.681316822068766,1,0.30599355697631836,1,0.01464988011866808,1,0.07359239459037781,,,,,,,,,,,,,,,,,,,,,,,,,,,
223,"all_inverse_edges,no_changes,universal_edges",669,669,3,0.041514283356567226,0,22,,0.31593288977940875,4.668940596980974,1,0.017749512568116188,1,0.012601369060575962,1,0.09419196844100952,,,,,,,,,,,,,,,,,,,,,,,,,,,
224,"no_changes,all_inverse_edges,universal_edges",672,672,3,0.04144681834926208,0,22,,0.31593288977940875,4.671915305079892,1,0.01683618128299713,1,0.014174613170325756,1,0.09332966059446335,,,,,,,,,,,,,,,,,,,,,,,,,,,
225,"no_changes,all_inverse_edges,universal_edges",675,675,3,0.040894713873664536,0,22,,0.31593288977940875,4.677897106157616,1,0.015892788767814636,1,0.016291437670588493,1,0.09049991518259048,,,,,,,,,,,,,,,,,,,,,,,,,,,
226,"universal_edges,all_inverse_edges,no_changes",678,678,3,0.03771792507419983,0,22,,0.31593288977940875,4.684424365870655,1,0.017536386847496033,1,0.013742451556026936,1,0.08187493681907654,,,,,,,,,,,,,,,,,,,,,,,,,,,
227,"universal_edges,all_inverse_edges,no_changes",681,681,3,0.037961565889418125,0,22,,0.31593288977940875,4.662563795922324,1,0.01580994576215744,1,0.01156239490956068,1,0.08651235699653625,,,,,,,,,,,,,,,,,,,,,,,,,,,
228,"universal_edges,all_inverse_edges,no_changes",684,684,3,0.07469289408375819,0,22,,0.31593288977940875,4.6564655769616365,1,0.015671733766794205,1,0.014616974629461765,1,0.19378997385501862,,,,,,,,,,,,,,,,,,,,,,,,,,,
229,"all_inverse_edges,universal_edges,no_changes",687,687,3,0.07407406034568946,0,22,,0.31593288977940875,4.663424271857366,1,0.01605553738772869,1,0.013821575790643692,1,0.19234506785869598,,,,,,,,,,,,,,,,,,,,,,,,,,,
230,"no_changes,all_inverse_edges,universal_edges",690,690,3,0.14714976834754148,1,23,0.31092700362205505,0.31593288977940875,20.09544640290551,1,0.31632304191589355,1,0.022492660209536552,1,0.10263360291719437,0.21818920969963074,0.29646599292755127,0.23368490441661174,0.33520105471324985,0.40491100856954515,0.9847738699962516,0.8069220842789675,0.7805042847725774,0.7930873011700501,0.24499128758907318,0.34145641326904297,0.28790375741595253,0.3760711931443639,0.4263348714568227,0.9865123373014334,0.8360227238108977,0.7917270929466051,0.8122338633847586,0.221840038895607,0.2948586046695709,0.22808174027686223,0.3370138431114041,0.4080421885299934,0.985523543629713,0.8153414504208797,0.7980059327620304,0.8064156912530644
231,"no_changes,all_inverse_edges,universal_edges",693,693,3,0.04255966035028299,0,23,,0.31593288977940875,4.681189489085227,1,0.026037463918328285,1,0.019118141382932663,1,0.08252337574958801,,,,,,,,,,,,,,,,,,,,,,,,,,,
232,"all_inverse_edges,universal_edges,no_changes",696,696,3,0.036473390025397144,0,23,,0.31593288977940875,4.674061133991927,1,0.020002534613013268,1,0.014477632008492947,1,0.07494000345468521,,,,,,,,,,,,,,,,,,,,,,,,,,,
233,"universal_edges,no_changes,all_inverse_edges",699,699,3,0.036523500457406044,0,23,,0.31593288977940875,4.6615056118462235,1,0.017555173486471176,1,0.020714113488793373,1,0.07130121439695358,,,,,,,,,,,,,,,,,,,,,,,,,,,
234,"universal_edges,no_changes,all_inverse_edges",702,702,3,0.035435524148245655,0,23,,0.31593288977940875,4.679156801197678,1,0.017541060224175453,1,0.015375892631709576,1,0.07338961958885193,,,,,,,,,,,,,,,,,,,,,,,,,,,
235,"no_changes,universal_edges,all_inverse_edges",705,705,3,0.07555519913633664,0,23,,0.31593288977940875,4.680110845947638,1,0.015271786600351334,1,0.12341359257698059,1,0.08798021823167801,,,,,,,,,,,,,,,,,,,,,,,,,,,
236,"all_inverse_edges,no_changes,universal_edges",708,708,3,0.1753529409567515,0,23,,0.31593288977940875,4.673019813839346,1,0.30663880705833435,1,0.021433666348457336,1,0.19798634946346283,,,,,,,,,,,,,,,,,,,,,,,,,,,
237,"no_changes,universal_edges,all_inverse_edges",711,711,3,0.14170076387623945,0,23,,0.31593288977940875,4.663753804983571,1,0.305070698261261,1,0.020246347412467003,1,0.09978524595499039,,,,,,,,,,,,,,,,,,,,,,,,,,,
238,"no_changes,all_inverse_edges,universal_edges",714,714,3,0.04122738198687633,0,23,,0.31593288977940875,4.674168627010658,1,0.018728794530034065,1,0.014261464588344097,1,0.09069188684225082,,,,,,,,,,,,,,,,,,,,,,,,,,,
239,"universal_edges,all_inverse_edges,no_changes",717,717,3,0.03347108202675978,0,23,,0.31593288977940875,4.667519808048382,1,0.016428841277956963,1,0.013195984065532684,1,0.0707884207367897,,,,,,,,,,,,,,,,,,,,,,,,,,,
240,"no_changes,all_inverse_edges,universal_edges",720,720,3,0.056368922193845115,1,24,0.32156644264856976,0.32156644264856976,20.158349151955917,1,0.013561215251684189,1,0.01323569193482399,1,0.14230985939502716,0.22534248232841492,0.31348085403442383,0.2556031641397495,0.35102175346077785,0.4119973632168754,0.9870487417115824,0.8664599157336543,0.758085036255768,0.8024459634454972,0.24992085993289948,0.3493524491786957,0.3002636783124588,0.38068556361239286,0.42864205669083716,0.9875463698993111,0.875113838280503,0.7652834541858933,0.8103618866055997,0.22653250396251678,0.3018660247325897,0.2391232696110745,0.3373434410019776,0.4126565589980224,0.9868936368219008,0.8542697730835521,0.7712491760052735,0.8069912887387454
241,"no_changes,universal_edges,all_inverse_edges",723,723,3,0.07360484016438325,0,24,,0.32156644264856976,4.683075746987015,1,0.016638891771435738,1,0.01486014574766159,1,0.18931548297405243,,,,,,,,,,,,,,,,,,,,,,,,,,,
242,"all_inverse_edges,universal_edges,no_changes",726,726,3,0.05044606948892275,0,24,,0.32156644264856976,4.685447043040767,1,0.015159722417593002,1,0.012933112680912018,1,0.12324537336826324,,,,,,,,,,,,,,,,,,,,,,,,,,,
243,"no_changes,all_inverse_edges,universal_edges",729,729,3,0.049954249213139214,0,24,,0.32156644264856976,4.679050021106377,1,0.014537055045366287,1,0.020911671221256256,1,0.1144140213727951,,,,,,,,,,,,,,,,,,,,,,,,,,,
244,"all_inverse_edges,universal_edges,no_changes",732,732,3,0.07885559524099033,0,24,,0.32156644264856976,4.680942367995158,1,0.01857954077422619,1,0.029849430546164513,1,0.18813781440258026,,,,,,,,,,,,,,,,,,,,,,,,,,,
245,"universal_edges,all_inverse_edges,no_changes",735,735,3,0.0541718527674675,0,24,,0.32156644264856976,4.676173243904486,1,0.015230976045131683,1,0.04695650935173035,1,0.10032807290554047,,,,,,,,,,,,,,,,,,,,,,,,,,,
246,"universal_edges,all_inverse_edges,no_changes",738,738,3,0.043424746642510094,0,24,,0.32156644264856976,4.6759856110438704,1,0.015800831839442253,1,0.023398784920573235,1,0.0910746231675148,,,,,,,,,,,,,,,,,,,,,,,,,,,
247,"no_changes,all_inverse_edges,universal_edges",741,741,3,0.0427619032561779,0,24,,0.32156644264856976,4.6712366819847375,1,0.01432309951633215,1,0.014154640026390553,1,0.099807970225811,,,,,,,,,,,,,,,,,,,,,,,,,,,
248,"universal_edges,all_inverse_edges,no_changes",744,744,3,0.03513571744163831,0,24,,0.32156644264856976,4.67681425716728,1,0.01701061986386776,1,0.014006642624735832,1,0.07438988983631134,,,,,,,,,,,,,,,,,,,,,,,,,,,
249,"all_inverse_edges,universal_edges,no_changes",747,747,3,0.15544126275926828,0,24,,0.32156644264856976,4.671931775053963,1,0.3370247483253479,1,0.015086325816810131,1,0.11421271413564682,,,,,,,,,,,,,,,,,,,,,,,,,,,
250,"no_changes,all_inverse_edges,universal_edges",750,750,3,0.04355557635426521,1,25,0.32128555576006573,0.32156644264856976,20.106555852107704,1,0.017755642533302307,1,0.01848490908741951,1,0.09442617744207382,0.2193099409341812,0.30396080017089844,0.251318391562294,0.3348714568226763,0.39436387607119316,0.9803792314552716,0.7460385274449691,0.803295978905735,0.771486502937963,0.2508091628551483,0.35158857703208923,0.3058668424522083,0.37673038892551086,0.4273236651285432,0.983810927139478,0.7858524795299603,0.8150593276203032,0.7997045868930911,0.2307828962802887,0.3083072900772095,0.24950560316413975,0.34146341463414637,0.41315095583388267,0.9821500122791371,0.7648101238090173,0.8240639419907713,0.7912686567175842
251,"universal_edges,all_inverse_edges,no_changes",753,753,3,0.04926896281540394,0,25,,0.32156644264856976,4.679556912044063,1,0.03991784527897835,1,0.024473125115036964,1,0.0834159180521965,,,,,,,,,,,,,,,,,,,,,,,,,,,
252,"all_inverse_edges,no_changes,universal_edges",756,756,3,0.10771436120073001,0,25,,0.32156644264856976,4.689333665883169,1,0.02202063612639904,1,0.017994722351431847,1,0.28312772512435913,,,,,,,,,,,,,,,,,,,,,,,,,,,
253,"all_inverse_edges,no_changes,universal_edges",759,759,3,0.11415987989554803,0,25,,0.32156644264856976,4.662357279099524,1,0.020242964848876,1,0.015510904602706432,1,0.30672577023506165,,,,,,,,,,,,,,,,,,,,,,,,,,,
254,"universal_edges,no_changes,all_inverse_edges",762,762,3,0.2312888503074646,0,25,,0.32156644264856976,4.68445305316709,1,0.32666119933128357,1,0.023113906383514404,1,0.3440914452075958,,,,,,,,,,,,,,,,,,,,,,,,,,,
255,"all_inverse_edges,universal_edges,no_changes",765,765,3,0.12043510998288791,0,25,,0.32156644264856976,4.671945434994996,1,0.020936502143740654,1,0.02240913175046444,1,0.3179596960544586,,,,,,,,,,,,,,,,,,,,,,,,,,,
256,"no_changes,all_inverse_edges,universal_edges",768,768,3,0.08135021477937698,0,25,,0.32156644264856976,4.673143750987947,1,0.019080879166722298,1,0.019558778032660484,1,0.20541098713874817,,,,,,,,,,,,,,,,,,,,,,,,,,,
257,"no_changes,all_inverse_edges,universal_edges",771,771,3,0.15407516434788704,0,25,,0.32156644264856976,4.6769799429457635,1,0.023511853069067,1,0.16621354222297668,1,0.27250009775161743,,,,,,,,,,,,,,,,,,,,,,,,,,,
258,"universal_edges,no_changes,all_inverse_edges",774,774,3,0.17339893306295076,0,25,,0.32156644264856976,4.672555023804307,1,0.32729098200798035,1,0.05130531266331673,1,0.14160050451755524,,,,,,,,,,,,,,,,,,,,,,,,,,,
259,"all_inverse_edges,no_changes,universal_edges",777,777,3,0.18964825322230658,0,25,,0.32156644264856976,4.669068241957575,1,0.3140818476676941,1,0.13853013515472412,1,0.1163327768445015,,,,,,,,,,,,,,,,,,,,,,,,,,,
260,"universal_edges,no_changes,all_inverse_edges",780,780,3,0.05069922717909018,1,26,0.3205941716829936,0.32156644264856976,20.09011989319697,1,0.021511297672986984,1,0.024762509390711784,1,0.10582387447357178,0.2234029322862625,0.3093312084674835,0.25379037574159524,0.34311140408701385,0.4040870138431114,0.9869130249331111,0.8601249924994134,0.7622148978246539,0.8031143652561004,0.24507449567317963,0.34840840101242065,0.3032300593276203,0.3768951878707976,0.4185893210283454,0.9881215505318806,0.8898559363482331,0.7676763348714568,0.8169257300973851,0.22697047889232635,0.30404290556907654,0.24884640738299274,0.33421226104152935,0.4004614370468029,0.9863636951154885,0.8397158223527244,0.7758239947264338,0.8042917676032468
261,"no_changes,all_inverse_edges,universal_edges",783,783,3,0.08650818653404713,0,26,,0.32156644264856976,4.671778023941442,1,0.018769841641187668,1,0.01648114062845707,1,0.22427357733249664,,,,,,,,,,,,,,,,,,,,,,,,,,,
262,"all_inverse_edges,no_changes,universal_edges",786,786,3,0.17909330315887928,0,26,,0.32156644264856976,4.668469299096614,1,0.31032174825668335,1,0.021355291828513145,1,0.20560286939144135,,,,,,,,,,,,,,,,,,,,,,,,,,,
263,"all_inverse_edges,universal_edges,no_changes",789,789,3,0.048008435716231666,0,26,,0.32156644264856976,4.680529135977849,1,0.023533739149570465,1,0.021285537630319595,1,0.09920603036880493,,,,,,,,,,,,,,,,,,,,,,,,,,,
264,"universal_edges,no_changes,all_inverse_edges",792,792,3,0.07299141275386016,0,26,,0.32156644264856976,4.671610501827672,1,0.018794167786836624,1,0.01617400534451008,1,0.18400606513023376,,,,,,,,,,,,,,,,,,,,,,,,,,,
265,"all_inverse_edges,universal_edges,no_changes",795,795,3,0.03876190104832252,0,26,,0.32156644264856976,4.6683490560390055,1,0.018866248428821564,1,0.01532816793769598,1,0.08209128677845001,,,,,,,,,,,,,,,,,,,,,,,,,,,
266,"no_changes,all_inverse_edges,universal_edges",798,798,3,0.13934884034097195,0,26,,0.32156644264856976,4.682002674788237,1,0.3231337070465088,1,0.013486543670296669,1,0.08142627030611038,,,,,,,,,,,,,,,,,,,,,,,,,,,
267,"no_changes,universal_edges,all_inverse_edges",801,801,3,0.07016118429601192,0,26,,0.32156644264856976,4.671953341923654,1,0.022011972963809967,1,0.014750191941857338,1,0.17372138798236847,,,,,,,,,,,,,,,,,,,,,,,,,,,
268,"no_changes,all_inverse_edges,universal_edges",804,804,3,0.03697748544315497,0,26,,0.32156644264856976,4.667384798172861,1,0.019395021721720695,1,0.013303365558385849,1,0.07823406904935837,,,,,,,,,,,,,,,,,,,,,,,,,,,
269,"universal_edges,no_changes,all_inverse_edges",807,807,3,0.0672597053150336,0,26,,0.32156644264856976,4.6704947429243475,1,0.020361531525850296,1,0.11265446990728378,1,0.0687631145119667,,,,,,,,,,,,,,,,,,,,,,,,,,,
270,"no_changes,all_inverse_edges,universal_edges",810,810,3,0.10375030152499676,1,27,0.3085905909538269,0.32156644264856976,20.067449916154146,1,0.018817508593201637,1,0.10668264329433441,1,0.18575075268745422,0.2096777707338333,0.28583380579948425,0.22148978246539222,0.32350032959789055,0.39831905075807517,0.9866674421911151,0.8529900093544924,0.7637046802900461,0.8015814892348041,0.24336488544940948,0.3384592533111572,0.2831245880026368,0.3745880026367831,0.4255108767303889,0.9873718768984192,0.866660507055778,0.7706855636123928,0.81111751293239,0.22414551675319672,0.30147871375083923,0.2384640738299275,0.3365194462755438,0.41315095583388267,0.986525262708907,0.842493047216639,0.7775214238628873,0.8064374156755163
271,"all_inverse_edges,universal_edges,no_changes",813,813,3,0.0395408080269893,0,27,,0.32156644264856976,4.672144806012511,1,0.019855396822094917,1,0.016354158520698547,1,0.08241286873817444,,,,,,,,,,,,,,,,,,,,,,,,,,,
272,"all_inverse_edges,universal_edges,no_changes",816,816,3,0.06564068080236514,0,27,,0.32156644264856976,4.676717709051445,1,0.01629616692662239,1,0.011951585300266743,1,0.1686742901802063,,,,,,,,,,,,,,,,,,,,,,,,,,,
273,"all_inverse_edges,universal_edges,no_changes",819,819,3,0.19299297283093134,0,27,,0.32156644264856976,4.672567723086104,1,0.30764853954315186,1,0.10841468721628189,1,0.1629156917333603,,,,,,,,,,,,,,,,,,,,,,,,,,,
274,"all_inverse_edges,universal_edges,no_changes",822,822,3,0.0642349465439717,0,27,,0.32156644264856976,4.669116402044892,1,0.01840071938931942,1,0.016367696225643158,1,0.15793642401695251,,,,,,,,,,,,,,,,,,,,,,,,,,,
275,"no_changes,all_inverse_edges,universal_edges",825,825,3,0.06177389311293761,0,27,,0.32156644264856976,4.6706164290662855,1,0.014628932811319828,1,0.013584052212536335,1,0.15710869431495667,,,,,,,,,,,,,,,,,,,,,,,,,,,
276,"universal_edges,no_changes,all_inverse_edges",828,828,3,0.06791986214617889,0,27,,0.32156644264856976,4.669708476867527,1,0.026259778067469597,1,0.10367068648338318,1,0.07382912188768387,,,,,,,,,,,,,,,,,,,,,,,,,,,
277,"no_changes,all_inverse_edges,universal_edges",831,831,3,0.13798371578256288,0,27,,0.32156644264856976,4.67583378800191,1,0.30389025807380676,1,0.02469169721007347,1,0.08536919206380844,,,,,,,,,,,,,,,,,,,,,,,,,,,
278,"all_inverse_edges,no_changes,universal_edges",834,834,3,0.10229621703426044,0,27,,0.32156644264856976,4.671454329974949,1,0.0381585992872715,1,0.1084761843085289,1,0.1602538675069809,,,,,,,,,,,,,,,,,,,,,,,,,,,
279,"no_changes,all_inverse_edges,universal_edges",837,837,3,0.041862037032842636,0,27,,0.32156644264856976,4.672839467180893,1,0.022726982831954956,1,0.018004003912210464,1,0.08485512435436249,,,,,,,,,,,,,,,,,,,,,,,,,,,
280,"universal_edges,all_inverse_edges,no_changes",840,840,3,0.03466680273413658,1,28,0.31327592333157855,0.32156644264856976,20.07200637809001,1,0.017836976796388626,1,0.019963935017585754,1,0.06619949638843536,0.21551308035850525,0.29653382301330566,0.23384970336189848,0.3363546473302571,0.4057350032959789,0.98681608437706,0.8629174431828627,0.7539288068556361,0.7983590399877285,0.24895817041397095,0.3434760570526123,0.2903757415952538,0.3783783783783784,0.42963085036255766,0.988037535383303,0.8879283610049233,0.7669874752801582,0.8158082729114493,0.22670257091522217,0.29981788992881775,0.2331905075807515,0.34179301252471983,0.4161173368490442,0.9871392195638967,0.8550591923581848,0.7804185893210283,0.8131481546028954
281,"no_changes,all_inverse_edges,universal_edges",843,843,3,0.1872625524799029,0,28,,0.32156644264856976,4.688766960985959,1,0.3156106173992157,1,0.10627550631761551,1,0.1399015337228775,,,,,,,,,,,,,,,,,,,,,,,,,,,
282,"universal_edges,no_changes,all_inverse_edges",846,846,3,0.14882557156185308,0,28,,0.32156644264856976,4.664719823980704,1,0.31584957242012024,1,0.02617678977549076,1,0.10445035248994827,,,,,,,,,,,,,,,,,,,,,,,,,,,
283,"universal_edges,no_changes,all_inverse_edges",849,849,3,0.16005547593037286,0,28,,0.32156644264856976,4.675006713019684,1,0.31019848585128784,1,0.019655294716358185,1,0.1503126472234726,,,,,,,,,,,,,,,,,,,,,,,,,,,
284,"no_changes,universal_edges,all_inverse_edges",852,852,3,0.08675239731868108,0,28,,0.32156644264856976,4.667832508916035,1,0.02362801320850849,1,0.01631174050271511,1,0.22031743824481964,,,,,,,,,,,,,,,,,,,,,,,,,,,
285,"no_changes,all_inverse_edges,universal_edges",855,855,3,0.1872366570557157,0,28,,0.32156644264856976,4.673913644161075,1,0.31448882818222046,1,0.013132126070559025,1,0.23408901691436768,,,,,,,,,,,,,,,,,,,,,,,,,,,
286,"universal_edges,no_changes,all_inverse_edges",858,858,3,0.09454733816285928,0,28,,0.32156644264856976,4.673243586905301,1,0.03043309599161148,1,0.01893468014895916,1,0.2342742383480072,,,,,,,,,,,,,,,,,,,,,,,,,,,
287,"all_inverse_edges,universal_edges,no_changes",861,861,3,0.04808317435284456,0,28,,0.32156644264856976,4.667980469064787,1,0.019143734127283096,1,0.015952138230204582,1,0.10915365070104599,,,,,,,,,,,,,,,,,,,,,,,,,,,
288,"universal_edges,no_changes,all_inverse_edges",864,864,3,0.08002135592202346,0,28,,0.32156644264856976,4.685558486031368,1,0.017429886385798454,1,0.12828558683395386,1,0.09434859454631805,,,,,,,,,,,,,,,,,,,,,,,,,,,
289,"universal_edges,all_inverse_edges,no_changes",867,867,3,0.04336993582546711,0,28,,0.32156644264856976,4.672147714998573,1,0.022588364779949188,1,0.019103487953543663,1,0.08841795474290848,,,,,,,,,,,,,,,,,,,,,,,,,,,
290,"universal_edges,all_inverse_edges,no_changes",870,870,3,0.04255312432845434,1,29,0.33033395806948346,0.33033395806948346,20.101512267952785,1,0.01678873784840107,1,0.02505572699010372,1,0.08581490814685822,0.22729912400245667,0.3175179660320282,0.263843111404087,0.34970336189848383,0.4126565589980224,0.9873848023058927,0.8786684643237462,0.7545418589321029,0.8039084012792068,0.25381603837013245,0.35440686345100403,0.3075148319050758,0.38167435728411336,0.4319380355965722,0.9881280132356173,0.8926916627560915,0.7646110744891232,0.8156400715463189,0.2369779795408249,0.3190770447254181,0.2613711272247858,0.3521753460777851,0.41776532630191165,0.9874623547507335,0.8692252215540354,0.7704087013843112,0.8118382570809561
291,"all_inverse_edges,no_changes,universal_edges",873,873,3,0.04018137293557326,0,29,,0.33033395806948346,4.6845364479813725,1,0.02107555978000164,1,0.015589214861392975,1,0.08387934416532516,,,,,,,,,,,,,,,,,,,,,,,,,,,
292,"no_changes,all_inverse_edges,universal_edges",876,876,3,0.1316278763115406,0,29,,0.33033395806948346,4.671229969942942,1,0.3097888231277466,1,0.013190340250730515,1,0.07190446555614471,,,,,,,,,,,,,,,,,,,,,,,,,,,
293,"all_inverse_edges,no_changes,universal_edges",879,879,3,0.03266181517392397,0,29,,0.33033395806948346,4.669951803050935,1,0.015509105287492275,1,0.013487838208675385,1,0.06898850202560425,,,,,,,,,,,,,,,,,,,,,,,,,,,
294,"universal_edges,all_inverse_edges,no_changes",882,882,3,0.03184452218314012,0,29,,0.33033395806948346,4.667989284964278,1,0.014985969290137291,1,0.01499372348189354,1,0.06555387377738953,,,,,,,,,,,,,,,,,,,,,,,,,,,
295,"all_inverse_edges,universal_edges,no_changes",885,885,3,0.07233760754267375,0,29,,0.33033395806948346,4.675588299985975,1,0.01428732555359602,1,0.010937330313026905,1,0.19178816676139832,,,,,,,,,,,,,,,,,,,,,,,,,,,
296,"universal_edges,no_changes,all_inverse_edges",888,888,3,0.06384422940512498,0,29,,0.33033395806948346,4.669466030085459,1,0.013140441849827766,1,0.11336452513933182,1,0.06502772122621536,,,,,,,,,,,,,,,,,,,,,,,,,,,
297,"all_inverse_edges,universal_edges,no_changes",891,891,3,0.029740768174330395,0,29,,0.33033395806948346,4.677149557042867,1,0.012645785696804523,1,0.010124671272933483,1,0.06645184755325317,,,,,,,,,,,,,,,,,,,,,,,,,,,
298,"all_inverse_edges,no_changes,universal_edges",894,894,3,0.02922723318139712,0,29,,0.33033395806948346,4.674343566875905,1,0.012436648830771446,1,0.011088429018855095,1,0.06415662169456482,,,,,,,,,,,,,,,,,,,,,,,,,,,
299,"all_inverse_edges,universal_edges,no_changes",897,897,3,0.02752815932035446,0,29,,0.33033395806948346,4.681311476044357,1,0.012422611936926842,1,0.010913854464888573,1,0.05924801155924797,,,,,,,,,,,,,,,,,,,,,,,,,,,
300,"universal_edges,all_inverse_edges,no_changes",900,900,3,0.02501008069763581,1,30,0.33937952915827435,0.33937952915827435,20.146354880882427,1,0.011204352602362633,1,0.008623084984719753,1,0.05520280450582504,0.2319432944059372,0.33092981576919556,0.27851021753460775,0.3660184574818721,0.4154581410678972,0.9882766554215622,0.9129946368423075,0.7491825972313777,0.8100121910335155,0.2543085515499115,0.36166641116142273,0.3180619644034278,0.3848055372445616,0.4297956493078444,0.9888582987578683,0.925923333550732,0.7564238628872775,0.8192916006593836,0.24156491458415985,0.3255423605442047,0.26895187870797627,0.35794330916282135,0.4210613052076467,0.9884317603112438,0.8984801866163699,0.7686420566908372,0.8203918264389782
301,"all_inverse_edges,no_changes,universal_edges",903,903,3,0.02816392791767915,0,30,,0.33937952915827435,4.6750982229132205,1,0.011292416602373123,1,0.00845404528081417,1,0.06474532186985016,,,,,,,,,,,,,,,,,,,,,,,,,,,
302,"no_changes,all_inverse_edges,universal_edges",906,906,3,0.05994386970996857,0,30,,0.33937952915827435,4.7732064730953425,1,0.010048121213912964,1,0.10656137019395828,1,0.06322211772203445,,,,,,,,,,,,,,,,,,,,,,,,,,,
303,"universal_edges,no_changes,all_inverse_edges",909,909,3,0.058201760053634644,0,30,,0.33937952915827435,4.669109220150858,1,0.011942185461521149,1,0.1021382138133049,1,0.06052488088607788,,,,,,,,,,,,,,,,,,,,,,,,,,,
304,"no_changes,universal_edges,all_inverse_edges",912,912,3,0.029448997229337692,0,30,,0.33937952915827435,4.669884088914841,1,0.010765282437205315,1,0.010343914851546288,1,0.06723779439926147,,,,,,,,,,,,,,,,,,,,,,,,,,,
305,"no_changes,universal_edges,all_inverse_edges",915,915,3,0.02819503874828418,0,30,,0.33937952915827435,4.666166325099766,1,0.011325264349579811,1,0.008853665553033352,1,0.06440618634223938,,,,,,,,,,,,,,,,,,,,,,,,,,,
306,"all_inverse_edges,no_changes,universal_edges",918,918,3,0.02880446519702673,0,30,,0.33937952915827435,4.672591572860256,1,0.011309685185551643,1,0.008648584596812725,1,0.06645512580871582,,,,,,,,,,,,,,,,,,,,,,,,,,,
307,"no_changes,all_inverse_edges,universal_edges",921,921,3,0.027549018772939842,0,30,,0.33937952915827435,4.688128597103059,1,0.009982375428080559,1,0.009752149693667889,1,0.06291253119707108,,,,,,,,,,,,,,,,,,,,,,,,,,,
308,"universal_edges,no_changes,all_inverse_edges",924,924,3,0.06203493227561315,0,30,,0.33937952915827435,4.682189156068489,1,0.010846538469195366,1,0.00988682545721531,1,0.16537143290042877,,,,,,,,,,,,,,,,,,,,,,,,,,,
309,"all_inverse_edges,universal_edges,no_changes",927,927,3,0.03155299431333939,0,30,,0.33937952915827435,4.673628356074914,1,0.015112857334315777,1,0.011019023135304451,1,0.06852710247039795,,,,,,,,,,,,,,,,,,,,,,,,,,,
310,"all_inverse_edges,universal_edges,no_changes",930,930,3,0.027785770284632843,1,31,0.34469128648440045,0.34469128648440045,20.146243039984256,1,0.011582055129110813,1,0.009970499202609062,1,0.06180475652217865,0.23667092621326447,0.3404139578342438,0.29317732366512855,0.37030323005932764,0.4200725115359262,0.9885480889785051,0.9307295948379359,0.7431839156229401,0.8098567242860614,0.2577487826347351,0.3659525215625763,0.3230059327620303,0.38909030982201714,0.4357284113381674,0.9890263290550234,0.9471491928252667,0.7456888595912986,0.8160364254727153,0.2405116856098175,0.3277073800563812,0.27092946605141727,0.35942649967040213,0.4243572841133817,0.9887807463130275,0.9202585228764146,0.7588068556361239,0.8195724326025837
311,"all_inverse_edges,universal_edges,no_changes",933,933,3,0.06311529005567233,0,31,,0.34469128648440045,4.680870626121759,1,0.018224041908979416,1,0.10733546316623688,1,0.06378636509180069,,,,,,,,,,,,,,,,,,,,,,,,,,,
312,"no_changes,universal_edges,all_inverse_edges",936,936,3,0.09723204498489697,0,31,,0.34469128648440045,4.685538269113749,1,0.016938146203756332,1,0.11349108070135117,1,0.16126690804958344,,,,,,,,,,,,,,,,,,,,,,,,,,,
313,"universal_edges,all_inverse_edges,no_changes",939,939,3,0.034447205563386284,0,31,,0.34469128648440045,4.672506647882983,1,0.02206852287054062,1,0.016496941447257996,1,0.06477615237236023,,,,,,,,,,,,,,,,,,,,,,,,,,,
314,"all_inverse_edges,universal_edges,no_changes",942,942,3,0.09458690447111924,0,31,,0.34469128648440045,4.6706365088466555,1,0.018914731219410896,1,0.10628993809223175,1,0.1585560441017151,,,,,,,,,,,,,,,,,,,,,,,,,,,
315,"no_changes,universal_edges,all_inverse_edges",945,945,3,0.036121985564629235,0,31,,0.34469128648440045,4.679691071854904,1,0.021462388336658478,1,0.022245202213525772,1,0.06465836614370346,,,,,,,,,,,,,,,,,,,,,,,,,,,
316,"no_changes,universal_edges,all_inverse_edges",948,948,3,0.06065697719653448,0,31,,0.34469128648440045,4.674989086110145,1,0.012873193249106407,1,0.01784512586891651,1,0.1512526124715805,,,,,,,,,,,,,,,,,,,,,,,,,,,
317,"universal_edges,no_changes,all_inverse_edges",951,951,3,0.033853589867552124,0,31,,0.34469128648440045,4.675401136977598,1,0.02087918482720852,1,0.018497902899980545,1,0.0621836818754673,,,,,,,,,,,,,,,,,,,,,,,,,,,
318,"universal_edges,all_inverse_edges,no_changes",954,954,3,0.035583250845472016,0,31,,0.34469128648440045,4.6754302298650146,1,0.026905789971351624,1,0.020065361633896828,1,0.0597786009311676,,,,,,,,,,,,,,,,,,,,,,,,,,,
319,"universal_edges,all_inverse_edges,no_changes",957,957,3,0.15748395957052708,0,31,,0.34469128648440045,4.679216444026679,1,0.3069632649421692,1,0.015762237831950188,1,0.14972637593746185,,,,,,,,,,,,,,,,,,,,,,,,,,,
320,"universal_edges,all_inverse_edges,no_changes",960,960,3,0.12610493414103985,1,32,0.3300977249940236,0.34469128648440045,20.089044546941295,1,0.30775970220565796,1,0.011857366189360619,1,0.05869773402810097,0.22942973673343658,0.32130128145217896,0.26647989452867504,0.35431773236651287,0.4161173368490442,0.9872813990461049,0.8770490188285693,0.7527125906394199,0.8020702904781623,0.2507603168487549,0.3525368869304657,0.3045484508899143,0.3795319709953856,0.43243243243243246,0.9881861775692479,0.8983128948311765,0.7604416611733684,0.8143441261494981,0.23637986183166504,0.31645500659942627,0.2549439683586025,0.3521753460777851,0.4220500988793672,0.9877596391226233,0.8804551711879742,0.7661997363216875,0.8127902067337048
321,"all_inverse_edges,universal_edges,no_changes",963,963,3,0.03153124451637268,0,32,,0.34469128648440045,4.685288071166724,1,0.016624322161078453,1,0.013589086011052132,1,0.06438032537698746,,,,,,,,,,,,,,,,,,,,,,,,,,,
322,"universal_edges,no_changes,all_inverse_edges",966,966,3,0.05968687559167544,0,32,,0.34469128648440045,4.676422812975943,1,0.01561801042407751,1,0.012957011349499226,1,0.15048560500144958,,,,,,,,,,,,,,,,,,,,,,,,,,,
323,"all_inverse_edges,no_changes,universal_edges",969,969,3,0.03727723192423582,0,32,,0.34469128648440045,4.67315309192054,1,0.013907254673540592,1,0.012305930256843567,1,0.0856185108423233,,,,,,,,,,,,,,,,,,,,,,,,,,,
324,"no_changes,all_inverse_edges,universal_edges",972,972,3,0.06408122026671965,0,32,,0.34469128648440045,4.674270421033725,1,0.013002912513911724,1,0.011103317141532898,1,0.16813743114471436,,,,,,,,,,,,,,,,,,,,,,,,,,,
325,"universal_edges,no_changes,all_inverse_edges",975,975,3,0.06364050010840099,0,32,,0.34469128648440045,4.675693997181952,1,0.013357109390199184,1,0.011313983239233494,1,0.16625040769577026,,,,,,,,,,,,,,,,,,,,,,,,,,,
326,"all_inverse_edges,no_changes,universal_edges",978,978,3,0.043988932544986405,0,32,,0.34469128648440045,4.668208970921114,1,0.012273726984858513,1,0.010367833077907562,1,0.10932523757219315,,,,,,,,,,,,,,,,,,,,,,,,,,,
327,"universal_edges,no_changes,all_inverse_edges",981,981,3,0.031058828967312973,0,32,,0.34469128648440045,4.67270153388381,1,0.011317516677081585,1,0.009624473750591278,1,0.07223449647426605,,,,,,,,,,,,,,,,,,,,,,,,,,,
328,"universal_edges,no_changes,all_inverse_edges",984,984,3,0.15043615084141493,0,32,,0.34469128648440045,4.672461997019127,1,0.30300936102867126,1,0.00958914402872324,1,0.13870994746685028,,,,,,,,,,,,,,,,,,,,,,,,,,,
329,"all_inverse_edges,no_changes,universal_edges",987,987,3,0.08907534057895343,0,32,,0.34469128648440045,4.67223284416832,1,0.01791844144463539,1,0.10308314114809036,1,0.14622443914413452,,,,,,,,,,,,,,,,,,,,,,,,,,,
330,"all_inverse_edges,no_changes,universal_edges",990,990,3,0.04462188482284546,1,33,0.31746481855710346,0.34469128648440045,20.102859667968005,1,0.013544516637921333,1,0.013052260503172874,1,0.10726887732744217,0.23542609810829163,0.33314982056617737,0.28131179960448255,0.3647000659195781,0.4185893210283454,0.9881215505318806,0.9198894917705586,0.738444297956493,0.8031840915956351,0.25619444251060486,0.362983763217926,0.31591957811470006,0.3892551087673039,0.43902439024390244,0.9886385668308193,0.93913130833607,0.739838497033619,0.8091348855423282,0.19915324449539185,0.25626087188720703,0.19199077125906394,0.28295978905735003,0.3790375741595254,0.9878888931973581,0.8985027476921172,0.7501153592617007,0.8066308237207231
331,"no_changes,all_inverse_edges,universal_edges",993,993,3,0.04088543852170309,0,33,,0.34469128648440045,4.676597794983536,1,0.013162561692297459,1,0.010658360086381435,1,0.09883539378643036,,,,,,,,,,,,,,,,,,,,,,,,,,,
332,"all_inverse_edges,universal_edges,no_changes",996,996,3,0.06689002489050229,0,33,,0.34469128648440045,4.674283282132819,1,0.013516109436750412,1,0.09989041835069656,1,0.0872635468840599,,,,,,,,,,,,,,,,,,,,,,,,,,,
333,"all_inverse_edges,no_changes,universal_edges",999,999,3,0.07208897514889638,0,33,,0.34469128648440045,4.682143401820213,1,0.011803935281932354,1,0.10126546770334244,1,0.10319752246141434,,,,,,,,,,,,,,,,,,,,,,,,,,,
334,"all_inverse_edges,no_changes,universal_edges",1002,1002,3,0.13150584666679302,0,33,,0.34469128648440045,4.669678278034553,1,0.2950151562690735,1,0.009076698683202267,1,0.09042568504810333,,,,,,,,,,,,,,,,,,,,,,,,,,,
335,"all_inverse_edges,universal_edges,no_changes",1005,1005,3,0.035810076321164765,0,33,,0.34469128648440045,4.679508596891537,1,0.012117750942707062,1,0.009372802451252937,1,0.0859396755695343,,,,,,,,,,,,,,,,,,,,,,,,,,,
336,"universal_edges,all_inverse_edges,no_changes",1008,1008,3,0.030374505867560703,0,33,,0.34469128648440045,4.677389189833775,1,0.011443691328167915,1,0.009179392829537392,1,0.0705004334449768,,,,,,,,,,,,,,,,,,,,,,,,,,,
337,"universal_edges,no_changes,all_inverse_edges",1011,1011,3,0.031366368755698204,0,33,,0.34469128648440045,4.683954861946404,1,0.010251308791339397,1,0.007999314926564693,1,0.07584848254919052,,,,,,,,,,,,,,,,,,,,,,,,,,,
338,"no_changes,universal_edges,all_inverse_edges",1014,1014,3,0.06429368692139785,0,33,,0.34469128648440045,4.689683919074014,1,0.010100772604346275,1,0.09829467535018921,1,0.08448561280965805,,,,,,,,,,,,,,,,,,,,,,,,,,,
339,"universal_edges,all_inverse_edges,no_changes",1017,1017,3,0.06435741856694221,0,33,,0.34469128648440045,4.674244384048507,1,0.011482165195047855,1,0.008533830754458904,1,0.17305625975131989,,,,,,,,,,,,,,,,,,,,,,,,,,,
340,"all_inverse_edges,no_changes,universal_edges",1020,1020,3,0.03646774869412184,1,34,0.3435734212398529,0.34469128648440045,20.09877658984624,1,0.009981793351471424,1,0.008167941123247147,1,0.09125351160764694,0.2330145686864853,0.3321487605571747,0.277686222808174,0.36750164798945284,0.4194133157547792,0.9883929840888234,0.9263148816967838,0.7418127883981542,0.8076016328652006,0.2544073760509491,0.36474180221557617,0.3200395517468688,0.38909030982201714,0.4388595912986157,0.9889552393139194,0.9390939866878312,0.7492056690837179,0.8169596136314923,0.2427162528038025,0.33382970094680786,0.27785102175346077,0.36535926170072514,0.42649967040210945,0.9884188349037704,0.909825447503402,0.7566842452208306,0.8149441138999436
341,"no_changes,universal_edges,all_inverse_edges",1023,1023,3,0.031341559874514736,0,34,,0.34469128648440045,4.683393202023581,1,0.010448641143739223,1,0.009034514427185059,1,0.07454152405261993,,,,,,,,,,,,,,,,,,,,,,,,,,,
342,"universal_edges,all_inverse_edges,no_changes",1026,1026,3,0.12367095549901326,0,34,,0.34469128648440045,4.670582813210785,1,0.2994671165943146,1,0.007939569652080536,1,0.06360618025064468,,,,,,,,,,,,,,,,,,,,,,,,,,,
343,"universal_edges,no_changes,all_inverse_edges",1029,1029,3,0.027041774553557236,0,34,,0.34469128648440045,4.671255524968728,1,0.011439478024840355,1,0.01106617134064436,1,0.058619674295186996,,,,,,,,,,,,,,,,,,,,,,,,,,,
344,"no_changes,all_inverse_edges,universal_edges",1032,1032,3,0.033555823378264904,0,34,,0.34469128648440045,4.671152180992067,1,0.011459830217063427,1,0.008988982066512108,1,0.08021865785121918,,,,,,,,,,,,,,,,,,,,,,,,,,,
345,"all_inverse_edges,universal_edges,no_changes",1035,1035,3,0.026346417764822643,0,34,,0.34469128648440045,4.669001208851114,1,0.011919356882572174,1,0.007962744683027267,1,0.059157151728868484,,,,,,,,,,,,,,,,,,,,,,,,,,,
346,"all_inverse_edges,no_changes,universal_edges",1038,1038,3,0.030048297407726448,0,34,,0.34469128648440045,4.671585764037445,1,0.0093831242993474,1,0.009178228676319122,1,0.07158353924751282,,,,,,,,,,,,,,,,,,,,,,,,,,,
347,"universal_edges,all_inverse_edges,no_changes",1041,1041,3,0.06377099299182494,0,34,,0.34469128648440045,4.6684212051332,1,0.011035105213522911,1,0.012431477196514606,1,0.16784639656543732,,,,,,,,,,,,,,,,,,,,,,,,,,,
348,"all_inverse_edges,no_changes,universal_edges",1044,1044,3,0.03618633591880401,0,34,,0.34469128648440045,4.674862480023876,1,0.01021566055715084,1,0.011080224998295307,1,0.08726312220096588,,,,,,,,,,,,,,,,,,,,,,,,,,,
349,"all_inverse_edges,universal_edges,no_changes",1047,1047,3,0.030302823210755985,0,34,,0.34469128648440045,4.674381235148758,1,0.012148433364927769,1,0.010868162848055363,1,0.06789187341928482,,,,,,,,,,,,,,,,,,,,,,,,,,,
350,"universal_edges,all_inverse_edges,no_changes",1050,1050,3,0.02802677856137355,1,35,0.34359195828437805,0.34469128648440045,20.06596299004741,1,0.010970472358167171,1,0.00805274210870266,1,0.06505712121725082,0.23228220641613007,0.3333101272583008,0.2801582069874753,0.36552406064601184,0.42023731048121293,0.9883671332738765,0.9054189273579485,0.759241924851681,0.8155927997230434,0.2553039789199829,0.36778926849365234,0.3251483190507581,0.3907382992748846,0.43457481872116016,0.9889035376840255,0.9192554766551415,0.7635530652603824,0.8229370417001305,0.2395090013742447,0.32967647910118103,0.2722478576137113,0.36338167435728413,0.4230388925510877,0.9884640738299275,0.8962724655547263,0.7722116018457481,0.8222390467864416
351,"universal_edges,all_inverse_edges,no_changes",1053,1053,3,0.028902622871100903,0,35,,0.34469128648440045,4.680240539833903,1,0.010210533626377583,1,0.008487533777952194,1,0.06800980120897293,,,,,,,,,,,,,,,,,,,,,,,,,,,
352,"all_inverse_edges,no_changes,universal_edges",1056,1056,3,0.13833692964787284,0,35,,0.34469128648440045,4.678640432888642,1,0.2979334890842438,1,0.007800304796546698,1,0.10927699506282806,,,,,,,,,,,,,,,,,,,,,,,,,,,
353,"universal_edges,all_inverse_edges,no_changes",1059,1059,3,0.0691863705093662,0,35,,0.34469128648440045,4.666040032170713,1,0.014764870516955853,1,0.10784392058849335,1,0.08495032042264938,,,,,,,,,,,,,,,,,,,,,,,,,,,
354,"universal_edges,no_changes,all_inverse_edges",1062,1062,3,0.03742740768939257,0,35,,0.34469128648440045,4.676189029822126,1,0.013326008804142475,1,0.02304890938103199,1,0.07590730488300323,,,,,,,,,,,,,,,,,,,,,,,,,,,
355,"all_inverse_edges,universal_edges,no_changes",1065,1065,3,0.07092438141504924,0,35,,0.34469128648440045,4.680177374975756,1,0.01851232722401619,1,0.018734361976385117,1,0.1755264550447464,,,,,,,,,,,,,,,,,,,,,,,,,,,
356,"universal_edges,all_inverse_edges,no_changes",1068,1068,3,0.03806431467334429,0,35,,0.34469128648440045,4.673622249858454,1,0.020805316045880318,1,0.025003978982567787,1,0.06838364899158478,,,,,,,,,,,,,,,,,,,,,,,,,,,
357,"no_changes,universal_edges,all_inverse_edges",1071,1071,3,0.12399242507914703,0,35,,0.34469128648440045,4.672640441916883,1,0.023400863632559776,1,0.16501876711845398,1,0.1835576444864273,,,,,,,,,,,,,,,,,,,,,,,,,,,
358,"no_changes,universal_edges,all_inverse_edges",1074,1074,3,0.10250432013223569,0,35,,0.34469128648440045,4.666745753958821,1,0.013290933333337307,1,0.12938034534454346,1,0.1648416817188263,,,,,,,,,,,,,,,,,,,,,,,,,,,
359,"universal_edges,no_changes,all_inverse_edges",1077,1077,3,0.20799431701501211,0,35,,0.34469128648440045,4.67707198811695,1,0.316342830657959,1,0.1534799188375473,1,0.15416020154953003,,,,,,,,,,,,,,,,,,,,,,,,,,,
360,"all_inverse_edges,universal_edges,no_changes",1080,1080,3,0.08466002717614174,1,36,0.31130972504615784,0.34469128648440045,20.074695856077597,1,0.04522745683789253,1,0.1314418613910675,1,0.07731076329946518,0.21293839812278748,0.2890802025794983,0.23286090969017798,0.32234673698088334,0.3849703361898484,0.9834813292489045,0.7900470726200652,0.7552966381015161,0.7715036453160692,0.24779126048088074,0.34416985511779785,0.2940013183915623,0.37228081740276864,0.42913645352669744,0.9840371217702638,0.7977536921691674,0.7647857613711273,0.7802511991346555,0.23074592649936676,0.30067911744117737,0.23879367172050098,0.33322346736980885,0.41331575477916943,0.984592914291623,0.8068568817599454,0.7682992748846407,0.7862170561123334
361,"all_inverse_edges,universal_edges,no_changes",1083,1083,3,0.13956174875299135,0,36,,0.34469128648440045,4.668542611878365,1,0.3182382881641388,1,0.031615953892469406,1,0.06883100420236588,,,,,,,,,,,,,,,,,,,,,,,,,,,
362,"all_inverse_edges,no_changes,universal_edges",1086,1086,3,0.11627069612344106,0,36,,0.34469128648440045,4.675475554075092,1,0.05453220009803772,1,0.12915487587451935,1,0.1651250123977661,,,,,,,,,,,,,,,,,,,,,,,,,,,
363,"universal_edges,no_changes,all_inverse_edges",1089,1089,3,0.0763595849275589,0,36,,0.34469128648440045,4.668559026904404,1,0.08172222971916199,1,0.07237844914197922,1,0.07497807592153549,,,,,,,,,,,,,,,,,,,,,,,,,,,
364,"all_inverse_edges,universal_edges,no_changes",1092,1092,3,0.06833453103899956,0,36,,0.34469128648440045,4.6934133998584,1,0.05017910525202751,1,0.052414022386074066,1,0.1024104654788971,,,,,,,,,,,,,,,,,,,,,,,,,,,
365,"all_inverse_edges,universal_edges,no_changes",1095,1095,3,0.07355105504393578,0,36,,0.34469128648440045,4.675197476986796,1,0.05069980397820473,1,0.025242015719413757,1,0.14471134543418884,,,,,,,,,,,,,,,,,,,,,,,,,,,
366,"no_changes,universal_edges,all_inverse_edges",1098,1098,3,0.09928339347243309,0,36,,0.34469128648440045,4.680269836913794,1,0.04473411291837692,1,0.06075816974043846,1,0.1923578977584839,,,,,,,,,,,,,,,,,,,,,,,,,,,
367,"universal_edges,no_changes,all_inverse_edges",1101,1101,3,0.048098147536317505,0,36,,0.34469128648440045,4.670976094901562,1,0.023658394813537598,1,0.030954444780945778,1,0.08968160301446915,,,,,,,,,,,,,,,,,,,,,,,,,,,
368,"all_inverse_edges,universal_edges,no_changes",1104,1104,3,0.08440860360860825,0,36,,0.34469128648440045,4.676663230871782,1,0.024732157588005066,1,0.03781522065401077,1,0.1906784325838089,,,,,,,,,,,,,,,,,,,,,,,,,,,
369,"all_inverse_edges,universal_edges,no_changes",1107,1107,3,0.0512616919974486,0,36,,0.34469128648440045,4.673493407899514,1,0.02642790600657463,1,0.04194711148738861,1,0.08541005849838257,,,,,,,,,,,,,,,,,,,,,,,,,,,
370,"all_inverse_edges,no_changes,universal_edges",1110,1110,3,0.07912496725718181,1,37,0.2262954960266749,0.34469128648440045,20.089216435095295,1,0.021789465099573135,1,0.03593979403376579,1,0.17964564263820648,0.17114543914794922,0.2096746563911438,0.13925510876730388,0.2371456822676335,0.36189848384970336,0.9853361252213476,0.8292423045906774,0.7476829268292683,0.7824152381116227,0.1894807517528534,0.23296383023262024,0.15771259063941992,0.267798286090969,0.3899143045484509,0.9863830832266988,0.8510323437125495,0.754676994067238,0.7948333285805582,0.18664781749248505,0.23624800145626068,0.15952537903757416,0.275708635464733,0.3818391562294001,0.9868807114144273,0.8549653525422869,0.7694660514172709,0.8060882030683174
371,"all_inverse_edges,no_changes,universal_edges",1113,1113,3,0.04228538398941358,0,37,,0.34469128648440045,4.6690213091205806,1,0.018790699541568756,1,0.02895199880003929,1,0.07911345362663269,,,,,,,,,,,,,,,,,,,,,,,,,,,
372,"universal_edges,no_changes,all_inverse_edges",1116,1116,3,0.03849508613348007,0,37,,0.34469128648440045,4.671773609006777,1,0.017009399831295013,1,0.030521966516971588,1,0.06795389205217361,,,,,,,,,,,,,,,,,,,,,,,,,,,
373,"universal_edges,no_changes,all_inverse_edges",1119,1119,3,0.0463848023985823,0,37,,0.34469128648440045,4.679796005133539,1,0.015314891003072262,1,0.048136670142412186,1,0.07570284605026245,,,,,,,,,,,,,,,,,,,,,,,,,,,
374,"no_changes,all_inverse_edges,universal_edges",1122,1122,3,0.05032336277266344,0,37,,0.34469128648440045,4.682183748111129,1,0.01398242823779583,1,0.044628072530031204,1,0.09235958755016327,,,,,,,,,,,,,,,,,,,,,,,,,,,
375,"no_changes,all_inverse_edges,universal_edges",1125,1125,3,0.07116309925913811,0,37,,0.34469128648440045,4.685234236996621,1,0.016172582283616066,1,0.019507447257637978,1,0.17780926823616028,,,,,,,,,,,,,,,,,,,,,,,,,,,
376,"universal_edges,no_changes,all_inverse_edges",1128,1128,3,0.06821252902348836,0,37,,0.34469128648440045,4.673592113889754,1,0.019071586430072784,1,0.014515034854412079,1,0.17105096578598022,,,,,,,,,,,,,,,,,,,,,,,,,,,
377,"no_changes,universal_edges,all_inverse_edges",1131,1131,3,0.06525326427072287,0,37,,0.34469128648440045,4.67370639112778,1,0.015516848303377628,1,0.018001187592744827,1,0.16224175691604614,,,,,,,,,,,,,,,,,,,,,,,,,,,
378,"all_inverse_edges,no_changes,universal_edges",1134,1134,3,0.06020257528871298,0,37,,0.34469128648440045,4.689231232972816,1,0.012797018513083458,1,0.012055768631398678,1,0.1557549387216568,,,,,,,,,,,,,,,,,,,,,,,,,,,
379,"no_changes,universal_edges,all_inverse_edges",1137,1137,3,0.07316364751507838,0,37,,0.34469128648440045,4.678862393135205,1,0.010579598136246204,1,0.14047034084796906,1,0.0684410035610199,,,,,,,,,,,,,,,,,,,,,,,,,,,
380,"no_changes,all_inverse_edges,universal_edges",1140,1140,3,0.03517878893762827,1,38,0.32547550400098163,0.34469128648440045,20.071333727799356,1,0.011953701265156269,1,0.0206864383071661,1,0.07289622724056244,0.23366348445415497,0.3211177587509155,0.2653263019116678,0.35431773236651287,0.4159525379037574,0.9862150529295436,0.8376583116690428,0.7731641397495056,0.8018393405534143,0.25506591796875,0.349875271320343,0.30009887936717206,0.3795319709953856,0.4293012524719842,0.986790233562113,0.8410503041646364,0.7933223467369809,0.8153020193764022,0.2305299937725067,0.3054334819316864,0.23879367172050098,0.34475939353988133,0.42122610415293343,0.9865381881163804,0.8307268636189156,0.8070830586684246,0.8184442021503041
381,"universal_edges,all_inverse_edges,no_changes",1143,1143,3,0.03320776888479789,0,38,,0.34469128648440045,4.6795635090675205,1,0.014371643774211407,1,0.022577431052923203,1,0.06267423182725906,,,,,,,,,,,,,,,,,,,,,,,,,,,
382,"all_inverse_edges,no_changes,universal_edges",1146,1146,3,0.17079823774596056,0,38,,0.34469128648440045,4.689170081168413,1,0.3149814009666443,1,0.014046551659703255,1,0.18336676061153412,,,,,,,,,,,,,,,,,,,,,,,,,,,
383,"all_inverse_edges,universal_edges,no_changes",1149,1149,3,0.08586206256101529,0,38,,0.34469128648440045,4.67289999499917,1,0.014223960228264332,1,0.013602981343865395,1,0.22975924611091614,,,,,,,,,,,,,,,,,,,,,,,,,,,
384,"universal_edges,no_changes,all_inverse_edges",1152,1152,3,0.21324750036001205,0,38,,0.34469128648440045,4.67164197890088,1,0.3066440522670746,1,0.01329011470079422,1,0.31980833411216736,,,,,,,,,,,,,,,,,,,,,,,,,,,
385,"no_changes,all_inverse_edges,universal_edges",1155,1155,3,0.09244994477679332,0,38,,0.34469128648440045,4.670837176032364,1,0.017220454290509224,1,0.011256012134253979,1,0.24887336790561676,,,,,,,,,,,,,,,,,,,,,,,,,,,
386,"universal_edges,all_inverse_edges,no_changes",1158,1158,3,0.06752859863142173,0,38,,0.34469128648440045,4.669656569138169,1,0.013747671619057655,1,0.010728061199188232,1,0.1781100630760193,,,,,,,,,,,,,,,,,,,,,,,,,,,
387,"no_changes,all_inverse_edges,universal_edges",1161,1161,3,0.10510679396490256,0,38,,0.34469128648440045,4.6733717690221965,1,0.013038774020969868,1,0.010678459890186787,1,0.291603147983551,,,,,,,,,,,,,,,,,,,,,,,,,,,
388,"no_changes,all_inverse_edges,universal_edges",1164,1164,3,0.06341675327469905,0,38,,0.34469128648440045,4.673091705190018,1,0.011999648995697498,1,0.009106084704399109,1,0.16914452612400055,,,,,,,,,,,,,,,,,,,,,,,,,,,
389,"all_inverse_edges,universal_edges,no_changes",1167,1167,3,0.19516841073830923,0,38,,0.34469128648440045,4.66838160995394,1,0.3397420048713684,1,0.011374816298484802,1,0.23438841104507446,,,,,,,,,,,,,,,,,,,,,,,,,,,
390,"no_changes,universal_edges,all_inverse_edges",1170,1170,3,0.09348678309470415,1,39,0.3399181663990021,0.34469128648440045,20.08186952699907,1,0.014498240314424038,1,0.1394379585981369,1,0.1265241503715515,0.23427073657512665,0.3286724388599396,0.27455504284772575,0.3622280817402769,0.42122610415293343,0.9833520751741699,0.7813359684597307,0.8009360580092287,0.7907867642580697,0.2568154036998749,0.3612755835056305,0.31690837178642056,0.3867831245880026,0.4352340145023072,0.9846123024028333,0.7983134459705788,0.8080388925510877,0.8030937962445674,0.2421262264251709,0.32980647683143616,0.27653263019116675,0.35843770599868163,0.41628213579433093,0.9829578502462291,0.7744317159168093,0.8202768622280818,0.7954798095835238
391,"no_changes,all_inverse_edges,universal_edges",1173,1173,3,0.052159395379324756,0,39,,0.34469128648440045,4.6775215899106115,1,0.03170737251639366,1,0.013959185220301151,1,0.11081162840127945,,,,,,,,,,,,,,,,,,,,,,,,,,,
392,"universal_edges,no_changes,all_inverse_edges",1176,1176,3,0.1444464772939682,0,39,,0.34469128648440045,4.6820043651387095,1,0.3142208456993103,1,0.0226985365152359,1,0.0964200496673584,,,,,,,,,,,,,,,,,,,,,,,,,,,
393,"universal_edges,all_inverse_edges,no_changes",1179,1179,3,0.03635288681834936,0,39,,0.34469128648440045,4.676483744056895,1,0.020921621471643448,1,0.01106672827154398,1,0.07707031071186066,,,,,,,,,,,,,,,,,,,,,,,,,,,
394,"universal_edges,all_inverse_edges,no_changes",1182,1182,3,0.03641601403554281,0,39,,0.34469128648440045,4.686204344034195,1,0.02114010974764824,1,0.017125394195318222,1,0.07098253816366196,,,,,,,,,,,,,,,,,,,,,,,,,,,
395,"universal_edges,no_changes,all_inverse_edges",1185,1185,3,0.0322159742936492,0,39,,0.34469128648440045,4.675758827943355,1,0.01856883428990841,1,0.01151821669191122,1,0.06656087189912796,,,,,,,,,,,,,,,,,,,,,,,,,,,
396,"all_inverse_edges,universal_edges,no_changes",1188,1188,3,0.13312862192591032,0,39,,0.34469128648440045,4.674953622976318,1,0.3238140344619751,1,0.009562049061059952,1,0.06600978225469589,,,,,,,,,,,,,,,,,,,,,,,,,,,
397,"universal_edges,all_inverse_edges,no_changes",1191,1191,3,0.1266576492538055,0,39,,0.34469128648440045,4.674853265052661,1,0.3052813410758972,1,0.01265106163918972,1,0.0620405450463295,,,,,,,,,,,,,,,,,,,,,,,,,,,
398,"universal_edges,all_inverse_edges,no_changes",1194,1194,3,0.028452092160781223,0,39,,0.34469128648440045,4.680849045049399,1,0.015323976054787636,1,0.011051693931221962,1,0.058980606496334076,,,,,,,,,,,,,,,,,,,,,,,,,,,
399,"all_inverse_edges,no_changes,universal_edges",1197,1197,3,0.12606457465638718,0,39,,0.34469128648440045,4.671950567979366,1,0.30277320742607117,1,0.01192967128008604,1,0.0634908452630043,,,,,,,,,,,,,,,,,,,,,,,,,,,
400,"universal_edges,no_changes,all_inverse_edges",1200,1200,3,0.121977590645353,1,40,0.3418229321638743,0.34469128648440045,20.05738192400895,1,0.2981744408607483,1,0.010051345452666283,1,0.057706985622644424,0.23683471977710724,0.3349330425262451,0.2854317732366513,0.3681608437705999,0.41529334212261043,0.9882378791991417,0.8998022365530388,0.7606295319709954,0.814938370658146,0.2538325786590576,0.36022764444351196,0.3192155570204351,0.3808503625576796,0.4269940672379697,0.9888324479429214,0.9150555239538289,0.7651318391562294,0.8228988387019616,0.24251067638397217,0.33030810952186584,0.27834541858932105,0.3561305207646671,0.41578773895847065,0.9885933279046621,0.897999472995469,0.7747000659195782,0.8245686371299848
401,"no_changes,all_inverse_edges,universal_edges",1203,1203,3,0.0628168002391855,0,40,,0.34469128648440045,4.67786943889223,1,0.01344765443354845,1,0.1130228266119957,1,0.06197991967201233,,,,,,,,,,,,,,,,,,,,,,,,,,,
402,"all_inverse_edges,no_changes,universal_edges",1206,1206,3,0.12244622875005007,0,40,,0.34469128648440045,4.670118432957679,1,0.2972562909126282,1,0.009397088550031185,1,0.060685306787490845,,,,,,,,,,,,,,,,,,,,,,,,,,,
403,"all_inverse_edges,no_changes,universal_edges",1209,1209,3,0.06498012195030849,0,40,,0.34469128648440045,4.675635054940358,1,0.012390593066811562,1,0.009607268497347832,1,0.17294250428676605,,,,,,,,,,,,,,,,,,,,,,,,,,,
404,"no_changes,universal_edges,all_inverse_edges",1212,1212,3,0.02474651796122392,0,40,,0.34469128648440045,4.676538641098887,1,0.011335360817611217,1,0.007897934876382351,1,0.05500625818967819,,,,,,,,,,,,,,,,,,,,,,,,,,,
405,"all_inverse_edges,universal_edges,no_changes",1215,1215,3,0.023988021227220695,0,40,,0.34469128648440045,4.6779384419787675,1,0.012404975481331348,1,0.008145693689584732,1,0.051413394510746,,,,,,,,,,,,,,,,,,,,,,,,,,,
406,"no_changes,universal_edges,all_inverse_edges",1218,1218,3,0.08732119109481573,0,40,,0.34469128648440045,4.674316554795951,1,0.009654206223785877,1,0.10000258684158325,1,0.15230678021907806,,,,,,,,,,,,,,,,,,,,,,,,,,,
407,"no_changes,universal_edges,all_inverse_edges",1221,1221,3,0.15448502885798612,0,40,,0.34469128648440045,4.675947990966961,1,0.3065555691719055,1,0.01079278253018856,1,0.14610673487186432,,,,,,,,,,,,,,,,,,,,,,,,,,,
408,"universal_edges,no_changes,all_inverse_edges",1224,1224,3,0.026614574094613392,0,40,,0.34469128648440045,4.700163915986195,1,0.017466986551880836,1,0.01058080606162548,1,0.05179592967033386,,,,,,,,,,,,,,,,,,,,,,,,,,,
409,"no_changes,all_inverse_edges,universal_edges",1227,1227,3,0.05853110024084648,0,40,,0.34469128648440045,4.692777356132865,1,0.013314167968928814,1,0.10418330878019333,1,0.05809582397341728,,,,,,,,,,,,,,,,,,,,,,,,,,,
410,"universal_edges,no_changes,all_inverse_edges",1230,1230,3,0.12943936480830112,1,41,0.3497799336910248,0.3497799336910248,20.18278681091033,1,0.3262631297111511,1,0.01212961133569479,1,0.04992535337805748,0.24082468450069427,0.34602394700050354,0.2992748846407383,0.37475280158206986,0.4223796967699407,0.9881926402729846,0.8881732654704648,0.7722346736980883,0.8195851257677701,0.2559364140033722,0.3686688542366028,0.3274555042847726,0.3879367172050099,0.43539881344759396,0.9892912999082296,0.9072017378985937,0.7879762689518788,0.8369328729141041,0.24230733513832092,0.334646999835968,0.27851021753460775,0.3684904416611734,0.4253460777851022,0.9890521798699704,0.8945683975834962,0.7946374423203691,0.8370414857076126
411,"universal_edges,all_inverse_edges,no_changes",1233,1233,3,0.05698014019678036,0,41,,0.3497799336910248,4.678395804017782,1,0.01678508333861828,1,0.011437618173658848,1,0.14271771907806396,,,,,,,,,,,,,,,,,,,,,,,,,,,
412,"universal_edges,all_inverse_edges,no_changes",1236,1236,3,0.028485064394772053,0,41,,0.3497799336910248,4.678480542032048,1,0.015371473506093025,1,0.011954286135733128,1,0.058129433542490005,,,,,,,,,,,,,,,,,,,,,,,,,,,
413,"universal_edges,no_changes,all_inverse_edges",1239,1239,3,0.025892022686700027,0,41,,0.3497799336910248,4.670007006032392,1,0.012817292474210262,1,0.009829290211200714,1,0.0550294853746891,,,,,,,,,,,,,,,,,,,,,,,,,,,
414,"all_inverse_edges,universal_edges,no_changes",1242,1242,3,0.02965102717280388,0,41,,0.3497799336910248,4.678102733101696,1,0.011925331316888332,1,0.00921634305268526,1,0.06781140714883804,,,,,,,,,,,,,,,,,,,,,,,,,,,
415,"no_changes,universal_edges,all_inverse_edges",1245,1245,3,0.029588257273038227,0,41,,0.3497799336910248,4.669833831023425,1,0.011292372830212116,1,0.00900180172175169,1,0.06847059726715088,,,,,,,,,,,,,,,,,,,,,,,,,,,
416,"universal_edges,no_changes,all_inverse_edges",1248,1248,3,0.12746281207849583,0,41,,0.3497799336910248,4.681233458919451,1,0.31273579597473145,1,0.008693949319422245,1,0.06095869094133377,,,,,,,,,,,,,,,,,,,,,,,,,,,
417,"universal_edges,no_changes,all_inverse_edges",1251,1251,3,0.12153079609076183,0,41,,0.3497799336910248,4.653000257909298,1,0.29733237624168396,1,0.010522052645683289,1,0.05673795938491821,,,,,,,,,,,,,,,,,,,,,,,,,,,
418,"universal_edges,all_inverse_edges,no_changes",1254,1254,3,0.056668699719011784,0,41,,0.3497799336910248,4.6820959590841085,1,0.012899658642709255,1,0.10366205126047134,1,0.05344438925385475,,,,,,,,,,,,,,,,,,,,,,,,,,,
419,"universal_edges,all_inverse_edges,no_changes",1257,1257,3,0.02509787306189537,0,41,,0.3497799336910248,4.667888293042779,1,0.010124647989869118,1,0.010549420490860939,1,0.054619550704956055,,,,,,,,,,,,,,,,,,,,,,,,,,,
420,"no_changes,all_inverse_edges,universal_edges",1260,1260,3,0.05931811717649301,1,42,0.35274146993954975,0.35274146993954975,20.155776894185692,1,0.01039655040949583,1,0.010252933017909527,1,0.15730486810207367,0.24541126191616058,0.35015079379081726,0.3033948582729071,0.37920237310481214,0.4228740936058009,0.9884899246448744,0.9307923028394176,0.7413777191825972,0.8083726889835285,0.2619073987007141,0.3719363212585449,0.33174027686222807,0.39255108767303887,0.4362228081740277,0.9889552393139194,0.9411332368549006,0.7477521423862887,0.8162728742708136,0.24745777249336243,0.3361372947692871,0.2811470006591958,0.3666776532630191,0.4278180619644034,0.9888065971279745,0.9255902878916675,0.7551054713249835,0.818157620497664
421,"all_inverse_edges,universal_edges,no_changes",1263,1263,3,0.02469935982177655,0,42,,0.35274146993954975,4.677716622129083,1,0.010870268568396568,1,0.007881776429712772,1,0.055346034467220306,,,,,,,,,,,,,,,,,,,,,,,,,,,
422,"no_changes,all_inverse_edges,universal_edges",1266,1266,3,0.02731040772050619,0,42,,0.35274146993954975,4.672333220951259,1,0.010109862312674522,1,0.014644022099673748,1,0.0571773387491703,,,,,,,,,,,,,,,,,,,,,,,,,,,
423,"no_changes,all_inverse_edges,universal_edges",1269,1269,3,0.06733321243276198,0,42,,0.35274146993954975,4.669835623120889,1,0.009854002855718136,1,0.044422704726457596,1,0.14772292971611023,,,,,,,,,,,,,,,,,,,,,,,,,,,
424,"all_inverse_edges,no_changes,universal_edges",1272,1272,3,0.08778414937357108,0,42,,0.35274146993954975,4.674072527792305,1,0.009584011510014534,1,0.10986543446779251,1,0.1439030021429062,,,,,,,,,,,,,,,,,,,,,,,,,,,
425,"all_inverse_edges,universal_edges,no_changes",1275,1275,3,0.028802295525868733,0,42,,0.35274146993954975,4.680037933867425,1,0.009653620421886444,1,0.018699243664741516,1,0.05805402249097824,,,,,,,,,,,,,,,,,,,,,,,,,,,
426,"all_inverse_edges,no_changes,universal_edges",1278,1278,3,0.12271287323286136,0,42,,0.35274146993954975,4.676182308932766,1,0.2947807013988495,1,0.014043246395885944,1,0.05931467190384865,,,,,,,,,,,,,,,,,,,,,,,,,,,
427,"universal_edges,no_changes,all_inverse_edges",1281,1281,3,0.11956864781677723,0,42,,0.35274146993954975,4.681859584990889,1,0.2914571762084961,1,0.016874654218554497,1,0.0503741130232811,,,,,,,,,,,,,,,,,,,,,,,,,,,
428,"all_inverse_edges,universal_edges,no_changes",1284,1284,3,0.03415402863174677,0,42,,0.35274146993954975,4.673714397009462,1,0.009603134356439114,1,0.012048307806253433,1,0.08081064373254776,,,,,,,,,,,,,,,,,,,,,,,,,,,
429,"universal_edges,no_changes,all_inverse_edges",1287,1287,3,0.12820404519637427,0,42,,0.35274146993954975,4.668771777069196,1,0.29360389709472656,1,0.02672129124403,1,0.06428694725036621,,,,,,,,,,,,,,,,,,,,,,,,,,,
430,"universal_edges,all_inverse_edges,no_changes",1290,1290,3,0.0373913866157333,1,43,0.3536323507626851,0.3536323507626851,20.16053004609421,1,0.010870752856135368,1,0.014098824001848698,1,0.08720458298921585,0.24244415760040283,0.3479441702365875,0.3014172709294661,0.3768951878707976,0.4235332893869479,0.9885610143859785,0.9352266743653869,0.7402834541858931,0.8085576491305497,0.2603110373020172,0.373473584651947,0.3328938694792353,0.39353988134475937,0.43951878707976266,0.9890198663512867,0.9483328656461474,0.7447165458141067,0.815501632553599,0.24648776650428772,0.3394792973995209,0.2865853658536585,0.36832564271588664,0.4302900461437047,0.9888776868690785,0.9312984996548213,0.7527191825972315,0.8177926942463114
431,"all_inverse_edges,universal_edges,no_changes",1293,1293,3,0.06680854440977176,0,43,,0.3536323507626851,4.6909834740217775,1,0.011476256884634495,1,0.11167027801275253,1,0.07727909833192825,,,,,,,,,,,,,,,,,,,,,,,,,,,
432,"all_inverse_edges,no_changes,universal_edges",1296,1296,3,0.07025146825859944,0,43,,0.3536323507626851,4.686056931037456,1,0.011615789495408535,1,0.0329061783850193,1,0.16623243689537048,,,,,,,,,,,,,,,,,,,,,,,,,,,
433,"universal_edges,all_inverse_edges,no_changes",1299,1299,3,0.06585507622609536,0,43,,0.3536323507626851,4.675391693133861,1,0.012376205064356327,1,0.10404886305332184,1,0.08114016056060791,,,,,,,,,,,,,,,,,,,,,,,,,,,
434,"no_changes,all_inverse_edges,universal_edges",1302,1302,3,0.054042757488787174,0,43,,0.3536323507626851,4.6756629180163145,1,0.010761675424873829,1,0.021064897999167442,1,0.13030169904232025,,,,,,,,,,,,,,,,,,,,,,,,,,,
435,"no_changes,all_inverse_edges,universal_edges",1305,1305,3,0.07162678645302852,0,43,,0.3536323507626851,4.66629805509001,1,0.012748715467751026,1,0.10429781675338745,1,0.09783382713794708,,,,,,,,,,,,,,,,,,,,,,,,,,,
436,"all_inverse_edges,universal_edges,no_changes",1308,1308,3,0.06155245999495188,0,43,,0.3536323507626851,4.685676980996504,1,0.016601689159870148,1,0.09836810827255249,1,0.06968758255243301,,,,,,,,,,,,,,,,,,,,,,,,,,,
437,"universal_edges,all_inverse_edges,no_changes",1311,1311,3,0.031940347515046597,0,43,,0.3536323507626851,4.6863316090311855,1,0.012251547537744045,1,0.014040281996130943,1,0.0695292130112648,,,,,,,,,,,,,,,,,,,,,,,,,,,
438,"no_changes,all_inverse_edges,universal_edges",1314,1314,3,0.05178185862799486,0,43,,0.3536323507626851,4.680715609109029,1,0.010320590808987617,1,0.010053426027297974,1,0.13497155904769897,,,,,,,,,,,,,,,,,,,,,,,,,,,
439,"no_changes,universal_edges,all_inverse_edges",1317,1317,3,0.062276721155891814,0,43,,0.3536323507626851,4.670750323915854,1,0.009760537184774876,1,0.00776065094396472,1,0.16930897533893585,,,,,,,,,,,,,,,,,,,,,,,,,,,
440,"no_changes,all_inverse_edges,universal_edges",1320,1320,3,0.047228980188568435,1,44,0.3513781825701396,0.3536323507626851,20.08419366995804,1,0.009091245010495186,1,0.007702372968196869,1,0.12489332258701324,0.24336665868759155,0.35324999690055847,0.3081740276862228,0.38216875411997364,0.42649967040210945,0.988573939793452,0.9300362241079487,0.7444891232696111,0.8107583733804464,0.26021653413772583,0.37386852502822876,0.3338826631509558,0.39403427818061965,0.4378707976268952,0.9889423139064459,0.9408339366862171,0.7475840474620963,0.8160578630060633,0.23649196326732635,0.32701602578163147,0.27537903757415955,0.3531641397495056,0.4159525379037574,0.9881991029767213,0.8982657600654542,0.760932762030323,0.8146929414021452
441,"no_changes,universal_edges,all_inverse_edges",1323,1323,3,0.04241210718949636,0,44,,0.3536323507626851,4.676300776889548,1,0.00946630910038948,1,0.007380735129117966,1,0.11038927733898163,,,,,,,,,,,,,,,,,,,,,,,,,,,
442,"no_changes,universal_edges,all_inverse_edges",1326,1326,3,0.13208465774854025,0,44,,0.3536323507626851,4.678688814863563,1,0.30460378527641296,1,0.009173683822154999,1,0.08247650414705276,,,,,,,,,,,,,,,,,,,,,,,,,,,
443,"universal_edges,no_changes,all_inverse_edges",1329,1329,3,0.12350448500365019,0,44,,0.3536323507626851,4.675856800982729,1,0.29501214623451233,1,0.00892751757055521,1,0.06657379120588303,,,,,,,,,,,,,,,,,,,,,,,,,,,
444,"no_changes,all_inverse_edges,universal_edges",1332,1332,3,0.03270099405199289,0,44,,0.3536323507626851,4.680866174865514,1,0.01292307861149311,1,0.008244664408266544,1,0.07693523913621902,,,,,,,,,,,,,,,,,,,,,,,,,,,
445,"universal_edges,all_inverse_edges,no_changes",1335,1335,3,0.0628290403013428,0,44,,0.3536323507626851,4.661071978975087,1,0.009932846762239933,1,0.008945442736148834,1,0.16960883140563965,,,,,,,,,,,,,,,,,,,,,,,,,,,
446,"no_changes,all_inverse_edges,universal_edges",1338,1338,3,0.13812162665029368,0,44,,0.3536323507626851,4.68109390209429,1,0.288899302482605,1,0.01058129034936428,1,0.11488428711891174,,,,,,,,,,,,,,,,,,,,,,,,,,,
447,"no_changes,universal_edges,all_inverse_edges",1341,1341,3,0.03385544971873363,0,44,,0.3536323507626851,4.6629974220413715,1,0.014176597818732262,1,0.007751098833978176,1,0.07963865250349045,,,,,,,,,,,,,,,,,,,,,,,,,,,
448,"universal_edges,all_inverse_edges,no_changes",1344,1344,3,0.05838686569283406,0,44,,0.3536323507626851,4.674660749034956,1,0.014453588984906673,1,0.10156252235174179,1,0.059144485741853714,,,,,,,,,,,,,,,,,,,,,,,,,,,
449,"no_changes,universal_edges,all_inverse_edges",1347,1347,3,0.045899612829089165,0,44,,0.3536323507626851,4.659184116870165,1,0.00906467530876398,1,0.013307535089552402,1,0.11532662808895111,,,,,,,,,,,,,,,,,,,,,,,,,,,
450,"all_inverse_edges,no_changes,universal_edges",1350,1350,3,0.09797562534610431,1,45,0.3516046106815338,0.3536323507626851,20.05262682493776,1,0.030360477045178413,1,0.018220344558358192,1,0.2453460544347763,0.23966224491596222,0.3408474028110504,0.29416611733684905,0.3660184574818721,0.4243572841133817,0.9873460260834723,0.8709142525102733,0.7634047462096243,0.8076405008237533,0.260960191488266,0.3768419325351715,0.33717864205669085,0.3974950560316414,0.4421555702043507,0.9879599829384621,0.8822198912743048,0.7713085036255768,0.816938805690568,0.24342234432697296,0.3371244966983795,0.2857613711272248,0.3627224785761371,0.42913645352669744,0.9861116496697558,0.8311953243968531,0.7834475939353989,0.8053734920647877
451,"no_changes,universal_edges,all_inverse_edges",1353,1353,3,0.07038860023021698,0,45,,0.3536323507626851,4.678536382969469,1,0.014897845685482025,1,0.035011984407901764,1,0.16125597059726715,,,,,,,,,,,,,,,,,,,,,,,,,,,
452,"universal_edges,no_changes,all_inverse_edges",1356,1356,3,0.15089451521635056,0,45,,0.3536323507626851,4.669996776850894,1,0.31786048412323,1,0.042883023619651794,1,0.09194003790616989,,,,,,,,,,,,,,,,,,,,,,,,,,,
453,"no_changes,all_inverse_edges,universal_edges",1359,1359,3,0.20098728934923807,0,45,,0.3536323507626851,4.669653207063675,1,0.03474585339426994,1,0.04045300558209419,1,0.5277630090713501,,,,,,,,,,,,,,,,,,,,,,,,,,,
454,"no_changes,all_inverse_edges,universal_edges",1362,1362,3,0.2743256638447444,0,45,,0.3536323507626851,4.671277303015813,1,0.31777408719062805,1,0.05388663709163666,1,0.4513162672519684,,,,,,,,,,,,,,,,,,,,,,,,,,,
455,"universal_edges,no_changes,all_inverse_edges",1365,1365,3,0.21734405557314554,0,45,,0.3536323507626851,4.668008951004595,1,0.056352801620960236,1,0.04242410510778427,1,0.5532552599906921,,,,,,,,,,,,,,,,,,,,,,,,,,,
456,"universal_edges,all_inverse_edges,no_changes",1368,1368,3,0.28620557735363644,0,45,,0.3536323507626851,4.669599934015423,1,0.3733816146850586,1,0.03898679465055466,1,0.446248322725296,,,,,,,,,,,,,,,,,,,,,,,,,,,
457,"universal_edges,all_inverse_edges,no_changes",1371,1371,3,0.21187332272529602,0,45,,0.3536323507626851,4.671673311851919,1,0.1179833933711052,1,0.060571469366550446,1,0.4570651054382324,,,,,,,,,,,,,,,,,,,,,,,,,,,
458,"no_changes,all_inverse_edges,universal_edges",1374,1374,3,0.10569669678807259,0,45,,0.3536323507626851,4.673449045047164,1,0.05509299412369728,1,0.04475712031126022,1,0.21723997592926025,,,,,,,,,,,,,,,,,,,,,,,,,,,
459,"all_inverse_edges,universal_edges,no_changes",1377,1377,3,0.17873678666849932,0,45,,0.3536323507626851,4.6663248219992965,1,0.3403298556804657,1,0.02975081093609333,1,0.1661296933889389,,,,,,,,,,,,,,,,,,,,,,,,,,,
460,"universal_edges,all_inverse_edges,no_changes",1380,1380,3,0.06421682611107826,1,46,0.2869781106710434,0.3536323507626851,20.02676714397967,1,0.031254325062036514,1,0.02739875763654709,1,0.13399739563465118,0.21342173218727112,0.2954152524471283,0.24093605800922874,0.3286090969017798,0.3927158866183256,0.9846316905140434,0.8097541925621772,0.7605669083717864,0.7829285617527743,0.23727095127105713,0.3265810012817383,0.27587343441001977,0.35695451549110085,0.41282135794330915,0.9852133338503496,0.8176234801783854,0.7715227422544495,0.7926762407238457,0.1927916258573532,0.2389380782842636,0.1786420566908372,0.26647989452867504,0.35744891232696113,0.9808380834205799,0.7507714283394982,0.7720369149637443,0.7609442531901165
461,"universal_edges,no_changes,all_inverse_edges",1383,1383,3,0.05214998343338569,0,46,,0.3536323507626851,4.665974638890475,1,0.024902651086449623,1,0.015605692751705647,1,0.1159416064620018,,,,,,,,,,,,,,,,,,,,,,,,,,,
462,"no_changes,all_inverse_edges,universal_edges",1386,1386,3,0.1552166442076365,0,46,,0.3536323507626851,4.67295424407348,1,0.31650128960609436,1,0.014070764183998108,1,0.13507787883281708,,,,,,,,,,,,,,,,,,,,,,,,,,,
463,"no_changes,all_inverse_edges,universal_edges",1389,1389,3,0.14037526150544485,0,46,,0.3536323507626851,4.678140537813306,1,0.30314871668815613,1,0.016182981431484222,1,0.10179408639669418,,,,,,,,,,,,,,,,,,,,,,,,,,,
464,"all_inverse_edges,universal_edges,no_changes",1392,1392,3,0.040426756255328655,0,46,,0.3536323507626851,4.659425334073603,1,0.019026661291718483,1,0.013261019252240658,1,0.08899258822202682,,,,,,,,,,,,,,,,,,,,,,,,,,,
465,"all_inverse_edges,no_changes,universal_edges",1395,1395,3,0.03785027811924616,0,46,,0.3536323507626851,4.670953853987157,1,0.014044580981135368,1,0.011888036504387856,1,0.08761821687221527,,,,,,,,,,,,,,,,,,,,,,,,,,,
466,"all_inverse_edges,universal_edges,no_changes",1398,1398,3,0.034553985111415386,0,46,,0.3536323507626851,4.671326560899615,1,0.013967212289571762,1,0.012800161726772785,1,0.07689458131790161,,,,,,,,,,,,,,,,,,,,,,,,,,,
467,"universal_edges,all_inverse_edges,no_changes",1401,1401,3,0.03290436541040739,0,46,,0.3536323507626851,4.670663621975109,1,0.01183735765516758,1,0.010443555191159248,1,0.07643218338489532,,,,,,,,,,,,,,,,,,,,,,,,,,,
468,"universal_edges,no_changes,all_inverse_edges",1404,1404,3,0.03066723110775153,0,46,,0.3536323507626851,4.669860557187349,1,0.010600902140140533,1,0.008835406973958015,1,0.07256538420915604,,,,,,,,,,,,,,,,,,,,,,,,,,,
469,"all_inverse_edges,no_changes,universal_edges",1407,1407,3,0.08092964782069127,0,46,,0.3536323507626851,4.662391460966319,1,0.009528647176921368,1,0.1514137089252472,1,0.08184658735990524,,,,,,,,,,,,,,,,,,,,,,,,,,,
470,"all_inverse_edges,no_changes,universal_edges",1410,1410,3,0.03498594183474779,1,47,0.33675264318784076,0.3536323507626851,20.062909987056628,1,0.011571312323212624,1,0.01438275445252657,1,0.07900375872850418,0.23474788665771484,0.3289770483970642,0.27455504284772575,0.3597560975609756,0.4235332893869479,0.9880439980870397,0.8986907734228463,0.7552010547132499,0.8105455255929379,0.25514915585517883,0.3656390905380249,0.3197099538562953,0.3887607119314436,0.44232036914963746,0.9886385668308193,0.8992130355684932,0.7748846407382992,0.8250962981088202,0.2349340319633484,0.3156417906284332,0.260547132498352,0.34739617666446937,0.40936058009228743,0.9878242661599906,0.877393798171392,0.7726928147659855,0.8162364688282865
471,"no_changes,all_inverse_edges,universal_edges",1413,1413,3,0.07936074926207463,0,47,,0.3536323507626851,4.66669861599803,1,0.011300613172352314,1,0.012118099257349968,1,0.2146635353565216,,,,,,,,,,,,,,,,,,,,,,,,,,,
472,"all_inverse_edges,universal_edges,no_changes",1416,1416,3,0.07433609167734782,0,47,,0.3536323507626851,4.670386794023216,1,0.025693237781524658,1,0.10900147259235382,1,0.08831356465816498,,,,,,,,,,,,,,,,,,,,,,,,,,,
473,"no_changes,all_inverse_edges,universal_edges",1419,1419,3,0.06129625501732031,0,47,,0.3536323507626851,4.669521808158606,1,0.010438256897032261,1,0.014060446061193943,1,0.15939006209373474,,,,,,,,,,,,,,,,,,,,,,,,,,,
474,"all_inverse_edges,universal_edges,no_changes",1422,1422,3,0.17132478455702463,0,47,,0.3536323507626851,4.6724676231388,1,0.305008202791214,1,0.10861651599407196,1,0.10034963488578796,,,,,,,,,,,,,,,,,,,,,,,,,,,
475,"no_changes,universal_edges,all_inverse_edges",1425,1425,3,0.047378659869233765,0,47,,0.3536323507626851,4.672046012012288,1,0.03510391712188721,1,0.011388154700398445,1,0.09564390778541565,,,,,,,,,,,,,,,,,,,,,,,,,,,
476,"universal_edges,all_inverse_edges,no_changes",1428,1428,3,0.030454241670668125,0,47,,0.3536323507626851,4.661055892938748,1,0.013348730280995369,1,0.011182368732988834,1,0.06683162599802017,,,,,,,,,,,,,,,,,,,,,,,,,,,
477,"universal_edges,no_changes,all_inverse_edges",1431,1431,3,0.14195078890770674,0,47,,0.3536323507626851,4.683321265969425,1,0.3428210914134979,1,0.012428165413439274,1,0.07060310989618301,,,,,,,,,,,,,,,,,,,,,,,,,,,
478,"all_inverse_edges,universal_edges,no_changes",1434,1434,3,0.05431869253516197,0,47,,0.3536323507626851,4.6679794657975435,1,0.06300456821918488,1,0.0202178992331028,1,0.07973361015319824,,,,,,,,,,,,,,,,,,,,,,,,,,,
479,"universal_edges,all_inverse_edges,no_changes",1437,1437,3,0.12426068137089412,0,47,,0.3536323507626851,4.673426727997139,1,0.036417536437511444,1,0.1278066188097,1,0.2085578888654709,,,,,,,,,,,,,,,,,,,,,,,,,,,
480,"universal_edges,no_changes,all_inverse_edges",1440,1440,3,0.13677377315859,1,48,0.3343470295270284,0.3536323507626851,20.05707442201674,1,0.31849583983421326,1,0.02177259512245655,1,0.07005288451910019,0.22578641772270203,0.3211747109889984,0.26697429136453527,0.3553065260382334,0.4100197758734344,0.9876174596404151,0.8977949002921404,0.741578773895847,0.799816697750422,0.24752233922481537,0.3568679392337799,0.3085036255767963,0.38414634146341464,0.4367172050098879,0.9885416262747683,0.9287675817311659,0.7444726433750823,0.8104198842292856,0.23495811223983765,0.3249984383583069,0.2661502966381015,0.3600856954515491,0.4223796967699407,0.9883542078664029,0.9201688890590436,0.7455075807514832,0.8090210573399617
481,"all_inverse_edges,no_changes,universal_edges",1443,1443,3,0.03859548084437847,0,48,,0.3536323507626851,4.679009107872844,1,0.020818600431084633,1,0.017187215387821198,1,0.07778062671422958,,,,,,,,,,,,,,,,,,,,,,,,,,,
482,"no_changes,universal_edges,all_inverse_edges",1446,1446,3,0.03451235188792149,0,48,,0.3536323507626851,4.683739881031215,1,0.012068538926541805,1,0.02461661770939827,1,0.0668518990278244,,,,,,,,,,,,,,,,,,,,,,,,,,,
483,"no_changes,universal_edges,all_inverse_edges",1449,1449,3,0.031224874158700306,0,48,,0.3536323507626851,4.671957688871771,1,0.014549380168318748,1,0.016045289114117622,1,0.06307995319366455,,,,,,,,,,,,,,,,,,,,,,,,,,,
484,"all_inverse_edges,universal_edges,no_changes",1452,1452,3,0.07283641863614321,0,48,,0.3536323507626851,4.672527784947306,1,0.018633810803294182,1,0.011420176364481449,1,0.188455268740654,,,,,,,,,,,,,,,,,,,,,,,,,,,
485,"universal_edges,no_changes,all_inverse_edges",1455,1455,3,0.1374938696001967,0,48,,0.3536323507626851,4.682585214963183,1,0.33944711089134216,1,0.014659191481769085,1,0.05837530642747879,,,,,,,,,,,,,,,,,,,,,,,,,,,
486,"no_changes,universal_edges,all_inverse_edges",1458,1458,3,0.03340148273855448,0,48,,0.3536323507626851,4.672745191957802,1,0.02161746472120285,1,0.014540771953761578,1,0.064046211540699,,,,,,,,,,,,,,,,,,,,,,,,,,,
487,"all_inverse_edges,universal_edges,no_changes",1461,1461,3,0.06331422366201878,0,48,,0.3536323507626851,4.678766665048897,1,0.02182421274483204,1,0.10960862785577774,1,0.05850983038544655,,,,,,,,,,,,,,,,,,,,,,,,,,,
488,"all_inverse_edges,no_changes,universal_edges",1464,1464,3,0.03209461675335964,0,48,,0.3536323507626851,4.683063962962478,1,0.01563282683491707,1,0.011344351805746555,1,0.06930667161941528,,,,,,,,,,,,,,,,,,,,,,,,,,,
489,"no_changes,universal_edges,all_inverse_edges",1467,1467,3,0.12822564287732044,0,48,,0.3536323507626851,4.676984555087984,1,0.31623315811157227,1,0.014349541626870632,1,0.05409422889351845,,,,,,,,,,,,,,,,,,,,,,,,,,,
490,"all_inverse_edges,no_changes,universal_edges",1470,1470,3,0.031498249930640064,1,49,0.33734096089998883,0.3536323507626851,20.064206163864583,1,0.012425949797034264,1,0.011030233465135098,1,0.07103856652975082,0.23092429339885712,0.3264728784561157,0.27059986816084375,0.3627224785761371,0.4184245220830587,0.988037535383303,0.8896951546334761,0.764887936717205,0.8148819295313545,0.25328293442726135,0.36402133107185364,0.3192155570204351,0.3892551087673039,0.43556361239288066,0.9891491204260214,0.9177228019015131,0.7727224785761371,0.8293762958135644,0.23532730340957642,0.32152867317199707,0.2582399472643375,0.35959129861568884,0.42567567567567566,0.9888841495728152,0.8971481999183963,0.7856690837178641,0.8319160129822127
491,"no_changes,universal_edges,all_inverse_edges",1473,1473,3,0.027718803224464256,0,49,,0.3536323507626851,4.675457281991839,1,0.013281579129397869,1,0.010791618376970291,1,0.05908321216702461,,,,,,,,,,,,,,,,,,,,,,,,,,,
492,"all_inverse_edges,universal_edges,no_changes",1476,1476,3,0.02736925333738327,0,49,,0.3536323507626851,4.678821065928787,1,0.012355753220617771,1,0.009954690001904964,1,0.059797316789627075,,,,,,,,,,,,,,,,,,,,,,,,,,,
493,"no_changes,universal_edges,all_inverse_edges",1479,1479,3,0.025264956367512543,0,49,,0.3536323507626851,4.675851727137342,1,0.011572502553462982,1,0.008692161180078983,1,0.055530205368995667,,,,,,,,,,,,,,,,,,,,,,,,,,,
494,"all_inverse_edges,no_changes,universal_edges",1482,1482,3,0.1711695964137713,0,49,,0.3536323507626851,4.665463723940775,1,0.33662906289100647,1,0.008096210658550262,1,0.1687835156917572,,,,,,,,,,,,,,,,,,,,,,,,,,,
495,"no_changes,universal_edges,all_inverse_edges",1485,1485,3,0.026407336195309956,0,49,,0.3536323507626851,4.67178043210879,1,0.013163049705326557,1,0.011722560040652752,1,0.05433639883995056,,,,,,,,,,,,,,,,,,,,,,,,,,,
496,"all_inverse_edges,universal_edges,no_changes",1488,1488,3,0.1920884301265081,0,49,,0.3536323507626851,4.689546362031251,1,0.3098205029964447,1,0.11209924519062042,1,0.1543455421924591,,,,,,,,,,,,,,,,,,,,,,,,,,,
497,"no_changes,universal_edges,all_inverse_edges",1491,1491,3,0.025873542452851932,0,49,,0.3536323507626851,4.67127752606757,1,0.014697624370455742,1,0.011394217610359192,1,0.05152878537774086,,,,,,,,,,,,,,,,,,,,,,,,,,,
498,"no_changes,all_inverse_edges,universal_edges",1494,1494,3,0.026352675010760624,0,49,,0.3536323507626851,4.67588812392205,1,0.01306931022554636,1,0.00978935044258833,1,0.056199364364147186,,,,,,,,,,,,,,,,,,,,,,,,,,,
499,"no_changes,all_inverse_edges,universal_edges",1497,1497,3,0.08496900213261445,0,49,,0.3536323507626851,4.678333140909672,1,0.012411678209900856,1,0.09790928661823273,1,0.14458604156970978,,,,,,,,,,,,,,,,,,,,,,,,,,,
500,"all_inverse_edges,no_changes,universal_edges",1500,1500,3,0.02491668425500393,1,50,0.34730684757232666,0.3536323507626851,20.064421584829688,1,0.012274027802050114,1,0.008731448091566563,1,0.05374457687139511,0.23904962837696075,0.3440588116645813,0.2959789057350033,0.37277521423862886,0.42023731048121293,0.9885545516822418,0.9122088165784522,0.7588529993408042,0.8172954103103075,0.2556062340736389,0.3688098192214966,0.32827949901120634,0.38744232036914966,0.4352340145023072,0.9895174945390154,0.9354136319800586,0.7687112722478576,0.8315564152708377,0.24083589017391205,0.3290519118309021,0.27142386288727754,0.36156888595912984,0.4235332893869479,0.9893494642418602,0.9252142038860003,0.7721786420566908,0.831231906041709
501,"universal_edges,all_inverse_edges,no_changes",1503,1503,3,0.11823243740946054,0,50,,0.3536323507626851,4.6710499678738415,1,0.2976153492927551,1,0.00955843087285757,1,0.047523532062768936,,,,,,,,,,,,,,,,,,,,,,,,,,,
502,"no_changes,all_inverse_edges,universal_edges",1506,1506,3,0.03681506387268504,0,50,,0.3536323507626851,4.673618290107697,1,0.009978831745684147,1,0.007712800521403551,1,0.09275355935096741,,,,,,,,,,,,,,,,,,,,,,,,,,,
503,"all_inverse_edges,no_changes,universal_edges",1509,1509,3,0.07516453446199496,0,50,,0.3536323507626851,4.6726750649977475,1,0.009808369912207127,1,0.09518599510192871,1,0.12049923837184906,,,,,,,,,,,,,,,,,,,,,,,,,,,
504,"all_inverse_edges,universal_edges,no_changes",1512,1512,3,0.042929076589643955,0,50,,0.3536323507626851,4.673698861850426,1,0.010538697242736816,1,0.009521435014903545,1,0.1087270975112915,,,,,,,,,,,,,,,,,,,,,,,,,,,
505,"all_inverse_edges,universal_edges,no_changes",1515,1515,3,0.06089383425811926,0,50,,0.3536323507626851,4.674571317853406,1,0.009112471714615822,1,0.09494780004024506,1,0.07862123101949692,,,,,,,,,,,,,,,,,,,,,,,,,,,
506,"universal_edges,no_changes,all_inverse_edges",1518,1518,3,0.027018579964836437,0,50,,0.3536323507626851,4.66524472204037,1,0.00920295063406229,1,0.008649111725389957,1,0.06320367753505707,,,,,,,,,,,,,,,,,,,,,,,,,,,
507,"no_changes,universal_edges,all_inverse_edges",1521,1521,3,0.027559447723130386,0,50,,0.3536323507626851,4.6822054570075125,1,0.009415030479431152,1,0.006891983561217785,1,0.06637132912874222,,,,,,,,,,,,,,,,,,,,,,,,,,,
508,"all_inverse_edges,universal_edges,no_changes",1524,1524,3,0.02372925402596593,0,50,,0.3536323507626851,4.674048929009587,1,0.00897182896733284,1,0.006984808947890997,1,0.05523112416267395,,,,,,,,,,,,,,,,,,,,,,,,,,,
509,"universal_edges,no_changes,all_inverse_edges",1527,1527,3,0.0544666115505,0,50,,0.3536323507626851,4.673701767111197,1,0.007805467117577791,1,0.104371078312397,1,0.05122328922152519,,,,,,,,,,,,,,,,,,,,,,,,,,,
510,"all_inverse_edges,universal_edges,no_changes",1530,1530,3,0.05311002706487974,1,51,0.35569021105766296,0.35569021105766296,20.058564275037497,1,0.011105883866548538,1,0.09411127865314484,1,0.05411291867494583,0.24091634154319763,0.34385284781455994,0.29383651944627553,0.37326961107448914,0.42666446934739616,0.9879341321235152,0.8849243004919977,0.7669347396176664,0.8147863956128447,0.2616669833660126,0.3761877119541168,0.3350362557679631,0.39551746868820037,0.4421555702043507,0.98869673116445,0.8896844554766752,0.7883190507580751,0.8310914606690915,0.2528035044670105,0.34703007340431213,0.2936717205009888,0.3768951878707976,0.43210283454185894,0.9884705365336642,0.8790397836651302,0.794663810151615,0.8313289753131285
511,"no_changes,all_inverse_edges,universal_edges",1533,1533,3,0.12567487731575966,0,51,,0.35569021105766296,4.676292794058099,1,0.2921867370605469,1,0.026748422533273697,1,0.058089472353458405,,,,,,,,,,,,,,,,,,,,,,,,,,,
512,"no_changes,universal_edges,all_inverse_edges",1536,1536,3,0.023922724649310112,0,51,,0.35569021105766296,4.682152959983796,1,0.00943981297314167,1,0.011359550058841705,1,0.05096881091594696,,,,,,,,,,,,,,,,,,,,,,,,,,,
513,"no_changes,universal_edges,all_inverse_edges",1539,1539,3,0.05791158974170685,0,51,,0.35569021105766296,4.674025806132704,1,0.011798164807260036,1,0.00797597412019968,1,0.15396063029766083,,,,,,,,,,,,,,,,,,,,,,,,,,,
514,"universal_edges,all_inverse_edges,no_changes",1542,1542,3,0.055420455522835255,0,51,,0.35569021105766296,4.676924529019743,1,0.01238697487860918,1,0.008997509256005287,1,0.1448768824338913,,,,,,,,,,,,,,,,,,,,,,,,,,,
515,"all_inverse_edges,no_changes,universal_edges",1545,1545,3,0.1161609689394633,0,51,,0.35569021105766296,4.664242199156433,1,0.2874254286289215,1,0.00782771036028862,1,0.053229767829179764,,,,,,,,,,,,,,,,,,,,,,,,,,,
516,"universal_edges,no_changes,all_inverse_edges",1548,1548,3,0.0502046188339591,0,51,,0.35569021105766296,4.696421707049012,1,0.009899895638227463,1,0.007084758020937443,1,0.1336292028427124,,,,,,,,,,,,,,,,,,,,,,,,,,,
517,"universal_edges,all_inverse_edges,no_changes",1551,1551,3,0.021159261620293062,0,51,,0.35569021105766296,4.661316304001957,1,0.010022861883044243,1,0.006852871272712946,1,0.046602051705121994,,,,,,,,,,,,,,,,,,,,,,,,,,,
518,"no_changes,all_inverse_edges,universal_edges",1554,1554,3,0.051950798680384956,0,51,,0.35569021105766296,4.667382423067465,1,0.008908230811357498,1,0.00830581784248352,1,0.13863834738731384,,,,,,,,,,,,,,,,,,,,,,,,,,,
519,"universal_edges,all_inverse_edges,no_changes",1557,1557,3,0.11669212967778246,0,51,,0.35569021105766296,4.672169422032312,1,0.29740121960639954,1,0.006359793711453676,1,0.046315375715494156,,,,,,,,,,,,,,,,,,,,,,,,,,,
520,"universal_edges,all_inverse_edges,no_changes",1560,1560,3,0.021846375583360594,1,52,0.3563666343688965,0.3563666343688965,20.12106829904951,1,0.010735860094428062,1,0.007778603117913008,1,0.04702466353774071,0.24129411578178406,0.34990832209587097,0.30174686882003954,0.37920237310481214,0.4279828609096902,0.988767820905554,0.9203570026948535,0.7583157547791695,0.8192190003414492,0.2604258358478546,0.37741819024086,0.3360250494396836,0.39650626235992087,0.4434739617666447,0.9896273605025399,0.9368164064494852,0.7708668424522083,0.8336230183313278,0.24859578907489777,0.3417733907699585,0.2860909690177983,0.3724456163480554,0.4357284113381674,0.9895691961689093,0.9222986681271101,0.7816578773895847,0.8373570222699327
521,"no_changes,all_inverse_edges,universal_edges",1563,1563,3,0.05280075967311859,0,52,,0.3563666343688965,4.674045116873458,1,0.010925478301942348,1,0.007838868536055088,1,0.13963793218135834,,,,,,,,,,,,,,,,,,,,,,,,,,,
522,"no_changes,all_inverse_edges,universal_edges",1566,1566,3,0.1732908065120379,0,52,,0.3563666343688965,4.689881727099419,1,0.29810839891433716,1,0.09049350768327713,1,0.13127051293849945,,,,,,,,,,,,,,,,,,,,,,,,,,,
523,"all_inverse_edges,universal_edges,no_changes",1569,1569,3,0.0248544467613101,0,52,,0.3563666343688965,4.674014443997294,1,0.014672289602458477,1,0.009473176673054695,1,0.05041787400841713,,,,,,,,,,,,,,,,,,,,,,,,,,,
524,"all_inverse_edges,no_changes,universal_edges",1572,1572,3,0.02467263986666997,0,52,,0.3563666343688965,4.670591843081638,1,0.010857547633349895,1,0.010469541884958744,1,0.05269083008170128,,,,,,,,,,,,,,,,,,,,,,,,,,,
525,"all_inverse_edges,no_changes,universal_edges",1575,1575,3,0.026308611656228702,0,52,,0.3563666343688965,4.6742238940205425,1,0.012454822659492493,1,0.008290870115160942,1,0.05818014219403267,,,,,,,,,,,,,,,,,,,,,,,,,,,
526,"no_changes,universal_edges,all_inverse_edges",1578,1578,3,0.05041414778679609,0,52,,0.3563666343688965,4.667195911984891,1,0.008933030068874359,1,0.00907509122043848,1,0.13323432207107544,,,,,,,,,,,,,,,,,,,,,,,,,,,
527,"no_changes,universal_edges,all_inverse_edges",1581,1581,3,0.050032198429107666,0,52,,0.3563666343688965,4.676756330067292,1,0.010394874028861523,1,0.009750721044838428,1,0.12995100021362305,,,,,,,,,,,,,,,,,,,,,,,,,,,
528,"universal_edges,no_changes,all_inverse_edges",1584,1584,3,0.15027955174446106,0,52,,0.3563666343688965,4.669067586073652,1,0.31467491388320923,1,0.009819135069847107,1,0.12634460628032684,,,,,,,,,,,,,,,,,,,,,,,,,,,
529,"universal_edges,no_changes,all_inverse_edges",1587,1587,3,0.022021312577029068,0,52,,0.3563666343688965,4.664586364058778,1,0.009742083959281445,1,0.008035263046622276,1,0.04828659072518349,,,,,,,,,,,,,,,,,,,,,,,,,,,
530,"no_changes,universal_edges,all_inverse_edges",1590,1590,3,0.024187319912016392,1,53,0.3517441948254903,0.3563666343688965,20.083565664011985,1,0.008794562891125679,1,0.008065012283623219,1,0.05570238456130028,0.2438327968120575,0.3484286963939667,0.3015820698747528,0.3790375741595254,0.42518127883981544,0.9884963873486111,0.9306164409077393,0.741704021094265,0.808600077231397,0.26573097705841064,0.37389323115348816,0.3300922874093606,0.39634146341463417,0.44594594594594594,0.9891555831297582,0.953955906748533,0.7449472643375082,0.8170498891931495,0.2487887591123581,0.3329106569290161,0.27439024390243905,0.3666776532630191,0.4307844429795649,0.9891878966484419,0.941924197996153,0.7540079103493738,0.8216301154395407
531,"no_changes,universal_edges,all_inverse_edges",1593,1593,3,0.026188353387018044,0,53,,0.3563666343688965,4.6699864061083645,1,0.01030382513999939,1,0.007481223903596401,1,0.060780011117458344,,,,,,,,,,,,,,,,,,,,,,,,,,,
532,"universal_edges,no_changes,all_inverse_edges",1596,1596,3,0.02344688680022955,0,53,,0.3563666343688965,4.666893430054188,1,0.008984816260635853,1,0.0063676126301288605,1,0.054988231509923935,,,,,,,,,,,,,,,,,,,,,,,,,,,
533,"universal_edges,all_inverse_edges,no_changes",1599,1599,3,0.02137846453115344,0,53,,0.3563666343688965,4.665917742066085,1,0.007219360675662756,1,0.006360926665365696,1,0.05055510625243187,,,,,,,,,,,,,,,,,,,,,,,,,,,
534,"all_inverse_edges,universal_edges,no_changes",1602,1602,3,0.12124613703538974,0,53,,0.3563666343688965,4.671577378874645,1,0.29821470379829407,1,0.005996142514050007,1,0.05952756479382515,,,,,,,,,,,,,,,,,,,,,,,,,,,
535,"universal_edges,all_inverse_edges,no_changes",1605,1605,3,0.05088793455312649,0,53,,0.3563666343688965,4.6767554429825395,1,0.00901311170309782,1,0.09660763293504715,1,0.04704305902123451,,,,,,,,,,,,,,,,,,,,,,,,,,,
536,"all_inverse_edges,no_changes,universal_edges",1608,1608,3,0.06024315239240726,0,53,,0.3563666343688965,4.678257239982486,1,0.008620829321444035,1,0.09133695811033249,1,0.08077166974544525,,,,,,,,,,,,,,,,,,,,,,,,,,,
537,"all_inverse_edges,universal_edges,no_changes",1611,1611,3,0.032185993157327175,0,53,,0.3563666343688965,4.669322564033791,1,0.009856064803898335,1,0.010359145700931549,1,0.07634276896715164,,,,,,,,,,,,,,,,,,,,,,,,,,,
538,"no_changes,all_inverse_edges,universal_edges",1614,1614,3,0.041785172962894045,0,53,,0.3563666343688965,4.73373907408677,1,0.007930295541882515,1,0.006947470363229513,1,0.1104777529835701,,,,,,,,,,,,,,,,,,,,,,,,,,,
539,"universal_edges,no_changes,all_inverse_edges",1617,1617,3,0.033683426678180695,0,53,,0.3563666343688965,4.688275218941271,1,0.010209882631897926,1,0.00845201127231121,1,0.08238838613033295,,,,,,,,,,,,,,,,,,,,,,,,,,,
540,"universal_edges,all_inverse_edges,no_changes",1620,1620,3,0.06628950002292792,1,54,0.35962824026743573,0.35962824026743573,20.141960760112852,1,0.008153373375535011,1,0.09463876485824585,1,0.0960763618350029,0.24587592482566833,0.3542705774307251,0.30899802241265656,0.3795319709953856,0.43045484508899146,0.9885480889785051,0.9188452394197275,0.7527125906394199,0.8144110267427725,0.2643035352230072,0.37871798872947693,0.33783783783783783,0.39831905075807517,0.4461107448912327,0.989207284759652,0.9300503713182036,0.7637079762689518,0.8261520345569732,0.25097498297691345,0.3458961546421051,0.293506921555702,0.3760711931443639,0.4319380355965722,0.9887161192756602,0.9003859280565099,0.7762162162162162,0.8264237688411686
541,"no_changes,all_inverse_edges,universal_edges",1623,1623,3,0.14752372726798058,0,54,,0.35962824026743573,4.676260594977066,1,0.2997872829437256,1,0.020858604460954666,1,0.12192529439926147,,,,,,,,,,,,,,,,,,,,,,,,,,,
542,"no_changes,all_inverse_edges,universal_edges",1626,1626,3,0.061902220360934734,0,54,,0.35962824026743573,4.6671982780098915,1,0.009525006636977196,1,0.01251771580427885,1,0.16366393864154816,,,,,,,,,,,,,,,,,,,,,,,,,,,
543,"no_changes,universal_edges,all_inverse_edges",1629,1629,3,0.13044519567241272,0,54,,0.35962824026743573,4.660885214107111,1,0.2847985029220581,1,0.008018980734050274,1,0.09851810336112976,,,,,,,,,,,,,,,,,,,,,,,,,,,
544,"universal_edges,no_changes,all_inverse_edges",1632,1632,3,0.02806830033659935,0,54,,0.35962824026743573,4.675461156060919,1,0.007811397314071655,1,0.007460359483957291,1,0.0689331442117691,,,,,,,,,,,,,,,,,,,,,,,,,,,
545,"all_inverse_edges,no_changes,universal_edges",1635,1635,3,0.0346431330156823,0,54,,0.35962824026743573,4.6654295339249074,1,0.00898334477096796,1,0.006460798438638449,1,0.08848525583744049,,,,,,,,,,,,,,,,,,,,,,,,,,,
546,"no_changes,all_inverse_edges,universal_edges",1638,1638,3,0.060951435628036656,0,54,,0.35962824026743573,4.680545280920342,1,0.008411792106926441,1,0.09531202912330627,1,0.07913048565387726,,,,,,,,,,,,,,,,,,,,,,,,,,,
547,"no_changes,universal_edges,all_inverse_edges",1641,1641,3,0.05908936137954394,0,54,,0.35962824026743573,4.6686946749687195,1,0.008034070953726768,1,0.007051100954413414,1,0.16218291223049164,,,,,,,,,,,,,,,,,,,,,,,,,,,
548,"no_changes,universal_edges,all_inverse_edges",1644,1644,3,0.15230513860781988,0,54,,0.35962824026743573,4.666252381866798,1,0.2895719110965729,1,0.09013444930315018,1,0.07720905542373657,,,,,,,,,,,,,,,,,,,,,,,,,,,
549,"no_changes,all_inverse_edges,universal_edges",1647,1647,3,0.05511015094816685,0,54,,0.35962824026743573,4.6650925690773875,1,0.009049801155924797,1,0.08902817964553833,1,0.06725247204303741,,,,,,,,,,,,,,,,,,,,,,,,,,,
550,"no_changes,all_inverse_edges,universal_edges",1650,1650,3,0.023259040744354326,1,55,0.3578696350256602,0.35962824026743573,20.078927556052804,1,0.009943591430783272,1,0.006880261469632387,1,0.052953269332647324,0.2399502843618393,0.3508796989917755,0.30866842452208304,0.3739288068556361,0.4204021094264997,0.988037535383303,0.9238524096418077,0.732748846407383,0.7994180557897219,0.2573058307170868,0.3784233331680298,0.34014502307185235,0.39650626235992087,0.44199077125906394,0.9886191787196091,0.9452988031329549,0.7351450230718524,0.8065684933785597,0.24650411307811737,0.3443058729171753,0.2966381015161503,0.3691496374423204,0.4240276862228082,0.9883929840888234,0.9240403676072253,0.7435893210283454,0.8084766684153429
551,"universal_edges,all_inverse_edges,no_changes",1653,1653,3,0.021814748955269653,0,55,,0.35962824026743573,4.663384075043723,1,0.010427068918943405,1,0.007133581675589085,1,0.047883596271276474,,,,,,,,,,,,,,,,,,,,,,,,,,,
552,"all_inverse_edges,universal_edges,no_changes",1656,1656,3,0.032837407663464546,0,55,,0.35962824026743573,4.659870041999966,1,0.009708584286272526,1,0.00632478017359972,1,0.08247885853052139,,,,,,,,,,,,,,,,,,,,,,,,,,,
553,"all_inverse_edges,no_changes,universal_edges",1659,1659,3,0.06624254491180182,0,55,,0.35962824026743573,4.676579755963758,1,0.009254592470824718,1,0.007388675585389137,1,0.1820843666791916,,,,,,,,,,,,,,,,,,,,,,,,,,,
554,"universal_edges,no_changes,all_inverse_edges",1662,1662,3,0.054122909593085446,0,55,,0.35962824026743573,4.670214289100841,1,0.008490350097417831,1,0.007586914114654064,1,0.14629146456718445,,,,,,,,,,,,,,,,,,,,,,,,,,,
555,"all_inverse_edges,universal_edges,no_changes",1665,1665,3,0.0378959885177513,0,55,,0.35962824026743573,4.673888466088101,1,0.008718514814972878,1,0.006249265279620886,1,0.09872018545866013,,,,,,,,,,,,,,,,,,,,,,,,,,,
556,"all_inverse_edges,no_changes,universal_edges",1668,1668,3,0.061580595249931015,0,55,,0.35962824026743573,4.670457910047844,1,0.00901513360440731,1,0.00667862594127655,1,0.1690480262041092,,,,,,,,,,,,,,,,,,,,,,,,,,,
557,"all_inverse_edges,no_changes,universal_edges",1671,1671,3,0.053510673965017,0,55,,0.35962824026743573,4.673416225006804,1,0.008643247187137604,1,0.00834617204964161,1,0.1435426026582718,,,,,,,,,,,,,,,,,,,,,,,,,,,
558,"no_changes,universal_edges,all_inverse_edges",1674,1674,3,0.0701047422674795,0,55,,0.35962824026743573,4.690220837015659,1,0.008633709512650967,1,0.007227799389511347,1,0.19445271790027618,,,,,,,,,,,,,,,,,,,,,,,,,,,
559,"all_inverse_edges,universal_edges,no_changes",1677,1677,3,0.03299179207533598,0,55,,0.35962824026743573,4.6820432879030704,1,0.008783400058746338,1,0.006659829057753086,1,0.08353214710950851,,,,,,,,,,,,,,,,,,,,,,,,,,,
560,"no_changes,universal_edges,all_inverse_edges",1680,1680,3,0.02730727366482218,1,56,0.36524727940559387,0.36524727940559387,20.11101790005341,1,0.00799701176583767,1,0.006588510703295469,1,0.0673362985253334,0.245499387383461,0.35778290033340454,0.3122940013183916,0.3859591298615689,0.43061964403427816,0.9889358512027092,0.9394357463047427,0.7483882663150956,0.8163713899274434,0.2609065771102905,0.3840140998363495,0.3475609756097561,0.40095583388266315,0.4464403427818062,0.9891878966484419,0.9453509531003392,0.7515853658536585,0.8205171936057567,0.2543570399284363,0.3539448380470276,0.30669083717864204,0.37870797626895186,0.4337508239947264,0.9886773430532397,0.9087324550162137,0.7661832564271589,0.821782615929576
561,"universal_edges,all_inverse_edges,no_changes",1683,1683,3,0.15063146750132242,0,56,,0.36524727940559387,4.680169021943584,1,0.2900612950325012,1,0.10961425304412842,1,0.052218854427337646,,,,,,,,,,,,,,,,,,,,,,,,,,,
562,"all_inverse_edges,universal_edges,no_changes",1686,1686,3,0.12111725347737472,0,56,,0.36524727940559387,4.6717441119253635,1,0.2920924425125122,1,0.014469342306256294,1,0.05678997561335564,,,,,,,,,,,,,,,,,,,,,,,,,,,
563,"universal_edges,all_inverse_edges,no_changes",1689,1689,3,0.03026333637535572,0,56,,0.36524727940559387,4.664574628928676,1,0.01151372492313385,1,0.027159160003066063,1,0.05211712419986725,,,,,,,,,,,,,,,,,,,,,,,,,,,
564,"no_changes,universal_edges,all_inverse_edges",1692,1692,3,0.11678525091459353,0,56,,0.36524727940559387,4.667526514036581,1,0.2859313488006592,1,0.009385020472109318,1,0.055039383471012115,,,,,,,,,,,,,,,,,,,,,,,,,,,
565,"universal_edges,all_inverse_edges,no_changes",1695,1695,3,0.022511078044772148,0,56,,0.36524727940559387,4.665182487107813,1,0.01259460300207138,1,0.008810175582766533,1,0.04612845554947853,,,,,,,,,,,,,,,,,,,,,,,,,,,
566,"no_changes,all_inverse_edges,universal_edges",1698,1698,3,0.11618895828723907,0,56,,0.36524727940559387,4.682767424965277,1,0.28230810165405273,1,0.008999496698379517,1,0.05725927650928497,,,,,,,,,,,,,,,,,,,,,,,,,,,
567,"universal_edges,all_inverse_edges,no_changes",1701,1701,3,0.02658759740491708,0,56,,0.36524727940559387,4.672222590073943,1,0.017823688685894012,1,0.011790016666054726,1,0.050149086862802505,,,,,,,,,,,,,,,,,,,,,,,,,,,
568,"all_inverse_edges,no_changes,universal_edges",1704,1704,3,0.12375481333583593,0,56,,0.36524727940559387,4.665838534012437,1,0.28775686025619507,1,0.01193926203995943,1,0.0715683177113533,,,,,,,,,,,,,,,,,,,,,,,,,,,
569,"no_changes,all_inverse_edges,universal_edges",1707,1707,3,0.11733180470764637,0,56,,0.36524727940559387,4.661780444905162,1,0.2746327221393585,1,0.007916910573840141,1,0.06944578140974045,,,,,,,,,,,,,,,,,,,,,,,,,,,
570,"no_changes,all_inverse_edges,universal_edges",1710,1710,3,0.030252262949943542,1,57,0.35705025990804035,0.36524727940559387,20.07937736599706,1,0.013058165088295937,1,0.008658183738589287,1,0.0690404400229454,0.23936587572097778,0.34723350405693054,0.2964733025708636,0.37969676994067236,0.4279828609096902,0.9886127160158724,0.9283877354863515,0.7469314436387607,0.8123351415078754,0.25952547788619995,0.37702932953834534,0.33586025049439683,0.3978246539222149,0.4441331575477917,0.9890974187961276,0.9430382048869564,0.7505702043506921,0.819090503625777,0.2491428107023239,0.3468879461288452,0.29779169413315754,0.3726104152933421,0.4302900461437047,0.9889875528326031,0.9191001440422666,0.7663414634146342,0.8250113700546899
571,"universal_edges,all_inverse_edges,no_changes",1713,1713,3,0.05569610993067423,0,57,,0.36524727940559387,4.681264717830345,1,0.00806165486574173,1,0.09959045797586441,1,0.059436216950416565,,,,,,,,,,,,,,,,,,,,,,,,,,,
572,"universal_edges,all_inverse_edges,no_changes",1716,1716,3,0.1802836979428927,0,57,,0.36524727940559387,4.669426769018173,1,0.28878214955329895,1,0.09322396665811539,1,0.1588449776172638,,,,,,,,,,,,,,,,,,,,,,,,,,,
573,"universal_edges,all_inverse_edges,no_changes",1719,1719,3,0.14524973835796118,0,57,,0.36524727940559387,4.668307201936841,1,0.28160110116004944,1,0.010728192515671253,1,0.14341992139816284,,,,,,,,,,,,,,,,,,,,,,,,,,,
574,"all_inverse_edges,universal_edges,no_changes",1722,1722,3,0.11828402491907279,0,57,,0.36524727940559387,4.677746527828276,1,0.2821802794933319,1,0.008610064163804054,1,0.0640617311000824,,,,,,,,,,,,,,,,,,,,,,,,,,,
575,"no_changes,all_inverse_edges,universal_edges",1725,1725,3,0.052228390549619995,0,57,,0.36524727940559387,4.668295389041305,1,0.009090254083275795,1,0.091011181473732,1,0.05658373609185219,,,,,,,,,,,,,,,,,,,,,,,,,,,
576,"all_inverse_edges,universal_edges,no_changes",1728,1728,3,0.02479205559939146,0,57,,0.36524727940559387,4.672266509849578,1,0.009611142799258232,1,0.009814123623073101,1,0.05495090037584305,,,,,,,,,,,,,,,,,,,,,,,,,,,
577,"no_changes,all_inverse_edges,universal_edges",1731,1731,3,0.05628515283266703,0,57,,0.36524727940559387,4.669160069897771,1,0.00910869613289833,1,0.10543836653232574,1,0.05430839583277702,,,,,,,,,,,,,,,,,,,,,,,,,,,
578,"universal_edges,no_changes,all_inverse_edges",1734,1734,3,0.022047976031899452,0,57,,0.36524727940559387,4.672091705957428,1,0.012182692997157574,1,0.007456148974597454,1,0.04650508612394333,,,,,,,,,,,,,,,,,,,,,,,,,,,
579,"universal_edges,no_changes,all_inverse_edges",1737,1737,3,0.024906997258464496,0,57,,0.36524727940559387,4.670791720971465,1,0.010722682811319828,1,0.014854279346764088,1,0.04914402961730957,,,,,,,,,,,,,,,,,,,,,,,,,,,
580,"no_changes,universal_edges,all_inverse_edges",1740,1740,3,0.027531505562365055,1,58,0.36047125856081647,0.36524727940559387,20.00096496893093,1,0.012195653282105923,1,0.016348090022802353,1,0.05405077338218689,0.2433300018310547,0.3544270992279053,0.3088332234673698,0.38315754779169414,0.4309492419248517,0.9887225819793969,0.9359688253031081,0.744564930784443,0.8123244296387457,0.2611720860004425,0.3797825872898102,0.3389914304548451,0.3988134475939354,0.45088991430454844,0.989110344203601,0.9403921685913987,0.7528378378378379,0.8202764266135454,0.24880048632621765,0.3472040891647339,0.2966381015161503,0.37475280158206986,0.43539881344759396,0.9891168069073377,0.9260135733214554,0.7643078444297957,0.8254687845202465
581,"no_changes,all_inverse_edges,universal_edges",1743,1743,3,0.026894187244276207,0,58,,0.36524727940559387,4.683153558056802,1,0.008240428753197193,1,0.019445564597845078,1,0.052996568381786346,,,,,,,,,,,,,,,,,,,,,,,,,,,
582,"universal_edges,no_changes,all_inverse_edges",1746,1746,3,0.05188204006602367,0,58,,0.36524727940559387,4.713807730004191,1,0.01432569045573473,1,0.09518575668334961,1,0.046134673058986664,,,,,,,,,,,,,,,,,,,,,,,,,,,
583,"universal_edges,all_inverse_edges,no_changes",1749,1749,3,0.12255468219518661,0,58,,0.36524727940559387,4.671962516847998,1,0.30079302191734314,1,0.018511325120925903,1,0.0483596995472908,,,,,,,,,,,,,,,,,,,,,,,,,,,
584,"no_changes,all_inverse_edges,universal_edges",1752,1752,3,0.06971726939082146,0,58,,0.36524727940559387,4.670410766033456,1,0.03754276782274246,1,0.018887143582105637,1,0.15272189676761627,,,,,,,,,,,,,,,,,,,,,,,,,,,
585,"no_changes,universal_edges,all_inverse_edges",1755,1755,3,0.057633209973573685,0,58,,0.36524727940559387,4.670856688870117,1,0.014576882123947144,1,0.016783785074949265,1,0.14153896272182465,,,,,,,,,,,,,,,,,,,,,,,,,,,
586,"universal_edges,no_changes,all_inverse_edges",1758,1758,3,0.05303989723324776,0,58,,0.36524727940559387,4.6839610550086945,1,0.012201828882098198,1,0.014029545709490776,1,0.1328883171081543,,,,,,,,,,,,,,,,,,,,,,,,,,,
587,"all_inverse_edges,universal_edges,no_changes",1761,1761,3,0.02611402856806914,0,58,,0.36524727940559387,4.677965651964769,1,0.011525163426995277,1,0.016584016382694244,1,0.0502329058945179,,,,,,,,,,,,,,,,,,,,,,,,,,,
588,"all_inverse_edges,universal_edges,no_changes",1764,1764,3,0.05238250891367594,0,58,,0.36524727940559387,4.675985924899578,1,0.010986421257257462,1,0.01711389049887657,1,0.1290472149848938,,,,,,,,,,,,,,,,,,,,,,,,,,,
589,"no_changes,universal_edges,all_inverse_edges",1767,1767,3,0.022678712382912636,0,58,,0.36524727940559387,4.675402149092406,1,0.009215358644723892,1,0.013182012364268303,1,0.04563876613974571,,,,,,,,,,,,,,,,,,,,,,,,,,,
590,"no_changes,universal_edges,all_inverse_edges",1770,1770,3,0.019374721683561802,1,59,0.3579156994819641,0.36524727940559387,20.074699784861878,1,0.008335474878549576,1,0.008163421414792538,1,0.04162526875734329,0.24237112700939178,0.3507843017578125,0.3052076466710613,0.37673038892551086,0.42715886618325644,0.98869673116445,0.9338246326532078,0.7453592617007252,0.81244178473117,0.2631208002567291,0.37802016735076904,0.33948582729070537,0.3932102834541859,0.44528675016479896,0.9892266728708623,0.9446221116062833,0.753220171390903,0.82168013126336,0.24978293478488922,0.3449426293373108,0.29416611733684905,0.3676664469347396,0.4349044166117337,0.9892912999082296,0.9274666732275503,0.768434410019776,0.8290561800588253
591,"all_inverse_edges,no_changes,universal_edges",1773,1773,3,0.048456513012448944,0,59,,0.36524727940559387,4.6665603830479085,1,0.00803404115140438,1,0.007512006908655167,1,0.1298234909772873,,,,,,,,,,,,,,,,,,,,,,,,,,,
592,"universal_edges,all_inverse_edges,no_changes",1776,1776,3,0.01909733610227704,0,59,,0.36524727940559387,4.6741247731260955,1,0.008180903270840645,1,0.006932299118489027,1,0.04217880591750145,,,,,,,,,,,,,,,,,,,,,,,,,,,
593,"all_inverse_edges,no_changes,universal_edges",1779,1779,3,0.02202270257597168,0,59,,0.36524727940559387,4.679754883982241,1,0.007060450501739979,1,0.0068671307526528835,1,0.052140526473522186,,,,,,,,,,,,,,,,,,,,,,,,,,,
594,"universal_edges,no_changes,all_inverse_edges",1782,1782,3,0.018267768745621044,0,59,,0.36524727940559387,4.678096333052963,1,0.006762618198990822,1,0.006051994860172272,1,0.04198869317770004,,,,,,,,,,,,,,,,,,,,,,,,,,,
595,"no_changes,universal_edges,all_inverse_edges",1785,1785,3,0.13207932468503714,0,59,,0.36524727940559387,4.669629110954702,1,0.3018389642238617,1,0.007982772774994373,1,0.08641623705625534,,,,,,,,,,,,,,,,,,,,,,,,,,,
596,"universal_edges,all_inverse_edges,no_changes",1788,1788,3,0.03944301853577296,0,59,,0.36524727940559387,4.671705666929483,1,0.02041047066450119,1,0.012418791651725769,1,0.08549979329109192,,,,,,,,,,,,,,,,,,,,,,,,,,,
597,"no_changes,all_inverse_edges,universal_edges",1791,1791,3,0.1528732922549049,0,59,,0.36524727940559387,4.686118649085984,1,0.3036024868488312,1,0.009682952426373959,1,0.14533443748950958,,,,,,,,,,,,,,,,,,,,,,,,,,,
598,"universal_edges,no_changes,all_inverse_edges",1794,1794,3,0.06323707041641076,0,59,,0.36524727940559387,4.675571098923683,1,0.05809088796377182,1,0.02710532210767269,1,0.10451500117778778,,,,,,,,,,,,,,,,,,,,,,,,,,,
599,"universal_edges,all_inverse_edges,no_changes",1797,1797,3,0.2671959747870763,0,59,,0.36524727940559387,4.6757633939851075,1,0.3827368915081024,1,0.2726564407348633,1,0.14619459211826324,,,,,,,,,,,,,,,,,,,,,,,,,,,
600,"all_inverse_edges,no_changes,universal_edges",1800,1800,3,0.14441695685187975,1,60,0.34548595547676086,0.36524727940559387,20.058642593910918,1,0.05646362528204918,1,0.16046810150146484,1,0.21631914377212524,0.2385241836309433,0.34091663360595703,0.2972972972972973,0.3696440342781806,0.4126565589980224,0.9866545167836416,0.87556395150576,0.7309129861568886,0.785248809276099,0.2558267414569855,0.36665794253349304,0.3294330916282136,0.3852999340804219,0.42913645352669744,0.9872943244535785,0.8896333532863362,0.738668424522083,0.7952556956870662,0.23398500680923462,0.3288832902908325,0.28230059327620305,0.35464733025708634,0.40738299274884643,0.9858014398903926,0.8350850847135358,0.7584179301252472,0.7915583742689147
601,"no_changes,all_inverse_edges,universal_edges",1803,1803,3,0.18495223174492517,0,60,,0.36524727940559387,4.680094853974879,1,0.20478306710720062,1,0.043434642255306244,1,0.3066389858722687,,,,,,,,,,,,,,,,,,,,,,,,,,,
602,"no_changes,all_inverse_edges,universal_edges",1806,1806,3,0.1756546845038732,0,60,,0.36524727940559387,4.679401464993134,1,0.1801139861345291,1,0.1014750748872757,1,0.24537499248981476,,,,,,,,,,,,,,,,,,,,,,,,,,,
603,"all_inverse_edges,no_changes,universal_edges",1809,1809,3,0.2944527491927147,0,60,,0.36524727940559387,4.6723746890202165,1,0.11312592774629593,1,0.48954179883003235,1,0.2806905210018158,,,,,,,,,,,,,,,,,,,,,,,,,,,
604,"no_changes,all_inverse_edges,universal_edges",1812,1812,3,0.136625903348128,0,60,,0.36524727940559387,4.674784838920459,1,0.11896754801273346,1,0.09844871610403061,1,0.19246144592761993,,,,,,,,,,,,,,,,,,,,,,,,,,,
605,"universal_edges,all_inverse_edges,no_changes",1815,1815,3,0.19459005445241928,0,60,,0.36524727940559387,4.674024122999981,1,0.07232502847909927,1,0.28372108936309814,1,0.22772404551506042,,,,,,,,,,,,,,,,,,,,,,,,,,,
606,"all_inverse_edges,universal_edges,no_changes",1818,1818,3,0.38867894808451336,0,60,,0.36524727940559387,4.683125586016104,1,0.47622060775756836,1,0.4191952049732208,1,0.27062103152275085,,,,,,,,,,,,,,,,,,,,,,,,,,,
607,"all_inverse_edges,no_changes,universal_edges",1821,1821,3,0.22741607824961343,0,60,,0.36524727940559387,4.669272169936448,1,0.16053666174411774,1,0.3406086564064026,1,0.18110291659832,,,,,,,,,,,,,,,,,,,,,,,,,,,
608,"universal_edges,no_changes,all_inverse_edges",1824,1824,3,0.10460954656203587,0,60,,0.36524727940559387,4.674112536013126,1,0.09199018031358719,1,0.10090000927448273,1,0.12093845009803772,,,,,,,,,,,,,,,,,,,,,,,,,,,
609,"no_changes,universal_edges,all_inverse_edges",1827,1827,3,0.10061166187127431,0,60,,0.36524727940559387,4.680180267198011,1,0.07256784290075302,1,0.07021678239107132,1,0.1590503603219986,,,,,,,,,,,,,,,,,,,,,,,,,,,
610,"universal_edges,all_inverse_edges,no_changes",1830,1830,3,0.14751874034603438,1,61,0.2335757613182068,0.36524727940559387,20.094941311050206,1,0.04254237189888954,1,0.048460766673088074,1,0.3515530824661255,0.17541567981243134,0.21929407119750977,0.15392221489782465,0.247363216875412,0.3488793671720501,0.9806700531234247,0.7488081742377026,0.7761502966381015,0.7617215819423173,0.1940612941980362,0.24240423738956451,0.17501647989452868,0.27554383651944625,0.3750823994726434,0.9831000297284372,0.7798598573295311,0.7832036914963745,0.7815212678000822,0.1880391389131546,0.23902897536754608,0.1662821357943309,0.27785102175346077,0.37574159525379036,0.9802758281954839,0.7453999243794138,0.8208470665787739,0.7777611223857837
611,"universal_edges,all_inverse_edges,no_changes",1833,1833,3,0.06653409451246262,0,61,,0.36524727940559387,4.676729084923863,1,0.03976091742515564,1,0.0426444485783577,1,0.11719691753387451,,,,,,,,,,,,,,,,,,,,,,,,,,,
612,"all_inverse_edges,no_changes,universal_edges",1836,1836,3,0.05849802059431871,0,61,,0.36524727940559387,4.679833150003105,1,0.031172851100564003,1,0.03291664272546768,1,0.11140456795692444,,,,,,,,,,,,,,,,,,,,,,,,,,,
613,"no_changes,universal_edges,all_inverse_edges",1839,1839,3,0.12889818474650383,0,61,,0.36524727940559387,4.677331086015329,1,0.02500142529606819,1,0.2734064757823944,1,0.08828665316104889,,,,,,,,,,,,,,,,,,,,,,,,,,,
614,"universal_edges,no_changes,all_inverse_edges",1842,1842,3,0.06183541566133499,0,61,,0.36524727940559387,4.666283994913101,1,0.03921740502119064,1,0.06638789921998978,1,0.07990094274282455,,,,,,,,,,,,,,,,,,,,,,,,,,,
615,"universal_edges,no_changes,all_inverse_edges",1845,1845,3,0.1515811998397112,0,61,,0.36524727940559387,4.684157256036997,1,0.03034110926091671,1,0.1958298534154892,1,0.22857263684272766,,,,,,,,,,,,,,,,,,,,,,,,,,,
616,"all_inverse_edges,no_changes,universal_edges",1848,1848,3,0.24127162992954254,0,61,,0.36524727940559387,4.677349181845784,1,0.36988383531570435,1,0.1280839741230011,1,0.22584708034992218,,,,,,,,,,,,,,,,,,,,,,,,,,,
617,"universal_edges,no_changes,all_inverse_edges",1851,1851,3,0.14456024393439293,0,61,,0.36524727940559387,4.67829645704478,1,0.3190479278564453,1,0.04130860045552254,1,0.07332420349121094,,,,,,,,,,,,,,,,,,,,,,,,,,,
618,"no_changes,all_inverse_edges,universal_edges",1854,1854,3,0.2397113504509131,0,61,,0.36524727940559387,4.678003933047876,1,0.32293829321861267,1,0.057778406888246536,1,0.3384173512458801,,,,,,,,,,,,,,,,,,,,,,,,,,,
619,"all_inverse_edges,no_changes,universal_edges",1857,1857,3,0.13846943403283754,0,61,,0.36524727940559387,4.683855589944869,1,0.030222315341234207,1,0.12224411964416504,1,0.2629418671131134,,,,,,,,,,,,,,,,,,,,,,,,,,,
620,"all_inverse_edges,no_changes,universal_edges",1860,1860,3,0.1570962630212307,1,62,0.31735438108444214,0.36524727940559387,20.11054880404845,1,0.021356794983148575,1,0.161817267537117,1,0.2881147265434265,0.21962565183639526,0.30703210830688477,0.25,0.3375082399472643,0.40837178642056693,0.9824408339472902,0.7717344097241674,0.7705932762030323,0.7711625714722202,0.24699588119983673,0.34438151121139526,0.2900461437046803,0.37277521423862886,0.4329268292682927,0.9834037768040638,0.7836246104779976,0.7882036914963744,0.7858947581795158,0.22981809079647064,0.3006495237350464,0.23978246539222148,0.33223467369808835,0.40853658536585363,0.9773029844765856,0.7183956188981314,0.8062491760052736,0.7544285074959935
621,"all_inverse_edges,universal_edges,no_changes",1863,1863,3,0.1917020045220852,0,62,,0.36524727940559387,4.6740697890054435,1,0.031899306923151016,1,0.04339544475078583,1,0.4998112618923187,,,,,,,,,,,,,,,,,,,,,,,,,,,
622,"no_changes,universal_edges,all_inverse_edges",1866,1866,3,0.08296536840498447,0,62,,0.36524727940559387,4.68112824880518,1,0.028587887063622475,1,0.03292662277817726,1,0.1873815953731537,,,,,,,,,,,,,,,,,,,,,,,,,,,
623,"universal_edges,no_changes,all_inverse_edges",1869,1869,3,0.16792834674318632,0,62,,0.36524727940559387,4.677407203940675,1,0.32164469361305237,1,0.03869706019759178,1,0.1434432864189148,,,,,,,,,,,,,,,,,,,,,,,,,,,
624,"universal_edges,all_inverse_edges,no_changes",1872,1872,3,0.04811767706026634,0,62,,0.36524727940559387,4.6782242089975625,1,0.0187236201018095,1,0.014748492278158665,1,0.11088091880083084,,,,,,,,,,,,,,,,,,,,,,,,,,,
625,"all_inverse_edges,no_changes,universal_edges",1875,1875,3,0.09670346168180306,0,62,,0.36524727940559387,4.68131058383733,1,0.023516153916716576,1,0.018519803881645203,1,0.24807442724704742,,,,,,,,,,,,,,,,,,,,,,,,,,,
626,"no_changes,universal_edges,all_inverse_edges",1878,1878,3,0.15286358632147312,0,62,,0.36524727940559387,4.674516518134624,1,0.3146754503250122,1,0.016446037217974663,1,0.1274692714214325,,,,,,,,,,,,,,,,,,,,,,,,,,,
627,"all_inverse_edges,no_changes,universal_edges",1881,1881,3,0.040725357830524445,0,62,,0.36524727940559387,4.674647570122033,1,0.016869425773620605,1,0.016016706824302673,1,0.08928994089365005,,,,,,,,,,,,,,,,,,,,,,,,,,,
628,"universal_edges,all_inverse_edges,no_changes",1884,1884,3,0.07443164909879367,0,62,,0.36524727940559387,4.672952526947483,1,0.01964043453335762,1,0.12135088443756104,1,0.08230362832546234,,,,,,,,,,,,,,,,,,,,,,,,,,,
629,"all_inverse_edges,universal_edges,no_changes",1887,1887,3,0.0357464092473189,0,62,,0.36524727940559387,4.673754923045635,1,0.015729647129774094,1,0.012918293476104736,1,0.07859128713607788,,,,,,,,,,,,,,,,,,,,,,,,,,,
630,"all_inverse_edges,universal_edges,no_changes",1890,1890,3,0.03127615029613177,1,63,0.33461682001749676,0.36524727940559387,20.030982134165242,1,0.01252829097211361,1,0.011888368055224419,1,0.06941179186105728,0.23186451196670532,0.3258930444717407,0.26895187870797627,0.35992089650626236,0.4243572841133817,0.9879276694197785,0.9020770936178093,0.7478740936058009,0.8059314170462223,0.25587502121925354,0.35488325357437134,0.3022412656558998,0.38612392880685564,0.44396835860250494,0.9886579549420296,0.9134768362395108,0.7610052735662491,0.8193069887255844,0.2404625415802002,0.3230741620063782,0.2608767303889255,0.3551417270929466,0.4339156229400132,0.9890004782400765,0.9181237818809986,0.7676400791034937,0.8257018835455029
631,"no_changes,universal_edges,all_inverse_edges",1893,1893,3,0.02732302558918794,0,63,,0.36524727940559387,4.681422072928399,1,0.011956706643104553,1,0.010634234175086021,1,0.059378135949373245,,,,,,,,,,,,,,,,,,,,,,,,,,,
632,"universal_edges,all_inverse_edges,no_changes",1896,1896,3,0.025512905480961006,0,63,,0.36524727940559387,4.729203066090122,1,0.01193005871027708,1,0.010403750464320183,1,0.05420490726828575,,,,,,,,,,,,,,,,,,,,,,,,,,,
633,"all_inverse_edges,no_changes,universal_edges",1899,1899,3,0.02881950419396162,0,63,,0.36524727940559387,4.695423411903903,1,0.01052650436758995,1,0.009442572481930256,1,0.06648943573236465,,,,,,,,,,,,,,,,,,,,,,,,,,,
634,"no_changes,all_inverse_edges,universal_edges",1902,1902,3,0.027580753279229004,0,63,,0.36524727940559387,4.685162150068209,1,0.010106723755598068,1,0.008903075940907001,1,0.06373246014118195,,,,,,,,,,,,,,,,,,,,,,,,,,,
635,"no_changes,all_inverse_edges,universal_edges",1905,1905,3,0.06325378625964125,0,63,,0.36524727940559387,4.66673536086455,1,0.00975930318236351,1,0.007379807066172361,1,0.17262224853038788,,,,,,,,,,,,,,,,,,,,,,,,,,,
636,"all_inverse_edges,universal_edges,no_changes",1908,1908,3,0.06213767733424902,0,63,,0.36524727940559387,4.6717600140254945,1,0.01118925679475069,1,0.11101945489645004,1,0.06420432031154633,,,,,,,,,,,,,,,,,,,,,,,,,,,
637,"no_changes,all_inverse_edges,universal_edges",1911,1911,3,0.1264789424215754,0,63,,0.36524727940559387,4.6800261901225895,1,0.3070070445537567,1,0.012492193840444088,1,0.05993758887052536,,,,,,,,,,,,,,,,,,,,,,,,,,,
638,"no_changes,universal_edges,all_inverse_edges",1914,1914,3,0.024314591971536476,0,63,,0.36524727940559387,4.6840169539209455,1,0.01091453991830349,1,0.010031611658632755,1,0.05199762433767319,,,,,,,,,,,,,,,,,,,,,,,,,,,
639,"no_changes,universal_edges,all_inverse_edges",1917,1917,3,0.0246886620298028,0,63,,0.36524727940559387,4.682437486946583,1,0.010812375694513321,1,0.008506330661475658,1,0.05474727973341942,,,,,,,,,,,,,,,,,,,,,,,,,,,
640,"no_changes,universal_edges,all_inverse_edges",1920,1920,3,0.02274801644186179,1,64,0.3527207374572754,0.36524727940559387,20.051471163984388,1,0.009917473420500755,1,0.00787336751818657,1,0.05045320838689804,0.24150444567203522,0.34619608521461487,0.2964733025708636,0.3775543836519446,0.42913645352669744,0.9885093127560847,0.929194864672581,0.7431641397495056,0.8094507511420783,0.2614184319972992,0.37194907665252686,0.3274555042847726,0.3932102834541859,0.44726433750823996,0.989136195018548,0.939866188578116,0.7539815425181279,0.8210730037749974,0.25033038854599,0.34001705050468445,0.2834541858932103,0.3701384311140409,0.43655240606460116,0.9893042253157031,0.9332081802214791,0.7640804218852999,0.8273305510969498
641,"universal_edges,all_inverse_edges,no_changes",1923,1923,3,0.11555031050617497,0,64,,0.36524727940559387,4.681214910931885,1,0.2927960157394409,1,0.0068535576574504375,1,0.04700135812163353,,,,,,,,,,,,,,,,,,,,,,,,,,,
642,"universal_edges,all_inverse_edges,no_changes",1926,1926,3,0.02128238898391525,0,64,,0.36524727940559387,4.673938964027911,1,0.009882013313472271,1,0.006597398314625025,1,0.04736775532364845,,,,,,,,,,,,,,,,,,,,,,,,,,,
643,"all_inverse_edges,no_changes,universal_edges",1929,1929,3,0.0543735126654307,0,64,,0.36524727940559387,4.691746773896739,1,0.00876116007566452,1,0.09861652553081512,1,0.05574285238981247,,,,,,,,,,,,,,,,,,,,,,,,,,,
644,"no_changes,all_inverse_edges,universal_edges",1932,1932,3,0.022929795396824677,0,64,,0.36524727940559387,4.6788824000395834,1,0.008162889629602432,1,0.007953883148729801,1,0.0526726134121418,,,,,,,,,,,,,,,,,,,,,,,,,,,
645,"all_inverse_edges,universal_edges,no_changes",1935,1935,3,0.11645070509985089,0,64,,0.36524727940559387,4.670157968997955,1,0.2926517128944397,1,0.007499059196561575,1,0.04920134320855141,,,,,,,,,,,,,,,,,,,,,,,,,,,
646,"all_inverse_edges,universal_edges,no_changes",1938,1938,3,0.05351522099226713,0,64,,0.36524727940559387,4.677645137999207,1,0.009410978294909,1,0.0061264485120773315,1,0.14500823616981506,,,,,,,,,,,,,,,,,,,,,,,,,,,
647,"no_changes,universal_edges,all_inverse_edges",1941,1941,3,0.05057989448929826,0,64,,0.36524727940559387,4.677488416898996,1,0.009012632071971893,1,0.007444117683917284,1,0.13528293371200562,,,,,,,,,,,,,,,,,,,,,,,,,,,
648,"no_changes,universal_edges,all_inverse_edges",1944,1944,3,0.020030982792377472,0,64,,0.36524727940559387,4.665479762014002,1,0.00800379365682602,1,0.006881635636091232,1,0.045207519084215164,,,,,,,,,,,,,,,,,,,,,,,,,,,
649,"universal_edges,all_inverse_edges,no_changes",1947,1947,3,0.047482080602397524,0,64,,0.36524727940559387,4.669605894014239,1,0.008988684974610806,1,0.0072825257666409016,1,0.12617503106594086,,,,,,,,,,,,,,,,,,,,,,,,,,,
650,"universal_edges,no_changes,all_inverse_edges",1950,1950,3,0.020267714591075976,1,65,0.3587859670321147,0.36524727940559387,20.03937594080344,1,0.010869099758565426,1,0.006854321341961622,1,0.04307972267270088,0.24257037043571472,0.35339298844337463,0.30603164139749506,0.38249835201054716,0.4317732366512854,0.988502850052348,0.9233773795281215,0.7475214238628872,0.8114973535278731,0.2649678885936737,0.3799906373023987,0.33767303889255107,0.3991430454845089,0.45550428477257743,0.9892654490932826,0.9407794645631211,0.7571160184574819,0.823855930210269,0.2510144114494324,0.3429742753505707,0.2854317732366513,0.37326961107448914,0.4444627554383652,0.9893947031680174,0.9311539497183678,0.7684871456822677,0.8301639566100287
651,"no_changes,universal_edges,all_inverse_edges",1953,1953,3,0.021014579727003973,0,65,,0.36524727940559387,4.672482863999903,1,0.009265963919460773,1,0.007440241519361734,1,0.04633753374218941,,,,,,,,,,,,,,,,,,,,,,,,,,,
652,"all_inverse_edges,universal_edges,no_changes",1956,1956,3,0.020992683091511328,0,65,,0.36524727940559387,4.673563266871497,1,0.009212707169353962,1,0.0070098345167934895,1,0.046755507588386536,,,,,,,,,,,,,,,,,,,,,,,,,,,
653,"universal_edges,no_changes,all_inverse_edges",1959,1959,3,0.019767083072414,0,65,,0.36524727940559387,4.682418809970841,1,0.009448082186281681,1,0.00692840525880456,1,0.04292476177215576,,,,,,,,,,,,,,,,,,,,,,,,,,,
654,"no_changes,universal_edges,all_inverse_edges",1962,1962,3,0.11614281606550018,0,65,,0.36524727940559387,4.673969996860251,1,0.2920486629009247,1,0.00669793551787734,1,0.04968184977769852,,,,,,,,,,,,,,,,,,,,,,,,,,,
655,"universal_edges,all_inverse_edges,no_changes",1965,1965,3,0.021137607749551535,0,65,,0.36524727940559387,4.677202493883669,1,0.009485995396971703,1,0.00715314457193017,1,0.04677368327975273,,,,,,,,,,,,,,,,,,,,,,,,,,,
656,"all_inverse_edges,no_changes,universal_edges",1968,1968,3,0.054433399345725775,0,65,,0.36524727940559387,4.679035353008658,1,0.008852886967360973,1,0.006766134407371283,1,0.14768117666244507,,,,,,,,,,,,,,,,,,,,,,,,,,,
657,"all_inverse_edges,universal_edges,no_changes",1971,1971,3,0.1741891031463941,0,65,,0.36524727940559387,4.671338581014425,1,0.29142388701438904,1,0.09801102429628372,1,0.13313239812850952,,,,,,,,,,,,,,,,,,,,,,,,,,,
658,"no_changes,all_inverse_edges,universal_edges",1974,1974,3,0.02787309481451909,0,65,,0.36524727940559387,4.674376463051885,1,0.00996495597064495,1,0.010921192355453968,1,0.06273313611745834,,,,,,,,,,,,,,,,,,,,,,,,,,,
659,"all_inverse_edges,universal_edges,no_changes",1977,1977,3,0.11769991399099429,0,65,,0.36524727940559387,4.686658833175898,1,0.29117172956466675,1,0.012720388360321522,1,0.049207624047994614,,,,,,,,,,,,,,,,,,,,,,,,,,,
660,"universal_edges,all_inverse_edges,no_changes",1980,1980,3,0.05200550425797701,1,66,0.36090999841690063,0.36524727940559387,20.06003849999979,1,0.014446267858147621,1,0.012439404614269733,1,0.12913084030151367,0.2451007068157196,0.3544265627861023,0.3075148319050758,0.3820039551746869,0.43441001977587346,0.9886644176457663,0.9351762636422435,0.7434047462096243,0.8111595699856429,0.2695583999156952,0.3828968405723572,0.34113381674357285,0.39963744232036913,0.4569874752801582,0.9893106880194398,0.942119858133547,0.757462096242584,0.8244900406022446,0.2540037930011749,0.34540659189224243,0.2880685563612393,0.3745880026367831,0.4436387607119314,0.9892589863895459,0.9315439477791098,0.7640573500329597,0.8268451810930944
661,"universal_edges,all_inverse_edges,no_changes",1983,1983,3,0.029417378827929497,0,66,,0.36524727940559387,4.671554115135223,1,0.010508622974157333,1,0.017874257639050484,1,0.05986925587058067,,,,,,,,,,,,,,,,,,,,,,,,,,,
662,"no_changes,all_inverse_edges,universal_edges",1986,1986,3,0.04463549113521973,0,66,,0.36524727940559387,4.668492890894413,1,0.009216093458235264,1,0.015092622488737106,1,0.10959775745868683,,,,,,,,,,,,,,,,,,,,,,,,,,,
663,"all_inverse_edges,no_changes,universal_edges",1989,1989,3,0.03438918975492319,0,66,,0.36524727940559387,4.687070838874206,1,0.008399639278650284,1,0.009091192856431007,1,0.08567673712968826,,,,,,,,,,,,,,,,,,,,,,,,,,,
664,"all_inverse_edges,universal_edges,no_changes",1992,1992,3,0.027383371566732723,0,66,,0.36524727940559387,4.677453292068094,1,0.009331431239843369,1,0.010028751567006111,1,0.0627899318933487,,,,,,,,,,,,,,,,,,,,,,,,,,,
665,"all_inverse_edges,universal_edges,no_changes",1995,1995,3,0.052434686571359634,0,66,,0.36524727940559387,4.6754798060283065,1,0.008316992782056332,1,0.00953598041087389,1,0.13945108652114868,,,,,,,,,,,,,,,,,,,,,,,,,,,
666,"no_changes,universal_edges,all_inverse_edges",1998,1998,3,0.02950887940824032,0,66,,0.36524727940559387,4.670766879804432,1,0.009235240519046783,1,0.01564224250614643,1,0.06364915519952774,,,,,,,,,,,,,,,,,,,,,,,,,,,
667,"universal_edges,no_changes,all_inverse_edges",2001,2001,3,0.02244308777153492,0,66,,0.36524727940559387,4.680688102031127,1,0.008817281574010849,1,0.008489051833748817,1,0.05002292990684509,,,,,,,,,,,,,,,,,,,,,,,,,,,
668,"all_inverse_edges,no_changes,universal_edges",2004,2004,3,0.08909195630500714,0,66,,0.36524727940559387,4.682797896210104,1,0.008683144114911556,1,0.09440496563911438,1,0.16418775916099548,,,,,,,,,,,,,,,,,,,,,,,,,,,
669,"universal_edges,all_inverse_edges,no_changes",2007,2007,3,0.029459682914117973,0,66,,0.36524727940559387,4.679821555968374,1,0.008371640928089619,1,0.01005714014172554,1,0.06995026767253876,,,,,,,,,,,,,,,,,,,,,,,,,,,
670,"no_changes,universal_edges,all_inverse_edges",2010,2010,3,0.032567993427316345,1,67,0.3595628539721171,0.36524727940559387,20.036812809994444,1,0.0074402205646038055,1,0.007091237232089043,1,0.0831725224852562,0.24418644607067108,0.35737085342407227,0.31394199077125906,0.3813447593935399,0.42847725774555045,0.988476999237401,0.9483901492540423,0.7290969017798287,0.8019567988130929,0.26637452840805054,0.38246190547943115,0.34245220830586687,0.40095583388266315,0.4484179301252472,0.9889164630914989,0.9536602090846262,0.7383651944627554,0.8112994787018948,0.24302533268928528,0.3388558030128479,0.28477257745550427,0.3681608437705999,0.4339156229400132,0.9890909560923908,0.9389572567829114,0.7533124588002637,0.8202908408205902
671,"no_changes,all_inverse_edges,universal_edges",2013,2013,3,0.025484045036137104,0,67,,0.36524727940559387,4.685855536954477,1,0.00856994278728962,1,0.0064374590292572975,1,0.061444733291864395,,,,,,,,,,,,,,,,,,,,,,,,,,,
672,"universal_edges,no_changes,all_inverse_edges",2016,2016,3,0.11662398123492797,0,67,,0.36524727940559387,4.690709292888641,1,0.29337623715400696,1,0.007378126494586468,1,0.04911758005619049,,,,,,,,,,,,,,,,,,,,,,,,,,,
673,"all_inverse_edges,no_changes,universal_edges",2019,2019,3,0.09592870653917392,0,67,,0.36524727940559387,4.671932324999943,1,0.00911127869039774,1,0.09534040093421936,1,0.18333443999290466,,,,,,,,,,,,,,,,,,,,,,,,,,,
674,"universal_edges,no_changes,all_inverse_edges",2022,2022,3,0.03269753015289704,0,67,,0.36524727940559387,4.669140656944364,1,0.013535742647945881,1,0.015818588435649872,1,0.06873825937509537,,,,,,,,,,,,,,,,,,,,,,,,,,,
675,"no_changes,all_inverse_edges,universal_edges",2025,2025,3,0.120595782995224,0,67,,0.36524727940559387,4.674017834942788,1,0.012954357080161572,1,0.01301529724150896,1,0.33581769466400146,,,,,,,,,,,,,,,,,,,,,,,,,,,
676,"all_inverse_edges,universal_edges,no_changes",2028,2028,3,0.29602524638175964,0,67,,0.36524727940559387,4.667941665044054,1,0.2926638424396515,1,0.09983900189399719,1,0.49557289481163025,,,,,,,,,,,,,,,,,,,,,,,,,,,
677,"no_changes,universal_edges,all_inverse_edges",2031,2031,3,0.10625012187908094,0,67,,0.36524727940559387,4.683278240030631,1,0.014131112955510616,1,0.01967400312423706,1,0.2849452495574951,,,,,,,,,,,,,,,,,,,,,,,,,,,
678,"all_inverse_edges,universal_edges,no_changes",2034,2034,3,0.05845149171849092,0,67,,0.36524727940559387,4.671420590020716,1,0.020226452499628067,1,0.009262850508093834,1,0.14586517214775085,,,,,,,,,,,,,,,,,,,,,,,,,,,
679,"no_changes,all_inverse_edges,universal_edges",2037,2037,3,0.054753667364517845,0,67,,0.36524727940559387,4.664733736077324,1,0.020021049305796623,1,0.030466755852103233,1,0.11377319693565369,,,,,,,,,,,,,,,,,,,,,,,,,,,
680,"all_inverse_edges,universal_edges,no_changes",2040,2040,3,0.04508725988368193,1,68,0.35004563132921857,0.36524727940559387,20.02510028006509,1,0.017383087426424026,1,0.025966161862015724,1,0.09191253036260605,0.2403905987739563,0.3551810681819916,0.31262359920896504,0.37870797626895186,0.42765326301911666,0.9883606705701398,0.9416276143599407,0.7300065919578115,0.8012428368039,0.25992003083229065,0.38056090474128723,0.3442649967040211,0.39930784442979567,0.4377059986816084,0.9884252976075071,0.9481219939436818,0.7277785102175347,0.8007245166399349,0.2290010154247284,0.31439492106437683,0.264502307185234,0.34162821357943307,0.40293342122610415,0.9870035027854253,0.8768159129303571,0.7425576796308504,0.7945059752159684
681,"no_changes,universal_edges,all_inverse_edges",2043,2043,3,0.1426694846401612,0,68,,0.36524727940559387,4.680647245841101,1,0.011618049815297127,1,0.13530634343624115,1,0.2810840606689453,,,,,,,,,,,,,,,,,,,,,,,,,,,
682,"all_inverse_edges,no_changes,universal_edges",2046,2046,3,0.04065112303942442,0,68,,0.36524727940559387,4.681744178989902,1,0.016385186463594437,1,0.011850451119244099,1,0.09371773153543472,,,,,,,,,,,,,,,,,,,,,,,,,,,
683,"universal_edges,no_changes,all_inverse_edges",2049,2049,3,0.03556620143353939,0,68,,0.36524727940559387,4.666249133879319,1,0.015619826503098011,1,0.01038238126784563,1,0.08069639652967453,,,,,,,,,,,,,,,,,,,,,,,,,,,
684,"all_inverse_edges,no_changes,universal_edges",2052,2052,3,0.02883801671365897,0,68,,0.36524727940559387,4.671861184993759,1,0.012675940990447998,1,0.009601080790162086,1,0.06423702836036682,,,,,,,,,,,,,,,,,,,,,,,,,,,
685,"all_inverse_edges,no_changes,universal_edges",2055,2055,3,0.026906633439163368,0,68,,0.36524727940559387,4.665599432075396,1,0.009743486531078815,1,0.012174323201179504,1,0.05880209058523178,,,,,,,,,,,,,,,,,,,,,,,,,,,
686,"universal_edges,all_inverse_edges,no_changes",2058,2058,3,0.11899552494287491,0,68,,0.36524727940559387,4.673776156036183,1,0.2936112582683563,1,0.008809510618448257,1,0.054565805941820145,,,,,,,,,,,,,,,,,,,,,,,,,,,
687,"no_changes,universal_edges,all_inverse_edges",2061,2061,3,0.023633905375997227,0,68,,0.36524727940559387,4.679397898027673,1,0.01105500292032957,1,0.008738378994166851,1,0.051108334213495255,,,,,,,,,,,,,,,,,,,,,,,,,,,
688,"no_changes,all_inverse_edges,universal_edges",2064,2064,3,0.05181822367012501,0,68,,0.36524727940559387,4.6763150880578905,1,0.009269928559660912,1,0.09284130483865738,1,0.05334343761205673,,,,,,,,,,,,,,,,,,,,,,,,,,,
689,"all_inverse_edges,no_changes,universal_edges",2067,2067,3,0.17531197518110275,0,68,,0.36524727940559387,4.687020709970966,1,0.28801143169403076,1,0.09130430966615677,1,0.14662018418312073,,,,,,,,,,,,,,,,,,,,,,,,,,,
690,"no_changes,universal_edges,all_inverse_edges",2070,2070,3,0.021252676534156006,1,69,0.359231173992157,0.36524727940559387,20.042564211180434,1,0.00982651486992836,1,0.007496668957173824,1,0.04643484577536583,0.24323542416095734,0.3511863946914673,0.30570204350692154,0.37771918259723136,0.42666446934739616,0.9883089689402459,0.9240782831964205,0.7409624258404746,0.8063296626519416,0.2627117335796356,0.37790030241012573,0.3370138431114041,0.3958470665787739,0.4467699406723797,0.9891749712409684,0.938979945136191,0.7557778510217534,0.8222982257086049,0.2542756199836731,0.34860682487487793,0.2974620962425841,0.3734344100197759,0.4367172050098879,0.9890457171662337,0.9177266115214762,0.7694396835860251,0.8269333633077627
691,"universal_edges,all_inverse_edges,no_changes",2073,2073,3,0.046979921559492745,0,69,,0.36524727940559387,4.688712428091094,1,0.008418869227170944,1,0.08963533490896225,1,0.04288556054234505,,,,,,,,,,,,,,,,,,,,,,,,,,,
692,"all_inverse_edges,no_changes,universal_edges",2076,2076,3,0.020858046288291614,0,69,,0.36524727940559387,4.670784913934767,1,0.007964493706822395,1,0.006517685949802399,1,0.048091959208250046,,,,,,,,,,,,,,,,,,,,,,,,,,,
693,"no_changes,all_inverse_edges,universal_edges",2079,2079,3,0.020604506134986877,0,69,,0.36524727940559387,4.687472278019413,1,0.0080482242628932,1,0.0064314985647797585,1,0.047333795577287674,,,,,,,,,,,,,,,,,,,,,,,,,,,
694,"no_changes,universal_edges,all_inverse_edges",2082,2082,3,0.11263421860833962,0,69,,0.36524727940559387,4.6778222769498825,1,0.28671014308929443,1,0.00598219595849514,1,0.04521031677722931,,,,,,,,,,,,,,,,,,,,,,,,,,,
695,"no_changes,all_inverse_edges,universal_edges",2085,2085,3,0.13788682967424393,0,69,,0.36524727940559387,4.680648562964052,1,0.2791604995727539,1,0.08937922865152359,1,0.045120760798454285,,,,,,,,,,,,,,,,,,,,,,,,,,,
696,"universal_edges,no_changes,all_inverse_edges",2088,2088,3,0.017952452568958204,0,69,,0.36524727940559387,4.683028644183651,1,0.007523845415562391,1,0.006133129820227623,1,0.040200382471084595,,,,,,,,,,,,,,,,,,,,,,,,,,,
697,"universal_edges,all_inverse_edges,no_changes",2091,2091,3,0.04570742758611838,0,69,,0.36524727940559387,4.6766316019929945,1,0.00774623267352581,1,0.08709472417831421,1,0.04228132590651512,,,,,,,,,,,,,,,,,,,,,,,,,,,
698,"all_inverse_edges,universal_edges,no_changes",2094,2094,3,0.049738803412765265,0,69,,0.36524727940559387,4.674107262166217,1,0.008029927499592304,1,0.005942783784121275,1,0.13524369895458221,,,,,,,,,,,,,,,,,,,,,,,,,,,
699,"all_inverse_edges,no_changes,universal_edges",2097,2097,3,0.11187065144379933,0,69,,0.36524727940559387,4.679621564922854,1,0.2846779227256775,1,0.005465097725391388,1,0.04546893388032913,,,,,,,,,,,,,,,,,,,,,,,,,,,
700,"no_changes,all_inverse_edges,universal_edges",2100,2100,3,0.045482820055137076,1,70,0.36191024382909137,0.36524727940559387,20.078363695880398,1,0.007256897632032633,1,0.08785025030374527,1,0.04134131222963333,0.24434959888458252,0.35308194160461426,0.3068556361239288,0.37870797626895186,0.43342122610415296,0.9884382230149805,0.9289464756319206,0.7411898483849704,0.8077525704849713,0.2677944302558899,0.3828180432319641,0.34146341463414637,0.40062623599208963,0.4523731048121292,0.9891297323148113,0.9407196903679884,0.7531707317073171,0.8206334945849704,0.2529529333114624,0.3498307466506958,0.2969676994067238,0.3759063941990771,0.4434739617666447,0.9890069409438133,0.9197654151999095,0.7663513513513514,0.8252151964878873
701,"all_inverse_edges,universal_edges,no_changes",2103,2103,3,0.017513283528387547,0,70,,0.36524727940559387,4.6929521600250155,1,0.007121407892554998,1,0.0061492896638810635,1,0.03926915302872658,,,,,,,,,,,,,,,,,,,,,,,,,,,
702,"universal_edges,no_changes,all_inverse_edges",2106,2106,3,0.01731407254313429,0,70,,0.36524727940559387,4.681300149997696,1,0.007427883334457874,1,0.00658079469576478,1,0.03793353959918022,,,,,,,,,,,,,,,,,,,,,,,,,,,
703,"universal_edges,no_changes,all_inverse_edges",2109,2109,3,0.01754490425810218,0,70,,0.36524727940559387,4.675432709045708,1,0.007655463181436062,1,0.00625247647985816,1,0.038726773113012314,,,,,,,,,,,,,,,,,,,,,,,,,,,
704,"universal_edges,no_changes,all_inverse_edges",2112,2112,3,0.01707505031178395,0,70,,0.36524727940559387,4.680033087031916,1,0.007706250995397568,1,0.005356169305741787,1,0.038162730634212494,,,,,,,,,,,,,,,,,,,,,,,,,,,
705,"all_inverse_edges,no_changes,universal_edges",2115,2115,3,0.04707402875646949,0,70,,0.36524727940559387,4.676269514951855,1,0.006632648874074221,1,0.08870133757591248,1,0.04588809981942177,,,,,,,,,,,,,,,,,,,,,,,,,,,
706,"universal_edges,no_changes,all_inverse_edges",2118,2118,3,0.04759390916054448,0,70,,0.36524727940559387,4.6931674890220165,1,0.007678461726754904,1,0.0063196225091814995,1,0.12878364324569702,,,,,,,,,,,,,,,,,,,,,,,,,,,
707,"universal_edges,no_changes,all_inverse_edges",2121,2121,3,0.020340669124076765,0,70,,0.36524727940559387,4.685507214162499,1,0.007058288436383009,1,0.005782047286629677,1,0.048181671649217606,,,,,,,,,,,,,,,,,,,,,,,,,,,
708,"all_inverse_edges,universal_edges,no_changes",2124,2124,3,0.04536074927697579,0,70,,0.36524727940559387,4.669786070007831,1,0.007323809899389744,1,0.004656434059143066,1,0.12410200387239456,,,,,,,,,,,,,,,,,,,,,,,,,,,
709,"all_inverse_edges,no_changes,universal_edges",2127,2127,3,0.018901473376899958,0,70,,0.36524727940559387,4.674573626136407,1,0.007024042773991823,1,0.005243911407887936,1,0.044436465948820114,,,,,,,,,,,,,,,,,,,,,,,,,,,
710,"universal_edges,all_inverse_edges,no_changes",2130,2130,3,0.13753881119191647,1,71,0.36315762003262836,0.36524727940559387,20.130519446916878,1,0.2877572476863861,1,0.006285214796662331,1,0.11857397109270096,0.2465444952249527,0.3560822308063507,0.3093276203032301,0.3839815425181279,0.43506921555702044,0.9887872090167642,0.9376923679899029,0.7452439024390244,0.8133220748941168,0.2668558359146118,0.3830083906650543,0.3409690177982861,0.4021094264996704,0.4559986816084377,0.9892848372044929,0.9467630738933187,0.7534113381674357,0.8223850263310147,0.25489524006843567,0.3503822386264801,0.2956493078444298,0.37722478576137114,0.4447923533289387,0.9893171507231765,0.9281921288864576,0.7686090969017798,0.829400679642478
711,"no_changes,universal_edges,all_inverse_edges",2133,2133,3,0.14051729689041773,0,71,,0.36524727940559387,4.676159494090825,1,0.2829984128475189,1,0.08936267346143723,1,0.04919080436229706,,,,,,,,,,,,,,,,,,,,,,,,,,,
712,"no_changes,universal_edges,all_inverse_edges",2136,2136,3,0.11321394906068842,0,71,,0.36524727940559387,4.67540737404488,1,0.2879011332988739,1,0.005931556690484285,1,0.04580915719270706,,,,,,,,,,,,,,,,,,,,,,,,,,,
713,"universal_edges,no_changes,all_inverse_edges",2139,2139,3,0.01938657012457649,0,71,,0.36524727940559387,4.68164718686603,1,0.007358599919825792,1,0.006602310575544834,1,0.04419879987835884,,,,,,,,,,,,,,,,,,,,,,,,,,,
714,"no_changes,all_inverse_edges,universal_edges",2142,2142,3,0.023462108802050352,0,71,,0.36524727940559387,4.684933281969279,1,0.006448828149586916,1,0.005382822826504707,1,0.05855467543005943,,,,,,,,,,,,,,,,,,,,,,,,,,,
715,"universal_edges,all_inverse_edges,no_changes",2145,2145,3,0.01897247244293491,0,71,,0.36524727940559387,4.672593686031178,1,0.00792678538709879,1,0.005768007133156061,1,0.04322262480854988,,,,,,,,,,,,,,,,,,,,,,,,,,,
716,"no_changes,all_inverse_edges,universal_edges",2148,2148,3,0.06030890345573425,0,71,,0.36524727940559387,4.6745013820473105,1,0.0069161467254161835,1,0.005587432533502579,1,0.168423131108284,,,,,,,,,,,,,,,,,,,,,,,,,,,
717,"universal_edges,no_changes,all_inverse_edges",2151,2151,3,0.08006915698448817,0,71,,0.36524727940559387,4.683316400973126,1,0.008419729769229889,1,0.0874658077955246,1,0.14432193338871002,,,,,,,,,,,,,,,,,,,,,,,,,,,
718,"no_changes,all_inverse_edges,universal_edges",2154,2154,3,0.05632115279634794,0,71,,0.36524727940559387,4.675106781069189,1,0.008402994833886623,1,0.006624017842113972,1,0.1539364457130432,,,,,,,,,,,,,,,,,,,,,,,,,,,
719,"no_changes,universal_edges,all_inverse_edges",2157,2157,3,0.0315007030343016,0,71,,0.36524727940559387,4.6745747099630535,1,0.007677091751247644,1,0.006940860766917467,1,0.07988415658473969,,,,,,,,,,,,,,,,,,,,,,,,,,,
720,"no_changes,universal_edges,all_inverse_edges",2160,2160,3,0.02715600887313485,1,72,0.3388715485731761,0.36524727940559387,20.101009181933478,1,0.00939435325562954,1,0.006659937556833029,1,0.06541373580694199,0.24365660548210144,0.3593807518482208,0.31591957811470006,0.38365194462755436,0.4317732366512854,0.9885416262747683,0.9484612178019582,0.7309063941990771,0.8035756659575437,0.26647573709487915,0.38573044538497925,0.34805537244561635,0.4014502307185234,0.4523731048121292,0.9889487766101827,0.9572519605929746,0.737089650626236,0.8110022013633646,0.208622545003891,0.2715034484863281,0.15754779169413316,0.3602504943968359,0.43539881344759396,0.9889487766101827,0.9355368985932258,0.7516249176005274,0.8180237651737956
721,"universal_edges,no_changes,all_inverse_edges",2163,2163,3,0.05001636873930693,0,72,,0.36524727940559387,4.672440123045817,1,0.00825646985322237,1,0.09329863637685776,1,0.04849399998784065,,,,,,,,,,,,,,,,,,,,,,,,,,,
722,"no_changes,all_inverse_edges,universal_edges",2166,2166,3,0.03519274480640888,0,72,,0.36524727940559387,4.6835992080159485,1,0.007584499195218086,1,0.008999500423669815,1,0.08899423480033875,,,,,,,,,,,,,,,,,,,,,,,,,,,
723,"all_inverse_edges,no_changes,universal_edges",2169,2169,3,0.12240839625398318,0,72,,0.36524727940559387,4.683183248154819,1,0.2873162031173706,1,0.012432385236024857,1,0.06747660040855408,,,,,,,,,,,,,,,,,,,,,,,,,,,
724,"no_changes,all_inverse_edges,universal_edges",2172,2172,3,0.1225795295710365,0,72,,0.36524727940559387,4.673516139853746,1,0.28253859281539917,1,0.009187965653836727,1,0.0760120302438736,,,,,,,,,,,,,,,,,,,,,,,,,,,
725,"all_inverse_edges,no_changes,universal_edges",2175,2175,3,0.026859053410589695,0,72,,0.36524727940559387,4.707657878054306,1,0.009511354379355907,1,0.007005929946899414,1,0.06405987590551376,,,,,,,,,,,,,,,,,,,,,,,,,,,
726,"all_inverse_edges,no_changes,universal_edges",2178,2178,3,0.026272842194885015,0,72,,0.36524727940559387,4.685066235018894,1,0.0073719932697713375,1,0.008086572401225567,1,0.06335996091365814,,,,,,,,,,,,,,,,,,,,,,,,,,,
727,"all_inverse_edges,no_changes,universal_edges",2181,2181,3,0.02171232442681988,0,72,,0.36524727940559387,4.673463707091287,1,0.007528926245868206,1,0.007127558346837759,1,0.05048048868775368,,,,,,,,,,,,,,,,,,,,,,,,,,,
728,"no_changes,all_inverse_edges,universal_edges",2184,2184,3,0.05106405960395932,0,72,,0.36524727940559387,4.680765033932403,1,0.006979902740567923,1,0.09517565369606018,1,0.05103662237524986,,,,,,,,,,,,,,,,,,,,,,,,,,,
729,"no_changes,universal_edges,all_inverse_edges",2187,2187,3,0.023089131185164053,0,72,,0.36524727940559387,4.672696630936116,1,0.006878481712192297,1,0.02034856006503105,1,0.042040351778268814,,,,,,,,,,,,,,,,,,,,,,,,,,,
730,"no_changes,all_inverse_edges,universal_edges",2190,2190,3,0.0215626770320038,1,73,0.37215722600619,0.37215722600619,20.21081300196238,1,0.007403334137052298,1,0.011208425275981426,1,0.046076271682977676,0.24547694623470306,0.36554285883903503,0.32630191166776534,0.3848055372445616,0.4322676334871457,0.988767820905554,0.9516637354700901,0.7353823335530653,0.8082365425720953,0.2673984467983246,0.3891112804412842,0.35234014502307187,0.40392221489782465,0.45418589321028346,0.9891297323148113,0.9574755760763825,0.742027027027027,0.815364049268787,0.25543898344039917,0.36181753873825073,0.3147659854976928,0.38464073829927486,0.44297956493078444,0.989233135574599,0.9465093527036341,0.7520929466051417,0.8212309834427642
731,"all_inverse_edges,no_changes,universal_edges",2193,2193,3,0.1443254705518484,0,73,,0.37215722600619,4.6792966730427,1,0.286461740732193,1,0.005680115893483162,1,0.14083455502986908,,,,,,,,,,,,,,,,,,,,,,,,,,,
732,"no_changes,all_inverse_edges,universal_edges",2196,2196,3,0.11277920100837946,0,73,,0.37215722600619,4.7345512909814715,1,0.2788379192352295,1,0.01260982733219862,1,0.046889856457710266,,,,,,,,,,,,,,,,,,,,,,,,,,,
733,"universal_edges,all_inverse_edges,no_changes",2199,2199,3,0.05170757261415323,0,73,,0.37215722600619,4.721089367987588,1,0.010513674467802048,1,0.018901610746979713,1,0.12570743262767792,,,,,,,,,,,,,,,,,,,,,,,,,,,
734,"universal_edges,all_inverse_edges,no_changes",2202,2202,3,0.022755693023403484,0,73,,0.37215722600619,4.681308517931029,1,0.008485602214932442,1,0.02017325907945633,1,0.039608217775821686,,,,,,,,,,,,,,,,,,,,,,,,,,,
735,"all_inverse_edges,universal_edges,no_changes",2205,2205,3,0.04963821669419607,0,73,,0.37215722600619,4.678891917923465,1,0.010515883564949036,1,0.0906824991106987,1,0.04771626740694046,,,,,,,,,,,,,,,,,,,,,,,,,,,
736,"all_inverse_edges,no_changes,universal_edges",2208,2208,3,0.047885054256767035,0,73,,0.37215722600619,4.676034789998084,1,0.007550903130322695,1,0.08696167916059494,1,0.04914258047938347,,,,,,,,,,,,,,,,,,,,,,,,,,,
737,"all_inverse_edges,no_changes,universal_edges",2211,2211,3,0.02229515990863244,0,73,,0.37215722600619,4.6790972631424665,1,0.011876977980136871,1,0.009276513941586018,1,0.04573198780417442,,,,,,,,,,,,,,,,,,,,,,,,,,,
738,"no_changes,all_inverse_edges,universal_edges",2214,2214,3,0.019089046865701675,0,73,,0.37215722600619,4.6804810469038785,1,0.009431564249098301,1,0.00612251739948988,1,0.041713058948516846,,,,,,,,,,,,,,,,,,,,,,,,,,,
739,"universal_edges,all_inverse_edges,no_changes",2217,2217,3,0.01662001960600416,0,73,,0.37215722600619,4.679869166109711,1,0.00735813844949007,1,0.0056879459880292416,1,0.036813974380493164,,,,,,,,,,,,,,,,,,,,,,,,,,,
740,"no_changes,universal_edges,all_inverse_edges",2220,2220,3,0.11380285893877347,1,74,0.36738388737042743,0.37215722600619,20.11102560488507,1,0.28442084789276123,1,0.005956176668405533,1,0.051031552255153656,0.2479753941297531,0.36190178990364075,0.31855636123928804,0.3849703361898484,0.4358932102834542,0.9884446857187172,0.9192577355678545,0.7491067897165458,0.8116651975932097,0.2668958008289337,0.3852221667766571,0.34459459459459457,0.40128543177323667,0.4592946605141727,0.9889229257952357,0.9334601635468619,0.7524192485168095,0.8181232947957964,0.25471267104148865,0.3550277054309845,0.30471324983520104,0.37920237310481214,0.4421555702043507,0.9889681647213928,0.9184369548230604,0.766331575477917,0.8248077845335514
741,"no_changes,universal_edges,all_inverse_edges",2223,2223,3,0.021749591920524836,0,74,,0.37215722600619,4.6792428800836205,1,0.008056776598095894,1,0.0058795674704015255,1,0.05131243169307709,,,,,,,,,,,,,,,,,,,,,,,,,,,
742,"all_inverse_edges,no_changes,universal_edges",2226,2226,3,0.025747325892249744,0,74,,0.37215722600619,4.66257364093326,1,0.006747744046151638,1,0.006359047256410122,1,0.06413518637418747,,,,,,,,,,,,,,,,,,,,,,,,,,,
743,"no_changes,universal_edges,all_inverse_edges",2229,2229,3,0.020626739598810673,0,74,,0.37215722600619,4.679776741191745,1,0.005623484496027231,1,0.005699400324374437,1,0.05055733397603035,,,,,,,,,,,,,,,,,,,,,,,,,,,
744,"universal_edges,no_changes,all_inverse_edges",2232,2232,3,0.11510152323171496,0,74,,0.37215722600619,4.6771829759236425,1,0.2869608998298645,1,0.005919510964304209,1,0.05242415890097618,,,,,,,,,,,,,,,,,,,,,,,,,,,
745,"universal_edges,no_changes,all_inverse_edges",2235,2235,3,0.019609583386530478,0,74,,0.37215722600619,4.682256564963609,1,0.007207941729575396,1,0.005294107832014561,1,0.04632670059800148,,,,,,,,,,,,,,,,,,,,,,,,,,,
746,"universal_edges,all_inverse_edges,no_changes",2238,2238,3,0.02031961673249801,0,74,,0.37215722600619,4.679716817103326,1,0.007650730665773153,1,0.0051493882201612,1,0.04815873131155968,,,,,,,,,,,,,,,,,,,,,,,,,,,
747,"no_changes,universal_edges,all_inverse_edges",2241,2241,3,0.04931667369479934,0,74,,0.37215722600619,4.678781142923981,1,0.007407286670058966,1,0.005118895322084427,1,0.13542383909225464,,,,,,,,,,,,,,,,,,,,,,,,,,,
748,"no_changes,universal_edges,all_inverse_edges",2244,2244,3,0.07460309658199549,0,74,,0.37215722600619,4.674115092959255,1,0.0075401244685053825,1,0.08742132782936096,1,0.12884783744812012,,,,,,,,,,,,,,,,,,,,,,,,,,,
749,"universal_edges,no_changes,all_inverse_edges",2247,2247,3,0.0239266324788332,0,74,,0.37215722600619,4.673383323010057,1,0.007133440114557743,1,0.006710180081427097,1,0.057936277240514755,,,,,,,,,,,,,,,,,,,,,,,,,,,
750,"universal_edges,no_changes,all_inverse_edges",2250,2250,3,0.1410755574082335,1,75,0.36275989810625714,0.37215722600619,20.145779544021934,1,0.2966238558292389,1,0.006785738281905651,1,0.11981707811355591,0.24155128002166748,0.3524981141090393,0.3061964403427818,0.3785431773236651,0.4337508239947264,0.9887548954980806,0.9450294894871087,0.7392518127883981,0.8100490636506734,0.2641490399837494,0.3839731812477112,0.34410019775873435,0.3991430454845089,0.45583388266315095,0.989110344203601,0.9468469120874894,0.7483157547791695,0.818170732155095,0.25159046053886414,0.3518083989620209,0.29976928147659854,0.3775543836519446,0.4401779828609097,0.9893688523530705,0.9406704553468742,0.7602373104812129,0.8263378646838556
751,"universal_edges,no_changes,all_inverse_edges",2253,2253,3,0.01848717484002312,0,75,,0.37215722600619,4.682364365085959,1,0.00744271045550704,1,0.005861987359821796,1,0.042156826704740524,,,,,,,,,,,,,,,,,,,,,,,,,,,
752,"no_changes,all_inverse_edges,universal_edges",2256,2256,3,0.04823909467086196,0,75,,0.37215722600619,4.680538460845128,1,0.006975431460887194,1,0.09082291275262833,1,0.04691893979907036,,,,,,,,,,,,,,,,,,,,,,,,,,,
753,"universal_edges,all_inverse_edges,no_changes",2259,2259,3,0.0715811646853884,0,75,,0.37215722600619,4.680326390080154,1,0.008166036568582058,1,0.09038232266902924,1,0.11619513481855392,,,,,,,,,,,,,,,,,,,,,,,,,,,
754,"no_changes,all_inverse_edges,universal_edges",2262,2262,3,0.146698081245025,0,75,,0.37215722600619,4.677443780004978,1,0.29109811782836914,1,0.08671405911445618,1,0.06228206679224968,,,,,,,,,,,,,,,,,,,,,,,,,,,
755,"universal_edges,no_changes,all_inverse_edges",2265,2265,3,0.04664672135064999,0,75,,0.37215722600619,4.677902268012986,1,0.008671159856021404,1,0.08581624925136566,1,0.04545275494456291,,,,,,,,,,,,,,,,,,,,,,,,,,,
756,"all_inverse_edges,universal_edges,no_changes",2268,2268,3,0.03642441130553683,0,75,,0.37215722600619,4.677877933019772,1,0.00918505433946848,1,0.006827757228165865,1,0.09326042234897614,,,,,,,,,,,,,,,,,,,,,,,,,,,
757,"all_inverse_edges,universal_edges,no_changes",2271,2271,3,0.14010026259347796,0,75,,0.37215722600619,4.673659102991223,1,0.32848793268203735,1,0.0068111480213701725,1,0.08500170707702637,,,,,,,,,,,,,,,,,,,,,,,,,,,
758,"no_changes,universal_edges,all_inverse_edges",2274,2274,3,0.0321360162148873,0,75,,0.37215722600619,4.68385109398514,1,0.007655132096260786,1,0.006607128772884607,1,0.08214578777551651,,,,,,,,,,,,,,,,,,,,,,,,,,,
759,"universal_edges,all_inverse_edges,no_changes",2277,2277,3,0.1448771064169705,0,75,,0.37215722600619,4.679269471205771,1,0.29923954606056213,1,0.0058142258785665035,1,0.12957754731178284,,,,,,,,,,,,,,,,,,,,,,,,,,,
760,"no_changes,universal_edges,all_inverse_edges",2280,2280,3,0.05090760594854752,1,76,0.35528355836868286,0.37215722600619,20.099389418959618,1,0.008952361531555653,1,0.007448762655258179,1,0.13632169365882874,0.24510490894317627,0.3564062714576721,0.31295319709953856,0.3790375741595254,0.4327620303230059,0.9889746274251295,0.944969753191267,0.7456624917600527,0.8154798584275242,0.2657943665981293,0.38005200028419495,0.33965062623599207,0.3958470665787739,0.45220830586684246,0.9893753150568072,0.9571847566831106,0.7490969017798286,0.8213613333921794,0.2439320981502533,0.3293924033641815,0.27603823335530653,0.35332893869479237,0.4268292682926829,0.9894140912792275,0.9411236583454011,0.7612294001318392,0.8272535472421603
761,"all_inverse_edges,universal_edges,no_changes",2283,2283,3,0.12011544421936075,0,76,,0.37215722600619,4.6639905830379575,1,0.29123035073280334,1,0.0059536476619541645,1,0.06316233426332474,,,,,,,,,,,,,,,,,,,,,,,,,,,
762,"universal_edges,no_changes,all_inverse_edges",2286,2286,3,0.02033503834779064,0,76,,0.37215722600619,4.673328885110095,1,0.007719698827713728,1,0.0076736025512218475,1,0.04561181366443634,,,,,,,,,,,,,,,,,,,,,,,,,,,
763,"all_inverse_edges,universal_edges,no_changes",2289,2289,3,0.0786890407713751,0,76,,0.37215722600619,4.678654466988519,1,0.00740317115560174,1,0.09068240225315094,1,0.13798154890537262,,,,,,,,,,,,,,,,,,,,,,,,,,,
764,"no_changes,universal_edges,all_inverse_edges",2292,2292,3,0.023029109618316095,0,76,,0.37215722600619,4.673856434877962,1,0.00758844381198287,1,0.008247890509665012,1,0.0532509945333004,,,,,,,,,,,,,,,,,,,,,,,,,,,
765,"all_inverse_edges,universal_edges,no_changes",2295,2295,3,0.04894343949854374,0,76,,0.37215722600619,4.6833810759708285,1,0.008761325851082802,1,0.09103609621524811,1,0.04703289642930031,,,,,,,,,,,,,,,,,,,,,,,,,,,
766,"no_changes,all_inverse_edges,universal_edges",2298,2298,3,0.02136160557468732,0,76,,0.37215722600619,4.683080350980163,1,0.006895499303936958,1,0.00929396040737629,1,0.04789535701274872,,,,,,,,,,,,,,,,,,,,,,,,,,,
767,"all_inverse_edges,universal_edges,no_changes",2301,2301,3,0.01783372461795807,0,76,,0.37215722600619,4.677453406853601,1,0.007191856857389212,1,0.007141782436519861,1,0.039167534559965134,,,,,,,,,,,,,,,,,,,,,,,,,,,
768,"universal_edges,all_inverse_edges,no_changes",2304,2304,3,0.017099078899870317,0,76,,0.37215722600619,4.670922849094495,1,0.006538554094731808,1,0.006820549722760916,1,0.037938132882118225,,,,,,,,,,,,,,,,,,,,,,,,,,,
769,"all_inverse_edges,universal_edges,no_changes",2307,2307,3,0.11416319602479537,0,76,,0.37215722600619,4.678941342048347,1,0.28992196917533875,1,0.008310909382998943,1,0.04425670951604843,,,,,,,,,,,,,,,,,,,,,,,,,,,
770,"all_inverse_edges,no_changes,universal_edges",2310,2310,3,0.02088895331447323,1,77,0.3703858554363251,0.37215722600619,20.11864376696758,1,0.00701730465516448,1,0.008862278424203396,1,0.04678727686405182,0.2472209930419922,0.3648134768009186,0.32333553065260384,0.3889255108767304,0.4329268292682927,0.9885674770897153,0.9345901175230208,0.740932762030323,0.8089463257596627,0.26513272523880005,0.3863435387611389,0.34805537244561635,0.4027686222808174,0.456493078444298,0.9891749712409684,0.9522778040353104,0.7465721819380355,0.8180311943765692,0.2592523694038391,0.3600005507469177,0.3111404087013843,0.38513513513513514,0.4426499670402109,0.9892395982783357,0.9344683860952445,0.7611404087013843,0.8253695475772663
771,"universal_edges,all_inverse_edges,no_changes",2313,2313,3,0.02022090166186293,0,77,,0.37215722600619,4.674357871990651,1,0.007785905618220568,1,0.011463976465165615,1,0.041412822902202606,,,,,,,,,,,,,,,,,,,,,,,,,,,
772,"universal_edges,no_changes,all_inverse_edges",2316,2316,3,0.018998944355795782,0,77,,0.37215722600619,4.674555831821635,1,0.009938562288880348,1,0.006455609109252691,1,0.0406026616692543,,,,,,,,,,,,,,,,,,,,,,,,,,,
773,"no_changes,universal_edges,all_inverse_edges",2319,2319,3,0.1123907221481204,0,77,,0.37215722600619,4.674630674999207,1,0.28716009855270386,1,0.008001317270100117,1,0.042010750621557236,,,,,,,,,,,,,,,,,,,,,,,,,,,
774,"universal_edges,all_inverse_edges,no_changes",2322,2322,3,0.04680150623122851,0,77,,0.37215722600619,4.680636142147705,1,0.010564155876636505,1,0.0916205570101738,1,0.03821980580687523,,,,,,,,,,,,,,,,,,,,,,,,,,,
775,"universal_edges,all_inverse_edges,no_changes",2325,2325,3,0.02092039833466212,0,77,,0.37215722600619,4.675495772855356,1,0.010354898869991302,1,0.010428015142679214,1,0.04197828099131584,,,,,,,,,,,,,,,,,,,,,,,,,,,
776,"no_changes,all_inverse_edges,universal_edges",2328,2328,3,0.11677792326857646,0,77,,0.37215722600619,4.678385021165013,1,0.2891751229763031,1,0.008379061706364155,1,0.052779585123062134,,,,,,,,,,,,,,,,,,,,,,,,,,,
777,"universal_edges,no_changes,all_inverse_edges",2331,2331,3,0.01968593445296089,0,77,,0.37215722600619,4.694817855022848,1,0.014288581907749176,1,0.0061711459420621395,1,0.03859807550907135,,,,,,,,,,,,,,,,,,,,,,,,,,,
778,"all_inverse_edges,universal_edges,no_changes",2334,2334,3,0.04930761099482576,0,77,,0.37215722600619,4.679587330901995,1,0.008899214677512646,1,0.006084965076297522,1,0.13293865323066711,,,,,,,,,,,,,,,,,,,,,,,,,,,
779,"all_inverse_edges,no_changes,universal_edges",2337,2337,3,0.02676175193240245,0,77,,0.37215722600619,4.679417144041508,1,0.009375812485814095,1,0.007699633948504925,1,0.06320980936288834,,,,,,,,,,,,,,,,,,,,,,,,,,,
780,"universal_edges,no_changes,all_inverse_edges",2340,2340,3,0.11307859265555938,1,78,0.3685889045397441,0.37215722600619,20.146638781996444,1,0.28315091133117676,1,0.009162678383290768,1,0.04692218825221062,0.24843163788318634,0.36365702748298645,0.3211931443638761,0.38612392880685564,0.4358932102834542,0.9889293884989724,0.9391744487889329,0.7483849703361898,0.8163023311861031,0.26643767952919006,0.38654229044914246,0.34805537244561635,0.40128543177323667,0.4533618984838497,0.9894657929091215,0.9552895293925816,0.7528576137112722,0.8240689969140391,0.25629422068595886,0.35556739568710327,0.3043836519446276,0.3798615688859591,0.4444627554383652,0.9895110318352786,0.9401292201230624,0.7648319050758076,0.8298437913852792
781,"universal_edges,no_changes,all_inverse_edges",2343,2343,3,0.056169142636160053,0,78,,0.37215722600619,4.685012029018253,1,0.007883996702730656,1,0.09173239767551422,1,0.06889103353023529,,,,,,,,,,,,,,,,,,,,,,,,,,,
782,"universal_edges,no_changes,all_inverse_edges",2346,2346,3,0.03847832574198643,0,78,,0.37215722600619,4.675672317156568,1,0.007937070913612843,1,0.011449022218585014,1,0.09604888409376144,,,,,,,,,,,,,,,,,,,,,,,,,,,
783,"universal_edges,all_inverse_edges,no_changes",2349,2349,3,0.12868894015749296,0,78,,0.37215722600619,4.663858563872054,1,0.28856509923934937,1,0.009002160280942917,1,0.08849956095218658,,,,,,,,,,,,,,,,,,,,,,,,,,,
784,"all_inverse_edges,no_changes,universal_edges",2352,2352,3,0.031346163557221494,0,78,,0.37215722600619,4.676492825848982,1,0.007184638176113367,1,0.006294732913374901,1,0.08055911958217621,,,,,,,,,,,,,,,,,,,,,,,,,,,
785,"universal_edges,all_inverse_edges,no_changes",2355,2355,3,0.02306081106265386,0,78,,0.37215722600619,4.677644986892119,1,0.011233045719563961,1,0.008838572539389133,1,0.049110814929008484,,,,,,,,,,,,,,,,,,,,,,,,,,,
786,"no_changes,universal_edges,all_inverse_edges",2358,2358,3,0.16220819298177958,0,78,,0.37215722600619,4.674487194046378,1,0.2869129776954651,1,0.009631703607738018,1,0.19007989764213562,,,,,,,,,,,,,,,,,,,,,,,,,,,
787,"all_inverse_edges,no_changes,universal_edges",2361,2361,3,0.13016777019947767,0,78,,0.37215722600619,4.698023313190788,1,0.2853076159954071,1,0.009161175228655338,1,0.09603451937437057,,,,,,,,,,,,,,,,,,,,,,,,,,,
788,"universal_edges,no_changes,all_inverse_edges",2364,2364,3,0.029616417984167736,0,78,,0.37215722600619,4.68011159915477,1,0.008730475790798664,1,0.007763753645122051,1,0.07235502451658249,,,,,,,,,,,,,,,,,,,,,,,,,,,
789,"no_changes,universal_edges,all_inverse_edges",2367,2367,3,0.19611213387300572,0,78,,0.37215722600619,4.672341936035082,1,0.28196412324905396,1,0.00792988482862711,1,0.29844239354133606,,,,,,,,,,,,,,,,,,,,,,,,,,,
790,"all_inverse_edges,universal_edges,no_changes",2370,2370,3,0.1794311124831438,1,79,0.3647841811180115,0.37215722600619,20.08730773208663,1,0.027509169653058052,1,0.014094550162553787,1,0.4966896176338196,0.24028708040714264,0.35217615962028503,0.3091628213579433,0.3739288068556361,0.4302900461437047,0.9862473664482273,0.8403733909511578,0.7688200395517468,0.8001905894447041,0.26155173778533936,0.38848260045051575,0.35365853658536583,0.40194462755438365,0.4510547132498352,0.9871973838975273,0.8614186454281552,0.7718885959129862,0.8100328720577896,0.24948349595069885,0.35369378328323364,0.31245880026367834,0.37228081740276864,0.42847725774555045,0.9804244703814288,0.7462133813661413,0.7879762689518788,0.7653558848220705
791,"universal_edges,all_inverse_edges,no_changes",2373,2373,3,0.14772453842063746,0,79,,0.37215722600619,4.670328194042668,1,0.020103612914681435,1,0.01258750632405281,1,0.4104824960231781,,,,,,,,,,,,,,,,,,,,,,,,,,,
792,"universal_edges,all_inverse_edges,no_changes",2376,2376,3,0.1835815024872621,0,79,,0.37215722600619,4.682069933973253,1,0.014529302716255188,1,0.01708706095814705,1,0.519128143787384,,,,,,,,,,,,,,,,,,,,,,,,,,,
793,"all_inverse_edges,universal_edges,no_changes",2379,2379,3,0.1118615809828043,0,79,,0.37215722600619,4.675568217178807,1,0.013287656009197235,1,0.01564856432378292,1,0.30664852261543274,,,,,,,,,,,,,,,,,,,,,,,,,,,
794,"universal_edges,all_inverse_edges,no_changes",2382,2382,3,0.18474838385979334,0,79,,0.37215722600619,4.675336085958406,1,0.3273240029811859,1,0.03247659653425217,1,0.19444455206394196,,,,,,,,,,,,,,,,,,,,,,,,,,,
795,"all_inverse_edges,no_changes,universal_edges",2385,2385,3,0.23271861175696054,0,79,,0.37215722600619,4.673291416838765,1,0.2988414764404297,1,0.01855464279651642,1,0.38075971603393555,,,,,,,,,,,,,,,,,,,,,,,,,,,
796,"universal_edges,all_inverse_edges,no_changes",2388,2388,3,0.18226224184036255,0,79,,0.37215722600619,4.677125376882032,1,0.047154393047094345,1,0.016342703253030777,1,0.4832896292209625,,,,,,,,,,,,,,,,,,,,,,,,,,,
797,"all_inverse_edges,universal_edges,no_changes",2391,2391,3,0.100558511291941,0,79,,0.37215722600619,4.675192208960652,1,0.020886985585093498,1,0.016684867441654205,1,0.2641036808490753,,,,,,,,,,,,,,,,,,,,,,,,,,,
798,"no_changes,universal_edges,all_inverse_edges",2394,2394,3,0.14442860210935274,0,79,,0.37215722600619,4.680256296880543,1,0.0205080546438694,1,0.11905413866043091,1,0.29372361302375793,,,,,,,,,,,,,,,,,,,,,,,,,,,
799,"no_changes,universal_edges,all_inverse_edges",2397,2397,3,0.06707100880642732,0,79,,0.37215722600619,4.672565325163305,1,0.017319446429610252,1,0.009852994233369827,1,0.17404058575630188,,,,,,,,,,,,,,,,,,,,,,,,,,,
800,"universal_edges,all_inverse_edges,no_changes",2400,2400,3,0.047239525243639946,1,80,0.28316982587178546,0.37215722600619,20.135260054841638,1,0.0171849075704813,1,0.011391513049602509,1,0.11314215511083603,0.1974906176328659,0.25977641344070435,0.18836519446275543,0.2992748846407383,0.3899143045484509,0.9873007871573152,0.8838020147891948,0.7452933421226104,0.7986488724798999,0.2345070242881775,0.3133944571018219,0.24126565589980223,0.36041529334212263,0.4319380355965722,0.9883477451626662,0.9086045037984068,0.7555174686882004,0.813696402511064,0.2151775360107422,0.2763386070728302,0.19792353328938694,0.3230059327620303,0.4124917600527357,0.9886191787196091,0.9229791464655701,0.751456822676335,0.8145470303948608
801,"all_inverse_edges,universal_edges,no_changes",2403,2403,3,0.08156492312749226,0,80,,0.37215722600619,4.681644384050742,1,0.014156162738800049,1,0.11415030062198639,1,0.11638830602169037,,,,,,,,,,,,,,,,,,,,,,,,,,,
802,"universal_edges,no_changes,all_inverse_edges",2406,2406,3,0.029683548646668594,0,80,,0.37215722600619,4.670905953971669,1,0.014893016777932644,1,0.010302390903234482,1,0.06385523825883865,,,,,,,,,,,,,,,,,,,,,,,,,,,
803,"universal_edges,all_inverse_edges,no_changes",2409,2409,3,0.0646227936570843,0,80,,0.37215722600619,4.668905948987231,1,0.01468186266720295,1,0.010588685981929302,1,0.16859783232212067,,,,,,,,,,,,,,,,,,,,,,,,,,,
804,"no_changes,all_inverse_edges,universal_edges",2412,2412,3,0.045246041379868984,0,80,,0.37215722600619,4.682567241135985,1,0.014232550747692585,1,0.009821027517318726,1,0.11168454587459564,,,,,,,,,,,,,,,,,,,,,,,,,,,
805,"universal_edges,all_inverse_edges,no_changes",2415,2415,3,0.07243345864117146,0,80,,0.37215722600619,4.678076145006344,1,0.011764844879508018,1,0.11267878860235214,1,0.0928567424416542,,,,,,,,,,,,,,,,,,,,,,,,,,,
806,"universal_edges,no_changes,all_inverse_edges",2418,2418,3,0.028461387070516746,0,80,,0.37215722600619,4.675861200783402,1,0.012027343735098839,1,0.01288445945829153,1,0.060472358018159866,,,,,,,,,,,,,,,,,,,,,,,,,,,
807,"universal_edges,no_changes,all_inverse_edges",2421,2421,3,0.061498250191410385,0,80,,0.37215722600619,4.674330590991303,1,0.012743564322590828,1,0.10512605309486389,1,0.06662513315677643,,,,,,,,,,,,,,,,,,,,,,,,,,,
808,"universal_edges,no_changes,all_inverse_edges",2424,2424,3,0.11945965606719255,0,80,,0.37215722600619,4.695736867142841,1,0.29988813400268555,1,0.009855351410806179,1,0.04863548278808594,,,,,,,,,,,,,,,,,,,,,,,,,,,
809,"universal_edges,all_inverse_edges,no_changes",2427,2427,3,0.021285674379517634,0,80,,0.37215722600619,4.678163182921708,1,0.010000634007155895,1,0.007106789853423834,1,0.046749599277973175,,,,,,,,,,,,,,,,,,,,,,,,,,,
810,"all_inverse_edges,universal_edges,no_changes",2430,2430,3,0.05029149726033211,1,81,0.35406944155693054,0.37215722600619,20.09025464602746,1,0.009741749614477158,1,0.09327071905136108,1,0.04786202311515808,0.2397269755601883,0.34675708413124084,0.2969676994067238,0.37673038892551086,0.4279828609096902,0.9884963873486111,0.9284737082685219,0.7433190507580751,0.8093948221111156,0.2636798918247223,0.37588784098625183,0.3325642715886618,0.39831905075807517,0.44924192485168096,0.9890715679811806,0.940405761585956,0.7516875411997364,0.8193376261723233,0.24695859849452972,0.33956339955329895,0.2834541858932103,0.37178642056690836,0.43111404087013844,0.989039254462497,0.9257176769139321,0.7621687541199736,0.8237297498237223
811,"universal_edges,no_changes,all_inverse_edges",2433,2433,3,0.11367908384030063,0,81,,0.37215722600619,4.692279734881595,1,0.2905580997467041,1,0.006393697578459978,1,0.04408545419573784,,,,,,,,,,,,,,,,,,,,,,,,,,,
812,"no_changes,all_inverse_edges,universal_edges",2436,2436,3,0.049158658211429916,0,81,,0.37215722600619,4.6832491010427475,1,0.008646806702017784,1,0.09127797931432724,1,0.04755118861794472,,,,,,,,,,,,,,,,,,,,,,,,,,,
813,"universal_edges,all_inverse_edges,no_changes",2439,2439,3,0.01922196677575509,0,81,,0.37215722600619,4.677090313984081,1,0.00788144487887621,1,0.006703447550535202,1,0.04308100789785385,,,,,,,,,,,,,,,,,,,,,,,,,,,
814,"no_changes,all_inverse_edges,universal_edges",2442,2442,3,0.021856543297568958,0,81,,0.37215722600619,4.679338710848242,1,0.007926917634904385,1,0.006938151083886623,1,0.05070456117391586,,,,,,,,,,,,,,,,,,,,,,,,,,,
815,"no_changes,universal_edges,all_inverse_edges",2445,2445,3,0.01901476178318262,0,81,,0.37215722600619,4.689318609889597,1,0.007050811313092709,1,0.006365973502397537,1,0.04362750053405762,,,,,,,,,,,,,,,,,,,,,,,,,,,
816,"no_changes,all_inverse_edges,universal_edges",2448,2448,3,0.020898400495449703,0,81,,0.37215722600619,4.685839526122436,1,0.0072152279317379,1,0.005192659795284271,1,0.050287313759326935,,,,,,,,,,,,,,,,,,,,,,,,,,,
817,"all_inverse_edges,universal_edges,no_changes",2451,2451,3,0.04694242713352045,0,81,,0.37215722600619,4.683410965837538,1,0.006675777956843376,1,0.09112199395895004,1,0.043029509484767914,,,,,,,,,,,,,,,,,,,,,,,,,,,
818,"no_changes,universal_edges,all_inverse_edges",2454,2454,3,0.019642334897071123,0,81,,0.37215722600619,4.683723964029923,1,0.006832488346844912,1,0.00819613877683878,1,0.04389837756752968,,,,,,,,,,,,,,,,,,,,,,,,,,,
819,"no_changes,universal_edges,all_inverse_edges",2457,2457,3,0.1124065436112384,0,81,,0.37215722600619,4.672330932226032,1,0.2890140414237976,1,0.006322549190372229,1,0.041883040219545364,,,,,,,,,,,,,,,,,,,,,,,,,,,
820,"universal_edges,all_inverse_edges,no_changes",2460,2460,3,0.10748091200366616,1,82,0.36537966132164,0.37215722600619,20.24861922604032,1,0.27823707461357117,1,0.006032764445990324,1,0.038172896951436996,0.24607519805431366,0.35912370681762695,0.3132827949901121,0.38464073829927486,0.43638760711931446,0.9889035376840255,0.9465313699136919,0.7425576796308504,0.8132322618442285,0.26865243911743164,0.38463088870048523,0.34360580092287407,0.4021094264996704,0.4569874752801582,0.9894270166867011,0.9556262456570733,0.7515458141067897,0.82305102484609,0.2541538178920746,0.35238438844680786,0.3005932762030323,0.3795319709953856,0.4367172050098879,0.9893494642418602,0.9429858275922156,0.7579663810151616,0.8251267151828894
821,"all_inverse_edges,universal_edges,no_changes",2463,2463,3,0.019534790112326544,0,82,,0.37215722600619,4.692106859991327,1,0.007501594256609678,1,0.006995499134063721,1,0.04410727694630623,,,,,,,,,,,,,,,,,,,,,,,,,,,
822,"no_changes,all_inverse_edges,universal_edges",2466,2466,3,0.04854970285668969,0,82,,0.37215722600619,4.691321377875283,1,0.006977613549679518,1,0.09080599993467331,1,0.04786549508571625,,,,,,,,,,,,,,,,,,,,,,,,,,,
823,"all_inverse_edges,universal_edges,no_changes",2469,2469,3,0.01970971267049511,0,82,,0.37215722600619,4.677113473881036,1,0.00669423071667552,1,0.00919943768531084,1,0.04323546960949898,,,,,,,,,,,,,,,,,,,,,,,,,,,
824,"no_changes,universal_edges,all_inverse_edges",2472,2472,3,0.017332680989056826,0,82,,0.37215722600619,4.675041408045217,1,0.005594877526164055,1,0.006805311422795057,1,0.039597854018211365,,,,,,,,,,,,,,,,,,,,,,,,,,,
825,"universal_edges,no_changes,all_inverse_edges",2475,2475,3,0.1348749374349912,0,82,,0.37215722600619,4.67730853590183,1,0.2808258533477783,1,0.08707135915756226,1,0.036727599799633026,,,,,,,,,,,,,,,,,,,,,,,,,,,
826,"all_inverse_edges,no_changes,universal_edges",2478,2478,3,0.0808404244792958,0,82,,0.37215722600619,4.676467942073941,1,0.00678736949339509,1,0.08565754443407059,1,0.15007635951042175,,,,,,,,,,,,,,,,,,,,,,,,,,,
827,"universal_edges,no_changes,all_inverse_edges",2481,2481,3,0.04582855276142558,0,82,,0.37215722600619,4.685938407899812,1,0.007129346486181021,1,0.08891742676496506,1,0.041438885033130646,,,,,,,,,,,,,,,,,,,,,,,,,,,
828,"all_inverse_edges,no_changes,universal_edges",2484,2484,3,0.0492700170725584,0,82,,0.37215722600619,4.671075341058895,1,0.006750805303454399,1,0.08844722807407379,1,0.05261201784014702,,,,,,,,,,,,,,,,,,,,,,,,,,,
829,"no_changes,all_inverse_edges,universal_edges",2487,2487,3,0.020742937456816435,0,82,,0.37215722600619,4.6760136189404875,1,0.007981190457940102,1,0.007711112964898348,1,0.046536508947610855,,,,,,,,,,,,,,,,,,,,,,,,,,,
830,"universal_edges,all_inverse_edges,no_changes",2490,2490,3,0.019472111016511917,1,83,0.37307241559028625,0.37307241559028625,20.212314211996272,1,0.008895361796021461,1,0.007989378646016121,1,0.04153159260749817,0.24879412353038788,0.3667716383934021,0.3239947264337508,0.3917270929466051,0.4406723796967699,0.988767820905554,0.9559285737385153,0.732798286090969,0.8069134578877747,0.2676554322242737,0.39082658290863037,0.3521753460777851,0.4067237969676994,0.4596242584047462,0.9892460609820725,0.9635980555545549,0.7416018457481872,0.8164013848331224,0.2568729817867279,0.3616190254688263,0.31196440342781806,0.3877719182597231,0.44199077125906394,0.9892848372044929,0.9505663789635287,0.7508272907053395,0.8211965642170564
831,"no_changes,universal_edges,all_inverse_edges",2493,2493,3,0.14129877587159476,0,83,,0.37307241559028625,4.671599949942902,1,0.2858658730983734,1,0.08238914608955383,1,0.055641308426856995,,,,,,,,,,,,,,,,,,,,,,,,,,,
832,"no_changes,all_inverse_edges,universal_edges",2496,2496,3,0.05382342108835777,0,83,,0.37307241559028625,4.7209549529943615,1,0.009373833425343037,1,0.009642461314797401,1,0.14245396852493286,,,,,,,,,,,,,,,,,,,,,,,,,,,
833,"all_inverse_edges,universal_edges,no_changes",2499,2499,3,0.1239036088809371,0,83,,0.37307241559028625,4.736684379866347,1,0.28830814361572266,1,0.008488048799335957,1,0.07491463422775269,,,,,,,,,,,,,,,,,,,,,,,,,,,
834,"all_inverse_edges,universal_edges,no_changes",2502,2502,3,0.13893886531392732,0,83,,0.37307241559028625,4.674251853022724,1,0.2804923951625824,1,0.0070013441145420074,1,0.1293228566646576,,,,,,,,,,,,,,,,,,,,,,,,,,,
835,"all_inverse_edges,universal_edges,no_changes",2505,2505,3,0.02028258517384529,0,83,,0.37307241559028625,4.671833812026307,1,0.008993837982416153,1,0.006519883871078491,1,0.04533403366804123,,,,,,,,,,,,,,,,,,,,,,,,,,,
836,"universal_edges,no_changes,all_inverse_edges",2508,2508,3,0.11003873109196623,0,83,,0.37307241559028625,4.671807317063212,1,0.2836635708808899,1,0.006354577373713255,1,0.04009804502129555,,,,,,,,,,,,,,,,,,,,,,,,,,,
837,"universal_edges,no_changes,all_inverse_edges",2511,2511,3,0.10808675053219001,0,83,,0.37307241559028625,4.680711715016514,1,0.27577030658721924,1,0.007784208282828331,1,0.040705736726522446,,,,,,,,,,,,,,,,,,,,,,,,,,,
838,"all_inverse_edges,universal_edges,no_changes",2514,2514,3,0.019708035824199516,0,83,,0.37307241559028625,4.67112848511897,1,0.008249208331108093,1,0.008219755254685879,1,0.04265514388680458,,,,,,,,,,,,,,,,,,,,,,,,,,,
839,"all_inverse_edges,no_changes,universal_edges",2517,2517,3,0.019675581095119316,0,83,,0.37307241559028625,4.666194704826921,1,0.006934254430234432,1,0.007387056946754456,1,0.044705431908369064,,,,,,,,,,,,,,,,,,,,,,,,,,,
840,"no_changes,universal_edges,all_inverse_edges",2520,2520,3,0.017404543546338875,1,84,0.3655333419640859,0.37307241559028625,20.114421729929745,1,0.006670888513326645,1,0.006498976610600948,1,0.039043765515089035,0.24760892987251282,0.361099511384964,0.31641397495056034,0.3877719182597231,0.43605800922874094,0.9886450295345561,0.9570440665483972,0.7286980883322347,0.8034888682856682,0.26922985911369324,0.3867294490337372,0.3442649967040211,0.4077125906394199,0.456493078444298,0.9888712241653418,0.9630665560325609,0.7315589980224126,0.807361604845962,0.25388169288635254,0.3487710654735565,0.2963085036255768,0.3783783783783784,0.4362228081740277,0.9891620458334949,0.9517204063902514,0.7465655899802242,0.8178906637977548
841,"no_changes,universal_edges,all_inverse_edges",2523,2523,3,0.017277857443938654,0,84,,0.37307241559028625,4.694124286994338,1,0.006256458815187216,1,0.006350123323500156,1,0.039226990193128586,,,,,,,,,,,,,,,,,,,,,,,,,,,
842,"no_changes,universal_edges,all_inverse_edges",2526,2526,3,0.044394660430649914,0,84,,0.37307241559028625,4.669865448959172,1,0.006778298877179623,1,0.08774495124816895,1,0.03866073116660118,,,,,,,,,,,,,,,,,,,,,,,,,,,
843,"all_inverse_edges,universal_edges,no_changes",2529,2529,3,0.017079219532509644,0,84,,0.37307241559028625,4.664653490995988,1,0.007230100687593222,1,0.005840520840138197,1,0.038167037069797516,,,,,,,,,,,,,,,,,,,,,,,,,,,
844,"all_inverse_edges,no_changes,universal_edges",2532,2532,3,0.04352723077560464,0,84,,0.37307241559028625,4.685221045045182,1,0.006931014824658632,1,0.08345067501068115,1,0.04020000249147415,,,,,,,,,,,,,,,,,,,,,,,,,,,
845,"all_inverse_edges,universal_edges,no_changes",2535,2535,3,0.016740049390743177,0,84,,0.37307241559028625,4.670208395924419,1,0.0077508436515927315,1,0.006434180308133364,1,0.03603512421250343,,,,,,,,,,,,,,,,,,,,,,,,,,,
846,"all_inverse_edges,universal_edges,no_changes",2538,2538,3,0.10915577535827954,0,84,,0.37307241559028625,4.677296004956588,1,0.2857085168361664,1,0.005198273807764053,1,0.0365605354309082,,,,,,,,,,,,,,,,,,,,,,,,,,,
847,"all_inverse_edges,universal_edges,no_changes",2541,2541,3,0.017080004947880905,0,84,,0.37307241559028625,4.6864088349975646,1,0.009337007999420166,1,0.005452963523566723,1,0.03645004332065582,,,,,,,,,,,,,,,,,,,,,,,,,,,
848,"no_changes,universal_edges,all_inverse_edges",2544,2544,3,0.13953801213453212,0,84,,0.37307241559028625,4.676231958903372,1,0.27951037883758545,1,0.007274067960679531,1,0.13182958960533142,,,,,,,,,,,,,,,,,,,,,,,,,,,
849,"no_changes,universal_edges,all_inverse_edges",2547,2547,3,0.04403199814260006,0,84,,0.37307241559028625,4.666332693072036,1,0.007620209828019142,1,0.08544782549142838,1,0.03902795910835266,,,,,,,,,,,,,,,,,,,,,,,,,,,
850,"no_changes,all_inverse_edges,universal_edges",2550,2550,3,0.06968618246416251,1,85,0.37099651495615643,0.37307241559028625,20.09738192590885,1,0.006782779470086098,1,0.0820777490735054,1,0.12019801884889603,0.24774354696273804,0.36378931999206543,0.3180619644034278,0.3902439024390244,0.44050758075148316,0.9890198663512867,0.9430924189772392,0.7482696110744891,0.8171955073458814,0.2679096758365631,0.3903011977672577,0.3492089650626236,0.40886618325642715,0.46011865524060647,0.9896015096875929,0.9478166580742133,0.7618094924192486,0.8295105350344845,0.25890401005744934,0.3588990271091461,0.3058668424522083,0.3879367172050099,0.4441331575477917,0.9895691961689093,0.9321537758290666,0.7729367172050099,0.8338573255354695
851,"all_inverse_edges,no_changes,universal_edges",2553,2553,3,0.04360853089019656,0,85,,0.37307241559028625,4.682916052872315,1,0.007626453880220652,1,0.08390098810195923,1,0.039298150688409805,,,,,,,,,,,,,,,,,,,,,,,,,,,
852,"no_changes,universal_edges,all_inverse_edges",2556,2556,3,0.04233451606705785,0,85,,0.37307241559028625,4.67002632888034,1,0.006550993770360947,1,0.005502478685230017,1,0.11495007574558258,,,,,,,,,,,,,,,,,,,,,,,,,,,
853,"all_inverse_edges,no_changes,universal_edges",2559,2559,3,0.01658748121311267,0,85,,0.37307241559028625,4.691407341044396,1,0.007425105664879084,1,0.005685469601303339,1,0.036651868373155594,,,,,,,,,,,,,,,,,,,,,,,,,,,
854,"all_inverse_edges,universal_edges,no_changes",2562,2562,3,0.10702717816457152,0,85,,0.37307241559028625,4.672491698991507,1,0.2833348512649536,1,0.005321465898305178,1,0.03242521733045578,,,,,,,,,,,,,,,,,,,,,,,,,,,
855,"no_changes,all_inverse_edges,universal_edges",2565,2565,3,0.019427382852882147,0,85,,0.37307241559028625,4.682725585997105,1,0.007695139851421118,1,0.0061282021924853325,1,0.04445880651473999,,,,,,,,,,,,,,,,,,,,,,,,,,,
856,"universal_edges,all_inverse_edges,no_changes",2568,2568,3,0.04137356113642454,0,85,,0.37307241559028625,4.679318520007655,1,0.007846021093428135,1,0.08285807818174362,1,0.03341658413410187,,,,,,,,,,,,,,,,,,,,,,,,,,,
857,"all_inverse_edges,universal_edges,no_changes",2571,2571,3,0.027259803842753172,0,85,,0.37307241559028625,4.684103568084538,1,0.006662916857749224,1,0.006083467975258827,1,0.06903302669525146,,,,,,,,,,,,,,,,,,,,,,,,,,,
858,"all_inverse_edges,no_changes,universal_edges",2574,2574,3,0.04630999701718489,0,85,,0.37307241559028625,4.676571649033576,1,0.006615071091800928,1,0.006101727019995451,1,0.1262131929397583,,,,,,,,,,,,,,,,,,,,,,,,,,,
859,"universal_edges,no_changes,all_inverse_edges",2577,2577,3,0.04746770719066262,0,85,,0.37307241559028625,4.6792749089654535,1,0.006951286923140287,1,0.08540459722280502,1,0.05004723742604256,,,,,,,,,,,,,,,,,,,,,,,,,,,
860,"all_inverse_edges,universal_edges,no_changes",2580,2580,3,0.02387292341639598,1,86,0.36866727471351624,0.37307241559028625,20.11254674801603,1,0.006046190392225981,1,0.005508688744157553,1,0.06006389111280441,0.24808067083358765,0.36351215839385986,0.31888595912986156,0.38744232036914966,0.4378707976268952,0.9888647614616051,0.9480596131153716,0.7404383651944628,0.8117853285140544,0.26897209882736206,0.38870519399642944,0.34772577455504283,0.40491100856954515,0.4609426499670402,0.9893882404642806,0.9534735225623597,0.7518490441661174,0.8227737993453081,0.2541216313838959,0.3537844717502594,0.30108767303889256,0.38266315095583386,0.44001318391562294,0.9894399420941745,0.9353899488864466,0.7664106789716546,0.829762350124017
861,"universal_edges,no_changes,all_inverse_edges",2583,2583,3,0.04374354022244612,0,86,,0.37307241559028625,4.683507276931778,1,0.005597916431725025,1,0.0059560248628258705,1,0.11967667937278748,,,,,,,,,,,,,,,,,,,,,,,,,,,
862,"universal_edges,no_changes,all_inverse_edges",2586,2586,3,0.031139910997201998,0,86,,0.37307241559028625,4.676810434088111,1,0.007275751791894436,1,0.0045543271116912365,1,0.08158965408802032,,,,,,,,,,,,,,,,,,,,,,,,,,,
863,"all_inverse_edges,no_changes,universal_edges",2589,2589,3,0.025804249414553244,0,86,,0.37307241559028625,4.685312468092889,1,0.005567536689341068,1,0.005229473579674959,1,0.06661573797464371,,,,,,,,,,,,,,,,,,,,,,,,,,,
864,"all_inverse_edges,no_changes,universal_edges",2592,2592,3,0.02277309773489833,0,86,,0.37307241559028625,4.724221033975482,1,0.006204971112310886,1,0.006378145422786474,1,0.055736176669597626,,,,,,,,,,,,,,,,,,,,,,,,,,,
865,"universal_edges,no_changes,all_inverse_edges",2595,2595,3,0.1386456439892451,0,86,,0.37307241559028625,4.697890233015642,1,0.2810666561126709,1,0.013095103204250336,1,0.12177517265081406,,,,,,,,,,,,,,,,,,,,,,,,,,,
866,"no_changes,universal_edges,all_inverse_edges",2598,2598,3,0.05042940533409516,0,86,,0.37307241559028625,4.668652545893565,1,0.007417404092848301,1,0.08495911210775375,1,0.058911699801683426,,,,,,,,,,,,,,,,,,,,,,,,,,,
867,"all_inverse_edges,universal_edges,no_changes",2601,2601,3,0.02142067300155759,0,86,,0.37307241559028625,4.6716352719813585,1,0.007204589433968067,1,0.006274443585425615,1,0.05078298598527908,,,,,,,,,,,,,,,,,,,,,,,,,,,
868,"universal_edges,no_changes,all_inverse_edges",2604,2604,3,0.020873946137726307,0,86,,0.37307241559028625,4.677807102911174,1,0.006541505455970764,1,0.00962922628968954,1,0.046451106667518616,,,,,,,,,,,,,,,,,,,,,,,,,,,
869,"no_changes,all_inverse_edges,universal_edges",2607,2607,3,0.05122924378762642,0,86,,0.37307241559028625,4.67401831317693,1,0.005614270456135273,1,0.008039932698011398,1,0.1400335282087326,,,,,,,,,,,,,,,,,,,,,,,,,,,
870,"all_inverse_edges,universal_edges,no_changes",2610,2610,3,0.1623044361670812,1,87,0.3701839844385783,0.37307241559028625,20.134995371103287,1,0.2778059244155884,1,0.08917684853076935,1,0.11993053555488586,0.24802763760089874,0.36248287558555603,0.3157547791694133,0.39040870138431116,0.4406723796967699,0.9889487766101827,0.9429489325994114,0.7462953197099538,0.8155115742006569,0.2686620354652405,0.3890959322452545,0.3485497692814766,0.4057350032959789,0.4596242584047462,0.9894140912792275,0.9516377275731047,0.7538002636783125,0.823942472957077,0.2580820322036743,0.3589731454849243,0.3073500329597891,0.38546473302570866,0.4456163480553724,0.9892783745007562,0.9289170645499143,0.7668127883981543,0.8282321851426468
871,"universal_edges,all_inverse_edges,no_changes",2613,2613,3,0.16323436796665192,0,87,,0.37307241559028625,4.675129864830524,1,0.2763105034828186,1,0.09197717159986496,1,0.12141542881727219,,,,,,,,,,,,,,,,,,,,,,,,,,,
872,"all_inverse_edges,universal_edges,no_changes",2616,2616,3,0.02426266794403394,0,87,,0.37307241559028625,4.670415987959132,1,0.0061256419867277145,1,0.013627344742417336,1,0.05303501710295677,,,,,,,,,,,,,,,,,,,,,,,,,,,
873,"universal_edges,all_inverse_edges,no_changes",2619,2619,3,0.01883315822730462,0,87,,0.37307241559028625,4.6795409000478685,1,0.006144766695797443,1,0.009677160531282425,1,0.040677547454833984,,,,,,,,,,,,,,,,,,,,,,,,,,,
874,"no_changes,all_inverse_edges,universal_edges",2622,2622,3,0.11898079980164766,0,87,,0.37307241559028625,4.678560690023005,1,0.2780400216579437,1,0.008104546926915646,1,0.07079783082008362,,,,,,,,,,,,,,,,,,,,,,,,,,,
875,"no_changes,all_inverse_edges,universal_edges",2625,2625,3,0.03735523018985987,0,87,,0.37307241559028625,4.68192773219198,1,0.009776284918189049,1,0.008881990797817707,1,0.09340741485357285,,,,,,,,,,,,,,,,,,,,,,,,,,,
876,"all_inverse_edges,no_changes,universal_edges",2628,2628,3,0.04050076970209678,0,87,,0.37307241559028625,4.689699477981776,1,0.008545534685254097,1,0.007164721377193928,1,0.10579205304384232,,,,,,,,,,,,,,,,,,,,,,,,,,,
877,"all_inverse_edges,no_changes,universal_edges",2631,2631,3,0.03042706986889243,0,87,,0.37307241559028625,4.677459015045315,1,0.0073422533459961414,1,0.010091036558151245,1,0.07384791970252991,,,,,,,,,,,,,,,,,,,,,,,,,,,
878,"universal_edges,all_inverse_edges,no_changes",2634,2634,3,0.031115471695860226,0,87,,0.37307241559028625,4.674222779925913,1,0.011710699647665024,1,0.020129719749093056,1,0.0615059956908226,,,,,,,,,,,,,,,,,,,,,,,,,,,
879,"no_changes,all_inverse_edges,universal_edges",2637,2637,3,0.04536249333371719,0,87,,0.37307241559028625,4.674791862023994,1,0.006964392028748989,1,0.01273159310221672,1,0.11639149487018585,,,,,,,,,,,,,,,,,,,,,,,,,,,
880,"all_inverse_edges,universal_edges,no_changes",2640,2640,3,0.12532165087759495,1,88,0.3648634950319926,0.37307241559028625,20.10935586015694,1,0.28169912099838257,1,0.01103312335908413,1,0.08323270827531815,0.24508999288082123,0.3583032786846161,0.31147000659195784,0.3872775214238629,0.43506921555702044,0.9878695050861478,0.8986587231541212,0.7492979564930784,0.8060499986207804,0.26451316475868225,0.38412386178970337,0.3432762030323006,0.4030982201713909,0.45385629531970995,0.988205565680458,0.9025333988808926,0.7567369808833224,0.812845995254642,0.2528288960456848,0.3521633446216583,0.3032300593276203,0.37673038892551086,0.4317732366512854,0.9875399071955744,0.8711549585964142,0.770609756097561,0.8126510271771605
881,"no_changes,universal_edges,all_inverse_edges",2643,2643,3,0.14963154246409735,0,88,,0.37307241559028625,4.6722964299842715,1,0.2777441143989563,1,0.01358785480260849,1,0.15756265819072723,,,,,,,,,,,,,,,,,,,,,,,,,,,
882,"all_inverse_edges,no_changes,universal_edges",2646,2646,3,0.054364096062878765,0,88,,0.37307241559028625,4.6731032258830965,1,0.01523110643029213,1,0.01258793380111456,1,0.13527324795722961,,,,,,,,,,,,,,,,,,,,,,,,,,,
883,"universal_edges,no_changes,all_inverse_edges",2649,2649,3,0.07708778915305932,0,88,,0.37307241559028625,4.690282593946904,1,0.011984830722212791,1,0.1080094426870346,1,0.11126909404993057,,,,,,,,,,,,,,,,,,,,,,,,,,,
884,"all_inverse_edges,no_changes,universal_edges",2652,2652,3,0.03635507154588898,0,88,,0.37307241559028625,4.682839762186632,1,0.012134923599660397,1,0.007478672545403242,1,0.0894516184926033,,,,,,,,,,,,,,,,,,,,,,,,,,,
885,"all_inverse_edges,universal_edges,no_changes",2655,2655,3,0.036690126483639084,0,88,,0.37307241559028625,4.679393242811784,1,0.013362180441617966,1,0.02904192917048931,1,0.06766626983880997,,,,,,,,,,,,,,,,,,,,,,,,,,,
886,"no_changes,all_inverse_edges,universal_edges",2658,2658,3,0.12338590870300929,0,88,,0.37307241559028625,4.670487714931369,1,0.2858963906764984,1,0.00981515645980835,1,0.0744461789727211,,,,,,,,,,,,,,,,,,,,,,,,,,,
887,"all_inverse_edges,no_changes,universal_edges",2661,2661,3,0.027958320764203865,0,88,,0.37307241559028625,4.672550097107887,1,0.00938283558934927,1,0.012411974370479584,1,0.062080152332782745,,,,,,,,,,,,,,,,,,,,,,,,,,,
888,"universal_edges,all_inverse_edges,no_changes",2664,2664,3,0.02609374839812517,0,88,,0.37307241559028625,4.6766356870066375,1,0.007864375598728657,1,0.013477334752678871,1,0.05693953484296799,,,,,,,,,,,,,,,,,,,,,,,,,,,
889,"universal_edges,no_changes,all_inverse_edges",2667,2667,3,0.022222174641986687,0,88,,0.37307241559028625,4.680230617057532,1,0.00791890174150467,1,0.011540005914866924,1,0.04720761626958847,,,,,,,,,,,,,,,,,,,,,,,,,,,
890,"all_inverse_edges,universal_edges,no_changes",2670,2670,3,0.11829266635080178,1,89,0.3636558751265208,0.37307241559028625,20.13284181896597,1,0.29055774211883545,1,0.009433647617697716,1,0.05488660931587219,0.2414984107017517,0.3568987548351288,0.3147659854976928,0.38266315095583386,0.4268292682926829,0.9885674770897153,0.9528376985212512,0.7289815425181279,0.8028316756544138,0.2622126042842865,0.3808792531490326,0.34508899143045485,0.3951878707976269,0.4451219512195122,0.988793671720501,0.9546932709963881,0.7342649967040211,0.8079376323649853,0.25288569927215576,0.353189617395401,0.30998681608437706,0.3724456163480554,0.42617007251153594,0.9886256414233459,0.9344968932533615,0.7427389584706657,0.8104344446198604
891,"universal_edges,no_changes,all_inverse_edges",2673,2673,3,0.018539833991477888,0,89,,0.37307241559028625,4.671947916969657,1,0.006999974604696035,1,0.00642051175236702,1,0.042199015617370605,,,,,,,,,,,,,,,,,,,,,,,,,,,
892,"all_inverse_edges,no_changes,universal_edges",2676,2676,3,0.021328820226093132,0,89,,0.37307241559028625,4.672361594159156,1,0.007949183695018291,1,0.00658927857875824,1,0.04944799840450287,,,,,,,,,,,,,,,,,,,,,,,,,,,
893,"universal_edges,no_changes,all_inverse_edges",2679,2679,3,0.054015896283090115,0,89,,0.37307241559028625,4.683161288965493,1,0.00679087545722723,1,0.005248000845313072,1,0.15000881254673004,,,,,,,,,,,,,,,,,,,,,,,,,,,
894,"universal_edges,all_inverse_edges,no_changes",2682,2682,3,0.017377451993525028,0,89,,0.37307241559028625,4.6653754520229995,1,0.007945404388010502,1,0.0055844541639089584,1,0.038602497428655624,,,,,,,,,,,,,,,,,,,,,,,,,,,
895,"no_changes,all_inverse_edges,universal_edges",2685,2685,3,0.02036253238717715,0,89,,0.37307241559028625,4.6820544339716434,1,0.0070095667615532875,1,0.004395264200866222,1,0.04968276619911194,,,,,,,,,,,,,,,,,,,,,,,,,,,
896,"no_changes,all_inverse_edges,universal_edges",2688,2688,3,0.019053581170737743,0,89,,0.37307241559028625,4.663257299922407,1,0.006786698009818792,1,0.005557529162615538,1,0.0448165163397789,,,,,,,,,,,,,,,,,,,,,,,,,,,
897,"all_inverse_edges,universal_edges,no_changes",2691,2691,3,0.11546294142802556,0,89,,0.37307241559028625,4.67798587703146,1,0.294805645942688,1,0.004838529974222183,1,0.04674464836716652,,,,,,,,,,,,,,,,,,,,,,,,,,,
898,"all_inverse_edges,universal_edges,no_changes",2694,2694,3,0.04778939920167128,0,89,,0.37307241559028625,4.673643857007846,1,0.010719096288084984,1,0.09260395914316177,1,0.04004514217376709,,,,,,,,,,,,,,,,,,,,,,,,,,,
899,"universal_edges,all_inverse_edges,no_changes",2697,2697,3,0.017532304860651493,0,89,,0.37307241559028625,4.673421700950712,1,0.009169138967990875,1,0.008159688673913479,1,0.035268086940050125,,,,,,,,,,,,,,,,,,,,,,,,,,,
900,"all_inverse_edges,no_changes,universal_edges",2700,2700,3,0.15343558291594186,1,90,0.36221592624982196,0.37307241559028625,20.078073581913486,1,0.30121374130249023,1,0.007481172680854797,1,0.1516118347644806,0.2414017915725708,0.35198643803596497,0.30405405405405406,0.3768951878707976,0.43605800922874094,0.9886191787196091,0.9313933343005748,0.7448352010547132,0.8113902162697822,0.26355355978012085,0.38427770137786865,0.34640738299274887,0.3991430454845089,0.4536914963744232,0.9889293884989724,0.9398521008613283,0.7479004614370468,0.8160728830212285,0.24990227818489075,0.3503836393356323,0.3029004614370468,0.37376400791034936,0.43144363876071196,0.9889940155363398,0.9262021825958564,0.7603691496374423,0.8224661304469496
901,"universal_edges,all_inverse_edges,no_changes",2703,2703,3,0.13850742702682814,0,90,,0.37307241559028625,4.67700594291091,1,0.2850485146045685,1,0.09019660949707031,1,0.040277156978845596,,,,,,,,,,,,,,,,,,,,,,,,,,,
902,"no_changes,all_inverse_edges,universal_edges",2706,2706,3,0.0350167405170699,0,90,,0.37307241559028625,4.680270952172577,1,0.010977435857057571,1,0.007544149179011583,1,0.08652863651514053,,,,,,,,,,,,,,,,,,,,,,,,,,,
903,"all_inverse_edges,no_changes,universal_edges",2709,2709,3,0.12070265070845683,0,90,,0.37307241559028625,4.669799620984122,1,0.28681680560112,1,0.009874408133327961,1,0.06541673839092255,,,,,,,,,,,,,,,,,,,,,,,,,,,
904,"all_inverse_edges,no_changes,universal_edges",2712,2712,3,0.05025216409315666,0,90,,0.37307241559028625,4.670029232976958,1,0.007950210012495518,1,0.008157273754477501,1,0.13464900851249695,,,,,,,,,,,,,,,,,,,,,,,,,,,
905,"all_inverse_edges,universal_edges,no_changes",2715,2715,3,0.020716875481108826,0,90,,0.37307241559028625,4.6756322691217065,1,0.009329856373369694,1,0.008895715698599815,1,0.043925054371356964,,,,,,,,,,,,,,,,,,,,,,,,,,,
906,"universal_edges,no_changes,all_inverse_edges",2718,2718,3,0.018052391707897186,0,90,,0.37307241559028625,4.683578233001754,1,0.007502598688006401,1,0.008503081277012825,1,0.03815149515867233,,,,,,,,,,,,,,,,,,,,,,,,,,,
907,"all_inverse_edges,no_changes,universal_edges",2721,2721,3,0.023464485226819914,0,90,,0.37307241559028625,4.673407799098641,1,0.006477071903645992,1,0.007498568389564753,1,0.05641781538724899,,,,,,,,,,,,,,,,,,,,,,,,,,,
908,"all_inverse_edges,no_changes,universal_edges",2724,2724,3,0.046542769918839134,0,90,,0.37307241559028625,4.676042086910456,1,0.006207937840372324,1,0.005087786819785833,1,0.12833258509635925,,,,,,,,,,,,,,,,,,,,,,,,,,,
909,"no_changes,all_inverse_edges,universal_edges",2727,2727,3,0.048714310551683106,0,90,,0.37307241559028625,4.681889113970101,1,0.006267888471484184,1,0.09605301916599274,1,0.0438220240175724,,,,,,,,,,,,,,,,,,,,,,,,,,,
910,"universal_edges,all_inverse_edges,no_changes",2730,2730,3,0.020434443994114797,1,91,0.3697240849335988,0.37307241559028625,20.087581579806283,1,0.007145808544009924,1,0.016259262338280678,1,0.03789826110005379,0.24684946238994598,0.35966670513153076,0.3127883981542518,0.38645352669742916,0.4406723796967699,0.9888001344242378,0.9440557638841671,0.7412129202373104,0.8114918519371275,0.2680186927318573,0.3895135223865509,0.3498681608437706,0.4047462096242584,0.45978905735003295,0.9893688523530705,0.9499926821822906,0.7536156888595913,0.8233741346000705,0.2595025897026062,0.35999202728271484,0.3111404087013843,0.3848055372445616,0.44330916282135796,0.9894593302053847,0.9402844305655944,0.7631905075807515,0.8285872510352341
911,"universal_edges,all_inverse_edges,no_changes",2733,2733,3,0.027400811047603685,0,91,,0.37307241559028625,4.681318610906601,1,0.006281648296862841,1,0.02132411114871502,1,0.0545966736972332,,,,,,,,,,,,,,,,,,,,,,,,,,,
912,"all_inverse_edges,universal_edges,no_changes",2736,2736,3,0.054537656251341105,0,91,,0.37307241559028625,4.675561698153615,1,0.006910748314112425,1,0.09760439395904541,1,0.05909782648086548,,,,,,,,,,,,,,,,,,,,,,,,,,,
913,"universal_edges,no_changes,all_inverse_edges",2739,2739,3,0.16762943317492804,0,91,,0.37307241559028625,4.66656884807162,1,0.285446435213089,1,0.16337406635284424,1,0.05406779795885086,,,,,,,,,,,,,,,,,,,,,,,,,,,
914,"universal_edges,all_inverse_edges,no_changes",2742,2742,3,0.22120187307397524,0,91,,0.37307241559028625,4.683780285064131,1,0.31613925099372864,1,0.2884525656700134,1,0.05901380255818367,,,,,,,,,,,,,,,,,,,,,,,,,,,
915,"universal_edges,no_changes,all_inverse_edges",2745,2745,3,0.30775065161287785,0,91,,0.37307241559028625,4.674171421909705,1,0.022991595789790154,1,0.7335606217384338,1,0.16669973731040955,,,,,,,,,,,,,,,,,,,,,,,,,,,
916,"no_changes,all_inverse_edges,universal_edges",2748,2748,3,0.21733178198337555,0,91,,0.37307241559028625,4.66905909916386,1,0.051167622208595276,1,0.35620570182800293,1,0.24462202191352844,,,,,,,,,,,,,,,,,,,,,,,,,,,
917,"no_changes,all_inverse_edges,universal_edges",2751,2751,3,0.21247057368357977,0,91,,0.37307241559028625,4.666950087994337,1,0.10599764436483383,1,0.10288207232952118,1,0.4285320043563843,,,,,,,,,,,,,,,,,,,,,,,,,,,
918,"no_changes,universal_edges,all_inverse_edges",2754,2754,3,0.17472550893823305,0,91,,0.37307241559028625,4.673383589135483,1,0.05517219379544258,1,0.12029200792312622,1,0.34871232509613037,,,,,,,,,,,,,,,,,,,,,,,,,,,
919,"all_inverse_edges,universal_edges,no_changes",2757,2757,3,0.08647604162494342,0,91,,0.37307241559028625,4.680283226072788,1,0.0426844097673893,1,0.0753033235669136,1,0.14144039154052734,,,,,,,,,,,,,,,,,,,,,,,,,,,
920,"all_inverse_edges,universal_edges,no_changes",2760,2760,3,0.21188653881351152,1,92,0.2674626062313716,0.37307241559028625,20.108064255909994,1,0.4832211434841156,1,0.04656589403748512,1,0.10587257891893387,0.189251109957695,0.24623806774616241,0.1825972313777192,0.2801582069874753,0.3647000659195781,0.9806829785308981,0.7488598188414693,0.7624291364535267,0.7554530079173007,0.210479736328125,0.2747269570827484,0.21061305207646672,0.3093276203032301,0.38941990771259066,0.9838432406581618,0.7938700274222334,0.7674324324324324,0.7799943333760906,0.2082703560590744,0.28142279386520386,0.21819380355965723,0.31740276862228084,0.39205669083717865,0.9815102046092004,0.7584659380486681,0.7943441001977587,0.7751676085444604
921,"no_changes,universal_edges,all_inverse_edges",2763,2763,3,0.06336075440049171,0,92,,0.37307241559028625,4.676065283128992,1,0.03865399584174156,1,0.0652400404214859,1,0.08618822693824768,,,,,,,,,,,,,,,,,,,,,,,,,,,
922,"all_inverse_edges,no_changes,universal_edges",2766,2766,3,0.20048998296260834,0,92,,0.37307241559028625,4.6796490689739585,1,0.4480624496936798,1,0.06008210778236389,1,0.09332539141178131,,,,,,,,,,,,,,,,,,,,,,,,,,,
923,"all_inverse_edges,no_changes,universal_edges",2769,2769,3,0.21225102990865707,0,92,,0.37307241559028625,4.672311987960711,1,0.37288087606430054,1,0.16258156299591064,1,0.10129065066576004,,,,,,,,,,,,,,,,,,,,,,,,,,,
924,"no_changes,universal_edges,all_inverse_edges",2772,2772,3,0.33081986010074615,0,92,,0.37307241559028625,4.674714316846803,1,0.5292547345161438,1,0.2931362986564636,1,0.17006854712963104,,,,,,,,,,,,,,,,,,,,,,,,,,,
925,"no_changes,universal_edges,all_inverse_edges",2775,2775,3,0.19370614240566889,0,92,,0.37307241559028625,4.67966206301935,1,0.2763398587703705,1,0.18920208513736725,1,0.11557648330926895,,,,,,,,,,,,,,,,,,,,,,,,,,,
926,"universal_edges,all_inverse_edges,no_changes",2778,2778,3,0.25970732669035596,0,92,,0.37307241559028625,4.666971979197115,1,0.19183337688446045,1,0.490646094083786,1,0.09664250910282135,,,,,,,,,,,,,,,,,,,,,,,,,,,
927,"universal_edges,all_inverse_edges,no_changes",2781,2781,3,0.32241108516852063,0,92,,0.37307241559028625,4.679398776963353,1,0.5264968276023865,1,0.18737997114658356,1,0.2533564567565918,,,,,,,,,,,,,,,,,,,,,,,,,,,
928,"no_changes,all_inverse_edges,universal_edges",2784,2784,3,0.26033271849155426,0,92,,0.37307241559028625,4.675232905894518,1,0.4145355224609375,1,0.22344152629375458,1,0.1430211067199707,,,,,,,,,,,,,,,,,,,,,,,,,,,
929,"universal_edges,no_changes,all_inverse_edges",2787,2787,3,0.1358154689272245,0,92,,0.37307241559028625,4.694299923023209,1,0.16275592148303986,1,0.1381707340478897,1,0.10651975125074387,,,,,,,,,,,,,,,,,,,,,,,,,,,
930,"universal_edges,no_changes,all_inverse_edges",2790,2790,3,0.1352147584160169,1,93,0.2744798461596171,0.37307241559028625,20.11378075904213,1,0.2058352828025818,1,0.07859350740909576,1,0.12121548503637314,0.18874254822731018,0.25076162815093994,0.18803559657218194,0.2821357943309163,0.3711272247857614,0.9787635555210878,0.7272977066363966,0.7609657218193804,0.7428914347725623,0.2207045555114746,0.29618704319000244,0.23483849703361898,0.33075148319050757,0.40293342122610415,0.9815942197577778,0.7601535950123431,0.7727455504284773,0.7662916602253331,0.2115405648946762,0.27649086713790894,0.20978905735003295,0.31262359920896504,0.39601186552406065,0.9818398024997738,0.7628552182190815,0.7833684904416611,0.7727030124275835
931,"universal_edges,all_inverse_edges,no_changes",2793,2793,3,0.0736165667573611,0,93,,0.37307241559028625,4.677896055858582,1,0.07175862044095993,1,0.055280737578868866,1,0.09381034225225449,,,,,,,,,,,,,,,,,,,,,,,,,,,
932,"universal_edges,no_changes,all_inverse_edges",2796,2796,3,0.12999888633688292,0,93,,0.37307241559028625,4.728876563953236,1,0.04813142493367195,1,0.2550508379936218,1,0.08681439608335495,,,,,,,,,,,,,,,,,,,,,,,,,,,
933,"all_inverse_edges,universal_edges,no_changes",2799,2799,3,0.21737016985813776,0,93,,0.37307241559028625,4.6730516529642045,1,0.4017372131347656,1,0.15306049585342407,1,0.0973128005862236,,,,,,,,,,,,,,,,,,,,,,,,,,,
934,"universal_edges,no_changes,all_inverse_edges",2802,2802,3,0.10169114420811336,0,93,,0.37307241559028625,4.66750202793628,1,0.09955661743879318,1,0.11829815059900284,1,0.08721866458654404,,,,,,,,,,,,,,,,,,,,,,,,,,,
935,"all_inverse_edges,no_changes,universal_edges",2805,2805,3,0.10700544714927673,0,93,,0.37307241559028625,4.671092762146145,1,0.06094176322221756,1,0.08411792665719986,1,0.17595665156841278,,,,,,,,,,,,,,,,,,,,,,,,,,,
936,"no_changes,universal_edges,all_inverse_edges",2808,2808,3,0.06598674754301707,0,93,,0.37307241559028625,4.657108166953549,1,0.03464676812291145,1,0.046474527567625046,1,0.11683894693851471,,,,,,,,,,,,,,,,,,,,,,,,,,,
937,"universal_edges,all_inverse_edges,no_changes",2811,2811,3,0.07992282882332802,0,93,,0.37307241559028625,4.675212328089401,1,0.04378093406558037,1,0.034236133098602295,1,0.1617514193058014,,,,,,,,,,,,,,,,,,,,,,,,,,,
938,"no_changes,all_inverse_edges,universal_edges",2814,2814,3,0.04868253506720066,0,93,,0.37307241559028625,4.670717098051682,1,0.024502994492650032,1,0.022602628916502,1,0.09894198179244995,,,,,,,,,,,,,,,,,,,,,,,,,,,
939,"all_inverse_edges,universal_edges,no_changes",2817,2817,3,0.11294021705786388,0,93,,0.37307241559028625,4.668634766945615,1,0.034138552844524384,1,0.222289577126503,1,0.08239252120256424,,,,,,,,,,,,,,,,,,,,,,,,,,,
940,"universal_edges,no_changes,all_inverse_edges",2820,2820,3,0.11389272411664327,1,94,0.3172883093357086,0.37307241559028625,20.11447458807379,1,0.0462767630815506,1,0.09792213141918182,1,0.1974792778491974,0.22368964552879333,0.30678755044937134,0.244726433750824,0.34377059986816083,0.41331575477916943,0.9843085553272067,0.7977622125192462,0.7864040870138431,0.7919666237728429,0.24421747028827667,0.3341556191444397,0.27356624917600525,0.37030323005932764,0.43539881344759396,0.985058228960668,0.8028338114510598,0.8192485168094925,0.8108124969031517,0.23512017726898193,0.3109217584133148,0.245385629531971,0.3475609756097561,0.42518127883981544,0.9860276345211783,0.816531817149887,0.8249110085695451,0.8206637258586698
941,"no_changes,universal_edges,all_inverse_edges",2823,2823,3,0.04620689650376638,0,94,,0.37307241559028625,4.682353242998943,1,0.029554300010204315,1,0.031224749982357025,1,0.07784163951873779,,,,,,,,,,,,,,,,,,,,,,,,,,,
942,"universal_edges,no_changes,all_inverse_edges",2826,2826,3,0.04945242094496886,0,94,,0.37307241559028625,4.682153029134497,1,0.0644887387752533,1,0.021081825718283653,1,0.06278669834136963,,,,,,,,,,,,,,,,,,,,,,,,,,,
943,"universal_edges,no_changes,all_inverse_edges",2829,2829,3,0.044893257319927216,0,94,,0.37307241559028625,4.682316252961755,1,0.0380038283765316,1,0.036260951310396194,1,0.06041499227285385,,,,,,,,,,,,,,,,,,,,,,,,,,,
944,"all_inverse_edges,universal_edges,no_changes",2832,2832,3,0.040365795915325485,0,94,,0.37307241559028625,4.673356638057157,1,0.028658444061875343,1,0.03311556950211525,1,0.059323374181985855,,,,,,,,,,,,,,,,,,,,,,,,,,,
945,"universal_edges,no_changes,all_inverse_edges",2835,2835,3,0.0793633380283912,0,94,,0.37307241559028625,4.675942057976499,1,0.017134012654423714,1,0.16570456326007843,1,0.05525143817067146,,,,,,,,,,,,,,,,,,,,,,,,,,,
946,"no_changes,universal_edges,all_inverse_edges",2838,2838,3,0.028424523460368317,0,94,,0.37307241559028625,4.680189264938235,1,0.015600057318806648,1,0.01328482199460268,1,0.05638869106769562,,,,,,,,,,,,,,,,,,,,,,,,,,,
947,"all_inverse_edges,universal_edges,no_changes",2841,2841,3,0.026764297547439735,0,94,,0.37307241559028625,4.670553589006886,1,0.01379496417939663,1,0.01300723385065794,1,0.05349069461226463,,,,,,,,,,,,,,,,,,,,,,,,,,,
948,"all_inverse_edges,universal_edges,no_changes",2844,2844,3,0.0638283019264539,0,94,,0.37307241559028625,4.672682952834293,1,0.012462921440601349,1,0.12816575169563293,1,0.05085623264312744,,,,,,,,,,,,,,,,,,,,,,,,,,,
949,"all_inverse_edges,no_changes,universal_edges",2847,2847,3,0.0249088021616141,0,94,,0.37307241559028625,4.671060751192272,1,0.011560432612895966,1,0.012413054704666138,1,0.0507529191672802,,,,,,,,,,,,,,,,,,,,,,,,,,,
950,"universal_edges,no_changes,all_inverse_edges",2850,2850,3,0.17076620738953352,1,95,0.3428370753924052,0.37307241559028625,20.10956811509095,1,0.33602824807167053,1,0.010773458518087864,1,0.16549691557884216,0.23673012852668762,0.34282609820365906,0.29185893210283453,0.3760711931443639,0.4245220830586684,0.9878953559010948,0.89498573272107,0.7539947264337508,0.8085317585074645,0.25634562969207764,0.3628455102443695,0.31591957811470006,0.38744232036914966,0.44100197758734344,0.9890521798699704,0.9157068654019873,0.7715425181278839,0.8278858130865618,0.23654329776763916,0.322839617729187,0.26104152933421226,0.35893210283454186,0.42963085036255766,0.9888906122765521,0.9004007627335217,0.7821193144363876,0.8305735135928798
951,"no_changes,universal_edges,all_inverse_edges",2853,2853,3,0.12587979218612114,0,95,,0.37307241559028625,4.675468269037083,1,0.31673720479011536,1,0.010882456786930561,1,0.05001971498131752,,,,,,,,,,,,,,,,,,,,,,,,,,,
952,"all_inverse_edges,no_changes,universal_edges",2856,2856,3,0.02565414955218633,0,95,,0.37307241559028625,4.674402710981667,1,0.013566954992711544,1,0.012764600105583668,1,0.05063089355826378,,,,,,,,,,,,,,,,,,,,,,,,,,,
953,"universal_edges,no_changes,all_inverse_edges",2859,2859,3,0.023560640091697376,0,95,,0.37307241559028625,4.680198159068823,1,0.01494267676025629,1,0.010072738863527775,1,0.04566650465130806,,,,,,,,,,,,,,,,,,,,,,,,,,,
954,"universal_edges,no_changes,all_inverse_edges",2862,2862,3,0.022171272585789364,0,95,,0.37307241559028625,4.672867483925074,1,0.011255531571805477,1,0.008995392359793186,1,0.046262893825769424,,,,,,,,,,,,,,,,,,,,,,,,,,,
955,"no_changes,universal_edges,all_inverse_edges",2865,2865,3,0.1239771790181597,0,95,,0.37307241559028625,4.664665790041909,1,0.31171077489852905,1,0.008195317350327969,1,0.0520254448056221,,,,,,,,,,,,,,,,,,,,,,,,,,,
956,"universal_edges,no_changes,all_inverse_edges",2868,2868,3,0.05452431676288446,0,95,,0.37307241559028625,4.674149575876072,1,0.013305330649018288,1,0.10373899340629578,1,0.04652862623333931,,,,,,,,,,,,,,,,,,,,,,,,,,,
957,"no_changes,all_inverse_edges,universal_edges",2871,2871,3,0.05412945616990328,0,95,,0.37307241559028625,4.668101446935907,1,0.008951167576014996,1,0.10036401450634003,1,0.05307318642735481,,,,,,,,,,,,,,,,,,,,,,,,,,,
958,"universal_edges,no_changes,all_inverse_edges",2874,2874,3,0.055761861304442085,0,95,,0.37307241559028625,4.669718999881297,1,0.00901053287088871,1,0.009095979854464531,1,0.14917907118797302,,,,,,,,,,,,,,,,,,,,,,,,,,,
959,"all_inverse_edges,no_changes,universal_edges",2877,2877,3,0.05625873928268751,0,95,,0.37307241559028625,4.672663399018347,1,0.01032062154263258,1,0.008935303427278996,1,0.14952029287815094,,,,,,,,,,,,,,,,,,,,,,,,,,,
960,"no_changes,all_inverse_edges,universal_edges",2880,2880,3,0.02377870570247372,1,96,0.3548658788204193,0.37307241559028625,20.117510616080835,1,0.007927278988063335,1,0.00700243329629302,1,0.056406404823064804,0.24393612146377563,0.35766899585723877,0.3108108108108108,0.3859591298615689,0.43243243243243246,0.9891168069073377,0.947356618252887,0.7481575477916942,0.8181644896184138,0.2605334520339966,0.37378162145614624,0.3299274884640738,0.3941990771259064,0.4475939353988134,0.9895627334651725,0.9534961163480427,0.7567831245880027,0.826883581906578,0.24130278825759888,0.3331470191478729,0.2720830586684245,0.3676664469347396,0.4382003955174687,0.9896144350950664,0.9436588491337725,0.7652076466710613,0.831109572295292
961,"no_changes,universal_edges,all_inverse_edges",2883,2883,3,0.12289748527109623,0,96,,0.37307241559028625,4.675751286093146,1,0.3147432804107666,1,0.008161494508385658,1,0.04578768089413643,,,,,,,,,,,,,,,,,,,,,,,,,,,
962,"universal_edges,no_changes,all_inverse_edges",2886,2886,3,0.04892096761614084,0,96,,0.37307241559028625,4.679701007902622,1,0.009365173988044262,1,0.09653939306735992,1,0.04085833579301834,,,,,,,,,,,,,,,,,,,,,,,,,,,
963,"no_changes,all_inverse_edges,universal_edges",2889,2889,3,0.025802395306527615,0,96,,0.37307241559028625,4.686798755079508,1,0.00885101594030857,1,0.007125518284738064,1,0.06143065169453621,,,,,,,,,,,,,,,,,,,,,,,,,,,
964,"all_inverse_edges,universal_edges,no_changes",2892,2892,3,0.022508574804912012,0,96,,0.37307241559028625,4.692489475943148,1,0.008817572146654129,1,0.0074031115509569645,1,0.05130504071712494,,,,,,,,,,,,,,,,,,,,,,,,,,,
965,"universal_edges,no_changes,all_inverse_edges",2895,2895,3,0.052277911299218736,0,96,,0.37307241559028625,4.683794253971428,1,0.008626891300082207,1,0.006820408161729574,1,0.14138643443584442,,,,,,,,,,,,,,,,,,,,,,,,,,,
966,"no_changes,universal_edges,all_inverse_edges",2898,2898,3,0.12160609258959691,0,96,,0.37307241559028625,4.674086512066424,1,0.295271098613739,1,0.006406794302165508,1,0.0631403848528862,,,,,,,,,,,,,,,,,,,,,,,,,,,
967,"all_inverse_edges,universal_edges,no_changes",2901,2901,3,0.023129725363105536,0,96,,0.37307241559028625,4.693083960795775,1,0.007005525752902031,1,0.00717264274135232,1,0.055211007595062256,,,,,,,,,,,,,,,,,,,,,,,,,,,
968,"no_changes,all_inverse_edges,universal_edges",2904,2904,3,0.02266308991238475,0,96,,0.37307241559028625,4.6868355080951005,1,0.007245041895657778,1,0.005528921261429787,1,0.05521530658006668,,,,,,,,,,,,,,,,,,,,,,,,,,,
969,"universal_edges,all_inverse_edges,no_changes",2907,2907,3,0.050316494734336935,0,96,,0.37307241559028625,4.6837831099983305,1,0.007071814965456724,1,0.0064612021669745445,1,0.13741646707057953,,,,,,,,,,,,,,,,,,,,,,,,,,,
970,"all_inverse_edges,universal_edges,no_changes",2910,2910,3,0.12109108129516244,1,97,0.3564962049325307,0.37307241559028625,20.202043515862897,1,0.30083420872688293,1,0.006626076530665159,1,0.055812958627939224,0.24440178275108337,0.3585554361343384,0.31097560975609756,0.38612392880685564,0.4367172050098879,0.98901340364755,0.9352669124663302,0.753757415952538,0.8196830365265928,0.2617325782775879,0.3765853941440582,0.3325642715886618,0.39798945286750165,0.45418589321028346,0.9896338232062766,0.9507242902922044,0.7606954515491101,0.8293745539987513,0.24028654396533966,0.33434778451919556,0.2747198417930125,0.36453526697429134,0.43951878707976266,0.9895433453539623,0.9335672420708656,0.7709854976928148,0.8327789524443016
971,"universal_edges,all_inverse_edges,no_changes",2913,2913,3,0.02380170937006672,0,97,,0.37307241559028625,4.677191701019183,1,0.008552933111786842,1,0.006946234498172998,1,0.055905960500240326,,,,,,,,,,,,,,,,,,,,,,,,,,,
972,"universal_edges,all_inverse_edges,no_changes",2916,2916,3,0.14439934367934862,0,97,,0.37307241559028625,4.674564867047593,1,0.28369733691215515,1,0.09622292220592499,1,0.053277771919965744,,,,,,,,,,,,,,,,,,,,,,,,,,,
973,"all_inverse_edges,no_changes,universal_edges",2919,2919,3,0.05282566168655952,0,97,,0.37307241559028625,4.685300237964839,1,0.00648231478407979,1,0.006643468979746103,1,0.14535120129585266,,,,,,,,,,,,,,,,,,,,,,,,,,,
974,"no_changes,all_inverse_edges,universal_edges",2922,2922,3,0.023501943952093523,0,97,,0.37307241559028625,4.687399509130046,1,0.008297927677631378,1,0.007584371138364077,1,0.05462353304028511,,,,,,,,,,,,,,,,,,,,,,,,,,,
975,"no_changes,all_inverse_edges,universal_edges",2925,2925,3,0.01910443666080634,0,97,,0.37307241559028625,4.688534106127918,1,0.006673645228147507,1,0.005536539480090141,1,0.045103125274181366,,,,,,,,,,,,,,,,,,,,,,,,,,,
976,"all_inverse_edges,universal_edges,no_changes",2928,2928,3,0.07570289556557934,0,97,,0.37307241559028625,4.69099361798726,1,0.00699008209630847,1,0.09324713796377182,1,0.12687146663665771,,,,,,,,,,,,,,,,,,,,,,,,,,,
977,"no_changes,all_inverse_edges,universal_edges",2931,2931,3,0.04811097991963228,0,97,,0.37307241559028625,4.685061412164941,1,0.006822558119893074,1,0.09072346985340118,1,0.04678691178560257,,,,,,,,,,,,,,,,,,,,,,,,,,,
978,"universal_edges,all_inverse_edges,no_changes",2934,2934,3,0.017195724106083315,0,97,,0.37307241559028625,4.683812511852011,1,0.006944730412214994,1,0.0063290903344750404,1,0.038313351571559906,,,,,,,,,,,,,,,,,,,,,,,,,,,
979,"no_changes,all_inverse_edges,universal_edges",2937,2937,3,0.061299594740072884,0,97,,0.37307241559028625,4.688474063994363,1,0.006806850433349609,1,0.08783887326717377,1,0.08925306051969528,,,,,,,,,,,,,,,,,,,,,,,,,,,
980,"all_inverse_edges,universal_edges,no_changes",2940,2940,3,0.032108157873153687,1,98,0.3645057777563731,0.37307241559028625,20.208050705026835,1,0.006977635435760021,1,0.005768497474491596,1,0.08357834070920944,0.24764876067638397,0.3644055128097534,0.32053394858272904,0.38909030982201714,0.4378707976268952,0.9889617020176561,0.9473122373263461,0.7437178642056691,0.8144070300692473,0.2649628221988678,0.3840433359146118,0.34360580092287407,0.40095583388266315,0.45517468688200396,0.9893817777605439,0.9556881576414133,0.7502307185234014,0.8219577880402555,0.24757766723632812,0.34506848454475403,0.28889255108767303,0.37326961107448914,0.4464403427818062,0.989207284759652,0.9349048193249193,0.7598319050758076,0.8244527324935138
981,"no_changes,all_inverse_edges,universal_edges",2943,2943,3,0.13968594077353677,0,98,,0.37307241559028625,4.692149874055758,1,0.2900415062904358,1,0.006064845714718103,1,0.12295147031545639,,,,,,,,,,,,,,,,,,,,,,,,,,,
982,"universal_edges,no_changes,all_inverse_edges",2946,2946,3,0.055503669970979296,0,98,,0.37307241559028625,4.692409583134577,1,0.007146190386265516,1,0.005415469408035278,1,0.15394935011863708,,,,,,,,,,,,,,,,,,,,,,,,,,,
983,"universal_edges,all_inverse_edges,no_changes",2949,2949,3,0.15010230243206024,0,98,,0.37307241559028625,4.681161736138165,1,0.2833206057548523,1,0.09073488414287567,1,0.07625141739845276,,,,,,,,,,,,,,,,,,,,,,,,,,,
984,"universal_edges,all_inverse_edges,no_changes",2952,2952,3,0.026171295903623104,0,98,,0.37307241559028625,4.677657559979707,1,0.006637523882091045,1,0.006229827180504799,1,0.06564653664827347,,,,,,,,,,,,,,,,,,,,,,,,,,,
985,"universal_edges,all_inverse_edges,no_changes",2955,2955,3,0.07549606667210658,0,98,,0.37307241559028625,4.688235448906198,1,0.006778609938919544,1,0.08857914805412292,1,0.13113044202327728,,,,,,,,,,,,,,,,,,,,,,,,,,,
986,"all_inverse_edges,no_changes,universal_edges",2958,2958,3,0.038095034969349705,0,98,,0.37307241559028625,4.680457797134295,1,0.005798903293907642,1,0.005946461111307144,1,0.10253974050283432,,,,,,,,,,,,,,,,,,,,,,,,,,,
987,"no_changes,universal_edges,all_inverse_edges",2961,2961,3,0.14079342347880205,0,98,,0.37307241559028625,4.680770783917978,1,0.2843894064426422,1,0.005712615326046944,1,0.13227824866771698,,,,,,,,,,,,,,,,,,,,,,,,,,,
988,"all_inverse_edges,no_changes,universal_edges",2964,2964,3,0.027000528915474813,0,98,,0.37307241559028625,4.676418708870187,1,0.00727905472740531,1,0.005524350330233574,1,0.06819818168878555,,,,,,,,,,,,,,,,,,,,,,,,,,,
989,"all_inverse_edges,no_changes,universal_edges",2967,2967,3,0.023190162455042202,0,98,,0.37307241559028625,4.695676664123312,1,0.007649766281247139,1,0.006128303706645966,1,0.055792417377233505,,,,,,,,,,,,,,,,,,,,,,,,,,,
990,"universal_edges,all_inverse_edges,no_changes",2970,2970,3,0.046931884717196226,1,99,0.36651209990183514,0.37307241559028625,20.128549015149474,1,0.007109244354069233,1,0.005500705447047949,1,0.1281857043504715,0.24717926979064941,0.3662464916706085,0.3261371127224786,0.38744232036914966,0.4332564271588662,0.988793671720501,0.9517864744122573,0.7360415293342123,0.8088415998309983,0.26398369669914246,0.38527047634124756,0.3475609756097561,0.3991430454845089,0.45286750164798945,0.9890844933886541,0.9630096699157298,0.7374818721160185,0.812640011897751,0.24800588190555573,0.3480193316936493,0.2954845088991431,0.3740936058009229,0.44001318391562294,0.9889810901288663,0.9374642963699232,0.751156888595913,0.8181432091252789
991,"all_inverse_edges,universal_edges,no_changes",2973,2973,3,0.1379698202945292,0,99,,0.37307241559028625,4.682165244827047,1,0.2842315435409546,1,0.004825334530323744,1,0.12485258281230927,,,,,,,,,,,,,,,,,,,,,,,,,,,
992,"universal_edges,no_changes,all_inverse_edges",2976,2976,3,0.0441125511812667,0,99,,0.37307241559028625,4.673062314046547,1,0.006752345245331526,1,0.006721599027514458,1,0.11886370927095413,,,,,,,,,,,,,,,,,,,,,,,,,,,
993,"universal_edges,all_inverse_edges,no_changes",2979,2979,3,0.11192392169808348,0,99,,0.37307241559028625,4.675562598975375,1,0.28137779235839844,1,0.006178713869303465,1,0.04821525886654854,,,,,,,,,,,,,,,,,,,,,,,,,,,
994,"universal_edges,no_changes,all_inverse_edges",2982,2982,3,0.10917287521685164,0,99,,0.37307241559028625,4.682725070975721,1,0.2817874550819397,1,0.005314039532095194,1,0.040417131036520004,,,,,,,,,,,,,,,,,,,,,,,,,,,
995,"all_inverse_edges,universal_edges,no_changes",2985,2985,3,0.13488859962671995,0,99,,0.37307241559028625,4.683647269848734,1,0.275815486907959,1,0.0052770087495446205,1,0.12357330322265625,,,,,,,,,,,,,,,,,,,,,,,,,,,
996,"no_changes,all_inverse_edges,universal_edges",2988,2988,3,0.04355141629154483,0,99,,0.37307241559028625,4.690820756834,1,0.005816061981022358,1,0.005475333426147699,1,0.11936285346746445,,,,,,,,,,,,,,,,,,,,,,,,,,,
997,"all_inverse_edges,universal_edges,no_changes",2991,2991,3,0.01953900372609496,0,99,,0.37307241559028625,4.671468000859022,1,0.006523453630506992,1,0.006140414159744978,1,0.04595314338803291,,,,,,,,,,,,,,,,,,,,,,,,,,,
998,"all_inverse_edges,no_changes,universal_edges",2994,2994,3,0.13130170882989964,0,99,,0.37307241559028625,4.686575395055115,1,0.2731640338897705,1,0.005153977312147617,1,0.11558711528778076,,,,,,,,,,,,,,,,,,,,,,,,,,,
999,"all_inverse_edges,universal_edges,no_changes",2997,2997,3,0.04450179853787025,0,99,,0.37307241559028625,4.6749479558784515,1,0.0075098006054759026,1,0.08852867782115936,1,0.03746691718697548,,,,,,,,,,,,,,,,,,,,,,,,,,,
1000,"all_inverse_edges,no_changes,universal_edges",3000,3000,3,0.01955134638895591,1,100,0.36545529961586,0.37307241559028625,20.22760500689037,1,0.006963493302464485,1,0.009200257249176502,1,0.042490288615226746,0.2475803643465042,0.36416056752204895,0.31987475280158206,0.3902439024390244,0.43655240606460116,0.9888195225354479,0.9501050774518157,0.7378312458800264,0.8100140811250369,0.2652248740196228,0.386426717042923,0.34459459459459457,0.4047462096242584,0.45880026367831245,0.9892719117970195,0.9599018644531241,0.7445220830586684,0.8180889688616735,0.24793365597724915,0.34577861428260803,0.2890573500329598,0.3754119973632169,0.4441331575477917,0.9892008220559153,0.941099382332756,0.7549835201054713,0.8222107734879371
1001,"universal_edges,all_inverse_edges,no_changes",3003,3003,3,0.016806649199376505,0,100,,0.37307241559028625,4.689059694996104,1,0.0063720098696649075,1,0.0067961374297738075,1,0.037251800298690796,,,,,,,,,,,,,,,,,,,,,,,,,,,
1002,"universal_edges,all_inverse_edges,no_changes",3006,3006,3,0.018601003258178633,0,100,,0.37307241559028625,4.698270261054859,1,0.007284741848707199,1,0.005971280392259359,1,0.042546987533569336,,,,,,,,,,,,,,,,,,,,,,,,,,,
1003,"all_inverse_edges,universal_edges,no_changes",3009,3009,3,0.04427985583121578,0,100,,0.37307241559028625,4.677894479129463,1,0.006146287079900503,1,0.005293713882565498,1,0.12139956653118134,,,,,,,,,,,,,,,,,,,,,,,,,,,
1004,"universal_edges,all_inverse_edges,no_changes",3012,3012,3,0.020435030416895945,0,100,,0.37307241559028625,4.68015162483789,1,0.006697050761431456,1,0.004900750704109669,1,0.04970728978514671,,,,,,,,,,,,,,,,,,,,,,,,,,,
1005,"all_inverse_edges,universal_edges,no_changes",3015,3015,3,0.11175242795919378,0,100,,0.37307241559028625,4.6804463809821755,1,0.28439024090766907,1,0.0049670967273414135,1,0.04589994624257088,,,,,,,,,,,,,,,,,,,,,,,,,,,
1006,"no_changes,all_inverse_edges,universal_edges",3018,3018,3,0.023261939796308678,0,100,,0.37307241559028625,4.6820980799384415,1,0.006988657172769308,1,0.006388660054653883,1,0.05640850216150284,,,,,,,,,,,,,,,,,,,,,,,,,,,
1007,"universal_edges,all_inverse_edges,no_changes",3021,3021,3,0.020632216862092417,0,100,,0.37307241559028625,4.6882080640643835,1,0.007388032507151365,1,0.009573034010827541,1,0.04493558406829834,,,,,,,,,,,,,,,,,,,,,,,,,,,
1008,"universal_edges,no_changes,all_inverse_edges",3024,3024,3,0.020220953971147537,0,100,,0.37307241559028625,4.686913319164887,1,0.00690489774569869,1,0.006063106004148722,1,0.0476948581635952,,,,,,,,,,,,,,,,,,,,,,,,,,,
1009,"all_inverse_edges,universal_edges,no_changes",3027,3027,3,0.023514979984611273,0,100,,0.37307241559028625,4.68494413793087,1,0.006886479444801807,1,0.006238039117306471,1,0.05742042139172554,,,,,,,,,,,,,,,,,,,,,,,,,,,
1010,"no_changes,all_inverse_edges,universal_edges",3030,3030,3,0.022638885769993067,1,101,0.3703654110431671,0.37307241559028625,20.14119594404474,1,0.00651165097951889,1,0.007593150716274977,1,0.05381185561418533,0.24891838431358337,0.3709292709827423,0.3305866842452208,0.39304548450889915,0.4377059986816084,0.9888518360541316,0.9436125187240995,0.7430158206987475,0.8129146539337249,0.2678096890449524,0.38740700483322144,0.3465721819380356,0.4060646011865524,0.4576466710613052,0.9892719117970195,0.9539608755500438,0.7482366512854318,0.819850563009335,0.25170040130615234,0.3527599573135376,0.2994396835860251,0.3800263678312459,0.4451219512195122,0.9890651052774438,0.9303906588399695,0.7591133816743573,0.8226458168884436
1011,"all_inverse_edges,no_changes,universal_edges",3033,3033,3,0.04655256293093165,0,101,,0.37307241559028625,4.6740532021503896,1,0.006075448822230101,1,0.0070305075496435165,1,0.12655173242092133,,,,,,,,,,,,,,,,,,,,,,,,,,,
1012,"no_changes,universal_edges,all_inverse_edges",3036,3036,3,0.04866158543154597,0,101,,0.37307241559028625,4.668212591903284,1,0.00633125239983201,1,0.01968321204185486,1,0.11997029185295105,,,,,,,,,,,,,,,,,,,,,,,,,,,
1013,"universal_edges,all_inverse_edges,no_changes",3039,3039,3,0.04871042678132653,0,101,,0.37307241559028625,4.677293701097369,1,0.006009965669363737,1,0.09234283119440079,1,0.04777848348021507,,,,,,,,,,,,,,,,,,,,,,,,,,,
1014,"universal_edges,all_inverse_edges,no_changes",3042,3042,3,0.01797338652734955,0,101,,0.37307241559028625,4.668161161011085,1,0.007302335929125547,1,0.007817230187356472,1,0.038800593465566635,,,,,,,,,,,,,,,,,,,,,,,,,,,
1015,"universal_edges,no_changes,all_inverse_edges",3045,3045,3,0.11058961693197489,0,101,,0.37307241559028625,4.6797350300475955,1,0.280392050743103,1,0.0076843565329909325,1,0.043692443519830704,,,,,,,,,,,,,,,,,,,,,,,,,,,
1016,"no_changes,universal_edges,all_inverse_edges",3048,3048,3,0.02108430691684286,0,101,,0.37307241559028625,4.674724745098501,1,0.00673777237534523,1,0.006720139179378748,1,0.049795009195804596,,,,,,,,,,,,,,,,,,,,,,,,,,,
1017,"all_inverse_edges,no_changes,universal_edges",3051,3051,3,0.04693518330653509,0,101,,0.37307241559028625,4.696881138952449,1,0.0073500387370586395,1,0.08642911911010742,1,0.047026392072439194,,,,,,,,,,,,,,,,,,,,,,,,,,,
1018,"all_inverse_edges,universal_edges,no_changes",3054,3054,3,0.11070087101931374,0,101,,0.37307241559028625,4.6811969191767275,1,0.2840103507041931,1,0.007808574941009283,1,0.0402836874127388,,,,,,,,,,,,,,,,,,,,,,,,,,,
1019,"all_inverse_edges,universal_edges,no_changes",3057,3057,3,0.018876188589880865,0,101,,0.37307241559028625,4.675338339060545,1,0.0066153560765087605,1,0.00634512584656477,1,0.04366808384656906,,,,,,,,,,,,,,,,,,,,,,,,,,,
1020,"universal_edges,no_changes,all_inverse_edges",3060,3060,3,0.017736445646733046,1,102,0.37265823284784955,0.37307241559028625,20.137125371024013,1,0.0064351363107562065,1,0.005615755449980497,1,0.04115844517946243,0.24895723164081573,0.3696369528770447,0.3281147000659196,0.3937046802900461,0.4386947923533289,0.9888389106466582,0.9476814083968548,0.7399406723796967,0.8112683925800601,0.26684579253196716,0.389600545167923,0.35069215557020433,0.40524060646011867,0.46110744891232697,0.9892977626119663,0.955587570337436,0.7479268292682927,0.8199815195469158,0.2554472088813782,0.35873720049858093,0.30702043506921556,0.3852999340804219,0.4490771259063942,0.9893753150568072,0.9435631405646613,0.7583025708635465,0.8255511649033194
1021,"all_inverse_edges,universal_edges,no_changes",3063,3063,3,0.024728134584923584,0,102,,0.37307241559028625,4.686110807117075,1,0.006737871561199427,1,0.005434541497379541,1,0.06201199069619179,,,,,,,,,,,,,,,,,,,,,,,,,,,
1022,"universal_edges,all_inverse_edges,no_changes",3066,3066,3,0.018759924297531445,0,102,,0.37307241559028625,4.677212981041521,1,0.00618024542927742,1,0.005756476894021034,1,0.04434305056929588,,,,,,,,,,,,,,,,,,,,,,,,,,,
1023,"universal_edges,all_inverse_edges,no_changes",3069,3069,3,0.04522839824979504,0,102,,0.37307241559028625,4.693285788875073,1,0.006544617936015129,1,0.0044266642071306705,1,0.12471391260623932,,,,,,,,,,,,,,,,,,,,,,,,,,,
1024,"no_changes,universal_edges,all_inverse_edges",3072,3072,3,0.02840857394039631,0,102,,0.37307241559028625,4.679295914014801,1,0.00585024431347847,1,0.006003865972161293,1,0.07337161153554916,,,,,,,,,,,,,,,,,,,,,,,,,,,
1025,"no_changes,all_inverse_edges,universal_edges",3075,3075,3,0.04700369527563453,0,102,,0.37307241559028625,4.686847462086007,1,0.005596747621893883,1,0.005473470780998468,1,0.12994086742401123,,,,,,,,,,,,,,,,,,,,,,,,,,,
1026,"all_inverse_edges,universal_edges,no_changes",3078,3078,3,0.07523424938941996,0,102,,0.37307241559028625,4.688924269052222,1,0.0057945107109844685,1,0.09142923355102539,1,0.12847900390625,,,,,,,,,,,,,,,,,,,,,,,,,,,
1027,"all_inverse_edges,no_changes,universal_edges",3081,3081,3,0.15113217197358608,0,102,,0.37307241559028625,4.686609546188265,1,0.2838149070739746,1,0.005665900185704231,1,0.1639157086610794,,,,,,,,,,,,,,,,,,,,,,,,,,,
1028,"no_changes,universal_edges,all_inverse_edges",3084,3084,3,0.026409832450250786,0,102,,0.37307241559028625,4.686055216006935,1,0.006919272243976593,1,0.005743780173361301,1,0.06656644493341446,,,,,,,,,,,,,,,,,,,,,,,,,,,
1029,"all_inverse_edges,universal_edges,no_changes",3087,3087,3,0.11856772052124143,0,102,,0.37307241559028625,4.680368246044964,1,0.29243215918540955,1,0.005507641937583685,1,0.05776336044073105,,,,,,,,,,,,,,,,,,,,,,,,,,,
1030,"all_inverse_edges,no_changes,universal_edges",3090,3090,3,0.021480735391378403,1,103,0.3712448577086131,0.37307241559028625,20.16896908520721,1,0.00674349395558238,1,0.006339725572615862,1,0.051358986645936966,0.24462616443634033,0.3668694794178009,0.32580751483190507,0.39139749505603166,0.4319380355965722,0.9885804024971887,0.9507568040536373,0.7306031641397495,0.8038185547698977,0.26582977175712585,0.38902416825294495,0.3508569545154911,0.40458141067897163,0.4559986816084377,0.9888647614616051,0.9571658016811708,0.7347857613711273,0.8089506726991729,0.2537429928779602,0.3578409254550934,0.3065260382333553,0.3872775214238629,0.44528675016479896,0.9889617020176561,0.9487866269445671,0.742748846407383,0.8139364336916574
1031,"no_changes,all_inverse_edges,universal_edges",3093,3093,3,0.02209581946954131,0,103,,0.37307241559028625,4.716344871092588,1,0.007619793061167002,1,0.008042091503739357,1,0.050625573843717575,,,,,,,,,,,,,,,,,,,,,,,,,,,
1032,"universal_edges,no_changes,all_inverse_edges",3096,3096,3,0.018381056375801563,0,103,,0.37307241559028625,4.748643673025072,1,0.006125895772129297,1,0.0060127791948616505,1,0.04300449416041374,,,,,,,,,,,,,,,,,,,,,,,,,,,
1033,"all_inverse_edges,universal_edges,no_changes",3099,3099,3,0.04739691720654567,0,103,,0.37307241559028625,4.682956833858043,1,0.007103906013071537,1,0.005793001502752304,1,0.12929384410381317,,,,,,,,,,,,,,,,,,,,,,,,,,,
1034,"universal_edges,no_changes,all_inverse_edges",3102,3102,3,0.1164882299490273,0,103,,0.37307241559028625,4.693368220003322,1,0.30134809017181396,1,0.005378530826419592,1,0.04273806884884834,,,,,,,,,,,,,,,,,,,,,,,,,,,
1035,"no_changes,all_inverse_edges,universal_edges",3105,3105,3,0.020926247506091993,0,103,,0.37307241559028625,4.684681040002033,1,0.007306593004614115,1,0.00648148637264967,1,0.04899066314101219,,,,,,,,,,,,,,,,,,,,,,,,,,,
1036,"universal_edges,all_inverse_edges,no_changes",3108,3108,3,0.018641816762586434,0,103,,0.37307241559028625,4.690921487985179,1,0.007195339538156986,1,0.008058561012148857,1,0.04067154973745346,,,,,,,,,,,,,,,,,,,,,,,,,,,
1037,"no_changes,all_inverse_edges,universal_edges",3111,3111,3,0.030163432471454144,0,103,,0.37307241559028625,4.6834360170178115,1,0.007011024281382561,1,0.0056012822315096855,1,0.07787799090147018,,,,,,,,,,,,,,,,,,,,,,,,,,,
1038,"no_changes,all_inverse_edges,universal_edges",3114,3114,3,0.07448364980518818,0,103,,0.37307241559028625,4.680581943830475,1,0.0065878164023160934,1,0.09408076107501984,1,0.12278237193822861,,,,,,,,,,,,,,,,,,,,,,,,,,,
1039,"all_inverse_edges,universal_edges,no_changes",3117,3117,3,0.1342254509218037,0,103,,0.37307241559028625,4.6835128490347415,1,0.2854579985141754,1,0.005975583102554083,1,0.11124277114868164,,,,,,,,,,,,,,,,,,,,,,,,,,,
1040,"universal_edges,no_changes,all_inverse_edges",3120,3120,3,0.02853653533384204,1,104,0.3712160487969716,0.37307241559028625,20.22758231800981,1,0.007667426485568285,1,0.0052638668566942215,1,0.07267831265926361,0.24508294463157654,0.3668777644634247,0.3259723137771918,0.38909030982201714,0.43638760711931446,0.9888906122765521,0.9517260868263625,0.7388365194462755,0.8112622994575311,0.26641544699668884,0.3897545635700226,0.35349373764007913,0.40392221489782465,0.45319709953856296,0.9890069409438133,0.9538081073352725,0.740833882663151,0.813477014970815,0.25124359130859375,0.35701581835746765,0.3091628213579433,0.3790375741595254,0.4421555702043507,0.9891232696110744,0.9427159633943483,0.7515524060646013,0.8198191388851397
1041,"all_inverse_edges,no_changes,universal_edges",3123,3123,3,0.13091996312141418,0,104,,0.37307241559028625,4.695239793974906,1,0.280158132314682,1,0.00452287495136261,1,0.10807888209819794,,,,,,,,,,,,,,,,,,,,,,,,,,,
1042,"no_changes,universal_edges,all_inverse_edges",3126,3126,3,0.06067377453049024,0,104,,0.37307241559028625,4.681216411059722,1,0.008722800761461258,1,0.09215330332517624,1,0.08114521950483322,,,,,,,,,,,,,,,,,,,,,,,,,,,
1043,"universal_edges,no_changes,all_inverse_edges",3129,3129,3,0.0435257845868667,0,104,,0.37307241559028625,4.684263858012855,1,0.008042221888899803,1,0.00683198869228363,1,0.11570314317941666,,,,,,,,,,,,,,,,,,,,,,,,,,,
1044,"universal_edges,no_changes,all_inverse_edges",3132,3132,3,0.03665590596695741,0,104,,0.37307241559028625,4.684006904019043,1,0.006505083292722702,1,0.006544915959239006,1,0.09691771864891052,,,,,,,,,,,,,,,,,,,,,,,,,,,
1045,"no_changes,universal_edges,all_inverse_edges",3135,3135,3,0.05596226220950484,0,104,,0.37307241559028625,4.675746202934533,1,0.007236615289002657,1,0.09259708225727081,1,0.06805308908224106,,,,,,,,,,,,,,,,,,,,,,,,,,,
1046,"universal_edges,no_changes,all_inverse_edges",3138,3138,3,0.05045546063532432,0,104,,0.37307241559028625,4.677972313947976,1,0.007604784332215786,1,0.089853435754776,1,0.05390816181898117,,,,,,,,,,,,,,,,,,,,,,,,,,,
1047,"all_inverse_edges,universal_edges,no_changes",3141,3141,3,0.02245290530845523,0,104,,0.37307241559028625,4.685601660981774,1,0.007851616479456425,1,0.00612633815035224,1,0.05338076129555702,,,,,,,,,,,,,,,,,,,,,,,,,,,
1048,"no_changes,all_inverse_edges,universal_edges",3144,3144,3,0.02178565614546339,0,104,,0.37307241559028625,4.688277506036684,1,0.007179896347224712,1,0.005233443807810545,1,0.052943628281354904,,,,,,,,,,,,,,,,,,,,,,,,,,,
1049,"no_changes,universal_edges,all_inverse_edges",3147,3147,3,0.078337121134003,0,104,,0.37307241559028625,4.681750145973638,1,0.006443271413445473,1,0.0871061384677887,1,0.14146195352077484,,,,,,,,,,,,,,,,,,,,,,,,,,,
1050,"all_inverse_edges,no_changes,universal_edges",3150,3150,3,0.13998306635767221,1,105,0.3733609120051066,0.3733609120051066,20.321079432033002,1,0.28409257531166077,1,0.004945929162204266,1,0.1309106945991516,0.2437063753604889,0.3669625222682953,0.3279499011206328,0.38810151615029664,0.4322676334871457,0.9888453733503949,0.9509978042652639,0.7380059327620303,0.8103725441880851,0.2635926306247711,0.3911557197570801,0.3567897165458141,0.40194462755438365,0.45088991430454844,0.989207284759652,0.9531740456944251,0.7469116677653262,0.8185361476672383,0.24953614175319672,0.36196449398994446,0.31740276862228084,0.3828279499011206,0.4367172050098879,0.9891168069073377,0.93671275088572,0.7557481872116019,0.821673403088857
1051,"no_changes,universal_edges,all_inverse_edges",3153,3153,3,0.019647645608832438,0,105,,0.3733609120051066,4.680389103945345,1,0.006361809093505144,1,0.0067855194211006165,1,0.045795608311891556,,,,,,,,,,,,,,,,,,,,,,,,,,,
1052,"universal_edges,no_changes,all_inverse_edges",3156,3156,3,0.1080354272077481,0,105,,0.3733609120051066,4.686442484846339,1,0.2818831503391266,1,0.0049870070070028305,1,0.03723612427711487,,,,,,,,,,,,,,,,,,,,,,,,,,,
1053,"universal_edges,all_inverse_edges,no_changes",3159,3159,3,0.10757094078386824,0,105,,0.3733609120051066,4.683404166949913,1,0.27887335419654846,1,0.0052253552712500095,1,0.03861411288380623,,,,,,,,,,,,,,,,,,,,,,,,,,,
1054,"all_inverse_edges,no_changes,universal_edges",3162,3162,3,0.018276626865069073,0,105,,0.3733609120051066,4.67910353699699,1,0.006422879174351692,1,0.00508270226418972,1,0.0433242991566658,,,,,,,,,,,,,,,,,,,,,,,,,,,
1055,"no_changes,universal_edges,all_inverse_edges",3165,3165,3,0.015796900261193514,0,105,,0.3733609120051066,4.6840538799297065,1,0.005927597172558308,1,0.005527887959033251,1,0.03593521565198898,,,,,,,,,,,,,,,,,,,,,,,,,,,
1056,"all_inverse_edges,no_changes,universal_edges",3168,3168,3,0.04438940264905492,0,105,,0.3733609120051066,4.692383155925199,1,0.005868802312761545,1,0.08188025653362274,1,0.04541914910078049,,,,,,,,,,,,,,,,,,,,,,,,,,,
1057,"universal_edges,all_inverse_edges,no_changes",3171,3171,3,0.04278085411836704,0,105,,0.3733609120051066,4.675819823984057,1,0.005654935725033283,1,0.08405130356550217,1,0.03863632306456566,,,,,,,,,,,,,,,,,,,,,,,,,,,
1058,"universal_edges,no_changes,all_inverse_edges",3174,3174,3,0.04246509214863181,0,105,,0.3733609120051066,4.675801296019927,1,0.005638339091092348,1,0.08300706744194031,1,0.03874986991286278,,,,,,,,,,,,,,,,,,,,,,,,,,,
1059,"universal_edges,no_changes,all_inverse_edges",3177,3177,3,0.11053317567954461,0,105,,0.3733609120051066,4.692524536047131,1,0.2830035090446472,1,0.005645242519676685,1,0.04295077547430992,,,,,,,,,,,,,,,,,,,,,,,,,,,
1060,"all_inverse_edges,universal_edges,no_changes",3180,3180,3,0.020375520922243595,1,106,0.37384410699208576,0.37384410699208576,20.29377116682008,1,0.006555590312927961,1,0.004678882192820311,1,0.04989209026098251,0.2462695688009262,0.3714055120944977,0.3328938694792353,0.3928806855636124,0.4337508239947264,0.9888001344242378,0.9426220232540099,0.7421819380355966,0.8119679066517871,0.2652773857116699,0.3901880085468292,0.35365853658536583,0.4034278180619644,0.4533618984838497,0.98933007613065,0.9539639613840761,0.7498813447593935,0.8212411494951535,0.2520274221897125,0.3599388003349304,0.31493078444297956,0.3828279499011206,0.4377059986816084,0.9892525236858092,0.9366233986668991,0.7598549769281476,0.8249389695054429
1061,"universal_edges,all_inverse_edges,no_changes",3183,3183,3,0.017920292137811582,0,106,,0.37384410699208576,4.687837637960911,1,0.006281855516135693,1,0.005276052746921778,1,0.042202968150377274,,,,,,,,,,,,,,,,,,,,,,,,,,,
1062,"no_changes,universal_edges,all_inverse_edges",3186,3186,3,0.02037665108218789,0,106,,0.37384410699208576,4.689375635003671,1,0.00871170312166214,1,0.00494966609403491,1,0.04746858403086662,,,,,,,,,,,,,,,,,,,,,,,,,,,
1063,"no_changes,all_inverse_edges,universal_edges",3189,3189,3,0.14075182424858212,0,106,,0.37384410699208576,4.6776687481906265,1,0.2875940501689911,1,0.005781339015811682,1,0.1288800835609436,,,,,,,,,,,,,,,,,,,,,,,,,,,
1064,"no_changes,all_inverse_edges,universal_edges",3192,3192,3,0.04586999708165725,0,106,,0.37384410699208576,4.68138071289286,1,0.009165318682789803,1,0.005439990200102329,1,0.12300468236207962,,,,,,,,,,,,,,,,,,,,,,,,,,,
1065,"no_changes,universal_edges,all_inverse_edges",3195,3195,3,0.11328902281820774,0,106,,0.37384410699208576,4.678840090986341,1,0.2878287136554718,1,0.006494009867310524,1,0.0455443449318409,,,,,,,,,,,,,,,,,,,,,,,,,,,
1066,"universal_edges,no_changes,all_inverse_edges",3198,3198,3,0.015776920908441145,0,106,,0.37384410699208576,4.682458061957732,1,0.006942613050341606,1,0.005432227160781622,1,0.03495592251420021,,,,,,,,,,,,,,,,,,,,,,,,,,,
1067,"universal_edges,all_inverse_edges,no_changes",3201,3201,3,0.04519792956610521,0,106,,0.37384410699208576,4.688139155972749,1,0.006669577676802874,1,0.004508552607148886,1,0.12441565841436386,,,,,,,,,,,,,,,,,,,,,,,,,,,
1068,"no_changes,universal_edges,all_inverse_edges",3204,3204,3,0.018602595664560795,0,106,,0.37384410699208576,4.686310566961765,1,0.00626663863658905,1,0.006211384199559689,1,0.043329764157533646,,,,,,,,,,,,,,,,,,,,,,,,,,,
1069,"no_changes,universal_edges,all_inverse_edges",3207,3207,3,0.042629607332249485,0,106,,0.37384410699208576,4.678643199149519,1,0.005930645391345024,1,0.004906351678073406,1,0.11705182492733002,,,,,,,,,,,,,,,,,,,,,,,,,,,
1070,"universal_edges,no_changes,all_inverse_edges",3210,3210,3,0.01637411800523599,1,107,0.37291377782821655,0.37384410699208576,20.253132238984108,1,0.005732063204050064,1,0.005934687331318855,1,0.03745560348033905,0.2466786503791809,0.37059834599494934,0.33174027686222807,0.3902439024390244,0.4358932102834542,0.9888195225354479,0.9548094161153493,0.734924192485168,0.8085453051516678,0.2657676637172699,0.3907749056816101,0.35299934080421885,0.40458141067897163,0.45550428477257743,0.9891297323148113,0.9612414368649466,0.7397659854976928,0.8142562607449965,0.2506350874900818,0.3573680818080902,0.3065260382333553,0.3829927488464074,0.44297956493078444,0.989136195018548,0.9481717395422979,0.7481674357284114,0.8183743293584713
1071,"all_inverse_edges,universal_edges,no_changes",3213,3213,3,0.045031386272360883,0,107,,0.37384410699208576,4.69126566615887,1,0.006283331662416458,1,0.0060084727592766285,1,0.12280235439538956,,,,,,,,,,,,,,,,,,,,,,,,,,,
1072,"no_changes,universal_edges,all_inverse_edges",3216,3216,3,0.01591785888498028,0,107,,0.37384410699208576,4.698938828893006,1,0.005574323702603579,1,0.004785675555467606,1,0.03739357739686966,,,,,,,,,,,,,,,,,,,,,,,,,,,
1073,"no_changes,all_inverse_edges,universal_edges",3219,3219,3,0.01823387946933508,0,107,,0.37384410699208576,4.6934249580372125,1,0.005787890870124102,1,0.005068235564976931,1,0.043845511972904205,,,,,,,,,,,,,,,,,,,,,,,,,,,
1074,"all_inverse_edges,no_changes,universal_edges",3222,3222,3,0.016793514291445415,0,107,,0.37384410699208576,4.6803635149262846,1,0.006040336098521948,1,0.004099274519830942,1,0.04024093225598335,,,,,,,,,,,,,,,,,,,,,,,,,,,
1075,"all_inverse_edges,no_changes,universal_edges",3225,3225,3,0.04413020548721155,0,107,,0.37384410699208576,4.681932710111141,1,0.004916360601782799,1,0.08857262134552002,1,0.03890163451433182,,,,,,,,,,,,,,,,,,,,,,,,,,,
1076,"no_changes,universal_edges,all_inverse_edges",3228,3228,3,0.01925668989618619,0,107,,0.37384410699208576,4.6813218800816685,1,0.006382951512932777,1,0.015685858204960823,1,0.03570125997066498,,,,,,,,,,,,,,,,,,,,,,,,,,,
1077,"no_changes,universal_edges,all_inverse_edges",3231,3231,3,0.06888178673883279,0,107,,0.37384410699208576,4.677062056958675,1,0.006065016612410545,1,0.0856216624379158,1,0.11495868116617203,,,,,,,,,,,,,,,,,,,,,,,,,,,
1078,"all_inverse_edges,universal_edges,no_changes",3234,3234,3,0.01795417396351695,0,107,,0.37384410699208576,4.685835995944217,1,0.00624437490478158,1,0.009322263300418854,1,0.03829588368535042,,,,,,,,,,,,,,,,,,,,,,,,,,,
1079,"all_inverse_edges,no_changes,universal_edges",3237,3237,3,0.07104816753417253,0,107,,0.37384410699208576,4.687585768988356,1,0.005703023634850979,1,0.06473967432975769,1,0.14270180463790894,,,,,,,,,,,,,,,,,,,,,,,,,,,
1080,"all_inverse_edges,universal_edges,no_changes",3240,3240,3,0.1922317249700427,1,108,0.3802042007446289,0.3802042007446289,20.328004725975916,1,0.006828979589045048,1,0.4895188808441162,1,0.08034731447696686,0.25248977541923523,0.37853947281837463,0.34146341463414637,0.39765985497692813,0.4416611733684904,0.9885868652009254,0.9510537680403791,0.7306064601186553,0.8038873193206071,0.2701356112957001,0.39658334851264954,0.3612392880685564,0.41034937376400793,0.4594594594594595,0.98869673116445,0.9542529351237545,0.7317930125247198,0.8056494823645108,0.25706028938293457,0.36548978090286255,0.31888595912986156,0.3917270929466051,0.4436387607119314,0.9886385668308193,0.9471616865844985,0.7345088991430455,0.8064442392005017
1081,"all_inverse_edges,no_changes,universal_edges",3243,3243,3,0.05325326385597388,0,108,,0.3802042007446289,4.686960991937667,1,0.009185375645756721,1,0.07275982201099396,1,0.07781459391117096,,,,,,,,,,,,,,,,,,,,,,,,,,,
1082,"universal_edges,all_inverse_edges,no_changes",3246,3246,3,0.029095618675152462,0,108,,0.3802042007446289,4.688398014055565,1,0.009354205802083015,1,0.030302202329039574,1,0.04763044789433479,,,,,,,,,,,,,,,,,,,,,,,,,,,
1083,"universal_edges,all_inverse_edges,no_changes",3249,3249,3,0.0844342711692055,0,108,,0.3802042007446289,4.678725823061541,1,0.012496286071836948,1,0.031993262469768524,1,0.20881326496601105,,,,,,,,,,,,,,,,,,,,,,,,,,,
1084,"no_changes,all_inverse_edges,universal_edges",3252,3252,3,0.154586810618639,0,108,,0.3802042007446289,4.691028519999236,1,0.2975881099700928,1,0.013353731483221054,1,0.15281859040260315,,,,,,,,,,,,,,,,,,,,,,,,,,,
1085,"no_changes,all_inverse_edges,universal_edges",3255,3255,3,0.06856597711642583,0,108,,0.3802042007446289,4.694918659050018,1,0.010934759862720966,1,0.013192730955779552,1,0.18157044053077698,,,,,,,,,,,,,,,,,,,,,,,,,,,
1086,"universal_edges,all_inverse_edges,no_changes",3258,3258,3,0.0749801266938448,0,108,,0.3802042007446289,4.670428256969899,1,0.010415827855467796,1,0.12588417530059814,1,0.08864037692546844,,,,,,,,,,,,,,,,,,,,,,,,,,,
1087,"universal_edges,no_changes,all_inverse_edges",3261,3261,3,0.03337798826396465,0,108,,0.3802042007446289,4.692616733023897,1,0.011950431391596794,1,0.015266668051481247,1,0.07291686534881592,,,,,,,,,,,,,,,,,,,,,,,,,,,
1088,"no_changes,universal_edges,all_inverse_edges",3264,3264,3,0.12141740477333467,0,108,,0.3802042007446289,4.679787639994174,1,0.2896862030029297,1,0.012139652855694294,1,0.062426358461380005,,,,,,,,,,,,,,,,,,,,,,,,,,,
1089,"all_inverse_edges,universal_edges,no_changes",3267,3267,3,0.05443290031204621,0,108,,0.3802042007446289,4.676861845888197,1,0.0083865812048316,1,0.009990951046347618,1,0.1449211686849594,,,,,,,,,,,,,,,,,,,,,,,,,,,
1090,"universal_edges,no_changes,all_inverse_edges",3270,3270,3,0.08060880688329537,1,109,0.36125656962394714,0.3802042007446289,20.258606611052528,1,0.007962128147482872,1,0.0975896418094635,1,0.13627465069293976,0.24358077347278595,0.3601834774017334,0.3210283454185893,0.3813447593935399,0.4258404746209624,0.9886773430532397,0.9499236010713672,0.7338826631509558,0.8065261407997824,0.25487419962882996,0.37465333938598633,0.33915622940013185,0.38760711931443637,0.43605800922874094,0.9890198663512867,0.9543843628173689,0.7408404746209624,0.8136170186718142,0.24361388385295868,0.3489328920841217,0.30273566249176004,0.37376400791034936,0.42518127883981544,0.9891878966484419,0.9425998672505245,0.7535234014502308,0.8214086543316261
1091,"no_changes,universal_edges,all_inverse_edges",3273,3273,3,0.02566934625307719,0,109,,0.3802042007446289,4.674783513881266,1,0.006682095117866993,1,0.008139356039464474,1,0.0621865876019001,,,,,,,,,,,,,,,,,,,,,,,,,,,
1092,"universal_edges,all_inverse_edges,no_changes",3276,3276,3,0.04733474568153421,0,109,,0.3802042007446289,4.689925557933748,1,0.007167605217546225,1,0.0071204183623194695,1,0.12771621346473694,,,,,,,,,,,,,,,,,,,,,,,,,,,
1093,"universal_edges,no_changes,all_inverse_edges",3279,3279,3,0.022927801745633285,0,109,,0.3802042007446289,4.685519260820001,1,0.006806362885981798,1,0.006159877870231867,1,0.05581716448068619,,,,,,,,,,,,,,,,,,,,,,,,,,,
1094,"no_changes,all_inverse_edges,universal_edges",3282,3282,3,0.02544175476456682,0,109,,0.3802042007446289,4.68926408700645,1,0.0063370224088430405,1,0.007264694664627314,1,0.0627235472202301,,,,,,,,,,,,,,,,,,,,,,,,,,,
1095,"all_inverse_edges,no_changes,universal_edges",3285,3285,3,0.022613815342386562,0,109,,0.3802042007446289,4.696623251074925,1,0.0066473474726080894,1,0.006342626176774502,1,0.0548514723777771,,,,,,,,,,,,,,,,,,,,,,,,,,,
1096,"all_inverse_edges,universal_edges,no_changes",3288,3288,3,0.021605547207097214,0,109,,0.3802042007446289,4.7182016300503165,1,0.005849994253367186,1,0.0063099036924541,1,0.05265674367547035,,,,,,,,,,,,,,,,,,,,,,,,,,,
1097,"no_changes,all_inverse_edges,universal_edges",3291,3291,3,0.022692379852135975,0,109,,0.3802042007446289,4.676380831049755,1,0.006484220735728741,1,0.005903330631554127,1,0.05568958818912506,,,,,,,,,,,,,,,,,,,,,,,,,,,
1098,"universal_edges,all_inverse_edges,no_changes",3294,3294,3,0.07298378429065148,0,109,,0.3802042007446289,4.6860101541969925,1,0.005685978569090366,1,0.09125839918851852,1,0.12200697511434555,,,,,,,,,,,,,,,,,,,,,,,,,,,
1099,"all_inverse_edges,universal_edges,no_changes",3297,3297,3,0.027701556372145813,0,109,,0.3802042007446289,4.6946678049862385,1,0.005808618385344744,1,0.006087558809667826,1,0.07120849192142487,,,,,,,,,,,,,,,,,,,,,,,,,,,
1100,"universal_edges,no_changes,all_inverse_edges",3300,3300,3,0.02301718822369973,1,110,0.37413833538691205,0.3802042007446289,20.23607139615342,1,0.0056944433599710464,1,0.006281605921685696,1,0.057075515389442444,0.24892756342887878,0.37070342898368835,0.3323994726433751,0.3912326961107449,0.4362228081740277,0.9886773430532397,0.9544349374790388,0.7311371127224786,0.8051059399961454,0.26706475019454956,0.39076679944992065,0.3561305207646671,0.40392221489782465,0.4523731048121292,0.9889487766101827,0.9559130206735815,0.7378971654581411,0.811406701682029,0.25282129645347595,0.3609447777271271,0.3137771918259723,0.38464073829927486,0.44297956493078444,0.9892589863895459,0.9468703686762419,0.7525906394199078,0.8217343750347027
1101,"all_inverse_edges,no_changes,universal_edges",3303,3303,3,0.07754926616325974,0,110,,0.3802042007446289,4.687623867066577,1,0.005607239436358213,1,0.08794628083705902,1,0.139094278216362,,,,,,,,,,,,,,,,,,,,,,,,,,,
1102,"no_changes,all_inverse_edges,universal_edges",3306,3306,3,0.04592506339152654,0,110,,0.3802042007446289,4.688165964093059,1,0.005930580198764801,1,0.08683649450540543,1,0.04500811547040939,,,,,,,,,,,,,,,,,,,,,,,,,,,
1103,"universal_edges,all_inverse_edges,no_changes",3309,3309,3,0.01676478050649166,0,110,,0.3802042007446289,4.741243096999824,1,0.005410005338490009,1,0.00511010829359293,1,0.039774227887392044,,,,,,,,,,,,,,,,,,,,,,,,,,,
1104,"no_changes,all_inverse_edges,universal_edges",3312,3312,3,0.02349806297570467,0,110,,0.3802042007446289,4.685926870908588,1,0.005367983132600784,1,0.005695118568837643,1,0.05943108722567558,,,,,,,,,,,,,,,,,,,,,,,,,,,
1105,"no_changes,universal_edges,all_inverse_edges",3315,3315,3,0.04482246454184254,0,110,,0.3802042007446289,4.679092969046906,1,0.005663338117301464,1,0.005190660711377859,1,0.1236133947968483,,,,,,,,,,,,,,,,,,,,,,,,,,,
1106,"no_changes,universal_edges,all_inverse_edges",3318,3318,3,0.053935947051892676,0,110,,0.3802042007446289,4.6763921598903835,1,0.006007655058056116,1,0.0839504525065422,1,0.07184973359107971,,,,,,,,,,,,,,,,,,,,,,,,,,,
1107,"universal_edges,all_inverse_edges,no_changes",3321,3321,3,0.023422572606553633,0,110,,0.3802042007446289,4.675507255131379,1,0.0053681437857449055,1,0.004826410673558712,1,0.060073163360357285,,,,,,,,,,,,,,,,,,,,,,,,,,,
1108,"universal_edges,no_changes,all_inverse_edges",3324,3324,3,0.018803299715121586,0,110,,0.3802042007446289,4.6773409908637404,1,0.00576805928722024,1,0.004394353833049536,1,0.046247486025094986,,,,,,,,,,,,,,,,,,,,,,,,,,,
1109,"no_changes,all_inverse_edges,universal_edges",3327,3327,3,0.07178744689250986,0,110,,0.3802042007446289,4.691071628127247,1,0.004835241008549929,1,0.08465803414583206,1,0.12586906552314758,,,,,,,,,,,,,,,,,,,,,,,,,,,
1110,"no_changes,universal_edges,all_inverse_edges",3330,3330,3,0.016659765659521025,1,111,0.3775959610939026,0.3802042007446289,20.19552649697289,1,0.005452677607536316,1,0.005358619149774313,1,0.03916800022125244,0.2487640082836151,0.3738712668418884,0.3348714568226763,0.39452867501647987,0.43836519446275546,0.988793671720501,0.9574093358748474,0.7326499670402109,0.8071082762290618,0.26832276582717896,0.39366525411605835,0.3590969017798286,0.40639419907712593,0.456493078444298,0.9890909560923908,0.9581125911829058,0.7405537244561635,0.814230612477929,0.2547418177127838,0.365251362323761,0.31888595912986156,0.38810151615029664,0.4454515491100857,0.9891620458334949,0.9445242649246579,0.7514106789716546,0.8201628776410361
1111,"no_changes,universal_edges,all_inverse_edges",3333,3333,3,0.04238132325311502,0,111,,0.3802042007446289,4.683459706837311,1,0.00492137111723423,1,0.08392373472452164,1,0.03829886391758919,,,,,,,,,,,,,,,,,,,,,,,,,,,
1112,"all_inverse_edges,no_changes,universal_edges",3336,3336,3,0.01699645258486271,0,111,,0.3802042007446289,4.675418694037944,1,0.005359177477657795,1,0.004445069469511509,1,0.04118511080741882,,,,,,,,,,,,,,,,,,,,,,,,,,,
1113,"all_inverse_edges,no_changes,universal_edges",3339,3339,3,0.01568574458360672,0,111,,0.3802042007446289,4.679087613010779,1,0.005663720425218344,1,0.004827054683119059,1,0.03656645864248276,,,,,,,,,,,,,,,,,,,,,,,,,,,
1114,"universal_edges,all_inverse_edges,no_changes",3342,3342,3,0.014652982043723265,0,111,,0.3802042007446289,4.6825406558346,1,0.005052989348769188,1,0.005039670504629612,1,0.033866286277770996,,,,,,,,,,,,,,,,,,,,,,,,,,,
1115,"universal_edges,all_inverse_edges,no_changes",3345,3345,3,0.015279333107173443,0,111,,0.3802042007446289,4.6839004738722,1,0.005198633298277855,1,0.003984118811786175,1,0.0366552472114563,,,,,,,,,,,,,,,,,,,,,,,,,,,
1116,"no_changes,universal_edges,all_inverse_edges",3348,3348,3,0.01654476982851823,0,111,,0.3802042007446289,4.681384490104392,1,0.004756567068397999,1,0.0046156058087944984,1,0.0402621366083622,,,,,,,,,,,,,,,,,,,,,,,,,,,
1117,"universal_edges,all_inverse_edges,no_changes",3351,3351,3,0.04247473537301024,0,111,,0.3802042007446289,4.678640892961994,1,0.005014258902519941,1,0.004738442599773407,1,0.11767150461673737,,,,,,,,,,,,,,,,,,,,,,,,,,,
1118,"no_changes,universal_edges,all_inverse_edges",3354,3354,3,0.04403601214289665,0,111,,0.3802042007446289,4.673310599988326,1,0.005272604525089264,1,0.08458820730447769,1,0.042247224599123,,,,,,,,,,,,,,,,,,,,,,,,,,,
1119,"all_inverse_edges,universal_edges,no_changes",3357,3357,3,0.015671550451467436,0,111,,0.3802042007446289,4.697326673893258,1,0.004856850020587444,1,0.004842086229473352,1,0.03731571510434151,,,,,,,,,,,,,,,,,,,,,,,,,,,
1120,"universal_edges,no_changes,all_inverse_edges",3360,3360,3,0.014971166073034206,1,112,0.38035064935684204,0.38035064935684204,20.274235566845164,1,0.004191960673779249,1,0.006334612146019936,1,0.034386925399303436,0.25203442573547363,0.37654441595077515,0.33849703361898487,0.3961766644693474,0.4401779828609097,0.9887613582018173,0.9564461382346574,0.7323104812129202,0.8065938323057502,0.27081772685050964,0.3961711823940277,0.3610744891232696,0.40754779169413313,0.46077785102175345,0.9891168069073377,0.9592899669246567,0.7405669083717864,0.814512382049684,0.2569163143634796,0.36833634972572327,0.32036914963744234,0.39353988134475937,0.4484179301252472,0.989110344203601,0.9440276343464304,0.7502537903757416,0.8190792807301635
1121,"all_inverse_edges,no_changes,universal_edges",3363,3363,3,0.022550849709659815,0,112,,0.38035064935684204,4.694219256052747,1,0.005932295229285955,1,0.004927529022097588,1,0.0567927248775959,,,,,,,,,,,,,,,,,,,,,,,,,,,
1122,"universal_edges,all_inverse_edges,no_changes",3366,3366,3,0.13470365852117538,0,112,,0.38035064935684204,4.688121372135356,1,0.28510090708732605,1,0.08470185846090317,1,0.034308210015296936,,,,,,,,,,,,,,,,,,,,,,,,,,,
1123,"no_changes,universal_edges,all_inverse_edges",3369,3369,3,0.05506782699376345,0,112,,0.38035064935684204,4.696790303103626,1,0.006194912828505039,1,0.008116176351904869,1,0.15089239180088043,,,,,,,,,,,,,,,,,,,,,,,,,,,
1124,"no_changes,all_inverse_edges,universal_edges",3372,3372,3,0.04498523070166508,0,112,,0.38035064935684204,4.712938247947022,1,0.0074001578614115715,1,0.009723871946334839,1,0.11783166229724884,,,,,,,,,,,,,,,,,,,,,,,,,,,
1125,"universal_edges,all_inverse_edges,no_changes",3375,3375,3,0.03848816299190124,0,112,,0.38035064935684204,4.6871931629721075,1,0.006145265884697437,1,0.01785328797996044,1,0.09146593511104584,,,,,,,,,,,,,,,,,,,,,,,,,,,
1126,"universal_edges,all_inverse_edges,no_changes",3378,3378,3,0.02844982671861847,0,112,,0.38035064935684204,4.686780773103237,1,0.005720587447285652,1,0.007285215426236391,1,0.07234367728233337,,,,,,,,,,,,,,,,,,,,,,,,,,,
1127,"no_changes,universal_edges,all_inverse_edges",3381,3381,3,0.12931842838103572,0,112,,0.38035064935684204,4.680156078888103,1,0.28328603506088257,1,0.004047132562845945,1,0.10062211751937866,,,,,,,,,,,,,,,,,,,,,,,,,,,
1128,"all_inverse_edges,no_changes,universal_edges",3384,3384,3,0.05487025249749422,0,112,,0.38035064935684204,4.674621898215264,1,0.006472407374531031,1,0.005768716800957918,1,0.1523696333169937,,,,,,,,,,,,,,,,,,,,,,,,,,,
1129,"universal_edges,all_inverse_edges,no_changes",3387,3387,3,0.03547968793039521,0,112,,0.38035064935684204,4.69497505389154,1,0.006546620279550552,1,0.005774057004600763,1,0.0941183865070343,,,,,,,,,,,,,,,,,,,,,,,,,,,
1130,"all_inverse_edges,universal_edges,no_changes",3390,3390,3,0.05690323018158475,1,113,0.3734157780806224,0.38035064935684204,20.214357299963012,1,0.005468344781547785,1,0.0876658633351326,1,0.07757548242807388,0.24492108821868896,0.3675555884838104,0.3259723137771918,0.38941990771259066,0.4368820039551747,0.9888259852391846,0.9363531884944124,0.7473632168754121,0.814740601079295,0.26189884543418884,0.3906612992286682,0.3548121292023731,0.40293342122610415,0.45484508899143045,0.9893171507231765,0.9462250586665546,0.7547198417930125,0.8233242710954303,0.2494005560874939,0.3620304465293884,0.3170731707317073,0.38315754779169414,0.4398483849703362,0.989207284759652,0.9263855117939614,0.7667765326301912,0.8274737846470993
1131,"universal_edges,all_inverse_edges,no_changes",3393,3393,3,0.023585903303076822,0,113,,0.38035064935684204,4.750858296174556,1,0.007198399864137173,1,0.007122164126485586,1,0.05643714591860771,,,,,,,,,,,,,,,,,,,,,,,,,,,
1132,"universal_edges,all_inverse_edges,no_changes",3396,3396,3,0.049668546145160995,0,113,,0.38035064935684204,4.683158230036497,1,0.0057858009822666645,1,0.005768024828284979,1,0.13745181262493134,,,,,,,,,,,,,,,,,,,,,,,,,,,
1133,"universal_edges,no_changes,all_inverse_edges",3399,3399,3,0.031041511489699285,0,113,,0.38035064935684204,4.684996101073921,1,0.005648105405271053,1,0.004863616544753313,1,0.08261281251907349,,,,,,,,,,,,,,,,,,,,,,,,,,,
1134,"universal_edges,all_inverse_edges,no_changes",3402,3402,3,0.047089755379905306,0,113,,0.38035064935684204,4.691667087841779,1,0.006455747410655022,1,0.004886121954768896,1,0.129927396774292,,,,,,,,,,,,,,,,,,,,,,,,,,,
1135,"universal_edges,all_inverse_edges,no_changes",3405,3405,3,0.026222222329427797,0,113,,0.38035064935684204,4.6802119901403785,1,0.005887801758944988,1,0.005455061327666044,1,0.06732380390167236,,,,,,,,,,,,,,,,,,,,,,,,,,,
1136,"no_changes,all_inverse_edges,universal_edges",3408,3408,3,0.0593174509704113,0,113,,0.38035064935684204,4.685602511046454,1,0.005503285676240921,1,0.08623779565095901,1,0.08621127158403397,,,,,,,,,,,,,,,,,,,,,,,,,,,
1137,"all_inverse_edges,no_changes,universal_edges",3411,3411,3,0.04915729941179355,0,113,,0.38035064935684204,4.686694237869233,1,0.006351559888571501,1,0.005288505461066961,1,0.1358318328857422,,,,,,,,,,,,,,,,,,,,,,,,,,,
1138,"no_changes,universal_edges,all_inverse_edges",3414,3414,3,0.05282441324864825,0,113,,0.38035064935684204,4.685491580981761,1,0.006666928995400667,1,0.00666323397308588,1,0.1451430767774582,,,,,,,,,,,,,,,,,,,,,,,,,,,
1139,"universal_edges,no_changes,all_inverse_edges",3417,3417,3,0.046072492841631174,0,113,,0.38035064935684204,4.668539711041376,1,0.007091764826327562,1,0.004647369496524334,1,0.12647834420204163,,,,,,,,,,,,,,,,,,,,,,,,,,,
1140,"universal_edges,all_inverse_edges,no_changes",3420,3420,3,0.0356009624277552,1,114,0.36802143851915997,0.38035064935684204,20.14452071604319,1,0.008072524331510067,1,0.004273936152458191,1,0.09445642679929733,0.2452501356601715,0.3709433674812317,0.3330586684245221,0.3909030982201714,0.43358602504943966,0.9887161192756602,0.9519421595508553,0.7337409360580092,0.8068575896598132,0.2608615756034851,0.3901919722557068,0.35497692814765985,0.4021094264996704,0.45418589321028346,0.9890457171662337,0.9609173627343301,0.737623599208965,0.8122977235569171,0.23779860138893127,0.3429289758205414,0.2956493078444298,0.36634805537244564,0.43144363876071196,0.9890457171662337,0.9474871025126954,0.7460217534607778,0.8164000274616487
1141,"no_changes,universal_edges,all_inverse_edges",3423,3423,3,0.05040046370898684,0,114,,0.38035064935684204,4.680289982818067,1,0.006547668948769569,1,0.004426463972777128,1,0.14022725820541382,,,,,,,,,,,,,,,,,,,,,,,,,,,
1142,"all_inverse_edges,no_changes,universal_edges",3426,3426,3,0.027252604564030964,0,114,,0.38035064935684204,4.6926833051256835,1,0.007304734084755182,1,0.004837484564632177,1,0.06961559504270554,,,,,,,,,,,,,,,,,,,,,,,,,,,
1143,"universal_edges,all_inverse_edges,no_changes",3429,3429,3,0.05116419789070884,0,114,,0.38035064935684204,4.67665552906692,1,0.007517108228057623,1,0.08593354374170303,1,0.060041941702365875,,,,,,,,,,,,,,,,,,,,,,,,,,,
1144,"all_inverse_edges,no_changes,universal_edges",3432,3432,3,0.04716463883717855,0,114,,0.38035064935684204,4.675143264932558,1,0.004786297213286161,1,0.0045611863024532795,1,0.1321464329957962,,,,,,,,,,,,,,,,,,,,,,,,,,,
1145,"no_changes,all_inverse_edges,universal_edges",3435,3435,3,0.07357356154049437,0,114,,0.38035064935684204,4.669183178804815,1,0.0058595119044184685,1,0.006316739600151777,1,0.20854443311691284,,,,,,,,,,,,,,,,,,,,,,,,,,,
1146,"no_changes,all_inverse_edges,universal_edges",3438,3438,3,0.08792953689893086,0,114,,0.38035064935684204,4.682152288965881,1,0.007090765051543713,1,0.006277692504227161,1,0.25042015314102173,,,,,,,,,,,,,,,,,,,,,,,,,,,
1147,"all_inverse_edges,universal_edges,no_changes",3441,3441,3,0.061928281715760626,0,114,,0.38035064935684204,4.674006660003215,1,0.012185968458652496,1,0.006618818733841181,1,0.1669800579547882,,,,,,,,,,,,,,,,,,,,,,,,,,,
1148,"no_changes,all_inverse_edges,universal_edges",3444,3444,3,0.04118476745982965,0,114,,0.38035064935684204,4.674761136062443,1,0.00614796532317996,1,0.006252235267311335,1,0.11115410178899765,,,,,,,,,,,,,,,,,,,,,,,,,,,
1149,"no_changes,all_inverse_edges,universal_edges",3447,3447,3,0.06533498503267765,0,114,,0.38035064935684204,4.677907812176272,1,0.01229664497077465,1,0.0954127386212349,1,0.08829557150602341,,,,,,,,,,,,,,,,,,,,,,,,,,,
1150,"all_inverse_edges,no_changes,universal_edges",3450,3450,3,0.0763113892947634,1,115,0.37300293644269306,0.38035064935684204,20.128741881111637,1,0.010192654095590115,1,0.09271552413702011,1,0.12602598965168,0.24823622405529022,0.3677998185157776,0.3310810810810811,0.38546473302570866,0.4319380355965722,0.9888389106466582,0.9273849311217865,0.7546374423203692,0.81827593668317,0.26317691802978516,0.3907107710838318,0.3597560975609756,0.39897824653922215,0.4495715227422544,0.9893753150568072,0.9402721005053762,0.7607251153592618,0.8266207763529374,0.25173240900039673,0.36049821972846985,0.3230059327620303,0.37326961107448914,0.42913645352669744,0.9886062533121357,0.9028322041674712,0.7698615688859591,0.8226534606891959
1151,"no_changes,all_inverse_edges,universal_edges",3453,3453,3,0.12521535297855735,0,115,,0.38035064935684204,4.673122968990356,1,0.2927658259868622,1,0.006354716140776873,1,0.07652551680803299,,,,,,,,,,,,,,,,,,,,,,,,,,,
1152,"all_inverse_edges,universal_edges,no_changes",3456,3456,3,0.058040904036412634,0,115,,0.38035064935684204,4.684531033970416,1,0.008479894138872623,1,0.005592217203229666,1,0.16005060076713562,,,,,,,,,,,,,,,,,,,,,,,,,,,
1153,"universal_edges,all_inverse_edges,no_changes",3459,3459,3,0.019056358529875677,0,115,,0.38035064935684204,4.676218174863607,1,0.005896906368434429,1,0.004795887041836977,1,0.04647628217935562,,,,,,,,,,,,,,,,,,,,,,,,,,,
1154,"no_changes,universal_edges,all_inverse_edges",3462,3462,3,0.022179963843276102,0,115,,0.38035064935684204,4.676532960962504,1,0.005220760591328144,1,0.004812519531697035,1,0.05650661140680313,,,,,,,,,,,,,,,,,,,,,,,,,,,
1155,"universal_edges,no_changes,all_inverse_edges",3465,3465,3,0.017474896429727476,0,115,,0.38035064935684204,4.666470820084214,1,0.007032561581581831,1,0.005204012617468834,1,0.04018811509013176,,,,,,,,,,,,,,,,,,,,,,,,,,,
1156,"no_changes,all_inverse_edges,universal_edges",3468,3468,3,0.051482556077341236,0,115,,0.38035064935684204,4.671038381988183,1,0.006958664394915104,1,0.08697567135095596,1,0.06051333248615265,,,,,,,,,,,,,,,,,,,,,,,,,,,
1157,"no_changes,all_inverse_edges,universal_edges",3471,3471,3,0.04990253318101168,0,115,,0.38035064935684204,4.681512305047363,1,0.006400241982191801,1,0.005289569031447172,1,0.13801778852939606,,,,,,,,,,,,,,,,,,,,,,,,,,,
1158,"all_inverse_edges,no_changes,universal_edges",3474,3474,3,0.04531337134540081,0,115,,0.38035064935684204,4.671085173962638,1,0.005209929309785366,1,0.004057946614921093,1,0.12667223811149597,,,,,,,,,,,,,,,,,,,,,,,,,,,
1159,"all_inverse_edges,universal_edges,no_changes",3477,3477,3,0.01735545772438248,0,115,,0.38035064935684204,4.668279949808493,1,0.0060434299521148205,1,0.004143225960433483,1,0.041879717260599136,,,,,,,,,,,,,,,,,,,,,,,,,,,
1160,"universal_edges,no_changes,all_inverse_edges",3480,3480,3,0.015361417550593615,1,116,0.37679965297381085,0.38035064935684204,20.138400587020442,1,0.005512627307325602,1,0.0047604916617274284,1,0.035811133682727814,0.247544065117836,0.37142959237098694,0.33421226104152935,0.39139749505603166,0.4368820039551747,0.9886191787196091,0.9577744804331845,0.7275543836519447,0.8026128875446576,0.266640305519104,0.3919331431388855,0.35497692814765985,0.4067237969676994,0.4592946605141727,0.9889681647213928,0.9637131901861304,0.7338694792353329,0.8095772424254217,0.2568556070327759,0.36703622341156006,0.32350032959789055,0.3859591298615689,0.44594594594594594,0.9891555831297582,0.95045402286564,0.7472083058668425,0.8181268209197019
1161,"universal_edges,all_inverse_edges,no_changes",3483,3483,3,0.043183954587827124,0,116,,0.38035064935684204,4.683983305003494,1,0.0059501961804926395,1,0.08429377526044846,1,0.03930789232254028,,,,,,,,,,,,,,,,,,,,,,,,,,,
1162,"all_inverse_edges,universal_edges,no_changes",3486,3486,3,0.10686443684001763,0,116,,0.38035064935684204,4.680529671953991,1,0.2799610197544098,1,0.00474647618830204,1,0.03588581457734108,,,,,,,,,,,,,,,,,,,,,,,,,,,
1163,"all_inverse_edges,universal_edges,no_changes",3489,3489,3,0.015397497608015934,0,116,,0.38035064935684204,4.679975730134174,1,0.0059048174880445,1,0.004408085718750954,1,0.03587958961725235,,,,,,,,,,,,,,,,,,,,,,,,,,,
1164,"no_changes,all_inverse_edges,universal_edges",3492,3492,3,0.043246471167852484,0,116,,0.38035064935684204,4.67968403082341,1,0.005249510053545237,1,0.004721999168395996,1,0.11976790428161621,,,,,,,,,,,,,,,,,,,,,,,,,,,
1165,"all_inverse_edges,universal_edges,no_changes",3495,3495,3,0.10629189495618145,0,116,,0.38035064935684204,4.663008322007954,1,0.2794305384159088,1,0.0044279987923800945,1,0.03501714766025543,,,,,,,,,,,,,,,,,,,,,,,,,,,
1166,"universal_edges,no_changes,all_inverse_edges",3498,3498,3,0.014069712876031796,0,116,,0.38035064935684204,4.678915892029181,1,0.0057603660970926285,1,0.004728581290692091,1,0.03172019124031067,,,,,,,,,,,,,,,,,,,,,,,,,,,
1167,"all_inverse_edges,no_changes,universal_edges",3501,3501,3,0.04230393019194404,0,116,,0.38035064935684204,4.678851357894018,1,0.005570975597947836,1,0.08219421654939651,1,0.03914659842848778,,,,,,,,,,,,,,,,,,,,,,,,,,,
1168,"universal_edges,all_inverse_edges,no_changes",3504,3504,3,0.04018922910715143,0,116,,0.38035064935684204,4.680975122144446,1,0.006191201973706484,1,0.08317773789167404,1,0.03119874745607376,,,,,,,,,,,,,,,,,,,,,,,,,,,
1169,"no_changes,all_inverse_edges,universal_edges",3507,3507,3,0.1157361042375366,0,116,,0.38035064935684204,4.681118977023289,1,0.28560104966163635,1,0.0056401146575808525,1,0.05596714839339256,,,,,,,,,,,,,,,,,,,,,,,,,,,
1170,"universal_edges,all_inverse_edges,no_changes",3510,3510,3,0.017822943162173033,1,117,0.37579341729482013,0.38035064935684204,20.1189681799151,1,0.006293039303272963,1,0.004206298850476742,1,0.042969491332769394,0.2487843632698059,0.372443288564682,0.3383322346736981,0.3917270929466051,0.4288068556361239,0.9884188349037704,0.9535015173989743,0.7243836519446276,0.7988317056463768,0.2672068774700165,0.39267927408218384,0.3612392880685564,0.40425181278839817,0.4507251153592617,0.9887807463130275,0.9635971490316655,0.728767303889255,0.8049481588250825,0.252165287733078,0.3622576892375946,0.3197099538562953,0.38249835201054716,0.4368820039551747,0.9887742836092908,0.9444015982580535,0.7402307185234014,0.8107372812527356
1171,"universal_edges,all_inverse_edges,no_changes",3513,3513,3,0.04937541484832764,0,117,,0.38035064935684204,4.673652213998139,1,0.00645914301276207,1,0.0879269614815712,1,0.05374014005064964,,,,,,,,,,,,,,,,,,,,,,,,,,,
1172,"all_inverse_edges,universal_edges,no_changes",3516,3516,3,0.024864408342788618,0,117,,0.38035064935684204,4.681028801947832,1,0.005720394663512707,1,0.006317152176052332,1,0.06255567818880081,,,,,,,,,,,,,,,,,,,,,,,,,,,
1173,"no_changes,universal_edges,all_inverse_edges",3519,3519,3,0.04674864669019977,0,117,,0.38035064935684204,4.677460992941633,1,0.0060715931467711926,1,0.010628260672092438,1,0.12354608625173569,,,,,,,,,,,,,,,,,,,,,,,,,,,
1174,"all_inverse_edges,no_changes,universal_edges",3522,3522,3,0.0521400502572457,0,117,,0.38035064935684204,4.683109892997891,1,0.006185075268149376,1,0.08803762495517731,1,0.062197450548410416,,,,,,,,,,,,,,,,,,,,,,,,,,,
1175,"no_changes,universal_edges,all_inverse_edges",3525,3525,3,0.021283015608787537,0,117,,0.38035064935684204,4.6750611970201135,1,0.0060621825978159904,1,0.008620725013315678,1,0.04916613921523094,,,,,,,,,,,,,,,,,,,,,,,,,,,
1176,"universal_edges,no_changes,all_inverse_edges",3528,3528,3,0.13462447250882784,0,117,,0.38035064935684204,4.680317047983408,1,0.2784097492694855,1,0.0842156633734703,1,0.041248004883527756,,,,,,,,,,,,,,,,,,,,,,,,,,,
1177,"all_inverse_edges,no_changes,universal_edges",3531,3531,3,0.026903364962587755,0,117,,0.38035064935684204,4.668046202044934,1,0.005474151577800512,1,0.014429676346480846,1,0.0608062669634819,,,,,,,,,,,,,,,,,,,,,,,,,,,
1178,"all_inverse_edges,no_changes,universal_edges",3534,3534,3,0.026218114731212456,0,117,,0.38035064935684204,4.684617864899337,1,0.005142206326127052,1,0.010873452760279179,1,0.06263868510723114,,,,,,,,,,,,,,,,,,,,,,,,,,,
1179,"all_inverse_edges,universal_edges,no_changes",3537,3537,3,0.024154384154826403,0,117,,0.38035064935684204,4.673041105968878,1,0.004862957168370485,1,0.005479262210428715,1,0.06212093308568001,,,,,,,,,,,,,,,,,,,,,,,,,,,
1180,"no_changes,universal_edges,all_inverse_edges",3540,3540,3,0.047482229924450316,1,118,0.3790787061055501,0.38035064935684204,20.058590222150087,1,0.004844493232667446,1,0.006266148295253515,1,0.13133604824543,0.2504989206790924,0.37679263949394226,0.34162821357943307,0.3927158866183256,0.43754119973632166,0.9888647614616051,0.9526405733277397,0.7375313117996045,0.8103382575294873,0.26705169677734375,0.3948032259941101,0.36090969017798286,0.4060646011865524,0.45616348055372447,0.9892137474633887,0.9610183869781033,0.7422313777191826,0.8163608337921064,0.2541002631187439,0.365640252828598,0.3231707317073171,0.3848055372445616,0.4388595912986157,0.9891878966484419,0.9350024809898205,0.7591760052735663,0.8239581019519069
1181,"all_inverse_edges,no_changes,universal_edges",3543,3543,3,0.02253972056011359,0,118,,0.38035064935684204,4.683325374033302,1,0.006366889923810959,1,0.005012573674321175,1,0.05623969808220863,,,,,,,,,,,,,,,,,,,,,,,,,,,
1182,"universal_edges,all_inverse_edges,no_changes",3546,3546,3,0.16141372422377268,0,118,,0.38035064935684204,4.67613838519901,1,0.27531683444976807,1,0.08795446157455444,1,0.12096987664699554,,,,,,,,,,,,,,,,,,,,,,,,,,,
1183,"universal_edges,no_changes,all_inverse_edges",3549,3549,3,0.11236114179094632,0,118,,0.38035064935684204,4.684424852952361,1,0.27467915415763855,1,0.015084989368915558,1,0.047319281846284866,,,,,,,,,,,,,,,,,,,,,,,,,,,
1184,"all_inverse_edges,no_changes,universal_edges",3552,3552,3,0.04744590555007259,0,118,,0.38035064935684204,4.680562846828252,1,0.0060795689933001995,1,0.08410170674324036,1,0.052156440913677216,,,,,,,,,,,,,,,,,,,,,,,,,,,
1185,"all_inverse_edges,no_changes,universal_edges",3555,3555,3,0.018775007377068203,0,118,,0.38035064935684204,4.674055180046707,1,0.005479928571730852,1,0.005218330305069685,1,0.04562676325440407,,,,,,,,,,,,,,,,,,,,,,,,,,,
1186,"no_changes,universal_edges,all_inverse_edges",3558,3558,3,0.107871165809532,0,118,,0.38035064935684204,4.67838346096687,1,0.2753118872642517,1,0.00476743932813406,1,0.04353417083621025,,,,,,,,,,,,,,,,,,,,,,,,,,,
1187,"universal_edges,no_changes,all_inverse_edges",3561,3561,3,0.10580156448607643,0,118,,0.38035064935684204,4.67034000903368,1,0.2746252417564392,1,0.005652083549648523,1,0.03712736815214157,,,,,,,,,,,,,,,,,,,,,,,,,,,
1188,"all_inverse_edges,universal_edges,no_changes",3564,3564,3,0.01695626586054762,0,118,,0.38035064935684204,4.686185244936496,1,0.005147113930433989,1,0.006933294236660004,1,0.038788389414548874,,,,,,,,,,,,,,,,,,,,,,,,,,,
1189,"all_inverse_edges,universal_edges,no_changes",3567,3567,3,0.13311517797410488,0,118,,0.38035064935684204,4.67643376882188,1,0.27699506282806396,1,0.005113096907734871,1,0.11723737418651581,,,,,,,,,,,,,,,,,,,,,,,,,,,
1190,"no_changes,universal_edges,all_inverse_edges",3570,3570,3,0.018008104680726927,1,119,0.37756361564000446,0.38035064935684204,20.123837922001258,1,0.006405162159353495,1,0.004662620835006237,1,0.042956531047821045,0.2479601353406906,0.37146538496017456,0.3348714568226763,0.3902439024390244,0.43556361239288066,0.9888195225354479,0.9498500486408649,0.7379927488464074,0.8100950090576704,0.26760682463645935,0.39464765787124634,0.36255767963085034,0.40458141067897163,0.45517468688200396,0.9890457171662337,0.9571250859251283,0.7398846407382993,0.8134203984402094,0.25522446632385254,0.36657780408859253,0.32382992748846406,0.3862887277521424,0.4431443638760712,0.9891943593521786,0.9371470181208814,0.7577257745550429,0.8233790855805763
1191,"no_changes,universal_edges,all_inverse_edges",3573,3573,3,0.10619281294445197,0,119,,0.38035064935684204,4.674338535172865,1,0.27915024757385254,1,0.004287263378500938,1,0.035140927881002426,,,,,,,,,,,,,,,,,,,,,,,,,,,
1192,"no_changes,universal_edges,all_inverse_edges",3576,3576,3,0.10269188710177939,0,119,,0.38035064935684204,4.677599037066102,1,0.2684510350227356,1,0.005197076592594385,1,0.03442754969000816,,,,,,,,,,,,,,,,,,,,,,,,,,,
1193,"no_changes,all_inverse_edges,universal_edges",3579,3579,3,0.01689403597265482,0,119,,0.38035064935684204,4.678033747943118,1,0.006791912950575352,1,0.004263116046786308,1,0.0396270789206028,,,,,,,,,,,,,,,,,,,,,,,,,,,
1194,"all_inverse_edges,no_changes,universal_edges",3582,3582,3,0.015929499175399542,0,119,,0.38035064935684204,4.664877637987956,1,0.005080855917185545,1,0.004742500372231007,1,0.037965141236782074,,,,,,,,,,,,,,,,,,,,,,,,,,,
1195,"no_changes,universal_edges,all_inverse_edges",3585,3585,3,0.016144385561347008,0,119,,0.38035064935684204,4.678505101008341,1,0.005528444889932871,1,0.004534501116722822,1,0.03837021067738533,,,,,,,,,,,,,,,,,,,,,,,,,,,
1196,"all_inverse_edges,no_changes,universal_edges",3588,3588,3,0.13461191564177474,0,119,,0.38035064935684204,4.669881560141221,1,0.2808493971824646,1,0.004434335511177778,1,0.11855201423168182,,,,,,,,,,,,,,,,,,,,,,,,,,,
1197,"no_changes,all_inverse_edges,universal_edges",3591,3591,3,0.10362427278111379,0,119,,0.38035064935684204,4.677035203203559,1,0.27209171652793884,1,0.004463779740035534,1,0.034317322075366974,,,,,,,,,,,,,,,,,,,,,,,,,,,
1198,"all_inverse_edges,universal_edges,no_changes",3594,3594,3,0.013867356504003206,0,119,,0.38035064935684204,4.679642176022753,1,0.006843443028628826,1,0.004533442668616772,1,0.030225183814764023,,,,,,,,,,,,,,,,,,,,,,,,,,,
1199,"no_changes,universal_edges,all_inverse_edges",3597,3597,3,0.040050203601519264,0,119,,0.38035064935684204,4.672929460182786,1,0.0074726613238453865,1,0.0049380166456103325,1,0.10773993283510208,,,,,,,,,,,,,,,,,,,,,,,,,,,
1200,"all_inverse_edges,no_changes,universal_edges",3600,3600,3,0.04211391617233554,1,120,0.3760640819867452,0.38035064935684204,20.104852939024568,1,0.005704901646822691,1,0.08444970846176147,1,0.03618713840842247,0.24713146686553955,0.3707345724105835,0.3323994726433751,0.39156229400131837,0.4347396176664469,0.9886256414233459,0.9483725811899821,0.7333717864205669,0.8057259639884158,0.26615455746650696,0.39624735713005066,0.3617336849044166,0.4096901779828609,0.4556690837178642,0.98901340364755,0.9548769722417301,0.7403526697429137,0.8133086346315392,0.252866268157959,0.36121031641960144,0.3121292023731048,0.3879367172050099,0.4424851680949242,0.9890715679811806,0.9377548178140276,0.7536255767963085,0.8202311282729924
1201,"universal_edges,all_inverse_edges,no_changes",3603,3603,3,0.013757150465001663,0,120,,0.38035064935684204,4.681054631946608,1,0.0066322749480605125,1,0.006073276046663523,1,0.028565900400280952,,,,,,,,,,,,,,,,,,,,,,,,,,,
1202,"all_inverse_edges,no_changes,universal_edges",3606,3606,3,0.020444479926178854,0,120,,0.38035064935684204,4.675021403934807,1,0.005996357649564743,1,0.006878144573420286,1,0.04845893755555153,,,,,,,,,,,,,,,,,,,,,,,,,,,
1203,"no_changes,universal_edges,all_inverse_edges",3609,3609,3,0.041876155572632946,0,120,,0.38035064935684204,4.673464647959918,1,0.006368156522512436,1,0.004731311462819576,1,0.11452899873256683,,,,,,,,,,,,,,,,,,,,,,,,,,,
1204,"no_changes,universal_edges,all_inverse_edges",3612,3612,3,0.024978322442620993,0,120,,0.38035064935684204,4.669289041077718,1,0.0060470979660749435,1,0.004976930562406778,1,0.06391093879938126,,,,,,,,,,,,,,,,,,,,,,,,,,,
1205,"all_inverse_edges,no_changes,universal_edges",3615,3615,3,0.019755201724668343,0,120,,0.38035064935684204,4.681287430925295,1,0.005372884217649698,1,0.004857283551245928,1,0.049035437405109406,,,,,,,,,,,,,,,,,,,,,,,,,,,
1206,"all_inverse_edges,universal_edges,no_changes",3618,3618,3,0.017420784725497167,0,120,,0.38035064935684204,4.684633493889123,1,0.0060540540143847466,1,0.004268222022801638,1,0.041940078139305115,,,,,,,,,,,,,,,,,,,,,,,,,,,
1207,"universal_edges,no_changes,all_inverse_edges",3621,3621,3,0.01649370991314451,0,120,,0.38035064935684204,4.6820151610299945,1,0.004679483361542225,1,0.004568276461213827,1,0.040233369916677475,,,,,,,,,,,,,,,,,,,,,,,,,,,
1208,"all_inverse_edges,no_changes,universal_edges",3624,3624,3,0.0308896458397309,0,120,,0.38035064935684204,4.716044251108542,1,0.005571581423282623,1,0.004490667954087257,1,0.08260668814182281,,,,,,,,,,,,,,,,,,,,,,,,,,,
1209,"all_inverse_edges,universal_edges,no_changes",3627,3627,3,0.03303416709726056,0,120,,0.38035064935684204,4.6828915670048445,1,0.006135280709713697,1,0.012662732042372227,1,0.08030448853969574,,,,,,,,,,,,,,,,,,,,,,,,,,,
1210,"universal_edges,no_changes,all_inverse_edges",3630,3630,3,0.041646191074202456,1,121,0.38131383061408997,0.38131383061408997,20.19081481383182,1,0.006175035145133734,1,0.00534755177795887,1,0.11341598629951477,0.25032874941825867,0.377655565738678,0.34311140408701385,0.39535266974291366,0.4357284113381674,0.9884446857187172,0.9599158777088922,0.7214897824653922,0.7975151657020698,0.2676461338996887,0.39733195304870605,0.3642056690837179,0.41018457481872117,0.4586354647330257,0.9886902684607132,0.9659416912847822,0.7250065919578115,0.8019927276335908,0.25517651438713074,0.36895397305488586,0.3266315095583388,0.38859591298615687,0.4396835860250494,0.9887225819793969,0.9389172911888322,0.7424653922214898,0.8113012178581683
1211,"no_changes,all_inverse_edges,universal_edges",3633,3633,3,0.061969421338289976,0,121,,0.38131383061408997,4.685725740157068,1,0.00564763555303216,1,0.09169454872608185,1,0.08856607973575592,,,,,,,,,,,,,,,,,,,,,,,,,,,
1212,"universal_edges,no_changes,all_inverse_edges",3636,3636,3,0.026462948725869257,0,121,,0.38131383061408997,4.678059334866703,1,0.0069514126516878605,1,0.009264064952731133,1,0.06317336857318878,,,,,,,,,,,,,,,,,,,,,,,,,,,
1213,"universal_edges,all_inverse_edges,no_changes",3639,3639,3,0.12411329553773005,0,121,,0.38131383061408997,4.670588873093948,1,0.28296029567718506,1,0.00855113286525011,1,0.080828458070755,,,,,,,,,,,,,,,,,,,,,,,,,,,
1214,"no_changes,all_inverse_edges,universal_edges",3642,3642,3,0.07727996011575063,0,121,,0.38131383061408997,4.674259906169027,1,0.005703538656234741,1,0.08601020276546478,1,0.14012613892555237,,,,,,,,,,,,,,,,,,,,,,,,,,,
1215,"no_changes,all_inverse_edges,universal_edges",3645,3645,3,0.048300818695376314,0,121,,0.38131383061408997,4.689915110124275,1,0.013068019412457943,1,0.005623627919703722,1,0.12621080875396729,,,,,,,,,,,,,,,,,,,,,,,,,,,
1216,"no_changes,all_inverse_edges,universal_edges",3648,3648,3,0.03377243255575498,0,121,,0.38131383061408997,4.675808720989153,1,0.027817346155643463,1,0.01508399099111557,1,0.058415960520505905,,,,,,,,,,,,,,,,,,,,,,,,,,,
1217,"no_changes,all_inverse_edges,universal_edges",3651,3651,3,0.13650934460262457,0,121,,0.38131383061408997,4.680149290943518,1,0.2784700393676758,1,0.006772847846150398,1,0.12428514659404755,,,,,,,,,,,,,,,,,,,,,,,,,,,
1218,"universal_edges,no_changes,all_inverse_edges",3654,3654,3,0.019820452357331913,0,121,,0.38131383061408997,4.673632665071636,1,0.010785350576043129,1,0.009517565369606018,1,0.03915844112634659,,,,,,,,,,,,,,,,,,,,,,,,,,,
1219,"all_inverse_edges,no_changes,universal_edges",3657,3657,3,0.022336146794259548,0,121,,0.38131383061408997,4.679751677904278,1,0.007856071926653385,1,0.006050117313861847,1,0.05310225114226341,,,,,,,,,,,,,,,,,,,,,,,,,,,
1220,"no_changes,all_inverse_edges,universal_edges",3660,3660,3,0.021912787730495136,1,122,0.3731258710225423,0.38131383061408997,20.1335441658739,1,0.01168329082429409,1,0.007283426821231842,1,0.04677164554595947,0.24337343871593475,0.36540505290031433,0.3284442979564931,0.38447593935398816,0.4302900461437047,0.9879405948272519,0.9149611677843651,0.7367369808833224,0.8005171000210376,0.2634418308734894,0.3893681764602661,0.35431773236651287,0.4027686222808174,0.4536914963744232,0.9887161192756602,0.9384204404973089,0.7426235992089651,0.8113117900478182,0.25246354937553406,0.3646043837070465,0.32053394858272904,0.3857943309162821,0.44050758075148316,0.9887548954980806,0.922152680666124,0.7563711272247857,0.8182051430510096
1221,"universal_edges,all_inverse_edges,no_changes",3663,3663,3,0.018542205449193716,0,122,,0.38131383061408997,4.696756192948669,1,0.008687285706400871,1,0.0073160999454557896,1,0.03962323069572449,,,,,,,,,,,,,,,,,,,,,,,,,,,
1222,"no_changes,universal_edges,all_inverse_edges",3666,3666,3,0.02167807628090183,0,122,,0.38131383061408997,4.674485447816551,1,0.007349536754190922,1,0.0057517425157129765,1,0.05193294957280159,,,,,,,,,,,,,,,,,,,,,,,,,,,
1223,"all_inverse_edges,no_changes,universal_edges",3669,3669,3,0.02691476885229349,0,122,,0.38131383061408997,4.675034443847835,1,0.007468636147677898,1,0.005129985511302948,1,0.06814568489789963,,,,,,,,,,,,,,,,,,,,,,,,,,,
1224,"no_changes,all_inverse_edges,universal_edges",3672,3672,3,0.027053899286935728,0,122,,0.38131383061408997,4.678795194020495,1,0.007967852056026459,1,0.005065654870122671,1,0.06812819093465805,,,,,,,,,,,,,,,,,,,,,,,,,,,
1225,"universal_edges,all_inverse_edges,no_changes",3675,3675,3,0.04583813793336352,0,122,,0.38131383061408997,4.676074936054647,1,0.006063178181648254,1,0.005135537590831518,1,0.12631569802761078,,,,,,,,,,,,,,,,,,,,,,,,,,,
1226,"no_changes,universal_edges,all_inverse_edges",3678,3678,3,0.018363652285188437,0,122,,0.38131383061408997,4.6713560270145535,1,0.005696187727153301,1,0.003972963895648718,1,0.04542180523276329,,,,,,,,,,,,,,,,,,,,,,,,,,,
1227,"universal_edges,no_changes,all_inverse_edges",3681,3681,3,0.015318243609120449,0,122,,0.38131383061408997,4.684954088181257,1,0.005558926146477461,1,0.0049549126997590065,1,0.03544089198112488,,,,,,,,,,,,,,,,,,,,,,,,,,,
1228,"all_inverse_edges,universal_edges,no_changes",3684,3684,3,0.01820012213041385,0,122,,0.38131383061408997,4.678565809037536,1,0.0054517826065421104,1,0.004510456696152687,1,0.04463812708854675,,,,,,,,,,,,,,,,,,,,,,,,,,,
1229,"no_changes,universal_edges,all_inverse_edges",3687,3687,3,0.01745158527046442,0,122,,0.38131383061408997,4.682353815995157,1,0.005446544382721186,1,0.004450791049748659,1,0.042457420378923416,,,,,,,,,,,,,,,,,,,,,,,,,,,
1230,"all_inverse_edges,universal_edges,no_changes",3690,3690,3,0.01601061737164855,1,123,0.37565330664316815,0.38131383061408997,20.099166803993285,1,0.005950912833213806,1,0.004285462666302919,1,0.037795476615428925,0.24450622498989105,0.3699451982975006,0.3340474620962426,0.3877719182597231,0.43144363876071196,0.9884834619411377,0.9648848804634951,0.7198945286750165,0.7970339191538549,0.2631548345088959,0.390562504529953,0.3562953197099539,0.4021094264996704,0.4527027027027027,0.9887419700906072,0.9704176472434313,0.7240639419907713,0.8020278122916915,0.2523367404937744,0.3664522171020508,0.3249835201054713,0.38249835201054716,0.43803559657218194,0.9889358512027092,0.950664354381846,0.7407976268951879,0.8127091003948863
1231,"all_inverse_edges,universal_edges,no_changes",3693,3693,3,0.07619416046266754,0,123,,0.38131383061408997,4.701714581111446,1,0.007596696261316538,1,0.098687544465065,1,0.1222982406616211,,,,,,,,,,,,,,,,,,,,,,,,,,,
1232,"all_inverse_edges,universal_edges,no_changes",3696,3696,3,0.0455925144876043,0,123,,0.38131383061408997,4.675913407001644,1,0.012198962271213531,1,0.011493952013552189,1,0.11308462917804718,,,,,,,,,,,,,,,,,,,,,,,,,,,
1233,"universal_edges,no_changes,all_inverse_edges",3699,3699,3,0.018857367802411318,0,123,,0.38131383061408997,4.717690918827429,1,0.007792204152792692,1,0.009986644610762596,1,0.038793254643678665,,,,,,,,,,,,,,,,,,,,,,,,,,,
1234,"universal_edges,no_changes,all_inverse_edges",3702,3702,3,0.03896013476575414,0,123,,0.38131383061408997,4.674801063956693,1,0.006940077990293503,1,0.0063184634782373905,1,0.10362186282873154,,,,,,,,,,,,,,,,,,,,,,,,,,,
1235,"universal_edges,all_inverse_edges,no_changes",3705,3705,3,0.017322736016164225,0,123,,0.38131383061408997,4.673395157093182,1,0.009479896165430546,1,0.007533268537372351,1,0.034955043345689774,,,,,,,,,,,,,,,,,,,,,,,,,,,
1236,"universal_edges,no_changes,all_inverse_edges",3708,3708,3,0.037762502363572516,0,123,,0.38131383061408997,4.676086236955598,1,0.006477438844740391,1,0.005447601433843374,1,0.10136246681213379,,,,,,,,,,,,,,,,,,,,,,,,,,,
1237,"universal_edges,all_inverse_edges,no_changes",3711,3711,3,0.03879427521800002,0,123,,0.38131383061408997,4.669994127005339,1,0.007607222069054842,1,0.007204028777778149,1,0.10157157480716705,,,,,,,,,,,,,,,,,,,,,,,,,,,
1238,"all_inverse_edges,universal_edges,no_changes",3714,3714,3,0.016305639874190092,0,123,,0.38131383061408997,4.6685435839463025,1,0.006972044240683317,1,0.00642875861376524,1,0.03551611676812172,,,,,,,,,,,,,,,,,,,,,,,,,,,
1239,"all_inverse_edges,no_changes,universal_edges",3717,3717,3,0.016923999413847923,0,123,,0.38131383061408997,4.676979345967993,1,0.005549271125346422,1,0.005736192222684622,1,0.039486534893512726,,,,,,,,,,,,,,,,,,,,,,,,,,,
1240,"all_inverse_edges,universal_edges,no_changes",3720,3720,3,0.016348605199406546,1,124,0.3784321943918864,0.38131383061408997,20.141243884107098,1,0.009218203835189342,1,0.006054930854588747,1,0.033772680908441544,0.25059422850608826,0.37380632758140564,0.33783783783783783,0.39353988134475937,0.43737640079103496,0.988476999237401,0.9499763399260821,0.7281278839815425,0.8014431040582798,0.2689143121242523,0.39464250206947327,0.3600856954515491,0.4050758075148319,0.4592946605141727,0.9886902684607132,0.9510298199372935,0.7335662491760053,0.8064981912619329,0.25715258717536926,0.3668477535247803,0.32135794330916284,0.38810151615029664,0.44891232696110744,0.9888259852391846,0.9374660817269842,0.746555702043507,0.8143549414732656
1241,"universal_edges,all_inverse_edges,no_changes",3723,3723,3,0.015371358953416348,0,124,,0.38131383061408997,4.684722069185227,1,0.005466002970933914,1,0.0062608132138848305,1,0.0343872606754303,,,,,,,,,,,,,,,,,,,,,,,,,,,
1242,"all_inverse_edges,no_changes,universal_edges",3726,3726,3,0.13491835600386062,0,124,,0.38131383061408997,4.673501293873414,1,0.2890201508998871,1,0.005216036923229694,1,0.11051888018846512,,,,,,,,,,,,,,,,,,,,,,,,,,,
1243,"no_changes,universal_edges,all_inverse_edges",3729,3729,3,0.01605493575334549,0,124,,0.38131383061408997,4.672334015136585,1,0.007857291027903557,1,0.006183171644806862,1,0.03412434458732605,,,,,,,,,,,,,,,,,,,,,,,,,,,
1244,"no_changes,all_inverse_edges,universal_edges",3732,3732,3,0.018285869465519983,0,124,,0.38131383061408997,4.672019376186654,1,0.009717489592730999,1,0.0055556087754666805,1,0.039584510028362274,,,,,,,,,,,,,,,,,,,,,,,,,,,
1245,"all_inverse_edges,no_changes,universal_edges",3735,3735,3,0.017634527292102575,0,124,,0.38131383061408997,4.673515601083636,1,0.00786944106221199,1,0.0059387353248894215,1,0.039095405489206314,,,,,,,,,,,,,,,,,,,,,,,,,,,
1246,"all_inverse_edges,no_changes,universal_edges",3738,3738,3,0.01698807595918576,0,124,,0.38131383061408997,4.669058331986889,1,0.006127314176410437,1,0.005151191260665655,1,0.039685722440481186,,,,,,,,,,,,,,,,,,,,,,,,,,,
1247,"no_changes,all_inverse_edges,universal_edges",3741,3741,3,0.016575459546099108,0,124,,0.38131383061408997,4.675079623935744,1,0.006626327056437731,1,0.004754882305860519,1,0.03834516927599907,,,,,,,,,,,,,,,,,,,,,,,,,,,
1248,"no_changes,universal_edges,all_inverse_edges",3744,3744,3,0.016177082279076178,0,124,,0.38131383061408997,4.677622848190367,1,0.008018465712666512,1,0.006348311435431242,1,0.03416446968913078,,,,,,,,,,,,,,,,,,,,,,,,,,,
1249,"no_changes,universal_edges,all_inverse_edges",3747,3747,3,0.04717442641655604,0,124,,0.38131383061408997,4.67969707492739,1,0.012674771249294281,1,0.09308720380067825,1,0.03576130419969559,,,,,,,,,,,,,,,,,,,,,,,,,,,
1250,"no_changes,all_inverse_edges,universal_edges",3750,3750,3,0.01882409630343318,1,125,0.3727902869383494,0.38131383061408997,20.11113141104579,1,0.005953833926469088,1,0.004979720339179039,1,0.04553873464465141,0.24494458734989166,0.3693563640117645,0.3319050758075148,0.3887607119314436,0.4337508239947264,0.98901340364755,0.9510310190507785,0.7427752142386289,0.8144943215507021,0.2626168131828308,0.3875610828399658,0.3508569545154911,0.4014502307185234,0.4495715227422544,0.9892525236858092,0.954886540263338,0.7470962425840475,0.8191061452806943,0.2516806721687317,0.36145341396331787,0.31394199077125906,0.38546473302570866,0.4424851680949242,0.9895045691315418,0.9405203994983591,0.7643441001977587,0.8295658587843273
1251,"universal_edges,no_changes,all_inverse_edges",3753,3753,3,0.10865180240944028,0,125,,0.38131383061408997,4.680472718086094,1,0.28219106793403625,1,0.007474513258785009,1,0.03628982603549957,,,,,,,,,,,,,,,,,,,,,,,,,,,
1252,"all_inverse_edges,no_changes,universal_edges",3756,3756,3,0.029111299198120832,0,125,,0.38131383061408997,4.688837873982266,1,0.007571241352707148,1,0.007614348083734512,1,0.07214830815792084,,,,,,,,,,,,,,,,,,,,,,,,,,,
1253,"universal_edges,all_inverse_edges,no_changes",3759,3759,3,0.13673163608958325,0,125,,0.38131383061408997,4.6786051681265235,1,0.2854824662208557,1,0.009461347945034504,1,0.1152510941028595,,,,,,,,,,,,,,,,,,,,,,,,,,,
1254,"no_changes,all_inverse_edges,universal_edges",3762,3762,3,0.15935302541280785,0,125,,0.38131383061408997,4.683637124020606,1,0.27662795782089233,1,0.006578021217137575,1,0.19485309720039368,,,,,,,,,,,,,,,,,,,,,,,,,,,
1255,"no_changes,all_inverse_edges,universal_edges",3765,3765,3,0.07191983020553987,0,125,,0.38131383061408997,4.679878663038835,1,0.007775266654789448,1,0.08974964171648026,1,0.11823458224534988,,,,,,,,,,,,,,,,,,,,,,,,,,,
1256,"no_changes,universal_edges,all_inverse_edges",3768,3768,3,0.03303420419494311,0,125,,0.38131383061408997,4.677318628877401,1,0.011714059859514236,1,0.006464116275310516,1,0.08092443645000458,,,,,,,,,,,,,,,,,,,,,,,,,,,
1257,"universal_edges,all_inverse_edges,no_changes",3771,3771,3,0.030077519516150158,0,125,,0.38131383061408997,4.670900381868705,1,0.01158894132822752,1,0.008683894760906696,1,0.06995972245931625,,,,,,,,,,,,,,,,,,,,,,,,,,,
1258,"universal_edges,no_changes,all_inverse_edges",3774,3774,3,0.12285834286982815,0,125,,0.38131383061408997,4.683219186961651,1,0.29982659220695496,1,0.007389012258499861,1,0.06135942414402962,,,,,,,,,,,,,,,,,,,,,,,,,,,
1259,"all_inverse_edges,universal_edges,no_changes",3777,3777,3,0.05241516884416342,0,125,,0.38131383061408997,4.679414219921455,1,0.009003621526062489,1,0.006804250180721283,1,0.14143763482570648,,,,,,,,,,,,,,,,,,,,,,,,,,,
1260,"universal_edges,all_inverse_edges,no_changes",3780,3780,3,0.028247411983708542,1,126,0.3620899220307668,0.38131383061408997,20.113602365134284,1,0.008833575062453747,1,0.006594218313694,1,0.06931444257497787,0.2395593225955963,0.3517153859138489,0.30570204350692154,0.3749176005273566,0.4332564271588662,0.9886191787196091,0.9404325557556152,0.7383750823994726,0.8082033271489713,0.260332852602005,0.3806397020816803,0.33866183256427157,0.3998022412656559,0.45220830586684246,0.9889681647213928,0.9500632090878205,0.7421061305207647,0.8136910365075558,0.24606043100357056,0.35391467809677124,0.3053724456163481,0.3785431773236651,0.43935398813447596,0.9886838057569765,0.9239993534026604,0.7526203032300594,0.8157505298970646
1261,"universal_edges,all_inverse_edges,no_changes",3783,3783,3,0.018785891278336447,0,126,,0.38131383061408997,4.675664949929342,1,0.007363743614405394,1,0.005845159292221069,1,0.043148770928382874,,,,,,,,,,,,,,,,,,,,,,,,,,,
1262,"all_inverse_edges,universal_edges,no_changes",3786,3786,3,0.026850773797680933,0,126,,0.38131383061408997,4.695977346971631,1,0.008420848287642002,1,0.005557421129196882,1,0.06657405197620392,,,,,,,,,,,,,,,,,,,,,,,,,,,
1263,"all_inverse_edges,universal_edges,no_changes",3789,3789,3,0.061042106710374355,0,126,,0.38131383061408997,4.675329780904576,1,0.007925559766590595,1,0.09701123833656311,1,0.07818952202796936,,,,,,,,,,,,,,,,,,,,,,,,,,,
1264,"all_inverse_edges,no_changes,universal_edges",3792,3792,3,0.04226301812256376,0,126,,0.38131383061408997,4.669694256968796,1,0.006787013728171587,1,0.007217863574624062,1,0.11278417706489563,,,,,,,,,,,,,,,,,,,,,,,,,,,
1265,"universal_edges,no_changes,all_inverse_edges",3795,3795,3,0.03414582569772998,0,126,,0.38131383061408997,4.684287620941177,1,0.010191784240305424,1,0.007027322892099619,1,0.08521836996078491,,,,,,,,,,,,,,,,,,,,,,,,,,,
1266,"no_changes,universal_edges,all_inverse_edges",3798,3798,3,0.029734873057653505,0,126,,0.38131383061408997,4.679853253997862,1,0.006856281775981188,1,0.005778303369879723,1,0.07657003402709961,,,,,,,,,,,,,,,,,,,,,,,,,,,
1267,"no_changes,all_inverse_edges,universal_edges",3801,3801,3,0.19380542822182178,0,126,,0.38131383061408997,4.682331010932103,1,0.3006840646266937,1,0.007600551471114159,1,0.27313166856765747,,,,,,,,,,,,,,,,,,,,,,,,,,,
1268,"universal_edges,all_inverse_edges,no_changes",3804,3804,3,0.10066753750046094,0,126,,0.38131383061408997,4.671019612113014,1,0.014945413917303085,1,0.09496038407087326,1,0.19209681451320648,,,,,,,,,,,,,,,,,,,,,,,,,,,
1269,"no_changes,all_inverse_edges,universal_edges",3807,3807,3,0.05020719487220049,0,126,,0.38131383061408997,4.671645757043734,1,0.011193552054464817,1,0.00795307569205761,1,0.13147495687007904,,,,,,,,,,,,,,,,,,,,,,,,,,,
1270,"universal_edges,all_inverse_edges,no_changes",3810,3810,3,0.1488268095999956,1,127,0.37305588523546857,0.38131383061408997,20.127259619068354,1,0.3255947530269623,1,0.010408064350485802,1,0.11047761142253876,0.24683503806591034,0.3660258650779724,0.32481872116018456,0.3889255108767304,0.4347396176664469,0.9882508046066152,0.9068412800533621,0.7540145023071853,0.812033622648489,0.2660314738750458,0.3916097581386566,0.3551417270929466,0.40557020435069213,0.45517468688200396,0.9887290446831336,0.9217891215418037,0.7558734344100198,0.8177134360259338,0.25489529967308044,0.3615320324897766,0.31855636123928804,0.3828279499011206,0.43259723137771916,0.9879599829384621,0.8861979093186718,0.7663019116677653,0.8147567576635238
1271,"all_inverse_edges,universal_edges,no_changes",3813,3813,3,0.1862915128779908,0,127,,0.38131383061408997,4.676017427118495,1,0.3449552655220032,1,0.007098949048668146,1,0.2068203240633011,,,,,,,,,,,,,,,,,,,,,,,,,,,
1272,"no_changes,all_inverse_edges,universal_edges",3816,3816,3,0.06396281595031421,0,127,,0.38131383061408997,4.673407790018246,1,0.0819300040602684,1,0.03177839145064354,1,0.07818005234003067,,,,,,,,,,,,,,,,,,,,,,,,,,,
1273,"universal_edges,all_inverse_edges,no_changes",3819,3819,3,0.025840202656884987,0,127,,0.38131383061408997,4.681584481149912,1,0.016779765486717224,1,0.010768788866698742,1,0.049972053617239,,,,,,,,,,,,,,,,,,,,,,,,,,,
1274,"all_inverse_edges,universal_edges,no_changes",3822,3822,3,0.029528817472358544,0,127,,0.38131383061408997,4.67244718503207,1,0.014112444594502449,1,0.007244565524160862,1,0.06722944229841232,,,,,,,,,,,,,,,,,,,,,,,,,,,
1275,"no_changes,universal_edges,all_inverse_edges",3825,3825,3,0.05880137563993534,0,127,,0.38131383061408997,4.670136532979086,1,0.011140414513647556,1,0.10182734578847885,1,0.0634363666176796,,,,,,,,,,,,,,,,,,,,,,,,,,,
1276,"no_changes,universal_edges,all_inverse_edges",3828,3828,3,0.08458254331101973,0,127,,0.38131383061408997,4.670305605046451,1,0.012680049054324627,1,0.09571019560098648,1,0.1453573852777481,,,,,,,,,,,,,,,,,,,,,,,,,,,
1277,"no_changes,universal_edges,all_inverse_edges",3831,3831,3,0.023561792137722175,0,127,,0.38131383061408997,4.679897664813325,1,0.009328559041023254,1,0.006769374944269657,1,0.05458744242787361,,,,,,,,,,,,,,,,,,,,,,,,,,,
1278,"no_changes,universal_edges,all_inverse_edges",3834,3834,3,0.04641609980414311,0,127,,0.38131383061408997,4.678683267906308,1,0.008393949829041958,1,0.0908585637807846,1,0.03999578580260277,,,,,,,,,,,,,,,,,,,,,,,,,,,
1279,"universal_edges,no_changes,all_inverse_edges",3837,3837,3,0.01777518882105748,0,127,,0.38131383061408997,4.666379824047908,1,0.008540079928934574,1,0.005974436178803444,1,0.03881105035543442,,,,,,,,,,,,,,,,,,,,,,,,,,,
1280,"all_inverse_edges,universal_edges,no_changes",3840,3840,3,0.018248171390344698,1,128,0.36318016052246094,0.38131383061408997,20.136553440010175,1,0.007273934315890074,1,0.00536958035081625,1,0.042100999504327774,0.24441039562225342,0.35887399315834045,0.3190507580751483,0.3813447593935399,0.4238628872775214,0.9883994467925601,0.9416020507661449,0.731156888595913,0.8022437931334286,0.2628857493400574,0.37801212072372437,0.33849703361898487,0.3961766644693474,0.4441331575477917,0.9889229257952357,0.9506027672280801,0.7404680290046144,0.8124106754049794,0.2509534955024719,0.352654367685318,0.30306526038233356,0.37920237310481214,0.4339156229400132,0.9889423139064459,0.9318982407045192,0.7542056690837178,0.8191482748600376
1281,"all_inverse_edges,no_changes,universal_edges",3843,3843,3,0.04587864394610127,0,128,,0.38131383061408997,4.671999101061374,1,0.006566212046891451,1,0.08866272866725922,1,0.04240699112415314,,,,,,,,,,,,,,,,,,,,,,,,,,,
1282,"all_inverse_edges,universal_edges,no_changes",3846,3846,3,0.01627665463214119,0,128,,0.38131383061408997,4.6761625818908215,1,0.0057815006002783775,1,0.005776326637715101,1,0.0372721366584301,,,,,,,,,,,,,,,,,,,,,,,,,,,
1283,"all_inverse_edges,no_changes,universal_edges",3849,3849,3,0.016424376672754686,0,128,,0.38131383061408997,4.673734565963969,1,0.006414657458662987,1,0.00493429834023118,1,0.03792417421936989,,,,,,,,,,,,,,,,,,,,,,,,,,,
1284,"no_changes,universal_edges,all_inverse_edges",3852,3852,3,0.014405217797805866,0,128,,0.38131383061408997,4.661548300180584,1,0.005124593153595924,1,0.004684113431721926,1,0.03340694680809975,,,,,,,,,,,,,,,,,,,,,,,,,,,
1285,"all_inverse_edges,no_changes,universal_edges",3855,3855,3,0.01609412596250574,0,128,,0.38131383061408997,4.685013496782631,1,0.005448395851999521,1,0.004932580515742302,1,0.03790140151977539,,,,,,,,,,,,,,,,,,,,,,,,,,,
1286,"all_inverse_edges,no_changes,universal_edges",3858,3858,3,0.04502461897209287,0,128,,0.38131383061408997,4.668182139052078,1,0.005434343125671148,1,0.08870929479598999,1,0.04093021899461746,,,,,,,,,,,,,,,,,,,,,,,,,,,
1287,"all_inverse_edges,no_changes,universal_edges",3861,3861,3,0.04503224603831768,0,128,,0.38131383061408997,4.680777438916266,1,0.004959824960678816,1,0.004699012730270624,1,0.1254379004240036,,,,,,,,,,,,,,,,,,,,,,,,,,,
1288,"universal_edges,no_changes,all_inverse_edges",3864,3864,3,0.015371206061293682,0,128,,0.38131383061408997,4.68520782305859,1,0.005198225844651461,1,0.005100179463624954,1,0.03581521287560463,,,,,,,,,,,,,,,,,,,,,,,,,,,
1289,"universal_edges,all_inverse_edges,no_changes",3867,3867,3,0.014221539410452047,0,128,,0.38131383061408997,4.676965795923024,1,0.005346363410353661,1,0.0041345832869410515,1,0.03318367153406143,,,,,,,,,,,,,,,,,,,,,,,,,,,
1290,"all_inverse_edges,no_changes,universal_edges",3870,3870,3,0.06980898541708787,1,129,0.376000036795934,0.38131383061408997,20.124545027967542,1,0.004727156832814217,1,0.08399416506290436,1,0.12070563435554504,0.25284543633461,0.3745587170124054,0.33882663150955833,0.3932102834541859,0.43358602504943966,0.9886321041270826,0.9518047842170348,0.7314370468029004,0.8047908869352365,0.2721875011920929,0.3924868702888489,0.3551417270929466,0.4070533948582729,0.45912986156888597,0.989136195018548,0.9577667224353594,0.7420303230059327,0.8154345115695811,0.25658342242240906,0.36095452308654785,0.3127883981542518,0.38348714568226766,0.44133157547791696,0.9892719117970195,0.9455397567786152,0.7538892551087673,0.8224657414720555
1291,"all_inverse_edges,no_changes,universal_edges",3873,3873,3,0.01617866614833474,0,129,,0.38131383061408997,4.67831967305392,1,0.0049527171067893505,1,0.004300437867641449,1,0.039282843470573425,,,,,,,,,,,,,,,,,,,,,,,,,,,
1292,"no_changes,all_inverse_edges,universal_edges",3876,3876,3,0.0151351533519725,0,129,,0.38131383061408997,4.673423614120111,1,0.004933581221848726,1,0.0043594809249043465,1,0.03611239790916443,,,,,,,,,,,,,,,,,,,,,,,,,,,
1293,"universal_edges,no_changes,all_inverse_edges",3879,3879,3,0.013774157967418432,0,129,,0.38131383061408997,4.682957750046626,1,0.005091259256005287,1,0.0046373517252504826,1,0.03159386292099953,,,,,,,,,,,,,,,,,,,,,,,,,,,
1294,"no_changes,all_inverse_edges,universal_edges",3882,3882,3,0.019183350261300802,0,129,,0.38131383061408997,4.688252294901758,1,0.004200051072984934,1,0.004225647076964378,1,0.049124352633953094,,,,,,,,,,,,,,,,,,,,,,,,,,,
1295,"no_changes,all_inverse_edges,universal_edges",3885,3885,3,0.0508182126407822,0,129,,0.38131383061408997,4.671518730930984,1,0.004764989949762821,1,0.08189982175827026,1,0.06578982621431351,,,,,,,,,,,,,,,,,,,,,,,,,,,
1296,"all_inverse_edges,universal_edges,no_changes",3888,3888,3,0.02231544132033984,0,129,,0.38131383061408997,4.683831796050072,1,0.005236851051449776,1,0.004363680258393288,1,0.05734579265117645,,,,,,,,,,,,,,,,,,,,,,,,,,,
1297,"all_inverse_edges,universal_edges,no_changes",3891,3891,3,0.04395438932503263,0,129,,0.38131383061408997,4.6871163989417255,1,0.005776862148195505,1,0.08249937742948532,1,0.04358692839741707,,,,,,,,,,,,,,,,,,,,,,,,,,,
1298,"no_changes,universal_edges,all_inverse_edges",3894,3894,3,0.06744425448899467,0,129,,0.38131383061408997,4.677536438917741,1,0.005116573069244623,1,0.08091751486063004,1,0.11629867553710938,,,,,,,,,,,,,,,,,,,,,,,,,,,
1299,"all_inverse_edges,universal_edges,no_changes",3897,3897,3,0.13462414095799127,0,129,,0.38131383061408997,4.679344837088138,1,0.28294238448143005,1,0.08000241219997406,1,0.04092762619256973,,,,,,,,,,,,,,,,,,,,,,,,,,,
1300,"no_changes,universal_edges,all_inverse_edges",3900,3900,3,0.03918035048991442,1,130,0.37478304902712506,0.38131383061408997,20.068614098941907,1,0.0043735746294260025,1,0.004420657642185688,1,0.10874681919813156,0.2528543174266815,0.37325435876846313,0.33717864205669085,0.39205669083717865,0.4322676334871457,0.9888647614616051,0.9456030176526202,0.7420533948582729,0.8125796081290657,0.2709582448005676,0.3907933533191681,0.3525049439683586,0.40589980224126565,0.4553394858272907,0.9895368826502255,0.9550925322824309,0.7549934080421885,0.8258031350164697,0.25768959522247314,0.3603014349937439,0.3122940013183916,0.3857943309162821,0.4446275543836519,0.9895368826502255,0.9361252946567735,0.7687211601845749,0.8317664506809711
1301,"universal_edges,all_inverse_edges,no_changes",3903,3903,3,0.015352738555520773,0,130,,0.38131383061408997,4.6898122790735215,1,0.005916283465921879,1,0.004696718882769346,1,0.035445213317871094,,,,,,,,,,,,,,,,,,,,,,,,,,,
1302,"no_changes,all_inverse_edges,universal_edges",3906,3906,3,0.11009456356987357,0,130,,0.38131383061408997,4.661578311119229,1,0.27879393100738525,1,0.005155347753316164,1,0.046334411948919296,,,,,,,,,,,,,,,,,,,,,,,,,,,
1303,"all_inverse_edges,no_changes,universal_edges",3909,3909,3,0.13300027698278427,0,130,,0.38131383061408997,4.675422145985067,1,0.27867913246154785,1,0.004904553294181824,1,0.11541714519262314,,,,,,,,,,,,,,,,,,,,,,,,,,,
1304,"all_inverse_edges,universal_edges,no_changes",3912,3912,3,0.11726860546817382,0,130,,0.38131383061408997,4.67831895686686,1,0.2745935320854187,1,0.005282985977828503,1,0.07192929834127426,,,,,,,,,,,,,,,,,,,,,,,,,,,
1305,"universal_edges,no_changes,all_inverse_edges",3915,3915,3,0.018964821783204872,0,130,,0.38131383061408997,4.667163230013102,1,0.004718821961432695,1,0.004509816411882639,1,0.047665826976299286,,,,,,,,,,,,,,,,,,,,,,,,,,,
1306,"all_inverse_edges,no_changes,universal_edges",3918,3918,3,0.12130573873097698,0,130,,0.38131383061408997,4.679923070827499,1,0.27575308084487915,1,0.004633046220988035,1,0.08353108912706375,,,,,,,,,,,,,,,,,,,,,,,,,,,
1307,"no_changes,universal_edges,all_inverse_edges",3921,3921,3,0.1360629953754445,0,130,,0.38131383061408997,4.670847101835534,1,0.2716064751148224,1,0.0045317732729017735,1,0.13205073773860931,,,,,,,,,,,,,,,,,,,,,,,,,,,
1308,"universal_edges,all_inverse_edges,no_changes",3924,3924,3,0.15181182775025567,0,130,,0.38131383061408997,4.677984500071034,1,0.27162104845046997,1,0.004602818284183741,1,0.17921161651611328,,,,,,,,,,,,,,,,,,,,,,,,,,,
1309,"universal_edges,all_inverse_edges,no_changes",3927,3927,3,0.07037931168451905,0,130,,0.38131383061408997,4.6740269949659705,1,0.005656547378748655,1,0.08644995838403702,1,0.11903142929077148,,,,,,,,,,,,,,,,,,,,,,,,,,,
1310,"no_changes,all_inverse_edges,universal_edges",3930,3930,3,0.1243492375748853,1,131,0.37439961234728497,0.38131383061408997,20.124940149020404,1,0.27678534388542175,1,0.005766745191067457,1,0.09049562364816666,0.24840790033340454,0.3707854747772217,0.33586025049439683,0.38941990771259066,0.4307844429795649,0.9886514922382929,0.9482473804773934,0.734192485168095,0.8064162914090157,0.2664596736431122,0.39027684926986694,0.3561305207646671,0.40326301911667767,0.45220830586684246,0.9889617020176561,0.9559690399716418,0.7382267633487146,0.8117078734206143,0.25407421588897705,0.36213651299476624,0.32036914963744234,0.3815095583388266,0.4319380355965722,0.9888130598317112,0.9315307155649879,0.7505866842452209,0.8161303065382508
1311,"no_changes,all_inverse_edges,universal_edges",3933,3933,3,0.11927259853109717,0,131,,0.38131383061408997,4.694554585963488,1,0.27176931500434875,1,0.007333595771342516,1,0.07871488481760025,,,,,,,,,,,,,,,,,,,,,,,,,,,
1312,"no_changes,all_inverse_edges,universal_edges",3936,3936,3,0.11644118589659531,0,131,,0.38131383061408997,4.679194999858737,1,0.2706587612628937,1,0.005350599065423012,1,0.07331419736146927,,,,,,,,,,,,,,,,,,,,,,,,,,,
1313,"universal_edges,no_changes,all_inverse_edges",3939,3939,3,0.02412509856124719,0,131,,0.38131383061408997,4.684448963962495,1,0.006540434900671244,1,0.0063606384210288525,1,0.05947422236204147,,,,,,,,,,,,,,,,,,,,,,,,,,,
1314,"no_changes,universal_edges,all_inverse_edges",3942,3942,3,0.053778056831409536,0,131,,0.38131383061408997,4.671339787077159,1,0.0051438710652291775,1,0.014297389425337315,1,0.1418929100036621,,,,,,,,,,,,,,,,,,,,,,,,,,,
1315,"universal_edges,no_changes,all_inverse_edges",3945,3945,3,0.1121027081583937,0,131,,0.38131383061408997,4.708359294105321,1,0.273404061794281,1,0.009270555339753628,1,0.05363350734114647,,,,,,,,,,,,,,,,,,,,,,,,,,,
1316,"all_inverse_edges,no_changes,universal_edges",3948,3948,3,0.05197463339815537,0,131,,0.38131383061408997,4.679991444107145,1,0.006645680405199528,1,0.08957827836275101,1,0.05969994142651558,,,,,,,,,,,,,,,,,,,,,,,,,,,
1317,"no_changes,all_inverse_edges,universal_edges",3951,3951,3,0.07424612855538726,0,131,,0.38131383061408997,4.669690333073959,1,0.005493127275258303,1,0.08735524863004684,1,0.12989000976085663,,,,,,,,,,,,,,,,,,,,,,,,,,,
1318,"no_changes,all_inverse_edges,universal_edges",3954,3954,3,0.10849928762763739,0,131,,0.38131383061408997,4.676477593136951,1,0.27658113837242126,1,0.006299641914665699,1,0.042617082595825195,,,,,,,,,,,,,,,,,,,,,,,,,,,
1319,"no_changes,universal_edges,all_inverse_edges",3957,3957,3,0.01665160432457924,0,131,,0.38131383061408997,4.670639971038327,1,0.006355814170092344,1,0.006759457755833864,1,0.03683954104781151,,,,,,,,,,,,,,,,,,,,,,,,,,,
1320,"all_inverse_edges,universal_edges,no_changes",3960,3960,3,0.043845053451756634,1,132,0.3791109422842662,0.38131383061408997,20.10591084114276,1,0.006647742353379726,1,0.08626014739274979,1,0.038627270609140396,0.25169119238853455,0.37162286043167114,0.33470665787738957,0.3922214897824654,0.42963085036255766,0.9886321041270826,0.9603998578568816,0.7264304548450891,0.8021481304929052,0.2699558138847351,0.395418643951416,0.36239288068556363,0.40754779169413313,0.4540210942649967,0.9888324479429214,0.9682443572715422,0.7276631509558339,0.8049106298216426,0.260150671005249,0.3702913224697113,0.3295978905735003,0.3882663150955834,0.43836519446275546,0.9889617020176561,0.9528282892504198,0.7401647989452868,0.8126695761847155
1321,"all_inverse_edges,no_changes,universal_edges",3963,3963,3,0.13138103112578392,0,132,,0.38131383061408997,4.695865408051759,1,0.27437517046928406,1,0.08176951855421066,1,0.03799840435385704,,,,,,,,,,,,,,,,,,,,,,,,,,,
1322,"no_changes,universal_edges,all_inverse_edges",3966,3966,3,0.01623002268994848,0,132,,0.38131383061408997,4.6817824160680175,1,0.005971159320324659,1,0.007016266696155071,1,0.03570264205336571,,,,,,,,,,,,,,,,,,,,,,,,,,,
1323,"universal_edges,all_inverse_edges,no_changes",3969,3969,3,0.041826482862234116,0,132,,0.38131383061408997,4.665444709127769,1,0.006600864231586456,1,0.0873449295759201,1,0.031533654779195786,,,,,,,,,,,,,,,,,,,,,,,,,,,
1324,"all_inverse_edges,no_changes,universal_edges",3972,3972,3,0.045435912596682705,0,132,,0.38131383061408997,4.685163969872519,1,0.006491600535809994,1,0.08448668569326401,1,0.04532945156097412,,,,,,,,,,,,,,,,,,,,,,,,,,,
1325,"no_changes,universal_edges,all_inverse_edges",3975,3975,3,0.11106802678356568,0,132,,0.38131383061408997,4.676725626923144,1,0.29119256138801575,1,0.008535915054380894,1,0.0334756039083004,,,,,,,,,,,,,,,,,,,,,,,,,,,
1326,"all_inverse_edges,universal_edges,no_changes",3978,3978,3,0.01962829955543081,0,132,,0.38131383061408997,4.673504202160984,1,0.009993603453040123,1,0.007164985407143831,1,0.041726309806108475,,,,,,,,,,,,,,,,,,,,,,,,,,,
1327,"all_inverse_edges,no_changes,universal_edges",3981,3981,3,0.019352990823487442,0,132,,0.38131383061408997,4.687402278883383,1,0.008972961455583572,1,0.007891404442489147,1,0.0411946065723896,,,,,,,,,,,,,,,,,,,,,,,,,,,
1328,"all_inverse_edges,no_changes,universal_edges",3984,3984,3,0.01673055610929926,0,132,,0.38131383061408997,4.6803285491187125,1,0.006830746773630381,1,0.007827560417354107,1,0.0355333611369133,,,,,,,,,,,,,,,,,,,,,,,,,,,
1329,"universal_edges,no_changes,all_inverse_edges",3987,3987,3,0.0421489419726034,0,132,,0.38131383061408997,4.668401094852015,1,0.005730410572141409,1,0.08831031620502472,1,0.032406099140644073,,,,,,,,,,,,,,,,,,,,,,,,,,,
1330,"all_inverse_edges,universal_edges,no_changes",3990,3990,3,0.0164625224036475,1,133,0.3788487712542216,0.38131383061408997,20.106595005840063,1,0.006506253965198994,1,0.00584383262321353,1,0.037037480622529984,0.25169000029563904,0.3745822608470917,0.3383322346736981,0.3917270929466051,0.4347396176664469,0.9889746274251295,0.9511009426696118,0.7416249176005274,0.813523800000556,0.27067047357559204,0.39550700783729553,0.3620632827949901,0.4047462096242584,0.4579762689518787,0.9892395982783357,0.9563670235629914,0.7457976268951878,0.8183520073421202,0.2564133107662201,0.3664570450782776,0.3244891232696111,0.3829927488464074,0.4396835860250494,0.9891749712409684,0.937038953109762,0.7572313777191826,0.8229534543486634
1331,"universal_edges,all_inverse_edges,no_changes",3993,3993,3,0.10550389500955741,0,133,,0.38131383061408997,4.707202028948814,1,0.2797582447528839,1,0.005443623289465904,1,0.0313098169863224,,,,,,,,,,,,,,,,,,,,,,,,,,,
1332,"universal_edges,no_changes,all_inverse_edges",3996,3996,3,0.042796327422062554,0,133,,0.38131383061408997,4.7016940240282565,1,0.0069260671734809875,1,0.005719643086194992,1,0.11574327200651169,,,,,,,,,,,,,,,,,,,,,,,,,,,
1333,"no_changes,universal_edges,all_inverse_edges",3999,3999,3,0.01764993354057272,0,133,,0.38131383061408997,4.678386702900752,1,0.006944016087800264,1,0.006806201301515102,1,0.0391995832324028,,,,,,,,,,,,,,,,,,,,,,,,,,,
1334,"all_inverse_edges,no_changes,universal_edges",4002,4002,3,0.04113289046411713,0,133,,0.38131383061408997,4.691008437890559,1,0.0061333440244197845,1,0.005942849908024073,1,0.11132247745990753,,,,,,,,,,,,,,,,,,,,,,,,,,,
1335,"no_changes,universal_edges,all_inverse_edges",4005,4005,3,0.10978982411324978,0,133,,0.38131383061408997,4.671985544031486,1,0.29219451546669006,1,0.0053905826061964035,1,0.03178437426686287,,,,,,,,,,,,,,,,,,,,,,,,,,,
1336,"no_changes,universal_edges,all_inverse_edges",4008,4008,3,0.014911274425685406,0,133,,0.38131383061408997,4.667453506961465,1,0.007714711595326662,1,0.006631527561694384,1,0.03038758412003517,,,,,,,,,,,,,,,,,,,,,,,,,,,
1337,"universal_edges,no_changes,all_inverse_edges",4011,4011,3,0.013941072393208742,0,133,,0.38131383061408997,4.686436977935955,1,0.008291084319353104,1,0.006355022545903921,1,0.0271771103143692,,,,,,,,,,,,,,,,,,,,,,,,,,,
1338,"all_inverse_edges,universal_edges,no_changes",4014,4014,3,0.01629983043919007,0,133,,0.38131383061408997,4.667333971010521,1,0.007093136198818684,1,0.0061342716217041016,1,0.035672083497047424,,,,,,,,,,,,,,,,,,,,,,,,,,,
1339,"all_inverse_edges,universal_edges,no_changes",4017,4017,3,0.041417761240154505,0,133,,0.38131383061408997,4.672717337030917,1,0.008107532747089863,1,0.0054152668453752995,1,0.11073048412799835,,,,,,,,,,,,,,,,,,,,,,,,,,,
1340,"all_inverse_edges,no_changes,universal_edges",4020,4020,3,0.02018649068971475,1,134,0.37160788973172504,0.38131383061408997,20.15415670000948,1,0.006242917850613594,1,0.005348682403564453,1,0.0489678718149662,0.24681398272514343,0.3680794835090637,0.3333882663150956,0.3848055372445616,0.4278180619644034,0.9885157754598214,0.9515079892745175,0.7283091628213579,0.801940015623456,0.2654927670955658,0.388130247592926,0.35332893869479237,0.39996704021094265,0.4513843111404087,0.9887872090167642,0.960739308039363,0.730547132498352,0.8059494516082153,0.25266414880752563,0.3586139380931854,0.31344759393539884,0.37821357943309164,0.44050758075148316,0.9889293884989724,0.9405346365175336,0.7474159525379038,0.815842851741313
1341,"universal_edges,all_inverse_edges,no_changes",4023,4023,3,0.044368452237298094,0,134,,0.38131383061408997,4.680922616971657,1,0.005913898814469576,1,0.08849220722913742,1,0.03869925066828728,,,,,,,,,,,,,,,,,,,,,,,,,,,
1342,"universal_edges,no_changes,all_inverse_edges",4026,4026,3,0.01997032544265191,0,134,,0.38131383061408997,4.6797597168479115,1,0.005989495664834976,1,0.005288091488182545,1,0.0486333891749382,,,,,,,,,,,,,,,,,,,,,,,,,,,
1343,"universal_edges,all_inverse_edges,no_changes",4029,4029,3,0.11471776803955436,0,134,,0.38131383061408997,4.672972979955375,1,0.28355905413627625,1,0.005124845076352358,1,0.05546940490603447,,,,,,,,,,,,,,,,,,,,,,,,,,,
1344,"no_changes,universal_edges,all_inverse_edges",4032,4032,3,0.04794693769266208,0,134,,0.38131383061408997,4.678858721163124,1,0.005576451309025288,1,0.08340869098901749,1,0.054855670779943466,,,,,,,,,,,,,,,,,,,,,,,,,,,
1345,"no_changes,all_inverse_edges,universal_edges",4035,4035,3,0.018027580032746,0,134,,0.38131383061408997,4.682225282071158,1,0.006506416015326977,1,0.003976077772676945,1,0.04360024631023407,,,,,,,,,,,,,,,,,,,,,,,,,,,
1346,"no_changes,all_inverse_edges,universal_edges",4038,4038,3,0.017558336568375427,0,134,,0.38131383061408997,4.67412692704238,1,0.006311504635959864,1,0.005644662771373987,1,0.040718842297792435,,,,,,,,,,,,,,,,,,,,,,,,,,,
1347,"no_changes,all_inverse_edges,universal_edges",4041,4041,3,0.0445385267958045,0,134,,0.38131383061408997,4.679819249082357,1,0.009933066554367542,1,0.08309666812419891,1,0.040585845708847046,,,,,,,,,,,,,,,,,,,,,,,,,,,
1348,"universal_edges,no_changes,all_inverse_edges",4044,4044,3,0.01669597951695323,0,134,,0.38131383061408997,4.673404814209789,1,0.008976963348686695,1,0.006254693027585745,1,0.03485628217458725,,,,,,,,,,,,,,,,,,,,,,,,,,,
1349,"all_inverse_edges,no_changes,universal_edges",4047,4047,3,0.04930474981665611,0,134,,0.38131383061408997,4.690820010146126,1,0.005665503442287445,1,0.08302725851535797,1,0.05922148749232292,,,,,,,,,,,,,,,,,,,,,,,,,,,
1350,"all_inverse_edges,universal_edges,no_changes",4050,4050,3,0.02674669213593006,1,135,0.37448156873385113,0.38131383061408997,20.13486361806281,1,0.006013101898133755,1,0.006197906099259853,1,0.06802906841039658,0.24949193000793457,0.3702276647090912,0.32976268951878707,0.39106789716545814,0.44034278180619646,0.9887613582018173,0.9532122613445697,0.7342485168094924,0.8075906226535772,0.27137359976768494,0.394864559173584,0.3602504943968359,0.4070533948582729,0.45912986156888597,0.9890327917587602,0.9557477591408939,0.7403625576796309,0.8135188847227657,0.25018617510795593,0.3583524823188782,0.31641397495056034,0.37475280158206986,0.4289716545814107,0.9889552393139194,0.9257629384131745,0.7595418589321028,0.8216966234590255
1351,"no_changes,all_inverse_edges,universal_edges",4053,4053,3,0.03332343169798454,0,135,,0.38131383061408997,4.677804365055636,1,0.005049007944762707,1,0.005581256002187729,1,0.08934003114700317,,,,,,,,,,,,,,,,,,,,,,,,,,,
1352,"no_changes,universal_edges,all_inverse_edges",4056,4056,3,0.024882114802797634,0,135,,0.38131383061408997,4.6744972500018775,1,0.00527029437944293,1,0.004330983851104975,1,0.065045066177845,,,,,,,,,,,,,,,,,,,,,,,,,,,
1353,"universal_edges,no_changes,all_inverse_edges",4059,4059,3,0.021993237547576427,0,135,,0.38131383061408997,4.6868922067806125,1,0.006299903616309166,1,0.004986374638974667,1,0.05469343438744545,,,,,,,,,,,,,,,,,,,,,,,,,,,
1354,"universal_edges,no_changes,all_inverse_edges",4062,4062,3,0.022499402208874624,0,135,,0.38131383061408997,4.673628232907504,1,0.005513263400644064,1,0.005447970703244209,1,0.056536972522735596,,,,,,,,,,,,,,,,,,,,,,,,,,,
1355,"no_changes,all_inverse_edges,universal_edges",4065,4065,3,0.03473215503618121,0,135,,0.38131383061408997,4.690333914943039,1,0.005366637371480465,1,0.005301624070852995,1,0.09352820366621017,,,,,,,,,,,,,,,,,,,,,,,,,,,
1356,"universal_edges,no_changes,all_inverse_edges",4068,4068,3,0.11995034695913394,0,135,,0.38131383061408997,4.680673536844552,1,0.2869698405265808,1,0.0056630754843354225,1,0.0672181248664856,,,,,,,,,,,,,,,,,,,,,,,,,,,
1357,"universal_edges,no_changes,all_inverse_edges",4071,4071,3,0.04884388204663992,0,135,,0.38131383061408997,4.683310353895649,1,0.009654336608946323,1,0.08970372378826141,1,0.04717358574271202,,,,,,,,,,,,,,,,,,,,,,,,,,,
1358,"no_changes,all_inverse_edges,universal_edges",4074,4074,3,0.12641919559488693,0,135,,0.38131383061408997,4.684957766206935,1,0.28121328353881836,1,0.004990910179913044,1,0.09305339306592941,,,,,,,,,,,,,,,,,,,,,,,,,,,
1359,"all_inverse_edges,no_changes,universal_edges",4077,4077,3,0.036567370096842446,0,135,,0.38131383061408997,4.689580378122628,1,0.007074880413711071,1,0.0072740959003567696,1,0.0953531339764595,,,,,,,,,,,,,,,,,,,,,,,,,,,
1360,"all_inverse_edges,universal_edges,no_changes",4080,4080,3,0.0646449658088386,1,136,0.379149208466212,0.38131383061408997,20.16073771007359,1,0.007353635970503092,1,0.084970623254776,1,0.10161063820123672,0.24640919268131256,0.37364599108695984,0.33668424522083057,0.3927158866183256,0.43457481872116016,0.9888259852391846,0.9356917875533721,0.747847725774555,0.8149712163919454,0.2644096910953522,0.3942731022834778,0.36058009228740934,0.40524060646011867,0.456493078444298,0.9894593302053847,0.9501710058346318,0.7560843770599868,0.8254586778110253,0.25365301966667175,0.36952853202819824,0.32926829268292684,0.3857943309162821,0.4406723796967699,0.9892266728708623,0.9206667350533138,0.7724390243902439,0.8300609681370843
1361,"all_inverse_edges,no_changes,universal_edges",4083,4083,3,0.03354610099146763,0,136,,0.38131383061408997,4.796343986177817,1,0.006927376613020897,1,0.006048326380550861,1,0.08766259998083115,,,,,,,,,,,,,,,,,,,,,,,,,,,
1362,"all_inverse_edges,no_changes,universal_edges",4086,4086,3,0.02614554250612855,0,136,,0.38131383061408997,4.6861756099388,1,0.005699697881937027,1,0.00551756052300334,1,0.06721936911344528,,,,,,,,,,,,,,,,,,,,,,,,,,,
1363,"no_changes,universal_edges,all_inverse_edges",4089,4089,3,0.14422015271460017,0,136,,0.38131383061408997,4.679929826874286,1,0.2853025794029236,1,0.0054173595272004604,1,0.14194051921367645,,,,,,,,,,,,,,,,,,,,,,,,,,,
1364,"no_changes,all_inverse_edges,universal_edges",4092,4092,3,0.13788154845436415,0,136,,0.38131383061408997,4.684090679977089,1,0.27670472860336304,1,0.08521050214767456,1,0.051729414612054825,,,,,,,,,,,,,,,,,,,,,,,,,,,
1365,"all_inverse_edges,no_changes,universal_edges",4095,4095,3,0.018460177661230166,0,136,,0.38131383061408997,4.684348538052291,1,0.007887153886258602,1,0.0060974243097007275,1,0.04139595478773117,,,,,,,,,,,,,,,,,,,,,,,,,,,
1366,"universal_edges,no_changes,all_inverse_edges",4098,4098,3,0.04417378812407454,0,136,,0.38131383061408997,4.693353320937604,1,0.005797643214464188,1,0.006594240199774504,1,0.12012948095798492,,,,,,,,,,,,,,,,,,,,,,,,,,,
1367,"universal_edges,all_inverse_edges,no_changes",4101,4101,3,0.014718285761773586,0,136,,0.38131383061408997,4.686458779964596,1,0.006130782887339592,1,0.005084390752017498,1,0.03293968364596367,,,,,,,,,,,,,,,,,,,,,,,,,,,
1368,"no_changes,universal_edges,all_inverse_edges",4104,4104,3,0.1324956032137076,0,136,,0.38131383061408997,4.675521129975095,1,0.2759084403514862,1,0.08126663416624069,1,0.04031173512339592,,,,,,,,,,,,,,,,,,,,,,,,,,,
1369,"no_changes,all_inverse_edges,universal_edges",4107,4107,3,0.017043631989508867,0,136,,0.38131383061408997,4.69368562893942,1,0.006163219455629587,1,0.004946607165038586,1,0.04002106934785843,,,,,,,,,,,,,,,,,,,,,,,,,,,
1370,"all_inverse_edges,no_changes,universal_edges",4110,4110,3,0.13092899198333421,1,137,0.3762533863385518,0.38131383061408997,20.193346550920978,1,0.2753669023513794,1,0.07886312901973724,1,0.03855694457888603,0.2482004463672638,0.3691721558570862,0.3300922874093606,0.3892551087673039,0.43836519446275546,0.988573939793452,0.9509904395069462,0.7302768622280817,0.8035805486453311,0.26703792810440063,0.3940894901752472,0.3597560975609756,0.40359261700725113,0.45715227422544497,0.9890004782400765,0.9599134537463044,0.7369545154911008,0.8114820359199568,0.25323960185050964,0.36549851298332214,0.32580751483190507,0.3800263678312459,0.43243243243243246,0.9889875528326031,0.9392735561388339,0.7500296638101516,0.8176844134511163
1371,"all_inverse_edges,universal_edges,no_changes",4113,4113,3,0.10218496418868502,0,137,,0.38131383061408997,4.698706468101591,1,0.26906776428222656,1,0.004315996076911688,1,0.03317113220691681,,,,,,,,,,,,,,,,,,,,,,,,,,,
1372,"all_inverse_edges,universal_edges,no_changes",4116,4116,3,0.014081382503112158,0,137,,0.38131383061408997,4.679812147980556,1,0.0060409135185182095,1,0.004691089037805796,1,0.031512144953012466,,,,,,,,,,,,,,,,,,,,,,,,,,,
1373,"universal_edges,no_changes,all_inverse_edges",4119,4119,3,0.1260620504617691,0,137,,0.38131383061408997,4.68725007516332,1,0.2699969410896301,1,0.07895482331514359,1,0.0292343869805336,,,,,,,,,,,,,,,,,,,,,,,,,,,
1374,"universal_edges,all_inverse_edges,no_changes",4122,4122,3,0.01390354506050547,0,137,,0.38131383061408997,4.676948795095086,1,0.005299778189510107,1,0.004829693585634232,1,0.03158116340637207,,,,,,,,,,,,,,,,,,,,,,,,,,,
1375,"universal_edges,no_changes,all_inverse_edges",4125,4125,3,0.013735569703082243,0,137,,0.38131383061408997,4.669907123083249,1,0.005308676511049271,1,0.004690461792051792,1,0.031207570806145668,,,,,,,,,,,,,,,,,,,,,,,,,,,
1376,"no_changes,all_inverse_edges,universal_edges",4128,4128,3,0.016585041613628466,0,137,,0.38131383061408997,4.671669494127855,1,0.004404671024531126,1,0.004395465366542339,1,0.040954988449811935,,,,,,,,,,,,,,,,,,,,,,,,,,,
1377,"universal_edges,all_inverse_edges,no_changes",4131,4131,3,0.014636481646448374,0,137,,0.38131383061408997,4.6809389849659055,1,0.005481280852109194,1,0.004749770276248455,1,0.03367839381098747,,,,,,,,,,,,,,,,,,,,,,,,,,,
1378,"no_changes,universal_edges,all_inverse_edges",4134,4134,3,0.1327114263549447,0,137,,0.38131383061408997,4.67881381791085,1,0.2759537696838379,1,0.004843193106353283,1,0.11733731627464294,,,,,,,,,,,,,,,,,,,,,,,,,,,
1379,"no_changes,universal_edges,all_inverse_edges",4137,4137,3,0.01703820750117302,0,137,,0.38131383061408997,4.678679910954088,1,0.0056274570524692535,1,0.005658484995365143,1,0.03982868045568466,,,,,,,,,,,,,,,,,,,,,,,,,,,
1380,"all_inverse_edges,no_changes,universal_edges",4140,4140,3,0.04190092099209627,1,138,0.3742141127586365,0.38131383061408997,20.171536125941202,1,0.00651213526725769,1,0.006296465173363686,1,0.11289416253566742,0.2507023811340332,0.372819721698761,0.3365194462755438,0.3907382992748846,0.4378707976268952,0.9886579549420296,0.9637255426948007,0.7253131179960448,0.8018189090563169,0.26804688572883606,0.3927314579486847,0.35761371127224784,0.4040870138431114,0.456493078444298,0.9888453733503949,0.9707362200103469,0.7267007251153592,0.8045364519025573,0.2508760690689087,0.35709115862846375,0.31690837178642056,0.3724456163480554,0.4289716545814107,0.9888453733503949,0.9525505090058715,0.7370369149637442,0.80988620630508
1381,"all_inverse_edges,no_changes,universal_edges",4143,4143,3,0.015873196069151163,0,138,,0.38131383061408997,4.683863000944257,1,0.007030666805803776,1,0.005695747677236795,1,0.03489317372441292,,,,,,,,,,,,,,,,,,,,,,,,,,,
1382,"universal_edges,all_inverse_edges,no_changes",4146,4146,3,0.014433235550920168,0,138,,0.38131383061408997,4.676887444918975,1,0.006806201301515102,1,0.005880243144929409,1,0.030613262206315994,,,,,,,,,,,,,,,,,,,,,,,,,,,
1383,"universal_edges,no_changes,all_inverse_edges",4149,4149,3,0.03958757547661662,0,138,,0.38131383061408997,4.667109332047403,1,0.005359068978577852,1,0.08296513557434082,1,0.03043852187693119,,,,,,,,,,,,,,,,,,,,,,,,,,,
1384,"universal_edges,all_inverse_edges,no_changes",4152,4152,3,0.01385440087566773,0,138,,0.38131383061408997,4.6838966361247,1,0.004967784509062767,1,0.005027743987739086,1,0.03156767413020134,,,,,,,,,,,,,,,,,,,,,,,,,,,
1385,"all_inverse_edges,no_changes,universal_edges",4155,4155,3,0.01733534038066864,0,138,,0.38131383061408997,4.668412550119683,1,0.00530904671177268,1,0.004514815751463175,1,0.042182158678770065,,,,,,,,,,,,,,,,,,,,,,,,,,,
1386,"universal_edges,all_inverse_edges,no_changes",4158,4158,3,0.01394605233023564,0,138,,0.38131383061408997,4.681596472160891,1,0.00556491082534194,1,0.004419294651597738,1,0.03185395151376724,,,,,,,,,,,,,,,,,,,,,,,,,,,
1387,"universal_edges,all_inverse_edges,no_changes",4161,4161,3,0.01596083988746007,0,138,,0.38131383061408997,4.671606376999989,1,0.005200487095862627,1,0.003913819324225187,1,0.038768213242292404,,,,,,,,,,,,,,,,,,,,,,,,,,,
1388,"all_inverse_edges,no_changes,universal_edges",4164,4164,3,0.04305362173666557,0,138,,0.38131383061408997,4.677510959096253,1,0.005076417699456215,1,0.0042230309918522835,1,0.1198614165186882,,,,,,,,,,,,,,,,,,,,,,,,,,,
1389,"no_changes,all_inverse_edges,universal_edges",4167,4167,3,0.12930672569200397,0,138,,0.38131383061408997,4.675199632998556,1,0.27496758103370667,1,0.004216453526169062,1,0.10873614251613617,,,,,,,,,,,,,,,,,,,,,,,,,,,
1390,"universal_edges,no_changes,all_inverse_edges",4170,4170,3,0.04360506512845556,1,139,0.37651270627975464,0.38131383061408997,20.177738005062565,1,0.00609212601557374,1,0.080770343542099,1,0.04395272582769394,0.24687460064888,0.3706988990306854,0.3343770599868161,0.3897495056031641,0.43441001977587346,0.9888582987578683,0.960177066579734,0.7328444297956493,0.8078888275570961,0.2646811008453369,0.3910185694694519,0.3551417270929466,0.4050758075148319,0.45781147000659195,0.9890457171662337,0.965712968023057,0.7348780487804878,0.8109158909848212,0.25785505771636963,0.3678206503391266,0.3256427158866183,0.3862887277521424,0.44232036914963746,0.9890586425737071,0.9482784141550631,0.7458668424522082,0.8164624358921287
1391,"no_changes,all_inverse_edges,universal_edges",4173,4173,3,0.14071245739857355,0,139,,0.38131383061408997,4.68424804485403,1,0.27370980381965637,1,0.0811895877122879,1,0.0672379806637764,,,,,,,,,,,,,,,,,,,,,,,,,,,
1392,"universal_edges,no_changes,all_inverse_edges",4176,4176,3,0.03978515990699331,0,139,,0.38131383061408997,4.67829475319013,1,0.006175747606903315,1,0.07923713326454163,1,0.03394259884953499,,,,,,,,,,,,,,,,,,,,,,,,,,,
1393,"no_changes,universal_edges,all_inverse_edges",4179,4179,3,0.05377372292180856,0,139,,0.38131383061408997,4.686931985896081,1,0.005965342279523611,1,0.003961444366723299,1,0.15139438211917877,,,,,,,,,,,,,,,,,,,,,,,,,,,
1394,"universal_edges,no_changes,all_inverse_edges",4182,4182,3,0.036343447864055634,0,139,,0.38131383061408997,4.673719985876232,1,0.007428360637277365,1,0.004640134517103434,1,0.0969618484377861,,,,,,,,,,,,,,,,,,,,,,,,,,,
1395,"all_inverse_edges,no_changes,universal_edges",4185,4185,3,0.1865033513555924,0,139,,0.38131383061408997,4.68092546495609,1,0.2851557433605194,1,0.004892291501164436,1,0.2694620192050934,,,,,,,,,,,,,,,,,,,,,,,,,,,
1396,"all_inverse_edges,universal_edges,no_changes",4188,4188,3,0.3213424688826005,0,139,,0.38131383061408997,4.6854250899050385,1,0.2968011200428009,1,0.009616823866963387,1,0.6576094627380371,,,,,,,,,,,,,,,,,,,,,,,,,,,
1397,"universal_edges,all_inverse_edges,no_changes",4191,4191,3,0.29876558886220056,0,139,,0.38131383061408997,4.664033178938553,1,0.013101744465529919,1,0.009832361713051796,1,0.87336266040802,,,,,,,,,,,,,,,,,,,,,,,,,,,
1398,"universal_edges,no_changes,all_inverse_edges",4194,4194,3,0.174071221301953,0,139,,0.38131383061408997,4.682061650091782,1,0.02547312155365944,1,0.031809352338314056,1,0.4649311900138855,,,,,,,,,,,,,,,,,,,,,,,,,,,
1399,"all_inverse_edges,no_changes,universal_edges",4197,4197,3,0.15997173637151718,0,139,,0.38131383061408997,4.677468548063189,1,0.06879869848489761,1,0.14411136507987976,1,0.26700514554977417,,,,,,,,,,,,,,,,,,,,,,,,,,,
1400,"all_inverse_edges,no_changes,universal_edges",4200,4200,3,0.14299815396467844,1,140,0.3288529614607493,0.38131383061408997,20.176127415150404,1,0.03485238552093506,1,0.18875300884246826,1,0.20538906753063202,0.23557357490062714,0.34498274326324463,0.3032300593276203,0.3676664469347396,0.41727092946605143,0.9871844584900539,0.8917545287613649,0.732636783124588,0.7910826879685936,0.2521936297416687,0.37506112456321716,0.3429466051417271,0.38810151615029664,0.43160843770599866,0.9877079374927294,0.9137281769699797,0.7303197099538563,0.7948829102176367,0.2073798030614853,0.26651501655578613,0.21852340145023072,0.29680290046143704,0.3488793671720501,0.980663590419688,0.7484597717228056,0.7344792353328939,0.7412546002768077
1401,"all_inverse_edges,no_changes,universal_edges",4203,4203,3,0.09028140952189763,0,140,,0.38131383061408997,4.683304558973759,1,0.023786328732967377,1,0.13361899554729462,1,0.11343890428543091,,,,,,,,,,,,,,,,,,,,,,,,,,,
1402,"universal_edges,all_inverse_edges,no_changes",4206,4206,3,0.22998976769546667,0,140,,0.38131383061408997,4.673851993167773,1,0.31547442078590393,1,0.017313243821263313,1,0.3571816384792328,,,,,,,,,,,,,,,,,,,,,,,,,,,
1403,"all_inverse_edges,universal_edges,no_changes",4209,4209,3,0.044390313948194184,0,140,,0.38131383061408997,4.679400102002546,1,0.014538152143359184,1,0.014305640012025833,1,0.10432714968919754,,,,,,,,,,,,,,,,,,,,,,,,,,,
1404,"no_changes,universal_edges,all_inverse_edges",4212,4212,3,0.04041603393852711,0,140,,0.38131383061408997,4.67760331206955,1,0.012737499549984932,1,0.015786807984113693,1,0.0927237942814827,,,,,,,,,,,,,,,,,,,,,,,,,,,
1405,"no_changes,universal_edges,all_inverse_edges",4215,4215,3,0.13247635308653116,0,140,,0.38131383061408997,4.6730761509388685,1,0.30552375316619873,1,0.015248986892402172,1,0.07665631920099258,,,,,,,,,,,,,,,,,,,,,,,,,,,
1406,"all_inverse_edges,universal_edges,no_changes",4218,4218,3,0.031497676856815815,0,140,,0.38131383061408997,4.671024477807805,1,0.013997544534504414,1,0.015199678018689156,1,0.06529580801725388,,,,,,,,,,,,,,,,,,,,,,,,,,,
1407,"universal_edges,all_inverse_edges,no_changes",4221,4221,3,0.11980277082572381,0,140,,0.38131383061408997,4.680618718964979,1,0.293239027261734,1,0.010352523066103458,1,0.055816762149333954,,,,,,,,,,,,,,,,,,,,,,,,,,,
1408,"no_changes,all_inverse_edges,universal_edges",4224,4224,3,0.027902820458014805,0,140,,0.38131383061408997,4.677296228008345,1,0.01050063781440258,1,0.016267387196421623,1,0.056940436363220215,,,,,,,,,,,,,,,,,,,,,,,,,,,
1409,"all_inverse_edges,universal_edges,no_changes",4227,4227,3,0.023583293271561463,0,140,,0.38131383061408997,4.66900694090873,1,0.009318205527961254,1,0.009497387334704399,1,0.05193428695201874,,,,,,,,,,,,,,,,,,,,,,,,,,,
1410,"universal_edges,all_inverse_edges,no_changes",4230,4230,3,0.028967302292585373,1,141,0.3575011193752289,0.38131383061408997,20.161364618921652,1,0.00884445384144783,1,0.028952516615390778,1,0.04910493642091751,0.24634557962417603,0.35719841718673706,0.31443638760711934,0.38167435728411336,0.4268292682926829,0.9884059094962969,0.9329136367159065,0.7372972972972973,0.8054721586111975,0.2619582414627075,0.37444236874580383,0.3338826631509558,0.39337508239947266,0.44133157547791696,0.9889293884989724,0.9405346365175336,0.7474159525379038,0.815842851741313,0.24557603895664215,0.34086257219314575,0.2870797626895188,0.36750164798945284,0.43358602504943966,0.9888195225354479,0.9241143030028276,0.7567270929466051,0.8190301737131944
1411,"all_inverse_edges,no_changes,universal_edges",4233,4233,3,0.12069060808668534,0,141,,0.38131383061408997,4.69100929191336,1,0.29702460765838623,1,0.013641380704939365,1,0.05140583589673042,,,,,,,,,,,,,,,,,,,,,,,,,,,
1412,"universal_edges,no_changes,all_inverse_edges",4236,4236,3,0.02059505693614483,0,141,,0.38131383061408997,4.679954436141998,1,0.00892968662083149,1,0.00944441556930542,1,0.04341106861829758,,,,,,,,,,,,,,,,,,,,,,,,,,,
1413,"all_inverse_edges,no_changes,universal_edges",4239,4239,3,0.0593856256455183,0,141,,0.38131383061408997,4.688689767150208,1,0.007927143946290016,1,0.10239998996257782,1,0.06782974302768707,,,,,,,,,,,,,,,,,,,,,,,,,,,
1414,"universal_edges,all_inverse_edges,no_changes",4242,4242,3,0.021936421903471153,0,141,,0.38131383061408997,4.679499237798154,1,0.00785280391573906,1,0.008567002601921558,1,0.04938945919275284,,,,,,,,,,,,,,,,,,,,,,,,,,,
1415,"all_inverse_edges,no_changes,universal_edges",4245,4245,3,0.05454029639561971,0,141,,0.38131383061408997,4.694586683996022,1,0.007229761220514774,1,0.005648731254041195,1,0.15074239671230316,,,,,,,,,,,,,,,,,,,,,,,,,,,
1416,"all_inverse_edges,no_changes,universal_edges",4248,4248,3,0.06705715507268906,0,141,,0.38131383061408997,4.676190088968724,1,0.007519640028476715,1,0.006911292672157288,1,0.18674053251743317,,,,,,,,,,,,,,,,,,,,,,,,,,,
1417,"universal_edges,all_inverse_edges,no_changes",4251,4251,3,0.06931849615648389,0,141,,0.38131383061408997,4.68077430408448,1,0.007365850266069174,1,0.0096384696662426,1,0.1909511685371399,,,,,,,,,,,,,,,,,,,,,,,,,,,
1418,"no_changes,all_inverse_edges,universal_edges",4254,4254,3,0.06252838267634313,0,141,,0.38131383061408997,4.67562142200768,1,0.00800048653036356,1,0.007792169228196144,1,0.17179249227046967,,,,,,,,,,,,,,,,,,,,,,,,,,,
1419,"all_inverse_edges,no_changes,universal_edges",4257,4257,3,0.09230470362429817,0,141,,0.38131383061408997,4.658415211131796,1,0.006828239653259516,1,0.11144505441188812,1,0.1586408168077469,,,,,,,,,,,,,,,,,,,,,,,,,,,
1420,"universal_edges,all_inverse_edges,no_changes",4260,4260,3,0.034107915591448545,1,142,0.3532480498154958,0.38131383061408997,20.129564354894683,1,0.0069815353490412235,1,0.007995225489139557,1,0.08734698593616486,0.24401408433914185,0.3582663834095001,0.31394199077125906,0.38348714568226766,0.4339156229400132,0.9889358512027092,0.928594728746134,0.7566249176005273,0.82018426235076,0.2606980502605438,0.3792135715484619,0.33882663150955833,0.39551746868820037,0.45187870797626895,0.9894981064278051,0.9381721428641767,0.7659558338826631,0.8301859509617846,0.22981341183185577,0.3222641944885254,0.2595583388266315,0.3612392880685564,0.4255108767303889,0.9887161192756602,0.8978100765366442,0.7791232696110746,0.8276167271882242
1421,"all_inverse_edges,universal_edges,no_changes",4263,4263,3,0.02469623399277528,0,142,,0.38131383061408997,4.688353705918416,1,0.007431051693856716,1,0.008098430000245571,1,0.058559220284223557,,,,,,,,,,,,,,,,,,,,,,,,,,,
1422,"universal_edges,all_inverse_edges,no_changes",4266,4266,3,0.021128766238689423,0,142,,0.38131383061408997,4.673970821080729,1,0.007233468350023031,1,0.006662415806204081,1,0.049490414559841156,,,,,,,,,,,,,,,,,,,,,,,,,,,
1423,"universal_edges,all_inverse_edges,no_changes",4269,4269,3,0.049790289563437305,0,142,,0.38131383061408997,4.66956580709666,1,0.006031186319887638,1,0.004991490393877029,1,0.13834819197654724,,,,,,,,,,,,,,,,,,,,,,,,,,,
1424,"all_inverse_edges,no_changes,universal_edges",4272,4272,3,0.021055056247860193,0,142,,0.38131383061408997,4.672893825918436,1,0.006414801813662052,1,0.005780267063528299,1,0.05097009986639023,,,,,,,,,,,,,,,,,,,,,,,,,,,
1425,"universal_edges,no_changes,all_inverse_edges",4275,4275,3,0.04589565781255563,0,142,,0.38131383061408997,4.671873889164999,1,0.00590285612270236,1,0.004930681083351374,1,0.12685343623161316,,,,,,,,,,,,,,,,,,,,,,,,,,,
1426,"all_inverse_edges,no_changes,universal_edges",4278,4278,3,0.01802132356291016,0,142,,0.38131383061408997,4.68349377787672,1,0.005648716352880001,1,0.004953294526785612,1,0.043461959809064865,,,,,,,,,,,,,,,,,,,,,,,,,,,
1427,"all_inverse_edges,universal_edges,no_changes",4281,4281,3,0.016039539594203234,0,142,,0.38131383061408997,4.675643319031224,1,0.0064280652441084385,1,0.00427944865077734,1,0.03741110488772392,,,,,,,,,,,,,,,,,,,,,,,,,,,
1428,"no_changes,all_inverse_edges,universal_edges",4284,4284,3,0.10891126794740558,0,142,,0.38131383061408997,4.67145473905839,1,0.28397172689437866,1,0.004830254707485437,1,0.03793182224035263,,,,,,,,,,,,,,,,,,,,,,,,,,,
1429,"no_changes,all_inverse_edges,universal_edges",4287,4287,3,0.015799630898982286,0,142,,0.38131383061408997,4.680318410042673,1,0.006480788812041283,1,0.005168523173779249,1,0.03574958071112633,,,,,,,,,,,,,,,,,,,,,,,,,,,
1430,"no_changes,universal_edges,all_inverse_edges",4290,4290,3,0.10618660987044375,1,143,0.37172312537829083,0.38131383061408997,20.180457584094256,1,0.28012222051620483,1,0.005137887317687273,1,0.03329972177743912,0.24847693741321564,0.3684632480144501,0.32778510217534607,0.3899143045484509,0.43852999340804216,0.9887484327943439,0.9505309394155965,0.735533948582729,0.8081109599921643,0.26806238293647766,0.3888358771800995,0.3518457481872116,0.4027686222808174,0.4563282794990112,0.9890198663512867,0.9588991888917842,0.7380949241924851,0.8122582452735043,0.2535765469074249,0.3578702509403229,0.30949241924851684,0.3823335530652604,0.44232036914963746,0.9889746274251295,0.9396506592162631,0.7493770599868161,0.8172429764298621
1431,"universal_edges,all_inverse_edges,no_changes",4293,4293,3,0.10447510782008369,0,143,,0.38131383061408997,4.705978085985407,1,0.27670133113861084,1,0.004373973701149225,1,0.03235001862049103,,,,,,,,,,,,,,,,,,,,,,,,,,,
1432,"all_inverse_edges,universal_edges,no_changes",4296,4296,3,0.13178615272045135,0,143,,0.38131383061408997,4.717694450868294,1,0.2736332416534424,1,0.08756382763385773,1,0.034161388874053955,,,,,,,,,,,,,,,,,,,,,,,,,,,
1433,"all_inverse_edges,universal_edges,no_changes",4299,4299,3,0.015530748448024193,0,143,,0.38131383061408997,4.683939704904333,1,0.0065361568704247475,1,0.0069287619553506374,1,0.033127326518297195,,,,,,,,,,,,,,,,,,,,,,,,,,,
1434,"no_changes,universal_edges,all_inverse_edges",4302,4302,3,0.01485479266072313,0,143,,0.38131383061408997,4.687980814836919,1,0.006422942969948053,1,0.005216134712100029,1,0.03292530030012131,,,,,,,,,,,,,,,,,,,,,,,,,,,
1435,"no_changes,universal_edges,all_inverse_edges",4305,4305,3,0.014042499785621962,0,143,,0.38131383061408997,4.674514037091285,1,0.0058672488667070866,1,0.004342805128544569,1,0.03191744536161423,,,,,,,,,,,,,,,,,,,,,,,,,,,
1436,"no_changes,all_inverse_edges,universal_edges",4308,4308,3,0.014860211250682672,0,143,,0.38131383061408997,4.691659263102338,1,0.006469829007983208,1,0.004499358125030994,1,0.033611446619033813,,,,,,,,,,,,,,,,,,,,,,,,,,,
1437,"no_changes,universal_edges,all_inverse_edges",4311,4311,3,0.04043854990353187,0,143,,0.38131383061408997,4.671131977811456,1,0.004734012298285961,1,0.08480025082826614,1,0.0317813865840435,,,,,,,,,,,,,,,,,,,,,,,,,,,
1438,"universal_edges,all_inverse_edges,no_changes",4314,4314,3,0.04407663426051537,0,143,,0.38131383061408997,4.671573244966567,1,0.005553185008466244,1,0.004868248477578163,1,0.12180846929550171,,,,,,,,,,,,,,,,,,,,,,,,,,,
1439,"all_inverse_edges,universal_edges,no_changes",4317,4317,3,0.04113074174771706,0,143,,0.38131383061408997,4.671441588085145,1,0.005090082995593548,1,0.005599526688456535,1,0.1127026155591011,,,,,,,,,,,,,,,,,,,,,,,,,,,
1440,"universal_edges,no_changes,all_inverse_edges",4320,4320,3,0.13029979588463902,1,144,0.37496809164683026,0.38131383061408997,20.188807720085606,1,0.2773644030094147,1,0.005627033766359091,1,0.10790795087814331,0.24953921139240265,0.369558185338974,0.3274555042847726,0.39040870138431116,0.4401779828609097,0.9887290446831336,0.9506960878956741,0.7348780487804878,0.8075745283347149,0.26885730028152466,0.3930133879184723,0.3558009228740936,0.4047462096242584,0.4596242584047462,0.989233135574599,0.9584254180941639,0.744340804218853,0.8175865879848929,0.2553207278251648,0.36233270168304443,0.31443638760711934,0.3838167435728411,0.4485827290705339,0.9893430015381235,0.9429527641531843,0.7578015820698748,0.8249846088555557
1441,"universal_edges,all_inverse_edges,no_changes",4323,4323,3,0.013762076385319233,0,144,,0.38131383061408997,4.689186771167442,1,0.005643651820719242,1,0.004881720989942551,1,0.030760856345295906,,,,,,,,,,,,,,,,,,,,,,,,,,,
1442,"universal_edges,no_changes,all_inverse_edges",4326,4326,3,0.039354000240564346,0,144,,0.38131383061408997,4.67697142297402,1,0.005694170482456684,1,0.00474474485963583,1,0.10762308537960052,,,,,,,,,,,,,,,,,,,,,,,,,,,
1443,"no_changes,all_inverse_edges,universal_edges",4329,4329,3,0.04040641632551948,0,144,,0.38131383061408997,4.684234412852675,1,0.005778492894023657,1,0.08121730387210846,1,0.03422345221042633,,,,,,,,,,,,,,,,,,,,,,,,,,,
1444,"universal_edges,no_changes,all_inverse_edges",4332,4332,3,0.03950103217115005,0,144,,0.38131383061408997,4.673667832976207,1,0.006158226169645786,1,0.08137533068656921,1,0.030969539657235146,,,,,,,,,,,,,,,,,,,,,,,,,,,
1445,"no_changes,universal_edges,all_inverse_edges",4335,4335,3,0.016893531506260235,0,144,,0.38131383061408997,4.687563935993239,1,0.005681395996361971,1,0.004828454460948706,1,0.04017074406147003,,,,,,,,,,,,,,,,,,,,,,,,,,,
1446,"universal_edges,no_changes,all_inverse_edges",4338,4338,3,0.016305931533376377,0,144,,0.38131383061408997,4.676185020944104,1,0.006303016562014818,1,0.004715280141681433,1,0.03789949789643288,,,,,,,,,,,,,,,,,,,,,,,,,,,
1447,"all_inverse_edges,no_changes,universal_edges",4341,4341,3,0.15596274038155875,0,144,,0.38131383061408997,4.688854949781671,1,0.2714160978794098,1,0.07964382320642471,1,0.1168283000588417,,,,,,,,,,,,,,,,,,,,,,,,,,,
1448,"all_inverse_edges,universal_edges,no_changes",4344,4344,3,0.10775647250314553,0,144,,0.38131383061408997,4.668602644000202,1,0.2744767963886261,1,0.004783237352967262,1,0.044009383767843246,,,,,,,,,,,,,,,,,,,,,,,,,,,
1449,"all_inverse_edges,universal_edges,no_changes",4347,4347,3,0.04107948113232851,0,144,,0.38131383061408997,4.676048698136583,1,0.005879546515643597,1,0.07851282507181168,1,0.03884607180953026,,,,,,,,,,,,,,,,,,,,,,,,,,,
1450,"no_changes,universal_edges,all_inverse_edges",4350,4350,3,0.016207519453018904,1,145,0.376039057970047,0.38131383061408997,20.17716612503864,1,0.0057383086532354355,1,0.005261462647467852,1,0.037622787058353424,0.2508864104747772,0.3711884617805481,0.3309162821357943,0.39156229400131837,0.4388595912986157,0.9888776868690785,0.9501322362621216,0.7394759393539881,0.8114443748837867,0.2716427445411682,0.39453333616256714,0.3562953197099539,0.4077125906394199,0.4629202373104812,0.9893171507231765,0.9564337940317911,0.7479367172050099,0.8201939014726323,0.25828972458839417,0.36239537596702576,0.3132827949901121,0.3862887277521424,0.44627554383651946,0.9894334793904378,0.943191498975394,0.7602702702702703,0.8270397169221946
1451,"universal_edges,all_inverse_edges,no_changes",4353,4353,3,0.014922883827239275,0,145,,0.38131383061408997,4.684535485925153,1,0.005733820144087076,1,0.006074476055800915,1,0.032960355281829834,,,,,,,,,,,,,,,,,,,,,,,,,,,
1452,"all_inverse_edges,universal_edges,no_changes",4356,4356,3,0.016655141798158486,0,145,,0.38131383061408997,4.679224114865065,1,0.006090238690376282,1,0.005195080302655697,1,0.03868010640144348,,,,,,,,,,,,,,,,,,,,,,,,,,,
1453,"all_inverse_edges,universal_edges,no_changes",4359,4359,3,0.01605214023341735,0,145,,0.38131383061408997,4.670718984911218,1,0.006132274400442839,1,0.004958085250109434,1,0.03706606104969978,,,,,,,,,,,,,,,,,,,,,,,,,,,
1454,"all_inverse_edges,no_changes,universal_edges",4362,4362,3,0.01680815250923236,0,145,,0.38131383061408997,4.679627198027447,1,0.006253994535654783,1,0.0043992227874696255,1,0.03977124020457268,,,,,,,,,,,,,,,,,,,,,,,,,,,
1455,"all_inverse_edges,no_changes,universal_edges",4365,4365,3,0.01601390928650896,0,145,,0.38131383061408997,4.676521796034649,1,0.005121787078678608,1,0.004468660335987806,1,0.03845128044486046,,,,,,,,,,,,,,,,,,,,,,,,,,,
1456,"all_inverse_edges,no_changes,universal_edges",4368,4368,3,0.01477900551011165,0,145,,0.38131383061408997,4.669260375900194,1,0.004970894195139408,1,0.003922369331121445,1,0.0354437530040741,,,,,,,,,,,,,,,,,,,,,,,,,,,
1457,"no_changes,all_inverse_edges,universal_edges",4371,4371,3,0.04102339680927495,0,145,,0.38131383061408997,4.683039286872372,1,0.0049910712987184525,1,0.0036936409305781126,1,0.11438547819852829,,,,,,,,,,,,,,,,,,,,,,,,,,,
1458,"universal_edges,no_changes,all_inverse_edges",4374,4374,3,0.013463351720323166,0,145,,0.38131383061408997,4.669542277930304,1,0.005574475973844528,1,0.00452045863494277,1,0.030295120552182198,,,,,,,,,,,,,,,,,,,,,,,,,,,
1459,"universal_edges,no_changes,all_inverse_edges",4377,4377,3,0.03822536099081238,0,145,,0.38131383061408997,4.680920718004927,1,0.005898818373680115,1,0.004539186600595713,1,0.10423807799816132,,,,,,,,,,,,,,,,,,,,,,,,,,,
1460,"no_changes,universal_edges,all_inverse_edges",4380,4380,3,0.014157312146077553,1,146,0.37684449553489685,0.38131383061408997,20.202721836045384,1,0.004980861209332943,1,0.004207457881420851,1,0.03328361734747887,0.24913665652275085,0.37070319056510925,0.3315754779169413,0.39238628872775216,0.43704680290046144,0.9885287008672948,0.9559673151853628,0.7260547132498352,0.8008703156573683,0.270068883895874,0.3948215842247009,0.35761371127224784,0.40688859591298615,0.46077785102175345,0.9888324479429214,0.9652542511125322,0.729278180619644,0.8057622665369473,0.2590097486972809,0.36500871181488037,0.3162491760052736,0.3869479235332894,0.4484179301252472,0.9889617020176561,0.9480466861961308,0.743233355306526,0.8141720345219268
1461,"no_changes,all_inverse_edges,universal_edges",4383,4383,3,0.014997757971286774,0,146,,0.38131383061408997,4.675481244921684,1,0.004929551389068365,1,0.003861891571432352,1,0.036201830953359604,,,,,,,,,,,,,,,,,,,,,,,,,,,
1462,"all_inverse_edges,no_changes,universal_edges",4386,4386,3,0.06428557743007939,0,146,,0.38131383061408997,4.682769000995904,1,0.005383830051869154,1,0.08489078283309937,1,0.10258211940526962,,,,,,,,,,,,,,,,,,,,,,,,,,,
1463,"universal_edges,no_changes,all_inverse_edges",4389,4389,3,0.03756986744701862,0,146,,0.38131383061408997,4.681654935935512,1,0.006384391337633133,1,0.008037688210606575,1,0.09828752279281616,,,,,,,,,,,,,,,,,,,,,,,,,,,
1464,"no_changes,all_inverse_edges,universal_edges",4392,4392,3,0.12641143069292107,0,146,,0.38131383061408997,4.679735173005611,1,0.27354979515075684,1,0.006517917383462191,1,0.09916657954454422,,,,,,,,,,,,,,,,,,,,,,,,,,,
1465,"no_changes,universal_edges,all_inverse_edges",4395,4395,3,0.01423548829431335,0,146,,0.38131383061408997,4.674306116066873,1,0.005920778959989548,1,0.00509116193279624,1,0.031694523990154266,,,,,,,,,,,,,,,,,,,,,,,,,,,
1466,"universal_edges,no_changes,all_inverse_edges",4398,4398,3,0.03828028030693531,0,146,,0.38131383061408997,4.690041700843722,1,0.005979258567094803,1,0.08104953914880753,1,0.027812043204903603,,,,,,,,,,,,,,,,,,,,,,,,,,,
1467,"no_changes,all_inverse_edges,universal_edges",4401,4401,3,0.050584780207524695,0,146,,0.38131383061408997,4.687040829099715,1,0.005484832916408777,1,0.07898741215467453,1,0.06728209555149078,,,,,,,,,,,,,,,,,,,,,,,,,,,
1468,"universal_edges,all_inverse_edges,no_changes",4404,4404,3,0.017142729368060827,0,146,,0.38131383061408997,4.681314138928428,1,0.006705326959490776,1,0.006021557841449976,1,0.03870130330324173,,,,,,,,,,,,,,,,,,,,,,,,,,,
1469,"all_inverse_edges,no_changes,universal_edges",4407,4407,3,0.1021251001705726,0,146,,0.38131383061408997,4.675212214002386,1,0.0059564970433712006,1,0.007255354896187782,1,0.2931634485721588,,,,,,,,,,,,,,,,,,,,,,,,,,,
1470,"all_inverse_edges,universal_edges,no_changes",4410,4410,3,0.15043118549510837,1,147,0.36393942435582477,0.38131383061408997,20.184931155992672,1,0.28026944398880005,1,0.00738367298617959,1,0.16364043951034546,0.24747207760810852,0.3703829050064087,0.3295978905735003,0.3912326961107449,0.4408371786420567,0.9889810901288663,0.9359396815626929,0.75228740936058,0.8186680703740885,0.266275018453598,0.3932171165943146,0.35646011865524063,0.4057350032959789,0.458470665787739,0.9894851810203317,0.9445587995879186,0.7607811470006592,0.8278154069746099,0.23402009904384613,0.3282182514667511,0.275708635464733,0.3518457481872116,0.41677653263019115,0.9890069409438133,0.9125578318352989,0.773134475939354,0.828087227734813
1471,"no_changes,all_inverse_edges,universal_edges",4413,4413,3,0.039675704669207335,0,147,,0.38131383061408997,4.677334397798404,1,0.0066172596998512745,1,0.010411815717816353,1,0.10199803858995438,,,,,,,,,,,,,,,,,,,,,,,,,,,
1472,"universal_edges,no_changes,all_inverse_edges",4416,4416,3,0.040836735938986145,0,147,,0.38131383061408997,4.679907969897613,1,0.03664996847510338,1,0.01448720134794712,1,0.07137303799390793,,,,,,,,,,,,,,,,,,,,,,,,,,,
1473,"universal_edges,no_changes,all_inverse_edges",4419,4419,3,0.031584143017729126,0,147,,0.38131383061408997,4.680172062944621,1,0.006624843925237656,1,0.015605302527546883,1,0.07252228260040283,,,,,,,,,,,,,,,,,,,,,,,,,,,
1474,"all_inverse_edges,no_changes,universal_edges",4422,4422,3,0.02997072273865342,0,147,,0.38131383061408997,4.687046488048509,1,0.0064050378277897835,1,0.004508326295763254,1,0.07899880409240723,,,,,,,,,,,,,,,,,,,,,,,,,,,
1475,"universal_edges,all_inverse_edges,no_changes",4425,4425,3,0.02424582466483116,0,147,,0.38131383061408997,4.689581820042804,1,0.01253493782132864,1,0.008209933526813984,1,0.05199260264635086,,,,,,,,,,,,,,,,,,,,,,,,,,,
1476,"universal_edges,all_inverse_edges,no_changes",4428,4428,3,0.02137247162560622,0,147,,0.38131383061408997,4.681222702842206,1,0.00884472019970417,1,0.0068270377814769745,1,0.04844565689563751,,,,,,,,,,,,,,,,,,,,,,,,,,,
1477,"all_inverse_edges,universal_edges,no_changes",4431,4431,3,0.025928392075002193,0,147,,0.38131383061408997,4.697019034996629,1,0.006807870697230101,1,0.006194060202687979,1,0.0647832453250885,,,,,,,,,,,,,,,,,,,,,,,,,,,
1478,"no_changes,universal_edges,all_inverse_edges",4434,4434,3,0.021890629082918167,0,147,,0.38131383061408997,4.67490821192041,1,0.007462951820343733,1,0.005053692031651735,1,0.05315524339675903,,,,,,,,,,,,,,,,,,,,,,,,,,,
1479,"universal_edges,no_changes,all_inverse_edges",4437,4437,3,0.14094160528232655,0,147,,0.38131383061408997,4.678203416988254,1,0.2803400456905365,1,0.005741731263697147,1,0.13674303889274597,,,,,,,,,,,,,,,,,,,,,,,,,,,
1480,"no_changes,all_inverse_edges,universal_edges",4440,4440,3,0.04778613522648811,1,148,0.3736497064431508,0.38131383061408997,20.165641895029694,1,0.007140605244785547,1,0.00565355783328414,1,0.13056424260139465,0.24853262305259705,0.3692218065261841,0.3300922874093606,0.3902439024390244,0.43539881344759396,0.988793671720501,0.9472037791839454,0.7389485827290705,0.8103023248158486,0.2616857886314392,0.38899126648902893,0.35431773236651287,0.4007910349373764,0.4530323005932762,0.9890844933886541,0.9575529888622868,0.7407119314436388,0.8142395632139546,0.2533094882965088,0.3627360463142395,0.3197099538562953,0.3820039551746869,0.43852999340804216,0.9889487766101827,0.9280764279544629,0.7574390243902439,0.8206862422081251
1481,"all_inverse_edges,no_changes,universal_edges",4443,4443,3,0.14231489847103754,0,148,,0.38131383061408997,4.685202488908544,1,0.2805662751197815,1,0.08844216167926788,1,0.05793625861406326,,,,,,,,,,,,,,,,,,,,,,,,,,,
1482,"universal_edges,all_inverse_edges,no_changes",4446,4446,3,0.043689093397309385,0,148,,0.38131383061408997,4.684330824995413,1,0.009208775125443935,1,0.006981467362493277,1,0.11487703770399094,,,,,,,,,,,,,,,,,,,,,,,,,,,
1483,"universal_edges,all_inverse_edges,no_changes",4449,4449,3,0.01633212622255087,0,148,,0.38131383061408997,4.671657510101795,1,0.006584492977708578,1,0.006102676969021559,1,0.03630920872092247,,,,,,,,,,,,,,,,,,,,,,,,,,,
1484,"all_inverse_edges,no_changes,universal_edges",4452,4452,3,0.022164166284104187,0,148,,0.38131383061408997,4.6772669951897115,1,0.006764248479157686,1,0.005096238572150469,1,0.05463201180100441,,,,,,,,,,,,,,,,,,,,,,,,,,,
1485,"no_changes,all_inverse_edges,universal_edges",4455,4455,3,0.04393942126383384,0,148,,0.38131383061408997,4.6807968721259385,1,0.006113155744969845,1,0.08407218009233475,1,0.04163292795419693,,,,,,,,,,,,,,,,,,,,,,,,,,,
1486,"all_inverse_edges,universal_edges,no_changes",4458,4458,3,0.11094291818638642,0,148,,0.38131383061408997,4.672615016112104,1,0.27947500348091125,1,0.0047995056957006454,1,0.04855424538254738,,,,,,,,,,,,,,,,,,,,,,,,,,,
1487,"universal_edges,no_changes,all_inverse_edges",4461,4461,3,0.019075447383026283,0,148,,0.38131383061408997,4.664025370031595,1,0.00785456970334053,1,0.005332679487764835,1,0.04403909295797348,,,,,,,,,,,,,,,,,,,,,,,,,,,
1488,"all_inverse_edges,universal_edges,no_changes",4464,4464,3,0.01870649044091503,0,148,,0.38131383061408997,4.684015953913331,1,0.006680142600089312,1,0.005041147582232952,1,0.04439818114042282,,,,,,,,,,,,,,,,,,,,,,,,,,,
1489,"no_changes,universal_edges,all_inverse_edges",4467,4467,3,0.016372096880028646,0,148,,0.38131383061408997,4.676787786185741,1,0.006463655736297369,1,0.005449386313557625,1,0.03720324859023094,,,,,,,,,,,,,,,,,,,,,,,,,,,
1490,"all_inverse_edges,universal_edges,no_changes",4470,4470,3,0.016262201281885307,1,149,0.37281355261802673,0.38131383061408997,20.17345199920237,1,0.007463983725756407,1,0.004465614911168814,1,0.0368570052087307,0.24864958226680756,0.3649887144565582,0.32350032959789055,0.3882663150955834,0.43539881344759396,0.9888065971279745,0.9526313830445061,0.7358866183256427,0.808898556809476,0.2668285071849823,0.3913253843784332,0.35464733025708634,0.4040870138431114,0.4559986816084377,0.9890780306849174,0.9591344405043267,0.739578114700066,0.8136124712529995,0.25524574518203735,0.36212655901908875,0.3147659854976928,0.3838167435728411,0.4416611733684904,0.9892137474633887,0.9466482857230005,0.7514370468029005,0.820722577940547
1491,"all_inverse_edges,no_changes,universal_edges",4473,4473,3,0.017316935273508232,0,149,,0.38131383061408997,4.683116157073528,1,0.006172739900648594,1,0.00427304208278656,1,0.04150502383708954,,,,,,,,,,,,,,,,,,,,,,,,,,,
1492,"all_inverse_edges,universal_edges,no_changes",4476,4476,3,0.013805468721936146,0,149,,0.38131383061408997,4.677130276104435,1,0.005668268073350191,1,0.004743649624288082,1,0.031004488468170166,,,,,,,,,,,,,,,,,,,,,,,,,,,
1493,"no_changes,all_inverse_edges,universal_edges",4479,4479,3,0.015426517619440952,0,149,,0.38131383061408997,4.673597214045003,1,0.005265949293971062,1,0.004448009189218283,1,0.036565594375133514,,,,,,,,,,,,,,,,,,,,,,,,,,,
1494,"no_changes,universal_edges,all_inverse_edges",4482,4482,3,0.04691087345903119,0,149,,0.38131383061408997,4.6825767329428345,1,0.005239237565547228,1,0.10273134708404541,1,0.032762035727500916,,,,,,,,,,,,,,,,,,,,,,,,,,,
1495,"no_changes,universal_edges,all_inverse_edges",4485,4485,3,0.022720213203380506,0,149,,0.38131383061408997,4.668718880042434,1,0.006272015627473593,1,0.024643361568450928,1,0.037245262414216995,,,,,,,,,,,,,,,,,,,,,,,,,,,
1496,"all_inverse_edges,no_changes,universal_edges",4488,4488,3,0.05035863801216086,0,149,,0.38131383061408997,4.6822333910968155,1,0.007701590191572905,1,0.10789736360311508,1,0.035476960241794586,,,,,,,,,,,,,,,,,,,,,,,,,,,
1497,"all_inverse_edges,universal_edges,no_changes",4491,4491,3,0.0420195289577047,0,149,,0.38131383061408997,4.6813140120357275,1,0.005917810834944248,1,0.08845869451761246,1,0.031682081520557404,,,,,,,,,,,,,,,,,,,,,,,,,,,
1498,"universal_edges,all_inverse_edges,no_changes",4494,4494,3,0.01411926777412494,0,149,,0.38131383061408997,4.6807068339549005,1,0.006150402594357729,1,0.006894726771861315,1,0.029312673956155777,,,,,,,,,,,,,,,,,,,,,,,,,,,
1499,"no_changes,all_inverse_edges,universal_edges",4497,4497,3,0.04842070396989584,0,149,,0.38131383061408997,4.688677894882858,1,0.005621970631182194,1,0.0938873291015625,1,0.045752812176942825,,,,,,,,,,,,,,,,,,,,,,,,,,,
1500,"universal_edges,all_inverse_edges,no_changes",4500,4500,3,0.018595401508112747,1,150,0.3713983396689097,0.38131383061408997,20.194111691089347,1,0.008038834668695927,1,0.016234852373600006,1,0.03151251748204231,0.24710531532764435,0.3661705553531647,0.32630191166776534,0.3857943309162821,0.43638760711931446,0.9888712241653418,0.942533983484797,0.7443177323665129,0.8137493061032807,0.26576879620552063,0.38907867670059204,0.35398813447593935,0.40194462755438365,0.45187870797626895,0.9892008220559153,0.9480055157740401,0.7501384311140409,0.819982832888031,0.2551971673965454,0.3589457869529724,0.3132827949901121,0.3775543836519446,0.4377059986816084,0.9890974187961276,0.9322061237451015,0.758645352669743,0.8227740107002675
1501,"universal_edges,no_changes,all_inverse_edges",4503,4503,3,0.12004144427676995,0,150,,0.38131383061408997,4.669188409112394,1,0.28308749198913574,1,0.027838649228215218,1,0.04919819161295891,,,,,,,,,,,,,,,,,,,,,,,,,,,
1502,"universal_edges,no_changes,all_inverse_edges",4506,4506,3,0.0227582606797417,0,150,,0.38131383061408997,4.6812100280076265,1,0.008381476625800133,1,0.008309430442750454,1,0.051583874970674515,,,,,,,,,,,,,,,,,,,,,,,,,,,
1503,"universal_edges,no_changes,all_inverse_edges",4509,4509,3,0.017529470690836508,0,150,,0.38131383061408997,4.680222532944754,1,0.006808154284954071,1,0.006402847822755575,1,0.03937740996479988,,,,,,,,,,,,,,,,,,,,,,,,,,,
1504,"no_changes,universal_edges,all_inverse_edges",4512,4512,3,0.07203794224187732,0,150,,0.38131383061408997,4.6814929489046335,1,0.005862584803253412,1,0.08816448599100113,1,0.12208675593137741,,,,,,,,,,,,,,,,,,,,,,,,,,,
1505,"no_changes,all_inverse_edges,universal_edges",4515,4515,3,0.018488178340097267,0,150,,0.38131383061408997,4.684670627117157,1,0.006617891602218151,1,0.005549296736717224,1,0.04329734668135643,,,,,,,,,,,,,,,,,,,,,,,,,,,
1506,"no_changes,universal_edges,all_inverse_edges",4518,4518,3,0.106837909668684,0,150,,0.38131383061408997,4.676448298152536,1,0.2790472209453583,1,0.007908880710601807,1,0.033557627350091934,,,,,,,,,,,,,,,,,,,,,,,,,,,
1507,"universal_edges,no_changes,all_inverse_edges",4521,4521,3,0.014912683827181658,0,150,,0.38131383061408997,4.682948153000325,1,0.007013445720076561,1,0.006873256526887417,1,0.030851349234580994,,,,,,,,,,,,,,,,,,,,,,,,,,,
1508,"universal_edges,no_changes,all_inverse_edges",4524,4524,3,0.016687844569484394,0,150,,0.38131383061408997,4.69719827407971,1,0.00642294529825449,1,0.006467425264418125,1,0.03717316314578056,,,,,,,,,,,,,,,,,,,,,,,,,,,
1509,"universal_edges,all_inverse_edges,no_changes",4527,4527,3,0.01574312538529436,0,150,,0.38131383061408997,4.673125801142305,1,0.005392675753682852,1,0.005138522945344448,1,0.036698177456855774,,,,,,,,,,,,,,,,,,,,,,,,,,,
1510,"all_inverse_edges,universal_edges,no_changes",4530,4530,3,0.04221008469661077,1,151,0.3743852774302165,0.38131383061408997,20.220851290039718,1,0.006150760222226381,1,0.0051099578849971294,1,0.1153695359826088,0.24456176161766052,0.3675977289676666,0.32778510217534607,0.38941990771259066,0.43358602504943966,0.9887419700906072,0.9602728677609632,0.7295550428477258,0.8049547838504668,0.26298075914382935,0.38995957374572754,0.3553065260382334,0.39996704021094265,0.4517139090309822,0.9891297323148113,0.9662887604704367,0.7368589321028345,0.8128119664050519,0.25362440943717957,0.36559852957725525,0.32053394858272904,0.38513513513513514,0.4414963744232037,0.9892266728708623,0.9500536518487623,0.7495056031641397,0.8199624222958495
